-2.50000000e-05 -2.50000000e-05 2.99999532e+08 9.10209570e+02 1.24963377e+03
-2.44949495e-05 -2.50000000e-05 2.99999513e+08 9.78691028e+02 1.26908763e+03
-2.39898990e-05 -2.50000000e-05 2.99999494e+08 1.04981180e+03 1.28663733e+03
-2.34848485e-05 -2.50000000e-05 2.99999475e+08 1.12353535e+03 1.30198339e+03
-2.29797980e-05 -2.50000000e-05 2.99999455e+08 1.19979663e+03 1.31479643e+03
-2.24747475e-05 -2.50000000e-05 2.99999435e+08 1.27849637e+03 1.32471579e+03
-2.19696970e-05 -2.50000000e-05 2.99999416e+08 1.35949464e+03 1.33134856e+03
-2.14646465e-05 -2.50000000e-05 2.99999396e+08 1.44260360e+03 1.33426929e+03
-2.09595960e-05 -2.50000000e-05 2.99999377e+08 1.52757951e+03 1.33302045e+03
-2.04545455e-05 -2.50000000e-05 2.99999359e+08 1.61411391e+03 1.32711402e+03
-1.99494949e-05 -2.50000000e-05 2.99999342e+08 1.70182433e+03 1.31603447e+03
-1.94444444e-05 -2.50000000e-05 2.99999327e+08 1.79024441e+03 1.29924336e+03
-1.89393939e-05 -2.50000000e-05 2.99999313e+08 1.87881390e+03 1.27618600e+03
-1.84343434e-05 -2.50000000e-05 2.99999302e+08 1.96686884e+03 1.24630042e+03
-1.79292929e-05 -2.50000000e-05 2.99999293e+08 2.05363239e+03 1.20902917e+03
-1.74242424e-05 -2.50000000e-05 2.99999287e+08 2.13820689e+03 1.16383398e+03
-1.69191919e-05 -2.50000000e-05 2.99999284e+08 2.21956805e+03 1.11021387e+03
-1.64141414e-05 -2.50000000e-05 2.99999286e+08 2.29656196e+03 1.04772650e+03
-1.59090909e-05 -2.50000000e-05 2.99999291e+08 2.36790623e+03 9.76013044e+02
-1.54040404e-05 -2.50000000e-05 2.99999300e+08 2.43219614e+03 8.94826176e+02
-1.48989899e-05 -2.50000000e-05 2.99999314e+08 2.48791728e+03 8.04060684e+02
-1.43939394e-05 -2.50000000e-05 2.99999333e+08 2.53346571e+03 7.03785888e+02
-1.38888889e-05 -2.50000000e-05 2.99999355e+08 2.56717686e+03 5.94278572e+02
-1.33838384e-05 -2.50000000e-05 2.99999382e+08 2.58736398e+03 4.76054750e+02
-1.28787879e-05 -2.50000000e-05 2.99999413e+08 2.59236670e+03 3.49898132e+02
-1.23737374e-05 -2.50000000e-05 2.99999447e+08 2.58060951e+03 2.16882766e+02
-1.18686869e-05 -2.50000000e-05 2.99999483e+08 2.55066936e+03 7.83870231e+01
-1.13636364e-05 -2.50000000e-05 2.99999520e+08 2.50135062e+03 -6.39040392e+01
-1.08585859e-05 -2.50000000e-05 2.99999557e+08 2.43176451e+03 -2.08010778e+02
-1.03535354e-05 -2.50000000e-05 2.99999594e+08 2.34140915e+03 -3.51687972e+02
-9.84848485e-06 -2.50000000e-05 2.99999627e+08 2.23024524e+03 -4.92472377e+02
-9.34343434e-06 -2.50000000e-05 2.99999656e+08 2.09876171e+03 -6.27749352e+02
-8.83838384e-06 -2.50000000e-05 2.99999680e+08 1.94802514e+03 -7.54837554e+02
-8.33333333e-06 -2.50000000e-05 2.99999696e+08 1.77970686e+03 -8.71089009e+02
-7.82828283e-06 -2.50000000e-05 2.99999703e+08 1.59608261e+03 -9.74000039e+02
-7.32323232e-06 -2.50000000e-05 2.99999701e+08 1.40000056e+03 -1.06132686e+03
-6.81818182e-06 -2.50000000e-05 2.99999688e+08 1.19481630e+03 -1.13119833e+03
-6.31313131e-06 -2.50000000e-05 2.99999664e+08 9.84295215e+02 -1.18221773e+03
-5.80808081e-06 -2.50000000e-05 2.99999629e+08 7.72486252e+02 -1.21354531e+03
-5.30303030e-06 -2.50000000e-05 2.99999584e+08 5.63573242e+02 -1.22495461e+03
-4.79797980e-06 -2.50000000e-05 2.99999530e+08 3.61712739e+02 -1.21685703e+03
-4.29292929e-06 -2.50000000e-05 2.99999468e+08 1.70868692e+02 -1.19029188e+03
-3.78787879e-06 -2.50000000e-05 2.99999400e+08 -5.34503055e+00 -1.14688192e+03
-3.28282828e-06 -2.50000000e-05 2.99999327e+08 -1.63803758e+02 -1.08875729e+03
-2.77777778e-06 -2.50000000e-05 2.99999253e+08 -3.01983860e+02 -1.01845357e+03
-2.27272727e-06 -2.50000000e-05 2.99999180e+08 -4.18040792e+02 -9.38791530e+02
-1.76767677e-06 -2.50000000e-05 2.99999109e+08 -5.10849817e+02 -8.52747508e+02
-1.26262626e-06 -2.50000000e-05 2.99999043e+08 -5.80009016e+02 -7.63323503e+02
-7.57575758e-07 -2.50000000e-05 2.99998984e+08 -6.25807165e+02 -6.73425332e+02
-2.52525253e-07 -2.50000000e-05 2.99998934e+08 -6.49161501e+02 -5.85755964e+02
2.52525253e-07 -2.50000000e-05 2.99998893e+08 -6.51532112e+02 -5.02729083e+02
7.57575758e-07 -2.50000000e-05 2.99998863e+08 -6.34820616e+02 -4.26405876e+02
1.26262626e-06 -2.50000000e-05 2.99998845e+08 -6.01260897e+02 -3.58455881e+02
1.76767677e-06 -2.50000000e-05 2.99998838e+08 -5.53309105e+02 -3.00140883e+02
2.27272727e-06 -2.50000000e-05 2.99998842e+08 -4.93539061e+02 -2.52319359e+02
2.77777778e-06 -2.50000000e-05 2.99998856e+08 -4.24547799e+02 -2.15467984e+02
3.28282828e-06 -2.50000000e-05 2.99998881e+08 -3.48874501e+02 -1.89716140e+02
3.78787879e-06 -2.50000000e-05 2.99998915e+08 -2.68934607e+02 -1.74889307e+02
4.29292929e-06 -2.50000000e-05 2.99998956e+08 -1.86969573e+02 -1.70557404e+02
4.79797980e-06 -2.50000000e-05 2.99999005e+08 -1.05011716e+02 -1.76084660e+02
5.30303030e-06 -2.50000000e-05 2.99999058e+08 -2.48627850e+01 -1.90678224e+02
5.80808081e-06 -2.50000000e-05 2.99999117e+08 5.19155864e+01 -2.13433369e+02
6.31313131e-06 -2.50000000e-05 2.99999178e+08 1.24001695e+02 -2.43373881e+02
6.81818182e-06 -2.50000000e-05 2.99999241e+08 1.90306010e+02 -2.79486779e+02
7.32323232e-06 -2.50000000e-05 2.99999306e+08 2.49957937e+02 -3.20751082e+02
7.82828283e-06 -2.50000000e-05 2.99999371e+08 3.02288975e+02 -3.66160697e+02
8.33333333e-06 -2.50000000e-05 2.99999435e+08 3.46813882e+02 -4.14741859e+02
8.83838384e-06 -2.50000000e-05 2.99999499e+08 3.83211135e+02 -4.65565716e+02
9.34343434e-06 -2.50000000e-05 2.99999561e+08 4.11303703e+02 -5.17756783e+02
9.84848485e-06 -2.50000000e-05 2.99999621e+08 4.31040849e+02 -5.70498022e+02
1.03535354e-05 -2.50000000e-05 2.99999678e+08 4.42481418e+02 -6.23033305e+02
1.08585859e-05 -2.50000000e-05 2.99999734e+08 4.45778878e+02 -6.74667945e+02
1.13636364e-05 -2.50000000e-05 2.99999787e+08 4.41168177e+02 -7.24767916e+02
1.18686869e-05 -2.50000000e-05 2.99999837e+08 4.28954379e+02 -7.72758282e+02
1.23737374e-05 -2.50000000e-05 2.99999886e+08 4.09502914e+02 -8.18121251e+02
1.28787879e-05 -2.50000000e-05 2.99999932e+08 3.83231226e+02 -8.60394180e+02
1.33838384e-05 -2.50000000e-05 2.99999976e+08 3.50601572e+02 -8.99167739e+02
1.38888889e-05 -2.50000000e-05 3.00000018e+08 3.12114715e+02 -9.34084399e+02
1.43939394e-05 -2.50000000e-05 3.00000058e+08 2.68304225e+02 -9.64837276e+02
1.48989899e-05 -2.50000000e-05 3.00000097e+08 2.19731188e+02 -9.91169350e+02
1.54040404e-05 -2.50000000e-05 3.00000135e+08 1.66979096e+02 -1.01287300e+03
1.59090909e-05 -2.50000000e-05 3.00000172e+08 1.10648751e+02 -1.02978974e+03
1.64141414e-05 -2.50000000e-05 3.00000207e+08 5.13530909e+01 -1.04181014e+03
1.69191919e-05 -2.50000000e-05 3.00000242e+08 -1.02881631e+01 -1.04887361e+03
1.74242424e-05 -2.50000000e-05 3.00000276e+08 -7.36540519e+01 -1.05096811e+03
1.79292929e-05 -2.50000000e-05 3.00000310e+08 -1.38128098e+02 -1.04812957e+03
1.84343434e-05 -2.50000000e-05 3.00000343e+08 -2.03104154e+02 -1.04044086e+03
1.89393939e-05 -2.50000000e-05 3.00000375e+08 -2.67992287e+02 -1.02803037e+03
1.94444444e-05 -2.50000000e-05 3.00000407e+08 -3.32224597e+02 -1.01106992e+03
1.99494949e-05 -2.50000000e-05 3.00000439e+08 -3.95260842e+02 -9.89772157e+02
2.04545455e-05 -2.50000000e-05 3.00000470e+08 -4.56593744e+02 -9.64387373e+02
2.09595960e-05 -2.50000000e-05 3.00000500e+08 -5.15753829e+02 -9.35199686e+02
2.14646465e-05 -2.50000000e-05 3.00000529e+08 -5.72313703e+02 -9.02522768e+02
2.19696970e-05 -2.50000000e-05 3.00000558e+08 -6.25891642e+02 -8.66695109e+02
2.24747475e-05 -2.50000000e-05 3.00000585e+08 -6.76154407e+02 -8.28074953e+02
2.29797980e-05 -2.50000000e-05 3.00000612e+08 -7.22819238e+02 -7.87035011e+02
2.34848485e-05 -2.50000000e-05 3.00000636e+08 -7.65654978e+02 -7.43957072e+02
2.39898990e-05 -2.50000000e-05 3.00000660e+08 -8.04482326e+02 -6.99226630e+02
2.44949495e-05 -2.50000000e-05 3.00000682e+08 -8.39173241e+02 -6.53227669e+02
2.50000000e-05 -2.50000000e-05 3.00000702e+08 -8.69649541e+02 -6.06337696e+02
-2.50000000e-05 -2.44949495e-05 2.99999528e+08 8.88278935e+02 1.28396606e+03
-2.44949495e-05 -2.44949495e-05 2.99999507e+08 9.58439429e+02 1.30676496e+03
-2.39898990e-05 -2.44949495e-05 2.99999486e+08 1.03152600e+03 1.32783352e+03
-2.34848485e-05 -2.44949495e-05 2.99999464e+08 1.10753294e+03 1.34686783e+03
-2.29797980e-05 -2.44949495e-05 2.99999442e+08 1.18642795e+03 1.36353030e+03
-2.24747475e-05 -2.44949495e-05 2.99999419e+08 1.26814616e+03 1.37744740e+03
-2.19696970e-05 -2.44949495e-05 2.99999396e+08 1.35258316e+03 1.38820778e+03
-2.14646465e-05 -2.44949495e-05 2.99999373e+08 1.43958712e+03 1.39536098e+03
-2.09595960e-05 -2.44949495e-05 2.99999350e+08 1.52894978e+03 1.39841680e+03
-2.04545455e-05 -2.44949495e-05 2.99999328e+08 1.62039653e+03 1.39684585e+03
-1.99494949e-05 -2.44949495e-05 2.99999307e+08 1.71357549e+03 1.39008138e+03
-1.94444444e-05 -2.44949495e-05 2.99999288e+08 1.80804575e+03 1.37752287e+03
-1.89393939e-05 -2.44949495e-05 2.99999270e+08 1.90326513e+03 1.35854181e+03
-1.84343434e-05 -2.44949495e-05 2.99999254e+08 1.99857760e+03 1.33249012e+03
-1.79292929e-05 -2.44949495e-05 2.99999240e+08 2.09320104e+03 1.29871155e+03
-1.74242424e-05 -2.44949495e-05 2.99999230e+08 2.18621586e+03 1.25655670e+03
-1.69191919e-05 -2.44949495e-05 2.99999223e+08 2.27655545e+03 1.20540192e+03
-1.64141414e-05 -2.44949495e-05 2.99999221e+08 2.36299929e+03 1.14467253e+03
-1.59090909e-05 -2.44949495e-05 2.99999222e+08 2.44417028e+03 1.07387034e+03
-1.54040404e-05 -2.44949495e-05 2.99999228e+08 2.51853731e+03 9.92605535e+02
-1.48989899e-05 -2.44949495e-05 2.99999240e+08 2.58442500e+03 9.00632543e+02
-1.43939394e-05 -2.44949495e-05 2.99999256e+08 2.64003201e+03 7.97888922e+02
-1.38888889e-05 -2.44949495e-05 2.99999277e+08 2.68345957e+03 6.84536150e+02
-1.33838384e-05 -2.44949495e-05 2.99999304e+08 2.71275168e+03 5.61000372e+02
-1.28787879e-05 -2.44949495e-05 2.99999335e+08 2.72594785e+03 4.28010660e+02
-1.23737374e-05 -2.44949495e-05 2.99999370e+08 2.72114889e+03 2.86631758e+02
-1.18686869e-05 -2.44949495e-05 2.99999408e+08 2.69659503e+03 1.38287754e+02
-1.13636364e-05 -2.44949495e-05 2.99999448e+08 2.65075488e+03 -1.52271678e+01
-1.08585859e-05 -2.44949495e-05 2.99999489e+08 2.58242211e+03 -1.71754796e+02
-1.03535354e-05 -2.44949495e-05 2.99999530e+08 2.49081527e+03 -3.28799318e+02
-9.84848485e-06 -2.44949495e-05 2.99999568e+08 2.37567493e+03 -4.83576794e+02
-9.34343434e-06 -2.44949495e-05 2.99999602e+08 2.23735088e+03 -6.33089023e+02
-8.83838384e-06 -2.44949495e-05 2.99999629e+08 2.07687132e+03 -7.74221276e+02
-8.33333333e-06 -2.44949495e-05 2.99999650e+08 1.89598601e+03 -9.03861102e+02
-7.82828283e-06 -2.44949495e-05 2.99999660e+08 1.69717595e+03 -1.01903298e+03
-7.32323232e-06 -2.44949495e-05 2.99999661e+08 1.48362377e+03 -1.11704119e+03
-6.81818182e-06 -2.44949495e-05 2.99999649e+08 1.25914188e+03 -1.19561135e+03
-6.31313131e-06 -2.44949495e-05 2.99999625e+08 1.02805856e+03 -1.25301995e+03
-5.80808081e-06 -2.44949495e-05 2.99999589e+08 7.95066313e+02 -1.28820098e+03
-5.30303030e-06 -2.44949495e-05 2.99999542e+08 5.65040297e+02 -1.30082000e+03
-4.79797980e-06 -2.44949495e-05 2.99999484e+08 3.42838260e+02 -1.29130833e+03
-4.29292929e-06 -2.44949495e-05 2.99999417e+08 1.33095526e+02 -1.26085308e+03
-3.78787879e-06 -2.44949495e-05 2.99999343e+08 -5.99704770e+01 -1.21134309e+03
-3.28282828e-06 -2.44949495e-05 2.99999265e+08 -2.32732293e+02 -1.14527457e+03
-2.77777778e-06 -2.44949495e-05 2.99999185e+08 -3.82289389e+02 -1.06562375e+03
-2.27272727e-06 -2.44949495e-05 2.99999106e+08 -5.06561594e+02 -9.75697084e+02
-1.76767677e-06 -2.44949495e-05 2.99999031e+08 -6.04334702e+02 -8.78970340e+02
-1.26262626e-06 -2.44949495e-05 2.99998962e+08 -6.75258186e+02 -7.78928788e+02
-7.57575758e-07 -2.44949495e-05 2.99998901e+08 -7.19798914e+02 -6.78919199e+02
-2.52525253e-07 -2.44949495e-05 2.99998850e+08 -7.39157930e+02 -5.82022539e+02
2.52525253e-07 -2.44949495e-05 2.99998810e+08 -7.35159483e+02 -4.90953507e+02
7.57575758e-07 -2.44949495e-05 2.99998783e+08 -7.10122495e+02 -4.07990151e+02
1.26262626e-06 -2.44949495e-05 2.99998769e+08 -6.66724555e+02 -3.34933982e+02
1.76767677e-06 -2.44949495e-05 2.99998768e+08 -6.07867538e+02 -2.73098638e+02
2.27272727e-06 -2.44949495e-05 2.99998779e+08 -5.36552350e+02 -2.23323320e+02
2.77777778e-06 -2.44949495e-05 2.99998802e+08 -4.55768334e+02 -1.86006108e+02
3.28282828e-06 -2.44949495e-05 2.99998835e+08 -3.68400855e+02 -1.61151733e+02
3.78787879e-06 -2.44949495e-05 2.99998879e+08 -2.77158652e+02 -1.48428459e+02
4.29292929e-06 -2.44949495e-05 2.99998930e+08 -1.84520967e+02 -1.47229192e+02
4.79797980e-06 -2.44949495e-05 2.99998988e+08 -9.27031623e+01 -1.56732682e+02
5.30303030e-06 -2.44949495e-05 2.99999052e+08 -3.63868634e+00 -1.75961595e+02
5.80808081e-06 -2.44949495e-05 2.99999119e+08 8.10252669e+01 -2.03835126e+02
6.31313131e-06 -2.44949495e-05 2.99999190e+08 1.59921267e+02 -2.39214747e+02
6.81818182e-06 -2.44949495e-05 2.99999262e+08 2.31947130e+02 -2.80942371e+02
7.32323232e-06 -2.44949495e-05 2.99999334e+08 2.96245966e+02 -3.27870901e+02
7.82828283e-06 -2.44949495e-05 2.99999406e+08 3.52183037e+02 -3.78887536e+02
8.33333333e-06 -2.44949495e-05 2.99999476e+08 3.99321287e+02 -4.32930551e+02
8.83838384e-06 -2.44949495e-05 2.99999545e+08 4.37396988e+02 -4.89000475e+02
9.34343434e-06 -2.44949495e-05 2.99999612e+08 4.66296570e+02 -5.46166623e+02
9.84848485e-06 -2.44949495e-05 2.99999675e+08 4.86035345e+02 -6.03570017e+02
1.03535354e-05 -2.44949495e-05 2.99999736e+08 4.96738525e+02 -6.60423600e+02
1.08585859e-05 -2.44949495e-05 2.99999794e+08 4.98624724e+02 -7.16010604e+02
1.13636364e-05 -2.44949495e-05 2.99999848e+08 4.91991877e+02 -7.69681791e+02
1.18686869e-05 -2.44949495e-05 2.99999900e+08 4.77205445e+02 -8.20852152e+02
1.23737374e-05 -2.44949495e-05 2.99999949e+08 4.54688613e+02 -8.68997542e+02
1.28787879e-05 -2.44949495e-05 2.99999995e+08 4.24914169e+02 -9.13651566e+02
1.33838384e-05 -2.44949495e-05 3.00000039e+08 3.88397696e+02 -9.54402952e+02
1.38888889e-05 -2.44949495e-05 3.00000081e+08 3.45691749e+02 -9.90893517e+02
1.43939394e-05 -2.44949495e-05 3.00000120e+08 2.97380654e+02 -1.02281677e+03
1.48989899e-05 -2.44949495e-05 3.00000159e+08 2.44075666e+02 -1.04991711e+03
1.54040404e-05 -2.44949495e-05 3.00000195e+08 1.86410199e+02 -1.07198948e+03
1.59090909e-05 -2.44949495e-05 3.00000231e+08 1.25034963e+02 -1.08887942e+03
1.64141414e-05 -2.44949495e-05 3.00000265e+08 6.06128558e+01 -1.10048329e+03
1.69191919e-05 -2.44949495e-05 3.00000299e+08 -6.18647017e+00 -1.10674850e+03
1.74242424e-05 -2.44949495e-05 3.00000332e+08 -7.46923870e+01 -1.10767355e+03
1.79292929e-05 -2.44949495e-05 3.00000365e+08 -1.44239384e+02 -1.10330783e+03
1.84343434e-05 -2.44949495e-05 3.00000397e+08 -2.14173405e+02 -1.09375084e+03
1.89393939e-05 -2.44949495e-05 3.00000429e+08 -2.83858311e+02 -1.07915088e+03
1.94444444e-05 -2.44949495e-05 3.00000460e+08 -3.52682332e+02 -1.05970305e+03
1.99494949e-05 -2.44949495e-05 3.00000491e+08 -4.20064354e+02 -1.03564654e+03
2.04545455e-05 -2.44949495e-05 3.00000522e+08 -4.85459865e+02 -1.00726122e+03
2.09595960e-05 -2.44949495e-05 3.00000551e+08 -5.48366401e+02 -9.74863491e+02
2.14646465e-05 -2.44949495e-05 3.00000580e+08 -6.08328346e+02 -9.38801562e+02
2.19696970e-05 -2.44949495e-05 3.00000608e+08 -6.64940948e+02 -8.99450167e+02
2.24747475e-05 -2.44949495e-05 3.00000636e+08 -7.17853450e+02 -8.57204902e+02
2.29797980e-05 -2.44949495e-05 3.00000661e+08 -7.66771253e+02 -8.12476281e+02
2.34848485e-05 -2.44949495e-05 3.00000686e+08 -8.11457086e+02 -7.65683680e+02
2.39898990e-05 -2.44949495e-05 3.00000709e+08 -8.51731167e+02 -7.17249308e+02
2.44949495e-05 -2.44949495e-05 3.00000731e+08 -8.87470375e+02 -6.67592363e+02
2.50000000e-05 -2.44949495e-05 3.00000750e+08 -9.18606514e+02 -6.17123488e+02
-2.50000000e-05 -2.39898990e-05 2.99999526e+08 8.63025979e+02 1.31682624e+03
-2.44949495e-05 -2.39898990e-05 2.99999504e+08 9.34675222e+02 1.34311153e+03
-2.39898990e-05 -2.39898990e-05 2.99999480e+08 1.00953810e+03 1.36787315e+03
-2.34848485e-05 -2.39898990e-05 2.99999456e+08 1.08764305e+03 1.39080695e+03
-2.29797980e-05 -2.39898990e-05 2.99999431e+08 1.16899471e+03 1.41157141e+03
-2.24747475e-05 -2.39898990e-05 2.99999405e+08 1.25356770e+03 1.42978453e+03
-2.19696970e-05 -2.39898990e-05 2.99999378e+08 1.34129929e+03 1.44502084e+03
-2.14646465e-05 -2.39898990e-05 2.99999352e+08 1.43208090e+03 1.45680896e+03
-2.09595960e-05 -2.39898990e-05 2.99999325e+08 1.52574829e+03 1.46462969e+03
-2.04545455e-05 -2.39898990e-05 2.99999299e+08 1.62207042e+03 1.46791512e+03
-1.99494949e-05 -2.39898990e-05 2.99999274e+08 1.72073698e+03 1.46604912e+03
-1.94444444e-05 -2.39898990e-05 2.99999249e+08 1.82134471e+03 1.45836946e+03
-1.89393939e-05 -2.39898990e-05 2.99999226e+08 1.92338261e+03 1.44417235e+03
-1.84343434e-05 -2.39898990e-05 2.99999205e+08 2.02621645e+03 1.42271959e+03
-1.79292929e-05 -2.39898990e-05 2.99999187e+08 2.12907300e+03 1.39324935e+03
-1.74242424e-05 -2.39898990e-05 2.99999171e+08 2.23102460e+03 1.35499081e+03
-1.69191919e-05 -2.39898990e-05 2.99999160e+08 2.33097508e+03 1.30718350e+03
-1.64141414e-05 -2.39898990e-05 2.99999152e+08 2.42764807e+03 1.24910183e+03
-1.59090909e-05 -2.39898990e-05 2.99999149e+08 2.51957923e+03 1.18008508e+03
-1.54040404e-05 -2.39898990e-05 2.99999151e+08 2.60511397e+03 1.09957317e+03
-1.48989899e-05 -2.39898990e-05 2.99999159e+08 2.68241276e+03 1.00714796e+03
-1.43939394e-05 -2.39898990e-05 2.99999172e+08 2.74946602e+03 9.02579294e+02
-1.38888889e-05 -2.39898990e-05 2.99999191e+08 2.80412081e+03 7.85874818e+02
-1.33838384e-05 -2.39898990e-05 2.99999217e+08 2.84412147e+03 6.57331343e+02
-1.28787879e-05 -2.39898990e-05 2.99999247e+08 2.86716574e+03 5.17585172e+02
-1.23737374e-05 -2.39898990e-05 2.99999283e+08 2.87097753e+03 3.67657728e+02
-1.18686869e-05 -2.39898990e-05 2.99999323e+08 2.85339639e+03 2.08992135e+02
-1.13636364e-05 -2.39898990e-05 2.99999366e+08 2.81248214e+03 4.34757990e+01
-1.08585859e-05 -2.39898990e-05 2.99999411e+08 2.74663185e+03 -1.26556259e+02
-1.03535354e-05 -2.39898990e-05 2.99999456e+08 2.65470381e+03 -2.98342338e+02
-9.84848485e-06 -2.39898990e-05 2.99999499e+08 2.53614162e+03 -4.68743444e+02
-9.34343434e-06 -2.39898990e-05 2.99999539e+08 2.39108930e+03 -6.34323778e+02
-8.83838384e-06 -2.39898990e-05 2.99999572e+08 2.22048709e+03 -7.91462616e+02
-8.33333333e-06 -2.39898990e-05 2.99999597e+08 2.02613701e+03 -9.36494986e+02
-7.82828283e-06 -2.39898990e-05 2.99999612e+08 1.81072789e+03 -1.06587517e+03
-7.32323232e-06 -2.39898990e-05 2.99999615e+08 1.57781142e+03 -1.17635375e+03
-6.81818182e-06 -2.39898990e-05 2.99999605e+08 1.33172418e+03 -1.26515597e+03
-6.31313131e-06 -2.39898990e-05 2.99999582e+08 1.07745498e+03 -1.33014743e+03
-5.80808081e-06 -2.39898990e-05 2.99999545e+08 8.20462214e+02 -1.36997260e+03
-5.30303030e-06 -2.39898990e-05 2.99999494e+08 5.66450994e+02 -1.38415280e+03
-4.79797980e-06 -2.39898990e-05 2.99999432e+08 3.21124865e+02 -1.37313356e+03
-4.29292929e-06 -2.39898990e-05 2.99999360e+08 8.99298401e+01 -1.33827541e+03
-3.78787879e-06 -2.39898990e-05 2.99999280e+08 -1.22189901e+02 -1.28178774e+03
-3.28282828e-06 -2.39898990e-05 2.99999195e+08 -3.11006222e+02 -1.20661065e+03
-2.77777778e-06 -2.39898990e-05 2.99999109e+08 -4.73175646e+02 -1.11625505e+03
-2.27272727e-06 -2.39898990e-05 2.99999024e+08 -6.06351487e+02 -1.01461439e+03
-1.76767677e-06 -2.39898990e-05 2.99998944e+08 -7.09234232e+02 -9.05763924e+02
-1.26262626e-06 -2.39898990e-05 2.99998871e+08 -7.81560749e+02 -7.93763041e+02
-7.57575758e-07 -2.39898990e-05 2.99998808e+08 -8.24038162e+02 -6.82474902e+02
-2.52525253e-07 -2.39898990e-05 2.99998757e+08 -8.38232379e+02 -5.75414391e+02
2.52525253e-07 -2.39898990e-05 2.99998719e+08 -8.26423851e+02 -4.75631782e+02
7.57575758e-07 -2.39898990e-05 2.99998696e+08 -7.91444130e+02 -3.85635457e+02
1.26262626e-06 -2.39898990e-05 2.99998687e+08 -7.36506345e+02 -3.07353331e+02
1.76767677e-06 -2.39898990e-05 2.99998693e+08 -6.65041064e+02 -2.42129561e+02
2.27272727e-06 -2.39898990e-05 2.99998713e+08 -5.80546622e+02 -1.90750978e+02
2.77777778e-06 -2.39898990e-05 2.99998746e+08 -4.86460274e+02 -1.53496404e+02
3.28282828e-06 -2.39898990e-05 2.99998790e+08 -3.86053786e+02 -1.30201677e+02
3.78787879e-06 -2.39898990e-05 2.99998844e+08 -2.82354623e+02 -1.20333499e+02
4.29292929e-06 -2.39898990e-05 2.99998907e+08 -1.78091926e+02 -1.23066082e+02
4.79797980e-06 -2.39898990e-05 2.99998976e+08 -7.56649620e+01 -1.37355683e+02
5.30303030e-06 -2.39898990e-05 2.99999051e+08 2.28691744e+01 -1.62009395e+02
5.80808081e-06 -2.39898990e-05 2.99999129e+08 1.15792307e+02 -1.95745752e+02
6.31313131e-06 -2.39898990e-05 2.99999210e+08 2.01710147e+02 -2.37245852e+02
6.81818182e-06 -2.39898990e-05 2.99999291e+08 2.79529043e+02 -2.85194585e+02
7.32323232e-06 -2.39898990e-05 2.99999371e+08 3.48427672e+02 -3.38312267e+02
7.82828283e-06 -2.39898990e-05 2.99999450e+08 4.07826320e+02 -3.95377507e+02
8.33333333e-06 -2.39898990e-05 2.99999527e+08 4.57355843e+02 -4.55242401e+02
8.83838384e-06 -2.39898990e-05 2.99999602e+08 4.96827896e+02 -5.16841361e+02
9.34343434e-06 -2.39898990e-05 2.99999672e+08 5.26207479e+02 -5.79194875e+02
9.84848485e-06 -2.39898990e-05 2.99999740e+08 5.45588477e+02 -6.41409476e+02
1.03535354e-05 -2.39898990e-05 2.99999803e+08 5.55172485e+02 -7.02675067e+02
1.08585859e-05 -2.39898990e-05 2.99999863e+08 5.55250952e+02 -7.62260590e+02
1.13636364e-05 -2.39898990e-05 2.99999919e+08 5.46190460e+02 -8.19508880e+02
1.18686869e-05 -2.39898990e-05 2.99999971e+08 5.28420832e+02 -8.73831364e+02
1.23737374e-05 -2.39898990e-05 3.00000020e+08 5.02425637e+02 -9.24703077e+02
1.28787879e-05 -2.39898990e-05 3.00000066e+08 4.68734651e+02 -9.71658362e+02
1.33838384e-05 -2.39898990e-05 3.00000109e+08 4.27917790e+02 -1.01428743e+03
1.38888889e-05 -2.39898990e-05 3.00000150e+08 3.80580074e+02 -1.05223387e+03
1.43939394e-05 -2.39898990e-05 3.00000188e+08 3.27357190e+02 -1.08519314e+03
1.48989899e-05 -2.39898990e-05 3.00000225e+08 2.68911298e+02 -1.11291182e+03
1.54040404e-05 -2.39898990e-05 3.00000261e+08 2.05926787e+02 -1.13518766e+03
1.59090909e-05 -2.39898990e-05 3.00000295e+08 1.39105734e+02 -1.15187004e+03
1.64141414e-05 -2.39898990e-05 3.00000328e+08 6.91629235e+01 -1.16286074e+03
1.69191919e-05 -2.39898990e-05 3.00000360e+08 -3.17965831e+00 -1.16811475e+03
1.74242424e-05 -2.39898990e-05 3.00000392e+08 -7.71988747e+01 -1.16764085e+03
1.79292929e-05 -2.39898990e-05 3.00000424e+08 -1.52176980e+02 -1.16150188e+03
1.84343434e-05 -2.39898990e-05 3.00000455e+08 -2.27408549e+02 -1.14981432e+03
1.89393939e-05 -2.39898990e-05 3.00000486e+08 -3.02207649e+02 -1.13274723e+03
1.94444444e-05 -2.39898990e-05 3.00000516e+08 -3.75915067e+02 -1.11052034e+03
1.99494949e-05 -2.39898990e-05 3.00000546e+08 -4.47905395e+02 -1.08340125e+03
2.04545455e-05 -2.39898990e-05 3.00000576e+08 -5.17593766e+02 -1.05170175e+03
2.09595960e-05 -2.39898990e-05 3.00000605e+08 -5.84442035e+02 -1.01577333e+03
2.14646465e-05 -2.39898990e-05 3.00000633e+08 -6.47964209e+02 -9.76001916e+02
2.19696970e-05 -2.39898990e-05 3.00000661e+08 -7.07730984e+02 -9.32801941e+02
2.24747475e-05 -2.39898990e-05 3.00000688e+08 -7.63373242e+02 -8.86609979e+02
2.29797980e-05 -2.39898990e-05 3.00000713e+08 -8.14584428e+02 -8.37878033e+02
2.34848485e-05 -2.39898990e-05 3.00000737e+08 -8.61121764e+02 -7.87066691e+02
2.39898990e-05 -2.39898990e-05 3.00000760e+08 -9.02806284e+02 -7.34638334e+02
2.44949495e-05 -2.39898990e-05 3.00000781e+08 -9.39521743e+02 -6.81050554e+02
2.50000000e-05 -2.39898990e-05 3.00000800e+08 -9.71212458e+02 -6.26749966e+02
-2.50000000e-05 -2.34848485e-05 2.99999528e+08 8.34335673e+02 1.34784594e+03
-2.44949495e-05 -2.34848485e-05 2.99999503e+08 9.07252158e+02 1.37773594e+03
-2.39898990e-05 -2.34848485e-05 2.99999478e+08 9.83666253e+02 1.40634271e+03
-2.34848485e-05 -2.34848485e-05 2.99999451e+08 1.06364362e+03 1.43336673e+03
-2.29797980e-05 -2.34848485e-05 2.99999423e+08 1.14722979e+03 1.45846776e+03
-2.24747475e-05 -2.34848485e-05 2.99999394e+08 1.23444386e+03 1.48126074e+03
-2.19696970e-05 -2.34848485e-05 2.99999364e+08 1.32527098e+03 1.50131165e+03
-2.14646465e-05 -2.34848485e-05 2.99999333e+08 1.41965337e+03 1.51813368e+03
-2.09595960e-05 -2.34848485e-05 2.99999303e+08 1.51747979e+03 1.53118384e+03
-2.04545455e-05 -2.34848485e-05 2.99999272e+08 1.61857333e+03 1.53986038e+03
-1.99494949e-05 -2.34848485e-05 2.99999242e+08 1.72267748e+03 1.54350151e+03
-1.94444444e-05 -2.34848485e-05 2.99999212e+08 1.82944038e+03 1.54138566e+03
-1.89393939e-05 -2.34848485e-05 2.99999184e+08 1.93839756e+03 1.53273417e+03
-1.84343434e-05 -2.34848485e-05 2.99999157e+08 2.04895321e+03 1.51671676e+03
-1.79292929e-05 -2.34848485e-05 2.99999133e+08 2.16036045e+03 1.49246084e+03
-1.74242424e-05 -2.34848485e-05 2.99999111e+08 2.27170137e+03 1.45906515e+03
-1.69191919e-05 -2.34848485e-05 2.99999094e+08 2.38186753e+03 1.41561886e+03
-1.64141414e-05 -2.34848485e-05 2.99999080e+08 2.48954243e+03 1.36122673e+03
-1.59090909e-05 -2.34848485e-05 2.99999072e+08 2.59318725e+03 1.29504109e+03
-1.54040404e-05 -2.34848485e-05 2.99999069e+08 2.69103214e+03 1.21630114e+03
-1.48989899e-05 -2.34848485e-05 2.99999072e+08 2.78107518e+03 1.12437969e+03
-1.43939394e-05 -2.34848485e-05 2.99999081e+08 2.86109184e+03 1.01883698e+03
-1.38888889e-05 -2.34848485e-05 2.99999097e+08 2.92865778e+03 8.99480407e+02
-1.33838384e-05 -2.34848485e-05 2.99999120e+08 2.98118793e+03 7.66428414e+02
-1.28787879e-05 -2.34848485e-05 2.99999150e+08 3.01599448e+03 6.20175341e+02
-1.23737374e-05 -2.34848485e-05 2.99999186e+08 3.03036589e+03 4.61653274e+02
-1.18686869e-05 -2.34848485e-05 2.99999228e+08 3.02166775e+03 2.92285541e+02
-1.13636364e-05 -2.34848485e-05 2.99999274e+08 2.98746483e+03 1.14025607e+02
-1.08585859e-05 -2.34848485e-05 2.99999322e+08 2.92566146e+03 -7.06255735e+01
-1.03535354e-05 -2.34848485e-05 2.99999372e+08 2.83465471e+03 -2.58630764e+02
-9.84848485e-06 -2.34848485e-05 2.99999421e+08 2.71349218e+03 -4.46462496e+02
-9.34343434e-06 -2.34848485e-05 2.99999466e+08 2.56202319e+03 -6.30188549e+02
-8.83838384e-06 -2.34848485e-05 2.99999505e+08 2.38103010e+03 -8.05598616e+02
-8.33333333e-06 -2.34848485e-05 2.99999536e+08 2.17232515e+03 -9.68370154e+02
-7.82828283e-06 -2.34848485e-05 2.99999556e+08 1.93879846e+03 -1.11426686e+03
-7.32323232e-06 -2.34848485e-05 2.99999563e+08 1.68440488e+03 -1.23935852e+03
-6.81818182e-06 -2.34848485e-05 2.99999555e+08 1.41408168e+03 -1.34024672e+03
-6.31313131e-06 -2.34848485e-05 2.99999532e+08 1.13359462e+03 -1.41427796e+03
-5.80808081e-06 -2.34848485e-05 2.99999494e+08 8.49317435e+02 -1.45972450e+03
-5.30303030e-06 -2.34848485e-05 2.99999440e+08 5.67956970e+02 -1.47591485e+03
-4.79797980e-06 -2.34848485e-05 2.99999373e+08 2.96242949e+02 -1.46329946e+03
-4.29292929e-06 -2.34848485e-05 2.99999295e+08 4.06061559e+01 -1.42344332e+03
-3.78787879e-06 -2.34848485e-05 2.99999208e+08 -1.93129123e+02 -1.35894444e+03
-3.28282828e-06 -2.34848485e-05 2.99999116e+08 -4.00013606e+02 -1.27328496e+03
-2.77777778e-06 -2.34848485e-05 2.99999022e+08 -5.76181793e+02 -1.17062842e+03
-2.27272727e-06 -2.34848485e-05 2.99998931e+08 -7.18986788e+02 -1.05558177e+03
-1.76767677e-06 -2.34848485e-05 2.99998845e+08 -8.27054820e+02 -9.32943109e+02
-1.26262626e-06 -2.34848485e-05 2.99998769e+08 -9.00261122e+02 -8.07456075e+02
-7.57575758e-07 -2.34848485e-05 2.99998704e+08 -9.39635981e+02 -6.83589319e+02
-2.52525253e-07 -2.34848485e-05 2.99998654e+08 -9.47215090e+02 -5.65354910e+02
2.52525253e-07 -2.34848485e-05 2.99998619e+08 -9.25851520e+02 -4.56174399e+02
7.57575758e-07 -2.34848485e-05 2.99998601e+08 -8.79007438e+02 -3.58795722e+02
1.26262626e-06 -2.34848485e-05 2.99998599e+08 -8.10542614e+02 -2.75259185e+02
1.76767677e-06 -2.34848485e-05 2.99998614e+08 -7.24514102e+02 -2.06906971e+02
2.27272727e-06 -2.34848485e-05 2.99998644e+08 -6.24997994e+02 -1.54428001e+02
2.77777778e-06 -2.34848485e-05 2.99998689e+08 -5.15940321e+02 -1.17928766e+02
3.28282828e-06 -2.34848485e-05 2.99998745e+08 -4.01040538e+02 -9.70206033e+01
3.78787879e-06 -2.34848485e-05 2.99998813e+08 -2.83667917e+02 -9.09147016e+01
4.29292929e-06 -2.34848485e-05 2.99998888e+08 -1.66808734e+02 -9.85174523e+01
4.79797980e-06 -2.34848485e-05 2.99998971e+08 -5.30405162e+01 -1.18520455e+02
5.30303030e-06 -2.34848485e-05 2.99999058e+08 5.54713745e+01 -1.49481181e+02
5.80808081e-06 -2.34848485e-05 2.99999148e+08 1.56959831e+02 -1.89891909e+02
6.31313131e-06 -2.34848485e-05 2.99999239e+08 2.50029668e+02 -2.38235922e+02
6.81818182e-06 -2.34848485e-05 2.99999330e+08 3.33623303e+02 -2.93031007e+02
7.32323232e-06 -2.34848485e-05 2.99999419e+08 4.06982230e+02 -3.52861141e+02
7.82828283e-06 -2.34848485e-05 2.99999506e+08 4.69607334e+02 -4.16397691e+02
8.33333333e-06 -2.34848485e-05 2.99999590e+08 5.21220364e+02 -4.82411812e+02
8.83838384e-06 -2.34848485e-05 2.99999669e+08 5.61728179e+02 -5.49779754e+02
9.34343434e-06 -2.34848485e-05 2.99999744e+08 5.91190795e+02 -6.17482795e+02
9.84848485e-06 -2.34848485e-05 2.99999815e+08 6.09793766e+02 -6.84603370e+02
1.03535354e-05 -2.34848485e-05 2.99999881e+08 6.17825022e+02 -7.50318756e+02
1.08585859e-05 -2.34848485e-05 2.99999942e+08 6.15656006e+02 -8.13893482e+02
1.13636364e-05 -2.34848485e-05 2.99999999e+08 6.03726727e+02 -8.74671381e+02
1.18686869e-05 -2.34848485e-05 3.00000051e+08 5.82534231e+02 -9.32068003e+02
1.23737374e-05 -2.34848485e-05 3.00000100e+08 5.52623883e+02 -9.85563880e+02
1.28787879e-05 -2.34848485e-05 3.00000145e+08 5.14582860e+02 -1.03469898e+03
1.33838384e-05 -2.34848485e-05 3.00000186e+08 4.69035236e+02 -1.07906852e+03
1.38888889e-05 -2.34848485e-05 3.00000226e+08 4.16638100e+02 -1.11832011e+03
1.43939394e-05 -2.34848485e-05 3.00000262e+08 3.58078183e+02 -1.15215228e+03
1.48989899e-05 -2.34848485e-05 3.00000297e+08 2.94068573e+02 -1.18031407e+03
1.54040404e-05 -2.34848485e-05 3.00000331e+08 2.25345156e+02 -1.20260559e+03
1.59090909e-05 -2.34848485e-05 3.00000363e+08 1.52662521e+02 -1.21887919e+03
1.64141414e-05 -2.34848485e-05 3.00000394e+08 7.67891614e+01 -1.22904099e+03
1.69191919e-05 -2.34848485e-05 3.00000425e+08 -1.49812043e+00 -1.23305249e+03
1.74242424e-05 -2.34848485e-05 3.00000455e+08 -8.14205913e+01 -1.23093190e+03
1.79292929e-05 -2.34848485e-05 3.00000485e+08 -1.62204682e+02 -1.22275498e+03
1.84343434e-05 -2.34848485e-05 3.00000515e+08 -2.43089654e+02 -1.20865523e+03
1.89393939e-05 -2.34848485e-05 3.00000545e+08 -3.23335635e+02 -1.18882309e+03
1.94444444e-05 -2.34848485e-05 3.00000574e+08 -4.02231807e+02 -1.16350413e+03
1.99494949e-05 -2.34848485e-05 3.00000603e+08 -4.79104475e+02 -1.13299627e+03
2.04545455e-05 -2.34848485e-05 3.00000632e+08 -5.53324764e+02 -1.09764577e+03
2.09595960e-05 -2.34848485e-05 3.00000661e+08 -6.24315691e+02 -1.05784229e+03
2.14646465e-05 -2.34848485e-05 3.00000689e+08 -6.91558367e+02 -1.01401300e+03
2.19696970e-05 -2.34848485e-05 3.00000716e+08 -7.54597158e+02 -9.66615937e+02
2.24747475e-05 -2.34848485e-05 3.00000742e+08 -8.13043620e+02 -9.16132738e+02
2.29797980e-05 -2.34848485e-05 3.00000767e+08 -8.66579124e+02 -8.63061059e+02
2.34848485e-05 -2.34848485e-05 3.00000790e+08 -9.14956115e+02 -8.07906794e+02
2.39898990e-05 -2.34848485e-05 3.00000812e+08 -9.57997994e+02 -7.51176377e+02
2.44949495e-05 -2.34848485e-05 3.00000833e+08 -9.95597686e+02 -6.93369361e+02
2.50000000e-05 -2.34848485e-05 3.00000851e+08 -1.02771498e+03 -6.34971461e+02
-2.50000000e-05 -2.29797980e-05 2.99999533e+08 8.02118969e+02 1.37662927e+03
-2.44949495e-05 -2.29797980e-05 2.99999507e+08 8.76049704e+02 1.41021344e+03
-2.39898990e-05 -2.29797980e-05 2.99999479e+08 9.53753445e+02 1.44278884e+03
-2.34848485e-05 -2.29797980e-05 2.99999449e+08 1.03533570e+03 1.47406611e+03
-2.29797980e-05 -2.29797980e-05 2.99999418e+08 1.12088647e+03 1.50371239e+03
-2.24747475e-05 -2.29797980e-05 2.99999386e+08 1.21047406e+03 1.53134608e+03
-2.19696970e-05 -2.29797980e-05 2.99999353e+08 1.30413753e+03 1.55653149e+03
-2.14646465e-05 -2.29797980e-05 2.99999318e+08 1.40187747e+03 1.57877342e+03
-2.09595960e-05 -2.29797980e-05 2.99999283e+08 1.50364492e+03 1.59751211e+03
-2.04545455e-05 -2.29797980e-05 2.99999248e+08 1.60932832e+03 1.61211871e+03
-1.99494949e-05 -2.29797980e-05 2.99999212e+08 1.71873813e+03 1.62189174e+03
-1.94444444e-05 -2.29797980e-05 2.99999177e+08 1.83158931e+03 1.62605513e+03
-1.89393939e-05 -2.29797980e-05 2.99999142e+08 1.94748137e+03 1.62375838e+03
-1.84343434e-05 -2.29797980e-05 2.99999109e+08 2.06587634e+03 1.61407971e+03
-1.79292929e-05 -2.29797980e-05 2.99999078e+08 2.18607484e+03 1.59603302e+03
-1.74242424e-05 -2.29797980e-05 2.99999050e+08 2.30719088e+03 1.56857978e+03
-1.69191919e-05 -2.29797980e-05 2.99999026e+08 2.42812633e+03 1.53064679e+03
-1.64141414e-05 -2.29797980e-05 2.99999005e+08 2.54754621e+03 1.48115112e+03
-1.59090909e-05 -2.29797980e-05 2.99998990e+08 2.66385663e+03 1.41903319e+03
-1.54040404e-05 -2.29797980e-05 2.99998981e+08 2.77518757e+03 1.34329896e+03
-1.48989899e-05 -2.29797980e-05 2.99998978e+08 2.87938333e+03 1.25307184e+03
-1.43939394e-05 -2.29797980e-05 2.99998982e+08 2.97400392e+03 1.14765429e+03
-1.38888889e-05 -2.29797980e-05 2.99998994e+08 3.05634119e+03 1.02659854e+03
-1.33838384e-05 -2.29797980e-05 2.99999014e+08 3.12345358e+03 8.89784517e+02
-1.28787879e-05 -2.29797980e-05 2.99999042e+08 3.17222356e+03 7.37502136e+02
-1.23737374e-05 -2.29797980e-05 2.99999078e+08 3.19944103e+03 5.70533107e+02
-1.18686869e-05 -2.29797980e-05 2.99999120e+08 3.20191512e+03 3.90226284e+02
-1.13636364e-05 -2.29797980e-05 2.99999169e+08 3.17661459e+03 1.98558619e+02
-1.08585859e-05 -2.29797980e-05 2.99999221e+08 3.12083493e+03 -1.82724255e+00
-1.03535354e-05 -2.29797980e-05 2.99999276e+08 3.03238634e+03 -2.07618390e+02
-9.84848485e-06 -2.29797980e-05 2.99999331e+08 2.90979333e+03 -4.14869279e+02
-9.34343434e-06 -2.29797980e-05 2.99999383e+08 2.75249230e+03 -6.19089039e+02
-8.83838384e-06 -2.29797980e-05 2.99999429e+08 2.56101026e+03 -8.15382598e+02
-8.33333333e-06 -2.29797980e-05 2.99999466e+08 2.33710503e+03 -9.98644925e+02
-7.82828283e-06 -2.29797980e-05 2.99999492e+08 2.08384709e+03 -1.16380164e+03
-7.32323232e-06 -2.29797980e-05 2.99999503e+08 1.80562529e+03 -1.30608253e+03
-6.81818182e-06 -2.29797980e-05 2.99999498e+08 1.50806354e+03 -1.42130829e+03
-6.31313131e-06 -2.29797980e-05 2.99999476e+08 1.19784346e+03 -1.50616609e+03
-5.80808081e-06 -2.29797980e-05 2.99999437e+08 8.82437630e+02 -1.55844732e+03
-5.30303030e-06 -2.29797980e-05 2.99999380e+08 5.69768737e+02 -1.57722232e+03
-4.79797980e-06 -2.29797980e-05 2.99999307e+08 2.67819335e+02 -1.56293185e+03
-4.29292929e-06 -2.29797980e-05 2.99999222e+08 -1.57758907e+01 -1.51738317e+03
-3.78787879e-06 -2.29797980e-05 2.99999127e+08 -2.74120326e+02 -1.44364887e+03
-3.28282828e-06 -2.29797980e-05 2.99999026e+08 -5.01394471e+02 -1.34587757e+03
-2.77777778e-06 -2.29797980e-05 2.99998925e+08 -6.93115957e+02 -1.22903481e+03
-2.27272727e-06 -2.29797980e-05 2.99998826e+08 -8.46301873e+02 -1.09859979e+03
-1.76767677e-06 -2.29797980e-05 2.99998735e+08 -9.59525824e+02 -9.60246267e+02
-1.26262626e-06 -2.29797980e-05 2.99998654e+08 -1.03287328e+03 -8.19535929e+02
-7.57575758e-07 -2.29797980e-05 2.99998589e+08 -1.06780849e+03 -6.81647897e+02
-2.52525253e-07 -2.29797980e-05 2.99998540e+08 -1.06697306e+03 -5.51162125e+02
2.52525253e-07 -2.29797980e-05 2.99998509e+08 -1.03394014e+03 -4.31906565e+02
7.57575758e-07 -2.29797980e-05 2.99998497e+08 -9.72948534e+02 -3.26870576e+02
1.26262626e-06 -2.29797980e-05 2.99998505e+08 -8.88638711e+02 -2.38180581e+02
1.76767677e-06 -2.29797980e-05 2.99998531e+08 -7.85808801e+02 -1.67129107e+02
2.27272727e-06 -2.29797980e-05 2.99998573e+08 -6.69203333e+02 -1.14245470e+02
2.77777778e-06 -2.29797980e-05 2.99998632e+08 -5.43342309e+02 -7.93952306e+01
3.28282828e-06 -2.29797980e-05 2.99998703e+08 -4.12393371e+02 -6.18959648e+01
3.78787879e-06 -2.29797980e-05 2.99998785e+08 -2.80085900e+02 -6.06383671e+01
4.29292929e-06 -2.29797980e-05 2.99998876e+08 -1.49663039e+02 -7.42038426e+01
4.79797980e-06 -2.29797980e-05 2.99998973e+08 -2.38658445e+01 -1.00972111e+02
5.30303030e-06 -2.29797980e-05 2.99999074e+08 9.50570790e+01 -1.39214662e+02
5.80808081e-06 -2.29797980e-05 2.99999177e+08 2.05321154e+02 -1.87171935e+02
6.31313131e-06 -2.29797980e-05 2.99999280e+08 3.05564858e+02 -2.43113783e+02
6.81818182e-06 -2.29797980e-05 2.99999381e+08 3.94801626e+02 -3.05383969e+02
7.32323232e-06 -2.29797980e-05 2.99999480e+08 4.72369054e+02 -3.72430345e+02
7.82828283e-06 -2.29797980e-05 2.99999575e+08 5.37878834e+02 -4.42822788e+02
8.33333333e-06 -2.29797980e-05 2.99999665e+08 5.91169846e+02 -5.15261211e+02
8.83838384e-06 -2.29797980e-05 2.99999749e+08 6.32266017e+02 -5.88575928e+02
9.34343434e-06 -2.29797980e-05 2.99999829e+08 6.61339810e+02 -6.61722530e+02
9.84848485e-06 -2.29797980e-05 2.99999902e+08 6.78681658e+02 -7.33773137e+02
1.03535354e-05 -2.29797980e-05 2.99999970e+08 6.84675224e+02 -8.03905659e+02
1.08585859e-05 -2.29797980e-05 3.00000032e+08 6.79778045e+02 -8.71392342e+02
1.13636364e-05 -2.29797980e-05 3.00000089e+08 6.64506957e+02 -9.35588625e+02
1.18686869e-05 -2.29797980e-05 3.00000141e+08 6.39427517e+02 -9.95923019e+02
1.23737374e-05 -2.29797980e-05 3.00000188e+08 6.05146660e+02 -1.05188853e+03
1.28787879e-05 -2.29797980e-05 3.00000231e+08 5.62307772e+02 -1.10303589e+03
1.33838384e-05 -2.29797980e-05 3.00000271e+08 5.11587415e+02 -1.14896869e+03
1.38888889e-05 -2.29797980e-05 3.00000308e+08 4.53693029e+02 -1.18934041e+03
1.43939394e-05 -2.29797980e-05 3.00000343e+08 3.89360979e+02 -1.22385316e+03
1.48989899e-05 -2.29797980e-05 3.00000375e+08 3.19354443e+02 -1.25225788e+03
1.54040404e-05 -2.29797980e-05 3.00000406e+08 2.44460738e+02 -1.27435573e+03
1.59090909e-05 -2.29797980e-05 3.00000436e+08 1.65487783e+02 -1.29000022e+03
1.64141414e-05 -2.29797980e-05 3.00000465e+08 8.32595176e+01 -1.29909983e+03
1.69191919e-05 -2.29797980e-05 3.00000493e+08 -1.38980188e+00 -1.30162066e+03
1.74242424e-05 -2.29797980e-05 3.00000522e+08 -8.76224064e+01 -1.29758871e+03
1.79292929e-05 -2.29797980e-05 3.00000550e+08 -1.74604802e+02 -1.28709162e+03
1.84343434e-05 -2.29797980e-05 3.00000578e+08 -2.61516349e+02 -1.27027944e+03
1.89393939e-05 -2.29797980e-05 3.00000606e+08 -3.47558386e+02 -1.24736429e+03
1.94444444e-05 -2.29797980e-05 3.00000634e+08 -4.31963590e+02 -1.21861879e+03
1.99494949e-05 -2.29797980e-05 3.00000663e+08 -5.14005260e+02 -1.18437312e+03
2.04545455e-05 -2.29797980e-05 3.00000691e+08 -5.93006196e+02 -1.14501074e+03
2.09595960e-05 -2.29797980e-05 3.00000718e+08 -6.68346847e+02 -1.10096291e+03
2.14646465e-05 -2.29797980e-05 3.00000746e+08 -7.39472464e+02 -1.05270208e+03
2.19696970e-05 -2.29797980e-05 3.00000772e+08 -8.05898997e+02 -1.00073427e+03
2.24747475e-05 -2.29797980e-05 3.00000798e+08 -8.67217559e+02 -9.45590866e+02
2.29797980e-05 -2.29797980e-05 3.00000822e+08 -9.23097339e+02 -8.87819913e+02
2.34848485e-05 -2.29797980e-05 3.00000845e+08 -9.73286891e+02 -8.27977258e+02
2.39898990e-05 -2.29797980e-05 3.00000867e+08 -1.01761383e+03 -7.66617784e+02
2.44949495e-05 -2.29797980e-05 3.00000886e+08 -1.05598296e+03 -7.04286999e+02
2.50000000e-05 -2.29797980e-05 3.00000904e+08 -1.08837304e+03 -6.41513199e+02
-2.50000000e-05 -2.24747475e-05 2.99999542e+08 7.66318409e+02 1.40275524e+03
-2.44949495e-05 -2.24747475e-05 2.99999514e+08 8.40979419e+02 1.44008806e+03
-2.39898990e-05 -2.24747475e-05 2.99999484e+08 9.19674642e+02 1.47671988e+03
-2.34848485e-05 -2.24747475e-05 2.99999452e+08 1.00255145e+03 1.51237776e+03
-2.29797980e-05 -2.24747475e-05 2.99999418e+08 1.08974731e+03 1.54674316e+03
-2.24747475e-05 -2.24747475e-05 2.99999383e+08 1.18138390e+03 1.57944558e+03
-2.19696970e-05 -2.24747475e-05 2.99999346e+08 1.27755984e+03 1.61005588e+03
-2.14646465e-05 -2.24747475e-05 2.99999307e+08 1.37834140e+03 1.63807922e+03
-2.09595960e-05 -2.24747475e-05 2.99999268e+08 1.48375121e+03 1.66294811e+03
-2.04545455e-05 -2.24747475e-05 2.99999227e+08 1.59375455e+03 1.68401560e+03
-1.99494949e-05 -2.24747475e-05 2.99999186e+08 1.70824292e+03 1.70054921e+03
-1.94444444e-05 -2.24747475e-05 2.99999144e+08 1.82701474e+03 1.71172614e+03
-1.89393939e-05 -2.24747475e-05 2.99999103e+08 1.94975301e+03 1.71663033e+03
-1.84343434e-05 -2.24747475e-05 2.99999063e+08 2.07599986e+03 1.71425242e+03
-1.79292929e-05 -2.24747475e-05 2.99999025e+08 2.20512825e+03 1.70349353e+03
-1.74242424e-05 -2.24747475e-05 2.99998989e+08 2.33631120e+03 1.68317413e+03
-1.69191919e-05 -2.24747475e-05 2.99998957e+08 2.46848930e+03 1.65204939e+03
-1.64141414e-05 -2.24747475e-05 2.99998929e+08 2.60033782e+03 1.60883258e+03
-1.59090909e-05 -2.24747475e-05 2.99998905e+08 2.73023513e+03 1.55222795e+03
-1.54040404e-05 -2.24747475e-05 2.99998888e+08 2.85623493e+03 1.48097468e+03
-1.48989899e-05 -2.24747475e-05 2.99998878e+08 2.97604544e+03 1.39390310e+03
-1.43939394e-05 -2.24747475e-05 2.99998876e+08 3.08701956e+03 1.29000386e+03
-1.38888889e-05 -2.24747475e-05 2.99998883e+08 3.18616061e+03 1.16850996e+03
-1.33838384e-05 -2.24747475e-05 2.99998898e+08 3.27014900e+03 1.02899037e+03
-1.28787879e-05 -2.24747475e-05 2.99998923e+08 3.33539538e+03 8.71452402e+02
-1.23737374e-05 -2.24747475e-05 2.99998957e+08 3.37812541e+03 6.96447869e+02
-1.18686869e-05 -2.24747475e-05 2.99998999e+08 3.39450058e+03 5.05176093e+02
-1.13636364e-05 -2.24747475e-05 2.99999049e+08 3.38077723e+03 2.99574186e+02
-1.08585859e-05 -2.24747475e-05 2.99999105e+08 3.33350301e+03 8.23831216e+01
-1.03535354e-05 -2.24747475e-05 2.99999165e+08 3.24974579e+03 -1.42823409e+02
-9.84848485e-06 -2.24747475e-05 2.99999227e+08 3.12734456e+03 -3.71660536e+02
-9.34343434e-06 -2.24747475e-05 2.99999286e+08 2.96516649e+03 -5.99015801e+02
-8.83838384e-06 -2.24747475e-05 2.99999340e+08 2.76334839e+03 -8.19202684e+02
-8.33333333e-06 -2.24747475e-05 2.99999385e+08 2.52349692e+03 -1.02618594e+03
-7.82828283e-06 -2.24747475e-05 2.99999417e+08 2.24881999e+03 -1.21387245e+03
-7.32323232e-06 -2.24747475e-05 2.99999435e+08 1.94416333e+03 -1.37645193e+03
-6.81818182e-06 -2.24747475e-05 2.99999434e+08 1.61593254e+03 -1.50876264e+03
-6.31313131e-06 -2.24747475e-05 2.99999413e+08 1.27189077e+03 -1.60664967e+03
-5.80808081e-06 -2.24747475e-05 2.99999372e+08 9.20835727e+02 -1.66727960e+03
-5.30303030e-06 -2.24747475e-05 2.99999311e+08 5.72174664e+02 -1.68937617e+03
-4.79797980e-06 -2.24747475e-05 2.99999233e+08 2.35429906e+02 -1.67334806e+03
-4.29292929e-06 -2.24747475e-05 2.99999139e+08 -8.02819529e+01 -1.62129117e+03
-3.78787879e-06 -2.24747475e-05 2.99999035e+08 -3.66749260e+02 -1.53686215e+03
-3.28282828e-06 -2.24747475e-05 2.99998925e+08 -6.17096744e+02 -1.42503530e+03
-2.77777778e-06 -2.24747475e-05 2.99998814e+08 -8.26111323e+02 -1.29176863e+03
-2.27272727e-06 -2.24747475e-05 2.99998707e+08 -9.90437623e+02 -1.14361410e+03
-1.76767677e-06 -2.24747475e-05 2.99998609e+08 -1.10863435e+03 -9.87311400e+02
-1.26262626e-06 -2.24747475e-05 2.99998526e+08 -1.18109834e+03 -8.29402925e+02
-7.57575758e-07 -2.24747475e-05 2.99998459e+08 -1.20987619e+03 -6.75901485e+02
-2.52525253e-07 -2.24747475e-05 2.99998413e+08 -1.19839244e+03 -5.32032516e+02
2.52525253e-07 -2.24747475e-05 2.99998387e+08 -1.15112736e+03 -4.02061975e+02
7.57575758e-07 -2.24747475e-05 2.99998385e+08 -1.07327685e+03 -2.89210678e+02
1.26262626e-06 -2.24747475e-05 2.99998403e+08 -9.70423257e+02 -1.95647348e+02
1.76767677e-06 -2.24747475e-05 2.99998443e+08 -8.48238925e+02 -1.22546741e+02
2.27272727e-06 -2.24747475e-05 2.99998501e+08 -7.12237583e+02 -7.01960482e+01
2.77777778e-06 -2.24747475e-05 2.99998576e+08 -5.67580885e+02 -3.81321245e+01
3.28282828e-06 -2.24747475e-05 2.99998664e+08 -4.18941467e+02 -2.52933715e+01
3.78787879e-06 -2.24747475e-05 2.99998764e+08 -2.70418947e+02 -3.01726690e+01
4.29292929e-06 -2.24747475e-05 2.99998872e+08 -1.25502057e+02 -5.09609535e+01
4.79797980e-06 -2.24747475e-05 2.99998985e+08 1.29316822e+01 -8.56743586e+01
5.30303030e-06 -2.24747475e-05 2.99999102e+08 1.42587886e+02 -1.32260881e+02
5.80808081e-06 -2.24747475e-05 2.99999218e+08 2.61707594e+02 -1.88685083e+02
6.31313131e-06 -2.24747475e-05 2.99999334e+08 3.69007712e+02 -2.52991306e+02
6.81818182e-06 -2.24747475e-05 2.99999447e+08 4.63616089e+02 -3.23347206e+02
7.32323232e-06 -2.24747475e-05 2.99999555e+08 5.45006295e+02 -3.98070292e+02
7.82828283e-06 -2.24747475e-05 2.99999658e+08 6.12935778e+02 -4.75640468e+02
8.33333333e-06 -2.24747475e-05 2.99999754e+08 6.67389871e+02 -5.54701714e+02
8.83838384e-06 -2.24747475e-05 2.99999844e+08 7.08533055e+02 -6.34055814e+02
9.34343434e-06 -2.24747475e-05 2.99999927e+08 7.36668094e+02 -7.12650736e+02
9.84848485e-06 -2.24747475e-05 3.00000002e+08 7.52202994e+02 -7.89565919e+02
1.03535354e-05 -2.24747475e-05 3.00000071e+08 7.55625323e+02 -8.63996250e+02
1.08585859e-05 -2.24747475e-05 3.00000134e+08 7.47483121e+02 -9.35236183e+02
1.13636364e-05 -2.24747475e-05 3.00000190e+08 7.28371442e+02 -1.00266502e+03
1.18686869e-05 -2.24747475e-05 3.00000240e+08 6.98923522e+02 -1.06573409e+03
1.23737374e-05 -2.24747475e-05 3.00000286e+08 6.59805512e+02 -1.12395633e+03
1.28787879e-05 -2.24747475e-05 3.00000327e+08 6.11713788e+02 -1.17689834e+03
1.33838384e-05 -2.24747475e-05 3.00000364e+08 5.55373902e+02 -1.22417507e+03
1.38888889e-05 -2.24747475e-05 3.00000398e+08 4.91540347e+02 -1.26544699e+03
1.43939394e-05 -2.24747475e-05 3.00000429e+08 4.20996414e+02 -1.30041934e+03
1.48989899e-05 -2.24747475e-05 3.00000459e+08 3.44553562e+02 -1.32884333e+03
1.54040404e-05 -2.24747475e-05 3.00000487e+08 2.63049822e+02 -1.35051864e+03
1.59090909e-05 -2.24747475e-05 3.00000513e+08 1.77346933e+02 -1.36529698e+03
1.64141414e-05 -2.24747475e-05 3.00000539e+08 8.83260018e+01 -1.37308603e+03
1.69191919e-05 -2.24747475e-05 3.00000565e+08 -3.11837201e+00 -1.37385350e+03
1.74242424e-05 -2.24747475e-05 3.00000591e+08 -9.60854503e+01 -1.36763070e+03
1.79292929e-05 -2.24747475e-05 3.00000617e+08 -1.89677026e+02 -1.35451529e+03
1.84343434e-05 -2.24747475e-05 3.00000644e+08 -2.83007157e+02 -1.33467291e+03
1.89393939e-05 -2.24747475e-05 3.00000670e+08 -3.75212630e+02 -1.30833738e+03
1.94444444e-05 -2.24747475e-05 3.00000697e+08 -4.65463788e+02 -1.27580940e+03
1.99494949e-05 -2.24747475e-05 3.00000724e+08 -5.52975307e+02 -1.23745346e+03
2.04545455e-05 -2.24747475e-05 3.00000751e+08 -6.37016516e+02 -1.19369329e+03
2.09595960e-05 -2.24747475e-05 3.00000778e+08 -7.16920874e+02 -1.14500562e+03
2.14646465e-05 -2.24747475e-05 3.00000804e+08 -7.92094257e+02 -1.09191271e+03
2.19696970e-05 -2.24747475e-05 3.00000830e+08 -8.62021747e+02 -1.03497366e+03
2.24747475e-05 -2.24747475e-05 3.00000855e+08 -9.26272723e+02 -9.74774949e+02
2.29797980e-05 -2.24747475e-05 3.00000879e+08 -9.84504092e+02 -9.11920467e+02
2.34848485e-05 -2.24747475e-05 3.00000902e+08 -1.03646161e+03 -8.47021323e+02
2.39898990e-05 -2.24747475e-05 3.00000923e+08 -1.08197932e+03 -7.80685847e+02
2.44949495e-05 -2.24747475e-05 3.00000941e+08 -1.12097713e+03 -7.13510006e+02
2.50000000e-05 -2.24747475e-05 3.00000958e+08 -1.15345685e+03 -6.46068560e+02
-2.50000000e-05 -2.19696970e-05 2.99999555e+08 7.26913988e+02 1.42578133e+03
-2.44949495e-05 -2.19696970e-05 2.99999525e+08 8.01991751e+02 1.46687584e+03
-2.39898990e-05 -2.19696970e-05 2.99999494e+08 8.81344606e+02 1.50760870e+03
-2.34848485e-05 -2.19696970e-05 2.99999459e+08 9.65162996e+02 1.54773023e+03
-2.29797980e-05 -2.19696970e-05 2.99999423e+08 1.05363400e+03 1.58694397e+03
-2.24747475e-05 -2.19696970e-05 2.99999384e+08 1.14693612e+03 1.62489921e+03
-2.19696970e-05 -2.19696970e-05 2.99999344e+08 1.24523239e+03 1.66118299e+03
-2.14646465e-05 -2.19696970e-05 2.99999301e+08 1.34866150e+03 1.69531131e+03
-2.09595960e-05 -2.19696970e-05 2.99999257e+08 1.45732662e+03 1.72672009e+03
-2.04545455e-05 -2.19696970e-05 2.99999211e+08 1.57128132e+03 1.75475589e+03
-1.99494949e-05 -2.19696970e-05 2.99999164e+08 1.69051254e+03 1.77866694e+03
-1.94444444e-05 -2.19696970e-05 2.99999116e+08 1.81491982e+03 1.79759496e+03
-1.89393939e-05 -2.19696970e-05 2.99999068e+08 1.94429083e+03 1.81056851e+03
-1.84343434e-05 -2.19696970e-05 2.99999020e+08 2.07827273e+03 1.81649885e+03
-1.79292929e-05 -2.19696970e-05 2.99998974e+08 2.21633946e+03 1.81417947e+03
-1.74242424e-05 -2.19696970e-05 2.99998929e+08 2.35775507e+03 1.80229063e+03
-1.69191919e-05 -2.19696970e-05 2.99998888e+08 2.50153380e+03 1.77941086e+03
-1.64141414e-05 -2.19696970e-05 2.99998850e+08 2.64639785e+03 1.74403699e+03
-1.59090909e-05 -2.19696970e-05 2.99998818e+08 2.79073470e+03 1.69461518e+03
-1.54040404e-05 -2.19696970e-05 2.99998792e+08 2.93255647e+03 1.62958485e+03
-1.48989899e-05 -2.19696970e-05 2.99998773e+08 3.06946476e+03 1.54743772e+03
-1.43939394e-05 -2.19696970e-05 2.99998762e+08 3.19862572e+03 1.44679342e+03
-1.38888889e-05 -2.19696970e-05 2.99998761e+08 3.31676086e+03 1.32649271e+03
-1.33838384e-05 -2.19696970e-05 2.99998770e+08 3.42016052e+03 1.18570776e+03
-1.28787879e-05 -2.19696970e-05 2.99998790e+08 3.50472733e+03 1.02406711e+03
-1.23737374e-05 -2.19696970e-05 2.99998821e+08 3.56605759e+03 8.41790848e+02
-1.18686869e-05 -2.19696970e-05 2.99998863e+08 3.59956733e+03 6.39827919e+02
-1.13636364e-05 -2.19696970e-05 2.99998914e+08 3.60066846e+03 4.19984728e+02
-1.08585859e-05 -2.19696970e-05 2.99998973e+08 3.56499639e+03 1.85030418e+02
-1.03535354e-05 -2.19696970e-05 2.99999038e+08 3.48868576e+03 -6.12382830e+01
-9.84848485e-06 -2.19696970e-05 2.99999106e+08 3.36868371e+03 -3.13991173e+02
-9.34343434e-06 -2.19696970e-05 2.99999174e+08 3.20308218e+03 -5.67435295e+02
-8.83838384e-06 -2.19696970e-05 2.99999237e+08 2.99144251e+03 -8.14975973e+02
-8.33333333e-06 -2.19696970e-05 2.99999291e+08 2.73507829e+03 -1.04947448e+03
-7.82828283e-06 -2.19696970e-05 2.99999332e+08 2.43725842e+03 -1.26359796e+03
-7.32323232e-06 -2.19696970e-05 2.99999355e+08 2.10329310e+03 -1.45024398e+03
-6.81818182e-06 -2.19696970e-05 2.99999359e+08 1.74047194e+03 -1.60300865e+03
-6.31313131e-06 -2.19696970e-05 2.99999340e+08 1.35783695e+03 -1.71665523e+03
-5.80808081e-06 -2.19696970e-05 2.99999298e+08 9.65791276e+02 -1.78753347e+03
-5.30303030e-06 -2.19696970e-05 2.99999233e+08 5.75566380e+02 -1.81389993e+03
-4.79797980e-06 -2.19696970e-05 2.99999148e+08 1.98590612e+02 -1.79609746e+03
-4.29292929e-06 -2.19696970e-05 2.99999045e+08 -1.54181876e+02 -1.73656795e+03
-3.78787879e-06 -2.19696970e-05 2.99998930e+08 -4.72915513e+02 -1.63969272e+03
-3.28282828e-06 -2.19696970e-05 2.99998809e+08 -7.49446909e+02 -1.51147743e+03
-2.77777778e-06 -2.19696970e-05 2.99998687e+08 -9.77695661e+02 -1.35911732e+03
-2.27272727e-06 -2.19696970e-05 2.99998572e+08 -1.15389960e+03 -1.19049213e+03
-1.76767677e-06 -2.19696970e-05 2.99998468e+08 -1.27666457e+03 -1.01364514e+03
-1.26262626e-06 -2.19696970e-05 2.99998380e+08 -1.34684089e+03 -8.36297530e+02
-7.57575758e-07 -2.19696970e-05 2.99998314e+08 -1.36725683e+03 -6.65439394e+02
-2.52525253e-07 -2.19696970e-05 2.99998271e+08 -1.34235055e+03 -5.07024439e+02
2.52525253e-07 -2.19696970e-05 2.99998254e+08 -1.27774661e+03 -3.65780058e+02
7.57575758e-07 -2.19696970e-05 2.99998262e+08 -1.17982078e+03 -2.45130182e+02
1.26262626e-06 -2.19696970e-05 2.99998295e+08 -1.05528982e+03 -1.47217313e+02
1.76767677e-06 -2.19696970e-05 2.99998351e+08 -9.10853249e+02 -7.30030668e+01
2.27272727e-06 -2.19696970e-05 2.99998428e+08 -7.52903486e+02 -2.24234605e+01
2.77777778e-06 -2.19696970e-05 2.99998522e+08 -5.87310787e+02 5.42450560e+00
3.28282828e-06 -2.19696970e-05 2.99998631e+08 -4.19281616e+02 1.20857050e+01
3.78787879e-06 -2.19696970e-05 2.99998751e+08 -2.53283082e+02 -4.44266592e-01
4.29292929e-06 -2.19696970e-05 2.99998878e+08 -9.30226785e+01 -2.98923784e+01
4.79797980e-06 -2.19696970e-05 2.99999010e+08 5.85290226e+01 -7.38562510e+01
5.30303030e-06 -2.19696970e-05 2.99999143e+08 1.99085024e+02 -1.29923626e+02
5.80808081e-06 -2.19696970e-05 2.99999275e+08 3.26969136e+02 -1.95762905e+02
6.31313131e-06 -2.19696970e-05 2.99999404e+08 4.41033296e+02 -2.69186647e+02
6.81818182e-06 -2.19696970e-05 2.99999529e+08 5.40572535e+02 -3.48191322e+02
7.32323232e-06 -2.19696970e-05 2.99999647e+08 6.25243151e+02 -4.30977332e+02
7.82828283e-06 -2.19696970e-05 2.99999757e+08 6.94987904e+02 -5.15953495e+02
8.33333333e-06 -2.19696970e-05 2.99999860e+08 7.49970492e+02 -6.01730035e+02
8.83838384e-06 -2.19696970e-05 2.99999954e+08 7.90520373e+02 -6.87103690e+02
9.34343434e-06 -2.19696970e-05 3.00000040e+08 8.17088079e+02 -7.71038065e+02
9.84848485e-06 -2.19696970e-05 3.00000117e+08 8.30210506e+02 -8.52641747e+02
1.03535354e-05 -2.19696970e-05 3.00000187e+08 8.30485243e+02 -9.31146199e+02
1.08585859e-05 -2.19696970e-05 3.00000248e+08 8.18552726e+02 -1.00588490e+03
1.13636364e-05 -2.19696970e-05 3.00000303e+08 7.95084914e+02 -1.07627479e+03
1.18686869e-05 -2.19696970e-05 3.00000351e+08 7.60779117e+02 -1.14180070e+03
1.23737374e-05 -2.19696970e-05 3.00000394e+08 7.16355674e+02 -1.20200304e+03
1.28787879e-05 -2.19696970e-05 3.00000432e+08 6.62558267e+02 -1.25646908e+03
1.33838384e-05 -2.19696970e-05 3.00000465e+08 6.00155741e+02 -1.30482734e+03
1.38888889e-05 -2.19696970e-05 3.00000495e+08 5.29944487e+02 -1.34674529e+03
1.43939394e-05 -2.19696970e-05 3.00000523e+08 4.52750541e+02 -1.38192957e+03
1.48989899e-05 -2.19696970e-05 3.00000548e+08 3.69430742e+02 -1.41012850e+03
1.54040404e-05 -2.19696970e-05 3.00000572e+08 2.80872438e+02 -1.43113630e+03
1.59090909e-05 -2.19696970e-05 3.00000595e+08 1.87991382e+02 -1.44479833e+03
1.64141414e-05 -2.19696970e-05 3.00000618e+08 9.17276389e+01 -1.45101694e+03
1.69191919e-05 -2.19696970e-05 3.00000641e+08 -6.96056084e+00 -1.44975720e+03
1.74242424e-05 -2.19696970e-05 3.00000664e+08 -1.07104899e+02 -1.44105207e+03
1.79292929e-05 -2.19696970e-05 3.00000687e+08 -2.07736771e+02 -1.42500654e+03
1.84343434e-05 -2.19696970e-05 3.00000712e+08 -3.07898467e+02 -1.40180024e+03
1.89393939e-05 -2.19696970e-05 3.00000736e+08 -4.06655320e+02 -1.37168837e+03
1.94444444e-05 -2.19696970e-05 3.00000762e+08 -5.03108345e+02 -1.33500062e+03
1.99494949e-05 -2.19696970e-05 3.00000787e+08 -5.96406855e+02 -1.29213805e+03
2.04545455e-05 -2.19696970e-05 3.00000813e+08 -6.85760557e+02 -1.24356802e+03
2.09595960e-05 -2.19696970e-05 3.00000839e+08 -7.70450639e+02 -1.18981722e+03
2.14646465e-05 -2.19696970e-05 3.00000865e+08 -8.49839426e+02 -1.13146297e+03
2.19696970e-05 -2.19696970e-05 3.00000890e+08 -9.23378248e+02 -1.06912332e+03
2.24747475e-05 -2.19696970e-05 3.00000915e+08 -9.90613256e+02 -1.00344608e+03
2.29797980e-05 -2.19696970e-05 3.00000938e+08 -1.05118902e+03 -9.35097252e+02
2.34848485e-05 -2.19696970e-05 3.00000960e+08 -1.10484985e+03 -8.64749332e+02
2.39898990e-05 -2.19696970e-05 3.00000980e+08 -1.15143887e+03 -7.93069800e+02
2.44949495e-05 -2.19696970e-05 3.00000998e+08 -1.19089498e+03 -7.20710190e+02
2.50000000e-05 -2.19696970e-05 3.00001014e+08 -1.22324786e+03 -6.48296055e+02
-2.50000000e-05 -2.14646465e-05 2.99999573e+08 6.83929145e+02 1.44524833e+03
-2.44949495e-05 -2.14646465e-05 2.99999542e+08 7.59083115e+02 1.49006954e+03
-2.39898990e-05 -2.14646465e-05 2.99999509e+08 8.38726164e+02 1.53489709e+03
-2.34848485e-05 -2.14646465e-05 2.99999472e+08 9.23091988e+02 1.57951185e+03
-2.29797980e-05 -2.14646465e-05 2.99999433e+08 1.01241840e+03 1.62364783e+03
-2.24747475e-05 -2.14646465e-05 2.99999392e+08 1.10694299e+03 1.66698386e+03
-2.19696970e-05 -2.14646465e-05 2.99999348e+08 1.20689704e+03 1.70913405e+03
-2.14646465e-05 -2.14646465e-05 2.99999301e+08 1.31249743e+03 1.74963746e+03
-2.09595960e-05 -2.14646465e-05 2.99999252e+08 1.42393590e+03 1.78794678e+03
-2.04545455e-05 -2.14646465e-05 2.99999200e+08 1.54136529e+03 1.82341644e+03
-1.99494949e-05 -2.14646465e-05 2.99999147e+08 1.66488217e+03 1.85529038e+03
-1.94444444e-05 -2.14646465e-05 2.99999092e+08 1.79450532e+03 1.88269008e+03
-1.89393939e-05 -2.14646465e-05 2.99999037e+08 1.93014947e+03 1.90460349e+03
-1.84343434e-05 -2.14646465e-05 2.99998981e+08 2.07159396e+03 1.91987587e+03
-1.79292929e-05 -2.14646465e-05 2.99998926e+08 2.21844577e+03 1.92720388e+03
-1.74242424e-05 -2.14646465e-05 2.99998872e+08 2.37009710e+03 1.92513442e+03
-1.69191919e-05 -2.14646465e-05 2.99998820e+08 2.52567750e+03 1.91207024e+03
-1.64141414e-05 -2.14646465e-05 2.99998772e+08 2.68400162e+03 1.88628478e+03
-1.59090909e-05 -2.14646465e-05 2.99998729e+08 2.84351378e+03 1.84594875e+03
-1.54040404e-05 -2.14646465e-05 2.99998691e+08 3.00223213e+03 1.78917173e+03
-1.48989899e-05 -2.14646465e-05 2.99998662e+08 3.15769591e+03 1.71406144e+03
-1.43939394e-05 -2.14646465e-05 2.99998641e+08 3.30692079e+03 1.61880397e+03
-1.38888889e-05 -2.14646465e-05 2.99998631e+08 3.44636930e+03 1.50176677e+03
-1.33838384e-05 -2.14646465e-05 2.99998631e+08 3.57194432e+03 1.36162559e+03
-1.28787879e-05 -2.14646465e-05 2.99998645e+08 3.67901573e+03 1.19751420e+03
-1.23737374e-05 -2.14646465e-05 2.99998671e+08 3.76249089e+03 1.00919275e+03
-1.18686869e-05 -2.14646465e-05 2.99998710e+08 3.81693974e+03 7.97227001e+02
-1.13636364e-05 -2.14646465e-05 2.99998760e+08 3.83678377e+03 5.63165858e+02
-1.08585859e-05 -2.14646465e-05 2.99998822e+08 3.81655461e+03 3.09699570e+02
-1.03535354e-05 -2.14646465e-05 2.99998892e+08 3.75122168e+03 4.07764414e+01
-9.84848485e-06 -2.14646465e-05 2.99998967e+08 3.63657966e+03 -2.38347493e+02
-9.34343434e-06 -2.14646465e-05 2.99999043e+08 3.46967540e+03 -5.21151841e+02
-8.83838384e-06 -2.14646465e-05 2.99999116e+08 3.24924157e+03 -8.00010800e+02
-8.33333333e-06 -2.14646465e-05 2.99999181e+08 2.97609296e+03 -1.06648153e+03
-7.82828283e-06 -2.14646465e-05 2.99999232e+08 2.65343305e+03 -1.31172186e+03
-7.32323232e-06 -2.14646465e-05 2.99999264e+08 2.28701698e+03 -1.52701897e+03
-6.81818182e-06 -2.14646465e-05 2.99999273e+08 1.88512394e+03 -1.70439046e+03
-6.31313131e-06 -2.14646465e-05 2.99999257e+08 1.45830886e+03 -1.83720092e+03
-5.80808081e-06 -2.14646465e-05 2.99999214e+08 1.01892916e+03 -1.92072511e+03
-5.30303030e-06 -2.14646465e-05 2.99999145e+08 5.80473006e+02 -1.95258677e+03
-4.79797980e-06 -2.14646465e-05 2.99999051e+08 1.56746363e+02 -1.93301250e+03
-4.29292929e-06 -2.14646465e-05 2.99998938e+08 -2.38999954e+02 -1.86486150e+03
-3.78787879e-06 -2.14646465e-05 2.99998811e+08 -5.94910088e+02 -1.75342249e+03
-3.28282828e-06 -2.14646465e-05 2.99998677e+08 -9.01239804e+02 -1.60600056e+03
-2.77777778e-06 -2.14646465e-05 2.99998543e+08 -1.15087777e+03 -1.43134547e+03
-2.27272727e-06 -2.14646465e-05 2.99998417e+08 -1.33962772e+03 -1.23899113e+03
-1.76767677e-06 -2.14646465e-05 2.99998306e+08 -1.46624118e+03 -1.03858267e+03
-1.26262626e-06 -2.14646465e-05 2.99998216e+08 -1.53222193e+03 -8.39260898e+02
-7.57575758e-07 -2.14646465e-05 2.99998151e+08 -1.54144822e+03 -6.49158804e+02
-2.52525253e-07 -2.14646465e-05 2.99998115e+08 -1.49967291e+03 -4.75042792e+02
2.52525253e-07 -2.14646465e-05 2.99998108e+08 -1.41396570e+03 -3.22109617e+02
7.57575758e-07 -2.14646465e-05 2.99998130e+08 -1.29215597e+03 -1.93930286e+02
1.26262626e-06 -2.14646465e-05 2.99998181e+08 -1.14232321e+03 -9.25181660e+01
1.76767677e-06 -2.14646465e-05 2.99998257e+08 -9.72366961e+02 -1.84904169e+01
2.27272727e-06 -2.14646465e-05 2.99998356e+08 -7.89673452e+02 2.87105374e+01
2.77777778e-06 -2.14646465e-05 2.99998474e+08 -6.00882611e+02 5.05666590e+01
3.28282828e-06 -2.14646465e-05 2.99998606e+08 -4.11749404e+02 4.92312119e+01
3.78787879e-06 -2.14646465e-05 2.99998748e+08 -2.27086517e+02 2.72926048e+01
4.29292929e-06 -2.14646465e-05 2.99998897e+08 -5.07720591e+01 -1.24318654e+01
4.79797980e-06 -2.14646465e-05 2.99999049e+08 1.14194934e+02 -6.70654343e+01
5.30303030e-06 -2.14646465e-05 2.99999201e+08 2.65607426e+02 -1.33802443e+02
5.80808081e-06 -2.14646465e-05 2.99999350e+08 4.01945770e+02 -2.10001668e+02
6.31313131e-06 -2.14646465e-05 2.99999493e+08 5.22266892e+02 -2.93246390e+02
6.81818182e-06 -2.14646465e-05 2.99999630e+08 6.26095756e+02 -3.81376461e+02
7.32323232e-06 -2.14646465e-05 2.99999757e+08 7.13324983e+02 -4.72498110e+02
7.82828283e-06 -2.14646465e-05 2.99999876e+08 7.84126249e+02 -5.64977082e+02
8.33333333e-06 -2.14646465e-05 2.99999984e+08 8.38875261e+02 -6.57420179e+02
8.83838384e-06 -2.14646465e-05 3.00000082e+08 8.78090755e+02 -7.48649567e+02
9.34343434e-06 -2.14646465e-05 3.00000170e+08 9.02386997e+02 -8.37673436e+02
9.84848485e-06 -2.14646465e-05 3.00000248e+08 9.12438615e+02 -9.23655800e+02
1.03535354e-05 -2.14646465e-05 3.00000317e+08 9.08956220e+02 -1.00588753e+03
1.08585859e-05 -2.14646465e-05 3.00000377e+08 8.92671109e+02 -1.08376014e+03
1.13636364e-05 -2.14646465e-05 3.00000429e+08 8.64327277e+02 -1.15674319e+03
1.18686869e-05 -2.14646465e-05 3.00000474e+08 8.24679030e+02 -1.22436605e+03
1.23737374e-05 -2.14646465e-05 3.00000512e+08 7.74492610e+02 -1.28620403e+03
1.28787879e-05 -2.14646465e-05 3.00000546e+08 7.14550360e+02 -1.34186895e+03
1.33838384e-05 -2.14646465e-05 3.00000574e+08 6.45656166e+02 -1.39100393e+03
1.38888889e-05 -2.14646465e-05 3.00000600e+08 5.68641034e+02 -1.43328189e+03
1.43939394e-05 -2.14646465e-05 3.00000622e+08 4.84367903e+02 -1.46840735e+03
1.48989899e-05 -2.14646465e-05 3.00000643e+08 3.93734925e+02 -1.49612078e+03
1.54040404e-05 -2.14646465e-05 3.00000663e+08 2.97676671e+02 -1.51620496e+03
1.59090909e-05 -2.14646465e-05 3.00000682e+08 1.97162880e+02 -1.52849257e+03
1.64141414e-05 -2.14646465e-05 3.00000700e+08 9.31945636e+01 -1.53287428e+03
1.69191919e-05 -2.14646465e-05 3.00000720e+08 -1.32025361e+01 -1.52930670e+03
1.74242424e-05 -2.14646465e-05 3.00000740e+08 -1.20986997e+02 -1.51781956e+03
1.79292929e-05 -2.14646465e-05 3.00000760e+08 -2.29112960e+02 -1.49852142e+03
1.84343434e-05 -2.14646465e-05 3.00000782e+08 -3.36543140e+02 -1.47160361e+03
1.89393939e-05 -2.14646465e-05 3.00000805e+08 -4.42263073e+02 -1.43734194e+03
1.94444444e-05 -2.14646465e-05 3.00000828e+08 -5.45295999e+02 -1.39609598e+03
1.99494949e-05 -2.14646465e-05 3.00000852e+08 -6.44717751e+02 -1.34830584e+03
2.04545455e-05 -2.14646465e-05 3.00000877e+08 -7.39671020e+02 -1.29448642e+03
2.09595960e-05 -2.14646465e-05 3.00000902e+08 -8.29378405e+02 -1.23521950e+03
2.14646465e-05 -2.14646465e-05 3.00000927e+08 -9.13153722e+02 -1.17114367e+03
2.19696970e-05 -2.14646465e-05 3.00000952e+08 -9.90411154e+02 -1.10294281e+03
2.24747475e-05 -2.14646465e-05 3.00000976e+08 -1.06067192e+03 -1.03133328e+03
2.29797980e-05 -2.14646465e-05 3.00000999e+08 -1.12356825e+03 -9.57050544e+02
2.34848485e-05 -2.14646465e-05 3.00001020e+08 -1.17884472e+03 -8.80835546e+02
2.39898990e-05 -2.14646465e-05 3.00001039e+08 -1.22635678e+03 -8.03421474e+02
2.44949495e-05 -2.14646465e-05 3.00001057e+08 -1.26606692e+03 -7.25521215e+02
2.50000000e-05 -2.14646465e-05 3.00001072e+08 -1.29803852e+03 -6.47815969e+02
-2.50000000e-05 -2.09595960e-05 2.99999596e+08 6.37436693e+02 1.46068646e+03
-2.44949495e-05 -2.09595960e-05 2.99999564e+08 7.12303055e+02 1.50914490e+03
-2.39898990e-05 -2.09595960e-05 2.99999529e+08 7.91838764e+02 1.55800196e+03
-2.34848485e-05 -2.09595960e-05 2.99999491e+08 8.76319734e+02 1.60707658e+03
-2.29797980e-05 -2.09595960e-05 2.99999450e+08 9.66034276e+02 1.65614225e+03
-2.24747475e-05 -2.09595960e-05 2.99999406e+08 1.06127993e+03 1.70491773e+03
-2.19696970e-05 -2.09595960e-05 2.99999358e+08 1.16235859e+03 1.75305638e+03
-2.14646465e-05 -2.09595960e-05 2.99999307e+08 1.26956959e+03 1.80013411e+03
-2.09595960e-05 -2.09595960e-05 2.99999253e+08 1.38319994e+03 1.84563594e+03
-2.04545455e-05 -2.09595960e-05 2.99999196e+08 1.50351147e+03 1.88894132e+03
-1.99494949e-05 -2.09595960e-05 2.99999137e+08 1.63072381e+03 1.92930849e+03
-1.94444444e-05 -2.09595960e-05 2.99999075e+08 1.76499273e+03 1.96585825e+03
-1.89393939e-05 -2.09595960e-05 2.99999012e+08 1.90638292e+03 1.99755790e+03
-1.84343434e-05 -2.09595960e-05 2.99998947e+08 2.05483450e+03 2.02320620e+03
-1.79292929e-05 -2.09595960e-05 2.99998882e+08 2.21012250e+03 2.04142078e+03
-1.74242424e-05 -2.09595960e-05 2.99998818e+08 2.37180896e+03 2.05062955e+03
-1.69191919e-05 -2.09595960e-05 2.99998755e+08 2.53918725e+03 2.04906856e+03
-1.64141414e-05 -2.09595960e-05 2.99998695e+08 2.71121918e+03 2.03478890e+03
-1.59090909e-05 -2.09595960e-05 2.99998639e+08 2.88646573e+03 2.00567607e+03
-1.54040404e-05 -2.09595960e-05 2.99998589e+08 3.06301382e+03 1.95948564e+03
-1.48989899e-05 -2.09595960e-05 2.99998546e+08 3.23840240e+03 1.89389954e+03
-1.43939394e-05 -2.09595960e-05 2.99998513e+08 3.40955337e+03 1.80660722e+03
-1.38888889e-05 -2.09595960e-05 2.99998491e+08 3.57271478e+03 1.69541589e+03
-1.33838384e-05 -2.09595960e-05 2.99998481e+08 3.72342629e+03 1.55839258e+03
-1.28787879e-05 -2.09595960e-05 2.99998485e+08 3.85651916e+03 1.39403912e+03
-1.23737374e-05 -2.09595960e-05 2.99998504e+08 3.96616547e+03 1.20149758e+03
-1.18686869e-05 -2.09595960e-05 2.99998538e+08 4.04599200e+03 9.80778942e+02
-1.13636364e-05 -2.09595960e-05 2.99998587e+08 4.08927408e+03 7.33001834e+02
-1.08585859e-05 -2.09595960e-05 2.99998649e+08 4.08922113e+03 4.60620660e+02
-1.03535354e-05 -2.09595960e-05 2.99998723e+08 4.03935911e+03 1.67615207e+02
-9.84848485e-06 -2.09595960e-05 2.99998805e+08 3.93400401e+03 -1.40392689e+02
-9.34343434e-06 -2.09595960e-05 2.99998891e+08 3.76880579e+03 -4.56132958e+02
-8.83838384e-06 -2.09595960e-05 2.99998976e+08 3.54132424e+03 -7.70827141e+02
-8.33333333e-06 -2.09595960e-05 2.99999052e+08 3.25158020e+03 -1.07450043e+03
-7.82828283e-06 -2.09595960e-05 2.99999115e+08 2.90251083e+03 -1.35647436e+03
-7.32323232e-06 -2.09595960e-05 2.99999157e+08 2.50025121e+03 -1.60602340e+03
-6.81818182e-06 -2.09595960e-05 2.99999174e+08 2.05417056e+03 -1.81314881e+03
-6.31313131e-06 -2.09595960e-05 2.99999162e+08 1.57661260e+03 -1.96939482e+03
-5.80808081e-06 -2.09595960e-05 2.99999118e+08 1.08232494e+03 -2.06861093e+03
-5.30303030e-06 -2.09595960e-05 2.99999044e+08 5.87607615e+02 -2.10755871e+03
-4.79797980e-06 -2.09595960e-05 2.99998941e+08 1.09257171e+02 -2.08627332e+03
-4.29292929e-06 -2.09595960e-05 2.99998815e+08 -3.36580511e+02 -2.00812104e+03
-3.78787879e-06 -2.09595960e-05 2.99998674e+08 -7.35516115e+02 -1.87953781e+03
-3.28282828e-06 -2.09595960e-05 2.99998525e+08 -1.07585346e+03 -1.70948130e+03
-2.77777778e-06 -2.09595960e-05 2.99998377e+08 -1.34925523e+03 -1.50867076e+03
-2.27272727e-06 -2.09595960e-05 2.99998240e+08 -1.55107923e+03 -1.28871491e+03
-1.76767677e-06 -2.09595960e-05 2.99998122e+08 -1.68037610e+03 -1.06123610e+03
-1.26262626e-06 -2.09595960e-05 2.99998030e+08 -1.73958471e+03 -8.37087030e+02
-7.57575758e-07 -2.09595960e-05 2.99997968e+08 -1.73399549e+03 -6.25731418e+02
-2.52525253e-07 -2.09595960e-05 2.99997940e+08 -1.67106946e+03 -4.34827785e+02
2.52525253e-07 -2.09595960e-05 2.99997947e+08 -1.55970228e+03 -2.70023448e+02
7.57575758e-07 -2.09595960e-05 2.99997988e+08 -1.40951173e+03 -1.34939551e+02
1.26262626e-06 -2.09595960e-05 2.99998061e+08 -1.23020744e+03 -3.13101404e+01
1.76767677e-06 -2.09595960e-05 2.99998162e+08 -1.03107986e+03 4.07702377e+01
2.27272727e-06 -2.09595960e-05 2.99998288e+08 -8.20624060e+02 8.25364762e+01
2.77777778e-06 -2.09595960e-05 2.99998432e+08 -6.06296912e+02 9.62212395e+01
3.28282828e-06 -2.09595960e-05 2.99998592e+08 -3.94393756e+02 8.47339588e+01
3.78787879e-06 -2.09595960e-05 2.99998760e+08 -1.90023498e+02 5.13730380e+01
4.29292929e-06 -2.09595960e-05 2.99998934e+08 2.84172888e+00 -4.15465757e-01
4.79797980e-06 -2.09595960e-05 2.99999108e+08 1.81265808e+02 -6.72272645e+01
5.30303030e-06 -2.09595960e-05 2.99999280e+08 3.43217634e+02 -1.45837895e+02
5.80808081e-06 -2.09595960e-05 2.99999446e+08 4.87426964e+02 -2.33293966e+02
6.31313131e-06 -2.09595960e-05 2.99999604e+08 6.13240170e+02 -3.26964472e+02
6.81818182e-06 -2.09595960e-05 2.99999753e+08 7.20485028e+02 -4.24560025e+02
7.32323232e-06 -2.09595960e-05 2.99999890e+08 8.09350299e+02 -5.24127816e+02
7.82828283e-06 -2.09595960e-05 3.00000016e+08 8.80283134e+02 -6.24029509e+02
8.33333333e-06 -2.09595960e-05 3.00000129e+08 9.33905247e+02 -7.22908237e+02
8.83838384e-06 -2.09595960e-05 3.00000230e+08 9.70947363e+02 -8.19649784e+02
9.34343434e-06 -2.09595960e-05 3.00000319e+08 9.92200482e+02 -9.13341913e+02
9.84848485e-06 -2.09595960e-05 3.00000396e+08 9.98481948e+02 -1.00323478e+03
1.03535354e-05 -2.09595960e-05 3.00000463e+08 9.90614066e+02 -1.08870455e+03
1.08585859e-05 -2.09595960e-05 3.00000520e+08 9.69412931e+02 -1.16922152e+03
1.13636364e-05 -2.09595960e-05 3.00000568e+08 9.35685242e+02 -1.24432366e+03
1.18686869e-05 -2.09595960e-05 3.00000608e+08 8.90230990e+02 -1.31359582e+03
1.23737374e-05 -2.09595960e-05 3.00000641e+08 8.33850146e+02 -1.37665470e+03
1.28787879e-05 -2.09595960e-05 3.00000669e+08 7.67351646e+02 -1.43313931e+03
1.33838384e-05 -2.09595960e-05 3.00000692e+08 6.91563226e+02 -1.48270654e+03
1.38888889e-05 -2.09595960e-05 3.00000712e+08 6.07340849e+02 -1.52503119e+03
1.43939394e-05 -2.09595960e-05 3.00000729e+08 5.15576706e+02 -1.55980984e+03
1.48989899e-05 -2.09595960e-05 3.00000744e+08 4.17204962e+02 -1.58676775e+03
1.54040404e-05 -2.09595960e-05 3.00000758e+08 3.13204657e+02 -1.60566798e+03
1.59090909e-05 -2.09595960e-05 3.00000772e+08 2.04599363e+02 -1.61632188e+03
1.64141414e-05 -2.09595960e-05 3.00000786e+08 9.24534236e+01 -1.61860006e+03
1.69191919e-05 -2.09595960e-05 3.00000801e+08 -2.21351971e+01 -1.61244304e+03
1.74242424e-05 -2.09595960e-05 3.00000818e+08 -1.38045234e+02 -1.59787079e+03
1.79292929e-05 -2.09595960e-05 3.00000835e+08 -2.54145213e+02 -1.57499055e+03
1.84343434e-05 -2.09595960e-05 3.00000854e+08 -3.69308761e+02 -1.54400225e+03
1.89393939e-05 -2.09595960e-05 3.00000875e+08 -4.82431471e+02 -1.50520116e+03
1.94444444e-05 -2.09595960e-05 3.00000896e+08 -5.92448568e+02 -1.45897762e+03
1.99494949e-05 -2.09595960e-05 3.00000919e+08 -6.98352591e+02 -1.40581355e+03
2.04545455e-05 -2.09595960e-05 3.00000943e+08 -7.99210313e+02 -1.34627603e+03
2.09595960e-05 -2.09595960e-05 3.00000967e+08 -8.94178175e+02 -1.28100800e+03
2.14646465e-05 -2.09595960e-05 3.00000991e+08 -9.82515595e+02 -1.21071662e+03
2.19696970e-05 -2.09595960e-05 3.00001015e+08 -1.06359563e+03 -1.13615970e+03
2.24747475e-05 -2.09595960e-05 3.00001038e+08 -1.13691261e+03 -1.05813071e+03
2.29797980e-05 -2.09595960e-05 3.00001061e+08 -1.20208662e+03 -9.77443129e+02
2.34848485e-05 -2.09595960e-05 3.00001081e+08 -1.25886459e+03 -8.94914594e+02
2.39898990e-05 -2.09595960e-05 3.00001100e+08 -1.30711830e+03 -8.11351535e+02
2.44949495e-05 -2.09595960e-05 3.00001117e+08 -1.34683942e+03 -7.27534786e+02
2.50000000e-05 -2.09595960e-05 3.00001131e+08 -1.37813192e+03 -6.44206616e+02
-2.50000000e-05 -2.04545455e-05 2.99999625e+08 5.87564483e+02 1.47162299e+03
-2.44949495e-05 -2.04545455e-05 2.99999592e+08 6.61761265e+02 1.52356858e+03
-2.39898990e-05 -2.04545455e-05 2.99999556e+08 7.40767065e+02 1.57632348e+03
-2.34848485e-05 -2.04545455e-05 2.99999517e+08 8.24897554e+02 1.62975227e+03
-2.29797980e-05 -2.04545455e-05 2.99999474e+08 9.14489706e+02 1.68367709e+03
-2.24747475e-05 -2.04545455e-05 2.99999427e+08 1.00990012e+03 1.73786765e+03
-2.19696970e-05 -2.04545455e-05 2.99999376e+08 1.11150177e+03 1.79202960e+03
-2.14646465e-05 -2.04545455e-05 2.99999321e+08 1.21967867e+03 1.84579094e+03
-2.09595960e-05 -2.04545455e-05 2.99999263e+08 1.33481785e+03 1.89868656e+03
-2.04545455e-05 -2.04545455e-05 2.99999201e+08 1.45729789e+03 1.95014084e+03
-1.99494949e-05 -2.04545455e-05 2.99999135e+08 1.58747321e+03 1.99944846e+03
-1.94444444e-05 -2.04545455e-05 2.99999066e+08 1.72565309e+03 2.04575373e+03
-1.89393939e-05 -2.04545455e-05 2.99998995e+08 1.87207447e+03 2.08802900e+03
-1.84343434e-05 -2.04545455e-05 2.99998921e+08 2.02686735e+03 2.12505296e+03
-1.79292929e-05 -2.04545455e-05 2.99998845e+08 2.19001167e+03 2.15539012e+03
-1.74242424e-05 -2.04545455e-05 2.99998770e+08 2.36128479e+03 2.17737327e+03
-1.69191919e-05 -2.04545455e-05 2.99998694e+08 2.54019858e+03 2.18909118e+03
-1.64141414e-05 -2.04545455e-05 2.99998621e+08 2.72592598e+03 2.18838476e+03
-1.59090909e-05 -2.04545455e-05 2.99998551e+08 2.91721728e+03 2.17285552e+03
-1.54040404e-05 -2.04545455e-05 2.99998486e+08 3.11230765e+03 2.13989118e+03
-1.48989899e-05 -2.04545455e-05 2.99998428e+08 3.30881896e+03 2.08671395e+03
-1.43939394e-05 -2.04545455e-05 2.99998379e+08 3.50366109e+03 2.01045773e+03
-1.38888889e-05 -2.04545455e-05 2.99998342e+08 3.69294060e+03 1.90828064e+03
-1.33838384e-05 -2.04545455e-05 2.99998318e+08 3.87188814e+03 1.77751859e+03
-1.28787879e-05 -2.04545455e-05 2.99998310e+08 4.03481950e+03 1.61588394e+03
-1.23737374e-05 -2.04545455e-05 2.99998319e+08 4.17514908e+03 1.42170986e+03
-1.18686869e-05 -2.04545455e-05 2.99998345e+08 4.28547758e+03 1.19423538e+03
-1.13636364e-05 -2.04545455e-05 2.99998390e+08 4.35777668e+03 9.33918541e+02
-1.08585859e-05 -2.04545455e-05 2.99998452e+08 4.38369198e+03 6.42754780e+02
-1.03535354e-05 -2.04545455e-05 2.99998529e+08 4.35497826e+03 3.24566620e+02
-9.84848485e-06 -2.04545455e-05 2.99998618e+08 4.26406898e+03 -1.47804899e+01
-9.34343434e-06 -2.04545455e-05 2.99998714e+08 4.10476197e+03 -3.67289145e+02
-8.83838384e-06 -2.04545455e-05 2.99998811e+08 3.87297860e+03 -7.22922228e+02
-8.33333333e-06 -2.04545455e-05 2.99998901e+08 3.56752542e+03 -1.06992210e+03
-7.82828283e-06 -2.04545455e-05 2.99998978e+08 3.19076211e+03 -1.39538090e+03
-7.32323232e-06 -2.04545455e-05 2.99999033e+08 2.74906422e+03 -1.68605176e+03
-6.81818182e-06 -2.04545455e-05 2.99999059e+08 2.25297144e+03 -1.92934704e+03
-6.31313131e-06 -2.04545455e-05 2.99999052e+08 1.71693754e+03 -2.11442490e+03
-5.80808081e-06 -2.04545455e-05 2.99999008e+08 1.15864714e+03 -2.23323016e+03
-5.30303030e-06 -2.04545455e-05 2.99998928e+08 5.97930855e+02 -2.28134141e+03
-4.79797980e-06 -2.04545455e-05 2.99998815e+08 5.53806161e+01 -2.25849054e+03
-4.29292929e-06 -2.04545455e-05 2.99998674e+08 -4.49174427e+02 -2.16866476e+03
-3.78787879e-06 -2.04545455e-05 2.99998516e+08 -8.98140767e+02 -2.01976605e+03
-3.28282828e-06 -2.04545455e-05 2.99998349e+08 -1.27739691e+03 -1.82287509e+03
-2.77777778e-06 -2.04545455e-05 2.99998186e+08 -1.57714894e+03 -1.59122833e+03
-2.27272727e-06 -2.04545455e-05 2.99998037e+08 -1.79232669e+03 -1.33905496e+03
-1.76767677e-06 -2.04545455e-05 2.99997912e+08 -1.92251579e+03 -1.08042840e+03
-1.26262626e-06 -2.04545455e-05 2.99997818e+08 -1.97148770e+03 -8.28265901e+02
-7.57575758e-07 -2.04545455e-05 2.99997762e+08 -1.94643511e+03 -5.93569526e+02
-2.52525253e-07 -2.04545455e-05 2.99997747e+08 -1.85704144e+03 -3.84952728e+02
2.52525253e-07 -2.04545455e-05 2.99997772e+08 -1.71450908e+03 -2.08450981e+02
7.57575758e-07 -2.04545455e-05 2.99997836e+08 -1.53065011e+03 -6.75792784e+01
1.26262626e-06 -2.04545455e-05 2.99997937e+08 -1.31711242e+03 3.64220208e+01
1.76767677e-06 -2.04545455e-05 2.99998068e+08 -1.08478094e+03 1.04219260e+02
2.27272727e-06 -2.04545455e-05 2.99998225e+08 -8.43364936e+02 1.37958409e+02
2.77777778e-06 -2.04545455e-05 2.99998402e+08 -6.01160032e+02 1.40831381e+02
3.28282828e-06 -2.04545455e-05 2.99998592e+08 -3.64959219e+02 1.16674451e+02
3.78787879e-06 -2.04545455e-05 2.99998790e+08 -1.40080278e+02 6.96233258e+01
4.29292929e-06 -2.04545455e-05 2.99998991e+08 6.95242343e+01 3.83688631e+00
4.79797980e-06 -2.04545455e-05 2.99999190e+08 2.61105551e+02 -7.67081998e+01
5.30303030e-06 -2.04545455e-05 2.99999383e+08 4.32931872e+02 -1.68356699e+02
5.80808081e-06 -2.04545455e-05 2.99999568e+08 5.84096359e+02 -2.67856697e+02
6.31313131e-06 -2.04545455e-05 2.99999741e+08 7.14334293e+02 -3.72394916e+02
6.81818182e-06 -2.04545455e-05 2.99999901e+08 8.23858617e+02 -4.79596513e+02
7.32323232e-06 -2.04545455e-05 3.00000047e+08 9.13218874e+02 -5.87499640e+02
7.82828283e-06 -2.04545455e-05 3.00000179e+08 9.83185381e+02 -6.94513651e+02
8.33333333e-06 -2.04545455e-05 3.00000296e+08 1.03465823e+03 -7.99368245e+02
8.83838384e-06 -2.04545455e-05 3.00000399e+08 1.06859928e+03 -9.01059201e+02
9.34343434e-06 -2.04545455e-05 3.00000487e+08 1.08598447e+03 -9.98794886e+02
9.84848485e-06 -2.04545455e-05 3.00000563e+08 1.08777335e+03 -1.09194648e+03
1.03535354e-05 -2.04545455e-05 3.00000626e+08 1.07489282e+03 -1.18000379e+03
1.08585859e-05 -2.04545455e-05 3.00000678e+08 1.04823203e+03 -1.26253789e+03
1.13636364e-05 -2.04545455e-05 3.00000721e+08 1.00864558e+03 -1.33917092e+03
1.18686869e-05 -2.04545455e-05 3.00000755e+08 9.56962843e+02 -1.40955334e+03
1.23737374e-05 -2.04545455e-05 3.00000782e+08 8.94000837e+02 -1.47334825e+03
1.28787879e-05 -2.04545455e-05 3.00000803e+08 8.20579116e+02 -1.53022240e+03
1.33838384e-05 -2.04545455e-05 3.00000819e+08 7.37534813e+02 -1.57984322e+03
1.38888889e-05 -2.04545455e-05 3.00000831e+08 6.45736582e+02 -1.62188108e+03
1.43939394e-05 -2.04545455e-05 3.00000841e+08 5.46096286e+02 -1.65601599e+03
1.48989899e-05 -2.04545455e-05 3.00000850e+08 4.39577550e+02 -1.68194776e+03
1.54040404e-05 -2.04545455e-05 3.00000858e+08 3.27200537e+02 -1.69940860e+03
1.59090909e-05 -2.04545455e-05 3.00000866e+08 2.10042547e+02 -1.70817719e+03
1.64141414e-05 -2.04545455e-05 3.00000876e+08 8.92342629e+01 -1.70809319e+03
1.69191919e-05 -2.04545455e-05 3.00000886e+08 -3.40482672e+01 -1.69907120e+03
1.74242424e-05 -2.04545455e-05 3.00000898e+08 -1.58595615e+02 -1.68111322e+03
1.79292929e-05 -2.04545455e-05 3.00000912e+08 -2.83180412e+02 -1.65431889e+03
1.84343434e-05 -2.04545455e-05 3.00000928e+08 -4.06575548e+02 -1.61889272e+03
1.89393939e-05 -2.04545455e-05 3.00000946e+08 -5.27574292e+02 -1.57514794e+03
1.94444444e-05 -2.04545455e-05 3.00000966e+08 -6.45011395e+02 -1.52350657e+03
1.99494949e-05 -2.04545455e-05 3.00000987e+08 -7.57784213e+02 -1.46449568e+03
2.04545455e-05 -2.04545455e-05 3.00001009e+08 -8.64872873e+02 -1.39873995e+03
2.09595960e-05 -2.04545455e-05 3.00001033e+08 -9.65358598e+02 -1.32695082e+03
2.14646465e-05 -2.04545455e-05 3.00001056e+08 -1.05843941e+03 -1.24991273e+03
2.19696970e-05 -2.04545455e-05 3.00001080e+08 -1.14344260e+03 -1.16846705e+03
2.24747475e-05 -2.04545455e-05 3.00001102e+08 -1.21983348e+03 -1.08349451e+03
2.29797980e-05 -2.04545455e-05 3.00001124e+08 -1.28722029e+03 -9.95896659e+02
2.34848485e-05 -2.04545455e-05 3.00001144e+08 -1.34535509e+03 -9.06577431e+02
2.39898990e-05 -2.04545455e-05 3.00001162e+08 -1.39413092e+03 -8.16425218e+02
2.44949495e-05 -2.04545455e-05 3.00001178e+08 -1.43357540e+03 -7.26296312e+02
2.50000000e-05 -2.04545455e-05 3.00001191e+08 -1.46384139e+03 -6.37000115e+02
-2.50000000e-05 -1.99494949e-05 2.99999660e+08 5.34500507e+02 1.47759137e+03
-2.44949495e-05 -1.99494949e-05 2.99999627e+08 6.07634153e+02 1.53280795e+03
-2.39898990e-05 -1.99494949e-05 2.99999590e+08 6.85669223e+02 1.58925544e+03
-2.34848485e-05 -1.99494949e-05 2.99999549e+08 7.68957088e+02 1.64685133e+03
-2.29797980e-05 -1.99494949e-05 2.99999505e+08 8.57879704e+02 1.70547548e+03
-2.24747475e-05 -1.99494949e-05 2.99999456e+08 9.52849749e+02 1.76495978e+03
-2.19696970e-05 -1.99494949e-05 2.99999402e+08 1.05430937e+03 1.82507572e+03
-2.14646465e-05 -1.99494949e-05 2.99999344e+08 1.16272703e+03 1.88551968e+03
-2.09595960e-05 -1.99494949e-05 2.99999282e+08 1.27859174e+03 1.94589565e+03
-2.04545455e-05 -1.99494949e-05 2.99999215e+08 1.40240389e+03 2.00569529e+03
-1.99494949e-05 -1.99494949e-05 2.99999143e+08 1.53466169e+03 2.06427537e+03
-1.94444444e-05 -1.99494949e-05 2.99999067e+08 1.67584201e+03 2.12083249e+03
-1.89393939e-05 -1.99494949e-05 2.99998987e+08 1.82637446e+03 2.17437574e+03
-1.84343434e-05 -1.99494949e-05 2.99998904e+08 1.98660699e+03 2.22369771e+03
-1.79292929e-05 -1.99494949e-05 2.99998817e+08 2.15676171e+03 2.26734509e+03
-1.74242424e-05 -1.99494949e-05 2.99998729e+08 2.33687908e+03 2.30359041e+03
-1.69191919e-05 -1.99494949e-05 2.99998640e+08 2.52674911e+03 2.33040747e+03
-1.64141414e-05 -1.99494949e-05 2.99998552e+08 2.72582827e+03 2.34545352e+03
-1.59090909e-05 -1.99494949e-05 2.99998466e+08 2.93314147e+03 2.34606272e+03
-1.54040404e-05 -1.99494949e-05 2.99998384e+08 3.14716954e+03 2.32925641e+03
-1.48989899e-05 -1.99494949e-05 2.99998308e+08 3.36572423e+03 2.29177723e+03
-1.43939394e-05 -1.99494949e-05 2.99998242e+08 3.58581505e+03 2.23015524e+03
-1.38888889e-05 -1.99494949e-05 2.99998186e+08 3.80351577e+03 2.14081529e+03
-1.33838384e-05 -1.99494949e-05 2.99998145e+08 4.01384242e+03 2.02023526e+03
-1.28787879e-05 -1.99494949e-05 2.99998121e+08 4.21066026e+03 1.86516331e+03
-1.23737374e-05 -1.99494949e-05 2.99998115e+08 4.38664270e+03 1.67289984e+03
-1.18686869e-05 -1.99494949e-05 2.99998130e+08 4.53331110e+03 1.44164350e+03
-1.13636364e-05 -1.99494949e-05 2.99998167e+08 4.64118849e+03 1.17089153e+03
-1.08585859e-05 -1.99494949e-05 2.99998226e+08 4.70010113e+03 8.61871471e+02
-1.03535354e-05 -1.99494949e-05 2.99998304e+08 4.69965654e+03 5.17964893e+02
-9.84848485e-06 -1.99494949e-05 2.99998399e+08 4.62991326e+03 1.45065988e+02
-9.34343434e-06 -1.99494949e-05 2.99998505e+08 4.48223332e+03 -2.48197851e+02
-8.83838384e-06 -1.99494949e-05 2.99998616e+08 4.25027380e+03 -6.50464670e+02
-8.33333333e-06 -1.99494949e-05 2.99998723e+08 3.93103206e+03 -1.04793175e+03
-7.82828283e-06 -1.99494949e-05 2.99998816e+08 3.52581658e+03 -1.42499618e+03
-7.32323232e-06 -1.99494949e-05 2.99998886e+08 3.04098443e+03 -1.76524805e+03
-6.81818182e-06 -1.99494949e-05 2.99998925e+08 2.48827923e+03 -2.05275861e+03
-6.31313131e-06 -1.99494949e-05 2.99998924e+08 1.88463167e+03 -2.27353509e+03
-5.80808081e-06 -1.99494949e-05 2.99998881e+08 1.25135159e+03 -2.41695468e+03
-5.30303030e-06 -1.99494949e-05 2.99998795e+08 6.12738828e+02 -2.47695972e+03
-4.79797980e-06 -1.99494949e-05 2.99998669e+08 -5.75071432e+00 -2.45281197e+03
-4.29292929e-06 -1.99494949e-05 2.99998512e+08 -5.79554637e+02 -2.34926574e+03
-3.78787879e-06 -1.99494949e-05 2.99998333e+08 -1.08698965e+03 -2.17611856e+03
-3.28282828e-06 -1.99494949e-05 2.99998146e+08 -1.51090147e+03 -1.94720813e+03
-2.77777778e-06 -1.99494949e-05 2.99997965e+08 -1.83977109e+03 -1.67901818e+03
-2.27272727e-06 -1.99494949e-05 2.99997802e+08 -2.06817180e+03 -1.38911089e+03
-1.76767677e-06 -1.99494949e-05 2.99997671e+08 -2.19658450e+03 -1.09460960e+03
-1.26262626e-06 -1.99494949e-05 2.99997578e+08 -2.23067557e+03 -8.10917940e+02
-7.57575758e-07 -1.99494949e-05 2.99997531e+08 -2.18020430e+03 -5.50795964e+02
-2.52525253e-07 -1.99494949e-05 2.99997532e+08 -2.05774809e+03 -3.23839031e+02
2.52525253e-07 -1.99494949e-05 2.99997582e+08 -1.87741965e+03 -1.36339667e+02
7.57575758e-07 -1.99494949e-05 2.99997676e+08 -1.65371182e+03 8.53432368e+00
1.26262626e-06 -1.99494949e-05 2.99997810e+08 -1.40055706e+03 1.10336465e+02
1.76767677e-06 -1.99494949e-05 2.99997978e+08 -1.13064043e+03 1.70807985e+02
2.27272727e-06 -1.99494949e-05 2.99998173e+08 -8.54965800e+02 1.93298574e+02
2.77777778e-06 -1.99494949e-05 2.99998387e+08 -5.82647261e+02 1.82207391e+02
3.28282828e-06 -1.99494949e-05 2.99998613e+08 -3.20882542e+02 1.42488860e+02
3.78787879e-06 -1.99494949e-05 2.99998844e+08 -7.50598927e+01 7.92478115e+01
4.29292929e-06 -1.99494949e-05 2.99999075e+08 1.51048151e+02 -2.56783117e+00
4.79797980e-06 -1.99494949e-05 2.99999300e+08 3.55044171e+02 -9.83803995e+01
5.30303030e-06 -1.99494949e-05 2.99999516e+08 5.35650030e+02 -2.04112904e+02
5.80808081e-06 -1.99494949e-05 2.99999719e+08 6.92458597e+02 -3.16251293e+02
6.31313131e-06 -1.99494949e-05 2.99999907e+08 8.25707916e+02 -4.31854290e+02
6.81818182e-06 -1.99494949e-05 3.00000078e+08 9.36086145e+02 -5.48525688e+02
7.32323232e-06 -1.99494949e-05 3.00000232e+08 1.02457063e+03 -6.64362077e+02
7.82828283e-06 -1.99494949e-05 3.00000369e+08 1.09230096e+03 -7.77886586e+02
8.33333333e-06 -1.99494949e-05 3.00000488e+08 1.14048366e+03 -8.87976853e+02
8.83838384e-06 -1.99494949e-05 3.00000591e+08 1.17032479e+03 -9.93793221e+02
9.34343434e-06 -1.99494949e-05 3.00000677e+08 1.18298640e+03 -1.09471130e+03
9.84848485e-06 -1.99494949e-05 3.00000749e+08 1.17956238e+03 -1.19026157e+03
1.03535354e-05 -1.99494949e-05 3.00000807e+08 1.16106986e+03 -1.28007753e+03
1.08585859e-05 -1.99494949e-05 3.00000853e+08 1.12845225e+03 -1.36385314e+03
1.13636364e-05 -1.99494949e-05 3.00000888e+08 1.08259093e+03 -1.44130965e+03
1.18686869e-05 -1.99494949e-05 3.00000915e+08 1.02432248e+03 -1.51217149e+03
1.23737374e-05 -1.99494949e-05 3.00000933e+08 9.54459270e+02 -1.57615082e+03
1.28787879e-05 -1.99494949e-05 3.00000946e+08 8.73811149e+02 -1.63293982e+03
1.33838384e-05 -1.99494949e-05 3.00000954e+08 7.83206634e+02 -1.68221007e+03
1.38888889e-05 -1.99494949e-05 3.00000958e+08 6.83512018e+02 -1.72361785e+03
1.43939394e-05 -1.99494949e-05 3.00000960e+08 5.75647253e+02 -1.75681450e+03
1.48989899e-05 -1.99494949e-05 3.00000961e+08 4.60597641e+02 -1.78146067e+03
1.54040404e-05 -1.99494949e-05 3.00000962e+08 3.39420654e+02 -1.79724318e+03
1.59090909e-05 -1.99494949e-05 3.00000964e+08 2.13247469e+02 -1.80389354e+03
1.64141414e-05 -1.99494949e-05 3.00000967e+08 8.32790492e+01 -1.80120671e+03
1.69191919e-05 -1.99494949e-05 3.00000973e+08 -4.92230793e+01 -1.78905903e+03
1.74242424e-05 -1.99494949e-05 3.00000980e+08 -1.82950970e+02 -1.76742423e+03
1.79292929e-05 -1.99494949e-05 3.00000990e+08 -3.16568665e+02 -1.73638656e+03
1.84343434e-05 -1.99494949e-05 3.00001003e+08 -4.48734002e+02 -1.69615017e+03
1.89393939e-05 -1.99494949e-05 3.00001019e+08 -5.78122775e+02 -1.64704432e+03
1.94444444e-05 -1.99494949e-05 3.00001036e+08 -7.03454090e+02 -1.58952385e+03
1.99494949e-05 -1.99494949e-05 3.00001056e+08 -8.23515707e+02 -1.52416499e+03
2.04545455e-05 -1.99494949e-05 3.00001077e+08 -9.37188170e+02 -1.45165669e+03
2.09595960e-05 -1.99494949e-05 3.00001100e+08 -1.04346664e+03 -1.37278770e+03
2.14646465e-05 -1.99494949e-05 3.00001123e+08 -1.14147948e+03 -1.28843020e+03
2.19696970e-05 -1.99494949e-05 3.00001146e+08 -1.23050281e+03 -1.19952074e+03
2.24747475e-05 -1.99494949e-05 3.00001168e+08 -1.30997058e+03 -1.10703931e+03
2.29797980e-05 -1.99494949e-05 3.00001189e+08 -1.37947989e+03 -1.01198748e+03
2.34848485e-05 -1.99494949e-05 3.00001209e+08 -1.43879148e+03 -9.15366707e+02
2.39898990e-05 -1.99494949e-05 3.00001226e+08 -1.48782575e+03 -8.18157435e+02
2.44949495e-05 -1.99494949e-05 3.00001241e+08 -1.52665458e+03 -7.21299974e+02
2.50000000e-05 -1.99494949e-05 3.00001253e+08 -1.55548972e+03 -6.25677626e+02
-2.50000000e-05 -1.94444444e-05 2.99999701e+08 4.78497170e+02 1.47814180e+03
-2.44949495e-05 -1.94444444e-05 2.99999668e+08 5.50170615e+02 1.53634269e+03
-2.39898990e-05 -1.94444444e-05 2.99999631e+08 6.26784486e+02 1.59619780e+03
-2.34848485e-05 -1.94444444e-05 2.99999590e+08 7.08720062e+02 1.65768416e+03
-2.29797980e-05 -1.94444444e-05 2.99999544e+08 7.96398552e+02 1.72074792e+03
-2.24747475e-05 -1.94444444e-05 2.99999494e+08 8.90283332e+02 1.78529403e+03
-2.19696970e-05 -1.94444444e-05 2.99999438e+08 9.90881096e+02 1.85117351e+03
-2.14646465e-05 -1.94444444e-05 2.99999377e+08 1.09874138e+03 1.91816789e+03
-2.09595960e-05 -1.94444444e-05 2.99999311e+08 1.21445375e+03 1.98597062e+03
-2.04545455e-05 -1.94444444e-05 2.99999239e+08 1.33864175e+03 2.05416502e+03
-1.99494949e-05 -1.94444444e-05 2.99999162e+08 1.47195257e+03 2.12219854e+03
-1.94444444e-05 -1.94444444e-05 2.99999079e+08 1.61504098e+03 2.18935323e+03
-1.89393939e-05 -1.94444444e-05 2.99998991e+08 1.76854612e+03 2.25471258e+03
-1.84343434e-05 -1.94444444e-05 2.99998898e+08 1.93305916e+03 2.31712492e+03
-1.79292929e-05 -1.94444444e-05 2.99998800e+08 2.10907987e+03 2.37516441e+03
-1.74242424e-05 -1.94444444e-05 2.99998699e+08 2.29695976e+03 2.42709086e+03
-1.69191919e-05 -1.94444444e-05 2.99998596e+08 2.49682941e+03 2.47081057e+03
-1.64141414e-05 -1.94444444e-05 2.99998492e+08 2.70850771e+03 2.50384148e+03
-1.59090909e-05 -1.94444444e-05 2.99998388e+08 2.93139100e+03 2.52328710e+03
-1.54040404e-05 -1.94444444e-05 2.99998287e+08 3.16432095e+03 2.52582553e+03
-1.48989899e-05 -1.94444444e-05 2.99998191e+08 3.40543149e+03 2.50772170e+03
-1.43939394e-05 -1.94444444e-05 2.99998102e+08 3.65197750e+03 2.46487309e+03
-1.38888889e-05 -1.94444444e-05 2.99998025e+08 3.90015179e+03 2.39290150e+03
-1.33838384e-05 -1.94444444e-05 2.99997963e+08 4.14490179e+03 2.28730468e+03
-1.28787879e-05 -1.94444444e-05 2.99997917e+08 4.37976482e+03 2.14368229e+03
-1.23737374e-05 -1.94444444e-05 2.99997893e+08 4.59674872e+03 1.95804870e+03
-1.18686869e-05 -1.94444444e-05 2.99997892e+08 4.78629461e+03 1.72723967e+03
-1.13636364e-05 -1.94444444e-05 2.99997917e+08 4.93736686e+03 1.44940989e+03
-1.08585859e-05 -1.94444444e-05 2.99997968e+08 5.03772155e+03 1.12460187e+03
-1.03535354e-05 -1.94444444e-05 2.99998045e+08 5.07440328e+03 7.55344222e+02
-9.84848485e-06 -1.94444444e-05 2.99998144e+08 5.03450830e+03 3.47210155e+02
-9.34343434e-06 -1.94444444e-05 2.99998260e+08 4.90622382e+03 -9.07608329e+01
-8.83838384e-06 -1.94444444e-05 2.99998386e+08 4.68010763e+03 -5.45895991e+02
-8.33333333e-06 -1.94444444e-05 2.99998511e+08 4.35051090e+03 -1.00209877e+03
-7.82828283e-06 -1.94444444e-05 2.99998624e+08 3.91697803e+03 -1.44053270e+03
-7.32323232e-06 -1.94444444e-05 2.99998713e+08 3.38539877e+03 -1.84081903e+03
-6.81818182e-06 -1.94444444e-05 2.99998767e+08 2.76866086e+03 -2.18269605e+03
-6.31313131e-06 -1.94444444e-05 2.99998776e+08 2.08657685e+03 -2.44797745e+03
-5.80808081e-06 -1.94444444e-05 2.99998734e+08 1.36494948e+03 -2.62254612e+03
-5.30303030e-06 -1.94444444e-05 2.99998641e+08 6.33785713e+02 -2.69806044e+03
-4.79797980e-06 -1.94444444e-05 2.99998501e+08 -7.51588090e+01 -2.67306169e+03
-4.29292929e-06 -1.94444444e-05 2.99998323e+08 -7.31172289e+02 -2.55326150e+03
-3.78787879e-06 -1.94444444e-05 2.99998121e+08 -1.30729966e+03 -2.35094000e+03
-3.28282828e-06 -1.94444444e-05 2.99997910e+08 -1.78256990e+03 -2.08355749e+03
-2.77777778e-06 -1.94444444e-05 2.99997708e+08 -2.14343433e+03 -1.77182811e+03
-2.27272727e-06 -1.94444444e-05 2.99997531e+08 -2.38427462e+03 -1.43758317e+03
-1.76767677e-06 -1.94444444e-05 2.99997393e+08 -2.50701486e+03 -1.10175232e+03
-1.26262626e-06 -1.94444444e-05 2.99997304e+08 -2.52001417e+03 -7.82722402e+02
-7.57575758e-07 -1.94444444e-05 2.99997271e+08 -2.43649988e+03 -4.95226461e+02
-2.52525253e-07 -1.94444444e-05 2.99997296e+08 -2.27281821e+03 -2.49801643e+02
2.52525253e-07 -1.94444444e-05 2.99997377e+08 -2.04674389e+03 -5.27611143e+01
7.57575758e-07 -1.94444444e-05 2.99997509e+08 -1.77602311e+03 9.34346394e+01
1.26262626e-06 -1.94444444e-05 2.99997685e+08 -1.47724813e+03 1.89545982e+02
1.76767677e-06 -1.94444444e-05 2.99997897e+08 -1.16509304e+03 2.38795989e+02
2.27272727e-06 -1.94444444e-05 2.99998136e+08 -8.51888648e+02 2.46097170e+02
2.77777778e-06 -1.94444444e-05 2.99998393e+08 -5.47482149e+02 2.17342838e+02
3.28282828e-06 -1.94444444e-05 2.99998659e+08 -2.59312913e+02 1.58811141e+02
3.78787879e-06 -1.94444444e-05 2.99998927e+08 7.36534258e+00 7.67025762e+01
4.29292929e-06 -1.94444444e-05 2.99999190e+08 2.49178037e+02 -2.31886492e+01
4.79797980e-06 -1.94444444e-05 2.99999444e+08 4.64288821e+02 -1.35682357e+02
5.30303030e-06 -1.94444444e-05 2.99999682e+08 6.52060946e+02 -2.56319389e+02
5.80808081e-06 -1.94444444e-05 2.99999904e+08 8.12745201e+02 -3.81390434e+02
6.31313131e-06 -1.94444444e-05 3.00000106e+08 9.47208372e+02 -5.07908518e+02
6.81818182e-06 -1.94444444e-05 3.00000288e+08 1.05670824e+03 -6.33544334e+02
7.32323232e-06 -1.94444444e-05 3.00000448e+08 1.14271557e+03 -7.56540117e+02
7.82828283e-06 -1.94444444e-05 3.00000588e+08 1.20677999e+03 -8.75614106e+02
8.33333333e-06 -1.94444444e-05 3.00000707e+08 1.25043466e+03 -9.89864370e+02
8.83838384e-06 -1.94444444e-05 3.00000807e+08 1.27513383e+03 -1.09867790e+03
9.34343434e-06 -1.94444444e-05 3.00000890e+08 1.28221725e+03 -1.20164873e+03
9.84848485e-06 -1.94444444e-05 3.00000955e+08 1.27289589e+03 -1.29850706e+03
1.03535354e-05 -1.94444444e-05 3.00001006e+08 1.24825374e+03 -1.38906040e+03
1.08585859e-05 -1.94444444e-05 3.00001044e+08 1.20926163e+03 -1.47314669e+03
1.13636364e-05 -1.94444444e-05 3.00001071e+08 1.15679913e+03 -1.55059906e+03
1.18686869e-05 -1.94444444e-05 3.00001087e+08 1.09168149e+03 -1.62122148e+03
1.23737374e-05 -1.94444444e-05 3.00001096e+08 1.01468909e+03 -1.68477442e+03
1.28787879e-05 -1.94444444e-05 3.00001099e+08 9.26597130e+02 -1.74096952e+03
1.33838384e-05 -1.94444444e-05 3.00001097e+08 8.28203691e+02 -1.78947216e+03
1.38888889e-05 -1.94444444e-05 3.00001092e+08 7.20354752e+02 -1.82991077e+03
1.43939394e-05 -1.94444444e-05 3.00001085e+08 6.03964736e+02 -1.86189181e+03
1.48989899e-05 -1.94444444e-05 3.00001077e+08 4.80031682e+02 -1.88501893e+03
1.54040404e-05 -1.94444444e-05 3.00001070e+08 3.49646260e+02 -1.89891513e+03
1.59090909e-05 -1.94444444e-05 3.00001065e+08 2.13994202e+02 -1.90324655e+03
1.64141414e-05 -1.94444444e-05 3.00001062e+08 7.43519959e+01 -1.89774633e+03
1.69191919e-05 -1.94444444e-05 3.00001061e+08 -6.79239651e+01 -1.88223734e+03
1.74242424e-05 -1.94444444e-05 3.00001064e+08 -2.11414283e+02 -1.85665243e+03
1.79292929e-05 -1.94444444e-05 3.00001070e+08 -3.54658693e+02 -1.82105093e+03
1.84343434e-05 -1.94444444e-05 3.00001079e+08 -4.96182365e+02 -1.77563072e+03
1.89393939e-05 -1.94444444e-05 3.00001092e+08 -6.34525069e+02 -1.72073479e+03
1.94444444e-05 -1.94444444e-05 3.00001108e+08 -7.68271774e+02 -1.65685231e+03
1.99494949e-05 -1.94444444e-05 3.00001126e+08 -8.96083162e+02 -1.58461371e+03
2.04545455e-05 -1.94444444e-05 3.00001146e+08 -1.01672461e+03 -1.50478034e+03
2.09595960e-05 -1.94444444e-05 3.00001167e+08 -1.12909226e+03 -1.41822903e+03
2.14646465e-05 -1.94444444e-05 3.00001190e+08 -1.23223504e+03 -1.32593247e+03
2.19696970e-05 -1.94444444e-05 3.00001213e+08 -1.32537173e+03 -1.22893629e+03
2.24747475e-05 -1.94444444e-05 3.00001235e+08 -1.40790243e+03 -1.12833416e+03
2.29797980e-05 -1.94444444e-05 3.00001256e+08 -1.47941430e+03 -1.02524180e+03
2.34848485e-05 -1.94444444e-05 3.00001275e+08 -1.53968138e+03 -9.20771384e+02
2.39898990e-05 -1.94444444e-05 3.00001291e+08 -1.58865909e+03 -8.16007105e+02
2.44949495e-05 -1.94444444e-05 3.00001305e+08 -1.62647377e+03 -7.11983042e+02
2.50000000e-05 -1.94444444e-05 3.00001316e+08 -1.65340815e+03 -6.09663906e+02
-2.50000000e-05 -1.89393939e-05 2.99999748e+08 4.19874355e+02 1.47285326e+03
-2.44949495e-05 -1.89393939e-05 2.99999716e+08 4.89696592e+02 1.53367820e+03
-2.39898990e-05 -1.89393939e-05 2.99999680e+08 5.64439614e+02 1.59657155e+03
-2.34848485e-05 -1.89393939e-05 2.99999639e+08 6.44507000e+02 1.66157539e+03
-2.29797980e-05 -1.89393939e-05 2.99999593e+08 7.30351281e+02 1.72870977e+03
-2.24747475e-05 -1.89393939e-05 2.99999542e+08 8.22478518e+02 1.79796277e+03
-2.19696970e-05 -1.89393939e-05 2.99999485e+08 9.21452203e+02 1.86927795e+03
-2.14646465e-05 -1.89393939e-05 2.99999422e+08 1.02789596e+03 1.94253862e+03
-2.09595960e-05 -1.89393939e-05 2.99999352e+08 1.14249436e+03 2.01754849e+03
-2.04545455e-05 -1.89393939e-05 2.99999276e+08 1.26599085e+03 2.09400802e+03
-1.99494949e-05 -1.89393939e-05 2.99999194e+08 1.39918172e+03 2.17148630e+03
-1.94444444e-05 -1.89393939e-05 2.99999104e+08 1.54290462e+03 2.24938762e+03
-1.89393939e-05 -1.89393939e-05 2.99999008e+08 1.69801971e+03 2.32691295e+03
-1.84343434e-05 -1.89393939e-05 2.99998906e+08 1.86538148e+03 2.40301589e+03
-1.79292929e-05 -1.89393939e-05 2.99998797e+08 2.04579857e+03 2.47635377e+03
-1.74242424e-05 -1.89393939e-05 2.99998683e+08 2.23997855e+03 2.54523466e+03
-1.69191919e-05 -1.89393939e-05 2.99998565e+08 2.44845460e+03 2.60756203e+03
-1.64141414e-05 -1.89393939e-05 2.99998443e+08 2.67149022e+03 2.66077992e+03
-1.59090909e-05 -1.89393939e-05 2.99998320e+08 2.90895858e+03 2.70182298e+03
-1.54040404e-05 -1.89393939e-05 2.99998197e+08 3.16019313e+03 2.72707778e+03
-1.48989899e-05 -1.89393939e-05 2.99998078e+08 3.42380745e+03 2.73236435e+03
-1.43939394e-05 -1.89393939e-05 2.99997965e+08 3.69748414e+03 2.71295010e+03
-1.38888889e-05 -1.89393939e-05 2.99997862e+08 3.97773657e+03 2.66361173e+03
-1.33838384e-05 -1.89393939e-05 2.99997773e+08 4.25965306e+03 2.57876420e+03
-1.28787879e-05 -1.89393939e-05 2.99997702e+08 4.53664139e+03 2.45267850e+03
-1.23737374e-05 -1.89393939e-05 2.99997653e+08 4.80020314e+03 2.27981053e+03
-1.18686869e-05 -1.89393939e-05 2.99997630e+08 5.03978155e+03 2.05525981e+03
-1.13636364e-05 -1.89393939e-05 2.99997637e+08 5.24274160e+03 1.77536709e+03
-1.08585859e-05 -1.89393939e-05 2.99997676e+08 5.39455524e+03 1.43844133e+03
-1.03535354e-05 -1.89393939e-05 2.99997746e+08 5.47927159e+03 1.04557739e+03
-9.84848485e-06 -1.89393939e-05 2.99997846e+08 5.48034564e+03 6.01486325e+02
-9.34343434e-06 -1.89393939e-05 2.99997971e+08 5.38187062e+03 1.15214578e+02
-8.83838384e-06 -1.89393939e-05 2.99998112e+08 5.17020213e+03 -3.99413772e+02
-8.33333333e-06 -1.89393939e-05 2.99998258e+08 4.83587507e+03 -9.23820788e+02
-7.82828283e-06 -1.89393939e-05 2.99998394e+08 4.37560633e+03 -1.43533849e+03
-7.32323232e-06 -1.89393939e-05 2.99998506e+08 3.79407010e+03 -1.90861678e+03
-6.81818182e-06 -1.89393939e-05 2.99998580e+08 3.10506532e+03 -2.31775000e+03
-6.31313131e-06 -1.89393939e-05 2.99998601e+08 2.33170604e+03 -2.63892489e+03
-5.80808081e-06 -1.89393939e-05 2.99998563e+08 1.50538212e+03 -2.85321986e+03
-5.30303030e-06 -1.89393939e-05 2.99998463e+08 6.63456723e+02 -2.94907173e+03
-4.79797980e-06 -1.89393939e-05 2.99998305e+08 -1.54059950e+02 -2.92392303e+03
-4.29292929e-06 -1.89393939e-05 2.99998103e+08 -9.08370774e+02 -2.78469426e+03
-3.78787879e-06 -1.89393939e-05 2.99997872e+08 -1.56565292e+03 -2.54696350e+03
-3.28282828e-06 -1.89393939e-05 2.99997633e+08 -2.10010219e+03 -2.23301186e+03
-2.77777778e-06 -1.89393939e-05 2.99997407e+08 -2.49581092e+03 -1.86912150e+03
-2.27272727e-06 -1.89393939e-05 2.99997215e+08 -2.74729374e+03 -1.48262965e+03
-1.76767677e-06 -1.89393939e-05 2.99997073e+08 -2.85875061e+03 -1.09922456e+03
-1.26262626e-06 -1.89393939e-05 2.99996992e+08 -2.84236790e+03 -7.40846532e+02
-7.57575758e-07 -1.89393939e-05 2.99996980e+08 -2.71606409e+03 -4.24379570e+02
-2.52525253e-07 -1.89393939e-05 2.99997036e+08 -2.50108807e+03 -1.61146077e+02
2.52525253e-07 -1.89393939e-05 2.99997158e+08 -2.21980102e+03 4.29143803e+01
7.57575758e-07 -1.89393939e-05 2.99997338e+08 -1.89385916e+03 1.86573048e+02
1.26262626e-06 -1.89393939e-05 2.99997566e+08 -1.54289768e+03 2.72354864e+02
1.76767677e-06 -1.89393939e-05 2.99997831e+08 -1.18372072e+03 3.05481867e+02
2.27272727e-06 -1.89393939e-05 2.99998122e+08 -8.29936788e+02 2.92858823e+02
2.77777778e-06 -1.89393939e-05 2.99998428e+08 -4.91945123e+02 2.42192777e+02
3.28282828e-06 -1.89393939e-05 2.99998740e+08 -1.77168799e+02 1.61292826e+02
3.78787879e-06 -1.89393939e-05 2.99999048e+08 1.09562061e+02 5.75608397e+01
4.29292929e-06 -1.89393939e-05 2.99999346e+08 3.65556803e+02 -6.23402247e+01
4.79797980e-06 -1.89393939e-05 2.99999628e+08 5.89800229e+02 -1.92667497e+02
5.30303030e-06 -1.89393939e-05 2.99999890e+08 7.82518261e+02 -3.28661429e+02
5.80808081e-06 -1.89393939e-05 3.00000129e+08 9.44796885e+02 -4.66523498e+02
6.31313131e-06 -1.89393939e-05 3.00000344e+08 1.07826514e+03 -6.03337184e+02
6.81818182e-06 -1.89393939e-05 3.00000533e+08 1.18484384e+03 -7.36955869e+02
7.32323232e-06 -1.89393939e-05 3.00000698e+08 1.26655602e+03 -8.65875741e+02
7.82828283e-06 -1.89393939e-05 3.00000838e+08 1.32539180e+03 -9.89106674e+02
8.33333333e-06 -1.89393939e-05 3.00000956e+08 1.36321912e+03 -1.10604973e+03
8.83838384e-06 -1.89393939e-05 3.00001051e+08 1.38173173e+03 -1.21638656e+03
9.34343434e-06 -1.89393939e-05 3.00001126e+08 1.38242641e+03 -1.31998341e+03
9.84848485e-06 -1.89393939e-05 3.00001184e+08 1.36660231e+03 -1.41681087e+03
1.03535354e-05 -1.89393939e-05 3.00001225e+08 1.33537659e+03 -1.50687925e+03
1.08585859e-05 -1.89393939e-05 3.00001252e+08 1.28971127e+03 -1.59018876e+03
1.13636364e-05 -1.89393939e-05 3.00001268e+08 1.23044745e+03 -1.66669367e+03
1.18686869e-05 -1.89393939e-05 3.00001273e+08 1.15834350e+03 -1.73627892e+03
1.23737374e-05 -1.89393939e-05 3.00001270e+08 1.07411460e+03 -1.79874817e+03
1.28787879e-05 -1.89393939e-05 3.00001261e+08 9.78471393e+02 -1.85382186e+03
1.33838384e-05 -1.89393939e-05 3.00001248e+08 8.72155827e+02 -1.90114405e+03
1.38888889e-05 -1.89393939e-05 3.00001232e+08 7.55972633e+02 -1.94029679e+03
1.43939394e-05 -1.89393939e-05 3.00001214e+08 6.30815088e+02 -1.97082058e+03
1.48989899e-05 -1.89393939e-05 3.00001197e+08 4.97683984e+02 -1.99223957e+03
1.54040404e-05 -1.89393939e-05 3.00001181e+08 3.57698993e+02 -2.00408998e+03
1.59090909e-05 -1.89393939e-05 3.00001168e+08 2.12101935e+02 -2.00595011e+03
1.64141414e-05 -1.89393939e-05 3.00001158e+08 6.22518116e+01 -1.99747034e+03
1.69191919e-05 -1.89393939e-05 3.00001151e+08 -9.03881808e+01 -1.97840161e+03
1.74242424e-05 -1.89393939e-05 3.00001148e+08 -2.44271032e+02 -1.94862057e+03
1.79292929e-05 -1.89393939e-05 3.00001150e+08 -3.97792712e+02 -1.90815030e+03
1.84343434e-05 -1.89393939e-05 3.00001156e+08 -5.49324044e+02 -1.85717530e+03
1.89393939e-05 -1.89393939e-05 3.00001166e+08 -6.97246059e+02 -1.79604988e+03
1.94444444e-05 -1.89393939e-05 3.00001179e+08 -8.39987043e+02 -1.72529958e+03
1.99494949e-05 -1.89393939e-05 3.00001196e+08 -9.76059418e+02 -1.64561537e+03
2.04545455e-05 -1.89393939e-05 3.00001215e+08 -1.10409462e+03 -1.55784117e+03
2.09595960e-05 -1.89393939e-05 3.00001236e+08 -1.22287433e+03 -1.46295514e+03
2.14646465e-05 -1.89393939e-05 3.00001258e+08 -1.33135657e+03 -1.36204597e+03
2.19696970e-05 -1.89393939e-05 3.00001281e+08 -1.42869570e+03 -1.25628530e+03
2.24747475e-05 -1.89393939e-05 3.00001303e+08 -1.51425549e+03 -1.14689773e+03
2.29797980e-05 -1.89393939e-05 3.00001323e+08 -1.58761510e+03 -1.03512997e+03
2.34848485e-05 -1.89393939e-05 3.00001342e+08 -1.64856794e+03 -9.22220398e+02
2.39898990e-05 -1.89393939e-05 3.00001358e+08 -1.69711411e+03 -8.09370531e+02
2.44949495e-05 -1.89393939e-05 3.00001371e+08 -1.73344695e+03 -6.97719294e+02
2.50000000e-05 -1.89393939e-05 3.00001381e+08 -1.75793490e+03 -5.88321095e+02
-2.50000000e-05 -1.84343434e-05 2.99999803e+08 3.59020948e+02 1.46134680e+03
-2.44949495e-05 -1.84343434e-05 2.99999772e+08 4.26618001e+02 1.52436070e+03
-2.39898990e-05 -1.84343434e-05 2.99999737e+08 4.99053610e+02 1.58983567e+03
-2.34848485e-05 -1.84343434e-05 2.99999697e+08 5.76744239e+02 1.65788291e+03
-2.29797980e-05 -1.84343434e-05 2.99999651e+08 6.60163547e+02 1.72860234e+03
-2.24747475e-05 -1.84343434e-05 2.99999600e+08 7.49849474e+02 1.80207373e+03
-2.19696970e-05 -1.84343434e-05 2.99999542e+08 8.46411179e+02 1.87834489e+03
-2.14646465e-05 -1.84343434e-05 2.99999478e+08 9.50535347e+02 1.95741648e+03
-2.09595960e-05 -1.84343434e-05 2.99999406e+08 1.06299121e+03 2.03922258e+03
-2.04545455e-05 -1.84343434e-05 2.99999327e+08 1.18463335e+03 2.12360655e+03
-1.99494949e-05 -1.84343434e-05 2.99999240e+08 1.31640108e+03 2.21029107e+03
-1.94444444e-05 -1.84343434e-05 2.99999145e+08 1.45931292e+03 2.29884207e+03
-1.89393939e-05 -1.84343434e-05 2.99999042e+08 1.61445413e+03 2.38862543e+03
-1.84343434e-05 -1.84343434e-05 2.99998931e+08 1.78295490e+03 2.47875633e+03
-1.79292929e-05 -1.84343434e-05 2.99998811e+08 1.96595632e+03 2.56804083e+03
-1.74242424e-05 -1.84343434e-05 2.99998684e+08 2.16456045e+03 2.65490997e+03
-1.69191919e-05 -1.84343434e-05 2.99998550e+08 2.37976018e+03 2.73734730e+03
-1.64141414e-05 -1.84343434e-05 2.99998410e+08 2.61234426e+03 2.81281209e+03
-1.59090909e-05 -1.84343434e-05 2.99998266e+08 2.86277171e+03 2.87816153e+03
-1.54040404e-05 -1.84343434e-05 2.99998120e+08 3.13101005e+03 2.92957815e+03
-1.48989899e-05 -1.84343434e-05 2.99997975e+08 3.41633199e+03 2.96251131e+03
-1.43939394e-05 -1.84343434e-05 2.99997834e+08 3.71706629e+03 2.97164605e+03
-1.38888889e-05 -1.84343434e-05 2.99997700e+08 4.03030226e+03 2.95091753e+03
-1.33838384e-05 -1.84343434e-05 2.99997579e+08 4.35155260e+03 2.89359543e+03
-1.28787879e-05 -1.84343434e-05 2.99997476e+08 4.67438912e+03 2.79246822e+03
-1.23737374e-05 -1.84343434e-05 2.99997396e+08 4.99008007e+03 2.64016202e+03
-1.18686869e-05 -1.84343434e-05 2.99997344e+08 5.28727699e+03 2.42962941e+03
-1.13636364e-05 -1.84343434e-05 2.99997325e+08 5.55182323e+03 2.15483660e+03
-1.08585859e-05 -1.84343434e-05 2.99997344e+08 5.76678171e+03 1.81165955e+03
-1.03535354e-05 -1.84343434e-05 2.99997402e+08 5.91280137e+03 1.39896431e+03
-9.84848485e-06 -1.84343434e-05 2.99997499e+08 5.96894859e+03 9.19794059e+02
-9.34343434e-06 -1.84343434e-05 2.99997629e+08 5.91410879e+03 3.82514480e+02
-8.83838384e-06 -1.84343434e-05 2.99997785e+08 5.72899910e+03 -1.98306615e+02
-8.33333333e-06 -1.84343434e-05 2.99997953e+08 5.39871543e+03 -8.01569660e+02
-7.82828283e-06 -1.84343434e-05 2.99998118e+08 4.91557218e+03 -1.40015896e+03
-7.32323232e-06 -1.84343434e-05 2.99998258e+08 4.28180909e+03 -1.96252630e+03
-6.81818182e-06 -1.84343434e-05 2.99998356e+08 3.51159484e+03 -2.45538843e+03
-6.31313131e-06 -1.84343434e-05 2.99998395e+08 2.63172470e+03 -2.84731785e+03
-5.80808081e-06 -1.84343434e-05 2.99998362e+08 1.68055139e+03 -3.11271266e+03
-5.30303030e-06 -1.84343434e-05 2.99998254e+08 7.05014925e+02 -3.23541183e+03
-4.79797980e-06 -1.84343434e-05 2.99998077e+08 -2.43919524e+02 -3.21118202e+03
-4.29292929e-06 -1.84343434e-05 2.99997844e+08 -1.11668350e+03 -3.04849141e+03
-3.78787879e-06 -1.84343434e-05 2.99997579e+08 -1.87040469e+03 -2.76736908e+03
-3.28282828e-06 -1.84343434e-05 2.99997306e+08 -2.47312334e+03 -2.39660012e+03
-2.77777778e-06 -1.84343434e-05 2.99997053e+08 -2.90624993e+03 -1.96987451e+03
-2.27272727e-06 -1.84343434e-05 2.99996846e+08 -3.16502680e+03 -1.52167620e+03
-1.76767677e-06 -1.84343434e-05 2.99996703e+08 -3.25719602e+03 -1.08364157e+03
-1.26262626e-06 -1.84343434e-05 2.99996637e+08 -3.20038730e+03 -6.81890528e+02
-7.57575758e-07 -1.84343434e-05 2.99996655e+08 -3.01886651e+03 -3.35540534e+02
-2.52525253e-07 -1.84343434e-05 2.99996754e+08 -2.74024248e+03 -5.63500242e+01
2.52525253e-07 -1.84343434e-05 2.99996929e+08 -2.39257835e+03 1.50740673e+02
7.57575758e-07 -1.84343434e-05 2.99997168e+08 -2.00216349e+03 2.86480606e+02
1.26262626e-06 -1.84343434e-05 2.99997459e+08 -1.59202768e+03 3.55897135e+02
1.76767677e-06 -1.84343434e-05 2.99997788e+08 -1.18115006e+03 3.66852215e+02
2.27272727e-06 -1.84343434e-05 2.99998140e+08 -7.84239186e+02 3.28738821e+02
2.77777778e-06 -1.84343434e-05 2.99998502e+08 -4.11930323e+02 2.51414439e+02
3.28282828e-06 -1.84343434e-05 2.99998863e+08 -7.12486641e+01 1.44406353e+02
3.78787879e-06 -1.84343434e-05 2.99999215e+08 2.33790492e+02 1.63795986e+01
4.29292929e-06 -1.84343434e-05 2.99999549e+08 5.01543163e+02 -1.25167724e+02
4.79797980e-06 -1.84343434e-05 2.99999860e+08 7.32127254e+02 -2.74028844e+02
5.30303030e-06 -1.84343434e-05 3.00000144e+08 9.26882738e+02 -4.25281055e+02
5.80808081e-06 -1.84343434e-05 3.00000399e+08 1.08792076e+03 -5.75190746e+02
6.31313131e-06 -1.84343434e-05 3.00000624e+08 1.21776599e+03 -7.21066967e+02
6.81818182e-06 -1.84343434e-05 3.00000819e+08 1.31908693e+03 -8.61091173e+02
7.32323232e-06 -1.84343434e-05 3.00000985e+08 1.39450381e+03 -9.94142779e+02
7.82828283e-06 -1.84343434e-05 3.00001123e+08 1.44646124e+03 -1.11963338e+03
8.33333333e-06 -1.84343434e-05 3.00001235e+08 1.47715302e+03 -1.23735722e+03
8.83838384e-06 -1.84343434e-05 3.00001322e+08 1.48848731e+03 -1.34736165e+03
9.34343434e-06 -1.84343434e-05 3.00001388e+08 1.48208206e+03 -1.44983877e+03
9.84848485e-06 -1.84343434e-05 3.00001434e+08 1.45928233e+03 -1.54503775e+03
1.03535354e-05 -1.84343434e-05 3.00001463e+08 1.42119287e+03 -1.63319653e+03
1.08585859e-05 -1.84343434e-05 3.00001478e+08 1.36872058e+03 -1.71449119e+03
1.13636364e-05 -1.84343434e-05 3.00001479e+08 1.30262284e+03 -1.78900112e+03
1.18686869e-05 -1.84343434e-05 3.00001471e+08 1.22355830e+03 -1.85668822e+03
1.23737374e-05 -1.84343434e-05 3.00001455e+08 1.13213765e+03 -1.91738865e+03
1.28787879e-05 -1.84343434e-05 3.00001432e+08 1.02897213e+03 -1.97081544e+03
1.33838384e-05 -1.84343434e-05 3.00001406e+08 9.14717839e+02 -2.01657069e+03
1.38888889e-05 -1.84343434e-05 3.00001378e+08 7.90114405e+02 -2.05416598e+03
1.43939394e-05 -1.84343434e-05 3.00001349e+08 6.56016403e+02 -2.08304934e+03
1.48989899e-05 -1.84343434e-05 3.00001321e+08 5.13416501e+02 -2.10263761e+03
1.54040404e-05 -1.84343434e-05 3.00001295e+08 3.63459338e+02 -2.11235207e+03
1.59090909e-05 -1.84343434e-05 3.00001273e+08 2.07445582e+02 -2.11165592e+03
1.64141414e-05 -1.84343434e-05 3.00001254e+08 4.68259842e+01 -2.10009155e+03
1.69191919e-05 -1.84343434e-05 3.00001241e+08 -1.16814330e+02 -2.07731566e+03
1.74242424e-05 -1.84343434e-05 3.00001233e+08 -2.81780588e+02 -2.04313049e+03
1.79292929e-05 -1.84343434e-05 3.00001230e+08 -4.46300931e+02 -1.99750937e+03
1.84343434e-05 -1.84343434e-05 3.00001232e+08 -6.08565179e+02 -1.94061526e+03
1.89393939e-05 -1.84343434e-05 3.00001239e+08 -7.66767817e+02 -1.87281119e+03
1.94444444e-05 -1.84343434e-05 3.00001251e+08 -9.19152989e+02 -1.79466202e+03
1.99494949e-05 -1.84343434e-05 3.00001266e+08 -1.06405918e+03 -1.70692742e+03
2.04545455e-05 -1.84343434e-05 3.00001284e+08 -1.19996132e+03 -1.61054656e+03
2.09595960e-05 -1.84343434e-05 3.00001305e+08 -1.32550820e+03 -1.50661534e+03
2.14646465e-05 -1.84343434e-05 3.00001327e+08 -1.43955357e+03 -1.39635748e+03
2.19696970e-05 -1.84343434e-05 3.00001350e+08 -1.54117941e+03 -1.28109108e+03
2.24747475e-05 -1.84343434e-05 3.00001372e+08 -1.62971079e+03 -1.16219257e+03
2.29797980e-05 -1.84343434e-05 3.00001393e+08 -1.70472190e+03 -1.04105962e+03
2.34848485e-05 -1.84343434e-05 3.00001411e+08 -1.76603353e+03 -9.19075123e+02
2.39898990e-05 -1.84343434e-05 3.00001427e+08 -1.81370264e+03 -7.97573589e+02
2.44949495e-05 -1.84343434e-05 3.00001439e+08 -1.84800514e+03 -6.77811350e+02
2.50000000e-05 -1.84343434e-05 3.00001447e+08 -1.86941314e+03 -5.60941575e+02
-2.50000000e-05 -1.79292929e-05 2.99999864e+08 2.96394424e+02 1.44329979e+03
-2.44949495e-05 -1.79292929e-05 2.99999836e+08 3.61421541e+02 1.50799368e+03
-2.39898990e-05 -1.79292929e-05 2.99999803e+08 4.31140181e+02 1.57550616e+03
-2.34848485e-05 -1.79292929e-05 2.99999764e+08 5.05968568e+02 1.64601948e+03
-2.29797980e-05 -1.79292929e-05 2.99999720e+08 5.86389079e+02 1.71971730e+03
-2.24747475e-05 -1.79292929e-05 2.99999670e+08 6.72957907e+02 1.79677740e+03
-2.19696970e-05 -1.79292929e-05 2.99999612e+08 7.66315214e+02 1.87736132e+03
-2.14646465e-05 -1.79292929e-05 2.99999547e+08 8.67195370e+02 1.96160048e+03
-2.09595960e-05 -1.79292929e-05 2.99999475e+08 9.76436684e+02 2.04957778e+03
-2.04545455e-05 -1.79292929e-05 2.99999394e+08 1.09498980e+03 2.14130378e+03
-1.99494949e-05 -1.79292929e-05 2.99999303e+08 1.22392358e+03 2.23668648e+03
-1.94444444e-05 -1.79292929e-05 2.99999204e+08 1.36442697e+03 2.33549355e+03
-1.89393939e-05 -1.79292929e-05 2.99999094e+08 1.51780476e+03 2.43730591e+03
-1.84343434e-05 -1.79292929e-05 2.99998975e+08 1.68546472e+03 2.54146171e+03
-1.79292929e-05 -1.79292929e-05 2.99998845e+08 1.86889291e+03 2.64698960e+03
-1.74242424e-05 -1.79292929e-05 2.99998705e+08 2.06961288e+03 2.75253093e+03
-1.69191919e-05 -1.79292929e-05 2.99998556e+08 2.28912408e+03 2.85625044e+03
-1.64141414e-05 -1.79292929e-05 2.99998398e+08 2.52881290e+03 2.95573662e+03
-1.59090909e-05 -1.79292929e-05 2.99998233e+08 2.78982943e+03 3.04789369e+03
-1.54040404e-05 -1.79292929e-05 2.99998062e+08 3.07292108e+03 3.12882992e+03
-1.48989899e-05 -1.79292929e-05 2.99997888e+08 3.37821395e+03 3.19375026e+03
-1.43939394e-05 -1.79292929e-05 2.99997715e+08 3.70493255e+03 3.23686612e+03
-1.38888889e-05 -1.79292929e-05 2.99997546e+08 4.05105045e+03 3.25134219e+03
-1.33838384e-05 -1.79292929e-05 2.99997388e+08 4.41286891e+03 3.22930849e+03
-1.28787879e-05 -1.79292929e-05 2.99997245e+08 4.78453023e+03 3.16197614e+03
-1.23737374e-05 -1.79292929e-05 2.99997125e+08 5.15748816e+03 3.03990577e+03
-1.18686869e-05 -1.79292929e-05 2.99997035e+08 5.51998236e+03 2.85348506e+03
-1.13636364e-05 -1.79292929e-05 2.99996982e+08 5.85659780e+03 2.59367282e+03
-1.08585859e-05 -1.79292929e-05 2.99996971e+08 6.14803180e+03 2.25305361e+03
-1.03535354e-05 -1.79292929e-05 2.99997008e+08 6.37123542e+03 1.82721113e+03
-9.84848485e-06 -1.79292929e-05 2.99997094e+08 6.50012918e+03 1.31636170e+03
-9.34343434e-06 -1.79292929e-05 2.99997225e+08 6.50709351e+03 7.27088417e+02
-8.83838384e-06 -1.79292929e-05 2.99997394e+08 6.36537525e+03 7.38894415e+01
-8.33333333e-06 -1.79292929e-05 2.99997586e+08 6.05240506e+03 -6.19870550e+02
-7.82828283e-06 -1.79292929e-05 2.99997782e+08 5.55377838e+03 -1.32208793e+03
-7.32323232e-06 -1.79292929e-05 2.99997958e+08 4.86734472e+03 -1.99355903e+03
-6.81818182e-06 -1.79292929e-05 2.99998088e+08 4.00656141e+03 -2.59133629e+03
-6.31313131e-06 -1.79292929e-05 2.99998149e+08 3.00213018e+03 -3.07360054e+03
-5.80808081e-06 -1.79292929e-05 2.99998124e+08 1.90108185e+03 -3.40534725e+03
-5.30303030e-06 -1.79292929e-05 2.99998008e+08 7.62958114e+02 -3.56376552e+03
-4.79797980e-06 -1.79292929e-05 2.99997807e+08 -3.46530161e+02 -3.54205489e+03
-4.29292929e-06 -1.79292929e-05 2.99997538e+08 -1.36325495e+03 -3.35069830e+03
-3.78787879e-06 -1.79292929e-05 2.99997231e+08 -2.23227245e+03 -3.01583873e+03
-3.28282828e-06 -1.79292929e-05 2.99996918e+08 -2.91374579e+03 -2.57516809e+03
-2.77777778e-06 -1.79292929e-05 2.99996636e+08 -3.38615747e+03 -2.07234150e+03
-2.27272727e-06 -1.79292929e-05 2.99996413e+08 -3.64652801e+03 -1.55117161e+03
-1.76767677e-06 -1.79292929e-05 2.99996275e+08 -3.70806958e+03 -1.05070644e+03
-1.26262626e-06 -1.79292929e-05 2.99996233e+08 -3.59615900e+03 -6.01878152e+02
-7.57575758e-07 -1.79292929e-05 2.99996293e+08 -3.34364137e+03 -2.25923573e+02
-2.52525253e-07 -1.79292929e-05 2.99996450e+08 -2.98633319e+03 6.56197450e+01
2.52525253e-07 -1.79292929e-05 2.99996694e+08 -2.55930699e+03 2.69767581e+02
7.57575758e-07 -1.79292929e-05 2.99997008e+08 -2.09423054e+03 3.90283302e+02
1.26262626e-06 -1.79292929e-05 2.99997376e+08 -1.61778101e+03 4.35648705e+02
1.76767677e-06 -1.79292929e-05 2.99997779e+08 -1.15099020e+03 4.17134383e+02
2.27272727e-06 -1.79292929e-05 2.99998201e+08 -7.09297915e+02 3.47166451e+02
2.77777778e-06 -1.79292929e-05 2.99998626e+08 -3.03076733e+02 2.38076960e+02
3.28282828e-06 -1.79292929e-05 2.99999042e+08 6.15824384e+01 1.01244799e+02
3.78787879e-06 -1.79292929e-05 2.99999439e+08 3.81988696e+02 -5.34161858e+01
4.29292929e-06 -1.79292929e-05 2.99999809e+08 6.57988572e+02 -2.17689587e+02
4.79797980e-06 -1.79292929e-05 3.00000148e+08 8.91192957e+02 -3.85083075e+02
5.30303030e-06 -1.79292929e-05 3.00000452e+08 1.08432847e+03 -5.50717334e+02
5.80808081e-06 -1.79292929e-05 3.00000720e+08 1.24072295e+03 -7.11133821e+02
6.31313131e-06 -1.79292929e-05 3.00000952e+08 1.36391848e+03 -8.64064431e+02
6.81818182e-06 -1.79292929e-05 3.00001149e+08 1.45739662e+03 -1.00819343e+03
7.32323232e-06 -1.79292929e-05 3.00001312e+08 1.52439679e+03 -1.14293116e+03
7.82828283e-06 -1.79292929e-05 3.00001444e+08 1.56780857e+03 -1.26821082e+03
8.33333333e-06 -1.79292929e-05 3.00001546e+08 1.59012026e+03 -1.38431331e+03
8.83838384e-06 -1.79292929e-05 3.00001622e+08 1.59340906e+03 -1.49172155e+03
9.34343434e-06 -1.79292929e-05 3.00001675e+08 1.57936056e+03 -1.59100289e+03
9.84848485e-06 -1.79292929e-05 3.00001707e+08 1.54930839e+03 -1.68271735e+03
1.03535354e-05 -1.79292929e-05 3.00001721e+08 1.50428675e+03 -1.76734864e+03
1.08585859e-05 -1.79292929e-05 3.00001720e+08 1.44509062e+03 -1.84525516e+03
1.13636364e-05 -1.79292929e-05 3.00001706e+08 1.37233964e+03 -1.91663840e+03
1.18686869e-05 -1.79292929e-05 3.00001681e+08 1.28654270e+03 -1.98152640e+03
1.23737374e-05 -1.79292929e-05 3.00001649e+08 1.18816073e+03 -2.03977052e+03
1.28787879e-05 -1.79292929e-05 3.00001612e+08 1.07766579e+03 -2.09105381e+03
1.33838384e-05 -1.79292929e-05 3.00001571e+08 9.55594581e+02 -2.13490953e+03
1.38888889e-05 -1.79292929e-05 3.00001529e+08 8.22594861e+02 -2.17074853e+03
1.43939394e-05 -1.79292929e-05 3.00001487e+08 6.79463109e+02 -2.19789392e+03
1.48989899e-05 -1.79292929e-05 3.00001447e+08 5.27172246e+02 -2.21562135e+03
1.54040404e-05 -1.79292929e-05 3.00001410e+08 3.66888264e+02 -2.22320335e+03
1.59090909e-05 -1.79292929e-05 3.00001378e+08 1.99975060e+02 -2.21995535e+03
1.64141414e-05 -1.79292929e-05 3.00001352e+08 2.79871790e+01 -2.20528149e+03
1.69191919e-05 -1.79292929e-05 3.00001331e+08 -1.47349274e+02 -2.17871775e+03
1.74242424e-05 -1.79292929e-05 3.00001317e+08 -3.24166728e+02 -2.13997034e+03
1.79292929e-05 -1.79292929e-05 3.00001309e+08 -5.00495810e+02 -2.08894700e+03
1.84343434e-05 -1.79292929e-05 3.00001307e+08 -6.74312599e+02 -2.02577985e+03
1.89393939e-05 -1.79292929e-05 3.00001312e+08 -8.43591022e+02 -1.95083807e+03
1.94444444e-05 -1.79292929e-05 3.00001322e+08 -1.00635764e+03 -1.86473005e+03
1.99494949e-05 -1.79292929e-05 3.00001336e+08 -1.16074591e+03 -1.76829466e+03
2.04545455e-05 -1.79292929e-05 3.00001354e+08 -1.30504712e+03 -1.66258230e+03
2.09595960e-05 -1.79292929e-05 3.00001375e+08 -1.43775536e+03 -1.54882697e+03
2.14646465e-05 -1.79292929e-05 3.00001397e+08 -1.55760445e+03 -1.42841079e+03
2.19696970e-05 -1.79292929e-05 3.00001420e+08 -1.66359518e+03 -1.30282338e+03
2.24747475e-05 -1.79292929e-05 3.00001442e+08 -1.75501195e+03 -1.17361805e+03
2.29797980e-05 -1.79292929e-05 3.00001463e+08 -1.83142862e+03 -1.04236741e+03
2.34848485e-05 -1.79292929e-05 3.00001482e+08 -1.89270385e+03 -9.10620325e+02
2.39898990e-05 -1.79292929e-05 3.00001497e+08 -1.93896697e+03 -7.79862458e+02
2.44949495e-05 -1.79292929e-05 3.00001508e+08 -1.97059580e+03 -6.51481694e+02
2.50000000e-05 -1.79292929e-05 3.00001515e+08 -1.98818804e+03 -5.26739753e+02
-2.50000000e-05 -1.74242424e-05 2.99999933e+08 2.32518151e+02 1.41846080e+03
-2.44949495e-05 -1.74242424e-05 2.99999907e+08 2.94672926e+02 1.48425549e+03
-2.39898990e-05 -1.74242424e-05 2.99999877e+08 3.61307332e+02 1.55317648e+03
-2.34848485e-05 -1.74242424e-05 2.99999841e+08 4.32828731e+02 1.62547655e+03
-2.29797980e-05 -1.74242424e-05 2.99999799e+08 5.09713769e+02 1.70142420e+03
-2.24747475e-05 -1.74242424e-05 2.99999751e+08 5.92520578e+02 1.78129850e+03
-2.19696970e-05 -1.74242424e-05 2.99999695e+08 6.81902172e+02 1.86538098e+03
-2.14646465e-05 -1.74242424e-05 2.99999631e+08 7.78620775e+02 1.95394402e+03
-2.09595960e-05 -1.74242424e-05 2.99999559e+08 8.83562623e+02 2.04723447e+03
-2.04545455e-05 -1.74242424e-05 2.99999477e+08 9.97752530e+02 2.14545161e+03
-1.99494949e-05 -1.74242424e-05 2.99999385e+08 1.12236715e+03 2.24871797e+03
-1.94444444e-05 -1.74242424e-05 2.99999282e+08 1.25874553e+03 2.35704176e+03
-1.89393939e-05 -1.74242424e-05 2.99999168e+08 1.40839488e+03 2.47026918e+03
-1.84343434e-05 -1.74242424e-05 2.99999041e+08 1.57298913e+03 2.58802507e+03
-1.79292929e-05 -1.74242424e-05 2.99998903e+08 1.75435678e+03 2.70964017e+03
-1.74242424e-05 -1.74242424e-05 2.99998751e+08 1.95445375e+03 2.83406348e+03
-1.69191919e-05 -1.74242424e-05 2.99998587e+08 2.17531572e+03 2.95975806e+03
-1.64141414e-05 -1.74242424e-05 2.99998411e+08 2.41898276e+03 3.08457967e+03
-1.59090909e-05 -1.74242424e-05 2.99998224e+08 2.68738735e+03 3.20563824e+03
-1.54040404e-05 -1.74242424e-05 2.99998027e+08 2.98219446e+03 3.31914435e+03
-1.48989899e-05 -1.74242424e-05 2.99997823e+08 3.30458025e+03 3.42024613e+03
-1.43939394e-05 -1.74242424e-05 2.99997615e+08 3.65493379e+03 3.50286736e+03
-1.38888889e-05 -1.74242424e-05 2.99997408e+08 4.03246567e+03 3.55956543e+03
-1.33838384e-05 -1.74242424e-05 2.99997206e+08 4.43470930e+03 3.58143918e+03
-1.28787879e-05 -1.74242424e-05 2.99997016e+08 4.85690797e+03 3.55813167e+03
-1.23737374e-05 -1.74242424e-05 2.99996847e+08 5.29129610e+03 3.47799072e+03
-1.18686869e-05 -1.74242424e-05 2.99996708e+08 5.72631074e+03 3.32846855e+03
-1.13636364e-05 -1.74242424e-05 2.99996607e+08 6.14581285e+03 3.09685608e+03
-1.08585859e-05 -1.74242424e-05 2.99996555e+08 6.52845908e+03 2.77144728e+03
-1.03535354e-05 -1.74242424e-05 2.99996558e+08 6.84744082e+03 2.34320158e+03
-9.84848485e-06 -1.74242424e-05 2.99996622e+08 7.07088330e+03 1.80789933e+03
-9.34343434e-06 -1.74242424e-05 2.99996746e+08 7.16324668e+03 1.16865229e+03
-8.83838384e-06 -1.74242424e-05 2.99996923e+08 7.08804424e+03 4.38435101e+02
-8.33333333e-06 -1.74242424e-05 2.99997139e+08 6.81203539e+03 -3.57927048e+02
-7.82828283e-06 -1.74242424e-05 2.99997371e+08 6.31071748e+03 -1.18307089e+03
-7.32323232e-06 -1.74242424e-05 2.99997590e+08 5.57444350e+03 -1.98849820e+03
-6.81818182e-06 -1.74242424e-05 2.99997761e+08 4.61394542e+03 -2.71860525e+03
-6.31313131e-06 -1.74242424e-05 2.99997852e+08 3.46367222e+03 -3.31727044e+03
-5.80808081e-06 -1.74242424e-05 2.99997841e+08 2.18143338e+03 -3.73607822e+03
-5.30303030e-06 -1.74242424e-05 2.99997717e+08 8.43542137e+02 -3.94245400e+03
-4.79797980e-06 -1.74242424e-05 2.99997487e+08 -4.64127327e+02 -3.92563402e+03
-4.29292929e-06 -1.74242424e-05 2.99997173e+08 -1.65744648e+03 -3.69877793e+03
-3.78787879e-06 -1.74242424e-05 2.99996814e+08 -2.66515544e+03 -3.29659437e+03
-3.28282828e-06 -1.74242424e-05 2.99996455e+08 -3.43730724e+03 -2.76917127e+03
-2.77777778e-06 -1.74242424e-05 2.99996139e+08 -3.94943526e+03 -2.17372064e+03
-2.27272727e-06 -1.74242424e-05 2.99995904e+08 -4.20215646e+03 -1.56628219e+03
-1.76767677e-06 -1.74242424e-05 2.99995779e+08 -4.21709354e+03 -9.95066957e+02
-1.26262626e-06 -1.74242424e-05 2.99995775e+08 -4.03064926e+03 -4.96349264e+02
-7.57575758e-07 -1.74242424e-05 2.99995896e+08 -3.68722864e+03 -9.30059593e+01
-2.52525253e-07 -1.74242424e-05 2.99996130e+08 -3.23314912e+03 2.04779186e+02
2.52525253e-07 -1.74242424e-05 2.99996462e+08 -2.71195609e+03 3.97395364e+02
7.57575758e-07 -1.74242424e-05 2.99996869e+08 -2.16137407e+03 4.93022098e+02
1.26262626e-06 -1.74242424e-05 2.99997330e+08 -1.61177457e+03 5.04785010e+02
1.76767677e-06 -1.74242424e-05 2.99997820e+08 -1.08585216e+03 4.48243793e+02
2.27272727e-06 -1.74242424e-05 2.99998321e+08 -5.99138429e+02 3.39411772e+02
2.77777778e-06 -1.74242424e-05 2.99998815e+08 -1.61007866e+02 1.93357395e+02
3.28282828e-06 -1.74242424e-05 2.99999289e+08 2.24103818e+02 2.33414875e+01
3.78787879e-06 -1.74242424e-05 2.99999732e+08 5.55468070e+02 -1.59606118e+02
4.29292929e-06 -1.74242424e-05 3.00000137e+08 8.34942978e+02 -3.46783162e+02
4.79797980e-06 -1.74242424e-05 3.00000501e+08 1.06602787e+03 -5.31691589e+02
5.30303030e-06 -1.74242424e-05 3.00000822e+08 1.25311350e+03 -7.09783935e+02
5.80808081e-06 -1.74242424e-05 3.00001098e+08 1.40092038e+03 -8.78147966e+02
6.31313131e-06 -1.74242424e-05 3.00001332e+08 1.51410248e+03 -1.03517748e+03
6.81818182e-06 -1.74242424e-05 3.00001526e+08 1.59698713e+03 -1.18025969e+03
7.32323232e-06 -1.74242424e-05 3.00001681e+08 1.65342163e+03 -1.31349619e+03
7.82828283e-06 -1.74242424e-05 3.00001802e+08 1.68669959e+03 -1.43546479e+03
8.33333333e-06 -1.74242424e-05 3.00001891e+08 1.69954474e+03 -1.54702330e+03
8.83838384e-06 -1.74242424e-05 3.00001952e+08 1.69413433e+03 -1.64915283e+03
9.34343434e-06 -1.74242424e-05 3.00001988e+08 1.67214856e+03 -1.74283616e+03
9.84848485e-06 -1.74242424e-05 3.00002002e+08 1.63483641e+03 -1.82896636e+03
1.03535354e-05 -1.74242424e-05 3.00001998e+08 1.58309065e+03 -1.90828096e+03
1.08585859e-05 -1.74242424e-05 3.00001978e+08 1.51752727e+03 -1.98131769e+03
1.13636364e-05 -1.74242424e-05 3.00001945e+08 1.43856596e+03 -2.04838831e+03
1.18686869e-05 -1.74242424e-05 3.00001903e+08 1.34650898e+03 -2.10956810e+03
1.23737374e-05 -1.74242424e-05 3.00001853e+08 1.24161663e+03 -2.16469892e+03
1.28787879e-05 -1.74242424e-05 3.00001799e+08 1.12417739e+03 -2.21340422e+03
1.33838384e-05 -1.74242424e-05 3.00001742e+08 9.94571303e+02 -2.25511486e+03
1.38888889e-05 -1.74242424e-05 3.00001684e+08 8.53324698e+02 -2.28910419e+03
1.43939394e-05 -1.74242424e-05 3.00001628e+08 7.01154781e+02 -2.31453125e+03
1.48989899e-05 -1.74242424e-05 3.00001575e+08 5.39002472e+02 -2.33049032e+03
1.54040404e-05 -1.74242424e-05 3.00001527e+08 3.68052149e+02 -2.33606492e+03
1.59090909e-05 -1.74242424e-05 3.00001484e+08 1.89737326e+02 -2.33038394e+03
1.64141414e-05 -1.74242424e-05 3.00001448e+08 5.73180134e+00 -2.31267748e+03
1.69191919e-05 -1.74242424e-05 3.00001420e+08 -1.82073546e+02 -2.28232947e+03
1.74242424e-05 -1.74242424e-05 3.00001399e+08 -3.71607384e+02 -2.23892457e+03
1.79292929e-05 -1.74242424e-05 3.00001387e+08 -5.60666297e+02 -2.18228654e+03
1.84343434e-05 -1.74242424e-05 3.00001381e+08 -7.46972479e+02 -2.11250604e+03
1.89393939e-05 -1.74242424e-05 3.00001383e+08 -9.28237732e+02 -2.02995617e+03
1.94444444e-05 -1.74242424e-05 3.00001392e+08 -1.10223032e+03 -1.93529475e+03
1.99494949e-05 -1.74242424e-05 3.00001405e+08 -1.26684104e+03 -1.82945342e+03
2.04545455e-05 -1.74242424e-05 3.00001423e+08 -1.42014497e+03 -1.71361401e+03
2.09595960e-05 -1.74242424e-05 3.00001444e+08 -1.56045558e+03 -1.58917393e+03
2.14646465e-05 -1.74242424e-05 3.00001467e+08 -1.68636871e+03 -1.45770260e+03
2.19696970e-05 -1.74242424e-05 3.00001491e+08 -1.79679428e+03 -1.32089165e+03
2.24747475e-05 -1.74242424e-05 3.00001514e+08 -1.89097487e+03 -1.18050172e+03
2.29797980e-05 -1.74242424e-05 3.00001535e+08 -1.96849082e+03 -1.03830885e+03
2.34848485e-05 -1.74242424e-05 3.00001554e+08 -2.02925256e+03 -8.96053220e+02
2.39898990e-05 -1.74242424e-05 3.00001568e+08 -2.07348153e+03 -7.55392555e+02
2.44949495e-05 -1.74242424e-05 3.00001579e+08 -2.10168155e+03 -6.17862127e+02
2.50000000e-05 -1.74242424e-05 3.00001585e+08 -2.11460281e+03 -4.84842588e+02
-2.50000000e-05 -1.69191919e-05 3.00000009e+08 1.67976072e+02 1.38666466e+03
-2.44949495e-05 -1.69191919e-05 2.99999987e+08 2.27012107e+02 1.45291731e+03
-2.39898990e-05 -1.69191919e-05 2.99999960e+08 2.90253523e+02 1.52253908e+03
-2.34848485e-05 -1.69191919e-05 2.99999928e+08 3.58083045e+02 1.59584977e+03
-2.29797980e-05 -1.69191919e-05 2.99999890e+08 4.30955458e+02 1.67320047e+03
-2.24747475e-05 -1.69191919e-05 2.99999844e+08 5.09412133e+02 1.75497101e+03
-2.19696970e-05 -1.69191919e-05 2.99999791e+08 5.94097543e+02 1.84156503e+03
-2.14646465e-05 -1.69191919e-05 2.99999730e+08 6.85777650e+02 1.93340145e+03
-2.09595960e-05 -1.69191919e-05 2.99999659e+08 7.85359908e+02 2.03090150e+03
-2.04545455e-05 -1.69191919e-05 2.99999578e+08 8.93914333e+02 2.13446976e+03
-1.99494949e-05 -1.69191919e-05 2.99999486e+08 1.01269479e+03 2.24446792e+03
-1.94444444e-05 -1.69191919e-05 2.99999382e+08 1.14315922e+03 2.36117936e+03
-1.89393939e-05 -1.69191919e-05 2.99999264e+08 1.28698698e+03 2.48476265e+03
-1.84343434e-05 -1.69191919e-05 2.99999133e+08 1.44609095e+03 2.61519171e+03
-1.79292929e-05 -1.69191919e-05 2.99998987e+08 1.62262102e+03 2.75218024e+03
-1.74242424e-05 -1.69191919e-05 2.99998826e+08 1.81895484e+03 2.89508773e+03
-1.69191919e-05 -1.69191919e-05 2.99998649e+08 2.03766996e+03 3.04280423e+03
-1.64141414e-05 -1.69191919e-05 2.99998457e+08 2.28149008e+03 3.19361088e+03
-1.59090909e-05 -1.69191919e-05 2.99998248e+08 2.55319498e+03 3.34501377e+03
-1.54040404e-05 -1.69191919e-05 2.99998026e+08 2.85548110e+03 3.49354965e+03
-1.48989899e-05 -1.69191919e-05 2.99997790e+08 3.19075502e+03 3.63456457e+03
-1.43939394e-05 -1.69191919e-05 2.99997545e+08 3.56083801e+03 3.76197138e+03
-1.38888889e-05 -1.69191919e-05 2.99997294e+08 3.96655514e+03 3.86800029e+03
-1.33838384e-05 -1.69191919e-05 2.99997043e+08 4.40718025e+03 3.94296987e+03
-1.28787879e-05 -1.69191919e-05 2.99996799e+08 4.87970985e+03 3.97512537e+03
-1.23737374e-05 -1.69191919e-05 2.99996570e+08 5.37795034e+03 3.95061742e+03
-1.18686869e-05 -1.69191919e-05 2.99996369e+08 5.89142876e+03 3.85372711e+03
-1.13636364e-05 -1.69191919e-05 2.99996207e+08 6.40418693e+03 3.66747757e+03
-1.08585859e-05 -1.69191919e-05 2.99996096e+08 6.89359871e+03 3.37479793e+03
-1.03535354e-05 -1.69191919e-05 2.99996049e+08 7.32946548e+03 2.96040342e+03
-9.84848485e-06 -1.69191919e-05 2.99996075e+08 7.67378605e+03 2.41349510e+03
-9.34343434e-06 -1.69191919e-05 2.99996178e+08 7.88173311e+03 1.73122867e+03
-8.83838384e-06 -1.69191919e-05 2.99996356e+08 7.90442998e+03 9.22625461e+02
-8.33333333e-06 -1.69191919e-05 2.99996593e+08 7.69400408e+03 1.22089420e+01
-7.82828283e-06 -1.69191919e-05 2.99996865e+08 7.21098153e+03 -9.57764192e+02
-7.32323232e-06 -1.69191919e-05 2.99997135e+08 6.43332517e+03 -1.92785508e+03
-6.81818182e-06 -1.69191919e-05 2.99997358e+08 5.36542376e+03 -2.82595742e+03
-6.31313131e-06 -1.69191919e-05 2.99997492e+08 4.04447778e+03 -3.57610874e+03
-5.80808081e-06 -1.69191919e-05 2.99997501e+08 2.54155503e+03 -4.11048743e+03
-5.30303030e-06 -1.69191919e-05 2.99997369e+08 9.55560534e+02 -4.38193637e+03
-4.79797980e-06 -1.69191919e-05 2.99997102e+08 -5.99567560e+02 -4.37350327e+03
-4.29292929e-06 -1.69191919e-05 2.99996733e+08 -2.01172488e+03 -4.10199477e+03
-3.78787879e-06 -1.69191919e-05 2.99996311e+08 -3.18728559e+03 -3.61439011e+03
-3.28282828e-06 -1.69191919e-05 2.99995895e+08 -4.06333074e+03 -2.97833353e+03
-2.77777778e-06 -1.69191919e-05 2.99995544e+08 -4.61294960e+03 -2.26968538e+03
-2.27272727e-06 -1.69191919e-05 2.99995303e+08 -4.84346917e+03 -1.56053657e+03
-1.76767677e-06 -1.69191919e-05 2.99995205e+08 -4.78941040e+03 -9.10251588e+02
-1.26262626e-06 -1.69191919e-05 2.99995260e+08 -4.50284598e+03 -3.60656413e+02
-7.57575758e-07 -1.69191919e-05 2.99995465e+08 -4.04366036e+03 6.48481231e+01
-2.52525253e-07 -1.69191919e-05 2.99995802e+08 -3.47142322e+03 3.59276981e+02
2.52525253e-07 -1.69191919e-05 2.99996247e+08 -2.83966782e+03 5.28425439e+02
7.57575758e-07 -1.69191919e-05 2.99996769e+08 -2.19262946e+03 5.86723087e+02
1.26262626e-06 -1.69191919e-05 2.99997340e+08 -1.56405495e+03 5.53361173e+02
1.76767677e-06 -1.69191919e-05 2.99997931e+08 -9.77510921e+02 4.49129442e+02
2.27272727e-06 -1.69191919e-05 2.99998520e+08 -4.47616767e+02 2.94118599e+02
2.77777778e-06 -1.69191919e-05 2.99999087e+08 1.82774408e+01 1.06257067e+02
3.28282828e-06 -1.69191919e-05 2.99999620e+08 4.18317995e+02 -9.94519091e+01
3.78787879e-06 -1.69191919e-05 3.00000108e+08 7.54502598e+02 -3.11165534e+02
4.29292929e-06 -1.69191919e-05 3.00000545e+08 1.03128202e+03 -5.20079011e+02
4.79797980e-06 -1.69191919e-05 3.00000929e+08 1.25445083e+03 -7.20090130e+02
5.30303030e-06 -1.69191919e-05 3.00001260e+08 1.43032039e+03 -9.07361806e+02
5.80808081e-06 -1.69191919e-05 3.00001539e+08 1.56514045e+03 -1.07985989e+03
6.31313131e-06 -1.69191919e-05 3.00001769e+08 1.66472383e+03 -1.23691474e+03
6.81818182e-06 -1.69191919e-05 3.00001953e+08 1.73422808e+03 -1.37883297e+03
7.32323232e-06 -1.69191919e-05 3.00002095e+08 1.77805224e+03 -1.50657000e+03
7.82828283e-06 -1.69191919e-05 3.00002199e+08 1.79981421e+03 -1.62146441e+03
8.33333333e-06 -1.69191919e-05 3.00002269e+08 1.80238175e+03 -1.72502887e+03
8.83838384e-06 -1.69191919e-05 3.00002310e+08 1.78793729e+03 -1.81879053e+03
9.34343434e-06 -1.69191919e-05 3.00002325e+08 1.75806242e+03 -1.90417231e+03
9.84848485e-06 -1.69191919e-05 3.00002318e+08 1.71383278e+03 -1.98240774e+03
1.03535354e-05 -1.69191919e-05 3.00002292e+08 1.65591696e+03 -2.05448287e+03
1.08585859e-05 -1.69191919e-05 3.00002251e+08 1.58467583e+03 -2.12109983e+03
1.13636364e-05 -1.69191919e-05 3.00002198e+08 1.50025967e+03 -2.18265859e+03
1.18686869e-05 -1.69191919e-05 3.00002135e+08 1.40270145e+03 -2.23925384e+03
1.23737374e-05 -1.69191919e-05 3.00002065e+08 1.29200502e+03 -2.29068524e+03
1.28787879e-05 -1.69191919e-05 3.00001992e+08 1.16822676e+03 -2.33647988e+03
1.33838384e-05 -1.69191919e-05 3.00001917e+08 1.03154924e+03 -2.37592565e+03
1.38888889e-05 -1.69191919e-05 3.00001842e+08 8.82345064e+02 -2.40811483e+03
1.43939394e-05 -1.69191919e-05 3.00001771e+08 7.21229198e+02 -2.43199650e+03
1.48989899e-05 -1.69191919e-05 3.00001704e+08 5.49097678e+02 -2.44643632e+03
1.54040404e-05 -1.69191919e-05 3.00001642e+08 3.67151070e+02 -2.45028163e+03
1.59090909e-05 -1.69191919e-05 3.00001589e+08 1.76901252e+02 -2.44242921e+03
1.64141414e-05 -1.69191919e-05 3.00001543e+08 -1.98392467e+01 -2.42189296e+03
1.69191919e-05 -1.69191919e-05 3.00001507e+08 -2.20985311e+02 -2.38786786e+03
1.74242424e-05 -1.69191919e-05 3.00001480e+08 -4.24223753e+02 -2.33978709e+03
1.79292929e-05 -1.69191919e-05 3.00001462e+08 -6.27072297e+02 -2.27736900e+03
1.84343434e-05 -1.69191919e-05 3.00001453e+08 -8.26950096e+02 -2.20065093e+03
1.89393939e-05 -1.69191919e-05 3.00001453e+08 -1.02125604e+03 -2.11000808e+03
1.94444444e-05 -1.69191919e-05 3.00001460e+08 -1.20745055e+03 -2.00615601e+03
1.99494949e-05 -1.69191919e-05 3.00001474e+08 -1.38313618e+03 -1.89013662e+03
2.04545455e-05 -1.69191919e-05 3.00001492e+08 -1.54613269e+03 -1.76328865e+03
2.09595960e-05 -1.69191919e-05 3.00001514e+08 -1.69454231e+03 -1.62720462e+03
2.14646465e-05 -1.69191919e-05 3.00001538e+08 -1.82680208e+03 -1.48367693e+03
2.19696970e-05 -1.69191919e-05 3.00001563e+08 -1.94172076e+03 -1.33463658e+03
2.24747475e-05 -1.69191919e-05 3.00001587e+08 -2.03849924e+03 -1.18208832e+03
2.29797980e-05 -1.69191919e-05 3.00001609e+08 -2.11673422e+03 -1.02804578e+03
2.34848485e-05 -1.69191919e-05 3.00001627e+08 -2.17640631e+03 -8.74470156e+02
2.39898990e-05 -1.69191919e-05 3.00001642e+08 -2.21785424e+03 -7.23215286e+02
2.44949495e-05 -1.69191919e-05 3.00001652e+08 -2.24173792e+03 -5.75981357e+02
2.50000000e-05 -1.69191919e-05 3.00001656e+08 -2.24899306e+03 -4.34278695e+02
-2.50000000e-05 -1.64141414e-05 3.00000091e+08 1.03404516e+02 1.34784705e+03
-2.44949495e-05 -1.64141414e-05 3.00000074e+08 1.59145089e+02 1.41386103e+03
-2.39898990e-05 -1.64141414e-05 3.00000052e+08 2.18759844e+02 1.48340708e+03
-2.34848485e-05 -1.64141414e-05 3.00000025e+08 2.82592430e+02 1.55686526e+03
-2.29797980e-05 -1.64141414e-05 2.99999991e+08 3.51058454e+02 1.63466300e+03
-2.24747475e-05 -1.64141414e-05 2.99999950e+08 4.24661978e+02 1.71727593e+03
-2.19696970e-05 -1.64141414e-05 2.99999901e+08 5.04014812e+02 1.80522667e+03
-2.14646465e-05 -1.64141414e-05 2.99999844e+08 5.89858711e+02 1.89908055e+03
-2.09595960e-05 -1.64141414e-05 2.99999776e+08 6.83090430e+02 1.99943712e+03
-2.04545455e-05 -1.64141414e-05 2.99999698e+08 7.84789348e+02 2.10691601e+03
-1.99494949e-05 -1.64141414e-05 2.99999608e+08 8.96247053e+02 2.22213539e+03
-1.94444444e-05 -1.64141414e-05 2.99999505e+08 1.01899788e+03 2.34568117e+03
-1.89393939e-05 -1.64141414e-05 2.99999387e+08 1.15484890e+03 2.47806438e+03
-1.84343434e-05 -1.64141414e-05 2.99999253e+08 1.30590716e+03 2.61966432e+03
-1.79292929e-05 -1.64141414e-05 2.99999103e+08 1.47460142e+03 2.77065419e+03
-1.74242424e-05 -1.64141414e-05 2.99998935e+08 1.66369436e+03 2.93090582e+03
-1.69191919e-05 -1.64141414e-05 2.99998747e+08 1.87628006e+03 3.09986897e+03
-1.64141414e-05 -1.64141414e-05 2.99998540e+08 2.11575962e+03 3.27642048e+03
-1.59090909e-05 -1.64141414e-05 2.99998312e+08 2.38578449e+03 3.45867742e+03
-1.54040404e-05 -1.64141414e-05 2.99998064e+08 2.69015342e+03 3.64376839e+03
-1.48989899e-05 -1.64141414e-05 2.99997798e+08 3.03264263e+03 3.82755797e+03
-1.43939394e-05 -1.64141414e-05 2.99997514e+08 3.41674157e+03 4.00432243e+03
-1.38888889e-05 -1.64141414e-05 2.99997217e+08 3.84525757e+03 4.16638181e+03
-1.33838384e-05 -1.64141414e-05 2.99996912e+08 4.31974383e+03 4.30370683e+03
-1.28787879e-05 -1.64141414e-05 2.99996606e+08 4.83969839e+03 4.40354098e+03
-1.23737374e-05 -1.64141414e-05 2.99996308e+08 5.40148282e+03 4.45011220e+03
-1.18686869e-05 -1.64141414e-05 2.99996031e+08 5.99692631e+03 4.42455692e+03
-1.13636364e-05 -1.64141414e-05 2.99995790e+08 6.61162624e+03 4.30524026e+03
-1.08585859e-05 -1.64141414e-05 2.99995601e+08 7.22304785e+03 4.06872229e+03
-1.03535354e-05 -1.64141414e-05 2.99995481e+08 7.79867947e+03 3.69166974e+03
-9.84848485e-06 -1.64141414e-05 2.99995447e+08 8.29472537e+03 3.15400161e+03
-9.34343434e-06 -1.64141414e-05 2.99995509e+08 8.65609214e+03 2.44342073e+03
-8.83838384e-06 -1.64141414e-05 2.99995671e+08 8.81866725e+03 1.56114052e+03
-8.33333333e-06 -1.64141414e-05 2.99995922e+08 8.71492987e+03 5.28019134e+02
-7.82828283e-06 -1.64141414e-05 2.99996235e+08 8.28352986e+03 -6.10475922e+02
-7.32323232e-06 -1.64141414e-05 2.99996565e+08 7.48239545e+03 -1.78275530e+03
-6.81818182e-06 -1.64141414e-05 2.99996856e+08 6.30320373e+03 -2.89543813e+03
-6.31313131e-06 -1.64141414e-05 2.99997046e+08 4.78319336e+03 -3.84485580e+03
-5.80808081e-06 -1.64141414e-05 2.99997086e+08 3.00939326e+03 -4.53466445e+03
-5.30303030e-06 -1.64141414e-05 2.99996947e+08 1.11152652e+03 -4.89549884e+03
-4.79797980e-06 -1.64141414e-05 2.99996637e+08 -7.56615966e+02 -4.90059826e+03
-4.29292929e-06 -1.64141414e-05 2.99996197e+08 -2.44299220e+03 -4.57189795e+03
-3.78787879e-06 -1.64141414e-05 2.99995697e+08 -3.82285635e+03 -3.97440291e+03
-3.28282828e-06 -1.64141414e-05 2.99995215e+08 -4.81675035e+03 -3.20109410e+03
-2.77777778e-06 -1.64141414e-05 2.99994828e+08 -5.39695281e+03 -2.35374891e+03
-2.27272727e-06 -1.64141414e-05 2.99994593e+08 -5.58280312e+03 -1.52547191e+03
-1.76767677e-06 -1.64141414e-05 2.99994543e+08 -5.42856011e+03 -7.88816697e+02
-1.26262626e-06 -1.64141414e-05 2.99994686e+08 -5.00847600e+03 -1.90645167e+02
-7.57575758e-07 -1.64141414e-05 2.99995008e+08 -4.40293780e+03 2.47289819e+02
-2.52525253e-07 -1.64141414e-05 2.99995482e+08 -3.68788936e+03 5.24069077e+02
2.52525253e-07 -1.64141414e-05 2.99996069e+08 -2.92819639e+03 6.53703137e+02
7.57575758e-07 -1.64141414e-05 2.99996731e+08 -2.17457983e+03 6.59166739e+02
1.26262626e-06 -1.64141414e-05 2.99997431e+08 -1.46325225e+03 5.67309930e+02
1.76767677e-06 -1.64141414e-05 2.99998136e+08 -8.17296744e+02 4.05046844e+02
2.27272727e-06 -1.64141414e-05 2.99998820e+08 -2.48952858e+02 1.96853583e+02
2.77777778e-06 -1.64141414e-05 2.99999464e+08 2.37814413e+02 -3.66028265e+01
3.28282828e-06 -1.64141414e-05 3.00000054e+08 6.44868335e+02 -2.78969797e+02
3.78787879e-06 -1.64141414e-05 3.00000582e+08 9.77799276e+02 -5.18122130e+02
4.29292929e-06 -1.64141414e-05 3.00001045e+08 1.24425563e+03 -7.45719687e+02
4.79797980e-06 -1.64141414e-05 3.00001441e+08 1.45270566e+03 -9.56592762e+02
5.30303030e-06 -1.64141414e-05 3.00001774e+08 1.61158006e+03 -1.14808245e+03
5.80808081e-06 -1.64141414e-05 3.00002047e+08 1.72872397e+03 -1.31941523e+03
6.31313131e-06 -1.64141414e-05 3.00002264e+08 1.81108474e+03 -1.47115385e+03
6.81818182e-06 -1.64141414e-05 3.00002431e+08 1.86456930e+03 -1.60474090e+03
7.32323232e-06 -1.64141414e-05 3.00002553e+08 1.89401666e+03 -1.72213506e+03
7.82828283e-06 -1.64141414e-05 3.00002634e+08 1.90324408e+03 -1.82553109e+03
8.33333333e-06 -1.64141414e-05 3.00002681e+08 1.89513696e+03 -1.91715072e+03
8.83838384e-06 -1.64141414e-05 3.00002697e+08 1.87176186e+03 -1.99909098e+03
9.34343434e-06 -1.64141414e-05 3.00002686e+08 1.83448950e+03 -2.07321738e+03
9.84848485e-06 -1.64141414e-05 3.00002654e+08 1.78411991e+03 -2.14109180e+03
1.03535354e-05 -1.64141414e-05 3.00002604e+08 1.72100523e+03 -2.20392676e+03
1.08585859e-05 -1.64141414e-05 3.00002538e+08 1.64516808e+03 -2.26256025e+03
1.13636364e-05 -1.64141414e-05 3.00002461e+08 1.55641455e+03 -2.31744707e+03
1.18686869e-05 -1.64141414e-05 3.00002375e+08 1.45444124e+03 -2.36866419e+03
1.23737374e-05 -1.64141414e-05 3.00002284e+08 1.33893588e+03 -2.41592865e+03
1.28787879e-05 -1.64141414e-05 3.00002190e+08 1.20967054e+03 -2.45862727e+03
1.33838384e-05 -1.64141414e-05 3.00002095e+08 1.06658617e+03 -2.49585788e+03
1.38888889e-05 -1.64141414e-05 3.00002003e+08 9.09866583e+02 -2.52648137e+03
1.43939394e-05 -1.64141414e-05 3.00001914e+08 7.39999492e+02 -2.54918397e+03
1.48989899e-05 -1.64141414e-05 3.00001832e+08 5.57822352e+02 -2.56254819e+03
1.54040404e-05 -1.64141414e-05 3.00001757e+08 3.64550449e+02 -2.56513037e+03
1.59090909e-05 -1.64141414e-05 3.00001691e+08 1.61785348e+02 -2.55554205e+03
1.64141414e-05 -1.64141414e-05 3.00001636e+08 -4.84975957e+01 -2.53253146e+03
1.69191919e-05 -1.64141414e-05 3.00001591e+08 -2.63982911e+02 -2.49506123e+03
1.74242424e-05 -1.64141414e-05 3.00001557e+08 -4.82068932e+02 -2.44237797e+03
1.79292929e-05 -1.64141414e-05 3.00001535e+08 -6.99939677e+02 -2.37406964e+03
1.84343434e-05 -1.64141414e-05 3.00001523e+08 -9.14651126e+02 -2.29010697e+03
1.89393939e-05 -1.64141414e-05 3.00001520e+08 -1.12322722e+03 -2.19086631e+03
1.94444444e-05 -1.64141414e-05 3.00001527e+08 -1.32276016e+03 -2.07713216e+03
1.99494949e-05 -1.64141414e-05 3.00001541e+08 -1.51050906e+03 -1.95007935e+03
2.04545455e-05 -1.64141414e-05 3.00001560e+08 -1.68399142e+03 -1.81123580e+03
2.09595960e-05 -1.64141414e-05 3.00001583e+08 -1.84106203e+03 -1.66242876e+03
2.14646465e-05 -1.64141414e-05 3.00001609e+08 -1.97997534e+03 -1.50571775e+03
2.19696970e-05 -1.64141414e-05 3.00001636e+08 -2.09942825e+03 -1.34331903e+03
2.24747475e-05 -1.64141414e-05 3.00001661e+08 -2.19858222e+03 -1.17752604e+03
2.29797980e-05 -1.64141414e-05 3.00001684e+08 -2.27706448e+03 -1.01063078e+03
2.34848485e-05 -1.64141414e-05 3.00001703e+08 -2.33495005e+03 -8.44850347e+02
2.39898990e-05 -1.64141414e-05 3.00001717e+08 -2.37272723e+03 -6.82262121e+02
2.44949495e-05 -1.64141414e-05 3.00001726e+08 -2.39124964e+03 -5.24750393e+02
2.50000000e-05 -1.64141414e-05 3.00001728e+08 -2.39167913e+03 -3.73965850e+02
-2.50000000e-05 -1.59090909e-05 3.00000181e+08 3.94809649e+01 1.30205791e+03
-2.44949495e-05 -1.59090909e-05 3.00000169e+08 9.18320858e+01 1.36709606e+03
-2.39898990e-05 -1.59090909e-05 3.00000153e+08 1.47677807e+02 1.43573529e+03
-2.34848485e-05 -1.59090909e-05 3.00000131e+08 2.07308212e+02 1.50840556e+03
-2.29797980e-05 -1.59090909e-05 3.00000103e+08 2.71081927e+02 1.58560015e+03
-2.24747475e-05 -1.59090909e-05 3.00000068e+08 3.39444049e+02 1.66788031e+03
-2.19696970e-05 -1.59090909e-05 3.00000025e+08 4.12947671e+02 1.75587855e+03
-2.14646465e-05 -1.59090909e-05 2.99999973e+08 4.92279366e+02 1.85029943e+03
-2.09595960e-05 -1.59090909e-05 2.99999911e+08 5.78288847e+02 1.95191685e+03
-2.04545455e-05 -1.59090909e-05 2.99999838e+08 6.72022831e+02 2.06156619e+03
-1.99494949e-05 -1.59090909e-05 2.99999752e+08 7.74762805e+02 2.18012961e+03
-1.94444444e-05 -1.59090909e-05 2.99999653e+08 8.88066010e+02 2.30851208e+03
-1.89393939e-05 -1.59090909e-05 2.99999537e+08 1.01380850e+03 2.44760592e+03
-1.84343434e-05 -1.59090909e-05 2.99999404e+08 1.15422852e+03 2.59824052e+03
-1.79292929e-05 -1.59090909e-05 2.99999253e+08 1.31196795e+03 2.76111405e+03
-1.74242424e-05 -1.59090909e-05 2.99999080e+08 1.49010858e+03 2.93670272e+03
-1.69191919e-05 -1.59090909e-05 2.99998886e+08 1.69219900e+03 3.12514245e+03
-1.64141414e-05 -1.59090909e-05 2.99998667e+08 1.92226617e+03 3.32607598e+03
-1.59090909e-05 -1.59090909e-05 2.99998423e+08 2.18480266e+03 3.53845678e+03
-1.54040404e-05 -1.59090909e-05 2.99998154e+08 2.48471616e+03 3.76029896e+03
-1.48989899e-05 -1.59090909e-05 2.99997858e+08 2.82722048e+03 3.98836055e+03
-1.43939394e-05 -1.59090909e-05 2.99997537e+08 3.21763719e+03 4.21774790e+03
-1.38888889e-05 -1.59090909e-05 2.99997193e+08 3.66106298e+03 4.44143227e+03
-1.33838384e-05 -1.59090909e-05 2.99996831e+08 4.16184081e+03 4.64967975e+03
-1.28787879e-05 -1.59090909e-05 2.99996456e+08 4.72275431e+03 4.82941693e+03
-1.23737374e-05 -1.59090909e-05 2.99996078e+08 5.34384893e+03 4.96359208e+03
-1.18686869e-05 -1.59090909e-05 2.99995711e+08 6.02078020e+03 5.03065260e+03
-1.13636364e-05 -1.59090909e-05 2.99995371e+08 6.74261443e+03 5.00435010e+03
-1.08585859e-05 -1.59090909e-05 2.99995079e+08 7.48908907e+03 4.85420371e+03
-1.03535354e-05 -1.59090909e-05 2.99994858e+08 8.22751542e+03 4.54708573e+03
-9.84848485e-06 -1.59090909e-05 2.99994733e+08 8.90981740e+03 4.05049172e+03
-9.34343434e-06 -1.59090909e-05 2.99994724e+08 9.47066246e+03 3.33802105e+03
-8.83838384e-06 -1.59090909e-05 2.99994846e+08 9.82819627e+03 2.39726404e+03
-8.33333333e-06 -1.59090909e-05 2.99995093e+08 9.88931887e+03 1.23948859e+03
-7.82828283e-06 -1.59090909e-05 2.99995443e+08 9.56129879e+03 -9.08249630e+01
-7.32323232e-06 -1.59090909e-05 2.99995843e+08 8.77022490e+03 -1.51015358e+03
-6.81818182e-06 -1.59090909e-05 2.99996220e+08 7.48398852e+03 -2.89834904e+03
-6.31313131e-06 -1.59090909e-05 2.99996488e+08 5.73371577e+03 -4.11290215e+03
-5.80808081e-06 -1.59090909e-05 2.99996573e+08 3.62478413e+03 -5.01484179e+03
-5.30303030e-06 -1.59090909e-05 2.99996430e+08 1.32950053e+03 -5.50021727e+03
-4.79797980e-06 -1.59090909e-05 2.99996065e+08 -9.40432569e+02 -5.52642623e+03
-4.29292929e-06 -1.59090909e-05 2.99995536e+08 -2.97462022e+03 -5.12290773e+03
-3.78787879e-06 -1.59090909e-05 2.99994937e+08 -4.60433784e+03 -4.38191333e+03
-3.28282828e-06 -1.59090909e-05 2.99994379e+08 -5.72941383e+03 -3.43372855e+03
-2.77777778e-06 -1.59090909e-05 2.99993961e+08 -6.32527527e+03 -2.41645457e+03
-2.27272727e-06 -1.59090909e-05 2.99993752e+08 -6.43227475e+03 -1.45042632e+03
-1.76767677e-06 -1.59090909e-05 2.99993785e+08 -6.13477464e+03 -6.22968177e+02
-1.26262626e-06 -1.59090909e-05 2.99994058e+08 -5.53815750e+03 1.59760701e+01
-7.57575758e-07 -1.59090909e-05 2.99994543e+08 -4.74947971e+03 4.50138638e+02
-2.52525253e-07 -1.59090909e-05 2.99995194e+08 -3.86426584e+03 6.88918734e+02
2.52525253e-07 -1.59090909e-05 2.99995960e+08 -2.95948469e+03 7.58244320e+02
7.57575758e-07 -1.59090909e-05 2.99996790e+08 -2.09145750e+03 6.92330332e+02
1.26262626e-06 -1.59090909e-05 2.99997639e+08 -1.29707340e+03 5.27293142e+02
1.76767677e-06 -1.59090909e-05 2.99998468e+08 -5.96830304e+02 2.96832524e+02
2.27272727e-06 -1.59090909e-05 2.99999252e+08 1.42884281e+00 2.97629932e+01
2.77777778e-06 -1.59090909e-05 2.99999970e+08 4.98832953e+02 -2.51013259e+02
3.28282828e-06 -1.59090909e-05 3.00000611e+08 9.02273841e+02 -5.28535338e+02
3.78787879e-06 -1.59090909e-05 3.00001171e+08 1.22184868e+03 -7.91208177e+02
4.29292929e-06 -1.59090909e-05 3.00001648e+08 1.46897074e+03 -1.03192939e+03
4.79797980e-06 -1.59090909e-05 3.00002046e+08 1.65507463e+03 -1.24713231e+03
5.30303030e-06 -1.59090909e-05 3.00002370e+08 1.79080302e+03 -1.43587755e+03
5.80808081e-06 -1.59090909e-05 3.00002626e+08 1.88555557e+03 -1.59906232e+03
6.31313131e-06 -1.59090909e-05 3.00002821e+08 1.94729300e+03 -1.73877331e+03
6.81818182e-06 -1.59090909e-05 3.00002962e+08 1.98250947e+03 -1.85778163e+03
7.32323232e-06 -1.59090909e-05 3.00003055e+08 1.99630778e+03 -1.95916403e+03
7.82828283e-06 -1.59090909e-05 3.00003107e+08 1.99253133e+03 -2.04602872e+03
8.33333333e-06 -1.59090909e-05 3.00003123e+08 1.97392212e+03 -2.12132327e+03
8.83838384e-06 -1.59090909e-05 3.00003109e+08 1.94228612e+03 -2.18770449e+03
9.34343434e-06 -1.59090909e-05 3.00003069e+08 1.89865556e+03 -2.24745384e+03
9.84848485e-06 -1.59090909e-05 3.00003008e+08 1.84344303e+03 -2.30242531e+03
1.03535354e-05 -1.59090909e-05 3.00002929e+08 1.77658609e+03 -2.35401684e+03
1.08585859e-05 -1.59090909e-05 3.00002836e+08 1.69768238e+03 -2.40315884e+03
1.13636364e-05 -1.59090909e-05 3.00002733e+08 1.60611639e+03 -2.45031637e+03
1.18686869e-05 -1.59090909e-05 3.00002623e+08 1.50117884e+03 -2.49550290e+03
1.23737374e-05 -1.59090909e-05 3.00002508e+08 1.38217890e+03 -2.53830534e+03
1.28787879e-05 -1.59090909e-05 3.00002391e+08 1.24854906e+03 -2.57792040e+03
1.33838384e-05 -1.59090909e-05 3.00002276e+08 1.09994129e+03 -2.61320281e+03
1.38888889e-05 -1.59090909e-05 3.00002163e+08 9.36312292e+02 -2.64272564e+03
1.43939394e-05 -1.59090909e-05 3.00002057e+08 7.57995025e+02 -2.66485253e+03
1.48989899e-05 -1.59090909e-05 3.00001958e+08 5.65753295e+02 -2.67782066e+03
1.54040404e-05 -1.59090909e-05 3.00001869e+08 3.60816025e+02 -2.67983236e+03
1.59090909e-05 -1.59090909e-05 3.00001791e+08 1.44888397e+02 -2.66915210e+03
1.64141414e-05 -1.59090909e-05 3.00001724e+08 -7.98621841e+01 -2.64420457e+03
1.69191919e-05 -1.59090909e-05 3.00001671e+08 -3.10846040e+02 -2.60366900e+03
1.74242424e-05 -1.59090909e-05 3.00001631e+08 -5.45116252e+02 -2.54656406e+03
1.79292929e-05 -1.59090909e-05 3.00001604e+08 -7.79456170e+02 -2.47231820e+03
1.84343434e-05 -1.59090909e-05 3.00001589e+08 -1.01048507e+03 -2.38082053e+03
1.89393939e-05 -1.59090909e-05 3.00001585e+08 -1.23477610e+03 -2.27244864e+03
1.94444444e-05 -1.59090909e-05 3.00001591e+08 -1.44897959e+03 -2.14807123e+03
1.99494949e-05 -1.59090909e-05 3.00001606e+08 -1.64994430e+03 -2.00902512e+03
2.04545455e-05 -1.59090909e-05 3.00001627e+08 -1.83482904e+03 -1.85706834e+03
2.09595960e-05 -1.59090909e-05 3.00001653e+08 -2.00119848e+03 -1.69431246e+03
2.14646465e-05 -1.59090909e-05 3.00001681e+08 -2.14709740e+03 -1.52313901e+03
2.19696970e-05 -1.59090909e-05 3.00001710e+08 -2.27110030e+03 -1.34610577e+03
2.24747475e-05 -1.59090909e-05 3.00001737e+08 -2.37233465e+03 -1.16584900e+03
2.29797980e-05 -1.59090909e-05 3.00001761e+08 -2.45047814e+03 -9.84987802e+02
2.34848485e-05 -1.59090909e-05 3.00001781e+08 -2.50573237e+03 -8.06035934e+02
2.39898990e-05 -1.59090909e-05 3.00001795e+08 -2.53877640e+03 -6.31325472e+02
2.44949495e-05 -1.59090909e-05 3.00001803e+08 -2.55070485e+03 -4.62945385e+02
2.50000000e-05 -1.59090909e-05 3.00001803e+08 -2.54295559e+03 -3.02696727e+02
-2.50000000e-05 -1.54040404e-05 3.00000276e+08 -2.30902394e+01 1.24947289e+03
-2.44949495e-05 -1.54040404e-05 3.00000271e+08 2.58718811e+01 1.31277420e+03
-2.39898990e-05 -1.54040404e-05 3.00000262e+08 7.79124771e+01 1.37963932e+03
-2.34848485e-05 -1.54040404e-05 3.00000247e+08 1.33254266e+02 1.45053405e+03
-2.29797980e-05 -1.54040404e-05 3.00000226e+08 1.92181466e+02 1.52600249e+03
-2.24747475e-05 -1.54040404e-05 3.00000199e+08 2.55058431e+02 1.60667586e+03
-2.19696970e-05 -1.54040404e-05 3.00000163e+08 3.22352624e+02 1.69328072e+03
-2.14646465e-05 -1.54040404e-05 3.00000119e+08 3.94662593e+02 1.78664572e+03
-2.09595960e-05 -1.54040404e-05 3.00000064e+08 4.72751465e+02 1.88770570e+03
-2.04545455e-05 -1.54040404e-05 2.99999999e+08 5.57586345e+02 1.99750168e+03
-1.99494949e-05 -1.54040404e-05 2.99999920e+08 6.50383690e+02 2.11717476e+03
-1.94444444e-05 -1.54040404e-05 2.99999826e+08 7.52660337e+02 2.24795153e+03
-1.89393939e-05 -1.54040404e-05 2.99999716e+08 8.66289418e+02 2.39111861e+03
-1.84343434e-05 -1.54040404e-05 2.99999588e+08 9.93559907e+02 2.54798284e+03
-1.79292929e-05 -1.54040404e-05 2.99999439e+08 1.13723806e+03 2.71981392e+03
-1.74242424e-05 -1.54040404e-05 2.99999267e+08 1.30062861e+03 2.90776480e+03
-1.69191919e-05 -1.54040404e-05 2.99999070e+08 1.48763297e+03 3.11276444e+03
-1.64141414e-05 -1.54040404e-05 2.99998845e+08 1.70280063e+03 3.33537483e+03
-1.59090909e-05 -1.54040404e-05 2.99998590e+08 1.95136781e+03 3.57560133e+03
-1.54040404e-05 -1.54040404e-05 2.99998303e+08 2.23927313e+03 3.83264108e+03
-1.48989899e-05 -1.54040404e-05 2.99997983e+08 2.57313267e+03 4.10454906e+03
-1.43939394e-05 -1.54040404e-05 2.99997628e+08 2.96014439e+03 4.38779707e+03
-1.38888889e-05 -1.54040404e-05 2.99997239e+08 3.40787402e+03 4.67669840e+03
-1.33838384e-05 -1.54040404e-05 2.99996819e+08 3.92384877e+03 4.96267406e+03
-1.28787879e-05 -1.54040404e-05 2.99996372e+08 4.51485272e+03 5.23335053e+03
-1.23737374e-05 -1.54040404e-05 2.99995906e+08 5.18577916e+03 5.47151166e+03
-1.18686869e-05 -1.54040404e-05 2.99995435e+08 5.93785899e+03 5.65399211e+03
-1.13636364e-05 -1.54040404e-05 2.99994976e+08 6.76606573e+03 5.75071110e+03
-1.08585859e-05 -1.54040404e-05 2.99994553e+08 7.65553357e+03 5.72422115e+03
-1.03535354e-05 -1.54040404e-05 2.99994196e+08 8.57697394e+03 5.53039081e+03
-9.84848485e-06 -1.54040404e-05 2.99993938e+08 9.48143092e+03 5.12112350e+03
-9.34343434e-06 -1.54040404e-05 2.99993815e+08 1.02953772e+04 4.45022151e+03
-8.83838384e-06 -1.54040404e-05 2.99993854e+08 1.09181608e+04 3.48338633e+03
-8.33333333e-06 -1.54040404e-05 2.99994068e+08 1.12249844e+04 2.21249731e+03
-7.82828283e-06 -1.54040404e-05 2.99994440e+08 1.10792956e+04 6.72309361e+02
-7.32323232e-06 -1.54040404e-05 2.99994916e+08 1.03574573e+04 -1.04543074e+03
-6.81818182e-06 -1.54040404e-05 2.99995401e+08 8.98449240e+03 -2.78855673e+03
-6.31313131e-06 -1.54040404e-05 2.99995777e+08 6.97245191e+03 -4.36018824e+03
-5.80808081e-06 -1.54040404e-05 2.99995929e+08 4.44565375e+03 -5.55651833e+03
-5.30303030e-06 -1.54040404e-05 2.99995787e+08 1.63597954e+03 -6.21832746e+03
-4.79797980e-06 -1.54040404e-05 2.99995352e+08 -1.15843675e+03 -6.27681993e+03
-4.29292929e-06 -1.54040404e-05 2.99994706e+08 -3.63963440e+03 -5.77296981e+03
-3.78787879e-06 -1.54040404e-05 2.99993985e+08 -5.57575867e+03 -4.84157054e+03
-3.28282828e-06 -1.54040404e-05 2.99993342e+08 -6.84176798e+03 -3.66899204e+03
-2.77777778e-06 -1.54040404e-05 2.99992907e+08 -7.42490059e+03 -2.44448148e+03
-2.27272727e-06 -1.54040404e-05 2.99992761e+08 -7.40174299e+03 -1.32283015e+03
-1.76767677e-06 -1.54040404e-05 2.99992929e+08 -6.90226585e+03 -4.06158963e+02
-1.26262626e-06 -1.54040404e-05 2.99993392e+08 -6.07487459e+03 2.57077712e+02
-7.57575758e-07 -1.54040404e-05 2.99994098e+08 -5.06031966e+03 6.62400751e+02
-2.52525253e-07 -1.54040404e-05 2.99994979e+08 -3.97636514e+03 8.35495391e+02
2.52525253e-07 -1.54040404e-05 2.99995965e+08 -2.91162407e+03 8.18770384e+02
7.57575758e-07 -1.54040404e-05 2.99996992e+08 -1.92575654e+03 6.60543539e+02
1.26262626e-06 -1.54040404e-05 2.99998006e+08 -1.05332802e+03 4.07519086e+02
1.76767677e-06 -1.54040404e-05 2.99998967e+08 -3.09239240e+02 1.00325890e+02
2.27272727e-06 -1.54040404e-05 2.99999848e+08 3.05668070e+02 -2.28512373e+02
2.77777778e-06 -1.54040404e-05 3.00000632e+08 7.99632213e+02 -5.54900589e+02
3.28282828e-06 -1.54040404e-05 3.00001313e+08 1.18597836e+03 -8.62448783e+02
3.78787879e-06 -1.54040404e-05 3.00001890e+08 1.48017588e+03 -1.14122283e+03
4.29292929e-06 -1.54040404e-05 3.00002367e+08 1.69784136e+03 -1.38633493e+03
4.79797980e-06 -1.54040404e-05 3.00002751e+08 1.85350656e+03 -1.59659998e+03
5.30303030e-06 -1.54040404e-05 3.00003052e+08 1.95995565e+03 -1.77337523e+03
5.80808081e-06 -1.54040404e-05 3.00003278e+08 2.02795577e+03 -1.91962556e+03
6.31313131e-06 -1.54040404e-05 3.00003438e+08 2.06623914e+03 -2.03921035e+03
6.81818182e-06 -1.54040404e-05 3.00003543e+08 2.08163171e+03 -2.13636447e+03
7.32323232e-06 -1.54040404e-05 3.00003598e+08 2.07925602e+03 -2.21533642e+03
7.82828283e-06 -1.54040404e-05 3.00003613e+08 2.06276172e+03 -2.28014659e+03
8.33333333e-06 -1.54040404e-05 3.00003593e+08 2.03455665e+03 -2.33443311e+03
8.83838384e-06 -1.54040404e-05 3.00003543e+08 1.99602423e+03 -2.38135882e+03
9.34343434e-06 -1.54040404e-05 3.00003469e+08 1.94772182e+03 -2.42355916e+03
9.84848485e-06 -1.54040404e-05 3.00003375e+08 1.88955958e+03 -2.46311690e+03
1.03535354e-05 -1.54040404e-05 3.00003266e+08 1.82096208e+03 -2.50155412e+03
1.08585859e-05 -1.54040404e-05 3.00003144e+08 1.74101612e+03 -2.53983585e+03
1.13636364e-05 -1.54040404e-05 3.00003012e+08 1.64860799e+03 -2.57838272e+03
1.18686869e-05 -1.54040404e-05 3.00002875e+08 1.54255282e+03 -2.61709203e+03
1.23737374e-05 -1.54040404e-05 3.00002735e+08 1.42171745e+03 -2.65536810e+03
1.28787879e-05 -1.54040404e-05 3.00002594e+08 1.28513691e+03 -2.69216338e+03
1.33838384e-05 -1.54040404e-05 3.00002456e+08 1.13212319e+03 -2.72603213e+03
1.38888889e-05 -1.54040404e-05 3.00002323e+08 9.62363663e+02 -2.75519798e+03
1.43939394e-05 -1.54040404e-05 3.00002198e+08 7.76005439e+02 -2.77763582e+03
1.48989899e-05 -1.54040404e-05 3.00002082e+08 5.73721211e+02 -2.79116758e+03
1.54040404e-05 -1.54040404e-05 3.00001977e+08 3.56752066e+02 -2.79356948e+03
1.59090909e-05 -1.54040404e-05 3.00001886e+08 1.26923044e+02 -2.78268726e+03
1.64141414e-05 -1.54040404e-05 3.00001808e+08 -1.13371681e+02 -2.75655428e+03
1.69191919e-05 -1.54040404e-05 3.00001746e+08 -3.61215511e+02 -2.71350599e+03
1.74242424e-05 -1.54040404e-05 3.00001700e+08 -6.13247453e+02 -2.65228414e+03
1.79292929e-05 -1.54040404e-05 3.00001668e+08 -8.65768552e+02 -2.57212331e+03
1.84343434e-05 -1.54040404e-05 3.00001650e+08 -1.11487143e+03 -2.47281391e+03
1.89393939e-05 -1.54040404e-05 3.00001646e+08 -1.35658558e+03 -2.35473635e+03
1.94444444e-05 -1.54040404e-05 3.00001653e+08 -1.58702952e+03 -2.21886372e+03
1.99494949e-05 -1.54040404e-05 3.00001669e+08 -1.80256018e+03 -2.06673229e+03
2.04545455e-05 -1.54040404e-05 3.00001693e+08 -1.99990991e+03 -1.90038196e+03
2.09595960e-05 -1.54040404e-05 3.00001722e+08 -2.17630285e+03 -1.72227096e+03
2.14646465e-05 -1.54040404e-05 3.00001753e+08 -2.32954369e+03 -1.53517104e+03
2.19696970e-05 -1.54040404e-05 3.00001785e+08 -2.45807479e+03 -1.34205075e+03
2.24747475e-05 -1.54040404e-05 3.00001815e+08 -2.56099979e+03 -1.14595489e+03
2.29797980e-05 -1.54040404e-05 3.00001841e+08 -2.63807478e+03 -9.49887832e+02
2.34848485e-05 -1.54040404e-05 3.00001861e+08 -2.68967034e+03 -7.56707536e+02
2.39898990e-05 -1.54040404e-05 3.00001875e+08 -2.71670924e+03 -5.69035708e+02
2.44949495e-05 -1.54040404e-05 3.00001881e+08 -2.72058631e+03 -3.89187536e+02
2.50000000e-05 -1.54040404e-05 3.00001879e+08 -2.70307690e+03 -2.19122783e+02
-2.50000000e-05 -1.48989899e-05 3.00000378e+08 -8.35951137e+01 1.19040211e+03
-2.44949495e-05 -1.48989899e-05 3.00000380e+08 -3.79175250e+01 1.25120154e+03
-2.39898990e-05 -1.48989899e-05 3.00000378e+08 1.04009129e+01 1.31541150e+03
-2.34848485e-05 -1.48989899e-05 3.00000372e+08 6.15032950e+01 1.38351606e+03
-2.29797980e-05 -1.48989899e-05 3.00000359e+08 1.15583392e+02 1.45609064e+03
-2.24747475e-05 -1.48989899e-05 3.00000341e+08 1.72904090e+02 1.53381499e+03
-2.19696970e-05 -1.48989899e-05 3.00000314e+08 2.33820821e+02 1.61748685e+03
-2.14646465e-05 -1.48989899e-05 3.00000280e+08 2.98810924e+02 1.70803510e+03
-2.09595960e-05 -1.48989899e-05 3.00000235e+08 3.68509867e+02 1.80653170e+03
-2.04545455e-05 -1.48989899e-05 3.00000179e+08 4.43755080e+02 1.91420068e+03
-1.99494949e-05 -1.48989899e-05 3.00000110e+08 5.25637917e+02 2.03242242e+03
-1.94444444e-05 -1.48989899e-05 3.00000026e+08 6.15563799e+02 2.16273057e+03
-1.89393939e-05 -1.48989899e-05 2.99999926e+08 7.15320138e+02 2.30679927e+03
-1.84343434e-05 -1.48989899e-05 2.99999806e+08 8.27151121e+02 2.46641724e+03
-1.79292929e-05 -1.48989899e-05 2.99999665e+08 9.53838153e+02 2.64344573e+03
-1.74242424e-05 -1.48989899e-05 2.99999499e+08 1.09878475e+03 2.83975634e+03
-1.69191919e-05 -1.48989899e-05 2.99999305e+08 1.26610484e+03 3.05714360e+03
-1.64141414e-05 -1.48989899e-05 2.99999080e+08 1.46071377e+03 3.29720493e+03
-1.59090909e-05 -1.48989899e-05 2.99998820e+08 1.68842048e+03 3.56117608e+03
-1.54040404e-05 -1.48989899e-05 2.99998523e+08 1.95601688e+03 3.84970405e+03
-1.48989899e-05 -1.48989899e-05 2.99998184e+08 2.27135399e+03 4.16253057e+03
-1.43939394e-05 -1.48989899e-05 2.99997802e+08 2.64338208e+03 4.49804901e+03
-1.38888889e-05 -1.48989899e-05 2.99997374e+08 3.08211177e+03 4.85268728e+03
-1.33838384e-05 -1.48989899e-05 2.99996899e+08 3.59842088e+03 5.22006098e+03
-1.28787879e-05 -1.48989899e-05 2.99996381e+08 4.20358622e+03 5.58984087e+03
-1.23737374e-05 -1.48989899e-05 2.99995824e+08 4.90835630e+03 5.94629532e+03
-1.18686869e-05 -1.48989899e-05 2.99995239e+08 5.72130184e+03 6.26651777e+03
-1.13636364e-05 -1.48989899e-05 2.99994642e+08 6.64609524e+03 6.51845949e+03
-1.08585859e-05 -1.48989899e-05 2.99994058e+08 7.67730878e+03 6.65909707e+03
-1.03535354e-05 -1.48989899e-05 2.99993523e+08 8.79435922e+03 6.63341979e+03
-9.84848485e-06 -1.48989899e-05 2.99993080e+08 9.95350635e+03 6.37545034e+03
-9.34343434e-06 -1.48989899e-05 2.99992781e+08 1.10785693e+04 5.81315218e+03
-8.83838384e-06 -1.48989899e-05 2.99992675e+08 1.20525302e+04 4.87954215e+03
-8.33333333e-06 -1.48989899e-05 2.99992801e+08 1.27145439e+04 3.53193581e+03
-7.82828283e-06 -1.48989899e-05 2.99993162e+08 1.28694574e+04 1.77888950e+03
-7.32323232e-06 -1.48989899e-05 2.99993709e+08 1.23177180e+04 -2.90922384e+02
-6.81818182e-06 -1.48989899e-05 2.99994327e+08 1.09089493e+04 -2.49115700e+03
-6.31313131e-06 -1.48989899e-05 2.99994850e+08 8.60968629e+03 -4.54974741e+03
-5.80808081e-06 -1.48989899e-05 2.99995105e+08 5.55820212e+03 -6.16251285e+03
-5.30303030e-06 -1.48989899e-05 2.99994972e+08 2.07058332e+03 -7.07922230e+03
-4.79797980e-06 -1.48989899e-05 2.99994447e+08 -1.42192378e+03 -7.18649145e+03
-4.29292929e-06 -1.48989899e-05 2.99993646e+08 -4.48581307e+03 -6.54413210e+03
-3.78787879e-06 -1.48989899e-05 2.99992773e+08 -6.79728126e+03 -5.35585791e+03
-3.28282828e-06 -1.48989899e-05 2.99992042e+08 -8.20434710e+03 -3.89413927e+03
-2.77777778e-06 -1.48989899e-05 2.99991623e+08 -8.72414446e+03 -2.42003409e+03
-2.27272727e-06 -1.48989899e-05 2.99991602e+08 -8.49502486e+03 -1.12978615e+03
-1.76767677e-06 -1.48989899e-05 2.99991986e+08 -7.71515001e+03 -1.36576720e+02
-1.26262626e-06 -1.48989899e-05 2.99992723e+08 -6.59080469e+03 5.21596691e+02
-7.57575758e-07 -1.48989899e-05 2.99993726e+08 -5.30334982e+03 8.61671679e+02
-2.52525253e-07 -1.48989899e-05 2.99994898e+08 -3.99374037e+03 9.33382276e+02
2.52525253e-07 -1.48989899e-05 2.99996148e+08 -2.75960327e+03 8.00686672e+02
7.57575758e-07 -1.48989899e-05 2.99997397e+08 -1.65969073e+03 5.28532108e+02
1.26262626e-06 -1.48989899e-05 2.99998588e+08 -7.21724675e+02 1.74765248e+02
1.76767677e-06 -1.48989899e-05 2.99999679e+08 4.90005014e+01 -2.13811561e+02
2.27272727e-06 -1.48989899e-05 3.00000646e+08 6.61782741e+02 -6.02437902e+02
2.77777778e-06 -1.48989899e-05 3.00001481e+08 1.13416376e+03 -9.67555773e+02
3.28282828e-06 -1.48989899e-05 3.00002181e+08 1.48724726e+03 -1.29502257e+03
3.78787879e-06 -1.48989899e-05 3.00002754e+08 1.74254573e+03 -1.57800948e+03
4.29292929e-06 -1.48989899e-05 3.00003210e+08 1.92006763e+03 -1.81498022e+03
4.79797980e-06 -1.48989899e-05 3.00003561e+08 2.03732054e+03 -2.00795531e+03
5.30303030e-06 -1.48989899e-05 3.00003820e+08 2.10893600e+03 -2.16113509e+03
5.80808081e-06 -1.48989899e-05 3.00004000e+08 2.14667999e+03 -2.27987402e+03
6.31313131e-06 -1.48989899e-05 3.00004113e+08 2.15967721e+03 -2.36995814e+03
6.81818182e-06 -1.48989899e-05 3.00004170e+08 2.15473324e+03 -2.43712302e+03
7.32323232e-06 -1.48989899e-05 3.00004179e+08 2.13668291e+03 -2.48675079e+03
7.82828283e-06 -1.48989899e-05 3.00004148e+08 2.10872481e+03 -2.52369302e+03
8.33333333e-06 -1.48989899e-05 3.00004085e+08 2.07272292e+03 -2.55217746e+03
8.83838384e-06 -1.48989899e-05 3.00003995e+08 2.02946984e+03 -2.57576727e+03
9.34343434e-06 -1.48989899e-05 3.00003883e+08 1.97891324e+03 -2.59735092e+03
9.84848485e-06 -1.48989899e-05 3.00003754e+08 1.92035129e+03 -2.61914848e+03
1.03535354e-05 -1.48989899e-05 3.00003610e+08 1.85260420e+03 -2.64272580e+03
1.08585859e-05 -1.48989899e-05 3.00003456e+08 1.77416854e+03 -2.66901254e+03
1.13636364e-05 -1.48989899e-05 3.00003295e+08 1.68336052e+03 -2.69832326e+03
1.18686869e-05 -1.48989899e-05 3.00003130e+08 1.57845245e+03 -2.73038276e+03
1.23737374e-05 -1.48989899e-05 3.00002963e+08 1.45780489e+03 -2.76435843e+03
1.28787879e-05 -1.48989899e-05 3.00002797e+08 1.31999496e+03 -2.79890298e+03
1.33838384e-05 -1.48989899e-05 3.00002635e+08 1.16393933e+03 -2.83221080e+03
1.38888889e-05 -1.48989899e-05 3.00002480e+08 9.89008444e+02 -2.86209081e+03
1.43939394e-05 -1.48989899e-05 3.00002335e+08 7.95127081e+02 -2.88605739e+03
1.48989899e-05 -1.48989899e-05 3.00002201e+08 5.82855209e+02 -2.90143933e+03
1.54040404e-05 -1.48989899e-05 3.00002080e+08 3.53442791e+02 -2.90550467e+03
1.59090909e-05 -1.48989899e-05 3.00001975e+08 1.08852511e+02 -2.89559739e+03
1.64141414e-05 -1.48989899e-05 3.00001887e+08 -1.48254339e+02 -2.86927962e+03
1.69191919e-05 -1.48989899e-05 3.00001816e+08 -4.14571490e+02 -2.82447134e+03
1.74242424e-05 -1.48989899e-05 3.00001762e+08 -6.86240789e+02 -2.75957867e+03
1.79292929e-05 -1.48989899e-05 3.00001727e+08 -9.58981513e+02 -2.67360139e+03
1.84343434e-05 -1.48989899e-05 3.00001707e+08 -1.22824947e+03 -2.56621138e+03
1.89393939e-05 -1.48989899e-05 3.00001703e+08 -1.48941651e+03 -2.43779522e+03
1.94444444e-05 -1.48989899e-05 3.00001711e+08 -1.73795906e+03 -2.28945697e+03
1.99494949e-05 -1.48989899e-05 3.00001731e+08 -1.96964295e+03 -2.12298034e+03
2.04545455e-05 -1.48989899e-05 3.00001758e+08 -2.18069231e+03 -1.94075288e+03
2.09595960e-05 -1.48989899e-05 3.00001791e+08 -2.36793141e+03 -1.74565783e+03
2.14646465e-05 -1.48989899e-05 3.00001827e+08 -2.52889090e+03 -1.54094217e+03
2.19696970e-05 -1.48989899e-05 3.00001862e+08 -2.66187317e+03 -1.33007064e+03
2.24747475e-05 -1.48989899e-05 3.00001895e+08 -2.76597512e+03 -1.11657645e+03
2.29797980e-05 -1.48989899e-05 3.00001923e+08 -2.84107005e+03 -9.03918544e+02
2.34848485e-05 -1.48989899e-05 3.00001944e+08 -2.88775346e+03 -6.95354250e+02
2.39898990e-05 -1.48989899e-05 3.00001958e+08 -2.90725980e+03 -4.93833625e+02
2.44949495e-05 -1.48989899e-05 3.00001962e+08 -2.90135849e+03 -3.01919720e+02
2.50000000e-05 -1.48989899e-05 3.00001958e+08 -2.87223797e+03 -1.21736272e+02
-2.50000000e-05 -1.43939394e-05 3.00000484e+08 -1.41329832e+02 1.12529515e+03
-2.44949495e-05 -1.43939394e-05 3.00000495e+08 -9.87216787e+01 1.18284621e+03
-2.39898990e-05 -1.43939394e-05 3.00000502e+08 -5.39138367e+01 1.24353237e+03
-2.34848485e-05 -1.43939394e-05 3.00000504e+08 -6.85263483e+00 1.30783528e+03
-2.29797980e-05 -1.43939394e-05 3.00000502e+08 4.25517249e+01 1.37633788e+03
-2.24747475e-05 -1.43939394e-05 3.00000494e+08 9.44423680e+01 1.44974165e+03
-2.19696970e-05 -1.43939394e-05 3.00000478e+08 1.49038401e+02 1.52888546e+03
-2.14646465e-05 -1.43939394e-05 3.00000455e+08 2.06664297e+02 1.61476568e+03
-2.09595960e-05 -1.43939394e-05 3.00000422e+08 2.67787357e+02 1.70855641e+03
-2.04545455e-05 -1.43939394e-05 3.00000379e+08 3.33064498e+02 1.81162859e+03
-1.99494949e-05 -1.43939394e-05 3.00000323e+08 4.03399360e+02 1.92556591e+03
-1.94444444e-05 -1.43939394e-05 3.00000252e+08 4.80010209e+02 2.05217521e+03
-1.89393939e-05 -1.43939394e-05 3.00000165e+08 5.64508499e+02 2.19348833e+03
-1.84343434e-05 -1.43939394e-05 3.00000059e+08 6.58987305e+02 2.35175284e+03
-1.79292929e-05 -1.43939394e-05 2.99999930e+08 7.66118557e+02 2.52940853e+03
-1.74242424e-05 -1.43939394e-05 2.99999776e+08 8.89258326e+02 2.72904720e+03
-1.69191919e-05 -1.43939394e-05 2.99999593e+08 1.03256066e+03 2.95335251e+03
-1.64141414e-05 -1.43939394e-05 2.99999375e+08 1.20110244e+03 3.20501462e+03
-1.59090909e-05 -1.43939394e-05 2.99999120e+08 1.40102357e+03 3.48660985e+03
-1.54040404e-05 -1.43939394e-05 2.99998822e+08 1.63968754e+03 3.80042749e+03
-1.48989899e-05 -1.43939394e-05 2.99998475e+08 1.92586363e+03 4.14821360e+03
-1.43939394e-05 -1.43939394e-05 2.99998076e+08 2.26992281e+03 4.53078551e+03
-1.38888889e-05 -1.43939394e-05 2.99997618e+08 2.68401934e+03 4.94745083e+03
-1.33838384e-05 -1.43939394e-05 2.99997099e+08 3.18219666e+03 5.39514301e+03
-1.28787879e-05 -1.43939394e-05 2.99996516e+08 3.78030233e+03 5.86716441e+03
-1.23737374e-05 -1.43939394e-05 2.99995870e+08 4.49551420e+03 6.35141480e+03
-1.18686869e-05 -1.43939394e-05 2.99995167e+08 5.34515905e+03 6.82799366e+03
-1.13636364e-05 -1.43939394e-05 2.99994419e+08 6.34433716e+03 7.26613171e+03
-1.08585859e-05 -1.43939394e-05 2.99993648e+08 7.50166120e+03 7.62059071e+03
-1.03535354e-05 -1.43939394e-05 2.99992892e+08 8.81222950e+03 7.82807234e+03
-9.84848485e-06 -1.43939394e-05 2.99992200e+08 1.02469461e+04 7.80493103e+03
-9.34343434e-06 -1.43939394e-05 2.99991643e+08 1.17378349e+04 7.44870180e+03
-8.83838384e-06 -1.43939394e-05 2.99991300e+08 1.31607158e+04 6.64751515e+03
-8.33333333e-06 -1.43939394e-05 2.99991246e+08 1.43203288e+04 5.30259107e+03
-7.82828283e-06 -1.43939394e-05 2.99991526e+08 1.49489146e+04 3.36762899e+03
-7.32323232e-06 -1.43939394e-05 2.99992116e+08 1.47351226e+04 9.01702252e+02
-6.81818182e-06 -1.43939394e-05 2.99992888e+08 1.33987681e+04 -1.88288806e+03
-6.31313131e-06 -1.43939394e-05 2.99993615e+08 1.08077445e+04 -4.61373064e+03
-5.80808081e-06 -1.43939394e-05 2.99994026e+08 7.09424360e+03 -6.82873661e+03
-5.30303030e-06 -1.43939394e-05 2.99993919e+08 2.69388475e+03 -8.12245245e+03
-4.79797980e-06 -1.43939394e-05 2.99993271e+08 -1.74924961e+03 -8.30278315e+03
-4.29292929e-06 -1.43939394e-05 2.99992263e+08 -5.58403046e+03 -7.46260965e+03
-3.78787879e-06 -1.43939394e-05 2.99991203e+08 -8.35128225e+03 -5.92207463e+03
-3.28282828e-06 -1.43939394e-05 2.99990400e+08 -9.87798076e+03 -4.08838055e+03
-2.77777778e-06 -1.43939394e-05 2.99990063e+08 -1.02479602e+04 -2.32161677e+03
-2.27272727e-06 -1.43939394e-05 2.99990272e+08 -9.70338034e+03 -8.62608684e+02
-1.76767677e-06 -1.43939394e-05 2.99990991e+08 -8.54182297e+03 1.75908806e+02
-1.26262626e-06 -1.43939394e-05 2.99992115e+08 -7.04393118e+03 7.82014846e+02
-7.57575758e-07 -1.43939394e-05 2.99993509e+08 -5.43632851e+03 1.00746007e+03
-2.52525253e-07 -1.43939394e-05 2.99995040e+08 -3.88060050e+03 9.34995654e+02
2.52525253e-07 -1.43939394e-05 2.99996595e+08 -2.47744682e+03 6.54790561e+02
7.57575758e-07 -1.43939394e-05 2.99998086e+08 -1.27791748e+03 2.49761764e+02
1.26262626e-06 -1.43939394e-05 2.99999452e+08 -2.96686392e+02 -2.11963218e+02
1.76767677e-06 -1.43939394e-05 3.00000658e+08 4.75489553e+02 -6.79494181e+02
2.27272727e-06 -1.43939394e-05 3.00001689e+08 1.06152031e+03 -1.11839006e+03
2.77777778e-06 -1.43939394e-05 3.00002545e+08 1.49038001e+03 -1.50813968e+03
3.28282828e-06 -1.43939394e-05 3.00003235e+08 1.79200242e+03 -1.83900916e+03
3.78787879e-06 -1.43939394e-05 3.00003775e+08 1.99422507e+03 -2.10895747e+03
4.29292929e-06 -1.43939394e-05 3.00004182e+08 2.12124302e+03 -2.32099182e+03
4.79797980e-06 -1.43939394e-05 3.00004475e+08 2.19307194e+03 -2.48109792e+03
5.30303030e-06 -1.43939394e-05 3.00004672e+08 2.22561988e+03 -2.59673466e+03
5.80808081e-06 -1.43939394e-05 3.00004789e+08 2.23107918e+03 -2.67581025e+03
6.31313131e-06 -1.43939394e-05 3.00004839e+08 2.21844908e+03 -2.72603269e+03
6.81818182e-06 -1.43939394e-05 3.00004836e+08 2.19407622e+03 -2.75453113e+03
7.32323232e-06 -1.43939394e-05 3.00004788e+08 2.16215344e+03 -2.76766086e+03
7.82828283e-06 -1.43939394e-05 3.00004705e+08 2.12515167e+03 -2.77092499e+03
8.33333333e-06 -1.43939394e-05 3.00004594e+08 2.08418037e+03 -2.76896382e+03
8.83838384e-06 -1.43939394e-05 3.00004459e+08 2.03928273e+03 -2.76557919e+03
9.34343434e-06 -1.43939394e-05 3.00004305e+08 1.98967691e+03 -2.76377242e+03
9.84848485e-06 -1.43939394e-05 3.00004138e+08 1.93395625e+03 -2.76578374e+03
1.03535354e-05 -1.43939394e-05 3.00003959e+08 1.87026068e+03 -2.77312721e+03
1.08585859e-05 -1.43939394e-05 3.00003771e+08 1.79642999e+03 -2.78661986e+03
1.13636364e-05 -1.43939394e-05 3.00003579e+08 1.71014753e+03 -2.80640658e+03
1.18686869e-05 -1.43939394e-05 3.00003384e+08 1.60908043e+03 -2.83198470e+03
1.23737374e-05 -1.43939394e-05 3.00003190e+08 1.49101972e+03 -2.86223322e+03
1.28787879e-05 -1.43939394e-05 3.00002998e+08 1.35402116e+03 -2.89545224e+03
1.33838384e-05 -1.43939394e-05 3.00002812e+08 1.19654478e+03 -2.92941802e+03
1.38888889e-05 -1.43939394e-05 3.00002634e+08 1.01758872e+03 -2.96145820e+03
1.43939394e-05 -1.43939394e-05 3.00002467e+08 8.16810820e+02 -2.98855026e+03
1.48989899e-05 -1.43939394e-05 3.00002314e+08 5.94629780e+02 -3.00744396e+03
1.54040404e-05 -1.43939394e-05 3.00002177e+08 3.52297021e+02 -3.01480595e+03
1.59090909e-05 -1.43939394e-05 3.00002058e+08 9.19307598e+01 -3.00738182e+03
1.64141414e-05 -1.43939394e-05 3.00001958e+08 -1.83494846e+02 -2.98216787e+03
1.69191919e-05 -1.43939394e-05 3.00001878e+08 -4.70209885e+02 -2.93658241e+03
1.74242424e-05 -1.43939394e-05 3.00001818e+08 -7.63759040e+02 -2.86862494e+03
1.79292929e-05 -1.43939394e-05 3.00001779e+08 -1.05915861e+03 -2.77701074e+03
1.84343434e-05 -1.43939394e-05 3.00001758e+08 -1.35109235e+03 -2.66126964e+03
1.89393939e-05 -1.43939394e-05 3.00001755e+08 -1.63413410e+03 -2.52179978e+03
1.94444444e-05 -1.43939394e-05 3.00001767e+08 -1.90298244e+03 -2.35987087e+03
1.99494949e-05 -1.43939394e-05 3.00001790e+08 -2.15269063e+03 -2.17757559e+03
2.04545455e-05 -1.43939394e-05 3.00001823e+08 -2.37887570e+03 -1.97773267e+03
2.09595960e-05 -1.43939394e-05 3.00001861e+08 -2.57789216e+03 -1.76374927e+03
2.14646465e-05 -1.43939394e-05 3.00001901e+08 -2.74695920e+03 -1.53945384e+03
2.19696970e-05 -1.43939394e-05 3.00001941e+08 -2.88423515e+03 -1.30891282e+03
2.24747475e-05 -1.43939394e-05 3.00001978e+08 -2.98883710e+03 -1.07624491e+03
2.29797980e-05 -1.43939394e-05 3.00002008e+08 -3.06080907e+03 -8.45446211e+02
2.34848485e-05 -1.43939394e-05 3.00002031e+08 -3.10104544e+03 -6.20236913e+02
2.39898990e-05 -1.43939394e-05 3.00002044e+08 -3.11117961e+03 -4.03937572e+02
2.44949495e-05 -1.43939394e-05 3.00002046e+08 -3.09344898e+03 -1.99379515e+02
2.50000000e-05 -1.43939394e-05 3.00002038e+08 -3.05054804e+03 -8.85053725e+00
-2.50000000e-05 -1.38888889e-05 3.00000595e+08 -1.95622539e+02 1.05474168e+03
-2.44949495e-05 -1.38888889e-05 3.00000614e+08 -1.55755246e+02 1.10834101e+03
-2.39898990e-05 -1.38888889e-05 3.00000631e+08 -1.14112599e+02 1.16467619e+03
-2.34848485e-05 -1.38888889e-05 3.00000644e+08 -7.07367728e+01 1.22420326e+03
-2.29797980e-05 -1.38888889e-05 3.00000653e+08 -2.56517606e+01 1.28748544e+03
-2.24747475e-05 -1.38888889e-05 3.00000656e+08 2.11514263e+01 1.35521413e+03
-2.19696970e-05 -1.38888889e-05 3.00000653e+08 6.97352120e+01 1.42823282e+03
-2.14646465e-05 -1.38888889e-05 3.00000643e+08 1.20243204e+02 1.50756387e+03
-2.09595960e-05 -1.38888889e-05 3.00000625e+08 1.72937065e+02 1.59443746e+03
-2.04545455e-05 -1.38888889e-05 3.00000597e+08 2.28244366e+02 1.69032133e+03
-1.99494949e-05 -1.38888889e-05 3.00000557e+08 2.86819011e+02 1.79694956e+03
-1.94444444e-05 -1.38888889e-05 3.00000503e+08 3.49615242e+02 1.91634755e+03
-1.89393939e-05 -1.38888889e-05 3.00000434e+08 4.17975259e+02 2.05085034e+03
-1.84343434e-05 -1.38888889e-05 3.00000346e+08 4.93729488e+02 2.20311110e+03
-1.79292929e-05 -1.38888889e-05 3.00000236e+08 5.79307814e+02 2.37609780e+03
-1.74242424e-05 -1.38888889e-05 3.00000101e+08 6.77860514e+02 2.57307681e+03
-1.69191919e-05 -1.38888889e-05 2.99999935e+08 7.93389755e+02 2.79758351e+03
-1.64141414e-05 -1.38888889e-05 2.99999735e+08 9.30896715e+02 3.05337958e+03
-1.59090909e-05 -1.38888889e-05 2.99999494e+08 1.09655496e+03 3.34439232e+03
-1.54040404e-05 -1.38888889e-05 2.99999207e+08 1.29792590e+03 3.67462334e+03
-1.48989899e-05 -1.38888889e-05 2.99998866e+08 1.54423422e+03 4.04799841e+03
-1.43939394e-05 -1.38888889e-05 2.99998464e+08 1.84671670e+03 4.46810903e+03
-1.38888889e-05 -1.38888889e-05 2.99997993e+08 2.21904325e+03 4.93776803e+03
-1.33838384e-05 -1.38888889e-05 2.99997445e+08 2.67777972e+03 5.45826569e+03
-1.28787879e-05 -1.38888889e-05 2.99996814e+08 3.24281051e+03 6.02816939e+03
-1.23737374e-05 -1.38888889e-05 2.99996092e+08 3.93755171e+03 6.64145845e+03
-1.18686869e-05 -1.38888889e-05 2.99995278e+08 4.78864093e+03 7.28473382e+03
-1.13636364e-05 -1.38888889e-05 2.99994377e+08 5.82455373e+03 7.93321588e+03
-1.08585859e-05 -1.38888889e-05 2.99993402e+08 7.07223452e+03 8.54530478e+03
-1.03535354e-05 -1.38888889e-05 2.99992385e+08 8.55032365e+03 9.05576807e+03
-9.84848485e-06 -1.38888889e-05 2.99991378e+08 1.02569989e+04 9.36840070e+03
-9.34343434e-06 -1.38888889e-05 2.99990462e+08 1.21501894e+04 9.35068677e+03
-8.83838384e-06 -1.38888889e-05 2.99989749e+08 1.41189353e+04 8.83600789e+03
-8.33333333e-06 -1.38888889e-05 2.99989368e+08 1.59489210e+04 7.64310761e+03
-7.82828283e-06 -1.38888889e-05 2.99989435e+08 1.72953274e+04 5.62543314e+03
-7.32323232e-06 -1.38888889e-05 2.99989988e+08 1.76925274e+04 2.75766716e+03
-6.81818182e-06 -1.38888889e-05 2.99990917e+08 1.66430908e+04 -7.57676583e+02
-6.31313131e-06 -1.38888889e-05 2.99991920e+08 1.38105376e+04 -4.42623756e+03
-5.80808081e-06 -1.38888889e-05 2.99992572e+08 9.26203514e+03 -7.53492628e+03
-5.30303030e-06 -1.38888889e-05 2.99992521e+08 3.60096397e+03 -9.40242573e+03
-4.79797980e-06 -1.38888889e-05 2.99991703e+08 -2.17245645e+03 -9.69116682e+03
-4.29292929e-06 -1.38888889e-05 2.99990412e+08 -7.04212353e+03 -8.55716265e+03
-3.78787879e-06 -1.38888889e-05 2.99989133e+08 -1.03494280e+04 -6.52673662e+03
-3.28282828e-06 -1.38888889e-05 2.99988311e+08 -1.19300054e+04 -4.22074420e+03
-2.77777778e-06 -1.38888889e-05 2.99988191e+08 -1.20078037e+04 -2.12909589e+03
-2.27272727e-06 -1.38888889e-05 2.99988802e+08 -1.09952870e+04 -5.27638487e+02
-1.76767677e-06 -1.38888889e-05 2.99990028e+08 -9.32833607e+03 4.96897541e+02
-1.26262626e-06 -1.38888889e-05 2.99991684e+08 -7.37576589e+03 9.82668795e+02
-7.57575758e-07 -1.38888889e-05 2.99993576e+08 -5.40806262e+03 1.03232129e+03
-2.52525253e-07 -1.38888889e-05 2.99995533e+08 -3.59913154e+03 7.69920169e+02
2.52525253e-07 -1.38888889e-05 2.99997422e+08 -2.04251033e+03 3.14463839e+02
7.57575758e-07 -1.38888889e-05 2.99999154e+08 -7.71962430e+02 -2.34142295e+02
1.26262626e-06 -1.38888889e-05 3.00000675e+08 2.18634748e+02 -8.00460476e+02
1.76767677e-06 -1.38888889e-05 3.00001962e+08 9.58591720e+02 -1.33329109e+03
2.27272727e-06 -1.38888889e-05 3.00003016e+08 1.48784967e+03 -1.80227842e+03
2.77777778e-06 -1.38888889e-05 3.00003850e+08 1.84850581e+03 -2.19321185e+03
3.28282828e-06 -1.38888889e-05 3.00004488e+08 2.07976971e+03 -2.50327853e+03
3.78787879e-06 -1.38888889e-05 3.00004956e+08 2.21546686e+03 -2.73696671e+03
4.29292929e-06 -1.38888889e-05 3.00005281e+08 2.28323176e+03 -2.90288992e+03
4.79797980e-06 -1.38888889e-05 3.00005488e+08 2.30469441e+03 -3.01152928e+03
5.30303030e-06 -1.38888889e-05 3.00005599e+08 2.29616270e+03 -3.07375337e+03
5.80808081e-06 -1.38888889e-05 3.00005633e+08 2.26948237e+03 -3.09993095e+03
6.31313131e-06 -1.38888889e-05 3.00005606e+08 2.23289206e+03 -3.09945991e+03
6.81818182e-06 -1.38888889e-05 3.00005530e+08 2.19178428e+03 -3.08056777e+03
7.32323232e-06 -1.38888889e-05 3.00005418e+08 2.14933978e+03 -3.05027500e+03
7.82828283e-06 -1.38888889e-05 3.00005275e+08 2.10703508e+03 -3.01444581e+03
8.33333333e-06 -1.38888889e-05 3.00005110e+08 2.06503838e+03 -2.97787678e+03
8.83838384e-06 -1.38888889e-05 3.00004927e+08 2.02251521e+03 -2.94439288e+03
9.34343434e-06 -1.38888889e-05 3.00004729e+08 1.97786589e+03 -2.91693419e+03
9.84848485e-06 -1.38888889e-05 3.00004521e+08 1.92891526e+03 -2.89762517e+03
1.03535354e-05 -1.38888889e-05 3.00004306e+08 1.87307202e+03 -2.88782504e+03
1.08585859e-05 -1.38888889e-05 3.00004085e+08 1.80747195e+03 -2.88816117e+03
1.13636364e-05 -1.38888889e-05 3.00003860e+08 1.72911599e+03 -2.89855067e+03
1.18686869e-05 -1.38888889e-05 3.00003636e+08 1.63501069e+03 -2.91821673e+03
1.23737374e-05 -1.38888889e-05 3.00003413e+08 1.52231529e+03 -2.94570748e+03
1.28787879e-05 -1.38888889e-05 3.00003194e+08 1.38849634e+03 -2.97892553e+03
1.33838384e-05 -1.38888889e-05 3.00002983e+08 1.23148726e+03 -3.01517615e+03
1.38888889e-05 -1.38888889e-05 3.00002782e+08 1.04984716e+03 -3.05124063e+03
1.43939394e-05 -1.38888889e-05 3.00002594e+08 8.42910087e+02 -3.08348003e+03
1.48989899e-05 -1.38888889e-05 3.00002421e+08 6.10913858e+02 -3.10797110e+03
1.54040404e-05 -1.38888889e-05 3.00002267e+08 3.55096286e+02 -3.12067314e+03
1.59090909e-05 -1.38888889e-05 3.00002133e+08 7.77467200e+01 -3.11762027e+03
1.64141414e-05 -1.38888889e-05 3.00002021e+08 -2.17797435e+02 -3.09512983e+03
1.69191919e-05 -1.38888889e-05 3.00001932e+08 -5.27216271e+02 -3.05001381e+03
1.74242424e-05 -1.38888889e-05 3.00001867e+08 -8.45337229e+02 -2.97977781e+03
1.79292929e-05 -1.38888889e-05 3.00001824e+08 -1.16632572e+03 -2.88279126e+03
1.84343434e-05 -1.38888889e-05 3.00001804e+08 -1.48392683e+03 -2.75841314e+03
1.89393939e-05 -1.38888889e-05 3.00001802e+08 -1.79174273e+03 -2.60706093e+03
1.94444444e-05 -1.38888889e-05 3.00001818e+08 -2.08352627e+03 -2.43021483e+03
1.99494949e-05 -1.38888889e-05 3.00001847e+08 -2.35346872e+03 -2.23035536e+03
2.04545455e-05 -1.38888889e-05 3.00001886e+08 -2.59646007e+03 -2.01083896e+03
2.09595960e-05 -1.38888889e-05 3.00001931e+08 -2.80830261e+03 -1.77572180e+03
2.14646465e-05 -1.38888889e-05 3.00001978e+08 -2.98586377e+03 -1.52954704e+03
2.19696970e-05 -1.38888889e-05 3.00002024e+08 -3.12715975e+03 -1.27711340e+03
2.24747475e-05 -1.38888889e-05 3.00002064e+08 -3.23136889e+03 -1.02324333e+03
2.29797980e-05 -1.38888889e-05 3.00002098e+08 -3.29877953e+03 -7.72568064e+02
2.34848485e-05 -1.38888889e-05 3.00002121e+08 -3.33068256e+03 -5.29343198e+02
2.39898990e-05 -1.38888889e-05 3.00002133e+08 -3.32922245e+03 -2.97304448e+02
2.44949495e-05 -1.38888889e-05 3.00002133e+08 -3.29722193e+03 -7.95684591e+01
2.50000000e-05 -1.38888889e-05 3.00002121e+08 -3.23799560e+03 1.21420997e+02
-2.50000000e-05 -1.33838384e-05 3.00000708e+08 -2.45856366e+02 9.79466945e+02
-2.44949495e-05 -1.33838384e-05 3.00000738e+08 -2.08289496e+02 1.02847994e+03
-2.39898990e-05 -1.33838384e-05 3.00000765e+08 -1.69332830e+02 1.07970926e+03
-2.34848485e-05 -1.33838384e-05 3.00000790e+08 -1.29126567e+02 1.13356065e+03
-2.29797980e-05 -1.33838384e-05 3.00000810e+08 -8.78134299e+01 1.19054797e+03
-2.24747475e-05 -1.33838384e-05 3.00000827e+08 -4.55274813e+01 1.25131697e+03
-2.19696970e-05 -1.33838384e-05 3.00000838e+08 -2.37745121e+00 1.31667366e+03
-2.14646465e-05 -1.33838384e-05 3.00000844e+08 4.15774412e+01 1.38761719e+03
-2.09595960e-05 -1.33838384e-05 3.00000842e+08 8.63615583e+01 1.46537726e+03
-2.04545455e-05 -1.33838384e-05 3.00000831e+08 1.32129417e+02 1.55145481e+03
-1.99494949e-05 -1.33838384e-05 3.00000810e+08 1.79227224e+02 1.64766432e+03
-1.94444444e-05 -1.33838384e-05 3.00000777e+08 2.28271101e+02 1.75617450e+03
-1.89393939e-05 -1.33838384e-05 3.00000730e+08 2.80242363e+02 1.87954399e+03
-1.84343434e-05 -1.33838384e-05 3.00000665e+08 3.36598290e+02 2.02074813e+03
-1.79292929e-05 -1.33838384e-05 3.00000580e+08 3.99395172e+02 2.18319481e+03
-1.74242424e-05 -1.33838384e-05 3.00000471e+08 4.71420025e+02 2.37072988e+03
-1.69191919e-05 -1.33838384e-05 3.00000332e+08 5.56329984e+02 2.58763641e+03
-1.64141414e-05 -1.33838384e-05 3.00000159e+08 6.58804902e+02 2.83863459e+03
-1.59090909e-05 -1.33838384e-05 2.99999945e+08 7.84729031e+02 3.12888808e+03
-1.54040404e-05 -1.33838384e-05 2.99999683e+08 9.41429599e+02 3.46401429e+03
-1.48989899e-05 -1.33838384e-05 2.99999364e+08 1.13800979e+03 3.85008017e+03
-1.43939394e-05 -1.33838384e-05 2.99998979e+08 1.38581707e+03 4.29353931e+03
-1.38888889e-05 -1.33838384e-05 2.99998516e+08 1.69908134e+03 4.80103220e+03
-1.33838384e-05 -1.33838384e-05 2.99997964e+08 2.09573890e+03 5.37892672e+03
-1.28787879e-05 -1.33838384e-05 2.99997309e+08 2.59842074e+03 6.03241515e+03
-1.23737374e-05 -1.33838384e-05 2.99996538e+08 3.23551534e+03 6.76389746e+03
-1.18686869e-05 -1.33838384e-05 2.99995638e+08 4.04208469e+03 7.57025967e+03
-1.13636364e-05 -1.33838384e-05 2.99994600e+08 5.06016469e+03 8.43849766e+03
-1.08585859e-05 -1.33838384e-05 2.99993425e+08 6.33752226e+03 9.33897459e+03
-1.03535354e-05 -1.33838384e-05 2.99992126e+08 7.92314098e+03 1.02155467e+04
-9.84848485e-06 -1.33838384e-05 2.99990744e+08 9.85642757e+03 1.09721635e+04
-9.34343434e-06 -1.33838384e-05 2.99989361e+08 1.21454207e+04 1.14570513e+04
-8.83838384e-06 -1.33838384e-05 2.99988109e+08 1.47279257e+04 1.14495546e+04
-8.33333333e-06 -1.33838384e-05 2.99987178e+08 1.74112969e+04 1.06628687e+04
-7.82828283e-06 -1.33838384e-05 2.99986792e+08 1.97981838e+04 8.78828960e+03
-7.32323232e-06 -1.33838384e-05 2.99987124e+08 2.12367481e+04 5.61481018e+03
-6.81818182e-06 -1.33838384e-05 2.99988152e+08 2.08840132e+04 1.23461092e+03
-6.31313131e-06 -1.33838384e-05 2.99989517e+08 1.79920504e+04 -3.74812786e+03
-5.80808081e-06 -1.33838384e-05 2.99990549e+08 1.24040372e+04 -8.22363695e+03
-5.30303030e-06 -1.33838384e-05 2.99990605e+08 4.94589820e+03 -1.09962121e+04
-4.79797980e-06 -1.33838384e-05 2.99989539e+08 -2.75187581e+03 -1.14430597e+04
-4.29292929e-06 -1.33838384e-05 2.99987855e+08 -9.02793951e+03 -9.85273904e+03
-3.78787879e-06 -1.33838384e-05 2.99986355e+08 -1.29375421e+04 -7.13619859e+03
-3.28282828e-06 -1.33838384e-05 2.99985663e+08 -1.44202613e+04 -4.25246227e+03
-2.77777778e-06 -1.33838384e-05 2.99986008e+08 -1.39823343e+04 -1.84009260e+03
-2.27272727e-06 -1.33838384e-05 2.99987294e+08 -1.23027305e+04 -1.69341057e+02
-1.76767677e-06 -1.33838384e-05 2.99989263e+08 -9.99334391e+03 7.45607641e+02
-1.26262626e-06 -1.33838384e-05 2.99991624e+08 -7.51315246e+03 1.02338789e+03
-7.57575758e-07 -1.33838384e-05 2.99994118e+08 -5.16409557e+03 8.31781499e+02
-2.52525253e-07 -1.33838384e-05 2.99996547e+08 -3.11669303e+03 3.40166722e+02
2.52525253e-07 -1.33838384e-05 2.99998773e+08 -1.44269327e+03 -3.05162176e+02
7.57575758e-07 -1.33838384e-05 3.00000716e+08 -1.46618911e+02 -9.91654970e+02
1.26262626e-06 -1.33838384e-05 3.00002341e+08 8.07173066e+02 -1.64208691e+03
1.76767677e-06 -1.33838384e-05 3.00003649e+08 1.47358459e+03 -2.21052559e+03
2.27272727e-06 -1.33838384e-05 3.00004662e+08 1.91237769e+03 -2.67556744e+03
2.77777778e-06 -1.33838384e-05 3.00005414e+08 2.17953551e+03 -3.03305681e+03
3.28282828e-06 -1.33838384e-05 3.00005945e+08 2.32301891e+03 -3.28965868e+03
3.78787879e-06 -1.33838384e-05 3.00006295e+08 2.38145215e+03 -3.45788114e+03
4.29292929e-06 -1.33838384e-05 3.00006498e+08 2.38450038e+03 -3.55260448e+03
4.79797980e-06 -1.33838384e-05 3.00006586e+08 2.35405174e+03 -3.58888965e+03
5.30303030e-06 -1.33838384e-05 3.00006585e+08 2.30564773e+03 -3.58074515e+03
5.80808081e-06 -1.33838384e-05 3.00006516e+08 2.24985790e+03 -3.54054591e+03
6.31313131e-06 -1.33838384e-05 3.00006397e+08 2.19346180e+03 -3.47885823e+03
6.81818182e-06 -1.33838384e-05 3.00006239e+08 2.14039914e+03 -3.40449290e+03
7.32323232e-06 -1.33838384e-05 3.00006053e+08 2.09250006e+03 -3.32466820e+03
7.82828283e-06 -1.33838384e-05 3.00005846e+08 2.05002885e+03 -3.24520915e+03
8.33333333e-06 -1.33838384e-05 3.00005623e+08 2.01208076e+03 -3.17074053e+03
8.83838384e-06 -1.33838384e-05 3.00005389e+08 1.97686961e+03 -3.10485212e+03
9.34343434e-06 -1.33838384e-05 3.00005147e+08 1.94193885e+03 -3.05022684e+03
9.84848485e-06 -1.33838384e-05 3.00004899e+08 1.90432334e+03 -3.00873091e+03
1.03535354e-05 -1.33838384e-05 3.00004646e+08 1.86068359e+03 -2.98146948e+03
1.08585859e-05 -1.33838384e-05 3.00004391e+08 1.80742965e+03 -2.96881426e+03
1.13636364e-05 -1.33838384e-05 3.00004136e+08 1.74084720e+03 -2.97041163e+03
1.18686869e-05 -1.33838384e-05 3.00003882e+08 1.65723506e+03 -2.98518095e+03
1.23737374e-05 -1.33838384e-05 3.00003631e+08 1.55305865e+03 -3.01131376e+03
1.28787879e-05 -1.33838384e-05 3.00003386e+08 1.42512059e+03 -3.04628496e+03
1.33838384e-05 -1.33838384e-05 3.00003149e+08 1.27074516e+03 -3.08688650e+03
1.38888889e-05 -1.33838384e-05 3.00002924e+08 1.08796915e+03 -3.12929350e+03
1.43939394e-05 -1.33838384e-05 3.00002713e+08 8.75727830e+02 -3.16916977e+03
1.48989899e-05 -1.33838384e-05 3.00002521e+08 6.34021642e+02 -3.20181684e+03
1.54040404e-05 -1.33838384e-05 3.00002348e+08 3.64046872e+02 -3.22236579e+03
1.59090909e-05 -1.33838384e-05 3.00002199e+08 6.82736161e+01 -3.22600595e+03
1.64141414e-05 -1.33838384e-05 3.00002075e+08 -2.49544021e+02 -3.20823898e+03
1.69191919e-05 -1.33838384e-05 3.00001977e+08 -5.84436327e+02 -3.16514160e+03
1.74242424e-05 -1.33838384e-05 3.00001907e+08 -9.30369540e+02 -3.09361672e+03
1.79292929e-05 -1.33838384e-05 3.00001862e+08 -1.28047723e+03 -2.99161063e+03
1.84343434e-05 -1.33838384e-05 3.00001842e+08 -1.62735965e+03 -2.85827516e+03
1.89393939e-05 -1.33838384e-05 3.00001844e+08 -1.96343123e+03 -2.69405736e+03
1.94444444e-05 -1.33838384e-05 3.00001866e+08 -2.28129021e+03 -2.50070569e+03
1.99494949e-05 -1.33838384e-05 3.00001902e+08 -2.57408103e+03 -2.28118985e+03
2.04545455e-05 -1.33838384e-05 3.00001949e+08 -2.83582038e+03 -2.03954012e+03
2.09595960e-05 -1.33838384e-05 3.00002002e+08 -3.06166133e+03 -1.78062067e+03
2.14646465e-05 -1.33838384e-05 3.00002057e+08 -3.24807695e+03 -1.50985704e+03
2.19696970e-05 -1.33838384e-05 3.00002109e+08 -3.39295323e+03 -1.23294238e+03
2.24747475e-05 -1.33838384e-05 3.00002155e+08 -3.49559073e+03 -9.55546836e+02
2.29797980e-05 -1.33838384e-05 3.00002191e+08 -3.55662299e+03 -6.83052747e+02
2.34848485e-05 -1.33838384e-05 3.00002216e+08 -3.57786634e+03 -4.20332948e+02
2.39898990e-05 -1.33838384e-05 3.00002227e+08 -3.56212055e+03 -1.71583783e+02
2.44949495e-05 -1.33838384e-05 3.00002224e+08 -3.51294086e+03 5.97823859e+01
2.50000000e-05 -1.33838384e-05 3.00002206e+08 -3.43440177e+03 2.71186305e+02
-2.50000000e-05 -1.28787879e-05 3.00000824e+08 -2.91492618e+02 9.00321724e+02
-2.44949495e-05 -1.28787879e-05 3.00000864e+08 -2.55680479e+02 9.44207864e+02
-2.39898990e-05 -1.28787879e-05 3.00000903e+08 -2.18802859e+02 9.89679830e+02
-2.34848485e-05 -1.28787879e-05 3.00000939e+08 -1.81095214e+02 1.03706829e+03
-2.29797980e-05 -1.28787879e-05 3.00000974e+08 -1.42817993e+02 1.08680708e+03
-2.24747475e-05 -1.28787879e-05 3.00001004e+08 -1.04250273e+02 1.13945871e+03
-2.19696970e-05 -1.28787879e-05 3.00001031e+08 -6.56785243e+01 1.19574578e+03
-2.14646465e-05 -1.28787879e-05 3.00001053e+08 -2.73781768e+01 1.25658894e+03
-2.09595960e-05 -1.28787879e-05 3.00001070e+08 1.04150079e+01 1.32315188e+03
-2.04545455e-05 -1.28787879e-05 3.00001079e+08 4.75473326e+01 1.39689280e+03
-1.99494949e-05 -1.28787879e-05 3.00001080e+08 8.40070371e+01 1.47962058e+03
-1.94444444e-05 -1.28787879e-05 3.00001070e+08 1.20004657e+02 1.57355230e+03
-1.89393939e-05 -1.28787879e-05 3.00001049e+08 1.56074960e+02 1.68136715e+03
-1.84343434e-05 -1.28787879e-05 3.00001013e+08 1.93198334e+02 1.80625144e+03
-1.79292929e-05 -1.28787879e-05 3.00000959e+08 2.32935716e+02 1.95193083e+03
-1.74242424e-05 -1.28787879e-05 3.00000883e+08 2.77568607e+02 2.12269102e+03
-1.69191919e-05 -1.28787879e-05 3.00000780e+08 3.30237372e+02 2.32339551e+03
-1.64141414e-05 -1.28787879e-05 3.00000645e+08 3.95079568e+02 2.55951719e+03
-1.59090909e-05 -1.28787879e-05 3.00000471e+08 4.77386392e+02 2.83720453e+03
-1.54040404e-05 -1.28787879e-05 3.00000250e+08 5.83816594e+02 3.16339807e+03
-1.48989899e-05 -1.28787879e-05 2.99999972e+08 7.22727319e+02 3.54599590e+03
-1.43939394e-05 -1.28787879e-05 2.99999626e+08 9.04694089e+02 3.99403857e+03
-1.38888889e-05 -1.28787879e-05 2.99999199e+08 1.14329467e+03 4.51784750e+03
-1.33838384e-05 -1.28787879e-05 2.99998674e+08 1.45622547e+03 5.12900514e+03
-1.28787879e-05 -1.28787879e-05 2.99998034e+08 1.86680585e+03 5.84000267e+03
-1.23737374e-05 -1.28787879e-05 2.99997255e+08 2.40589866e+03 6.66328043e+03
-1.18686869e-05 -1.28787879e-05 2.99996314e+08 3.11420802e+03 7.60921806e+03
-1.13636364e-05 -1.28787879e-05 2.99995185e+08 4.04474654e+03 8.68235437e+03
-1.08585859e-05 -1.28787879e-05 2.99993846e+08 5.26486786e+03 9.87469013e+03
-1.03535354e-05 -1.28787879e-05 2.99992282e+08 6.85639292e+03 1.11543443e+04
-9.84848485e-06 -1.28787879e-05 2.99990504e+08 8.91058641e+03 1.24472480e+04
-9.34343434e-06 -1.28787879e-05 2.99988562e+08 1.15114207e+04 1.36096201e+04
-8.83838384e-06 -1.28787879e-05 2.99986583e+08 1.46952041e+04 1.43916149e+04
-8.33333333e-06 -1.28787879e-05 2.99984798e+08 1.83686546e+04 1.44023152e+04
-7.82828283e-06 -1.28787879e-05 2.99983561e+08 2.21695202e+04 1.31107801e+04
-7.32323232e-06 -1.28787879e-05 2.99983277e+08 2.52897958e+04 9.96007174e+03
-6.81818182e-06 -1.28787879e-05 2.99984183e+08 2.63939031e+04 4.69587485e+03
-6.31313131e-06 -1.28787879e-05 2.99985972e+08 2.39344241e+04 -2.10907366e+03
-5.80808081e-06 -1.28787879e-05 2.99987612e+08 1.71123610e+04 -8.74979240e+03
-5.30303030e-06 -1.28787879e-05 2.99987876e+08 6.98844135e+03 -1.30176698e+04
-4.79797980e-06 -1.28787879e-05 2.99986422e+08 -3.61038931e+03 -1.36855980e+04
-4.29292929e-06 -1.28787879e-05 2.99984197e+08 -1.18059741e+04 -1.13517473e+04
-3.78787879e-06 -1.28787879e-05 2.99982575e+08 -1.62864095e+04 -7.68497401e+03
-3.28282828e-06 -1.28787879e-05 2.99982369e+08 -1.73642095e+04 -4.15773911e+03
-2.77777778e-06 -1.28787879e-05 2.99983631e+08 -1.60861075e+04 -1.51330408e+03
-2.27272727e-06 -1.28787879e-05 2.99985994e+08 -1.35089956e+04 8.52102406e+01
-1.76767677e-06 -1.28787879e-05 2.99988995e+08 -1.04315440e+04 7.62047529e+02
-1.26262626e-06 -1.28787879e-05 2.99992231e+08 -7.37947820e+03 7.40574783e+02
-7.57575758e-07 -1.28787879e-05 2.99995402e+08 -4.65993930e+03 2.56407576e+02
-2.52525253e-07 -1.28787879e-05 2.99998304e+08 -2.41821614e+03 -4.80536221e+02
2.52525253e-07 -1.28787879e-05 3.00000818e+08 -6.86899033e+02 -1.30366025e+03
7.57575758e-07 -1.28787879e-05 3.00002893e+08 5.71862104e+02 -2.09558180e+03
1.26262626e-06 -1.28787879e-05 3.00004530e+08 1.43202709e+03 -2.78514339e+03
1.76767677e-06 -1.28787879e-05 3.00005764e+08 1.97880507e+03 -3.33870961e+03
2.27272727e-06 -1.28787879e-05 3.00006647e+08 2.29322690e+03 -3.74934741e+03
2.77777778e-06 -1.28787879e-05 3.00007238e+08 2.44443884e+03 -4.02669451e+03
3.28282828e-06 -1.28787879e-05 3.00007595e+08 2.48729385e+03 -4.18897882e+03
3.78787879e-06 -1.28787879e-05 3.00007771e+08 2.46299212e+03 -4.25751554e+03
4.29292929e-06 -1.28787879e-05 3.00007809e+08 2.40111625e+03 -4.25335663e+03
4.79797980e-06 -1.28787879e-05 3.00007745e+08 2.32203780e+03 -4.19553352e+03
5.30303030e-06 -1.28787879e-05 3.00007607e+08 2.23916210e+03 -4.10034776e+03
5.80808081e-06 -1.28787879e-05 3.00007417e+08 2.16079411e+03 -3.98127957e+03
6.31313131e-06 -1.28787879e-05 3.00007192e+08 2.09158417e+03 -3.84921605e+03
6.81818182e-06 -1.28787879e-05 3.00006942e+08 2.03359494e+03 -3.71281041e+03
7.32323232e-06 -1.28787879e-05 3.00006677e+08 1.98706047e+03 -3.57886343e+03
7.82828283e-06 -1.28787879e-05 3.00006402e+08 1.95091057e+03 -3.45267010e+03
8.33333333e-06 -1.28787879e-05 3.00006121e+08 1.92312508e+03 -3.33830601e+03
8.83838384e-06 -1.28787879e-05 3.00005837e+08 1.90097054e+03 -3.23884621e+03
9.34343434e-06 -1.28787879e-05 3.00005550e+08 1.88116074e+03 -3.15651878e+03
9.84848485e-06 -1.28787879e-05 3.00005263e+08 1.85997291e+03 -3.09280006e+03
1.03535354e-05 -1.28787879e-05 3.00004975e+08 1.83334421e+03 -3.04846113e+03
1.08585859e-05 -1.28787879e-05 3.00004688e+08 1.79696727e+03 -3.02357626e+03
1.13636364e-05 -1.28787879e-05 3.00004402e+08 1.74639876e+03 -3.01750498e+03
1.18686869e-05 -1.28787879e-05 3.00004119e+08 1.67719098e+03 -3.02886052e+03
1.23737374e-05 -1.28787879e-05 3.00003841e+08 1.58505190e+03 -3.05547806e+03
1.28787879e-05 -1.28787879e-05 3.00003570e+08 1.46603492e+03 -3.09439685e+03
1.33838384e-05 -1.28787879e-05 3.00003308e+08 1.31675439e+03 -3.14187033e+03
1.38888889e-05 -1.28787879e-05 3.00003059e+08 1.13461792e+03 -3.19341724e+03
1.43939394e-05 -1.28787879e-05 3.00002825e+08 9.18060988e+02 -3.24392433e+03
1.48989899e-05 -1.28787879e-05 3.00002612e+08 6.66765047e+02 -3.28780726e+03
1.54040404e-05 -1.28787879e-05 3.00002421e+08 3.81836751e+02 -3.31923042e+03
1.59090909e-05 -1.28787879e-05 3.00002256e+08 6.59250405e+01 -3.33237963e+03
1.64141414e-05 -1.28787879e-05 3.00002120e+08 -2.76745449e+02 -3.32177357e+03
1.69191919e-05 -1.28787879e-05 3.00002013e+08 -6.40441128e+02 -3.28259284e+03
1.74242424e-05 -1.28787879e-05 3.00001937e+08 -1.01809454e+03 -3.21099967e+03
1.79292929e-05 -1.28787879e-05 3.00001891e+08 -1.40158525e+03 -3.10441808e+03
1.84343434e-05 -1.28787879e-05 3.00001873e+08 -1.78211216e+03 -2.96174551e+03
1.89393939e-05 -1.28787879e-05 3.00001881e+08 -2.15063134e+03 -2.78347125e+03
1.94444444e-05 -1.28787879e-05 3.00001910e+08 -2.49832466e+03 -2.57168632e+03
1.99494949e-05 -1.28787879e-05 3.00001956e+08 -2.81705955e+03 -2.32998000e+03
2.04545455e-05 -1.28787879e-05 3.00002013e+08 -3.09980029e+03 -2.06323145e+03
2.09595960e-05 -1.28787879e-05 3.00002076e+08 -3.34093640e+03 -1.77731575e+03
2.14646465e-05 -1.28787879e-05 3.00002140e+08 -3.53650358e+03 -1.47875273e+03
2.19696970e-05 -1.28787879e-05 3.00002200e+08 -3.68428477e+03 -1.17433184e+03
2.24747475e-05 -1.28787879e-05 3.00002252e+08 -3.78379210e+03 -8.70746282e+02
2.29797980e-05 -1.28787879e-05 3.00002291e+08 -3.83614232e+03 -5.74266053e+02
2.34848485e-05 -1.28787879e-05 3.00002316e+08 -3.84384757e+03 -2.90471979e+02
2.39898990e-05 -1.28787879e-05 3.00002325e+08 -3.81054833e+03 -2.40642913e+01
2.44949495e-05 -1.28787879e-05 3.00002318e+08 -3.74071697e+03 2.21250069e+02
2.50000000e-05 -1.28787879e-05 3.00002293e+08 -3.63935833e+03 4.42795253e+02
-2.50000000e-05 -1.23737374e-05 3.00000941e+08 -3.32092885e+02 8.18266462e+02
-2.44949495e-05 -1.23737374e-05 3.00000992e+08 -2.97396373e+02 8.56602961e+02
-2.39898990e-05 -1.23737374e-05 3.00001042e+08 -2.61875816e+02 8.95799080e+02
-2.34848485e-05 -1.23737374e-05 3.00001092e+08 -2.25853759e+02 9.36087035e+02
-2.29797980e-05 -1.23737374e-05 3.00001140e+08 -1.89700642e+02 9.77791052e+02
-2.24747475e-05 -1.23737374e-05 3.00001186e+08 -1.53834271e+02 1.02135294e+03
-2.19696970e-05 -1.23737374e-05 3.00001230e+08 -1.18715639e+02 1.06736470e+03
-2.14646465e-05 -1.23737374e-05 3.00001270e+08 -8.48385788e+01 1.11660967e+03
-2.09595960e-05 -1.23737374e-05 3.00001306e+08 -5.27096815e+01 1.17011350e+03
-2.04545455e-05 -1.23737374e-05 3.00001337e+08 -2.28137393e+01 1.22920544e+03
-1.99494949e-05 -1.23737374e-05 3.00001362e+08 4.44078529e+00 1.29558856e+03
-1.94444444e-05 -1.23737374e-05 3.00001380e+08 2.88015119e+01 1.37141532e+03
-1.89393939e-05 -1.23737374e-05 3.00001388e+08 5.02801234e+01 1.45936165e+03
-1.84343434e-05 -1.23737374e-05 3.00001385e+08 6.92866511e+01 1.56269074e+03
-1.79292929e-05 -1.23737374e-05 3.00001367e+08 8.67808168e+01 1.68529849e+03
-1.74242424e-05 -1.23737374e-05 3.00001332e+08 1.04423898e+02 1.83173909e+03
-1.69191919e-05 -1.23737374e-05 3.00001274e+08 1.24712369e+02 2.00724217e+03
-1.64141414e-05 -1.23737374e-05 3.00001188e+08 1.51083621e+02 2.21775008e+03
-1.59090909e-05 -1.23737374e-05 3.00001067e+08 1.88007904e+02 2.47001738e+03
-1.54040404e-05 -1.23737374e-05 3.00000903e+08 2.41115609e+02 2.77181531e+03
-1.48989899e-05 -1.23737374e-05 3.00000687e+08 3.17444009e+02 3.13226565e+03
-1.43939394e-05 -1.23737374e-05 3.00000406e+08 4.25910332e+02 3.56229580e+03
-1.38888889e-05 -1.23737374e-05 3.00000046e+08 5.78124960e+02 4.07516843e+03
-1.33838384e-05 -1.23737374e-05 2.99999588e+08 7.89658905e+02 4.68700341e+03
-1.28787879e-05 -1.23737374e-05 2.99999010e+08 1.08188910e+03 5.41716661e+03
-1.23737374e-05 -1.23737374e-05 2.99998282e+08 1.48457218e+03 6.28832420e+03
-1.18686869e-05 -1.23737374e-05 2.99997369e+08 2.03933309e+03 7.32580278e+03
-1.13636364e-05 -1.23737374e-05 2.99996227e+08 2.80425846e+03 8.55558393e+03
-1.08585859e-05 -1.23737374e-05 2.99994808e+08 3.85965559e+03 9.99967391e+03
-1.03535354e-05 -1.23737374e-05 2.99993060e+08 5.31452778e+03 1.16665360e+04
-9.84848485e-06 -1.23737374e-05 2.99990936e+08 7.31183622e+03 1.35325016e+04
-9.34343434e-06 -1.23737374e-05 2.99988422e+08 1.00268423e+04 1.55074864e+04
-8.83838384e-06 -1.23737374e-05 2.99985573e+08 1.36441132e+04 1.73759025e+04
-8.33333333e-06 -1.23737374e-05 2.99982588e+08 1.82812098e+04 1.87064321e+04
-7.82828283e-06 -1.23737374e-05 2.99979904e+08 2.38004893e+04 1.87489482e+04
-7.32323232e-06 -1.23737374e-05 2.99978238e+08 2.94430301e+04 1.64207554e+04
-6.81818182e-06 -1.23737374e-05 2.99978386e+08 3.33510472e+04 1.06555274e+04
-6.31313131e-06 -1.23737374e-05 2.99980490e+08 3.25398212e+04 1.45857598e+03
-5.80808081e-06 -1.23737374e-05 2.99983113e+08 2.44787363e+04 -8.74857144e+03
-5.30303030e-06 -1.23737374e-05 2.99983787e+08 1.01893526e+04 -1.56464313e+04
-4.79797980e-06 -1.23737374e-05 2.99981671e+08 -5.01941604e+03 -1.65872665e+04
-4.29292929e-06 -1.23737374e-05 2.99978748e+08 -1.57847666e+04 -1.29854752e+04
-3.78787879e-06 -1.23737374e-05 2.99977434e+08 -2.05316198e+04 -8.08019187e+03
-3.28282828e-06 -1.23737374e-05 2.99978510e+08 -2.06535149e+04 -4.00399520e+03
-2.77777778e-06 -1.23737374e-05 2.99981447e+08 -1.81341665e+04 -1.36817818e+03
-2.27272727e-06 -1.23737374e-05 2.99985408e+08 -1.44557013e+04 -4.76245528e+01
-1.76767677e-06 -1.23737374e-05 2.99989721e+08 -1.05395260e+04 2.68148584e+02
-1.26262626e-06 -1.23737374e-05 2.99993937e+08 -6.92236750e+03 -1.05810625e+02
-7.57575758e-07 -1.23737374e-05 2.99997772e+08 -3.88414699e+03 -8.86726735e+02
-2.52525253e-07 -1.23737374e-05 3.00001062e+08 -1.52382351e+03 -1.83842121e+03
2.52525253e-07 -1.23737374e-05 3.00003738e+08 1.82053508e+02 -2.78422457e+03
7.57575758e-07 -1.23737374e-05 3.00005802e+08 1.32680726e+03 -3.61134928e+03
1.26262626e-06 -1.23737374e-05 3.00007306e+08 2.03083374e+03 -4.26376866e+03
1.76767677e-06 -1.23737374e-05 3.00008331e+08 2.41275650e+03 -4.72779892e+03
2.27272727e-06 -1.23737374e-05 3.00008967e+08 2.57421468e+03 -5.01633176e+03
2.77777778e-06 -1.23737374e-05 3.00009300e+08 2.59475125e+03 -5.15569995e+03
3.28282828e-06 -1.23737374e-05 3.00009406e+08 2.53263375e+03 -5.17657234e+03
3.78787879e-06 -1.23737374e-05 3.00009349e+08 2.42833111e+03 -5.10857983e+03
4.29292929e-06 -1.23737374e-05 3.00009177e+08 2.30862322e+03 -4.97770129e+03
4.79797980e-06 -1.23737374e-05 3.00008928e+08 2.19033728e+03 -4.80540164e+03
5.30303030e-06 -1.23737374e-05 3.00008631e+08 2.08334689e+03 -4.60873840e+03
5.80808081e-06 -1.23737374e-05 3.00008305e+08 1.99280451e+03 -4.40091625e+03
6.31313131e-06 -1.23737374e-05 3.00007965e+08 1.92071844e+03 -4.19198256e+03
6.81818182e-06 -1.23737374e-05 3.00007618e+08 1.86702149e+03 -3.98950231e+03
7.32323232e-06 -1.23737374e-05 3.00007272e+08 1.83026888e+03 -3.79913955e+03
7.82828283e-06 -1.23737374e-05 3.00006929e+08 1.80807719e+03 -3.62512160e+03
8.33333333e-06 -1.23737374e-05 3.00006591e+08 1.79738935e+03 -3.47058702e+03
8.83838384e-06 -1.23737374e-05 3.00006257e+08 1.79462826e+03 -3.33782878e+03
9.34343434e-06 -1.23737374e-05 3.00005929e+08 1.79578465e+03 -3.22844775e+03
9.84848485e-06 -1.23737374e-05 3.00005605e+08 1.79647244e+03 -3.14343184e+03
1.03535354e-05 -1.23737374e-05 3.00005285e+08 1.79197683e+03 -3.08317533e+03
1.08585859e-05 -1.23737374e-05 3.00004969e+08 1.77731406e+03 -3.04745255e+03
1.13636364e-05 -1.23737374e-05 3.00004655e+08 1.74731765e+03 -3.03535987e+03
1.18686869e-05 -1.23737374e-05 3.00004346e+08 1.69676190e+03 -3.04524086e+03
1.23737374e-05 -1.23737374e-05 3.00004042e+08 1.62052905e+03 -3.07461062e+03
1.28787879e-05 -1.23737374e-05 3.00003746e+08 1.51382216e+03 -3.12009636e+03
1.33838384e-05 -1.23737374e-05 3.00003459e+08 1.37241947e+03 -3.17741221e+03
1.38888889e-05 -1.23737374e-05 3.00003186e+08 1.19295976e+03 -3.24138561e+03
1.43939394e-05 -1.23737374e-05 3.00002930e+08 9.73240994e+02 -3.30605042e+03
1.48989899e-05 -1.23737374e-05 3.00002695e+08 7.12507894e+02 -3.36481717e+03
1.54040404e-05 -1.23737374e-05 3.00002484e+08 4.11698873e+02 -3.41072404e+03
1.59090909e-05 -1.23737374e-05 3.00002303e+08 7.36202454e+01 -3.43676241e+03
1.64141414e-05 -1.23737374e-05 3.00002154e+08 -2.96983027e+02 -3.43626089e+03
1.69191919e-05 -1.23737374e-05 3.00002038e+08 -6.93484766e+02 -3.40330045e+03
1.74242424e-05 -1.23737374e-05 3.00001958e+08 -1.10757716e+03 -3.33312507e+03
1.79292929e-05 -1.23737374e-05 3.00001911e+08 -1.52961185e+03 -3.22250700e+03
1.84343434e-05 -1.23737374e-05 3.00001897e+08 -1.94906502e+03 -3.07002612e+03
1.89393939e-05 -1.23737374e-05 3.00001912e+08 -2.35509284e+03 -2.87622887e+03
1.94444444e-05 -1.23737374e-05 3.00001951e+08 -2.73713027e+03 -2.64364416e+03
1.99494949e-05 -1.23737374e-05 3.00002008e+08 -3.08547895e+03 -2.37664971e+03
2.04545455e-05 -1.23737374e-05 3.00002078e+08 -3.39182999e+03 -2.08119957e+03
2.09595960e-05 -1.23737374e-05 3.00002153e+08 -3.64967485e+03 -1.76444033e+03
2.14646465e-05 -1.23737374e-05 3.00002228e+08 -3.85457140e+03 -1.43425520e+03
2.19696970e-05 -1.23737374e-05 3.00002297e+08 -4.00425018e+03 -1.09878206e+03
2.24747475e-05 -1.23737374e-05 3.00002355e+08 -4.09856416e+03 -7.65950752e+02
2.29797980e-05 -1.23737374e-05 3.00002398e+08 -4.13930210e+03 -4.43078595e+02
2.34848485e-05 -1.23737374e-05 3.00002423e+08 -4.12989713e+03 -1.36552477e+02
2.39898990e-05 -1.23737374e-05 3.00002429e+08 -4.07506892e+03 1.48387373e+02
2.44949495e-05 -1.23737374e-05 3.00002415e+08 -3.98043789e+03 4.07759376e+02
2.50000000e-05 -1.23737374e-05 3.00002383e+08 -3.85214625e+03 6.38856709e+02
-2.50000000e-05 -1.18686869e-05 3.00001057e+08 -3.67338689e+02 7.34349991e+02
-2.44949495e-05 -1.18686869e-05 3.00001119e+08 -3.33042245e+02 7.66852067e+02
-2.39898990e-05 -1.18686869e-05 3.00001182e+08 -2.98061019e+02 7.99412743e+02
-2.34848485e-05 -1.18686869e-05 3.00001245e+08 -2.62791060e+02 8.32145700e+02
-2.29797980e-05 -1.18686869e-05 3.00001308e+08 -2.27697956e+02 8.65239343e+02
-2.24747475e-05 -1.18686869e-05 3.00001370e+08 -1.93322821e+02 8.98980361e+02
-2.19696970e-05 -1.18686869e-05 3.00001431e+08 -1.60286513e+02 9.33785031e+02
-2.14646465e-05 -1.18686869e-05 3.00001491e+08 -1.29289713e+02 9.70240727e+02
-2.09595960e-05 -1.18686869e-05 3.00001548e+08 -1.01104904e+02 1.00916018e+03
-2.04545455e-05 -1.18686869e-05 3.00001603e+08 -7.65543320e+01 1.05165043e+03
-1.99494949e-05 -1.18686869e-05 3.00001654e+08 -5.64660555e+01 1.09919674e+03
-1.94444444e-05 -1.18686869e-05 3.00001700e+08 -4.15991728e+01 1.15375787e+03
-1.89393939e-05 -1.18686869e-05 3.00001741e+08 -3.25309823e+01 1.21786426e+03
-1.84343434e-05 -1.18686869e-05 3.00001774e+08 -2.95052877e+01 1.29470453e+03
-1.79292929e-05 -1.18686869e-05 3.00001798e+08 -3.22534627e+01 1.38818364e+03
-1.74242424e-05 -1.18686869e-05 3.00001809e+08 -3.98160563e+01 1.50294191e+03
-1.69191919e-05 -1.18686869e-05 3.00001804e+08 -5.04046621e+01 1.64434383e+03
-1.64141414e-05 -1.18686869e-05 3.00001776e+08 -6.13385649e+01 1.81847699e+03
-1.59090909e-05 -1.18686869e-05 3.00001722e+08 -6.90577324e+01 2.03223288e+03
-1.54040404e-05 -1.18686869e-05 3.00001632e+08 -6.91562932e+01 2.29355262e+03
-1.48989899e-05 -1.18686869e-05 3.00001497e+08 -5.63207247e+01 2.61189849e+03
-1.43939394e-05 -1.18686869e-05 3.00001308e+08 -2.40226247e+01 2.99896466e+03
-1.38888889e-05 -1.18686869e-05 3.00001048e+08 3.61834625e+01 3.46959414e+03
-1.33838384e-05 -1.18686869e-05 3.00000700e+08 1.35893506e+02 4.04284948e+03
-1.28787879e-05 -1.18686869e-05 3.00000240e+08 2.91769480e+02 4.74318642e+03
-1.23737374e-05 -1.18686869e-05 2.99999634e+08 5.28361044e+02 5.60167174e+03
-1.18686869e-05 -1.18686869e-05 2.99998840e+08 8.82200847e+02 6.65711332e+03
-1.13636364e-05 -1.18686869e-05 2.99997801e+08 1.40775246e+03 7.95675873e+03
-1.08585859e-05 -1.18686869e-05 2.99996443e+08 2.18605561e+03 9.55572523e+03
-1.03535354e-05 -1.18686869e-05 2.99994672e+08 3.33715129e+03 1.15132427e+04
-9.84848485e-06 -1.18686869e-05 2.99992376e+08 5.03722992e+03 1.38814696e+04
-9.34343434e-06 -1.18686869e-05 2.99989434e+08 7.53973395e+03 1.66778133e+04
-8.83838384e-06 -1.18686869e-05 2.99985750e+08 1.11927378e+04 1.98223210e+04
-8.33333333e-06 -1.18686869e-05 2.99981338e+08 1.64228740e+04 2.30065108e+04
-7.82828283e-06 -1.18686869e-05 2.99976506e+08 2.35960127e+04 2.54487503e+04
-7.32323232e-06 -1.18686869e-05 2.99972154e+08 3.25376532e+04 2.55467651e+04
-6.81818182e-06 -1.18686869e-05 2.99969961e+08 4.13892687e+04 2.07746740e+04
-6.31313131e-06 -1.18686869e-05 2.99971550e+08 4.51034903e+04 9.04696027e+03
-5.80808081e-06 -1.18686869e-05 2.99975700e+08 3.66911419e+04 -7.24361887e+03
-5.30303030e-06 -1.18686869e-05 2.99977238e+08 1.54239420e+04 -1.91990130e+04
-4.79797980e-06 -1.18686869e-05 2.99973863e+08 -7.62980416e+03 -2.03234690e+04
-4.29292929e-06 -1.18686869e-05 2.99970321e+08 -2.15170173e+04 -1.45094347e+04
-3.78787879e-06 -1.18686869e-05 2.99970730e+08 -2.55657654e+04 -8.31952492e+03
-3.28282828e-06 -1.18686869e-05 2.99974719e+08 -2.39310387e+04 -4.19572580e+03
-2.77777778e-06 -1.18686869e-05 2.99980401e+08 -1.98515557e+04 -1.97705131e+03
-2.27272727e-06 -1.18686869e-05 2.99986443e+08 -1.50109952e+04 -1.09951872e+03
-1.76767677e-06 -1.18686869e-05 2.99992181e+08 -1.02832524e+04 -1.15285618e+03
-1.26262626e-06 -1.18686869e-05 2.99997299e+08 -6.16177988e+03 -1.82016852e+03
-7.57575758e-07 -1.18686869e-05 3.00001628e+08 -2.88916876e+03 -2.81182835e+03
-2.52525253e-07 -1.18686869e-05 3.00005091e+08 -5.08584233e+02 -3.87641677e+03
2.52525253e-07 -1.18686869e-05 3.00007698e+08 1.07469437e+03 -4.83204938e+03
7.57575758e-07 -1.18686869e-05 3.00009524e+08 2.02348131e+03 -5.57784469e+03
1.26262626e-06 -1.18686869e-05 3.00010690e+08 2.51218066e+03 -6.08172420e+03
1.76767677e-06 -1.18686869e-05 3.00011332e+08 2.69362652e+03 -6.35721802e+03
2.27272727e-06 -1.18686869e-05 3.00011580e+08 2.68647962e+03 -6.44110740e+03
2.77777778e-06 -1.18686869e-05 3.00011545e+08 2.57538286e+03 -6.37735668e+03
3.28282828e-06 -1.18686869e-05 3.00011319e+08 2.41683460e+03 -6.20781968e+03
3.78787879e-06 -1.18686869e-05 3.00010970e+08 2.24636845e+03 -5.96804268e+03
4.29292929e-06 -1.18686869e-05 3.00010548e+08 2.08494486e+03 -5.68618701e+03
4.79797980e-06 -1.18686869e-05 3.00010089e+08 1.94388900e+03 -5.38354626e+03
5.30303030e-06 -1.18686869e-05 3.00009616e+08 1.82839995e+03 -5.07569862e+03
5.80808081e-06 -1.18686869e-05 3.00009145e+08 1.73990505e+03 -4.77377407e+03
6.31313131e-06 -1.18686869e-05 3.00008685e+08 1.67756823e+03 -4.48559623e+03
6.81818182e-06 -1.18686869e-05 3.00008241e+08 1.63921396e+03 -4.21661401e+03
7.32323232e-06 -1.18686869e-05 3.00007816e+08 1.62186399e+03 -3.97061500e+03
7.82828283e-06 -1.18686869e-05 3.00007408e+08 1.62202575e+03 -3.75024416e+03
8.33333333e-06 -1.18686869e-05 3.00007017e+08 1.63582723e+03 -3.55736035e+03
8.83838384e-06 -1.18686869e-05 3.00006640e+08 1.65906237e+03 -3.39326198e+03
9.34343434e-06 -1.18686869e-05 3.00006275e+08 1.68719057e+03 -3.25880838e+03
9.84848485e-06 -1.18686869e-05 3.00005920e+08 1.71532121e+03 -3.15445819e+03
1.03535354e-05 -1.18686869e-05 3.00005573e+08 1.73820622e+03 -3.08024253e+03
1.08585859e-05 -1.18686869e-05 3.00005231e+08 1.75025890e+03 -3.03568795e+03
1.13636364e-05 -1.18686869e-05 3.00004894e+08 1.74561404e+03 -3.01970411e+03
1.18686869e-05 -1.18686869e-05 3.00004561e+08 1.71824132e+03 -3.03045187e+03
1.23737374e-05 -1.18686869e-05 3.00004234e+08 1.66212031e+03 -3.06520948e+03
1.28787879e-05 -1.18686869e-05 3.00003914e+08 1.57148057e+03 -3.12025718e+03
1.33838384e-05 -1.18686869e-05 3.00003603e+08 1.44110367e+03 -3.19080234e+03
1.38888889e-05 -1.18686869e-05 3.00003306e+08 1.26667561e+03 -3.27096834e+03
1.43939394e-05 -1.18686869e-05 3.00003026e+08 1.04516870e+03 -3.35386823e+03
1.48989899e-05 -1.18686869e-05 3.00002769e+08 7.75222240e+02 -3.43177987e+03
1.54040404e-05 -1.18686869e-05 3.00002539e+08 4.57483071e+02 -3.49643018e+03
1.59090909e-05 -1.18686869e-05 3.00002340e+08 9.48622185e+01 -3.53938454e+03
1.64141414e-05 -1.18686869e-05 3.00002178e+08 -3.07336188e+02 -3.55252216e+03
1.69191919e-05 -1.18686869e-05 3.00002053e+08 -7.41450561e+02 -3.52856359e+03
1.74242424e-05 -1.18686869e-05 3.00001968e+08 -1.19768514e+03 -3.46160286e+03
1.79292929e-05 -1.18686869e-05 3.00001922e+08 -1.66452402e+03 -3.34758851e+03
1.84343434e-05 -1.18686869e-05 3.00001913e+08 -2.12931515e+03 -3.18469664e+03
1.89393939e-05 -1.18686869e-05 3.00001937e+08 -2.57898013e+03 -2.97354703e+03
1.94444444e-05 -1.18686869e-05 3.00001989e+08 -3.00078577e+03 -2.71722935e+03
1.99494949e-05 -1.18686869e-05 3.00002060e+08 -3.38310260e+03 -2.42112939e+03
2.04545455e-05 -1.18686869e-05 3.00002145e+08 -3.71607493e+03 -2.09257017e+03
2.09595960e-05 -1.18686869e-05 3.00002235e+08 -3.99213826e+03 -1.74030652e+03
2.14646465e-05 -1.18686869e-05 3.00002323e+08 -4.20633973e+03 -1.37392865e+03
2.19696970e-05 -1.18686869e-05 3.00002402e+08 -4.35644356e+03 -1.00323881e+03
2.24747475e-05 -1.18686869e-05 3.00002466e+08 -4.44282969e+03 -6.37663236e+02
2.29797980e-05 -1.18686869e-05 3.00002512e+08 -4.46821694e+03 -2.85751460e+02
2.34848485e-05 -1.18686869e-05 3.00002537e+08 -4.43725744e+03 4.52017748e+01
2.39898990e-05 -1.18686869e-05 3.00002538e+08 -4.35605649e+03 3.49395247e+02
2.44949495e-05 -1.18686869e-05 3.00002517e+08 -4.23167057e+03 6.22622101e+02
2.50000000e-05 -1.18686869e-05 3.00002474e+08 -4.07162890e+03 8.62248458e+02
-2.50000000e-05 -1.13636364e-05 3.00001171e+08 -3.97047236e+02 6.49683458e+02
-2.44949495e-05 -1.13636364e-05 3.00001245e+08 -3.62380308e+02 6.76219582e+02
-2.39898990e-05 -1.13636364e-05 3.00001321e+08 -3.27050351e+02 7.01964147e+02
-2.34848485e-05 -1.13636364e-05 3.00001398e+08 -2.91508426e+02 7.26897380e+02
-2.29797980e-05 -1.13636364e-05 3.00001476e+08 -2.56293622e+02 7.51051606e+02
-2.24747475e-05 -1.13636364e-05 3.00001554e+08 -2.22045598e+02 7.74530447e+02
-2.19696970e-05 -1.13636364e-05 3.00001634e+08 -1.89517970e+02 7.97535708e+02
-2.14646465e-05 -1.13636364e-05 3.00001713e+08 -1.59590733e+02 8.20405336e+02
-2.09595960e-05 -1.13636364e-05 3.00001792e+08 -1.33277988e+02 8.43666604e+02
-2.04545455e-05 -1.13636364e-05 3.00001871e+08 -1.11724221e+02 8.68108920e+02
-1.99494949e-05 -1.13636364e-05 3.00001949e+08 -9.61785811e+01 8.94879255e+02
-1.94444444e-05 -1.13636364e-05 3.00002025e+08 -8.79329032e+01 9.25599025e+02
-1.89393939e-05 -1.13636364e-05 3.00002101e+08 -8.82082673e+01 9.62493023e+02
-1.84343434e-05 -1.13636364e-05 3.00002173e+08 -9.79810157e+01 1.00850931e+03
-1.79292929e-05 -1.13636364e-05 3.00002242e+08 -1.17757255e+02 1.06739817e+03
-1.74242424e-05 -1.13636364e-05 3.00002304e+08 -1.47335691e+02 1.14371867e+03
-1.69191919e-05 -1.13636364e-05 3.00002358e+08 -1.85631712e+02 1.24276604e+03
-1.64141414e-05 -1.13636364e-05 3.00002398e+08 -2.30645655e+02 1.37046718e+03
-1.59090909e-05 -1.13636364e-05 3.00002420e+08 -2.79616269e+02 1.53335764e+03
-1.54040404e-05 -1.13636364e-05 3.00002417e+08 -3.29302737e+02 1.73878818e+03
-1.48989899e-05 -1.13636364e-05 3.00002384e+08 -3.76228584e+02 1.99547684e+03
-1.43939394e-05 -1.13636364e-05 3.00002309e+08 -4.16666730e+02 2.31443399e+03
-1.38888889e-05 -1.13636364e-05 3.00002183e+08 -4.46176451e+02 2.71020961e+03
-1.33838384e-05 -1.13636364e-05 3.00001988e+08 -4.58571789e+02 3.20240754e+03
-1.28787879e-05 -1.13636364e-05 3.00001704e+08 -4.44217752e+02 3.81748423e+03
-1.23737374e-05 -1.13636364e-05 3.00001298e+08 -3.87455904e+02 4.59094513e+03
-1.18686869e-05 -1.13636364e-05 3.00000728e+08 -2.62743126e+02 5.57011418e+03
-1.13636364e-05 -1.13636364e-05 2.99999933e+08 -2.87314647e+01 6.81764826e+03
-1.08585859e-05 -1.13636364e-05 2.99998826e+08 3.81059694e+02 8.41584181e+03
-1.03535354e-05 -1.13636364e-05 2.99997285e+08 1.07330484e+03 1.04713090e+04
-9.84848485e-06 -1.13636364e-05 2.99995140e+08 2.21961368e+03 1.31182220e+04
-9.34343434e-06 -1.13636364e-05 2.99992160e+08 4.09726478e+03 1.65142531e+04
-8.83838384e-06 -1.13636364e-05 2.99988041e+08 7.15426418e+03 2.08123224e+04
-8.33333333e-06 -1.13636364e-05 2.99982440e+08 1.21017630e+04 2.60620234e+04
-7.82828283e-06 -1.13636364e-05 2.99975126e+08 1.99924711e+04 3.19231145e+04
-7.32323232e-06 -1.13636364e-05 2.99966472e+08 3.20395702e+04 3.69389889e+04
-6.81818182e-06 -1.13636364e-05 2.99958588e+08 4.82413689e+04 3.71273428e+04
-6.31313131e-06 -1.13636364e-05 2.99956253e+08 6.27787014e+04 2.53131364e+04
-5.80808081e-06 -1.13636364e-05 2.99962116e+08 5.86184297e+04 -1.26252062e+03
-5.30303030e-06 -1.13636364e-05 2.99965701e+08 2.45270436e+04 -2.43519821e+04
-4.79797980e-06 -1.13636364e-05 2.99959615e+08 -1.31158514e+04 -2.48083471e+04
-4.29292929e-06 -1.13636364e-05 2.99957207e+08 -2.93006030e+04 -1.54334031e+04
-3.78787879e-06 -1.13636364e-05 2.99963443e+08 -3.05291820e+04 -9.12010999e+03
-3.28282828e-06 -1.13636364e-05 2.99973045e+08 -2.65619503e+04 -6.06265736e+03
-2.77777778e-06 -1.13636364e-05 2.99982380e+08 -2.10745019e+04 -4.52051166e+03
-2.27272727e-06 -1.13636364e-05 2.99990477e+08 -1.52603424e+04 -3.87876701e+03
-1.76767677e-06 -1.13636364e-05 2.99997305e+08 -9.81324114e+03 -4.00067180e+03
-1.26262626e-06 -1.13636364e-05 3.00002930e+08 -5.24677225e+03 -4.70547486e+03
-7.57575758e-07 -1.13636364e-05 3.00007360e+08 -1.81840408e+03 -5.70050037e+03
-2.52525253e-07 -1.13636364e-05 3.00010618e+08 4.83014751e+02 -6.69237702e+03
2.52525253e-07 -1.13636364e-05 3.00012799e+08 1.84676405e+03 -7.48099344e+03
7.57575758e-07 -1.13636364e-05 3.00014072e+08 2.52579434e+03 -7.98049498e+03
1.26262626e-06 -1.13636364e-05 3.00014636e+08 2.75643571e+03 -8.19135049e+03
1.76767677e-06 -1.13636364e-05 3.00014686e+08 2.72310502e+03 -8.16042064e+03
2.27272727e-06 -1.13636364e-05 3.00014390e+08 2.55393345e+03 -7.94968601e+03
2.77777778e-06 -1.13636364e-05 3.00013877e+08 2.33053065e+03 -7.61825160e+03
3.28282828e-06 -1.13636364e-05 3.00013243e+08 2.10102748e+03 -7.21473433e+03
3.78787879e-06 -1.13636364e-05 3.00012553e+08 1.89148540e+03 -6.77575150e+03
4.29292929e-06 -1.13636364e-05 3.00011852e+08 1.71432141e+03 -6.32724736e+03
4.79797980e-06 -1.13636364e-05 3.00011166e+08 1.57396267e+03 -5.88674242e+03
5.30303030e-06 -1.13636364e-05 3.00010510e+08 1.47040397e+03 -5.46557659e+03
5.80808081e-06 -1.13636364e-05 3.00009893e+08 1.40133095e+03 -5.07078875e+03
6.31313131e-06 -1.13636364e-05 3.00009318e+08 1.36331997e+03 -4.70655806e+03
6.81818182e-06 -1.13636364e-05 3.00008783e+08 1.35246757e+03 -4.37524865e+03
7.32323232e-06 -1.13636364e-05 3.00008285e+08 1.36467861e+03 -4.07813423e+03
7.82828283e-06 -1.13636364e-05 3.00007820e+08 1.39575657e+03 -3.81587783e+03
8.33333333e-06 -1.13636364e-05 3.00007384e+08 1.44138436e+03 -3.58882831e+03
8.83838384e-06 -1.13636364e-05 3.00006972e+08 1.49705038e+03 -3.39717994e+03
9.34343434e-06 -1.13636364e-05 3.00006579e+08 1.55795483e+03 -3.24102781e+03
9.84848485e-06 -1.13636364e-05 3.00006200e+08 1.61892075e+03 -3.12034214e+03
1.03535354e-05 -1.13636364e-05 3.00005831e+08 1.67432864e+03 -3.03487814e+03
1.08585859e-05 -1.13636364e-05 3.00005470e+08 1.71809150e+03 -2.98403485e+03
1.13636364e-05 -1.13636364e-05 3.00005114e+08 1.74368566e+03 -2.96667602e+03
1.18686869e-05 -1.13636364e-05 3.00004763e+08 1.74425154e+03 -2.98092805e+03
1.23737374e-05 -1.13636364e-05 3.00004415e+08 1.71277598e+03 -3.02397349e+03
1.28787879e-05 -1.13636364e-05 3.00004074e+08 1.64236300e+03 -3.09186310e+03
1.33838384e-05 -1.13636364e-05 3.00003741e+08 1.52659238e+03 -3.17937390e+03
1.38888889e-05 -1.13636364e-05 3.00003420e+08 1.35995508e+03 -3.27994331e+03
1.43939394e-05 -1.13636364e-05 3.00003117e+08 1.13834188e+03 -3.38570933e+03
1.48989899e-05 -1.13636364e-05 3.00002837e+08 8.59547489e+02 -3.48768219e+03
1.54040404e-05 -1.13636364e-05 3.00002585e+08 5.23739632e+02 -3.57606262e+03
1.59090909e-05 -1.13636364e-05 3.00002368e+08 1.33833507e+02 -3.64070659e+03
1.64141414e-05 -1.13636364e-05 3.00002191e+08 -3.04290466e+02 -3.67171612e+03
1.69191919e-05 -1.13636364e-05 3.00002057e+08 -7.81780492e+02 -3.66011351e+03
1.74242424e-05 -1.13636364e-05 3.00001968e+08 -1.28705626e+03 -3.59853668e+03
1.79292929e-05 -1.13636364e-05 3.00001924e+08 -1.80631084e+03 -3.48187885e+03
1.84343434e-05 -1.13636364e-05 3.00001922e+08 -2.32424800e+03 -3.30779246e+03
1.89393939e-05 -1.13636364e-05 3.00001958e+08 -2.82499631e+03 -3.07698679e+03
1.94444444e-05 -1.13636364e-05 3.00002024e+08 -3.29311261e+03 -2.79327109e+03
1.99494949e-05 -1.13636364e-05 3.00002114e+08 -3.71456993e+03 -2.46332717e+03
2.04545455e-05 -1.13636364e-05 3.00002217e+08 -4.07762433e+03 -2.09623254e+03
2.09595960e-05 -1.13636364e-05 3.00002324e+08 -4.37347081e+03 -1.70278869e+03
2.14646465e-05 -1.13636364e-05 3.00002426e+08 -4.59662889e+03 -1.29473419e+03
2.19696970e-05 -1.13636364e-05 3.00002517e+08 -4.74503599e+03 -8.83932696e+02
2.24747475e-05 -1.13636364e-05 3.00002588e+08 -4.81986582e+03 -4.81622302e+02
2.29797980e-05 -1.13636364e-05 3.00002637e+08 -4.82512046e+03 -9.77954168e+01
2.34848485e-05 -1.13636364e-05 3.00002659e+08 -4.76706546e+03 2.59246715e+02
2.39898990e-05 -1.13636364e-05 3.00002654e+08 -4.65358510e+03 5.83148452e+02
2.44949495e-05 -1.13636364e-05 3.00002622e+08 -4.49352960e+03 8.69571866e+02
2.50000000e-05 -1.13636364e-05 3.00002566e+08 -4.29611326e+03 1.11611409e+03
-2.50000000e-05 -1.08585859e-05 3.00001281e+08 -4.21181960e+02 5.65410790e+02
-2.44949495e-05 -1.08585859e-05 3.00001367e+08 -3.85343811e+02 5.86011448e+02
-2.39898990e-05 -1.08585859e-05 3.00001456e+08 -3.48736987e+02 6.04950126e+02
-2.34848485e-05 -1.08585859e-05 3.00001547e+08 -3.11845374e+02 6.22065555e+02
-2.29797980e-05 -1.08585859e-05 3.00001640e+08 -2.75254291e+02 6.37222248e+02
-2.24747475e-05 -1.08585859e-05 3.00001736e+08 -2.39668738e+02 6.50323028e+02
-2.19696970e-05 -1.08585859e-05 3.00001833e+08 -2.05935615e+02 6.61327973e+02
-2.14646465e-05 -1.08585859e-05 3.00001933e+08 -1.75069394e+02 6.70283861e+02
-2.09595960e-05 -1.08585859e-05 3.00002034e+08 -1.48278693e+02 6.77369963e+02
-2.04545455e-05 -1.08585859e-05 3.00002137e+08 -1.26987397e+02 6.82967757e+02
-1.99494949e-05 -1.08585859e-05 3.00002242e+08 -1.12837829e+02 6.87762508e+02
-1.94444444e-05 -1.08585859e-05 3.00002350e+08 -1.07655360e+02 6.92881318e+02
-1.89393939e-05 -1.08585859e-05 3.00002460e+08 -1.13346530e+02 7.00061940e+02
-1.84343434e-05 -1.08585859e-05 3.00002573e+08 -1.31703347e+02 7.11826526e+02
-1.79292929e-05 -1.08585859e-05 3.00002688e+08 -1.64107027e+02 7.31607548e+02
-1.74242424e-05 -1.08585859e-05 3.00002805e+08 -2.11175569e+02 7.63754764e+02
-1.69191919e-05 -1.08585859e-05 3.00002921e+08 -2.72474338e+02 8.13372512e+02
-1.64141414e-05 -1.08585859e-05 3.00003034e+08 -3.46462664e+02 8.86022924e+02
-1.59090909e-05 -1.08585859e-05 3.00003141e+08 -4.30808992e+02 9.87465815e+02
-1.54040404e-05 -1.08585859e-05 3.00003237e+08 -5.23034790e+02 1.12370122e+03
-1.48989899e-05 -1.08585859e-05 3.00003317e+08 -6.21223493e+02 1.30153098e+03
-1.43939394e-05 -1.08585859e-05 3.00003378e+08 -7.24426834e+02 1.52966607e+03
-1.38888889e-05 -1.08585859e-05 3.00003411e+08 -8.32509742e+02 1.82023277e+03
-1.33838384e-05 -1.08585859e-05 3.00003407e+08 -9.45385250e+02 2.19053619e+03
-1.28787879e-05 -1.08585859e-05 3.00003350e+08 -1.06169343e+03 2.66512384e+03
-1.23737374e-05 -1.08585859e-05 3.00003219e+08 -1.17687416e+03 3.27841913e+03
-1.18686869e-05 -1.08585859e-05 3.00002977e+08 -1.28032352e+03 4.07837518e+03
-1.13636364e-05 -1.08585859e-05 3.00002574e+08 -1.35095727e+03 5.13177758e+03
-1.08585859e-05 -1.08585859e-05 3.00001931e+08 -1.34991959e+03 6.53212493e+03
-1.03535354e-05 -1.08585859e-05 3.00000930e+08 -1.20801492e+03 8.41151947e+03
-9.84848485e-06 -1.08585859e-05 2.99999388e+08 -8.02996098e+02 1.09586435e+04
-9.34343434e-06 -1.08585859e-05 2.99997019e+08 8.33385370e+01 1.44451951e+04
-8.83838384e-06 -1.08585859e-05 2.99993375e+08 1.84937248e+03 1.92609511e+04
-8.33333333e-06 -1.08585859e-05 2.99987746e+08 5.24383784e+03 2.59437442e+04
-7.82828283e-06 -1.08585859e-05 2.99979051e+08 1.17100247e+04 3.51268946e+04
-7.32323232e-06 -1.08585859e-05 2.99965903e+08 2.40152115e+04 4.70588839e+04
-6.81818182e-06 -1.08585859e-05 2.99947819e+08 4.67755443e+04 5.93522164e+04
-6.31313131e-06 -1.08585859e-05 2.99930648e+08 8.21607370e+04 5.95461299e+04
-5.80808081e-06 -1.08585859e-05 2.99932661e+08 1.02178381e+05 2.03519554e+04
-5.30303030e-06 -1.08585859e-05 2.99942081e+08 4.19910778e+04 -3.31340990e+04
-4.79797980e-06 -1.08585859e-05 2.99929767e+08 -2.56385321e+04 -2.81529926e+04
-4.29292929e-06 -1.08585859e-05 2.99939831e+08 -3.69055343e+04 -1.64580772e+04
-3.78787879e-06 -1.08585859e-05 2.99961061e+08 -3.33878955e+04 -1.41561634e+04
-3.28282828e-06 -1.08585859e-05 2.99978203e+08 -2.83287212e+04 -1.27159945e+04
-2.77777778e-06 -1.08585859e-05 2.99990276e+08 -2.23696292e+04 -1.07825627e+04
-2.27272727e-06 -1.08585859e-05 2.99999116e+08 -1.58188237e+04 -9.23437435e+03
-1.76767677e-06 -1.08585859e-05 3.00005989e+08 -9.57259224e+03 -8.64741893e+03
-1.26262626e-06 -1.08585859e-05 3.00011346e+08 -4.47770098e+03 -8.92643779e+03
-7.57575758e-07 -1.08585859e-05 3.00015249e+08 -9.07116192e+02 -9.61799359e+03
-2.52525253e-07 -1.08585859e-05 3.00017747e+08 1.23730663e+03 -1.02824969e+04
2.52525253e-07 -1.08585859e-05 3.00019020e+08 2.30016559e+03 -1.06705732e+04
7.57575758e-07 -1.08585859e-05 3.00019338e+08 2.66064400e+03 -1.07179091e+04
1.26262626e-06 -1.08585859e-05 3.00018990e+08 2.62385122e+03 -1.04692814e+04
1.76767677e-06 -1.08585859e-05 3.00018226e+08 2.39673047e+03 -1.00089753e+04
2.27272727e-06 -1.08585859e-05 3.00017235e+08 2.10397454e+03 -9.42044505e+03
2.77777778e-06 -1.08585859e-05 3.00016148e+08 1.81340954e+03 -8.77018038e+03
3.28282828e-06 -1.08585859e-05 3.00015050e+08 1.55777171e+03 -8.10507388e+03
3.78787879e-06 -1.08585859e-05 3.00013992e+08 1.34987027e+03 -7.45537873e+03
4.29292929e-06 -1.08585859e-05 3.00013001e+08 1.19203225e+03 -6.83903898e+03
4.79797980e-06 -1.08585859e-05 3.00012088e+08 1.08156317e+03 -6.26563046e+03
5.30303030e-06 -1.08585859e-05 3.00011258e+08 1.01371154e+03 -5.73940347e+03
5.80808081e-06 -1.08585859e-05 3.00010506e+08 9.83166063e+02 -5.26144058e+03
6.31313131e-06 -1.08585859e-05 3.00009827e+08 9.84728405e+02 -4.83110676e+03
6.81818182e-06 -1.08585859e-05 3.00009213e+08 1.01353981e+03 -4.44698392e+03
7.32323232e-06 -1.08585859e-05 3.00008657e+08 1.06507559e+03 -4.10744698e+03
7.82828283e-06 -1.08585859e-05 3.00008148e+08 1.13502551e+03 -3.81099576e+03
8.33333333e-06 -1.08585859e-05 3.00007679e+08 1.21912395e+03 -3.55642023e+03
8.83838384e-06 -1.08585859e-05 3.00007243e+08 1.31296529e+03 -3.34284874e+03
9.34343434e-06 -1.08585859e-05 3.00006831e+08 1.41182558e+03 -3.16970995e+03
9.84848485e-06 -1.08585859e-05 3.00006438e+08 1.51050585e+03 -3.03662629e+03
1.03535354e-05 -1.08585859e-05 3.00006057e+08 1.60321114e+03 -2.94325007e+03
1.08585859e-05 -1.08585859e-05 3.00005684e+08 1.68348042e+03 -2.88905011e+03
1.13636364e-05 -1.08585859e-05 3.00005316e+08 1.74418441e+03 -2.87305750e+03
1.18686869e-05 -1.08585859e-05 3.00004951e+08 1.77760905e+03 -2.89358271e+03
1.23737374e-05 -1.08585859e-05 3.00004588e+08 1.77564184e+03 -2.94792193e+03
1.28787879e-05 -1.08585859e-05 3.00004228e+08 1.73007393e+03 -3.03207837e+03
1.33838384e-05 -1.08585859e-05 3.00003874e+08 1.63302281e+03 -3.14053140e+03
1.38888889e-05 -1.08585859e-05 3.00003531e+08 1.47746771e+03 -3.26609317e+03
1.43939394e-05 -1.08585859e-05 3.00003203e+08 1.25787275e+03 -3.39989447e+03
1.48989899e-05 -1.08585859e-05 3.00002899e+08 9.70852979e+02 -3.53153858e+03
1.54040404e-05 -1.08585859e-05 3.00002625e+08 6.15818544e+02 -3.64945031e+03
1.59090909e-05 -1.08585859e-05 3.00002388e+08 1.95516493e+02 -3.74142808e+03
1.64141414e-05 -1.08585859e-05 3.00002194e+08 -2.83617636e+02 -3.79537896e+03
1.69191919e-05 -1.08585859e-05 3.00002050e+08 -8.11380109e+02 -3.80018522e+03
1.74242424e-05 -1.08585859e-05 3.00001957e+08 -1.37405115e+03 -3.74661968e+03
1.79292929e-05 -1.08585859e-05 3.00001915e+08 -1.95500164e+03 -3.62820444e+03
1.84343434e-05 -1.08585859e-05 3.00001923e+08 -2.53562879e+03 -3.44189916e+03
1.89393939e-05 -1.08585859e-05 3.00001973e+08 -3.09654356e+03 -3.18851624e+03
1.94444444e-05 -1.08585859e-05 3.00002059e+08 -3.61888852e+03 -2.87279099e+03
1.99494949e-05 -1.08585859e-05 3.00002170e+08 -4.08563812e+03 -2.50308209e+03
2.04545455e-05 -1.08585859e-05 3.00002294e+08 -4.48273101e+03 -2.09073148e+03
2.09595960e-05 -1.08585859e-05 3.00002422e+08 -4.79990790e+03 -1.64916281e+03
2.14646465e-05 -1.08585859e-05 3.00002542e+08 -5.03117357e+03 -1.19283348e+03
2.19696970e-05 -1.08585859e-05 3.00002644e+08 -5.17485857e+03 -7.36169098e+02
2.24747475e-05 -1.08585859e-05 3.00002723e+08 -5.23331226e+03 -2.92600940e+02
2.29797980e-05 -1.08585859e-05 3.00002772e+08 -5.21230380e+03 1.26201128e+02
2.34848485e-05 -1.08585859e-05 3.00002790e+08 -5.12023465e+03 5.10846233e+02
2.39898990e-05 -1.08585859e-05 3.00002776e+08 -4.96727181e+03 8.54477662e+02
2.44949495e-05 -1.08585859e-05 3.00002731e+08 -4.76450045e+03 1.15278764e+03
2.50000000e-05 -1.08585859e-05 3.00002657e+08 -4.52317094e+03 1.40383810e+03
-2.50000000e-05 -1.03535354e-05 3.00001387e+08 -4.39856843e+02 4.82677503e+02
-2.44949495e-05 -1.03535354e-05 3.00001484e+08 -4.02042984e+02 4.97536428e+02
-2.39898990e-05 -1.03535354e-05 3.00001586e+08 -3.63224080e+02 5.09872527e+02
-2.34848485e-05 -1.03535354e-05 3.00001691e+08 -3.23892931e+02 5.19383023e+02
-2.29797980e-05 -1.03535354e-05 3.00001800e+08 -2.84650485e+02 5.25763544e+02
-2.24747475e-05 -1.03535354e-05 3.00001912e+08 -2.46227821e+02 5.28712143e+02
-2.19696970e-05 -1.03535354e-05 3.00002028e+08 -2.09515273e+02 5.27936988e+02
-2.14646465e-05 -1.03535354e-05 3.00002147e+08 -1.75600208e+02 5.23171732e+02
-2.09595960e-05 -1.03535354e-05 3.00002270e+08 -1.45813598e+02 5.14205559e+02
-2.04545455e-05 -1.03535354e-05 3.00002397e+08 -1.21781676e+02 5.00938769e+02
-1.99494949e-05 -1.03535354e-05 3.00002530e+08 -1.05471037e+02 4.83478694e+02
-1.94444444e-05 -1.03535354e-05 3.00002667e+08 -9.92017914e+01 4.62291664e+02
-1.89393939e-05 -1.03535354e-05 3.00002812e+08 -1.05584641e+02 4.38418223e+02
-1.84343434e-05 -1.03535354e-05 3.00002964e+08 -1.27322211e+02 4.13731448e+02
-1.79292929e-05 -1.03535354e-05 3.00003125e+08 -1.66824719e+02 3.91165847e+02
-1.74242424e-05 -1.03535354e-05 3.00003296e+08 -2.25659378e+02 3.74781597e+02
-1.69191919e-05 -1.03535354e-05 3.00003477e+08 -3.04000456e+02 3.69512662e+02
-1.64141414e-05 -1.03535354e-05 3.00003665e+08 -4.00412740e+02 3.80564942e+02
-1.59090909e-05 -1.03535354e-05 3.00003860e+08 -5.12312584e+02 4.12704245e+02
-1.54040404e-05 -1.03535354e-05 3.00004059e+08 -6.37146123e+02 4.69932105e+02
-1.48989899e-05 -1.03535354e-05 3.00004263e+08 -7.73824460e+02 5.55991679e+02
-1.43939394e-05 -1.03535354e-05 3.00004470e+08 -9.23703469e+02 6.75712022e+02
-1.38888889e-05 -1.03535354e-05 3.00004680e+08 -1.09068739e+03 8.36773223e+02
-1.33838384e-05 -1.03535354e-05 3.00004892e+08 -1.28058640e+03 1.05149371e+03
-1.28787879e-05 -1.03535354e-05 3.00005101e+08 -1.50012253e+03 1.33865786e+03
-1.23737374e-05 -1.03535354e-05 3.00005298e+08 -1.75579108e+03 1.72581238e+03
-1.18686869e-05 -1.03535354e-05 3.00005468e+08 -2.05242402e+03 2.25264656e+03
-1.13636364e-05 -1.03535354e-05 3.00005581e+08 -2.39103574e+03 2.97621073e+03
-1.08585859e-05 -1.03535354e-05 3.00005594e+08 -2.76528872e+03 3.97917624e+03
-1.03535354e-05 -1.03535354e-05 3.00005429e+08 -3.15530434e+03 5.38343341e+03
-9.84848485e-06 -1.03535354e-05 3.00004962e+08 -3.51590153e+03 7.37347317e+03
-9.34343434e-06 -1.03535354e-05 3.00003975e+08 -3.75237299e+03 1.02381914e+04
-8.83838384e-06 -1.03535354e-05 3.00002085e+08 -3.66701283e+03 1.44485582e+04
-8.33333333e-06 -1.03535354e-05 2.99998580e+08 -2.83234716e+03 2.08080894e+04
-7.82828283e-06 -1.03535354e-05 2.99992048e+08 -2.62782166e+02 3.07551672e+04
-7.32323232e-06 -1.03535354e-05 2.99979530e+08 6.53509227e+03 4.69601109e+04
-6.81818182e-06 -1.03535354e-05 2.99954580e+08 2.46394702e+04 7.41162238e+04
-6.31313131e-06 -1.03535354e-05 2.99905866e+08 7.54448140e+04 1.14837348e+05
-5.80808081e-06 -1.03535354e-05 2.99852370e+08 1.87870215e+05 1.10649356e+05
-5.30303030e-06 -1.03535354e-05 2.99877616e+08 8.28461062e+04 -5.67852803e+04
-4.79797980e-06 -1.03535354e-05 2.99864314e+08 -4.52732637e+04 -2.21137162e+04
-4.29292929e-06 -1.03535354e-05 2.99939907e+08 -3.53571158e+04 -3.20095954e+04
-3.78787879e-06 -1.03535354e-05 2.99978755e+08 -3.43571977e+04 -3.35503385e+04
-3.28282828e-06 -1.03535354e-05 2.99996944e+08 -3.17864455e+04 -2.84085457e+04
-2.77777778e-06 -1.03535354e-05 3.00006726e+08 -2.59052858e+04 -2.20814175e+04
-2.27272727e-06 -1.03535354e-05 3.00013368e+08 -1.80018378e+04 -1.73493368e+04
-1.76767677e-06 -1.03535354e-05 3.00018672e+08 -1.02383423e+04 -1.49724654e+04
-1.26262626e-06 -1.03535354e-05 3.00022760e+08 -4.22607607e+03 -1.43420570e+04
-7.57575758e-07 -1.03535354e-05 3.00025341e+08 -4.38457137e+02 -1.44283073e+04
-2.52525253e-07 -1.03535354e-05 3.00026374e+08 1.48907206e+03 -1.44818681e+04
2.52525253e-07 -1.03535354e-05 3.00026137e+08 2.19460775e+03 -1.41970800e+04
7.57575758e-07 -1.03535354e-05 3.00025039e+08 2.23313245e+03 -1.35645370e+04
1.26262626e-06 -1.03535354e-05 3.00023459e+08 1.97340778e+03 -1.26922121e+04
1.76767677e-06 -1.03535354e-05 3.00021678e+08 1.62319240e+03 -1.16999793e+04
2.27272727e-06 -1.03535354e-05 3.00019879e+08 1.28459095e+03 -1.06799638e+04
2.77777778e-06 -1.03535354e-05 3.00018164e+08 9.99948538e+02 -9.69110447e+03
3.28282828e-06 -1.03535354e-05 3.00016586e+08 7.81263202e+02 -8.76587434e+03
3.78787879e-06 -1.03535354e-05 3.00015164e+08 6.26733581e+02 -7.91888431e+03
4.29292929e-06 -1.03535354e-05 3.00013899e+08 5.29286559e+02 -7.15390288e+03
4.79797980e-06 -1.03535354e-05 3.00012782e+08 4.80628248e+02 -6.46873016e+03
5.30303030e-06 -1.03535354e-05 3.00011800e+08 4.72963512e+02 -5.85830140e+03
5.80808081e-06 -1.03535354e-05 3.00010937e+08 4.99566786e+02 -5.31654954e+03
6.31313131e-06 -1.03535354e-05 3.00010178e+08 5.54819398e+02 -4.83746445e+03
6.81818182e-06 -1.03535354e-05 3.00009506e+08 6.34019025e+02 -4.41565611e+03
7.32323232e-06 -1.03535354e-05 3.00008910e+08 7.33106091e+02 -4.04661953e+03
7.82828283e-06 -1.03535354e-05 3.00008374e+08 8.48371701e+02 -3.72682208e+03
8.33333333e-06 -1.03535354e-05 3.00007889e+08 9.76173770e+02 -3.45368297e+03
8.83838384e-06 -1.03535354e-05 3.00007442e+08 1.11267175e+03 -3.22548212e+03
9.34343434e-06 -1.03535354e-05 3.00007025e+08 1.25358539e+03 -3.04121613e+03
9.84848485e-06 -1.03535354e-05 3.00006629e+08 1.39398356e+03 -2.90040748e+03
1.03535354e-05 -1.03535354e-05 3.00006246e+08 1.52811310e+03 -2.80286714e+03
1.08585859e-05 -1.03535354e-05 3.00005871e+08 1.64928240e+03 -2.74840966e+03
1.13636364e-05 -1.03535354e-05 3.00005499e+08 1.74981976e+03 -2.73652197e+03
1.18686869e-05 -1.03535354e-05 3.00005127e+08 1.82113060e+03 -2.76599282e+03
1.23737374e-05 -1.03535354e-05 3.00004753e+08 1.85387899e+03 -2.83451896e+03
1.28787879e-05 -1.03535354e-05 3.00004379e+08 1.83831639e+03 -2.93831509e+03
1.33838384e-05 -1.03535354e-05 3.00004007e+08 1.76477216e+03 -3.07176743e+03
1.38888889e-05 -1.03535354e-05 3.00003641e+08 1.62430493e+03 -3.22718187e+03
1.43939394e-05 -1.03535354e-05 3.00003289e+08 1.40949183e+03 -3.39468498e+03
1.48989899e-05 -1.03535354e-05 3.00002959e+08 1.11530431e+03 -3.56233593e+03
1.54040404e-05 -1.03535354e-05 3.00002660e+08 7.39989190e+02 -3.71649589e+03
1.59090909e-05 -1.03535354e-05 3.00002400e+08 2.85846902e+02 -3.84247711e+03
1.64141414e-05 -1.03535354e-05 3.00002189e+08 -2.40216924e+02 -3.92545684e+03
1.69191919e-05 -1.03535354e-05 3.00002033e+08 -8.26488061e+02 -3.95159499e+03
1.74242424e-05 -1.03535354e-05 3.00001936e+08 -1.45668400e+03 -3.90924760e+03
1.79292929e-05 -1.03535354e-05 3.00001898e+08 -2.11068308e+03 -3.79013031e+03
1.84343434e-05 -1.03535354e-05 3.00001917e+08 -2.76571791e+03 -3.59026880e+03
1.89393939e-05 -1.03535354e-05 3.00001985e+08 -3.39793149e+03 -3.31058501e+03
1.94444444e-05 -1.03535354e-05 3.00002094e+08 -3.98412656e+03 -2.95701102e+03
1.99494949e-05 -1.03535354e-05 3.00002231e+08 -4.50349614e+03 -2.54009109e+03
2.04545455e-05 -1.03535354e-05 3.00002381e+08 -4.93911845e+03 -2.07411295e+03
2.09595960e-05 -1.03535354e-05 3.00002533e+08 -5.27903541e+03 -1.57588456e+03
2.14646465e-05 -1.03535354e-05 3.00002672e+08 -5.51680255e+03 -1.06332451e+03
2.19696970e-05 -1.03535354e-05 3.00002788e+08 -5.65148441e+03 -5.54052878e+02
2.24747475e-05 -1.03535354e-05 3.00002873e+08 -5.68715257e+03 -6.41518135e+01
2.29797980e-05 -1.03535354e-05 3.00002922e+08 -5.63200742e+03 3.92780051e+02
2.34848485e-05 -1.03535354e-05 3.00002932e+08 -5.49727807e+03 8.06215616e+02
2.39898990e-05 -1.03535354e-05 3.00002905e+08 -5.29605714e+03 1.16892653e+03
2.44949495e-05 -1.03535354e-05 3.00002842e+08 -5.04220378e+03 1.47689503e+03
2.50000000e-05 -1.03535354e-05 3.00002747e+08 -4.74940962e+03 1.72898625e+03
-2.50000000e-05 -9.84848485e-06 3.00001485e+08 -4.53334019e+02 4.02600137e+02
-2.44949495e-05 -9.84848485e-06 3.00001595e+08 -4.12762062e+02 4.12067713e+02
-2.39898990e-05 -9.84848485e-06 3.00001709e+08 -3.70821630e+02 4.18189171e+02
-2.34848485e-05 -9.84848485e-06 3.00001828e+08 -3.27991421e+02 4.20528447e+02
-2.29797980e-05 -9.84848485e-06 3.00001952e+08 -2.84857549e+02 4.18622855e+02
-2.24747475e-05 -9.84848485e-06 3.00002081e+08 -2.42136137e+02 4.11977995e+02
-2.19696970e-05 -9.84848485e-06 3.00002214e+08 -2.00705391e+02 4.00062024e+02
-2.14646465e-05 -9.84848485e-06 3.00002353e+08 -1.61651296e+02 3.82302080e+02
-2.09595960e-05 -9.84848485e-06 3.00002498e+08 -1.26331198e+02 3.58089257e+02
-2.04545455e-05 -9.84848485e-06 3.00002648e+08 -9.64575671e+01 3.26804744e+02
-1.99494949e-05 -9.84848485e-06 3.00002805e+08 -7.41967577e+01 2.87888813e+02
-1.94444444e-05 -9.84848485e-06 3.00002971e+08 -6.22597849e+01 2.40984418e+02
-1.89393939e-05 -9.84848485e-06 3.00003147e+08 -6.39284321e+01 1.86190003e+02
-1.84343434e-05 -9.84848485e-06 3.00003337e+08 -8.29124792e+01 1.24432685e+02
-1.79292929e-05 -9.84848485e-06 3.00003541e+08 -1.22899922e+02 5.78941016e+01
-1.74242424e-05 -9.84848485e-06 3.00003764e+08 -1.86716834e+02 -9.72486815e+00
-1.69191919e-05 -9.84848485e-06 3.00004006e+08 -2.75259459e+02 -7.34523407e+01
-1.64141414e-05 -9.84848485e-06 3.00004268e+08 -3.86784274e+02 -1.28068891e+02
-1.59090909e-05 -9.84848485e-06 3.00004550e+08 -5.17390329e+02 -1.69642300e+02
-1.54040404e-05 -9.84848485e-06 3.00004852e+08 -6.63035007e+02 -1.96601426e+02
-1.48989899e-05 -9.84848485e-06 3.00005178e+08 -8.22231454e+02 -2.09328323e+02
-1.43939394e-05 -9.84848485e-06 3.00005533e+08 -9.97855046e+02 -2.08275251e+02
-1.38888889e-05 -9.84848485e-06 3.00005925e+08 -1.19723480e+03 -1.91716577e+02
-1.33838384e-05 -9.84848485e-06 3.00006362e+08 -1.43113057e+03 -1.54145341e+02
-1.28787879e-05 -9.84848485e-06 3.00006853e+08 -1.71272651e+03 -8.52784328e+01
-1.23737374e-05 -9.84848485e-06 3.00007405e+08 -2.05716604e+03 3.11082395e+01
-1.18686869e-05 -9.84848485e-06 3.00008026e+08 -2.48141159e+03 2.19238123e+02
-1.13636364e-05 -9.84848485e-06 3.00008724e+08 -3.00407444e+03 5.14693532e+02
-1.08585859e-05 -9.84848485e-06 3.00009502e+08 -3.64520944e+03 9.69625901e+02
-1.03535354e-05 -9.84848485e-06 3.00010361e+08 -4.42633219e+03 1.66131399e+03
-9.84848485e-06 -9.84848485e-06 3.00011291e+08 -5.37064992e+03 2.70742707e+03
-9.34343434e-06 -9.84848485e-06 3.00012264e+08 -6.50261921e+03 4.29474535e+03
-8.83838384e-06 -9.84848485e-06 3.00013213e+08 -7.84427970e+03 6.73565983e+03
-8.33333333e-06 -9.84848485e-06 3.00013982e+08 -9.40175343e+03 1.05868677e+04
-7.82828283e-06 -9.84848485e-06 3.00014192e+08 -1.11217612e+04 1.69254567e+04
-7.32323232e-06 -9.84848485e-06 3.00012839e+08 -1.27415276e+04 2.80945803e+04
-6.81818182e-06 -9.84848485e-06 3.00006691e+08 -1.31388637e+04 5.02179092e+04
-6.31313131e-06 -9.84848485e-06 2.99980973e+08 -5.89656449e+03 1.05221324e+05
-5.80808081e-06 -9.84848485e-06 2.99809407e+08 9.42760302e+04 3.26373483e+05
-5.30303030e-06 -9.84848485e-06 2.99456324e+08 4.40634847e+05 -3.30514345e+05
-4.79797980e-06 -9.84848485e-06 3.00049602e+08 2.07625792e+04 -1.96863027e+05
-4.29292929e-06 -9.84848485e-06 3.00021783e+08 -4.11143493e+04 -1.01804556e+05
-3.78787879e-06 -9.84848485e-06 3.00029785e+08 -4.63468431e+04 -7.41282710e+04
-3.28282828e-06 -9.84848485e-06 3.00030984e+08 -4.38190423e+04 -5.29282428e+04
-2.77777778e-06 -9.84848485e-06 3.00031188e+08 -3.51621796e+04 -3.69540298e+04
-2.27272727e-06 -9.84848485e-06 3.00032584e+08 -2.33097589e+04 -2.68586623e+04
-1.76767677e-06 -9.84848485e-06 3.00035019e+08 -1.23213817e+04 -2.20816110e+04
-1.26262626e-06 -9.84848485e-06 3.00036989e+08 -4.72909996e+03 -2.04373415e+04
-7.57575758e-07 -9.84848485e-06 3.00037369e+08 -6.75769910e+02 -1.97541730e+04
-2.52525253e-07 -9.84848485e-06 3.00036073e+08 9.41571776e+02 -1.89088892e+04
2.52525253e-07 -9.84848485e-06 3.00033632e+08 1.26907424e+03 -1.76582457e+04
7.57575758e-07 -9.84848485e-06 3.00030652e+08 1.05795605e+03 -1.61325251e+04
1.26262626e-06 -9.84848485e-06 3.00027575e+08 6.97173868e+02 -1.45191047e+04
1.76767677e-06 -9.84848485e-06 3.00024657e+08 3.54753665e+02 -1.29534867e+04
2.27272727e-06 -9.84848485e-06 3.00022016e+08 8.78645309e+01 -1.15090210e+04
2.77777778e-06 -9.84848485e-06 3.00019690e+08 -9.46491533e+01 -1.02146384e+04
3.28282828e-06 -9.84848485e-06 3.00017672e+08 -2.01761989e+02 -9.07340690e+03
3.78787879e-06 -9.84848485e-06 3.00015935e+08 -2.46904252e+02 -8.07548473e+03
4.29292929e-06 -9.84848485e-06 3.00014447e+08 -2.42776759e+02 -7.20583470e+03
4.79797980e-06 -9.84848485e-06 3.00013174e+08 -1.99765479e+02 -6.44838778e+03
5.30303030e-06 -9.84848485e-06 3.00012083e+08 -1.25811636e+02 -5.78809142e+03
5.80808081e-06 -9.84848485e-06 3.00011146e+08 -2.67941549e+01 -5.21178970e+03
6.31313131e-06 -9.84848485e-06 3.00010338e+08 9.29629894e+01 -4.70849578e+03
6.81818182e-06 -9.84848485e-06 3.00009637e+08 2.30200653e+02 -4.26936840e+03
7.32323232e-06 -9.84848485e-06 3.00009025e+08 3.82291066e+02 -3.88755695e+03
7.82828283e-06 -9.84848485e-06 3.00008485e+08 5.46861120e+02 -3.55799590e+03
8.33333333e-06 -9.84848485e-06 3.00008001e+08 7.21460603e+02 -3.27718349e+03
8.83838384e-06 -9.84848485e-06 3.00007562e+08 9.03263320e+02 -3.04295391e+03
9.34343434e-06 -9.84848485e-06 3.00007154e+08 1.08879371e+03 -2.85423879e+03
9.84848485e-06 -9.84848485e-06 3.00006769e+08 1.27367845e+03 -2.71080688e+03
1.03535354e-05 -9.84848485e-06 3.00006397e+08 1.45243081e+03 -2.61296810e+03
1.08585859e-05 -9.84848485e-06 3.00006031e+08 1.61828390e+03 -2.56122910e+03
1.13636364e-05 -9.84848485e-06 3.00005664e+08 1.76309825e+03 -2.55589168e+03
1.18686869e-05 -9.84848485e-06 3.00005293e+08 1.87737626e+03 -2.59659371e+03
1.23737374e-05 -9.84848485e-06 3.00004915e+08 1.95042140e+03 -2.68180401e+03
1.28787879e-05 -9.84848485e-06 3.00004531e+08 1.97067974e+03 -2.80829898e+03
1.33838384e-05 -9.84848485e-06 3.00004143e+08 1.92629411e+03 -2.97066726e+03
1.38888889e-05 -9.84848485e-06 3.00003757e+08 1.80588350e+03 -3.16090779e+03
1.43939394e-05 -9.84848485e-06 3.00003380e+08 1.59953195e+03 -3.36820117e+03
1.48989899e-05 -9.84848485e-06 3.00003022e+08 1.29993243e+03 -3.57894040e+03
1.54040404e-05 -9.84848485e-06 3.00002695e+08 9.03585783e+02 -3.77709732e+03
1.59090909e-05 -9.84848485e-06 3.00002409e+08 4.11911767e+02 -3.94497239e+03
1.64141414e-05 -9.84848485e-06 3.00002177e+08 -1.67902175e+02 -4.06432603e+03
1.69191919e-05 -9.84848485e-06 3.00002007e+08 -8.22494855e+02 -4.11782357e+03
1.74242424e-05 -9.84848485e-06 3.00001904e+08 -1.53251975e+03 -4.09065391e+03
1.79292929e-05 -9.84848485e-06 3.00001871e+08 -2.27351197e+03 -3.97211994e+03
1.84343434e-05 -9.84848485e-06 3.00001904e+08 -3.01741726e+03 -3.75696558e+03
1.89393939e-05 -9.84848485e-06 3.00001995e+08 -3.73465031e+03 -3.44621413e+03
1.94444444e-05 -9.84848485e-06 3.00002132e+08 -4.39644319e+03 -3.04735251e+03
1.99494949e-05 -9.84848485e-06 3.00002300e+08 -4.97717652e+03 -2.57379771e+03
2.04545455e-05 -9.84848485e-06 3.00002481e+08 -5.45637606e+03 -2.04370374e+03
2.09595960e-05 -9.84848485e-06 3.00002660e+08 -5.82011209e+03 -1.47828197e+03
2.14646465e-05 -9.84848485e-06 3.00002820e+08 -6.06164582e+03 -8.99885042e+02
2.19696970e-05 -9.84848485e-06 3.00002950e+08 -6.18129921e+03 -3.30127841e+02
2.24747475e-05 -9.84848485e-06 3.00003041e+08 -6.18564975e+03 2.11713747e+02
2.29797980e-05 -9.84848485e-06 3.00003086e+08 -6.08624190e+03 7.09860766e+02
2.34848485e-05 -9.84848485e-06 3.00003086e+08 -5.89804775e+03 1.15267476e+03
2.39898990e-05 -9.84848485e-06 3.00003040e+08 -5.63790113e+03 1.53280548e+03
2.44949495e-05 -9.84848485e-06 3.00002954e+08 -5.32308457e+03 1.84692822e+03
2.50000000e-05 -9.84848485e-06 3.00002833e+08 -4.97018496e+03 2.09519246e+03
-2.50000000e-05 -9.34343434e-06 3.00001576e+08 -4.62014979e+02 3.26238817e+02
-2.44949495e-05 -9.34343434e-06 3.00001697e+08 -4.17947447e+02 3.30808367e+02
-2.39898990e-05 -9.34343434e-06 3.00001823e+08 -3.72030973e+02 3.31269163e+02
-2.34848485e-05 -9.34343434e-06 3.00001956e+08 -3.24711012e+02 3.27067082e+02
-2.29797980e-05 -9.34343434e-06 3.00002095e+08 -2.76532903e+02 3.17602454e+02
-2.24747475e-05 -9.34343434e-06 3.00002239e+08 -2.28161118e+02 3.02217192e+02
-2.19696970e-05 -9.34343434e-06 3.00002390e+08 -1.80408512e+02 2.80176086e+02
-2.14646465e-05 -9.34343434e-06 3.00002548e+08 -1.34282006e+02 2.50642236e+02
-2.09595960e-05 -9.34343434e-06 3.00002713e+08 -9.10538881e+01 2.12649688e+02
-2.04545455e-05 -9.34343434e-06 3.00002885e+08 -5.23700154e+01 1.65083331e+02
-1.99494949e-05 -9.34343434e-06 3.00003066e+08 -2.04041113e+01 1.06689969e+02
-1.94444444e-05 -9.34343434e-06 3.00003257e+08 1.94735525e+00 3.61674547e+01
-1.89393939e-05 -9.34343434e-06 3.00003461e+08 1.08784371e+01 -4.75926367e+01
-1.84343434e-05 -9.34343434e-06 3.00003682e+08 1.63507303e+00 -1.45022795e+02
-1.79292929e-05 -9.34343434e-06 3.00003924e+08 -3.11016303e+01 -2.55144115e+02
-1.74242424e-05 -9.34343434e-06 3.00004192e+08 -9.20666341e+01 -3.74817879e+02
-1.69191919e-05 -9.34343434e-06 3.00004490e+08 -1.83436286e+02 -4.98659672e+02
-1.64141414e-05 -9.34343434e-06 3.00004819e+08 -3.02889348e+02 -6.20497762e+02
-1.59090909e-05 -9.34343434e-06 3.00005181e+08 -4.43637543e+02 -7.36399636e+02
-1.54040404e-05 -9.34343434e-06 3.00005579e+08 -5.97835458e+02 -8.47362444e+02
-1.48989899e-05 -9.34343434e-06 3.00006018e+08 -7.61811776e+02 -9.59040312e+02
-1.43939394e-05 -9.34343434e-06 3.00006512e+08 -9.39264292e+02 -1.07840009e+03
-1.38888889e-05 -9.34343434e-06 3.00007076e+08 -1.14055708e+03 -1.21026255e+03
-1.33838384e-05 -9.34343434e-06 3.00007728e+08 -1.38014177e+03 -1.35615576e+03
-1.28787879e-05 -9.34343434e-06 3.00008489e+08 -1.67497412e+03 -1.51498682e+03
-1.23737374e-05 -9.34343434e-06 3.00009384e+08 -2.04467517e+03 -1.68365592e+03
-1.18686869e-05 -9.34343434e-06 3.00010445e+08 -2.51239775e+03 -1.85665399e+03
-1.13636364e-05 -9.34343434e-06 3.00011714e+08 -3.10545482e+03 -2.02509721e+03
-1.08585859e-05 -9.34343434e-06 3.00013249e+08 -3.85603840e+03 -2.17610935e+03
-1.03535354e-05 -9.34343434e-06 3.00015130e+08 -4.80341323e+03 -2.29280195e+03
-9.84848485e-06 -9.34343434e-06 3.00017477e+08 -5.99900656e+03 -2.35425842e+03
-9.34343434e-06 -9.34343434e-06 3.00020479e+08 -7.51537022e+03 -2.33514919e+03
-8.83838384e-06 -9.34343434e-06 3.00024452e+08 -9.46039742e+03 -2.20679289e+03
-8.33333333e-06 -9.34343434e-06 3.00029967e+08 -1.20003366e+04 -1.94801117e+03
-7.82828283e-06 -9.34343434e-06 3.00038157e+08 -1.53989487e+04 -1.59708944e+03
-7.32323232e-06 -9.34343434e-06 3.00051616e+08 -2.00791265e+04 -1.47350605e+03
-6.81818182e-06 -9.34343434e-06 3.00077437e+08 -2.66213000e+04 -3.18568547e+03
-6.31313131e-06 -9.34343434e-06 3.00140478e+08 -3.42055335e+04 -1.49834623e+04
-5.80808081e-06 -9.34343434e-06 3.00341216e+08 -9.80715213e+03 -7.44370223e+04
-5.30303030e-06 -9.34343434e-06 2.98992427e+08 -1.20638833e+06 2.39510991e+05
-4.79797980e-06 -9.34343434e-06 2.99022280e+08 3.07247064e+04 6.76653893e+05
-4.29292929e-06 -9.34343434e-06 3.00087707e+08 -1.48939043e+05 -1.39527050e+05
-3.78787879e-06 -9.34343434e-06 3.00090344e+08 -8.15573253e+04 -1.13979178e+05
-3.28282828e-06 -9.34343434e-06 3.00069779e+08 -6.92084411e+04 -7.68565294e+04
-2.77777778e-06 -9.34343434e-06 3.00058717e+08 -5.23682756e+04 -5.04552890e+04
-2.27272727e-06 -9.34343434e-06 3.00054544e+08 -3.21609013e+04 -3.48772852e+04
-1.76767677e-06 -9.34343434e-06 3.00054256e+08 -1.55159547e+04 -2.85423346e+04
-1.26262626e-06 -9.34343434e-06 3.00053599e+08 -5.89951442e+03 -2.64891894e+04
-7.57575758e-07 -9.34343434e-06 3.00050660e+08 -1.86567151e+03 -2.49748617e+04
-2.52525253e-07 -9.34343434e-06 3.00045942e+08 -7.35218915e+02 -2.28827547e+04
2.52525253e-07 -9.34343434e-06 3.00040574e+08 -7.16854088e+02 -2.03824232e+04
7.57575758e-07 -9.34343434e-06 3.00035362e+08 -9.79977792e+02 -1.78416457e+04
1.26262626e-06 -9.34343434e-06 3.00030693e+08 -1.22380784e+03 -1.54934146e+04
1.76767677e-06 -9.34343434e-06 3.00026679e+08 -1.37120238e+03 -1.34309521e+04
2.27272727e-06 -9.34343434e-06 3.00023298e+08 -1.42289615e+03 -1.16655597e+04
2.77777778e-06 -9.34343434e-06 3.00020478e+08 -1.39979063e+03 -1.01715053e+04
3.28282828e-06 -9.34343434e-06 3.00018133e+08 -1.32326764e+03 -8.91089811e+03
3.78787879e-06 -9.34343434e-06 3.00016184e+08 -1.20996223e+03 -7.84536468e+03
4.29292929e-06 -9.34343434e-06 3.00014559e+08 -1.07142579e+03 -6.94070754e+03
4.79797980e-06 -9.34343434e-06 3.00013200e+08 -9.15128530e+02 -6.16823629e+03
5.30303030e-06 -9.34343434e-06 3.00012060e+08 -7.45606595e+02 -5.50467439e+03
5.80808081e-06 -9.34343434e-06 3.00011099e+08 -5.65421717e+02 -4.93155053e+03
6.31313131e-06 -9.34343434e-06 3.00010284e+08 -3.75893422e+02 -4.43447858e+03
6.81818182e-06 -9.34343434e-06 3.00009589e+08 -1.77647381e+02 -4.00248824e+03
7.32323232e-06 -9.34343434e-06 3.00008990e+08 2.89635469e+01 -3.62745733e+03
7.82828283e-06 -9.34343434e-06 3.00008470e+08 2.43517245e+02 -3.30364745e+03
8.33333333e-06 -9.34343434e-06 3.00008010e+08 4.65223366e+02 -3.02732411e+03
8.83838384e-06 -9.34343434e-06 3.00007596e+08 6.92643581e+02 -2.79643496e+03
9.34343434e-06 -9.34343434e-06 3.00007216e+08 9.23418079e+02 -2.61031658e+03
9.84848485e-06 -9.34343434e-06 3.00006857e+08 1.15399576e+03 -2.46940052e+03
1.03535354e-05 -9.34343434e-06 3.00006509e+08 1.37937631e+03 -2.37488965e+03
1.08585859e-05 -9.34343434e-06 3.00006164e+08 1.59288388e+03 -2.32837916e+03
1.13636364e-05 -9.34343434e-06 3.00005813e+08 1.78600432e+03 -2.33140174e+03
1.18686869e-05 -9.34343434e-06 3.00005453e+08 1.94833011e+03 -2.38488627e+03
1.23737374e-05 -9.34343434e-06 3.00005078e+08 2.06766668e+03 -2.48853435e+03
1.28787879e-05 -9.34343434e-06 3.00004690e+08 2.13035879e+03 -2.64014016e+03
1.33838384e-05 -9.34343434e-06 3.00004290e+08 2.12189088e+03 -2.83490584e+03
1.38888889e-05 -9.34343434e-06 3.00003884e+08 2.02779711e+03 -3.06483348e+03
1.43939394e-05 -9.34343434e-06 3.00003481e+08 1.83488222e+03 -3.31830237e+03
1.48989899e-05 -9.34343434e-06 3.00003093e+08 1.53270160e+03 -3.57995597e+03
1.54040404e-05 -9.34343434e-06 3.00002734e+08 1.11518337e+03 -3.83102054e+03
1.59090909e-05 -9.34343434e-06 3.00002419e+08 5.82205606e+02 -4.05014570e+03
1.64141414e-05 -9.34343434e-06 3.00002161e+08 -5.91147788e+01 -4.21479302e+03
1.69191919e-05 -9.34343434e-06 3.00001974e+08 -7.93689230e+02 -4.30310454e+03
1.74242424e-05 -9.34343434e-06 3.00001864e+08 -1.59852128e+03 -4.29607343e+03
1.79292929e-05 -9.34343434e-06 3.00001836e+08 -2.44371826e+03 -4.17973731e+03
1.84343434e-05 -9.34343434e-06 3.00001886e+08 -3.29445713e+03 -3.94705202e+03
1.89393939e-05 -9.34343434e-06 3.00002004e+08 -4.11373272e+03 -3.59910630e+03
1.94444444e-05 -9.34343434e-06 3.00002175e+08 -4.86554892e+03 -3.14542050e+03
1.99494949e-05 -9.34343434e-06 3.00002380e+08 -5.51810018e+03 -2.60322405e+03
2.04545455e-05 -9.34343434e-06 3.00002598e+08 -6.04647160e+03 -1.99579573e+03
2.09595960e-05 -9.34343434e-06 3.00002809e+08 -6.43446994e+03 -1.35012744e+03
2.14646465e-05 -9.34343434e-06 3.00002993e+08 -6.67536685e+03 -6.94289556e+02
2.19696970e-05 -9.34343434e-06 3.00003137e+08 -6.77154220e+03 -5.49044223e+01
2.24747475e-05 -9.34343434e-06 3.00003230e+08 -6.73320560e+03 5.44927151e+02
2.29797980e-05 -9.34343434e-06 3.00003268e+08 -6.57650239e+03 1.08702710e+03
2.34848485e-05 -9.34343434e-06 3.00003250e+08 -6.32135581e+03 1.55879886e+03
2.39898990e-05 -9.34343434e-06 3.00003180e+08 -5.98936644e+03 1.95320641e+03
2.44949495e-05 -9.34343434e-06 3.00003064e+08 -5.60200646e+03 2.26822642e+03
2.50000000e-05 -9.34343434e-06 3.00002909e+08 -5.17924315e+03 2.50596565e+03
-2.50000000e-05 -8.83838384e-06 3.00001657e+08 -4.66426589e+02 2.54575296e+02
-2.44949495e-05 -8.83838384e-06 3.00001788e+08 -4.18188380e+02 2.54864199e+02
-2.39898990e-05 -8.83838384e-06 3.00001927e+08 -3.67518200e+02 2.50357930e+02
-2.34848485e-05 -8.83838384e-06 3.00002072e+08 -3.14815726e+02 2.40403638e+02
-2.29797980e-05 -8.83838384e-06 3.00002225e+08 -2.60568599e+02 2.24293272e+02
-2.24747475e-05 -8.83838384e-06 3.00002386e+08 -2.05364539e+02 2.01246698e+02
-2.19696970e-05 -8.83838384e-06 3.00002553e+08 -1.49911184e+02 1.70384325e+02
-2.14646465e-05 -8.83838384e-06 3.00002729e+08 -9.50709757e+01 1.30685218e+02
-2.09595960e-05 -8.83838384e-06 3.00002913e+08 -4.19238039e+01 8.09273181e+01
-2.04545455e-05 -8.83838384e-06 3.00003105e+08 8.12201737e+00 1.96107545e+01
-1.99494949e-05 -8.83838384e-06 3.00003307e+08 5.31409044e+01 -5.51213084e+01
-1.94444444e-05 -8.83838384e-06 3.00003521e+08 9.03914106e+01 -1.45517627e+02
-1.89393939e-05 -8.83838384e-06 3.00003748e+08 1.15904229e+02 -2.54099794e+02
-1.84343434e-05 -8.83838384e-06 3.00003994e+08 1.24066947e+02 -3.83188168e+02
-1.79292929e-05 -8.83838384e-06 3.00004265e+08 1.07594994e+02 -5.33829614e+02
-1.74242424e-05 -8.83838384e-06 3.00004567e+08 5.87038530e+01 -7.04143829e+02
-1.69191919e-05 -8.83838384e-06 3.00004910e+08 -2.76289224e+01 -8.88046224e+02
-1.64141414e-05 -8.83838384e-06 3.00005295e+08 -1.48955173e+02 -1.07662974e+03
-1.59090909e-05 -8.83838384e-06 3.00005725e+08 -2.93326276e+02 -1.26382572e+03
-1.54040404e-05 -8.83838384e-06 3.00006202e+08 -4.45005059e+02 -1.45295651e+03
-1.48989899e-05 -8.83838384e-06 3.00006736e+08 -5.95539351e+02 -1.65682212e+03
-1.43939394e-05 -8.83838384e-06 3.00007348e+08 -7.49763506e+02 -1.89032000e+03
-1.38888889e-05 -8.83838384e-06 3.00008061e+08 -9.22030838e+02 -2.16397045e+03
-1.33838384e-05 -8.83838384e-06 3.00008902e+08 -1.12945292e+03 -2.48413723e+03
-1.28787879e-05 -8.83838384e-06 3.00009898e+08 -1.38929873e+03 -2.85703977e+03
-1.23737374e-05 -8.83838384e-06 3.00011087e+08 -1.72063746e+03 -3.29159812e+03
-1.18686869e-05 -8.83838384e-06 3.00012519e+08 -2.14648372e+03 -3.79977413e+03
-1.13636364e-05 -8.83838384e-06 3.00014264e+08 -2.69381523e+03 -4.39653986e+03
-1.08585859e-05 -8.83838384e-06 3.00016418e+08 -3.39202193e+03 -5.10255984e+03
-1.03535354e-05 -8.83838384e-06 3.00019116e+08 -4.27250818e+03 -5.95119600e+03
-9.84848485e-06 -8.83838384e-06 3.00022563e+08 -5.37110150e+03 -6.99981736e+03
-9.34343434e-06 -8.83838384e-06 3.00027077e+08 -6.73155890e+03 -8.34678052e+03
-8.83838384e-06 -8.83838384e-06 3.00033170e+08 -8.40496987e+03 -1.01605180e+04
-8.33333333e-06 -8.83838384e-06 3.00041697e+08 -1.04338041e+04 -1.27346879e+04
-7.82828283e-06 -8.83838384e-06 3.00054138e+08 -1.27896535e+04 -1.65894124e+04
-7.32323232e-06 -8.83838384e-06 3.00073043e+08 -1.51790891e+04 -2.25994236e+04
-6.81818182e-06 -8.83838384e-06 3.00102111e+08 -1.66269712e+04 -3.16738479e+04
-6.31313131e-06 -8.83838384e-06 3.00140253e+08 -1.71829312e+04 -4.02986751e+04
-5.80808081e-06 -8.83838384e-06 3.00151333e+08 -5.25835170e+04 -2.88036205e+04
-5.30303030e-06 -8.83838384e-06 3.00127637e+08 -1.48295263e+05 -4.49095464e+04
-4.79797980e-06 -8.83838384e-06 3.01740864e+08 4.66343141e+04 -8.54907101e+05
-4.29292929e-06 -8.83838384e-06 3.00468247e+08 -2.67092684e+04 -1.55846419e+05
-3.78787879e-06 -8.83838384e-06 3.00146875e+08 -7.56575042e+04 -1.40637482e+05
-3.28282828e-06 -8.83838384e-06 3.00100523e+08 -1.04244687e+05 -9.16677344e+04
-2.77777778e-06 -8.83838384e-06 3.00084376e+08 -7.71749109e+04 -5.80208232e+04
-2.27272727e-06 -8.83838384e-06 3.00077715e+08 -4.29566714e+04 -3.84861645e+04
-1.76767677e-06 -8.83838384e-06 3.00076442e+08 -1.82800365e+04 -3.33127039e+04
-1.26262626e-06 -8.83838384e-06 3.00072094e+08 -7.52336793e+03 -3.18411135e+04
-7.57575758e-07 -8.83838384e-06 3.00063787e+08 -4.43083982e+03 -2.90632985e+04
-2.52525253e-07 -8.83838384e-06 3.00054273e+08 -3.89292226e+03 -2.52293661e+04
2.52525253e-07 -8.83838384e-06 3.00045475e+08 -3.87099728e+03 -2.13494879e+04
7.57575758e-07 -8.83838384e-06 3.00038058e+08 -3.81298252e+03 -1.79306833e+04
1.26262626e-06 -8.83838384e-06 3.00032042e+08 -3.64094278e+03 -1.50924605e+04
1.76767677e-06 -8.83838384e-06 3.00027229e+08 -3.38673383e+03 -1.27896682e+04
2.27272727e-06 -8.83838384e-06 3.00023387e+08 -3.09050065e+03 -1.09307658e+04
2.77777778e-06 -8.83838384e-06 3.00020309e+08 -2.78016359e+03 -9.42436753e+03
3.28282828e-06 -8.83838384e-06 3.00017828e+08 -2.47156986e+03 -8.19338581e+03
3.78787879e-06 -8.83838384e-06 3.00015815e+08 -2.17222744e+03 -7.17687777e+03
4.29292929e-06 -8.83838384e-06 3.00014172e+08 -1.88455454e+03 -6.32798555e+03
4.79797980e-06 -8.83838384e-06 3.00012821e+08 -1.60808033e+03 -5.61111275e+03
5.30303030e-06 -8.83838384e-06 3.00011706e+08 -1.34081238e+03 -4.99937087e+03
5.80808081e-06 -8.83838384e-06 3.00010778e+08 -1.08006027e+03 -4.47254389e+03
6.31313131e-06 -8.83838384e-06 3.00010003e+08 -8.22934421e+02 -4.01555221e+03
6.81818182e-06 -8.83838384e-06 3.00009351e+08 -5.66664427e+02 -3.61732418e+03
7.32323232e-06 -8.83838384e-06 3.00008798e+08 -3.08827432e+02 -3.26997802e+03
7.82828283e-06 -8.83838384e-06 3.00008323e+08 -4.75429707e+01 -2.96822994e+03
8.33333333e-06 -8.83838384e-06 3.00007910e+08 2.18330985e+02 -2.70895952e+03
8.83838384e-06 -8.83838384e-06 3.00007542e+08 4.88979994e+02 -2.49087603e+03
9.34343434e-06 -8.83838384e-06 3.00007207e+08 7.63382965e+02 -2.31423690e+03
9.84848485e-06 -8.83838384e-06 3.00006890e+08 1.03902945e+03 -2.18057484e+03
1.03535354e-05 -8.83838384e-06 3.00006582e+08 1.31161494e+03 -2.09239272e+03
1.08585859e-05 -8.83838384e-06 3.00006271e+08 1.57473766e+03 -2.05278787e+03
1.13636364e-05 -8.83838384e-06 3.00005950e+08 1.81963618e+03 -2.06497254e+03
1.18686869e-05 -8.83838384e-06 3.00005610e+08 2.03502435e+03 -2.13166640e+03
1.23737374e-05 -8.83838384e-06 3.00005248e+08 2.20709711e+03 -2.25435374e+03
1.28787879e-05 -8.83838384e-06 3.00004863e+08 2.31979333e+03 -2.43242385e+03
1.33838384e-05 -8.83838384e-06 3.00004455e+08 2.35540375e+03 -2.66224907e+03
1.38888889e-05 -8.83838384e-06 3.00004032e+08 2.29559672e+03 -2.93629798e+03
1.43939394e-05 -8.83838384e-06 3.00003602e+08 2.12289482e+03 -3.24242652e+03
1.48989899e-05 -8.83838384e-06 3.00003181e+08 1.82256706e+03 -3.56352458e+03
1.54040404e-05 -8.83838384e-06 3.00002785e+08 1.38480725e+03 -3.87770693e+03
1.59090909e-05 -8.83838384e-06 3.00002434e+08 8.06961050e+02 -4.15920843e+03
1.64141414e-05 -8.83838384e-06 3.00002145e+08 9.54645121e+01 -4.38006317e+03
1.69191919e-05 -8.83838384e-06 3.00001936e+08 -7.32901619e+02 -4.51251532e+03
1.74242424e-05 -8.83838384e-06 3.00001817e+08 -1.65082219e+03 -4.53194259e+03
1.79292929e-05 -8.83838384e-06 3.00001795e+08 -2.62158984e+03 -4.41990688e+03
1.84343434e-05 -8.83838384e-06 3.00001864e+08 -3.60163661e+03 -4.16683097e+03
1.89393939e-05 -8.83838384e-06 3.00002015e+08 -4.54423904e+03 -3.77378321e+03
1.94444444e-05 -8.83838384e-06 3.00002227e+08 -5.40391046e+03 -3.25296396e+03
1.99494949e-05 -8.83838384e-06 3.00002478e+08 -6.14080511e+03 -2.62671766e+03
2.04545455e-05 -8.83838384e-06 3.00002739e+08 -6.72441963e+03 -1.92519104e+03
2.09595960e-05 -8.83838384e-06 3.00002986e+08 -7.13600975e+03 -1.18303802e+03
2.14646465e-05 -8.83838384e-06 3.00003197e+08 -7.36941140e+03 -4.35752419e+02
2.19696970e-05 -8.83838384e-06 3.00003353e+08 -7.43028538e+03 2.83758091e+02
2.24747475e-05 -8.83838384e-06 3.00003445e+08 -7.33409709e+03 9.47858464e+02
2.29797980e-05 -8.83838384e-06 3.00003469e+08 -7.10332455e+03 1.53584717e+03
2.34848485e-05 -8.83838384e-06 3.00003426e+08 -6.76443007e+03 2.03454272e+03
2.39898990e-05 -8.83838384e-06 3.00003322e+08 -6.34505286e+03 2.43794347e+03
2.44949495e-05 -8.83838384e-06 3.00003167e+08 -5.87173003e+03 2.74622583e+03
2.50000000e-05 -8.83838384e-06 3.00002972e+08 -5.36828722e+03 2.96437925e+03
-2.50000000e-05 -8.33333333e-06 3.00001726e+08 -4.67204125e+02 1.88498172e+02
-2.44949495e-05 -8.33333333e-06 3.00001868e+08 -4.14193036e+02 1.85226923e+02
-2.39898990e-05 -8.33333333e-06 3.00002018e+08 -3.58080161e+02 1.76556804e+02
-2.34848485e-05 -8.33333333e-06 3.00002176e+08 -2.99215056e+02 1.61755235e+02
-2.29797980e-05 -8.33333333e-06 3.00002342e+08 -2.38023093e+02 1.40035408e+02
-2.24747475e-05 -8.33333333e-06 3.00002517e+08 -1.75008186e+02 1.10541313e+02
-2.19696970e-05 -8.33333333e-06 3.00002701e+08 -1.10758090e+02 7.23202271e+01
-2.14646465e-05 -8.33333333e-06 3.00002894e+08 -4.59579387e+01 2.42748986e+01
-2.09595960e-05 -8.33333333e-06 3.00003096e+08 1.85758523e+01 -3.49156543e+01
-2.04545455e-05 -8.33333333e-06 3.00003307e+08 8.18169175e+01 -1.06920472e+02
-1.99494949e-05 -8.33333333e-06 3.00003529e+08 1.42359397e+02 -1.93936775e+02
-1.94444444e-05 -8.33333333e-06 3.00003761e+08 1.98078617e+02 -2.98913516e+02
-1.89393939e-05 -8.33333333e-06 3.00004007e+08 2.45512953e+02 -4.25729249e+02
-1.84343434e-05 -8.33333333e-06 3.00004270e+08 2.78900755e+02 -5.79046012e+02
-1.79292929e-05 -8.33333333e-06 3.00004557e+08 2.89136236e+02 -7.63230055e+02
-1.74242424e-05 -8.33333333e-06 3.00004879e+08 2.63908069e+02 -9.79541921e+02
-1.69191919e-05 -8.33333333e-06 3.00005249e+08 1.91844431e+02 -1.22195637e+03
-1.64141414e-05 -8.33333333e-06 3.00005673e+08 7.26908758e+01 -1.47606464e+03
-1.59090909e-05 -8.33333333e-06 3.00006152e+08 -7.33832514e+01 -1.72864193e+03
-1.54040404e-05 -8.33333333e-06 3.00006685e+08 -2.14410611e+02 -1.98436038e+03
-1.48989899e-05 -8.33333333e-06 3.00007286e+08 -3.32931345e+02 -2.26768962e+03
-1.43939394e-05 -8.33333333e-06 3.00007987e+08 -4.38633265e+02 -2.60394016e+03
-1.38888889e-05 -8.33333333e-06 3.00008818e+08 -5.54224303e+02 -3.00573470e+03
-1.33838384e-05 -8.33333333e-06 3.00009809e+08 -6.98698872e+02 -3.47842393e+03
-1.28787879e-05 -8.33333333e-06 3.00010986e+08 -8.84858503e+02 -4.03125412e+03
-1.23737374e-05 -8.33333333e-06 3.00012392e+08 -1.12579470e+03 -4.68241701e+03
-1.18686869e-05 -8.33333333e-06 3.00014084e+08 -1.44003216e+03 -5.45743928e+03
-1.13636364e-05 -8.33333333e-06 3.00016146e+08 -1.84973234e+03 -6.38638694e+03
-1.08585859e-05 -8.33333333e-06 3.00018686e+08 -2.37343500e+03 -7.50656723e+03
-1.03535354e-05 -8.33333333e-06 3.00021853e+08 -3.02014784e+03 -8.87299220e+03
-9.84848485e-06 -8.33333333e-06 3.00025860e+08 -3.78848528e+03 -1.05724357e+04
-9.34343434e-06 -8.33333333e-06 3.00031014e+08 -4.66611727e+03 -1.27365674e+04
-8.83838384e-06 -8.33333333e-06 3.00037759e+08 -5.62135184e+03 -1.55522520e+04
-8.33333333e-06 -8.33333333e-06 3.00046705e+08 -6.58268033e+03 -1.92585726e+04
-7.82828283e-06 -8.33333333e-06 3.00058582e+08 -7.42230653e+03 -2.40785171e+04
-7.32323232e-06 -8.33333333e-06 3.00073832e+08 -8.07824048e+03 -2.99055840e+04
-6.81818182e-06 -8.33333333e-06 3.00091035e+08 -9.55458470e+03 -3.53374533e+04
-6.31313131e-06 -8.33333333e-06 3.00103604e+08 -1.84310533e+04 -3.66758993e+04
-5.80808081e-06 -8.33333333e-06 3.00104303e+08 -5.31858016e+04 -3.65901146e+04
-5.30303030e-06 -8.33333333e-06 3.00110374e+08 -1.11545547e+05 -6.22162445e+04
-4.79797980e-06 -8.33333333e-06 3.00138087e+08 -1.81192557e+05 -1.23256656e+05
-4.29292929e-06 -8.33333333e-06 2.98106693e+08 -1.26942098e+06 7.04764618e+05
-3.78787879e-06 -8.33333333e-06 2.98155541e+08 -9.60108898e+05 9.11184406e+05
-3.28282828e-06 -8.33333333e-06 3.00123131e+08 -1.84687076e+05 -1.09664411e+05
-2.77777778e-06 -8.33333333e-06 3.00110550e+08 -1.11150140e+05 -6.07137850e+04
-2.27272727e-06 -8.33333333e-06 3.00105220e+08 -5.18458854e+04 -3.63079025e+04
-1.76767677e-06 -8.33333333e-06 3.00104132e+08 -1.83976444e+04 -3.69573503e+04
-1.26262626e-06 -8.33333333e-06 3.00090809e+08 -1.03795573e+04 -3.53655485e+04
-7.57575758e-07 -8.33333333e-06 3.00073319e+08 -9.18086676e+03 -2.97892328e+04
-2.52525253e-07 -8.33333333e-06 3.00058074e+08 -8.63831301e+03 -2.39722628e+04
2.52525253e-07 -8.33333333e-06 3.00046302e+08 -7.88940237e+03 -1.92202956e+04
7.57575758e-07 -8.33333333e-06 3.00037490e+08 -7.02145942e+03 -1.55951033e+04
1.26262626e-06 -8.33333333e-06 3.00030889e+08 -6.15962384e+03 -1.28623759e+04
1.76767677e-06 -8.33333333e-06 3.00025888e+08 -5.36622406e+03 -1.07842681e+04
2.27272727e-06 -8.33333333e-06 3.00022044e+08 -4.66078886e+03 -9.17774769e+03
2.77777778e-06 -8.33333333e-06 3.00019047e+08 -4.04200720e+03 -7.91206249e+03
3.28282828e-06 -8.33333333e-06 3.00016680e+08 -3.50010857e+03 -6.89555640e+03
3.78787879e-06 -8.33333333e-06 3.00014789e+08 -3.02279978e+03 -6.06389114e+03
4.29292929e-06 -8.33333333e-06 3.00013265e+08 -2.59785128e+03 -5.37149764e+03
4.79797980e-06 -8.33333333e-06 3.00012026e+08 -2.21409009e+03 -4.78575201e+03
5.30303030e-06 -8.33333333e-06 3.00011014e+08 -1.86167869e+03 -4.28308608e+03
5.80808081e-06 -8.33333333e-06 3.00010181e+08 -1.53210118e+03 -3.84640021e+03
6.31313131e-06 -8.33333333e-06 3.00009494e+08 -1.21805422e+03 -3.46333974e+03
6.81818182e-06 -8.33333333e-06 3.00008924e+08 -9.13334639e+02 -3.12514536e+03
7.32323232e-06 -8.33333333e-06 3.00008448e+08 -6.12767107e+02 -2.82588666e+03
7.82828283e-06 -8.33333333e-06 3.00008046e+08 -3.12192661e+02 -2.56195228e+03
8.33333333e-06 -8.33333333e-06 3.00007702e+08 -8.52953901e+00 -2.33170878e+03
8.83838384e-06 -8.33333333e-06 3.00007400e+08 3.00087392e+02 -2.13526308e+03
9.34343434e-06 -8.33333333e-06 3.00007128e+08 6.14086189e+02 -1.97427551e+03
9.84848485e-06 -8.33333333e-06 3.00006871e+08 9.32159394e+02 -1.85177522e+03
1.03535354e-05 -8.33333333e-06 3.00006617e+08 1.25089943e+03 -1.77193052e+03
1.08585859e-05 -8.33333333e-06 3.00006356e+08 1.56439313e+03 -1.73972600e+03
1.13636364e-05 -8.33333333e-06 3.00006077e+08 1.86381959e+03 -1.76049906e+03
1.18686869e-05 -8.33333333e-06 3.00005771e+08 2.13711965e+03 -1.83929458e+03
1.23737374e-05 -8.33333333e-06 3.00005433e+08 2.36883209e+03 -1.98001196e+03
1.28787879e-05 -8.33333333e-06 3.00005059e+08 2.54021681e+03 -2.18434788e+03
1.33838384e-05 -8.33333333e-06 3.00004650e+08 2.62980016e+03 -2.45058369e+03
1.38888889e-05 -8.33333333e-06 3.00004212e+08 2.61447109e+03 -2.77232771e+03
1.43939394e-05 -8.33333333e-06 3.00003755e+08 2.47121697e+03 -3.13739319e+03
1.48989899e-05 -8.33333333e-06 3.00003297e+08 2.17950357e+03 -3.52705881e+03
1.54040404e-05 -8.33333333e-06 3.00002859e+08 1.72417338e+03 -3.91599685e+03
1.59090909e-05 -8.33333333e-06 3.00002463e+08 1.09857153e+03 -4.27313945e+03
1.64141414e-05 -8.33333333e-06 3.00002135e+08 3.07440002e+02 -4.56365996e+03
1.69191919e-05 -8.33333333e-06 3.00001897e+08 -6.31001607e+02 -4.75206560e+03
1.74242424e-05 -8.33333333e-06 3.00001765e+08 -1.68438885e+03 -4.80614624e+03
1.79292929e-05 -8.33333333e-06 3.00001748e+08 -2.80742461e+03 -4.70125252e+03
1.84343434e-05 -8.33333333e-06 3.00001840e+08 -3.94513575e+03 -4.42416572e+03
1.89393939e-05 -8.33333333e-06 3.00002030e+08 -5.03791623e+03 -3.97575898e+03
1.94444444e-05 -8.33333333e-06 3.00002293e+08 -6.02765589e+03 -3.37179651e+03
1.99494949e-05 -8.33333333e-06 3.00002598e+08 -6.86393189e+03 -2.64156942e+03
2.04545455e-05 -8.33333333e-06 3.00002911e+08 -7.50915946e+03 -1.82454123e+03
2.09595960e-05 -8.33333333e-06 3.00003200e+08 -7.94181012e+03 -9.65629055e+02
2.14646465e-05 -8.33333333e-06 3.00003438e+08 -8.15725114e+03 -1.10031454e+02
2.19696970e-05 -8.33333333e-06 3.00003604e+08 -8.16629636e+03 7.01456804e+02
2.24747475e-05 -8.33333333e-06 3.00003688e+08 -7.99201591e+03 1.43591733e+03
2.29797980e-05 -8.33333333e-06 3.00003689e+08 -7.66560655e+03 2.07020611e+03
2.34848485e-05 -8.33333333e-06 3.00003610e+08 -7.22214067e+03 2.59129515e+03
2.39898990e-05 -8.33333333e-06 3.00003462e+08 -6.69684000e+03 2.99536383e+03
2.44949495e-05 -8.33333333e-06 3.00003258e+08 -6.12225499e+03 3.28608951e+03
2.50000000e-05 -8.33333333e-06 3.00003013e+08 -5.52646719e+03 3.47259297e+03
-2.50000000e-05 -7.82828283e-06 3.00001783e+08 -4.65074248e+02 1.28795815e+02
-2.44949495e-05 -7.82828283e-06 3.00001934e+08 -4.06764299e+02 1.22768915e+02
-2.39898990e-05 -7.82828283e-06 3.00002094e+08 -3.44609081e+02 1.10820029e+02
-2.34848485e-05 -7.82828283e-06 3.00002264e+08 -2.78911447e+02 9.21503264e+01
-2.29797980e-05 -7.82828283e-06 3.00002443e+08 -2.10042761e+02 6.59167252e+01
-2.24747475e-05 -7.82828283e-06 3.00002632e+08 -1.38436931e+02 3.12254597e+01
-2.19696970e-05 -7.82828283e-06 3.00002831e+08 -6.45803168e+01 -1.28845088e+01
-2.14646465e-05 -7.82828283e-06 3.00003040e+08 1.10010799e+01 -6.74772143e+01
-2.09595960e-05 -7.82828283e-06 3.00003260e+08 8.77512611e+01 -1.33790333e+02
-2.04545455e-05 -7.82828283e-06 3.00003489e+08 1.65073763e+02 -2.13367719e+02
-1.99494949e-05 -7.82828283e-06 3.00003729e+08 2.42258041e+02 -3.08296763e+02
-1.94444444e-05 -7.82828283e-06 3.00003979e+08 3.18242079e+02 -4.21607838e+02
-1.89393939e-05 -7.82828283e-06 3.00004240e+08 3.90996596e+02 -5.57872051e+02
-1.84343434e-05 -7.82828283e-06 3.00004512e+08 4.56144726e+02 -7.23860705e+02
-1.79292929e-05 -7.82828283e-06 3.00004803e+08 5.04400060e+02 -9.28511140e+02
-1.74242424e-05 -7.82828283e-06 3.00005124e+08 5.18472473e+02 -1.18002909e+03
-1.69191919e-05 -7.82828283e-06 3.00005495e+08 4.74508982e+02 -1.47699829e+03
-1.64141414e-05 -7.82828283e-06 3.00005933e+08 3.59741900e+02 -1.79720997e+03
-1.59090909e-05 -7.82828283e-06 3.00006435e+08 2.04738593e+02 -2.10824148e+03
-1.54040404e-05 -7.82828283e-06 3.00006991e+08 7.77017046e+01 -2.41247811e+03
-1.48989899e-05 -7.82828283e-06 3.00007621e+08 1.34022451e+01 -2.75906209e+03
-1.43939394e-05 -7.82828283e-06 3.00008376e+08 -1.71522664e+01 -3.18849923e+03
-1.38888889e-05 -7.82828283e-06 3.00009295e+08 -5.61062944e+01 -3.70475997e+03
-1.33838384e-05 -7.82828283e-06 3.00010395e+08 -1.21452277e+02 -4.30094121e+03
-1.28787879e-05 -7.82828283e-06 3.00011693e+08 -2.13051480e+02 -4.98415065e+03
-1.23737374e-05 -7.82828283e-06 3.00013224e+08 -3.31656588e+02 -5.78030781e+03
-1.18686869e-05 -7.82828283e-06 3.00015043e+08 -4.90609648e+02 -6.72580799e+03
-1.13636364e-05 -7.82828283e-06 3.00017234e+08 -7.11173211e+02 -7.85578998e+03
-1.08585859e-05 -7.82828283e-06 3.00019892e+08 -1.00382679e+03 -9.20291456e+03
-1.03535354e-05 -7.82828283e-06 3.00023137e+08 -1.35455813e+03 -1.08115447e+04
-9.84848485e-06 -7.82828283e-06 3.00027122e+08 -1.72816047e+03 -1.27515535e+04
-9.34343434e-06 -7.82828283e-06 3.00032048e+08 -2.07778530e+03 -1.51163641e+04
-8.83838384e-06 -7.82828283e-06 3.00038144e+08 -2.35210598e+03 -1.80013023e+04
-8.33333333e-06 -7.82828283e-06 3.00045600e+08 -2.51818377e+03 -2.14497005e+04
-7.82828283e-06 -7.82828283e-06 3.00054370e+08 -2.66843038e+03 -2.53298850e+04
-7.32323232e-06 -7.82828283e-06 3.00063744e+08 -3.40151260e+03 -2.91158633e+04
-6.81818182e-06 -7.82828283e-06 3.00071764e+08 -6.85317001e+03 -3.18121105e+04
-6.31313131e-06 -7.82828283e-06 3.00075795e+08 -1.81949865e+04 -3.33336150e+04
-5.80808081e-06 -7.82828283e-06 3.00077080e+08 -4.33443755e+04 -3.89717420e+04
-5.30303030e-06 -7.82828283e-06 3.00084110e+08 -7.72925942e+04 -5.91349393e+04
-4.79797980e-06 -7.82828283e-06 3.00100454e+08 -1.04034840e+05 -9.29294349e+04
-4.29292929e-06 -7.82828283e-06 3.00131786e+08 -7.40122177e+04 -1.28454746e+05
-3.78787879e-06 -7.82828283e-06 3.00833645e+08 -2.80020413e+04 -2.61381629e+05
-3.28282828e-06 -7.82828283e-06 3.01321015e+08 -5.05739394e+04 -6.47394526e+05
-2.77777778e-06 -7.82828283e-06 3.00141796e+08 -1.41928279e+05 -5.27750338e+04
-2.27272727e-06 -7.82828283e-06 3.00153639e+08 -4.90758945e+04 -2.94620111e+04
-1.76767677e-06 -7.82828283e-06 3.00139607e+08 -1.78078282e+04 -4.04958684e+04
-1.26262626e-06 -7.82828283e-06 3.00100566e+08 -1.76821590e+04 -3.12702979e+04
-7.57575758e-07 -7.82828283e-06 3.00071757e+08 -1.62276169e+04 -2.23141116e+04
-2.52525253e-07 -7.82828283e-06 3.00053201e+08 -1.38905581e+04 -1.65007481e+04
2.52525253e-07 -7.82828283e-06 3.00041042e+08 -1.16282886e+04 -1.28077713e+04
7.57575758e-07 -7.82828283e-06 3.00032738e+08 -9.70470466e+03 -1.03604800e+04
1.26262626e-06 -7.82828283e-06 3.00026837e+08 -8.13176194e+03 -8.65255304e+03
1.76767677e-06 -7.82828283e-06 3.00022500e+08 -6.85613151e+03 -7.40176993e+03
2.27272727e-06 -7.82828283e-06 3.00019224e+08 -5.81723364e+03 -6.44662682e+03
2.77777778e-06 -7.82828283e-06 3.00016696e+08 -4.96256955e+03 -5.69077328e+03
3.28282828e-06 -7.82828283e-06 3.00014711e+08 -4.25003619e+03 -5.07419127e+03
3.78787879e-06 -7.82828283e-06 3.00013133e+08 -3.64667104e+03 -4.55797073e+03
4.29292929e-06 -7.82828283e-06 3.00011865e+08 -3.12674386e+03 -4.11599814e+03
4.79797980e-06 -7.82828283e-06 3.00010839e+08 -2.67002882e+03 -3.73025601e+03
5.30303030e-06 -7.82828283e-06 3.00010005e+08 -2.26043388e+03 -3.38807773e+03
5.80808081e-06 -7.82828283e-06 3.00009326e+08 -1.88497154e+03 -3.08050300e+03
6.31313131e-06 -7.82828283e-06 3.00008772e+08 -1.53301146e+03 -2.80127834e+03
6.81818182e-06 -7.82828283e-06 3.00008319e+08 -1.19575788e+03 -2.54625059e+03
7.32323232e-06 -7.82828283e-06 3.00007948e+08 -8.65908664e+02 -2.31300910e+03
7.82828283e-06 -7.82828283e-06 3.00007643e+08 -5.37467545e+02 -2.10068909e+03
8.33333333e-06 -7.82828283e-06 3.00007389e+08 -2.05693127e+02 -1.90987871e+03
8.83838384e-06 -7.82828283e-06 3.00007173e+08 1.32822943e+02 -1.74258695e+03
9.34343434e-06 -7.82828283e-06 3.00006980e+08 4.79951365e+02 -1.60223381e+03
9.84848485e-06 -7.82828283e-06 3.00006799e+08 8.35696648e+02 -1.49362235e+03
1.03535354e-05 -7.82828283e-06 3.00006617e+08 1.19775274e+03 -1.42284612e+03
1.08585859e-05 -7.82828283e-06 3.00006421e+08 1.56096405e+03 -1.39707706e+03
1.13636364e-05 -7.82828283e-06 3.00006199e+08 1.91673526e+03 -1.42417187e+03
1.18686869e-05 -7.82828283e-06 3.00005942e+08 2.25246504e+03 -1.51203339e+03
1.23737374e-05 -7.82828283e-06 3.00005640e+08 2.55111935e+03 -1.66767327e+03
1.28787879e-05 -7.82828283e-06 3.00005288e+08 2.79110354e+03 -1.89595090e+03
1.33838384e-05 -7.82828283e-06 3.00004886e+08 2.94662938e+03 -2.19801779e+03
1.38888889e-05 -7.82828283e-06 3.00004437e+08 2.98878742e+03 -2.56957853e+03
1.43939394e-05 -7.82828283e-06 3.00003955e+08 2.88750435e+03 -2.99918621e+03
1.48989899e-05 -7.82828283e-06 3.00003456e+08 2.61447026e+03 -3.46690317e+03
1.54040404e-05 -7.82828283e-06 3.00002967e+08 2.14694674e+03 -3.94374713e+03
1.59090909e-05 -7.82828283e-06 3.00002517e+08 1.47212257e+03 -4.39236301e+03
1.64141414e-05 -7.82828283e-06 3.00002140e+08 5.91406696e+02 -4.76926711e+03
1.69191919e-05 -7.82828283e-06 3.00001863e+08 -4.76188512e+02 -5.02877141e+03
1.74242424e-05 -7.82828283e-06 3.00001712e+08 -1.69251710e+03 -5.12832211e+03
1.79292929e-05 -7.82828283e-06 3.00001697e+08 -3.00142673e+03 -5.03454502e+03
1.84343434e-05 -7.82828283e-06 3.00001817e+08 -4.33292484e+03 -4.72890982e+03
1.89393939e-05 -7.82828283e-06 3.00002055e+08 -5.61010614e+03 -4.21176187e+03
1.94444444e-05 -7.82828283e-06 3.00002379e+08 -6.75783012e+03 -3.50365138e+03
1.99494949e-05 -7.82828283e-06 3.00002750e+08 -7.71157296e+03 -2.64343232e+03
2.04545455e-05 -7.82828283e-06 3.00003124e+08 -8.42471484e+03 -1.68337784e+03
2.09595960e-05 -7.82828283e-06 3.00003460e+08 -8.87286503e+03 -6.82309939e+02
2.14646465e-05 -7.82828283e-06 3.00003725e+08 -9.05457619e+03 3.01799388e+02
2.19696970e-05 -7.82828283e-06 3.00003896e+08 -8.98869203e+03 1.21828742e+03
2.24747475e-05 -7.82828283e-06 3.00003964e+08 -8.70929748e+03 2.02825803e+03
2.29797980e-05 -7.82828283e-06 3.00003928e+08 -8.25958850e+03 2.70660564e+03
2.34848485e-05 -7.82828283e-06 3.00003799e+08 -7.68591443e+03 3.24178769e+03
2.39898990e-05 -7.82828283e-06 3.00003592e+08 -7.03289010e+03 3.63394142e+03
2.44949495e-05 -7.82828283e-06 3.00003327e+08 -6.34001261e+03 3.89209305e+03
2.50000000e-05 -7.82828283e-06 3.00003021e+08 -5.63980829e+03 4.03114066e+03
-2.50000000e-05 -7.32323232e-06 3.00001826e+08 -4.60841056e+02 7.61558446e+01
-2.44949495e-05 -7.32323232e-06 3.00001985e+08 -3.96780122e+02 6.82483964e+01
-2.39898990e-05 -7.32323232e-06 3.00002155e+08 -3.28063427e+02 5.39684787e+01
-2.34848485e-05 -7.32323232e-06 3.00002335e+08 -2.54955309e+02 3.24544937e+01
-2.29797980e-05 -7.32323232e-06 3.00002525e+08 -1.77790546e+02 2.81452712e+00
-2.24747475e-05 -7.32323232e-06 3.00002727e+08 -9.69638925e+01 -3.58667021e+01
-2.19696970e-05 -7.32323232e-06 3.00002940e+08 -1.29099357e+01 -8.45240190e+01
-2.14646465e-05 -7.32323232e-06 3.00003165e+08 7.39304471e+01 -1.44117069e+02
-2.09595960e-05 -7.32323232e-06 3.00003402e+08 1.63160908e+02 -2.15657460e+02
-2.04545455e-05 -7.32323232e-06 3.00003650e+08 2.54498815e+02 -3.00284899e+02
-1.99494949e-05 -7.32323232e-06 3.00003909e+08 3.47850846e+02 -3.99449250e+02
-1.94444444e-05 -7.32323232e-06 3.00004177e+08 4.43338147e+02 -5.15314603e+02
-1.89393939e-05 -7.32323232e-06 3.00004453e+08 5.41077160e+02 -6.51604155e+02
-1.84343434e-05 -7.32323232e-06 3.00004734e+08 6.40144492e+02 -8.15211963e+02
-1.79292929e-05 -7.32323232e-06 3.00005018e+08 7.35287326e+02 -1.01866096e+03
-1.74242424e-05 -7.32323232e-06 3.00005313e+08 8.08902208e+02 -1.28132630e+03
-1.69191919e-05 -7.32323232e-06 3.00005645e+08 8.19646885e+02 -1.61983025e+03
-1.64141414e-05 -7.32323232e-06 3.00006053e+08 7.15278862e+02 -2.01235557e+03
-1.59090909e-05 -7.32323232e-06 3.00006543e+08 5.24617681e+02 -2.37913197e+03
-1.54040404e-05 -7.32323232e-06 3.00007071e+08 4.07987177e+02 -2.70335951e+03
-1.48989899e-05 -7.32323232e-06 3.00007680e+08 4.36716676e+02 -3.10066252e+03
-1.43939394e-05 -7.32323232e-06 3.00008465e+08 5.11611779e+02 -3.63045555e+03
-1.38888889e-05 -7.32323232e-06 3.00009456e+08 5.53321006e+02 -4.25637198e+03
-1.33838384e-05 -7.32323232e-06 3.00010637e+08 5.59616086e+02 -4.94435231e+03
-1.28787879e-05 -7.32323232e-06 3.00012001e+08 5.58851796e+02 -5.69821084e+03
-1.23737374e-05 -7.32323232e-06 3.00013566e+08 5.70983021e+02 -6.55412703e+03
-1.18686869e-05 -7.32323232e-06 3.00015382e+08 5.84746100e+02 -7.56261924e+03
-1.13636364e-05 -7.32323232e-06 3.00017522e+08 5.63403426e+02 -8.75802629e+03
-1.08585859e-05 -7.32323232e-06 3.00020054e+08 4.90123669e+02 -1.01464296e+04
-1.03535354e-05 -7.32323232e-06 3.00023036e+08 3.97837926e+02 -1.17359099e+04
-9.84848485e-06 -7.32323232e-06 3.00026532e+08 3.44378100e+02 -1.35585740e+04
-9.34343434e-06 -7.32323232e-06 3.00030610e+08 3.76093479e+02 -1.56504230e+04
-8.83838384e-06 -7.32323232e-06 3.00035294e+08 5.01080066e+02 -1.80096491e+04
-8.33333333e-06 -7.32323232e-06 3.00040468e+08 6.35389347e+02 -2.05450609e+04
-7.82828283e-06 -7.32323232e-06 3.00045739e+08 4.58722193e+02 -2.30211024e+04
-7.32323232e-06 -7.32323232e-06 3.00050290e+08 -8.91842854e+02 -2.50756959e+04
-6.81818182e-06 -7.32323232e-06 3.00053017e+08 -5.23562666e+03 -2.65800292e+04
-6.31313131e-06 -7.32323232e-06 3.00053511e+08 -1.52068883e+04 -2.87430161e+04
-5.80808081e-06 -7.32323232e-06 3.00053792e+08 -3.20562047e+04 -3.53650554e+04
-5.30303030e-06 -7.32323232e-06 3.00058057e+08 -5.21269882e+04 -5.12686309e+04
-4.79797980e-06 -7.32323232e-06 3.00069143e+08 -6.86323720e+04 -7.78524881e+04
-4.29292929e-06 -7.32323232e-06 3.00089912e+08 -8.05315059e+04 -1.15330127e+05
-3.78787879e-06 -7.32323232e-06 3.00101830e+08 -1.54115792e+05 -1.54911753e+05
-3.28282828e-06 -7.32323232e-06 2.97945337e+08 -8.98589277e+05 1.05376402e+06
-2.77777778e-06 -7.32323232e-06 2.98799423e+08 -1.26693645e+06 4.56248537e+05
-2.27272727e-06 -7.32323232e-06 3.00334583e+08 -1.65342684e+04 -7.28428254e+04
-1.76767677e-06 -7.32323232e-06 3.00134197e+08 -3.52216435e+04 -1.24529893e+04
-1.26262626e-06 -7.32323232e-06 3.00074380e+08 -2.71941876e+04 -2.34503082e+03
-7.57575758e-07 -7.32323232e-06 3.00049854e+08 -2.07811854e+04 -1.29010828e+03
-2.52525253e-07 -7.32323232e-06 3.00037020e+08 -1.62787470e+04 -1.72389898e+03
2.52525253e-07 -7.32323232e-06 3.00029192e+08 -1.30437293e+04 -2.25427593e+03
7.57575758e-07 -7.32323232e-06 3.00023928e+08 -1.06452693e+04 -2.63657631e+03
1.26262626e-06 -7.32323232e-06 3.00020154e+08 -8.81808728e+03 -2.86317748e+03
1.76767677e-06 -7.32323232e-06 3.00017328e+08 -7.39368464e+03 -2.96940287e+03
2.27272727e-06 -7.32323232e-06 3.00015148e+08 -6.26054264e+03 -2.99021619e+03
2.77777778e-06 -7.32323232e-06 3.00013430e+08 -5.34208837e+03 -2.95230890e+03
3.28282828e-06 -7.32323232e-06 3.00012058e+08 -4.58405876e+03 -2.87449681e+03
3.78787879e-06 -7.32323232e-06 3.00010951e+08 -3.94692060e+03 -2.76963376e+03
4.29292929e-06 -7.32323232e-06 3.00010052e+08 -3.40113302e+03 -2.64639566e+03
4.79797980e-06 -7.32323232e-06 3.00009321e+08 -2.92408245e+03 -2.51064146e+03
5.30303030e-06 -7.32323232e-06 3.00008728e+08 -2.49804365e+03 -2.36639424e+03
5.80808081e-06 -7.32323232e-06 3.00008248e+08 -2.10879548e+03 -2.21654440e+03
6.31313131e-06 -7.32323232e-06 3.00007862e+08 -1.74467165e+03 -2.06336677e+03
6.81818182e-06 -7.32323232e-06 3.00007555e+08 -1.39591441e+03 -1.90891978e+03
7.32323232e-06 -7.32323232e-06 3.00007313e+08 -1.05425231e+03 -1.75537449e+03
7.82828283e-06 -7.32323232e-06 3.00007125e+08 -7.12657328e+02 -1.60530460e+03
8.33333333e-06 -7.32323232e-06 3.00006979e+08 -3.65259193e+02 -1.46195512e+03
8.83838384e-06 -7.32323232e-06 3.00006863e+08 -7.41020639e+00 -1.32949533e+03
9.34343434e-06 -7.32323232e-06 3.00006766e+08 3.64096385e+02 -1.21324882e+03
9.84848485e-06 -7.32323232e-06 3.00006677e+08 7.50647099e+02 -1.11987900e+03
1.03535354e-05 -7.32323232e-06 3.00006582e+08 1.15126340e+03 -1.05749162e+03
1.08585859e-05 -7.32323232e-06 3.00006467e+08 1.56189879e+03 -1.03559623e+03
1.13636364e-05 -7.32323232e-06 3.00006320e+08 1.97461002e+03 -1.06484974e+03
1.18686869e-05 -7.32323232e-06 3.00006128e+08 2.37667456e+03 -1.15649032e+03
1.23737374e-05 -7.32323232e-06 3.00005878e+08 2.74978353e+03 -1.32136764e+03
1.28787879e-05 -7.32323232e-06 3.00005563e+08 3.06950881e+03 -1.56849678e+03
1.33838384e-05 -7.32323232e-06 3.00005178e+08 3.30531471e+03 -1.90312052e+03
1.38888889e-05 -7.32323232e-06 3.00004726e+08 3.42143679e+03 -2.32436845e+03
1.43939394e-05 -7.32323232e-06 3.00004218e+08 3.37894939e+03 -2.82275373e+03
1.48989899e-05 -7.32323232e-06 3.00003676e+08 3.13925159e+03 -3.37793188e+03
1.54040404e-05 -7.32323232e-06 3.00003127e+08 2.66898428e+03 -3.95732041e+03
1.59090909e-05 -7.32323232e-06 3.00002611e+08 1.94604108e+03 -4.51627455e+03
1.64141414e-05 -7.32323232e-06 3.00002169e+08 9.65892576e+02 -5.00045054e+03
1.69191919e-05 -7.32323232e-06 3.00001842e+08 -2.52989344e+02 -5.35069220e+03
1.74242424e-05 -7.32323232e-06 3.00001661e+08 -1.66608075e+03 -5.51023348e+03
1.79292929e-05 -7.32323232e-06 3.00001647e+08 -3.20350768e+03 -5.43329769e+03
1.84343434e-05 -7.32323232e-06 3.00001798e+08 -4.77530582e+03 -5.09349197e+03
1.89393939e-05 -7.32323232e-06 3.00002093e+08 -6.28101634e+03 -4.49001997e+03
1.94444444e-05 -7.32323232e-06 3.00002493e+08 -7.62216279e+03 -3.64992655e+03
1.99494949e-05 -7.32323232e-06 3.00002945e+08 -8.71514335e+03 -2.62542836e+03
2.04545455e-05 -7.32323232e-06 3.00003392e+08 -9.50173366e+03 -1.48667369e+03
2.09595960e-05 -7.32323232e-06 3.00003780e+08 -9.95495384e+03 -3.11555950e+02
2.14646465e-05 -7.32323232e-06 3.00004070e+08 -1.00793455e+04 8.25033320e+02
2.19696970e-05 -7.32323232e-06 3.00004237e+08 -9.90622713e+03 1.86017565e+03
2.24747475e-05 -7.32323232e-06 3.00004273e+08 -9.48566335e+03 2.74856074e+03
2.29797980e-05 -7.32323232e-06 3.00004183e+08 -8.87733599e+03 3.46433811e+03
2.34848485e-05 -7.32323232e-06 3.00003985e+08 -8.14223340e+03 3.99972958e+03
2.39898990e-05 -7.32323232e-06 3.00003702e+08 -7.33636516e+03 4.36152052e+03
2.44949495e-05 -7.32323232e-06 3.00003360e+08 -6.50691369e+03 4.56665181e+03
2.50000000e-05 -7.32323232e-06 3.00002982e+08 -5.69061820e+03 4.63790143e+03
-2.50000000e-05 -6.81818182e-06 3.00001853e+08 -4.55377766e+02 3.11683392e+01
-2.44949495e-05 -6.81818182e-06 3.00002019e+08 -3.85182854e+02 2.23210229e+01
-2.39898990e-05 -6.81818182e-06 3.00002197e+08 -3.09452474e+02 6.71470641e+00
-2.34848485e-05 -6.81818182e-06 3.00002386e+08 -2.28420223e+02 -1.65834945e+01
-2.29797980e-05 -6.81818182e-06 3.00002587e+08 -1.42403044e+02 -4.85264117e+01
-2.24747475e-05 -6.81818182e-06 3.00002801e+08 -5.17929154e+01 -9.00660611e+01
-2.19696970e-05 -6.81818182e-06 3.00003027e+08 4.29627743e+01 -1.42126752e+02
-2.14646465e-05 -6.81818182e-06 3.00003266e+08 1.41398842e+02 -2.05571536e+02
-2.09595960e-05 -6.81818182e-06 3.00003519e+08 2.43098954e+02 -2.81163514e+02
-2.04545455e-05 -6.81818182e-06 3.00003786e+08 3.47809550e+02 -3.69530232e+02
-1.99494949e-05 -6.81818182e-06 3.00004065e+08 4.55629889e+02 -4.71159429e+02
-1.94444444e-05 -6.81818182e-06 3.00004356e+08 5.67316357e+02 -5.86511778e+02
-1.89393939e-05 -6.81818182e-06 3.00004655e+08 6.84715064e+02 -7.16496619e+02
-1.84343434e-05 -6.81818182e-06 3.00004953e+08 8.11124765e+02 -8.63987158e+02
-1.79292929e-05 -6.81818182e-06 3.00005239e+08 9.50338097e+02 -1.03806397e+03
-1.74242424e-05 -6.81818182e-06 3.00005498e+08 1.09890484e+03 -1.26392565e+03
-1.69191919e-05 -6.81818182e-06 3.00005732e+08 1.21507125e+03 -1.59461484e+03
-1.64141414e-05 -6.81818182e-06 3.00006017e+08 1.16224753e+03 -2.06635952e+03
-1.59090909e-05 -6.81818182e-06 3.00006430e+08 8.62380299e+02 -2.51125618e+03
-1.54040404e-05 -6.81818182e-06 3.00006837e+08 7.45029692e+02 -2.79997110e+03
-1.48989899e-05 -6.81818182e-06 3.00007368e+08 9.62685441e+02 -3.27209934e+03
-1.43939394e-05 -6.81818182e-06 3.00008211e+08 1.16541777e+03 -3.95364453e+03
-1.38888889e-05 -6.81818182e-06 3.00009296e+08 1.25662385e+03 -4.69181963e+03
-1.33838384e-05 -6.81818182e-06 3.00010545e+08 1.29596533e+03 -5.43527026e+03
-1.28787879e-05 -6.81818182e-06 3.00011933e+08 1.35421961e+03 -6.19527005e+03
-1.23737374e-05 -6.81818182e-06 3.00013460e+08 1.48241153e+03 -7.01956467e+03
-1.18686869e-05 -6.81818182e-06 3.00015163e+08 1.67157480e+03 -7.98534891e+03
-1.13636364e-05 -6.81818182e-06 3.00017114e+08 1.83119457e+03 -9.13347254e+03
-1.08585859e-05 -6.81818182e-06 3.00019343e+08 1.90799883e+03 -1.04133066e+04
-1.03535354e-05 -6.81818182e-06 3.00021823e+08 1.96760046e+03 -1.17787409e+04
-9.84848485e-06 -6.81818182e-06 3.00024533e+08 2.09148806e+03 -1.32386162e+04
-9.34343434e-06 -6.81818182e-06 3.00027451e+08 2.29888391e+03 -1.47946935e+04
-8.83838384e-06 -6.81818182e-06 3.00030475e+08 2.52948967e+03 -1.63905299e+04
-8.33333333e-06 -6.81818182e-06 3.00033361e+08 2.60083663e+03 -1.78947578e+04
-7.82828283e-06 -6.81818182e-06 3.00035667e+08 2.10627162e+03 -1.91215883e+04
-7.32323232e-06 -6.81818182e-06 3.00036797e+08 2.79631325e+02 -1.99509808e+04
-6.81818182e-06 -6.81818182e-06 3.00036244e+08 -4.02136001e+03 -2.06531594e+04
-6.31313131e-06 -6.81818182e-06 3.00034135e+08 -1.18498358e+04 -2.23838202e+04
-5.80808081e-06 -6.81818182e-06 3.00031605e+08 -2.29655024e+04 -2.73048961e+04
-5.30303030e-06 -6.81818182e-06 3.00030080e+08 -3.47671619e+04 -3.75095153e+04
-4.79797980e-06 -6.81818182e-06 3.00029553e+08 -4.32371473e+04 -5.34372405e+04
-4.29292929e-06 -6.81818182e-06 3.00027586e+08 -4.55200365e+04 -7.43577724e+04
-3.78787879e-06 -6.81818182e-06 3.00017255e+08 -4.01130343e+04 -1.01074693e+05
-3.28282828e-06 -6.81818182e-06 3.00025403e+08 3.48930665e+04 -1.81876391e+05
-2.77777778e-06 -6.81818182e-06 2.99486351e+08 5.73407163e+05 -2.26146384e+05
-2.27272727e-06 -6.81818182e-06 2.99815164e+08 9.29889233e+04 3.09997030e+05
-1.76767677e-06 -6.81818182e-06 2.99978336e+08 -4.90608256e+03 1.03449191e+05
-1.26262626e-06 -6.81818182e-06 3.00004852e+08 -1.31127274e+04 4.94956288e+04
-7.57575758e-07 -6.81818182e-06 3.00011556e+08 -1.31843845e+04 2.74853480e+04
-2.52525253e-07 -6.81818182e-06 3.00013246e+08 -1.18530740e+04 1.62975490e+04
2.52525253e-07 -6.81818182e-06 3.00013266e+08 -1.03407697e+04 9.91213857e+03
7.57575758e-07 -6.81818182e-06 3.00012679e+08 -8.94402140e+03 6.00600062e+03
1.26262626e-06 -6.81818182e-06 3.00011889e+08 -7.72844294e+03 3.50659999e+03
1.76767677e-06 -6.81818182e-06 3.00011067e+08 -6.69174347e+03 1.85854278e+03
2.27272727e-06 -6.81818182e-06 3.00010286e+08 -5.81197129e+03 7.50680604e+02
2.77777778e-06 -6.81818182e-06 3.00009577e+08 -5.06343932e+03 -1.53603245e+00
3.28282828e-06 -6.81818182e-06 3.00008951e+08 -4.42201380e+03 -5.12409625e+02
3.78787879e-06 -6.81818182e-06 3.00008409e+08 -3.86659950e+03 -8.55189784e+02
4.29292929e-06 -6.81818182e-06 3.00007948e+08 -3.37923807e+03 -1.07814287e+03
4.79797980e-06 -6.81818182e-06 3.00007563e+08 -2.94473398e+03 -1.21383952e+03
5.30303030e-06 -6.81818182e-06 3.00007248e+08 -2.55016392e+03 -1.28474865e+03
5.80808081e-06 -6.81818182e-06 3.00006996e+08 -2.18440634e+03 -1.30673533e+03
6.31313131e-06 -6.81818182e-06 3.00006802e+08 -1.83774052e+03 -1.29133127e+03
6.81818182e-06 -6.81818182e-06 3.00006660e+08 -1.50153166e+03 -1.24727071e+03
7.32323232e-06 -6.81818182e-06 3.00006563e+08 -1.16800800e+03 -1.18158158e+03
7.82828283e-06 -6.81818182e-06 3.00006505e+08 -8.30136584e+02 -1.10040768e+03
8.33333333e-06 -6.81818182e-06 3.00006479e+08 -4.81608712e+02 -1.00966905e+03
8.83838384e-06 -6.81818182e-06 3.00006477e+08 -1.16953031e+02 -9.15624367e+02
9.34343434e-06 -6.81818182e-06 3.00006489e+08 2.68199242e+02 -8.25366543e+02
9.84848485e-06 -6.81818182e-06 3.00006505e+08 6.76667750e+02 -7.47255080e+02
1.03535354e-05 -6.81818182e-06 3.00006512e+08 1.10906630e+03 -6.91259846e+02
1.08585859e-05 -6.81818182e-06 3.00006495e+08 1.56291700e+03 -6.69159449e+02
1.13636364e-05 -6.81818182e-06 3.00006441e+08 2.03154126e+03 -6.94502732e+02
1.18686869e-05 -6.81818182e-06 3.00006332e+08 2.50278005e+03 -7.82208334e+02
1.23737374e-05 -6.81818182e-06 3.00006154e+08 2.95767065e+03 -9.47653706e+02
1.28787879e-05 -6.81818182e-06 3.00005893e+08 3.36930908e+03 -1.20510715e+03
1.33838384e-05 -6.81818182e-06 3.00005541e+08 3.70225042e+03 -1.56540570e+03
1.38888889e-05 -6.81818182e-06 3.00005097e+08 3.91291445e+03 -2.03290120e+03
1.43939394e-05 -6.81818182e-06 3.00004569e+08 3.95152751e+03 -2.60190169e+03
1.48989899e-05 -6.81818182e-06 3.00003980e+08 3.76607494e+03 -3.25311739e+03
1.54040404e-05 -6.81818182e-06 3.00003363e+08 3.30849327e+03 -3.95093190e+03
1.59090909e-05 -6.81818182e-06 3.00002766e+08 2.54285355e+03 -4.64256117e+03
1.64141414e-05 -6.81818182e-06 3.00002241e+08 1.45460097e+03 -5.26019451e+03
1.69191919e-05 -6.81818182e-06 3.00001844e+08 5.91551859e+01 -5.72688747e+03
1.74242424e-05 -6.81818182e-06 3.00001621e+08 -1.59240576e+03 -5.96621512e+03
1.79292929e-05 -6.81818182e-06 3.00001601e+08 -3.41292565e+03 -5.91456328e+03
1.84343434e-05 -6.81818182e-06 3.00001788e+08 -5.28563396e+03 -5.53372185e+03
1.89393939e-05 -6.81818182e-06 3.00002154e+08 -7.07752681e+03 -4.82063127e+03
1.94444444e-05 -6.81818182e-06 3.00002647e+08 -8.65759932e+03 -3.81124401e+03
1.99494949e-05 -6.81818182e-06 3.00003198e+08 -9.91601006e+03 -2.57675873e+03
2.04545455e-05 -6.81818182e-06 3.00003730e+08 -1.07795380e+04 -1.21267968e+03
2.09595960e-05 -6.81818182e-06 3.00004176e+08 -1.12196164e+04 1.76593698e+02
2.14646465e-05 -6.81818182e-06 3.00004486e+08 -1.12515204e+04 1.49363771e+03
2.19696970e-05 -6.81818182e-06 3.00004633e+08 -1.09259562e+04 2.66053830e+03
2.24747475e-05 -6.81818182e-06 3.00004615e+08 -1.03162083e+04 3.62580281e+03
2.29797980e-05 -6.81818182e-06 3.00004446e+08 -9.50451692e+03 4.36535991e+03
2.34848485e-05 -6.81818182e-06 3.00004155e+08 -8.57059814e+03 4.87895872e+03
2.39898990e-05 -6.81818182e-06 3.00003775e+08 -7.58383150e+03 5.18401251e+03
2.44949495e-05 -6.81818182e-06 3.00003338e+08 -6.59929652e+03 5.30883779e+03
2.50000000e-05 -6.81818182e-06 3.00002876e+08 -5.65695924e+03 5.28665952e+03
-2.50000000e-05 -6.31313131e-06 3.00001863e+08 -4.49625123e+02 -5.67142747e+00
-2.44949495e-05 -6.31313131e-06 3.00002035e+08 -3.72979834e+02 -1.44485527e+01
-2.39898990e-05 -6.31313131e-06 3.00002220e+08 -2.89839289e+02 -3.03105201e+01
-2.34848485e-05 -6.31313131e-06 3.00002417e+08 -2.00407687e+02 -5.42801585e+01
-2.29797980e-05 -6.31313131e-06 3.00002627e+08 -1.04994289e+02 -8.74009992e+01
-2.24747475e-05 -6.31313131e-06 3.00002850e+08 -4.01361133e+00 -1.30707830e+02
-2.19696970e-05 -6.31313131e-06 3.00003088e+08 1.02022473e+02 -1.85184112e+02
-2.14646465e-05 -6.31313131e-06 3.00003340e+08 2.12526088e+02 -2.51699547e+02
-2.09595960e-05 -6.31313131e-06 3.00003608e+08 3.26878111e+02 -3.30916638e+02
-2.04545455e-05 -6.31313131e-06 3.00003892e+08 4.44515800e+02 -4.23147852e+02
-1.99494949e-05 -6.31313131e-06 3.00004194e+08 5.65103768e+02 -5.28134133e+02
-1.94444444e-05 -6.31313131e-06 3.00004511e+08 6.88876092e+02 -6.44704177e+02
-1.89393939e-05 -6.31313131e-06 3.00004844e+08 8.17346501e+02 -7.70287403e+02
-1.84343434e-05 -6.31313131e-06 3.00005184e+08 9.54825949e+02 -9.00425465e+02
-1.79292929e-05 -6.31313131e-06 3.00005513e+08 1.11159477e+03 -1.02941170e+03
-1.74242424e-05 -6.31313131e-06 3.00005789e+08 1.30892609e+03 -1.15806075e+03
-1.69191919e-05 -6.31313131e-06 3.00005921e+08 1.57044684e+03 -1.33494157e+03
-1.64141414e-05 -6.31313131e-06 3.00005859e+08 1.76110867e+03 -1.77504090e+03
-1.59090909e-05 -6.31313131e-06 3.00005974e+08 1.18692018e+03 -2.45310377e+03
-1.54040404e-05 -6.31313131e-06 3.00005977e+08 1.09527026e+03 -2.54877955e+03
-1.48989899e-05 -6.31313131e-06 3.00006547e+08 1.71769151e+03 -3.34635993e+03
-1.43939394e-05 -6.31313131e-06 3.00007651e+08 1.96469503e+03 -4.26406170e+03
-1.38888889e-05 -6.31313131e-06 3.00008870e+08 2.01965552e+03 -5.06932014e+03
-1.33838384e-05 -6.31313131e-06 3.00010157e+08 2.03697968e+03 -5.81880243e+03
-1.28787879e-05 -6.31313131e-06 3.00011534e+08 2.09968740e+03 -6.53369116e+03
-1.23737374e-05 -6.31313131e-06 3.00012994e+08 2.29825415e+03 -7.24243138e+03
-1.18686869e-05 -6.31313131e-06 3.00014519e+08 2.67396042e+03 -8.06007335e+03
-1.13636364e-05 -6.31313131e-06 3.00016212e+08 2.99307953e+03 -9.09552941e+03
-1.08585859e-05 -6.31313131e-06 3.00018050e+08 3.09196773e+03 -1.01582448e+04
-1.03535354e-05 -6.31313131e-06 3.00019875e+08 3.16674433e+03 -1.11459077e+04
-9.84848485e-06 -6.31313131e-06 3.00021651e+08 3.33201168e+03 -1.21125915e+04
-9.34343434e-06 -6.31313131e-06 3.00023338e+08 3.54623229e+03 -1.30565827e+04
-8.83838384e-06 -6.31313131e-06 3.00024792e+08 3.68072307e+03 -1.38970458e+04
-8.33333333e-06 -6.31313131e-06 3.00025747e+08 3.50616372e+03 -1.45103201e+04
-7.82828283e-06 -6.31313131e-06 3.00025828e+08 2.64007211e+03 -1.47858535e+04
-7.32323232e-06 -6.31313131e-06 3.00024632e+08 5.23181582e+02 -1.47376970e+04
-6.81818182e-06 -6.31313131e-06 3.00021894e+08 -3.47089441e+03 -1.46821403e+04
-6.31313131e-06 -6.31313131e-06 3.00017664e+08 -9.67329189e+03 -1.53728276e+04
-5.80808081e-06 -6.31313131e-06 3.00012217e+08 -1.75670543e+04 -1.78156824e+04
-5.30303030e-06 -6.31313131e-06 3.00005367e+08 -2.55248558e+04 -2.25565410e+04
-4.79797980e-06 -6.31313131e-06 2.99995201e+08 -3.14329469e+04 -2.87518412e+04
-4.29292929e-06 -6.31313131e-06 2.99976300e+08 -3.41307637e+04 -3.35423510e+04
-3.78787879e-06 -6.31313131e-06 2.99936374e+08 -3.56247203e+04 -3.14708399e+04
-3.28282828e-06 -6.31313131e-06 2.99863234e+08 -4.56085235e+04 -2.35468047e+04
-2.77777778e-06 -6.31313131e-06 2.99880957e+08 9.23034723e+04 -5.34787707e+04
-2.27272727e-06 -6.31313131e-06 2.99855589e+08 1.80867201e+05 1.09077742e+05
-1.76767677e-06 -6.31313131e-06 2.99907764e+08 7.28404288e+04 1.11105195e+05
-1.26262626e-06 -6.31313131e-06 2.99954709e+08 2.37011932e+04 7.18989163e+04
-7.57575758e-07 -6.31313131e-06 2.99979078e+08 5.80917377e+03 4.54810731e+04
-2.52525253e-07 -6.31313131e-06 2.99991460e+08 -1.07352705e+03 2.95673201e+04
2.52525253e-07 -6.31313131e-06 2.99998004e+08 -3.77751497e+03 1.97278918e+04
7.57575758e-07 -6.31313131e-06 3.00001579e+08 -4.74176219e+03 1.33965861e+04
1.26262626e-06 -6.31313131e-06 3.00003565e+08 -4.93797954e+03 9.17667630e+03
1.76767677e-06 -6.31313131e-06 3.00004663e+08 -4.78891825e+03 6.28312887e+03
2.27272727e-06 -6.31313131e-06 3.00005253e+08 -4.48975318e+03 4.25464620e+03
2.77777778e-06 -6.31313131e-06 3.00005549e+08 -4.13348472e+03 2.80870959e+03
3.28282828e-06 -6.31313131e-06 3.00005677e+08 -3.76444939e+03 1.76602061e+03
3.78787879e-06 -6.31313131e-06 3.00005712e+08 -3.40280317e+03 1.00931299e+03
4.29292929e-06 -6.31313131e-06 3.00005700e+08 -3.05633100e+03 4.59912830e+02
4.79797980e-06 -6.31313131e-06 3.00005672e+08 -2.72636560e+03 6.38708950e+01
5.30303030e-06 -6.31313131e-06 3.00005645e+08 -2.41082982e+03 -2.16533065e+02
5.80808081e-06 -6.31313131e-06 3.00005631e+08 -2.10582062e+03 -4.08166023e+02
6.31313131e-06 -6.31313131e-06 3.00005636e+08 -1.80643530e+03 -5.30553783e+02
6.81818182e-06 -6.31313131e-06 3.00005665e+08 -1.50720243e+03 -5.98256656e+02
7.32323232e-06 -6.31313131e-06 3.00005720e+08 -1.20231533e+03 -6.22544255e+02
7.82828283e-06 -6.31313131e-06 3.00005799e+08 -8.85785013e+02 -6.12638599e+02
8.33333333e-06 -6.31313131e-06 3.00005900e+08 -5.51591376e+02 -5.76695951e+02
8.83838384e-06 -6.31313131e-06 3.00006019e+08 -1.93895120e+02 -5.22635646e+02
9.34343434e-06 -6.31313131e-06 3.00006149e+08 1.92630233e+02 -4.58880561e+02
9.84848485e-06 -6.31313131e-06 3.00006281e+08 6.12285033e+02 -3.95037619e+02
1.03535354e-05 -6.31313131e-06 3.00006404e+08 1.06758529e+03 -3.42510024e+02
1.08585859e-05 -6.31313131e-06 3.00006502e+08 1.55820032e+03 -3.14990356e+02
1.13636364e-05 -6.31313131e-06 3.00006559e+08 2.07954717e+03 -3.28732552e+02
1.18686869e-05 -6.31313131e-06 3.00006556e+08 2.62104995e+03 -4.02442649e+02
1.23737374e-05 -6.31313131e-06 3.00006472e+08 3.16416078e+03 -5.56572072e+02
1.28787879e-05 -6.31313131e-06 3.00006289e+08 3.68037777e+03 -8.11762632e+02
1.33838384e-05 -6.31313131e-06 3.00005992e+08 4.12968488e+03 -1.18621183e+03
1.38888889e-05 -6.31313131e-06 3.00005572e+08 4.46005365e+03 -1.69184331e+03
1.43939394e-05 -6.31313131e-06 3.00005035e+08 4.60882698e+03 -2.32942132e+03
1.48989899e-05 -6.31313131e-06 3.00004400e+08 4.50684828e+03 -3.08315600e+03
1.54040404e-05 -6.31313131e-06 3.00003706e+08 4.08597445e+03 -3.91586519e+03
1.59090909e-05 -6.31313131e-06 3.00003008e+08 3.29000182e+03 -4.76625758e+03
1.64141414e-05 -6.31313131e-06 3.00002376e+08 2.08801463e+03 -5.55015604e+03
1.69191919e-05 -6.31313131e-06 3.00001885e+08 4.87878821e+02 -6.16721515e+03
1.74242424e-05 -6.31313131e-06 3.00001601e+08 -1.45357668e+03 -6.51368223e+03
1.79292929e-05 -6.31313131e-06 3.00001567e+08 -3.62764867e+03 -6.49999923e+03
1.84343434e-05 -6.31313131e-06 3.00001793e+08 -5.88128340e+03 -6.06991093e+03
1.89393939e-05 -6.31313131e-06 3.00002246e+08 -8.03580141e+03 -5.21604343e+03
1.94444444e-05 -6.31313131e-06 3.00002857e+08 -9.91398951e+03 -3.98669066e+03
1.99494949e-05 -6.31313131e-06 3.00003530e+08 -1.13692408e+04 -2.48050732e+03
2.04545455e-05 -6.31313131e-06 3.00004163e+08 -1.23088532e+04 -8.29625407e+02
2.09595960e-05 -6.31313131e-06 3.00004669e+08 -1.27051334e+04 8.24188972e+02
2.14646465e-05 -6.31313131e-06 3.00004986e+08 -1.25921519e+04 2.35339969e+03
2.19696970e-05 -6.31313131e-06 3.00005090e+08 -1.20508326e+04 3.66226707e+03
2.24747475e-05 -6.31313131e-06 3.00004986e+08 -1.11882274e+04 4.69481612e+03
2.29797980e-05 -6.31313131e-06 3.00004704e+08 -1.01171958e+04 5.43354605e+03
2.34848485e-05 -6.31313131e-06 3.00004288e+08 -8.94084211e+03 5.89177228e+03
2.39898990e-05 -6.31313131e-06 3.00003785e+08 -7.74337912e+03 6.10326495e+03
2.44949495e-05 -6.31313131e-06 3.00003236e+08 -6.58689392e+03 6.11219793e+03
2.50000000e-05 -6.31313131e-06 3.00002679e+08 -5.51234404e+03 5.96515994e+03
-2.50000000e-05 -5.80808081e-06 3.00001855e+08 -4.44595548e+02 -3.39652148e+01
-2.44949495e-05 -5.80808081e-06 3.00002033e+08 -3.61254270e+02 -4.15825933e+01
-2.39898990e-05 -5.80808081e-06 3.00002222e+08 -2.70361574e+02 -5.65424576e+01
-2.34848485e-05 -5.80808081e-06 3.00002425e+08 -1.72082558e+02 -7.99805580e+01
-2.29797980e-05 -5.80808081e-06 3.00002642e+08 -6.67121160e+01 -1.13069658e+02
-2.24747475e-05 -5.80808081e-06 3.00002873e+08 4.53134518e+01 -1.56990495e+02
-2.19696970e-05 -5.80808081e-06 3.00003120e+08 1.63406993e+02 -2.12888879e+02
-2.14646465e-05 -5.80808081e-06 3.00003382e+08 2.86824162e+02 -2.81810908e+02
-2.09595960e-05 -5.80808081e-06 3.00003663e+08 4.14661817e+02 -3.64601504e+02
-2.04545455e-05 -5.80808081e-06 3.00003963e+08 5.45864664e+02 -4.61737712e+02
-1.99494949e-05 -5.80808081e-06 3.00004284e+08 6.79249278e+02 -5.73038930e+02
-1.94444444e-05 -5.80808081e-06 3.00004630e+08 8.13571548e+02 -6.97130297e+02
-1.89393939e-05 -5.80808081e-06 3.00005003e+08 9.47718059e+02 -8.30376757e+02
-1.84343434e-05 -5.80808081e-06 3.00005407e+08 1.08129200e+03 -9.64593977e+02
-1.79292929e-05 -5.80808081e-06 3.00005843e+08 1.21660842e+03 -1.08169621e+03
-1.74242424e-05 -5.80808081e-06 3.00006297e+08 1.36648441e+03 -1.14017867e+03
-1.69191919e-05 -5.80808081e-06 3.00006677e+08 1.59000600e+03 -1.04240084e+03
-1.64141414e-05 -5.80808081e-06 3.00006447e+08 2.15908079e+03 -6.60693743e+02
-1.59090909e-05 -5.80808081e-06 3.00004295e+08 2.16047041e+03 -1.82471960e+03
-1.54040404e-05 -5.80808081e-06 3.00002281e+08 3.40108413e+03 -1.62280913e+03
-1.48989899e-05 -5.80808081e-06 3.00005117e+08 3.13656448e+03 -3.51748871e+03
-1.43939394e-05 -5.80808081e-06 3.00006972e+08 2.85684615e+03 -4.56610486e+03
-1.38888889e-05 -5.80808081e-06 3.00008242e+08 2.78270903e+03 -5.30364960e+03
-1.33838384e-05 -5.80808081e-06 3.00009477e+08 2.74351867e+03 -6.07200365e+03
-1.28787879e-05 -5.80808081e-06 3.00010795e+08 2.76860388e+03 -6.77862935e+03
-1.23737374e-05 -5.80808081e-06 3.00012264e+08 2.90510269e+03 -7.37921296e+03
-1.18686869e-05 -5.80808081e-06 3.00013653e+08 3.51048847e+03 -7.88875670e+03
-1.13636364e-05 -5.80808081e-06 3.00015153e+08 4.01021950e+03 -8.84735336e+03
-1.08585859e-05 -5.80808081e-06 3.00016562e+08 3.87991574e+03 -9.53775984e+03
-1.03535354e-05 -5.80808081e-06 3.00017559e+08 3.88164465e+03 -1.00048167e+04
-9.84848485e-06 -5.80808081e-06 3.00018333e+08 4.02860148e+03 -1.04638955e+04
-9.34343434e-06 -5.80808081e-06 3.00018879e+08 4.15600845e+03 -1.08650572e+04
-8.83838384e-06 -5.80808081e-06 3.00019029e+08 4.09134306e+03 -1.10964385e+04
-8.33333333e-06 -5.80808081e-06 3.00018532e+08 3.60898941e+03 -1.10536523e+04
-7.82828283e-06 -5.80808081e-06 3.00017091e+08 2.39781408e+03 -1.06833506e+04
-7.32323232e-06 -5.80808081e-06 3.00014436e+08 8.11169025e+01 -1.00493929e+04
-6.81818182e-06 -5.80808081e-06 3.00010390e+08 -3.67390593e+03 -9.40353692e+03
-6.31313131e-06 -5.80808081e-06 3.00004904e+08 -8.94548712e+03 -9.18250158e+03
-5.80808081e-06 -5.80808081e-06 2.99997905e+08 -1.53422420e+04 -9.82409789e+03
-5.30303030e-06 -5.80808081e-06 2.99988920e+08 -2.20175400e+04 -1.13988467e+04
-4.79797980e-06 -5.80808081e-06 2.99976685e+08 -2.81020403e+04 -1.33243029e+04
-4.29292929e-06 -5.80808081e-06 2.99959482e+08 -3.33004030e+04 -1.48025683e+04
-3.78787879e-06 -5.80808081e-06 2.99938790e+08 -3.67148414e+04 -1.74776451e+04
-3.28282828e-06 -5.80808081e-06 2.99930387e+08 -2.39106692e+04 -2.97521132e+04
-2.77777778e-06 -5.80808081e-06 2.99942458e+08 4.45603622e+04 -3.27682707e+04
-2.27272727e-06 -5.80808081e-06 2.99932535e+08 1.00667003e+05 2.06899554e+04
-1.76767677e-06 -5.80808081e-06 2.99931151e+08 7.98012207e+04 5.78791315e+04
-1.26262626e-06 -5.80808081e-06 2.99948047e+08 4.52084147e+04 5.73399599e+04
-7.57575758e-07 -5.80808081e-06 2.99965724e+08 2.28932742e+04 4.52932735e+04
-2.52525253e-07 -5.80808081e-06 2.99978639e+08 1.07051132e+04 3.35914119e+04
2.52525253e-07 -5.80808081e-06 2.99987243e+08 4.21520026e+03 2.45428540e+04
7.57575758e-07 -5.80808081e-06 2.99992866e+08 7.49571843e+02 1.79238921e+04
1.26262626e-06 -5.80808081e-06 2.99996554e+08 -1.09570821e+03 1.31282719e+04
1.76767677e-06 -5.80808081e-06 2.99998997e+08 -2.05226141e+03 9.63609083e+03
2.27272727e-06 -5.80808081e-06 3.00000636e+08 -2.51033275e+03 7.06899704e+03
2.77777778e-06 -5.80808081e-06 3.00001749e+08 -2.68396549e+03 5.16315081e+03
3.28282828e-06 -5.80808081e-06 3.00002519e+08 -2.69342069e+03 3.73587609e+03
3.78787879e-06 -5.80808081e-06 3.00003062e+08 -2.60740133e+03 2.65999490e+03
4.29292929e-06 -5.80808081e-06 3.00003457e+08 -2.46538753e+03 1.84607136e+03
4.79797980e-06 -5.80808081e-06 3.00003758e+08 -2.28981889e+03 1.23048948e+03
5.30303030e-06 -5.80808081e-06 3.00004002e+08 -2.09291874e+03 7.67473521e+02
5.80808081e-06 -5.80808081e-06 3.00004213e+08 -1.88060117e+03 4.23700579e+02
6.31313131e-06 -5.80808081e-06 3.00004410e+08 -1.65474578e+03 1.74604790e+02
6.81818182e-06 -5.80808081e-06 3.00004606e+08 -1.41454035e+03 1.78347393e+00
7.32323232e-06 -5.80808081e-06 3.00004808e+08 -1.15728774e+03 -1.08882809e+02
7.82828283e-06 -5.80808081e-06 3.00005022e+08 -8.78913639e+02 -1.68655480e+02
8.33333333e-06 -5.80808081e-06 3.00005251e+08 -5.74327769e+02 -1.87085178e+02
8.83838384e-06 -5.80808081e-06 3.00005493e+08 -2.37751304e+02 -1.73003278e+02
9.34343434e-06 -5.80808081e-06 3.00005745e+08 1.36892562e+02 -1.35440542e+02
9.84848485e-06 -5.80808081e-06 3.00006002e+08 5.55427731e+02 -8.45215652e+01
1.03535354e-05 -5.80808081e-06 3.00006251e+08 1.02260957e+03 -3.23464170e+01
1.08585859e-05 -5.80808081e-06 3.00006479e+08 1.54093348e+03 6.17731559e+00
1.13636364e-05 -5.80808081e-06 3.00006668e+08 2.10896281e+03 1.26543753e+01
1.18686869e-05 -5.80808081e-06 3.00006794e+08 2.71910753e+03 -3.51382836e+01
1.23737374e-05 -5.80808081e-06 3.00006833e+08 3.35487528e+03 -1.62962551e+02
1.28787879e-05 -5.80808081e-06 3.00006758e+08 3.98778606e+03 -3.98816720e+02
1.33838384e-05 -5.80808081e-06 3.00006544e+08 4.57440952e+03 -7.70188631e+02
1.38888889e-05 -5.80808081e-06 3.00006175e+08 5.05433870e+03 -1.29950545e+03
1.43939394e-05 -5.80808081e-06 3.00005646e+08 5.35029135e+03 -1.99769685e+03
1.48989899e-05 -5.80808081e-06 3.00004973e+08 5.37178284e+03 -2.85633599e+03
1.54040404e-05 -5.80808081e-06 3.00004195e+08 5.02372079e+03 -3.83963458e+03
1.59090909e-05 -5.80808081e-06 3.00003378e+08 4.22058201e+03 -4.87849266e+03
1.64141414e-05 -5.80808081e-06 3.00002610e+08 2.90539466e+03 -5.86950628e+03
1.69191919e-05 -5.80808081e-06 3.00001991e+08 1.07066151e+03 -6.68183624e+03
1.74242424e-05 -5.80808081e-06 3.00001616e+08 -1.22388164e+03 -7.17365448e+03
1.79292929e-05 -5.80808081e-06 3.00001553e+08 -3.84324278e+03 -7.21727899e+03
1.84343434e-05 -5.80808081e-06 3.00001822e+08 -6.58493676e+03 -6.72844303e+03
1.89393939e-05 -5.80808081e-06 3.00002384e+08 -9.20512813e+03 -5.69167279e+03
1.94444444e-05 -5.80808081e-06 3.00003143e+08 -1.14595681e+04 -4.17250668e+03
1.99494949e-05 -5.80808081e-06 3.00003968e+08 -1.31490305e+04 -2.31010839e+03
2.04545455e-05 -5.80808081e-06 3.00004720e+08 -1.41554189e+04 -2.90606904e+02
2.09595960e-05 -5.80808081e-06 3.00005283e+08 -1.44572509e+04 1.69074335e+03
2.14646465e-05 -5.80808081e-06 3.00005585e+08 -1.41212065e+04 3.46615955e+03
2.19696970e-05 -5.80808081e-06 3.00005607e+08 -1.32755206e+04 4.91989731e+03
2.24747475e-05 -5.80808081e-06 3.00005372e+08 -1.20762885e+04 5.99619613e+03
2.29797980e-05 -5.80808081e-06 3.00004932e+08 -1.06773153e+04 6.69276695e+03
2.34848485e-05 -5.80808081e-06 3.00004353e+08 -9.20974173e+03 7.04591764e+03
2.39898990e-05 -5.80808081e-06 3.00003697e+08 -7.77260272e+03 7.11372554e+03
2.44949495e-05 -5.80808081e-06 3.00003018e+08 -6.43206916e+03 6.96166778e+03
2.50000000e-05 -5.80808081e-06 3.00002358e+08 -5.22592175e+03 6.65260378e+03
-2.50000000e-05 -5.30303030e-06 3.00001829e+08 -4.41379866e+02 -5.34225259e+01
-2.44949495e-05 -5.30303030e-06 3.00002009e+08 -3.51181697e+02 -5.86997963e+01
-2.39898990e-05 -5.30303030e-06 3.00002203e+08 -2.52263500e+02 -7.14882114e+01
-2.34848485e-05 -5.30303030e-06 3.00002410e+08 -1.44729278e+02 -9.30555875e+01
-2.29797980e-05 -5.30303030e-06 3.00002631e+08 -2.88334374e+01 -1.24737640e+02
-2.24747475e-05 -5.30303030e-06 3.00002868e+08 9.49983417e+01 -1.67918323e+02
-2.19696970e-05 -5.30303030e-06 3.00003120e+08 2.26145980e+02 -2.24002456e+02
-2.14646465e-05 -5.30303030e-06 3.00003390e+08 3.63767082e+02 -2.94377607e+02
-2.09595960e-05 -5.30303030e-06 3.00003679e+08 5.06758818e+02 -3.80359939e+02
-2.04545455e-05 -5.30303030e-06 3.00003989e+08 6.53698423e+02 -4.83114089e+02
-1.99494949e-05 -5.30303030e-06 3.00004324e+08 8.02738808e+02 -6.03527724e+02
-1.94444444e-05 -5.30303030e-06 3.00004691e+08 9.51407796e+02 -7.42000851e+02
-1.89393939e-05 -5.30303030e-06 3.00005096e+08 1.09619028e+03 -8.98062646e+02
-1.84343434e-05 -5.30303030e-06 3.00005558e+08 1.23158187e+03 -1.06961059e+03
-1.79292929e-05 -5.30303030e-06 3.00006106e+08 1.34769766e+03 -1.25124426e+03
-1.74242424e-05 -5.30303030e-06 3.00006811e+08 1.42320216e+03 -1.43019439e+03
-1.69191919e-05 -5.30303030e-06 3.00007875e+08 1.39862533e+03 -1.57534507e+03
-1.64141414e-05 -5.30303030e-06 3.00010179e+08 1.02211640e+03 -1.61641373e+03
-1.59090909e-05 -5.30303030e-06 3.00025202e+08 -2.47317913e+03 -3.14237719e+03
-1.54040404e-05 -5.30303030e-06 3.00032697e+08 -3.87387527e+03 2.33121667e+04
-1.48989899e-05 -5.30303030e-06 3.00056182e+08 -6.02449867e+03 -6.82754087e+03
-1.43939394e-05 -5.30303030e-06 3.00020835e+08 1.49291344e+04 -1.60361625e+04
-1.38888889e-05 -5.30303030e-06 3.00005167e+08 1.41573031e+04 -6.85533626e+03
-1.33838384e-05 -5.30303030e-06 3.00005174e+08 8.13782158e+03 -4.46675311e+03
-1.28787879e-05 -5.30303030e-06 3.00007855e+08 5.09260539e+03 -5.46883586e+03
-1.23737374e-05 -5.30303030e-06 3.00010410e+08 3.75857887e+03 -7.00081607e+03
-1.18686869e-05 -5.30303030e-06 3.00012750e+08 3.96195622e+03 -7.28180215e+03
-1.13636364e-05 -5.30303030e-06 3.00015000e+08 4.62501423e+03 -8.82856892e+03
-1.08585859e-05 -5.30303030e-06 3.00015215e+08 4.01190039e+03 -8.40707923e+03
-1.03535354e-05 -5.30303030e-06 3.00015017e+08 4.13311917e+03 -8.38277190e+03
-9.84848485e-06 -5.30303030e-06 3.00014840e+08 4.28661367e+03 -8.50813103e+03
-9.34343434e-06 -5.30303030e-06 3.00014468e+08 4.28115199e+03 -8.54692932e+03
-8.83838384e-06 -5.30303030e-06 3.00013666e+08 3.97562826e+03 -8.37576014e+03
-8.33333333e-06 -5.30303030e-06 3.00012201e+08 3.18716985e+03 -7.92689291e+03
-7.82828283e-06 -5.30303030e-06 3.00009855e+08 1.68406792e+03 -7.19406492e+03
-7.32323232e-06 -5.30303030e-06 3.00006455e+08 -7.79228361e+02 -6.26350894e+03
-6.81818182e-06 -5.30303030e-06 3.00001904e+08 -4.38094640e+03 -5.33706390e+03
-6.31313131e-06 -5.30303030e-06 2.99996178e+08 -9.11870259e+03 -4.70745769e+03
-5.80808081e-06 -5.30303030e-06 2.99989272e+08 -1.47231787e+04 -4.66361377e+03
-5.30303030e-06 -5.30303030e-06 2.99981129e+08 -2.06736178e+04 -5.38622454e+03
-4.79797980e-06 -5.30303030e-06 2.99971820e+08 -2.62623416e+04 -7.03195212e+03
-4.29292929e-06 -5.30303030e-06 2.99962420e+08 -3.02267973e+04 -1.02648255e+04
-3.78787879e-06 -5.30303030e-06 2.99956658e+08 -2.86963739e+04 -1.68132736e+04
-3.28282828e-06 -5.30303030e-06 2.99959495e+08 -1.18677946e+04 -2.60834135e+04
-2.77777778e-06 -5.30303030e-06 2.99965290e+08 2.56429324e+04 -2.48324574e+04
-2.27272727e-06 -5.30303030e-06 2.99961420e+08 5.82416793e+04 -1.55433981e+03
-1.76767677e-06 -5.30303030e-06 2.99955808e+08 6.14102440e+04 2.42805393e+04
-1.26262626e-06 -5.30303030e-06 2.99958283e+08 4.68161795e+04 3.55544965e+04
-7.57575758e-07 -5.30303030e-06 2.99966096e+08 3.07968968e+04 3.52344072e+04
-2.52525253e-07 -5.30303030e-06 2.99974636e+08 1.88619878e+04 3.02571386e+04
2.52525253e-07 -5.30303030e-06 2.99981877e+08 1.09933830e+04 2.44604255e+04
7.57575758e-07 -5.30303030e-06 2.99987455e+08 6.01612999e+03 1.92563409e+04
1.26262626e-06 -5.30303030e-06 2.99991593e+08 2.90883595e+03 1.49795586e+04
1.76767677e-06 -5.30303030e-06 2.99994625e+08 9.79255396e+02 1.15854472e+04
2.27272727e-06 -5.30303030e-06 2.99996846e+08 -2.09930387e+02 8.92764092e+03
2.77777778e-06 -5.30303030e-06 2.99998483e+08 -9.30065570e+02 6.85448093e+03
3.28282828e-06 -5.30303030e-06 2.99999704e+08 -1.34963687e+03 5.23700256e+03
3.78787879e-06 -5.30303030e-06 3.00000630e+08 -1.57398109e+03 3.97307007e+03
4.29292929e-06 -5.30303030e-06 3.00001348e+08 -1.66940684e+03 2.98417935e+03
4.79797980e-06 -5.30303030e-06 3.00001920e+08 -1.67776480e+03 2.21074688e+03
5.30303030e-06 -5.30303030e-06 3.00002393e+08 -1.62529610e+03 1.60775244e+03
5.80808081e-06 -5.30303030e-06 3.00002800e+08 -1.52805397e+03 1.14119110e+03
6.31313131e-06 -5.30303030e-06 3.00003167e+08 -1.39525424e+03 7.85316680e+02
6.81818182e-06 -5.30303030e-06 3.00003512e+08 -1.23135929e+03 5.20526009e+02
7.32323232e-06 -5.30303030e-06 3.00003849e+08 -1.03738114e+03 3.31717609e+02
7.82828283e-06 -5.30303030e-06 3.00004189e+08 -8.11705934e+02 2.06976677e+02
8.33333333e-06 -5.30303030e-06 3.00004538e+08 -5.50639629e+02 1.36462678e+02
8.83838384e-06 -5.30303030e-06 3.00004899e+08 -2.48821179e+02 1.11397579e+02
9.34343434e-06 -5.30303030e-06 3.00005274e+08 1.00371506e+02 1.23071840e+02
9.84848485e-06 -5.30303030e-06 3.00005657e+08 5.04296326e+02 1.61805465e+02
1.03535354e-05 -5.30303030e-06 3.00006041e+08 9.70259126e+02 2.15829289e+02
1.08585859e-05 -5.30303030e-06 3.00006412e+08 1.50429490e+03 2.70096357e+02
1.13636364e-05 -5.30303030e-06 3.00006752e+08 2.10932937e+03 3.05105877e+02
1.18686869e-05 -5.30303030e-06 3.00007034e+08 2.78253787e+03 2.95933685e+02
1.23737374e-05 -5.30303030e-06 3.00007228e+08 3.51178588e+03 2.11817762e+02
1.28787879e-05 -5.30303030e-06 3.00007298e+08 4.27121247e+03 1.68314750e+01
1.33838384e-05 -5.30303030e-06 3.00007209e+08 5.01635794e+03 -3.27657311e+02
1.38888889e-05 -5.30303030e-06 3.00006928e+08 5.67976816e+03 -8.57995990e+02
1.43939394e-05 -5.30303030e-06 3.00006439e+08 6.16868476e+03 -1.60020361e+03
1.48989899e-05 -5.30303030e-06 3.00005746e+08 6.36707278e+03 -2.55901228e+03
1.54040404e-05 -5.30303030e-06 3.00004884e+08 6.14449239e+03 -3.70531848e+03
1.59090909e-05 -5.30303030e-06 3.00003928e+08 5.37371647e+03 -4.96495352e+03
1.64141414e-05 -5.30303030e-06 3.00002988e+08 3.95711788e+03 -6.21320568e+03
1.69191919e-05 -5.30303030e-06 3.00002198e+08 1.85862631e+03 -7.28020353e+03
1.74242424e-05 -5.30303030e-06 3.00001693e+08 -8.65958154e+02 -7.97116635e+03
1.79292929e-05 -5.30303030e-06 3.00001577e+08 -4.05093695e+03 -8.10191732e+03
1.84343434e-05 -5.30303030e-06 3.00001890e+08 -7.42628516e+03 -7.54398090e+03
1.89393939e-05 -5.30303030e-06 3.00002586e+08 -1.06536660e+04 -6.26669256e+03
1.94444444e-05 -5.30303030e-06 3.00003536e+08 -1.33892731e+04 -4.35979916e+03
1.99494949e-05 -5.30303030e-06 3.00004552e+08 -1.53566866e+04 -2.02355080e+03
2.04545455e-05 -5.30303030e-06 3.00005441e+08 -1.64046894e+04 4.74471123e+02
2.09595960e-05 -5.30303030e-06 3.00006050e+08 -1.65290372e+04 2.86118302e+03
2.14646465e-05 -5.30303030e-06 3.00006297e+08 -1.58529877e+04 4.91535034e+03
2.19696970e-05 -5.30303030e-06 3.00006178e+08 -1.45792327e+04 6.50151118e+03
2.24747475e-05 -5.30303030e-06 3.00005746e+08 -1.29347200e+04 7.57469056e+03
2.29797980e-05 -5.30303030e-06 3.00005088e+08 -1.11265461e+04 8.16283682e+03
2.34848485e-05 -5.30303030e-06 3.00004299e+08 -9.31704398e+03 8.33948025e+03
2.39898990e-05 -5.30303030e-06 3.00003462e+08 -7.61682683e+03 8.19744117e+03
2.44949495e-05 -5.30303030e-06 3.00002639e+08 -6.08978187e+03 7.82941382e+03
2.50000000e-05 -5.30303030e-06 3.00001875e+08 -4.76356942e+03 7.31662968e+03
-2.50000000e-05 -4.79797980e-06 3.00001784e+08 -4.41151938e+02 -6.38810214e+01
-2.44949495e-05 -4.79797980e-06 3.00001966e+08 -3.44044583e+02 -6.55409596e+01
-2.39898990e-05 -4.79797980e-06 3.00002161e+08 -2.36926522e+02 -7.47592557e+01
-2.34848485e-05 -4.79797980e-06 3.00002370e+08 -1.19809302e+02 -9.29435462e+01
-2.29797980e-05 -4.79797980e-06 3.00002593e+08 7.13393508e+00 -1.21608497e+02
-2.24747475e-05 -4.79797980e-06 3.00002832e+08 1.43544284e+02 -1.62369935e+02
-2.19696970e-05 -4.79797980e-06 3.00003087e+08 2.88851144e+02 -2.16940533e+02
-2.14646465e-05 -4.79797980e-06 3.00003360e+08 4.42242893e+02 -2.87131830e+02
-2.09595960e-05 -4.79797980e-06 3.00003651e+08 6.02630872e+02 -3.74872336e+02
-2.04545455e-05 -4.79797980e-06 3.00003965e+08 7.68600629e+02 -4.82262427e+02
-1.99494949e-05 -4.79797980e-06 3.00004304e+08 9.38340587e+02 -6.11711937e+02
-1.94444444e-05 -4.79797980e-06 3.00004674e+08 1.10953558e+03 -7.66269240e+02
-1.89393939e-05 -4.79797980e-06 3.00005087e+08 1.27922557e+03 -9.50419502e+02
-1.84343434e-05 -4.79797980e-06 3.00005559e+08 1.44373601e+03 -1.17212589e+03
-1.79292929e-05 -4.79797980e-06 3.00006124e+08 1.59941379e+03 -1.44849131e+03
-1.74242424e-05 -4.79797980e-06 3.00006840e+08 1.74867176e+03 -1.82306499e+03
-1.69191919e-05 -4.79797980e-06 3.00007810e+08 1.94121527e+03 -2.42169972e+03
-1.64141414e-05 -4.79797980e-06 3.00008943e+08 2.55203259e+03 -3.54980659e+03
-1.59090909e-05 -4.79797980e-06 3.00008028e+08 4.10884253e+03 -3.88323774e+03
-1.54040404e-05 -4.79797980e-06 3.00007357e+08 3.03407312e+03 -5.29724092e+03
-1.48989899e-05 -4.79797980e-06 3.00007242e+08 3.77870620e+03 -6.48222415e+03
-1.43939394e-05 -4.79797980e-06 3.00008817e+08 4.14543351e+03 -8.26270813e+03
-1.38888889e-05 -4.79797980e-06 3.00011112e+08 3.04768602e+03 -1.01019710e+04
-1.33838384e-05 -4.79797980e-06 3.00010611e+08 3.49985645e+03 -7.31911808e+03
-1.28787879e-05 -4.79797980e-06 3.00004554e+08 9.87614235e+03 1.07998080e+04
-1.23737374e-05 -4.79797980e-06 3.00049661e+08 -6.75393942e+03 3.08096704e+04
-1.18686869e-05 -4.79797980e-06 3.00071664e+08 4.32506164e+03 -3.97302211e+04
-1.13636364e-05 -4.79797980e-06 3.00015991e+08 2.87741138e+03 -5.60665573e+03
-1.08585859e-05 -4.79797980e-06 3.00012933e+08 3.92243292e+03 -6.05293300e+03
-1.03535354e-05 -4.79797980e-06 3.00011996e+08 4.26222034e+03 -6.38156770e+03
-9.84848485e-06 -4.79797980e-06 3.00011275e+08 4.32459880e+03 -6.49040352e+03
-9.34343434e-06 -4.79797980e-06 3.00010338e+08 4.11802813e+03 -6.36519117e+03
-8.83838384e-06 -4.79797980e-06 3.00008957e+08 3.55377512e+03 -5.98530355e+03
-8.33333333e-06 -4.79797980e-06 3.00006960e+08 2.49259020e+03 -5.34674383e+03
-7.82828283e-06 -4.79797980e-06 3.00004211e+08 7.69071414e+02 -4.48857931e+03
-7.32323232e-06 -4.79797980e-06 3.00000628e+08 -1.77090665e+03 -3.51747323e+03
-6.81818182e-06 -4.79797980e-06 2.99996203e+08 -5.21204964e+03 -2.61980273e+03
-6.31313131e-06 -4.79797980e-06 2.99991017e+08 -9.49985954e+03 -2.04987819e+03
-5.80808081e-06 -4.79797980e-06 2.99985244e+08 -1.43796305e+04 -2.09960413e+03
-5.30303030e-06 -4.79797980e-06 2.99979216e+08 -1.93429444e+04 -3.09046645e+03
-4.79797980e-06 -4.79797980e-06 2.99973620e+08 -2.34891326e+04 -5.44012112e+03
-4.29292929e-06 -4.79797980e-06 2.99969813e+08 -2.50850657e+04 -9.70452140e+03
-3.78787879e-06 -4.79797980e-06 2.99969629e+08 -2.08549791e+04 -1.59648255e+04
-3.28282828e-06 -4.79797980e-06 2.99973247e+08 -6.79012268e+03 -2.16140393e+04
-2.77777778e-06 -4.79797980e-06 2.99976440e+08 1.60241239e+04 -2.01245653e+04
-2.27272727e-06 -4.79797980e-06 2.99974745e+08 3.65545387e+04 -8.04088623e+03
-1.76767677e-06 -4.79797980e-06 2.99970666e+08 4.42872128e+04 7.97588650e+03
-1.26262626e-06 -4.79797980e-06 2.99969208e+08 4.02775891e+04 1.93507634e+04
-7.57575758e-07 -4.79797980e-06 2.99971454e+08 3.13791955e+04 2.39128341e+04
-2.52525253e-07 -4.79797980e-06 2.99975797e+08 2.24545815e+04 2.37381358e+04
2.52525253e-07 -4.79797980e-06 2.99980608e+08 1.52849772e+04 2.12836640e+04
7.57575758e-07 -4.79797980e-06 2.99985014e+08 1.00339062e+04 1.81054332e+04
1.26262626e-06 -4.79797980e-06 2.99988716e+08 6.34494793e+03 1.49649299e+04
1.76767677e-06 -4.79797980e-06 2.99991700e+08 3.80279409e+03 1.21648156e+04
2.27272727e-06 -4.79797980e-06 2.99994059e+08 2.06796757e+03 9.78540770e+03
2.77777778e-06 -4.79797980e-06 2.99995913e+08 8.92676002e+02 7.81196818e+03
3.28282828e-06 -4.79797980e-06 2.99997373e+08 1.04104752e+02 6.19570082e+03
3.78787879e-06 -4.79797980e-06 2.99998533e+08 -4.16021118e+02 4.88077852e+03
4.29292929e-06 -4.79797980e-06 2.99999467e+08 -7.48044365e+02 3.81523998e+03
4.79797980e-06 -4.79797980e-06 3.00000233e+08 -9.46331092e+02 2.95459751e+03
5.30303030e-06 -4.79797980e-06 3.00000879e+08 -1.04746523e+03 2.26232741e+03
5.80808081e-06 -4.79797980e-06 3.00001439e+08 -1.07574251e+03 1.70914852e+03
6.31313131e-06 -4.79797980e-06 3.00001943e+08 -1.04681247e+03 1.27192655e+03
6.81818182e-06 -4.79797980e-06 3.00002411e+08 -9.70072428e+02 9.32546940e+02
7.32323232e-06 -4.79797980e-06 3.00002863e+08 -8.50225354e+02 6.76872084e+02
7.82828283e-06 -4.79797980e-06 3.00003311e+08 -6.88281123e+02 4.93794989e+02
8.33333333e-06 -4.79797980e-06 3.00003766e+08 -4.82196879e+02 3.74354450e+02
8.83838384e-06 -4.79797980e-06 3.00004236e+08 -2.27305443e+02 3.10854081e+02
9.34343434e-06 -4.79797980e-06 3.00004725e+08 8.33366642e+01 2.95916584e+02
9.84848485e-06 -4.79797980e-06 3.00005232e+08 4.58542300e+02 3.21401575e+02
1.03535354e-05 -4.79797980e-06 3.00005753e+08 9.08358156e+02 3.77123287e+02
1.08585859e-05 -4.79797980e-06 3.00006276e+08 1.44298066e+03 4.49333240e+02
1.13636364e-05 -4.79797980e-06 3.00006784e+08 2.07094212e+03 5.18998626e+02
1.18686869e-05 -4.79797980e-06 3.00007249e+08 2.79623486e+03 5.60031969e+02
1.23737374e-05 -4.79797980e-06 3.00007635e+08 3.61404431e+03 5.37834086e+02
1.28787879e-05 -4.79797980e-06 3.00007897e+08 4.50489481e+03 4.08808598e+02
1.33838384e-05 -4.79797980e-06 3.00007985e+08 5.42738052e+03 1.21857179e+02
1.38888889e-05 -4.79797980e-06 3.00007850e+08 6.31036605e+03 -3.76849129e+02
1.43939394e-05 -4.79797980e-06 3.00007451e+08 7.04663032e+03 -1.13454314e+03
1.48989899e-05 -4.79797980e-06 3.00006773e+08 7.49122106e+03 -2.17735399e+03
1.54040404e-05 -4.79797980e-06 3.00005843e+08 7.46878479e+03 -3.49158745e+03
1.59090909e-05 -4.79797980e-06 3.00004735e+08 6.79400166e+03 -5.00430222e+03
1.64141414e-05 -4.79797980e-06 3.00003582e+08 5.30707895e+03 -6.56960908e+03
1.69191919e-05 -4.79797980e-06 3.00002563e+08 2.92156334e+03 -7.96920280e+03
1.74242424e-05 -4.79797980e-06 3.00001869e+08 -3.25019891e+02 -8.93526993e+03
1.79292929e-05 -4.79797980e-06 3.00001663e+08 -4.23425689e+03 -9.19950455e+03
1.84343434e-05 -4.79797980e-06 3.00002018e+08 -8.44419319e+03 -8.56254722e+03
1.89393939e-05 -4.79797980e-06 3.00002884e+08 -1.24771979e+04 -6.96500804e+03
1.94444444e-05 -4.79797980e-06 3.00004080e+08 -1.58376777e+04 -4.53050500e+03
1.99494949e-05 -4.79797980e-06 3.00005337e+08 -1.81325877e+04 -1.55364788e+03
2.04545455e-05 -4.79797980e-06 3.00006381e+08 -1.91677192e+04 1.57183316e+03
2.09595960e-05 -4.79797980e-06 3.00007006e+08 -1.89785043e+04 4.45761646e+03
2.14646465e-05 -4.79797980e-06 3.00007128e+08 -1.77870232e+04 6.81282240e+03
2.19696970e-05 -4.79797980e-06 3.00006775e+08 -1.59136843e+04 8.48921756e+03
2.24747475e-05 -4.79797980e-06 3.00006055e+08 -1.36864594e+04 9.47438928e+03
2.29797980e-05 -4.79797980e-06 3.00005105e+08 -1.13783905e+04 9.85178485e+03
2.34848485e-05 -4.79797980e-06 3.00004056e+08 -9.18144938e+03 9.75263207e+03
2.39898990e-05 -4.79797980e-06 3.00003012e+08 -7.20837880e+03 9.31693973e+03
2.44949495e-05 -4.79797980e-06 3.00002041e+08 -5.50905639e+03 8.66960816e+03
2.50000000e-05 -4.79797980e-06 3.00001183e+08 -4.09047704e+03 7.91005017e+03
-2.50000000e-05 -4.29292929e-06 3.00001720e+08 -4.45166354e+02 -6.53348941e+01
-2.44949495e-05 -4.29292929e-06 3.00001901e+08 -3.41237131e+02 -6.20083722e+01
-2.39898990e-05 -4.29292929e-06 3.00002096e+08 -2.25885878e+02 -6.61272914e+01
-2.34848485e-05 -4.29292929e-06 3.00002304e+08 -9.89969815e+01 -7.92314477e+01
-2.29797980e-05 -4.29292929e-06 3.00002528e+08 3.93827507e+01 -1.03006025e+02
-2.24747475e-05 -4.29292929e-06 3.00002766e+08 1.89022861e+02 -1.39287200e+02
-2.19696970e-05 -4.29292929e-06 3.00003020e+08 3.49491634e+02 -1.90076000e+02
-2.14646465e-05 -4.29292929e-06 3.00003291e+08 5.20145519e+02 -2.57569999e+02
-2.09595960e-05 -4.29292929e-06 3.00003579e+08 7.00132354e+02 -3.44230852e+02
-2.04545455e-05 -4.29292929e-06 3.00003888e+08 8.88423466e+02 -4.52921840e+02
-1.99494949e-05 -4.29292929e-06 3.00004218e+08 1.08391130e+03 -5.87181774e+02
-1.94444444e-05 -4.29292929e-06 3.00004575e+08 1.28566738e+03 -7.51765779e+02
-1.89393939e-05 -4.29292929e-06 3.00004964e+08 1.49361869e+03 -9.53706583e+02
-1.84343434e-05 -4.29292929e-06 3.00005393e+08 1.71037487e+03 -1.20433905e+03
-1.79292929e-05 -4.29292929e-06 3.00005869e+08 1.94631211e+03 -1.52267878e+03
-1.74242424e-05 -4.29292929e-06 3.00006384e+08 2.23337475e+03 -1.93759921e+03
-1.69191919e-05 -4.29292929e-06 3.00006859e+08 2.65249677e+03 -2.46439486e+03
-1.64141414e-05 -4.29292929e-06 3.00007037e+08 3.27862941e+03 -2.95126692e+03
-1.59090909e-05 -4.29292929e-06 3.00006860e+08 3.56253916e+03 -3.04352252e+03
-1.54040404e-05 -4.29292929e-06 3.00006853e+08 3.20829067e+03 -3.43732436e+03
-1.48989899e-05 -4.29292929e-06 3.00006709e+08 3.37484493e+03 -4.01300294e+03
-1.43939394e-05 -4.29292929e-06 3.00006523e+08 3.83012605e+03 -4.34166892e+03
-1.38888889e-05 -4.29292929e-06 3.00006406e+08 4.16538745e+03 -4.61087942e+03
-1.33838384e-05 -4.29292929e-06 3.00006205e+08 4.56786561e+03 -4.94513402e+03
-1.28787879e-05 -4.29292929e-06 3.00005877e+08 4.94880016e+03 -5.28882608e+03
-1.23737374e-05 -4.29292929e-06 3.00004919e+08 5.26945216e+03 -5.33446588e+03
-1.18686869e-05 -4.29292929e-06 3.00005371e+08 2.29753224e+03 -4.31317425e+03
-1.13636364e-05 -4.29292929e-06 3.00007719e+08 5.40392293e+03 -3.28699017e+03
-1.08585859e-05 -4.29292929e-06 3.00008846e+08 4.75610631e+03 -4.16143981e+03
-1.03535354e-05 -4.29292929e-06 3.00008584e+08 4.54515292e+03 -4.65773542e+03
-9.84848485e-06 -4.29292929e-06 3.00007828e+08 4.29115146e+03 -4.74443949e+03
-9.34343434e-06 -4.29292929e-06 3.00006661e+08 3.81647396e+03 -4.53228695e+03
-8.83838384e-06 -4.29292929e-06 3.00005020e+08 3.00032471e+03 -4.06825107e+03
-8.33333333e-06 -4.29292929e-06 3.00002833e+08 1.72201350e+03 -3.39364920e+03
-7.82828283e-06 -4.29292929e-06 3.00000048e+08 -1.35732388e+02 -2.57944518e+03
-7.32323232e-06 -4.29292929e-06 2.99996666e+08 -2.66039634e+03 -1.74778997e+03
-6.81818182e-06 -4.29292929e-06 2.99992760e+08 -5.86745872e+03 -1.08169750e+03
-6.31313131e-06 -4.29292929e-06 2.99988501e+08 -9.64813855e+03 -8.21642600e+02
-5.80808081e-06 -4.29292929e-06 2.99984177e+08 -1.37107265e+04 -1.25317695e+03
-5.30303030e-06 -4.29292929e-06 2.99980245e+08 -1.75035939e+04 -2.69216038e+03
-4.79797980e-06 -4.29292929e-06 2.99977383e+08 -2.00863225e+04 -5.44343219e+03
-4.29292929e-06 -4.29292929e-06 2.99976414e+08 -1.99613016e+04 -9.60777116e+03
-3.78787879e-06 -4.29292929e-06 2.99977812e+08 -1.51665573e+04 -1.45204957e+04
-3.28282828e-06 -4.29292929e-06 2.99980720e+08 -4.41741617e+03 -1.80027051e+04
-2.77777778e-06 -4.29292929e-06 2.99982720e+08 1.05579801e+04 -1.68776549e+04
-2.27272727e-06 -4.29292929e-06 2.99981951e+08 2.43955777e+04 -9.90380368e+03
-1.76767677e-06 -4.29292929e-06 2.99979339e+08 3.19894369e+04 1.91265784e+02
-1.26262626e-06 -4.29292929e-06 2.99977313e+08 3.24884787e+04 9.18428707e+03
-7.57575758e-07 -4.29292929e-06 2.99977233e+08 2.84278892e+04 1.47724397e+04
-2.52525253e-07 -4.29292929e-06 2.99978935e+08 2.27196852e+04 1.69906788e+04
2.52525253e-07 -4.29292929e-06 2.99981637e+08 1.71634751e+04 1.68914706e+04
7.57575758e-07 -4.29292929e-06 2.99984636e+08 1.24926877e+04 1.55327391e+04
1.26262626e-06 -4.29292929e-06 2.99987510e+08 8.83961537e+03 1.36468373e+04
1.76767677e-06 -4.29292929e-06 2.99990063e+08 6.08928327e+03 1.16559091e+04
2.27272727e-06 -4.29292929e-06 2.99992243e+08 4.06145887e+03 9.77217479e+03
2.77777778e-06 -4.29292929e-06 2.99994064e+08 2.58467018e+03 8.08556013e+03
3.28282828e-06 -4.29292929e-06 2.99995574e+08 1.51863093e+03 6.62115918e+03
3.78787879e-06 -4.29292929e-06 2.99996824e+08 7.55959376e+02 5.37262096e+03
4.29292929e-06 -4.29292929e-06 2.99997866e+08 2.17182191e+02 4.32025879e+03
4.79797980e-06 -4.29292929e-06 2.99998745e+08 -1.55406422e+02 3.44036420e+03
5.30303030e-06 -4.29292929e-06 2.99999501e+08 -4.03137516e+02 2.70971498e+03
5.80808081e-06 -4.29292929e-06 3.00000165e+08 -5.55175156e+02 2.10754897e+03
6.31313131e-06 -4.29292929e-06 3.00000766e+08 -6.31612238e+02 1.61624307e+03
6.81818182e-06 -4.29292929e-06 3.00001325e+08 -6.45663422e+02 1.22135281e+03
7.32323232e-06 -4.29292929e-06 3.00001863e+08 -6.05166594e+02 9.11345492e+02
7.82828283e-06 -4.29292929e-06 3.00002396e+08 -5.13569182e+02 6.77181548e+02
8.33333333e-06 -4.29292929e-06 3.00002938e+08 -3.70539402e+02 5.11798811e+02
8.83838384e-06 -4.29292929e-06 3.00003499e+08 -1.72318628e+02 4.09493195e+02
9.34343434e-06 -4.29292929e-06 3.00004087e+08 8.80746268e+01 3.65148610e+02
9.84848485e-06 -4.29292929e-06 3.00004708e+08 4.20661733e+02 3.73238669e+02
1.03535354e-05 -4.29292929e-06 3.00005361e+08 8.38169838e+02 4.26502639e+02
1.08585859e-05 -4.29292929e-06 3.00006039e+08 1.35529650e+03 5.14196515e+02
1.13636364e-05 -4.29292929e-06 3.00006727e+08 1.98721040e+03 6.19857017e+02
1.18686869e-05 -4.29292929e-06 3.00007399e+08 2.74678974e+03 7.18626842e+02
1.23737374e-05 -4.29292929e-06 3.00008016e+08 3.63998329e+03 7.74423259e+02
1.28787879e-05 -4.29292929e-06 3.00008524e+08 4.65867708e+03 7.37640688e+02
1.33838384e-05 -4.29292929e-06 3.00008858e+08 5.77073622e+03 5.44676595e+02
1.38888889e-05 -4.29292929e-06 3.00008943e+08 6.90770908e+03 1.21260737e+02
1.43939394e-05 -4.29292929e-06 3.00008712e+08 7.95224933e+03 -6.07964192e+02
1.48989899e-05 -4.29292929e-06 3.00008117e+08 8.72960058e+03 -1.70150684e+03
1.54040404e-05 -4.29292929e-06 3.00007156e+08 9.00988581e+03 -3.17451587e+03
1.59090909e-05 -4.29292929e-06 3.00005899e+08 8.52906383e+03 -4.96729036e+03
1.64141414e-05 -4.29292929e-06 3.00004496e+08 7.03442727e+03 -6.91757400e+03
1.69191919e-05 -4.29292929e-06 3.00003177e+08 4.35412801e+03 -8.75005181e+03
1.74242424e-05 -4.29292929e-06 3.00002214e+08 4.79607856e+02 -1.00980299e+04
1.79292929e-05 -4.29292929e-06 3.00001855e+08 -4.36318101e+03 -1.05680962e+04
1.84343434e-05 -4.29292929e-06 3.00002240e+08 -9.68922979e+03 -9.84572035e+03
1.89393939e-05 -4.29292929e-06 3.00003319e+08 -1.48126876e+04 -7.81639367e+03
1.94444444e-05 -4.29292929e-06 3.00004839e+08 -1.89996480e+04 -4.65014260e+03
1.99494949e-05 -4.29292929e-06 3.00006403e+08 -2.16744460e+04 -7.91261182e+02
2.04545455e-05 -4.29292929e-06 3.00007610e+08 -2.25878878e+04 3.16502532e+03
2.09595960e-05 -4.29292929e-06 3.00008189e+08 -2.18609738e+04 6.65662254e+03
2.14646465e-05 -4.29292929e-06 3.00008066e+08 -1.98904804e+04 9.30611055e+03
2.19696970e-05 -4.29292929e-06 3.00007340e+08 -1.71832341e+04 1.09755186e+04
2.24747475e-05 -4.29292929e-06 3.00006207e+08 -1.42072110e+04 1.17276134e+04
2.29797980e-05 -4.29292929e-06 3.00004876e+08 -1.13091042e+04 1.17420844e+04
2.34848485e-05 -4.29292929e-06 3.00003521e+08 -8.69793924e+03 1.12350395e+04
2.39898990e-05 -4.29292929e-06 3.00002259e+08 -6.46839519e+03 1.04058044e+04
2.44949495e-05 -4.29292929e-06 3.00001155e+08 -4.63712134e+03 9.41256341e+03
2.50000000e-05 -4.29292929e-06 3.00000234e+08 -3.17596002e+03 8.36801497e+03
-2.50000000e-05 -3.78787879e-06 3.00001636e+08 -4.54745608e+02 -5.79667669e+01
-2.44949495e-05 -3.78787879e-06 3.00001815e+08 -3.44254399e+02 -4.82119050e+01
-2.39898990e-05 -3.78787879e-06 3.00002008e+08 -2.20822926e+02 -4.55920314e+01
-2.34848485e-05 -3.78787879e-06 3.00002214e+08 -8.41769837e+01 -5.17570358e+01
-2.29797980e-05 -3.78787879e-06 3.00002435e+08 6.58010516e+01 -6.85320062e+01
-2.24747475e-05 -3.78787879e-06 3.00002670e+08 2.29056753e+02 -9.79266806e+01
-2.19696970e-05 -3.78787879e-06 3.00002920e+08 4.05358805e+02 -1.42153279e+02
-2.14646465e-05 -3.78787879e-06 3.00003185e+08 5.94313651e+02 -2.03661063e+02
-2.09595960e-05 -3.78787879e-06 3.00003465e+08 7.95415865e+02 -2.85201175e+02
-2.04545455e-05 -3.78787879e-06 3.00003761e+08 1.00816556e+03 -3.89942464e+02
-1.99494949e-05 -3.78787879e-06 3.00004073e+08 1.23231558e+03 -5.21665501e+02
-1.94444444e-05 -3.78787879e-06 3.00004402e+08 1.46837600e+03 -6.85054324e+02
-1.89393939e-05 -3.78787879e-06 3.00004747e+08 1.71862799e+03 -8.86027716e+02
-1.84343434e-05 -3.78787879e-06 3.00005105e+08 1.98907764e+03 -1.13170080e+03
-1.79292929e-05 -3.78787879e-06 3.00005464e+08 2.29266377e+03 -1.42829375e+03
-1.74242424e-05 -3.78787879e-06 3.00005790e+08 2.65132104e+03 -1.77167176e+03
-1.69191919e-05 -3.78787879e-06 3.00006016e+08 3.08001509e+03 -2.12110904e+03
-1.64141414e-05 -3.78787879e-06 3.00006086e+08 3.50618241e+03 -2.38000620e+03
-1.59090909e-05 -3.78787879e-06 3.00006090e+08 3.70582545e+03 -2.53996180e+03
-1.54040404e-05 -3.78787879e-06 3.00006139e+08 3.68846548e+03 -2.82333862e+03
-1.48989899e-05 -3.78787879e-06 3.00006113e+08 3.79210110e+03 -3.22374593e+03
-1.43939394e-05 -3.78787879e-06 3.00005979e+08 4.05042249e+03 -3.54265147e+03
-1.38888889e-05 -3.78787879e-06 3.00005799e+08 4.31398868e+03 -3.75074515e+03
-1.33838384e-05 -3.78787879e-06 3.00005557e+08 4.54051140e+03 -3.85925391e+03
-1.28787879e-05 -3.78787879e-06 3.00005241e+08 4.65961959e+03 -3.80197508e+03
-1.23737374e-05 -3.78787879e-06 3.00005072e+08 4.42784595e+03 -3.57281931e+03
-1.18686869e-05 -3.78787879e-06 3.00005566e+08 4.15402810e+03 -3.88075152e+03
-1.13636364e-05 -3.78787879e-06 3.00005716e+08 5.04425387e+03 -3.89698732e+03
-1.08585859e-05 -3.78787879e-06 3.00005872e+08 5.03999680e+03 -3.64124149e+03
-1.03535354e-05 -3.78787879e-06 3.00005608e+08 4.65670856e+03 -3.59451712e+03
-9.84848485e-06 -3.78787879e-06 3.00004826e+08 4.14972734e+03 -3.46377804e+03
-9.34343434e-06 -3.78787879e-06 3.00003582e+08 3.44106922e+03 -3.15393706e+03
-8.83838384e-06 -3.78787879e-06 3.00001886e+08 2.42491476e+03 -2.66758303e+03
-8.33333333e-06 -3.78787879e-06 2.99999736e+08 1.00480995e+03 -2.04782322e+03
-7.82828283e-06 -3.78787879e-06 2.99997147e+08 -8.95624867e+02 -1.37514237e+03
-7.32323232e-06 -3.78787879e-06 2.99994178e+08 -3.31167829e+03 -7.74225248e+02
-6.81818182e-06 -3.78787879e-06 2.99990956e+08 -6.20507653e+03 -4.16987367e+02
-6.31313131e-06 -3.78787879e-06 2.99987689e+08 -9.42264696e+03 -5.16732580e+02
-5.80808081e-06 -3.78787879e-06 2.99984685e+08 -1.26477029e+04 -1.31014124e+03
-5.30303030e-06 -3.78787879e-06 2.99982345e+08 -1.53440816e+04 -3.01789241e+03
-4.79797980e-06 -3.78787879e-06 2.99981127e+08 -1.67046872e+04 -5.75461576e+03
-4.29292929e-06 -3.78787879e-06 2.99981382e+08 -1.56750584e+04 -9.33731318e+03
-3.78787879e-06 -3.78787879e-06 2.99983022e+08 -1.12375077e+04 -1.29974578e+04
-3.28282828e-06 -3.78787879e-06 2.99985209e+08 -3.14176371e+03 -1.52567092e+04
-2.77777778e-06 -3.78787879e-06 2.99986584e+08 7.24039118e+03 -1.44906552e+04
-2.27272727e-06 -3.78787879e-06 2.99986256e+08 1.70400071e+04 -1.01793286e+04
-1.76767677e-06 -3.78787879e-06 2.99984608e+08 2.35169036e+04 -3.59094167e+03
-1.26262626e-06 -3.78787879e-06 2.99982859e+08 2.56974549e+04 3.09511465e+03
-7.57575758e-07 -3.78787879e-06 2.99982007e+08 2.44076424e+04 8.23018942e+03
-2.52525253e-07 -3.78787879e-06 2.99982336e+08 2.11740502e+04 1.12769105e+04
2.52525253e-07 -3.78787879e-06 2.99983606e+08 1.73010171e+04 1.24963084e+04
7.57575758e-07 -3.78787879e-06 2.99985418e+08 1.35748645e+04 1.24373880e+04
1.26262626e-06 -3.78787879e-06 2.99987428e+08 1.03477137e+04 1.16207609e+04
1.76767677e-06 -3.78787879e-06 2.99989408e+08 7.71004095e+03 1.04296944e+04
2.27272727e-06 -3.78787879e-06 2.99991236e+08 5.62607260e+03 9.10977244e+03
2.77777778e-06 -3.78787879e-06 2.99992863e+08 4.01337468e+03 7.80312188e+03
3.28282828e-06 -3.78787879e-06 2.99994281e+08 2.78215690e+03 6.58382833e+03
3.78787879e-06 -3.78787879e-06 2.99995505e+08 1.85165195e+03 5.48474931e+03
4.29292929e-06 -3.78787879e-06 2.99996562e+08 1.15513399e+03 4.51535794e+03
4.79797980e-06 -3.78787879e-06 2.99997477e+08 6.39957925e+02 3.67281355e+03
5.30303030e-06 -3.78787879e-06 2.99998281e+08 2.65779403e+02 2.94852184e+03
5.80808081e-06 -3.78787879e-06 2.99998998e+08 2.38804647e+00 2.33187917e+03
6.31313131e-06 -3.78787879e-06 2.99999654e+08 -1.72263988e+02 1.81232530e+03
6.81818182e-06 -3.78787879e-06 3.00000268e+08 -2.73646408e+02 1.38040417e+03
7.32323232e-06 -3.78787879e-06 3.00000861e+08 -3.11821433e+02 1.02824903e+03
7.82828283e-06 -3.78787879e-06 3.00001450e+08 -2.92235185e+02 7.49726125e+02
8.33333333e-06 -3.78787879e-06 3.00002051e+08 -2.16181917e+02 5.40354043e+02
8.83838384e-06 -3.78787879e-06 3.00002679e+08 -8.09973926e+01 3.97035525e+02
9.34343434e-06 -3.78787879e-06 3.00003346e+08 1.19954564e+02 3.17577010e+02
9.84848485e-06 -3.78787879e-06 3.00004061e+08 3.97414578e+02 2.99916853e+02
1.03535354e-05 -3.78787879e-06 3.00004832e+08 7.66338358e+02 3.40931288e+02
1.08585859e-05 -3.78787879e-06 3.00005657e+08 1.24574575e+03 4.34642171e+02
1.13636364e-05 -3.78787879e-06 3.00006528e+08 1.85790600e+03 5.69631364e+02
1.18686869e-05 -3.78787879e-06 3.00007423e+08 2.62621956e+03 7.25517115e+02
1.23737374e-05 -3.78787879e-06 3.00008306e+08 3.57086078e+03 8.68547524e+02
1.28787879e-05 -3.78787879e-06 3.00009118e+08 4.70098151e+03 9.46833485e+02
1.33838384e-05 -3.78787879e-06 3.00009779e+08 6.00226986e+03 8.86602734e+02
1.38888889e-05 -3.78787879e-06 3.00010188e+08 7.41933973e+03 5.92129891e+02
1.43939394e-05 -3.78787879e-06 3.00010238e+08 8.83437457e+03 -4.66173579e+01
1.48989899e-05 -3.78787879e-06 3.00009833e+08 1.00470775e+04 -1.13397206e+03
1.54040404e-05 -3.78787879e-06 3.00008927e+08 1.07658152e+04 -2.73323856e+03
1.59090909e-05 -3.78787879e-06 3.00007557e+08 1.06237462e+04 -4.81842499e+03
1.64141414e-05 -3.78787879e-06 3.00005882e+08 9.23307377e+03 -7.22414335e+03
1.69191919e-05 -3.78787879e-06 3.00004185e+08 6.28237068e+03 -9.61382488e+03
1.74242424e-05 -3.78787879e-06 3.00002842e+08 1.66626524e+03 -1.14914224e+04
1.79292929e-05 -3.78787879e-06 3.00002235e+08 -4.38411174e+03 -1.22798019e+04
1.84343434e-05 -3.78787879e-06 3.00002615e+08 -1.12259731e+04 -1.14759503e+04
1.89393939e-05 -3.78787879e-06 3.00003960e+08 -1.78595715e+04 -8.85764371e+03
1.94444444e-05 -3.78787879e-06 3.00005911e+08 -2.31644247e+04 -4.65453193e+03
1.99494949e-05 -3.78787879e-06 3.00007867e+08 -2.62658071e+04 4.44554945e+02
2.04545455e-05 -3.78787879e-06 3.00009224e+08 -2.68466989e+04 5.51037061e+03
2.09595960e-05 -3.78787879e-06 3.00009627e+08 -2.52095262e+04 9.71395355e+03
2.14646465e-05 -3.78787879e-06 3.00009056e+08 -2.20648966e+04 1.25829393e+04
2.19696970e-05 -3.78787879e-06 3.00007750e+08 -1.82131278e+04 1.40496626e+04
2.24747475e-05 -3.78787879e-06 3.00006046e+08 -1.43047123e+04 1.43320698e+04
2.29797980e-05 -3.78787879e-06 3.00004245e+08 -1.07497113e+04 1.37676378e+04
2.34848485e-05 -3.78787879e-06 3.00002557e+08 -7.73939008e+03 1.26880475e+04
2.39898990e-05 -3.78787879e-06 3.00001098e+08 -5.31360245e+03 1.13575817e+04
2.44949495e-05 -3.78787879e-06 2.99999907e+08 -3.42776005e+03 9.95950709e+03
2.50000000e-05 -3.78787879e-06 2.99998980e+08 -2.00122043e+03 8.60691041e+03
-2.50000000e-05 -3.28282828e-06 3.00001533e+08 -4.71255650e+02 -4.21771797e+01
-2.44949495e-05 -3.28282828e-06 3.00001708e+08 -3.54664016e+02 -2.45122700e+01
-2.39898990e-05 -3.28282828e-06 3.00001897e+08 -2.23530624e+02 -1.34451876e+01
-2.34848485e-05 -3.28282828e-06 3.00002100e+08 -7.73990261e+01 -1.07048437e+01
-2.29797980e-05 -3.28282828e-06 3.00002316e+08 8.40367284e+01 -1.82132312e+01
-2.24747475e-05 -3.28282828e-06 3.00002546e+08 2.60920129e+02 -3.80896543e+01
-2.19696970e-05 -3.28282828e-06 3.00002789e+08 4.53235407e+02 -7.26568869e+01
-2.14646465e-05 -3.28282828e-06 3.00003045e+08 6.60836942e+02 -1.24451656e+02
-2.09595960e-05 -3.28282828e-06 3.00003312e+08 8.83522839e+02 -1.96240730e+02
-2.04545455e-05 -3.28282828e-06 3.00003591e+08 1.12118177e+03 -2.91037660e+02
-1.99494949e-05 -3.28282828e-06 3.00003879e+08 1.37405820e+03 -4.12094399e+02
-1.94444444e-05 -3.28282828e-06 3.00004173e+08 1.64319515e+03 -5.62782431e+02
-1.89393939e-05 -3.28282828e-06 3.00004470e+08 1.93108627e+03 -7.46124466e+02
-1.84343434e-05 -3.28282828e-06 3.00004758e+08 2.24234314e+03 -9.63391494e+02
-1.79292929e-05 -3.28282828e-06 3.00005022e+08 2.58326532e+03 -1.21062053e+03
-1.74242424e-05 -3.28282828e-06 3.00005236e+08 2.95659123e+03 -1.47205730e+03
-1.69191919e-05 -3.28282828e-06 3.00005373e+08 3.34433059e+03 -1.71506171e+03
-1.64141414e-05 -3.28282828e-06 3.00005434e+08 3.68349280e+03 -1.90855011e+03
-1.59090909e-05 -3.28282828e-06 3.00005468e+08 3.89519800e+03 -2.07948917e+03
-1.54040404e-05 -3.28282828e-06 3.00005498e+08 4.00240990e+03 -2.30523303e+03
-1.48989899e-05 -3.28282828e-06 3.00005476e+08 4.12087079e+03 -2.58541318e+03
-1.43939394e-05 -3.28282828e-06 3.00005371e+08 4.29064580e+03 -2.84078466e+03
-1.38888889e-05 -3.28282828e-06 3.00005203e+08 4.46248220e+03 -3.02261947e+03
-1.33838384e-05 -3.28282828e-06 3.00004998e+08 4.57933284e+03 -3.12053865e+03
-1.28787879e-05 -3.28282828e-06 3.00004809e+08 4.58340781e+03 -3.14776803e+03
-1.23737374e-05 -3.28282828e-06 3.00004729e+08 4.46752475e+03 -3.20563169e+03
-1.18686869e-05 -3.28282828e-06 3.00004683e+08 4.49823017e+03 -3.39862162e+03
-1.13636364e-05 -3.28282828e-06 3.00004403e+08 4.79132212e+03 -3.40920924e+03
-1.08585859e-05 -3.28282828e-06 3.00003977e+08 4.81833719e+03 -3.16073813e+03
-1.03535354e-05 -3.28282828e-06 3.00003369e+08 4.47128603e+03 -2.88445664e+03
-9.84848485e-06 -3.28282828e-06 3.00002446e+08 3.86836081e+03 -2.58427939e+03
-9.34343434e-06 -3.28282828e-06 3.00001162e+08 3.02371921e+03 -2.20618444e+03
-8.83838384e-06 -3.28282828e-06 2.99999515e+08 1.88980914e+03 -1.74061041e+03
-8.33333333e-06 -3.28282828e-06 2.99997527e+08 4.11075844e+02 -1.22401676e+03
-7.82828283e-06 -3.28282828e-06 2.99995248e+08 -1.44847484e+03 -7.33035210e+02
-7.32323232e-06 -3.28282828e-06 2.99992769e+08 -3.68214918e+03 -3.82385457e+02
-6.81818182e-06 -3.28282828e-06 2.99990234e+08 -6.21374460e+03 -3.20752690e+02
-6.31313131e-06 -3.28282828e-06 2.99987849e+08 -8.86668482e+03 -7.18872798e+02
-5.80808081e-06 -3.28282828e-06 2.99985872e+08 -1.13322862e+04 -1.74384193e+03
-5.30303030e-06 -3.28282828e-06 2.99984595e+08 -1.31457378e+04 -3.51036108e+03
-4.79797980e-06 -3.28282828e-06 2.99984267e+08 -1.36934425e+04 -5.99593428e+03
-4.29292929e-06 -3.28282828e-06 2.99984970e+08 -1.23042797e+04 -8.91838959e+03
-3.78787879e-06 -3.28282828e-06 2.99986459e+08 -8.49449199e+03 -1.16297648e+04
-3.28282828e-06 -3.28282828e-06 2.99988101e+08 -2.35800216e+03 -1.31763897e+04
-2.77777778e-06 -3.28282828e-06 2.99989108e+08 5.13565847e+03 -1.26756994e+04
-2.27272727e-06 -3.28282828e-06 2.99989004e+08 1.23334065e+04 -9.87871389e+03
-1.76767677e-06 -3.28282828e-06 2.99987957e+08 1.76464638e+04 -5.43118567e+03
-1.26262626e-06 -3.28282828e-06 2.99986610e+08 2.02951627e+04 -5.20808190e+02
-7.57575758e-07 -3.28282828e-06 2.99985618e+08 2.04599024e+04 3.76863506e+03
-2.52525253e-07 -3.28282828e-06 2.99985324e+08 1.88869106e+04 6.85587913e+03
2.52525253e-07 -3.28282828e-06 2.99985744e+08 1.64053484e+04 8.65918777e+03
7.57575758e-07 -3.28282828e-06 2.99986705e+08 1.36530718e+04 9.38983439e+03
1.26262626e-06 -3.28282828e-06 2.99987988e+08 1.10180859e+04 9.35225969e+03
1.76767677e-06 -3.28282828e-06 2.99989407e+08 8.68829071e+03 8.82849967e+03
2.27272727e-06 -3.28282828e-06 2.99990831e+08 6.72412670e+03 8.03565917e+03
2.77777778e-06 -3.28282828e-06 2.99992183e+08 5.11729287e+03 7.12349214e+03
3.28282828e-06 -3.28282828e-06 2.99993423e+08 3.82865407e+03 6.18730523e+03
3.78787879e-06 -3.28282828e-06 2.99994541e+08 2.80955254e+03 5.28339961e+03
4.29292929e-06 -3.28282828e-06 2.99995538e+08 2.01244036e+03 4.44215251e+03
4.79797980e-06 -3.28282828e-06 2.99996427e+08 1.39542509e+03 3.67767464e+03
5.30303030e-06 -3.28282828e-06 2.99997224e+08 9.23657306e+02 2.99443739e+03
5.80808081e-06 -3.28282828e-06 2.99997948e+08 5.69243444e+02 2.39162364e+03
6.31313131e-06 -3.28282828e-06 2.99998616e+08 3.10585888e+02 1.86590146e+03
6.81818182e-06 -3.28282828e-06 2.99999248e+08 1.31606296e+02 1.41315516e+03
7.32323232e-06 -3.28282828e-06 2.99999862e+08 2.10695236e+01 1.02954535e+03
7.82828283e-06 -3.28282828e-06 3.00000475e+08 -2.78945935e+01 7.12138982e+02
8.33333333e-06 -3.28282828e-06 3.00001104e+08 -1.80310801e+01 4.59251160e+02
8.83838384e-06 -3.28282828e-06 3.00001768e+08 5.20533633e+01 2.70563680e+02
9.34343434e-06 -3.28282828e-06 3.00002483e+08 1.88155266e+02 1.47017288e+02
9.84848485e-06 -3.28282828e-06 3.00003264e+08 4.00967143e+02 9.04059463e+01
1.03535354e-05 -3.28282828e-06 3.00004125e+08 7.06726239e+02 1.02521622e+02
1.08585859e-05 -3.28282828e-06 3.00005075e+08 1.12784766e+03 1.83603757e+02
1.13636364e-05 -3.28282828e-06 3.00006116e+08 1.69318093e+03 3.29747405e+02
1.18686869e-05 -3.28282828e-06 3.00007238e+08 2.43720176e+03 5.28856318e+02
1.23737374e-05 -3.28282828e-06 3.00008411e+08 3.39694448e+03 7.54788255e+02
1.28787879e-05 -3.28282828e-06 3.00009580e+08 4.60481691e+03 9.59719857e+02
1.33838384e-05 -3.28282828e-06 3.00010657e+08 6.07482511e+03 1.06575674e+03
1.38888889e-05 -3.28282828e-06 3.00011517e+08 7.77976108e+03 9.58747780e+02
1.43939394e-05 -3.28282828e-06 3.00012006e+08 9.61871156e+03 4.90117861e+02
1.48989899e-05 -3.28282828e-06 3.00011962e+08 1.13792742e+04 -5.04725845e+02
1.54040404e-05 -3.28282828e-06 3.00011262e+08 1.27076136e+04 -2.16296645e+03
1.59090909e-05 -3.28282828e-06 3.00009882e+08 1.31091685e+04 -4.52418873e+03
1.64141414e-05 -3.28282828e-06 3.00007956e+08 1.20061834e+04 -7.44626061e+03
1.69191919e-05 -3.28282828e-06 3.00005815e+08 8.86781723e+03 -1.05369787e+04
1.74242424e-05 -3.28282828e-06 3.00003956e+08 3.40532798e+03 -1.31406094e+04
1.79292929e-05 -3.28282828e-06 3.00002953e+08 -4.20328550e+03 -1.44188103e+04
1.84343434e-05 -3.28282828e-06 3.00003251e+08 -1.31330950e+04 -1.35618971e+04
1.89393939e-05 -3.28282828e-06 3.00004916e+08 -2.19134345e+04 -1.01332619e+04
1.94444444e-05 -3.28282828e-06 3.00007448e+08 -2.87740965e+04 -4.42486678e+03
1.99494949e-05 -3.28282828e-06 3.00009901e+08 -3.23216356e+04 2.46178921e+03
2.04545455e-05 -3.28282828e-06 3.00011341e+08 -3.21626875e+04 9.01755996e+03
2.09595960e-05 -3.28282828e-06 3.00011310e+08 -2.89886952e+04 1.39971963e+04
2.14646465e-05 -3.28282828e-06 3.00009952e+08 -2.40844495e+04 1.68634435e+04
2.19696970e-05 -3.28282828e-06 3.00007772e+08 -1.87015301e+04 1.77616820e+04
2.24747475e-05 -3.28282828e-06 3.00005315e+08 -1.36961165e+04 1.72075897e+04
2.29797980e-05 -3.28282828e-06 3.00002982e+08 -9.48505436e+03 1.57782746e+04
2.34848485e-05 -3.28282828e-06 3.00000989e+08 -6.16786494e+03 1.39423967e+04
2.39898990e-05 -3.28282828e-06 2.99999409e+08 -3.67151692e+03 1.20155616e+04
2.44949495e-05 -3.28282828e-06 2.99998226e+08 -1.85543992e+03 1.01807101e+04
2.50000000e-05 -3.28282828e-06 2.99997387e+08 -5.70366280e+02 8.52713600e+03
-2.50000000e-05 -2.77777778e-06 3.00001411e+08 -4.96071397e+02 -1.86059297e+01
-2.44949495e-05 -2.77777778e-06 3.00001582e+08 -3.74063333e+02 8.44760404e+00
-2.39898990e-05 -2.77777778e-06 3.00001766e+08 -2.35857357e+02 2.96839531e+01
-2.34848485e-05 -2.77777778e-06 3.00001963e+08 -8.07996709e+01 4.33278182e+01
-2.29797980e-05 -2.77777778e-06 3.00002173e+08 9.16131646e+01 4.74029173e+01
-2.24747475e-05 -2.77777778e-06 3.00002396e+08 2.81719436e+02 3.97395035e+01
-2.19696970e-05 -2.77777778e-06 3.00002630e+08 4.89692358e+02 1.79898560e+01
-2.14646465e-05 -2.77777778e-06 3.00002874e+08 7.15564125e+02 -2.03439525e+01
-2.09595960e-05 -2.77777778e-06 3.00003127e+08 9.59285805e+02 -7.78600026e+01
-2.04545455e-05 -2.77777778e-06 3.00003387e+08 1.22083605e+03 -1.57161182e+02
-1.99494949e-05 -2.77777778e-06 3.00003650e+08 1.50038447e+03 -2.60663859e+02
-1.94444444e-05 -2.77777778e-06 3.00003910e+08 1.79848128e+03 -3.90206337e+02
-1.89393939e-05 -2.77777778e-06 3.00004162e+08 2.11613423e+03 -5.46267022e+02
-1.84343434e-05 -2.77777778e-06 3.00004396e+08 2.45434653e+03 -7.26530260e+02
-1.79292929e-05 -2.77777778e-06 3.00004596e+08 2.81211955e+03 -9.23740237e+02
-1.74242424e-05 -2.77777778e-06 3.00004749e+08 3.18142189e+03 -1.12403576e+03
-1.69191919e-05 -2.77777778e-06 3.00004847e+08 3.53951185e+03 -1.31011826e+03
-1.64141414e-05 -2.77777778e-06 3.00004899e+08 3.84786773e+03 -1.47497659e+03
-1.59090909e-05 -2.77777778e-06 3.00004923e+08 4.07541091e+03 -1.63727175e+03
-1.54040404e-05 -2.77777778e-06 3.00004924e+08 4.23388624e+03 -1.82618614e+03
-1.48989899e-05 -2.77777778e-06 3.00004881e+08 4.36669235e+03 -2.04064216e+03
-1.43939394e-05 -2.77777778e-06 3.00004775e+08 4.49556973e+03 -2.24687159e+03
-1.38888889e-05 -2.77777778e-06 3.00004612e+08 4.60378648e+03 -2.41452023e+03
-1.33838384e-05 -2.77777778e-06 3.00004413e+08 4.66043554e+03 -2.53659578e+03
-1.28787879e-05 -2.77777778e-06 3.00004203e+08 4.64764547e+03 -2.63309438e+03
-1.23737374e-05 -2.77777778e-06 3.00003981e+08 4.59953803e+03 -2.74216284e+03
-1.18686869e-05 -2.77777778e-06 3.00003666e+08 4.60734515e+03 -2.84467690e+03
-1.13636364e-05 -2.77777778e-06 3.00003170e+08 4.65181470e+03 -2.81700483e+03
-1.08585859e-05 -2.77777778e-06 3.00002506e+08 4.54153460e+03 -2.61571392e+03
-1.03535354e-05 -2.77777778e-06 3.00001681e+08 4.16161819e+03 -2.31975096e+03
-9.84848485e-06 -2.77777778e-06 3.00000643e+08 3.51447517e+03 -1.97912231e+03
-9.34343434e-06 -2.77777778e-06 2.99999353e+08 2.60986591e+03 -1.60104665e+03
-8.83838384e-06 -2.77777778e-06 2.99997808e+08 1.43450144e+03 -1.19761150e+03
-8.33333333e-06 -2.77777778e-06 2.99996037e+08 -3.01222738e+01 -8.07872266e+02
-7.82828283e-06 -2.77777778e-06 2.99994102e+08 -1.78494509e+03 -5.01712178e+02
-7.32323232e-06 -2.77777778e-06 2.99992101e+08 -3.79204335e+03 -3.77223061e+02
-6.81818182e-06 -2.77777778e-06 2.99990172e+08 -5.95333824e+03 -5.53012407e+02
-6.31313131e-06 -2.77777778e-06 2.99988489e+08 -8.08998962e+03 -1.15263471e+03
-5.80808081e-06 -2.77777778e-06 2.99987247e+08 -9.92691387e+03 -2.27702038e+03
-5.30303030e-06 -2.77777778e-06 2.99986629e+08 -1.10924739e+04 -3.96066978e+03
-4.79797980e-06 -2.77777778e-06 2.99986745e+08 -1.11519749e+04 -6.11124802e+03
-4.29292929e-06 -2.77777778e-06 2.99987556e+08 -9.70065560e+03 -8.44703322e+03
-3.78787879e-06 -2.77777778e-06 2.99988809e+08 -6.52951303e+03 -1.04761623e+04
-3.28282828e-06 -2.77777778e-06 2.99990060e+08 -1.82077205e+03 -1.15851060e+04
-2.77777778e-06 -2.77777778e-06 2.99990829e+08 3.75629126e+03 -1.12657048e+04
-2.27272727e-06 -2.77777778e-06 2.99990842e+08 9.19162144e+03 -9.38402097e+03
-1.76767677e-06 -2.77777778e-06 2.99990172e+08 1.35069607e+04 -6.29153942e+03
-1.26262626e-06 -2.77777778e-06 2.99989173e+08 1.61247271e+04 -2.66863947e+03
-7.57575758e-07 -2.77777778e-06 2.99988264e+08 1.69946423e+04 7.83330457e+02
-2.52525253e-07 -2.77777778e-06 2.99987738e+08 1.64571834e+04 3.58336784e+03
2.52525253e-07 -2.77777778e-06 2.99987699e+08 1.50049141e+04 5.53764673e+03
7.57575758e-07 -2.77777778e-06 2.99988106e+08 1.30956764e+04 6.67444903e+03
1.26262626e-06 -2.77777778e-06 2.99988845e+08 1.10674265e+04 7.13948383e+03
1.76767677e-06 -2.77777778e-06 2.99989789e+08 9.12981485e+03 7.11163217e+03
2.27272727e-06 -2.77777778e-06 2.99990829e+08 7.39112729e+03 6.75509833e+03
2.77777778e-06 -2.77777778e-06 2.99991886e+08 5.89208334e+03 6.20060582e+03
3.28282828e-06 -2.77777778e-06 2.99992910e+08 4.63386024e+03 5.54332854e+03
3.78787879e-06 -2.77777778e-06 2.99993873e+08 3.59747483e+03 4.84813533e+03
4.29292929e-06 -2.77777778e-06 2.99994762e+08 2.75574309e+03 4.15677626e+03
4.79797980e-06 -2.77777778e-06 2.99995577e+08 2.08000965e+03 3.49456502e+03
5.30303030e-06 -2.77777778e-06 2.99996324e+08 1.54358081e+03 2.87574570e+03
5.80808081e-06 -2.77777778e-06 2.99997013e+08 1.12324416e+03 2.30749014e+03
6.31313131e-06 -2.77777778e-06 2.99997657e+08 7.99765936e+02 1.79275172e+03
6.81818182e-06 -2.77777778e-06 2.99998272e+08 5.57906709e+02 1.33225801e+03
7.32323232e-06 -2.77777778e-06 2.99998871e+08 3.86271693e+02 9.25893573e+02
7.82828283e-06 -2.77777778e-06 2.99999474e+08 2.77180963e+02 5.73666640e+02
8.33333333e-06 -2.77777778e-06 3.00000097e+08 2.26673087e+02 2.76394177e+02
8.83838384e-06 -2.77777778e-06 3.00000761e+08 2.34721211e+02 3.61832508e+01
9.34343434e-06 -2.77777778e-06 3.00001484e+08 3.05725498e+02 -1.43271081e+02
9.84848485e-06 -2.77777778e-06 3.00002290e+08 4.49335386e+02 -2.56619965e+02
1.03535354e-05 -2.77777778e-06 3.00003200e+08 6.81630604e+02 -2.97169161e+02
1.08585859e-05 -2.77777778e-06 3.00004235e+08 1.02662101e+03 -2.57838215e+02
1.13636364e-05 -2.77777778e-06 3.00005411e+08 1.51785870e+03 -1.33235046e+02
1.18686869e-05 -2.77777778e-06 3.00006736e+08 2.19960223e+03 7.64555974e+01
1.23737374e-05 -2.77777778e-06 3.00008199e+08 3.12630235e+03 3.58863371e+02
1.28787879e-05 -2.77777778e-06 3.00009760e+08 4.35805438e+03 6.79232484e+02
1.33838384e-05 -2.77777778e-06 3.00011337e+08 5.94809199e+03 9.66525077e+02
1.38888889e-05 -2.77777778e-06 3.00012790e+08 7.91690783e+03 1.09803733e+03
1.43939394e-05 -2.77777778e-06 3.00013920e+08 1.02078795e+04 8.89457565e+02
1.48989899e-05 -2.77777778e-06 3.00014483e+08 1.26246889e+04 1.04054284e+02
1.54040404e-05 -2.77777778e-06 3.00014244e+08 1.47649590e+04 -1.50051485e+03
1.59090909e-05 -2.77777778e-06 3.00013067e+08 1.59858640e+04 -4.07533420e+03
1.64141414e-05 -2.77777778e-06 3.00011015e+08 1.54520535e+04 -7.54547608e+03
1.69191919e-05 -2.77777778e-06 3.00008425e+08 1.23024795e+04 -1.14836678e+04
1.74242424e-05 -2.77777778e-06 3.00005918e+08 5.93042203e+03 -1.50532364e+04
1.79292929e-05 -2.77777778e-06 3.00004306e+08 -3.66211370e+03 -1.70688558e+04
1.84343434e-05 -2.77777778e-06 3.00004359e+08 -1.54955400e+04 -1.62385984e+04
1.89393939e-05 -2.77777778e-06 3.00006373e+08 -2.74186663e+04 -1.16943166e+04
1.94444444e-05 -2.77777778e-06 3.00009690e+08 -3.65290953e+04 -3.73955205e+03
1.99494949e-05 -2.77777778e-06 3.00012768e+08 -4.04632695e+04 5.80287057e+03
2.04545455e-05 -2.77777778e-06 3.00014086e+08 -3.87648529e+04 1.43550336e+04
2.09595960e-05 -2.77777778e-06 3.00013118e+08 -3.29880691e+04 2.00192580e+04
2.14646465e-05 -2.77777778e-06 3.00010420e+08 -2.54851594e+04 2.23544219e+04
2.19696970e-05 -2.77777778e-06 3.00006980e+08 -1.81555201e+04 2.20402390e+04
2.24747475e-05 -2.77777778e-06 3.00003620e+08 -1.19953293e+04 2.01211203e+04
2.29797980e-05 -2.77777778e-06 3.00000787e+08 -7.27253139e+03 1.74916268e+04
2.34848485e-05 -2.77777778e-06 2.99998621e+08 -3.86390322e+03 1.47367294e+04
2.39898990e-05 -2.77777778e-06 2.99997084e+08 -1.50774040e+03 1.21694550e+04
2.44949495e-05 -2.77777778e-06 2.99996068e+08 6.41695102e+01 9.92163190e+03
2.50000000e-05 -2.77777778e-06 2.99995452e+08 1.07616037e+03 8.02265767e+03
-2.50000000e-05 -2.27272727e-06 3.00001272e+08 -5.30535898e+02 1.18587386e+01
-2.44949495e-05 -2.27272727e-06 3.00001436e+08 -4.04028248e+02 4.97290056e+01
-2.39898990e-05 -2.27272727e-06 3.00001613e+08 -2.59639827e+02 8.28102236e+01
-2.34848485e-05 -2.27272727e-06 3.00001804e+08 -9.65099978e+01 1.09308211e+02
-2.29797980e-05 -2.27272727e-06 3.00002007e+08 8.60622247e+01 1.27223920e+02
-2.24747475e-05 -2.27272727e-06 3.00002221e+08 2.88592650e+02 1.34374537e+02
-2.19696970e-05 -2.27272727e-06 3.00002445e+08 5.11396456e+02 1.28432069e+02
-2.14646465e-05 -2.27272727e-06 3.00002678e+08 7.54587571e+02 1.06987961e+02
-2.09595960e-05 -2.27272727e-06 3.00002917e+08 1.01809591e+03 6.76586356e+01
-2.04545455e-05 -2.27272727e-06 3.00003158e+08 1.30169828e+03 8.25790798e+00
-1.99494949e-05 -2.27272727e-06 3.00003397e+08 1.60503883e+03 -7.29207590e+01
-1.94444444e-05 -2.27272727e-06 3.00003629e+08 1.92756796e+03 -1.76650112e+02
-1.89393939e-05 -2.27272727e-06 3.00003846e+08 2.26823425e+03 -3.02082790e+02
-1.84343434e-05 -2.27272727e-06 3.00004039e+08 2.62461846e+03 -4.45868682e+02
-1.79292929e-05 -2.27272727e-06 3.00004198e+08 2.99111126e+03 -6.01460842e+02
-1.74242424e-05 -2.27272727e-06 3.00004317e+08 3.35615940e+03 -7.59734040e+02
-1.69191919e-05 -2.27272727e-06 3.00004391e+08 3.70039124e+03 -9.12627880e+02
-1.64141414e-05 -2.27272727e-06 3.00004427e+08 4.00023106e+03 -1.05963549e+03
-1.59090909e-05 -2.27272727e-06 3.00004431e+08 4.23994208e+03 -1.21078066e+03
-1.54040404e-05 -2.27272727e-06 3.00004403e+08 4.42280356e+03 -1.37762792e+03
-1.48989899e-05 -2.27272727e-06 3.00004331e+08 4.56492917e+03 -1.55875795e+03
-1.43939394e-05 -2.27272727e-06 3.00004204e+08 4.67611880e+03 -1.73862710e+03
-1.38888889e-05 -2.27272727e-06 3.00004022e+08 4.75113316e+03 -1.90095049e+03
-1.33838384e-05 -2.27272727e-06 3.00003791e+08 4.77846710e+03 -2.04012685e+03
-1.28787879e-05 -2.27272727e-06 3.00003511e+08 4.75639102e+03 -2.16168905e+03
-1.23737374e-05 -2.27272727e-06 3.00003161e+08 4.70413796e+03 -2.26741900e+03
-1.18686869e-05 -2.27272727e-06 3.00002694e+08 4.64259493e+03 -2.32795944e+03
-1.13636364e-05 -2.27272727e-06 3.00002074e+08 4.53895301e+03 -2.28824013e+03
-1.08585859e-05 -2.27272727e-06 3.00001301e+08 4.30201745e+03 -2.12683981e+03
-1.03535354e-05 -2.27272727e-06 3.00000380e+08 3.85561402e+03 -1.87480357e+03
-9.84848485e-06 -2.27272727e-06 2.99999300e+08 3.17248212e+03 -1.57328260e+03
-9.34343434e-06 -2.27272727e-06 2.99998050e+08 2.24895457e+03 -1.25233992e+03
-8.83838384e-06 -2.27272727e-06 2.99996638e+08 1.08475206e+03 -9.42067782e+02
-8.33333333e-06 -2.27272727e-06 2.99995097e+08 -3.14834482e+02 -6.86242131e+02
-7.82828283e-06 -2.27272727e-06 2.99993491e+08 -1.92611132e+03 -5.47651013e+02
-7.32323232e-06 -2.27272727e-06 2.99991911e+08 -3.69164100e+03 -6.06064750e+02
-6.81818182e-06 -2.27272727e-06 2.99990475e+08 -5.50545042e+03 -9.49819302e+02
-6.31313131e-06 -2.27272727e-06 2.99989318e+08 -7.20140626e+03 -1.66015169e+03
-5.80808081e-06 -2.27272727e-06 2.99988573e+08 -8.54943643e+03 -2.78685865e+03
-5.30303030e-06 -2.27272727e-06 2.99988344e+08 -9.26746407e+03 -4.31528535e+03
-4.79797980e-06 -2.27272727e-06 2.99988660e+08 -9.05968571e+03 -6.12954844e+03
-4.29292929e-06 -2.27272727e-06 2.99989439e+08 -7.68978495e+03 -7.98667124e+03
-3.78787879e-06 -2.27272727e-06 2.99990467e+08 -5.08320141e+03 -9.52779092e+03
-3.28282828e-06 -2.27272727e-06 2.99991435e+08 -1.42248340e+03 -1.03524739e+04
-2.77777778e-06 -2.27272727e-06 2.99992041e+08 2.82856575e+03 -1.01526485e+04
-2.27272727e-06 -2.27272727e-06 2.99992114e+08 7.02307540e+03 -8.84888602e+03
-1.76767677e-06 -2.27272727e-06 2.99991683e+08 1.05293808e+04 -6.64241497e+03
-1.26262626e-06 -2.27272727e-06 2.99990951e+08 1.29269316e+04 -3.94015329e+03
-7.57575758e-07 -2.27272727e-06 2.99990186e+08 1.40949917e+04 -1.19922220e+03
-2.52525253e-07 -2.27272727e-06 2.99989612e+08 1.41705249e+04 1.21527070e+03
2.52525253e-07 -2.27272727e-06 2.99989349e+08 1.34328567e+04 3.09699886e+03
7.57575758e-07 -2.27272727e-06 2.99989421e+08 1.21894511e+04 4.39002005e+03
1.26262626e-06 -2.27272727e-06 2.99989782e+08 1.07035642e+04 5.14122567e+03
1.76767677e-06 -2.27272727e-06 2.99990357e+08 9.16664901e+03 5.44847681e+03
2.27272727e-06 -2.27272727e-06 2.99991069e+08 7.70013818e+03 5.42217555e+03
2.77777778e-06 -2.27272727e-06 2.99991850e+08 6.37017985e+03 5.16337621e+03
3.28282828e-06 -2.27272727e-06 2.99992652e+08 5.20466873e+03 4.75464416e+03
3.78787879e-06 -2.27272727e-06 2.99993439e+08 4.20767193e+03 4.25859240e+03
4.29292929e-06 -2.27272727e-06 2.99994192e+08 3.36994363e+03 3.72013679e+03
4.79797980e-06 -2.27272727e-06 2.99994901e+08 2.67588467e+03 3.17003434e+03
5.30303030e-06 -2.27272727e-06 2.99995565e+08 2.10781778e+03 2.62845260e+03
5.80808081e-06 -2.27272727e-06 2.99996188e+08 1.64843872e+03 2.10805188e+03
6.31313131e-06 -2.27272727e-06 2.99996776e+08 1.28212151e+03 1.61645224e+03
6.81818182e-06 -2.27272727e-06 2.99997340e+08 9.95559213e+02 1.15813533e+03
7.32323232e-06 -2.27272727e-06 2.99997894e+08 7.78064926e+02 7.35895112e+02
7.82828283e-06 -2.27272727e-06 2.99998452e+08 6.21751121e+02 3.51960007e+02
8.33333333e-06 -2.27272727e-06 2.99999032e+08 5.21740728e+02 8.89388393e+00
8.83838384e-06 -2.27272727e-06 2.99999654e+08 4.76532792e+02 -2.89643243e+02
9.34343434e-06 -2.27272727e-06 3.00000342e+08 4.88639039e+02 -5.38228980e+02
9.84848485e-06 -2.27272727e-06 3.00001121e+08 5.65617828e+02 -7.29112323e+02
1.03535354e-05 -2.27272727e-06 3.00002023e+08 7.21646876e+02 -8.51836583e+02
1.08585859e-05 -2.27272727e-06 3.00003080e+08 9.79772242e+02 -8.93284394e+02
1.13636364e-05 -2.27272727e-06 3.00004328e+08 1.37489601e+03 -8.38623355e+02
1.18686869e-05 -2.27272727e-06 3.00005796e+08 1.95730707e+03 -6.74026535e+02
1.23737374e-05 -2.27272727e-06 3.00007505e+08 2.79590075e+03 -3.92607990e+02
1.28787879e-05 -2.27272727e-06 3.00009449e+08 3.97880796e+03 -5.63095980e+00
1.33838384e-05 -2.27272727e-06 3.00011573e+08 5.60650333e+03 4.38799754e+02
1.38888889e-05 -2.27272727e-06 3.00013752e+08 7.76846107e+03 8.29011302e+02
1.43939394e-05 -2.27272727e-06 3.00015756e+08 1.04906003e+04 9.60426846e+02
1.48989899e-05 -2.27272727e-06 3.00017258e+08 1.36426993e+04 5.21804886e+02
1.54040404e-05 -2.27272727e-06 3.00017873e+08 1.68135389e+04 -8.68045247e+02
1.59090909e-05 -2.27272727e-06 3.00017285e+08 1.92046585e+04 -3.53476841e+03
1.64141414e-05 -2.27272727e-06 3.00015415e+08 1.96408550e+04 -7.53515329e+03
1.69191919e-05 -2.27272727e-06 3.00012549e+08 1.67832973e+04 -1.24375914e+04
1.74242424e-05 -2.27272727e-06 3.00009370e+08 9.52608678e+03 -1.72141974e+04
1.79292929e-05 -2.27272727e-06 3.00006906e+08 -2.51249648e+03 -2.02751303e+04
1.84343434e-05 -2.27272727e-06 3.00006386e+08 -1.83744496e+04 -1.96430092e+04
1.89393939e-05 -2.27272727e-06 3.00008660e+08 -3.50456898e+04 -1.35912401e+04
1.94444444e-05 -2.27272727e-06 3.00013030e+08 -4.75918950e+04 -2.17782058e+03
1.99494949e-05 -2.27272727e-06 3.00016866e+08 -5.16450656e+04 1.14678330e+04
2.04545455e-05 -2.27272727e-06 3.00017532e+08 -4.67825698e+04 2.26334537e+04
2.09595960e-05 -2.27272727e-06 3.00014633e+08 -3.65814431e+04 2.84344881e+04
2.14646465e-05 -2.27272727e-06 3.00009739e+08 -2.53805825e+04 2.91009442e+04
2.19696970e-05 -2.27272727e-06 3.00004647e+08 -1.58316837e+04 2.65241700e+04
2.24747475e-05 -2.27272727e-06 3.00000404e+08 -8.74194239e+03 2.25732252e+04
2.29797980e-05 -2.27272727e-06 2.99997313e+08 -3.90255896e+03 1.84436621e+04
2.34848485e-05 -2.27272727e-06 2.99995278e+08 -7.83251890e+02 1.47114077e+04
2.39898990e-05 -2.27272727e-06 2.99994068e+08 1.13340292e+03 1.15699468e+04
2.44949495e-05 -2.27272727e-06 2.99993446e+08 2.24958785e+03 9.02343609e+03
2.50000000e-05 -2.27272727e-06 2.99993223e+08 2.84878753e+03 7.00022321e+03
-2.50000000e-05 -1.76767677e-06 3.00001115e+08 -5.75917713e+02 4.80845130e+01
-2.44949495e-05 -1.76767677e-06 3.00001272e+08 -4.46061081e+02 9.81031798e+01
-2.39898990e-05 -1.76767677e-06 3.00001442e+08 -2.96637138e+02 1.44602691e+02
-2.34848485e-05 -1.76767677e-06 3.00001625e+08 -1.26569227e+02 1.85788475e+02
-2.29797980e-05 -1.76767677e-06 3.00001820e+08 6.50410822e+01 2.19653680e+02
-2.24747475e-05 -1.76767677e-06 3.00002025e+08 2.78870811e+02 2.44011128e+02
-2.19696970e-05 -1.76767677e-06 3.00002240e+08 5.15335087e+02 2.56549362e+02
-2.14646465e-05 -1.76767677e-06 3.00002461e+08 7.74549974e+02 2.54922277e+02
-2.09595960e-05 -1.76767677e-06 3.00002686e+08 1.05629499e+03 2.36885849e+02
-2.04545455e-05 -1.76767677e-06 3.00002911e+08 1.35996185e+03 2.00500177e+02
-1.99494949e-05 -1.76767677e-06 3.00003131e+08 1.68445648e+03 1.44417554e+02
-1.94444444e-05 -1.76767677e-06 3.00003340e+08 2.02798850e+03 6.82682219e+01
-1.89393939e-05 -1.76767677e-06 3.00003531e+08 2.38764006e+03 -2.68873702e+01
-1.84343434e-05 -1.76767677e-06 3.00003697e+08 2.75859034e+03 -1.38185435e+02
-1.79292929e-05 -1.76767677e-06 3.00003830e+08 3.13299153e+03 -2.61022645e+02
-1.74242424e-05 -1.76767677e-06 3.00003925e+08 3.49893853e+03 -3.90117144e+02
-1.69191919e-05 -1.76767677e-06 3.00003982e+08 3.84078241e+03 -5.21867752e+02
-1.64141414e-05 -1.76767677e-06 3.00004000e+08 4.14238324e+03 -6.56947762e+02
-1.59090909e-05 -1.76767677e-06 3.00003983e+08 4.39292081e+03 -8.00234081e+02
-1.54040404e-05 -1.76767677e-06 3.00003926e+08 4.59076220e+03 -9.56183757e+02
-1.48989899e-05 -1.76767677e-06 3.00003823e+08 4.74051996e+03 -1.12314041e+03
-1.43939394e-05 -1.76767677e-06 3.00003666e+08 4.84565260e+03 -1.29280372e+03
-1.38888889e-05 -1.76767677e-06 3.00003449e+08 4.90455702e+03 -1.45531385e+03
-1.33838384e-05 -1.76767677e-06 3.00003170e+08 4.91365403e+03 -1.60398712e+03
-1.28787879e-05 -1.76767677e-06 3.00002820e+08 4.87338338e+03 -1.73431046e+03
-1.23737374e-05 -1.76767677e-06 3.00002380e+08 4.78884970e+03 -1.83622245e+03
-1.18686869e-05 -1.76767677e-06 3.00001825e+08 4.65736307e+03 -1.88689301e+03
-1.13636364e-05 -1.76767677e-06 3.00001138e+08 4.45037156e+03 -1.85900049e+03
-1.08585859e-05 -1.76767677e-06 3.00000319e+08 4.11614699e+03 -1.74296362e+03
-1.03535354e-05 -1.76767677e-06 2.99999376e+08 3.60639465e+03 -1.55571780e+03
-9.84848485e-06 -1.76767677e-06 2.99998314e+08 2.89479745e+03 -1.32840129e+03
-9.34343434e-06 -1.76767677e-06 2.99997141e+08 1.97473286e+03 -1.09492129e+03
-8.83838384e-06 -1.76767677e-06 2.99995876e+08 8.52221684e+02 -8.92084752e+02
-8.33333333e-06 -1.76767677e-06 2.99994556e+08 -4.54097647e+02 -7.64454938e+02
-7.82828283e-06 -1.76767677e-06 2.99993241e+08 -1.90635389e+03 -7.66753668e+02
-7.32323232e-06 -1.76767677e-06 2.99992010e+08 -3.43813351e+03 -9.61331323e+02
-6.81818182e-06 -1.76767677e-06 2.99990956e+08 -4.94584828e+03 -1.41022373e+03
-6.31313131e-06 -1.76767677e-06 2.99990175e+08 -6.28395179e+03 -2.16158725e+03
-5.80808081e-06 -1.76767677e-06 2.99989754e+08 -7.26799790e+03 -3.23078948e+03
-5.30303030e-06 -1.76767677e-06 2.99989743e+08 -7.69057091e+03 -4.57820290e+03
-4.79797980e-06 -1.76767677e-06 2.99990132e+08 -7.35481783e+03 -6.08935604e+03
-4.29292929e-06 -1.76767677e-06 2.99990829e+08 -6.12621131e+03 -7.56799364e+03
-3.78787879e-06 -1.76767677e-06 2.99991667e+08 -3.99308115e+03 -8.75554986e+03
-3.28282828e-06 -1.76767677e-06 2.99992428e+08 -1.11243423e+03 -9.38533025e+03
-2.77777778e-06 -1.76767677e-06 2.99992916e+08 2.19002059e+03 -9.26209154e+03
-2.27272727e-06 -1.76767677e-06 2.99993016e+08 5.48378104e+03 -8.33494142e+03
-1.76767677e-06 -1.76767677e-06 2.99992739e+08 8.34502230e+03 -6.72374134e+03
-1.26262626e-06 -1.76767677e-06 2.99992204e+08 1.04668059e+04 -4.68097279e+03
-7.57575758e-07 -1.76767677e-06 2.99991584e+08 1.17185092e+04 -2.50916317e+03
-2.52525253e-07 -1.76767677e-06 2.99991042e+08 1.21378023e+04 -4.76699466e+02
2.52525253e-07 -1.76767677e-06 2.99990687e+08 1.18757350e+04 1.23373202e+03
7.57575758e-07 -1.76767677e-06 2.99990569e+08 1.11301248e+04 2.53586595e+03
1.26262626e-06 -1.76767677e-06 2.99990680e+08 1.00933399e+04 3.42205738e+03
1.76767677e-06 -1.76767677e-06 2.99990985e+08 8.92337583e+03 3.93475011e+03
2.27272727e-06 -1.76767677e-06 2.99991434e+08 7.73481943e+03 4.14004531e+03
2.77777778e-06 -1.76767677e-06 2.99991976e+08 6.60195071e+03 4.10887828e+03
3.28282828e-06 -1.76767677e-06 2.99992569e+08 5.56706416e+03 3.90616422e+03
3.78787879e-06 -1.76767677e-06 2.99993180e+08 4.64962527e+03 3.58600883e+03
4.29292929e-06 -1.76767677e-06 2.99993786e+08 3.85416479e+03 3.19071877e+03
4.79797980e-06 -1.76767677e-06 2.99994372e+08 3.17627397e+03 2.75180935e+03
5.30303030e-06 -1.76767677e-06 2.99994932e+08 2.60679587e+03 2.29183244e+03
5.80808081e-06 -1.76767677e-06 2.99995464e+08 2.13457923e+03 1.82636401e+03
6.31313131e-06 -1.76767677e-06 2.99995970e+08 1.74819849e+03 1.36583765e+03
6.81818182e-06 -1.76767677e-06 2.99996458e+08 1.43698705e+03 9.17115700e+02
7.32323232e-06 -1.76767677e-06 2.99996936e+08 1.19165383e+03 4.84798746e+02
7.82828283e-06 -1.76767677e-06 2.99997418e+08 1.00468644e+03 7.23254828e+01
8.33333333e-06 -1.76767677e-06 2.99997918e+08 8.70699641e+02 -3.17064345e+02
8.83838384e-06 -1.76767677e-06 2.99998457e+08 7.86867486e+02 -6.79427217e+02
9.34343434e-06 -1.76767677e-06 2.99999058e+08 7.53582425e+02 -1.00920259e+03
9.84848485e-06 -1.76767677e-06 2.99999751e+08 7.75515725e+02 -1.29823754e+03
1.03535354e-05 -1.76767677e-06 3.00000573e+08 8.63311608e+02 -1.53474366e+03
1.08585859e-05 -1.76767677e-06 3.00001567e+08 1.03622759e+03 -1.70228503e+03
1.13636364e-05 -1.76767677e-06 3.00002787e+08 1.32610937e+03 -1.77912161e+03
1.18686869e-05 -1.76767677e-06 3.00004292e+08 1.78307369e+03 -1.73868873e+03
1.23737374e-05 -1.76767677e-06 3.00006140e+08 2.48293314e+03 -1.55284757e+03
1.28787879e-05 -1.76767677e-06 3.00008380e+08 3.53518683e+03 -1.20095806e+03
1.33838384e-05 -1.76767677e-06 3.00011022e+08 5.08723140e+03 -6.89683240e+02
1.38888889e-05 -1.76767677e-06 3.00013995e+08 7.31367470e+03 -8.94625847e+01
1.43939394e-05 -1.76767677e-06 3.00017094e+08 1.03683841e+04 4.10413684e+02
1.48989899e-05 -1.76767677e-06 3.00019928e+08 1.42662990e+04 4.43933709e+02
1.54040404e-05 -1.76767677e-06 3.00021942e+08 1.86737495e+04 -5.37349326e+02
1.59090909e-05 -1.76767677e-06 3.00022562e+08 2.26597759e+04 -3.12207440e+03
1.64141414e-05 -1.76767677e-06 3.00021479e+08 2.45986294e+04 -7.59340106e+03
1.69191919e-05 -1.76767677e-06 3.00018876e+08 2.24591490e+04 -1.35249782e+04
1.74242424e-05 -1.76767677e-06 3.00015399e+08 1.44383954e+04 -1.96391403e+04
1.79292929e-05 -1.76767677e-06 3.00012042e+08 -4.46148091e+02 -2.39615074e+04
1.84343434e-05 -1.76767677e-06 3.00010378e+08 -2.17269642e+04 -2.37974140e+04
1.89393939e-05 -1.76767677e-06 3.00012428e+08 -4.57766347e+04 -1.58446608e+04
1.94444444e-05 -1.76767677e-06 3.00018141e+08 -6.40203558e+04 1.08193941e+03
1.99494949e-05 -1.76767677e-06 3.00022807e+08 -6.73697938e+04 2.14229429e+04
2.04545455e-05 -1.76767677e-06 3.00021441e+08 -5.58622489e+04 3.57047975e+04
2.09595960e-05 -1.76767677e-06 3.00014674e+08 -3.81971794e+04 3.98453860e+04
2.14646465e-05 -1.76767677e-06 3.00006467e+08 -2.22147217e+04 3.65886825e+04
2.19696970e-05 -1.76767677e-06 2.99999642e+08 -1.07647742e+04 3.02641599e+04
2.24747475e-05 -1.76767677e-06 2.99995001e+08 -3.53708668e+03 2.36704512e+04
2.29797980e-05 -1.76767677e-06 2.99992272e+08 6.72086245e+02 1.79766871e+04
2.34848485e-05 -1.76767677e-06 2.99990909e+08 2.95639282e+03 1.34461129e+04
2.39898990e-05 -1.76767677e-06 2.99990426e+08 4.08168083e+03 9.97608864e+03
2.44949495e-05 -1.76767677e-06 2.99990475e+08 4.53269381e+03 7.36357935e+03
2.50000000e-05 -1.76767677e-06 2.99990824e+08 4.60270114e+03 5.40915176e+03
-2.50000000e-05 -1.26262626e-06 3.00000942e+08 -6.33370572e+02 8.87118454e+01
-2.44949495e-05 -1.26262626e-06 3.00001091e+08 -5.01543774e+02 1.52073754e+02
-2.39898990e-05 -1.26262626e-06 3.00001253e+08 -3.48475666e+02 2.13417663e+02
-2.34848485e-05 -1.26262626e-06 3.00001427e+08 -1.72858874e+02 2.70957705e+02
-2.29797980e-05 -1.26262626e-06 3.00001614e+08 2.64112636e+01 3.22677984e+02
-2.24747475e-05 -1.26262626e-06 3.00001811e+08 2.50171284e+02 3.66369579e+02
-2.19696970e-05 -1.26262626e-06 3.00002016e+08 4.98919081e+02 3.99694840e+02
-2.14646465e-05 -1.26262626e-06 3.00002227e+08 7.72736561e+02 4.20287087e+02
-2.09595960e-05 -1.26262626e-06 3.00002441e+08 1.07119950e+03 4.25894754e+02
-2.04545455e-05 -1.26262626e-06 3.00002653e+08 1.39326088e+03 4.14577737e+02
-1.99494949e-05 -1.26262626e-06 3.00002858e+08 1.73708203e+03 3.84956725e+02
-1.94444444e-05 -1.26262626e-06 3.00003050e+08 2.09977311e+03 3.36496209e+02
-1.89393939e-05 -1.26262626e-06 3.00003224e+08 2.47700197e+03 2.69758456e+02
-1.84343434e-05 -1.26262626e-06 3.00003371e+08 2.86247086e+03 1.86493561e+02
-1.79292929e-05 -1.26262626e-06 3.00003487e+08 3.24739258e+03 8.93565048e+01
-1.74242424e-05 -1.26262626e-06 3.00003567e+08 3.62034811e+03 -1.89288567e+01
-1.69191919e-05 -1.26262626e-06 3.00003609e+08 3.96813744e+03 -1.36824444e+02
-1.64141414e-05 -1.26262626e-06 3.00003612e+08 4.27800599e+03 -2.64884032e+02
-1.59090909e-05 -1.26262626e-06 3.00003574e+08 4.54053553e+03 -4.05163382e+02
-1.54040404e-05 -1.26262626e-06 3.00003491e+08 4.75121344e+03 -5.58869460e+02
-1.48989899e-05 -1.26262626e-06 3.00003357e+08 4.90916395e+03 -7.23896541e+02
-1.43939394e-05 -1.26262626e-06 3.00003166e+08 5.01415431e+03 -8.94462354e+02
-1.38888889e-05 -1.26262626e-06 3.00002911e+08 5.06475889e+03 -1.06293193e+03
-1.33838384e-05 -1.26262626e-06 3.00002586e+08 5.05900499e+03 -1.22151408e+03
-1.28787879e-05 -1.26262626e-06 3.00002180e+08 4.99565144e+03 -1.36160650e+03
-1.23737374e-05 -1.26262626e-06 3.00001682e+08 4.87254015e+03 -1.47116318e+03
-1.18686869e-05 -1.26262626e-06 3.00001078e+08 4.68047622e+03 -1.53404246e+03
-1.13636364e-05 -1.26262626e-06 3.00000361e+08 4.39747108e+03 -1.53576811e+03
-1.08585859e-05 -1.26262626e-06 2.99999535e+08 3.99172709e+03 -1.47316810e+03
-1.03535354e-05 -1.26262626e-06 2.99998611e+08 3.43326503e+03 -1.35886897e+03
-9.84848485e-06 -1.26262626e-06 2.99997602e+08 2.70410444e+03 -1.21766028e+03
-9.34343434e-06 -1.26262626e-06 2.99996527e+08 1.80113395e+03 -1.08106122e+03
-8.83838384e-06 -1.26262626e-06 2.99995410e+08 7.35346231e+02 -9.85236318e+02
-8.33333333e-06 -1.26262626e-06 2.99994291e+08 -4.67417131e+02 -9.71334930e+02
-7.82828283e-06 -1.26262626e-06 2.99993222e+08 -1.76288390e+03 -1.08508396e+03
-7.32323232e-06 -1.26262626e-06 2.99992268e+08 -3.08341084e+03 -1.37348051e+03
-6.81818182e-06 -1.26262626e-06 2.99991499e+08 -4.33405190e+03 -1.87775030e+03
-6.31313131e-06 -1.26262626e-06 2.99990981e+08 -5.39226791e+03 -2.62260759e+03
-5.80808081e-06 -1.26262626e-06 2.99990765e+08 -6.11414932e+03 -3.60278421e+03
-5.30303030e-06 -1.26262626e-06 2.99990870e+08 -6.34991068e+03 -4.76930586e+03
-4.79797980e-06 -1.26262626e-06 2.99991266e+08 -5.97007388e+03 -6.02013045e+03
-4.29292929e-06 -1.26262626e-06 2.99991870e+08 -4.90018849e+03 -7.20170542e+03
-3.78787879e-06 -1.26262626e-06 2.99992552e+08 -3.15601891e+03 -8.12776530e+03
-3.28282828e-06 -1.26262626e-06 2.99993160e+08 -8.65154655e+02 -8.61687323e+03
-2.77777778e-06 -1.26262626e-06 2.99993559e+08 1.73991179e+03 -8.54057262e+03
-2.27272727e-06 -1.26262626e-06 2.99993670e+08 4.36335756e+03 -7.86431034e+03
-1.76767677e-06 -1.26262626e-06 2.99993493e+08 6.71166386e+03 -6.66182777e+03
-1.26262626e-06 -1.26262626e-06 2.99993101e+08 8.55865816e+03 -5.09481328e+03
-7.57575758e-07 -1.26262626e-06 2.99992606e+08 9.78509908e+03 -3.36709604e+03
-2.52525253e-07 -1.26262626e-06 2.99992124e+08 1.03821640e+04 -1.67401732e+03
2.52525253e-07 -1.26262626e-06 2.99991748e+08 1.04258987e+04 -1.65783126e+02
7.57575758e-07 -1.26262626e-06 2.99991530e+08 1.00392709e+04 1.06738654e+03
1.26262626e-06 -1.26262626e-06 2.99991484e+08 9.35714456e+03 1.99146184e+03
1.76767677e-06 -1.26262626e-06 2.99991599e+08 8.50226067e+03 2.61451175e+03
2.27272727e-06 -1.26262626e-06 2.99991846e+08 7.57326921e+03 2.97022332e+03
2.77777778e-06 -1.26262626e-06 2.99992191e+08 6.64194353e+03 3.10386648e+03
3.28282828e-06 -1.26262626e-06 2.99992601e+08 5.75577426e+03 3.06247907e+03
3.78787879e-06 -1.26262626e-06 2.99993046e+08 4.94283968e+03 2.88911123e+03
4.29292929e-06 -1.26262626e-06 2.99993506e+08 4.21699815e+03 2.62015340e+03
4.79797980e-06 -1.26262626e-06 2.99993963e+08 3.58243098e+03 2.28466485e+03
5.30303030e-06 -1.26262626e-06 2.99994407e+08 3.03720721e+03 1.90482577e+03
5.80808081e-06 -1.26262626e-06 2.99994833e+08 2.57588632e+03 1.49691345e+03
6.31313131e-06 -1.26262626e-06 2.99995240e+08 2.19132092e+03 1.07244337e+03
6.81818182e-06 -1.26262626e-06 2.99995630e+08 1.87585851e+03 6.39289500e+02
7.32323232e-06 -1.26262626e-06 2.99996009e+08 1.62212845e+03 2.02710730e+02
7.82828283e-06 -1.26262626e-06 2.99996385e+08 1.42357342e+03 -2.33720968e+02
8.33333333e-06 -1.26262626e-06 2.99996772e+08 1.27486123e+03 -6.67253409e+02
8.83838384e-06 -1.26262626e-06 2.99997187e+08 1.17230376e+03 -1.09508371e+03
9.34343434e-06 -1.26262626e-06 2.99997651e+08 1.11442170e+03 -1.51339898e+03
9.84848485e-06 -1.26262626e-06 2.99998193e+08 1.10283627e+03 -1.91622458e+03
1.03535354e-05 -1.26262626e-06 2.99998853e+08 1.14375492e+03 -2.29396609e+03
1.08585859e-05 -1.26262626e-06 2.99999681e+08 1.25046743e+03 -2.63154917e+03
1.13636364e-05 -1.26262626e-06 3.00000743e+08 1.44750122e+03 -2.90616399e+03
1.18686869e-05 -1.26262626e-06 3.00002122e+08 1.77739963e+03 -3.08493888e+03
1.23737374e-05 -1.26262626e-06 3.00003923e+08 2.31137347e+03 -3.12368418e+03
1.28787879e-05 -1.26262626e-06 3.00006260e+08 3.16488316e+03 -2.96969837e+03
1.33838384e-05 -1.26262626e-06 3.00009243e+08 4.51714520e+03 -2.57530797e+03
1.38888889e-05 -1.26262626e-06 3.00012926e+08 6.62617492e+03 -1.93468829e+03
1.43939394e-05 -1.26262626e-06 3.00017219e+08 9.81180291e+03 -1.16142262e+03
1.48989899e-05 -1.26262626e-06 3.00021765e+08 1.43429373e+04 -6.13188823e+02
1.54040404e-05 -1.26262626e-06 3.00025854e+08 2.01331827e+04 -1.00690980e+03
1.59090909e-05 -1.26262626e-06 3.00028558e+08 2.62230006e+04 -3.32844943e+03
1.64141414e-05 -1.26262626e-06 3.00029229e+08 3.03632737e+04 -8.27158836e+03
1.69191919e-05 -1.26262626e-06 3.00028016e+08 2.94014720e+04 -1.53573003e+04
1.74242424e-05 -1.26262626e-06 3.00025610e+08 2.06183849e+04 -2.26887285e+04
1.79292929e-05 -1.26262626e-06 3.00022392e+08 2.59941736e+03 -2.78594434e+04
1.84343434e-05 -1.26262626e-06 3.00019032e+08 -2.52817076e+04 -2.81871451e+04
1.89393939e-05 -1.26262626e-06 3.00019152e+08 -6.08500631e+04 -1.83123926e+04
1.94444444e-05 -1.26262626e-06 3.00026222e+08 -8.98324873e+04 7.71000924e+03
1.99494949e-05 -1.26262626e-06 3.00031483e+08 -9.00071303e+04 3.99209410e+04
2.04545455e-05 -1.26262626e-06 3.00024309e+08 -6.38561526e+04 5.64685463e+04
2.09595960e-05 -1.26262626e-06 3.00010172e+08 -3.42755182e+04 5.38839137e+04
2.14646465e-05 -1.26262626e-06 2.99998007e+08 -1.36702240e+04 4.28467451e+04
2.19696970e-05 -1.26262626e-06 2.99990547e+08 -2.10730771e+03 3.13402180e+04
2.24747475e-05 -1.26262626e-06 2.99986919e+08 3.62372767e+03 2.21020685e+04
2.29797980e-05 -1.26262626e-06 2.99985672e+08 6.13331917e+03 1.53481525e+04
2.34848485e-05 -1.26262626e-06 2.99985727e+08 6.98108033e+03 1.05794370e+04
2.39898990e-05 -1.26262626e-06 2.99986428e+08 7.00942714e+03 7.24651077e+03
2.44949495e-05 -1.26262626e-06 2.99987407e+08 6.65664162e+03 4.91571184e+03
2.50000000e-05 -1.26262626e-06 2.99988469e+08 6.14685767e+03 3.27748866e+03
-2.50000000e-05 -7.57575758e-07 3.00000754e+08 -7.03897943e+02 1.32180345e+02
-2.44949495e-05 -7.57575758e-07 3.00000894e+08 -5.71700022e+02 2.09910608e+02
-2.39898990e-05 -7.57575758e-07 3.00001046e+08 -4.16609569e+02 2.87345323e+02
-2.34848485e-05 -7.57575758e-07 3.00001212e+08 -2.37063417e+02 3.62709713e+02
-2.29797980e-05 -7.57575758e-07 3.00001390e+08 -3.17261052e+01 4.33966139e+02
-2.24747475e-05 -7.57575758e-07 3.00001579e+08 2.00420369e+02 4.98849134e+02
-2.19696970e-05 -7.57575758e-07 3.00001776e+08 4.59974790e+02 5.54928297e+02
-2.14646465e-05 -7.57575758e-07 3.00001979e+08 7.47000954e+02 5.99705162e+02
-2.09595960e-05 -7.57575758e-07 3.00002184e+08 1.06089333e+03 6.30748634e+02
-2.04545455e-05 -7.57575758e-07 3.00002386e+08 1.40021578e+03 6.45868991e+02
-1.99494949e-05 -7.57575758e-07 3.00002581e+08 1.76250143e+03 6.43320255e+02
-1.94444444e-05 -7.57575758e-07 3.00002763e+08 2.14400266e+03 6.22001740e+02
-1.89393939e-05 -7.57575758e-07 3.00002926e+08 2.53939588e+03 5.81600758e+02
-1.84343434e-05 -7.57575758e-07 3.00003063e+08 2.94149072e+03 5.22587702e+02
-1.79292929e-05 -7.57575758e-07 3.00003169e+08 3.34107893e+03 4.45970866e+02
-1.74242424e-05 -7.57575758e-07 3.00003239e+08 3.72715785e+03 3.52795279e+02
-1.69191919e-05 -7.57575758e-07 3.00003270e+08 4.08777240e+03 2.43567947e+02
-1.64141414e-05 -7.57575758e-07 3.00003260e+08 4.41147723e+03 1.18030563e+02
-1.59090909e-05 -7.57575758e-07 3.00003204e+08 4.68891379e+03 -2.42989569e+01
-1.54040404e-05 -7.57575758e-07 3.00003098e+08 4.91362671e+03 -1.82884239e+02
-1.48989899e-05 -7.57575758e-07 3.00002937e+08 5.08160477e+03 -3.54986078e+02
-1.43939394e-05 -7.57575758e-07 3.00002715e+08 5.19002917e+03 -5.35374328e+02
-1.38888889e-05 -7.57575758e-07 3.00002425e+08 5.23628997e+03 -7.16947267e+02
-1.33838384e-05 -7.57575758e-07 3.00002061e+08 5.21772075e+03 -8.91396154e+02
-1.28787879e-05 -7.57575758e-07 3.00001615e+08 5.13129667e+03 -1.04917709e+03
-1.23737374e-05 -7.57575758e-07 3.00001081e+08 4.97209599e+03 -1.17924442e+03
-1.18686869e-05 -7.57575758e-07 3.00000453e+08 4.73057304e+03 -1.27021112e+03
-1.13636364e-05 -7.57575758e-07 2.99999731e+08 4.39098753e+03 -1.31409015e+03
-1.08585859e-05 -7.57575758e-07 2.99998922e+08 3.93379953e+03 -1.31107967e+03
-1.03535354e-05 -7.57575758e-07 2.99998039e+08 3.34166385e+03 -1.27206306e+03
-9.84848485e-06 -7.57575758e-07 2.99997101e+08 2.60542134e+03 -1.21754234e+03
-9.34343434e-06 -7.57575758e-07 2.99996129e+08 1.72747207e+03 -1.17492726e+03
-8.83838384e-06 -7.57575758e-07 2.99995152e+08 7.23147133e+02 -1.17634895e+03
-8.33333333e-06 -7.57575758e-07 2.99994208e+08 -3.78026887e+02 -1.25717967e+03
-7.82828283e-06 -7.57575758e-07 2.99993340e+08 -1.53031160e+03 -1.45405416e+03
-7.32323232e-06 -7.57575758e-07 2.99992601e+08 -2.66957748e+03 -1.80118059e+03
-6.81818182e-06 -7.57575758e-07 2.99992039e+08 -3.71241752e+03 -2.32437396e+03
-6.31313131e-06 -7.57575758e-07 2.99991700e+08 -4.55835542e+03 -3.03301738e+03
-5.80808081e-06 -7.57575758e-07 2.99991611e+08 -5.09693448e+03 -3.91103483e+03
-5.30303030e-06 -7.57575758e-07 2.99991770e+08 -5.22095417e+03 -4.90902578e+03
-4.79797980e-06 -7.57575758e-07 2.99992143e+08 -4.84573427e+03 -5.94080300e+03
-4.29292929e-06 -7.57575758e-07 2.99992659e+08 -3.93179325e+03 -6.88807691e+03
-3.78787879e-06 -7.57575758e-07 2.99993217e+08 -2.50514974e+03 -7.61595214e+03
-3.28282828e-06 -7.57575758e-07 2.99993709e+08 -6.67144277e+02 -7.99849788e+03
-2.77777778e-06 -7.57575758e-07 2.99994039e+08 1.41344208e+03 -7.94853925e+03
-2.27272727e-06 -7.57575758e-07 2.99994152e+08 3.52773114e+03 -7.44163758e+03
-1.76767677e-06 -7.57575758e-07 2.99994041e+08 5.46694677e+03 -6.52443471e+03
-1.26262626e-06 -7.57575758e-07 2.99993752e+08 7.06238462e+03 -5.30337378e+03
-7.57575758e-07 -7.57575758e-07 2.99993359e+08 8.21199469e+03 -3.91832017e+03
-2.52525253e-07 -7.57575758e-07 2.99992944e+08 8.88695602e+03 -2.51150990e+03
2.52525253e-07 -7.57575758e-07 2.99992581e+08 9.12035927e+03 -1.20229357e+03
7.57575758e-07 -7.57575758e-07 2.99992317e+08 8.98589927e+03 -7.34400989e+01
1.26262626e-06 -7.57575758e-07 2.99992177e+08 8.57525783e+03 8.30943360e+02
1.76767677e-06 -7.57575758e-07 2.99992162e+08 7.98005559e+03 1.49947834e+03
2.27272727e-06 -7.57575758e-07 2.99992260e+08 7.28055540e+03 1.94403069e+03
2.77777778e-06 -7.57575758e-07 2.99992448e+08 6.54057967e+03 2.19013432e+03
3.28282828e-06 -7.57575758e-07 2.99992703e+08 5.80686409e+03 2.26920957e+03
3.78787879e-06 -7.57575758e-07 2.99993001e+08 5.11094782e+03 2.21315407e+03
4.29292929e-06 -7.57575758e-07 2.99993323e+08 4.47212445e+03 2.05110579e+03
4.79797980e-06 -7.57575758e-07 2.99993652e+08 3.90052156e+03 1.80786161e+03
5.30303030e-06 -7.57575758e-07 2.99993977e+08 3.39982805e+03 1.50340202e+03
5.80808081e-06 -7.57575758e-07 2.99994290e+08 2.96949151e+03 1.15307074e+03
6.31313131e-06 -7.57575758e-07 2.99994586e+08 2.60637901e+03 7.68089008e+02
6.81818182e-06 -7.57575758e-07 2.99994864e+08 2.30597603e+03 3.56203661e+02
7.32323232e-06 -7.57575758e-07 2.99995125e+08 2.06322552e+03 -7.76408728e+01
7.82828283e-06 -7.57575758e-07 2.99995376e+08 1.87311135e+03 -5.30650413e+02
8.33333333e-06 -7.57575758e-07 2.99995622e+08 1.73108406e+03 -1.00154564e+03
8.83838384e-06 -7.57575758e-07 2.99995878e+08 1.63342513e+03 -1.48990286e+03
9.34343434e-06 -7.57575758e-07 2.99996159e+08 1.57765746e+03 -1.99539337e+03
9.84848485e-06 -7.57575758e-07 2.99996490e+08 1.56314764e+03 -2.51679896e+03
1.03535354e-05 -7.57575758e-07 2.99996906e+08 1.59212930e+03 -3.05062027e+03
1.08585859e-05 -7.57575758e-07 2.99997454e+08 1.67154275e+03 -3.58901503e+03
1.13636364e-05 -7.57575758e-07 2.99998205e+08 1.81639881e+03 -4.11671917e+03
1.18686869e-05 -7.57575758e-07 2.99999253e+08 2.05593884e+03 -4.60658735e+03
1.23737374e-05 -7.57575758e-07 3.00000734e+08 2.44481603e+03 -5.01367620e+03
1.28787879e-05 -7.57575758e-07 3.00002829e+08 3.08290671e+03 -5.26904863e+03
1.33838384e-05 -7.57575758e-07 3.00005763e+08 4.14852981e+03 -5.27835052e+03
1.38888889e-05 -7.57575758e-07 3.00009784e+08 5.94743780e+03 -4.94010416e+03
1.43939394e-05 -7.57575758e-07 3.00015060e+08 8.96228792e+03 -4.21882701e+03
1.48989899e-05 -7.57575758e-07 3.00021476e+08 1.38254431e+04 -3.33184707e+03
1.54040404e-05 -7.57575758e-07 3.00028322e+08 2.09986838e+04 -3.07242181e+03
1.59090909e-05 -7.57575758e-07 3.00034210e+08 2.98380470e+04 -5.01063030e+03
1.64141414e-05 -7.57575758e-07 3.00037873e+08 3.72564917e+04 -1.07449181e+04
1.69191919e-05 -7.57575758e-07 3.00039701e+08 3.78639583e+04 -1.97400382e+04
1.74242424e-05 -7.57575758e-07 3.00041456e+08 2.73437996e+04 -2.81845294e+04
1.79292929e-05 -7.57575758e-07 3.00042807e+08 5.23585963e+03 -3.20578957e+04
1.84343434e-05 -7.57575758e-07 3.00039776e+08 -2.89216783e+04 -3.05987006e+04
1.89393939e-05 -7.57575758e-07 3.00033304e+08 -8.07309512e+04 -1.98776721e+04
1.94444444e-05 -7.57575758e-07 3.00039632e+08 -1.34265437e+05 2.12966323e+04
1.99494949e-05 -7.57575758e-07 3.00043713e+08 -1.22607706e+05 7.75659515e+04
2.04545455e-05 -7.57575758e-07 3.00019553e+08 -6.23623181e+04 8.77050257e+04
2.09595960e-05 -7.57575758e-07 2.99994012e+08 -1.80629898e+04 6.60304718e+04
2.14646465e-05 -7.57575758e-07 2.99980825e+08 2.35702046e+03 4.30409760e+04
2.19696970e-05 -7.57575758e-07 2.99976523e+08 9.86011010e+03 2.68288183e+04
2.24747475e-05 -7.57575758e-07 2.99976499e+08 1.18196744e+04 1.65061068e+04
2.29797980e-05 -7.57575758e-07 2.99978179e+08 1.16066094e+04 1.00663787e+04
2.34848485e-05 -7.57575758e-07 2.99980379e+08 1.06279627e+04 6.02752027e+03
2.39898990e-05 -7.57575758e-07 2.99982597e+08 9.45478145e+03 3.46268000e+03
2.44949495e-05 -7.57575758e-07 2.99984641e+08 8.31081003e+03 1.81332539e+03
2.50000000e-05 -7.57575758e-07 2.99986452e+08 7.27529803e+03 7.42398299e+02
-2.50000000e-05 -2.52525253e-07 3.00000552e+08 -7.88323222e+02 1.76761163e+02
-2.44949495e-05 -2.52525253e-07 3.00000681e+08 -6.57566890e+02 2.69689230e+02
-2.39898990e-05 -2.52525253e-07 3.00000824e+08 -5.02296786e+02 3.64260326e+02
-2.34848485e-05 -2.52525253e-07 3.00000981e+08 -3.20655406e+02 4.58711107e+02
-2.29797980e-05 -2.52525253e-07 3.00001151e+08 -1.11032257e+02 5.50965141e+02
-2.24747475e-05 -2.52525253e-07 3.00001332e+08 1.27821789e+02 6.38658973e+02
-2.19696970e-05 -2.52525253e-07 3.00001522e+08 3.96662325e+02 7.19195293e+02
-2.14646465e-05 -2.52525253e-07 3.00001718e+08 6.95600658e+02 7.89827911e+02
-2.09595960e-05 -2.52525253e-07 3.00001917e+08 1.02393331e+03 8.47780584e+02
-2.04545455e-05 -2.52525253e-07 3.00002114e+08 1.37995075e+03 8.90396222e+02
-1.99494949e-05 -2.52525253e-07 3.00002304e+08 1.76072634e+03 9.15303636e+02
-1.94444444e-05 -2.52525253e-07 3.00002481e+08 2.16189436e+03 9.20575381e+02
-1.89393939e-05 -2.52525253e-07 3.00002639e+08 2.57744345e+03 9.04835294e+02
-1.84343434e-05 -2.52525253e-07 3.00002772e+08 2.99958455e+03 8.67266997e+02
-1.79292929e-05 -2.52525253e-07 3.00002873e+08 3.41879359e+03 8.07492466e+02
-1.74242424e-05 -2.52525253e-07 3.00002939e+08 3.82415238e+03 7.25351335e+02
-1.69191919e-05 -2.52525253e-07 3.00002964e+08 4.20406434e+03 6.20711416e+02
-1.64141414e-05 -2.52525253e-07 3.00002943e+08 4.54726110e+03 4.93514758e+02
-1.59090909e-05 -2.52525253e-07 3.00002873e+08 4.84379361e+03 3.44200346e+02
-1.54040404e-05 -2.52525253e-07 3.00002749e+08 5.08560160e+03 1.74402538e+02
-1.48989899e-05 -2.52525253e-07 3.00002566e+08 5.26645463e+03 -1.24319424e+01
-1.43939394e-05 -2.52525253e-07 3.00002317e+08 5.38145043e+03 -2.10856320e+02
-1.38888889e-05 -2.52525253e-07 3.00001999e+08 5.42645851e+03 -4.13688483e+02
-1.33838384e-05 -2.52525253e-07 3.00001605e+08 5.39767070e+03 -6.12443605e+02
-1.28787879e-05 -2.52525253e-07 3.00001133e+08 5.29101743e+03 -7.97738666e+02
-1.23737374e-05 -2.52525253e-07 3.00000579e+08 5.10116592e+03 -9.59936047e+02
-1.18686869e-05 -2.52525253e-07 2.99999943e+08 4.82040998e+03 -1.09062125e+03
-1.13636364e-05 -2.52525253e-07 2.99999230e+08 4.43852669e+03 -1.18510034e+03
-1.08585859e-05 -2.52525253e-07 2.99998451e+08 3.94458926e+03 -1.24507081e+03
-1.03535354e-05 -2.52525253e-07 2.99997620e+08 3.33046980e+03 -1.28008992e+03
-9.84848485e-06 -2.52525253e-07 2.99996757e+08 2.59459271e+03 -1.30722722e+03
-9.34343434e-06 -2.52525253e-07 2.99995885e+08 1.74471734e+03 -1.34948338e+03
-8.83838384e-06 -2.52525253e-07 2.99995035e+08 7.99654989e+02 -1.43385074e+03
-8.33333333e-06 -2.52525253e-07 2.99994237e+08 -2.09510273e+02 -1.58926271e+03
-7.82828283e-06 -2.52525253e-07 2.99993531e+08 -1.23837501e+03 -1.84403339e+03
-7.32323232e-06 -2.52525253e-07 2.99992954e+08 -2.22867508e+03 -2.22225710e+03
-6.81818182e-06 -2.52525253e-07 2.99992543e+08 -3.10911563e+03 -2.73895010e+03
-6.31313131e-06 -2.52525253e-07 2.99992323e+08 -3.79866471e+03 -3.39425294e+03
-5.80808081e-06 -2.52525253e-07 2.99992308e+08 -4.21327669e+03 -4.16765194e+03
-5.30303030e-06 -2.52525253e-07 2.99992487e+08 -4.27645402e+03 -5.01383442e+03
-4.79797980e-06 -2.52525253e-07 2.99992826e+08 -3.93296471e+03 -5.86226644e+03
-4.29292929e-06 -2.52525253e-07 2.99993263e+08 -3.16346533e+03 -6.62249726e+03
-3.78787879e-06 -2.52525253e-07 2.99993724e+08 -1.99617118e+03 -7.19612705e+03
-3.28282828e-06 -2.52525253e-07 2.99994127e+08 -5.10961991e+02 -7.49419292e+03
-2.77777778e-06 -2.52525253e-07 2.99994403e+08 1.16758342e+03 -7.45603631e+03
-2.27272727e-06 -2.52525253e-07 2.99994512e+08 2.88845769e+03 -7.06390207e+03
-1.76767677e-06 -2.52525253e-07 2.99994447e+08 4.49969915e+03 -6.34804361e+03
-1.26262626e-06 -2.52525253e-07 2.99994232e+08 5.87381833e+03 -5.38027904e+03
-7.57575758e-07 -2.52525253e-07 2.99993920e+08 6.92589322e+03 -4.25830529e+03
-2.52525253e-07 -2.52525253e-07 2.99993568e+08 7.62021108e+03 -3.08626363e+03
2.52525253e-07 -2.52525253e-07 2.99993233e+08 7.96580795e+03 -1.95750087e+03
7.57575758e-07 -2.52525253e-07 2.99992956e+08 8.00466724e+03 -9.43440623e+02
1.26262626e-06 -2.52525253e-07 2.99992762e+08 7.79742889e+03 -8.95252790e+01
1.76767677e-06 -2.52525253e-07 2.99992662e+08 7.41052414e+03 5.83131306e+02
2.27272727e-06 -2.52525253e-07 2.99992651e+08 6.90681973e+03 1.07274465e+03
2.77777778e-06 -2.52525253e-07 2.99992718e+08 6.34017045e+03 1.39074933e+03
3.28282828e-06 -2.52525253e-07 2.99992846e+08 5.75323975e+03 1.55611198e+03
3.78787879e-06 -2.52525253e-07 2.99993017e+08 5.17756238e+03 1.59082890e+03
4.29292929e-06 -2.52525253e-07 2.99993215e+08 4.63487015e+03 1.51678773e+03
4.79797980e-06 -2.52525253e-07 2.99993424e+08 4.13894106e+03 1.35384014e+03
5.30303030e-06 -2.52525253e-07 2.99993633e+08 3.69750058e+03 1.11880084e+03
5.80808081e-06 -2.52525253e-07 2.99993831e+08 3.31392408e+03 8.25078588e+02
6.31313131e-06 -2.52525253e-07 2.99994012e+08 2.98863970e+03 4.82693532e+02
6.81818182e-06 -2.52525253e-07 2.99994171e+08 2.72022056e+03 9.85005826e+01
7.32323232e-06 -2.52525253e-07 2.99994306e+08 2.50620129e+03 -3.23500323e+02
7.82828283e-06 -2.52525253e-07 2.99994417e+08 2.34367219e+03 -7.81835912e+02
8.33333333e-06 -2.52525253e-07 2.99994505e+08 2.22971009e+03 -1.27724242e+03
8.83838384e-06 -2.52525253e-07 2.99994577e+08 2.16170633e+03 -1.81235495e+03
9.34343434e-06 -2.52525253e-07 2.99994642e+08 2.13765837e+03 -2.39136370e+03
9.84848485e-06 -2.52525253e-07 2.99994713e+08 2.15651278e+03 -3.01955016e+03
1.03535354e-05 -2.52525253e-07 2.99994815e+08 2.21870041e+03 -3.70254164e+03
1.08585859e-05 -2.52525253e-07 2.99994982e+08 2.32712436e+03 -4.44499504e+03
1.13636364e-05 -2.52525253e-07 2.99995269e+08 2.48912216e+03 -5.24820315e+03
1.18686869e-05 -2.52525253e-07 2.99995763e+08 2.72048332e+03 -6.10576448e+03
1.23737374e-05 -2.52525253e-07 2.99996599e+08 3.05379625e+03 -6.99596379e+03
1.28787879e-05 -2.52525253e-07 2.99997982e+08 3.55588378e+03 -7.86911256e+03
1.33838384e-05 -2.52525253e-07 3.00000227e+08 4.36394554e+03 -8.62902404e+03
1.38888889e-05 -2.52525253e-07 3.00003783e+08 5.75789000e+03 -9.11462442e+03
1.43939394e-05 -2.52525253e-07 3.00009212e+08 8.29112337e+03 -9.11435286e+03
1.48989899e-05 -2.52525253e-07 3.00016995e+08 1.29632200e+04 -8.52275250e+03
1.54040404e-05 -2.52525253e-07 3.00026932e+08 2.11831578e+04 -7.88015508e+03
1.59090909e-05 -2.52525253e-07 3.00037258e+08 3.35885037e+04 -9.38628561e+03
1.64141414e-05 -2.52525253e-07 3.00045185e+08 4.65094781e+04 -1.68155114e+04
1.69191919e-05 -2.52525253e-07 3.00051272e+08 4.95049021e+04 -3.05639115e+04
1.74242424e-05 -2.52525253e-07 3.00061480e+08 3.36056113e+04 -4.19472523e+04
1.79292929e-05 -2.52525253e-07 3.00078056e+08 2.23588655e+03 -4.06864887e+04
1.84343434e-05 -2.52525253e-07 3.00090638e+08 -3.73163644e+04 -2.71406068e+04
1.89393939e-05 -2.52525253e-07 3.00076008e+08 -1.00315994e+05 -1.22116866e+04
1.94444444e-05 -2.52525253e-07 3.00063981e+08 -2.25969236e+05 4.97774713e+04
1.99494949e-05 -2.52525253e-07 3.00053070e+08 -1.58462086e+05 1.65233462e+05
2.04545455e-05 -2.52525253e-07 2.99981585e+08 -2.49102256e+04 1.18719456e+05
2.09595960e-05 -2.52525253e-07 2.99955024e+08 1.70024099e+04 6.06529825e+04
2.14646465e-05 -2.52525253e-07 2.99953956e+08 2.38732162e+04 2.96312045e+04
2.19696970e-05 -2.52525253e-07 2.99959538e+08 2.21537911e+04 1.43106785e+04
2.24747475e-05 -2.52525253e-07 2.99965843e+08 1.88634105e+04 6.53537587e+03
2.29797980e-05 -2.52525253e-07 2.99971393e+08 1.57215870e+04 2.44236766e+03
2.34848485e-05 -2.52525253e-07 2.99975969e+08 1.30795546e+04 2.31876623e+02
2.39898990e-05 -2.52525253e-07 2.99979675e+08 1.09361853e+04 -9.71911197e+02
2.44949495e-05 -2.52525253e-07 2.99982670e+08 9.21127019e+03 -1.61719890e+03
2.50000000e-05 -2.52525253e-07 2.99985105e+08 7.81978681e+03 -1.94403990e+03
-2.50000000e-05 2.52525253e-07 3.00000337e+08 -8.87264557e+02 2.20592174e+02
-2.44949495e-05 2.52525253e-07 3.00000455e+08 -7.59973833e+02 3.29330517e+02
-2.39898990e-05 2.52525253e-07 3.00000588e+08 -6.06586543e+02 4.41868716e+02
-2.34848485e-05 2.52525253e-07 3.00000735e+08 -4.24897674e+02 5.56458710e+02
-2.29797980e-05 2.52525253e-07 3.00000896e+08 -2.12956614e+02 6.70971534e+02
-2.24747475e-05 2.52525253e-07 3.00001070e+08 3.07946179e+01 7.82907936e+02
-2.19696970e-05 2.52525253e-07 3.00001254e+08 3.07360080e+02 8.89435060e+02
-2.14646465e-05 2.52525253e-07 3.00001446e+08 6.17006563e+02 9.87453735e+02
-2.09595960e-05 2.52525253e-07 3.00001642e+08 9.59060947e+02 1.07369812e+03
-2.04545455e-05 2.52525253e-07 3.00001837e+08 1.33169395e+03 1.14486465e+03
-1.99494949e-05 2.52525253e-07 3.00002026e+08 1.73170123e+03 1.19775991e+03
-1.94444444e-05 2.52525253e-07 3.00002203e+08 2.15430196e+03 1.22944863e+03
-1.89393939e-05 2.52525253e-07 3.00002363e+08 2.59298945e+03 1.23737638e+03
-1.84343434e-05 2.52525253e-07 3.00002497e+08 3.03948661e+03 1.21944259e+03
-1.79292929e-05 2.52525253e-07 3.00002600e+08 3.48387351e+03 1.17401737e+03
-1.74242424e-05 2.52525253e-07 3.00002666e+08 3.91494715e+03 1.09993183e+03
-1.69191919e-05 2.52525253e-07 3.00002689e+08 4.32082507e+03 9.96514511e+02
-1.64141414e-05 2.52525253e-07 3.00002664e+08 4.68970939e+03 8.63761113e+02
-1.59090909e-05 2.52525253e-07 3.00002585e+08 5.01062871e+03 7.02670820e+02
-1.54040404e-05 2.52525253e-07 3.00002447e+08 5.27394992e+03 5.15667257e+02
-1.48989899e-05 2.52525253e-07 3.00002246e+08 5.47155112e+03 3.06923119e+02
-1.43939394e-05 2.52525253e-07 3.00001978e+08 5.59670925e+03 8.24232171e+01
-1.38888889e-05 2.52525253e-07 3.00001637e+08 5.64384013e+03 -1.50270486e+02
-1.33838384e-05 2.52525253e-07 3.00001223e+08 5.60816378e+03 -3.82476748e+02
-1.28787879e-05 2.52525253e-07 3.00000734e+08 5.48526068e+03 -6.05036553e+02
-1.23737374e-05 2.52525253e-07 3.00000170e+08 5.27053037e+03 -8.09247008e+02
-1.18686869e-05 2.52525253e-07 2.99999537e+08 4.95881736e+03 -9.88244605e+02
-1.13636364e-05 2.52525253e-07 2.99998842e+08 4.54470410e+03 -1.13875790e+03
-1.08585859e-05 2.52525253e-07 2.99998097e+08 4.02383608e+03 -1.26274711e+03
-1.03535354e-05 2.52525253e-07 2.99997319e+08 3.39511159e+03 -1.36828931e+03
-9.84848485e-06 2.52525253e-07 2.99996529e+08 2.66309636e+03 -1.46938088e+03
-9.34343434e-06 2.52525253e-07 2.99995749e+08 1.84004669e+03 -1.58481471e+03
-8.83838384e-06 2.52525253e-07 2.99995007e+08 9.47320780e+02 -1.73648260e+03
-8.33333333e-06 2.52525253e-07 2.99994331e+08 1.62550807e+01 -1.94727571e+03
-7.82828283e-06 2.52525253e-07 2.99993751e+08 -9.11466086e+02 -2.23850085e+03
-7.32323232e-06 2.52525253e-07 2.99993297e+08 -1.78419410e+03 -2.62666248e+03
-6.81818182e-06 2.52525253e-07 2.99992992e+08 -2.54196383e+03 -3.11963347e+03
-6.31313131e-06 2.52525253e-07 2.99992852e+08 -3.12000737e+03 -3.71257557e+03
-5.80808081e-06 2.52525253e-07 2.99992879e+08 -3.45457137e+03 -4.38437404e+03
-5.30303030e-06 2.52525253e-07 2.99993060e+08 -3.49101188e+03 -5.09570702e+03
-4.79797980e-06 2.52525253e-07 2.99993360e+08 -3.19338294e+03 -5.79001897e+03
-4.29292929e-06 2.52525253e-07 2.99993732e+08 -2.55380956e+03 -6.39840460e+03
-3.78787879e-06 2.52525253e-07 2.99994115e+08 -1.59916514e+03 -6.84857792e+03
-3.28282828e-06 2.52525253e-07 2.99994449e+08 -3.92436856e+02 -7.07676279e+03
-2.77777778e-06 2.52525253e-07 2.99994684e+08 9.72925831e+02 -7.03992128e+03
-2.27272727e-06 2.52525253e-07 2.99994788e+08 2.38543662e+03 -6.72495083e+03
-1.76767677e-06 2.52525253e-07 2.99994752e+08 3.73220554e+03 -6.15195770e+03
-1.26262626e-06 2.52525253e-07 2.99994593e+08 4.91560710e+03 -5.37049040e+03
-7.57575758e-07 2.52525253e-07 2.99994345e+08 5.86579098e+03 -4.44995422e+03
-2.52525253e-07 2.52525253e-07 2.99994048e+08 6.54644125e+03 -3.46720944e+03
2.52525253e-07 2.52525253e-07 2.99993746e+08 6.95356023e+03 -2.49480281e+03
7.57575758e-07 2.52525253e-07 2.99993473e+08 7.10905926e+03 -1.59240932e+03
1.26262626e-06 2.52525253e-07 2.99993253e+08 7.05185684e+03 -8.02528865e+02
1.76767677e-06 2.52525253e-07 2.99993098e+08 6.82898535e+03 -1.50075599e+02
2.27272727e-06 2.52525253e-07 2.99993011e+08 6.48834926e+03 3.55318280e+02
2.77777778e-06 2.52525253e-07 2.99992986e+08 6.07380054e+03 7.15638958e+02
3.28282828e-06 2.52525253e-07 2.99993013e+08 5.62245574e+03 9.40573364e+02
3.78787879e-06 2.52525253e-07 2.99993078e+08 5.16378091e+03 1.04403373e+03
4.29292929e-06 2.52525253e-07 2.99993167e+08 4.71985984e+03 1.04143890e+03
4.79797980e-06 2.52525253e-07 2.99993268e+08 4.30632367e+03 9.47796907e+02
5.30303030e-06 2.52525253e-07 2.99993368e+08 3.93355386e+03 7.76482752e+02
5.80808081e-06 2.52525253e-07 2.99993457e+08 3.60790878e+03 5.38546542e+02
6.31313131e-06 2.52525253e-07 2.99993526e+08 3.33283700e+03 2.42383866e+02
6.81818182e-06 2.52525253e-07 2.99993567e+08 3.10981937e+03 -1.06375686e+02
7.32323232e-06 2.52525253e-07 2.99993574e+08 2.93913022e+03 -5.04873971e+02
7.82828283e-06 2.52525253e-07 2.99993541e+08 2.82043523e+03 -9.53005545e+02
8.33333333e-06 2.52525253e-07 2.99993466e+08 2.75325547e+03 -1.45343180e+03
8.83838384e-06 2.52525253e-07 2.99993345e+08 2.73733200e+03 -2.01166570e+03
9.34343434e-06 2.52525253e-07 2.99993177e+08 2.77292797e+03 -2.63624762e+03
9.84848485e-06 2.52525253e-07 2.99992963e+08 2.86111085e+03 -3.33901180e+03
1.03535354e-05 2.52525253e-07 2.99992708e+08 3.00407556e+03 -4.13540505e+03
1.08585859e-05 2.52525253e-07 2.99992424e+08 3.20561760e+03 -5.04474005e+03
1.13636364e-05 2.52525253e-07 2.99992136e+08 3.47198784e+03 -6.09009138e+03
1.18686869e-05 2.52525253e-07 2.99991889e+08 3.81367080e+03 -7.29716093e+03
1.23737374e-05 2.52525253e-07 2.99991769e+08 4.24942045e+03 -8.69061940e+03
1.28787879e-05 2.52525253e-07 2.99991935e+08 4.81595058e+03 -1.02847340e+04
1.33838384e-05 2.52525253e-07 2.99992675e+08 5.59212840e+03 -1.20619020e+04
1.38888889e-05 2.52525253e-07 2.99994506e+08 6.76083661e+03 -1.39283505e+04
1.43939394e-05 2.52525253e-07 2.99998317e+08 8.76696276e+03 -1.56391854e+04
1.48989899e-05 2.52525253e-07 3.00005471e+08 1.26965506e+04 -1.67458798e+04
1.54040404e-05 2.52525253e-07 3.00017381e+08 2.09793497e+04 -1.69415671e+04
1.59090909e-05 2.52525253e-07 3.00033319e+08 3.74249809e+04 -1.80845901e+04
1.64141414e-05 2.52525253e-07 3.00047281e+08 6.09466335e+04 -2.81784754e+04
1.69191919e-05 2.52525253e-07 3.00056544e+08 7.03663606e+04 -5.39518347e+04
1.74242424e-05 2.52525253e-07 3.00077202e+08 4.09643432e+04 -7.60057040e+04
1.79292929e-05 2.52525253e-07 3.00120105e+08 -1.32680090e+04 -6.96226209e+04
1.84343434e-05 2.52525253e-07 3.00180654e+08 -6.97577210e+04 -3.51801457e+04
1.89393939e-05 2.52525253e-07 3.00252378e+08 -1.36807321e+05 2.67226356e+04
1.94444444e-05 2.52525253e-07 3.00115689e+08 -5.51511440e+05 7.52940030e+04
1.99494949e-05 2.52525253e-07 2.99907150e+08 -2.45226759e+04 3.15095919e+05
2.04545455e-05 2.52525253e-07 2.99859767e+08 7.58834684e+04 7.03975319e+04
2.09595960e-05 2.52525253e-07 2.99899455e+08 5.61566894e+04 1.55498313e+04
2.14646465e-05 2.52525253e-07 2.99928080e+08 3.97748538e+04 4.56141893e+02
2.19696970e-05 2.52525253e-07 2.99946604e+08 2.91155587e+04 -4.33502891e+03
2.24747475e-05 2.52525253e-07 2.99958976e+08 2.20526008e+04 -5.78447503e+03
2.29797980e-05 2.52525253e-07 2.99967587e+08 1.71859054e+04 -6.00778509e+03
2.34848485e-05 2.52525253e-07 2.99973803e+08 1.37083946e+04 -5.76279382e+03
2.39898990e-05 2.52525253e-07 2.99978429e+08 1.11455504e+04 -5.34985955e+03
2.44949495e-05 2.52525253e-07 2.99981961e+08 9.20710948e+03 -4.89465453e+03
2.50000000e-05 2.52525253e-07 2.99984716e+08 7.70841949e+03 -4.45025672e+03
-2.50000000e-05 7.57575758e-07 3.00000109e+08 -1.00111205e+03 2.61713872e+02
-2.44949495e-05 7.57575758e-07 3.00000215e+08 -8.79525350e+02 3.86637860e+02
-2.39898990e-05 7.57575758e-07 3.00000337e+08 -7.30312268e+02 5.17746748e+02
-2.34848485e-05 7.57575758e-07 3.00000474e+08 -5.50853031e+02 6.53320745e+02
-2.29797980e-05 7.57575758e-07 3.00000627e+08 -3.38771747e+02 7.91175112e+02
-2.24747475e-05 7.57575758e-07 3.00000794e+08 -9.20973822e+01 9.28649244e+02
-2.19696970e-05 7.57575758e-07 3.00000974e+08 1.90546537e+02 1.06262104e+03
-2.14646465e-05 7.57575758e-07 3.00001163e+08 5.09726126e+02 1.18955223e+03
-2.09595960e-05 7.57575758e-07 3.00001358e+08 8.64961347e+02 1.30556816e+03
-2.04545455e-05 7.57575758e-07 3.00001555e+08 1.25448119e+03 1.40657207e+03
-1.99494949e-05 7.57575758e-07 3.00001748e+08 1.67498752e+03 1.48838850e+03
-1.94444444e-05 7.57575758e-07 3.00001930e+08 2.12145414e+03 1.54692539e+03
-1.89393939e-05 7.57575758e-07 3.00002096e+08 2.58699786e+03 1.57834076e+03
-1.84343434e-05 7.57575758e-07 3.00002238e+08 3.06286691e+03 1.57920199e+03
-1.79292929e-05 7.57575758e-07 3.00002348e+08 3.53859336e+03 1.54663563e+03
-1.74242424e-05 7.57575758e-07 3.00002420e+08 4.00234012e+03 1.47848250e+03
-1.69191919e-05 7.57575758e-07 3.00002447e+08 4.44143420e+03 1.37348687e+03
-1.64141414e-05 7.57575758e-07 3.00002422e+08 4.84302173e+03 1.23154356e+03
-1.59090909e-05 7.57575758e-07 3.00002339e+08 5.19473014e+03 1.05399184e+03
-1.54040404e-05 7.57575758e-07 3.00002194e+08 5.48521464e+03 8.43889985e+02
-1.48989899e-05 7.57575758e-07 3.00001981e+08 5.70451187e+03 6.06166422e+02
-1.43939394e-05 7.57575758e-07 3.00001698e+08 5.84419510e+03 3.47555569e+02
-1.38888889e-05 7.57575758e-07 3.00001342e+08 5.89737078e+03 7.62834457e+01
-1.33838384e-05 7.57575758e-07 3.00000913e+08 5.85855351e+03 -1.98482367e+02
-1.28787879e-05 7.57575758e-07 3.00000414e+08 5.72344836e+03 -4.67403568e+02
-1.23737374e-05 7.57575758e-07 2.99999847e+08 5.48871857e+03 -7.21975188e+02
-1.18686869e-05 7.57575758e-07 2.99999221e+08 5.15192164e+03 -9.55750481e+02
-1.13636364e-05 7.57575758e-07 2.99998546e+08 4.71185839e+03 -1.16564809e+03
-1.08585859e-05 7.57575758e-07 2.99997836e+08 4.16947965e+03 -1.35304381e+03
-1.03535354e-05 7.57575758e-07 2.99997108e+08 3.52925146e+03 -1.52430831e+03
-9.84848485e-06 7.57575758e-07 2.99996384e+08 2.80066664e+03 -1.69059791e+03
-9.34343434e-06 7.57575758e-07 2.99995684e+08 1.99956676e+03 -1.86692543e+03
-8.83838384e-06 7.57575758e-07 2.99995032e+08 1.14907086e+03 -2.07065926e+03
-8.33333333e-06 7.57575758e-07 2.99994454e+08 2.80028427e+02 -2.31957208e+03
-7.82828283e-06 7.57575758e-07 2.99993973e+08 -5.69090828e+02 -2.62948308e+03
-7.32323232e-06 7.57575758e-07 2.99993610e+08 -1.35306367e+03 -3.01152974e+03
-6.81818182e-06 7.57575758e-07 2.99993381e+08 -2.02183394e+03 -3.46921461e+03
-6.31313131e-06 7.57575758e-07 2.99993293e+08 -2.52378595e+03 -3.99557475e+03
-5.80808081e-06 7.57575758e-07 2.99993344e+08 -2.81050750e+03 -4.57104934e+03
-5.30303030e-06 7.57575758e-07 2.99993516e+08 -2.84283438e+03 -5.16278667e+03
-4.79797980e-06 7.57575758e-07 2.99993781e+08 -2.59747645e+03 -5.72612745e+03
-4.29292929e-06 7.57575758e-07 2.99994098e+08 -2.07300359e+03 -6.20872641e+03
-3.78787879e-06 7.57575758e-07 2.99994420e+08 -1.29362482e+03 -6.55718521e+03
-3.28282828e-06 7.57575758e-07 2.99994702e+08 -3.09273667e+02 -6.72526457e+03
-2.77777778e-06 7.57575758e-07 2.99994905e+08 8.08823749e+02 -6.68198901e+03
-2.27272727e-06 7.57575758e-07 2.99995003e+08 1.97675521e+03 -6.41762378e+03
-1.76767677e-06 7.57575758e-07 2.99994989e+08 3.10907664e+03 -5.94586358e+03
-1.26262626e-06 7.57575758e-07 2.99994871e+08 4.13003204e+03 -5.30159702e+03
-7.57575758e-07 7.57575758e-07 2.99994673e+08 4.98234258e+03 -4.53491347e+03
-2.52525253e-07 7.57575758e-07 2.99994424e+08 5.63190838e+03 -3.70304699e+03
2.52525253e-07 7.57575758e-07 2.99994155e+08 6.06806247e+03 -2.86230366e+03
7.57575758e-07 7.57575758e-07 2.99993896e+08 6.30020647e+03 -2.06165207e+03
1.26262626e-06 7.57575758e-07 2.99993666e+08 6.35233069e+03 -1.33885831e+03
1.76767677e-06 7.57575758e-07 2.99993479e+08 6.25698470e+03 -7.19210282e+02
2.27272727e-06 7.57575758e-07 2.99993340e+08 6.04989024e+03 -2.16290985e+02
2.77777778e-06 7.57575758e-07 2.99993247e+08 5.76584788e+03 1.65980588e+02
3.28282828e-06 7.57575758e-07 2.99993195e+08 5.43610236e+03 4.30783008e+02
3.78787879e-06 7.57575758e-07 2.99993173e+08 5.08700740e+03 5.85850981e+02
4.29292929e-06 7.57575758e-07 2.99993172e+08 4.73967837e+03 6.41281805e+02
4.79797980e-06 7.57575758e-07 2.99993179e+08 4.41029755e+03 6.07820037e+02
5.30303030e-06 7.57575758e-07 2.99993182e+08 4.11078512e+03 4.95619478e+02
5.80808081e-06 7.57575758e-07 2.99993171e+08 3.84962523e+03 3.13409183e+02
6.31313131e-06 7.57575758e-07 2.99993136e+08 3.63271077e+03 6.79611735e+01
6.81818182e-06 7.57575758e-07 2.99993066e+08 3.46413216e+03 -2.36245247e+02
7.32323232e-06 7.57575758e-07 2.99992952e+08 3.34687908e+03 -5.97258253e+02
7.82828283e-06 7.57575758e-07 2.99992785e+08 3.28345311e+03 -1.01587092e+03
8.33333333e-06 7.57575758e-07 2.99992553e+08 3.27640744e+03 -1.49589608e+03
8.83838384e-06 7.57575758e-07 2.99992247e+08 3.32884014e+03 -2.04457112e+03
9.34343434e-06 7.57575758e-07 2.99991854e+08 3.44487536e+03 -2.67317226e+03
9.84848485e-06 7.57575758e-07 2.99991359e+08 3.63017338e+03 -3.39793544e+03
1.03535354e-05 7.57575758e-07 2.99990748e+08 3.89252078e+03 -4.24141094e+03
1.08585859e-05 7.57575758e-07 2.99990001e+08 4.24257050e+03 -5.23442079e+03
1.13636364e-05 7.57575758e-07 2.99989100e+08 4.69483976e+03 -6.41883062e+03
1.18686869e-05 7.57575758e-07 2.99988028e+08 5.26916555e+03 -7.85135020e+03
1.23737374e-05 7.57575758e-07 2.99986777e+08 5.99305979e+03 -9.60839693e+03
1.28787879e-05 7.57575758e-07 2.99985366e+08 6.90613142e+03 -1.17912488e+04
1.33838384e-05 7.57575758e-07 2.99983888e+08 8.07011225e+03 -1.45279120e+04
1.38888889e-05 7.57575758e-07 2.99982607e+08 9.59639960e+03 -1.79592884e+04
1.43939394e-05 7.57575758e-07 2.99982211e+08 1.17346064e+04 -2.21714406e+04
1.48989899e-05 7.57575758e-07 2.99984368e+08 1.51892699e+04 -2.69746432e+04
1.54040404e-05 7.57575758e-07 2.99992701e+08 2.22910894e+04 -3.14164628e+04
1.59090909e-05 7.57575758e-07 3.00012414e+08 4.06374862e+04 -3.42469420e+04
1.64141414e-05 7.57575758e-07 3.00038182e+08 8.39318181e+04 -4.52475481e+04
1.69191919e-05 7.57575758e-07 3.00047162e+08 1.16657279e+05 -9.83312595e+04
1.74242424e-05 7.57575758e-07 3.00078530e+08 5.33357821e+04 -1.45400126e+05
1.79292929e-05 7.57575758e-07 3.00143029e+08 -4.00242596e+04 -1.34910737e+05
1.84343434e-05 7.57575758e-07 3.00270308e+08 -2.12365269e+05 -9.26592881e+04
1.89393939e-05 7.57575758e-07 3.01451695e+08 8.05153942e+03 6.18299755e+05
1.94444444e-05 7.57575758e-07 3.00174737e+08 5.20856159e+06 -5.18200337e+06
1.99494949e-05 7.57575758e-07 2.99580203e+08 2.21197825e+05 -2.07789958e+05
2.04545455e-05 7.57575758e-07 2.99808299e+08 9.92709584e+04 -7.45128355e+04
2.09595960e-05 7.57575758e-07 2.99887887e+08 5.78136113e+04 -4.23087472e+04
2.14646465e-05 7.57575758e-07 2.99925478e+08 3.81762698e+04 -2.85497762e+04
2.19696970e-05 7.57575758e-07 2.99946595e+08 2.71419437e+04 -2.09749383e+04
2.24747475e-05 7.57575758e-07 2.99959770e+08 2.02706111e+04 -1.62063905e+04
2.29797980e-05 7.57575758e-07 2.99968589e+08 1.56852394e+04 -1.29521588e+04
2.34848485e-05 7.57575758e-07 2.99974802e+08 1.24679743e+04 -1.06090465e+04
2.39898990e-05 7.57575758e-07 2.99979350e+08 1.01225627e+04 -8.85597849e+03
2.44949495e-05 7.57575758e-07 2.99982783e+08 8.36014519e+03 -7.50573430e+03
2.50000000e-05 7.57575758e-07 2.99985439e+08 7.00275777e+03 -6.44165092e+03
-2.50000000e-05 1.26262626e-06 2.99999870e+08 -1.13000452e+03 2.98105379e+02
-2.44949495e-05 1.26262626e-06 2.99999963e+08 -1.01658278e+03 4.39330644e+02
-2.39898990e-05 1.26262626e-06 3.00000072e+08 -8.74083245e+02 5.89370597e+02
-2.34848485e-05 1.26262626e-06 3.00000199e+08 -6.99391932e+02 7.46561136e+02
-2.29797980e-05 1.26262626e-06 3.00000343e+08 -4.89604443e+02 9.08675399e+02
-2.24747475e-05 1.26262626e-06 3.00000504e+08 -2.42208328e+02 1.07288521e+03
-2.19696970e-05 1.26262626e-06 3.00000680e+08 4.46987266e+01 1.23574717e+03
-2.14646465e-05 1.26262626e-06 3.00000868e+08 3.72158438e+02 1.39322141e+03
-2.09595960e-05 1.26262626e-06 3.00001066e+08 7.40077580e+02 1.54072993e+03
-2.04545455e-05 1.26262626e-06 3.00001267e+08 1.14694443e+03 1.67325920e+03
-1.99494949e-05 1.26262626e-06 3.00001468e+08 1.58955839e+03 1.78550812e+03
-1.94444444e-05 1.26262626e-06 3.00001661e+08 2.06280350e+03 1.87207841e+03
-1.89393939e-05 1.26262626e-06 3.00001838e+08 2.55950433e+03 1.92770116e+03
-1.84343434e-05 1.26262626e-06 3.00001993e+08 3.07040657e+03 1.94749229e+03
-1.79292929e-05 1.26262626e-06 3.00002117e+08 3.58432020e+03 1.92723148e+03
-1.74242424e-05 1.26262626e-06 3.00002200e+08 4.08844676e+03 1.86366227e+03
-1.69191919e-05 1.26262626e-06 3.00002237e+08 4.56888182e+03 1.75481013e+03
-1.64141414e-05 1.26262626e-06 3.00002218e+08 5.01124590e+03 1.60030550e+03
-1.59090909e-05 1.26262626e-06 3.00002137e+08 5.40136593e+03 1.40167621e+03
-1.54040404e-05 1.26262626e-06 3.00001990e+08 5.72591976e+03 1.16254934e+03
-1.48989899e-05 1.26262626e-06 3.00001771e+08 5.97297382e+03 8.88690436e+02
-1.43939394e-05 1.26262626e-06 3.00001478e+08 6.13237668e+03 5.87821791e+02
-1.38888889e-05 1.26262626e-06 3.00001111e+08 6.19600045e+03 2.69195878e+02
-1.33838384e-05 1.26262626e-06 3.00000672e+08 6.15784002e+03 -5.70659819e+01
-1.28787879e-05 1.26262626e-06 3.00000166e+08 6.01400186e+03 -3.80839994e+02
-1.23737374e-05 1.26262626e-06 2.99999599e+08 5.76265391e+03 -6.93027725e+02
-1.18686869e-05 1.26262626e-06 2.99998981e+08 5.40405639e+03 -9.86667238e+02
-1.13636364e-05 1.26262626e-06 2.99998325e+08 4.94080574e+03 -1.25798513e+03
-1.08585859e-05 1.26262626e-06 2.99997646e+08 4.37836189e+03 -1.50718741e+03
-1.03535354e-05 1.26262626e-06 2.99996963e+08 3.72580854e+03 -1.73878819e+03
-9.84848485e-06 1.26262626e-06 2.99996295e+08 2.99668868e+03 -1.96135671e+03
-9.34343434e-06 1.26262626e-06 2.99995662e+08 2.20972432e+03 -2.18667906e+03
-8.83838384e-06 1.26262626e-06 2.99995085e+08 1.38926411e+03 -2.42841317e+03
-8.33333333e-06 1.26262626e-06 2.99994585e+08 5.65345372e+02 -2.70033747e+03
-7.82828283e-06 1.26262626e-06 2.99994180e+08 -2.26741621e+02 -3.01428930e+03
-7.32323232e-06 1.26262626e-06 2.99993885e+08 -9.47532220e+02 -3.37790953e+03
-6.81818182e-06 1.26262626e-06 2.99993710e+08 -1.55527753e+03 -3.79238266e+03
-6.31313131e-06 1.26262626e-06 2.99993657e+08 -2.00877330e+03 -4.25047586e+03
-5.80808081e-06 1.26262626e-06 2.99993719e+08 -2.27111487e+03 -4.73529483e+03
-5.30303030e-06 1.26262626e-06 2.99993880e+08 -2.31412289e+03 -5.22023107e+03
-4.79797980e-06 1.26262626e-06 2.99994114e+08 -2.12287895e+03 -5.67051031e+03
-4.29292929e-06 1.26262626e-06 2.99994387e+08 -1.69952603e+03 -6.04651927e+03
-3.78787879e-06 1.26262626e-06 2.99994663e+08 -1.06535204e+03 -6.30869038e+03
-3.28282828e-06 1.26262626e-06 2.99994905e+08 -2.60308358e+02 -6.42324189e+03
-2.77777778e-06 1.26262626e-06 2.99995083e+08 6.60425743e+02 -6.36766762e+03
-2.27272727e-06 1.26262626e-06 2.99995176e+08 1.63251629e+03 -6.13473538e+03
-1.76767677e-06 1.26262626e-06 2.99995178e+08 2.59013805e+03 -5.73400835e+03
-1.26262626e-06 1.26262626e-06 2.99995093e+08 3.47370823e+03 -5.19051069e+03
-7.57575758e-07 1.26262626e-06 2.99994935e+08 4.23615905e+03 -4.54091053e+03
-2.52525253e-07 1.26262626e-06 2.99994726e+08 4.84667454e+03 -3.82820402e+03
2.52525253e-07 1.26262626e-06 2.99994489e+08 5.29154634e+03 -3.09614003e+03
7.57575758e-07 1.26262626e-06 2.99994248e+08 5.57251824e+03 -2.38448109e+03
1.26262626e-06 1.26262626e-06 2.99994019e+08 5.70345620e+03 -1.72577785e+03
1.76767677e-06 1.26262626e-06 2.99993815e+08 5.70631508e+03 -1.14384144e+03
2.27272727e-06 1.26262626e-06 2.99993642e+08 5.60723087e+03 -6.53701540e+02
2.77777778e-06 1.26262626e-06 2.99993501e+08 5.43328057e+03 -2.62620717e+02
3.28282828e-06 1.26262626e-06 2.99993389e+08 5.21014879e+03 2.83091759e+01
3.78787879e-06 1.26262626e-06 2.99993300e+08 4.96070364e+03 2.22390219e+02
4.29292929e-06 1.26262626e-06 2.99993224e+08 4.70434243e+03 3.25638804e+02
4.79797980e-06 1.26262626e-06 2.99993152e+08 4.45691079e+03 3.45355172e+02
5.30303030e-06 1.26262626e-06 2.99993073e+08 4.23100105e+03 2.88994005e+02
5.80808081e-06 1.26262626e-06 2.99992977e+08 4.03646946e+03 1.63321059e+02
6.31313131e-06 1.26262626e-06 2.99992851e+08 3.88105663e+03 -2.61966234e+01
6.81818182e-06 1.26262626e-06 2.99992685e+08 3.77103880e+03 -2.75835811e+02
7.32323232e-06 1.26262626e-06 2.99992466e+08 3.71187449e+03 -5.83970888e+02
7.82828283e-06 1.26262626e-06 2.99992181e+08 3.70883925e+03 -9.51409878e+02
8.33333333e-06 1.26262626e-06 2.99991814e+08 3.76766477e+03 -1.38178802e+03
8.83838384e-06 1.26262626e-06 2.99991348e+08 3.89521790e+03 -1.88210295e+03
9.34343434e-06 1.26262626e-06 2.99990761e+08 4.10027651e+03 -2.46349674e+03
9.84848485e-06 1.26262626e-06 2.99990025e+08 4.39448645e+03 -3.14243199e+03
1.03535354e-05 1.26262626e-06 2.99989105e+08 4.79362455e+03 -3.94248536e+03
1.08585859e-05 1.26262626e-06 2.99987955e+08 5.31935899e+03 -4.89711743e+03
1.13636364e-05 1.26262626e-06 2.99986512e+08 6.00180851e+03 -6.05401938e+03
1.18686869e-05 1.26262626e-06 2.99984691e+08 6.88339293e+03 -7.48207479e+03
1.23737374e-05 1.26262626e-06 2.99982375e+08 8.02480424e+03 -9.28278301e+03
1.28787879e-05 1.26262626e-06 2.99979403e+08 9.51454577e+03 -1.16095010e+04
1.33838384e-05 1.26262626e-06 2.99975549e+08 1.14846883e+04 -1.47006492e+04
1.38888889e-05 1.26262626e-06 2.99970515e+08 1.41381297e+04 -1.89377028e+04
1.43939394e-05 1.26262626e-06 2.99963967e+08 1.78001645e+04 -2.49431942e+04
1.48989899e-05 1.26262626e-06 2.99955820e+08 2.30401176e+04 -3.37122189e+04
1.54040404e-05 1.26262626e-06 2.99947672e+08 3.11337433e+04 -4.65306404e+04
1.59090909e-05 1.26262626e-06 2.99949359e+08 4.72365042e+04 -6.28158801e+04
1.64141414e-05 1.26262626e-06 2.99993679e+08 1.07994400e+05 -7.35507086e+04
1.69191919e-05 1.26262626e-06 3.00009203e+08 2.39798842e+05 -1.93427774e+05
1.74242424e-05 1.26262626e-06 3.00133680e+08 -4.52202924e+04 -2.45097722e+05
1.79292929e-05 1.26262626e-06 3.01245428e+08 5.80942122e+04 6.26195083e+05
1.84343434e-05 1.26262626e-06 2.99651986e+08 5.11342411e+06 -8.55094420e+06
1.89393939e-05 1.26262626e-06 3.00377227e+08 1.71907290e+05 2.59373448e+04
1.94444444e-05 1.26262626e-06 3.00023176e+08 2.11439798e+05 -2.54717303e+05
1.99494949e-05 1.26262626e-06 3.00006997e+08 1.53372308e+05 -8.40083626e+04
2.04545455e-05 1.26262626e-06 2.99946846e+08 5.71048132e+04 -7.06283419e+04
2.09595960e-05 1.26262626e-06 2.99941650e+08 3.56413498e+04 -5.24456184e+04
2.14646465e-05 1.26262626e-06 2.99951201e+08 2.57977084e+04 -3.76136661e+04
2.19696970e-05 1.26262626e-06 2.99960915e+08 1.95979622e+04 -2.76884655e+04
2.24747475e-05 1.26262626e-06 2.99968628e+08 1.53294095e+04 -2.10687334e+04
2.29797980e-05 1.26262626e-06 2.99974494e+08 1.22643990e+04 -1.65122221e+04
2.34848485e-05 1.26262626e-06 2.99978958e+08 9.99617493e+03 -1.32644343e+04
2.39898990e-05 1.26262626e-06 2.99982400e+08 8.27534675e+03 -1.08752778e+04
2.44949495e-05 1.26262626e-06 2.99985094e+08 6.94179482e+03 -9.06937085e+03
2.50000000e-05 1.26262626e-06 2.99987236e+08 5.88923067e+03 -7.67238742e+03
-2.50000000e-05 1.76767677e-06 2.99999621e+08 -1.27380286e+03 3.27721524e+02
-2.44949495e-05 1.76767677e-06 2.99999699e+08 -1.17124085e+03 4.85075397e+02
-2.39898990e-05 1.76767677e-06 2.99999795e+08 -1.03826878e+03 6.54138781e+02
-2.34848485e-05 1.76767677e-06 2.99999910e+08 -8.71189848e+02 8.33349887e+02
-2.29797980e-05 1.76767677e-06 3.00000045e+08 -6.66452711e+02 1.02047603e+03
-2.24747475e-05 1.76767677e-06 3.00000200e+08 -4.20853371e+02 1.21254076e+03
-2.19696970e-05 1.76767677e-06 3.00000372e+08 -1.31782334e+02 1.40577457e+03
-2.14646465e-05 1.76767677e-06 3.00000561e+08 2.02486383e+02 1.59560064e+03
-2.09595960e-05 1.76767677e-06 3.00000762e+08 5.82473750e+02 1.77666699e+03
-2.04545455e-05 1.76767677e-06 3.00000972e+08 1.00715872e+03 1.94293608e+03
-1.99494949e-05 1.76767677e-06 3.00001185e+08 1.47365161e+03 2.08783984e+03
-1.94444444e-05 1.76767677e-06 3.00001392e+08 1.97691261e+03 2.20450489e+03
-1.89393939e-05 1.76767677e-06 3.00001588e+08 2.50955776e+03 2.28604756e+03
-1.84343434e-05 1.76767677e-06 3.00001762e+08 3.06179685e+03 2.32593316e+03
-1.79292929e-05 1.76767677e-06 3.00001905e+08 3.62154333e+03 2.31838823e+03
-1.74242424e-05 1.76767677e-06 3.00002007e+08 4.17472032e+03 2.25884739e+03
-1.69191919e-05 1.76767677e-06 3.00002060e+08 4.70576224e+03 2.14440737e+03
-1.64141414e-05 1.76767677e-06 3.00002053e+08 5.19828034e+03 1.97424759e+03
-1.59090909e-05 1.76767677e-06 3.00001981e+08 5.63583304e+03 1.74996270e+03
-1.54040404e-05 1.76767677e-06 3.00001836e+08 6.00272581e+03 1.47574285e+03
-1.48989899e-05 1.76767677e-06 3.00001615e+08 6.28476479e+03 1.15834022e+03
-1.43939394e-05 1.76767677e-06 3.00001317e+08 6.46990092e+03 8.06780179e+02
-1.38888889e-05 1.76767677e-06 3.00000942e+08 6.54872097e+03 4.31807301e+02
-1.33838384e-05 1.76767677e-06 3.00000495e+08 6.51476530e+03 4.50917658e+01
-1.28787879e-05 1.76767677e-06 2.99999983e+08 6.36468314e+03 -3.41748573e+02
-1.23737374e-05 1.76767677e-06 2.99999415e+08 6.09827249e+03 -7.18229205e+02
-1.18686869e-05 1.76767677e-06 2.99998803e+08 5.71848469e+03 -1.07607382e+03
-1.13636364e-05 1.76767677e-06 2.99998162e+08 5.23147983e+03 -1.41014497e+03
-1.08585859e-05 1.76767677e-06 2.99997510e+08 4.64678708e+03 -1.71907841e+03
-1.03535354e-05 1.76767677e-06 2.99996863e+08 3.97756130e+03 -2.00548959e+03
-9.84848485e-06 1.76767677e-06 2.99996241e+08 3.24086609e+03 -2.27567886e+03
-9.34343434e-06 1.76767677e-06 2.99995662e+08 2.45788015e+03 -2.53883704e+03
-8.83838384e-06 1.76767677e-06 2.99995145e+08 1.65392097e+03 -2.80581432e+03
-8.33333333e-06 1.76767677e-06 2.99994707e+08 8.58186498e+02 -3.08755104e+03
-7.82828283e-06 1.76767677e-06 2.99994361e+08 1.03115703e+02 -3.39328882e+03
-7.32323232e-06 1.76767677e-06 2.99994117e+08 -5.76736738e+02 -3.72870732e+03
-6.81818182e-06 1.76767677e-06 2.99993982e+08 -1.14640493e+03 -4.09417765e+03
-6.31313131e-06 1.76767677e-06 2.99993953e+08 -1.57283499e+03 -4.48338183e+03
-5.80808081e-06 1.76767677e-06 2.99994021e+08 -1.82775476e+03 -4.88259426e+03
-5.30303030e-06 1.76767677e-06 2.99994171e+08 -1.89085279e+03 -5.27092139e+03
-4.79797980e-06 1.76767677e-06 2.99994380e+08 -1.75284341e+03 -5.62171456e+03
-4.29292929e-06 1.76767677e-06 2.99994619e+08 -1.41784561e+03 -5.90519170e+03
-3.78787879e-06 1.76767677e-06 2.99994860e+08 -9.04462391e+02 -6.09204011e+03
-3.28282828e-06 1.76767677e-06 2.99995072e+08 -2.45075320e+02 -6.15748457e+03
-2.77777778e-06 1.76767677e-06 2.99995232e+08 5.16820461e+02 -6.08508744e+03
-2.27272727e-06 1.76767677e-06 2.99995322e+08 1.33098319e+03 -5.86950016e+03
-1.76767677e-06 1.76767677e-06 2.99995337e+08 2.14580852e+03 -5.51756183e+03
-1.26262626e-06 1.76767677e-06 2.99995277e+08 2.91377589e+03 -5.04751009e+03
-7.57575758e-07 1.76767677e-06 2.99995152e+08 3.59599327e+03 -4.48651662e+03
-2.52525253e-07 1.76767677e-06 2.99994978e+08 4.16513218e+03 -3.86713283e+03
2.52525253e-07 1.76767677e-06 2.99994771e+08 4.60646671e+03 -3.22341121e+03
7.57575758e-07 1.76767677e-06 2.99994550e+08 4.91716556e+03 -2.58742116e+03
1.26262626e-06 1.76767677e-06 2.99994328e+08 5.10430314e+03 -1.98665816e+03
1.76767677e-06 1.76767677e-06 2.99994118e+08 5.18218962e+03 -1.44255553e+03
2.27272727e-06 1.76767677e-06 2.99993924e+08 5.16958332e+03 -9.70047186e+02
2.77777778e-06 1.76767677e-06 2.99993751e+08 5.08720392e+03 -5.77958998e+02
3.28282828e-06 1.76767677e-06 2.99993597e+08 4.95578296e+03 -2.69937424e+02
3.78787879e-06 1.76767677e-06 2.99993456e+08 4.79472658e+03 -4.56373502e+01
4.29292929e-06 1.76767677e-06 2.99993323e+08 4.62135057e+03 9.80488608e+01
4.79797980e-06 1.76767677e-06 2.99993189e+08 4.45058616e+03 1.65863227e+02
5.30303030e-06 1.76767677e-06 2.99993044e+08 4.29503550e+03 1.63227254e+02
5.80808081e-06 1.76767677e-06 2.99992878e+08 4.16526440e+03 9.54790349e+01
6.31313131e-06 1.76767677e-06 2.99992679e+08 4.07024394e+03 -3.27144209e+01
6.81818182e-06 1.76767677e-06 2.99992435e+08 4.01788080e+03 -2.17806773e+02
7.32323232e-06 1.76767677e-06 2.99992133e+08 4.01560523e+03 -4.57731003e+02
7.82828283e-06 1.76767677e-06 2.99991756e+08 4.07101209e+03 -7.52218911e+02
8.33333333e-06 1.76767677e-06 2.99991287e+08 4.19257635e+03 -1.10313694e+03
8.83838384e-06 1.76767677e-06 2.99990703e+08 4.39049224e+03 -1.51490072e+03
9.34343434e-06 1.76767677e-06 2.99989975e+08 4.67772041e+03 -1.99504528e+03
9.84848485e-06 1.76767677e-06 2.99989068e+08 5.07137958e+03 -2.55505648e+03
1.03535354e-05 1.76767677e-06 2.99987933e+08 5.59470235e+03 -3.21162227e+03
1.08585859e-05 1.76767677e-06 2.99986506e+08 6.27991953e+03 -3.98855985e+03
1.13636364e-05 1.76767677e-06 2.99984697e+08 7.17269702e+03 -4.91985702e+03
1.18686869e-05 1.76767677e-06 2.99982374e+08 8.33924035e+03 -6.05461822e+03
1.23737374e-05 1.76767677e-06 2.99979348e+08 9.87815206e+03 -7.46542192e+03
1.28787879e-05 1.76767677e-06 2.99975325e+08 1.19411537e+04 -9.26314805e+03
1.33838384e-05 1.76767677e-06 2.99969839e+08 1.47713016e+04 -1.16249680e+04
1.38888889e-05 1.76767677e-06 2.99962104e+08 1.87782246e+04 -1.48515596e+04
1.43939394e-05 1.76767677e-06 2.99950707e+08 2.46989250e+04 -1.94968495e+04
1.48989899e-05 1.76767677e-06 2.99932871e+08 3.39801732e+04 -2.67059523e+04
1.54040404e-05 1.76767677e-06 2.99902436e+08 4.98291166e+04 -3.92813626e+04
1.59090909e-05 1.76767677e-06 2.99843213e+08 8.07491289e+04 -6.61279184e+04
1.64141414e-05 1.76767677e-06 2.99706003e+08 1.56305747e+05 -1.50408636e+05
1.69191919e-05 1.76767677e-06 3.00770867e+08 9.57001201e+05 -8.22112462e+04
1.74242424e-05 1.76767677e-06 2.98935276e+08 -5.41343846e+05 -1.71016835e+07
1.79292929e-05 1.76767677e-06 3.00549264e+08 1.24723694e+05 2.05469126e+05
1.84343434e-05 1.76767677e-06 3.00180945e+08 -7.26507899e+04 -1.18876833e+05
1.89393939e-05 1.76767677e-06 3.00096049e+08 2.51425905e+04 -1.53398406e+05
1.94444444e-05 1.76767677e-06 3.00049223e+08 1.13910691e+05 -1.23677348e+05
1.99494949e-05 1.76767677e-06 3.00041432e+08 1.02350637e+05 -5.71142774e+04
2.04545455e-05 1.76767677e-06 3.00017436e+08 5.02931650e+04 -3.74209139e+04
2.09595960e-05 1.76767677e-06 2.99994187e+08 2.60235794e+04 -3.42909521e+04
2.14646465e-05 1.76767677e-06 2.99983967e+08 1.70292091e+04 -2.97494993e+04
2.19696970e-05 1.76767677e-06 2.99981372e+08 1.28855728e+04 -2.45810800e+04
2.24747475e-05 1.76767677e-06 2.99981898e+08 1.03927472e+04 -2.00253433e+04
2.29797980e-05 1.76767677e-06 2.99983476e+08 8.62746020e+03 -1.63544700e+04
2.34848485e-05 1.76767677e-06 2.99985278e+08 7.27680585e+03 -1.34764717e+04
2.39898990e-05 1.76767677e-06 2.99986997e+08 6.20470794e+03 -1.12272116e+04
2.44949495e-05 1.76767677e-06 2.99988535e+08 5.33625057e+03 -9.45781578e+03
2.50000000e-05 1.76767677e-06 2.99989874e+08 4.62308842e+03 -8.05157826e+03
-2.50000000e-05 2.27272727e-06 2.99999363e+08 -1.43205773e+03 3.48533329e+02
-2.44949495e-05 2.27272727e-06 2.99999424e+08 -1.34329525e+03 5.21517719e+02
-2.39898990e-05 2.27272727e-06 2.99999505e+08 -1.22296962e+03 7.09391380e+02
-2.34848485e-05 2.27272727e-06 2.99999607e+08 -1.06670765e+03 9.10764943e+02
-2.29797980e-05 2.27272727e-06 2.99999732e+08 -8.70181049e+02 1.12346426e+03
-2.24747475e-05 2.27272727e-06 2.99999879e+08 -6.29324925e+02 1.34441549e+03
-2.19696970e-05 2.27272727e-06 3.00000049e+08 -3.40613895e+02 1.56955150e+03
-2.14646465e-05 2.27272727e-06 3.00000239e+08 -1.39410725e+00 1.79375486e+03
-2.09595960e-05 2.27272727e-06 3.00000446e+08 3.89737643e+02 2.01085494e+03
-2.04545455e-05 2.27272727e-06 3.00000667e+08 8.32525640e+02 2.21369705e+03
-1.99494949e-05 2.27272727e-06 3.00000895e+08 1.32464649e+03 2.39430052e+03
-1.94444444e-05 2.27272727e-06 3.00001122e+08 1.86133954e+03 2.54411869e+03
-1.89393939e-05 2.27272727e-06 3.00001341e+08 2.43512541e+03 2.65440681e+03
-1.84343434e-05 2.27272727e-06 3.00001541e+08 3.03566579e+03 2.71669392e+03
-1.79292929e-05 2.27272727e-06 3.00001711e+08 3.64981469e+03 2.72334203e+03
-1.74242424e-05 2.27272727e-06 3.00001839e+08 4.26189763e+03 2.66815976e+03
-1.69191919e-05 2.27272727e-06 3.00001915e+08 4.85423220e+03 2.54702114e+03
-1.64141414e-05 2.27272727e-06 3.00001928e+08 5.40787257e+03 2.35842360e+03
-1.59090909e-05 2.27272727e-06 3.00001869e+08 5.90352833e+03 2.10390821e+03
-1.54040404e-05 2.27272727e-06 3.00001733e+08 6.32258161e+03 1.78826397e+03
-1.48989899e-05 2.27272727e-06 3.00001515e+08 6.64811029e+03 1.41945184e+03
-1.43939394e-05 2.27272727e-06 3.00001213e+08 6.86582306e+03 1.00821303e+03
-1.38888889e-05 2.27272727e-06 3.00000832e+08 6.96482399e+03 5.67366592e+02
-1.33838384e-05 2.27272727e-06 3.00000377e+08 6.93814951e+03 1.10844479e+02
-1.28787879e-05 2.27272727e-06 2.99999857e+08 6.78305757e+03 -3.47449707e+02
-1.23737374e-05 2.27272727e-06 2.99999285e+08 6.50109102e+03 -7.94842398e+02
-1.18686869e-05 2.27272727e-06 2.99998675e+08 6.09797367e+03 -1.22101785e+03
-1.13636364e-05 2.27272727e-06 2.99998044e+08 5.58341539e+03 -1.61893187e+03
-1.08585859e-05 2.27272727e-06 2.99997410e+08 4.97089245e+03 -1.98538384e+03
-1.03535354e-05 2.27272727e-06 2.99996791e+08 4.27743760e+03 -2.32115452e+03
-9.84848485e-06 2.27272727e-06 2.99996204e+08 3.52343409e+03 -2.63067052e+03
-9.34343434e-06 2.27272727e-06 2.99995669e+08 2.73237422e+03 -2.92121651e+03
-8.83838384e-06 2.27272727e-06 2.99995200e+08 1.93052261e+03 -3.20176681e+03
-8.33333333e-06 2.27272727e-06 2.99994810e+08 1.14641186e+03 -3.48154379e+03
-7.82828283e-06 2.27272727e-06 2.99994510e+08 4.10092938e+02 -3.76843327e+03
-7.32323232e-06 2.27272727e-06 2.99994307e+08 -2.47935510e+02 -4.06740840e+03
-6.81818182e-06 2.27272727e-06 2.99994202e+08 -7.98173234e+02 -4.37913681e+03
-6.31313131e-06 2.27272727e-06 2.99994190e+08 -1.21394306e+03 -4.69896882e+03
-5.80808081e-06 2.27272727e-06 2.99994263e+08 -1.47351211e+03 -5.01651192e+03
-5.30303030e-06 2.27272727e-06 2.99994404e+08 -1.56231660e+03 -5.31597071e+03
-4.79797980e-06 2.27272727e-06 2.99994594e+08 -1.47498485e+03 -5.57735381e+03
-4.29292929e-06 2.27272727e-06 2.99994809e+08 -1.21677678e+03 -5.77851662e+03
-3.78787879e-06 2.27272727e-06 2.99995024e+08 -8.04057361e+02 -5.89783601e+03
-3.28282828e-06 2.27272727e-06 2.99995215e+08 -2.63526383e+02 -5.91714053e+03
-2.77777778e-06 2.27272727e-06 2.99995362e+08 3.69866234e+02 -5.82440213e+03
-2.27272727e-06 2.27272727e-06 2.99995453e+08 1.05612088e+03 -5.61568603e+03
-1.76767677e-06 2.27272727e-06 2.99995478e+08 1.75405052e+03 -5.29597638e+03
-1.26262626e-06 2.27272727e-06 2.99995440e+08 2.42519171e+03 -4.87872642e+03
-7.57575758e-07 2.27272727e-06 2.99995343e+08 3.03714422e+03 -4.38425521e+03
-2.52525253e-07 2.27272727e-06 2.99995198e+08 3.56586607e+03 -3.83734699e+03
2.52525253e-07 2.27272727e-06 2.99995019e+08 3.99670060e+03 -3.26453456e+03
7.57575758e-07 2.27272727e-06 2.99994818e+08 4.32418135e+03 -2.69154224e+03
1.26262626e-06 2.27272727e-06 2.99994608e+08 4.55087345e+03 -2.14124873e+03
1.76767677e-06 2.27272727e-06 2.99994399e+08 4.68562210e+03 -1.63235962e+03
2.27272727e-06 2.27272727e-06 2.99994196e+08 4.74158643e+03 -1.17881075e+03
2.77777778e-06 2.27272727e-06 2.99994003e+08 4.73436862e+03 -7.89797524e+02
3.28282828e-06 2.27272727e-06 2.99993820e+08 4.68044289e+03 -4.70258027e+02
3.78787879e-06 2.27272727e-06 2.99993643e+08 4.59598234e+03 -2.21624321e+02
4.29292929e-06 2.27272727e-06 2.99993468e+08 4.49609667e+03 -4.26798269e+01
4.79797980e-06 2.27272727e-06 2.99993288e+08 4.39443859e+03 6.95973527e+01
5.30303030e-06 2.27272727e-06 2.99993094e+08 4.30311042e+03 1.19280380e+02
5.80808081e-06 2.27272727e-06 2.99992876e+08 4.23279789e+03 1.10865374e+02
6.31313131e-06 2.27272727e-06 2.99992624e+08 4.19306793e+03 4.87768079e+01
6.81818182e-06 2.27272727e-06 2.99992325e+08 4.19278476e+03 -6.30034097e+01
7.32323232e-06 2.27272727e-06 2.99991966e+08 4.24061948e+03 -2.21202298e+02
7.82828283e-06 2.27272727e-06 2.99991530e+08 4.34565056e+03 -4.23439032e+02
8.33333333e-06 2.27272727e-06 2.99990999e+08 4.51807720e+03 -6.68343748e+02
8.83838384e-06 2.27272727e-06 2.99990347e+08 4.77009593e+03 -9.55623513e+02
9.34343434e-06 2.27272727e-06 2.99989546e+08 5.11702865e+03 -1.28607461e+03
9.84848485e-06 2.27272727e-06 2.99988558e+08 5.57884638e+03 -1.66151867e+03
1.03535354e-05 2.27272727e-06 2.99987333e+08 6.18232256e+03 -2.08460013e+03
1.08585859e-05 2.27272727e-06 2.99985802e+08 6.96420109e+03 -2.55830352e+03
1.13636364e-05 2.27272727e-06 2.99983873e+08 7.97603232e+03 -3.08488398e+03
1.18686869e-05 2.27272727e-06 2.99981413e+08 9.29182237e+03 -3.66354218e+03
1.23737374e-05 2.27272727e-06 2.99978231e+08 1.10205836e+04 -4.28533913e+03
1.28787879e-05 2.27272727e-06 2.99974037e+08 1.33277591e+04 -4.92179919e+03
1.33838384e-05 2.27272727e-06 2.99968382e+08 1.64734435e+04 -5.49825918e+03
1.38888889e-05 2.27272727e-06 2.99960535e+08 2.08839737e+04 -5.82747924e+03
1.43939394e-05 2.27272727e-06 2.99949246e+08 2.72928741e+04 -5.42867526e+03
1.48989899e-05 2.27272727e-06 2.99932260e+08 3.70269306e+04 -2.96697600e+03
1.54040404e-05 2.27272727e-06 2.99905363e+08 5.25229611e+04 5.83471888e+03
1.59090909e-05 2.27272727e-06 2.99862037e+08 7.67827652e+04 3.83941216e+04
1.64141414e-05 2.27272727e-06 2.99828886e+08 7.40108848e+04 1.94895596e+05
1.69191919e-05 2.27272727e-06 3.00216220e+08 -7.21255117e+05 4.59236995e+05
1.74242424e-05 2.27272727e-06 3.00320868e+08 -1.82806694e+05 7.67940292e+04
1.79292929e-05 2.27272727e-06 3.00209933e+08 -9.11013361e+04 -2.34993937e+04
1.84343434e-05 2.27272727e-06 3.00138958e+08 -3.14156981e+04 -6.60885590e+04
1.89393939e-05 2.27272727e-06 3.00088196e+08 2.71966502e+04 -8.15516433e+04
1.94444444e-05 2.27272727e-06 3.00060234e+08 6.86724049e+04 -6.51715040e+04
1.99494949e-05 2.27272727e-06 3.00049936e+08 6.85508159e+04 -3.55650614e+04
2.04545455e-05 2.27272727e-06 3.00037295e+08 4.43769975e+04 -2.06476247e+04
2.09595960e-05 2.27272727e-06 3.00020589e+08 2.47358670e+04 -1.82442563e+04
2.14646465e-05 2.27272727e-06 3.00007267e+08 1.45574300e+04 -1.81234491e+04
2.19696970e-05 2.27272727e-06 2.99999169e+08 9.78954282e+03 -1.71490371e+04
2.24747475e-05 2.27272727e-06 2.99994926e+08 7.40804637e+03 -1.54618293e+04
2.29797980e-05 2.27272727e-06 2.99992979e+08 6.03886656e+03 -1.35714560e+04
2.34848485e-05 2.27272727e-06 2.99992289e+08 5.12635062e+03 -1.17719697e+04
2.39898990e-05 2.27272727e-06 2.99992255e+08 4.44613727e+03 -1.01773464e+04
2.44949495e-05 2.27272727e-06 2.99992548e+08 3.90254152e+03 -8.80987155e+03
2.50000000e-05 2.27272727e-06 2.99992990e+08 3.45070714e+03 -7.65380137e+03
-2.50000000e-05 2.77777778e-06 2.99999097e+08 -1.60396993e+03 3.58575427e+02
-2.44949495e-05 2.77777778e-06 2.99999139e+08 -1.53219853e+03 5.46319566e+02
-2.39898990e-05 2.77777778e-06 2.99999203e+08 -1.42797265e+03 7.52431823e+02
-2.34848485e-05 2.77777778e-06 2.99999290e+08 -1.28614978e+03 9.75792586e+02
-2.29797980e-05 2.77777778e-06 2.99999402e+08 -1.10148804e+03 1.21438393e+03
-2.24747475e-05 2.77777778e-06 2.99999541e+08 -8.68876305e+02 1.46512377e+03
-2.19696970e-05 2.77777778e-06 2.99999707e+08 -5.83637655e+02 1.72371648e+03
-2.14646465e-05 2.77777778e-06 2.99999899e+08 -2.41907945e+02 1.98453967e+03
-2.09595960e-05 2.77777778e-06 3.00000113e+08 1.58916628e+02 2.24059132e+03
-2.04545455e-05 2.77777778e-06 3.00000347e+08 6.19680184e+02 2.48352435e+03
-1.99494949e-05 2.77777778e-06 3.00000594e+08 1.13894675e+03 2.70379591e+03
-1.94444444e-05 2.77777778e-06 3.00000847e+08 1.71250415e+03 2.89095523e+03
-1.89393939e-05 2.77777778e-06 3.00001095e+08 2.33295115e+03 3.03408500e+03
-1.84343434e-05 2.77777778e-06 3.00001328e+08 2.98943575e+03 3.12239648e+03
-1.79292929e-05 2.77777778e-06 3.00001532e+08 3.66761335e+03 3.14595819e+03
-1.74242424e-05 2.77777778e-06 3.00001694e+08 4.34988288e+03 3.09651253e+03
-1.69191919e-05 2.77777778e-06 3.00001801e+08 5.01593517e+03 2.96830857e+03
-1.64141414e-05 2.77777778e-06 3.00001841e+08 5.64361251e+03 2.75885647e+03
-1.59090909e-05 2.77777778e-06 3.00001804e+08 6.21003583e+03 2.46949600e+03
-1.54040404e-05 2.77777778e-06 3.00001681e+08 6.69291364e+03 2.10567544e+03
-1.48989899e-05 2.77777778e-06 3.00001468e+08 7.07191307e+03 1.67686055e+03
-1.43939394e-05 2.77777778e-06 3.00001166e+08 7.32995602e+03 1.19603608e+03
-1.38888889e-05 2.77777778e-06 3.00000778e+08 7.45430776e+03 6.78818005e+02
-1.33838384e-05 2.77777778e-06 3.00000313e+08 7.43735276e+03 1.42252753e+02
-1.28787879e-05 2.77777778e-06 2.99999782e+08 7.27699983e+03 -3.96570816e+02
-1.23737374e-05 2.77777778e-06 2.99999201e+08 6.97671565e+03 -9.21938994e+02
-1.18686869e-05 2.77777778e-06 2.99998586e+08 6.54523995e+03 -1.42079263e+03
-1.13636364e-05 2.77777778e-06 2.99997957e+08 5.99607206e+03 -1.88371415e+03
-1.08585859e-05 2.77777778e-06 2.99997333e+08 5.34682897e+03 -2.30550291e+03
-1.03535354e-05 2.77777778e-06 2.99996732e+08 4.61856040e+03 -2.68527122e+03
-9.84848485e-06 2.77777778e-06 2.99996173e+08 3.83507400e+03 -3.02605340e+03
-9.34343434e-06 2.77777778e-06 2.99995670e+08 3.02228588e+03 -3.33397695e+03
-8.83838384e-06 2.77777778e-06 2.99995239e+08 2.20757682e+03 -3.61709076e+03
-8.33333333e-06 2.77777778e-06 2.99994888e+08 1.41910779e+03 -3.88397448e+03
-7.82828283e-06 2.77777778e-06 2.99994626e+08 6.85033594e+02 -4.14227005e+03
-7.32323232e-06 2.77777778e-06 2.99994455e+08 3.25532286e+01 -4.39728480e+03
-6.81818182e-06 2.77777778e-06 2.99994375e+08 -5.13244265e+02 -4.65082025e+03
-6.31313131e-06 2.77777778e-06 2.99994379e+08 -9.30736562e+02 -4.90037937e+03
-5.80808081e-06 2.77777778e-06 2.99994456e+08 -1.20326138e+03 -5.13889092e+03
-5.30303030e-06 2.77777778e-06 2.99994593e+08 -1.32060441e+03 -5.35505282e+03
-4.79797980e-06 2.77777778e-06 2.99994771e+08 -1.28027054e+03 -5.53432975e+03
-4.29292929e-06 2.77777778e-06 2.99994969e+08 -1.08828745e+03 -5.66054397e+03
-3.78787879e-06 2.77777778e-06 2.99995166e+08 -7.59303729e+02 -5.71788613e+03
-3.28282828e-06 2.77777778e-06 2.99995343e+08 -3.15822342e+02 -5.69306924e+03
-2.77777778e-06 2.77777778e-06 2.99995484e+08 2.13452165e+02 -5.57728619e+03
-2.27272727e-06 2.77777778e-06 2.99995576e+08 7.96004492e+02 -5.36763751e+03
-1.76767677e-06 2.77777778e-06 2.99995612e+08 1.39833328e+03 -5.06778011e+03
-1.26262626e-06 2.77777778e-06 2.99995592e+08 1.98880911e+03 -4.68769528e+03
-7.57575758e-07 2.77777778e-06 2.99995519e+08 2.54015951e+03 -4.24264665e+03
-2.52525253e-07 2.77777778e-06 2.99995400e+08 3.03126131e+03 -3.75154855e+03
2.52525253e-07 2.77777778e-06 2.99995246e+08 3.44807114e+03 -3.23505273e+03
7.57575758e-07 2.77777778e-06 2.99995067e+08 3.78369434e+03 -2.71367129e+03
1.26262626e-06 2.77777778e-06 2.99994872e+08 4.03773477e+03 -2.20619362e+03
1.76767677e-06 2.77777778e-06 2.99994669e+08 4.21515493e+03 -1.72855525e+03
2.27272727e-06 2.77777778e-06 2.99994465e+08 4.32489880e+03 -1.29320743e+03
2.77777778e-06 2.77777778e-06 2.99994262e+08 4.37850168e+03 -9.08947261e+02
3.28282828e-06 2.77777778e-06 2.99994062e+08 4.38885202e+03 -5.81110965e+02
3.78787879e-06 2.77777778e-06 2.99993863e+08 4.36920232e+03 -3.12009822e+02
4.29292929e-06 2.77777778e-06 2.99993660e+08 4.33246607e+03 -1.01492549e+02
4.79797980e-06 2.77777778e-06 2.99993449e+08 4.29079270e+03 5.24622091e+01
5.30303030e-06 2.77777778e-06 2.99993222e+08 4.25538695e+03 1.53193021e+02
5.80808081e-06 2.77777778e-06 2.99992971e+08 4.23652777e+03 2.04886872e+02
6.31313131e-06 2.77777778e-06 2.99992687e+08 4.24374363e+03 2.12218945e+02
6.81818182e-06 2.77777778e-06 2.99992357e+08 4.28610951e+03 1.80113015e+02
7.32323232e-06 2.77777778e-06 2.99991969e+08 4.37264378e+03 1.13629929e+02
7.82828283e-06 2.77777778e-06 2.99991509e+08 4.51279825e+03 1.79954612e+01
8.33333333e-06 2.77777778e-06 2.99990958e+08 4.71705168e+03 -1.01207948e+02
8.83838384e-06 2.77777778e-06 2.99990295e+08 4.99763472e+03 -2.37635016e+02
9.34343434e-06 2.77777778e-06 2.99989493e+08 5.36943625e+03 -3.83460155e+02
9.84848485e-06 2.77777778e-06 2.99988520e+08 5.85116554e+03 -5.28170021e+02
1.03535354e-05 2.77777778e-06 2.99987334e+08 6.46687464e+03 -6.56538878e+02
1.08585859e-05 2.77777778e-06 2.99985882e+08 7.24797382e+03 -7.45181026e+02
1.13636364e-05 2.77777778e-06 2.99984092e+08 8.23587997e+03 -7.56531974e+02
1.18686869e-05 2.77777778e-06 2.99981873e+08 9.48535013e+03 -6.28009932e+02
1.23737374e-05 2.77777778e-06 2.99979104e+08 1.10681346e+04 -2.51778410e+02
1.28787879e-05 2.77777778e-06 2.99975630e+08 1.30750782e+04 5.64650327e+02
1.33838384e-05 2.77777778e-06 2.99971264e+08 1.56096613e+04 2.17886155e+03
1.38888889e-05 2.77777778e-06 2.99965821e+08 1.87481564e+04 5.28685564e+03
1.43939394e-05 2.77777778e-06 2.99959279e+08 2.23762053e+04 1.13180325e+04
1.48989899e-05 2.77777778e-06 2.99952382e+08 2.55518181e+04 2.33757644e+04
1.54040404e-05 2.77777778e-06 2.99948892e+08 2.39302638e+04 4.84009108e+04
1.59090909e-05 2.77777778e-06 2.99963116e+08 -7.71169868e+02 9.97758468e+04
1.64141414e-05 2.77777778e-06 3.00027128e+08 -1.07778125e+05 1.71463334e+05
1.69191919e-05 2.77777778e-06 3.00074977e+08 -2.52672052e+05 1.01143601e+05
1.74242424e-05 2.77777778e-06 3.00071802e+08 -1.32483929e+05 -4.55194740e+03
1.79292929e-05 2.77777778e-06 3.00096896e+08 -5.17670237e+04 -2.12246133e+04
1.84343434e-05 2.77777778e-06 3.00086648e+08 -8.83043279e+03 -3.84387379e+04
1.89393939e-05 2.77777778e-06 3.00067474e+08 2.63941603e+04 -4.46938245e+04
1.94444444e-05 2.77777778e-06 3.00054246e+08 4.84315371e+04 -3.59542150e+04
1.99494949e-05 2.77777778e-06 3.00047368e+08 5.02076395e+04 -2.10601070e+04
2.04545455e-05 2.77777778e-06 3.00040008e+08 3.81766955e+04 -1.13309497e+04
2.09595960e-05 2.77777778e-06 3.00029752e+08 2.45227801e+04 -8.65545030e+03
2.14646465e-05 2.77777778e-06 3.00019245e+08 1.49747742e+04 -9.13246507e+03
2.19696970e-05 2.77777778e-06 3.00010790e+08 9.46973920e+03 -9.88809643e+03
2.24747475e-05 2.77777778e-06 3.00004871e+08 6.48953825e+03 -1.00666035e+04
2.29797980e-05 2.77777778e-06 3.00001042e+08 4.85568319e+03 -9.71019226e+03
2.34848485e-05 2.77777778e-06 2.99998692e+08 3.90336003e+03 -9.04411988e+03
2.39898990e-05 2.77777778e-06 2.99997316e+08 3.29644039e+03 -8.25122260e+03
2.44949495e-05 2.77777778e-06 2.99996560e+08 2.87084498e+03 -7.44233970e+03
2.50000000e-05 2.77777778e-06 2.99996194e+08 2.54649349e+03 -6.67490313e+03
-2.50000000e-05 3.28282828e-06 2.99998825e+08 -1.78834312e+03 3.56004806e+02
-2.44949495e-05 3.28282828e-06 2.99998846e+08 -1.73700264e+03 5.57207670e+02
-2.39898990e-05 3.28282828e-06 2.99998889e+08 -1.65268598e+03 7.80558402e+02
-2.34848485e-05 3.28282828e-06 2.99998959e+08 -1.52939615e+03 1.02533473e+03
-2.29797980e-05 3.28282828e-06 2.99999057e+08 -1.36084117e+03 1.28981114e+03
-2.24747475e-05 3.28282828e-06 2.99999185e+08 -1.14066739e+03 1.57103222e+03
-2.19696970e-05 3.28282828e-06 2.99999346e+08 -8.62785277e+02 1.86459332e+03
-2.14646465e-05 3.28282828e-06 2.99999538e+08 -5.21795471e+02 2.16445304e+03
-2.09595960e-05 3.28282828e-06 2.99999760e+08 -1.13514139e+02 2.46280893e+03
-2.04545455e-05 3.28282828e-06 3.00000009e+08 3.64416145e+02 2.75007462e+03
-1.99494949e-05 3.28282828e-06 3.00000279e+08 9.11861193e+02 3.01499895e+03
-1.94444444e-05 3.28282828e-06 3.00000561e+08 1.52552703e+03 3.24496604e+03
-1.89393939e-05 3.28282828e-06 3.00000845e+08 2.19836072e+03 3.42650508e+03
-1.84343434e-05 3.28282828e-06 3.00001118e+08 2.91910920e+03 3.54601928e+03
-1.79292929e-05 3.28282828e-06 3.00001365e+08 3.67213303e+03 3.59071455e+03
-1.74242424e-05 3.28282828e-06 3.00001571e+08 4.43756574e+03 3.54967135e+03
-1.69191919e-05 3.28282828e-06 3.00001718e+08 5.19188482e+03 3.41496328e+03
-1.64141414e-05 3.28282828e-06 3.00001794e+08 5.90891650e+03 3.18269141e+03
-1.59090909e-05 3.28282828e-06 3.00001784e+08 6.56123747e+03 2.85378384e+03
-1.54040404e-05 3.28282828e-06 3.00001679e+08 7.12187164e+03 2.43441414e+03
-1.48989899e-05 3.28282828e-06 3.00001476e+08 7.56612101e+03 1.93592660e+03
-1.43939394e-05 3.28282828e-06 3.00001173e+08 7.87333273e+03 1.37421799e+03
-1.38888889e-05 3.28282828e-06 3.00000776e+08 8.02839902e+03 7.68605532e+02
-1.33838384e-05 3.28282828e-06 3.00000297e+08 8.02281889e+03 1.40293323e+02
-1.28787879e-05 3.28282828e-06 2.99999749e+08 7.85521622e+03 -4.89382878e+02
-1.23737374e-05 3.28282828e-06 2.99999152e+08 7.53129266e+03 -1.10071495e+03
-1.18686869e-05 3.28282828e-06 2.99998525e+08 7.06327805e+03 -1.67716700e+03
-1.13636364e-05 3.28282828e-06 2.99997889e+08 6.46900489e+03 -2.20652100e+03
-1.08585859e-05 3.28282828e-06 2.99997266e+08 5.77076402e+03 -2.68150091e+03
-1.03535354e-05 3.28282828e-06 2.99996675e+08 4.99409345e+03 -3.09982786e+03
-9.84848485e-06 3.28282828e-06 2.99996134e+08 4.16661805e+03 -3.46373361e+03
-9.34343434e-06 3.28282828e-06 2.99995656e+08 3.31700712e+03 -3.77902143e+03
-8.83838384e-06 3.28282828e-06 2.99995255e+08 2.47406481e+03 -4.05380485e+03
-8.33333333e-06 3.28282828e-06 2.99994937e+08 1.66592390e+03 -4.29707543e+03
-7.82828283e-06 3.28282828e-06 2.99994706e+08 9.19286580e+02 -4.51725411e+03
-7.32323232e-06 3.28282828e-06 2.99994564e+08 2.58648731e+02 -4.72087339e+03
-6.81818182e-06 3.28282828e-06 2.99994506e+08 -2.94540556e+02 -4.91152378e+03
-6.31313131e-06 3.28282828e-06 2.99994526e+08 -7.22796979e+02 -5.08917937e+03
-5.80808081e-06 3.28282828e-06 2.99994611e+08 -1.01355904e+03 -5.24999037e+03
-5.30303030e-06 3.28282828e-06 2.99994748e+08 -1.16009329e+03 -5.38659156e+03
-4.79797980e-06 3.28282828e-06 2.99994920e+08 -1.16220740e+03 -5.48892068e+03
-4.29292929e-06 3.28282828e-06 2.99995109e+08 -1.02660926e+03 -5.54547302e+03
-3.78787879e-06 3.28282828e-06 2.99995296e+08 -7.66763925e+02 -5.54484605e+03
-3.28282828e-06 3.28282828e-06 2.99995466e+08 -4.02156633e+02 -5.47736649e+03
-2.77777778e-06 3.28282828e-06 2.99995603e+08 4.30391101e+01 -5.33656086e+03
-2.27272727e-06 3.28282828e-06 2.99995699e+08 5.41780865e+02 -5.12024219e+03
-1.76767677e-06 3.28282828e-06 2.99995746e+08 1.06625924e+03 -4.83104539e+03
-1.26262626e-06 3.28282828e-06 2.99995742e+08 1.59001768e+03 -4.47634059e+03
-7.57575758e-07 3.28282828e-06 2.99995691e+08 2.08982041e+03 -4.06756523e+03
-2.52525253e-07 3.28282828e-06 2.99995596e+08 2.54705075e+03 -3.61911362e+03
2.52525253e-07 3.28282828e-06 2.99995465e+08 2.94851419e+03 -3.14698452e+03
7.57575758e-07 3.28282828e-06 2.99995306e+08 3.28662859e+03 -2.66740126e+03
1.26262626e-06 3.28282828e-06 2.99995128e+08 3.55907927e+03 -2.19558902e+03
1.76767677e-06 3.28282828e-06 2.99994936e+08 3.76808119e+03 -1.74483452e+03
2.27272727e-06 3.28282828e-06 2.99994737e+08 3.91941656e+03 -1.32588387e+03
2.77777778e-06 3.28282828e-06 2.99994533e+08 4.02140759e+03 -9.46671864e+02
3.28282828e-06 3.28282828e-06 2.99994326e+08 4.08395239e+03 -6.12330949e+02
3.78787879e-06 3.28282828e-06 2.99994115e+08 4.11770932e+03 -3.25403940e+02
4.29292929e-06 3.28282828e-06 2.99993898e+08 4.13347393e+03 -8.61787370e+01
4.79797980e-06 3.28282828e-06 2.99993670e+08 4.14175819e+03 1.06929645e+02
5.30303030e-06 3.28282828e-06 2.99993427e+08 4.15255858e+03 2.57010892e+02
5.80808081e-06 3.28282828e-06 2.99993160e+08 4.17528686e+03 3.68351534e+02
6.31313131e-06 3.28282828e-06 2.99992863e+08 4.21883308e+03 4.46222018e+02
6.81818182e-06 3.28282828e-06 2.99992525e+08 4.29173180e+03 4.96786825e+02
7.32323232e-06 3.28282828e-06 2.99992137e+08 4.40240773e+03 5.27166411e+02
7.82828283e-06 3.28282828e-06 2.99991685e+08 4.55948198e+03 5.45689585e+02
8.33333333e-06 3.28282828e-06 2.99991156e+08 4.77212427e+03 5.62396872e+02
8.83838384e-06 3.28282828e-06 2.99990533e+08 5.05043521e+03 5.89895263e+02
9.34343434e-06 3.28282828e-06 2.99989797e+08 5.40583157e+03 6.44733079e+02
9.84848485e-06 3.28282828e-06 2.99988926e+08 5.85137493e+03 7.49580345e+02
1.03535354e-05 3.28282828e-06 2.99987894e+08 6.40190724e+03 9.36701770e+02
1.08585859e-05 3.28282828e-06 2.99986672e+08 7.07368153e+03 1.25356477e+03
1.13636364e-05 3.28282828e-06 2.99985230e+08 7.88278259e+03 1.77206307e+03
1.18686869e-05 3.28282828e-06 2.99983538e+08 8.84073210e+03 2.60400028e+03
1.23737374e-05 3.28282828e-06 2.99981582e+08 9.94356621e+03 3.92761266e+03
1.28787879e-05 3.28282828e-06 2.99979385e+08 1.11455924e+04 6.03376092e+03
1.33838384e-05 3.28282828e-06 2.99977068e+08 1.22963908e+04 9.40682423e+03
1.38888889e-05 3.28282828e-06 2.99974991e+08 1.29874176e+04 1.48628863e+04
1.43939394e-05 3.28282828e-06 2.99974055e+08 1.21729527e+04 2.37589054e+04
1.48989899e-05 3.28282828e-06 2.99976355e+08 7.24486294e+03 3.81560201e+04
1.54040404e-05 3.28282828e-06 2.99986148e+08 -7.95889668e+03 6.00679530e+04
1.59090909e-05 3.28282828e-06 3.00008954e+08 -4.50550026e+04 8.60087505e+04
1.64141414e-05 3.28282828e-06 3.00038902e+08 -1.08315245e+05 9.11025063e+04
1.69191919e-05 3.28282828e-06 3.00044193e+08 -1.44616354e+05 4.19510850e+04
1.74242424e-05 3.28282828e-06 3.00034155e+08 -1.00138020e+05 -1.18199782e+04
1.79292929e-05 3.28282828e-06 3.00039980e+08 -4.15763040e+04 -2.85479876e+04
1.84343434e-05 3.28282828e-06 3.00044693e+08 -2.64870379e+03 -3.20664576e+04
1.89393939e-05 3.28282828e-06 3.00043431e+08 2.30306675e+04 -3.01828245e+04
1.94444444e-05 3.28282828e-06 3.00041042e+08 3.72179404e+04 -2.27867872e+04
1.99494949e-05 3.28282828e-06 3.00039121e+08 3.93926773e+04 -1.33090962e+04
2.04545455e-05 3.28282828e-06 3.00035893e+08 3.29700318e+04 -6.40609798e+03
2.09595960e-05 3.28282828e-06 3.00030313e+08 2.37842014e+04 -3.62735810e+03
2.14646465e-05 3.28282828e-06 3.00023389e+08 1.58439218e+04 -3.60970810e+03
2.19696970e-05 3.28282828e-06 3.00016670e+08 1.03171696e+04 -4.55696587e+03
2.24747475e-05 3.28282828e-06 3.00011066e+08 6.85730888e+03 -5.45096084e+03
2.29797980e-05 3.28282828e-06 3.00006800e+08 4.78497732e+03 -5.96852178e+03
2.34848485e-05 3.28282828e-06 3.00003723e+08 3.54935368e+03 -6.11705709e+03
2.39898990e-05 3.28282828e-06 3.00001580e+08 2.79499436e+03 -6.00045305e+03
2.44949495e-05 3.28282828e-06 3.00000123e+08 2.31335701e+03 -5.72256029e+03
2.50000000e-05 3.28282828e-06 2.99999154e+08 1.98708933e+03 -5.36091164e+03
-2.50000000e-05 3.78787879e-06 2.99998550e+08 -1.98352994e+03 3.39175878e+02
-2.44949495e-05 3.78787879e-06 2.99998546e+08 -1.95628856e+03 5.52039797e+02
-2.39898990e-05 3.78787879e-06 2.99998566e+08 -1.89605316e+03 7.91113903e+02
-2.34848485e-05 3.78787879e-06 2.99998614e+08 -1.79590474e+03 1.05623294e+03
-2.29797980e-05 3.78787879e-06 2.99998694e+08 -1.64837426e+03 1.34614325e+03
-2.24747475e-05 3.78787879e-06 2.99998809e+08 -1.44566620e+03 1.65820493e+03
-2.19696970e-05 3.78787879e-06 2.99998962e+08 -1.17999637e+03 1.98808624e+03
-2.14646465e-05 3.78787879e-06 2.99999153e+08 -8.44061102e+02 2.32947858e+03
-2.09595960e-05 3.78787879e-06 2.99999383e+08 -4.31645925e+02 2.67387177e+03
-2.04545455e-05 3.78787879e-06 2.99999648e+08 6.16328954e+01 3.01044005e+03
-1.99494949e-05 3.78787879e-06 2.99999942e+08 6.37482296e+02 3.32609735e+03
-1.94444444e-05 3.78787879e-06 3.00000259e+08 1.29403790e+03 3.60578110e+03
-1.89393939e-05 3.78787879e-06 3.00000585e+08 2.02500820e+03 3.83301548e+03
-1.84343434e-05 3.78787879e-06 3.00000907e+08 2.81897407e+03 3.99078107e+03
-1.79292929e-05 3.78787879e-06 3.00001206e+08 3.65898027e+03 4.06267978e+03
-1.74242424e-05 3.78787879e-06 3.00001465e+08 4.52255771e+03 4.03433098e+03
-1.69191919e-05 3.78787879e-06 3.00001664e+08 5.38229099e+03 3.89487505e+03
-1.64141414e-05 3.78787879e-06 3.00001784e+08 6.20699067e+03 3.63840579e+03
-1.59090909e-05 3.78787879e-06 3.00001810e+08 6.96344682e+03 3.26511812e+03
-1.54040404e-05 3.78787879e-06 3.00001730e+08 7.61864108e+03 2.78195820e+03
-1.48989899e-05 3.78787879e-06 3.00001538e+08 8.14219836e+03 2.20260835e+03
-1.43939394e-05 3.78787879e-06 3.00001234e+08 8.50879116e+03 1.54672785e+03
-1.38888889e-05 3.78787879e-06 3.00000825e+08 8.70019038e+03 8.38488689e+02
-1.33838384e-05 3.78787879e-06 3.00000326e+08 8.70669692e+03 1.04567625e+02
-1.28787879e-05 3.78787879e-06 2.99999753e+08 8.52778377e+03 -6.28146753e+02
-1.23737374e-05 3.78787879e-06 2.99999130e+08 8.17190738e+03 -1.33482371e+03
-1.18686869e-05 3.78787879e-06 2.99998481e+08 7.65557831e+03 -1.99463824e+03
-1.13636364e-05 3.78787879e-06 2.99997829e+08 7.00188427e+03 -2.59216227e+03
-1.08585859e-05 3.78787879e-06 2.99997198e+08 6.23871169e+03 -3.11806406e+03
-1.03535354e-05 3.78787879e-06 2.99996608e+08 5.39690941e+03 -3.56909168e+03
-9.84848485e-06 3.78787879e-06 2.99996077e+08 4.50859010e+03 -3.94741583e+03
-9.34343434e-06 3.78787879e-06 2.99995619e+08 3.60568996e+03 -4.25947840e+03
-8.83838384e-06 3.78787879e-06 2.99995243e+08 2.71882749e+03 -4.51453061e+03
-8.33333333e-06 3.78787879e-06 2.99994953e+08 1.87643510e+03 -4.72305122e+03
-7.82828283e-06 3.78787879e-06 2.99994752e+08 1.10409423e+03 -4.89521893e+03
-7.32323232e-06 3.78787879e-06 2.99994637e+08 4.23989885e+02 -5.03958572e+03
-6.81818182e-06 3.78787879e-06 2.99994603e+08 -1.45588532e+02 -5.16206463e+03
-6.31313131e-06 3.78787879e-06 2.99994640e+08 -5.90740959e+02 -5.26531238e+03
-5.80808081e-06 3.78787879e-06 2.99994737e+08 -9.02441643e+02 -5.34855289e+03
-5.30303030e-06 3.78787879e-06 2.99994879e+08 -1.07696615e+03 -5.40784960e+03
-4.79797980e-06 3.78787879e-06 2.99995051e+08 -1.11617444e+03 -5.43679233e+03
-4.29292929e-06 3.78787879e-06 2.99995237e+08 -1.02754706e+03 -5.42751775e+03
-3.78787879e-06 3.78787879e-06 2.99995421e+08 -8.23881018e+02 -5.37193777e+03
-3.28282828e-06 3.78787879e-06 2.99995589e+08 -5.22589951e+02 -5.26301595e+03
-2.77777778e-06 3.78787879e-06 2.99995728e+08 -1.44613296e+02 -5.09591847e+03
-2.27272727e-06 3.78787879e-06 2.99995829e+08 2.86990843e+02 -4.86888038e+03
-1.76767677e-06 3.78787879e-06 2.99995887e+08 7.48631975e+02 -4.58367118e+03
-1.26262626e-06 3.78787879e-06 2.99995899e+08 1.21777690e+03 -4.24560944e+03
-7.57575758e-07 3.78787879e-06 2.99995866e+08 1.67436271e+03 -3.86314971e+03
-2.52525253e-07 3.78787879e-06 2.99995793e+08 2.10188390e+03 -3.44713095e+03
2.52525253e-07 3.78787879e-06 2.99995684e+08 2.48806208e+03 -3.00981911e+03
7.57575758e-07 3.78787879e-06 2.99995546e+08 2.82507565e+03 -2.56389079e+03
1.26262626e-06 3.78787879e-06 2.99995385e+08 3.10939131e+03 -2.12149052e+03
1.76767677e-06 3.78787879e-06 2.99995207e+08 3.34128595e+03 -1.69345894e+03
2.27272727e-06 3.78787879e-06 2.99995017e+08 3.52417104e+03 -1.28878505e+03
2.77777778e-06 3.78787879e-06 2.99994818e+08 3.66383243e+03 -9.14292167e+02
3.28282828e-06 3.78787879e-06 2.99994612e+08 3.76768179e+03 -5.74532920e+02
3.78787879e-06 3.78787879e-06 2.99994400e+08 3.84409011e+03 -2.71846867e+02
4.29292929e-06 3.78787879e-06 2.99994179e+08 3.90184543e+03 -6.52426744e+00
4.79797980e-06 3.78787879e-06 2.99993948e+08 3.94975121e+03 2.22980819e+02
5.30303030e-06 3.78787879e-06 2.99993702e+08 3.99636249e+03 4.19839842e+02
5.80808081e-06 3.78787879e-06 2.99993436e+08 4.04984381e+03 5.88686252e+02
6.31313131e-06 3.78787879e-06 2.99993144e+08 4.11792482e+03 7.35538271e+02
6.81818182e-06 3.78787879e-06 2.99992820e+08 4.20792595e+03 8.67845254e+02
7.32323232e-06 3.78787879e-06 2.99992455e+08 4.32682333e+03 9.94699177e+02
7.82828283e-06 3.78787879e-06 2.99992040e+08 4.48131733e+03 1.12726537e+03
8.33333333e-06 3.78787879e-06 2.99991568e+08 4.67785859e+03 1.27951092e+03
8.83838384e-06 3.78787879e-06 2.99991027e+08 4.92256217e+03 1.46935019e+03
9.34343434e-06 3.78787879e-06 2.99990409e+08 5.22089413e+03 1.72039360e+03
9.84848485e-06 3.78787879e-06 2.99989704e+08 5.57692465e+03 2.06459089e+03
1.03535354e-05 3.78787879e-06 2.99988906e+08 5.99176746e+03 2.54622563e+03
1.08585859e-05 3.78787879e-06 2.99988014e+08 6.46048693e+03 3.22797162e+03
1.13636364e-05 3.78787879e-06 2.99987038e+08 6.96609122e+03 4.20009569e+03
1.18686869e-05 3.78787879e-06 2.99986012e+08 7.46791412e+03 5.59438169e+03
1.23737374e-05 3.78787879e-06 2.99985010e+08 7.87906029e+03 7.60477975e+03
1.28787879e-05 3.78787879e-06 2.99984187e+08 8.02237599e+03 1.05163195e+04
1.33838384e-05 3.78787879e-06 2.99983847e+08 7.54449217e+03 1.47393932e+04
1.38888889e-05 3.78787879e-06 2.99984549e+08 5.75115906e+03 2.08279278e+04
1.43939394e-05 3.78787879e-06 2.99987267e+08 1.31356673e+03 2.93966501e+04
1.48989899e-05 3.78787879e-06 2.99993468e+08 -8.14192521e+03 4.06703948e+04
1.54040404e-05 3.78787879e-06 3.00004587e+08 -2.60804825e+04 5.30315376e+04
1.59090909e-05 3.78787879e-06 3.00019562e+08 -5.45876626e+04 6.00484304e+04
1.64141414e-05 3.78787879e-06 3.00030725e+08 -8.57092389e+04 4.98291432e+04
1.69191919e-05 3.78787879e-06 3.00028795e+08 -9.57385556e+04 1.90087006e+04
1.74242424e-05 3.78787879e-06 3.00020637e+08 -7.20721383e+04 -1.20857301e+04
1.79292929e-05 3.78787879e-06 3.00018919e+08 -3.48463749e+04 -2.65408990e+04
1.84343434e-05 3.78787879e-06 3.00022118e+08 -3.61205348e+03 -2.84186756e+04
1.89393939e-05 3.78787879e-06 3.00025504e+08 1.74510981e+04 -2.43646987e+04
1.94444444e-05 3.78787879e-06 3.00028028e+08 2.88550802e+04 -1.74168600e+04
1.99494949e-05 3.78787879e-06 3.00029531e+08 3.17150945e+04 -9.99643852e+03
2.04545455e-05 3.78787879e-06 3.00029325e+08 2.84670482e+04 -4.35793245e+03
2.09595960e-05 3.78787879e-06 3.00027017e+08 2.24223884e+04 -1.44114853e+03
2.14646465e-05 3.78787879e-06 3.00023096e+08 1.62543164e+04 -7.56758746e+02
2.19696970e-05 3.78787879e-06 3.00018512e+08 1.12677789e+04 -1.27469942e+03
2.24747475e-05 3.78787879e-06 3.00014081e+08 7.70574093e+03 -2.15924773e+03
2.29797980e-05 3.78787879e-06 3.00010252e+08 5.32781398e+03 -2.96309187e+03
2.34848485e-05 3.78787879e-06 3.00007161e+08 3.79217445e+03 -3.52854222e+03
2.39898990e-05 3.78787879e-06 3.00004772e+08 2.81024717e+03 -3.84716313e+03
2.44949495e-05 3.78787879e-06 3.00002976e+08 2.17786114e+03 -3.96627382e+03
2.50000000e-05 3.78787879e-06 3.00001650e+08 1.76205578e+03 -3.94295157e+03
-2.50000000e-05 4.29292929e-06 2.99998273e+08 -2.18737473e+03 3.06737044e+02
-2.44949495e-05 4.29292929e-06 2.99998241e+08 -2.18808462e+03 5.28896237e+02
-2.39898990e-05 4.29292929e-06 2.99998234e+08 -2.15644707e+03 7.81562948e+02
-2.34848485e-05 4.29292929e-06 2.99998256e+08 -2.08458330e+03 1.06532062e+03
-2.29797980e-05 4.29292929e-06 2.99998314e+08 -1.96374318e+03 1.37961366e+03
-2.24747475e-05 4.29292929e-06 2.99998411e+08 -1.78449936e+03 1.72236888e+03
-2.19696970e-05 4.29292929e-06 2.99998552e+08 -1.53707920e+03 2.08958580e+03
-2.14646465e-05 4.29292929e-06 2.99998740e+08 -1.21186437e+03 2.47492666e+03
-2.09595960e-05 4.29292929e-06 2.99998975e+08 -8.00080818e+02 2.86935338e+03
-2.04545455e-05 4.29292929e-06 2.99999255e+08 -2.94685391e+02 3.26087617e+03
-1.99494949e-05 4.29292929e-06 2.99999577e+08 3.08570261e+02 3.63449409e+03
-1.94444444e-05 4.29292929e-06 2.99999932e+08 1.00995542e+03 3.97241571e+03
-1.89393939e-05 4.29292929e-06 3.00000307e+08 1.80455785e+03 4.25464366e+03
-1.84343434e-05 4.29292929e-06 3.00000686e+08 2.68121361e+03 4.45998138e+03
-1.79292929e-05 4.29292929e-06 3.00001050e+08 3.62175971e+03 4.56747182e+03
-1.74242424e-05 4.29292929e-06 3.00001374e+08 4.60081805e+03 4.55820451e+03
-1.69191919e-05 4.29292929e-06 3.00001636e+08 5.58630007e+03 4.41733825e+03
-1.64141414e-05 4.29292929e-06 3.00001812e+08 6.54075403e+03 4.13609832e+03
-1.59090909e-05 4.29292929e-06 3.00001883e+08 7.42356092e+03 3.71344349e+03
-1.54040404e-05 4.29292929e-06 3.00001833e+08 8.19383419e+03 3.15708605e+03
-1.48989899e-05 4.29292929e-06 3.00001655e+08 8.81372439e+03 2.48360439e+03
-1.43939394e-05 4.29292929e-06 3.00001349e+08 9.25171092e+03 1.71751524e+03
-1.38888889e-05 4.29292929e-06 3.00000924e+08 9.48542014e+03 8.89349957e+02
-1.33838384e-05 4.29292929e-06 3.00000396e+08 9.50356187e+03 3.29656281e+01
-1.28787879e-05 4.29292929e-06 2.99999788e+08 9.30672045e+03 -8.17530087e+02
-1.23737374e-05 4.29292929e-06 2.99999128e+08 8.90693765e+03 -1.63079193e+03
-1.18686869e-05 4.29292929e-06 2.99998444e+08 8.32623159e+03 -2.38076497e+03
-1.13636364e-05 4.29292929e-06 2.99997765e+08 7.59435569e+03 -3.04841393e+03
-1.08585859e-05 4.29292929e-06 2.99997117e+08 6.74618152e+03 -3.62250005e+03
-1.03535354e-05 4.29292929e-06 2.99996521e+08 5.81908019e+03 -4.09941813e+03
-9.84848485e-06 4.29292929e-06 2.99995995e+08 4.85059671e+03 -4.48224259e+03
-9.34343434e-06 4.29292929e-06 2.99995552e+08 3.87659354e+03 -4.77921633e+03
-8.83838384e-06 4.29292929e-06 2.99995198e+08 2.92991698e+03 -5.00194420e+03
-8.33333333e-06 4.29292929e-06 2.99994936e+08 2.03954134e+03 -5.16353692e+03
-7.82828283e-06 4.29292929e-06 2.99994765e+08 1.23008433e+03 -5.27690653e+03
-7.32323232e-06 4.29292929e-06 2.99994679e+08 5.21566096e+02 -5.35335884e+03
-6.81818182e-06 4.29292929e-06 2.99994671e+08 -7.07030928e+01 -5.40157429e+03
-6.31313131e-06 4.29292929e-06 2.99994730e+08 -5.36185872e+02 -5.42702169e+03
-5.80808081e-06 4.29292929e-06 2.99994842e+08 -8.69164203e+02 -5.43181009e+03
-5.30303030e-06 4.29292929e-06 2.99994995e+08 -1.06875601e+03 -5.41495070e+03
-4.79797980e-06 4.29292929e-06 2.99995174e+08 -1.13885343e+03 -5.37296995e+03
-4.29292929e-06 4.29292929e-06 2.99995363e+08 -1.08791623e+03 -5.30078629e+03
-3.78787879e-06 4.29292929e-06 2.99995549e+08 -9.28557723e+02 -5.19273890e+03
-3.28282828e-06 4.29292929e-06 2.99995719e+08 -6.76884778e+02 -5.04364086e+03
-2.77777778e-06 4.29292929e-06 2.99995862e+08 -3.51593591e+02 -4.84972675e+03
-2.27272727e-06 4.29292929e-06 2.99995971e+08 2.71307044e+01 -4.60938048e+03
-1.76767677e-06 4.29292929e-06 2.99996040e+08 4.38821146e+02 -4.32356136e+03
-1.26262626e-06 4.29292929e-06 2.99996067e+08 8.63927021e+02 -3.99589221e+03
-7.57575758e-07 4.29292929e-06 2.99996052e+08 1.28488279e+03 -3.63242341e+03
-2.52525253e-07 4.29292929e-06 2.99995998e+08 1.68694593e+03 -3.24113149e+03
2.52525253e-07 4.29292929e-06 2.99995909e+08 2.05873770e+03 -2.83124208e+03
7.57575758e-07 4.29292929e-06 2.99995791e+08 2.39246553e+03 -2.41247922e+03
1.26262626e-06 4.29292929e-06 2.99995648e+08 2.68384887e+03 -1.99433704e+03
1.76767677e-06 4.29292929e-06 2.99995486e+08 2.93180414e+03 -1.58544903e+03
2.27272727e-06 4.29292929e-06 2.99995309e+08 3.13796344e+03 -1.19310166e+03
2.77777778e-06 4.29292929e-06 2.99995120e+08 3.30610616e+03 -8.22909067e+02
3.28282828e-06 4.29292929e-06 2.99994923e+08 3.44157453e+03 -4.78640410e+02
3.78787879e-06 4.29292929e-06 2.99994717e+08 3.55072821e+03 -1.62172344e+02
4.29292929e-06 4.29292929e-06 2.99994502e+08 3.64047380e+03 1.26471370e+02
4.79797980e-06 4.29292929e-06 2.99994278e+08 3.71788637e+03 3.89035696e+02
5.30303030e-06 4.29292929e-06 2.99994041e+08 3.78992365e+03 6.28947985e+02
5.80808081e-06 4.29292929e-06 2.99993789e+08 3.86322134e+03 8.51269885e+02
6.31313131e-06 4.29292929e-06 2.99993518e+08 3.94394775e+03 1.06272617e+03
6.81818182e-06 4.29292929e-06 2.99993224e+08 4.03768813e+03 1.27184992e+03
7.32323232e-06 4.29292929e-06 2.99992901e+08 4.14931986e+03 1.48928827e+03
7.82828283e-06 4.29292929e-06 2.99992547e+08 4.28282644e+03 1.72832398e+03
8.33333333e-06 4.29292929e-06 2.99992156e+08 4.44097553e+03 2.00568659e+03
8.83838384e-06 4.29292929e-06 2.99991727e+08 4.62474728e+03 2.34275614e+03
9.34343434e-06 4.29292929e-06 2.99991260e+08 4.83232970e+03 2.76730351e+03
9.84848485e-06 4.29292929e-06 2.99990758e+08 5.05737675e+03 3.31596567e+03
1.03535354e-05 4.29292929e-06 2.99990232e+08 5.28601356e+03 4.03771502e+03
1.08585859e-05 4.29292929e-06 2.99989705e+08 5.49170457e+03 4.99862444e+03
1.13636364e-05 4.29292929e-06 2.99989220e+08 5.62646584e+03 6.28817143e+03
1.18686869e-05 4.29292929e-06 2.99988848e+08 5.60583570e+03 8.02694424e+03
1.23737374e-05 4.29292929e-06 2.99988715e+08 5.28333612e+03 1.03743238e+04
1.28787879e-05 4.29292929e-06 2.99989022e+08 4.40792325e+03 1.35310718e+04
1.33838384e-05 4.29292929e-06 2.99990088e+08 2.55655479e+03 1.77224146e+04
1.38888889e-05 4.29292929e-06 2.99992376e+08 -9.59944153e+02 2.31255000e+04
1.43939394e-05 4.29292929e-06 2.99996468e+08 -7.18349434e+03 2.96626138e+04
1.48989899e-05 4.29292929e-06 3.00002839e+08 -1.74283378e+04 3.65317116e+04
1.54040404e-05 4.29292929e-06 3.00011172e+08 -3.25783282e+04 4.14295522e+04
1.59090909e-05 4.29292929e-06 3.00019241e+08 -5.10638506e+04 4.01117791e+04
1.64141414e-05 4.29292929e-06 3.00022849e+08 -6.61785869e+04 2.84726608e+04
1.69191919e-05 4.29292929e-06 3.00019642e+08 -6.78832472e+04 8.24396076e+03
1.74242424e-05 4.29292929e-06 3.00013502e+08 -5.26722206e+04 -1.12663393e+04
1.79292929e-05 4.29292929e-06 3.00010312e+08 -2.84176819e+04 -2.21730828e+04
1.84343434e-05 4.29292929e-06 3.00011314e+08 -5.21866050e+03 -2.42474734e+04
1.89393939e-05 4.29292929e-06 3.00014528e+08 1.18956280e+04 -2.08537755e+04
1.94444444e-05 4.29292929e-06 3.00018152e+08 2.18841009e+04 -1.49855720e+04
1.99494949e-05 4.29292929e-06 3.00021094e+08 2.54643316e+04 -8.82580515e+03
2.04545455e-05 4.29292929e-06 3.00022619e+08 2.43192576e+04 -3.89784731e+03
2.09595960e-05 4.29292929e-06 3.00022407e+08 2.05576142e+04 -8.79937950e+02
2.14646465e-05 4.29292929e-06 3.00020663e+08 1.60193307e+04 3.66922723e+02
2.19696970e-05 4.29292929e-06 3.00017943e+08 1.18489561e+04 4.15628041e+02
2.24747475e-05 4.29292929e-06 3.00014851e+08 8.51446976e+03 -1.33690223e+02
2.29797980e-05 4.29292929e-06 3.00011834e+08 6.05636447e+03 -8.55831051e+02
2.34848485e-05 4.29292929e-06 3.00009145e+08 4.32903505e+03 -1.52054361e+03
2.39898990e-05 4.29292929e-06 3.00006879e+08 3.14668255e+03 -2.03626641e+03
2.44949495e-05 4.29292929e-06 3.00005038e+08 2.34640145e+03 -2.38859490e+03
2.50000000e-05 4.29292929e-06 3.00003579e+08 1.80477520e+03 -2.59752680e+03
-2.50000000e-05 4.79797980e-06 2.99997999e+08 -2.39715797e+03 2.57753628e+02
-2.44949495e-05 4.79797980e-06 2.99997934e+08 -2.42977854e+03 4.86204145e+02
-2.39898990e-05 4.79797980e-06 2.99997895e+08 -2.43154641e+03 7.49607697e+02
-2.34848485e-05 4.79797980e-06 2.99997887e+08 -2.39363062e+03 1.04951694e+03
-2.29797980e-05 4.79797980e-06 2.99997917e+08 -2.30593664e+03 1.38634830e+03
-2.24747475e-05 4.79797980e-06 2.99997991e+08 -2.15724358e+03 1.75891591e+03
-2.19696970e-05 4.79797980e-06 2.99998115e+08 -1.93550143e+03 2.16390057e+03
-2.14646465e-05 4.79797980e-06 2.99998294e+08 -1.62833620e+03 2.59528407e+03
-2.09595960e-05 4.79797980e-06 2.99998530e+08 -1.22380611e+03 3.04380136e+03
-2.04545455e-05 4.79797980e-06 2.99998825e+08 -7.11437777e+02 3.49649017e+03
-1.99494949e-05 4.79797980e-06 2.99999174e+08 -8.35409989e+01 3.93644410e+03
-1.94444444e-05 4.79797980e-06 2.99999571e+08 6.63246338e+02 4.34289595e+03
-1.89393939e-05 4.79797980e-06 3.00000001e+08 1.52629636e+03 4.69176339e+03
-1.84343434e-05 4.79797980e-06 3.00000448e+08 2.49540069e+03 4.95676723e+03
-1.79292929e-05 4.79797980e-06 3.00000887e+08 3.55151194e+03 5.11117423e+03
-1.74242424e-05 4.79797980e-06 3.00001291e+08 4.66612553e+03 5.13011805e+03
-1.69191919e-05 4.79797980e-06 3.00001631e+08 5.80160665e+03 4.99331932e+03
-1.64141414e-05 4.79797980e-06 3.00001877e+08 6.91269021e+03 4.68788405e+03
-1.59090909e-05 4.79797980e-06 3.00002004e+08 7.94922133e+03 4.21074434e+03
-1.54040404e-05 4.79797980e-06 3.00001993e+08 8.85997687e+03 3.57026265e+03
-1.48989899e-05 4.79797980e-06 3.00001831e+08 9.59715972e+03 2.78658625e+03
-1.43939394e-05 4.79797980e-06 3.00001520e+08 1.01209549e+04 1.89052092e+03
-1.38888889e-05 4.79797980e-06 3.00001071e+08 1.04034478e+04 9.20964113e+02
-1.33838384e-05 4.79797980e-06 3.00000503e+08 1.04312764e+04 -7.87691369e+01
-1.28787879e-05 4.79797980e-06 2.99999847e+08 1.02066089e+04 -1.06516200e+03
-1.23737374e-05 4.79797980e-06 2.99999136e+08 9.74636261e+03 -1.99858344e+03
-1.18686869e-05 4.79797980e-06 2.99998405e+08 9.07990246e+03 -2.84663090e+03
-1.13636364e-05 4.79797980e-06 2.99997687e+08 8.24570916e+03 -3.58629718e+03
-1.08585859e-05 4.79797980e-06 2.99997012e+08 7.28761414e+03 -4.20478781e+03
-1.03535354e-05 4.79797980e-06 2.99996404e+08 6.25116720e+03 -4.69906897e+03
-9.84848485e-06 4.79797980e-06 2.99995879e+08 5.18055992e+03 -5.07441608e+03
-9.34343434e-06 4.79797980e-06 2.99995449e+08 4.11633479e+03 -5.34233079e+03
-8.83838384e-06 4.79797980e-06 2.99995118e+08 3.09392290e+03 -5.51820307e+03
-8.33333333e-06 4.79797980e-06 2.99994886e+08 2.14291137e+03 -5.61903872e+03
-7.82828283e-06 4.79797980e-06 2.99994747e+08 1.28686165e+03 -5.66148443e+03
-7.32323232e-06 4.79797980e-06 2.99994695e+08 5.43479443e+02 -5.66028956e+03
-6.81818182e-06 4.79797980e-06 2.99994717e+08 -7.50392325e+01 -5.62726400e+03
-6.31313131e-06 4.79797980e-06 2.99994802e+08 -5.61611454e+02 -5.57073208e+03
-5.80808081e-06 4.79797980e-06 2.99994936e+08 -9.13887351e+02 -5.49544217e+03
-5.30303030e-06 4.79797980e-06 2.99995106e+08 -1.13390003e+03 -5.40286557e+03
-4.79797980e-06 4.79797980e-06 2.99995296e+08 -1.22771887e+03 -5.29180119e+03
-4.29292929e-06 4.79797980e-06 2.99995494e+08 -1.20505813e+03 -5.15919038e+03
-3.78787879e-06 4.79797980e-06 2.99995687e+08 -1.07879104e+03 -5.00103884e+03
-3.28282828e-06 4.79797980e-06 2.99995862e+08 -8.64334791e+02 -4.81334030e+03
-2.77777778e-06 4.79797980e-06 2.99996013e+08 -5.78899501e+02 -4.59290282e+03
-2.27272727e-06 4.79797980e-06 2.99996130e+08 -2.40626681e+02 -4.33799424e+03
-1.76767677e-06 4.79797980e-06 2.99996210e+08 1.32327963e+02 -4.04874915e+03
-1.26262626e-06 4.79797980e-06 2.99996251e+08 5.22693146e+02 -3.72731199e+03
-7.57575758e-07 4.79797980e-06 2.99996252e+08 9.14882789e+02 -3.37772570e+03
-2.52525253e-07 4.79797980e-06 2.99996216e+08 1.29562988e+03 -3.00560616e+03
2.52525253e-07 4.79797980e-06 2.99996146e+08 1.65440650e+03 -2.61766468e+03
7.57575758e-07 4.79797980e-06 2.99996047e+08 1.98361219e+03 -2.22115115e+03
1.26262626e-06 4.79797980e-06 2.99995922e+08 2.27854174e+03 -1.82328791e+03
1.76767677e-06 4.79797980e-06 2.99995776e+08 2.53716763e+03 -1.43075289e+03
2.27272727e-06 4.79797980e-06 2.99995615e+08 2.75978695e+03 -1.04925165e+03
2.77777778e-06 4.79797980e-06 2.99995440e+08 2.94858783e+03 -6.83197954e+02
3.28282828e-06 4.79797980e-06 2.99995256e+08 3.10718686e+03 -3.35503308e+02
3.78787879e-06 4.79797980e-06 2.99995062e+08 3.24017852e+03 -7.46103133e+00
4.29292929e-06 4.79797980e-06 2.99994861e+08 3.35272505e+03 3.01300220e+02
4.79797980e-06 4.79797980e-06 2.99994652e+08 3.45020044e+03 5.92824349e+02
5.30303030e-06 4.79797980e-06 2.99994435e+08 3.53788947e+03 8.70830665e+02
5.80808081e-06 4.79797980e-06 2.99994207e+08 3.62073071e+03 1.14074580e+03
6.31313131e-06 4.79797980e-06 2.99993969e+08 3.70308215e+03 1.40979902e+03
6.81818182e-06 4.79797980e-06 2.99993717e+08 3.78847724e+03 1.68721602e+03
7.32323232e-06 4.79797980e-06 2.99993451e+08 3.87932667e+03 1.98454947e+03
7.82828283e-06 4.79797980e-06 2.99993170e+08 3.97650304e+03 2.31618934e+03
8.33333333e-06 4.79797980e-06 2.99992877e+08 4.07871738e+03 2.70010390e+03
8.83838384e-06 4.79797980e-06 2.99992574e+08 4.18155223e+03 3.15887045e+03
9.34343434e-06 4.79797980e-06 2.99992271e+08 4.27594429e+03 3.72105902e+03
9.84848485e-06 4.79797980e-06 2.99991980e+08 4.34579666e+03 4.42302030e+03
1.03535354e-05 4.79797980e-06 2.99991726e+08 4.36422476e+03 5.31107384e+03
1.08585859e-05 4.79797980e-06 2.99991546e+08 4.28767829e+03 6.44393266e+03
1.13636364e-05 4.79797980e-06 2.99991498e+08 4.04682022e+03 7.89480511e+03
1.18686869e-05 4.79797980e-06 2.99991671e+08 3.53263736e+03 9.75171378e+03
1.23737374e-05 4.79797980e-06 2.99992191e+08 2.57608409e+03 1.21126368e+04
1.28787879e-05 4.79797980e-06 2.99993240e+08 9.20561617e+02 1.50681912e+04
1.33838384e-05 4.79797980e-06 2.99995051e+08 -1.80865190e+03 1.86575546e+04
1.38888889e-05 4.79797980e-06 2.99997881e+08 -6.11897606e+03 2.27732473e+04
1.43939394e-05 4.79797980e-06 3.00001913e+08 -1.25934691e+04 2.69850655e+04
1.48989899e-05 4.79797980e-06 3.00007017e+08 -2.16403668e+04 3.02861310e+04
1.54040404e-05 4.79797980e-06 3.00012390e+08 -3.28814079e+04 3.09148243e+04
1.59090909e-05 4.79797980e-06 3.00016341e+08 -4.42226570e+04 2.67268377e+04
1.64141414e-05 4.79797980e-06 3.00016943e+08 -5.14834457e+04 1.66891213e+04
1.69191919e-05 4.79797980e-06 3.00013826e+08 -5.02336227e+04 2.82149471e+03
1.74242424e-05 4.79797980e-06 3.00009234e+08 -3.94792534e+04 -1.01206373e+04
1.79292929e-05 4.79797980e-06 3.00006226e+08 -2.29495434e+04 -1.80690745e+04
1.84343434e-05 4.79797980e-06 3.00006115e+08 -6.03417443e+03 -2.01610642e+04
1.89393939e-05 4.79797980e-06 3.00008295e+08 7.50944006e+03 -1.79095299e+04
1.94444444e-05 4.79797980e-06 3.00011503e+08 1.62152467e+04 -1.33951844e+04
1.99494949e-05 4.79797980e-06 3.00014615e+08 2.01987548e+04 -8.38292101e+03
2.04545455e-05 4.79797980e-06 3.00016844e+08 2.04635923e+04 -4.08743020e+03
2.09595960e-05 4.79797980e-06 3.00017794e+08 1.83771417e+04 -1.10746504e+03
2.14646465e-05 4.79797980e-06 3.00017468e+08 1.52275971e+04 5.07216121e+02
2.19696970e-05 4.79797980e-06 3.00016152e+08 1.19443626e+04 1.04809233e+03
2.24747475e-05 4.79797980e-06 3.00014240e+08 9.03936135e+03 9.11559922e+02
2.29797980e-05 4.79797980e-06 3.00012096e+08 6.69991167e+03 4.41898561e+02
2.34848485e-05 4.79797980e-06 3.00009979e+08 4.92267939e+03 -1.25963832e+02
2.39898990e-05 4.79797980e-06 3.00008042e+08 3.62077707e+03 -6.59960125e+02
2.44949495e-05 4.79797980e-06 3.00006355e+08 2.68748272e+03 -1.10117336e+03
2.50000000e-05 4.79797980e-06 3.00004933e+08 2.02586687e+03 -1.43425865e+03
-2.50000000e-05 5.30303030e-06 2.99997731e+08 -2.60955080e+03 1.91860905e+02
-2.44949495e-05 5.30303030e-06 2.99997631e+08 -2.67803092e+03 4.22901982e+02
-2.39898990e-05 5.30303030e-06 2.99997555e+08 -2.71820153e+03 6.93353193e+02
-2.34848485e-05 5.30303030e-06 2.99997510e+08 -2.72035098e+03 1.00597799e+03
-2.29797980e-05 5.30303030e-06 2.99997505e+08 -2.67304122e+03 1.36248292e+03
-2.24747475e-05 5.30303030e-06 2.99997548e+08 -2.56315092e+03 1.76296307e+03
-2.19696970e-05 5.30303030e-06 2.99997648e+08 -2.37609599e+03 2.20523633e+03
-2.14646465e-05 5.30303030e-06 2.99997811e+08 -2.09629745e+03 2.68409076e+03
-2.09595960e-05 5.30303030e-06 2.99998043e+08 -1.70796934e+03 3.19049870e+03
-2.04545455e-05 5.30303030e-06 2.99998348e+08 -1.19628967e+03 3.71088894e+03
-1.99494949e-05 5.30303030e-06 2.99998723e+08 -5.48986887e+02 4.22661185e+03
-1.94444444e-05 5.30303030e-06 2.99999164e+08 2.41682297e+02 4.71377292e+03
-1.89393939e-05 5.30303030e-06 2.99999656e+08 1.17667558e+03 5.14363528e+03
-1.84343434e-05 5.30303030e-06 3.00000180e+08 2.24785294e+03 5.48378301e+03
-1.79292929e-05 5.30303030e-06 3.00000708e+08 3.43595692e+03 5.70017537e+03
-1.74242424e-05 5.30303030e-06 3.00001209e+08 4.70933290e+03 5.76009376e+03
-1.69191919e-05 5.30303030e-06 3.00001645e+08 6.02387155e+03 5.63579136e+03
-1.64141414e-05 5.30303030e-06 3.00001978e+08 7.32457945e+03 5.30842781e+03
-1.59090909e-05 5.30303030e-06 3.00002176e+08 8.54896892e+03 4.77166590e+03
-1.54040404e-05 5.30303030e-06 3.00002211e+08 9.63211724e+03 4.03420027e+03
-1.48989899e-05 5.30303030e-06 3.00002069e+08 1.05128433e+04 3.12055080e+03
-1.43939394e-05 5.30303030e-06 3.00001750e+08 1.11401001e+04 2.06971412e+03
-1.38888889e-05 5.30303030e-06 3.00001267e+08 1.14785098e+04 9.31688171e+02
-1.33838384e-05 5.30303030e-06 3.00000646e+08 1.15120559e+04 -2.37644218e+02
-1.28787879e-05 5.30303030e-06 2.99999925e+08 1.12453008e+04 -1.38240890e+03
-1.23737374e-05 5.30303030e-06 2.99999145e+08 1.07020146e+04 -2.45238664e+03
-1.18686869e-05 5.30303030e-06 2.99998351e+08 9.92162734e+03 -3.40748990e+03
-1.13636364e-05 5.30303030e-06 2.99997582e+08 8.95429865e+03 -4.22046793e+03
-1.08585859e-05 5.30303030e-06 2.99996872e+08 7.85554439e+03 -4.87765822e+03
-1.03535354e-05 5.30303030e-06 2.99996246e+08 6.68126521e+03 -5.37799345e+03
-9.84848485e-06 5.30303030e-06 2.99995721e+08 5.48376600e+03 -5.73073779e+03
-9.34343434e-06 5.30303030e-06 2.99995306e+08 4.30903670e+03 -5.95252988e+03
-8.83838384e-06 5.30303030e-06 2.99995002e+08 3.19528076e+03 -6.06427328e+03
-8.33333333e-06 5.30303030e-06 2.99994804e+08 2.17248193e+03 -6.08828989e+03
-7.82828283e-06 5.30303030e-06 2.99994704e+08 1.26270745e+03 -6.04599613e+03
-7.32323232e-06 5.30303030e-06 2.99994690e+08 4.80840518e+02 -5.95621763e+03
-6.81818182e-06 5.30303030e-06 2.99994749e+08 -1.64512801e+02 -5.83414926e+03
-6.31313131e-06 5.30303030e-06 2.99994867e+08 -6.70118411e+02 -5.69089849e+03
-5.80808081e-06 5.30303030e-06 2.99995028e+08 -1.03730584e+03 -5.53351426e+03
-5.30303030e-06 5.30303030e-06 2.99995220e+08 -1.27128348e+03 -5.36539084e+03
-4.79797980e-06 5.30303030e-06 2.99995427e+08 -1.38055634e+03 -5.18693629e+03
-4.29292929e-06 5.30303030e-06 2.99995638e+08 -1.37639997e+03 -4.99640027e+03
-3.78787879e-06 5.30303030e-06 2.99995840e+08 -1.27233885e+03 -4.79076383e+03
-3.28282828e-06 5.30303030e-06 2.99996025e+08 -1.08358845e+03 -4.56660324e+03
-2.77777778e-06 5.30303030e-06 2.99996183e+08 -8.26441605e+02 -4.32085191e+03
-2.27272727e-06 5.30303030e-06 2.99996310e+08 -5.17605078e+02 -4.05140096e+03
-1.76767677e-06 5.30303030e-06 2.99996401e+08 -1.73515166e+02 -3.75749921e+03
-1.26262626e-06 5.30303030e-06 2.99996454e+08 1.90322291e+02 -3.43993708e+03
-7.57575758e-07 5.30303030e-06 2.99996470e+08 5.59916509e+02 -3.10102272e+03
-2.52525253e-07 5.30303030e-06 2.99996451e+08 9.23254503e+02 -2.74437976e+03
2.52525253e-07 5.30303030e-06 2.99996398e+08 1.27060913e+03 -2.37461159e+03
7.57575758e-07 5.30303030e-06 2.99996316e+08 1.59467837e+03 -1.99688475e+03
1.26262626e-06 5.30303030e-06 2.99996209e+08 1.89056154e+03 -1.61648400e+03
1.76767677e-06 5.30303030e-06 2.99996081e+08 2.15559484e+03 -1.23838446e+03
2.27272727e-06 5.30303030e-06 2.99995936e+08 2.38907981e+03 -8.66874712e+02
2.77777778e-06 5.30303030e-06 2.99995778e+08 2.59194273e+03 -5.05250917e+02
3.28282828e-06 5.30303030e-06 2.99995610e+08 2.76636106e+03 -1.55587815e+02
3.78787879e-06 5.30303030e-06 2.99995433e+08 2.91538651e+03 1.81419059e+02
4.29292929e-06 5.30303030e-06 2.99995251e+08 3.04258495e+03 5.06555269e+02
4.79797980e-06 5.30303030e-06 2.99995064e+08 3.15170233e+03 8.22154914e+02
5.30303030e-06 5.30303030e-06 2.99994872e+08 3.24635556e+03 1.13215879e+03
5.80808081e-06 5.30303030e-06 2.99994677e+08 3.32973662e+03 1.44219001e+03
6.31313131e-06 5.30303030e-06 2.99994478e+08 3.40430821e+03 1.75967429e+03
6.81818182e-06 5.30303030e-06 2.99994276e+08 3.47145836e+03 2.09403151e+03
7.32323232e-06 5.30303030e-06 2.99994074e+08 3.53106779e+03 2.45696425e+03
7.82828283e-06 5.30303030e-06 2.99993875e+08 3.58092551e+03 2.86286687e+03
8.33333333e-06 5.30303030e-06 2.99993683e+08 3.61590204e+03 3.32937292e+03
8.83838384e-06 5.30303030e-06 2.99993508e+08 3.62675115e+03 3.87804587e+03
9.34343434e-06 5.30303030e-06 2.99993364e+08 3.59835684e+03 4.53518741e+03
9.84848485e-06 5.30303030e-06 2.99993271e+08 3.50716820e+03 5.33267274e+03
1.03535354e-05 5.30303030e-06 2.99993259e+08 3.31747263e+03 6.30858724e+03
1.08585859e-05 5.30303030e-06 2.99993370e+08 2.97606833e+03 7.50717359e+03
1.13636364e-05 5.30303030e-06 2.99993665e+08 2.40487555e+03 8.97709292e+03
1.18686869e-05 5.30303030e-06 2.99994224e+08 1.49125649e+03 1.07660902e+04
1.23737374e-05 5.30303030e-06 2.99995152e+08 7.67374637e+01 1.29086161e+04
1.28787879e-05 5.30303030e-06 2.99996572e+08 -2.05260350e+03 1.54007023e+04
1.33838384e-05 5.30303030e-06 2.99998609e+08 -5.16482973e+03 1.81540450e+04
1.38888889e-05 5.30303030e-06 3.00001340e+08 -9.54889104e+03 2.09219007e+04
1.43939394e-05 5.30303030e-06 3.00004700e+08 -1.54108263e+04 2.32018735e+04
1.48989899e-05 5.30303030e-06 3.00008346e+08 -2.26506655e+04 2.41619419e+04
1.54040404e-05 5.30303030e-06 3.00011543e+08 -3.05161901e+04 2.27170040e+04
1.59090909e-05 5.30303030e-06 3.00013259e+08 -3.73094280e+04 1.79448839e+04
1.64141414e-05 5.30303030e-06 3.00012683e+08 -4.06011358e+04 9.86224179e+03
1.69191919e-05 5.30303030e-06 3.00009982e+08 -3.83429985e+04 2.55689732e+01
1.74242424e-05 5.30303030e-06 3.00006524e+08 -3.03340871e+04 -8.92215123e+03
1.79292929e-05 5.30303030e-06 3.00004035e+08 -1.85982267e+04 -1.47202910e+04
1.84343434e-05 5.30303030e-06 3.00003493e+08 -6.17710214e+03 -1.66193795e+04
1.89393939e-05 5.30303030e-06 3.00004809e+08 4.40300764e+03 -1.52783145e+04
1.94444444e-05 5.30303030e-06 3.00007258e+08 1.18165673e+04 -1.19901040e+04
1.99494949e-05 5.30303030e-06 3.00009986e+08 1.58394633e+04 -8.04133085e+03
2.04545455e-05 5.30303030e-06 3.00012294e+08 1.69772109e+04 -4.39830217e+03
2.09595960e-05 5.30303030e-06 3.00013762e+08 1.60853647e+04 -1.60678745e+03
2.14646465e-05 5.30303030e-06 3.00014262e+08 1.40553315e+04 1.75896149e+02
2.19696970e-05 5.30303030e-06 3.00013899e+08 1.16086418e+04 1.06241888e+03
2.24747475e-05 5.30303030e-06 3.00012902e+08 9.21845180e+03 1.29148817e+03
2.29797980e-05 5.30303030e-06 3.00011529e+08 7.12984375e+03 1.11450593e+03
2.34848485e-05 5.30303030e-06 3.00010000e+08 5.42587837e+03 7.34890390e+02
2.39898990e-05 5.30303030e-06 3.00008473e+08 4.09625493e+03 2.91327403e+02
2.44949495e-05 5.30303030e-06 3.00007046e+08 3.08842086e+03 -1.34637158e+02
2.50000000e-05 5.30303030e-06 3.00005770e+08 2.33839365e+03 -5.02797277e+02
-2.50000000e-05 5.80808081e-06 2.99997476e+08 -2.82059112e+03 1.09448740e+02
-2.44949495e-05 5.80808081e-06 2.99997335e+08 -2.92870262e+03 3.38649698e+02
-2.39898990e-05 5.80808081e-06 2.99997216e+08 -3.01230117e+03 6.11533363e+02
-2.34848485e-05 5.80808081e-06 2.99997128e+08 -3.06095097e+03 9.32322385e+02
-2.29797980e-05 5.80808081e-06 2.99997081e+08 -3.06196426e+03 1.30436495e+03
-2.24747475e-05 5.80808081e-06 2.99997084e+08 -3.00030347e+03 1.72950049e+03
-2.19696970e-05 5.80808081e-06 2.99997149e+08 -2.85866659e+03 2.20725470e+03
-2.14646465e-05 5.80808081e-06 2.99997287e+08 -2.61785202e+03 2.73387400e+03
-2.09595960e-05 5.80808081e-06 2.99997506e+08 -2.25751434e+03 3.30124505e+03
-2.04545455e-05 5.80808081e-06 2.99997814e+08 -1.75742356e+03 3.89579573e+03
-1.99494949e-05 5.80808081e-06 2.99998212e+08 -1.09931696e+03 4.49753904e+03
-1.94444444e-05 5.80808081e-06 2.99998696e+08 -2.69370225e+02 5.07949285e+03
-1.89393939e-05 5.80808081e-06 2.99999255e+08 7.38796510e+02 5.60776821e+03
-1.84343434e-05 5.80808081e-06 2.99999867e+08 1.92082492e+03 6.04264135e+03
-1.79292929e-05 5.80808081e-06 3.00000501e+08 3.25848169e+03 6.34087344e+03
-1.74242424e-05 5.80808081e-06 3.00001117e+08 4.71731426e+03 6.45938723e+03
-1.69191919e-05 5.80808081e-06 3.00001671e+08 6.24584892e+03 6.36013792e+03
-1.64141414e-05 5.80808081e-06 3.00002113e+08 7.77703502e+03 6.01565667e+03
-1.59090909e-05 5.80808081e-06 3.00002399e+08 9.23236510e+03 5.41438265e+03
-1.54040404e-05 5.80808081e-06 3.00002494e+08 1.05285925e+04 4.56466395e+03
-1.48989899e-05 5.80808081e-06 3.00002376e+08 1.15863155e+04 3.49633558e+03
-1.43939394e-05 5.80808081e-06 3.00002044e+08 1.23390882e+04 2.25915169e+03
-1.38888889e-05 5.80808081e-06 3.00001514e+08 1.27413811e+04 9.18012957e+02
-1.33838384e-05 5.80808081e-06 3.00000822e+08 1.27738241e+04 -4.54292250e+02
-1.28787879e-05 5.80808081e-06 3.00000014e+08 1.24447273e+04 -1.78548436e+03
-1.23737374e-05 5.80808081e-06 2.99999146e+08 1.17877382e+04 -3.01172041e+03
-1.18686869e-05 5.80808081e-06 2.99998270e+08 1.08563553e+04 -4.08364541e+03
-1.13636364e-05 5.80808081e-06 2.99997436e+08 9.71660873e+03 -4.96971794e+03
-1.08585859e-05 5.80808081e-06 2.99996683e+08 8.43939585e+03 -5.65666069e+03
-1.03535354e-05 5.80808081e-06 2.99996036e+08 7.09372992e+03 -6.14749403e+03
-9.84848485e-06 5.80808081e-06 2.99995513e+08 5.74169416e+03 -6.45797223e+03
-9.34343434e-06 5.80808081e-06 2.99995118e+08 4.43536961e+03 -6.61232555e+03
-8.83838384e-06 5.80808081e-06 2.99994848e+08 3.21557986e+03 -6.63907747e+03
-8.33333333e-06 5.80808081e-06 2.99994693e+08 2.11204060e+03 -6.56746216e+03
-7.82828283e-06 5.80808081e-06 2.99994639e+08 1.14441572e+03 -6.42470801e+03
-7.32323232e-06 5.80808081e-06 2.99994673e+08 3.23821412e+02 -6.23424300e+03
-6.81818182e-06 5.80808081e-06 2.99994776e+08 -3.45572787e+02 -6.01473898e+03
-6.31313131e-06 5.80808081e-06 2.99994933e+08 -8.65069345e+02 -5.77984247e+03
-5.80808081e-06 5.80808081e-06 2.99995128e+08 -1.24020259e+03 -5.53841965e+03
-5.30303030e-06 5.80808081e-06 2.99995346e+08 -1.47975374e+03 -5.29515328e+03
-4.79797980e-06 5.80808081e-06 2.99995575e+08 -1.59498594e+03 -5.05135247e+03
-4.29292929e-06 5.80808081e-06 2.99995802e+08 -1.59903739e+03 -4.80586140e+03
-3.78787879e-06 5.80808081e-06 2.99996017e+08 -1.50640589e+03 -4.55597619e+03
-3.28282828e-06 5.80808081e-06 2.99996211e+08 -1.33247003e+03 -4.29829818e+03
-2.77777778e-06 5.80808081e-06 2.99996379e+08 -1.09301208e+03 -4.02946877e+03
-2.27272727e-06 5.80808081e-06 2.99996515e+08 -8.03731446e+02 -3.74674701e+03
-1.76767677e-06 5.80808081e-06 2.99996616e+08 -4.79758100e+02 -3.44840725e+03
-1.26262626e-06 5.80808081e-06 2.99996681e+08 -1.35191231e+02 -3.13395084e+03
-7.57575758e-07 5.80808081e-06 2.99996709e+08 2.17304860e+02 -2.80414160e+03
-2.52525253e-07 5.80808081e-06 2.99996703e+08 5.66816404e+02 -2.46088847e+03
2.52525253e-07 5.80808081e-06 2.99996666e+08 9.04384353e+02 -2.10700914e+03
7.57575758e-07 5.80808081e-06 2.99996600e+08 1.22308648e+03 -1.74591363e+03
1.26262626e-06 5.80808081e-06 2.99996509e+08 1.51800043e+03 -1.38124795e+03
1.76767677e-06 5.80808081e-06 2.99996398e+08 1.78606260e+03 -1.01653368e+03
2.27272727e-06 5.80808081e-06 2.99996271e+08 2.02584573e+03 -6.54832723e+02
2.77777778e-06 5.80808081e-06 2.99996131e+08 2.23728125e+03 -2.98456861e+02
3.28282828e-06 5.80808081e-06 2.99995981e+08 2.42135120e+03 5.12679613e+01
3.78787879e-06 5.80808081e-06 2.99995825e+08 2.57976941e+03 3.94182353e+02
4.29292929e-06 5.80808081e-06 2.99995665e+08 2.71466470e+03 7.31426780e+02
4.79797980e-06 5.80808081e-06 2.99995503e+08 2.82827037e+03 1.06554121e+03
5.30303030e-06 5.80808081e-06 2.99995342e+08 2.92261619e+03 1.40054866e+03
5.80808081e-06 5.80808081e-06 2.99995182e+08 2.99921035e+03 1.74204185e+03
6.31313131e-06 5.80808081e-06 2.99995027e+08 3.05869049e+03 2.09729182e+03
6.81818182e-06 5.80808081e-06 2.99994880e+08 3.10041331e+03 2.47539485e+03
7.32323232e-06 5.80808081e-06 2.99994743e+08 3.12194088e+03 2.88746859e+03
7.82828283e-06 5.80808081e-06 2.99994624e+08 3.11836705e+03 3.34689953e+03
8.33333333e-06 5.80808081e-06 2.99994531e+08 3.08140849e+03 3.86962717e+03
8.83838384e-06 5.80808081e-06 2.99994475e+08 2.99816136e+03 4.47442142e+03
9.34343434e-06 5.80808081e-06 2.99994473e+08 2.84939769e+03 5.18305845e+03
9.84848485e-06 5.80808081e-06 2.99994547e+08 2.60725294e+03 6.02020896e+03
1.03535354e-05 5.80808081e-06 2.99994729e+08 2.23215578e+03 7.01269623e+03
1.08585859e-05 5.80808081e-06 2.99995059e+08 1.66891744e+03 8.18751955e+03
1.13636364e-05 5.80808081e-06 2.99995588e+08 8.42125846e+02 9.56762358e+03
1.18686869e-05 5.80808081e-06 2.99996379e+08 -3.48431834e+02 1.11637941e+04
1.23737374e-05 5.80808081e-06 2.99997499e+08 -2.03032730e+03 1.29603407e+04
1.28787879e-05 5.80808081e-06 2.99999013e+08 -4.35457268e+03 1.48917698e+04
1.33838384e-05 5.80808081e-06 3.00000956e+08 -7.47662827e+03 1.68086121e+04
1.38888889e-05 5.80808081e-06 3.00003291e+08 -1.15084180e+04 1.84355727e+04
1.43939394e-05 5.80808081e-06 3.00005852e+08 -1.64249373e+04 1.93384610e+04
1.48989899e-05 5.80808081e-06 3.00008288e+08 -2.19211083e+04 1.89404693e+04
1.54040404e-05 5.80808081e-06 3.00010064e+08 -2.72608276e+04 1.66519485e+04
1.59090909e-05 5.80808081e-06 3.00010607e+08 -3.12453196e+04 1.21568185e+04
1.64141414e-05 5.80808081e-06 3.00009615e+08 -3.24814987e+04 5.77169074e+03
1.69191919e-05 5.80808081e-06 3.00007368e+08 -2.99908090e+04 -1.39948239e+03
1.74242424e-05 5.80808081e-06 3.00004734e+08 -2.38320451e+04 -7.79258689e+03
1.79292929e-05 5.80808081e-06 3.00002751e+08 -1.52118862e+04 -1.20786245e+04
1.84343434e-05 5.80808081e-06 3.00002092e+08 -5.94216311e+03 -1.37126916e+04
1.89393939e-05 5.80808081e-06 3.00002837e+08 2.31493416e+03 -1.29771385e+04
1.94444444e-05 5.80808081e-06 3.00004598e+08 8.51813128e+03 -1.06483614e+04
1.99494949e-05 5.80808081e-06 3.00006796e+08 1.23251527e+04 -7.61220836e+03
2.04545455e-05 5.80808081e-06 3.00008885e+08 1.39344440e+04 -4.60620346e+03
2.09595960e-05 5.80808081e-06 3.00010480e+08 1.38530481e+04 -2.10515978e+03
2.14646465e-05 5.80808081e-06 3.00011394e+08 1.26812578e+04 -3.14565612e+02
2.19696970e-05 5.80808081e-06 3.00011622e+08 1.09586241e+04 7.68650149e+02
2.24747475e-05 5.80808081e-06 3.00011273e+08 9.08630576e+03 1.26914609e+03
2.29797980e-05 5.80808081e-06 3.00010511e+08 7.31455100e+03 1.35457284e+03
2.34848485e-05 5.80808081e-06 3.00009501e+08 5.76901204e+03 1.18342412e+03
2.39898990e-05 5.80808081e-06 3.00008382e+08 4.49002641e+03 8.80532619e+02
2.44949495e-05 5.80808081e-06 3.00007253e+08 3.46849112e+03 5.32185574e+02
2.50000000e-05 5.80808081e-06 3.00006180e+08 2.67192609e+03 1.91431580e+02
-2.50000000e-05 6.31313131e-06 2.99997241e+08 -3.02569650e+03 1.18754674e+01
-2.44949495e-05 6.31313131e-06 2.99997055e+08 -3.17681344e+03 2.34086960e+02
-2.39898990e-05 6.31313131e-06 2.99996887e+08 -3.30865860e+03 5.03806563e+02
-2.34848485e-05 6.31313131e-06 2.99996748e+08 -3.41033534e+03 8.26948776e+02
-2.29797980e-05 6.31313131e-06 2.99996648e+08 -3.46812645e+03 1.20886707e+03
-2.24747475e-05 6.31313131e-06 2.99996601e+08 -3.46519948e+03 1.65366354e+03
-2.19696970e-05 6.31313131e-06 2.99996620e+08 -3.38148092e+03 2.16325602e+03
-2.14646465e-05 6.31313131e-06 2.99996720e+08 -3.19382398e+03 2.73618746e+03
-2.09595960e-05 6.31313131e-06 2.99996914e+08 -2.87662807e+03 3.36620025e+03
-2.04545455e-05 6.31313131e-06 2.99997214e+08 -2.40309081e+03 4.04066241e+03
-1.99494949e-05 6.31313131e-06 2.99997627e+08 -1.74726823e+03 4.73902317e+03
-1.94444444e-05 6.31313131e-06 2.99998152e+08 -8.87063136e+02 5.43158985e+03
-1.89393939e-05 6.31313131e-06 2.99998780e+08 1.91868108e+02 6.07903489e+03
-1.84343434e-05 6.31313131e-06 2.99999489e+08 1.49152121e+03 6.63312511e+03
-1.79292929e-05 6.31313131e-06 3.00000245e+08 2.99679745e+03 7.03915689e+03
-1.74242424e-05 6.31313131e-06 3.00001002e+08 4.67147981e+03 7.24041623e+03
-1.69191919e-05 6.31313131e-06 3.00001701e+08 6.45607585e+03 7.18461532e+03
-1.64141414e-05 6.31313131e-06 3.00002279e+08 8.26872219e+03 6.83170250e+03
-1.59090909e-05 6.31313131e-06 3.00002678e+08 1.00100297e+04 6.16181165e+03
-1.54040404e-05 6.31313131e-06 3.00002848e+08 1.15720041e+04 5.18162832e+03
-1.48989899e-05 6.31313131e-06 3.00002760e+08 1.28501128e+04 3.92736629e+03
-1.43939394e-05 6.31313131e-06 3.00002409e+08 1.37564922e+04 2.46305338e+03
-1.38888889e-05 6.31313131e-06 3.00001816e+08 1.42316324e+04 8.73887475e+02
-1.33838384e-05 6.31313131e-06 3.00001028e+08 1.42519803e+04 -7.44262684e+02
-1.28787879e-05 6.31313131e-06 3.00000107e+08 1.38318362e+04 -2.29705434e+03
-1.23737374e-05 6.31313131e-06 2.99999124e+08 1.30193767e+04 -3.70298359e+03
-1.18686869e-05 6.31313131e-06 2.99998146e+08 1.18880857e+04 -4.90161949e+03
-1.13636364e-05 6.31313131e-06 2.99997233e+08 1.05258033e+04 -5.85756399e+03
-1.08585859e-05 6.31313131e-06 2.99996430e+08 9.02376429e+03 -6.56012663e+03
-1.03535354e-05 6.31313131e-06 2.99995764e+08 7.46749578e+03 -7.01965107e+03
-9.84848485e-06 6.31313131e-06 2.99995249e+08 5.93058814e+03 -7.26190195e+03
-9.34343434e-06 6.31313131e-06 2.99994883e+08 4.47149647e+03 -7.32191412e+03
-8.83838384e-06 6.31313131e-06 2.99994658e+08 3.13291306e+03 -7.23837723e+03
-8.33333333e-06 6.31313131e-06 2.99994558e+08 1.94294764e+03 -7.04918046e+03
-7.82828283e-06 6.31313131e-06 2.99994563e+08 9.17320642e+02 -6.78833276e+03
-7.32323232e-06 6.31313131e-06 2.99994654e+08 6.19114953e+01 -6.48418388e+03
-6.81818182e-06 6.31313131e-06 2.99994810e+08 -6.24790879e+02 -6.15871452e+03
-6.31313131e-06 6.31313131e-06 2.99995013e+08 -1.14958725e+03 -5.82761275e+03
-5.80808081e-06 6.31313131e-06 2.99995246e+08 -1.52290931e+03 -5.50086998e+03
-5.30303030e-06 6.31313131e-06 2.99995496e+08 -1.75758821e+03 -5.18367651e+03
-4.79797980e-06 6.31313131e-06 2.99995748e+08 -1.86797677e+03 -4.87745168e+03
-4.29292929e-06 6.31313131e-06 2.99995993e+08 -1.86932929e+03 -4.58089173e+03
-3.78787879e-06 6.31313131e-06 2.99996222e+08 -1.77734589e+03 -4.29095601e+03
-3.28282828e-06 6.31313131e-06 2.99996427e+08 -1.60780579e+03 -4.00373985e+03
-2.77777778e-06 6.31313131e-06 2.99996604e+08 -1.37623834e+03 -3.71520134e+03
-2.27272727e-06 6.31313131e-06 2.99996748e+08 -1.09760596e+03 -3.42172397e+03
-1.76767677e-06 6.31313131e-06 2.99996857e+08 -7.85994828e+02 -3.12050886e+03
-1.26262626e-06 6.31313131e-06 2.99996931e+08 -4.54325529e+02 -2.80980027e+03
-7.57575758e-07 6.31313131e-06 2.99996970e+08 -1.14104115e+02 -2.48895742e+03
-2.52525253e-07 6.31313131e-06 2.99996976e+08 2.24764651e+02 -2.15839294e+03
2.52525253e-07 6.31313131e-06 2.99996952e+08 5.54085063e+02 -1.81940406e+03
7.57575758e-07 6.31313131e-06 2.99996900e+08 8.67391322e+02 -1.47392612e+03
1.26262626e-06 6.31313131e-06 2.99996824e+08 1.15988364e+03 -1.12423893e+03
1.76767677e-06 6.31313131e-06 2.99996729e+08 1.42829037e+03 -7.72655182e+02
2.27272727e-06 6.31313131e-06 2.99996619e+08 1.67067259e+03 -4.21216472e+02
2.77777778e-06 6.31313131e-06 2.99996497e+08 1.88618907e+03 -7.14166151e+01
3.28282828e-06 6.31313131e-06 2.99996367e+08 2.07483793e+03 2.76034696e+02
3.78787879e-06 6.31313131e-06 2.99996232e+08 2.23718643e+03 6.21402630e+02
4.29292929e-06 6.31313131e-06 2.99996096e+08 2.37409509e+03 9.66073950e+02
4.79797980e-06 6.31313131e-06 2.99995962e+08 2.48643535e+03 1.31266714e+03
5.30303030e-06 6.31313131e-06 2.99995832e+08 2.57479430e+03 1.66511705e+03
5.80808081e-06 6.31313131e-06 2.99995710e+08 2.63915379e+03 2.02874644e+03
6.31313131e-06 6.31313131e-06 2.99995600e+08 2.67852503e+03 2.41033549e+03
6.81818182e-06 6.31313131e-06 2.99995505e+08 2.69051345e+03 2.81819572e+03
7.32323232e-06 6.31313131e-06 2.99995432e+08 2.67078087e+03 3.26224603e+03
7.82828283e-06 6.31313131e-06 2.99995388e+08 2.61236379e+03 3.75407482e+03
8.33333333e-06 6.31313131e-06 2.99995382e+08 2.50479762e+03 4.30694909e+03
8.83838384e-06 6.31313131e-06 2.99995429e+08 2.33299025e+03 4.93569588e+03
9.34343434e-06 6.31313131e-06 2.99995543e+08 2.07578991e+03 5.65632447e+03
9.84848485e-06 6.31313131e-06 2.99995749e+08 1.70421411e+03 6.48517005e+03
1.03535354e-05 6.31313131e-06 2.99996072e+08 1.17937429e+03 7.43720754e+03
1.08585859e-05 6.31313131e-06 2.99996546e+08 4.50288938e+02 8.52299838e+03
1.13636364e-05 6.31313131e-06 2.99997209e+08 -5.47893366e+02 9.74350033e+03
1.18686869e-05 6.31313131e-06 2.99998101e+08 -1.89412081e+03 1.10817503e+04
1.23737374e-05 6.31313131e-06 2.99999256e+08 -3.67791708e+03 1.24904117e+04
1.28787879e-05 6.31313131e-06 3.00000690e+08 -5.98834155e+03 1.38748068e+04
1.33838384e-05 6.31313131e-06 3.00002381e+08 -8.88987294e+03 1.50731867e+04
1.38888889e-05 6.31313131e-06 3.00004241e+08 -1.23790104e+04 1.58408336e+04
1.43939394e-05 6.31313131e-06 3.00006087e+08 -1.63192635e+04 1.58528104e+04
1.48989899e-05 6.31313131e-06 3.00007631e+08 -2.03661180e+04 1.47490598e+04
1.54040404e-05 6.31313131e-06 3.00008525e+08 -2.39208002e+04 1.22445182e+04
1.59090909e-05 6.31313131e-06 3.00008470e+08 -2.61804602e+04 8.29747841e+03
1.64141414e-05 6.31313131e-06 3.00007388e+08 -2.63432112e+04 3.26470891e+03
1.69191919e-05 6.31313131e-06 3.00005545e+08 -2.39355850e+04 -2.08440751e+03
1.74242424e-05 6.31313131e-06 3.00003513e+08 -1.90921360e+04 -6.77888340e+03
1.79292929e-05 6.31313131e-06 3.00001946e+08 -1.25811999e+04 -1.00017263e+04
1.84343434e-05 6.31313131e-06 3.00001303e+08 -5.53397550e+03 -1.13747036e+04
1.89393939e-05 6.31313131e-06 3.00001697e+08 9.48807228e+02 -1.10148008e+04
1.94444444e-05 6.31313131e-06 3.00002931e+08 6.09230913e+03 -9.38699782e+03
1.99494949e-05 6.31313131e-06 3.00004632e+08 9.55118757e+03 -7.08593932e+03
2.04545455e-05 6.31313131e-06 3.00006400e+08 1.13576110e+04 -4.65571144e+03
2.09595960e-05 6.31313131e-06 3.00007916e+08 1.17930916e+04 -2.48835522e+03
2.14646465e-05 6.31313131e-06 3.00008984e+08 1.12492460e+04 -7.96497504e+02
2.19696970e-05 6.31313131e-06 3.00009540e+08 1.01164248e+04 3.62237434e+02
2.24747475e-05 6.31313131e-06 3.00009615e+08 8.71631421e+03 1.03550593e+03
2.29797980e-05 6.31313131e-06 3.00009302e+08 7.27674296e+03 1.32409114e+03
2.34848485e-05 6.31313131e-06 3.00008712e+08 5.93622519e+03 1.34141308e+03
2.39898990e-05 6.31313131e-06 3.00007953e+08 4.76332200e+03 1.18915059e+03
2.44949495e-05 6.31313131e-06 3.00007114e+08 3.77924551e+03 9.46792499e+02
2.50000000e-05 6.31313131e-06 3.00006261e+08 2.97729014e+03 6.70348984e+02
-2.50000000e-05 6.81818182e-06 2.99997033e+08 -3.21973274e+03 -9.82972625e+01
-2.44949495e-05 6.81818182e-06 2.99996798e+08 -3.41655557e+03 1.11135732e+02
-2.39898990e-05 6.81818182e-06 2.99996576e+08 -3.60094385e+03 3.71124525e+02
-2.34848485e-05 6.81818182e-06 2.99996378e+08 -3.76192975e+03 6.89459844e+02
-2.29797980e-05 6.81818182e-06 2.99996216e+08 -3.88514850e+03 1.07384110e+03
-2.24747475e-05 6.81818182e-06 2.99996106e+08 -3.95228573e+03 1.53117396e+03
-2.19696970e-05 6.81818182e-06 2.99996065e+08 -3.94064864e+03 2.06654618e+03
-2.14646465e-05 6.81818182e-06 2.99996110e+08 -3.82301070e+03 2.68182589e+03
-2.09595960e-05 6.81818182e-06 2.99996262e+08 -3.56793967e+03 3.37386162e+03
-2.04545455e-05 6.81818182e-06 2.99996539e+08 -3.14087553e+03 4.13233459e+03
-1.99494949e-05 6.81818182e-06 2.99996952e+08 -2.50625767e+03 4.93743201e+03
-1.94444444e-05 6.81818182e-06 2.99997510e+08 -1.63097510e+03 5.75767804e+03
-1.89393939e-05 6.81818182e-06 2.99998206e+08 -4.89284298e+02 6.54846196e+03
-1.84343434e-05 6.81818182e-06 2.99999022e+08 9.30937558e+02 7.25199457e+03
-1.79292929e-05 6.81818182e-06 2.99999919e+08 2.62118136e+03 7.79951767e+03
-1.74242424e-05 6.81818182e-06 3.00000843e+08 4.54568467e+03 8.11646751e+03
-1.69191919e-05 6.81818182e-06 3.00001721e+08 6.63690271e+03 8.13083524e+03
-1.64141414e-05 6.81818182e-06 3.00002473e+08 8.79506146e+03 7.78413525e+03
-1.59090909e-05 6.81818182e-06 3.00003017e+08 1.08935014e+04 7.04331378e+03
-1.54040404e-05 6.81818182e-06 3.00003285e+08 1.27904662e+04 5.91095271e+03
-1.48989899e-05 6.81818182e-06 3.00003234e+08 1.43462517e+04 4.43074747e+03
-1.43939394e-05 6.81818182e-06 3.00002855e+08 1.54427065e+04 2.68588606e+03
-1.38888889e-05 6.81818182e-06 3.00002177e+08 1.60007667e+04 7.89675603e+02
-1.33838384e-05 6.81818182e-06 3.00001262e+08 1.59917434e+04 -1.12996143e+03
-1.28787879e-05 6.81818182e-06 3.00000193e+08 1.54396527e+04 -2.94857775e+03
-1.23737374e-05 6.81818182e-06 2.99999063e+08 1.44144293e+04 -4.56161670e+03
-1.18686869e-05 6.81818182e-06 2.99997959e+08 1.30183561e+04 -5.89566068e+03
-1.13636364e-05 6.81818182e-06 2.99996954e+08 1.13695001e+04 -6.91285227e+03
-1.08585859e-05 6.81818182e-06 2.99996097e+08 9.58598951e+03 -7.60886930e+03
-1.03535354e-05 6.81818182e-06 2.99995417e+08 7.77387322e+03 -8.00630869e+03
-9.84848485e-06 6.81818182e-06 2.99994921e+08 6.01975024e+03 -8.14588631e+03
-9.34343434e-06 6.81818182e-06 2.99994601e+08 4.38797056e+03 -8.07760075e+03
-8.83838384e-06 6.81818182e-06 2.99994438e+08 2.92135529e+03 -7.85329955e+03
-8.33333333e-06 6.81818182e-06 2.99994409e+08 1.64409441e+03 -7.52130438e+03
-7.82828283e-06 6.81818182e-06 2.99994486e+08 5.65603348e+02 -7.12313544e+03
-7.32323232e-06 6.81818182e-06 2.99994646e+08 -3.15555734e+02 -6.69201031e+03
-6.81818182e-06 6.81818182e-06 2.99994863e+08 -1.00822144e+03 -6.25264920e+03
-6.31313131e-06 6.81818182e-06 2.99995119e+08 -1.52588285e+03 -5.82192580e+03
-5.80808081e-06 6.81818182e-06 2.99995396e+08 -1.88465780e+03 -5.40998522e+03
-5.30303030e-06 6.81818182e-06 2.99995679e+08 -2.10190806e+03 -5.02155430e+03
-4.79797980e-06 6.81818182e-06 2.99995958e+08 -2.19534913e+03 -4.65726446e+03
-4.29292929e-06 6.81818182e-06 2.99996221e+08 -2.18250609e+03 -4.31487988e+03
-3.78787879e-06 6.81818182e-06 2.99996463e+08 -2.08038611e+03 -3.99037475e+03
-3.28282828e-06 6.81818182e-06 2.99996678e+08 -1.90526785e+03 -3.67883449e+03
-2.77777778e-06 6.81818182e-06 2.99996861e+08 -1.67254117e+03 -3.37517521e+03
-2.27272727e-06 6.81818182e-06 2.99997011e+08 -1.39656070e+03 -3.07468567e+03
-1.76767677e-06 6.81818182e-06 2.99997127e+08 -1.09050138e+03 -2.77340278e+03
-1.26262626e-06 6.81818182e-06 2.99997207e+08 -7.66221743e+02 -2.46833499e+03
-7.57575758e-07 6.81818182e-06 2.99997254e+08 -4.34150270e+02 -2.15755034e+03
-2.52525253e-07 6.81818182e-06 2.99997269e+08 -1.03212472e+02 -1.84014806e+03
2.52525253e-07 6.81818182e-06 2.99997255e+08 2.19187530e+02 -1.51613379e+03
7.57575758e-07 6.81818182e-06 2.99997215e+08 5.27124888e+02 -1.18621997e+03
1.26262626e-06 6.81818182e-06 2.99997152e+08 8.16053974e+02 -8.51574671e+02
1.76767677e-06 6.81818182e-06 2.99997072e+08 1.08266005e+03 -5.13542478e+02
2.27272727e-06 6.81818182e-06 2.99996977e+08 1.32467589e+03 -1.73360778e+02
2.77777778e-06 6.81818182e-06 2.99996872e+08 1.54067648e+03 1.68107743e+02
3.28282828e-06 6.81818182e-06 2.99996761e+08 1.72986133e+03 5.10610347e+02
3.78787879e-06 6.81818182e-06 2.99996648e+08 1.89182939e+03 8.54697258e+02
4.29292929e-06 6.81818182e-06 2.99996537e+08 2.02634582e+03 1.20186916e+03
4.79797980e-06 6.81818182e-06 2.99996430e+08 2.13309544e+03 1.55468161e+03
5.30303030e-06 6.81818182e-06 2.99996332e+08 2.21141358e+03 1.91681267e+03
5.80808081e-06 6.81818182e-06 2.99996247e+08 2.25998206e+03 2.29310091e+03
6.31313131e-06 6.81818182e-06 2.99996179e+08 2.27647486e+03 2.68955898e+03
6.81818182e-06 6.81818182e-06 2.99996134e+08 2.25713564e+03 3.11336167e+03
7.32323232e-06 6.81818182e-06 2.99996118e+08 2.19626642e+03 3.57279685e+03
7.82828283e-06 6.81818182e-06 2.99996139e+08 2.08560511e+03 4.07715164e+03
8.33333333e-06 6.81818182e-06 2.99996207e+08 1.91357091e+03 4.63648197e+03
8.83838384e-06 6.81818182e-06 2.99996335e+08 1.66436439e+03 5.26117928e+03
9.34343434e-06 6.81818182e-06 2.99996539e+08 1.31693188e+03 5.96119927e+03
9.84848485e-06 6.81818182e-06 2.99996836e+08 8.43853598e+02 6.74475184e+03
1.03535354e-05 6.81818182e-06 2.99997250e+08 2.10314422e+02 7.61616781e+03
1.08585859e-05 6.81818182e-06 2.99997803e+08 -6.26503249e+02 8.57256954e+03
1.13636364e-05 6.81818182e-06 2.99998519e+08 -1.71695824e+03 9.59891445e+03
1.18686869e-05 6.81818182e-06 2.99999418e+08 -3.11630150e+03 1.06610426e+04
1.23737374e-05 6.81818182e-06 3.00000507e+08 -4.87808098e+03 1.16967209e+04
1.28787879e-05 6.81818182e-06 3.00001772e+08 -7.04119053e+03 1.26056403e+04
1.33838384e-05 6.81818182e-06 3.00003161e+08 -9.60798743e+03 1.32412682e+04
1.38888889e-05 6.81818182e-06 3.00004573e+08 -1.25123317e+04 1.34105836e+04
1.43939394e-05 6.81818182e-06 3.00005846e+08 -1.55811606e+04 1.28912503e+04
1.48989899e-05 6.81818182e-06 3.00006772e+08 -1.85026842e+04 1.14768160e+04
1.54040404e-05 6.81818182e-06 3.00007135e+08 -2.08264779e+04 9.05342443e+03
1.59090909e-05 6.81818182e-06 3.00006790e+08 -2.20260276e+04 5.69135047e+03
1.64141414e-05 6.81818182e-06 3.00005754e+08 -2.16363991e+04 1.70671419e+03
1.69191919e-05 6.81818182e-06 3.00004247e+08 -1.94317370e+04 -2.36287246e+03
1.74242424e-05 6.81818182e-06 3.00002660e+08 -1.55562873e+04 -5.89141378e+03
1.79292929e-05 6.81818182e-06 3.00001418e+08 -1.05230280e+04 -8.35785660e+03
1.84343434e-05 6.81818182e-06 3.00000836e+08 -5.06697537e+03 -9.50170047e+03
1.89393939e-05 6.81818182e-06 3.00001023e+08 7.07204321e+01 -9.36707283e+03
1.94444444e-05 6.81818182e-06 3.00001879e+08 4.32434061e+03 -8.23556475e+03
1.99494949e-05 6.81818182e-06 3.00003169e+08 7.39072355e+03 -6.50358342e+03
2.04545455e-05 6.81818182e-06 3.00004613e+08 9.22257795e+03 -4.56447103e+03
2.09595960e-05 6.81818182e-06 3.00005960e+08 9.96274649e+03 -2.72952312e+03
2.14646465e-05 6.81818182e-06 3.00007031e+08 9.85845797e+03 -1.19504224e+03
2.19696970e-05 6.81818182e-06 3.00007740e+08 9.18414393e+03 -4.64296731e+01
2.24747475e-05 6.81818182e-06 3.00008071e+08 8.18765358e+03 7.15929511e+02
2.29797980e-05 6.81818182e-06 3.00008066e+08 7.06275163e+03 1.14381311e+03
2.34848485e-05 6.81818182e-06 3.00007794e+08 5.94291752e+03 1.31183248e+03
2.39898990e-05 6.81818182e-06 3.00007331e+08 4.90833186e+03 1.29660855e+03
2.44949495e-05 6.81818182e-06 3.00006749e+08 3.99850789e+03 1.16497380e+03
2.50000000e-05 6.81818182e-06 3.00006106e+08 3.22539884e+03 9.69270463e+02
-2.50000000e-05 7.32323232e-06 2.99996863e+08 -3.39715949e+03 -2.17065416e+02
-2.44949495e-05 7.32323232e-06 2.99996576e+08 -3.64139086e+03 -2.66660471e+01
-2.39898990e-05 7.32323232e-06 2.99996294e+08 -3.88169856e+03 2.16168994e+02
-2.34848485e-05 7.32323232e-06 2.99996030e+08 -4.10757207e+03 5.21199867e+02
-2.29797980e-05 7.32323232e-06 2.99995795e+08 -4.30457410e+03 8.98737630e+02
-2.24747475e-05 7.32323232e-06 2.99995608e+08 -4.45347141e+03 1.35899903e+03
-2.19696970e-05 7.32323232e-06 2.99995489e+08 -4.52940117e+03 1.91106282e+03
-2.14646465e-05 7.32323232e-06 2.99995461e+08 -4.50123718e+03 2.56131463e+03
-2.09595960e-05 7.32323232e-06 2.99995549e+08 -4.33141216e+03 3.31128807e+03
-2.04545455e-05 7.32323232e-06 2.99995779e+08 -3.97655976e+03 4.15487635e+03
-1.99494949e-05 7.32323232e-06 2.99996173e+08 -3.38943804e+03 5.07502561e+03
-1.94444444e-05 7.32323232e-06 2.99996748e+08 -2.52264003e+03 6.04024790e+03
-1.89393939e-05 7.32323232e-06 2.99997506e+08 -1.33451369e+03 7.00161105e+03
-1.84343434e-05 7.32323232e-06 2.99998432e+08 2.02589838e+02 7.89122901e+03
-1.79292929e-05 7.32323232e-06 2.99999489e+08 2.09222363e+03 8.62357631e+03
-1.74242424e-05 7.32323232e-06 3.00000613e+08 4.30329897e+03 9.10098195e+03
-1.69191919e-05 7.32323232e-06 3.00001714e+08 6.76152682e+03 9.22417268e+03
-1.64141414e-05 7.32323232e-06 3.00002686e+08 9.34608839e+03 8.90755147e+03
-1.59090909e-05 7.32323232e-06 3.00003419e+08 1.18947454e+04 8.09709384e+03
-1.54040404e-05 7.32323232e-06 3.00003816e+08 1.42192066e+04 6.78683926e+03
-1.48989899e-05 7.32323232e-06 3.00003814e+08 1.61297415e+04 5.02887838e+03
-1.43939394e-05 7.32323232e-06 3.00003398e+08 1.74645399e+04 2.93244387e+03
-1.38888889e-05 7.32323232e-06 3.00002605e+08 1.81166759e+04 6.50513979e+02
-1.33838384e-05 7.32323232e-06 3.00001519e+08 1.80513018e+04 -1.64360726e+03
-1.28787879e-05 7.32323232e-06 3.00000256e+08 1.73084059e+04 -3.78374524e+03
-1.23737374e-05 7.32323232e-06 2.99998940e+08 1.59910831e+04 -5.63510036e+03
-1.18686869e-05 7.32323232e-06 2.99997683e+08 1.42436677e+04 -7.10961046e+03
-1.13636364e-05 7.32323232e-06 2.99996573e+08 1.22263813e+04 -8.17020931e+03
-1.08585859e-05 7.32323232e-06 2.99995665e+08 1.00927483e+04 -8.82533716e+03
-1.03535354e-05 7.32323232e-06 2.99994984e+08 7.97371506e+03 -9.11731477e+03
-9.84848485e-06 7.32323232e-06 2.99994528e+08 5.96958634e+03 -9.10866515e+03
-9.34343434e-06 7.32323232e-06 2.99994276e+08 4.14870498e+03 -8.86959495e+03
-8.83838384e-06 7.32323232e-06 2.99994198e+08 2.55072845e+03 -8.46842694e+03
-8.33333333e-06 7.32323232e-06 2.99994259e+08 1.19225219e+03 -7.96547237e+03
-7.82828283e-06 7.32323232e-06 2.99994425e+08 7.30034916e+01 -7.40997049e+03
-7.32323232e-06 7.32323232e-06 2.99994666e+08 -8.18516487e+02 -6.83932954e+03
-6.81818182e-06 7.32323232e-06 2.99994954e+08 -1.50047931e+03 -6.27985286e+03
-6.31313131e-06 7.32323232e-06 2.99995268e+08 -1.99438608e+03 -5.74826547e+03
-5.80808081e-06 7.32323232e-06 2.99995591e+08 -2.32281605e+03 -5.25354984e+03
-5.30303030e-06 7.32323232e-06 2.99995909e+08 -2.50804291e+03 -4.79878134e+03
-4.79797980e-06 7.32323232e-06 2.99996212e+08 -2.57127533e+03 -4.38279415e+03
-4.29292929e-06 7.32323232e-06 2.99996492e+08 -2.53230491e+03 -4.00160366e+03
-3.78787879e-06 7.32323232e-06 2.99996745e+08 -2.40939019e+03 -3.64956825e+03
-3.28282828e-06 7.32323232e-06 2.99996966e+08 -2.21925422e+03 -3.32030347e+03
-2.77777778e-06 7.32323232e-06 2.99997154e+08 -1.97711816e+03 -3.00737496e+03
-2.27272727e-06 7.32323232e-06 2.99997307e+08 -1.69672948e+03 -2.70480021e+03
-1.76767677e-06 7.32323232e-06 2.99997425e+08 -1.39037229e+03 -2.40738798e+03
-1.26262626e-06 7.32323232e-06 2.99997508e+08 -1.06886564e+03 -2.11094080e+03
-7.57575758e-07 7.32323232e-06 2.99997560e+08 -7.41566664e+02 -1.81234164e+03
-2.52525253e-07 7.32323232e-06 2.99997580e+08 -4.16397066e+02 -1.50954139e+03
2.52525253e-07 7.32323232e-06 2.99997574e+08 -9.99068174e+01 -1.20146138e+03
7.57575758e-07 7.32323232e-06 2.99997543e+08 2.02619980e+02 -8.87824411e+02
1.26262626e-06 7.32323232e-06 2.99997491e+08 4.87021792e+02 -5.68930023e+02
1.76767677e-06 7.32323232e-06 2.99997423e+08 7.50090481e+02 -2.45393312e+02
2.27272727e-06 7.32323232e-06 2.99997343e+08 9.89389828e+02 8.21302445e+01
2.77777778e-06 7.32323232e-06 2.99997254e+08 1.20307251e+03 4.13210734e+02
3.28282828e-06 7.32323232e-06 2.99997161e+08 1.38970029e+03 7.47880059e+02
3.78787879e-06 7.32323232e-06 2.99997068e+08 1.54806556e+03 1.08682385e+03
4.29292929e-06 7.32323232e-06 2.99996980e+08 1.67700695e+03 1.43152152e+03
4.79797980e-06 7.32323232e-06 2.99996899e+08 1.77520857e+03 1.78433364e+03
5.30303030e-06 7.32323232e-06 2.99996832e+08 1.84097091e+03 2.14853999e+03
5.80808081e-06 7.32323232e-06 2.99996781e+08 1.87194172e+03 2.52833286e+03
6.31313131e-06 7.32323232e-06 2.99996752e+08 1.86479612e+03 2.92876753e+03
6.81818182e-06 7.32323232e-06 2.99996750e+08 1.81485626e+03 3.35566495e+03
7.32323232e-06 7.32323232e-06 2.99996783e+08 1.71564364e+03 3.81545070e+03
7.82828283e-06 7.32323232e-06 2.99996857e+08 1.55836096e+03 4.31489816e+03
8.33333333e-06 7.32323232e-06 2.99996983e+08 1.33130925e+03 4.86072264e+03
8.83838384e-06 7.32323232e-06 2.99997172e+08 1.01926365e+03 5.45894525e+03
9.34343434e-06 7.32323232e-06 2.99997436e+08 6.02864080e+02 6.11391195e+03
9.84848485e-06 7.32323232e-06 2.99997791e+08 5.81365008e+01 6.82681555e+03
1.03535354e-05 7.32323232e-06 2.99998250e+08 -6.43640663e+02 7.59353598e+03
1.08585859e-05 7.32323232e-06 2.99998830e+08 -1.53535579e+03 8.40160688e+03
1.13636364e-05 7.32323232e-06 2.99999540e+08 -2.65217909e+03 9.22617597e+03
1.18686869e-05 7.32323232e-06 3.00000385e+08 -4.02750911e+03 1.00250293e+04
1.23737374e-05 7.32323232e-06 3.00001355e+08 -5.68563236e+03 1.07332083e+04
1.28787879e-05 7.32323232e-06 3.00002417e+08 -7.62994303e+03 1.12585980e+04
1.33838384e-05 7.32323232e-06 3.00003513e+08 -9.82615573e+03 1.14811593e+04
1.38888889e-05 7.32323232e-06 3.00004546e+08 -1.21817551e+04 1.12599763e+04
1.43939394e-05 7.32323232e-06 3.00005390e+08 -1.45265170e+04 1.04530802e+04
1.48989899e-05 7.32323232e-06 3.00005900e+08 -1.66040026e+04 8.95327896e+03
1.54040404e-05 7.32323232e-06 3.00005950e+08 -1.80880158e+04 6.73682465e+03
1.59090909e-05 7.32323232e-06 3.00005480e+08 -1.86358707e+04 3.91056963e+03
1.64141414e-05 7.32323232e-06 3.00004540e+08 -1.79765985e+04 7.32610837e+02
1.69191919e-05 7.32323232e-06 3.00003306e+08 -1.60086873e+04 -2.41770679e+03
1.74242424e-05 7.32323232e-06 3.00002050e+08 -1.28633530e+04 -5.12410949e+03
1.79292929e-05 7.32323232e-06 3.00001059e+08 -8.89553097e+03 -7.04376641e+03
1.84343434e-05 7.32323232e-06 3.00000550e+08 -4.59925963e+03 -7.99607539e+03
1.89393939e-05 7.32323232e-06 3.00000614e+08 -4.83618680e+02 -7.99325553e+03
1.94444444e-05 7.32323232e-06 3.00001206e+08 3.03947672e+03 -7.20873328e+03
1.99494949e-05 7.32323232e-06 3.00002178e+08 5.71989859e+03 -5.90764854e+03
2.04545455e-05 7.32323232e-06 3.00003335e+08 7.47897162e+03 -4.37176295e+03
2.09595960e-05 7.32323232e-06 3.00004487e+08 8.37811316e+03 -2.84207329e+03
2.14646465e-05 7.32323232e-06 3.00005484e+08 8.56792439e+03 -1.48830734e+03
2.19696970e-05 7.32323232e-06 3.00006236e+08 8.23658788e+03 -4.03332778e+02
2.24747475e-05 7.32323232e-06 3.00006704e+08 7.56938879e+03 3.85350185e+02
2.29797980e-05 7.32323232e-06 3.00006897e+08 6.72379149e+03 8.96134415e+02
2.34848485e-05 7.32323232e-06 3.00006852e+08 5.81896795e+03 1.17323272e+03
2.39898990e-05 7.32323232e-06 3.00006618e+08 4.93577112e+03 1.27040189e+03
2.44949495e-05 7.32323232e-06 3.00006250e+08 4.12257446e+03 1.24001877e+03
2.50000000e-05 7.32323232e-06 3.00005795e+08 3.40325784e+03 1.12713800e+03
-2.50000000e-05 7.82828283e-06 2.99996742e+08 -3.55227518e+03 -3.38767145e+02
-2.44949495e-05 7.82828283e-06 2.99996401e+08 -3.84426529e+03 -1.73826726e+02
-2.39898990e-05 7.82828283e-06 2.99996056e+08 -4.14247956e+03 4.38346499e+01
-2.34848485e-05 7.82828283e-06 2.99995718e+08 -4.43753057e+03 3.25897092e+02
-2.29797980e-05 7.82828283e-06 2.99995401e+08 -4.71569623e+03 6.85404551e+02
-2.24747475e-05 7.82828283e-06 2.99995122e+08 -4.95768992e+03 1.13627374e+03
-2.19696970e-05 7.82828283e-06 2.99994906e+08 -5.13732479e+03 1.69234702e+03
-2.14646465e-05 7.82828283e-06 2.99994780e+08 -5.22022739e+03 2.36580440e+03
-2.09595960e-05 7.82828283e-06 2.99994776e+08 -5.16288292e+03 3.16473853e+03
-2.04545455e-05 7.82828283e-06 2.99994930e+08 -4.91246601e+03 4.08973610e+03
-1.99494949e-05 7.82828283e-06 2.99995275e+08 -4.40810803e+03 5.12943994e+03
-1.94444444e-05 7.82828283e-06 2.99995841e+08 -3.58442570e+03 6.25533929e+03
-1.89393939e-05 7.82828283e-06 2.99996644e+08 -2.37818119e+03 7.41648966e+03
-1.84343434e-05 7.82828283e-06 2.99997679e+08 -7.38701209e+02 8.53548658e+03
-1.79292929e-05 7.82828283e-06 2.99998912e+08 1.35804402e+03 9.50768528e+03
-1.74242424e-05 7.82828283e-06 3.00000272e+08 3.89314253e+03 1.02060731e+04
-1.69191919e-05 7.82828283e-06 3.00001650e+08 6.78952007e+03 1.04938906e+04
-1.64141414e-05 7.82828283e-06 3.00002906e+08 9.90292228e+03 1.02455653e+04
-1.59090909e-05 7.82828283e-06 3.00003889e+08 1.30249731e+04 9.37360959e+03
-1.54040404e-05 7.82828283e-06 3.00004460e+08 1.59026060e+04 7.85550245e+03
-1.48989899e-05 7.82828283e-06 3.00004525e+08 1.82736569e+04 5.75189911e+03
-1.43939394e-05 7.82828283e-06 3.00004057e+08 1.99119916e+04 3.20790006e+03
-1.38888889e-05 7.82828283e-06 3.00003108e+08 2.06701054e+04 4.33677107e+02
-1.33838384e-05 7.82828283e-06 3.00001794e+08 2.05060747e+04 -2.33181186e+03
-1.28787879e-05 7.82828283e-06 3.00000277e+08 1.94865437e+04 -4.86357421e+03
-1.23737374e-05 7.82828283e-06 2.99998724e+08 1.77660664e+04 -6.98707572e+03
-1.18686869e-05 7.82828283e-06 2.99997284e+08 1.55511670e+04 -8.59905999e+03
-1.13636364e-05 7.82828283e-06 2.99996061e+08 1.30610661e+04 -9.66998582e+03
-1.08585859e-05 7.82828283e-06 2.99995114e+08 1.04953384e+04 -1.02317339e+04
-1.03535354e-05 7.82828283e-06 2.99994456e+08 8.01388747e+03 -1.03575496e+04
-9.84848485e-06 7.82828283e-06 2.99994070e+08 5.72953876e+03 -1.01410645e+04
-9.34343434e-06 7.82828283e-06 2.99993918e+08 3.71025711e+03 -9.67899323e+03
-8.83838384e-06 7.82828283e-06 2.99993953e+08 1.98691594e+03 -9.05941001e+03
-8.33333333e-06 7.82828283e-06 2.99994129e+08 5.63038024e+02 -8.35546944e+03
-7.82828283e-06 7.82828283e-06 2.99994402e+08 -5.75900258e+02 -7.62336584e+03
-7.32323232e-06 7.82828283e-06 2.99994736e+08 -1.45483191e+03 -6.90305709e+03
-6.81818182e-06 7.82828283e-06 2.99995101e+08 -2.10348964e+03 -6.22046780e+03
-6.31313131e-06 7.82828283e-06 2.99995476e+08 -2.55267386e+03 -5.59024764e+03
-5.80808081e-06 7.82828283e-06 2.99995845e+08 -2.83202381e+03 -5.01851565e+03
-5.30303030e-06 7.82828283e-06 2.99996196e+08 -2.96887188e+03 -4.50529619e+03
-4.79797980e-06 7.82828283e-06 2.99996521e+08 -2.98780778e+03 -4.04653448e+03
-4.29292929e-06 7.82828283e-06 2.99996814e+08 -2.91066007e+03 -3.63568426e+03
-3.78787879e-06 7.82828283e-06 2.99997073e+08 -2.75668556e+03 -3.26491188e+03
-3.28282828e-06 7.82828283e-06 2.99997297e+08 -2.54282934e+03 -2.92597962e+03
-2.77777778e-06 7.82828283e-06 2.99997484e+08 -2.28397528e+03 -2.61087272e+03
-2.27272727e-06 7.82828283e-06 2.99997635e+08 -1.99315007e+03 -2.31222739e+03
-1.76767677e-06 7.82828283e-06 2.99997752e+08 -1.68167441e+03 -2.02360731e+03
-1.26262626e-06 7.82828283e-06 2.99997835e+08 -1.35927563e+03 -1.73966472e+03
-7.57575758e-07 7.82828283e-06 2.99997886e+08 -1.03418623e+03 -1.45621026e+03
-2.52525253e-07 7.82828283e-06 2.99997910e+08 -7.13253421e+02 -1.17020524e+03
2.52525253e-07 7.82828283e-06 2.99997907e+08 -4.02077323e+02 -8.79682192e+02
7.57575758e-07 7.82828283e-06 2.99997882e+08 -1.05181789e+02 -5.83596648e+02
1.26262626e-06 7.82828283e-06 2.99997839e+08 1.73791281e+02 -2.81617236e+02
1.76767677e-06 7.82828283e-06 2.99997780e+08 4.31882012e+02 2.61312315e+01
2.27272727e-06 7.82828283e-06 2.99997711e+08 6.66625203e+02 3.39348029e+02
2.77777778e-06 7.82828283e-06 2.99997636e+08 8.75886715e+02 6.57831811e+02
3.28282828e-06 7.82828283e-06 2.99997560e+08 1.05772405e+03 9.81723896e+02
3.78787879e-06 7.82828283e-06 2.99997485e+08 1.21026169e+03 1.31169926e+03
4.29292929e-06 7.82828283e-06 2.99997418e+08 1.33156578e+03 1.64909436e+03
4.79797980e-06 7.82828283e-06 2.99997362e+08 1.41950114e+03 1.99596947e+03
5.30303030e-06 7.82828283e-06 2.99997321e+08 1.47155555e+03 2.35510882e+03
5.80808081e-06 7.82828283e-06 2.99997301e+08 1.48462041e+03 2.72996341e+03
6.31313131e-06 7.82828283e-06 2.99997305e+08 1.45472149e+03 3.12453838e+03
6.81818182e-06 7.82828283e-06 2.99997341e+08 1.37669954e+03 3.54322022e+03
7.32323232e-06 7.82828283e-06 2.99997413e+08 1.24384639e+03 3.99052790e+03
7.82828283e-06 7.82828283e-06 2.99997528e+08 1.04751110e+03 4.47075815e+03
8.33333333e-06 7.82828283e-06 2.99997696e+08 7.76702952e+02 4.98747810e+03
8.83838384e-06 7.82828283e-06 2.99997926e+08 4.17739384e+02 5.54279976e+03
9.34343434e-06 7.82828283e-06 2.99998226e+08 -4.59790794e+01 6.13635363e+03
9.84848485e-06 7.82828283e-06 2.99998607e+08 -6.33931147e+02 6.76386759e+03
1.03535354e-05 7.82828283e-06 2.99999078e+08 -1.36795945e+03 7.41526312e+03
1.08585859e-05 7.82828283e-06 2.99999646e+08 -2.27095648e+03 8.07222525e+03
1.13636364e-05 7.82828283e-06 3.00000312e+08 -3.36430726e+03 8.70531566e+03
1.18686869e-05 7.82828283e-06 3.00001069e+08 -4.66353970e+03 9.27092906e+03
1.23737374e-05 7.82828283e-06 3.00001897e+08 -6.17163356e+03 9.70878798e+03
1.28787879e-05 7.82828283e-06 3.00002759e+08 -7.86969996e+03 9.94125058e+03
1.33838384e-05 7.82828283e-06 3.00003595e+08 -9.70549684e+03 9.87638013e+03
1.38888889e-05 7.82828283e-06 3.00004326e+08 -1.15817168e+04 9.41718217e+03
1.43939394e-05 7.82828283e-06 3.00004858e+08 -1.33481596e+04 8.47901959e+03
1.48989899e-05 7.82828283e-06 3.00005095e+08 -1.48041186e+04 7.01511266e+03
1.54040404e-05 7.82828283e-06 3.00004967e+08 -1.57178817e+04 5.04572673e+03
1.59090909e-05 7.82828283e-06 3.00004459e+08 -1.58668418e+04 2.68113353e+03
1.64141414e-05 7.82828283e-06 3.00003628e+08 -1.50930829e+04 1.25036320e+02
1.69191919e-05 7.82828283e-06 3.00002613e+08 -1.33581295e+04 -2.35157920e+03
1.74242424e-05 7.82828283e-06 3.00001607e+08 -1.07740212e+04 -4.46456052e+03
1.79292929e-05 7.82828283e-06 3.00000807e+08 -7.59333203e+03 -5.98217249e+03
1.84343434e-05 7.82828283e-06 3.00000369e+08 -4.15787342e+03 -6.77764629e+03
1.89393939e-05 7.82828283e-06 3.00000363e+08 -8.24507424e+02 -6.84965946e+03
1.94444444e-05 7.82828283e-06 3.00000771e+08 2.10527114e+03 -6.30703873e+03
1.99494949e-05 7.82828283e-06 3.00001502e+08 4.43108921e+03 -5.32870628e+03
2.04545455e-05 7.82828283e-06 3.00002419e+08 6.06737887e+03 -4.11616277e+03
2.09595960e-05 7.82828283e-06 3.00003384e+08 7.02990632e+03 -2.85324684e+03
2.14646465e-05 7.82828283e-06 3.00004274e+08 7.40640627e+03 -1.68097760e+03
2.19696970e-05 7.82828283e-06 3.00005006e+08 7.32300393e+03 -6.88442351e+02
2.24747475e-05 7.82828283e-06 3.00005532e+08 6.91498133e+03 8.37844966e+01
2.29797980e-05 7.82828283e-06 3.00005842e+08 6.30621923e+03 6.32952196e+02
2.34848485e-05 7.82828283e-06 3.00005950e+08 5.59798352e+03 9.81090112e+02
2.39898990e-05 7.82828283e-06 3.00005886e+08 4.86540281e+03 1.16305814e+03
2.44949495e-05 7.82828283e-06 3.00005686e+08 4.15906455e+03 1.21743594e+03
2.50000000e-05 7.82828283e-06 3.00005389e+08 3.50925962e+03 1.18062998e+03
-2.50000000e-05 8.33333333e-06 2.99996682e+08 -3.67958006e+03 -4.55932225e+02
-2.44949495e-05 8.33333333e-06 2.99996288e+08 -4.01797473e+03 -3.22604592e+02
-2.39898990e-05 8.33333333e-06 2.99995879e+08 -4.37418402e+03 -1.38286354e+02
-2.34848485e-05 8.33333333e-06 2.99995462e+08 -4.74072360e+03 1.10375634e+02
-2.29797980e-05 8.33333333e-06 2.99995053e+08 -5.10558192e+03 4.39051348e+02
-2.24747475e-05 8.33333333e-06 2.99994668e+08 -5.45061797e+03 8.65511890e+02
-2.19696970e-05 8.33333333e-06 2.99994335e+08 -5.74965344e+03 1.40894342e+03
-2.14646465e-05 8.33333333e-06 2.99994084e+08 -5.96636739e+03 2.08852696e+03
-2.09595960e-05 8.33333333e-06 2.99993955e+08 -6.05225677e+03 2.92095613e+03
-2.04545455e-05 8.33333333e-06 2.99993993e+08 -5.94516645e+03 3.91654090e+03
-1.99494949e-05 8.33333333e-06 2.99994248e+08 -5.56922089e+03 5.07362308e+03
-1.94444444e-05 8.33333333e-06 2.99994766e+08 -4.83736883e+03 6.37129887e+03
-1.89393939e-05 8.33333333e-06 2.99995583e+08 -3.65806301e+03 7.76101438e+03
-1.84343434e-05 8.33333333e-06 2.99996712e+08 -1.94759642e+03 9.15854536e+03
-1.79292929e-05 8.33333333e-06 2.99998130e+08 3.51070787e+02 1.04391263e+04
-1.74242424e-05 8.33333333e-06 2.99999765e+08 3.24394476e+03 1.14396922e+04
-1.69191919e-05 8.33333333e-06 3.00001485e+08 6.66008996e+03 1.19725486e+04
-1.64141414e-05 8.33333333e-06 3.00003110e+08 1.04319204e+04 1.18531755e+04
-1.59090909e-05 8.33333333e-06 3.00004428e+08 1.42921363e+04 1.09404401e+04
-1.54040404e-05 8.33333333e-06 3.00005240e+08 1.78967336e+04 9.18075652e+03
-1.48989899e-05 8.33333333e-06 3.00005399e+08 2.08766207e+04 6.64149057e+03
-1.43939394e-05 8.33333333e-06 3.00004862e+08 2.29085025e+04 3.51778054e+03
-1.38888889e-05 8.33333333e-06 3.00003696e+08 2.37842373e+04 1.04256037e+02
-1.33838384e-05 8.33333333e-06 3.00002073e+08 2.34544832e+04 -3.26280771e+03
-1.28787879e-05 8.33333333e-06 3.00000221e+08 2.20311820e+04 -6.27402023e+03
-1.23737374e-05 8.33333333e-06 2.99998372e+08 1.97503035e+04 -8.70291054e+03
-1.18686869e-05 8.33333333e-06 2.99996719e+08 1.69114644e+04 -1.04335098e+04
-1.13636364e-05 8.33333333e-06 2.99995384e+08 1.38164245e+04 -1.14569892e+04
-1.08585859e-05 8.33333333e-06 2.99994422e+08 1.07233056e+04 -1.18462862e+04
-1.03535354e-05 8.33333333e-06 2.99993827e+08 7.82312607e+03 -1.17220617e+04
-9.84848485e-06 8.33333333e-06 2.99993556e+08 5.23625626e+03 -1.12211874e+04
-9.34343434e-06 8.33333333e-06 2.99993547e+08 3.02187059e+03 -1.04738023e+04
-8.83838384e-06 8.33333333e-06 2.99993731e+08 1.19313380e+03 -9.59016212e+03
-8.33333333e-06 8.33333333e-06 2.99994048e+08 -2.67196863e+02 -8.65559618e+03
-7.82828283e-06 8.33333333e-06 2.99994445e+08 -1.39365137e+03 -7.73087492e+03
-7.32323232e-06 8.33333333e-06 2.99994881e+08 -2.22839544e+03 -6.85548535e+03
-6.81818182e-06 8.33333333e-06 2.99995328e+08 -2.81489266e+03 -6.05199197e+03
-6.31313131e-06 8.33333333e-06 2.99995764e+08 -3.19422034e+03 -5.33038046e+03
-5.80808081e-06 8.33333333e-06 2.99996175e+08 -3.40327481e+03 -4.69183842e+03
-5.30303030e-06 8.33333333e-06 2.99996553e+08 -3.47419418e+03 -4.13178821e+03
-4.79797980e-06 8.33333333e-06 2.99996893e+08 -3.43448458e+03 -3.64218487e+03
-4.29292929e-06 8.33333333e-06 2.99997193e+08 -3.30749229e+03 -3.21318154e+03
-3.78787879e-06 8.33333333e-06 2.99997452e+08 -3.11299185e+03 -2.83429051e+03
-3.28282828e-06 8.33333333e-06 2.99997671e+08 -2.86775478e+03 -2.49516224e+03
-2.77777778e-06 8.33333333e-06 2.99997852e+08 -2.58603068e+03 -2.18608723e+03
-2.27272727e-06 8.33333333e-06 2.99997996e+08 -2.27991793e+03 -1.89830493e+03
-1.76767677e-06 8.33333333e-06 2.99998106e+08 -1.95963304e+03 -1.62418440e+03
-1.26262626e-06 8.33333333e-06 2.99998183e+08 -1.63370818e+03 -1.35732232e+03
-7.57575758e-07 8.33333333e-06 2.99998232e+08 -1.30915663e+03 -1.09258493e+03
-2.52525253e-07 8.33333333e-06 2.99998253e+08 -9.91644874e+02 -8.26101690e+02
2.52525253e-07 8.33333333e-06 2.99998252e+08 -6.85696612e+02 -5.55203765e+02
7.57575758e-07 8.33333333e-06 2.99998229e+08 -3.94932574e+02 -2.78295130e+02
1.26262626e-06 8.33333333e-06 2.99998191e+08 -1.22327902e+02 5.35003873e+00
1.76767677e-06 8.33333333e-06 2.99998139e+08 1.29544075e+02 2.95853762e+02
2.27272727e-06 8.33333333e-06 2.99998080e+08 3.58310969e+02 5.93036877e+02
2.77777778e-06 8.33333333e-06 2.99998016e+08 5.61658089e+02 8.96719437e+02
3.28282828e-06 8.33333333e-06 2.99997953e+08 7.37238108e+02 1.20698113e+03
3.78787879e-06 8.33333333e-06 2.99997895e+08 8.82613586e+02 1.52435430e+03
4.29292929e-06 8.33333333e-06 2.99997846e+08 9.95205361e+02 1.84993636e+03
4.79797980e-06 8.33333333e-06 2.99997811e+08 1.07222118e+03 2.18542070e+03
5.30303030e-06 8.33333333e-06 2.99997794e+08 1.11054538e+03 2.53305249e+03
5.80808081e-06 8.33333333e-06 2.99997799e+08 1.10657913e+03 2.89551802e+03
6.31313131e-06 8.33333333e-06 2.99997832e+08 1.05603026e+03 3.27577310e+03
6.81818182e-06 8.33333333e-06 2.99997896e+08 9.53660925e+02 3.67680911e+03
7.32323232e-06 8.33333333e-06 2.99997998e+08 7.93011089e+02 4.10134509e+03
7.82828283e-06 8.33333333e-06 2.99998143e+08 5.66126066e+02 4.55142214e+03
8.33333333e-06 8.33333333e-06 2.99998338e+08 2.63330062e+02 5.02786410e+03
8.83838384e-06 8.33333333e-06 2.99998590e+08 -1.26893531e+02 5.52955836e+03
9.34343434e-06 8.33333333e-06 2.99998906e+08 -6.17826044e+02 6.05250710e+03
9.84848485e-06 8.33333333e-06 2.99999290e+08 -1.22411275e+03 6.58860690e+03
1.03535354e-05 8.33333333e-06 2.99999748e+08 -1.96085683e+03 7.12414433e+03
1.08585859e-05 8.33333333e-06 3.00000279e+08 -2.84197052e+03 7.63806058e+03
1.13636364e-05 8.33333333e-06 3.00000879e+08 -3.87750134e+03 8.10015898e+03
1.18686869e-05 8.33333333e-06 3.00001533e+08 -5.06965876e+03 8.46962462e+03
1.23737374e-05 8.33333333e-06 3.00002219e+08 -6.40739085e+03 8.69450121e+03
1.28787879e-05 8.33333333e-06 3.00002897e+08 -7.85969813e+03 8.71309144e+03
1.33838384e-05 8.33333333e-06 3.00003517e+08 -9.36851740e+03 8.45849646e+03
1.38888889e-05 8.33333333e-06 3.00004016e+08 -1.08429861e+04 7.86744854e+03
1.43939394e-05 8.33333333e-06 3.00004326e+08 -1.21580186e+04 6.89387283e+03
1.48989899e-05 8.33333333e-06 3.00004387e+08 -1.31608330e+04 5.52593965e+03
1.54040404e-05 8.33333333e-06 3.00004163e+08 -1.36884396e+04 3.80283577e+03
1.59090909e-05 8.33333333e-06 3.00003660e+08 -1.35962557e+04 1.82500797e+03
1.64141414e-05 8.33333333e-06 3.00002936e+08 -1.27930180e+04 -2.49004027e+02
1.69191919e-05 8.33333333e-06 3.00002096e+08 -1.12719366e+04 -2.22308228e+03
1.74242424e-05 8.33333333e-06 3.00001280e+08 -9.12598678e+03 -3.89881944e+03
1.79292929e-05 8.33333333e-06 3.00000628e+08 -6.53906692e+03 -5.11581692e+03
1.84343434e-05 8.33333333e-06 3.00000252e+08 -3.75364017e+03 -5.78378860e+03
1.89393939e-05 8.33333333e-06 3.00000206e+08 -1.02480259e+03 -5.89616469e+03
1.94444444e-05 8.33333333e-06 3.00000488e+08 1.42476152e+03 -5.52252279e+03
1.99494949e-05 8.33333333e-06 3.00001037e+08 3.43665686e+03 -4.78502252e+03
2.04545455e-05 8.33333333e-06 3.00001762e+08 4.92978830e+03 -3.82822497e+03
2.09595960e-05 8.33333333e-06 3.00002560e+08 5.89576211e+03 -2.79134636e+03
2.14646465e-05 8.33333333e-06 3.00003334e+08 6.38239193e+03 -1.78872567e+03
2.19696970e-05 8.33333333e-06 3.00004013e+08 6.47228027e+03 -9.00328689e+02
2.24747475e-05 8.33333333e-06 3.00004547e+08 6.26230809e+03 -1.71037370e+02
2.29797980e-05 8.33333333e-06 3.00004917e+08 5.84761054e+03 3.84129660e+02
2.34848485e-05 8.33333333e-06 3.00005122e+08 5.31132757e+03 7.71980127e+02
2.39898990e-05 8.33333333e-06 3.00005177e+08 4.71972530e+03 1.01280221e+03
2.44949495e-05 8.33333333e-06 3.00005107e+08 4.12138405e+03 1.13326571e+03
2.50000000e-05 8.33333333e-06 3.00004937e+08 3.54892566e+03 1.16122730e+03
-2.50000000e-05 8.83838384e-06 2.99996697e+08 -3.77426743e+03 -5.59251833e+02
-2.44949495e-05 8.83838384e-06 2.99996254e+08 -4.15570957e+03 -4.62820377e+02
-2.39898990e-05 8.83838384e-06 2.99995781e+08 -4.56760954e+03 -3.19494057e+02
-2.34848485e-05 8.83838384e-06 2.99995285e+08 -5.00522688e+03 -1.14738703e+02
-2.29797980e-05 8.83838384e-06 2.99994777e+08 -5.45942006e+03 1.69319299e+02
-2.24747475e-05 8.83838384e-06 2.99994275e+08 -5.91471294e+03 5.54085980e+02
-2.19696970e-05 8.83838384e-06 2.99993805e+08 -6.34680509e+03 1.06428016e+03
-2.14646465e-05 8.83838384e-06 2.99993400e+08 -6.71953398e+03 1.72696903e+03
-2.09595960e-05 8.83838384e-06 2.99993107e+08 -6.98145774e+03 2.56938781e+03
-2.04545455e-05 8.83838384e-06 2.99992982e+08 -7.06251985e+03 3.61494032e+03
-1.99494949e-05 8.83838384e-06 2.99993090e+08 -6.87172791e+03 4.87672338e+03
-1.94444444e-05 8.83838384e-06 2.99993501e+08 -6.29743858e+03 6.34807871e+03
-1.89393939e-05 8.83838384e-06 2.99994280e+08 -5.21259883e+03 7.99025950e+03
-1.84343434e-05 8.83838384e-06 2.99995468e+08 -3.48785685e+03 9.71855149e+03
-1.79292929e-05 8.83838384e-06 2.99997066e+08 -1.01521650e+03 1.13902478e+04
-1.74242424e-05 8.83838384e-06 2.99999010e+08 2.25704142e+03 1.28004685e+04
-1.69191919e-05 8.83838384e-06 3.00001152e+08 6.28197590e+03 1.36938316e+04
-1.64141414e-05 8.83838384e-06 3.00003258e+08 1.08749527e+04 1.37992664e+04
-1.59090909e-05 8.83838384e-06 3.00005034e+08 1.56958623e+04 1.28892480e+04
-1.54040404e-05 8.83838384e-06 3.00006185e+08 2.02723267e+04 1.08527102e+04
-1.48989899e-05 8.83838384e-06 3.00006483e+08 2.40740991e+04 7.75695801e+03
-1.43939394e-05 8.83838384e-06 3.00005851e+08 2.66269021e+04 3.86775497e+03
-1.38888889e-05 8.83838384e-06 3.00004384e+08 2.76292244e+04 -3.92113154e+02
-1.33838384e-05 8.83838384e-06 3.00002336e+08 2.70256922e+04 -4.53809449e+03
-1.28787879e-05 8.83838384e-06 3.00000039e+08 2.50069448e+04 -8.13742591e+03
-1.23737374e-05 8.83838384e-06 2.99997821e+08 2.19404821e+04 -1.08969651e+04
-1.18686869e-05 8.83838384e-06 2.99995928e+08 1.82667813e+04 -1.26977403e+04
-1.13636364e-05 8.83838384e-06 2.99994501e+08 1.44022420e+04 -1.35766543e+04
-1.08585859e-05 8.83838384e-06 2.99993573e+08 1.06761897e+04 -1.36763257e+04
-1.03535354e-05 8.83838384e-06 2.99993104e+08 7.30770342e+03 -1.31883755e+04
-9.84848485e-06 8.83838384e-06 2.99993011e+08 4.41273131e+03 -1.23076644e+04
-9.34343434e-06 8.83838384e-06 2.99993197e+08 2.02701488e+03 -1.12040055e+04
-8.83838384e-06 8.83838384e-06 2.99993571e+08 1.32739814e+02 -1.00099020e+04
-8.33333333e-06 8.83838384e-06 2.99994055e+08 -1.31818676e+03 -8.81941170e+03
-7.82828283e-06 8.83838384e-06 2.99994591e+08 -2.38694003e+03 -7.69306433e+03
-7.32323232e-06 8.83838384e-06 2.99995136e+08 -3.13665294e+03 -6.66505418e+03
-6.81818182e-06 8.83838384e-06 2.99995662e+08 -3.62614776e+03 -5.75045135e+03
-6.31313131e-06 8.83838384e-06 2.99996152e+08 -3.90705410e+03 -4.95136396e+03
-5.80808081e-06 8.83838384e-06 2.99996597e+08 -4.02304028e+03 -4.26172976e+03
-5.30303030e-06 8.83838384e-06 2.99996992e+08 -4.01021693e+03 -3.67080422e+03
-4.79797980e-06 8.83838384e-06 2.99997337e+08 -3.89808642e+03 -3.16556940e+03
-4.29292929e-06 8.83838384e-06 2.99997633e+08 -3.71065525e+03 -2.73231814e+03
-3.78787879e-06 8.83838384e-06 2.99997883e+08 -3.46749467e+03 -2.35764178e+03
-3.28282828e-06 8.83838384e-06 2.99998090e+08 -3.18464367e+03 -2.02900472e+03
-2.77777778e-06 8.83838384e-06 2.99998257e+08 -2.87531525e+03 -1.73504683e+03
-2.27272727e-06 8.83838384e-06 2.99998387e+08 -2.55040908e+03 -1.46571932e+03
-1.76767677e-06 8.83838384e-06 2.99998484e+08 -2.21886177e+03 -1.21233281e+03
-1.26262626e-06 8.83838384e-06 2.99998552e+08 -1.88788654e+03 -9.67571481e+02
-7.57575758e-07 8.83838384e-06 2.99998592e+08 -1.56316535e+03 -7.25501782e+02
-2.52525253e-07 8.83838384e-06 2.99998608e+08 -1.24905484e+03 -4.81574860e+02
2.52525253e-07 8.83838384e-06 2.99998603e+08 -9.48846599e+02 -2.32596824e+02
7.57575758e-07 8.83838384e-06 2.99998581e+08 -6.65086139e+02 2.33711587e+01
1.26262626e-06 8.83838384e-06 2.99998544e+08 -3.99915591e+02 2.87210262e+02
1.76767677e-06 8.83838384e-06 2.99998496e+08 -1.55382968e+02 5.59036055e+02
2.27272727e-06 8.83838384e-06 2.99998443e+08 6.63335014e+01 8.38547819e+02
2.77777778e-06 8.83838384e-06 2.99998388e+08 2.62807940e+02 1.12537723e+03
3.28282828e-06 8.83838384e-06 2.99998336e+08 4.31342731e+02 1.41938064e+03
3.78787879e-06 8.83838384e-06 2.99998291e+08 5.68999835e+02 1.72083827e+03
4.29292929e-06 8.83838384e-06 2.99998258e+08 6.72642994e+02 2.03054740e+03
4.79797980e-06 8.83838384e-06 2.99998241e+08 7.38953328e+02 2.34981428e+03
5.30303030e-06 8.83838384e-06 2.99998243e+08 7.64394174e+02 2.68035880e+03
5.80808081e-06 8.83838384e-06 2.99998270e+08 7.45115494e+02 3.02414765e+03
6.31313131e-06 8.83838384e-06 2.99998324e+08 6.76802038e+02 3.38316845e+03
6.81818182e-06 8.83838384e-06 2.99998410e+08 5.54482455e+02 3.75914974e+03
7.32323232e-06 8.83838384e-06 2.99998533e+08 3.72328295e+02 4.15322194e+03
7.82828283e-06 8.83838384e-06 2.99998697e+08 1.23482717e+02 4.56550314e+03
8.33333333e-06 8.83838384e-06 2.99998907e+08 -2.00030292e+02 4.99458487e+03
8.83838384e-06 8.83838384e-06 2.99999167e+08 -6.07251910e+02 5.43688919e+03
9.34343434e-06 8.83838384e-06 2.99999481e+08 -1.10800728e+03 5.88587422e+03
9.84848485e-06 8.83838384e-06 2.99999852e+08 -1.71229133e+03 6.33108409e+03
1.03535354e-05 8.83838384e-06 3.00000279e+08 -2.42919030e+03 6.75707874e+03
1.08585859e-05 8.83838384e-06 3.00000759e+08 -3.26518927e+03 7.14234552e+03
1.13636364e-05 8.83838384e-06 3.00001282e+08 -4.22172337e+03 7.45839701e+03
1.18686869e-05 8.83838384e-06 3.00001832e+08 -5.29189308e+03 7.66939855e+03
1.23737374e-05 8.83838384e-06 3.00002384e+08 -6.45642469e+03 7.73283008e+03
1.28787879e-05 8.83838384e-06 3.00002904e+08 -7.67925750e+03 7.60182279e+03
1.33838384e-05 8.83838384e-06 3.00003350e+08 -8.90360004e+03 7.22982496e+03
1.38888889e-05 8.83838384e-06 3.00003674e+08 -1.00498617e+04 6.57799980e+03
1.43939394e-05 8.83838384e-06 3.00003830e+08 -1.10173433e+04 5.62508835e+03
1.48989899e-05 8.83838384e-06 3.00003780e+08 -1.16916000e+04 4.37833829e+03
1.54040404e-05 8.83838384e-06 3.00003509e+08 -1.19585367e+04 2.88273180e+03
1.59090909e-05 8.83838384e-06 3.00003034e+08 -1.17243033e+04 1.22476205e+03
1.64141414e-05 8.83838384e-06 3.00002405e+08 -1.09372804e+04 -4.72719344e+02
1.69191919e-05 8.83838384e-06 3.00001704e+08 -9.60604166e+03 -2.06592560e+03
1.74242424e-05 8.83838384e-06 3.00001035e+08 -7.80674010e+03 -3.41352930e+03
1.79292929e-05 8.83838384e-06 3.00000498e+08 -5.67587866e+03 -4.40214315e+03
1.84343434e-05 8.83838384e-06 3.00000175e+08 -3.38922354e+03 -4.96648713e+03
1.89393939e-05 8.83838384e-06 3.00000109e+08 -1.13248777e+03 -5.09846272e+03
1.94444444e-05 8.83838384e-06 3.00000301e+08 9.28067408e+02 -4.84334895e+03
1.99494949e-05 8.83838384e-06 3.00000715e+08 2.66779374e+03 -4.28563431e+03
2.04545455e-05 8.83838384e-06 3.00001288e+08 4.01456460e+03 -3.52966855e+03
2.09595960e-05 8.83838384e-06 3.00001943e+08 4.94832914e+03 -2.68064280e+03
2.14646465e-05 8.83838384e-06 3.00002607e+08 5.49212862e+03 -1.82991846e+03
2.19696970e-05 8.83838384e-06 3.00003217e+08 5.69864026e+03 -1.04651161e+03
2.24747475e-05 8.83838384e-06 3.00003731e+08 5.63607598e+03 -3.74552180e+02
2.29797980e-05 8.83838384e-06 3.00004123e+08 5.37614279e+03 1.64718173e+02
2.34848485e-05 8.83838384e-06 3.00004384e+08 4.98540904e+03 5.68296557e+02
2.39898990e-05 8.83838384e-06 3.00004519e+08 4.52026428e+03 8.45843595e+02
2.44949495e-05 8.83838384e-06 3.00004541e+08 4.02491868e+03 1.01442349e+03
2.50000000e-05 8.83838384e-06 3.00004470e+08 3.53156719e+03 1.09424628e+03
-2.50000000e-05 9.34343434e-06 2.99996800e+08 -3.83283602e+03 -6.37736363e+02
-2.44949495e-05 9.34343434e-06 2.99996315e+08 -4.25178939e+03 -5.81868953e+02
-2.39898990e-05 9.34343434e-06 2.99995785e+08 -4.71428957e+03 -4.85757564e+02
-2.34848485e-05 9.34343434e-06 2.99995212e+08 -5.21915328e+03 -3.34448722e+02
-2.29797980e-05 9.34343434e-06 2.99994605e+08 -5.76133616e+03 -1.08674286e+02
-2.24747475e-05 9.34343434e-06 2.99993978e+08 -6.32978246e+03 2.15871137e+02
-2.19696970e-05 9.34343434e-06 2.99993355e+08 -6.90444300e+03 6.68997610e+02
-2.14646465e-05 9.34343434e-06 2.99992770e+08 -7.45230883e+03 1.28586922e+03
-2.09595960e-05 9.34343434e-06 2.99992271e+08 -7.92242925e+03 2.10564743e+03
-2.04545455e-05 9.34343434e-06 2.99991926e+08 -8.24017617e+03 3.16805659e+03
-1.99494949e-05 9.34343434e-06 2.99991816e+08 -8.30159037e+03 4.50671540e+03
-1.94444444e-05 9.34343434e-06 2.99992038e+08 -7.96961187e+03 6.13795221e+03
-1.89393939e-05 9.34343434e-06 2.99992695e+08 -7.07538850e+03 8.04417241e+03
-1.84343434e-05 9.34343434e-06 2.99993874e+08 -5.42944742e+03 1.01521826e+04
-1.79292929e-05 9.34343434e-06 2.99995620e+08 -2.84852387e+03 1.23097871e+04
-1.74242424e-05 9.34343434e-06 2.99997895e+08 7.97340317e+02 1.42686815e+04
-1.69191919e-05 9.34343434e-06 3.00000547e+08 5.51850027e+03 1.56871148e+04
-1.64141414e-05 9.34343434e-06 3.00003282e+08 1.11331480e+04 1.61684559e+04
-1.59090909e-05 9.34343434e-06 3.00005693e+08 1.72174100e+04 1.53456599e+04
-1.54040404e-05 9.34343434e-06 3.00007333e+08 2.31177996e+04 1.30016136e+04
-1.48989899e-05 9.34343434e-06 3.00007843e+08 2.80558640e+04 9.18530998e+03
-1.43939394e-05 9.34343434e-06 3.00007081e+08 3.13150036e+04 4.26302402e+03
-1.38888889e-05 9.34343434e-06 3.00005186e+08 3.24447714e+04 -1.14186013e+03
-1.33838384e-05 9.34343434e-06 3.00002544e+08 3.13896926e+04 -6.31164293e+03
-1.28787879e-05 9.34343434e-06 2.99999654e+08 2.84808444e+04 -1.06297873e+04
-1.23737374e-05 9.34343434e-06 2.99996980e+08 2.43030407e+04 -1.37214029e+04
-1.18686869e-05 9.34343434e-06 2.99994839e+08 1.95115826e+04 -1.54904922e+04
-1.13636364e-05 9.34343434e-06 2.99993370e+08 1.46789782e+04 -1.60661458e+04
-1.08585859e-05 9.34343434e-06 2.99992562e+08 1.02136483e+04 -1.57061170e+04
-1.03535354e-05 9.34343434e-06 2.99992313e+08 6.34805326e+03 -1.47048347e+04
-9.84848485e-06 9.34343434e-06 2.99992481e+08 3.16976368e+03 -1.33307318e+04
-9.34343434e-06 9.34343434e-06 2.99992926e+08 6.67557429e+02 -1.17960444e+04
-8.83838384e-06 9.34343434e-06 2.99993530e+08 -1.22567730e+03 -1.02506855e+04
-8.33333333e-06 9.34343434e-06 2.99994203e+08 -2.60091311e+03 -8.78951283e+03
-7.82828283e-06 9.34343434e-06 2.99994884e+08 -3.55260192e+03 -7.46468757e+03
-7.32323232e-06 9.34343434e-06 2.99995534e+08 -4.16761211e+03 -6.29821745e+03
-6.81818182e-06 9.34343434e-06 2.99996129e+08 -4.52048945e+03 -5.29246767e+03
-6.31313131e-06 9.34343434e-06 2.99996661e+08 -4.67249155e+03 -4.43805965e+03
-5.80808081e-06 9.34343434e-06 2.99997124e+08 -4.67258759e+03 -3.71937417e+03
-5.30303030e-06 9.34343434e-06 2.99997522e+08 -4.55928563e+03 -3.11815548e+03
-4.79797980e-06 9.34343434e-06 2.99997858e+08 -4.36263996e+03 -2.61573320e+03
-4.29292929e-06 9.34343434e-06 2.99998138e+08 -4.10610803e+03 -2.19429436e+03
-3.78787879e-06 9.34343434e-06 2.99998367e+08 -3.80811330e+03 -1.83753106e+03
-3.28282828e-06 9.34343434e-06 2.99998551e+08 -3.48327180e+03 -1.53089489e+03
-2.77777778e-06 9.34343434e-06 2.99998695e+08 -3.14329205e+03 -1.26161966e+03
-2.27272727e-06 9.34343434e-06 2.99998805e+08 -2.79758512e+03 -1.01862827e+03
-1.76767677e-06 9.34343434e-06 2.99998883e+08 -2.45364169e+03 -7.92409967e+02
-1.26262626e-06 9.34343434e-06 2.99998935e+08 -2.11725305e+03 -5.74931071e+02
-7.57575758e-07 9.34343434e-06 2.99998963e+08 -1.79267124e+03 -3.59611969e+02
-2.52525253e-07 9.34343434e-06 2.99998969e+08 -1.48280655e+03 -1.41361225e+02
2.52525253e-07 9.34343434e-06 2.99998958e+08 -1.18953228e+03 8.33880718e+01
7.57575758e-07 9.34343434e-06 2.99998931e+08 -9.14104949e+02 3.16721045e+02
1.26262626e-06 9.34343434e-06 2.99998893e+08 -6.57635233e+02 5.59428436e+02
1.76767677e-06 9.34343434e-06 2.99998847e+08 -4.21501702e+02 8.11346962e+02
2.27272727e-06 9.34343434e-06 2.99998797e+08 -2.07613564e+02 1.07179364e+03
2.77777778e-06 9.34343434e-06 2.99998747e+08 -1.84888834e+01 1.33999802e+03
3.28282828e-06 9.34343434e-06 2.99998704e+08 1.42818541e+02 1.61544568e+03
3.78787879e-06 9.34343434e-06 2.99998669e+08 2.72872962e+02 1.89808610e+03
4.29292929e-06 9.34343434e-06 2.99998649e+08 3.68019132e+02 2.18839830e+03
4.79797980e-06 9.34343434e-06 2.99998646e+08 4.24501185e+02 2.48733238e+03
5.30303030e-06 9.34343434e-06 2.99998665e+08 4.38509469e+02 2.79615344e+03
5.80808081e-06 9.34343434e-06 2.99998708e+08 4.06147468e+02 3.11621397e+03
6.31313131e-06 9.34343434e-06 2.99998778e+08 3.23328821e+02 3.44867651e+03
6.81818182e-06 9.34343434e-06 2.99998880e+08 1.85630884e+02 3.79420046e+03
7.32323232e-06 9.34343434e-06 2.99999016e+08 -1.18549012e+01 4.15259580e+03
7.82828283e-06 9.34343434e-06 2.99999189e+08 -2.74625722e+02 4.52243504e+03
8.33333333e-06 9.34343434e-06 2.99999403e+08 -6.08766893e+02 4.90060641e+03
8.83838384e-06 9.34343434e-06 2.99999660e+08 -1.02078683e+03 5.28179154e+03
9.34343434e-06 9.34343434e-06 2.99999961e+08 -1.51721977e+03 5.65786207e+03
9.84848485e-06 9.34343434e-06 3.00000306e+08 -2.10392083e+03 6.01721349e+03
1.03535354e-05 9.34343434e-06 3.00000693e+08 -2.78497245e+03 6.34409496e+03
1.08585859e-05 9.34343434e-06 3.00001114e+08 -3.56112834e+03 6.61805078e+03
1.13636364e-05 9.34343434e-06 3.00001558e+08 -4.42775377e+03 6.81366451e+03
1.18686869e-05 9.34343434e-06 3.00002009e+08 -5.37230150e+03 6.90088157e+03
1.23737374e-05 9.34343434e-06 3.00002444e+08 -6.37150930e+03 6.84626197e+03
1.28787879e-05 9.34343434e-06 3.00002832e+08 -7.38873148e+03 6.61553879e+03
1.33838384e-05 9.34343434e-06 3.00003141e+08 -8.37210582e+03 6.17776933e+03
1.38888889e-05 9.34343434e-06 3.00003336e+08 -9.25454041e+03 5.51108928e+03
1.43939394e-05 9.34343434e-06 3.00003384e+08 -9.95664008e+03 4.60957091e+03
1.48989899e-05 9.34343434e-06 3.00003267e+08 -1.03934788e+04 3.48998805e+03
1.54040404e-05 9.34343434e-06 3.00002979e+08 -1.04853812e+04 2.19660614e+03
1.59090909e-05 9.34343434e-06 3.00002540e+08 -1.01715893e+04 8.01810668e+02
1.64141414e-05 9.34343434e-06 3.00001994e+08 -9.42418236e+03 -5.99134885e+02
1.69191919e-05 9.34343434e-06 3.00001405e+08 -8.25853477e+03 -1.89947917e+03
1.74242424e-05 9.34343434e-06 3.00000850e+08 -6.73669670e+03 -2.99674483e+03
1.79292929e-05 9.34343434e-06 3.00000404e+08 -4.96168804e+03 -3.80924707e+03
1.84343434e-05 9.34343434e-06 3.00000125e+08 -3.06337831e+03 -4.28908018e+03
1.89393939e-05 9.34343434e-06 3.00000048e+08 -1.17926699e+03 -4.42822905e+03
1.94444444e-05 9.34343434e-06 3.00000178e+08 5.65087369e+02 -4.25664359e+03
1.99494949e-05 9.34343434e-06 3.00000492e+08 2.07154814e+03 -3.83353562e+03
2.04545455e-05 9.34343434e-06 3.00000944e+08 3.27805804e+03 -3.23482274e+03
2.09595960e-05 9.34343434e-06 3.00001480e+08 4.15995826e+03 -2.54008053e+03
2.14646465e-05 9.34343434e-06 3.00002043e+08 4.72530683e+03 -1.82171760e+03
2.19696970e-05 9.34343434e-06 3.00002583e+08 5.00653339e+03 -1.13787326e+03
2.24747475e-05 9.34343434e-06 3.00003060e+08 5.05088210e+03 -5.29297475e+02
2.29797980e-05 9.34343434e-06 3.00003449e+08 4.91158728e+03 -1.95664598e+01
2.34848485e-05 9.34343434e-06 3.00003737e+08 4.64094910e+03 3.82459802e+02
2.39898990e-05 9.34343434e-06 3.00003922e+08 4.28572439e+03 6.79076644e+02
2.44949495e-05 9.34343434e-06 3.00004010e+08 3.88469020e+03 8.79994368e+02
2.50000000e-05 9.34343434e-06 3.00004013e+08 3.46792705e+03 9.99023309e+02
-2.50000000e-05 9.84848485e-06 2.99997004e+08 -3.85379019e+03 -6.79134749e+02
-2.44949495e-05 9.84848485e-06 2.99996489e+08 -4.30256766e+03 -6.65038659e+02
-2.39898990e-05 9.84848485e-06 2.99995912e+08 -4.80761313e+03 -6.19829386e+02
-2.34848485e-05 9.84848485e-06 2.99995272e+08 -5.37196408e+03 -5.29146470e+02
-2.29797980e-05 9.84848485e-06 2.99994572e+08 -5.99581171e+03 -3.73547664e+02
-2.24747475e-05 9.84848485e-06 2.99993821e+08 -6.67433322e+03 -1.27185057e+02
-2.19696970e-05 9.84848485e-06 2.99993036e+08 -7.39444161e+03 2.43535347e+02
-2.14646465e-05 9.84848485e-06 2.99992248e+08 -8.13008660e+03 7.80988823e+02
-2.09595960e-05 9.84848485e-06 2.99991505e+08 -8.83575865e+03 1.53644218e+03
-2.04545455e-05 9.84848485e-06 2.99990878e+08 -9.43804162e+03 2.56816636e+03
-1.99494949e-05 9.84848485e-06 2.99990465e+08 -9.82561005e+03 3.93587288e+03
-1.94444444e-05 9.84848485e-06 2.99990392e+08 -9.83924049e+03 5.68915341e+03
-1.89393939e-05 9.84848485e-06 2.99990805e+08 -9.26549754e+03 7.84728860e+03
-1.84343434e-05 9.84848485e-06 2.99991858e+08 -7.84086708e+03 1.03686064e+04
-1.79292929e-05 9.84848485e-06 2.99993667e+08 -5.27662435e+03 1.31108347e+04
-1.74242424e-05 9.84848485e-06 2.99996261e+08 -1.31642723e+03 1.57911028e+04
-1.69191919e-05 9.84848485e-06 2.99999508e+08 4.16609038e+03 1.79655956e+04
-1.64141414e-05 9.84848485e-06 3.00003064e+08 1.10396947e+04 1.90601847e+04
-1.59090909e-05 9.84848485e-06 3.00006364e+08 1.87998382e+04 1.84829188e+04
-1.54040404e-05 9.84848485e-06 3.00008731e+08 2.65408696e+04 1.58204384e+04
-1.48989899e-05 9.84848485e-06 3.00009574e+08 3.30936970e+04 1.10586239e+04
-1.43939394e-05 9.84848485e-06 3.00008633e+08 3.73381839e+04 4.70682289e+03
-1.38888889e-05 9.84848485e-06 3.00006114e+08 3.85761566e+04 -2.28613894e+03
-1.33838384e-05 9.84848485e-06 3.00002627e+08 3.67694584e+04 -8.82235606e+03
-1.28787879e-05 9.84848485e-06 2.99998943e+08 3.25079823e+04 -1.40066148e+04
-1.23737374e-05 9.84848485e-06 2.99995725e+08 2.67441572e+04 -1.73750370e+04
-1.18686869e-05 9.84848485e-06 2.99993364e+08 2.04614818e+04 -1.89162031e+04
-1.13636364e-05 9.84848485e-06 2.99991961e+08 1.44357187e+04 -1.89359380e+04
-1.08585859e-05 9.84848485e-06 2.99991413e+08 9.14550721e+03 -1.78764980e+04
-1.03535354e-05 9.84848485e-06 2.99991514e+08 4.79884674e+03 -1.61739630e+04
-9.84848485e-06 9.84848485e-06 2.99992044e+08 1.41203718e+03 -1.41815520e+04
-9.34343434e-06 9.84848485e-06 2.99992814e+08 -1.10787767e+03 -1.21478341e+04
-8.83838384e-06 9.84848485e-06 2.99993684e+08 -2.90014576e+03 -1.02266681e+04
-8.33333333e-06 9.84848485e-06 2.99994557e+08 -4.11090359e+03 -8.49939102e+03
-7.82828283e-06 9.84848485e-06 2.99995377e+08 -4.87272715e+03 -6.99777683e+03
-7.32323232e-06 9.84848485e-06 2.99996115e+08 -5.29662615e+03 -5.72284516e+03
-6.81818182e-06 9.84848485e-06 2.99996758e+08 -5.47104744e+03 -4.65843734e+03
-6.31313131e-06 9.84848485e-06 2.99997307e+08 -5.46422310e+03 -3.78019702e+03
-5.80808081e-06 9.84848485e-06 2.99997768e+08 -5.32771160e+03 -3.06109270e+03
-5.30303030e-06 9.84848485e-06 2.99998148e+08 -5.10001495e+03 -2.47456489e+03
-4.79797980e-06 9.84848485e-06 2.99998457e+08 -4.80977468e+03 -1.99614262e+03
-4.29292929e-06 9.84848485e-06 2.99998704e+08 -4.47838322e+03 -1.60412194e+03
-3.78787879e-06 9.84848485e-06 2.99998899e+08 -4.12200615e+03 -1.27969498e+03
-3.28282828e-06 9.84848485e-06 2.99999050e+08 -3.75307335e+03 -1.00677416e+03
-2.77777778e-06 9.84848485e-06 2.99999162e+08 -3.38131144e+03 -7.71665285e+02
-2.27272727e-06 9.84848485e-06 2.99999243e+08 -3.01438901e+03 -5.62695378e+02
-1.76767677e-06 9.84848485e-06 2.99999296e+08 -2.65825079e+03 -3.69881575e+02
-1.26262626e-06 9.84848485e-06 2.99999327e+08 -2.31723830e+03 -1.84716394e+02
-7.57575758e-07 9.84848485e-06 2.99999337e+08 -1.99413156e+03 -1.19318493e-01
-2.52525253e-07 9.84848485e-06 2.99999331e+08 -1.69027026e+03 1.89454883e+02
2.52525253e-07 9.84848485e-06 2.99999309e+08 -1.40588441e+03 3.87845745e+02
7.57575758e-07 9.84848485e-06 2.99999276e+08 -1.14065974e+03 5.97112713e+02
1.26262626e-06 9.84848485e-06 2.99999233e+08 -8.94419847e+02 8.17696836e+02
1.76767677e-06 9.84848485e-06 2.99999185e+08 -6.67717119e+02 1.04884768e+03
2.27272727e-06 9.84848485e-06 2.99999135e+08 -4.62155964e+02 1.28920879e+03
2.77777778e-06 9.84848485e-06 2.99999089e+08 -2.80400728e+02 1.53738846e+03
3.28282828e-06 9.84848485e-06 2.99999051e+08 -1.25949006e+02 1.79237671e+03
3.78787879e-06 9.84848485e-06 2.99999025e+08 -2.80421671e+00 2.05375544e+03
4.29292929e-06 9.84848485e-06 2.99999015e+08 8.48394548e+01 2.32171831e+03
4.79797980e-06 9.84848485e-06 2.99999024e+08 1.32834117e+02 2.59694417e+03
5.30303030e-06 9.84848485e-06 2.99999055e+08 1.37209534e+02 2.88036701e+03
5.80808081e-06 9.84848485e-06 2.99999110e+08 9.41948032e+01 3.17287981e+03
6.31313131e-06 9.84848485e-06 2.99999193e+08 1.46148073e-01 3.47500482e+03
6.81818182e-06 9.84848485e-06 2.99999304e+08 -1.48582668e+02 3.78655576e+03
7.32323232e-06 9.84848485e-06 2.99999446e+08 -3.55773345e+02 4.10630376e+03
7.82828283e-06 9.84848485e-06 2.99999622e+08 -6.25417250e+02 4.43164289e+03
8.33333333e-06 9.84848485e-06 2.99999832e+08 -9.61669878e+02 4.75824072e+03
8.83838384e-06 9.84848485e-06 3.00000077e+08 -1.36863083e+03 5.07966084e+03
9.34343434e-06 9.84848485e-06 3.00000357e+08 -1.84990071e+03 5.38695812e+03
9.84848485e-06 9.84848485e-06 3.00000669e+08 -2.40787146e+03 5.66827474e+03
1.03535354e-05 9.84848485e-06 3.00001010e+08 -3.04271409e+03 5.90850072e+03
1.08585859e-05 9.84848485e-06 3.00001370e+08 -3.75104677e+03 6.08910832e+03
1.13636364e-05 9.84848485e-06 3.00001739e+08 -4.52430701e+03 6.18831736e+03
1.18686869e-05 9.84848485e-06 3.00002100e+08 -5.34692547e+03 6.18179297e+03
1.23737374e-05 9.84848485e-06 3.00002433e+08 -6.19451427e+03 6.04409668e+03
1.28787879e-05 9.84848485e-06 3.00002714e+08 -7.03243323e+03 5.75108160e+03
1.33838384e-05 9.84848485e-06 3.00002917e+08 -7.81526002e+03 5.28330404e+03
1.38888889e-05 9.84848485e-06 3.00003017e+08 -8.48780427e+03 4.63029029e+03
1.43939394e-05 9.84848485e-06 3.00002994e+08 -8.98828400e+03 3.79514820e+03
1.48989899e-05 9.84848485e-06 3.00002836e+08 -9.25402215e+03 2.79861024e+03
1.54040404e-05 9.84848485e-06 3.00002547e+08 -9.22946434e+03 1.68128245e+03
1.59090909e-05 9.84848485e-06 3.00002147e+08 -8.87552312e+03 5.02851533e+02
1.64141414e-05 9.84848485e-06 3.00001673e+08 -8.17844473e+03 -6.62553358e+02
1.69191919e-05 9.84848485e-06 3.00001175e+08 -7.15593404e+03 -1.73472040e+03
1.74242424e-05 9.84848485e-06 3.00000710e+08 -5.85850466e+03 -2.63813986e+03
1.79292929e-05 9.84848485e-06 3.00000334e+08 -4.36504736e+03 -3.31295151e+03
1.84343434e-05 9.84848485e-06 3.00000093e+08 -2.77315314e+03 -3.72349537e+03
1.89393939e-05 9.84848485e-06 3.00000012e+08 -1.18620992e+03 -3.86247768e+03
1.94444444e-05 9.84848485e-06 3.00000098e+08 2.99875061e+02 -3.75000078e+03
1.99494949e-05 9.84848485e-06 3.00000335e+08 1.60758076e+03 -3.42810496e+03
2.04545455e-05 9.84848485e-06 3.00000693e+08 2.68446629e+03 -2.95250874e+03
2.09595960e-05 9.84848485e-06 3.00001132e+08 3.50508912e+03 -2.38361516e+03
2.14646465e-05 9.84848485e-06 3.00001607e+08 4.06874477e+03 -1.77859328e+03
2.19696970e-05 9.84848485e-06 3.00002078e+08 4.39435794e+03 -1.18568586e+03
2.24747475e-05 9.84848485e-06 3.00002511e+08 4.51407246e+03 -6.41135429e+02
2.29797980e-05 9.84848485e-06 3.00002883e+08 4.46689274e+03 -1.68498617e+02
2.34848485e-05 9.84848485e-06 3.00003178e+08 4.29330472e+03 2.20255354e+02
2.39898990e-05 9.84848485e-06 3.00003390e+08 4.03133311e+03 5.22586244e+02
2.44949495e-05 9.84848485e-06 3.00003522e+08 3.71409732e+03 7.42820389e+02
2.50000000e-05 9.84848485e-06 3.00003578e+08 3.36866882e+03 8.89670667e+02
-2.50000000e-05 1.03535354e-05 2.99997318e+08 -3.83835968e+03 -6.70681765e+02
-2.44949495e-05 1.03535354e-05 2.99996789e+08 -4.30743963e+03 -6.96251203e+02
-2.39898990e-05 1.03535354e-05 2.99996184e+08 -4.84417944e+03 -7.01873423e+02
-2.34848485e-05 1.03535354e-05 2.99995495e+08 -5.45620787e+03 -6.74959734e+02
-2.29797980e-05 1.03535354e-05 2.99994718e+08 -6.14979174e+03 -5.97465659e+02
-2.24747475e-05 1.03535354e-05 2.99993854e+08 -6.92792749e+03 -4.43987491e+02
-2.19696970e-05 1.03535354e-05 2.99992912e+08 -7.78719546e+03 -1.79470278e+02
-2.14646465e-05 1.03535354e-05 2.99991911e+08 -8.71277772e+03 2.43294149e+02
-2.09595960e-05 1.03535354e-05 2.99990894e+08 -9.67088381e+03 8.85882169e+02
-2.04545455e-05 1.03535354e-05 2.99989928e+08 -1.05977829e+04 1.82509158e+03
-1.99494949e-05 1.03535354e-05 2.99989119e+08 -1.13849314e+04 3.15041217e+03
-1.94444444e-05 1.03535354e-05 2.99988617e+08 -1.18607460e+04 4.95473793e+03
-1.89393939e-05 1.03535354e-05 2.99988619e+08 -1.17720863e+04 7.31340902e+03
-1.84343434e-05 1.03535354e-05 2.99989358e+08 -1.07733223e+04 1.02458464e+04
-1.79292929e-05 1.03535354e-05 2.99991065e+08 -8.43828970e+03 1.36560636e+04
-1.74242424e-05 1.03535354e-05 2.99993890e+08 -4.31869255e+03 1.72569307e+04
-1.69191919e-05 1.03535354e-05 2.99997790e+08 1.92529461e+03 2.05022943e+04
-1.64141414e-05 1.03535354e-05 3.00002397e+08 1.03146291e+04 2.25799026e+04
-1.59090909e-05 1.03535354e-05 3.00006957e+08 2.03086942e+04 2.25394265e+04
-1.54040404e-05 1.03535354e-05 3.00010430e+08 3.06646528e+04 1.96025420e+04
-1.48989899e-05 1.03535354e-05 3.00011818e+08 3.95865298e+04 1.35853461e+04
-1.43939394e-05 1.03535354e-05 3.00010630e+08 4.52532482e+04 5.19696915e+03
-1.38888889e-05 1.03535354e-05 3.00007174e+08 4.65333288e+04 -4.06326918e+03
-1.33838384e-05 1.03535354e-05 3.00002457e+08 4.34525423e+04 -1.24503648e+04
-1.28787879e-05 1.03535354e-05 2.99997708e+08 3.70964388e+04 -1.86405809e+04
-1.23737374e-05 1.03535354e-05 2.99993879e+08 2.90541338e+04 -2.21068582e+04
-1.18686869e-05 1.03535354e-05 2.99991408e+08 2.08049858e+04 -2.30607568e+04
-1.13636364e-05 1.03535354e-05 2.99990276e+08 1.33633501e+04 -2.21344477e+04
-1.08585859e-05 1.03535354e-05 2.99990200e+08 7.22617705e+03 -2.00528727e+04
-1.03535354e-05 1.03535354e-05 2.99990823e+08 2.49727334e+03 -1.74308914e+04
-9.84848485e-06 1.03535354e-05 2.99991828e+08 -9.47779986e+02 -1.47017347e+04
-9.34343434e-06 1.03535354e-05 2.99992981e+08 -3.32960681e+03 -1.21267409e+04
-8.83838384e-06 1.03535354e-05 2.99994130e+08 -4.88361119e+03 -9.83716648e+03
-8.33333333e-06 1.03535354e-05 2.99995191e+08 -5.81992116e+03 -7.87879330e+03
-7.82828283e-06 1.03535354e-05 2.99996122e+08 -6.30943803e+03 -6.24747194e+03
-7.32323232e-06 1.03535354e-05 2.99996914e+08 -6.48355209e+03 -4.91352877e+03
-6.81818182e-06 1.03535354e-05 2.99997571e+08 -6.43964525e+03 -3.83690433e+03
-6.31313131e-06 1.03535354e-05 2.99998105e+08 -6.24814044e+03 -2.97574687e+03
-5.80808081e-06 1.03535354e-05 2.99998532e+08 -5.95914595e+03 -2.29081781e+03
-5.30303030e-06 1.03535354e-05 2.99998869e+08 -5.60798939e+03 -1.74740612e+03
-4.79797980e-06 1.03535354e-05 2.99999130e+08 -5.21953298e+03 -1.31585487e+03
-4.29292929e-06 1.03535354e-05 2.99999328e+08 -4.81140437e+03 -9.71367199e+02
-3.78787879e-06 1.03535354e-05 2.99999475e+08 -4.39634152e+03 -6.93469427e+02
-3.28282828e-06 1.03535354e-05 2.99999579e+08 -3.98383549e+03 -4.65332751e+02
-2.77777778e-06 1.03535354e-05 2.99999650e+08 -3.58121030e+03 -2.73058408e+02
-2.27272727e-06 1.03535354e-05 2.99999694e+08 -3.19423463e+03 -1.04994416e+02
-1.76767677e-06 1.03535354e-05 2.99999715e+08 -2.82733868e+03 4.88425655e+01
-1.26262626e-06 1.03535354e-05 2.99999720e+08 -2.48353352e+03 1.97142665e+02
-7.57575758e-07 1.03535354e-05 2.99999709e+08 -2.16420484e+03 3.47378109e+02
-2.52525253e-07 1.03535354e-05 2.99999686e+08 -1.86903889e+03 5.05556673e+02
2.52525253e-07 1.03535354e-05 2.99999652e+08 -1.59633844e+03 6.75793039e+02
7.57575758e-07 1.03535354e-05 2.99999608e+08 -1.34381427e+03 8.59996203e+02
1.26262626e-06 1.03535354e-05 2.99999558e+08 -1.10964215e+03 1.05796977e+03
1.76767677e-06 1.03535354e-05 2.99999506e+08 -8.93369164e+02 1.26799966e+03
2.27272727e-06 1.03535354e-05 2.99999454e+08 -6.96325720e+02 1.48771415e+03
2.77777778e-06 1.03535354e-05 2.99999409e+08 -5.21488729e+02 1.71487990e+03
3.28282828e-06 1.03535354e-05 2.99999375e+08 -3.72996685e+02 1.94790751e+03
3.78787879e-06 1.03535354e-05 2.99999355e+08 -2.55574548e+02 2.18603327e+03
4.29292929e-06 1.03535354e-05 2.99999353e+08 -1.74034449e+02 2.42925701e+03
4.79797980e-06 1.03535354e-05 2.99999371e+08 -1.32913459e+02 2.67812413e+03
5.30303030e-06 1.03535354e-05 2.99999412e+08 -1.36260589e+02 2.93340781e+03
5.80808081e-06 1.03535354e-05 2.99999477e+08 -1.87572461e+02 3.19573327e+03
6.31313131e-06 1.03535354e-05 2.99999567e+08 -2.89860576e+02 3.46518871e+03
6.81818182e-06 1.03535354e-05 2.99999683e+08 -4.45802889e+02 3.74096619e+03
7.32323232e-06 1.03535354e-05 2.99999827e+08 -6.57905417e+02 4.02105537e+03
7.82828283e-06 1.03535354e-05 2.99999998e+08 -9.28592725e+02 4.30198662e+03
8.33333333e-06 1.03535354e-05 3.00000198e+08 -1.26015960e+03 4.57860183e+03
8.83838384e-06 1.03535354e-05 3.00000425e+08 -1.65453830e+03 4.84383270e+03
9.34343434e-06 1.03535354e-05 3.00000679e+08 -2.11285548e+03 5.08848495e+03
9.84848485e-06 1.03535354e-05 3.00000955e+08 -2.63476705e+03 5.30105560e+03
1.03535354e-05 1.03535354e-05 3.00001248e+08 -3.21757218e+03 5.46764405e+03
1.08585859e-05 1.03535354e-05 3.00001549e+08 -3.85512858e+03 5.57205005e+03
1.13636364e-05 1.03535354e-05 3.00001849e+08 -4.53662746e+03 5.59617935e+03
1.18686869e-05 1.03535354e-05 3.00002131e+08 -5.24534480e+03 5.52089280e+03
1.23737374e-05 1.03535354e-05 3.00002379e+08 -5.95756577e+03 5.32742427e+03
1.28787879e-05 1.03535354e-05 3.00002574e+08 -6.64196994e+03 4.99944054e+03
1.33838384e-05 1.03535354e-05 3.00002695e+08 -7.25984393e+03 4.52570609e+03
1.38888889e-05 1.03535354e-05 3.00002727e+08 -7.76651269e+03 3.90313968e+03
1.43939394e-05 1.03535354e-05 3.00002655e+08 -8.11429982e+03 3.13982639e+03
1.48989899e-05 1.03535354e-05 3.00002476e+08 -8.25709701e+03 2.25733009e+03
1.54040404e-05 1.03535354e-05 3.00002196e+08 -8.15623472e+03 1.29152989e+03
1.59090909e-05 1.03535354e-05 3.00001834e+08 -7.78686609e+03 2.91282778e+02
1.64141414e-05 1.03535354e-05 3.00001421e+08 -7.14364959e+03 -6.85434937e+02
1.69191919e-05 1.03535354e-05 3.00000995e+08 -6.24433919e+03 -1.57766270e+03
1.74242424e-05 1.03535354e-05 3.00000602e+08 -5.13012148e+03 -2.32894374e+03
1.79292929e-05 1.03535354e-05 3.00000283e+08 -3.86219644e+03 -2.89472488e+03
1.84343434e-05 1.03535354e-05 3.00000072e+08 -2.51501068e+03 -3.24810094e+03
1.89393939e-05 1.03535354e-05 2.99999991e+08 -1.16740901e+03 -3.38269189e+03
1.94444444e-05 1.03535354e-05 3.00000045e+08 1.06535715e+02 -3.31216506e+03
1.99494949e-05 1.03535354e-05 3.00000225e+08 1.24528320e+03 -3.06674420e+03
2.04545455e-05 1.03535354e-05 3.00000510e+08 2.20494034e+03 -2.68769892e+03
2.09595960e-05 1.03535354e-05 3.00000868e+08 2.96123770e+03 -2.22110077e+03
2.14646465e-05 1.03535354e-05 3.00001268e+08 3.50860343e+03 -1.71204754e+03
2.19696970e-05 1.03535354e-05 3.00001676e+08 3.85708392e+03 -1.20020372e+03
2.24747475e-05 1.03535354e-05 3.00002064e+08 4.02807955e+03 -7.17047315e+02
2.29797980e-05 1.03535354e-05 3.00002410e+08 4.04981700e+03 -2.84796879e+02
2.34848485e-05 1.03535354e-05 3.00002699e+08 3.95325970e+03 8.32935976e+01
2.39898990e-05 1.03535354e-05 3.00002924e+08 3.76887214e+03 3.81717677e+02
2.44949495e-05 1.03535354e-05 3.00003081e+08 3.52438563e+03 6.11026408e+02
2.50000000e-05 1.03535354e-05 3.00003175e+08 3.24351400e+03 7.76034533e+02
-2.50000000e-05 1.08585859e-05 2.99997748e+08 -3.79112996e+03 -6.00213108e+02
-2.44949495e-05 1.08585859e-05 2.99997228e+08 -4.26982617e+03 -6.59314308e+02
-2.39898990e-05 1.08585859e-05 2.99996618e+08 -4.82525317e+03 -7.10779711e+02
-2.34848485e-05 1.08585859e-05 2.99995907e+08 -5.46957235e+03 -7.44974212e+02
-2.29797980e-05 1.08585859e-05 2.99995081e+08 -6.21543602e+03 -7.46994605e+02
-2.24747475e-05 1.08585859e-05 2.99994131e+08 -7.07465579e+03 -6.94339924e+02
-2.19696970e-05 1.08585859e-05 2.99993052e+08 -8.05565383e+03 -5.53777295e+02
-2.14646465e-05 1.08585859e-05 2.99991850e+08 -9.15890888e+03 -2.77329598e+02
-2.09595960e-05 1.08585859e-05 2.99990550e+08 -1.03692294e+04 2.02447115e+02
-2.04545455e-05 1.08585859e-05 2.99989205e+08 -1.16432580e+04 9.77162353e+02
-1.99494949e-05 1.08585859e-05 2.99987913e+08 -1.28903260e+04 2.16538606e+03
-1.94444444e-05 1.08585859e-05 2.99986836e+08 -1.39451336e+04 3.90960539e+03
-1.89393939e-05 1.08585859e-05 2.99986212e+08 -1.45328096e+04 6.36021734e+03
-1.84343434e-05 1.08585859e-05 2.99986366e+08 -1.42325988e+04 9.63551555e+03
-1.79292929e-05 1.08585859e-05 2.99987680e+08 -1.24582556e+04 1.37442864e+04
-1.74242424e-05 1.08585859e-05 2.99990511e+08 -8.49241935e+03 1.84630448e+04
-1.69191919e-05 1.08585859e-05 2.99995018e+08 -1.63302388e+03 2.31845958e+04
-1.64141414e-05 1.08585859e-05 3.00000919e+08 8.49149150e+03 2.68104822e+04
-1.59090909e-05 1.08585859e-05 3.00007268e+08 2.14536125e+04 2.78368892e+04
-1.54040404e-05 1.08585859e-05 3.00012471e+08 3.56066276e+04 2.48056090e+04
-1.48989899e-05 1.08585859e-05 3.00014795e+08 4.81359590e+04 1.71097351e+04
-1.43939394e-05 1.08585859e-05 3.00013260e+08 5.59431092e+04 5.71796647e+03
-1.38888889e-05 1.08585859e-05 3.00008344e+08 5.70907183e+04 -6.89223345e+03
-1.33838384e-05 1.08585859e-05 3.00001793e+08 5.17917799e+04 -1.78170426e+04
-1.28787879e-05 1.08585859e-05 2.99995634e+08 4.21253439e+04 -2.50719406e+04
-1.23737374e-05 1.08585859e-05 2.99991214e+08 3.08062028e+04 -2.81987690e+04
-1.18686869e-05 1.08585859e-05 2.99988910e+08 2.00336613e+04 -2.79330698e+04
-1.13636364e-05 1.08585859e-05 2.99988400e+08 1.10299190e+04 -2.54848276e+04
-1.08585859e-05 1.08585859e-05 2.99989096e+08 4.16355841e+03 -2.19794379e+04
-1.03535354e-05 1.08585859e-05 2.99990440e+08 -7.12570341e+02 -1.82201629e+04
-9.84848485e-06 1.08585859e-05 2.99992018e+08 -3.96271857e+03 -1.46780317e+04
-9.34343434e-06 1.08585859e-05 2.99993577e+08 -5.98543691e+03 -1.15748696e+04
-8.83838384e-06 1.08585859e-05 2.99994983e+08 -7.12918785e+03 -8.97645600e+03
-8.33333333e-06 1.08585859e-05 2.99996183e+08 -7.66720133e+03 -6.86418654e+03
-7.82828283e-06 1.08585859e-05 2.99997169e+08 -7.80054450e+03 -5.18122886e+03
-7.32323232e-06 1.08585859e-05 2.99997959e+08 -7.67127677e+03 -3.85886526e+03
-6.81818182e-06 1.08585859e-05 2.99998578e+08 -7.37699102e+03 -2.82992473e+03
-6.31313131e-06 1.08585859e-05 2.99999054e+08 -6.98336872e+03 -2.03466114e+03
-5.80808081e-06 1.08585859e-05 2.99999413e+08 -6.53392796e+03 -1.42257858e+03
-5.30303030e-06 1.08585859e-05 2.99999678e+08 -6.05717667e+03 -9.52277085e+02
-4.79797980e-06 1.08585859e-05 2.99999867e+08 -5.57169352e+03 -5.90456945e+02
-4.29292929e-06 1.08585859e-05 2.99999998e+08 -5.08966734e+03 -3.10659803e+02
-3.78787879e-06 1.08585859e-05 3.00000081e+08 -4.61932848e+03 -9.20063601e+01
-3.28282828e-06 1.08585859e-05 3.00000129e+08 -4.16658413e+03 8.19802222e+01
-2.77777778e-06 1.08585859e-05 3.00000148e+08 -3.73605279e+03 2.24456656e+02
-2.27272727e-06 1.08585859e-05 3.00000147e+08 -3.33159120e+03 3.46253531e+02
-1.76767677e-06 1.08585859e-05 3.00000131e+08 -2.95634256e+03 4.56742057e+02
-1.26262626e-06 1.08585859e-05 3.00000104e+08 -2.61234780e+03 5.64443858e+02
-7.57575758e-07 1.08585859e-05 3.00000069e+08 -2.29989878e+03 6.77178062e+02
-2.52525253e-07 1.08585859e-05 3.00000026e+08 -2.01704246e+03 8.01603068e+02
2.52525253e-07 1.08585859e-05 2.99999977e+08 -1.75977264e+03 9.42309181e+02
7.57575758e-07 1.08585859e-05 2.99999922e+08 -1.52318878e+03 1.10101856e+03
1.26262626e-06 1.08585859e-05 2.99999862e+08 -1.30325973e+03 1.27654470e+03
1.76767677e-06 1.08585859e-05 2.99999803e+08 -1.09831850e+03 1.46570029e+03
2.27272727e-06 1.08585859e-05 2.99999748e+08 -9.09582796e+02 1.66467816e+03
2.77777778e-06 1.08585859e-05 2.99999702e+08 -7.40689616e+02 1.87020593e+03
3.28282828e-06 1.08585859e-05 2.99999670e+08 -5.96755319e+02 2.08011420e+03
3.78787879e-06 1.08585859e-05 2.99999655e+08 -4.83460315e+02 2.29339949e+03
4.29292929e-06 1.08585859e-05 2.99999660e+08 -4.06359548e+02 2.51001904e+03
4.79797980e-06 1.08585859e-05 2.99999687e+08 -3.70409716e+02 2.73056495e+03
5.30303030e-06 1.08585859e-05 2.99999736e+08 -3.79679753e+02 2.95585508e+03
5.80808081e-06 1.08585859e-05 2.99999808e+08 -4.37252503e+02 3.18646361e+03
6.31313131e-06 1.08585859e-05 2.99999902e+08 -5.45318759e+02 3.42225445e+03
6.81818182e-06 1.08585859e-05 3.00000020e+08 -7.05405039e+02 3.66199553e+03
7.32323232e-06 1.08585859e-05 3.00000161e+08 -9.18623321e+02 3.90309587e+03
7.82828283e-06 1.08585859e-05 3.00000324e+08 -1.18582650e+03 4.14145332e+03
8.33333333e-06 1.08585859e-05 3.00000509e+08 -1.50759059e+03 4.37136848e+03
8.83838384e-06 1.08585859e-05 3.00000715e+08 -1.88399216e+03 4.58548428e+03
9.34343434e-06 1.08585859e-05 3.00000939e+08 -2.31418445e+03 4.77473904e+03
9.84848485e-06 1.08585859e-05 3.00001177e+08 -2.79579334e+03 4.92835666e+03
1.03535354e-05 1.08585859e-05 3.00001423e+08 -3.32416511e+03 5.03392906e+03
1.08585859e-05 1.08585859e-05 3.00001670e+08 -3.89151198e+03 5.07766881e+03
1.13636364e-05 1.08585859e-05 3.00001907e+08 -4.48602738e+03 5.04492137e+03
1.18686869e-05 1.08585859e-05 3.00002121e+08 -5.09108268e+03 4.92102291e+03
1.23737374e-05 1.08585859e-05 3.00002298e+08 -5.68466765e+03 4.69256506e+03
1.28787879e-05 1.08585859e-05 3.00002424e+08 -6.23928609e+03 4.34907273e+03
1.33838384e-05 1.08585859e-05 3.00002485e+08 -6.72254728e+03 3.88501109e+03
1.38888889e-05 1.08585859e-05 3.00002467e+08 -7.09867671e+03 3.30191511e+03
1.43939394e-05 1.08585859e-05 3.00002364e+08 -7.33107863e+03 2.61029917e+03
1.48989899e-05 1.08585859e-05 3.00002175e+08 -7.38590223e+03 1.83089451e+03
1.54040404e-05 1.08585859e-05 3.00001909e+08 -7.23630460e+03 9.94731807e+02
1.59090909e-05 1.08585859e-05 3.00001583e+08 -6.86681885e+03 1.41688632e+02
1.64141414e-05 1.08585859e-05 3.00001220e+08 -6.27701543e+03 -6.82622023e+02
1.69191919e-05 1.08585859e-05 3.00000854e+08 -5.48359474e+03 -1.43136881e+03
1.74242424e-05 1.08585859e-05 3.00000518e+08 -4.52023954e+03 -2.06177324e+03
1.79292929e-05 1.08585859e-05 3.00000245e+08 -3.43498037e+03 -2.54020139e+03
1.84343434e-05 1.08585859e-05 3.00000060e+08 -2.28537917e+03 -2.84609428e+03
1.89393939e-05 1.08585859e-05 2.99999980e+08 -1.13234487e+03 -2.97398141e+03
1.94444444e-05 1.08585859e-05 3.00000012e+08 -3.36935612e+01 -2.93325820e+03
1.99494949e-05 1.08585859e-05 3.00000148e+08 9.61434668e+02 -2.74591174e+03
2.04545455e-05 1.08585859e-05 3.00000374e+08 1.81646730e+03 -2.44279222e+03
2.09595960e-05 1.08585859e-05 3.00000668e+08 2.50920606e+03 -2.05924077e+03
2.14646465e-05 1.08585859e-05 3.00001003e+08 3.03161342e+03 -1.63087315e+03
2.19696970e-05 1.08585859e-05 3.00001355e+08 3.38799635e+03 -1.19013103e+03
2.24747475e-05 1.08585859e-05 3.00001698e+08 3.59218985e+03 -7.63937967e+02
2.29797980e-05 1.08585859e-05 3.00002015e+08 3.66436017e+03 -3.72524016e+02
2.34848485e-05 1.08585859e-05 3.00002291e+08 3.62794179e+03 -2.92736936e+01
2.39898990e-05 1.08585859e-05 3.00002517e+08 3.50705372e+03 2.58667498e+02
2.44949495e-05 1.08585859e-05 3.00002689e+08 3.32456499e+03 4.89326437e+02
2.50000000e-05 1.08585859e-05 3.00002807e+08 3.10083285e+03 6.64645038e+02
-2.50000000e-05 1.13636364e-05 2.99998294e+08 -3.72043698e+03 -4.57635937e+02
-2.44949495e-05 1.13636364e-05 2.99997809e+08 -4.19794016e+03 -5.39721100e+02
-2.39898990e-05 1.13636364e-05 2.99997226e+08 -4.75807998e+03 -6.26284802e+02
-2.34848485e-05 1.13636364e-05 2.99996527e+08 -5.41697586e+03 -7.11592142e+02
-2.29797980e-05 1.13636364e-05 2.99995692e+08 -6.19325083e+03 -7.85481304e+02
-2.24747475e-05 1.13636364e-05 2.99994700e+08 -7.10756619e+03 -8.30903350e+02
-2.19696970e-05 1.13636364e-05 2.99993530e+08 -8.18119265e+03 -8.20299418e+02
-2.14646465e-05 1.13636364e-05 2.99992168e+08 -9.43276700e+03 -7.10416905e+02
-2.09595960e-05 1.13636364e-05 2.99990611e+08 -1.08717957e+04 -4.35209676e+02
-2.04545455e-05 1.13636364e-05 2.99988883e+08 -1.24865911e+04 1.03204394e+02
-1.99494949e-05 1.13636364e-05 2.99987055e+08 -1.42231843e+04 1.04457082e+03
-1.94444444e-05 1.13636364e-05 2.99985269e+08 -1.59506760e+04 2.57824354e+03
-1.89393939e-05 1.13636364e-05 2.99983780e+08 -1.74085837e+04 4.94074083e+03
-1.84343434e-05 1.13636364e-05 2.99982987e+08 -1.81358194e+04 8.38724769e+03
-1.79292929e-05 1.13636364e-05 2.99983447e+08 -1.73945708e+04 1.31104791e+04
-1.74242424e-05 1.13636364e-05 2.99985820e+08 -1.41338726e+04 1.90730419e+04
-1.69191919e-05 1.13636364e-05 2.99990659e+08 -7.09206673e+03 2.57351851e+04
-1.64141414e-05 1.13636364e-05 2.99998009e+08 4.80573170e+03 3.17382104e+04
-1.59090909e-05 1.13636364e-05 3.00006859e+08 2.16317623e+04 3.47838727e+04
-1.54040404e-05 1.13636364e-05 3.00014839e+08 4.14080908e+04 3.21605828e+04
-1.48989899e-05 1.13636364e-05 3.00018845e+08 5.96752765e+04 2.22318657e+04
-1.43939394e-05 1.13636364e-05 3.00016828e+08 7.08776876e+04 6.22259001e+03
-1.38888889e-05 1.13636364e-05 3.00009528e+08 7.14604281e+04 -1.15468592e+04
-1.33838384e-05 1.13636364e-05 3.00000172e+08 6.21605167e+04 -2.59657152e+04
-1.28787879e-05 1.13636364e-05 2.99992225e+08 4.71580781e+04 -3.40596158e+04
-1.23737374e-05 1.13636364e-05 2.99987482e+08 3.11795319e+04 -3.58868498e+04
-1.18686869e-05 1.13636364e-05 2.99985920e+08 1.73562719e+04 -3.33391760e+04
-1.13636364e-05 1.13636364e-05 2.99986588e+08 6.87974096e+03 -2.85823833e+04
-1.08585859e-05 1.13636364e-05 2.99988433e+08 -3.38112817e+02 -2.32244406e+04
-1.03535354e-05 1.13636364e-05 2.99990677e+08 -4.92843910e+03 -1.81816348e+04
-9.84848485e-06 1.13636364e-05 2.99992865e+08 -7.60980329e+03 -1.38519834e+04
-9.34343434e-06 1.13636364e-05 2.99994781e+08 -8.99312507e+03 -1.03281066e+04
-8.83838384e-06 1.13636364e-05 2.99996356e+08 -9.53492268e+03 -7.55358862e+03
-8.33333333e-06 1.13636364e-05 2.99997599e+08 -9.55280659e+03 -5.41546054e+03
-7.82828283e-06 1.13636364e-05 2.99998550e+08 -9.25807725e+03 -3.79136962e+03
-7.32323232e-06 1.13636364e-05 2.99999259e+08 -8.78696100e+03 -2.57017771e+03
-6.81818182e-06 1.13636364e-05 2.99999776e+08 -8.22507694e+03 -1.65875583e+03
-6.31313131e-06 1.13636364e-05 3.00000143e+08 -7.62494331e+03 -9.82366219e+02
-5.80808081e-06 1.13636364e-05 3.00000393e+08 -7.01791550e+03 -4.82501343e+02
-5.30303030e-06 1.13636364e-05 3.00000556e+08 -6.42210985e+03 -1.14039357e+02
-4.79797980e-06 1.13636364e-05 3.00000651e+08 -5.84758799e+03 1.57482175e+02
-4.29292929e-06 1.13636364e-05 3.00000696e+08 -5.29973231e+03 3.58196555e+02
-3.78787879e-06 1.13636364e-05 3.00000704e+08 -4.78145049e+03 5.07811950e+02
-3.28282828e-06 1.13636364e-05 3.00000684e+08 -4.29461964e+03 6.21171097e+02
-2.77777778e-06 1.13636364e-05 3.00000644e+08 -3.84099809e+03 7.09593784e+02
-2.27272727e-06 1.13636364e-05 3.00000592e+08 -3.42267066e+03 7.82123974e+02
-1.76767677e-06 1.13636364e-05 3.00000533e+08 -3.04195367e+03 8.46724323e+02
-1.26262626e-06 1.13636364e-05 3.00000471e+08 -2.70063564e+03 9.11271990e+02
-7.57575758e-07 1.13636364e-05 3.00000407e+08 -2.39861948e+03 9.83951714e+02
-2.52525253e-07 1.13636364e-05 3.00000343e+08 -2.13255353e+03 1.07256421e+03
2.52525253e-07 1.13636364e-05 3.00000277e+08 -1.89558315e+03 1.18275840e+03
7.57575758e-07 1.13636364e-05 3.00000208e+08 -1.67909991e+03 1.31620291e+03
1.26262626e-06 1.13636364e-05 3.00000137e+08 -1.47592169e+03 1.47021321e+03
1.76767677e-06 1.13636364e-05 3.00000069e+08 -1.28294593e+03 1.63934996e+03
2.27272727e-06 1.13636364e-05 3.00000010e+08 -1.10172457e+03 1.81784476e+03
2.77777778e-06 1.13636364e-05 2.99999963e+08 -9.37204363e+02 2.00129669e+03
3.28282828e-06 1.13636364e-05 2.99999933e+08 -7.95967766e+02 2.18713080e+03
3.78787879e-06 1.13636364e-05 2.99999924e+08 -6.84915696e+02 2.37432065e+03
4.29292929e-06 1.13636364e-05 2.99999936e+08 -6.10478247e+02 2.56296509e+03
4.79797980e-06 1.13636364e-05 2.99999970e+08 -5.78087913e+02 2.75389090e+03
5.30303030e-06 1.13636364e-05 3.00000027e+08 -5.91798179e+02 2.94818393e+03
5.80808081e-06 1.13636364e-05 3.00000104e+08 -6.54132538e+02 3.14660220e+03
6.31313131e-06 1.13636364e-05 3.00000202e+08 -7.66241400e+02 3.34898485e+03
6.81818182e-06 1.13636364e-05 3.00000318e+08 -9.28289391e+02 3.55382052e+03
7.32323232e-06 1.13636364e-05 3.00000453e+08 -1.13987826e+03 3.75805050e+03
7.82828283e-06 1.13636364e-05 3.00000604e+08 -1.40032004e+03 3.95706357e+03
8.33333333e-06 1.13636364e-05 3.00000772e+08 -1.70866671e+03 4.14478504e+03
8.83838384e-06 1.13636364e-05 3.00000953e+08 -2.06349458e+03 4.31378145e+03
9.34343434e-06 1.13636364e-05 3.00001146e+08 -2.46249035e+03 4.45535578e+03
9.84848485e-06 1.13636364e-05 3.00001347e+08 -2.90189853e+03 4.55965768e+03
1.03535354e-05 1.13636364e-05 3.00001549e+08 -3.37588629e+03 4.61586450e+03
1.08585859e-05 1.13636364e-05 3.00001745e+08 -3.87588326e+03 4.61250145e+03
1.13636364e-05 1.13636364e-05 3.00001927e+08 -4.38996628e+03 4.53796802e+03
1.18686869e-05 1.13636364e-05 3.00002084e+08 -4.90238290e+03 4.38132200e+03
1.23737374e-05 1.13636364e-05 3.00002204e+08 -5.39333623e+03 4.13334258e+03
1.28787879e-05 1.13636364e-05 3.00002276e+08 -5.83917693e+03 3.78784453e+03
1.33838384e-05 1.13636364e-05 3.00002289e+08 -6.21315111e+03 3.34314717e+03
1.38888889e-05 1.13636364e-05 3.00002237e+08 -6.48682048e+03 2.80352084e+03
1.43939394e-05 1.13636364e-05 3.00002114e+08 -6.63219013e+03 2.18035515e+03
1.48989899e-05 1.13636364e-05 3.00001924e+08 -6.62444682e+03 1.49274384e+03
1.54040404e-05 1.13636364e-05 3.00001674e+08 -6.44504244e+03 7.67191732e+02
1.59090909e-05 1.13636364e-05 3.00001379e+08 -6.08469096e+03 3.62432280e+01
1.64141414e-05 1.13636364e-05 3.00001060e+08 -5.54573719e+03 -6.63985795e+02
1.69191919e-05 1.13636364e-05 3.00000743e+08 -4.84335828e+03 -1.29715079e+03
1.74242424e-05 1.13636364e-05 3.00000453e+08 -4.00520568e+03 -1.83043759e+03
1.79292929e-05 1.13636364e-05 3.00000216e+08 -3.06937180e+03 -2.23812312e+03
1.84343434e-05 1.13636364e-05 3.00000053e+08 -2.08090725e+03 -2.50430996e+03
1.89393939e-05 1.13636364e-05 2.99999976e+08 -1.08742339e+03 -2.62435388e+03
1.94444444e-05 1.13636364e-05 2.99999991e+08 -1.34499261e+02 -2.60477322e+03
1.99494949e-05 1.13636364e-05 3.00000094e+08 7.38379873e+02 -2.46174156e+03
2.04545455e-05 1.13636364e-05 3.00000274e+08 1.50078436e+03 -2.21852987e+03
2.09595960e-05 1.13636364e-05 3.00000515e+08 2.13290047e+03 -1.90241639e+03
2.14646465e-05 1.13636364e-05 3.00000796e+08 2.62567813e+03 -1.54159873e+03
2.19696970e-05 1.13636364e-05 3.00001098e+08 2.97979492e+03 -1.16254490e+03
2.24747475e-05 1.13636364e-05 3.00001401e+08 3.20380967e+03 -7.88055850e+02
2.29797980e-05 1.13636364e-05 3.00001687e+08 3.31191954e+03 -4.36134639e+02
2.34848485e-05 1.13636364e-05 3.00001945e+08 3.32168978e+03 -1.19608771e+02
2.39898990e-05 1.13636364e-05 3.00002165e+08 3.25202938e+03 1.53644852e+02
2.44949495e-05 1.13636364e-05 3.00002342e+08 3.12157314e+03 3.80065564e+02
2.50000000e-05 1.13636364e-05 3.00002474e+08 2.94752822e+03 5.59555724e+02
-2.50000000e-05 1.18686869e-05 2.99998950e+08 -3.63835797e+03 -2.36663656e+02
-2.44949495e-05 1.18686869e-05 2.99998527e+08 -4.10509009e+03 -3.26926757e+02
-2.39898990e-05 1.18686869e-05 2.99998005e+08 -4.65671808e+03 -4.31890718e+02
-2.34848485e-05 1.18686869e-05 2.99997363e+08 -5.31224126e+03 -5.50153828e+02
-2.29797980e-05 1.18686869e-05 2.99996572e+08 -6.09503977e+03 -6.77330578e+02
-2.24747475e-05 1.18686869e-05 2.99995600e+08 -7.03344749e+03 -8.03858813e+02
-2.19696970e-05 1.18686869e-05 2.99994411e+08 -8.16084958e+03 -9.11469752e+02
-2.14646465e-05 1.18686869e-05 2.99992965e+08 -9.51458801e+03 -9.67616243e+02
-2.09595960e-05 1.18686869e-05 2.99991227e+08 -1.11322729e+04 -9.16906066e+02
-2.04545455e-05 1.18686869e-05 2.99989175e+08 -1.30428795e+04 -6.68433430e+02
-1.99494949e-05 1.18686869e-05 2.99986825e+08 -1.52479829e+04 -7.81958799e+01
-1.94444444e-05 1.18686869e-05 2.99984262e+08 -1.76854486e+04 1.07262398e+03
-1.89393939e-05 1.18686869e-05 2.99981696e+08 -2.01642653e+04 3.09806285e+03
-1.84343434e-05 1.18686869e-05 2.99979543e+08 -2.22574237e+04 6.41014011e+03
-1.79292929e-05 1.18686869e-05 2.99978504e+08 -2.31473738e+04 1.14665906e+04
-1.74242424e-05 1.18686869e-05 2.99979602e+08 -2.14532167e+04 1.85943863e+04
-1.69191919e-05 1.18686869e-05 2.99984031e+08 -1.51606163e+04 2.75946692e+04
-1.64141414e-05 1.18686869e-05 2.99992626e+08 -1.94824848e+03 3.70844037e+04
-1.59090909e-05 1.18686869e-05 3.00004795e+08 1.96207536e+04 4.38125437e+04
-1.54040404e-05 1.18686869e-05 3.00017305e+08 4.78224319e+04 4.28504007e+04
-1.48989899e-05 1.18686869e-05 3.00024516e+08 7.56904413e+04 3.00678041e+04
-1.43939394e-05 1.18686869e-05 3.00021854e+08 9.26590295e+04 6.58715983e+03
-1.38888889e-05 1.18686869e-05 3.00010429e+08 9.15975473e+04 -1.95457713e+04
-1.33838384e-05 1.18686869e-05 2.99996690e+08 7.47504581e+04 -3.86860889e+04
-1.28787879e-05 1.18686869e-05 2.99986748e+08 5.10247606e+04 -4.65681197e+04
-1.23737374e-05 1.18686869e-05 2.99982548e+08 2.86778809e+04 -4.51228522e+04
-1.18686869e-05 1.18686869e-05 2.99982808e+08 1.16392342e+04 -3.86388642e+04
-1.13636364e-05 1.18686869e-05 2.99985417e+08 3.07316921e+02 -3.06547077e+04
-1.08585859e-05 1.18686869e-05 2.99988765e+08 -6.47144066e+03 -2.31408456e+04
-1.03535354e-05 1.18686869e-05 2.99991967e+08 -1.01028041e+04 -1.68693318e+04
-9.84848485e-06 1.18686869e-05 2.99994659e+08 -1.17354260e+04 -1.19597758e+04
-9.34343434e-06 1.18686869e-05 2.99996765e+08 -1.21728826e+04 -8.25605284e+03
-8.83838384e-06 1.18686869e-05 2.99998337e+08 -1.19338918e+04 -5.52420461e+03
-8.33333333e-06 1.18686869e-05 2.99999470e+08 -1.13373216e+04 -3.53831435e+03
-7.82828283e-06 1.18686869e-05 3.00000260e+08 -1.05723271e+04 -2.10952809e+03
-7.32323232e-06 1.18686869e-05 3.00000792e+08 -9.74744314e+03 -1.09015584e+03
-6.81818182e-06 1.18686869e-05 3.00001134e+08 -8.92246749e+03 -3.68601895e+02
-6.31313131e-06 1.18686869e-05 3.00001338e+08 -8.12837117e+03 1.37940078e+02
-5.80808081e-06 1.18686869e-05 3.00001441e+08 -7.37946425e+03 4.90339808e+02
-5.30303030e-06 1.18686869e-05 3.00001474e+08 -6.68073741e+03 7.33120162e+02
-4.79797980e-06 1.18686869e-05 3.00001456e+08 -6.03226831e+03 8.98725382e+02
-4.29292929e-06 1.18686869e-05 3.00001402e+08 -5.43187797e+03 1.01066880e+03
-3.78787879e-06 1.18686869e-05 3.00001324e+08 -4.87677185e+03 1.08582475e+03
-3.28282828e-06 1.18686869e-05 3.00001229e+08 -4.36461266e+03 1.13613310e+03
-2.77777778e-06 1.18686869e-05 3.00001124e+08 -3.89426479e+03 1.16998599e+03
-2.27272727e-06 1.18686869e-05 3.00001016e+08 -3.46624838e+03 1.19356969e+03
-1.76767677e-06 1.18686869e-05 3.00000909e+08 -3.08269020e+03 1.21237878e+03
-1.26262626e-06 1.18686869e-05 3.00000807e+08 -2.74631078e+03 1.23285640e+03
-7.57575758e-07 1.18686869e-05 3.00000713e+08 -2.45806397e+03 1.26351325e+03
-2.52525253e-07 1.18686869e-05 3.00000626e+08 -2.21400206e+03 1.31425139e+03
2.52525253e-07 1.18686869e-05 3.00000542e+08 -2.00366639e+03 1.39312804e+03
7.57575758e-07 1.18686869e-05 3.00000458e+08 -1.81268857e+03 1.50224701e+03
1.26262626e-06 1.18686869e-05 3.00000375e+08 -1.62900911e+03 1.63653198e+03
1.76767677e-06 1.18686869e-05 3.00000297e+08 -1.44797535e+03 1.78694580e+03
2.27272727e-06 1.18686869e-05 3.00000232e+08 -1.27259147e+03 1.94514746e+03
2.77777778e-06 1.18686869e-05 3.00000186e+08 -1.11025944e+03 2.10587745e+03
3.28282828e-06 1.18686869e-05 3.00000161e+08 -9.69581016e+02 2.26668429e+03
3.78787879e-06 1.18686869e-05 3.00000159e+08 -8.58811537e+02 2.42683475e+03
4.29292929e-06 1.18686869e-05 3.00000180e+08 -7.85325949e+02 2.58667641e+03
4.79797980e-06 1.18686869e-05 3.00000223e+08 -7.55139531e+02 2.74738375e+03
5.30303030e-06 1.18686869e-05 3.00000287e+08 -7.72313499e+02 2.91053639e+03
5.80808081e-06 1.18686869e-05 3.00000370e+08 -8.38647175e+02 3.07734238e+03
6.31313131e-06 1.18686869e-05 3.00000469e+08 -9.53947758e+02 3.24780041e+03
6.81818182e-06 1.18686869e-05 3.00000582e+08 -1.11673006e+03 3.42017984e+03
7.32323232e-06 1.18686869e-05 3.00000708e+08 -1.32494723e+03 3.59094145e+03
7.82828283e-06 1.18686869e-05 3.00000846e+08 -1.57643414e+03 3.75496027e+03
8.33333333e-06 1.18686869e-05 3.00000993e+08 -1.86896893e+03 3.90583949e+03
8.83838384e-06 1.18686869e-05 3.00001149e+08 -2.20002221e+03 4.03618073e+03
9.34343434e-06 1.18686869e-05 3.00001311e+08 -2.56631488e+03 4.13778312e+03
9.84848485e-06 1.18686869e-05 3.00001475e+08 -2.96328826e+03 4.20181417e+03
1.03535354e-05 1.18686869e-05 3.00001636e+08 -3.38455905e+03 4.21902185e+03
1.08585859e-05 1.18686869e-05 3.00001787e+08 -3.82141416e+03 4.18005499e+03
1.13636364e-05 1.18686869e-05 3.00001921e+08 -4.26240137e+03 4.07594404e+03
1.18686869e-05 1.18686869e-05 3.00002029e+08 -4.69308481e+03 3.89877058e+03
1.23737374e-05 1.18686869e-05 3.00002102e+08 -5.09604985e+03 3.64252281e+03
1.28787879e-05 1.18686869e-05 3.00002132e+08 -5.45125137e+03 3.30409401e+03
1.33838384e-05 1.18686869e-05 3.00002111e+08 -5.73679062e+03 2.88433192e+03
1.38888889e-05 1.18686869e-05 3.00002034e+08 -5.93017219e+03 2.38899612e+03
1.43939394e-05 1.18686869e-05 3.00001901e+08 -6.01002716e+03 1.82943798e+03
1.48989899e-05 1.18686869e-05 3.00001713e+08 -5.95819577e+03 1.22280108e+03
1.54040404e-05 1.18686869e-05 3.00001479e+08 -5.76195526e+03 5.91564752e+02
1.59090909e-05 1.18686869e-05 3.00001213e+08 -5.41608290e+03 -3.76683930e+01
1.64141414e-05 1.18686869e-05 3.00000931e+08 -4.92439214e+03 -6.36113757e+02
1.69191919e-05 1.18686869e-05 3.00000654e+08 -4.30040221e+03 -1.17529380e+03
1.74242424e-05 1.18686869e-05 3.00000402e+08 -3.56690992e+03 -1.62975140e+03
1.79292929e-05 1.18686869e-05 3.00000195e+08 -2.75441502e+03 -1.97957708e+03
1.84343434e-05 1.18686869e-05 3.00000050e+08 -1.89856565e+03 -2.21234095e+03
1.89393939e-05 1.18686869e-05 2.99999976e+08 -1.03698239e+03 -2.32411748e+03
1.94444444e-05 1.18686869e-05 2.99999979e+08 -2.05934837e+02 -2.31946203e+03
1.99494949e-05 1.18686869e-05 3.00000056e+08 5.62645623e+02 -2.21039554e+03
2.04545455e-05 1.18686869e-05 3.00000200e+08 1.24342648e+03 -2.01462645e+03
2.09595960e-05 1.18686869e-05 3.00000398e+08 1.81898152e+03 -1.75334544e+03
2.14646465e-05 1.18686869e-05 3.00000634e+08 2.28010427e+03 -1.44895311e+03
2.19696970e-05 1.18686869e-05 3.00000892e+08 2.62524950e+03 -1.12303113e+03
2.24747475e-05 1.18686869e-05 3.00001157e+08 2.85933374e+03 -7.94769142e+02
2.29797980e-05 1.18686869e-05 3.00001415e+08 2.99216955e+03 -4.79945613e+02
2.34848485e-05 1.18686869e-05 3.00001652e+08 3.03679537e+03 -1.90457091e+02
2.39898990e-05 1.18686869e-05 3.00001862e+08 3.00791039e+03 6.56848709e+01
2.44949495e-05 1.18686869e-05 3.00002038e+08 2.92055318e+03 2.84010693e+02
2.50000000e-05 1.18686869e-05 3.00002177e+08 2.78909262e+03 4.63035186e+02
-2.50000000e-05 1.23737374e-05 2.99999699e+08 -3.56014063e+03 6.33748538e+01
-2.44949495e-05 1.23737374e-05 2.99999366e+08 -4.00926119e+03 -1.68875315e+01
-2.39898990e-05 1.23737374e-05 2.99998944e+08 -4.54197760e+03 -1.18370249e+02
-2.34848485e-05 1.23737374e-05 2.99998405e+08 -5.17873764e+03 -2.43676511e+02
-2.29797980e-05 1.23737374e-05 2.99997720e+08 -5.94579546e+03 -3.94230154e+02
-2.24747475e-05 1.23737374e-05 2.99996846e+08 -6.87679707e+03 -5.68747348e+02
-2.19696970e-05 1.23737374e-05 2.99995734e+08 -8.01453039e+03 -7.60479986e+02
-2.14646465e-05 1.23737374e-05 2.99994321e+08 -9.41246871e+03 -9.52363189e+02
-2.09595960e-05 1.23737374e-05 2.99992536e+08 -1.11351498e+04 -1.10866347e+03
-2.04545455e-05 1.23737374e-05 2.99990304e+08 -1.32551943e+04 -1.16097131e+03
-1.99494949e-05 1.23737374e-05 2.99987560e+08 -1.58422796e+04 -9.85533255e+02
-1.94444444e-05 1.23737374e-05 2.99984283e+08 -1.89346803e+04 -3.68578135e+02
-1.89393939e-05 1.23737374e-05 2.99980562e+08 -2.24758838e+04 1.04165284e+03
-1.84343434e-05 1.23737374e-05 2.99976707e+08 -2.61870278e+04 3.78825202e+03
-1.79292929e-05 1.23737374e-05 2.99973423e+08 -2.93353377e+04 8.63013371e+03
-1.74242424e-05 1.23737374e-05 2.99972017e+08 -3.03702667e+04 1.64442692e+04
-1.69191919e-05 1.23737374e-05 2.99974499e+08 -2.64914141e+04 2.78096839e+04
-1.64141414e-05 1.23737374e-05 2.99983184e+08 -1.35074319e+04 4.19771596e+04
-1.59090909e-05 1.23737374e-05 2.99999122e+08 1.30182477e+04 5.50934377e+04
-1.54040404e-05 1.23737374e-05 3.00018961e+08 5.36993937e+04 5.87541808e+04
-1.48989899e-05 1.23737374e-05 3.00032678e+08 9.85739812e+04 4.28617896e+04
-1.43939394e-05 1.23737374e-05 3.00029292e+08 1.26277258e+05 6.49604220e+03
-1.38888889e-05 1.23737374e-05 3.00010176e+08 1.20723444e+05 -3.41036488e+04
-1.33838384e-05 1.23737374e-05 2.99989555e+08 8.88475323e+04 -5.90489782e+04
-1.28787879e-05 1.23737374e-05 2.99978333e+08 5.09308289e+04 -6.34396450e+04
-1.23737374e-05 1.23737374e-05 2.99976837e+08 2.07915266e+04 -5.49696519e+04
-1.18686869e-05 1.23737374e-05 2.99980636e+08 1.51556892e+03 -4.23512200e+04
-1.13636364e-05 1.23737374e-05 2.99985959e+08 -9.10050842e+03 -3.04426872e+04
-1.08585859e-05 1.23737374e-05 2.99990896e+08 -1.41266309e+04 -2.09067909e+04
-1.03535354e-05 1.23737374e-05 2.99994809e+08 -1.59263831e+04 -1.38428836e+04
-9.84848485e-06 1.23737374e-05 2.99997663e+08 -1.60039634e+04 -8.81881012e+03
-9.34343434e-06 1.23737374e-05 2.99999636e+08 -1.52341167e+04 -5.32595071e+03
-8.83838384e-06 1.23737374e-05 3.00000941e+08 -1.40990175e+04 -2.93180153e+03
-8.33333333e-06 1.23737374e-05 3.00001762e+08 -1.28531291e+04 -1.30839080e+03
-7.82828283e-06 1.23737374e-05 3.00002245e+08 -1.16238889e+04 -2.19435999e+02
-7.32323232e-06 1.23737374e-05 3.00002497e+08 -1.04697412e+04 5.01261171e+02
-6.81818182e-06 1.23737374e-05 3.00002592e+08 -9.41262942e+03 9.69416132e+02
-6.31313131e-06 1.23737374e-05 3.00002584e+08 -8.45588683e+03 1.26536910e+03
-5.80808081e-06 1.23737374e-05 3.00002509e+08 -7.59396030e+03 1.44495196e+03
-5.30303030e-06 1.23737374e-05 3.00002391e+08 -6.81762423e+03 1.54703954e+03
-4.79797980e-06 1.23737374e-05 3.00002246e+08 -6.11673240e+03 1.59869323e+03
-4.29292929e-06 1.23737374e-05 3.00002086e+08 -5.48165970e+03 1.61861357e+03
-3.78787879e-06 1.23737374e-05 3.00001918e+08 -4.90409640e+03 1.61942876e+03
-3.28282828e-06 1.23737374e-05 3.00001745e+08 -4.37759654e+03 1.60921762e+03
-2.77777778e-06 1.23737374e-05 3.00001573e+08 -3.89812574e+03 1.59262263e+03
-2.27272727e-06 1.23737374e-05 3.00001406e+08 -3.46468499e+03 1.57196417e+03
-1.76767677e-06 1.23737374e-05 3.00001247e+08 -3.07974474e+03 1.54887277e+03
-1.26262626e-06 1.23737374e-05 3.00001102e+08 -2.74857034e+03 1.52683875e+03
-7.57575758e-07 1.23737374e-05 3.00000975e+08 -2.47589637e+03 1.51410473e+03
-2.52525253e-07 1.23737374e-05 3.00000864e+08 -2.25943850e+03 1.52419722e+03
2.52525253e-07 1.23737374e-05 3.00000761e+08 -2.08426545e+03 1.57055081e+03
7.57575758e-07 1.23737374e-05 3.00000660e+08 -1.92608742e+03 1.65704941e+03
1.26262626e-06 1.23737374e-05 3.00000562e+08 -1.76453469e+03 1.77432580e+03
1.76767677e-06 1.23737374e-05 3.00000475e+08 -1.59390078e+03 1.90715635e+03
2.27272727e-06 1.23737374e-05 3.00000408e+08 -1.42139400e+03 2.04419741e+03
2.77777778e-06 1.23737374e-05 3.00000367e+08 -1.25872749e+03 2.18063705e+03
3.28282828e-06 1.23737374e-05 3.00000352e+08 -1.11671630e+03 2.31530992e+03
3.78787879e-06 1.23737374e-05 3.00000362e+08 -1.00457159e+03 2.44799637e+03
4.29292929e-06 1.23737374e-05 3.00000395e+08 -9.30554738e+02 2.57900857e+03
4.79797980e-06 1.23737374e-05 3.00000449e+08 -9.01574655e+02 2.70975329e+03
5.30303030e-06 1.23737374e-05 3.00000522e+08 -9.21903910e+02 2.84256111e+03
5.80808081e-06 1.23737374e-05 3.00000611e+08 -9.92410453e+02 2.97945941e+03
6.31313131e-06 1.23737374e-05 3.00000710e+08 -1.11106876e+03 3.12078053e+03
6.81818182e-06 1.23737374e-05 3.00000818e+08 -1.27430261e+03 3.26449267e+03
7.32323232e-06 1.23737374e-05 3.00000933e+08 -1.47824720e+03 3.40638060e+03
7.82828283e-06 1.23737374e-05 3.00001054e+08 -1.71938864e+03 3.54065654e+03
8.33333333e-06 1.23737374e-05 3.00001179e+08 -1.99456949e+03 3.66056802e+03
8.83838384e-06 1.23737374e-05 3.00001309e+08 -2.30060368e+03 3.75881332e+03
9.34343434e-06 1.23737374e-05 3.00001439e+08 -2.63374018e+03 3.82777958e+03
9.84848485e-06 1.23737374e-05 3.00001569e+08 -2.98912145e+03 3.85970189e+03
1.03535354e-05 1.23737374e-05 3.00001692e+08 -3.36030556e+03 3.84684274e+03
1.08585859e-05 1.23737374e-05 3.00001803e+08 -3.73888629e+03 3.78176276e+03
1.13636364e-05 1.23737374e-05 3.00001896e+08 -4.11424206e+03 3.65772235e+03
1.18686869e-05 1.23737374e-05 3.00001964e+08 -4.47345453e+03 3.46922447e+03
1.23737374e-05 1.23737374e-05 3.00001999e+08 -4.80144919e+03 3.21268057e+03
1.28787879e-05 1.23737374e-05 3.00001996e+08 -5.08141305e+03 2.88715107e+03
1.33838384e-05 1.23737374e-05 3.00001949e+08 -5.29553351e+03 2.49507903e+03
1.38888889e-05 1.23737374e-05 3.00001856e+08 -5.42607254e+03 2.04290579e+03
1.43939394e-05 1.23737374e-05 3.00001717e+08 -5.45674112e+03 1.54143642e+03
1.48989899e-05 1.23737374e-05 3.00001535e+08 -5.37427503e+03 1.00582293e+03
1.54040404e-05 1.23737374e-05 3.00001318e+08 -5.17004560e+03 4.55060724e+02
1.59090909e-05 1.23737374e-05 3.00001076e+08 -4.84148455e+03 -8.90455256e+01
1.64141414e-05 1.23737374e-05 3.00000826e+08 -4.39308049e+03 -6.03402997e+02
1.69191919e-05 1.23737374e-05 3.00000582e+08 -3.83673119e+03 -1.06549633e+03
1.74242424e-05 1.23737374e-05 3.00000361e+08 -3.19131474e+03 -1.45536856e+03
1.79292929e-05 1.23737374e-05 3.00000179e+08 -2.48146462e+03 -1.75743932e+03
1.84343434e-05 1.23737374e-05 3.00000049e+08 -1.73567165e+03 -1.96188914e+03
1.89393939e-05 1.23737374e-05 2.99999979e+08 -9.83957238e+02 -2.06540387e+03
1.94444444e-05 1.23737374e-05 2.99999973e+08 -2.55436325e+02 -2.07118403e+03
1.99494949e-05 1.23737374e-05 3.00000030e+08 4.23903296e+02 -1.98825054e+03
2.04545455e-05 1.23737374e-05 3.00000145e+08 1.03293434e+03 -1.83019296e+03
2.09595960e-05 1.23737374e-05 3.00000307e+08 1.55646724e+03 -1.61358029e+03
2.14646465e-05 1.23737374e-05 3.00000505e+08 1.98562277e+03 -1.35627926e+03
2.19696970e-05 1.23737374e-05 3.00000727e+08 2.31756238e+03 -1.07590056e+03
2.24747475e-05 1.23737374e-05 3.00000958e+08 2.55471830e+03 -7.88535400e+02
2.29797980e-05 1.23737374e-05 3.00001188e+08 2.70370555e+03 -5.07871024e+02
2.34848485e-05 1.23737374e-05 3.00001405e+08 2.77410006e+03 -2.44702574e+02
2.39898990e-05 1.23737374e-05 3.00001601e+08 2.77723996e+03 -6.80233997e+00
2.44949495e-05 1.23737374e-05 3.00001772e+08 2.72516424e+03 2.00927875e+02
2.50000000e-05 1.23737374e-05 3.00001913e+08 2.62975557e+03 3.76110028e+02
-2.50000000e-05 1.28787879e-05 3.00000515e+08 -3.50296960e+03 4.35940949e+02
-2.44949495e-05 1.28787879e-05 3.00000299e+08 -3.93176877e+03 3.85518053e+02
-2.39898990e-05 1.28787879e-05 3.00000010e+08 -4.44008790e+03 3.12617708e+02
-2.34848485e-05 1.28787879e-05 2.99999623e+08 -5.04833108e+03 2.11839239e+02
-2.29797980e-05 1.28787879e-05 2.99999106e+08 -5.78344830e+03 7.72144251e+01
-2.24747475e-05 1.28787879e-05 2.99998416e+08 -6.68128441e+03 -9.71764161e+01
-2.19696970e-05 1.28787879e-05 2.99997494e+08 -7.78972470e+03 -3.15759721e+02
-2.14646465e-05 1.28787879e-05 2.99996265e+08 -9.17274367e+03 -5.78407097e+02
-2.09595960e-05 1.28787879e-05 2.99994626e+08 -1.09151908e+04 -8.74292311e+02
-2.04545455e-05 1.28787879e-05 2.99992452e+08 -1.31273415e+04 -1.17000820e+03
-1.99494949e-05 1.28787879e-05 2.99989590e+08 -1.59461678e+04 -1.38729534e+03
-1.94444444e-05 1.28787879e-05 2.99985881e+08 -1.95253693e+04 -1.36278962e+03
-1.89393939e-05 1.28787879e-05 2.99981206e+08 -2.39953646e+04 -7.78999504e+02
-1.84343434e-05 1.28787879e-05 2.99975604e+08 -2.93526023e+04 9.43867862e+02
-1.79292929e-05 1.28787879e-05 2.99969510e+08 -3.51995892e+04 4.78893489e+03
-1.74242424e-05 1.28787879e-05 2.99964165e+08 -4.02095953e+04 1.22452950e+04
-1.69191919e-05 1.28787879e-05 2.99962171e+08 -4.11900208e+04 2.51263725e+04
-1.64141414e-05 1.28787879e-05 2.99967835e+08 -3.18667111e+04 4.45007339e+04
-1.59090909e-05 1.28787879e-05 2.99986030e+08 -2.55113160e+03 6.76555922e+04
-1.54040404e-05 1.28787879e-05 3.00016767e+08 5.52363460e+04 8.24964746e+04
-1.48989899e-05 1.28787879e-05 3.00044529e+08 1.31980675e+05 6.55559176e+04
-1.43939394e-05 1.28787879e-05 3.00041104e+08 1.82414907e+05 5.11717030e+03
-1.38888889e-05 1.28787879e-05 3.00006129e+08 1.64024661e+05 -6.27031625e+04
-1.33838384e-05 1.28787879e-05 2.99975376e+08 1.00389806e+05 -9.19297096e+04
-1.28787879e-05 1.28787879e-05 2.99966856e+08 4.08144771e+04 -8.39251220e+04
-1.23737374e-05 1.28787879e-05 2.99972445e+08 4.00474344e+03 -6.23425055e+04
-1.18686869e-05 1.28787879e-05 2.99981705e+08 -1.40054566e+04 -4.17491154e+04
-1.13636364e-05 1.28787879e-05 2.99989841e+08 -2.10526440e+04 -2.63001019e+04
-1.08585859e-05 1.28787879e-05 2.99995727e+08 -2.26206833e+04 -1.57612641e+04
-1.03535354e-05 1.28787879e-05 2.99999597e+08 -2.17302138e+04 -8.87221903e+03
-9.84848485e-06 1.28787879e-05 3.00001978e+08 -1.98873146e+04 -4.46373299e+03
-9.34343434e-06 1.28787879e-05 3.00003347e+08 -1.77983843e+04 -1.68068267e+03
-8.83838384e-06 1.28787879e-05 3.00004056e+08 -1.57731392e+04 5.26334209e+01
-8.33333333e-06 1.28787879e-05 3.00004348e+08 -1.39312858e+04 1.11145440e+03
-7.82828283e-06 1.28787879e-05 3.00004383e+08 -1.23045696e+04 1.73771196e+03
-7.32323232e-06 1.28787879e-05 3.00004264e+08 -1.08862145e+04 2.08729540e+03
-6.81818182e-06 1.28787879e-05 3.00004058e+08 -9.65447688e+03 2.26110828e+03
-6.31313131e-06 1.28787879e-05 3.00003806e+08 -8.58357680e+03 2.32491824e+03
-5.80808081e-06 1.28787879e-05 3.00003534e+08 -7.64851396e+03 2.32191550e+03
-5.30303030e-06 1.28787879e-05 3.00003257e+08 -6.82695811e+03 2.28063492e+03
-4.79797980e-06 1.28787879e-05 3.00002983e+08 -6.09978187e+03 2.21993998e+03
-4.29292929e-06 1.28787879e-05 3.00002718e+08 -5.45101884e+03 2.15212438e+03
-3.78787879e-06 1.28787879e-05 3.00002462e+08 -4.86766250e+03 2.08477665e+03
-3.28282828e-06 1.28787879e-05 3.00002216e+08 -4.33957587e+03 2.02180973e+03
-2.77777778e-06 1.28787879e-05 3.00001979e+08 -3.85975842e+03 1.96396095e+03
-2.27272727e-06 1.28787879e-05 3.00001753e+08 -3.42521983e+03 1.90916942e+03
-1.76767677e-06 1.28787879e-05 3.00001540e+08 -3.03849359e+03 1.85364371e+03
-1.26262626e-06 1.28787879e-05 3.00001346e+08 -2.70878159e+03 1.79503950e+03
-7.57575758e-07 1.28787879e-05 3.00001180e+08 -2.44923426e+03 1.73871090e+03
-2.52525253e-07 1.28787879e-05 3.00001041e+08 -2.26527932e+03 1.70330654e+03
2.52525253e-07 1.28787879e-05 3.00000919e+08 -2.13759528e+03 1.71416547e+03
7.57575758e-07 1.28787879e-05 3.00000799e+08 -2.02279385e+03 1.78073958e+03
1.26262626e-06 1.28787879e-05 3.00000683e+08 -1.88465440e+03 1.88466430e+03
1.76767677e-06 1.28787879e-05 3.00000588e+08 -1.71946928e+03 1.99914621e+03
2.27272727e-06 1.28787879e-05 3.00000528e+08 -1.54537725e+03 2.11089945e+03
2.77777778e-06 1.28787879e-05 3.00000502e+08 -1.38072502e+03 2.21952468e+03
3.28282828e-06 1.28787879e-05 3.00000507e+08 -1.23700748e+03 2.32708382e+03
3.78787879e-06 1.28787879e-05 3.00000535e+08 -1.12268927e+03 2.43322336e+03
4.29292929e-06 1.28787879e-05 3.00000585e+08 -1.04686390e+03 2.53683185e+03
4.79797980e-06 1.28787879e-05 3.00000654e+08 -1.01836184e+03 2.63901464e+03
5.30303030e-06 1.28787879e-05 3.00000739e+08 -1.04233654e+03 2.74335124e+03
5.80808081e-06 1.28787879e-05 3.00000833e+08 -1.11836695e+03 2.85336626e+03
6.31313131e-06 1.28787879e-05 3.00000932e+08 -1.24167913e+03 2.96987798e+03
6.81818182e-06 1.28787879e-05 3.00001032e+08 -1.40590089e+03 3.09019550e+03
7.32323232e-06 1.28787879e-05 3.00001133e+08 -1.60519428e+03 3.20895731e+03
7.82828283e-06 1.28787879e-05 3.00001234e+08 -1.83498712e+03 3.31942518e+03
8.33333333e-06 1.28787879e-05 3.00001336e+08 -2.09168223e+03 3.41443910e+03
8.83838384e-06 1.28787879e-05 3.00001437e+08 -2.37196362e+03 3.48688829e+03
9.34343434e-06 1.28787879e-05 3.00001538e+08 -2.67209088e+03 3.52987218e+03
9.84848485e-06 1.28787879e-05 3.00001634e+08 -2.98732925e+03 3.53675798e+03
1.03535354e-05 1.28787879e-05 3.00001723e+08 -3.31153732e+03 3.50127156e+03
1.08585859e-05 1.28787879e-05 3.00001799e+08 -3.63690163e+03 3.41768879e+03
1.13636364e-05 1.28787879e-05 3.00001857e+08 -3.95381481e+03 3.28114768e+03
1.18686869e-05 1.28787879e-05 3.00001891e+08 -4.25091189e+03 3.08807306e+03
1.23737374e-05 1.28787879e-05 3.00001897e+08 -4.51529177e+03 2.83668398e+03
1.28787879e-05 1.28787879e-05 3.00001869e+08 -4.73295353e+03 2.52753381e+03
1.33838384e-05 1.28787879e-05 3.00001803e+08 -4.88946637e+03 2.16401414e+03
1.38888889e-05 1.28787879e-05 3.00001699e+08 -4.97086816e+03 1.75273725e+03
1.43939394e-05 1.28787879e-05 3.00001558e+08 -4.96475153e+03 1.30370456e+03
1.48989899e-05 1.28787879e-05 3.00001383e+08 -4.86145335e+03 8.30175683e+02
1.54040404e-05 1.28787879e-05 3.00001182e+08 -4.65522113e+03 3.48178316e+02
1.59090909e-05 1.28787879e-05 3.00000963e+08 -4.34520011e+03 -1.24355179e+02
1.64141414e-05 1.28787879e-05 3.00000739e+08 -3.93607789e+03 -5.68778494e+02
1.69191919e-05 1.28787879e-05 3.00000523e+08 -3.43824850e+03 -9.67139227e+02
1.74242424e-05 1.28787879e-05 3.00000328e+08 -2.86741501e+03 -1.30364053e+03
1.79292929e-05 1.28787879e-05 3.00000167e+08 -2.24363160e+03 -1.56596567e+03
1.84343434e-05 1.28787879e-05 3.00000049e+08 -1.58987654e+03 -1.74628285e+03
1.89393939e-05 1.28787879e-05 2.99999983e+08 -9.30325164e+02 -1.84179225e+03
1.94444444e-05 1.28787879e-05 2.99999970e+08 -2.88540448e+02 -1.85474982e+03
1.99494949e-05 1.28787879e-05 3.00000012e+08 3.14194959e+02 -1.79198611e+03
2.04545455e-05 1.28787879e-05 3.00000103e+08 8.60215005e+02 -1.66401410e+03
2.09595960e-05 1.28787879e-05 3.00000236e+08 1.33634963e+03 -1.48387311e+03
2.14646465e-05 1.28787879e-05 3.00000403e+08 1.73430081e+03 -1.26587615e+03
2.19696970e-05 1.28787879e-05 3.00000593e+08 2.05054427e+03 -1.02441814e+03
2.24747475e-05 1.28787879e-05 3.00000794e+08 2.28584387e+03 -7.72967384e+02
2.29797980e-05 1.28787879e-05 3.00000998e+08 2.44449931e+03 -5.23315678e+02
2.34848485e-05 1.28787879e-05 3.00001195e+08 2.53345588e+03 -2.85113402e+02
2.39898990e-05 1.28787879e-05 3.00001377e+08 2.56139274e+03 -6.56748148e+01
2.44949495e-05 1.28787879e-05 3.00001540e+08 2.53788048e+03 1.29990071e+02
2.50000000e-05 1.28787879e-05 3.00001679e+08 2.47266785e+03 2.98975641e+02
-2.50000000e-05 1.33838384e-05 3.00001363e+08 -3.48408033e+03 8.66266586e+02
-2.44949495e-05 1.33838384e-05 3.00001284e+08 -3.89492061e+03 8.64706725e+02
-2.39898990e-05 1.33838384e-05 3.00001156e+08 -4.37988110e+03 8.45541272e+02
-2.34848485e-05 1.33838384e-05 3.00000960e+08 -4.95815165e+03 8.02549106e+02
-2.29797980e-05 1.33838384e-05 3.00000669e+08 -5.65547737e+03 7.27754294e+02
-2.24747475e-05 1.33838384e-05 3.00000244e+08 -6.50686410e+03 6.11170246e+02
-2.19696970e-05 1.33838384e-05 2.99999629e+08 -7.56052525e+03 4.40811736e+02
-2.14646465e-05 1.33838384e-05 2.99998746e+08 -8.88362934e+03 2.03447082e+02
-2.09595960e-05 1.33838384e-05 2.99997484e+08 -1.05705635e+04 -1.12867381e+02
-2.04545455e-05 1.33838384e-05 2.99995685e+08 -1.27544130e+04 -5.12235454e+02
-1.99494949e-05 1.33838384e-05 2.99993131e+08 -1.56216490e+04 -9.75677002e+02
-1.94444444e-05 1.33838384e-05 2.99989531e+08 -1.94271277e+04 -1.42772076e+03
-1.89393939e-05 1.33838384e-05 2.99984525e+08 -2.44975209e+04 -1.66663174e+03
-1.84343434e-05 1.33838384e-05 2.99977745e+08 -3.11868019e+04 -1.22667938e+03
-1.79292929e-05 1.33838384e-05 2.99969015e+08 -3.96878004e+04 8.70732085e+02
-1.74242424e-05 1.33838384e-05 2.99958850e+08 -4.94794758e+04 6.49619445e+03
-1.69191919e-05 1.33838384e-05 2.99949465e+08 -5.79945136e+04 1.87764763e+04
-1.64141414e-05 1.33838384e-05 2.99946370e+08 -5.79720808e+04 4.17727091e+04
-1.59090909e-05 1.33838384e-05 2.99959761e+08 -3.35032981e+04 7.75394861e+04
-1.54040404e-05 1.33838384e-05 3.00001405e+08 4.15332854e+04 1.15693022e+05
-1.48989899e-05 1.33838384e-05 3.00060076e+08 1.79446939e+05 1.10018805e+05
-1.43939394e-05 1.33838384e-05 3.00062038e+08 2.87995158e+05 8.49386951e+01
-1.38888889e-05 1.33838384e-05 2.99989502e+08 2.27711821e+05 -1.24842609e+05
-1.33838384e-05 1.33838384e-05 2.99949469e+08 9.42068459e+04 -1.41957485e+05
-1.28787879e-05 1.33838384e-05 2.99956651e+08 9.82136709e+03 -1.01011092e+05
-1.23737374e-05 1.33838384e-05 2.99975122e+08 -2.44481406e+04 -6.03670175e+04
-1.18686869e-05 1.33838384e-05 2.99989715e+08 -3.40001531e+04 -3.31647115e+04
-1.13636364e-05 1.33838384e-05 2.99998766e+08 -3.38565189e+04 -1.69001585e+04
-1.08585859e-05 1.33838384e-05 3.00003780e+08 -3.05186791e+04 -7.54012963e+03
-1.03535354e-05 1.33838384e-05 3.00006293e+08 -2.65161621e+04 -2.24327516e+03
-9.84848485e-06 1.33838384e-05 3.00007351e+08 -2.27489693e+04 7.06271936e+02
-9.34343434e-06 1.33838384e-05 3.00007595e+08 -1.94788859e+04 2.30175525e+03
-8.83838384e-06 1.33838384e-05 3.00007402e+08 -1.67291524e+04 3.11404393e+03
-8.33333333e-06 1.33838384e-05 3.00006989e+08 -1.44428939e+04 3.47317342e+03
-7.82828283e-06 1.33838384e-05 3.00006479e+08 -1.25444582e+04 3.57195515e+03
-7.32323232e-06 1.33838384e-05 3.00005941e+08 -1.09617474e+04 3.52433373e+03
-6.81818182e-06 1.33838384e-05 3.00005411e+08 -9.63303989e+03 3.39837794e+03
-6.31313131e-06 1.33838384e-05 3.00004909e+08 -8.50785933e+03 3.23512755e+03
-5.80808081e-06 1.33838384e-05 3.00004443e+08 -7.54577307e+03 3.05949534e+03
-5.30303030e-06 1.33838384e-05 3.00004015e+08 -6.71466026e+03 2.88664402e+03
-4.79797980e-06 1.33838384e-05 3.00003623e+08 -5.98902784e+03 2.72573316e+03
-4.29292929e-06 1.33838384e-05 3.00003264e+08 -5.34856544e+03 2.58208521e+03
-3.78787879e-06 1.33838384e-05 3.00002933e+08 -4.77699884e+03 2.45833352e+03
-3.28282828e-06 1.33838384e-05 3.00002625e+08 -4.26130626e+03 2.35481972e+03
-2.77777778e-06 1.33838384e-05 3.00002334e+08 -3.79148848e+03 2.26932973e+03
-2.27272727e-06 1.33838384e-05 3.00002054e+08 -3.36137165e+03 2.19625246e+03
-1.76767677e-06 1.33838384e-05 3.00001786e+08 -2.97130985e+03 2.12575134e+03
-1.26262626e-06 1.33838384e-05 3.00001536e+08 -2.63329554e+03 2.04535983e+03
-7.57575758e-07 1.33838384e-05 3.00001317e+08 -2.37454830e+03 1.94957257e+03
-2.52525253e-07 1.33838384e-05 3.00001142e+08 -2.22340393e+03 1.85959404e+03
2.52525253e-07 1.33838384e-05 3.00000996e+08 -2.16299416e+03 1.82670160e+03
7.57575758e-07 1.33838384e-05 3.00000850e+08 -2.10875153e+03 1.87799842e+03
1.26262626e-06 1.33838384e-05 3.00000709e+08 -1.98984641e+03 1.97272985e+03
1.76767677e-06 1.33838384e-05 3.00000615e+08 -1.81790560e+03 2.06112407e+03
2.27272727e-06 1.33838384e-05 3.00000580e+08 -1.63761609e+03 2.13588247e+03
2.77777778e-06 1.33838384e-05 3.00000592e+08 -1.47377483e+03 2.21053929e+03
3.28282828e-06 1.33838384e-05 3.00000631e+08 -1.33196185e+03 2.29186342e+03
3.78787879e-06 1.33838384e-05 3.00000688e+08 -1.21597673e+03 2.37579828e+03
4.29292929e-06 1.33838384e-05 3.00000760e+08 -1.13657082e+03 2.45607587e+03
4.79797980e-06 1.33838384e-05 3.00000848e+08 -1.10757720e+03 2.53254422e+03
5.30303030e-06 1.33838384e-05 3.00000946e+08 -1.13666440e+03 2.61149592e+03
5.80808081e-06 1.33838384e-05 3.00001046e+08 -1.22114860e+03 2.69937584e+03
6.31313131e-06 1.33838384e-05 3.00001141e+08 -1.35161229e+03 2.79744728e+03
6.81818182e-06 1.33838384e-05 3.00001230e+08 -1.51782181e+03 2.90139659e+03
7.32323232e-06 1.33838384e-05 3.00001312e+08 -1.71203418e+03 3.00385537e+03
7.82828283e-06 1.33838384e-05 3.00001390e+08 -1.92928273e+03 3.09680238e+03
8.33333333e-06 1.33838384e-05 3.00001466e+08 -2.16627666e+03 3.17275565e+03
8.83838384e-06 1.33838384e-05 3.00001539e+08 -2.42017467e+03 3.22504651e+03
9.34343434e-06 1.33838384e-05 3.00001610e+08 -2.68768405e+03 3.24771686e+03
9.84848485e-06 1.33838384e-05 3.00001676e+08 -2.96450267e+03 3.23538311e+03
1.03535354e-05 1.33838384e-05 3.00001734e+08 -3.24500897e+03 3.18320792e+03
1.08585859e-05 1.33838384e-05 3.00001779e+08 -3.52212183e+03 3.08701109e+03
1.13636364e-05 1.33838384e-05 3.00001808e+08 -3.78729454e+03 2.94350580e+03
1.18686869e-05 1.33838384e-05 3.00001815e+08 -4.03063913e+03 2.75062962e+03
1.23737374e-05 1.33838384e-05 3.00001797e+08 -4.24119383e+03 2.50793047e+03
1.28787879e-05 1.33838384e-05 3.00001749e+08 -4.40734876e+03 2.21695920e+03
1.33838384e-05 1.33838384e-05 3.00001671e+08 -4.51743593e+03 1.88161169e+03
1.38888889e-05 1.33838384e-05 3.00001560e+08 -4.56047042e+03 1.50835661e+03
1.43939394e-05 1.33838384e-05 3.00001420e+08 -4.52700361e+03 1.10628502e+03
1.48989899e-05 1.33838384e-05 3.00001253e+08 -4.41002011e+03 6.86927474e+02
1.54040404e-05 1.33838384e-05 3.00001066e+08 -4.20578407e+03 2.63806202e+02
1.59090909e-05 1.33838384e-05 3.00000867e+08 -3.91452446e+03 -1.48276471e+02
1.64141414e-05 1.33838384e-05 3.00000666e+08 -3.54084905e+03 -5.34170916e+02
1.69191919e-05 1.33838384e-05 3.00000473e+08 -3.09379842e+03 -8.79449894e+02
1.74242424e-05 1.33838384e-05 3.00000300e+08 -2.58649228e+03 -1.17149783e+03
1.79292929e-05 1.33838384e-05 3.00000156e+08 -2.03537624e+03 -1.40048698e+03
1.84343434e-05 1.33838384e-05 3.00000050e+08 -1.45913702e+03 -1.56011568e+03
1.89393939e-05 1.33838384e-05 2.99999987e+08 -8.77405112e+02 -1.64801460e+03
1.94444444e-05 1.33838384e-05 2.99999970e+08 -3.09395625e+02 -1.66577569e+03
1.99494949e-05 1.33838384e-05 2.99999999e+08 2.27356841e+02 -1.61861430e+03
2.04545455e-05 1.33838384e-05 3.00000071e+08 7.18034587e+02 -1.51472611e+03
2.09595960e-05 1.33838384e-05 3.00000181e+08 1.15125144e+03 -1.36443806e+03
2.14646465e-05 1.33838384e-05 3.00000322e+08 1.51940484e+03 -1.17926919e+03
2.19696970e-05 1.33838384e-05 3.00000484e+08 1.81867630e+03 -9.71013825e+02
2.24747475e-05 1.33838384e-05 3.00000659e+08 2.04873319e+03 -7.50939162e+02
2.29797980e-05 1.33838384e-05 3.00000840e+08 2.21221150e+03 -5.29158763e+02
2.34848485e-05 1.33838384e-05 3.00001017e+08 2.31406951e+03 -3.14210388e+02
2.39898990e-05 1.33838384e-05 3.00001185e+08 2.36089783e+03 -1.12836560e+02
2.44949495e-05 1.33838384e-05 3.00001338e+08 2.36025655e+03 7.00562449e+01
2.50000000e-05 1.33838384e-05 3.00001473e+08 2.32009030e+03 2.31297606e+02
-2.50000000e-05 1.38888889e-05 3.00002202e+08 -3.51838502e+03 1.33127368e+03
-2.44949495e-05 1.38888889e-05 3.00002269e+08 -3.91885244e+03 1.39382192e+03
-2.39898990e-05 1.38888889e-05 3.00002318e+08 -4.38860383e+03 1.44953488e+03
-2.34848485e-05 1.38888889e-05 3.00002339e+08 -4.94512495e+03 1.49373040e+03
-2.29797980e-05 1.38888889e-05 3.00002314e+08 -5.61194112e+03 1.51975497e+03
-2.24747475e-05 1.38888889e-05 3.00002215e+08 -6.42127029e+03 1.51822907e+03
-2.19696970e-05 1.38888889e-05 3.00002002e+08 -7.41807052e+03 1.47608112e+03
-2.14646465e-05 1.38888889e-05 3.00001612e+08 -8.66631133e+03 1.37544030e+03
-2.09595960e-05 1.38888889e-05 3.00000950e+08 -1.02588136e+04 1.19271928e+03
-2.04545455e-05 1.38888889e-05 2.99999866e+08 -1.23327947e+04 8.98920292e+02
-1.99494949e-05 1.38888889e-05 2.99998133e+08 -1.50943110e+04 4.63994924e+02
-1.94444444e-05 1.38888889e-05 2.99995398e+08 -1.88556088e+04 -1.27466601e+02
-1.89393939e-05 1.38888889e-05 2.99991135e+08 -2.40875488e+04 -8.31327230e+02
-1.84343434e-05 1.38888889e-05 2.99984586e+08 -3.14758655e+04 -1.42802084e+03
-1.79292929e-05 1.38888889e-05 2.99974792e+08 -4.19168396e+04 -1.24668438e+03
-1.74242424e-05 1.38888889e-05 2.99960895e+08 -5.62193196e+04 1.42573170e+03
-1.69191919e-05 1.38888889e-05 2.99943174e+08 -7.38498823e+04 1.03857163e+04
-1.64141414e-05 1.38888889e-05 2.99925481e+08 -8.92972795e+04 3.26349346e+04
-1.59090909e-05 1.38888889e-05 2.99919404e+08 -8.40430889e+04 7.76566859e+04
-1.54040404e-05 1.38888889e-05 2.99951242e+08 -1.11865157e+04 1.50053834e+05
-1.48989899e-05 1.38888889e-05 3.00062493e+08 2.26683750e+05 2.03350035e+05
-1.43939394e-05 1.38888889e-05 3.00107709e+08 5.32414149e+05 -1.60451649e+04
-1.38888889e-05 1.38888889e-05 2.99928270e+08 2.95948571e+05 -2.74934916e+05
-1.33838384e-05 1.38888889e-05 2.99919308e+08 2.62131498e+04 -1.93320730e+05
-1.28787879e-05 1.38888889e-05 2.99965926e+08 -5.16410779e+04 -9.28119508e+04
-1.23737374e-05 1.38888889e-05 2.99994629e+08 -6.08242950e+04 -3.97319200e+04
-1.18686869e-05 1.38888889e-05 3.00007818e+08 -5.36340331e+04 -1.45716256e+04
-1.13636364e-05 1.38888889e-05 3.00012971e+08 -4.42016805e+04 -2.80652475e+03
-1.08585859e-05 1.38888889e-05 3.00014346e+08 -3.58995299e+04 2.61662279e+03
-1.03535354e-05 1.38888889e-05 3.00014032e+08 -2.92464368e+04 4.98754278e+03
-9.84848485e-06 1.38888889e-05 3.00013022e+08 -2.40538302e+04 5.86829861e+03
-9.34343434e-06 1.38888889e-05 3.00011781e+08 -2.00135416e+04 6.02076024e+03
-8.83838384e-06 1.38888889e-05 3.00010526e+08 -1.68494059e+04 5.82554617e+03
-8.33333333e-06 1.38888889e-05 3.00009349e+08 -1.43449105e+04 5.47612812e+03
-7.82828283e-06 1.38888889e-05 3.00008286e+08 -1.23377563e+04 5.07165800e+03
-7.32323232e-06 1.38888889e-05 3.00007343e+08 -1.07079990e+04 4.66274384e+03
-6.81818182e-06 1.38888889e-05 3.00006516e+08 -9.36709831e+03 4.27465135e+03
-6.31313131e-06 1.38888889e-05 3.00005792e+08 -8.24936898e+03 3.91934146e+03
-5.80808081e-06 1.38888889e-05 3.00005161e+08 -7.30568224e+03 3.60183324e+03
-5.30303030e-06 1.38888889e-05 3.00004608e+08 -6.49891352e+03 3.32360962e+03
-4.79797980e-06 1.38888889e-05 3.00004122e+08 -5.80064997e+03 3.08444182e+03
-4.29292929e-06 1.38888889e-05 3.00003693e+08 -5.18877372e+03 2.88333175e+03
-3.78787879e-06 1.38888889e-05 3.00003308e+08 -4.64564098e+03 2.71890248e+03
-3.28282828e-06 1.38888889e-05 3.00002958e+08 -4.15668232e+03 2.58931952e+03
-2.77777778e-06 1.38888889e-05 3.00002631e+08 -3.70941537e+03 2.49157926e+03
-2.27272727e-06 1.38888889e-05 3.00002315e+08 -3.29327862e+03 2.41967540e+03
-1.76767677e-06 1.38888889e-05 3.00002001e+08 -2.90185022e+03 2.36090468e+03
-1.26262626e-06 1.38888889e-05 3.00001684e+08 -2.54154853e+03 2.29090277e+03
-7.57575758e-07 1.38888889e-05 3.00001384e+08 -2.25162760e+03 2.17685958e+03
-2.52525253e-07 1.38888889e-05 3.00001142e+08 -2.11425561e+03 2.01885715e+03
2.52525253e-07 1.38888889e-05 3.00000960e+08 -2.15649255e+03 1.91792234e+03
7.57575758e-07 1.38888889e-05 3.00000764e+08 -2.19563664e+03 1.96433957e+03
1.26262626e-06 1.38888889e-05 3.00000587e+08 -2.07172748e+03 2.05035545e+03
1.76767677e-06 1.38888889e-05 3.00000523e+08 -1.86843467e+03 2.08341833e+03
2.27272727e-06 1.38888889e-05 3.00000562e+08 -1.68509987e+03 2.09627059e+03
2.77777778e-06 1.38888889e-05 3.00000647e+08 -1.53727413e+03 2.13088187e+03
3.28282828e-06 1.38888889e-05 3.00000743e+08 -1.40840666e+03 2.19366773e+03
3.78787879e-06 1.38888889e-05 3.00000836e+08 -1.29187498e+03 2.26714258e+03
4.29292929e-06 1.38888889e-05 3.00000936e+08 -1.20420208e+03 2.33237987e+03
4.79797980e-06 1.38888889e-05 3.00001045e+08 -1.17232412e+03 2.38727017e+03
5.30303030e-06 1.38888889e-05 3.00001159e+08 -1.20960457e+03 2.44520762e+03
5.80808081e-06 1.38888889e-05 3.00001263e+08 -1.30785387e+03 2.51836375e+03
6.31313131e-06 1.38888889e-05 3.00001349e+08 -1.44901547e+03 2.60736958e+03
6.81818182e-06 1.38888889e-05 3.00001418e+08 -1.61779904e+03 2.70401851e+03
7.32323232e-06 1.38888889e-05 3.00001475e+08 -1.80547104e+03 2.79771222e+03
7.82828283e-06 1.38888889e-05 3.00001525e+08 -2.00804691e+03 2.87912351e+03
8.33333333e-06 1.38888889e-05 3.00001572e+08 -2.22357267e+03 2.94096901e+03
8.83838384e-06 1.38888889e-05 3.00001616e+08 -2.45027268e+03 2.97757533e+03
9.34343434e-06 1.38888889e-05 3.00001659e+08 -2.68559874e+03 2.98430221e+03
9.84848485e-06 1.38888889e-05 3.00001697e+08 -2.92582366e+03 2.95717854e+03
1.03535354e-05 1.38888889e-05 3.00001727e+08 -3.16590904e+03 2.89278374e+03
1.08585859e-05 1.38888889e-05 3.00001746e+08 -3.39951287e+03 2.78831808e+03
1.13636364e-05 1.38888889e-05 3.00001750e+08 -3.61909011e+03 2.64179959e+03
1.18686869e-05 1.38888889e-05 3.00001735e+08 -3.81608156e+03 2.45233597e+03
1.23737374e-05 1.38888889e-05 3.00001699e+08 -3.98120182e+03 2.22042708e+03
1.28787879e-05 1.38888889e-05 3.00001637e+08 -4.10483688e+03 1.94825456e+03
1.33838384e-05 1.38888889e-05 3.00001549e+08 -4.17755262e+03 1.63991378e+03
1.38888889e-05 1.38888889e-05 3.00001436e+08 -4.19069952e+03 1.30154213e+03
1.43939394e-05 1.38888889e-05 3.00001298e+08 -4.13707989e+03 9.41300435e+02
1.48989899e-05 1.38888889e-05 3.00001140e+08 -4.01162375e+03 5.69174443e+02
1.54040404e-05 1.38888889e-05 3.00000967e+08 -3.81200382e+03 1.96580284e+02
1.59090909e-05 1.38888889e-05 3.00000785e+08 -3.53911140e+03 -1.64217387e+02
1.64141414e-05 1.38888889e-05 3.00000604e+08 -3.19731865e+03 -5.00837646e+02
1.69191919e-05 1.38888889e-05 3.00000431e+08 -2.79446974e+03 -8.01601609e+02
1.74242424e-05 1.38888889e-05 3.00000276e+08 -2.34157322e+03 -1.05635188e+03
1.79292929e-05 1.38888889e-05 3.00000147e+08 -1.85220625e+03 -1.25717981e+03
1.84343434e-05 1.38888889e-05 3.00000050e+08 -1.34168155e+03 -1.39897396e+03
1.89393939e-05 1.38888889e-05 2.99999990e+08 -8.26061937e+02 -1.47972496e+03
1.94444444e-05 1.38888889e-05 2.99999970e+08 -3.21128262e+02 -1.50055491e+03
1.99494949e-05 1.38888889e-05 2.99999990e+08 1.58589206e+02 -1.46547717e+03
2.04545455e-05 1.38888889e-05 3.00000047e+08 6.00619641e+02 -1.38092790e+03
2.09595960e-05 1.38888889e-05 3.00000138e+08 9.95131445e+02 -1.25513682e+03
2.14646465e-05 1.38888889e-05 3.00000256e+08 1.33524873e+03 -1.09741824e+03
2.19696970e-05 1.38888889e-05 3.00000395e+08 1.61710596e+03 -9.17463266e+02
2.24747475e-05 1.38888889e-05 3.00000547e+08 1.83967245e+03 -7.24702000e+02
2.29797980e-05 1.38888889e-05 3.00000707e+08 2.00439950e+03 -5.27785081e+02
2.34848485e-05 1.38888889e-05 3.00000866e+08 2.11475265e+03 -3.34211381e+02
2.39898990e-05 1.38888889e-05 3.00001019e+08 2.17569150e+03 -1.50107043e+02
2.44949495e-05 1.38888889e-05 3.00001162e+08 2.19315151e+03 1.98561528e+01
2.50000000e-05 1.38888889e-05 3.00001291e+08 2.17356949e+03 1.72426815e+02
-2.50000000e-05 1.43939394e-05 3.00002985e+08 -3.61594299e+03 1.80070527e+03
-2.44949495e-05 1.43939394e-05 3.00003196e+08 -4.01797216e+03 1.93586142e+03
-2.39898990e-05 1.43939394e-05 3.00003423e+08 -4.48690488e+03 2.07930236e+03
-2.34848485e-05 1.43939394e-05 3.00003666e+08 -5.03890234e+03 2.23000753e+03
-2.29797980e-05 1.43939394e-05 3.00003919e+08 -5.69553655e+03 2.38585952e+03
-2.24747475e-05 1.43939394e-05 3.00004173e+08 -6.48616457e+03 2.54298136e+03
-2.19696970e-05 1.43939394e-05 3.00004411e+08 -7.45160739e+03 2.69470426e+03
-2.14646465e-05 1.43939394e-05 3.00004603e+08 -8.64999824e+03 2.82998113e+03
-2.09595960e-05 1.43939394e-05 3.00004696e+08 -1.01663326e+04 2.93101767e+03
-2.04545455e-05 1.43939394e-05 3.00004596e+08 -1.21284913e+04 2.96995528e+03
-1.99494949e-05 1.43939394e-05 3.00004142e+08 -1.47348226e+04 2.90493892e+03
-1.94444444e-05 1.43939394e-05 3.00003049e+08 -1.83026115e+04 2.67789909e+03
-1.89393939e-05 1.43939394e-05 3.00000818e+08 -2.33539483e+04 2.22316820e+03
-1.84343434e-05 1.43939394e-05 2.99996587e+08 -3.07645549e+04 1.51752116e+03
-1.79292929e-05 1.43939394e-05 2.99988903e+08 -4.19965062e+04 7.65960204e+02
-1.74242424e-05 1.43939394e-05 2.99975556e+08 -5.93339789e+04 9.86798202e+02
-1.69191919e-05 1.43939394e-05 2.99953987e+08 -8.55113668e+04 5.59145415e+03
-1.64141414e-05 1.43939394e-05 2.99923792e+08 -1.20314657e+05 2.35733396e+04
-1.59090909e-05 1.43939394e-05 2.99892113e+08 -1.48672025e+05 7.18880999e+04
-1.54040404e-05 1.43939394e-05 2.99874123e+08 -1.17325609e+05 1.67940412e+05
-1.48989899e-05 1.43939394e-05 2.99915673e+08 1.38447072e+05 3.35653963e+05
-1.43939394e-05 1.43939394e-05 3.00283733e+08 1.46237285e+06 -5.82221060e+04
-1.38888889e-05 1.43939394e-05 2.99779216e+08 8.80172768e+04 -5.45929535e+05
-1.33838384e-05 1.43939394e-05 2.99972909e+08 -1.48751206e+05 -1.41662641e+05
-1.28787879e-05 1.43939394e-05 3.00024487e+08 -1.22313297e+05 -3.32865281e+04
-1.23737374e-05 1.43939394e-05 3.00034223e+08 -8.90155307e+04 -8.06511069e+02
-1.18686869e-05 1.43939394e-05 3.00032996e+08 -6.50153372e+04 9.38101267e+03
-1.13636364e-05 1.43939394e-05 3.00029040e+08 -4.86192655e+04 1.20377111e+04
-1.08585859e-05 1.43939394e-05 3.00024801e+08 -3.73291235e+04 1.20205164e+04
-1.03535354e-05 1.43939394e-05 3.00020991e+08 -2.93815922e+04 1.10940642e+04
-9.84848485e-06 1.43939394e-05 3.00017760e+08 -2.36455575e+04 9.92988892e+03
-9.34343434e-06 1.43939394e-05 3.00015079e+08 -1.94030909e+04 8.78296766e+03
-8.83838384e-06 1.43939394e-05 3.00012869e+08 -1.61926611e+04 7.74266924e+03
-8.33333333e-06 1.43939394e-05 3.00011047e+08 -1.37115066e+04 6.83172969e+03
-7.82828283e-06 1.43939394e-05 3.00009540e+08 -1.17565760e+04 6.04686621e+03
-7.32323232e-06 1.43939394e-05 3.00008288e+08 -1.01886886e+04 5.37577151e+03
-6.81818182e-06 1.43939394e-05 3.00007241e+08 -8.91046183e+03 4.80418977e+03
-6.31313131e-06 1.43939394e-05 3.00006361e+08 -7.85245052e+03 4.31873596e+03
-5.80808081e-06 1.43939394e-05 3.00005617e+08 -6.96425357e+03 3.90788188e+03
-5.30303030e-06 1.43939394e-05 3.00004985e+08 -6.20867418e+03 3.56217349e+03
-4.79797980e-06 1.43939394e-05 3.00004443e+08 -5.55777931e+03 3.27415414e+03
-4.29292929e-06 1.43939394e-05 3.00003975e+08 -4.99013976e+03 3.03820383e+03
-3.78787879e-06 1.43939394e-05 3.00003566e+08 -4.48877443e+03 2.85037465e+03
-3.28282828e-06 1.43939394e-05 3.00003202e+08 -4.03944430e+03 2.70820589e+03
-2.77777778e-06 1.43939394e-05 3.00002870e+08 -3.62899134e+03 2.61033550e+03
-2.27272727e-06 1.43939394e-05 3.00002549e+08 -3.24350356e+03 2.55525617e+03
-1.76767677e-06 1.43939394e-05 3.00002218e+08 -2.86676687e+03 2.53718035e+03
-1.26262626e-06 1.43939394e-05 3.00001847e+08 -2.48347162e+03 2.53357760e+03
-7.57575758e-07 1.43939394e-05 3.00001421e+08 -2.10890146e+03 2.47760804e+03
-2.52525253e-07 1.43939394e-05 3.00001013e+08 -1.89366073e+03 2.26293188e+03
2.52525253e-07 1.43939394e-05 3.00000738e+08 -2.09977390e+03 2.01434970e+03
7.57575758e-07 1.43939394e-05 3.00000423e+08 -2.30990668e+03 2.08830750e+03
1.26262626e-06 1.43939394e-05 3.00000211e+08 -2.08294184e+03 2.12822496e+03
1.76767677e-06 1.43939394e-05 3.00000291e+08 -1.82443933e+03 2.02207957e+03
2.27272727e-06 1.43939394e-05 3.00000494e+08 -1.67412177e+03 1.94222050e+03
2.77777778e-06 1.43939394e-05 3.00000699e+08 -1.58010720e+03 1.94375656e+03
3.28282828e-06 1.43939394e-05 3.00000869e+08 -1.48456654e+03 2.01098598e+03
3.78787879e-06 1.43939394e-05 3.00001004e+08 -1.36572435e+03 2.09855038e+03
4.29292929e-06 1.43939394e-05 3.00001132e+08 -1.25629428e+03 2.16237660e+03
4.79797980e-06 1.43939394e-05 3.00001268e+08 -1.21600837e+03 2.19947043e+03
5.30303030e-06 1.43939394e-05 3.00001399e+08 -1.26864711e+03 2.24249105e+03
5.80808081e-06 1.43939394e-05 3.00001499e+08 -1.38975712e+03 2.31350245e+03
6.31313131e-06 1.43939394e-05 3.00001562e+08 -1.54505098e+03 2.40740407e+03
6.81818182e-06 1.43939394e-05 3.00001598e+08 -1.71458642e+03 2.50761727e+03
7.32323232e-06 1.43939394e-05 3.00001620e+08 -1.89175129e+03 2.59958781e+03
7.82828283e-06 1.43939394e-05 3.00001637e+08 -2.07586261e+03 2.67386588e+03
8.33333333e-06 1.43939394e-05 3.00001652e+08 -2.26736054e+03 2.72471602e+03
8.83838384e-06 1.43939394e-05 3.00001669e+08 -2.46583635e+03 2.74836561e+03
9.34343434e-06 1.43939394e-05 3.00001685e+08 -2.66947994e+03 2.74193958e+03
9.84848485e-06 1.43939394e-05 3.00001697e+08 -2.87504901e+03 2.70300464e+03
1.03535354e-05 1.43939394e-05 3.00001704e+08 -3.07798941e+03 2.62948207e+03
1.08585859e-05 1.43939394e-05 3.00001701e+08 -3.27259459e+03 2.51975717e+03
1.13636364e-05 1.43939394e-05 3.00001685e+08 -3.45219048e+03 2.37288638e+03
1.18686869e-05 1.43939394e-05 3.00001653e+08 -3.60936122e+03 2.18884531e+03
1.23737374e-05 1.43939394e-05 3.00001603e+08 -3.73623463e+03 1.96877932e+03
1.28787879e-05 1.43939394e-05 3.00001531e+08 -3.82483919e+03 1.71522395e+03
1.33838384e-05 1.43939394e-05 3.00001438e+08 -3.86753315e+03 1.43226348e+03
1.38888889e-05 1.43939394e-05 3.00001323e+08 -3.85749253e+03 1.12559651e+03
1.43939394e-05 1.43939394e-05 3.00001190e+08 -3.78923014e+03 8.02481032e+02
1.48989899e-05 1.43939394e-05 3.00001040e+08 -3.65910436e+03 4.71539990e+02
1.54040404e-05 1.43939394e-05 3.00000880e+08 -3.46576592e+03 1.42421201e+02
1.59090909e-05 1.43939394e-05 3.00000714e+08 -3.21048787e+03 -1.74676519e+02
1.64141414e-05 1.43939394e-05 3.00000550e+08 -2.89732757e+03 -4.69580027e+02
1.69191919e-05 1.43939394e-05 3.00000394e+08 -2.53308359e+03 -7.32772188e+02
1.74242424e-05 1.43939394e-05 3.00000255e+08 -2.12703167e+03 -9.56013947e+02
1.79292929e-05 1.43939394e-05 3.00000138e+08 -1.69045067e+03 -1.13289169e+03
1.84343434e-05 1.43939394e-05 3.00000050e+08 -1.23597671e+03 -1.25922913e+03
1.89393939e-05 1.43939394e-05 2.99999993e+08 -7.76846832e+02 -1.33331832e+03
1.94444444e-05 1.43939394e-05 2.99999971e+08 -3.26107335e+02 -1.35594722e+03
1.99494949e-05 1.43939394e-05 2.99999983e+08 1.04134465e+02 -1.33022718e+03
2.04545455e-05 1.43939394e-05 3.00000028e+08 5.03345550e+02 -1.26124812e+03
2.09595960e-05 1.43939394e-05 3.00000103e+08 8.63037723e+02 -1.15560815e+03
2.14646465e-05 1.43939394e-05 3.00000202e+08 1.17704531e+03 -1.02087485e+03
2.19696970e-05 1.43939394e-05 3.00000321e+08 1.44160686e+03 -8.65036431e+02
2.24747475e-05 1.43939394e-05 3.00000454e+08 1.65526942e+03 -6.95994626e+02
2.29797980e-05 1.43939394e-05 3.00000595e+08 1.81865030e+03 -5.21138203e+02
2.34848485e-05 1.43939394e-05 3.00000737e+08 1.93409970e+03 -3.47020775e+02
2.39898990e-05 1.43939394e-05 3.00000877e+08 2.00530975e+03 -1.79151240e+02
2.44949495e-05 1.43939394e-05 3.00001009e+08 2.03691130e+03 -2.18920703e+01
2.50000000e-05 1.43939394e-05 3.00001131e+08 2.03409206e+03 1.21548853e+02
-2.50000000e-05 1.48989899e-05 3.00003667e+08 -3.77973791e+03 2.23954541e+03
-2.44949495e-05 1.48989899e-05 3.00004006e+08 -4.19768526e+03 2.44671246e+03
-2.39898990e-05 1.48989899e-05 3.00004394e+08 -4.68397092e+03 2.67886071e+03
-2.34848485e-05 1.48989899e-05 3.00004838e+08 -5.25457799e+03 2.93982610e+03
-2.29797980e-05 1.48989899e-05 3.00005349e+08 -5.93061776e+03 3.23401405e+03
-2.24747475e-05 1.48989899e-05 3.00005936e+08 -6.74049009e+03 3.56637085e+03
-2.19696970e-05 1.48989899e-05 3.00006610e+08 -7.72320303e+03 3.94222175e+03
-2.14646465e-05 1.48989899e-05 3.00007382e+08 -8.93362731e+03 4.36683840e+03
-2.09595960e-05 1.48989899e-05 3.00008257e+08 -1.04510966e+04 4.84447784e+03
-2.04545455e-05 1.48989899e-05 3.00009230e+08 -1.23940242e+04 5.37642685e+03
-1.99494949e-05 1.48989899e-05 3.00010271e+08 -1.49458132e+04 5.95726674e+03
-1.94444444e-05 1.48989899e-05 3.00011288e+08 -1.84029530e+04 6.56829210e+03
-1.89393939e-05 1.48989899e-05 3.00012062e+08 -2.32687712e+04 7.16781824e+03
-1.84343434e-05 1.48989899e-05 3.00012088e+08 -3.04450456e+04 7.68524635e+03
-1.79292929e-05 1.48989899e-05 3.00010249e+08 -4.16376241e+04 8.06313074e+03
-1.74242424e-05 1.48989899e-05 3.00004172e+08 -6.02087358e+04 8.56262592e+03
-1.69191919e-05 1.48989899e-05 2.99989378e+08 -9.27061867e+04 1.12570786e+04
-1.64141414e-05 1.48989899e-05 2.99960529e+08 -1.49509839e+05 2.59475626e+04
-1.59090909e-05 1.48989899e-05 2.99924765e+08 -2.32124658e+05 8.57597810e+04
-1.54040404e-05 1.48989899e-05 2.99930562e+08 -2.81116672e+05 2.53366488e+05
-1.48989899e-05 1.48989899e-05 3.00061414e+08 -1.77964221e+05 6.22489978e+05
-1.43939394e-05 1.48989899e-05 3.46935771e+08 2.56500005e+08 -1.45740843e+07
-1.38888889e-05 1.48989899e-05 3.00303016e+08 -5.86536726e+05 -4.69217486e+04
-1.33838384e-05 1.48989899e-05 3.00149796e+08 -2.58180573e+05 2.90609626e+04
-1.28787879e-05 1.48989899e-05 3.00098685e+08 -1.47200735e+05 3.68177411e+04
-1.23737374e-05 1.48989899e-05 3.00070287e+08 -9.37788249e+04 3.24332036e+04
-1.18686869e-05 1.48989899e-05 3.00052132e+08 -6.42543146e+04 2.65817902e+04
-1.13636364e-05 1.48989899e-05 3.00039824e+08 -4.64703828e+04 2.14989726e+04
-1.08585859e-05 1.48989899e-05 3.00031161e+08 -3.50525354e+04 1.74700326e+04
-1.03535354e-05 1.48989899e-05 3.00024879e+08 -2.73425922e+04 1.43472448e+04
-9.84848485e-06 1.48989899e-05 3.00020208e+08 -2.19177309e+04 1.19267251e+04
-9.34343434e-06 1.48989899e-05 3.00016659e+08 -1.79676291e+04 1.00349064e+04
-8.83838384e-06 1.48989899e-05 3.00013911e+08 -1.50066270e+04 8.53974335e+03
-8.33333333e-06 1.48989899e-05 3.00011748e+08 -1.27308712e+04 7.34427375e+03
-7.82828283e-06 1.48989899e-05 3.00010021e+08 -1.09431675e+04 6.37793283e+03
-7.32323232e-06 1.48989899e-05 3.00008625e+08 -9.51145600e+03 5.58928308e+03
-6.81818182e-06 1.48989899e-05 3.00007484e+08 -8.34486992e+03 4.94061502e+03
-6.31313131e-06 1.48989899e-05 3.00006544e+08 -7.37940752e+03 4.40410483e+03
-5.80808081e-06 1.48989899e-05 3.00005762e+08 -6.56906769e+03 3.95912601e+03
-5.30303030e-06 1.48989899e-05 3.00005107e+08 -5.88019386e+03 3.59038795e+03
-4.79797980e-06 1.48989899e-05 3.00004555e+08 -5.28775204e+03 3.28667191e+03
-4.29292929e-06 1.48989899e-05 3.00004087e+08 -4.77278789e+03 3.04002033e+03
-3.78787879e-06 1.48989899e-05 3.00003688e+08 -4.32058027e+03 2.84531011e+03
-3.28282828e-06 1.48989899e-05 3.00003344e+08 -3.91912191e+03 2.70021478e+03
-2.77777778e-06 1.48989899e-05 3.00003041e+08 -3.55751560e+03 2.60564074e+03
-2.27272727e-06 1.48989899e-05 3.00002764e+08 -3.22355830e+03 2.56676467e+03
-1.76767677e-06 1.48989899e-05 3.00002486e+08 -2.89882130e+03 2.59438249e+03
-1.26262626e-06 1.48989899e-05 3.00002150e+08 -2.54740288e+03 2.70260843e+03
-7.57575758e-07 1.48989899e-05 3.00001641e+08 -2.09804016e+03 2.87502753e+03
-2.52525253e-07 1.48989899e-05 3.00000814e+08 -1.54088288e+03 2.86809389e+03
2.52525253e-07 1.48989899e-05 3.00000106e+08 -1.86144579e+03 2.21041315e+03
7.57575758e-07 1.48989899e-05 2.99999361e+08 -2.48028521e+03 2.44951824e+03
1.26262626e-06 1.48989899e-05 2.99999456e+08 -1.84559191e+03 2.09050669e+03
1.76767677e-06 1.48989899e-05 3.00000005e+08 -1.64167256e+03 1.73740621e+03
2.27272727e-06 1.48989899e-05 3.00000459e+08 -1.61919160e+03 1.59918331e+03
2.77777778e-06 1.48989899e-05 3.00000800e+08 -1.63070723e+03 1.60848453e+03
3.28282828e-06 1.48989899e-05 3.00001049e+08 -1.59543009e+03 1.71990232e+03
3.78787879e-06 1.48989899e-05 3.00001224e+08 -1.46457594e+03 1.86301116e+03
4.29292929e-06 1.48989899e-05 3.00001379e+08 -1.29865617e+03 1.94435453e+03
4.79797980e-06 1.48989899e-05 3.00001553e+08 -1.24091989e+03 1.96235201e+03
5.30303030e-06 1.48989899e-05 3.00001699e+08 -1.32818350e+03 2.00221153e+03
5.80808081e-06 1.48989899e-05 3.00001772e+08 -1.48565845e+03 2.09534665e+03
6.31313131e-06 1.48989899e-05 3.00001784e+08 -1.65379242e+03 2.21384591e+03
6.81818182e-06 1.48989899e-05 3.00001767e+08 -1.81605692e+03 2.32768537e+03
7.32323232e-06 1.48989899e-05 3.00001742e+08 -1.97469721e+03 2.42144974e+03
7.82828283e-06 1.48989899e-05 3.00001720e+08 -2.13474258e+03 2.48931273e+03
8.33333333e-06 1.48989899e-05 3.00001705e+08 -2.29921544e+03 2.52930466e+03
8.83838384e-06 1.48989899e-05 3.00001694e+08 -2.46862856e+03 2.54049445e+03
9.34343434e-06 1.48989899e-05 3.00001687e+08 -2.64145015e+03 2.52201184e+03
9.84848485e-06 1.48989899e-05 3.00001678e+08 -2.81459031e+03 2.47287721e+03
1.03535354e-05 1.48989899e-05 3.00001666e+08 -2.98375571e+03 2.39213420e+03
1.08585859e-05 1.48989899e-05 3.00001645e+08 -3.14370819e+03 2.27908167e+03
1.13636364e-05 1.48989899e-05 3.00001614e+08 -3.28848512e+03 2.13352767e+03
1.18686869e-05 1.48989899e-05 3.00001569e+08 -3.41162576e+03 1.95603431e+03
1.23737374e-05 1.48989899e-05 3.00001508e+08 -3.50643110e+03 1.74813458e+03
1.28787879e-05 1.48989899e-05 3.00001430e+08 -3.56627047e+03 1.51250409e+03
1.33838384e-05 1.48989899e-05 3.00001334e+08 -3.58493498e+03 1.25306917e+03
1.38888889e-05 1.48989899e-05 3.00001221e+08 -3.55702632e+03 9.75032601e+02
1.43939394e-05 1.48989899e-05 3.00001092e+08 -3.47835787e+03 6.84800819e+02
1.48989899e-05 1.48989899e-05 3.00000951e+08 -3.34633656e+03 3.89802747e+02
1.54040404e-05 1.48989899e-05 3.00000803e+08 -3.16028702e+03 9.82002171e+01
1.59090909e-05 1.48989899e-05 3.00000651e+08 -2.92167911e+03 -1.81497705e+02
1.64141414e-05 1.48989899e-05 3.00000502e+08 -2.63422369e+03 -4.40890828e+02
1.69191919e-05 1.48989899e-05 3.00000361e+08 -2.30381243e+03 -6.72176881e+02
1.74242424e-05 1.48989899e-05 3.00000236e+08 -1.93829288e+03 -8.68627961e+02
1.79292929e-05 1.48989899e-05 3.00000130e+08 -1.54708904e+03 -1.02500659e+03
1.84343434e-05 1.48989899e-05 3.00000049e+08 -1.14069620e+03 -1.13787818e+03
1.89393939e-05 1.48989899e-05 2.99999995e+08 -7.30094684e+02 -1.20578785e+03
1.94444444e-05 1.48989899e-05 2.99999971e+08 -3.26136976e+02 -1.22928531e+03
1.99494949e-05 1.48989899e-05 2.99999978e+08 6.10352818e+01 -1.21079965e+03
2.04545455e-05 1.48989899e-05 3.00000013e+08 4.22493444e+02 -1.15438328e+03
2.09595960e-05 1.48989899e-05 3.00000074e+08 7.50904306e+02 -1.06535732e+03
2.14646465e-05 1.48989899e-05 3.00000158e+08 1.04077020e+03 -9.49899471e+02
2.19696970e-05 1.48989899e-05 3.00000260e+08 1.28852149e+03 -8.14616629e+02
2.24747475e-05 1.48989899e-05 3.00000376e+08 1.49247218e+03 -6.66141053e+02
2.29797980e-05 1.48989899e-05 3.00000500e+08 1.65266132e+03 -5.10780746e+02
2.34848485e-05 1.48989899e-05 3.00000627e+08 1.77061072e+03 -3.54244155e+02
2.39898990e-05 1.48989899e-05 3.00000754e+08 1.84903187e+03 -2.01448471e+02
2.44949495e-05 1.48989899e-05 3.00000876e+08 1.89151327e+03 -5.64109830e+01
2.50000000e-05 1.48989899e-05 3.00000989e+08 1.90221505e+03 7.77846717e+01
-2.50000000e-05 1.54040404e-05 3.00004206e+08 -4.00426209e+03 2.61153198e+03
-2.44949495e-05 1.54040404e-05 3.00004645e+08 -4.45217677e+03 2.87988639e+03
-2.39898990e-05 1.54040404e-05 3.00005159e+08 -4.97402249e+03 3.18795706e+03
-2.34848485e-05 1.54040404e-05 3.00005762e+08 -5.58709876e+03 3.54418084e+03
-2.29797980e-05 1.54040404e-05 3.00006475e+08 -6.31418004e+03 3.95933977e+03
-2.24747475e-05 1.54040404e-05 3.00007326e+08 -7.18575974e+03 4.44735495e+03
-2.19696970e-05 1.54040404e-05 3.00008350e+08 -8.24345444e+03 5.02639095e+03
-2.14646465e-05 1.54040404e-05 3.00009592e+08 -9.54531424e+03 5.72040128e+03
-2.09595960e-05 1.54040404e-05 3.00011114e+08 -1.11743775e+04 6.56129444e+03
-2.04545455e-05 1.54040404e-05 3.00012999e+08 -1.32529775e+04 7.59194812e+03
-1.99494949e-05 1.54040404e-05 3.00015356e+08 -1.59677442e+04 8.87030114e+03
-1.94444444e-05 1.54040404e-05 3.00018331e+08 -1.96156452e+04 1.04745653e+04
-1.89393939e-05 1.54040404e-05 3.00022104e+08 -2.46942671e+04 1.25088259e+04
-1.84343434e-05 1.54040404e-05 3.00026866e+08 -3.20928203e+04 1.51061081e+04
-1.79292929e-05 1.54040404e-05 3.00032684e+08 -4.35348314e+04 1.84224885e+04
-1.74242424e-05 1.54040404e-05 3.00038991e+08 -6.27185388e+04 2.26317507e+04
-1.69191919e-05 1.54040404e-05 3.00042842e+08 -9.85832179e+04 2.81971349e+04
-1.64141414e-05 1.54040404e-05 3.00034078e+08 -1.75004369e+05 3.93243969e+04
-1.59090909e-05 1.54040404e-05 2.99996471e+08 -3.48831897e+05 9.26555674e+04
-1.54040404e-05 1.54040404e-05 3.00010025e+08 -6.27406772e+05 3.55460167e+05
-1.48989899e-05 1.54040404e-05 2.99694153e+08 -8.72159412e+05 2.42903653e+05
-1.43939394e-05 1.54040404e-05 2.99847467e+08 -1.20344321e+06 4.20564780e+05
-1.38888889e-05 1.54040404e-05 3.00009217e+08 -6.75303803e+05 9.20854022e+04
-1.33838384e-05 1.54040404e-05 3.00105418e+08 -2.66484930e+05 5.54963951e+04
-1.28787879e-05 1.54040404e-05 3.00092149e+08 -1.37713657e+05 4.75816510e+04
-1.23737374e-05 1.54040404e-05 3.00068929e+08 -8.42831707e+04 3.68366081e+04
-1.18686869e-05 1.54040404e-05 3.00051292e+08 -5.69711751e+04 2.81622274e+04
-1.13636364e-05 1.54040404e-05 3.00038950e+08 -4.11290536e+04 2.18443236e+04
-1.08585859e-05 1.54040404e-05 3.00030275e+08 -3.11296614e+04 1.72910763e+04
-1.03535354e-05 1.54040404e-05 3.00024043e+08 -2.44193968e+04 1.39639028e+04
-9.84848485e-06 1.54040404e-05 3.00019455e+08 -1.97001766e+04 1.14834333e+04
-9.34343434e-06 1.54040404e-05 3.00015998e+08 -1.62550654e+04 9.59585019e+03
-8.83838384e-06 1.54040404e-05 3.00013340e+08 -1.36619752e+04 8.13177881e+03
-8.33333333e-06 1.54040404e-05 3.00011261e+08 -1.16594132e+04 6.97674793e+03
-7.82828283e-06 1.54040404e-05 3.00009608e+08 -1.00784912e+04 6.05203724e+03
-7.32323232e-06 1.54040404e-05 3.00008278e+08 -8.80629732e+03 5.30253104e+03
-6.81818182e-06 1.54040404e-05 3.00007195e+08 -7.76513027e+03 4.68898810e+03
-6.31313131e-06 1.54040404e-05 3.00006305e+08 -6.90021051e+03 4.18306005e+03
-5.80808081e-06 1.54040404e-05 3.00005569e+08 -6.17213649e+03 3.76403542e+03
-5.30303030e-06 1.54040404e-05 3.00004956e+08 -5.55210458e+03 3.41668935e+03
-4.79797980e-06 1.54040404e-05 3.00004444e+08 -5.01879594e+03 3.12986775e+03
-4.29292929e-06 1.54040404e-05 3.00004016e+08 -4.55629903e+03 2.89559362e+03
-3.78787879e-06 1.54040404e-05 3.00003659e+08 -4.15269031e+03 2.70860100e+03
-3.28282828e-06 1.54040404e-05 3.00003364e+08 -3.79903224e+03 2.56632366e+03
-2.77777778e-06 1.54040404e-05 3.00003124e+08 -3.48860007e+03 2.46956766e+03
-2.27272727e-06 1.54040404e-05 3.00002935e+08 -3.21607657e+03 2.42457930e+03
-1.76767677e-06 1.54040404e-05 3.00002792e+08 -2.97595984e+03 2.44865960e+03
-1.26262626e-06 1.54040404e-05 3.00002684e+08 -2.75678851e+03 2.58655985e+03
-7.57575758e-07 1.54040404e-05 3.00002546e+08 -2.51052284e+03 2.96557111e+03
-2.52525253e-07 1.54040404e-05 3.00001902e+08 -1.92362516e+03 3.98031747e+03
2.52525253e-07 1.54040404e-05 2.99997674e+08 4.01565590e+02 4.51529090e+03
7.57575758e-07 1.54040404e-05 2.99993934e+08 1.82080131e+01 4.05739689e+03
1.26262626e-06 1.54040404e-05 2.99998619e+08 -1.20273663e+03 1.64124653e+03
1.76767677e-06 1.54040404e-05 2.99999986e+08 -1.47477531e+03 1.14530593e+03
2.27272727e-06 1.54040404e-05 3.00000570e+08 -1.60313836e+03 1.07091710e+03
2.77777778e-06 1.54040404e-05 3.00000971e+08 -1.72349653e+03 1.11977740e+03
3.28282828e-06 1.54040404e-05 3.00001301e+08 -1.78444131e+03 1.29057166e+03
3.78787879e-06 1.54040404e-05 3.00001534e+08 -1.63564420e+03 1.54643433e+03
4.29292929e-06 1.54040404e-05 3.00001731e+08 -1.32753398e+03 1.67378929e+03
4.79797980e-06 1.54040404e-05 3.00001977e+08 -1.25027237e+03 1.65682589e+03
5.30303030e-06 1.54040404e-05 3.00002111e+08 -1.42387110e+03 1.73345995e+03
5.80808081e-06 1.54040404e-05 3.00002089e+08 -1.62512254e+03 1.89641855e+03
6.31313131e-06 1.54040404e-05 3.00001999e+08 -1.78752309e+03 2.05863329e+03
6.81818182e-06 1.54040404e-05 3.00001904e+08 -1.92402849e+03 2.18651537e+03
7.32323232e-06 1.54040404e-05 3.00001825e+08 -2.05247181e+03 2.27666820e+03
7.82828283e-06 1.54040404e-05 3.00001766e+08 -2.18258858e+03 2.33281101e+03
8.33333333e-06 1.54040404e-05 3.00001722e+08 -2.31794520e+03 2.35841133e+03
8.83838384e-06 1.54040404e-05 3.00001690e+08 -2.45852771e+03 2.35541566e+03
9.34343434e-06 1.54040404e-05 3.00001664e+08 -2.60225488e+03 2.32453628e+03
9.84848485e-06 1.54040404e-05 3.00001639e+08 -2.74575055e+03 2.26577072e+03
1.03535354e-05 1.54040404e-05 3.00001612e+08 -2.88474461e+03 2.17885977e+03
1.08585859e-05 1.54040404e-05 3.00001578e+08 -3.01431386e+03 2.06365312e+03
1.13636364e-05 1.54040404e-05 3.00001536e+08 -3.12907022e+03 1.92040073e+03
1.18686869e-05 1.54040404e-05 3.00001482e+08 -3.22334977e+03 1.74998696e+03
1.23737374e-05 1.54040404e-05 3.00001414e+08 -3.29142812e+03 1.55411393e+03
1.28787879e-05 1.54040404e-05 3.00001332e+08 -3.32777097e+03 1.33543173e+03
1.33838384e-05 1.54040404e-05 3.00001236e+08 -3.32731787e+03 1.09760771e+03
1.38888889e-05 1.54040404e-05 3.00001125e+08 -3.28578743e+03 8.45324789e+02
1.43939394e-05 1.54040404e-05 3.00001003e+08 -3.19998526e+03 5.84200257e+02
1.48989899e-05 1.54040404e-05 3.00000871e+08 -3.06808933e+03 3.20620930e+02
1.54040404e-05 1.54040404e-05 3.00000733e+08 -2.88988448e+03 6.14975718e+01
1.59090909e-05 1.54040404e-05 3.00000594e+08 -2.66691790e+03 -1.86049682e+02
1.64141414e-05 1.54040404e-05 3.00000458e+08 -2.40255126e+03 -4.15054121e+02
1.69191919e-05 1.54040404e-05 3.00000331e+08 -2.10189374e+03 -6.19084792e+02
1.74242424e-05 1.54040404e-05 3.00000217e+08 -1.77161129e+03 -7.92614668e+02
1.79292929e-05 1.54040404e-05 3.00000121e+08 -1.41962110e+03 -9.31339973e+02
1.84343434e-05 1.54040404e-05 3.00000046e+08 -1.05469319e+03 -1.03241964e+03
1.89393939e-05 1.54040404e-05 2.99999996e+08 -6.85992022e+02 -1.09461192e+03
1.94444444e-05 1.54040404e-05 2.99999971e+08 -3.22597674e+02 -1.11829642e+03
1.99494949e-05 1.54040404e-05 2.99999973e+08 2.69519700e+01 -1.10538252e+03
2.04545455e-05 1.54040404e-05 3.00000000e+08 3.55060629e+02 -1.05911743e+03
2.09595960e-05 1.54040404e-05 3.00000050e+08 6.55385212e+02 -9.83816922e+02
2.14646465e-05 1.54040404e-05 3.00000121e+08 9.23041476e+02 -8.84547930e+02
2.19696970e-05 1.54040404e-05 3.00000209e+08 1.15469795e+03 -7.66794151e+02
2.24747475e-05 1.54040404e-05 3.00000309e+08 1.34856378e+03 -6.36133845e+02
2.29797980e-05 1.54040404e-05 3.00000419e+08 1.50428554e+03 -4.97953690e+02
2.34848485e-05 1.54040404e-05 3.00000533e+08 1.62277408e+03 -3.57215543e+02
2.39898990e-05 1.54040404e-05 3.00000647e+08 1.70598531e+03 -2.18285143e+02
2.44949495e-05 1.54040404e-05 3.00000759e+08 1.75667848e+03 -8.48245306e+01
2.50000000e-05 1.54040404e-05 3.00000865e+08 1.77817300e+03 4.02560152e+01
-2.50000000e-05 1.59090909e-05 3.00004571e+08 -4.27531339e+03 2.88328282e+03
-2.44949495e-05 1.59090909e-05 3.00005073e+08 -4.76391531e+03 3.19227857e+03
-2.39898990e-05 1.59090909e-05 3.00005664e+08 -5.33527660e+03 3.55021655e+03
-2.34848485e-05 1.59090909e-05 3.00006363e+08 -6.00923242e+03 3.96830136e+03
-2.29797980e-05 1.59090909e-05 3.00007197e+08 -6.81199909e+03 4.46113063e+03
-2.24747475e-05 1.59090909e-05 3.00008204e+08 -7.77880736e+03 5.04797892e+03
-2.19696970e-05 1.59090909e-05 3.00009429e+08 -8.95789108e+03 5.75467013e+03
-2.14646465e-05 1.59090909e-05 3.00010940e+08 -1.04166873e+04 6.61635689e+03
-2.09595960e-05 1.59090909e-05 3.00012827e+08 -1.22517612e+04 7.68172301e+03
-2.04545455e-05 1.59090909e-05 3.00015221e+08 -1.46052341e+04 9.01945602e+03
-1.99494949e-05 1.59090909e-05 3.00018313e+08 -1.76930520e+04 1.07283872e+04
-1.94444444e-05 1.59090909e-05 3.00022386e+08 -2.18558761e+04 1.29535722e+04
-1.89393939e-05 1.59090909e-05 3.00027879e+08 -2.76557668e+04 1.59117684e+04
-1.84343434e-05 1.59090909e-05 3.00035484e+08 -3.60722633e+04 1.99302928e+04
-1.79292929e-05 1.59090909e-05 3.00046324e+08 -4.89339613e+04 2.54969878e+04
-1.74242424e-05 1.59090909e-05 3.00062203e+08 -6.99764644e+04 3.32724301e+04
-1.69191919e-05 1.59090909e-05 3.00085656e+08 -1.07864914e+05 4.37418702e+04
-1.64141414e-05 1.59090909e-05 3.00116662e+08 -1.87196561e+05 5.46197168e+04
-1.59090909e-05 1.59090909e-05 3.00115951e+08 -4.07797988e+05 4.94567215e+04
-1.54040404e-05 1.59090909e-05 2.99900461e+08 -1.19959393e+06 2.25103264e+05
-1.48989899e-05 1.59090909e-05 3.38209993e+08 -5.16130190e+07 1.33741422e+07
-1.43939394e-05 1.59090909e-05 3.00107359e+08 -6.20343382e+05 5.83589308e+05
-1.38888889e-05 1.59090909e-05 2.99973565e+08 -4.37465248e+05 1.86214311e+05
-1.33838384e-05 1.59090909e-05 3.00000567e+08 -2.35776093e+05 5.42174727e+04
-1.28787879e-05 1.59090909e-05 3.00026989e+08 -1.27565912e+05 2.83366727e+04
-1.23737374e-05 1.59090909e-05 3.00032856e+08 -7.70511612e+04 2.16843542e+04
-1.18686869e-05 1.59090909e-05 3.00030517e+08 -5.14560116e+04 1.79321852e+04
-1.13636364e-05 1.59090909e-05 3.00026228e+08 -3.69801017e+04 1.49730536e+04
-1.08585859e-05 1.59090909e-05 3.00022030e+08 -2.80092972e+04 1.25568885e+04
-1.03535354e-05 1.59090909e-05 3.00018438e+08 -2.20489686e+04 1.06009424e+04
-9.84848485e-06 1.59090909e-05 3.00015492e+08 -1.78736387e+04 9.02443112e+03
-9.34343434e-06 1.59090909e-05 3.00013106e+08 -1.48261041e+04 7.75109669e+03
-8.83838384e-06 1.59090909e-05 3.00011175e+08 -1.25276449e+04 6.71663070e+03
-8.33333333e-06 1.59090909e-05 3.00009604e+08 -1.07469651e+04 5.86997222e+03
-7.82828283e-06 1.59090909e-05 3.00008319e+08 -9.33599916e+03 5.17169403e+03
-7.32323232e-06 1.59090909e-05 3.00007261e+08 -8.19625365e+03 4.59168809e+03
-6.81818182e-06 1.59090909e-05 3.00006385e+08 -7.26011918e+03 4.10702040e+03
-6.31313131e-06 1.59090909e-05 3.00005655e+08 -6.47998034e+03 3.70019119e+03
-5.80808081e-06 1.59090909e-05 3.00005045e+08 -5.82160795e+03 3.35780048e+03
-5.30303030e-06 1.59090909e-05 3.00004536e+08 -5.26001308e+03 3.06955132e+03
-4.79797980e-06 1.59090909e-05 3.00004110e+08 -4.77677798e+03 2.82751632e+03
-4.29292929e-06 1.59090909e-05 3.00003757e+08 -4.35831425e+03 2.62560650e+03
-3.78787879e-06 1.59090909e-05 3.00003470e+08 -3.99474118e+03 2.45919753e+03
-3.28282828e-06 1.59090909e-05 3.00003244e+08 -3.67923246e+03 2.32488286e+03
-2.77777778e-06 1.59090909e-05 3.00003080e+08 -3.40781459e+03 2.22032734e+03
-2.27272727e-06 1.59090909e-05 3.00002990e+08 -3.17980652e+03 2.14415593e+03
-1.76767677e-06 1.59090909e-05 3.00002997e+08 -2.99959970e+03 2.09554979e+03
-1.26262626e-06 1.59090909e-05 3.00003172e+08 -2.88216839e+03 2.07160714e+03
-7.57575758e-07 1.59090909e-05 3.00003718e+08 -2.87149355e+03 2.04833123e+03
-2.52525253e-07 1.59090909e-05 3.00005510e+08 -3.10513347e+03 1.78886567e+03
2.52525253e-07 1.59090909e-05 3.00015018e+08 -2.22600838e+03 -3.57968493e+03
7.57575758e-07 1.59090909e-05 3.00001337e+08 3.65159196e+03 1.70760307e+04
1.26262626e-06 1.59090909e-05 3.00035947e+08 -7.72375355e+03 8.31753231e+03
1.76767677e-06 1.59090909e-05 3.00005700e+08 6.60652110e+03 -5.01526295e+03
2.27272727e-06 1.59090909e-05 2.99999990e+08 1.04528459e+03 4.57860506e+01
2.77777778e-06 1.59090909e-05 3.00000731e+08 -1.26983518e+03 6.24967045e+02
3.28282828e-06 1.59090909e-05 3.00001451e+08 -1.94738087e+03 6.94149468e+02
3.78787879e-06 1.59090909e-05 3.00001987e+08 -1.97562079e+03 1.06381063e+03
4.29292929e-06 1.59090909e-05 3.00002327e+08 -1.29571394e+03 1.32389094e+03
4.79797980e-06 1.59090909e-05 3.00002755e+08 -1.29462931e+03 1.23516343e+03
5.30303030e-06 1.59090909e-05 3.00002679e+08 -1.64469038e+03 1.51349673e+03
5.80808081e-06 1.59090909e-05 3.00002397e+08 -1.83375782e+03 1.80076563e+03
6.31313131e-06 1.59090909e-05 3.00002150e+08 -1.93940427e+03 1.99071838e+03
6.81818182e-06 1.59090909e-05 3.00001971e+08 -2.02546263e+03 2.10686567e+03
7.32323232e-06 1.59090909e-05 3.00001847e+08 -2.11454897e+03 2.17436904e+03
7.82828283e-06 1.59090909e-05 3.00001761e+08 -2.21268373e+03 2.20722279e+03
8.33333333e-06 1.59090909e-05 3.00001699e+08 -2.31992947e+03 2.21214353e+03
8.83838384e-06 1.59090909e-05 3.00001653e+08 -2.43405135e+03 2.19199580e+03
9.34343434e-06 1.59090909e-05 3.00001615e+08 -2.55176029e+03 2.14773451e+03
9.84848485e-06 1.59090909e-05 3.00001580e+08 -2.66915319e+03 2.07946310e+03
1.03535354e-05 1.59090909e-05 3.00001543e+08 -2.78189289e+03 1.98704061e+03
1.08585859e-05 1.59090909e-05 3.00001501e+08 -2.88531645e+03 1.87046188e+03
1.13636364e-05 1.59090909e-05 3.00001451e+08 -2.97454137e+03 1.73011777e+03
1.18686869e-05 1.59090909e-05 3.00001392e+08 -3.04459619e+03 1.56698373e+03
1.23737374e-05 1.59090909e-05 3.00001321e+08 -3.09058428e+03 1.38275549e+03
1.28787879e-05 1.59090909e-05 3.00001237e+08 -3.10788061e+03 1.17993576e+03
1.33838384e-05 1.59090909e-05 3.00001142e+08 -3.09235470e+03 9.61868819e+02
1.38888889e-05 1.59090909e-05 3.00001036e+08 -3.04060790e+03 7.32717457e+02
1.43939394e-05 1.59090909e-05 3.00000919e+08 -2.95020836e+03 4.97377588e+02
1.48989899e-05 1.59090909e-05 3.00000796e+08 -2.81990372e+03 2.61329259e+02
1.54040404e-05 1.59090909e-05 3.00000669e+08 -2.64979022e+03 3.04280889e+01
1.59090909e-05 1.59090909e-05 3.00000541e+08 -2.44141756e+03 -1.89352594e+02
1.64141414e-05 1.59090909e-05 3.00000418e+08 -2.19781279e+03 -3.92212296e+02
1.69191919e-05 1.59090909e-05 3.00000302e+08 -1.92341253e+03 -5.72824704e+02
1.74242424e-05 1.59090909e-05 3.00000199e+08 -1.62390170e+03 -7.26624758e+02
1.79292929e-05 1.59090909e-05 3.00000111e+08 -1.30596619e+03 -8.50056099e+02
1.84343434e-05 1.59090909e-05 3.00000042e+08 -9.76976158e+02 -9.40756396e+02
1.89393939e-05 1.59090909e-05 2.99999995e+08 -6.44624657e+02 -9.97663945e+02
1.94444444e-05 1.59090909e-05 2.99999970e+08 -3.16550507e+02 -1.02103699e+03
1.99494949e-05 1.59090909e-05 2.99999968e+08 2.39812050e-02 -1.01238624e+03
2.04545455e-05 1.59090909e-05 2.99999988e+08 2.98612589e+02 -9.74329914e+02
2.09595960e-05 1.59090909e-05 3.00000030e+08 5.73719788e+02 -9.10387694e+02
2.14646465e-05 1.59090909e-05 3.00000090e+08 8.21015905e+02 -8.24734770e+02
2.19696970e-05 1.59090909e-05 3.00000165e+08 1.03742717e+03 -7.21939001e+02
2.24747475e-05 1.59090909e-05 3.00000253e+08 1.22114340e+03 -6.06703123e+02
2.29797980e-05 1.59090909e-05 3.00000349e+08 1.37155299e+03 -4.83630704e+02
2.34848485e-05 1.59090909e-05 3.00000451e+08 1.48912003e+03 -3.57029639e+02
2.39898990e-05 1.59090909e-05 3.00000555e+08 1.57522076e+03 -2.30761490e+02
2.44949495e-05 1.59090909e-05 3.00000657e+08 1.63195715e+03 -1.08139585e+02
2.50000000e-05 1.59090909e-05 3.00000755e+08 1.66196385e+03 8.12585913e+00
-2.50000000e-05 1.64141414e-05 3.00004743e+08 -4.57118583e+03 3.02834889e+03
-2.44949495e-05 1.64141414e-05 3.00005265e+08 -5.10520733e+03 3.34991816e+03
-2.39898990e-05 1.64141414e-05 3.00005877e+08 -5.73197533e+03 3.72143742e+03
-2.34848485e-05 1.64141414e-05 3.00006600e+08 -6.47420161e+03 4.15384055e+03
-2.29797980e-05 1.64141414e-05 3.00007459e+08 -7.36200132e+03 4.66112317e+03
-2.24747475e-05 1.64141414e-05 3.00008490e+08 -8.43595872e+03 5.26136215e+03
-2.19696970e-05 1.64141414e-05 3.00009739e+08 -9.75175899e+03 5.97811140e+03
-2.14646465e-05 1.64141414e-05 3.00011268e+08 -1.13873548e+04 6.84230576e+03
-2.09595960e-05 1.64141414e-05 3.00013160e+08 -1.34543524e+04 7.89481963e+03
-2.04545455e-05 1.64141414e-05 3.00015532e+08 -1.61166457e+04 9.18977026e+03
-1.99494949e-05 1.64141414e-05 3.00018551e+08 -1.96219406e+04 1.07983594e+04
-1.94444444e-05 1.64141414e-05 3.00022453e+08 -2.43571290e+04 1.28119972e+04
-1.89393939e-05 1.64141414e-05 3.00027585e+08 -3.09497975e+04 1.53400818e+04
-1.84343434e-05 1.64141414e-05 3.00034465e+08 -4.04637125e+04 1.84871495e+04
-1.79292929e-05 1.64141414e-05 3.00043874e+08 -5.47978820e+04 2.22595227e+04
-1.74242424e-05 1.64141414e-05 3.00057018e+08 -7.75628601e+04 2.62328945e+04
-1.69191919e-05 1.64141414e-05 3.00075821e+08 -1.16214773e+05 2.83661119e+04
-1.64141414e-05 1.64141414e-05 3.00103976e+08 -1.88306724e+05 2.03828050e+04
-1.59090909e-05 1.64141414e-05 3.00155829e+08 -3.49698970e+05 -3.49079447e+04
-1.54040404e-05 1.64141414e-05 3.00446233e+08 -1.21932667e+06 -4.92718559e+05
-1.48989899e-05 1.64141414e-05 3.00163491e+08 3.66212780e+05 8.81308975e+05
-1.43939394e-05 1.64141414e-05 2.99920758e+08 -1.90845902e+05 3.42270940e+05
-1.38888889e-05 1.64141414e-05 2.99903072e+08 -2.37989004e+05 1.40875007e+05
-1.33838384e-05 1.64141414e-05 2.99930688e+08 -1.78316355e+05 4.49657159e+04
-1.28787879e-05 1.64141414e-05 2.99966732e+08 -1.15095320e+05 1.40123167e+04
-1.23737374e-05 1.64141414e-05 2.99990334e+08 -7.40740255e+04 7.10011878e+03
-1.18686869e-05 1.64141414e-05 3.00002320e+08 -5.00512213e+04 6.21964720e+03
-1.13636364e-05 1.64141414e-05 3.00007556e+08 -3.57831132e+04 6.27246806e+03
-1.08585859e-05 1.64141414e-05 3.00009411e+08 -2.68814013e+04 6.20981914e+03
-1.03535354e-05 1.64141414e-05 3.00009680e+08 -2.10181039e+04 5.94783966e+03
-9.84848485e-06 1.64141414e-05 3.00009250e+08 -1.69611509e+04 5.56626758e+03
-9.34343434e-06 1.64141414e-05 3.00008545e+08 -1.40339002e+04 5.13836669e+03
-8.83838384e-06 1.64141414e-05 3.00007767e+08 -1.18466410e+04 4.70932611e+03
-8.33333333e-06 1.64141414e-05 3.00007009e+08 -1.01640016e+04 4.30291060e+03
-7.82828283e-06 1.64141414e-05 3.00006310e+08 -8.83750893e+03 3.92986501e+03
-7.32323232e-06 1.64141414e-05 3.00005683e+08 -7.76985636e+03 3.59373295e+03
-6.81818182e-06 1.64141414e-05 3.00005130e+08 -6.89514354e+03 3.29433146e+03
-6.31313131e-06 1.64141414e-05 3.00004648e+08 -6.16749051e+03 3.02969459e+03
-5.80808081e-06 1.64141414e-05 3.00004231e+08 -5.55422520e+03 2.79710902e+03
-5.30303030e-06 1.64141414e-05 3.00003875e+08 -5.03166849e+03 2.59362724e+03
-4.79797980e-06 1.64141414e-05 3.00003573e+08 -4.58245064e+03 2.41627459e+03
-4.29292929e-06 1.64141414e-05 3.00003323e+08 -4.19376312e+03 2.26205555e+03
-3.78787879e-06 1.64141414e-05 3.00003122e+08 -3.85619959e+03 2.12778011e+03
-3.28282828e-06 1.64141414e-05 3.00002973e+08 -3.56296795e+03 2.00963526e+03
-2.77777778e-06 1.64141414e-05 3.00002881e+08 -3.30928544e+03 1.90224581e+03
-2.27272727e-06 1.64141414e-05 3.00002860e+08 -3.09161014e+03 1.79652340e+03
-1.76767677e-06 1.64141414e-05 3.00002934e+08 -2.90550010e+03 1.67437661e+03
-1.26262626e-06 1.64141414e-05 3.00003155e+08 -2.73673692e+03 1.49513446e+03
-7.57575758e-07 1.64141414e-05 3.00003584e+08 -2.51996447e+03 1.16605411e+03
-2.52525253e-07 1.64141414e-05 3.00004052e+08 -1.98346919e+03 5.98459415e+02
2.52525253e-07 1.64141414e-05 3.00003204e+08 -1.57080340e+03 8.09517447e+02
7.57575758e-07 1.64141414e-05 3.00002321e+08 -2.24397699e+03 1.14944193e+02
1.26262626e-06 1.64141414e-05 3.00001296e+08 8.40499778e+01 -9.15609038e+02
1.76767677e-06 1.64141414e-05 3.00006558e+08 4.65778599e+03 -5.16974805e+03
2.27272727e-06 1.64141414e-05 3.00027377e+08 -4.88840259e+03 9.39587822e+03
2.77777778e-06 1.64141414e-05 3.00006021e+08 1.97753684e+03 2.08626183e+04
3.28282828e-06 1.64141414e-05 3.00008743e+08 -5.11519730e+02 -5.23099915e+03
3.78787879e-06 1.64141414e-05 3.00004181e+08 -1.56032494e+03 -2.56501460e+03
4.29292929e-06 1.64141414e-05 3.00003944e+08 -4.20342246e+02 3.87440911e+02
4.79797980e-06 1.64141414e-05 3.00004327e+08 -1.84340978e+03 9.33915238e+02
5.30303030e-06 1.64141414e-05 3.00003151e+08 -2.05844436e+03 1.67164213e+03
5.80808081e-06 1.64141414e-05 3.00002494e+08 -2.05243269e+03 1.93564526e+03
6.31313131e-06 1.64141414e-05 3.00002134e+08 -2.05635903e+03 2.04352440e+03
6.81818182e-06 1.64141414e-05 3.00001921e+08 -2.08825646e+03 2.09189119e+03
7.32323232e-06 1.64141414e-05 3.00001787e+08 -2.14347029e+03 2.10990385e+03
7.82828283e-06 1.64141414e-05 3.00001697e+08 -2.21607697e+03 2.10685561e+03
8.33333333e-06 1.64141414e-05 3.00001633e+08 -2.30096107e+03 2.08544163e+03
8.83838384e-06 1.64141414e-05 3.00001584e+08 -2.39361231e+03 2.04597358e+03
9.34343434e-06 1.64141414e-05 3.00001542e+08 -2.48979266e+03 1.98792528e+03
9.84848485e-06 1.64141414e-05 3.00001502e+08 -2.58531949e+03 1.91059169e+03
1.03535354e-05 1.64141414e-05 3.00001461e+08 -2.67595738e+03 1.81342199e+03
1.08585859e-05 1.64141414e-05 3.00001414e+08 -2.75739085e+03 1.69622060e+03
1.13636364e-05 1.64141414e-05 3.00001361e+08 -2.82525833e+03 1.55928695e+03
1.18686869e-05 1.64141414e-05 3.00001299e+08 -2.87523492e+03 1.40351856e+03
1.23737374e-05 1.64141414e-05 3.00001227e+08 -2.90315505e+03 1.23048346e+03
1.28787879e-05 1.64141414e-05 3.00001145e+08 -2.90516625e+03 1.04246000e+03
1.33838384e-05 1.64141414e-05 3.00001052e+08 -2.87790438e+03 8.42438793e+02
1.38888889e-05 1.64141414e-05 3.00000951e+08 -2.81867802e+03 6.34081719e+02
1.43939394e-05 1.64141414e-05 3.00000841e+08 -2.72564816e+03 4.21634231e+02
1.48989899e-05 1.64141414e-05 3.00000727e+08 -2.59798688e+03 2.09790603e+02
1.54040404e-05 1.64141414e-05 3.00000609e+08 -2.43599925e+03 3.51593415e+00
1.59090909e-05 1.64141414e-05 3.00000492e+08 -2.24119302e+03 -1.92166613e+02
1.64141414e-05 1.64141414e-05 3.00000380e+08 -2.01628457e+03 -3.72410272e+02
1.69191919e-05 1.64141414e-05 3.00000274e+08 -1.76513411e+03 -5.32784196e+02
1.74242424e-05 1.64141414e-05 3.00000180e+08 -1.49260951e+03 -6.69499334e+02
1.79292929e-05 1.64141414e-05 3.00000100e+08 -1.20438499e+03 -7.79601995e+02
1.84343434e-05 1.64141414e-05 3.00000037e+08 -9.06687814e+02 -8.61118688e+02
1.89393939e-05 1.64141414e-05 2.99999992e+08 -6.06011086e+02 -9.13140122e+02
1.94444444e-05 1.64141414e-05 2.99999967e+08 -3.08814496e+02 -9.35838090e+02
1.99494949e-05 1.64141414e-05 2.99999963e+08 -2.12356286e+01 -9.30415472e+02
2.04545455e-05 1.64141414e-05 2.99999978e+08 2.51167246e+02 -8.98995928e+02
2.09595960e-05 1.64141414e-05 3.00000012e+08 5.03623864e+02 -8.44465165e+02
2.14646465e-05 1.64141414e-05 3.00000063e+08 7.32300666e+02 -7.70279222e+02
2.19696970e-05 1.64141414e-05 3.00000128e+08 9.34384278e+02 -6.80256863e+02
2.24747475e-05 1.64141414e-05 3.00000204e+08 1.10810075e+03 -5.78372737e+02
2.29797980e-05 1.64141414e-05 3.00000290e+08 1.25267685e+03 -4.68565854e+02
2.34848485e-05 1.64141414e-05 3.00000380e+08 1.36825360e+03 -3.54574638e+02
2.39898990e-05 1.64141414e-05 3.00000474e+08 1.45576463e+03 -2.39805855e+02
2.44949495e-05 1.64141414e-05 3.00000567e+08 1.51679269e+03 -1.27240794e+02
2.50000000e-05 1.64141414e-05 3.00000658e+08 1.55341681e+03 -1.93784545e+01
-2.50000000e-05 1.69191919e-05 3.00004719e+08 -4.86512952e+03 3.03045672e+03
-2.44949495e-05 1.69191919e-05 3.00005218e+08 -5.44164233e+03 3.33256204e+03
-2.39898990e-05 1.69191919e-05 3.00005796e+08 -6.11928760e+03 3.67621744e+03
-2.34848485e-05 1.69191919e-05 3.00006470e+08 -6.92277801e+03 4.06862430e+03
-2.29797980e-05 1.69191919e-05 3.00007259e+08 -7.88472333e+03 4.51816125e+03
-2.24747475e-05 1.69191919e-05 3.00008187e+08 -9.04876676e+03 5.03430536e+03
-2.19696970e-05 1.69191919e-05 3.00009286e+08 -1.04742143e+04 5.62718751e+03
-2.14646465e-05 1.69191919e-05 3.00010591e+08 -1.22429832e+04 6.30633476e+03
-2.09595960e-05 1.69191919e-05 3.00012148e+08 -1.44702077e+04 7.07764280e+03
-2.04545455e-05 1.69191919e-05 3.00014006e+08 -1.73206819e+04 7.93649824e+03
-1.99494949e-05 1.69191919e-05 3.00016217e+08 -2.10346800e+04 8.85240592e+03
-1.94444444e-05 1.69191919e-05 3.00018819e+08 -2.59687107e+04 9.73439365e+03
-1.89393939e-05 1.69191919e-05 3.00021794e+08 -3.26590073e+04 1.03513253e+04
-1.84343434e-05 1.69191919e-05 3.00024956e+08 -4.19143613e+04 1.01412826e+04
-1.79292929e-05 1.69191919e-05 3.00027660e+08 -5.49208672e+04 7.73052539e+03
-1.74242424e-05 1.69191919e-05 3.00027995e+08 -7.31947958e+04 -3.73591461e+02
-1.69191919e-05 1.69191919e-05 3.00020360e+08 -9.73828406e+04 -2.37208634e+04
-1.64141414e-05 1.69191919e-05 2.99987523e+08 -1.18296423e+05 -9.15207722e+04
-1.59090909e-05 1.69191919e-05 2.99880663e+08 -4.35541127e+04 -3.00498547e+05
-1.54040404e-05 1.69191919e-05 2.99886327e+08 7.61567081e+05 -5.74614669e+05
-1.48989899e-05 1.69191919e-05 3.00153154e+08 6.15321109e+05 3.49398617e+05
-1.43939394e-05 1.69191919e-05 2.99903397e+08 -8.53072986e+03 2.32173363e+05
-1.38888889e-05 1.69191919e-05 2.99885706e+08 -1.27418643e+05 1.12263813e+05
-1.33838384e-05 1.69191919e-05 2.99906641e+08 -1.28263861e+05 4.40349188e+04
-1.28787879e-05 1.69191919e-05 2.99936293e+08 -9.90215444e+04 1.29126475e+04
-1.23737374e-05 1.69191919e-05 2.99961684e+08 -7.06399570e+04 2.24247511e+03
-1.18686869e-05 1.69191919e-05 2.99979217e+08 -5.00844439e+04 -5.81710265e+01
-1.13636364e-05 1.69191919e-05 2.99990112e+08 -3.63709460e+04 2.61885325e+02
-1.08585859e-05 1.69191919e-05 2.99996525e+08 -2.73090766e+04 1.08293303e+03
-1.03535354e-05 1.69191919e-05 3.00000172e+08 -2.12029360e+04 1.77984858e+03
-9.84848485e-06 1.69191919e-05 3.00002174e+08 -1.69627858e+04 2.23932684e+03
-9.34343434e-06 1.69191919e-05 3.00003214e+08 -1.39217973e+04 2.49359630e+03
-8.83838384e-06 1.69191919e-05 3.00003696e+08 -1.16725466e+04 2.60059536e+03
-8.33333333e-06 1.69191919e-05 3.00003857e+08 -9.96166956e+03 2.61063114e+03
-7.82828283e-06 1.69191919e-05 3.00003838e+08 -8.62758685e+03 2.56059285e+03
-7.32323232e-06 1.69191919e-05 3.00003722e+08 -7.56440195e+03 2.47573042e+03
-6.81818182e-06 1.69191919e-05 3.00003557e+08 -6.70083217e+03 2.37271730e+03
-6.31313131e-06 1.69191919e-05 3.00003375e+08 -5.98768990e+03 2.26228247e+03
-5.80808081e-06 1.69191919e-05 3.00003193e+08 -5.39027035e+03 2.15111944e+03
-5.30303030e-06 1.69191919e-05 3.00003022e+08 -4.88360305e+03 2.04316293e+03
-4.79797980e-06 1.69191919e-05 3.00002868e+08 -4.44940446e+03 1.94038053e+03
-4.29292929e-06 1.69191919e-05 3.00002737e+08 -4.07404873e+03 1.84319013e+03
-3.78787879e-06 1.69191919e-05 3.00002634e+08 -3.74712470e+03 1.75055310e+03
-3.28282828e-06 1.69191919e-05 3.00002562e+08 -3.46024712e+03 1.65972097e+03
-2.77777778e-06 1.69191919e-05 3.00002527e+08 -3.20573764e+03 1.56553604e+03
-2.27272727e-06 1.69191919e-05 3.00002536e+08 -2.97448410e+03 1.45918049e+03
-1.76767677e-06 1.69191919e-05 3.00002596e+08 -2.75150983e+03 1.32684637e+03
-1.26262626e-06 1.69191919e-05 3.00002695e+08 -2.50705961e+03 1.15262418e+03
-7.57575758e-07 1.69191919e-05 3.00002765e+08 -2.19073482e+03 9.46936221e+02
-2.52525253e-07 1.69191919e-05 3.00002609e+08 -1.82331303e+03 8.42595243e+02
2.52525253e-07 1.69191919e-05 3.00002197e+08 -1.83576114e+03 9.60297769e+02
7.57575758e-07 1.69191919e-05 3.00001884e+08 -2.22915034e+03 8.00887476e+02
1.26262626e-06 1.69191919e-05 3.00001467e+08 -2.20801334e+03 5.35638023e+02
1.76767677e-06 1.69191919e-05 3.00000944e+08 -1.93216915e+03 5.22747781e+02
2.27272727e-06 1.69191919e-05 3.00000203e+08 -1.49923713e+03 7.92689116e+02
2.77777778e-06 1.69191919e-05 2.99998299e+08 9.26954884e+01 1.60999090e+03
3.28282828e-06 1.69191919e-05 2.99995432e+08 8.02367864e+03 5.92573338e+02
3.78787879e-06 1.69191919e-05 3.00061609e+08 3.23521603e+03 -2.84565602e+04
4.29292929e-06 1.69191919e-05 3.00008991e+08 -4.03908239e+03 7.28995967e+03
4.79797980e-06 1.69191919e-05 3.00003720e+08 -2.47950093e+03 3.03011646e+03
5.30303030e-06 1.69191919e-05 3.00002581e+08 -2.16805784e+03 2.45447311e+03
5.80808081e-06 1.69191919e-05 3.00002122e+08 -2.07427935e+03 2.25469890e+03
6.31313131e-06 1.69191919e-05 3.00001881e+08 -2.05743813e+03 2.15979270e+03
6.81818182e-06 1.69191919e-05 3.00001737e+08 -2.07962959e+03 2.10296174e+03
7.32323232e-06 1.69191919e-05 3.00001643e+08 -2.12562487e+03 2.05920094e+03
7.82828283e-06 1.69191919e-05 3.00001576e+08 -2.18731357e+03 2.01659281e+03
8.33333333e-06 1.69191919e-05 3.00001526e+08 -2.25927004e+03 1.96843884e+03
8.83838384e-06 1.69191919e-05 3.00001484e+08 -2.33715912e+03 1.91052416e+03
9.34343434e-06 1.69191919e-05 3.00001446e+08 -2.41707344e+03 1.84002483e+03
9.84848485e-06 1.69191919e-05 3.00001408e+08 -2.49523928e+03 1.75504014e+03
1.03535354e-05 1.69191919e-05 3.00001366e+08 -2.56789372e+03 1.65439315e+03
1.08585859e-05 1.69191919e-05 3.00001320e+08 -2.63125555e+03 1.53755517e+03
1.13636364e-05 1.69191919e-05 3.00001266e+08 -2.68155543e+03 1.40462827e+03
1.18686869e-05 1.69191919e-05 3.00001204e+08 -2.71510854e+03 1.25635085e+03
1.23737374e-05 1.69191919e-05 3.00001133e+08 -2.72841900e+03 1.09410561e+03
1.28787879e-05 1.69191919e-05 3.00001054e+08 -2.71830756e+03 9.19915631e+02
1.33838384e-05 1.69191919e-05 3.00000965e+08 -2.68205366e+03 7.36418477e+02
1.38888889e-05 1.69191919e-05 3.00000869e+08 -2.61754161e+03 5.46811144e+02
1.43939394e-05 1.69191919e-05 3.00000767e+08 -2.52339966e+03 3.54761921e+02
1.48989899e-05 1.69191919e-05 3.00000661e+08 -2.39911968e+03 1.64288474e+02
1.54040404e-05 1.69191919e-05 3.00000553e+08 -2.24514539e+03 -2.03948180e+01
1.59090909e-05 1.69191919e-05 3.00000446e+08 -2.06291809e+03 -1.95053549e+02
1.64141414e-05 1.69191919e-05 3.00000343e+08 -1.85487194e+03 -3.55623920e+02
1.69191919e-05 1.69191919e-05 3.00000247e+08 -1.62437403e+03 -4.98404681e+02
1.74242424e-05 1.69191919e-05 3.00000161e+08 -1.37560959e+03 -6.20236424e+02
1.79292929e-05 1.69191919e-05 3.00000088e+08 -1.11341760e+03 -7.18654377e+02
1.84343434e-05 1.69191919e-05 3.00000030e+08 -8.43086782e+02 -7.92002669e+02
1.89393939e-05 1.69191919e-05 2.99999988e+08 -5.70125834e+02 -8.39501150e+02
1.94444444e-05 1.69191919e-05 2.99999963e+08 -3.00024288e+02 -8.61260141e+02
1.99494949e-05 1.69191919e-05 2.99999957e+08 -3.80209462e+01 -8.58243210e+02
2.04545455e-05 1.69191919e-05 2.99999968e+08 2.11104263e+02 -8.32182694e+02
2.09595960e-05 1.69191919e-05 2.99999996e+08 4.43201934e+02 -7.85456602e+02
2.14646465e-05 1.69191919e-05 3.00000039e+08 6.54879174e+02 -7.20938319e+02
2.19696970e-05 1.69191919e-05 3.00000095e+08 8.43575366e+02 -6.41831867e+02
2.24747475e-05 1.69191919e-05 3.00000162e+08 1.00758762e+03 -5.51505406e+02
2.29797980e-05 1.69191919e-05 3.00000237e+08 1.14604994e+03 -4.53334353e+02
2.34848485e-05 1.69191919e-05 3.00000319e+08 1.25887317e+03 -3.50563207e+02
2.39898990e-05 1.69191919e-05 3.00000403e+08 1.34665484e+03 -2.46192406e+02
2.44949495e-05 1.69191919e-05 3.00000488e+08 1.41056890e+03 -1.42893568e+02
2.50000000e-05 1.69191919e-05 3.00000572e+08 1.45224499e+03 -4.29538126e+01
-2.50000000e-05 1.74242424e-05 3.00004511e+08 -5.12865842e+03 2.88534072e+03
-2.44949495e-05 1.74242424e-05 3.00004947e+08 -5.73678400e+03 3.13619751e+03
-2.39898990e-05 1.74242424e-05 3.00005443e+08 -6.45007794e+03 3.41141916e+03
-2.34848485e-05 1.74242424e-05 3.00006007e+08 -7.29323592e+03 3.71152079e+03
-2.29797980e-05 1.74242424e-05 3.00006646e+08 -8.29825828e+03 4.03515022e+03
-2.24747475e-05 1.74242424e-05 3.00007370e+08 -9.50698170e+03 4.37740125e+03
-2.19696970e-05 1.74242424e-05 3.00008184e+08 -1.09745489e+04 4.72678794e+03
-2.14646465e-05 1.74242424e-05 3.00009091e+08 -1.27741082e+04 5.05976697e+03
-2.09595960e-05 1.74242424e-05 3.00010077e+08 -1.50029803e+04 5.33068353e+03
-2.04545455e-05 1.74242424e-05 3.00011109e+08 -1.77901458e+04 5.45298705e+03
-1.99494949e-05 1.74242424e-05 3.00012103e+08 -2.13034850e+04 5.26338574e+03
-1.94444444e-05 1.74242424e-05 3.00012876e+08 -2.57507155e+04 4.45178235e+03
-1.89393939e-05 1.74242424e-05 3.00013056e+08 -3.13542655e+04 2.42076420e+03
-1.84343434e-05 1.74242424e-05 3.00011888e+08 -3.82382878e+04 -2.00320890e+03
-1.79292929e-05 1.74242424e-05 3.00007866e+08 -4.60329976e+04 -1.11730297e+04
-1.74242424e-05 1.74242424e-05 2.99998075e+08 -5.25625388e+04 -2.98589718e+04
-1.69191919e-05 1.74242424e-05 2.99977525e+08 -4.95022764e+04 -6.74076432e+04
-1.64141414e-05 1.74242424e-05 2.99942276e+08 -8.59478745e+03 -1.37896463e+05
-1.59090909e-05 1.74242424e-05 2.99918869e+08 1.45428639e+05 -2.28302128e+05
-1.54040404e-05 1.74242424e-05 3.00019196e+08 4.21602142e+05 -1.59151624e+05
-1.48989899e-05 1.74242424e-05 3.00110557e+08 3.71387402e+05 1.21419840e+05
-1.43939394e-05 1.74242424e-05 3.00009397e+08 9.15108105e+04 1.74615885e+05
-1.38888889e-05 1.74242424e-05 2.99939994e+08 -4.66066250e+04 1.09873947e+05
-1.33838384e-05 1.74242424e-05 2.99925699e+08 -8.25813548e+04 5.38560051e+04
-1.28787879e-05 1.74242424e-05 2.99935514e+08 -7.84295987e+04 2.13815857e+04
-1.23737374e-05 1.74242424e-05 2.99951770e+08 -6.33161916e+04 6.01510148e+03
-1.18686869e-05 1.74242424e-05 2.99966794e+08 -4.83948299e+04 7.90814561e+01
-1.13636364e-05 1.74242424e-05 2.99978339e+08 -3.66345858e+04 -1.51408602e+03
-1.08585859e-05 1.74242424e-05 2.99986490e+08 -2.80425721e+04 -1.41230816e+03
-1.03535354e-05 1.74242424e-05 2.99992004e+08 -2.18971737e+04 -8.00572793e+02
-9.84848485e-06 1.74242424e-05 2.99995655e+08 -1.74868998e+04 -1.45299611e+02
-9.34343434e-06 1.74242424e-05 2.99998041e+08 -1.42745914e+04 4.00811592e+02
-8.83838384e-06 1.74242424e-05 2.99999587e+08 -1.18882077e+04 8.09385951e+02
-8.33333333e-06 1.74242424e-05 3.00000578e+08 -1.00773098e+04 1.09519515e+03
-7.82828283e-06 1.74242424e-05 3.00001204e+08 -8.67393978e+03 1.28378098e+03
-7.32323232e-06 1.74242424e-05 3.00001590e+08 -7.56454079e+03 1.39973591e+03
-6.81818182e-06 1.74242424e-05 3.00001820e+08 -6.67127331e+03 1.46326731e+03
-6.31313131e-06 1.74242424e-05 3.00001949e+08 -5.93990493e+03 1.48984340e+03
-5.80808081e-06 1.74242424e-05 3.00002013e+08 -5.33199260e+03 1.49081617e+03
-5.30303030e-06 1.74242424e-05 3.00002039e+08 -4.81979243e+03 1.47421281e+03
-4.79797980e-06 1.74242424e-05 3.00002043e+08 -4.38288137e+03 1.44541236e+03
-4.29292929e-06 1.74242424e-05 3.00002038e+08 -4.00583376e+03 1.40762805e+03
-3.78787879e-06 1.74242424e-05 3.00002034e+08 -3.67650792e+03 1.36219346e+03
-3.28282828e-06 1.74242424e-05 3.00002036e+08 -3.38460247e+03 1.30870010e+03
-2.77777778e-06 1.74242424e-05 3.00002049e+08 -3.12017495e+03 1.24514638e+03
-2.27272727e-06 1.74242424e-05 3.00002074e+08 -2.87187723e+03 1.16861964e+03
-1.76767677e-06 1.74242424e-05 3.00002101e+08 -2.62524412e+03 1.07806497e+03
-1.26262626e-06 1.74242424e-05 3.00002105e+08 -2.36448969e+03 9.82726276e+02
-7.57575758e-07 1.74242424e-05 3.00002032e+08 -2.09170615e+03 9.18355166e+02
-2.52525253e-07 1.74242424e-05 3.00001837e+08 -1.88281484e+03 9.41143000e+02
2.52525253e-07 1.74242424e-05 3.00001583e+08 -1.88208818e+03 1.01443196e+03
7.57575758e-07 1.74242424e-05 3.00001361e+08 -2.02564152e+03 9.76114452e+02
1.26262626e-06 1.74242424e-05 3.00001097e+08 -2.05360247e+03 8.50793313e+02
1.76767677e-06 1.74242424e-05 3.00000732e+08 -1.92338578e+03 7.87298101e+02
2.27272727e-06 1.74242424e-05 3.00000264e+08 -1.73017759e+03 8.29618913e+02
2.77777778e-06 1.74242424e-05 2.99999614e+08 -1.54261107e+03 9.99515135e+02
3.28282828e-06 1.74242424e-05 2.99998529e+08 -1.47781857e+03 1.48678765e+03
3.78787879e-06 1.74242424e-05 2.99996852e+08 -2.30195521e+03 3.00645471e+03
4.29292929e-06 1.74242424e-05 2.99998540e+08 -5.88395754e+02 2.66491379e+03
4.79797980e-06 1.74242424e-05 3.00000476e+08 -1.09927853e+03 3.33900855e+03
5.30303030e-06 1.74242424e-05 3.00001270e+08 -1.66478481e+03 2.75703080e+03
5.80808081e-06 1.74242424e-05 3.00001453e+08 -1.85015813e+03 2.39469770e+03
6.31313131e-06 1.74242424e-05 3.00001480e+08 -1.93749488e+03 2.19523539e+03
6.81818182e-06 1.74242424e-05 3.00001466e+08 -2.00240183e+03 2.07388664e+03
7.32323232e-06 1.74242424e-05 3.00001442e+08 -2.06488806e+03 1.98836964e+03
7.82828283e-06 1.74242424e-05 3.00001416e+08 -2.12997798e+03 1.91746911e+03
8.33333333e-06 1.74242424e-05 3.00001390e+08 -2.19795599e+03 1.84964550e+03
8.83838384e-06 1.74242424e-05 3.00001363e+08 -2.26733096e+03 1.77811329e+03
9.34343434e-06 1.74242424e-05 3.00001334e+08 -2.33581884e+03 1.69865857e+03
9.84848485e-06 1.74242424e-05 3.00001301e+08 -2.40071765e+03 1.60862347e+03
1.03535354e-05 1.74242424e-05 3.00001263e+08 -2.45908264e+03 1.50641623e+03
1.08585859e-05 1.74242424e-05 3.00001219e+08 -2.50783750e+03 1.39127104e+03
1.13636364e-05 1.74242424e-05 3.00001167e+08 -2.54387052e+03 1.26313000e+03
1.18686869e-05 1.74242424e-05 3.00001108e+08 -2.56413415e+03 1.12258325e+03
1.23737374e-05 1.74242424e-05 3.00001040e+08 -2.56575361e+03 9.70832417e+02
1.28787879e-05 1.74242424e-05 3.00000964e+08 -2.54614402e+03 8.09656511e+02
1.33838384e-05 1.74242424e-05 3.00000880e+08 -2.50313228e+03 6.41367433e+02
1.38888889e-05 1.74242424e-05 3.00000791e+08 -2.43507713e+03 4.68746947e+02
1.43939394e-05 1.74242424e-05 3.00000696e+08 -2.34097960e+03 2.94960846e+02
1.48989899e-05 1.74242424e-05 3.00000598e+08 -2.22057497e+03 1.23449359e+02
1.54040404e-05 1.74242424e-05 3.00000498e+08 -2.07439746e+03 -4.22039328e+01
1.59090909e-05 1.74242424e-05 3.00000401e+08 -1.90381013e+03 -1.98419497e+02
1.64141414e-05 1.74242424e-05 3.00000307e+08 -1.71099427e+03 -3.41777800e+02
1.69191919e-05 1.74242424e-05 3.00000220e+08 -1.49889535e+03 -4.69174248e+02
1.74242424e-05 1.74242424e-05 3.00000142e+08 -1.27112657e+03 -5.77962607e+02
1.79292929e-05 1.74242424e-05 3.00000075e+08 -1.03183401e+03 -6.66076642e+02
1.84343434e-05 1.74242424e-05 3.00000021e+08 -7.85531481e+02 -7.32121027e+02
1.89393939e-05 1.74242424e-05 2.99999982e+08 -5.36915561e+02 -7.75424970e+02
1.94444444e-05 1.74242424e-05 2.99999958e+08 -2.90673274e+02 -7.96055100e+02
1.99494949e-05 1.74242424e-05 2.99999951e+08 -5.12952043e+01 -7.94787638e+02
2.04545455e-05 1.74242424e-05 2.99999958e+08 1.77093817e+02 -7.73043295e+02
2.09595960e-05 1.74242424e-05 2.99999981e+08 3.90876365e+02 -7.32791232e+02
2.14646465e-05 1.74242424e-05 3.00000018e+08 5.87049112e+02 -6.76430575e+02
2.19696970e-05 1.74242424e-05 3.00000066e+08 7.63290595e+02 -6.06659080e+02
2.24747475e-05 1.74242424e-05 3.00000125e+08 9.17989449e+02 -5.26338673e+02
2.29797980e-05 1.74242424e-05 3.00000192e+08 1.05023558e+03 -4.38366735e+02
2.34848485e-05 1.74242424e-05 3.00000264e+08 1.15977918e+03 -3.45560482e+02
2.39898990e-05 1.74242424e-05 3.00000340e+08 1.24696426e+03 -2.50559803e+02
2.44949495e-05 1.74242424e-05 3.00000418e+08 1.31264402e+03 -1.55751725e+02
2.50000000e-05 1.74242424e-05 3.00000495e+08 1.35808569e+03 -6.32176498e+01
-2.50000000e-05 1.79292929e-05 3.00004141e+08 -5.33508923e+03 2.60086333e+03
-2.44949495e-05 1.79292929e-05 3.00004487e+08 -5.95714636e+03 2.77300179e+03
-2.39898990e-05 1.79292929e-05 3.00004865e+08 -6.68201264e+03 2.94578457e+03
-2.34848485e-05 1.79292929e-05 3.00005274e+08 -7.53167157e+03 3.11135720e+03
-2.29797980e-05 1.79292929e-05 3.00005712e+08 -8.53351667e+03 3.25659419e+03
-2.24747475e-05 1.79292929e-05 3.00006168e+08 -9.72157166e+03 3.35986350e+03
-2.19696970e-05 1.79292929e-05 3.00006626e+08 -1.11376760e+04 3.38570075e+03
-2.14646465e-05 1.79292929e-05 3.00007050e+08 -1.28321398e+04 3.27593435e+03
-2.09595960e-05 1.79292929e-05 3.00007382e+08 -1.48626249e+04 2.93471073e+03
-2.04545455e-05 1.79292929e-05 3.00007519e+08 -1.72882766e+04 2.20293370e+03
-1.99494949e-05 1.79292929e-05 3.00007285e+08 -2.01520983e+04 8.14257880e+02
-1.94444444e-05 1.79292929e-05 3.00006380e+08 -2.34350977e+04 -1.68079510e+03
-1.89393939e-05 1.79292929e-05 3.00004312e+08 -2.69433279e+04 -6.04380380e+03
-1.84343434e-05 1.79292929e-05 3.00000289e+08 -3.00360155e+04 -1.35560134e+04
-1.79292929e-05 1.79292929e-05 2.99993163e+08 -3.09824987e+04 -2.62974192e+04
-1.74242424e-05 1.79292929e-05 2.99981677e+08 -2.55023135e+04 -4.72694015e+04
-1.69191919e-05 1.79292929e-05 2.99966120e+08 -3.89079622e+03 -7.91473127e+04
-1.64141414e-05 1.79292929e-05 2.99954024e+08 5.17835938e+04 -1.17290958e+05
-1.59090909e-05 1.79292929e-05 2.99969168e+08 1.55112816e+05 -1.30417140e+05
-1.54040404e-05 1.79292929e-05 3.00028449e+08 2.54031321e+05 -6.12446645e+04
-1.48989899e-05 1.79292929e-05 3.00067591e+08 2.28156000e+05 5.96698183e+04
-1.43939394e-05 1.79292929e-05 3.00033820e+08 1.04086577e+05 1.12606665e+05
-1.38888889e-05 1.79292929e-05 2.99983611e+08 3.45836555e+03 9.42552502e+04
-1.33838384e-05 1.79292929e-05 2.99956268e+08 -4.33450989e+04 5.85581841e+04
-1.28787879e-05 1.79292929e-05 2.99950239e+08 -5.54929147e+04 3.02817683e+04
-1.23737374e-05 1.79292929e-05 2.99955353e+08 -5.20679819e+04 1.30479028e+04
-1.18686869e-05 1.79292929e-05 2.99964230e+08 -4.37507598e+04 4.08680924e+03
-1.13636364e-05 1.79292929e-05 2.99973107e+08 -3.52082252e+04 7.46061543e+01
-1.08585859e-05 1.79292929e-05 2.99980560e+08 -2.79918034e+04 -1.34781280e+03
-1.03535354e-05 1.79292929e-05 2.99986331e+08 -2.23343348e+04 -1.55777702e+03
-9.84848485e-06 1.79292929e-05 2.99990615e+08 -1.80242331e+04 -1.27399942e+03
-9.34343434e-06 1.79292929e-05 2.99993725e+08 -1.47623273e+04 -8.41079633e+02
-8.83838384e-06 1.79292929e-05 2.99995958e+08 -1.22818962e+04 -4.09892784e+02
-8.33333333e-06 1.79292929e-05 2.99997552e+08 -1.03753418e+04 -3.72993508e+01
-7.82828283e-06 1.79292929e-05 2.99998687e+08 -8.88966260e+03 2.62698984e+02
-7.32323232e-06 1.79292929e-05 2.99999496e+08 -7.71451761e+03 4.93978163e+02
-6.81818182e-06 1.79292929e-05 3.00000073e+08 -6.77078183e+03 6.66609625e+02
-6.31313131e-06 1.79292929e-05 3.00000485e+08 -6.00154339e+03 7.91682225e+02
-5.80808081e-06 1.79292929e-05 3.00000781e+08 -5.36552916e+03 8.79203215e+02
-5.30303030e-06 1.79292929e-05 3.00000995e+08 -4.83244062e+03 9.37400993e+02
-4.79797980e-06 1.79292929e-05 3.00001152e+08 -4.37965945e+03 9.72629448e+02
-4.29292929e-06 1.79292929e-05 3.00001271e+08 -3.98988347e+03 9.89511047e+02
-3.78787879e-06 1.79292929e-05 3.00001363e+08 -3.64936431e+03 9.91186113e+02
-3.28282828e-06 1.79292929e-05 3.00001437e+08 -3.34651993e+03 9.79691078e+02
-2.77777778e-06 1.79292929e-05 3.00001496e+08 -3.07083203e+03 9.56660262e+02
-2.27272727e-06 1.79292929e-05 3.00001541e+08 -2.81225869e+03 9.24793742e+02
-1.76767677e-06 1.79292929e-05 3.00001560e+08 -2.56224319e+03 8.90733077e+02
-1.26262626e-06 1.79292929e-05 3.00001536e+08 -2.31911049e+03 8.69121571e+02
-7.57575758e-07 1.79292929e-05 3.00001449e+08 -2.10097728e+03 8.82518863e+02
-2.52525253e-07 1.79292929e-05 3.00001301e+08 -1.95605632e+03 9.42255527e+02
2.52525253e-07 1.79292929e-05 3.00001131e+08 -1.92738375e+03 1.01290201e+03
7.57575758e-07 1.79292929e-05 3.00000962e+08 -1.97324783e+03 1.03525646e+03
1.26262626e-06 1.79292929e-05 3.00000764e+08 -1.99180402e+03 1.01679632e+03
1.76767677e-06 1.79292929e-05 3.00000493e+08 -1.94189430e+03 1.02681615e+03
2.27272727e-06 1.79292929e-05 3.00000137e+08 -1.86262970e+03 1.12366863e+03
2.77777778e-06 1.79292929e-05 2.99999709e+08 -1.83430279e+03 1.34208725e+03
3.28282828e-06 1.79292929e-05 2.99999326e+08 -1.98086848e+03 1.66729202e+03
3.78787879e-06 1.79292929e-05 2.99999423e+08 -2.24823341e+03 1.78719606e+03
4.29292929e-06 1.79292929e-05 2.99999801e+08 -1.61282014e+03 1.71191391e+03
4.79797980e-06 1.79292929e-05 3.00000138e+08 -1.19129954e+03 2.18157232e+03
5.30303030e-06 1.79292929e-05 3.00000621e+08 -1.41129026e+03 2.30509885e+03
5.80808081e-06 1.79292929e-05 3.00000942e+08 -1.64280103e+03 2.20160754e+03
6.31313131e-06 1.79292929e-05 3.00001109e+08 -1.79500359e+03 2.07300803e+03
6.81818182e-06 1.79292929e-05 3.00001190e+08 -1.90020682e+03 1.96452175e+03
7.32323232e-06 1.79292929e-05 3.00001227e+08 -1.98337425e+03 1.87500117e+03
7.82828283e-06 1.79292929e-05 3.00001240e+08 -2.05659154e+03 1.79611290e+03
8.33333333e-06 1.79292929e-05 3.00001240e+08 -2.12478948e+03 1.72052566e+03
8.83838384e-06 1.79292929e-05 3.00001230e+08 -2.18931004e+03 1.64288532e+03
9.34343434e-06 1.79292929e-05 3.00001212e+08 -2.24965612e+03 1.55948479e+03
9.84848485e-06 1.79292929e-05 3.00001187e+08 -2.30434180e+03 1.46785698e+03
1.03535354e-05 1.79292929e-05 3.00001154e+08 -2.35133183e+03 1.36648642e+03
1.08585859e-05 1.79292929e-05 3.00001114e+08 -2.38829567e+03 1.25462985e+03
1.13636364e-05 1.79292929e-05 3.00001066e+08 -2.41277871e+03 1.13220884e+03
1.18686869e-05 1.79292929e-05 3.00001010e+08 -2.42233776e+03 9.99743254e+02
1.23737374e-05 1.79292929e-05 3.00000947e+08 -2.41466187e+03 8.58303508e+02
1.28787879e-05 1.79292929e-05 3.00000876e+08 -2.38768686e+03 7.09466438e+02
1.33838384e-05 1.79292929e-05 3.00000798e+08 -2.33970495e+03 5.55264713e+02
1.38888889e-05 1.79292929e-05 3.00000715e+08 -2.26946707e+03 3.98123268e+02
1.43939394e-05 1.79292929e-05 3.00000627e+08 -2.17627310e+03 2.40779417e+02
1.48989899e-05 1.79292929e-05 3.00000537e+08 -2.06004422e+03 8.61859523e+01
1.54040404e-05 1.79292929e-05 3.00000446e+08 -1.92137147e+03 -6.26008978e+01
1.59090909e-05 1.79292929e-05 3.00000357e+08 -1.76153526e+03 -2.02544519e+02
1.64141414e-05 1.79292929e-05 3.00000272e+08 -1.58249203e+03 -3.30755972e+02
1.69191919e-05 1.79292929e-05 3.00000192e+08 -1.38682658e+03 -4.44619724e+02
1.74242424e-05 1.79292929e-05 3.00000121e+08 -1.17767103e+03 -5.41909127e+02
1.79292929e-05 1.79292929e-05 3.00000060e+08 -9.58593910e+02 -6.20883926e+02
1.84343434e-05 1.79292929e-05 3.00000011e+08 -7.33465882e+02 -6.80363131e+02
1.89393939e-05 1.79292929e-05 2.99999974e+08 -5.06309952e+02 -7.19768364e+02
1.94444444e-05 1.79292929e-05 2.99999952e+08 -2.81145882e+02 -7.39135099e+02
1.99494949e-05 1.79292929e-05 2.99999943e+08 -6.18385379e+01 -7.39091790e+02
2.04545455e-05 1.79292929e-05 2.99999948e+08 1.48040523e+02 -7.20809379e+02
2.09595960e-05 1.79292929e-05 2.99999967e+08 3.45330346e+02 -6.85925937e+02
2.14646465e-05 1.79292929e-05 2.99999998e+08 5.27370931e+02 -6.36452737e+02
2.19696970e-05 1.79292929e-05 3.00000040e+08 6.92063270e+02 -5.74669089e+02
2.24747475e-05 1.79292929e-05 3.00000092e+08 8.37898174e+02 -5.03013359e+02
2.29797980e-05 1.79292929e-05 3.00000151e+08 9.63955380e+02 -4.23977163e+02
2.34848485e-05 1.79292929e-05 3.00000216e+08 1.06987631e+03 -3.40008650e+02
2.39898990e-05 1.79292929e-05 3.00000285e+08 1.15581532e+03 -2.53429348e+02
2.44949495e-05 1.79292929e-05 3.00000356e+08 1.22237492e+03 -1.66367498e+02
2.50000000e-05 1.79292929e-05 3.00000427e+08 1.27053087e+03 -8.07091754e+01
-2.50000000e-05 1.84343434e-05 3.00003645e+08 -5.46266302e+03 2.19548924e+03
-2.44949495e-05 1.84343434e-05 3.00003880e+08 -6.07645727e+03 2.26890578e+03
-2.39898990e-05 1.84343434e-05 3.00004120e+08 -6.78343801e+03 2.31600933e+03
-2.34848485e-05 1.84343434e-05 3.00004354e+08 -7.60018093e+03 2.32051876e+03
-2.29797980e-05 1.84343434e-05 3.00004568e+08 -8.54569327e+03 2.25800993e+03
-2.24747475e-05 1.84343434e-05 3.00004739e+08 -9.64089277e+03 2.09172374e+03
-2.19696970e-05 1.84343434e-05 3.00004830e+08 -1.09069637e+04 1.76609112e+03
-2.14646465e-05 1.84343434e-05 3.00004785e+08 -1.23613853e+04 1.19669454e+03
-2.09595960e-05 1.84343434e-05 3.00004516e+08 -1.40092372e+04 2.54717342e+02
-2.04545455e-05 1.84343434e-05 3.00003893e+08 -1.58250265e+04 -1.25692364e+03
-1.99494949e-05 1.84343434e-05 3.00002719e+08 -1.77156198e+04 -3.63926898e+03
-1.94444444e-05 1.84343434e-05 3.00000714e+08 -1.94458482e+04 -7.34744200e+03
-1.89393939e-05 1.84343434e-05 2.99997496e+08 -2.04918487e+04 -1.30504085e+04
-1.84343434e-05 1.84343434e-05 2.99992631e+08 -1.97613760e+04 -2.16666510e+04
-1.79292929e-05 1.84343434e-05 2.99985832e+08 -1.50999228e+04 -3.42505956e+04
-1.74242424e-05 1.84343434e-05 2.99977615e+08 -2.58507469e+03 -5.13609851e+04
-1.69191919e-05 1.84343434e-05 2.99970787e+08 2.38039325e+04 -7.10785356e+04
-1.64141414e-05 1.84343434e-05 2.99972415e+08 6.95259395e+04 -8.48549613e+04
-1.59090909e-05 1.84343434e-05 2.99991688e+08 1.28516264e+05 -7.47492855e+04
-1.54040404e-05 1.84343434e-05 3.00025031e+08 1.68785304e+05 -2.72635515e+04
-1.48989899e-05 1.84343434e-05 3.00044884e+08 1.52706995e+05 3.61542340e+04
-1.43939394e-05 1.84343434e-05 3.00032412e+08 9.02008873e+04 7.32103617e+04
-1.38888889e-05 1.84343434e-05 3.00003384e+08 2.56164413e+04 7.34390459e+04
-1.33838384e-05 1.84343434e-05 2.99979303e+08 -1.59650076e+04 5.50190781e+04
-1.28787879e-05 1.84343434e-05 2.99967209e+08 -3.47691810e+04 3.45943767e+04
-1.23737374e-05 1.84343434e-05 2.99964796e+08 -3.92654097e+04 1.89698103e+04
-1.18686869e-05 1.84343434e-05 2.99967807e+08 -3.68333181e+04 8.95992196e+03
-1.13636364e-05 1.84343434e-05 2.99972978e+08 -3.19171841e+04 3.27453986e+03
-1.08585859e-05 1.84343434e-05 2.99978440e+08 -2.66953750e+04 3.86818110e+02
-1.03535354e-05 1.84343434e-05 2.99983339e+08 -2.20381927e+04 -8.72053834e+02
-9.84848485e-06 1.84343434e-05 2.99987401e+08 -1.81786559e+04 -1.25748008e+03
-9.34343434e-06 1.84343434e-05 2.99990627e+08 -1.50841396e+04 -1.21357538e+03
-8.83838384e-06 1.84343434e-05 2.99993129e+08 -1.26350019e+04 -9.84853291e+02
-8.33333333e-06 1.84343434e-05 2.99995044e+08 -1.07004086e+04 -6.98323751e+02
-7.82828283e-06 1.84343434e-05 2.99996502e+08 -9.16552679e+03 -4.15504699e+02
-7.32323232e-06 1.84343434e-05 2.99997608e+08 -7.93791163e+03 -1.62946179e+02
-6.81818182e-06 1.84343434e-05 2.99998448e+08 -6.94604367e+03 5.06619500e+01
-6.31313131e-06 1.84343434e-05 2.99999089e+08 -6.13557438e+03 2.25207665e+02
-5.80808081e-06 1.84343434e-05 2.99999579e+08 -5.46544078e+03 3.64262956e+02
-5.30303030e-06 1.84343434e-05 2.99999957e+08 -4.90454831e+03 4.72591923e+02
-4.79797980e-06 1.84343434e-05 3.00000250e+08 -4.42914098e+03 5.54957132e+02
-4.29292929e-06 1.84343434e-05 3.00000480e+08 -4.02077842e+03 6.15636976e+02
-3.78787879e-06 1.84343434e-05 3.00000662e+08 -3.66480398e+03 6.58371440e+02
-3.28282828e-06 1.84343434e-05 3.00000804e+08 -3.34923614e+03 6.86646380e+02
-2.77777778e-06 1.84343434e-05 3.00000913e+08 -3.06414464e+03 7.04354697e+02
-2.27272727e-06 1.84343434e-05 3.00000988e+08 -2.80182483e+03 7.16901428e+02
-1.76767677e-06 1.84343434e-05 3.00001025e+08 -2.55843997e+03 7.32528198e+02
-1.26262626e-06 1.84343434e-05 3.00001018e+08 -2.33776343e+03 7.62529526e+02
-7.57575758e-07 1.84343434e-05 3.00000963e+08 -2.15539497e+03 8.17100684e+02
-2.52525253e-07 1.84343434e-05 3.00000872e+08 -2.03543483e+03 8.94565488e+02
2.52525253e-07 1.84343434e-05 3.00000764e+08 -1.98973709e+03 9.73830233e+02
7.57575758e-07 1.84343434e-05 3.00000650e+08 -1.99488700e+03 1.03101717e+03
1.26262626e-06 1.84343434e-05 3.00000516e+08 -2.00670844e+03 1.06985625e+03
1.76767677e-06 1.84343434e-05 3.00000346e+08 -2.00323303e+03 1.12169251e+03
2.27272727e-06 1.84343434e-05 3.00000149e+08 -2.00243020e+03 1.21559624e+03
2.77777778e-06 1.84343434e-05 2.99999972e+08 -2.04469966e+03 1.34883913e+03
3.28282828e-06 1.84343434e-05 2.99999915e+08 -2.13810550e+03 1.45513925e+03
3.78787879e-06 1.84343434e-05 3.00000043e+08 -2.12709131e+03 1.43462618e+03
4.29292929e-06 1.84343434e-05 3.00000189e+08 -1.80486584e+03 1.42989154e+03
4.79797980e-06 1.84343434e-05 3.00000298e+08 -1.49649425e+03 1.63321237e+03
5.30303030e-06 1.84343434e-05 3.00000487e+08 -1.47123094e+03 1.82023925e+03
5.80808081e-06 1.84343434e-05 3.00000695e+08 -1.58431935e+03 1.87374007e+03
6.31313131e-06 1.84343434e-05 3.00000857e+08 -1.71059506e+03 1.84559231e+03
6.81818182e-06 1.84343434e-05 3.00000965e+08 -1.81776571e+03 1.78706834e+03
7.32323232e-06 1.84343434e-05 3.00001032e+08 -1.90645696e+03 1.72003786e+03
7.82828283e-06 1.84343434e-05 3.00001071e+08 -1.98228788e+03 1.65049404e+03
8.33333333e-06 1.84343434e-05 3.00001090e+08 -2.04929513e+03 1.57847064e+03
8.83838384e-06 1.84343434e-05 3.00001094e+08 -2.10938376e+03 1.50229341e+03
9.34343434e-06 1.84343434e-05 3.00001086e+08 -2.16288185e+03 1.42013276e+03
9.84848485e-06 1.84343434e-05 3.00001069e+08 -2.20908942e+03 1.33051630e+03
1.03535354e-05 1.84343434e-05 3.00001043e+08 -2.24666961e+03 1.23247300e+03
1.08585859e-05 1.84343434e-05 3.00001008e+08 -2.27391560e+03 1.12555599e+03
1.13636364e-05 1.84343434e-05 3.00000965e+08 -2.28894150e+03 1.00982899e+03
1.18686869e-05 1.84343434e-05 3.00000914e+08 -2.28983023e+03 8.85842452e+02
1.23737374e-05 1.84343434e-05 3.00000855e+08 -2.27475758e+03 7.54604722e+02
1.28787879e-05 1.84343434e-05 3.00000789e+08 -2.24210229e+03 6.17546652e+02
1.33838384e-05 1.84343434e-05 3.00000718e+08 -2.19054536e+03 4.76476713e+02
1.38888889e-05 1.84343434e-05 3.00000641e+08 -2.11915863e+03 3.33523997e+02
1.43939394e-05 1.84343434e-05 3.00000561e+08 -2.02747990e+03 1.91067810e+02
1.48989899e-05 1.84343434e-05 3.00000478e+08 -1.91557106e+03 5.16541554e+01
1.54040404e-05 1.84343434e-05 3.00000396e+08 -1.78405522e+03 -8.20989709e+01
1.59090909e-05 1.84343434e-05 3.00000314e+08 -1.63412949e+03 -2.07603932e+02
1.64141414e-05 1.84343434e-05 3.00000237e+08 -1.46755095e+03 -3.22408660e+02
1.69191919e-05 1.84343434e-05 3.00000165e+08 -1.28659506e+03 -4.24298985e+02
1.74242424e-05 1.84343434e-05 3.00000100e+08 -1.09398765e+03 -5.11392028e+02
1.79292929e-05 1.84343434e-05 3.00000044e+08 -8.92813550e+02 -5.82214782e+02
1.84343434e-05 1.84343434e-05 2.99999999e+08 -6.86406806e+02 -6.35762852e+02
1.89393939e-05 1.84343434e-05 2.99999965e+08 -4.78228813e+02 -6.71535697e+02
1.94444444e-05 1.84343434e-05 2.99999944e+08 -2.71741750e+02 -6.89546385e+02
1.99494949e-05 1.84343434e-05 2.99999935e+08 -7.02848627e+01 -6.90305862e+02
2.04545455e-05 1.84343434e-05 2.99999938e+08 1.23039209e+02 -6.74783566e+02
2.09595960e-05 1.84343434e-05 2.99999954e+08 3.05461878e+02 -6.44347929e+02
2.14646465e-05 1.84343434e-05 2.99999980e+08 4.74625185e+02 -6.00691542e+02
2.19696970e-05 1.84343434e-05 3.00000017e+08 6.28634620e+02 -5.45746542e+02
2.24747475e-05 1.84343434e-05 3.00000062e+08 7.66087229e+02 -4.81595982e+02
2.29797980e-05 1.84343434e-05 3.00000115e+08 8.86075801e+02 -4.10386653e+02
2.34848485e-05 1.84343434e-05 3.00000173e+08 9.88171488e+02 -3.34248140e+02
2.39898990e-05 1.84343434e-05 3.00000236e+08 1.07238831e+03 -2.55221829e+02
2.44949495e-05 1.84343434e-05 3.00000300e+08 1.13913371e+03 -1.75202455e+02
2.50000000e-05 1.84343434e-05 3.00000366e+08 1.18914971e+03 -9.58935575e+01
-2.50000000e-05 1.89393939e-05 3.00003059e+08 -5.49673626e+03 1.69550917e+03
-2.44949495e-05 1.89393939e-05 3.00003179e+08 -6.07845411e+03 1.65942946e+03
-2.39898990e-05 1.89393939e-05 3.00003275e+08 -6.73691023e+03 1.57042161e+03
-2.34848485e-05 1.89393939e-05 3.00003333e+08 -7.48122060e+03 1.40523243e+03
-2.29797980e-05 1.89393939e-05 3.00003331e+08 -8.31942430e+03 1.13079129e+03
-2.24747475e-05 1.89393939e-05 3.00003237e+08 -9.25623845e+03 6.99925432e+02
-2.19696970e-05 1.89393939e-05 3.00003005e+08 -1.02888483e+04 4.52101919e+01
-2.14646465e-05 1.89393939e-05 3.00002571e+08 -1.13991904e+04 -9.29730999e+02
-2.09595960e-05 1.89393939e-05 3.00001845e+08 -1.25400155e+04 -2.36217016e+03
-2.04545455e-05 1.89393939e-05 3.00000709e+08 -1.36100390e+04 -4.44568623e+03
-1.99494949e-05 1.89393939e-05 2.99999007e+08 -1.44103236e+04 -7.44741648e+03
-1.94444444e-05 1.89393939e-05 2.99996559e+08 -1.45696797e+04 -1.17200783e+04
-1.89393939e-05 1.89393939e-05 2.99993204e+08 -1.34232360e+04 -1.76877182e+04
-1.84343434e-05 1.89393939e-05 2.99988908e+08 -9.83459840e+03 -2.57521021e+04
-1.79292929e-05 1.89393939e-05 2.99984035e+08 -1.99889999e+03 -3.60045703e+04
-1.74242424e-05 1.89393939e-05 2.99979823e+08 1.25692066e+04 -4.75497902e+04
-1.69191919e-05 1.89393939e-05 2.99978941e+08 3.62516182e+04 -5.73131883e+04
-1.64141414e-05 1.89393939e-05 2.99985262e+08 6.86521965e+04 -5.89696198e+04
-1.59090909e-05 1.89393939e-05 3.00000889e+08 1.01988341e+05 -4.46835126e+04
-1.54040404e-05 1.89393939e-05 3.00020601e+08 1.19965888e+05 -1.27951378e+04
-1.48989899e-05 1.89393939e-05 3.00031871e+08 1.09059910e+05 2.46938069e+04
-1.43939394e-05 1.89393939e-05 3.00026800e+08 7.38050738e+04 4.99015571e+04
-1.38888889e-05 1.89393939e-05 3.00010351e+08 3.26117971e+04 5.56447443e+04
-1.33838384e-05 1.89393939e-05 2.99992842e+08 3.10687604e+02 4.75667391e+04
-1.28787879e-05 1.89393939e-05 2.99980635e+08 -1.88766806e+04 3.45011081e+04
-1.23737374e-05 1.89393939e-05 2.99974837e+08 -2.73386461e+04 2.22015356e+04
-1.18686869e-05 1.89393939e-05 2.99973910e+08 -2.90787842e+04 1.28594064e+04
-1.13636364e-05 1.89393939e-05 2.99975843e+08 -2.73666150e+04 6.60364443e+03
-1.08585859e-05 1.89393939e-05 2.99979060e+08 -2.42698036e+04 2.78388575e+03
-1.03535354e-05 1.89393939e-05 2.99982584e+08 -2.08992254e+04 6.42496949e+02
-9.84848485e-06 1.89393939e-05 2.99985901e+08 -1.77655135e+04 -4.36977607e+02
-9.34343434e-06 1.89393939e-05 2.99988795e+08 -1.50522626e+04 -8.86671315e+02
-8.83838384e-06 1.89393939e-05 2.99991215e+08 -1.27846211e+04 -9.85131946e+02
-8.33333333e-06 1.89393939e-05 2.99993189e+08 -1.09212249e+04 -9.02121471e+02
-7.82828283e-06 1.89393939e-05 2.99994775e+08 -9.39979902e+03 -7.36597171e+02
-7.32323232e-06 1.89393939e-05 2.99996040e+08 -8.15762857e+03 -5.43767731e+02
-6.81818182e-06 1.89393939e-05 2.99997044e+08 -7.13942787e+03 -3.52787724e+02
-6.31313131e-06 1.89393939e-05 2.99997842e+08 -6.29934344e+03 -1.77768754e+02
-5.80808081e-06 1.89393939e-05 2.99998476e+08 -5.60048180e+03 -2.44093932e+01
-5.30303030e-06 1.89393939e-05 2.99998981e+08 -5.01357267e+03 1.06119163e+02
-4.79797980e-06 1.89393939e-05 2.99999386e+08 -4.51548361e+03 2.14969025e+02
-4.29292929e-06 1.89393939e-05 2.99999710e+08 -4.08787989e+03 3.04443162e+02
-3.78787879e-06 1.89393939e-05 2.99999969e+08 -3.71614655e+03 3.77479097e+02
-3.28282828e-06 1.89393939e-05 3.00000175e+08 -3.38864750e+03 4.37583450e+02
-2.77777778e-06 1.89393939e-05 3.00000334e+08 -3.09643559e+03 4.89087765e+02
-2.27272727e-06 1.89393939e-05 3.00000449e+08 -2.83359784e+03 5.37540724e+02
-1.76767677e-06 1.89393939e-05 3.00000520e+08 -2.59837930e+03 5.89783623e+02
-1.26262626e-06 1.89393939e-05 3.00000549e+08 -2.39470984e+03 6.52793313e+02
-7.57575758e-07 1.89393939e-05 3.00000541e+08 -2.23232344e+03 7.30338310e+02
-2.52525253e-07 1.89393939e-05 3.00000505e+08 -2.12218554e+03 8.18503718e+02
2.52525253e-07 1.89393939e-05 3.00000454e+08 -2.06659655e+03 9.05377086e+02
7.57575758e-07 1.89393939e-05 3.00000395e+08 -2.05239459e+03 9.79760819e+02
1.26262626e-06 1.89393939e-05 3.00000327e+08 -2.05838752e+03 1.04212367e+03
1.76767677e-06 1.89393939e-05 3.00000248e+08 -2.07181449e+03 1.10359119e+03
2.27272727e-06 1.89393939e-05 3.00000173e+08 -2.09504985e+03 1.17152994e+03
2.77777778e-06 1.89393939e-05 3.00000135e+08 -2.13181872e+03 1.23357394e+03
3.28282828e-06 1.89393939e-05 3.00000167e+08 -2.15407811e+03 1.25718999e+03
3.78787879e-06 1.89393939e-05 3.00000257e+08 -2.08334033e+03 1.23509981e+03
4.29292929e-06 1.89393939e-05 3.00000336e+08 -1.88429851e+03 1.24448564e+03
4.79797980e-06 1.89393939e-05 3.00000392e+08 -1.67954429e+03 1.34856744e+03
5.30303030e-06 1.89393939e-05 3.00000476e+08 -1.59414579e+03 1.48245041e+03
5.80808081e-06 1.89393939e-05 3.00000590e+08 -1.61760682e+03 1.56848750e+03
6.31313131e-06 1.89393939e-05 3.00000706e+08 -1.68956765e+03 1.59454332e+03
6.81818182e-06 1.89393939e-05 3.00000801e+08 -1.77144434e+03 1.57928860e+03
7.32323232e-06 1.89393939e-05 3.00000872e+08 -1.84870047e+03 1.54044489e+03
7.82828283e-06 1.89393939e-05 3.00000920e+08 -1.91796756e+03 1.48803645e+03
8.33333333e-06 1.89393939e-05 3.00000949e+08 -1.97929035e+03 1.42646687e+03
8.83838384e-06 1.89393939e-05 3.00000962e+08 -2.03312365e+03 1.35718802e+03
9.34343434e-06 1.89393939e-05 3.00000963e+08 -2.07947083e+03 1.28037364e+03
9.84848485e-06 1.89393939e-05 3.00000952e+08 -2.11777583e+03 1.19579331e+03
1.03535354e-05 1.89393939e-05 3.00000932e+08 -2.14703191e+03 1.10323728e+03
1.08585859e-05 1.89393939e-05 3.00000902e+08 -2.16593084e+03 1.00271560e+03
1.13636364e-05 1.89393939e-05 3.00000864e+08 -2.17300371e+03 8.94547123e+02
1.18686869e-05 1.89393939e-05 3.00000818e+08 -2.16674520e+03 7.79393495e+02
1.23737374e-05 1.89393939e-05 3.00000765e+08 -2.14572308e+03 6.58262918e+02
1.28787879e-05 1.89393939e-05 3.00000705e+08 -2.10867561e+03 5.32494071e+02
1.33838384e-05 1.89393939e-05 3.00000640e+08 -2.05459829e+03 4.03724390e+02
1.38888889e-05 1.89393939e-05 3.00000570e+08 -1.98281927e+03 2.73844381e+02
1.43939394e-05 1.89393939e-05 3.00000496e+08 -1.89306179e+03 1.44939110e+02
1.48989899e-05 1.89393939e-05 3.00000421e+08 -1.78549110e+03 1.92184049e+01
1.54040404e-05 1.89393939e-05 3.00000346e+08 -1.66074309e+03 -1.01061913e+02
1.59090909e-05 1.89393939e-05 3.00000273e+08 -1.51993252e+03 -2.13684530e+02
1.64141414e-05 1.89393939e-05 3.00000202e+08 -1.36463929e+03 -3.16556838e+02
1.69191919e-05 1.89393939e-05 3.00000137e+08 -1.19687237e+03 -4.07794266e+02
1.74242424e-05 1.89393939e-05 3.00000078e+08 -1.01901285e+03 -4.85795962e+02
1.79292929e-05 1.89393939e-05 3.00000028e+08 -8.33738262e+02 -5.49308341e+02
1.84343434e-05 1.89393939e-05 2.99999986e+08 -6.43932567e+02 -5.97472616e+02
1.89393939e-05 1.89393939e-05 2.99999955e+08 -4.52586440e+02 -6.29853528e+02
1.94444444e-05 1.89393939e-05 2.99999935e+08 -2.62693811e+02 -6.46447765e+02
1.99494949e-05 1.89393939e-05 2.99999925e+08 -7.71504224e+01 -6.47672019e+02
2.04545455e-05 1.89393939e-05 2.99999927e+08 1.01339930e+02 -6.34332065e+02
2.09595960e-05 1.89393939e-05 2.99999940e+08 2.70346637e+02 -6.07575511e+02
2.14646465e-05 1.89393939e-05 2.99999963e+08 4.27777236e+02 -5.68831856e+02
2.19696970e-05 1.89393939e-05 2.99999995e+08 5.71923683e+02 -5.19744097e+02
2.24747475e-05 1.89393939e-05 3.00000035e+08 7.01488957e+02 -4.62096387e+02
2.29797980e-05 1.89393939e-05 3.00000082e+08 8.15594376e+02 -3.97742026e+02
2.34848485e-05 1.89393939e-05 3.00000135e+08 9.13769230e+02 -3.28535651e+02
2.39898990e-05 1.89393939e-05 3.00000191e+08 9.95925220e+02 -2.56272704e+02
2.44949495e-05 1.89393939e-05 3.00000250e+08 1.06231884e+03 -1.82638432e+02
2.50000000e-05 1.89393939e-05 3.00000310e+08 1.11350517e+03 -1.09167743e+02
-2.50000000e-05 1.94444444e-05 3.00002424e+08 -5.43077507e+03 1.13160835e+03
-2.44949495e-05 1.94444444e-05 3.00002431e+08 -5.95787582e+03 9.84742743e+02
-2.39898990e-05 1.94444444e-05 3.00002393e+08 -6.53997820e+03 7.61815887e+02
-2.34848485e-05 1.94444444e-05 3.00002293e+08 -7.17774321e+03 4.35093245e+02
-2.29797980e-05 1.94444444e-05 3.00002103e+08 -7.86738737e+03 -3.31910860e+01
-2.24747475e-05 1.94444444e-05 3.00001791e+08 -8.59714443e+03 -6.94402514e+02
-2.19696970e-05 1.94444444e-05 3.00001312e+08 -9.34140064e+03 -1.61811769e+03
-2.14646465e-05 1.94444444e-05 3.00000606e+08 -1.00510755e+04 -2.89774880e+03
-2.09595960e-05 1.94444444e-05 2.99999603e+08 -1.06380536e+04 -4.65661610e+03
-2.04545455e-05 1.94444444e-05 2.99998218e+08 -1.09504957e+04 -7.05259470e+03
-1.99494949e-05 1.94444444e-05 2.99996367e+08 -1.07350202e+04 -1.02765395e+04
-1.94444444e-05 1.94444444e-05 2.99993991e+08 -9.58234964e+03 -1.45336873e+04
-1.89393939e-05 1.94444444e-05 2.99991122e+08 -6.85884280e+03 -1.99861451e+04
-1.84343434e-05 1.94444444e-05 2.99987991e+08 -1.64654337e+03 -2.66177599e+04
-1.79292929e-05 1.94444444e-05 2.99985210e+08 7.23355021e+03 -3.39689446e+04
-1.74242424e-05 1.94444444e-05 2.99983969e+08 2.09389161e+04 -4.07191707e+04
-1.69191919e-05 1.94444444e-05 2.99986016e+08 3.97792702e+04 -4.42742236e+04
-1.64141414e-05 1.94444444e-05 2.99992956e+08 6.17145524e+04 -4.09581539e+04
-1.59090909e-05 1.94444444e-05 3.00004510e+08 8.10138211e+04 -2.78005863e+04
-1.54040404e-05 1.94444444e-05 3.00016829e+08 8.94779774e+04 -5.85793977e+03
-1.48989899e-05 1.94444444e-05 3.00023762e+08 8.16828917e+04 1.81668611e+04
-1.43939394e-05 1.94444444e-05 3.00021572e+08 5.99952605e+04 3.56822171e+04
-1.38888889e-05 1.94444444e-05 3.00011979e+08 3.29759739e+04 4.23189877e+04
-1.33838384e-05 1.94444444e-05 2.99999949e+08 8.97862605e+03 3.96050221e+04
-1.28787879e-05 1.94444444e-05 2.99989740e+08 -7.91462303e+03 3.18780818e+04
-1.23737374e-05 1.94444444e-05 2.99983194e+08 -1.75617609e+04 2.30107158e+04
-1.18686869e-05 1.94444444e-05 2.99980235e+08 -2.17015918e+04 1.52083641e+04
-1.13636364e-05 1.94444444e-05 2.99979934e+08 -2.23561771e+04 9.25000397e+03
-1.08585859e-05 1.94444444e-05 2.99981254e+08 -2.11277956e+04 5.10573797e+03
-1.03535354e-05 1.94444444e-05 2.99983374e+08 -1.90703850e+04 2.42402764e+03
-9.84848485e-06 1.94444444e-05 2.99985750e+08 -1.67930524e+04 8.01031702e+02
-9.34343434e-06 1.94444444e-05 2.99988067e+08 -1.46073835e+04 -1.07525758e+02
-8.83838384e-06 1.94444444e-05 2.99990170e+08 -1.26481004e+04 -5.58810937e+02
-8.33333333e-06 1.94444444e-05 2.99992000e+08 -1.09541824e+04 -7.30889608e+02
-7.82828283e-06 1.94444444e-05 2.99993552e+08 -9.51767074e+03 -7.41019793e+02
-7.32323232e-06 1.94444444e-05 2.99994847e+08 -8.31078855e+03 -6.63553005e+02
-6.81818182e-06 1.94444444e-05 2.99995918e+08 -7.29996451e+03 -5.44092743e+02
-6.31313131e-06 1.94444444e-05 2.99996799e+08 -6.45248108e+03 -4.09637058e+02
-5.80808081e-06 1.94444444e-05 2.99997521e+08 -5.73920156e+03 -2.75442789e+02
-5.30303030e-06 1.94444444e-05 2.99998113e+08 -5.13533442e+03 -1.49496889e+02
-4.79797980e-06 1.94444444e-05 2.99998598e+08 -4.62029919e+03 -3.53356911e+01
-4.29292929e-06 1.94444444e-05 2.99998994e+08 -4.17725706e+03 6.62469622e+01
-3.78787879e-06 1.94444444e-05 2.99999318e+08 -3.79260767e+03 1.56232165e+02
-3.28282828e-06 1.94444444e-05 2.99999578e+08 -3.45563000e+03 2.36892322e+02
-2.77777778e-06 1.94444444e-05 2.99999784e+08 -3.15839091e+03 3.11579059e+02
-2.27272727e-06 1.94444444e-05 2.99999941e+08 -2.89598750e+03 3.84532161e+02
-1.76767677e-06 1.94444444e-05 3.00000053e+08 -2.66702314e+03 4.60353447e+02
-1.26262626e-06 1.94444444e-05 3.00000126e+08 -2.47382320e+03 5.42751561e+02
-7.57575758e-07 1.94444444e-05 3.00000165e+08 -2.32136878e+03 6.32550403e+02
-2.52525253e-07 1.94444444e-05 3.00000180e+08 -2.21400932e+03 7.26075531e+02
2.52525253e-07 1.94444444e-05 3.00000182e+08 -2.15087181e+03 8.16073141e+02
7.57575758e-07 1.94444444e-05 3.00000176e+08 -2.12370673e+03 8.95905844e+02
1.26262626e-06 1.94444444e-05 3.00000166e+08 -2.12027706e+03 9.63624461e+02
1.76767677e-06 1.94444444e-05 3.00000157e+08 -2.13042488e+03 1.02098984e+03
2.27272727e-06 1.94444444e-05 3.00000158e+08 -2.14745417e+03 1.06741979e+03
2.77777778e-06 1.94444444e-05 3.00000185e+08 -2.16070209e+03 1.09541085e+03
3.28282828e-06 1.94444444e-05 3.00000243e+08 -2.14508840e+03 1.09706821e+03
3.78787879e-06 1.94444444e-05 3.00000315e+08 -2.06814640e+03 1.08439171e+03
4.29292929e-06 1.94444444e-05 3.00000373e+08 -1.92980204e+03 1.09601458e+03
4.79797980e-06 1.94444444e-05 3.00000415e+08 -1.78573619e+03 1.15719400e+03
5.30303030e-06 1.94444444e-05 3.00000464e+08 -1.69685729e+03 1.24566928e+03
5.80808081e-06 1.94444444e-05 3.00000531e+08 -1.67694097e+03 1.32139959e+03
6.31313131e-06 1.94444444e-05 3.00000607e+08 -1.70468635e+03 1.36365968e+03
6.81818182e-06 1.94444444e-05 3.00000681e+08 -1.75506531e+03 1.37236815e+03
7.32323232e-06 1.94444444e-05 3.00000742e+08 -1.81207333e+03 1.35520724e+03
7.82828283e-06 1.94444444e-05 3.00000789e+08 -1.86786208e+03 1.31958614e+03
8.33333333e-06 1.94444444e-05 3.00000821e+08 -1.91906330e+03 1.27046394e+03
8.83838384e-06 1.94444444e-05 3.00000839e+08 -1.96418879e+03 1.21064915e+03
9.34343434e-06 1.94444444e-05 3.00000845e+08 -2.00232274e+03 1.14159512e+03
9.84848485e-06 1.94444444e-05 3.00000839e+08 -2.03258636e+03 1.06405678e+03
1.03535354e-05 1.94444444e-05 3.00000824e+08 -2.05397330e+03 9.78520305e+02
1.08585859e-05 1.94444444e-05 3.00000799e+08 -2.06534396e+03 8.85458691e+02
1.13636364e-05 1.94444444e-05 3.00000766e+08 -2.06548098e+03 7.85475218e+02
1.18686869e-05 1.94444444e-05 3.00000725e+08 -2.05316536e+03 6.79378198e+02
1.23737374e-05 1.94444444e-05 3.00000677e+08 -2.02725612e+03 5.68212946e+02
1.28787879e-05 1.94444444e-05 3.00000623e+08 -1.98676706e+03 4.53265399e+02
1.33838384e-05 1.94444444e-05 3.00000564e+08 -1.93093705e+03 3.36045236e+02
1.38888889e-05 1.94444444e-05 3.00000500e+08 -1.85929151e+03 2.18252953e+02
1.43939394e-05 1.94444444e-05 3.00000434e+08 -1.77169294e+03 1.01733853e+02
1.48989899e-05 1.94444444e-05 3.00000366e+08 -1.66837810e+03 -1.15784904e+01
1.54040404e-05 1.94444444e-05 3.00000298e+08 -1.54997981e+03 -1.19726584e+02
1.59090909e-05 1.94444444e-05 3.00000232e+08 -1.41753181e+03 -2.20798092e+02
1.64141414e-05 1.94444444e-05 3.00000168e+08 -1.27245558e+03 -3.12996117e+02
1.69191919e-05 1.94444444e-05 3.00000109e+08 -1.11652925e+03 -3.94706931e+02
1.74242424e-05 1.94444444e-05 3.00000056e+08 -9.51839610e+02 -4.64561342e+02
1.79292929e-05 1.94444444e-05 3.00000010e+08 -7.80719356e+02 -5.21486135e+02
1.84343434e-05 1.94444444e-05 2.99999972e+08 -6.05672821e+02 -5.64742617e+02
1.89393939e-05 1.94444444e-05 2.99999943e+08 -4.29294061e+02 -5.93950057e+02
1.94444444e-05 1.94444444e-05 2.99999924e+08 -2.54181816e+02 -6.09092869e+02
1.99494949e-05 1.94444444e-05 2.99999915e+08 -8.28559488e+01 -6.10511466e+02
2.04545455e-05 1.94444444e-05 2.99999916e+08 8.23202368e+01 -5.98877808e+02
2.09595960e-05 1.94444444e-05 2.99999927e+08 2.39207946e+02 -5.75157649e+02
2.14646465e-05 1.94444444e-05 2.99999947e+08 3.85948086e+02 -5.40562262e+02
2.19696970e-05 1.94444444e-05 2.99999975e+08 5.21001676e+02 -4.96492914e+02
2.24747475e-05 1.94444444e-05 3.00000011e+08 6.43174545e+02 -4.44481580e+02
2.29797980e-05 1.94444444e-05 3.00000053e+08 7.51626444e+02 -3.86131313e+02
2.34848485e-05 1.94444444e-05 3.00000100e+08 8.45865615e+02 -3.23059348e+02
2.39898990e-05 1.94444444e-05 3.00000151e+08 9.25730659e+02 -2.56845524e+02
2.44949495e-05 1.94444444e-05 3.00000205e+08 9.91362029e+02 -1.88987931e+02
2.50000000e-05 1.94444444e-05 3.00000260e+08 1.04316579e+03 -1.20867034e+02
-2.50000000e-05 1.99494949e-05 3.00001776e+08 -5.26616262e+03 5.35408462e+02
-2.44949495e-05 1.99494949e-05 3.00001682e+08 -5.71975668e+03 2.84907545e+02
-2.39898990e-05 1.99494949e-05 3.00001529e+08 -6.20353460e+03 -5.90962961e+01
-2.34848485e-05 1.99494949e-05 3.00001298e+08 -6.70986277e+03 -5.25923821e+02
-2.29797980e-05 1.99494949e-05 3.00000963e+08 -7.22400177e+03 -1.15381772e+03
-2.24747475e-05 1.99494949e-05 3.00000495e+08 -7.71993766e+03 -1.99227515e+03
-2.19696970e-05 1.99494949e-05 2.99999855e+08 -8.15402908e+03 -3.10451095e+03
-2.14646465e-05 1.99494949e-05 2.99999001e+08 -8.45548166e+03 -4.56946190e+03
-2.09595960e-05 1.99494949e-05 2.99997887e+08 -8.51242634e+03 -6.48198151e+03
-2.04545455e-05 1.99494949e-05 2.99996474e+08 -8.15242289e+03 -8.94843544e+03
-1.99494949e-05 1.99494949e-05 2.99994745e+08 -7.11717464e+03 -1.20723841e+04
-1.94444444e-05 1.99494949e-05 2.99992739e+08 -5.03456988e+03 -1.59211046e+04
-1.89393939e-05 1.99494949e-05 2.99990605e+08 -1.39966337e+03 -2.04589100e+04
-1.84343434e-05 1.99494949e-05 2.99988673e+08 4.40591003e+03 -2.54312782e+04
-1.79292929e-05 1.99494949e-05 2.99987536e+08 1.29968937e+04 -3.01963032e+04
-1.74242424e-05 1.99494949e-05 2.99988061e+08 2.46814653e+04 -3.35513955e+04
-1.69191919e-05 1.99494949e-05 2.99991185e+08 3.89127377e+04 -3.37191218e+04
-1.64141414e-05 1.99494949e-05 2.99997366e+08 5.36410485e+04 -2.87924298e+04
-1.59090909e-05 1.99494949e-05 3.00005759e+08 6.51486423e+04 -1.78491800e+04
-1.54040404e-05 1.99494949e-05 3.00013842e+08 6.91931777e+04 -2.27586021e+03
-1.48989899e-05 1.99494949e-05 3.00018371e+08 6.34126992e+04 1.40479553e+04
-1.43939394e-05 1.99494949e-05 3.00017411e+08 4.91590983e+04 2.65841952e+04
-1.38888889e-05 1.99494949e-05 3.00011594e+08 3.08013780e+04 3.26819062e+04
-1.33838384e-05 1.99494949e-05 3.00003404e+08 1.31137388e+04 3.25551034e+04
-1.28787879e-05 1.99494949e-05 2.99995466e+08 -8.48294194e+02 2.82796147e+04
-1.23737374e-05 1.99494949e-05 2.99989410e+08 -1.01682555e+04 2.22332136e+04
-1.18686869e-05 1.99494949e-05 2.99985719e+08 -1.53637361e+04 1.61571888e+04
-1.13636364e-05 1.99494949e-05 2.99984137e+08 -1.75188539e+04 1.09695321e+04
-1.08585859e-05 1.99494949e-05 2.99984105e+08 -1.77195850e+04 6.96544804e+03
-1.03535354e-05 1.99494949e-05 2.99985051e+08 -1.68165106e+04 4.08898819e+03
-9.84848485e-06 1.99494949e-05 2.99986516e+08 -1.53881642e+04 2.13845843e+03
-9.34343434e-06 1.99494949e-05 2.99988182e+08 -1.37891144e+04 8.84882498e+02
-8.83838384e-06 1.99494949e-05 2.99989849e+08 -1.22164359e+04 1.26011313e+02
-8.33333333e-06 1.99494949e-05 2.99991409e+08 -1.07669521e+04 -2.96939905e+02
-7.82828283e-06 1.99494949e-05 2.99992810e+08 -9.47842423e+03 -5.00288813e+02
-7.32323232e-06 1.99494949e-05 2.99994035e+08 -8.35633424e+03 -5.65403245e+02
-6.81818182e-06 1.99494949e-05 2.99995089e+08 -7.39012191e+03 -5.47293055e+02
-6.31313131e-06 1.99494949e-05 2.99995986e+08 -6.56247399e+03 -4.82098312e+02
-5.80808081e-06 1.99494949e-05 2.99996744e+08 -5.85433511e+03 -3.92894745e+02
-5.30303030e-06 1.99494949e-05 2.99997381e+08 -5.24741732e+03 -2.93906573e+02
-4.79797980e-06 1.99494949e-05 2.99997914e+08 -4.72532069e+03 -1.93430451e+02
-4.29292929e-06 1.99494949e-05 2.99998360e+08 -4.27393654e+03 -9.57936936e+01
-3.78787879e-06 1.99494949e-05 2.99998730e+08 -3.88153326e+03 -2.62557644e+00
-3.28282828e-06 1.99494949e-05 2.99999034e+08 -3.53876200e+03 8.63263120e+01
-2.77777778e-06 1.99494949e-05 2.99999281e+08 -3.23871152e+03 1.72625390e+02
-2.27272727e-06 1.99494949e-05 2.99999478e+08 -2.97703589e+03 2.58607524e+02
-1.76767677e-06 1.99494949e-05 2.99999629e+08 -2.75202631e+03 3.46663227e+02
-1.26262626e-06 1.99494949e-05 2.99999743e+08 -2.56429838e+03 4.38228213e+02
-7.57575758e-07 1.99494949e-05 2.99999827e+08 -2.41566038e+03 5.32679513e+02
-2.52525253e-07 1.99494949e-05 2.99999889e+08 -2.30703983e+03 6.26794643e+02
2.52525253e-07 1.99494949e-05 2.99999936e+08 -2.23624122e+03 7.15541087e+02
7.57575758e-07 1.99494949e-05 2.99999976e+08 -2.19708407e+03 7.94080198e+02
1.26262626e-06 1.99494949e-05 3.00000013e+08 -2.18073923e+03 8.59436865e+02
1.76767677e-06 1.99494949e-05 3.00000053e+08 -2.17783324e+03 9.10174868e+02
2.27272727e-06 1.99494949e-05 3.00000101e+08 -2.17860851e+03 9.44581781e+02
2.77777778e-06 1.99494949e-05 3.00000160e+08 -2.17043452e+03 9.60491689e+02
3.28282828e-06 1.99494949e-05 3.00000229e+08 -2.13675228e+03 9.59793422e+02
3.78787879e-06 1.99494949e-05 3.00000296e+08 -2.06463066e+03 9.54956650e+02
4.29292929e-06 1.99494949e-05 3.00000350e+08 -1.95993589e+03 9.66436426e+02
4.79797980e-06 1.99494949e-05 3.00000390e+08 -1.85138443e+03 1.00607839e+03
5.30303030e-06 1.99494949e-05 3.00000429e+08 -1.77113498e+03 1.06513925e+03
5.80808081e-06 1.99494949e-05 3.00000476e+08 -1.73330073e+03 1.12319350e+03
6.31313131e-06 1.99494949e-05 3.00000529e+08 -1.73268226e+03 1.16410125e+03
6.81818182e-06 1.99494949e-05 3.00000584e+08 -1.75617491e+03 1.18184577e+03
7.32323232e-06 1.99494949e-05 3.00000634e+08 -1.79173298e+03 1.17745157e+03
7.82828283e-06 1.99494949e-05 3.00000675e+08 -1.83116040e+03 1.15451049e+03
8.33333333e-06 1.99494949e-05 3.00000706e+08 -1.86957086e+03 1.11660582e+03
8.83838384e-06 1.99494949e-05 3.00000725e+08 -1.90411708e+03 1.06646738e+03
9.34343434e-06 1.99494949e-05 3.00000733e+08 -1.93299325e+03 1.00596995e+03
9.84848485e-06 1.99494949e-05 3.00000732e+08 -1.95484802e+03 9.36391125e+02
1.03535354e-05 1.99494949e-05 3.00000720e+08 -1.96849608e+03 8.58679607e+02
1.08585859e-05 1.99494949e-05 3.00000700e+08 -1.97280493e+03 7.73661336e+02
1.13636364e-05 1.99494949e-05 3.00000671e+08 -1.96667416e+03 6.82178495e+02
1.18686869e-05 1.99494949e-05 3.00000635e+08 -1.94906021e+03 5.85174576e+02
1.23737374e-05 1.99494949e-05 3.00000593e+08 -1.91902134e+03 4.83739768e+02
1.28787879e-05 1.99494949e-05 3.00000544e+08 -1.87576963e+03 3.79127405e+02
1.33838384e-05 1.99494949e-05 3.00000491e+08 -1.81872276e+03 2.72748856e+02
1.38888889e-05 1.99494949e-05 3.00000434e+08 -1.74755081e+03 1.66151820e+02
1.43939394e-05 1.99494949e-05 3.00000374e+08 -1.66221519e+03 6.09856467e+01
1.48989899e-05 1.99494949e-05 3.00000312e+08 -1.56299689e+03 -4.10433015e+01
1.54040404e-05 1.99494949e-05 3.00000251e+08 -1.45051238e+03 -1.38223400e+02
1.59090909e-05 1.99494949e-05 3.00000191e+08 -1.32571557e+03 -2.28893675e+02
1.64141414e-05 1.99494949e-05 3.00000134e+08 -1.18988529e+03 -3.11500788e+02
1.69191919e-05 1.99494949e-05 3.00000080e+08 -1.04459824e+03 -3.84653928e+02
1.74242424e-05 1.99494949e-05 3.00000032e+08 -8.91688398e+02 -4.47174509e+02
1.79292929e-05 1.99494949e-05 2.99999991e+08 -7.33194726e+02 -4.98137826e+02
1.84343434e-05 1.99494949e-05 2.99999957e+08 -5.71299558e+02 -5.36904298e+02
1.89393939e-05 1.99494949e-05 2.99999930e+08 -4.08260952e+02 -5.63138585e+02
1.94444444e-05 1.99494949e-05 2.99999913e+08 -2.46342454e+02 -5.76815636e+02
1.99494949e-05 1.99494949e-05 2.99999904e+08 -8.77439257e+01 -5.78213587e+02
2.04545455e-05 1.99494949e-05 2.99999904e+08 6.54630997e+01 -5.67894272e+02
2.09595960e-05 1.99494949e-05 2.99999913e+08 2.11392442e+02 -5.46672876e+02
2.14646465e-05 1.99494949e-05 2.99999931e+08 3.48390255e+02 -5.15578836e+02
2.19696970e-05 1.99494949e-05 2.99999956e+08 4.75070257e+02 -4.75810550e+02
2.24747475e-05 1.99494949e-05 2.99999988e+08 5.90336365e+02 -4.28686606e+02
2.29797980e-05 1.99494949e-05 3.00000025e+08 6.93392668e+02 -3.75596256e+02
2.34848485e-05 1.99494949e-05 3.00000068e+08 7.83741466e+02 -3.17951602e+02
2.39898990e-05 1.99494949e-05 3.00000115e+08 8.61170653e+02 -2.57143631e+02
2.44949495e-05 1.99494949e-05 3.00000164e+08 9.25732231e+02 -1.94503738e+02
2.50000000e-05 1.99494949e-05 3.00000215e+08 9.77713961e+02 -1.31271852e+02
-2.50000000e-05 2.04545455e-05 3.00001146e+08 -5.01105336e+03 -6.35005071e+01
-2.44949495e-05 2.04545455e-05 3.00000969e+08 -5.37745723e+03 -4.03971787e+02
-2.39898990e-05 2.04545455e-05 3.00000726e+08 -5.74852983e+03 -8.48609858e+02
-2.34848485e-05 2.04545455e-05 3.00000398e+08 -6.10948124e+03 -1.42560605e+03
-2.29797980e-05 2.04545455e-05 2.99999964e+08 -6.43678397e+03 -2.17004580e+03
-2.24747475e-05 2.04545455e-05 2.99999402e+08 -6.69404845e+03 -3.12485257e+03
-2.19696970e-05 2.04545455e-05 2.99998684e+08 -6.82621710e+03 -4.34111891e+03
-2.14646465e-05 2.04545455e-05 2.99997788e+08 -6.75163702e+03 -5.87696628e+03
-2.09595960e-05 2.04545455e-05 2.99996694e+08 -6.35176575e+03 -7.79338297e+03
-2.04545455e-05 2.04545455e-05 2.99995402e+08 -5.45895147e+03 -1.01444197e+04
-1.99494949e-05 2.04545455e-05 2.99993947e+08 -3.84445824e+03 -1.29576814e+04
-1.94444444e-05 2.04545455e-05 2.99992425e+08 -1.21257606e+03 -1.61996512e+04
-1.89393939e-05 2.04545455e-05 2.99991027e+08 2.78665379e+03 -1.97204952e+04
-1.84343434e-05 2.04545455e-05 2.99990077e+08 8.50368140e+03 -2.31782835e+04
-1.79292929e-05 2.04545455e-05 2.99990037e+08 1.61632122e+04 -2.59596601e+04
-1.74242424e-05 2.04545455e-05 2.99991447e+08 2.56405948e+04 -2.71495567e+04
-1.69191919e-05 2.04545455e-05 2.99994729e+08 3.61679172e+04 -2.56489977e+04
-1.64141414e-05 2.04545455e-05 2.99999849e+08 4.61196247e+04 -2.05469505e+04
-1.59090909e-05 2.04545455e-05 3.00005981e+08 5.31666179e+04 -1.17206844e+04
-1.54040404e-05 2.04545455e-05 3.00011506e+08 5.50313625e+04 -3.39377871e+02
-1.48989899e-05 2.04545455e-05 3.00014607e+08 5.06215457e+04 1.12570388e+04
-1.43939394e-05 2.04545455e-05 3.00014208e+08 4.07614538e+04 2.04905541e+04
-1.38888889e-05 2.04545455e-05 3.00010544e+08 2.78555758e+04 2.57127170e+04
-1.33838384e-05 2.04545455e-05 3.00004915e+08 1.47214544e+04 2.67507828e+04
-1.28787879e-05 2.04545455e-05 2.99998916e+08 3.48424539e+03 2.45854602e+04
-1.23737374e-05 2.04545455e-05 2.99993766e+08 -4.85904665e+03 2.06222417e+04
-1.18686869e-05 2.04545455e-05 2.99990067e+08 -1.02634793e+04 1.60999897e+04
-1.13636364e-05 2.04545455e-05 2.99987897e+08 -1.32209781e+04 1.18385677e+04
-1.08585859e-05 2.04545455e-05 2.99987025e+08 -1.43944502e+04 8.24634860e+03
-1.03535354e-05 2.04545455e-05 2.99987108e+08 -1.44001985e+04 5.43875791e+03
-9.84848485e-06 2.04545455e-05 2.99987811e+08 -1.37201085e+04 3.36552836e+03
-9.34343434e-06 2.04545455e-05 2.99988864e+08 -1.26915833e+04 1.90494316e+03
-8.83838384e-06 2.04545455e-05 2.99990072e+08 -1.15315620e+04 9.20198527e+02
-8.33333333e-06 2.04545455e-05 2.99991305e+08 -1.03688231e+04 2.87134557e+02
-7.82828283e-06 2.04545455e-05 2.99992486e+08 -9.27288666e+03 -9.56322922e+01
-7.32323232e-06 2.04545455e-05 2.99993572e+08 -8.27597191e+03 -3.05775788e+02
-6.81818182e-06 2.04545455e-05 2.99994547e+08 -7.38819473e+03 -4.00296332e+02
-6.31313131e-06 2.04545455e-05 2.99995405e+08 -6.60744201e+03 -4.19703385e+02
-5.80808081e-06 2.04545455e-05 2.99996153e+08 -5.92548017e+03 -3.92023185e+02
-5.30303030e-06 2.04545455e-05 2.99996798e+08 -5.33157453e+03 -3.36136919e+02
-4.79797980e-06 2.04545455e-05 2.99997351e+08 -4.81454622e+03 -2.64359194e+02
-4.29292929e-06 2.04545455e-05 2.99997822e+08 -4.36389639e+03 -1.84339717e+02
-3.78787879e-06 2.04545455e-05 2.99998221e+08 -3.97040728e+03 -1.00431170e+02
-3.28282828e-06 2.04545455e-05 2.99998556e+08 -3.62647371e+03 -1.46799552e+01
-2.77777778e-06 2.04545455e-05 2.99998835e+08 -3.32630120e+03 7.24044295e+01
-2.27272727e-06 2.04545455e-05 2.99999065e+08 -3.06600129e+03 1.61155462e+02
-1.76767677e-06 2.04545455e-05 2.99999252e+08 -2.84350872e+03 2.52023016e+02
-1.26262626e-06 2.04545455e-05 2.99999402e+08 -2.65816125e+03 3.44806890e+02
-7.57575758e-07 2.04545455e-05 2.99999524e+08 -2.50980579e+03 4.38017614e+02
-2.52525253e-07 2.04545455e-05 2.99999625e+08 -2.39751982e+03 5.28687540e+02
2.52525253e-07 2.04545455e-05 2.99999711e+08 -2.31841321e+03 6.12877950e+02
7.57575758e-07 2.04545455e-05 2.99999788e+08 -2.26714939e+03 6.86693486e+02
1.26262626e-06 2.04545455e-05 2.99999862e+08 -2.23639692e+03 7.47141268e+02
1.76767677e-06 2.04545455e-05 2.99999936e+08 -2.21760401e+03 7.92306733e+02
2.27272727e-06 2.04545455e-05 3.00000011e+08 -2.20123892e+03 8.21222642e+02
2.77777778e-06 2.04545455e-05 3.00000089e+08 -2.17668580e+03 8.34601494e+02
3.28282828e-06 2.04545455e-05 3.00000166e+08 -2.13365811e+03 8.36918319e+02
3.78787879e-06 2.04545455e-05 3.00000235e+08 -2.06689636e+03 8.37785482e+02
4.29292929e-06 2.04545455e-05 3.00000291e+08 -1.98185161e+03 8.48877928e+02
4.79797980e-06 2.04545455e-05 3.00000335e+08 -1.89461314e+03 8.76559993e+02
5.30303030e-06 2.04545455e-05 3.00000374e+08 -1.82338166e+03 9.17099769e+02
5.80808081e-06 2.04545455e-05 3.00000413e+08 -1.77880008e+03 9.59710585e+02
6.31313131e-06 2.04545455e-05 3.00000455e+08 -1.76128825e+03 9.93567591e+02
6.81818182e-06 2.04545455e-05 3.00000498e+08 -1.76477971e+03 1.01219768e+03
7.32323232e-06 2.04545455e-05 3.00000539e+08 -1.78151262e+03 1.01367552e+03
7.82828283e-06 2.04545455e-05 3.00000574e+08 -1.80478247e+03 9.98847950e+02
8.33333333e-06 2.04545455e-05 3.00000601e+08 -1.82967667e+03 9.69626778e+02
8.83838384e-06 2.04545455e-05 3.00000620e+08 -1.85281494e+03 9.28010334e+02
9.34343434e-06 2.04545455e-05 3.00000629e+08 -1.87185037e+03 8.75712542e+02
9.84848485e-06 2.04545455e-05 3.00000630e+08 -1.88504989e+03 8.14121238e+02
1.03535354e-05 2.04545455e-05 3.00000621e+08 -1.89102232e+03 7.44385221e+02
1.08585859e-05 2.04545455e-05 3.00000605e+08 -1.88857086e+03 6.67527101e+02
1.13636364e-05 2.04545455e-05 3.00000580e+08 -1.87662945e+03 5.84540509e+02
1.18686869e-05 2.04545455e-05 3.00000549e+08 -1.85424981e+03 4.96460131e+02
1.23737374e-05 2.04545455e-05 3.00000511e+08 -1.82061660e+03 4.04404854e+02
1.28787879e-05 2.04545455e-05 3.00000468e+08 -1.77507621e+03 3.09597855e+02
1.33838384e-05 2.04545455e-05 3.00000420e+08 -1.71717055e+03 2.13367888e+02
1.38888889e-05 2.04545455e-05 3.00000369e+08 -1.64666972e+03 1.17135474e+02
1.43939394e-05 2.04545455e-05 3.00000315e+08 -1.56359992e+03 2.23871883e+01
1.48989899e-05 2.04545455e-05 3.00000260e+08 -1.46826353e+03 -6.93591459e+01
1.54040404e-05 2.04545455e-05 3.00000205e+08 -1.36124967e+03 -1.56595672e+02
1.59090909e-05 2.04545455e-05 3.00000151e+08 -1.24343365e+03 -2.37869447e+02
1.64141414e-05 2.04545455e-05 3.00000100e+08 -1.11596481e+03 -3.11828441e+02
1.69191919e-05 2.04545455e-05 3.00000052e+08 -9.80242798e+02 -3.77265901e+02
1.74242424e-05 2.04545455e-05 3.00000009e+08 -8.37882997e+02 -4.33160541e+02
1.79292929e-05 2.04545455e-05 2.99999971e+08 -6.90672588e+02 -4.78710243e+02
1.84343434e-05 2.04545455e-05 2.99999940e+08 -5.40519203e+02 -5.13357373e+02
1.89393939e-05 2.04545455e-05 2.99999916e+08 -3.89394724e+02 -5.36804323e+02
1.94444444e-05 2.04545455e-05 2.99999900e+08 -2.39276961e+02 -5.49018535e+02
1.99494949e-05 2.04545455e-05 2.99999892e+08 -9.20921112e+01 -5.50226890e+02
2.04545455e-05 2.04545455e-05 2.99999892e+08 5.03392651e+01 -5.40900050e+02
2.09595960e-05 2.04545455e-05 2.99999900e+08 1.86350281e+02 -5.21727893e+02
2.14646465e-05 2.04545455e-05 2.99999915e+08 3.14467797e+02 -4.93587675e+02
2.19696970e-05 2.04545455e-05 2.99999937e+08 4.33443116e+02 -4.57506911e+02
2.24747475e-05 2.04545455e-05 2.99999966e+08 5.42272527e+02 -4.14623098e+02
2.29797980e-05 2.04545455e-05 3.00000000e+08 6.40207552e+02 -3.66142449e+02
2.34848485e-05 2.04545455e-05 3.00000039e+08 7.26755351e+02 -3.13299629e+02
2.39898990e-05 2.04545455e-05 3.00000081e+08 8.01670220e+02 -2.57320267e+02
2.44949495e-05 2.04545455e-05 3.00000127e+08 8.64937498e+02 -1.99387609e+02
2.50000000e-05 2.04545455e-05 3.00000174e+08 9.16751440e+02 -1.40614334e+02
-2.50000000e-05 2.09595960e-05 3.00000558e+08 -4.67863279e+03 -6.39719960e+02
-2.44949495e-05 2.09595960e-05 3.00000319e+08 -4.95001837e+03 -1.05230485e+03
-2.39898990e-05 2.09595960e-05 3.00000011e+08 -5.20199854e+03 -1.57290417e+03
-2.34848485e-05 2.09595960e-05 2.99999621e+08 -5.41440073e+03 -2.22644798e+03
-2.29797980e-05 2.09595960e-05 2.99999133e+08 -5.55776851e+03 -3.04231118e+03
-2.24747475e-05 2.09595960e-05 2.99998533e+08 -5.58980219e+03 -4.05402186e+03
-2.19696970e-05 2.09595960e-05 2.99997807e+08 -5.45077380e+03 -5.29791206e+03
-2.14646465e-05 2.09595960e-05 2.99996947e+08 -5.05795090e+03 -6.80985639e+03
-2.09595960e-05 2.09595960e-05 2.99995959e+08 -4.29948261e+03 -8.61878134e+03
-2.04545455e-05 2.09595960e-05 2.99994870e+08 -3.02908615e+03 -1.07350859e+04
-1.99494949e-05 2.09595960e-05 2.99993745e+08 -1.06452086e+03 -1.31317112e+04
-1.94444444e-05 2.09595960e-05 2.99992701e+08 1.80446200e+03 -1.57159347e+04
-1.89393939e-05 2.09595960e-05 2.99991925e+08 5.78935695e+03 -1.82923018e+04
-1.84343434e-05 2.09595960e-05 2.99991682e+08 1.10448404e+04 -2.05234860e+04
-1.79292929e-05 2.09595960e-05 2.99992290e+08 1.75686542e+04 -2.19082498e+04
-1.74242424e-05 2.09595960e-05 2.99994048e+08 2.50638439e+04 -2.18125380e+04
-1.69191919e-05 2.09595960e-05 2.99997093e+08 3.28054249e+04 -1.95991825e+04
-1.64141414e-05 2.09595960e-05 3.00001220e+08 3.96079471e+04 -1.48768013e+04
-1.59090909e-05 2.09595960e-05 3.00005761e+08 4.40165245e+04 -7.80369679e+03
-1.54040404e-05 2.09595960e-05 3.00009670e+08 4.47628848e+04 7.32941697e+02
-1.48989899e-05 2.09595960e-05 3.00011876e+08 4.13205091e+04 9.26565300e+03
-1.43939394e-05 2.09595960e-05 3.00011743e+08 3.42176003e+04 1.62429256e+04
-1.38888889e-05 2.09595960e-05 3.00009356e+08 2.48614974e+04 2.06079440e+04
-1.33838384e-05 2.09595960e-05 3.00005425e+08 1.49755098e+04 2.21065539e+04
-1.28787879e-05 2.09595960e-05 3.00000925e+08 6.00945095e+03 2.11924171e+04
-1.23737374e-05 2.09595960e-05 2.99996717e+08 -1.17969170e+03 1.86845436e+04
-1.18686869e-05 2.09595960e-05 2.99993346e+08 -6.33202663e+03 1.54214180e+04
-1.13636364e-05 2.09595960e-05 2.99991020e+08 -9.60596243e+03 1.20539814e+04
-1.08585859e-05 2.09595960e-05 2.99989699e+08 -1.13665095e+04 8.98693137e+03
-1.03535354e-05 2.09595960e-05 2.99989211e+08 -1.20248805e+04 6.41186056e+03
-9.84848485e-06 2.09595960e-05 2.99989339e+08 -1.19482208e+04 4.37335661e+03
-9.34343434e-06 2.09595960e-05 2.99989878e+08 -1.14246238e+04 2.83218247e+03
-8.83838384e-06 2.09595960e-05 2.99990661e+08 -1.06609802e+04 1.71167736e+03
-8.33333333e-06 2.09595960e-05 2.99991563e+08 -9.79570973e+03 9.26413748e+02
-7.82828283e-06 2.09595960e-05 2.99992496e+08 -8.91547621e+03 3.97219264e+02
-7.32323232e-06 2.09595960e-05 2.99993406e+08 -8.07059295e+03 5.73932491e+01
-6.81818182e-06 2.09595960e-05 2.99994261e+08 -7.28725365e+03 -1.46036584e+02
-6.31313131e-06 2.09595960e-05 2.99995042e+08 -6.57644278e+03 -2.53461632e+02
-5.80808081e-06 2.09595960e-05 2.99995745e+08 -5.94006440e+03 -2.94744557e+02
-5.30303030e-06 2.09595960e-05 2.99996367e+08 -5.37498346e+03 -2.91392927e+02
-4.79797980e-06 2.09595960e-05 2.99996914e+08 -4.87560497e+03 -2.58503416e+02
-4.29292929e-06 2.09595960e-05 2.99997389e+08 -4.43548001e+03 -2.06364244e+02
-3.78787879e-06 2.09595960e-05 2.99997800e+08 -4.04828957e+03 -1.41724959e+02
-3.28282828e-06 2.09595960e-05 2.99998153e+08 -3.70843969e+03 -6.87990094e+01
-2.77777778e-06 2.09595960e-05 2.99998453e+08 -3.41140308e+03 9.91505634e+00
-2.27272727e-06 2.09595960e-05 2.99998707e+08 -3.15385796e+03 9.29131274e+01
-1.76767677e-06 2.09595960e-05 2.99998921e+08 -2.93360754e+03 1.79019120e+02
-1.26262626e-06 2.09595960e-05 2.99999101e+08 -2.74923155e+03 2.66792988e+02
-7.57575758e-07 2.09595960e-05 2.99999254e+08 -2.59946004e+03 3.54117133e+02
-2.52525253e-07 2.09595960e-05 2.99999386e+08 -2.48238410e+03 4.38106907e+02
2.52525253e-07 2.09595960e-05 2.99999503e+08 -2.39476542e+03 5.15413831e+02
7.57575758e-07 2.09595960e-05 2.99999610e+08 -2.33172693e+03 5.82795055e+02
1.26262626e-06 2.09595960e-05 2.99999711e+08 -2.28690103e+03 6.37669924e+02
1.76767677e-06 2.09595960e-05 2.99999808e+08 -2.25282816e+03 6.78486567e+02
2.27272727e-06 2.09595960e-05 2.99999902e+08 -2.22139124e+03 7.05050229e+02
2.77777778e-06 2.09595960e-05 2.99999993e+08 -2.18449833e+03 7.19120750e+02
3.28282828e-06 2.09595960e-05 3.00000077e+08 -2.13564425e+03 7.25124744e+02
3.78787879e-06 2.09595960e-05 3.00000151e+08 -2.07249204e+03 7.29948112e+02
4.29292929e-06 2.09595960e-05 3.00000211e+08 -1.99899818e+03 7.40712725e+02
4.79797980e-06 2.09595960e-05 3.00000261e+08 -1.92464134e+03 7.61232813e+02
5.30303030e-06 2.09595960e-05 3.00000302e+08 -1.86025309e+03 7.89876311e+02
5.80808081e-06 2.09595960e-05 3.00000340e+08 -1.81327246e+03 8.20719372e+02
6.31313131e-06 2.09595960e-05 3.00000378e+08 -1.78566708e+03 8.46786826e+02
6.81818182e-06 2.09595960e-05 3.00000415e+08 -1.77495222e+03 8.62762024e+02
7.32323232e-06 2.09595960e-05 3.00000450e+08 -1.77648965e+03 8.65899356e+02
7.82828283e-06 2.09595960e-05 3.00000480e+08 -1.78537810e+03 8.55582284e+02
8.33333333e-06 2.09595960e-05 3.00000505e+08 -1.79740199e+03 8.32454756e+02
8.83838384e-06 2.09595960e-05 3.00000522e+08 -1.80925928e+03 7.97700500e+02
9.34343434e-06 2.09595960e-05 3.00000532e+08 -1.81844185e+03 7.52621905e+02
9.84848485e-06 2.09595960e-05 3.00000534e+08 -1.82302397e+03 6.98461092e+02
1.03535354e-05 2.09595960e-05 3.00000528e+08 -1.82147620e+03 6.36362820e+02
1.08585859e-05 2.09595960e-05 3.00000514e+08 -1.81253787e+03 5.67401669e+02
1.13636364e-05 2.09595960e-05 3.00000493e+08 -1.79514476e+03 4.92628056e+02
1.18686869e-05 2.09595960e-05 3.00000466e+08 -1.76839773e+03 4.13110931e+02
1.23737374e-05 2.09595960e-05 3.00000433e+08 -1.73155825e+03 3.29968341e+02
1.28787879e-05 2.09595960e-05 3.00000395e+08 -1.68405956e+03 2.44383594e+02
1.33838384e-05 2.09595960e-05 3.00000353e+08 -1.62552532e+03 1.57607687e+02
1.38888889e-05 2.09595960e-05 3.00000307e+08 -1.55579008e+03 7.09496793e+01
1.43939394e-05 2.09595960e-05 3.00000259e+08 -1.47491738e+03 -1.42428571e+01
1.48989899e-05 2.09595960e-05 3.00000210e+08 -1.38321274e+03 -9.66111593e+01
1.54040404e-05 2.09595960e-05 3.00000161e+08 -1.28122938e+03 -1.74818106e+02
1.59090909e-05 2.09595960e-05 3.00000112e+08 -1.16976542e+03 -2.47584311e+02
1.64141414e-05 2.09595960e-05 3.00000066e+08 -1.04985197e+03 -3.13725192e+02
1.69191919e-05 2.09595960e-05 3.00000023e+08 -9.22732005e+02 -3.72186796e+02
1.74242424e-05 2.09595960e-05 2.99999985e+08 -7.89830641e+02 -4.22078276e+02
1.79292929e-05 2.09595960e-05 2.99999951e+08 -6.52717938e+02 -4.62699144e+02
1.84343434e-05 2.09595960e-05 2.99999923e+08 -5.13065830e+02 -4.93559761e+02
1.89393939e-05 2.09595960e-05 2.99999902e+08 -3.72601141e+02 -5.14393943e+02
1.94444444e-05 2.09595960e-05 2.99999887e+08 -2.33056898e+02 -5.25163065e+02
1.99494949e-05 2.09595960e-05 2.99999880e+08 -9.61242126e+01 -5.26051552e+02
2.04545455e-05 2.09595960e-05 2.99999879e+08 3.65930678e+01 -5.17454180e+02
2.09595960e-05 2.09595960e-05 2.99999886e+08 1.63618981e+02 -4.99956056e+02
2.14646465e-05 2.09595960e-05 2.99999900e+08 2.83639718e+02 -4.74306560e+02
2.19696970e-05 2.09595960e-05 2.99999920e+08 3.95530366e+02 -4.41388762e+02
2.24747475e-05 2.09595960e-05 2.99999946e+08 4.98373439e+02 -4.02186037e+02
2.29797980e-05 2.09595960e-05 2.99999976e+08 5.91469004e+02 -3.57747563e+02
2.34848485e-05 2.09595960e-05 3.00000012e+08 6.74336677e+02 -3.09154353e+02
2.39898990e-05 2.09595960e-05 3.00000051e+08 7.46710156e+02 -2.57487242e+02
2.44949495e-05 2.09595960e-05 3.00000092e+08 8.08525284e+02 -2.03798017e+02
2.50000000e-05 2.09595960e-05 3.00000136e+08 8.59902838e+02 -1.49084568e+02
-2.50000000e-05 2.14646465e-05 3.00000029e+08 -4.28516052e+03 -1.17328885e+03
-2.44949495e-05 2.14646465e-05 2.99999747e+08 -4.45940255e+03 -1.63822883e+03
-2.39898990e-05 2.14646465e-05 2.99999401e+08 -4.59322735e+03 -2.20897506e+03
-2.34848485e-05 2.14646465e-05 2.99998981e+08 -4.66310666e+03 -2.90583203e+03
-2.29797980e-05 2.14646465e-05 2.99998477e+08 -4.63661517e+03 -3.75112276e+03
-2.24747475e-05 2.14646465e-05 2.99997884e+08 -4.46973108e+03 -4.76799284e+03
-2.19696970e-05 2.14646465e-05 2.99997198e+08 -4.10373956e+03 -5.97801425e+03
-2.14646465e-05 2.14646465e-05 2.99996427e+08 -3.46208049e+03 -7.39691023e+03
-2.09595960e-05 2.14646465e-05 2.99995592e+08 -2.44793931e+03 -9.02751487e+03
-2.04545455e-05 2.14646465e-05 2.99994736e+08 -9.44153029e+02 -1.08489790e+04
-1.99494949e-05 2.14646465e-05 2.99993934e+08 1.18183046e+03 -1.28014921e+04
-1.94444444e-05 2.14646465e-05 2.99993302e+08 4.06373633e+03 -1.47668748e+04
-1.89393939e-05 2.14646465e-05 2.99992999e+08 7.80757365e+03 -1.65480062e+04
-1.84343434e-05 2.14646465e-05 2.99993220e+08 1.24431740e+04 -1.78548271e+04
-1.79292929e-05 2.14646465e-05 2.99994165e+08 1.78562403e+04 -1.83112594e+04
-1.74242424e-05 2.14646465e-05 2.99995976e+08 2.37136712e+04 -1.75026138e+04
-1.69191919e-05 2.14646465e-05 2.99998650e+08 2.94154865e+04 -1.50791262e+04
-1.64141414e-05 2.14646465e-05 3.00001949e+08 3.41254250e+04 -1.09078940e+04
-1.59090909e-05 2.14646465e-05 3.00005365e+08 3.69257182e+04 -5.22146486e+03
-1.54040404e-05 2.14646465e-05 3.00008214e+08 3.70861563e+04 1.32824594e+03
-1.48989899e-05 2.14646465e-05 3.00009832e+08 3.43468539e+04 7.78811725e+03
-1.43939394e-05 2.14646465e-05 3.00009828e+08 2.90599088e+04 1.31795988e+04
-1.38888889e-05 2.14646465e-05 3.00008226e+08 2.20919229e+04 1.68043938e+04
-1.33838384e-05 2.14646465e-05 3.00005431e+08 1.45340468e+04 1.84225565e+04
-1.28787879e-05 2.14646465e-05 3.00002048e+08 7.37716029e+03 1.82333506e+04
-1.23737374e-05 2.14646465e-05 2.99998673e+08 1.29879181e+03 1.67119926e+04
-1.18686869e-05 2.14646465e-05 2.99995746e+08 -3.38957690e+03 1.44125936e+04
-1.13636364e-05 2.14646465e-05 2.99993502e+08 -6.67615701e+03 1.18219304e+04
-1.08585859e-05 2.14646465e-05 2.99991999e+08 -8.73529885e+03 9.29083859e+03
-1.03535354e-05 2.14646465e-05 2.99991173e+08 -9.82170101e+03 7.02794398e+03
-9.84848485e-06 2.14646465e-05 2.99990901e+08 -1.01967516e+04 5.12692426e+03
-9.34343434e-06 2.14646465e-05 2.99991043e+08 -1.00886269e+04 3.60342166e+03
-8.83838384e-06 2.14646465e-05 2.99991467e+08 -9.67750866e+03 2.42809819e+03
-8.33333333e-06 2.14646465e-05 2.99992065e+08 -9.09571071e+03 1.55088844e+03
-7.82828283e-06 2.14646465e-05 2.99992754e+08 -8.43477617e+03 9.16415741e+02
-7.32323232e-06 2.14646465e-05 2.99993476e+08 -7.75460281e+03 4.72517318e+02
-6.81818182e-06 2.14646465e-05 2.99994190e+08 -7.09205408e+03 1.74133959e+02
-6.31313131e-06 2.14646465e-05 2.99994870e+08 -6.46804842e+03 -1.55751367e+01
-5.80808081e-06 2.14646465e-05 2.99995502e+08 -5.89295053e+03 -1.25588488e+02
-5.30303030e-06 2.14646465e-05 2.99996079e+08 -5.37046168e+03 -1.78033013e+02
-4.79797980e-06 2.14646465e-05 2.99996599e+08 -4.90032441e+03 -1.89387012e+02
-4.29292929e-06 2.14646465e-05 2.99997061e+08 -4.48015195e+03 -1.71644235e+02
-3.78787879e-06 2.14646465e-05 2.99997469e+08 -4.10663804e+03 -1.33346959e+02
-3.28282828e-06 2.14646465e-05 2.99997826e+08 -3.77633474e+03 -8.04731707e+01
-2.77777778e-06 2.14646465e-05 2.99998137e+08 -3.48611937e+03 -1.71992247e+01
-2.27272727e-06 2.14646465e-05 2.99998406e+08 -3.23341425e+03 5.34340105e+01
-1.76767677e-06 2.14646465e-05 2.99998639e+08 -3.01618163e+03 1.28940991e+02
-1.26262626e-06 2.14646465e-05 2.99998841e+08 -2.83270379e+03 2.06921624e+02
-7.57575758e-07 2.14646465e-05 2.99999017e+08 -2.68118548e+03 2.84760618e+02
-2.52525253e-07 2.14646465e-05 2.99999173e+08 -2.55927624e+03 3.59559333e+02
2.52525253e-07 2.14646465e-05 2.99999314e+08 -2.46366609e+03 4.28313471e+02
7.57575758e-07 2.14646465e-05 2.99999443e+08 -2.38989826e+03 4.88263151e+02
1.26262626e-06 2.14646465e-05 2.99999563e+08 -2.33245206e+03 5.37288701e+02
1.76767677e-06 2.14646465e-05 2.99999677e+08 -2.28504940e+03 5.74268866e+02
2.27272727e-06 2.14646465e-05 2.99999784e+08 -2.24115003e+03 5.99415765e+02
2.77777778e-06 2.14646465e-05 2.99999884e+08 -2.19472754e+03 6.14595552e+02
3.28282828e-06 2.14646465e-05 2.99999974e+08 -2.14144983e+03 6.23430727e+02
3.78787879e-06 2.14646465e-05 3.00000053e+08 -2.08005452e+03 6.30744986e+02
4.29292929e-06 2.14646465e-05 3.00000119e+08 -2.01313142e+03 6.41104616e+02
4.79797980e-06 2.14646465e-05 3.00000174e+08 -1.94640957e+03 6.56980577e+02
5.30303030e-06 2.14646465e-05 3.00000220e+08 -1.88654079e+03 6.77690645e+02
5.80808081e-06 2.14646465e-05 3.00000260e+08 -1.83858727e+03 6.99870178e+02
6.31313131e-06 2.14646465e-05 3.00000297e+08 -1.80461392e+03 7.19050846e+02
6.81818182e-06 2.14646465e-05 3.00000332e+08 -1.78379982e+03 7.31254507e+02
7.32323232e-06 2.14646465e-05 3.00000364e+08 -1.77346938e+03 7.33850598e+02
7.82828283e-06 2.14646465e-05 3.00000391e+08 -1.77022619e+03 7.25636933e+02
8.33333333e-06 2.14646465e-05 3.00000414e+08 -1.77073347e+03 7.06495505e+02
8.83838384e-06 2.14646465e-05 3.00000430e+08 -1.77208225e+03 6.76965880e+02
9.34343434e-06 2.14646465e-05 3.00000440e+08 -1.77187615e+03 6.37912684e+02
9.84848485e-06 2.14646465e-05 3.00000443e+08 -1.76817866e+03 5.90325511e+02
1.03535354e-05 2.14646465e-05 3.00000439e+08 -1.75942086e+03 5.35224785e+02
1.08585859e-05 2.14646465e-05 3.00000428e+08 -1.74431782e+03 4.73633107e+02
1.13636364e-05 2.14646465e-05 3.00000411e+08 -1.72180969e+03 4.06579055e+02
1.18686869e-05 2.14646465e-05 3.00000387e+08 -1.69102831e+03 3.35112135e+02
1.23737374e-05 2.14646465e-05 3.00000359e+08 -1.65128389e+03 2.60317118e+02
1.28787879e-05 2.14646465e-05 3.00000325e+08 -1.60206521e+03 1.83322145e+02
1.33838384e-05 2.14646465e-05 3.00000288e+08 -1.54304754e+03 1.05298587e+02
1.38888889e-05 2.14646465e-05 3.00000247e+08 -1.47410355e+03 2.74525607e+01
1.43939394e-05 2.14646465e-05 3.00000205e+08 -1.39531356e+03 -4.89910418e+01
1.48989899e-05 2.14646465e-05 3.00000161e+08 -1.30697249e+03 -1.22810605e+02
1.54040404e-05 2.14646465e-05 3.00000117e+08 -1.20959164e+03 -1.92814291e+02
1.59090909e-05 2.14646465e-05 3.00000074e+08 -1.10389397e+03 -2.57869198e+02
1.64141414e-05 2.14646465e-05 3.00000033e+08 -9.90802240e+02 -3.16931339e+02
1.69191919e-05 2.14646465e-05 2.99999995e+08 -8.71420010e+02 -3.69074622e+02
1.74242424e-05 2.14646465e-05 2.99999960e+08 -7.47005819e+02 -4.13517128e+02
1.79292929e-05 2.14646465e-05 2.99999930e+08 -6.18941433e+02 -4.49643171e+02
1.84343434e-05 2.14646465e-05 2.99999905e+08 -4.88695440e+02 -4.77019876e+02
1.89393939e-05 2.14646465e-05 2.99999886e+08 -3.57783735e+02 -4.95407386e+02
1.94444444e-05 2.14646465e-05 2.99999873e+08 -2.27728629e+02 -5.04762170e+02
1.99494949e-05 2.14646465e-05 2.99999866e+08 -1.00018406e+02 -5.05233325e+02
2.04545455e-05 2.14646465e-05 2.99999866e+08 2.39309331e+01 -4.97152190e+02
2.09595960e-05 2.14646465e-05 2.99999872e+08 1.42810147e+02 -4.81015926e+02
2.14646465e-05 2.14646465e-05 2.99999885e+08 2.55446147e+02 -4.57466055e+02
2.19696970e-05 2.14646465e-05 2.99999903e+08 3.60825311e+02 -4.27263162e+02
2.24747475e-05 2.14646465e-05 2.99999926e+08 4.58110128e+02 -3.91259096e+02
2.29797980e-05 2.14646465e-05 2.99999954e+08 5.46648960e+02 -3.50368041e+02
2.34848485e-05 2.14646465e-05 2.99999987e+08 6.25979066e+02 -3.05537783e+02
2.39898990e-05 2.14646465e-05 3.00000022e+08 6.95823376e+02 -2.57722343e+02
2.44949495e-05 2.14646465e-05 3.00000061e+08 7.56081741e+02 -2.07856981e+02
2.50000000e-05 2.14646465e-05 3.00000101e+08 8.06817599e+02 -1.56836337e+02
-2.50000000e-05 2.19696970e-05 2.99999569e+08 -3.84811213e+03 -1.65008631e+03
-2.44949495e-05 2.19696970e-05 2.99999264e+08 -3.92804922e+03 -2.14767608e+03
-2.39898990e-05 2.19696970e-05 2.99998902e+08 -3.95061677e+03 -2.74405098e+03
-2.34848485e-05 2.19696970e-05 2.99998478e+08 -3.89088569e+03 -3.45428713e+03
-2.29797980e-05 2.19696970e-05 2.99997988e+08 -3.71608326e+03 -4.29338730e+03
-2.24747475e-05 2.19696970e-05 2.99997434e+08 -3.38383353e+03 -5.27456203e+03
-2.19696970e-05 2.19696970e-05 2.99996821e+08 -2.84049107e+03 -6.40639468e+03
-2.14646465e-05 2.19696970e-05 2.99996166e+08 -2.02004373e+03 -7.68845163e+03
-2.09595960e-05 2.19696970e-05 2.99995499e+08 -8.44438642e+02 -9.10488535e+03
-2.04545455e-05 2.19696970e-05 2.99994870e+08 7.73281450e+02 -1.06157428e+04
-1.99494949e-05 2.19696970e-05 2.99994353e+08 2.92101134e+03 -1.21462196e+04
-1.94444444e-05 2.19696970e-05 2.99994048e+08 5.67226089e+03 -1.35752529e+04
-1.89393939e-05 2.19696970e-05 2.99994079e+08 9.06111881e+03 -1.47268491e+04
-1.84343434e-05 2.19696970e-05 2.99994579e+08 1.30469528e+04 -1.53703209e+04
-1.79292929e-05 2.19696970e-05 2.99995662e+08 1.74729514e+04 -1.52381958e+04
-1.74242424e-05 2.19696970e-05 2.99997380e+08 2.20306412e+04 -1.40705144e+04
-1.69191919e-05 2.19696970e-05 2.99999668e+08 2.62518092e+04 -1.16878024e+04
-1.64141414e-05 2.19696970e-05 3.00002305e+08 2.95530973e+04 -8.07958882e+03
-1.59090909e-05 2.19696970e-05 3.00004917e+08 3.13468924e+04 -3.47486060e+03
-1.54040404e-05 2.19696970e-05 3.00007044e+08 3.12002476e+04 1.65044721e+03
-1.48989899e-05 2.19696970e-05 3.00008263e+08 2.89843876e+04 6.65780379e+03
-1.43939394e-05 2.19696970e-05 3.00008322e+08 2.49417329e+04 1.09055715e+04
-1.38888889e-05 2.19696970e-05 3.00007220e+08 1.96290082e+04 1.39192518e+04
-1.33838384e-05 2.19696970e-05 3.00005196e+08 1.37594849e+04 1.54975445e+04
-1.28787879e-05 2.19696970e-05 3.00002635e+08 8.01772856e+03 1.57169095e+04
-1.23737374e-05 2.19696970e-05 2.99999947e+08 2.92139750e+03 1.48526252e+04
-1.18686869e-05 2.19696970e-05 2.99997470e+08 -1.23480772e+03 1.32670776e+04
-1.13636364e-05 2.19696970e-05 2.99995422e+08 -4.36242563e+03 1.13127592e+04
-1.08585859e-05 2.19696970e-05 2.99993900e+08 -6.52228742e+03 9.27350842e+03
-1.03535354e-05 2.19696970e-05 2.99992906e+08 -7.85939921e+03 7.34413360e+03
-9.84848485e-06 2.19696970e-05 2.99992380e+08 -8.54930045e+03 5.63636995e+03
-9.34343434e-06 2.19696970e-05 2.99992233e+08 -8.76264604e+03 4.19741501e+03
-8.83838384e-06 2.19696970e-05 2.99992374e+08 -8.64658090e+03 3.03096427e+03
-8.33333333e-06 2.19696970e-05 2.99992714e+08 -8.31819975e+03 2.11533405e+03
-7.82828283e-06 2.19696970e-05 2.99993181e+08 -7.86521189e+03 1.41680316e+03
-7.32323232e-06 2.19696970e-05 2.99993720e+08 -7.35007362e+03 8.98316225e+02
-6.81818182e-06 2.19696970e-05 2.99994288e+08 -6.81520766e+03 5.24521033e+02
-6.31313131e-06 2.19696970e-05 2.99994856e+08 -6.28802252e+03 2.64253111e+02
-5.80808081e-06 2.19696970e-05 2.99995404e+08 -5.78517239e+03 9.14124308e+01
-5.30303030e-06 2.19696970e-05 2.99995920e+08 -5.31591590e+03 -1.50770264e+01
-4.79797980e-06 2.19696970e-05 2.99996397e+08 -4.88463797e+03 -7.17693028e+01
-4.29292929e-06 2.19696970e-05 2.99996832e+08 -4.49267708e+03 -9.13856895e+01
-3.78787879e-06 2.19696970e-05 2.99997224e+08 -4.13961011e+03 -8.35417681e+01
-3.28282828e-06 2.19696970e-05 2.99997575e+08 -3.82412452e+03 -5.54416295e+01
-2.77777778e-06 2.19696970e-05 2.99997886e+08 -3.54457377e+03 -1.25121326e+01
-2.27272727e-06 2.19696970e-05 2.99998162e+08 -3.29927945e+03 4.10328060e+01
-1.76767677e-06 2.19696970e-05 2.99998405e+08 -3.08662026e+03 1.01709884e+02
-1.26262626e-06 2.19696970e-05 2.99998621e+08 -2.90494303e+03 1.66390462e+02
-7.57575758e-07 2.19696970e-05 2.99998813e+08 -2.75234580e+03 2.32065549e+02
-2.52525253e-07 2.19696970e-05 2.99998986e+08 -2.62641049e+03 2.95779638e+02
2.52525253e-07 2.19696970e-05 2.99999143e+08 -2.52398248e+03 3.54730963e+02
7.57575758e-07 2.19696970e-05 2.99999287e+08 -2.44108381e+03 4.06494273e+02
1.26262626e-06 2.19696970e-05 2.99999421e+08 -2.37300525e+03 4.49297622e+02
1.76767677e-06 2.19696970e-05 2.99999546e+08 -2.31458152e+03 4.82294220e+02
2.27272727e-06 2.19696970e-05 2.99999663e+08 -2.26064743e+03 5.05789655e+02
2.77777778e-06 2.19696970e-05 2.99999770e+08 -2.20668522e+03 5.21361932e+02
3.28282828e-06 2.19696970e-05 2.99999865e+08 -2.14962254e+03 5.31737598e+02
3.78787879e-06 2.19696970e-05 2.99999949e+08 -2.08856745e+03 5.40260254e+02
4.29292929e-06 2.19696970e-05 3.00000021e+08 -2.02508051e+03 5.49950197e+02
4.79797980e-06 2.19696970e-05 3.00000081e+08 -1.96264262e+03 5.62482589e+02
5.30303030e-06 2.19696970e-05 3.00000132e+08 -1.90539847e+03 5.77613360e+02
5.80808081e-06 2.19696970e-05 3.00000176e+08 -1.85673924e+03 5.93375784e+02
6.31313131e-06 2.19696970e-05 3.00000214e+08 -1.81837705e+03 6.06886979e+02
6.81818182e-06 2.19696970e-05 3.00000249e+08 -1.79018752e+03 6.15280949e+02
7.32323232e-06 2.19696970e-05 3.00000279e+08 -1.77063692e+03 6.16353788e+02
7.82828283e-06 2.19696970e-05 3.00000306e+08 -1.75741593e+03 6.08795618e+02
8.33333333e-06 2.19696970e-05 3.00000327e+08 -1.74798719e+03 5.92114976e+02
8.83838384e-06 2.19696970e-05 3.00000344e+08 -1.73993210e+03 5.66427771e+02
9.34343434e-06 2.19696970e-05 3.00000354e+08 -1.73111207e+03 5.32239093e+02
9.84848485e-06 2.19696970e-05 3.00000358e+08 -1.71970813e+03 4.90277096e+02
1.03535354e-05 2.19696970e-05 3.00000355e+08 -1.70420071e+03 4.41389024e+02
1.08585859e-05 2.19696970e-05 3.00000347e+08 -1.68333056e+03 3.86486712e+02
1.13636364e-05 2.19696970e-05 3.00000332e+08 -1.65606236e+03 3.26523695e+02
1.18686869e-05 2.19696970e-05 3.00000312e+08 -1.62155901e+03 2.62488776e+02
1.23737374e-05 2.19696970e-05 3.00000288e+08 -1.57916755e+03 1.95405537e+02
1.28787879e-05 2.19696970e-05 3.00000258e+08 -1.52841459e+03 1.26331529e+02
1.33838384e-05 2.19696970e-05 3.00000226e+08 -1.46900772e+03 5.63538485e+01
1.38888889e-05 2.19696970e-05 3.00000190e+08 -1.40083992e+03 -1.34201654e+01
1.43939394e-05 2.19696970e-05 3.00000153e+08 -1.32399399e+03 -8.18772304e+01
1.48989899e-05 2.19696970e-05 3.00000114e+08 -1.23874497e+03 -1.47916754e+02
1.54040404e-05 2.19696970e-05 3.00000075e+08 -1.14555878e+03 -2.10472747e+02
1.59090909e-05 2.19696970e-05 3.00000037e+08 -1.04508592e+03 -2.68537722e+02
1.64141414e-05 2.19696970e-05 3.00000001e+08 -9.38149863e+02 -3.21187144e+02
1.69191919e-05 2.19696970e-05 2.99999967e+08 -8.25729645e+02 -3.67603016e+02
1.74242424e-05 2.19696970e-05 2.99999936e+08 -7.08937275e+02 -4.07095240e+02
1.79292929e-05 2.19696970e-05 2.99999909e+08 -5.88990398e+02 -4.39119512e+02
1.84343434e-05 2.19696970e-05 2.99999887e+08 -4.67181296e+02 -4.63290775e+02
1.89393939e-05 2.19696970e-05 2.99999870e+08 -3.44843428e+02 -4.79391472e+02
1.94444444e-05 2.19696970e-05 2.99999859e+08 -2.23316889e+02 -4.87374191e+02
1.99494949e-05 2.19696970e-05 2.99999853e+08 -1.03914230e+02 -4.87358583e+02
2.04545455e-05 2.19696970e-05 2.99999853e+08 1.21119705e+01 -4.79622792e+02
2.09595960e-05 2.19696970e-05 2.99999858e+08 1.23598493e+02 -4.64589909e+02
2.14646465e-05 2.19696970e-05 2.99999870e+08 2.29496758e+02 -4.42810201e+02
2.19696970e-05 2.19696970e-05 2.99999886e+08 3.28893183e+02 -4.14940087e+02
2.24747475e-05 2.19696970e-05 2.99999908e+08 4.21024096e+02 -3.81718899e+02
2.29797980e-05 2.19696970e-05 2.99999933e+08 5.05284981e+02 -3.43944549e+02
2.34848485e-05 2.19696970e-05 2.99999963e+08 5.81234140e+02 -3.02449162e+02
2.39898990e-05 2.19696970e-05 2.99999996e+08 6.48591097e+02 -2.58075646e+02
2.44949495e-05 2.19696970e-05 3.00000032e+08 7.07230305e+02 -2.11656047e+02
2.50000000e-05 2.19696970e-05 3.00000069e+08 7.57170862e+02 -1.63992343e+02
-2.50000000e-05 2.24747475e-05 2.99999181e+08 -3.38463140e+03 -2.06157004e+03
-2.44949495e-05 2.24747475e-05 2.99998869e+08 -3.37698976e+03 -2.57361956e+03
-2.39898990e-05 2.24747475e-05 2.99998510e+08 -3.29948664e+03 -3.17404783e+03
-2.34848485e-05 2.24747475e-05 2.99998103e+08 -3.12745373e+03 -3.87273108e+03
-2.29797980e-05 2.24747475e-05 2.99997649e+08 -2.82980861e+03 -4.67787636e+03
-2.24747475e-05 2.24747475e-05 2.99997154e+08 -2.36815656e+03 -5.59411904e+03
-2.19696970e-05 2.24747475e-05 2.99996630e+08 -1.69630127e+03 -6.61971772e+03
-2.14646465e-05 2.24747475e-05 2.99996100e+08 -7.60643175e+02 -7.74263159e+03
-2.09595960e-05 2.24747475e-05 2.99995597e+08 4.97799247e+02 -8.93536447e+03
-2.04545455e-05 2.24747475e-05 2.99995170e+08 2.13871940e+03 -1.01487294e+04
-1.99494949e-05 2.24747475e-05 2.99994886e+08 4.21395252e+03 -1.13052280e+04
-1.94444444e-05 2.24747475e-05 2.99994824e+08 6.75381209e+03 -1.22936444e+04
-1.89393939e-05 2.24747475e-05 2.99995076e+08 9.74785201e+03 -1.29676945e+04
-1.84343434e-05 2.24747475e-05 2.99995725e+08 1.31214189e+04 -1.31528483e+04
-1.79292929e-05 2.24747475e-05 2.99996831e+08 1.67126534e+04 -1.26659027e+04
-1.74242424e-05 2.24747475e-05 2.99998392e+08 2.02589110e+04 -1.13501588e+04
-1.69191919e-05 2.24747475e-05 3.00000325e+08 2.34049508e+04 -9.12373172e+03
-1.64141414e-05 2.24747475e-05 3.00002443e+08 2.57440372e+04 -6.02970953e+03
-1.59090909e-05 2.24747475e-05 3.00004472e+08 2.68936891e+04 -2.26809962e+03
-1.54040404e-05 2.24747475e-05 3.00006095e+08 2.65906227e+04 1.81220115e+03
-1.48989899e-05 2.24747475e-05 3.00007034e+08 2.47725432e+04 5.77157950e+03
-1.43939394e-05 2.24747475e-05 3.00007121e+08 2.16109495e+04 9.17529966e+03
-1.38888889e-05 2.24747475e-05 3.00006347e+08 1.74765246e+04 1.16926712e+04
-1.33838384e-05 2.24747475e-05 3.00004857e+08 1.28491506e+04 1.31620852e+04
-1.28787879e-05 2.24747475e-05 3.00002900e+08 8.20868552e+03 1.36014273e+04
-1.23737374e-05 2.24747475e-05 3.00000761e+08 3.94564288e+03 1.31695427e+04
-1.18686869e-05 2.24747475e-05 2.99998694e+08 3.14525507e+02 1.21026048e+04
-1.13636364e-05 2.24747475e-05 2.99996883e+08 -2.56940592e+03 1.06515311e+04
-1.08585859e-05 2.24747475e-05 2.99995434e+08 -4.70390493e+03 9.03714726e+03
-1.03535354e-05 2.24747475e-05 2.99994383e+08 -6.16164552e+03 7.42764593e+03
-9.84848485e-06 2.24747475e-05 2.99993712e+08 -7.05374112e+03 5.93444951e+03
-9.34343434e-06 2.24747475e-05 2.99993372e+08 -7.50182614e+03 4.61939561e+03
-8.83838384e-06 2.24747475e-05 2.99993301e+08 -7.62027916e+03 3.50670407e+03
-8.33333333e-06 2.24747475e-05 2.99993433e+08 -7.50711233e+03 2.59528484e+03
-7.82828283e-06 2.24747475e-05 2.99993711e+08 -7.24097917e+03 1.86909599e+03
-7.32323232e-06 2.24747475e-05 2.99994083e+08 -6.88185724e+03 1.30481376e+03
-6.81818182e-06 2.24747475e-05 2.99994512e+08 -6.47354830e+03 8.76953614e+02
-6.31313131e-06 2.24747475e-05 2.99994966e+08 -6.04678759e+03 5.60951180e+02
-5.80808081e-06 2.24747475e-05 2.99995424e+08 -5.62227981e+03 3.34779301e+02
-5.30303030e-06 2.24747475e-05 2.99995871e+08 -5.21334108e+03 1.79601377e+02
-4.79797980e-06 2.24747475e-05 2.99996296e+08 -4.82804393e+03 7.98397875e+01
-4.29292929e-06 2.24747475e-05 2.99996693e+08 -4.47087740e+03 2.29203681e+01
-3.78787879e-06 2.24747475e-05 2.99997059e+08 -4.14398290e+03 -1.14052623e+00
-3.28282828e-06 2.24747475e-05 2.99997394e+08 -3.84803846e+03 -2.07047696e-01
-2.77777778e-06 2.24747475e-05 2.99997697e+08 -3.58285623e+03 1.95039136e+01
-2.27272727e-06 2.24747475e-05 2.99997971e+08 -3.34774591e+03 5.29836652e+01
-1.76767677e-06 2.24747475e-05 2.99998218e+08 -3.14168662e+03 9.60519549e+01
-1.26262626e-06 2.24747475e-05 2.99998440e+08 -2.96334854e+03 1.45061750e+02
-7.57575758e-07 2.24747475e-05 2.99998641e+08 -2.81101319e+03 1.96712082e+02
-2.52525253e-07 2.24747475e-05 2.99998824e+08 -2.68245331e+03 2.47982794e+02
2.52525253e-07 2.24747475e-05 2.99998991e+08 -2.57483917e+03 2.96185454e+02
7.57575758e-07 2.24747475e-05 2.99999146e+08 -2.48472987e+03 3.39101641e+02
1.26262626e-06 2.24747475e-05 2.99999289e+08 -2.40818641e+03 3.75164176e+02
1.76767677e-06 2.24747475e-05 2.99999422e+08 -2.34101968e+03 4.03633303e+02
2.27272727e-06 2.24747475e-05 2.99999544e+08 -2.27916949e+03 4.24718682e+02
2.77777778e-06 2.24747475e-05 2.99999656e+08 -2.21919062e+03 4.39586062e+02
3.28282828e-06 2.24747475e-05 2.99999756e+08 -2.15877249e+03 4.50173290e+02
3.78787879e-06 2.24747475e-05 2.99999844e+08 -2.09713988e+03 4.58765868e+02
4.29292929e-06 2.24747475e-05 2.99999921e+08 -2.03513271e+03 4.67384941e+02
4.79797980e-06 2.24747475e-05 2.99999986e+08 -1.97483439e+03 4.77183058e+02
5.30303030e-06 2.24747475e-05 3.00000041e+08 -1.91882365e+03 4.88105564e+02
5.80808081e-06 2.24747475e-05 3.00000088e+08 -1.86933293e+03 4.98968193e+02
6.31313131e-06 2.24747475e-05 3.00000130e+08 -1.82763828e+03 5.07884610e+02
6.81818182e-06 2.24747475e-05 3.00000165e+08 -1.79385166e+03 5.12817905e+02
7.32323232e-06 2.24747475e-05 3.00000196e+08 -1.76707105e+03 5.12030193e+02
7.82828283e-06 2.24747475e-05 3.00000223e+08 -1.74571764e+03 5.04320972e+02
8.33333333e-06 2.24747475e-05 3.00000244e+08 -1.72789044e+03 4.89068100e+02
8.83838384e-06 2.24747475e-05 3.00000261e+08 -1.71163977e+03 4.66147382e+02
9.34343434e-06 2.24747475e-05 3.00000271e+08 -1.69513497e+03 4.35808323e+02
9.84848485e-06 2.24747475e-05 3.00000276e+08 -1.67674443e+03 3.98556380e+02
1.03535354e-05 2.24747475e-05 3.00000276e+08 -1.65505946e+03 3.55063186e+02
1.08585859e-05 2.24747475e-05 3.00000270e+08 -1.62888963e+03 3.06107204e+02
1.13636364e-05 2.24747475e-05 3.00000258e+08 -1.59724829e+03 2.52538476e+02
1.18686869e-05 2.24747475e-05 3.00000241e+08 -1.55933823e+03 1.95259019e+02
1.23737374e-05 2.24747475e-05 3.00000220e+08 -1.51454166e+03 1.35211486e+02
1.28787879e-05 2.24747475e-05 3.00000195e+08 -1.46241498e+03 7.33707639e+01
1.33838384e-05 2.24747475e-05 3.00000166e+08 -1.40268737e+03 1.07351829e+01
1.38888889e-05 2.24747475e-05 3.00000135e+08 -1.33526133e+03 -5.16844594e+01
1.43939394e-05 2.24747475e-05 3.00000103e+08 -1.26021336e+03 -1.12878696e+02
1.48989899e-05 2.24747475e-05 3.00000069e+08 -1.17779318e+03 -1.71855930e+02
1.54040404e-05 2.24747475e-05 3.00000034e+08 -1.08842012e+03 -2.27661137e+02
1.59090909e-05 2.24747475e-05 3.00000001e+08 -9.92675923e+02 -2.79395845e+02
1.64141414e-05 2.24747475e-05 2.99999969e+08 -8.91293189e+02 -3.26238374e+02
1.69191919e-05 2.24747475e-05 2.99999939e+08 -7.85139573e+02 -3.67463222e+02
1.74242424e-05 2.24747475e-05 2.99999912e+08 -6.75197749e+02 -4.02458558e+02
1.79292929e-05 2.24747475e-05 2.99999888e+08 -5.62541719e+02 -4.30740833e+02
1.84343434e-05 2.24747475e-05 2.99999869e+08 -4.48310236e+02 -4.51965744e+02
1.89393939e-05 2.24747475e-05 2.99999854e+08 -3.33678286e+02 -4.65934932e+02
1.94444444e-05 2.24747475e-05 2.99999844e+08 -2.19827732e+02 -4.72598079e+02
1.99494949e-05 2.24747475e-05 2.99999839e+08 -1.07918270e+02 -4.72050323e+02
2.04545455e-05 2.24747475e-05 2.99999839e+08 9.40191853e-01 -4.64525131e+02
2.09595960e-05 2.24747475e-05 2.99999844e+08 1.05712688e+02 -4.50383057e+02
2.14646465e-05 2.24747475e-05 2.99999855e+08 2.05461015e+02 -4.30096963e+02
2.19696970e-05 2.24747475e-05 2.99999870e+08 2.99361533e+02 -4.04234460e+02
2.24747475e-05 2.24747475e-05 2.99999890e+08 3.86718507e+02 -3.73438418e+02
2.29797980e-05 2.24747475e-05 2.99999914e+08 4.66972771e+02 -3.38406427e+02
2.34848485e-05 2.24747475e-05 2.99999941e+08 5.39705737e+02 -2.99870078e+02
2.39898990e-05 2.24747475e-05 2.99999971e+08 6.04638984e+02 -2.58574878e+02
2.44949495e-05 2.24747475e-05 3.00000004e+08 6.61629845e+02 -2.15261494e+02
2.50000000e-05 2.24747475e-05 3.00000039e+08 7.10663528e+02 -1.70648888e+02
-2.50000000e-05 2.29797980e-05 2.99998867e+08 -2.91039451e+03 -2.40407160e+03
-2.44949495e-05 2.29797980e-05 2.99998561e+08 -2.82459988e+03 -2.91484239e+03
-2.39898990e-05 2.29797980e-05 2.99998219e+08 -2.66082825e+03 -3.50158317e+03
-2.34848485e-05 2.29797980e-05 2.99997842e+08 -2.39593076e+03 -4.16944510e+03
-2.29797980e-05 2.29797980e-05 2.99997437e+08 -2.00189645e+03 -4.92084573e+03
-2.24747475e-05 2.29797980e-05 2.99997011e+08 -1.44564855e+03 -5.75363470e+03
-2.19696970e-05 2.29797980e-05 2.99996582e+08 -6.89404463e+02 -6.65861416e+03
-2.14646465e-05 2.29797980e-05 2.99996173e+08 3.07995039e+02 -7.61636795e+03
-2.09595960e-05 2.29797980e-05 2.99995818e+08 1.58824115e+03 -8.59349582e+03
-2.04545455e-05 2.29797980e-05 2.99995562e+08 3.18854404e+03 -9.53861791e+03
-1.99494949e-05 2.29797980e-05 2.99995458e+08 5.13381933e+03 -1.03789468e+04
-1.94444444e-05 2.29797980e-05 2.99995568e+08 7.42574357e+03 -1.10188155e+04
-1.89393939e-05 2.29797980e-05 2.99995955e+08 1.00291298e+04 -1.13421868e+04
-1.84343434e-05 2.29797980e-05 2.99996669e+08 1.28575000e+04 -1.12215489e+04
-1.79292929e-05 2.29797980e-05 2.99997731e+08 1.57617313e+04 -1.05351903e+04
-1.74242424e-05 2.29797980e-05 2.99999118e+08 1.85276547e+04 -9.19299877e+03
-1.69191919e-05 2.29797980e-05 3.00000743e+08 2.08891958e+04 -7.16732493e+03
-1.64141414e-05 2.29797980e-05 3.00002457e+08 2.25613585e+04 -4.52080682e+03
-1.59090909e-05 2.29797980e-05 3.00004054e+08 2.32910398e+04 -1.41964379e+03
-1.54040404e-05 2.29797980e-05 3.00005317e+08 2.29146509e+04 1.87814391e+03
-1.48989899e-05 2.29797980e-05 3.00006054e+08 2.14042614e+04 5.06250911e+03
-1.43939394e-05 2.29797980e-05 3.00006151e+08 1.88840445e+04 7.83053459e+03
-1.38888889e-05 2.29797980e-05 3.00005597e+08 1.56084719e+04 9.94646373e+03
-1.33838384e-05 2.29797980e-05 3.00004483e+08 1.19088487e+04 1.12827013e+04
-1.28787879e-05 2.29797980e-05 3.00002974e+08 8.12688736e+03 1.18302142e+04
-1.23737374e-05 2.29797980e-05 3.00001267e+08 4.55655144e+03 1.16797118e+04
-1.18686869e-05 2.29797980e-05 2.99999553e+08 1.40840334e+03 1.09850713e+04
-1.13636364e-05 2.29797980e-05 2.99997981e+08 -1.20027837e+03 9.92338883e+03
-1.08585859e-05 2.29797980e-05 2.99996652e+08 -3.23516287e+03 8.66258881e+03
-1.03535354e-05 2.29797980e-05 2.99995615e+08 -4.72359456e+03 7.34145080e+03
-9.84848485e-06 2.29797980e-05 2.99994877e+08 -5.73091831e+03 6.06167984e+03
-9.34343434e-06 2.29797980e-05 2.99994417e+08 -6.33995949e+03 4.88879348e+03
-8.83838384e-06 2.29797980e-05 2.99994196e+08 -6.63605894e+03 3.85797125e+03
-8.33333333e-06 2.29797980e-05 2.99994169e+08 -6.69779559e+03 2.98170095e+03
-7.82828283e-06 2.29797980e-05 2.99994291e+08 -6.59234844e+03 2.25718130e+03
-7.32323232e-06 2.29797980e-05 2.99994521e+08 -6.37409955e+03 1.67246400e+03
-6.81818182e-06 2.29797980e-05 2.99994823e+08 -6.08520165e+03 1.21103397e+03
-6.31313131e-06 2.29797980e-05 2.99995169e+08 -5.75714248e+03 8.54930763e+02
-5.80808081e-06 2.29797980e-05 2.99995538e+08 -5.41266298e+03 5.86688132e+02
-5.30303030e-06 2.29797980e-05 2.99995912e+08 -5.06765211e+03 3.90402756e+02
-4.79797980e-06 2.29797980e-05 2.99996279e+08 -4.73282794e+03 2.52207068e+02
-4.29292929e-06 2.29797980e-05 2.99996633e+08 -4.41513212e+03 1.60361348e+02
-3.78787879e-06 2.29797980e-05 2.99996967e+08 -4.11883018e+03 1.05119925e+02
-3.28282828e-06 2.29797980e-05 2.99997278e+08 -3.84634138e+03 7.84768839e+01
-2.77777778e-06 2.29797980e-05 2.99997566e+08 -3.59883255e+03 7.38610884e+01
-2.27272727e-06 2.29797980e-05 2.99997831e+08 -3.37661229e+03 8.58275600e+01
-1.76767677e-06 2.29797980e-05 2.99998074e+08 -3.17936137e+03 1.09779263e+02
-1.26262626e-06 2.29797980e-05 2.99998296e+08 -3.00623680e+03 1.41745694e+02
-7.57575758e-07 2.29797980e-05 2.99998500e+08 -2.85589176e+03 1.78237569e+02
-2.52525253e-07 2.29797980e-05 2.99998687e+08 -2.72645868e+03 2.16186617e+02
2.52525253e-07 2.29797980e-05 2.99998860e+08 -2.61554355e+03 2.52965417e+02
7.57575758e-07 2.29797980e-05 2.99999020e+08 -2.52027314e+03 2.86467167e+02
1.26262626e-06 2.29797980e-05 2.99999169e+08 -2.43742255e+03 3.15213738e+02
1.76767677e-06 2.29797980e-05 2.99999306e+08 -2.36363338e+03 3.38453976e+02
2.27272727e-06 2.29797980e-05 2.99999432e+08 -2.29571438e+03 3.56210681e+02
2.77777778e-06 2.29797980e-05 2.99999547e+08 -2.23099264e+03 3.69232504e+02
3.28282828e-06 2.29797980e-05 2.99999651e+08 -2.16765111e+03 3.78813442e+02
3.78787879e-06 2.29797980e-05 2.99999742e+08 -2.10495431e+03 3.86472981e+02
4.29292929e-06 2.29797980e-05 2.99999822e+08 -2.04325950e+03 3.93549563e+02
4.79797980e-06 2.29797980e-05 2.99999891e+08 -1.98376369e+03 4.00823301e+02
5.30303030e-06 2.29797980e-05 2.99999950e+08 -1.92804141e+03 4.08301232e+02
5.80808081e-06 2.29797980e-05 3.00000001e+08 -1.87752437e+03 4.15240464e+02
6.31313131e-06 2.29797980e-05 3.00000045e+08 -1.83309457e+03 4.20380387e+02
6.81818182e-06 2.29797980e-05 3.00000083e+08 -1.79489531e+03 4.22272817e+02
7.32323232e-06 2.29797980e-05 3.00000115e+08 -1.76235965e+03 4.19585607e+02
7.82828283e-06 2.29797980e-05 3.00000142e+08 -1.73438104e+03 4.11301813e+02
8.33333333e-06 2.29797980e-05 3.00000164e+08 -1.70953205e+03 3.96799567e+02
8.83838384e-06 2.29797980e-05 3.00000181e+08 -1.68626193e+03 3.75841022e+02
9.34343434e-06 2.29797980e-05 3.00000193e+08 -1.66304115e+03 3.48512180e+02
9.84848485e-06 2.29797980e-05 3.00000199e+08 -1.63845003e+03 3.15148510e+02
1.03535354e-05 2.29797980e-05 3.00000200e+08 -1.61122393e+03 2.76267170e+02
1.08585859e-05 2.29797980e-05 3.00000196e+08 -1.58027040e+03 2.32514129e+02
1.13636364e-05 2.29797980e-05 3.00000187e+08 -1.54467174e+03 1.84626587e+02
1.18686869e-05 2.29797980e-05 3.00000174e+08 -1.50368154e+03 1.33407405e+02
1.23737374e-05 2.29797980e-05 3.00000156e+08 -1.45672038e+03 7.97073389e+01
1.28787879e-05 2.29797980e-05 3.00000135e+08 -1.40337249e+03 2.44113783e+01
1.33838384e-05 2.29797980e-05 3.00000110e+08 -1.34338383e+03 -3.15735382e+01
1.38888889e-05 2.29797980e-05 3.00000083e+08 -1.27666096e+03 -8.73311546e+01
1.43939394e-05 2.29797980e-05 3.00000055e+08 -1.20326956e+03 -1.41949737e+02
1.48989899e-05 2.29797980e-05 3.00000025e+08 -1.12343175e+03 -1.94537343e+02
1.54040404e-05 2.29797980e-05 2.99999995e+08 -1.03752116e+03 -2.44238286e+02
1.59090909e-05 2.29797980e-05 2.99999966e+08 -9.46055116e+02 -2.90250246e+02
1.64141414e-05 2.29797980e-05 2.99999937e+08 -8.49683535e+02 -3.31841312e+02
1.69191919e-05 2.29797980e-05 2.99999911e+08 -7.49174419e+02 -3.68366148e+02
1.74242424e-05 2.29797980e-05 2.99999887e+08 -6.45396055e+02 -3.99280470e+02
1.79292929e-05 2.29797980e-05 2.99999867e+08 -5.39296349e+02 -4.24153097e+02
1.84343434e-05 2.29797980e-05 2.99999850e+08 -4.31879884e+02 -4.42674948e+02
1.89393939e-05 2.29797980e-05 2.99999837e+08 -3.24183471e+02 -4.54664522e+02
1.94444444e-05 2.29797980e-05 2.99999828e+08 -2.17251060e+02 -4.60069571e+02
1.99494949e-05 2.29797980e-05 2.99999824e+08 -1.12108920e+02 -4.58964917e+02
2.04545455e-05 2.29797980e-05 2.99999825e+08 -9.74200612e+00 -4.51546498e+02
2.09595960e-05 2.29797980e-05 2.99999830e+08 8.89276640e+01 -4.38121995e+02
2.14646465e-05 2.29797980e-05 2.99999840e+08 1.83059909e+02 -4.19098483e+02
2.19696970e-05 2.29797980e-05 2.99999854e+08 2.71911984e+02 -3.94967712e+02
2.24747475e-05 2.29797980e-05 2.99999873e+08 3.54850508e+02 -3.66289696e+02
2.29797980e-05 2.29797980e-05 2.99999895e+08 4.31359510e+02 -3.33675327e+02
2.34848485e-05 2.29797980e-05 2.99999920e+08 5.01044597e+02 -2.97768722e+02
2.39898990e-05 2.29797980e-05 2.99999948e+08 5.63633388e+02 -2.59229965e+02
2.44949495e-05 2.29797980e-05 2.99999979e+08 6.18972534e+02 -2.18718843e+02
2.50000000e-05 2.29797980e-05 3.00000012e+08 6.67021742e+02 -1.76880050e+02
-2.50000000e-05 2.34848485e-05 2.99998621e+08 -2.43889727e+03 -2.67786035e+03
-2.44949495e-05 2.34848485e-05 2.99998331e+08 -2.28594455e+03 -3.17452924e+03
-2.39898990e-05 2.34848485e-05 2.99998016e+08 -2.05085317e+03 -3.73394962e+03
-2.34848485e-05 2.34848485e-05 2.99997679e+08 -1.71283093e+03 -4.35728234e+03
-2.29797980e-05 2.34848485e-05 2.99997329e+08 -1.24771085e+03 -5.04237188e+03
-2.24747475e-05 2.34848485e-05 2.99996976e+08 -6.28246339e+02 -5.78213613e+03
-2.19696970e-05 2.34848485e-05 2.99996639e+08 1.74997217e+02 -6.56255398e+03
-2.14646465e-05 2.34848485e-05 2.99996341e+08 1.19185125e+03 -7.36031154e+03
-2.09595960e-05 2.34848485e-05 2.99996113e+08 2.44949711e+03 -8.14030739e+03
-2.04545455e-05 2.34848485e-05 2.99995992e+08 3.96781476e+03 -8.85343518e+03
-1.99494949e-05 2.34848485e-05 2.99996022e+08 5.75291402e+03 -9.43535658e+03
-1.94444444e-05 2.34848485e-05 2.99996248e+08 7.78898660e+03 -9.80730686e+03
-1.89393939e-05 2.34848485e-05 2.99996709e+08 1.00292654e+04 -9.88021964e+03
-1.84343434e-05 2.34848485e-05 2.99997433e+08 1.23878282e+04 -9.56340281e+03
-1.79292929e-05 2.34848485e-05 2.99998420e+08 1.47350643e+04 -8.77835575e+03
-1.74242424e-05 2.34848485e-05 2.99999636e+08 1.69003728e+04 -7.47685657e+03
-1.69191919e-05 2.34848485e-05 3.00001002e+08 1.86853698e+04 -5.66023878e+03
-1.64141414e-05 2.34848485e-05 3.00002398e+08 1.98888163e+04 -3.39447849e+03
-1.59090909e-05 2.34848485e-05 3.00003673e+08 2.03405618e+04 -8.14612823e+02
-1.54040404e-05 2.34848485e-05 3.00004672e+08 1.99371270e+04 1.88648928e+03
-1.48989899e-05 2.34848485e-05 3.00005260e+08 1.86684613e+04 4.48543728e+03
-1.43939394e-05 2.34848485e-05 3.00005359e+08 1.66262989e+04 6.76598788e+03
-1.38888889e-05 2.34848485e-05 3.00004957e+08 1.39900017e+04 8.55661653e+03
-1.33838384e-05 2.34848485e-05 3.00004112e+08 1.09936447e+04 9.75703667e+03
-1.28787879e-05 2.34848485e-05 3.00002936e+08 7.88444873e+03 1.03469503e+04
-1.23737374e-05 2.34848485e-05 3.00001568e+08 4.88444301e+03 1.03769898e+04
-1.18686869e-05 2.34848485e-05 3.00000149e+08 2.16419153e+03 9.94747576e+03
-1.13636364e-05 2.34848485e-05 2.99998799e+08 -1.68148115e+02 9.18295957e+03
-1.08585859e-05 2.34848485e-05 2.99997607e+08 -2.06430261e+03 8.20946119e+03
-1.03535354e-05 2.34848485e-05 2.99996624e+08 -3.52463813e+03 7.13836529e+03
-9.84848485e-06 2.34848485e-05 2.99995872e+08 -4.58335025e+03 6.05787060e+03
-9.34343434e-06 2.34848485e-05 2.99995347e+08 -5.29406647e+03 5.03079300e+03
-8.83838384e-06 2.34848485e-05 2.99995027e+08 -5.71812999e+03 4.09663621e+03
-8.33333333e-06 2.34848485e-05 2.99994884e+08 -5.91633780e+03 3.27586927e+03
-7.82828283e-06 2.34848485e-05 2.99994885e+08 -5.94392648e+03 2.57483914e+03
-7.32323232e-06 2.34848485e-05 2.99994996e+08 -5.84812968e+03 1.99034356e+03
-6.81818182e-06 2.34848485e-05 2.99995188e+08 -5.66752280e+03 1.51339309e+03
-6.31313131e-06 2.34848485e-05 2.99995437e+08 -5.43246183e+03 1.13203704e+03
-5.80808081e-06 2.34848485e-05 2.99995721e+08 -5.16608995e+03 8.33323616e+02
-5.30303030e-06 2.34848485e-05 2.99996023e+08 -4.88555534e+03 6.04550656e+02
-4.79797980e-06 2.34848485e-05 2.99996333e+08 -4.60322309e+03 4.33981257e+02
-4.29292929e-06 2.34848485e-05 2.99996639e+08 -4.32776459e+03 3.11181576e+02
-3.78787879e-06 2.34848485e-05 2.99996936e+08 -4.06507319e+03 2.27107936e+02
-3.28282828e-06 2.34848485e-05 2.99997219e+08 -3.81899401e+03 1.74039328e+02
-2.77777778e-06 2.34848485e-05 2.99997487e+08 -3.59187629e+03 1.45425324e+02
-2.27272727e-06 2.34848485e-05 2.99997738e+08 -3.38496785e+03 1.35699993e+02
-1.76767677e-06 2.34848485e-05 2.99997971e+08 -3.19867647e+03 1.40098735e+02
-1.26262626e-06 2.34848485e-05 2.99998188e+08 -3.03272767e+03 1.54504884e+02
-7.57575758e-07 2.34848485e-05 2.99998389e+08 -2.88625225e+03 1.75343911e+02
-2.52525253e-07 2.34848485e-05 2.99998576e+08 -2.75783925e+03 1.99533150e+02
2.52525253e-07 2.34848485e-05 2.99998750e+08 -2.64558947e+03 2.24483980e+02
7.57575758e-07 2.34848485e-05 2.99998912e+08 -2.54719928e+03 2.48142465e+02
1.26262626e-06 2.34848485e-05 2.99999062e+08 -2.46009401e+03 2.69045698e+02
1.76767677e-06 2.34848485e-05 2.99999201e+08 -2.38161714e+03 2.86365594e+02
2.27272727e-06 2.34848485e-05 2.99999329e+08 -2.30926535e+03 2.99909840e+02
2.77777778e-06 2.34848485e-05 2.99999445e+08 -2.24094131e+03 3.10052324e+02
3.28282828e-06 2.34848485e-05 2.99999551e+08 -2.17517699e+03 3.17576295e+02
3.78787879e-06 2.34848485e-05 2.99999645e+08 -2.11126713e+03 3.23437166e+02
4.29292929e-06 2.34848485e-05 2.99999727e+08 -2.04926002e+03 3.28485584e+02
4.79797980e-06 2.34848485e-05 2.99999799e+08 -1.98978745e+03 3.33220267e+02
5.30303030e-06 2.34848485e-05 2.99999862e+08 -1.93377148e+03 3.37643129e+02
5.80808081e-06 2.34848485e-05 2.99999916e+08 -1.88209263e+03 3.41256953e+02
6.31313131e-06 2.34848485e-05 2.99999962e+08 -1.83531506e+03 3.43192627e+02
6.81818182e-06 2.34848485e-05 3.00000002e+08 -1.79353296e+03 3.42408865e+02
7.32323232e-06 2.34848485e-05 3.00000036e+08 -1.75634996e+03 3.37894431e+02
7.82828283e-06 2.34848485e-05 3.00000064e+08 -1.72295924e+03 3.28820998e+02
8.33333333e-06 2.34848485e-05 3.00000087e+08 -1.69227390e+03 3.14626575e+02
8.83838384e-06 2.34848485e-05 3.00000105e+08 -1.66306264e+03 2.95036324e+02
9.34343434e-06 2.34848485e-05 3.00000118e+08 -1.63406323e+03 2.70041176e+02
9.84848485e-06 2.34848485e-05 3.00000126e+08 -1.60406403e+03 2.39855778e+02
1.03535354e-05 2.34848485e-05 3.00000129e+08 -1.57195528e+03 2.04871879e+02
1.08585859e-05 2.34848485e-05 3.00000127e+08 -1.53675756e+03 1.65616194e+02
1.13636364e-05 2.34848485e-05 3.00000121e+08 -1.49763532e+03 1.22716148e+02
1.18686869e-05 2.34848485e-05 3.00000110e+08 -1.45390195e+03 7.68733980e+01
1.23737374e-05 2.34848485e-05 3.00000095e+08 -1.40502094e+03 2.88433848e+01
1.28787879e-05 2.34848485e-05 3.00000077e+08 -1.35060537e+03 -2.05811917e+01
1.33838384e-05 2.34848485e-05 3.00000056e+08 -1.29041687e+03 -7.05848635e+01
1.38888889e-05 2.34848485e-05 3.00000033e+08 -1.22436415e+03 -1.20343206e+02
1.43939394e-05 2.34848485e-05 3.00000009e+08 -1.15250071e+03 -1.69036787e+02
1.48989899e-05 2.34848485e-05 2.99999983e+08 -1.07502121e+03 -2.15865594e+02
1.54040404e-05 2.34848485e-05 2.99999957e+08 -9.92255903e+02 -2.60063893e+02
1.59090909e-05 2.34848485e-05 2.99999932e+08 -9.04662761e+02 -3.00915215e+02
1.64141414e-05 2.34848485e-05 2.99999907e+08 -8.12816898e+02 -3.37766989e+02
1.69191919e-05 2.34848485e-05 2.99999884e+08 -7.17397324e+02 -3.70044231e+02
1.74242424e-05 2.34848485e-05 2.99999863e+08 -6.19171095e+02 -3.97261702e+02
1.79292929e-05 2.34848485e-05 2.99999846e+08 -5.18975200e+02 -4.19033958e+02
1.84343434e-05 2.34848485e-05 2.99999831e+08 -4.17696654e+02 -4.35082831e+02
1.89393939e-05 2.34848485e-05 2.99999820e+08 -3.16251427e+02 -4.45241950e+02
1.94444444e-05 2.34848485e-05 2.99999813e+08 -2.15562879e+02 -4.49458118e+02
1.99494949e-05 2.34848485e-05 2.99999810e+08 -1.16540457e+02 -4.47789454e+02
2.04545455e-05 2.34848485e-05 2.99999811e+08 -2.00593712e+01 -4.40400424e+02
2.09595960e-05 2.34848485e-05 2.99999816e+08 7.30580734e+01 -4.27553982e+02
2.14646465e-05 2.34848485e-05 2.99999825e+08 1.62058893e+02 -4.09601221e+02
2.19696970e-05 2.34848485e-05 2.99999839e+08 2.46273133e+02 -3.86968986e+02
2.24747475e-05 2.34848485e-05 2.99999856e+08 3.25124524e+02 -3.60146020e+02
2.29797980e-05 2.34848485e-05 2.99999877e+08 3.98137923e+02 -3.29668196e+02
2.34848485e-05 2.34848485e-05 2.99999900e+08 4.64943493e+02 -2.96103440e+02
2.39898990e-05 2.34848485e-05 2.99999927e+08 5.25277732e+02 -2.60036885e+02
2.44949495e-05 2.34848485e-05 2.99999955e+08 5.78981590e+02 -2.22056750e+02
2.50000000e-05 2.34848485e-05 2.99999986e+08 6.25995982e+02 -1.82741363e+02
-2.50000000e-05 2.39898990e-05 2.99998437e+08 -1.98111550e+03 -2.88614723e+03
-2.44949495e-05 2.39898990e-05 2.99998171e+08 -1.77260157e+03 -3.35889642e+03
-2.39898990e-05 2.39898990e-05 2.99997888e+08 -1.48112359e+03 -3.88130253e+03
-2.34848485e-05 2.39898990e-05 2.99997596e+08 -1.08870380e+03 -4.45137447e+03
-2.29797980e-05 2.39898990e-05 2.99997303e+08 -5.75296615e+02 -5.06361003e+03
-2.24747475e-05 2.39898990e-05 2.99997021e+08 8.06019676e+01 -5.70768289e+03
-2.19696970e-05 2.39898990e-05 2.99996769e+08 9.00793331e+02 -6.36692668e+03
-2.14646465e-05 2.39898990e-05 2.99996567e+08 1.90546184e+03 -7.01673026e+03
-2.09595960e-05 2.39898990e-05 2.99996442e+08 3.11030772e+03 -7.62307356e+03
-2.04545455e-05 2.39898990e-05 2.99996426e+08 4.52259192e+03 -8.14158662e+03
-1.99494949e-05 2.39898990e-05 2.99996552e+08 6.13612436e+03 -8.51769026e+03
-1.94444444e-05 2.39898990e-05 2.99996849e+08 7.92553524e+03 -8.68852455e+03
-1.89393939e-05 2.39898990e-05 2.99997344e+08 9.84063556e+03 -8.58740123e+03
-1.84343434e-05 2.39898990e-05 2.99998046e+08 1.18022444e+04 -8.15129822e+03
-1.79292929e-05 2.39898990e-05 2.99998945e+08 1.37013734e+04 -7.33131948e+03
-1.74242424e-05 2.39898990e-05 3.00000004e+08 1.54038166e+04 -6.10502704e+03
-1.69191919e-05 2.39898990e-05 3.00001154e+08 1.67616257e+04 -4.48828110e+03
-1.64141414e-05 2.39898990e-05 3.00002301e+08 1.76314182e+04 -2.54315801e+03
-1.59090909e-05 2.39898990e-05 3.00003331e+08 1.78971180e+04 -3.78337070e+02
-1.54040404e-05 2.39898990e-05 3.00004132e+08 1.74923168e+04 1.86036733e+03
-1.48989899e-05 2.39898990e-05 3.00004609e+08 1.64161738e+04 4.00890849e+03
-1.43939394e-05 2.39898990e-05 3.00004705e+08 1.47376655e+04 5.90961514e+03
-1.38888889e-05 2.39898990e-05 3.00004410e+08 1.25861501e+04 7.43540284e+03
-1.33838384e-05 2.39898990e-05 3.00003761e+08 1.01304648e+04 8.50733431e+03
-1.28787879e-05 2.39898990e-05 3.00002835e+08 7.55222705e+03 9.10152443e+03
-1.23737374e-05 2.39898990e-05 3.00001733e+08 5.02019132e+03 9.24495943e+03
-1.18686869e-05 2.39898990e-05 3.00000558e+08 2.67116699e+03 9.00303526e+03
-1.13636364e-05 2.39898990e-05 2.99999406e+08 6.00125837e+02 8.46328291e+03
-1.08585859e-05 2.39898990e-05 2.99998351e+08 -1.14084368e+03 7.71958779e+03
-1.03535354e-05 2.39898990e-05 2.99997444e+08 -2.53707095e+03 6.85982074e+03
-9.84848485e-06 2.39898990e-05 2.99996711e+08 -3.60234867e+03 5.95806088e+03
-9.34343434e-06 2.39898990e-05 2.99996159e+08 -4.36916903e+03 5.07118360e+03
-8.83838384e-06 2.39898990e-05 2.99995780e+08 -4.87997563e+03 4.23879155e+03
-8.33333333e-06 2.39898990e-05 2.99995556e+08 -5.18034328e+03 3.48523895e+03
-7.82828283e-06 2.39898990e-05 2.99995465e+08 -5.31428623e+03 2.82264217e+03
-7.32323232e-06 2.39898990e-05 2.99995482e+08 -5.32146210e+03 2.25407462e+03
-6.81818182e-06 2.39898990e-05 2.99995582e+08 -5.23584788e+03 1.77646257e+03
-6.31313131e-06 2.39898990e-05 2.99995745e+08 -5.08543705e+03 1.38295578e+03
-5.80808081e-06 2.39898990e-05 2.99995953e+08 -4.89256771e+03 1.06472069e+03
-5.30303030e-06 2.39898990e-05 2.99996188e+08 -4.67458434e+03 8.12203119e+02
-4.79797980e-06 2.39898990e-05 2.99996440e+08 -4.44462760e+03 6.15951903e+02
-4.29292929e-06 2.39898990e-05 2.99996699e+08 -4.21242290e+03 4.67105330e+02
-3.78787879e-06 2.39898990e-05 2.99996957e+08 -3.98499451e+03 3.57634020e+02
-3.28282828e-06 2.39898990e-05 2.99997210e+08 -3.76727034e+03 2.80418867e+02
-2.77777778e-06 2.39898990e-05 2.99997453e+08 -3.56256664e+03 2.29226164e+02
-2.27272727e-06 2.39898990e-05 2.99997685e+08 -3.37295727e+03 1.98627687e+02
-1.76767677e-06 2.39898990e-05 2.99997905e+08 -3.19954128e+03 1.83901606e+02
-1.26262626e-06 2.39898990e-05 2.99998113e+08 -3.04262881e+03 1.80940240e+02
-7.57575758e-07 2.39898990e-05 2.99998307e+08 -2.90186949e+03 1.86181674e+02
-2.52525253e-07 2.39898990e-05 2.99998490e+08 -2.77634944e+03 1.96573373e+02
2.52525253e-07 2.39898990e-05 2.99998661e+08 -2.66468184e+03 2.09566935e+02
7.57575758e-07 2.39898990e-05 2.99998821e+08 -2.56511208e+03 2.23134887e+02
1.26262626e-06 2.39898990e-05 2.99998970e+08 -2.47565055e+03 2.35793788e+02
1.76767677e-06 2.39898990e-05 2.99999108e+08 -2.39423606e+03 2.46613989e+02
2.27272727e-06 2.39898990e-05 2.99999236e+08 -2.31892086e+03 2.55195827e+02
2.77777778e-06 2.39898990e-05 2.99999353e+08 -2.24805579e+03 2.61596008e+02
3.28282828e-06 2.39898990e-05 2.99999459e+08 -2.18044321e+03 2.66197783e+02
3.78787879e-06 2.39898990e-05 2.99999554e+08 -2.11542171e+03 2.69534781e+02
4.29292929e-06 2.39898990e-05 2.99999638e+08 -2.05285477e+03 2.72097278e+02
4.79797980e-06 2.39898990e-05 2.99999712e+08 -1.99301790e+03 2.74163260e+02
5.30303030e-06 2.39898990e-05 2.99999777e+08 -1.93640933e+03 2.75695563e+02
5.80808081e-06 2.39898990e-05 2.99999833e+08 -1.88353373e+03 2.76327827e+02
6.31313131e-06 2.39898990e-05 2.99999882e+08 -1.83471461e+03 2.75433420e+02
6.81818182e-06 2.39898990e-05 2.99999924e+08 -1.78997561e+03 2.72246878e+02
7.32323232e-06 2.39898990e-05 2.99999959e+08 -1.74900387e+03 2.65997616e+02
7.82828283e-06 2.39898990e-05 2.99999989e+08 -1.71118269e+03 2.56022238e+02
8.33333333e-06 2.39898990e-05 3.00000014e+08 -1.67566689e+03 2.41837630e+02
8.83838384e-06 2.39898990e-05 3.00000033e+08 -1.64147307e+03 2.23173036e+02
9.34343434e-06 2.39898990e-05 3.00000047e+08 -1.60756420e+03 1.99969734e+02
9.84848485e-06 2.39898990e-05 3.00000057e+08 -1.57291789e+03 1.72360520e+02
1.03535354e-05 2.39898990e-05 3.00000062e+08 -1.53657552e+03 1.40640035e+02
1.08585859e-05 2.39898990e-05 3.00000062e+08 -1.49767439e+03 1.05233585e+02
1.13636364e-05 2.39898990e-05 3.00000058e+08 -1.45546717e+03 6.66685887e+01
1.18686869e-05 2.39898990e-05 3.00000049e+08 -1.40933256e+03 2.55501399e+01
1.23737374e-05 2.39898990e-05 3.00000038e+08 -1.35878075e+03 -1.74594827e+01
1.28787879e-05 2.39898990e-05 3.00000023e+08 -1.30345565e+03 -6.16582375e+01
1.33838384e-05 2.39898990e-05 3.00000006e+08 -1.24313527e+03 -1.06319744e+02
1.38888889e-05 2.39898990e-05 2.99999986e+08 -1.17773079e+03 -1.50707620e+02
1.43939394e-05 2.39898990e-05 2.99999965e+08 -1.10728416e+03 -1.94089348e+02
1.48989899e-05 2.39898990e-05 2.99999943e+08 -1.03196436e+03 -2.35750012e+02
1.54040404e-05 2.39898990e-05 2.99999921e+08 -9.52061696e+02 -2.75005924e+02
1.59090909e-05 2.39898990e-05 2.99999899e+08 -8.67980232e+02 -3.11217992e+02
1.64141414e-05 2.39898990e-05 2.99999877e+08 -7.80227892e+02 -3.43804507e+02
1.69191919e-05 2.39898990e-05 2.99999858e+08 -6.89404455e+02 -3.72252926e+02
1.74242424e-05 2.39898990e-05 2.99999840e+08 -5.96187434e+02 -3.96130239e+02
1.79292929e-05 2.39898990e-05 2.99999825e+08 -5.01316153e+02 -4.15091479e+02
1.84343434e-05 2.39898990e-05 2.99999812e+08 -4.05574423e+02 -4.28886018e+02
1.89393939e-05 2.39898990e-05 2.99999803e+08 -3.09772278e+02 -4.37361373e+02
1.94444444e-05 2.39898990e-05 2.99999797e+08 -2.14727372e+02 -4.40464358e+02
1.99494949e-05 2.39898990e-05 2.99999795e+08 -1.21246599e+02 -4.38239538e+02
2.04545455e-05 2.39898990e-05 2.99999796e+08 -3.01085445e+01 -4.30825060e+02
2.09595960e-05 2.39898990e-05 2.99999802e+08 5.79526943e+01 -4.18446063e+02
2.14646465e-05 2.39898990e-05 2.99999811e+08 1.42261818e+02 -4.01405974e+02
2.19696970e-05 2.39898990e-05 2.99999824e+08 2.22214393e+02 -3.80076055e+02
2.24747475e-05 2.39898990e-05 2.99999840e+08 2.97286385e+02 -3.54883667e+02
2.29797980e-05 2.39898990e-05 2.99999859e+08 3.67041000e+02 -3.26299701e+02
2.34848485e-05 2.39898990e-05 2.99999881e+08 4.31132789e+02 -2.94825673e+02
2.39898990e-05 2.39898990e-05 2.99999906e+08 4.89309090e+02 -2.60980925e+02
2.44949495e-05 2.39898990e-05 2.99999933e+08 5.41408961e+02 -2.25290358e+02
2.50000000e-05 2.39898990e-05 2.99999962e+08 5.87359884e+02 -1.88273048e+02
-2.50000000e-05 2.44949495e-05 2.99998309e+08 -1.54545799e+03 -3.03414766e+03
-2.44949495e-05 2.44949495e-05 2.99998070e+08 -1.29282607e+03 -3.47599276e+03
-2.39898990e-05 2.44949495e-05 2.99997823e+08 -9.59047461e+02 -3.95518779e+03
-2.34848485e-05 2.44949495e-05 2.99997576e+08 -5.29111005e+02 -4.46741828e+03
-2.29797980e-05 2.44949495e-05 2.99997339e+08 1.29909990e+01 -5.00494553e+03
-2.24747475e-05 2.44949495e-05 2.99997123e+08 6.83490844e+02 -5.55560411e+03
-2.19696970e-05 2.44949495e-05 2.99996945e+08 1.49760717e+03 -6.10174232e+03
-2.14646465e-05 2.44949495e-05 2.99996824e+08 2.46772273e+03 -6.61923590e+03
-2.09595960e-05 2.44949495e-05 2.99996782e+08 3.60089233e+03 -7.07678858e+03
-2.04545455e-05 2.44949495e-05 2.99996844e+08 4.89567737e+03 -7.43582989e+03
-1.99494949e-05 2.44949495e-05 2.99997034e+08 6.33845701e+03 -7.65140846e+03
-1.94444444e-05 2.44949495e-05 2.99997372e+08 7.89960190e+03 -7.67451919e+03
-1.89393939e-05 2.44949495e-05 2.99997872e+08 9.53020065e+03 -7.45623426e+03
-1.84343434e-05 2.44949495e-05 2.99998535e+08 1.11603414e+04 -6.95376454e+03
-1.79292929e-05 2.44949495e-05 2.99999344e+08 1.27001484e+04 -6.13811367e+03
-1.74242424e-05 2.44949495e-05 3.00000263e+08 1.40446839e+04 -5.00233082e+03
-1.69191919e-05 2.44949495e-05 3.00001235e+08 1.50832785e+04 -3.56867169e+03
-1.64141414e-05 2.44949495e-05 3.00002184e+08 1.57127998e+04 -1.89252797e+03
-1.59090909e-05 2.44949495e-05 3.00003026e+08 1.58529892e+04 -6.11284595e+01
-1.54040404e-05 2.44949495e-05 3.00003677e+08 1.54607570e+04 1.81403016e+03
-1.48989899e-05 2.44949495e-05 3.00004069e+08 1.45398369e+04 3.61041049e+03
-1.43939394e-05 2.44949495e-05 3.00004160e+08 1.31429105e+04 5.21088386e+03
-1.38888889e-05 2.44949495e-05 3.00003941e+08 1.13651733e+04 6.51973964e+03
-1.33838384e-05 2.44949495e-05 3.00003437e+08 9.33068981e+03 7.47456501e+03
-1.28787879e-05 2.44949495e-05 3.00002702e+08 7.17483331e+03 8.05154820e+03
-1.23737374e-05 2.44949495e-05 3.00001808e+08 5.02686945e+03 8.26373565e+03
-1.18686869e-05 2.44949495e-05 3.00000833e+08 2.99615016e+03 8.15365950e+03
-1.13636364e-05 2.44949495e-05 2.99999852e+08 1.16386869e+03 7.78287326e+03
-1.08585859e-05 2.44949495e-05 2.99998927e+08 -4.19396085e+02 7.22107149e+03
-1.03535354e-05 2.44949495e-05 2.99998104e+08 -1.73143763e+03 6.53684065e+03
-9.84848485e-06 2.44949495e-05 2.99997409e+08 -2.77321129e+03 5.79112673e+03
-9.34343434e-06 2.44949495e-05 2.99996858e+08 -3.56239458e+03 5.03360603e+03
-8.83838384e-06 2.44949495e-05 2.99996448e+08 -4.12707160e+03 4.30153336e+03
-8.33333333e-06 2.44949495e-05 2.99996173e+08 -4.50037173e+03 3.62035992e+03
-7.82828283e-06 2.44949495e-05 2.99996015e+08 -4.71641607e+03 3.00539021e+03
-7.32323232e-06 2.44949495e-05 2.99995959e+08 -4.80758170e+03 2.46387529e+03
-6.81818182e-06 2.44949495e-05 2.99995985e+08 -4.80289798e+03 1.99712115e+03
-6.31313131e-06 2.44949495e-05 2.99996076e+08 -4.72731041e+03 1.60236472e+03
-5.80808081e-06 2.44949495e-05 2.99996216e+08 -4.60154619e+03 1.27430546e+03
-5.30303030e-06 2.44949495e-05 2.99996391e+08 -4.44235461e+03 1.00627165e+03
-4.79797980e-06 2.44949495e-05 2.99996589e+08 -4.26294828e+03 7.91052723e+02
-4.29292929e-06 2.44949495e-05 2.99996802e+08 -4.07352282e+03 6.21453380e+02
-3.78787879e-06 2.44949495e-05 2.99997021e+08 -3.88177604e+03 4.90631435e+02
-3.28282828e-06 2.44949495e-05 2.99997241e+08 -3.69338028e+03 3.92277645e+02
-2.77777778e-06 2.44949495e-05 2.99997458e+08 -3.51238513e+03 3.20687843e+02
-2.27272727e-06 2.44949495e-05 2.99997669e+08 -3.34154384e+03 2.70768483e+02
-1.76767677e-06 2.44949495e-05 2.99997872e+08 -3.18256743e+03 2.38007753e+02
-1.26262626e-06 2.44949495e-05 2.99998067e+08 -3.03631796e+03 2.18436116e+02
-7.57575758e-07 2.44949495e-05 2.99998252e+08 -2.90295665e+03 2.08592272e+02
-2.52525253e-07 2.44949495e-05 2.99998427e+08 -2.78206470e+03 2.05502960e+02
2.52525253e-07 2.44949495e-05 2.99998592e+08 -2.67275421e+03 2.06677751e+02
7.57575758e-07 2.44949495e-05 2.99998748e+08 -2.57378322e+03 2.10113642e+02
1.26262626e-06 2.44949495e-05 2.99998893e+08 -2.48368362e+03 2.14299313e+02
1.76767677e-06 2.44949495e-05 2.99999029e+08 -2.40090286e+03 2.18206272e+02
2.27272727e-06 2.44949495e-05 2.99999155e+08 -2.32395238e+03 2.21254311e+02
2.77777778e-06 2.44949495e-05 2.99999270e+08 -2.25154730e+03 2.23242373e+02
3.28282828e-06 2.44949495e-05 2.99999376e+08 -2.18271637e+03 2.24243453e+02
3.78787879e-06 2.44949495e-05 2.99999471e+08 -2.11686080e+03 2.24472617e+02
4.29292929e-06 2.44949495e-05 2.99999556e+08 -2.05374720e+03 2.24147959e+02
4.79797980e-06 2.44949495e-05 2.99999631e+08 -1.99343410e+03 2.23370799e+02
5.30303030e-06 2.44949495e-05 2.99999697e+08 -1.93614886e+03 2.22049580e+02
5.80808081e-06 2.44949495e-05 2.99999755e+08 -1.88214474e+03 2.19880938e+02
6.31313131e-06 2.44949495e-05 2.99999806e+08 -1.83157193e+03 2.16385444e+02
6.81818182e-06 2.44949495e-05 2.99999849e+08 -1.78438847e+03 2.10981227e+02
7.32323232e-06 2.44949495e-05 2.99999887e+08 -1.74032203e+03 2.03071829e+02
7.82828283e-06 2.44949495e-05 2.99999918e+08 -1.69887885e+03 1.92126556e+02
8.33333333e-06 2.44949495e-05 2.99999944e+08 -1.65938598e+03 1.77739437e+02
8.83838384e-06 2.44949495e-05 2.99999964e+08 -1.62105011e+03 1.59662192e+02
9.34343434e-06 2.44949495e-05 2.99999980e+08 -1.58301872e+03 1.37813842e+02
9.84848485e-06 2.44949495e-05 2.99999991e+08 -1.54443429e+03 1.12273291e+02
1.03535354e-05 2.44949495e-05 2.99999998e+08 -1.50447736e+03 8.32618298e+01
1.08585859e-05 2.44949495e-05 3.00000000e+08 -1.46239809e+03 5.11212547e+01
1.13636364e-05 2.44949495e-05 2.99999998e+08 -1.41753762e+03 1.62914022e+01
1.18686869e-05 2.44949495e-05 2.99999992e+08 -1.36934192e+03 -2.07109165e+01
1.23737374e-05 2.44949495e-05 2.99999983e+08 -1.31736996e+03 -5.93108747e+01
1.28787879e-05 2.44949495e-05 2.99999972e+08 -1.26129821e+03 -9.88925636e+01
1.33838384e-05 2.44949495e-05 2.99999957e+08 -1.20092249e+03 -1.38814325e+02
1.38888889e-05 2.44949495e-05 2.99999941e+08 -1.13615776e+03 -1.78422976e+02
1.43939394e-05 2.44949495e-05 2.99999923e+08 -1.06703631e+03 -2.17067315e+02
1.48989899e-05 2.44949495e-05 2.99999905e+08 -9.93704154e+02 -2.54111149e+02
1.54040404e-05 2.44949495e-05 2.99999886e+08 -9.16415731e+02 -2.88945887e+02
1.59090909e-05 2.44949495e-05 2.99999867e+08 -8.35526794e+02 -3.21002612e+02
1.64141414e-05 2.44949495e-05 2.99999849e+08 -7.51485390e+02 -3.49763412e+02
1.69191919e-05 2.44949495e-05 2.99999832e+08 -6.64821023e+02 -3.74771687e+02
1.74242424e-05 2.44949495e-05 2.99999817e+08 -5.76132110e+02 -3.95641120e+02
1.79292929e-05 2.44949495e-05 2.99999804e+08 -4.86071982e+02 -4.12062983e+02
1.84343434e-05 2.44949495e-05 2.99999793e+08 -3.95333747e+02 -4.23811537e+02
1.89393939e-05 2.44949495e-05 2.99999786e+08 -3.04634426e+02 -4.30747286e+02
1.94444444e-05 2.44949495e-05 2.99999781e+08 -2.14698827e+02 -4.32817993e+02
1.99494949e-05 2.44949495e-05 2.99999780e+08 -1.26243632e+02 -4.30057404e+02
2.04545455e-05 2.44949495e-05 2.99999782e+08 -3.99621836e+01 -4.22581765e+02
2.09595960e-05 2.44949495e-05 2.99999788e+08 4.34895870e+01 -4.10584292e+02
2.14646465e-05 2.44949495e-05 2.99999797e+08 1.23505673e+02 -3.94327826e+02
2.19696970e-05 2.44949495e-05 2.99999809e+08 1.99540642e+02 -3.74136004e+02
2.24747475e-05 2.44949495e-05 2.99999824e+08 2.71118162e+02 -3.50383281e+02
2.29797980e-05 2.44949495e-05 2.99999843e+08 3.37837283e+02 -3.23484219e+02
2.34848485e-05 2.44949495e-05 2.99999863e+08 3.99376402e+02 -2.93882408e+02
2.39898990e-05 2.44949495e-05 2.99999887e+08 4.55494963e+02 -2.62039425e+02
2.44949495e-05 2.44949495e-05 2.99999912e+08 5.06033028e+02 -2.28424162e+02
2.50000000e-05 2.44949495e-05 2.99999939e+08 5.50908890e+02 -1.93502839e+02
-2.50000000e-05 2.50000000e-05 2.99998228e+08 -1.13792384e+03 -3.12827361e+03
-2.44949495e-05 2.50000000e-05 2.99998018e+08 -8.51925035e+02 -3.53473266e+03
-2.39898990e-05 2.50000000e-05 2.99997809e+08 -4.88557116e+02 -3.96744129e+03
-2.34848485e-05 2.50000000e-05 2.99997606e+08 -3.57040734e+01 -4.42050930e+03
-2.29797980e-05 2.50000000e-05 2.99997420e+08 5.18921246e+02 -4.88489186e+03
-2.24747475e-05 2.50000000e-05 2.99997263e+08 1.18695548e+03 -5.34767342e+03
-2.19696970e-05 2.50000000e-05 2.99997148e+08 1.97819497e+03 -5.79139065e+03
-2.14646465e-05 2.50000000e-05 2.99997093e+08 2.89898276e+03 -6.19351796e+03
-2.09595960e-05 2.50000000e-05 2.99997116e+08 3.95015969e+03 -6.52629376e+03
-2.04545455e-05 2.50000000e-05 2.99997234e+08 5.12464642e+03 -6.75711825e+03
-1.99494949e-05 2.50000000e-05 2.99997465e+08 6.40484619e+03 -6.84978619e+03
-1.94444444e-05 2.50000000e-05 2.99997821e+08 7.76022313e+03 -6.76680171e+03
-1.89393939e-05 2.50000000e-05 2.99998309e+08 9.14559380e+03 -6.47292245e+03
-1.84343434e-05 2.50000000e-05 2.99998923e+08 1.05008210e+04 -5.93986823e+03
-1.79292929e-05 2.50000000e-05 2.99999646e+08 1.17526372e+04 -5.15179840e+03
-1.74242424e-05 2.50000000e-05 3.00000443e+08 1.28191598e+04 -4.11075877e+03
-1.69191919e-05 2.50000000e-05 3.00001268e+08 1.36172192e+04 -2.84093543e+03
-1.64141414e-05 2.50000000e-05 3.00002060e+08 1.40719276e+04 -1.39039719e+03
-1.59090909e-05 2.50000000e-05 3.00002755e+08 1.41271127e+04 1.70770603e+02
-1.54040404e-05 2.50000000e-05 3.00003291e+08 1.37546057e+04 1.75636977e+03
-1.48989899e-05 2.50000000e-05 3.00003617e+08 1.29602169e+04 3.27345574e+03
-1.43939394e-05 2.50000000e-05 3.00003701e+08 1.17847484e+04 4.63356423e+03
-1.38888889e-05 2.50000000e-05 3.00003537e+08 1.02995159e+04 5.76354225e+03
-1.33838384e-05 2.50000000e-05 3.00003142e+08 8.59722190e+03 6.61374375e+03
-1.28787879e-05 2.50000000e-05 3.00002553e+08 6.78015344e+03 7.16205899e+03
-1.23737374e-05 2.50000000e-05 3.00001824e+08 4.94817152e+03 7.41337566e+03
-1.18686869e-05 2.50000000e-05 3.00001013e+08 3.18870316e+03 7.39519103e+03
-1.13636364e-05 2.50000000e-05 3.00000179e+08 1.57013414e+03 7.15083680e+03
-1.08585859e-05 2.50000000e-05 2.99999372e+08 1.38994337e+02 6.73198307e+03
-1.03535354e-05 2.50000000e-05 2.99998632e+08 -1.07952733e+03 6.19182409e+03
-9.84848485e-06 2.50000000e-05 2.99997988e+08 -2.07870609e+03 5.57982571e+03
-9.34343434e-06 2.50000000e-05 2.99997453e+08 -2.86614313e+03 4.93835718e+03
-8.83838384e-06 2.50000000e-05 2.99997034e+08 -3.45932266e+03 4.30109330e+03
-8.33333333e-06 2.50000000e-05 2.99996728e+08 -3.88153934e+03 3.69281790e+03
-7.82828283e-06 2.50000000e-05 2.99996525e+08 -4.15856947e+03 3.13017291e+03
-7.32323232e-06 2.50000000e-05 2.99996415e+08 -4.31621066e+03 2.62292714e+03
-6.81818182e-06 2.50000000e-05 2.99996382e+08 -4.37864670e+03 2.17543081e+03
-6.31313131e-06 2.50000000e-05 2.99996414e+08 -4.36750349e+03 1.78802847e+03
-5.80808081e-06 2.50000000e-05 2.99996496e+08 -4.30142968e+03 1.45829994e+03
-5.30303030e-06 2.50000000e-05 2.99996618e+08 -4.19604160e+03 1.18207246e+03
-4.79797980e-06 2.50000000e-05 2.99996767e+08 -4.06409648e+03 9.54196703e+02
-4.29292929e-06 2.50000000e-05 2.99996936e+08 -3.91578911e+03 7.69108307e+02
-3.78787879e-06 2.50000000e-05 2.99997118e+08 -3.75909751e+03 6.21210012e+02
-3.28282828e-06 2.50000000e-05 2.99997305e+08 -3.60012848e+03 5.05113703e+02
-2.77777778e-06 2.50000000e-05 2.99997495e+08 -3.44343417e+03 4.15779684e+02
-2.27272727e-06 2.50000000e-05 2.99997684e+08 -3.29228562e+03 3.48585971e+02
-1.76767677e-06 2.50000000e-05 2.99997868e+08 -3.14890001e+03 2.99354533e+02
-1.26262626e-06 2.50000000e-05 2.99998047e+08 -3.01462583e+03 2.64355209e+02
-7.57575758e-07 2.50000000e-05 2.99998220e+08 -2.89009465e+03 2.40301761e+02
-2.52525253e-07 2.50000000e-05 2.99998385e+08 -2.77535081e+03 2.24348435e+02
2.52525253e-07 2.50000000e-05 2.99998542e+08 -2.66997005e+03 2.14089683e+02
7.57575758e-07 2.50000000e-05 2.99998691e+08 -2.57317633e+03 2.07560825e+02
1.26262626e-06 2.50000000e-05 2.99998832e+08 -2.48396205e+03 2.03233780e+02
1.76767677e-06 2.50000000e-05 2.99998963e+08 -2.40121179e+03 2.00000240e+02
2.27272727e-06 2.50000000e-05 2.99999086e+08 -2.32382410e+03 1.97135020e+02
2.77777778e-06 2.50000000e-05 2.99999199e+08 -2.25082086e+03 1.94235278e+02
3.28282828e-06 2.50000000e-05 2.99999302e+08 -2.18143079e+03 1.91136468e+02
3.78787879e-06 2.50000000e-05 2.99999396e+08 -2.11513452e+03 1.87812496e+02
4.29292929e-06 2.50000000e-05 2.99999481e+08 -2.05166344e+03 1.84273647e+02
4.79797980e-06 2.50000000e-05 2.99999557e+08 -1.99095358e+03 1.80478973e+02
5.30303030e-06 2.50000000e-05 2.99999624e+08 -1.93306580e+03 1.76278155e+02
5.80808081e-06 2.50000000e-05 2.99999683e+08 -1.87809090e+03 1.71391205e+02
6.31313131e-06 2.50000000e-05 2.99999734e+08 -1.82606097e+03 1.65425055e+02
6.81818182e-06 2.50000000e-05 2.99999779e+08 -1.77688369e+03 1.57917557e+02
7.32323232e-06 2.50000000e-05 2.99999818e+08 -1.73030861e+03 1.48394711e+02
7.82828283e-06 2.50000000e-05 2.99999850e+08 -1.68592512e+03 1.36427042e+02
8.33333333e-06 2.50000000e-05 2.99999877e+08 -1.64318534e+03 1.21674893e+02
8.83838384e-06 2.50000000e-05 2.99999899e+08 -1.60144206e+03 1.03917704e+02
9.34343434e-06 2.50000000e-05 2.99999917e+08 -1.55999207e+03 8.30671145e+01
9.84848485e-06 2.50000000e-05 2.99999929e+08 -1.51811804e+03 5.91667720e+01
1.03535354e-05 2.50000000e-05 2.99999937e+08 -1.47512434e+03 3.23829017e+01
1.08585859e-05 2.50000000e-05 2.99999942e+08 -1.43036562e+03 2.98956410e+00
1.13636364e-05 2.50000000e-05 2.99999942e+08 -1.38326782e+03 -2.86483882e+01
1.18686869e-05 2.50000000e-05 2.99999939e+08 -1.33334311e+03 -6.20926945e+01
1.23737374e-05 2.50000000e-05 2.99999932e+08 -1.28019955e+03 -9.68483757e+01
1.28787879e-05 2.50000000e-05 2.99999923e+08 -1.22354714e+03 -1.32379346e+02
1.33838384e-05 2.50000000e-05 2.99999912e+08 -1.16320079e+03 -1.68122942e+02
1.38888889e-05 2.50000000e-05 2.99999899e+08 -1.09908103e+03 -2.03503531e+02
1.43939394e-05 2.50000000e-05 2.99999884e+08 -1.03121279e+03 -2.37945377e+02
1.48989899e-05 2.50000000e-05 2.99999868e+08 -9.59722357e+02 -2.70884884e+02
1.54040404e-05 2.50000000e-05 2.99999852e+08 -8.84832615e+02 -3.01782237e+02
1.59090909e-05 2.50000000e-05 2.99999837e+08 -8.06856598e+02 -3.30132376e+02
1.64141414e-05 2.50000000e-05 2.99999821e+08 -7.26189382e+02 -3.55475149e+02
1.69191919e-05 2.50000000e-05 2.99999807e+08 -6.43298410e+02 -3.77404435e+02
1.74242424e-05 2.50000000e-05 2.99999794e+08 -5.58712385e+02 -3.95576010e+02
1.79292929e-05 2.50000000e-05 2.99999784e+08 -4.73008960e+02 -4.09713925e+02
1.84343434e-05 2.50000000e-05 2.99999775e+08 -3.86801505e+02 -4.19615199e+02
1.89393939e-05 2.50000000e-05 2.99999769e+08 -3.00725288e+02 -4.25152671e+02
1.94444444e-05 2.50000000e-05 2.99999766e+08 -2.15423456e+02 -4.26275925e+02
1.99494949e-05 2.50000000e-05 2.99999765e+08 -1.31533212e+02 -4.23010271e+02
2.04545455e-05 2.50000000e-05 2.99999768e+08 -4.96725763e+01 -4.15453852e+02
2.09595960e-05 2.50000000e-05 2.99999774e+08 2.95718792e+01 -4.03772992e+02
2.14646465e-05 2.50000000e-05 2.99999783e+08 1.05656015e+02 -3.88196006e+02
2.19696970e-05 2.50000000e-05 2.99999795e+08 1.78087532e+02 -3.69005714e+02
2.24747475e-05 2.50000000e-05 2.99999809e+08 2.46433614e+02 -3.46530955e+02
2.29797980e-05 2.50000000e-05 2.99999827e+08 3.10326671e+02 -3.21137433e+02
2.34848485e-05 2.50000000e-05 2.99999846e+08 3.69468126e+02 -2.93218193e+02
2.39898990e-05 2.50000000e-05 2.99999868e+08 4.23630284e+02 -2.63184084e+02
2.44949495e-05 2.50000000e-05 2.99999892e+08 4.72656356e+02 -2.31454463e+02
2.50000000e-05 2.50000000e-05 2.99999918e+08 5.16458806e+02 -1.98448430e+02
-999 -999 -999 -999 -999
-1.47717082e-05 1.56061885e-05 2.11927849e-06 5.19265136e+00
1.82523990e-05 1.28311666e-06 3.38577892e-06 5.80401800e+00
-1.38010658e-05 -5.04315291e-06 4.67703118e-06 1.68324823e-01
-4.05023856e-06 -8.33990445e-06 4.42186612e-06 3.94014983e+00
2.25589208e-06 1.63169959e-05 4.51975776e-06 3.17225189e-01
-998 -998 -998 -998
-1.51462789e-05 1.63382425e-05 2.21718433e-10 1.15502972e-10 1
-1.51586786e-05 1.63359891e-05 -2.21718433e-10 -1.15502972e-10 -1
-1.50374934e-05 1.61294146e-05 2.21718433e-10 1.15502972e-10 1
-1.50498843e-05 1.61271465e-05 -2.21718433e-10 -1.15502972e-10 -1
-1.49287023e-05 1.59205795e-05 2.21718433e-10 1.15502972e-10 1
-1.49410912e-05 1.59183081e-05 -2.21718433e-10 -1.15502972e-10 -1
-1.48199103e-05 1.57117432e-05 2.21718433e-10 1.15502972e-10 1
-1.48322985e-05 1.57094707e-05 -2.21718433e-10 -1.15502972e-10 -1
-1.47111179e-05 1.55029063e-05 2.21718433e-10 1.15502972e-10 1
-1.47235062e-05 1.55006338e-05 -2.21718433e-10 -1.15502972e-10 -1
-1.46023253e-05 1.52940689e-05 2.21718433e-10 1.15502972e-10 1
-1.46147142e-05 1.52917975e-05 -2.21718433e-10 -1.15502972e-10 -1
-1.44935322e-05 1.50852305e-05 2.21718433e-10 1.15502972e-10 1
-1.45059231e-05 1.50829625e-05 -2.21718433e-10 -1.15502972e-10 -1
-1.43847379e-05 1.48763879e-05 2.21718433e-10 1.15502972e-10 1
-1.43971376e-05 1.48741345e-05 -2.21718433e-10 -1.15502972e-10 -1
1.70797175e-05 1.88777282e-06 1.15260104e-10 2.21844784e-10 1
1.70882707e-05 1.89255755e-06 -1.15260104e-10 -2.21844784e-10 -1
1.74135510e-05 1.71433139e-06 1.15260104e-10 2.21844784e-10 1
1.74220972e-05 1.71911368e-06 -1.15260104e-10 -2.21844784e-10 -1
1.77473817e-05 1.54088930e-06 1.15260104e-10 2.21844784e-10 1
1.77559264e-05 1.54567104e-06 -1.15260104e-10 -2.21844784e-10 -1
1.80812119e-05 1.36744705e-06 1.15260104e-10 2.21844784e-10 1
1.80897561e-05 1.37222861e-06 -1.15260104e-10 -2.21844784e-10 -1
1.84150419e-05 1.19400472e-06 1.15260104e-10 2.21844784e-10 1
1.84235861e-05 1.19878627e-06 -1.15260104e-10 -2.21844784e-10 -1
1.87488716e-05 1.02056229e-06 1.15260104e-10 2.21844784e-10 1
1.87574163e-05 1.02534402e-06 -1.15260104e-10 -2.21844784e-10 -1
1.90827007e-05 8.47119645e-07 1.15260104e-10 2.21844784e-10 1
1.90912470e-05 8.51901932e-07 -1.15260104e-10 -2.21844784e-10 -1
1.94165272e-05 6.73675776e-07 1.15260104e-10 2.21844784e-10 1
1.94250804e-05 6.78460508e-07 -1.15260104e-10 -2.21844784e-10 -1
-1.55941684e-05 -5.34781529e-06 -4.18827709e-11 2.46466699e-10 1
-1.55942418e-05 -5.34791683e-06 4.18827709e-11 -2.46466699e-10 -1
-1.50818431e-05 -5.26075417e-06 -4.18827709e-11 2.46466699e-10 1
-1.50819161e-05 -5.26085615e-06 4.18827709e-11 -2.46466699e-10 -1
-1.45695187e-05 -5.17369558e-06 -4.18827709e-11 2.46466699e-10 1
-1.45695894e-05 -5.17379294e-06 4.18827709e-11 -2.46466699e-10 -1
-1.40571913e-05 -5.08663346e-06 -4.18827709e-11 2.46466699e-10 1
-1.40572657e-05 -5.08673326e-06 4.18827709e-11 -2.46466699e-10 -1
-1.35448669e-05 -4.99957114e-06 -4.18827709e-11 2.46466699e-10 1
-1.35449391e-05 -4.99967378e-06 4.18827709e-11 -2.46466699e-10 -1
-1.30325410e-05 -4.91251053e-06 -4.18827709e-11 2.46466699e-10 1
-1.30326140e-05 -4.91261258e-06 4.18827709e-11 -2.46466699e-10 -1
-1.25202166e-05 -4.82545200e-06 -4.18827709e-11 2.46466699e-10 1
-1.25202873e-05 -4.82554931e-06 4.18827709e-11 -2.46466699e-10 -1
-1.20078900e-05 -4.73838866e-06 -4.18827709e-11 2.46466699e-10 1
-1.20079629e-05 -4.73849085e-06 4.18827709e-11 -2.46466699e-10 -1
-2.85033415e-06 -7.11344243e-06 1.79087531e-10 -1.74435250e-10 1
-2.85045161e-06 -7.10267398e-06 -1.79087531e-10 1.74435250e-10 -1
-3.19314729e-06 -7.46539265e-06 1.79087531e-10 -1.74435250e-10 1
-3.19326465e-06 -7.45463603e-06 -1.79087531e-10 1.74435250e-10 -1
-3.53596034e-06 -7.81734737e-06 1.79087531e-10 -1.74435250e-10 1
-3.53607767e-06 -7.80659342e-06 -1.79087531e-10 1.74435250e-10 -1
-3.87877338e-06 -8.16930298e-06 1.79087531e-10 -1.74435250e-10 1
-3.87889070e-06 -8.15854989e-06 -1.79087531e-10 1.74435250e-10 -1
-4.22158641e-06 -8.52125902e-06 1.79087531e-10 -1.74435250e-10 1
-4.22170374e-06 -8.51050593e-06 -1.79087531e-10 1.74435250e-10 -1
-4.56439945e-06 -8.87321549e-06 1.79087531e-10 -1.74435250e-10 1
-4.56451678e-06 -8.86246154e-06 -1.79087531e-10 1.74435250e-10 -1
-4.90721247e-06 -9.22517288e-06 1.79087531e-10 -1.74435250e-10 1
-4.90732983e-06 -9.21441626e-06 -1.79087531e-10 1.74435250e-10 -1
-5.25002551e-06 -9.57713492e-06 1.79087531e-10 -1.74435250e-10 1
-5.25014297e-06 -9.56636648e-06 -1.79087531e-10 1.74435250e-10 -1
5.85937116e-07 1.57687743e-05 -7.79828510e-11 2.37526156e-10 1
5.85880460e-07 1.57686641e-05 7.79828510e-11 -2.37526156e-10 -1
1.06307522e-06 1.59254248e-05 -7.79828510e-11 2.37526156e-10 1
1.06301853e-06 1.59253145e-05 7.79828510e-11 -2.37526156e-10 -1
1.54021312e-06 1.60820750e-05 -7.79828510e-11 2.37526156e-10 1
1.54015679e-06 1.60819654e-05 7.79828510e-11 -2.37526156e-10 -1
2.01735124e-06 1.62387255e-05 -7.79828510e-11 2.37526156e-10 1
2.01729484e-06 1.62386158e-05 7.79828510e-11 -2.37526156e-10 -1
2.49448929e-06 1.63953759e-05 -7.79828510e-11 2.37526156e-10 1
2.49443295e-06 1.63952663e-05 7.79828510e-11 -2.37526156e-10 -1
2.97162755e-06 1.65520268e-05 -7.79828510e-11 2.37526156e-10 1
2.97157086e-06 1.65519165e-05 7.79828510e-11 -2.37526156e-10 -1
3.44876604e-06 1.67086775e-05 -7.79828510e-11 2.37526156e-10 1
3.44870854e-06 1.67085667e-05 7.79828510e-11 -2.37526156e-10 -1
3.92590354e-06 1.68653274e-05 -7.79828510e-11 2.37526156e-10 1
3.92584721e-06 1.68652178e-05 7.79828510e-11 -2.37526156e-10 -1
