-2.50000000e-05 -2.50000000e-05 9.99999608e+07 2.15960116e+02 3.19759753e+02
-2.44949495e-05 -2.50000000e-05 9.99999617e+07 2.33848974e+02 3.23052698e+02
-2.39898990e-05 -2.50000000e-05 9.99999625e+07 2.52253503e+02 3.25837783e+02
-2.34848485e-05 -2.50000000e-05 9.99999632e+07 2.71156795e+02 3.28063416e+02
-2.29797980e-05 -2.50000000e-05 9.99999637e+07 2.90537443e+02 3.29673869e+02
-2.24747475e-05 -2.50000000e-05 9.99999642e+07 3.10368698e+02 3.30608991e+02
-2.19696970e-05 -2.50000000e-05 9.99999646e+07 3.30617502e+02 3.30803973e+02
-2.14646465e-05 -2.50000000e-05 9.99999649e+07 3.51243354e+02 3.30189198e+02
-2.09595960e-05 -2.50000000e-05 9.99999652e+07 3.72197028e+02 3.28690223e+02
-2.04545455e-05 -2.50000000e-05 9.99999655e+07 3.93419144e+02 3.26227914e+02
-1.99494949e-05 -2.50000000e-05 9.99999658e+07 4.14838596e+02 3.22718823e+02
-1.94444444e-05 -2.50000000e-05 9.99999661e+07 4.36370886e+02 3.18075829e+02
-1.89393939e-05 -2.50000000e-05 9.99999666e+07 4.57916391e+02 3.12209127e+02
-1.84343434e-05 -2.50000000e-05 9.99999672e+07 4.79358633e+02 3.05027627e+02
-1.79292929e-05 -2.50000000e-05 9.99999679e+07 5.00562639e+02 2.96440809e+02
-1.74242424e-05 -2.50000000e-05 9.99999689e+07 5.21373491e+02 2.86361108e+02
-1.69191919e-05 -2.50000000e-05 9.99999703e+07 5.41615215e+02 2.74706864e+02
-1.64141414e-05 -2.50000000e-05 9.99999719e+07 5.61090148e+02 2.61405859e+02
-1.59090909e-05 -2.50000000e-05 9.99999739e+07 5.79578972e+02 2.46399432e+02
-1.54040404e-05 -2.50000000e-05 9.99999764e+07 5.96841616e+02 2.29647140e+02
-1.48989899e-05 -2.50000000e-05 9.99999793e+07 6.12619226e+02 2.11131863e+02
-1.43939394e-05 -2.50000000e-05 9.99999827e+07 6.26637402e+02 1.90865214e+02
-1.38888889e-05 -2.50000000e-05 9.99999865e+07 6.38610901e+02 1.68893032e+02
-1.33838384e-05 -2.50000000e-05 9.99999907e+07 6.48249925e+02 1.45300684e+02
-1.28787879e-05 -2.50000000e-05 9.99999953e+07 6.55268088e+02 1.20217811e+02
-1.23737374e-05 -2.50000000e-05 1.00000000e+08 6.59392026e+02 9.38221117e+01
-1.18686869e-05 -2.50000000e-05 1.00000005e+08 6.60372511e+02 6.63417003e+01
-1.13636364e-05 -2.50000000e-05 1.00000010e+08 6.57996776e+02 3.80555459e+01
-1.08585859e-05 -2.50000000e-05 1.00000015e+08 6.52101570e+02 9.29154643e+00
-1.03535354e-05 -2.50000000e-05 1.00000019e+08 6.42586322e+02 -1.95781618e+01
-9.84848485e-06 -2.50000000e-05 1.00000023e+08 6.29425593e+02 -4.81449203e+01
-9.34343434e-06 -2.50000000e-05 1.00000026e+08 6.12679906e+02 -7.59743671e+01
-8.83838384e-06 -2.50000000e-05 1.00000028e+08 5.92503935e+02 -1.02620195e+02
-8.33333333e-06 -2.50000000e-05 1.00000029e+08 5.69151095e+02 -1.27640407e+02
-7.82828283e-06 -2.50000000e-05 1.00000028e+08 5.42973669e+02 -1.50615344e+02
-7.32323232e-06 -2.50000000e-05 1.00000025e+08 5.14417841e+02 -1.71166477e+02
-6.81818182e-06 -2.50000000e-05 1.00000021e+08 4.84013363e+02 -1.88974757e+02
-6.31313131e-06 -2.50000000e-05 1.00000015e+08 4.52357964e+02 -2.03797215e+02
-5.80808081e-06 -2.50000000e-05 1.00000006e+08 4.20097096e+02 -2.15480478e+02
-5.30303030e-06 -2.50000000e-05 9.99999967e+07 3.87900055e+02 -2.23970072e+02
-4.79797980e-06 -2.50000000e-05 9.99999853e+07 3.56433873e+02 -2.29314632e+02
-4.29292929e-06 -2.50000000e-05 9.99999725e+07 3.26336652e+02 -2.31664553e+02
-3.78787879e-06 -2.50000000e-05 9.99999586e+07 2.98192119e+02 -2.31265081e+02
-3.28282828e-06 -2.50000000e-05 9.99999440e+07 2.72507066e+02 -2.28444311e+02
-2.77777778e-06 -2.50000000e-05 9.99999290e+07 2.49693134e+02 -2.23596986e+02
-2.27272727e-06 -2.50000000e-05 9.99999140e+07 2.30053975e+02 -2.17165333e+02
-1.76767677e-06 -2.50000000e-05 9.99998994e+07 2.13778386e+02 -2.09618334e+02
-1.26262626e-06 -2.50000000e-05 9.99998854e+07 2.00939462e+02 -2.01430887e+02
-7.57575758e-07 -2.50000000e-05 9.99998725e+07 1.91499401e+02 -1.93064227e+02
-2.52525253e-07 -2.50000000e-05 9.99998608e+07 1.85319130e+02 -1.84948703e+02
2.52525253e-07 -2.50000000e-05 9.99998506e+07 1.82171716e+02 -1.77469758e+02
7.57575758e-07 -2.50000000e-05 9.99998420e+07 1.81758323e+02 -1.70957575e+02
1.26262626e-06 -2.50000000e-05 9.99998351e+07 1.83725490e+02 -1.65680545e+02
1.76767677e-06 -2.50000000e-05 9.99998300e+07 1.87682581e+02 -1.61842393e+02
2.27272727e-06 -2.50000000e-05 9.99998266e+07 1.93218418e+02 -1.59582567e+02
2.77777778e-06 -2.50000000e-05 9.99998248e+07 1.99916363e+02 -1.58979350e+02
3.28282828e-06 -2.50000000e-05 9.99998246e+07 2.07367305e+02 -1.60055045e+02
3.78787879e-06 -2.50000000e-05 9.99998257e+07 2.15180288e+02 -1.62782580e+02
4.29292929e-06 -2.50000000e-05 9.99998280e+07 2.22990694e+02 -1.67092922e+02
4.79797980e-06 -2.50000000e-05 9.99998314e+07 2.30466067e+02 -1.72882738e+02
5.30303030e-06 -2.50000000e-05 9.99998357e+07 2.37309798e+02 -1.80021890e+02
5.80808081e-06 -2.50000000e-05 9.99998407e+07 2.43262968e+02 -1.88360406e+02
6.31313131e-06 -2.50000000e-05 9.99998462e+07 2.48104673e+02 -1.97734717e+02
6.81818182e-06 -2.50000000e-05 9.99998520e+07 2.51651191e+02 -2.07973035e+02
7.32323232e-06 -2.50000000e-05 9.99998582e+07 2.53754310e+02 -2.18899814e+02
7.82828283e-06 -2.50000000e-05 9.99998644e+07 2.54299106e+02 -2.30339342e+02
8.33333333e-06 -2.50000000e-05 9.99998707e+07 2.53201432e+02 -2.42118509e+02
8.83838384e-06 -2.50000000e-05 9.99998770e+07 2.50405306e+02 -2.54068868e+02
9.34343434e-06 -2.50000000e-05 9.99998831e+07 2.45880352e+02 -2.66028105e+02
9.84848485e-06 -2.50000000e-05 9.99998892e+07 2.39619402e+02 -2.77841045e+02
1.03535354e-05 -2.50000000e-05 9.99998951e+07 2.31636307e+02 -2.89360310e+02
1.08585859e-05 -2.50000000e-05 9.99999009e+07 2.21963994e+02 -3.00446743e+02
1.13636364e-05 -2.50000000e-05 9.99999066e+07 2.10652775e+02 -3.10969700e+02
1.18686869e-05 -2.50000000e-05 9.99999121e+07 1.97768855e+02 -3.20807274e+02
1.23737374e-05 -2.50000000e-05 9.99999177e+07 1.83393040e+02 -3.29846528e+02
1.28787879e-05 -2.50000000e-05 9.99999232e+07 1.67619562e+02 -3.37983765e+02
1.33838384e-05 -2.50000000e-05 9.99999287e+07 1.50554989e+02 -3.45124865e+02
1.38888889e-05 -2.50000000e-05 9.99999343e+07 1.32317168e+02 -3.51185700e+02
1.43939394e-05 -2.50000000e-05 9.99999401e+07 1.13034139e+02 -3.56092605e+02
1.48989899e-05 -2.50000000e-05 9.99999460e+07 9.28429966e+01 -3.59782915e+02
1.54040404e-05 -2.50000000e-05 9.99999520e+07 7.18886530e+01 -3.62205502e+02
1.59090909e-05 -2.50000000e-05 9.99999583e+07 5.03224886e+01 -3.63321319e+02
1.64141414e-05 -2.50000000e-05 9.99999649e+07 2.83008780e+01 -3.63103885e+02
1.69191919e-05 -2.50000000e-05 9.99999717e+07 5.98359049e+00 -3.61539683e+02
1.74242424e-05 -2.50000000e-05 9.99999788e+07 -1.64679205e+01 -3.58628432e+02
1.79292929e-05 -2.50000000e-05 9.99999861e+07 -3.88923180e+01 -3.54383212e+02
1.84343434e-05 -2.50000000e-05 9.99999937e+07 -6.11302416e+01 -3.48830390e+02
1.89393939e-05 -2.50000000e-05 1.00000001e+08 -8.30261880e+01 -3.42009353e+02
1.94444444e-05 -2.50000000e-05 1.00000009e+08 -1.04430372e+02 -3.33972019e+02
1.99494949e-05 -2.50000000e-05 1.00000018e+08 -1.25200521e+02 -3.24782135e+02
2.04545455e-05 -2.50000000e-05 1.00000026e+08 -1.45203559e+02 -3.14514359e+02
2.09595960e-05 -2.50000000e-05 1.00000034e+08 -1.64317137e+02 -3.03253146e+02
2.14646465e-05 -2.50000000e-05 1.00000042e+08 -1.82430976e+02 -2.91091469e+02
2.19696970e-05 -2.50000000e-05 1.00000051e+08 -1.99447977e+02 -2.78129385e+02
2.24747475e-05 -2.50000000e-05 1.00000059e+08 -2.15285091e+02 -2.64472502e+02
2.29797980e-05 -2.50000000e-05 1.00000066e+08 -2.29873916e+02 -2.50230378e+02
2.34848485e-05 -2.50000000e-05 1.00000074e+08 -2.43161027e+02 -2.35514885e+02
2.39898990e-05 -2.50000000e-05 1.00000082e+08 -2.55108023e+02 -2.20438592e+02
2.44949495e-05 -2.50000000e-05 1.00000089e+08 -2.65691320e+02 -2.05113192e+02
2.50000000e-05 -2.50000000e-05 1.00000095e+08 -2.74901691e+02 -1.89648024e+02
-2.50000000e-05 -2.44949495e-05 9.99999591e+07 2.12150884e+02 3.27865190e+02
-2.44949495e-05 -2.44949495e-05 9.99999598e+07 2.30513921e+02 3.31728795e+02
-2.39898990e-05 -2.44949495e-05 9.99999604e+07 2.49442555e+02 3.35103380e+02
-2.34848485e-05 -2.44949495e-05 9.99999609e+07 2.68924088e+02 3.37936641e+02
-2.29797980e-05 -2.44949495e-05 9.99999612e+07 2.88941691e+02 3.40171627e+02
-2.24747475e-05 -2.44949495e-05 9.99999613e+07 3.09473536e+02 3.41746303e+02
-2.19696970e-05 -2.44949495e-05 9.99999614e+07 3.30491765e+02 3.42593160e+02
-2.14646465e-05 -2.44949495e-05 9.99999613e+07 3.51961262e+02 3.42638883e+02
-2.09595960e-05 -2.44949495e-05 9.99999612e+07 3.73838234e+02 3.41804129e+02
-2.04545455e-05 -2.44949495e-05 9.99999610e+07 3.96068579e+02 3.40003474e+02
-1.99494949e-05 -2.44949495e-05 9.99999608e+07 4.18586071e+02 3.37145574e+02
-1.94444444e-05 -2.44949495e-05 9.99999606e+07 4.41310370e+02 3.33133621e+02
-1.89393939e-05 -2.44949495e-05 9.99999604e+07 4.64144895e+02 3.27866167e+02
-1.84343434e-05 -2.44949495e-05 9.99999604e+07 4.86974634e+02 3.21238392e+02
-1.79292929e-05 -2.44949495e-05 9.99999606e+07 5.09663968e+02 3.13143913e+02
-1.74242424e-05 -2.44949495e-05 9.99999610e+07 5.32054626e+02 3.03477193e+02
-1.69191919e-05 -2.44949495e-05 9.99999617e+07 5.53963928e+02 2.92136643e+02
-1.64141414e-05 -2.44949495e-05 9.99999628e+07 5.75183481e+02 2.79028442e+02
-1.59090909e-05 -2.44949495e-05 9.99999643e+07 5.95478565e+02 2.64071125e+02
-1.54040404e-05 -2.44949495e-05 9.99999663e+07 6.14588423e+02 2.47200895e+02
-1.48989899e-05 -2.44949495e-05 9.99999688e+07 6.32227745e+02 2.28377602e+02
-1.43939394e-05 -2.44949495e-05 9.99999719e+07 6.48089598e+02 2.07591241e+02
-1.38888889e-05 -2.44949495e-05 9.99999755e+07 6.61850070e+02 1.84868751e+02
-1.33838384e-05 -2.44949495e-05 9.99999797e+07 6.73174855e+02 1.60280799e+02
-1.28787879e-05 -2.44949495e-05 9.99999843e+07 6.81727923e+02 1.33948140e+02
-1.23737374e-05 -2.44949495e-05 9.99999893e+07 6.87182337e+02 1.06047055e+02
-1.18686869e-05 -2.44949495e-05 9.99999947e+07 6.89233111e+02 7.68132827e+01
-1.13636364e-05 -2.44949495e-05 1.00000000e+08 6.87611830e+02 4.65438183e+01
-1.08585859e-05 -2.44949495e-05 1.00000005e+08 6.82102526e+02 1.55959587e+01
-1.03535354e-05 -2.44949495e-05 1.00000011e+08 6.72558077e+02 -1.56169850e+01
-9.84848485e-06 -2.44949495e-05 1.00000015e+08 6.58916151e+02 -4.66337283e+01
-9.34343434e-06 -2.44949495e-05 1.00000019e+08 6.41213529e+02 -7.69570198e+01
-8.83838384e-06 -2.44949495e-05 1.00000021e+08 6.19597517e+02 -1.06069521e+02
-8.33333333e-06 -2.44949495e-05 1.00000023e+08 5.94333133e+02 -1.33453105e+02
-7.82828283e-06 -2.44949495e-05 1.00000022e+08 5.65804869e+02 -1.58610719e+02
-7.32323232e-06 -2.44949495e-05 1.00000020e+08 5.34512119e+02 -1.81089595e+02
-6.81818182e-06 -2.44949495e-05 1.00000016e+08 5.01057761e+02 -2.00504249e+02
-6.31313131e-06 -2.44949495e-05 1.00000010e+08 4.66129954e+02 -2.16557573e+02
-5.80808081e-06 -2.44949495e-05 1.00000001e+08 4.30477816e+02 -2.29058244e+02
-5.30303030e-06 -2.44949495e-05 9.99999913e+07 3.94882255e+02 -2.37932922e+02
-4.79797980e-06 -2.44949495e-05 9.99999793e+07 3.60123771e+02 -2.43232022e+02
-4.29292929e-06 -2.44949495e-05 9.99999657e+07 3.26949410e+02 -2.45128411e+02
-3.78787879e-06 -2.44949495e-05 9.99999510e+07 2.96041191e+02 -2.43908989e+02
-3.28282828e-06 -2.44949495e-05 9.99999355e+07 2.67988228e+02 -2.39959777e+02
-2.77777778e-06 -2.44949495e-05 9.99999196e+07 2.43264439e+02 -2.33745691e+02
-2.27272727e-06 -2.44949495e-05 9.99999038e+07 2.22213192e+02 -2.25786629e+02
-1.76767677e-06 -2.44949495e-05 9.99998884e+07 2.05039596e+02 -2.16631757e+02
-1.26262626e-06 -2.44949495e-05 9.99998739e+07 1.91810448e+02 -2.06833873e+02
-7.57575758e-07 -2.44949495e-05 9.99998606e+07 1.82461236e+02 -1.96925625e+02
-2.52525253e-07 -2.44949495e-05 9.99998489e+07 1.76809082e+02 -1.87398961e+02
2.52525253e-07 -2.44949495e-05 9.99998388e+07 1.74570157e+02 -1.78688837e+02
7.57575758e-07 -2.44949495e-05 9.99998306e+07 1.75379955e+02 -1.71161680e+02
1.26262626e-06 -2.44949495e-05 9.99998244e+07 1.78814813e+02 -1.65108694e+02
1.76767677e-06 -2.44949495e-05 9.99998202e+07 1.84413237e+02 -1.60743710e+02
2.27272727e-06 -2.44949495e-05 9.99998179e+07 1.91695828e+02 -1.58204967e+02
2.77777778e-06 -2.44949495e-05 9.99998173e+07 2.00182929e+02 -1.57560066e+02
3.28282828e-06 -2.44949495e-05 9.99998184e+07 2.09409433e+02 -1.58813233e+02
3.78787879e-06 -2.44949495e-05 9.99998210e+07 2.18936496e+02 -1.61914034e+02
4.29292929e-06 -2.44949495e-05 9.99998248e+07 2.28360150e+02 -1.66766786e+02
4.79797980e-06 -2.44949495e-05 9.99998297e+07 2.37317024e+02 -1.73239987e+02
5.30303030e-06 -2.44949495e-05 9.99998354e+07 2.45487517e+02 -1.81175283e+02
5.80808081e-06 -2.44949495e-05 9.99998418e+07 2.52596834e+02 -1.90395581e+02
6.31313131e-06 -2.44949495e-05 9.99998486e+07 2.58414350e+02 -2.00712108e+02
6.81818182e-06 -2.44949495e-05 9.99998557e+07 2.62751737e+02 -2.11930298e+02
7.32323232e-06 -2.44949495e-05 9.99998629e+07 2.65460270e+02 -2.23854515e+02
7.82828283e-06 -2.44949495e-05 9.99998701e+07 2.66427666e+02 -2.36291679e+02
8.33333333e-06 -2.44949495e-05 9.99998772e+07 2.65574727e+02 -2.49053911e+02
8.83838384e-06 -2.44949495e-05 9.99998841e+07 2.62852040e+02 -2.61960353e+02
9.34343434e-06 -2.44949495e-05 9.99998908e+07 2.58236858e+02 -2.74838334e+02
9.84848485e-06 -2.44949495e-05 9.99998973e+07 2.51730286e+02 -2.87524026e+02
1.03535354e-05 -2.44949495e-05 9.99999035e+07 2.43354817e+02 -2.99862765e+02
1.08585859e-05 -2.44949495e-05 9.99999095e+07 2.33152221e+02 -3.11709159e+02
1.13636364e-05 -2.44949495e-05 9.99999153e+07 2.21181770e+02 -3.22927096e+02
1.18686869e-05 -2.44949495e-05 9.99999209e+07 2.07518766e+02 -3.33389754e+02
1.23737374e-05 -2.44949495e-05 9.99999264e+07 1.92253283e+02 -3.42979665e+02
1.28787879e-05 -2.44949495e-05 9.99999318e+07 1.75489092e+02 -3.51588884e+02
1.33838384e-05 -2.44949495e-05 9.99999373e+07 1.57342667e+02 -3.59119289e+02
1.38888889e-05 -2.44949495e-05 9.99999427e+07 1.37942223e+02 -3.65482999e+02
1.43939394e-05 -2.44949495e-05 9.99999483e+07 1.17426711e+02 -3.70602914e+02
1.48989899e-05 -2.44949495e-05 9.99999540e+07 9.59447306e+01 -3.74413334e+02
1.54040404e-05 -2.44949495e-05 9.99999600e+07 7.36533123e+01 -3.76860637e+02
1.59090909e-05 -2.44949495e-05 9.99999661e+07 5.07165390e+01 -3.77903943e+02
1.64141414e-05 -2.44949495e-05 9.99999726e+07 2.73040045e+01 -3.77515755e+02
1.69191919e-05 -2.44949495e-05 9.99999793e+07 3.58910192e+00 -3.75682485e+02
1.74242424e-05 -2.44949495e-05 9.99999863e+07 -2.02528388e+01 -3.72404852e+02
1.79292929e-05 -2.44949495e-05 9.99999936e+07 -4.40465370e+01 -3.67698094e+02
1.84343434e-05 -2.44949495e-05 1.00000001e+08 -6.76188340e+01 -3.61591965e+02
1.89393939e-05 -2.44949495e-05 1.00000009e+08 -9.08008042e+01 -3.54130487e+02
1.94444444e-05 -2.44949495e-05 1.00000017e+08 -1.13429854e+02 -3.45371446e+02
1.99494949e-05 -2.44949495e-05 1.00000025e+08 -1.35351752e+02 -3.35385637e+02
2.04545455e-05 -2.44949495e-05 1.00000034e+08 -1.56422537e+02 -3.24255845e+02
2.09595960e-05 -2.44949495e-05 1.00000042e+08 -1.76510252e+02 -3.12075603e+02
2.14646465e-05 -2.44949495e-05 1.00000051e+08 -1.95496457e+02 -2.98947745e+02
2.19696970e-05 -2.44949495e-05 1.00000059e+08 -2.13277478e+02 -2.84982782e+02
2.24747475e-05 -2.44949495e-05 1.00000067e+08 -2.29765368e+02 -2.70297168e+02
2.29797980e-05 -2.44949495e-05 1.00000075e+08 -2.44888565e+02 -2.55011471e+02
2.34848485e-05 -2.44949495e-05 1.00000083e+08 -2.58592213e+02 -2.39248532e+02
2.39898990e-05 -2.44949495e-05 1.00000091e+08 -2.70838190e+02 -2.23131625e+02
2.44949495e-05 -2.44949495e-05 1.00000098e+08 -2.81604810e+02 -2.06782693e+02
2.50000000e-05 -2.44949495e-05 1.00000104e+08 -2.90886256e+02 -1.90320684e+02
-2.50000000e-05 -2.39898990e-05 9.99999578e+07 2.07769221e+02 3.35825980e+02
-2.44949495e-05 -2.39898990e-05 9.99999583e+07 2.26585311e+02 3.40284402e+02
-2.39898990e-05 -2.39898990e-05 9.99999587e+07 2.46017107e+02 3.44277109e+02
-2.34848485e-05 -2.39898990e-05 9.99999589e+07 2.66056546e+02 3.47751758e+02
-2.29797980e-05 -2.39898990e-05 9.99999589e+07 2.86691938e+02 3.50650891e+02
-2.24747475e-05 -2.39898990e-05 9.99999587e+07 3.07907104e+02 3.52911348e+02
-2.19696970e-05 -2.39898990e-05 9.99999584e+07 3.29680298e+02 3.54463678e+02
-2.14646465e-05 -2.39898990e-05 9.99999579e+07 3.51982908e+02 3.55231605e+02
-2.09595960e-05 -2.39898990e-05 9.99999573e+07 3.74777912e+02 3.55131569e+02
-2.04545455e-05 -2.39898990e-05 9.99999566e+07 3.98018060e+02 3.54072417e+02
-1.99494949e-05 -2.39898990e-05 9.99999558e+07 4.21643810e+02 3.51955304e+02
-1.94444444e-05 -2.39898990e-05 9.99999550e+07 4.45580998e+02 3.48673888e+02
-1.89393939e-05 -2.39898990e-05 9.99999542e+07 4.69738295e+02 3.44114907e+02
-1.84343434e-05 -2.39898990e-05 9.99999536e+07 4.94004500e+02 3.38159242e+02
-1.79292929e-05 -2.39898990e-05 9.99999530e+07 5.18245751e+02 3.30683576e+02
-1.74242424e-05 -2.39898990e-05 9.99999527e+07 5.42302785e+02 3.21562752e+02
-1.69191919e-05 -2.39898990e-05 9.99999528e+07 5.65988392e+02 3.10672935e+02
-1.64141414e-05 -2.39898990e-05 9.99999532e+07 5.89085286e+02 2.97895663e+02
-1.59090909e-05 -2.39898990e-05 9.99999540e+07 6.11344624e+02 2.83122857e+02
-1.54040404e-05 -2.39898990e-05 9.99999554e+07 6.32485470e+02 2.66262790e+02
-1.48989899e-05 -2.39898990e-05 9.99999574e+07 6.52195542e+02 2.47246987e+02
-1.43939394e-05 -2.39898990e-05 9.99999600e+07 6.70133580e+02 2.26037930e+02
-1.38888889e-05 -2.39898990e-05 9.99999633e+07 6.85933694e+02 2.02637356e+02
-1.33838384e-05 -2.39898990e-05 9.99999673e+07 6.99212037e+02 1.77094801e+02
-1.28787879e-05 -2.39898990e-05 9.99999719e+07 7.09576054e+02 1.49515947e+02
-1.23737374e-05 -2.39898990e-05 9.99999770e+07 7.16636478e+02 1.20070165e+02
-1.18686869e-05 -2.39898990e-05 9.99999826e+07 7.20022051e+02 8.89965465e+01
-1.13636364e-05 -2.39898990e-05 9.99999885e+07 7.19396742e+02 5.66076129e+01
-1.08585859e-05 -2.39898990e-05 9.99999945e+07 7.14478941e+02 2.32898705e+01
-1.03535354e-05 -2.39898990e-05 1.00000000e+08 7.05061797e+02 -1.04996096e+01
-9.84848485e-06 -2.39898990e-05 1.00000006e+08 6.91033547e+02 -4.42412434e+01
-9.34343434e-06 -2.39898990e-05 1.00000010e+08 6.72396372e+02 -7.73660342e+01
-8.83838384e-06 -2.39898990e-05 1.00000014e+08 6.49282118e+02 -1.09273762e+02
-8.33333333e-06 -2.39898990e-05 1.00000016e+08 6.21963106e+02 -1.39355829e+02
-7.82828283e-06 -2.39898990e-05 1.00000016e+08 5.90856391e+02 -1.67021797e+02
-7.32323232e-06 -2.39898990e-05 1.00000014e+08 5.56520102e+02 -1.91728115e+02
-6.81818182e-06 -2.39898990e-05 1.00000010e+08 5.19641063e+02 -2.13007071e+02
-6.31313131e-06 -2.39898990e-05 1.00000004e+08 4.81013581e+02 -2.30493721e+02
-5.80808081e-06 -2.39898990e-05 9.99999957e+07 4.41510147e+02 -2.43948450e+02
-5.30303030e-06 -2.39898990e-05 9.99999850e+07 4.02045649e+02 -2.53273043e+02
-4.79797980e-06 -2.39898990e-05 9.99999724e+07 3.63537418e+02 -2.58518617e+02
-4.29292929e-06 -2.39898990e-05 9.99999580e+07 3.26863991e+02 -2.59884467e+02
-3.78787879e-06 -2.39898990e-05 9.99999423e+07 2.92825679e+02 -2.57707755e+02
-3.28282828e-06 -2.39898990e-05 9.99999258e+07 2.62109893e+02 -2.52444830e+02
-2.77777778e-06 -2.39898990e-05 9.99999089e+07 2.35263720e+02 -2.44645790e+02
-2.27272727e-06 -2.39898990e-05 9.99998921e+07 2.12675519e+02 -2.34924449e+02
-1.76767677e-06 -2.39898990e-05 9.99998760e+07 1.94566372e+02 -2.23926229e+02
-1.26262626e-06 -2.39898990e-05 9.99998609e+07 1.80991327e+02 -2.12296479e+02
-7.57575758e-07 -2.39898990e-05 9.99998473e+07 1.71849513e+02 -2.00651477e+02
-2.52525253e-07 -2.39898990e-05 9.99998356e+07 1.66901541e+02 -1.89553907e+02
2.52525253e-07 -2.39898990e-05 9.99998258e+07 1.65792184e+02 -1.79493984e+02
7.57575758e-07 -2.39898990e-05 9.99998182e+07 1.68076200e+02 -1.70876777e+02
1.26262626e-06 -2.39898990e-05 9.99998129e+07 1.73245171e+02 -1.64015678e+02
1.76767677e-06 -2.39898990e-05 9.99998098e+07 1.80753565e+02 -1.59131485e+02
2.27272727e-06 -2.39898990e-05 9.99998088e+07 1.90042552e+02 -1.56356220e+02
2.77777778e-06 -2.39898990e-05 9.99998098e+07 2.00560556e+02 -1.55740587e+02
3.28282828e-06 -2.39898990e-05 9.99998125e+07 2.11779990e+02 -1.57263943e+02
3.78787879e-06 -2.39898990e-05 9.99998168e+07 2.23209947e+02 -1.60845680e+02
4.29292929e-06 -2.39898990e-05 9.99998223e+07 2.34405025e+02 -1.66357070e+02
4.79797980e-06 -2.39898990e-05 9.99998289e+07 2.44970609e+02 -1.73632783e+02
5.30303030e-06 -2.39898990e-05 9.99998363e+07 2.54565154e+02 -1.82481515e+02
5.80808081e-06 -2.39898990e-05 9.99998442e+07 2.62900041e+02 -1.92695337e+02
6.31313131e-06 -2.39898990e-05 9.99998525e+07 2.69737621e+02 -2.04057574e+02
6.81818182e-06 -2.39898990e-05 9.99998608e+07 2.74887991e+02 -2.16349134e+02
7.32323232e-06 -2.39898990e-05 9.99998692e+07 2.78205026e+02 -2.29353376e+02
7.82828283e-06 -2.39898990e-05 9.99998774e+07 2.79582065e+02 -2.42859626e+02
8.33333333e-06 -2.39898990e-05 9.99998854e+07 2.78947587e+02 -2.56665545e+02
8.83838384e-06 -2.39898990e-05 9.99998930e+07 2.76261111e+02 -2.70578563e+02
9.34343434e-06 -2.39898990e-05 9.99999002e+07 2.71509490e+02 -2.84416578e+02
9.84848485e-06 -2.39898990e-05 9.99999071e+07 2.64703674e+02 -2.98008160e+02
1.03535354e-05 -2.39898990e-05 9.99999136e+07 2.55875983e+02 -3.11192410e+02
1.08585859e-05 -2.39898990e-05 9.99999197e+07 2.45077878e+02 -3.23818673e+02
1.13636364e-05 -2.39898990e-05 9.99999255e+07 2.32378174e+02 -3.35746207e+02
1.18686869e-05 -2.39898990e-05 9.99999311e+07 2.17861625e+02 -3.46843924e+02
1.23737374e-05 -2.39898990e-05 9.99999364e+07 2.01627808e+02 -3.56990275e+02
1.28787879e-05 -2.39898990e-05 9.99999417e+07 1.83790188e+02 -3.66073314e+02
1.33838384e-05 -2.39898990e-05 9.99999469e+07 1.64475293e+02 -3.73990957e+02
1.38888889e-05 -2.39898990e-05 9.99999521e+07 1.43821906e+02 -3.80651446e+02
1.43939394e-05 -2.39898990e-05 9.99999574e+07 1.21980186e+02 -3.85973975e+02
1.48989899e-05 -2.39898990e-05 9.99999629e+07 9.91106676e+01 -3.89889447e+02
1.54040404e-05 -2.39898990e-05 9.99999686e+07 7.53830807e+01 -3.92341314e+02
1.59090909e-05 -2.39898990e-05 9.99999746e+07 5.09749580e+01 -3.93286434e+02
1.64141414e-05 -2.39898990e-05 9.99999809e+07 2.60700220e+01 -3.92695889e+02
1.69191919e-05 -2.39898990e-05 9.99999875e+07 8.56347863e-01 -3.90555701e+02
1.74242424e-05 -2.39898990e-05 9.99999944e+07 -2.44756744e+01 -3.86867380e+02
1.79292929e-05 -2.39898990e-05 1.00000002e+08 -4.97355451e+01 -3.81648262e+02
1.84343434e-05 -2.39898990e-05 1.00000009e+08 -7.47349785e+01 -3.74931592e+02
1.89393939e-05 -2.39898990e-05 1.00000017e+08 -9.92902885e+01 -3.66766310e+02
1.94444444e-05 -2.39898990e-05 1.00000025e+08 -1.23224771e+02 -3.57216545e+02
1.99494949e-05 -2.39898990e-05 1.00000034e+08 -1.46371017e+02 -3.46360787e+02
2.04545455e-05 -2.39898990e-05 1.00000042e+08 -1.68573084e+02 -3.34290764e+02
2.09595960e-05 -2.39898990e-05 1.00000051e+08 -1.89688474e+02 -3.21110044e+02
2.14646465e-05 -2.39898990e-05 1.00000059e+08 -2.09589843e+02 -3.06932393e+02
2.19696970e-05 -2.39898990e-05 1.00000068e+08 -2.28166419e+02 -2.91879930e+02
2.24747475e-05 -2.39898990e-05 1.00000076e+08 -2.45325067e+02 -2.76081147e+02
2.29797980e-05 -2.39898990e-05 1.00000084e+08 -2.60991004e+02 -2.59668833e+02
2.34848485e-05 -2.39898990e-05 1.00000092e+08 -2.75108128e+02 -2.42777966e+02
2.39898990e-05 -2.39898990e-05 1.00000100e+08 -2.87638989e+02 -2.25543636e+02
2.44949495e-05 -2.39898990e-05 1.00000107e+08 -2.98564408e+02 -2.08099052e+02
2.50000000e-05 -2.39898990e-05 1.00000114e+08 -3.07882758e+02 -1.90573667e+02
-2.50000000e-05 -2.34848485e-05 9.99999568e+07 2.02794662e+02 3.43590304e+02
-2.44949495e-05 -2.34848485e-05 9.99999572e+07 2.22038530e+02 3.48664216e+02
-2.39898990e-05 -2.34848485e-05 9.99999573e+07 2.41947703e+02 3.53300213e+02
-2.34848485e-05 -2.34848485e-05 9.99999573e+07 2.62519106e+02 3.57446699e+02
-2.29797980e-05 -2.34848485e-05 9.99999570e+07 2.83746700e+02 3.61046573e+02
-2.24747475e-05 -2.34848485e-05 9.99999565e+07 3.05620641e+02 3.64036469e+02
-2.19696970e-05 -2.34848485e-05 9.99999558e+07 3.28126197e+02 3.66345967e+02
-2.14646465e-05 -2.34848485e-05 9.99999549e+07 3.51242403e+02 3.67896808e+02
-2.09595960e-05 -2.34848485e-05 9.99999537e+07 3.74940416e+02 3.68602165e+02
-2.04545455e-05 -2.34848485e-05 9.99999525e+07 3.99181541e+02 3.68366028e+02
-1.99494949e-05 -2.34848485e-05 9.99999511e+07 4.23914917e+02 3.67082773e+02
-1.94444444e-05 -2.34848485e-05 9.99999496e+07 4.49074854e+02 3.64637016e+02
-1.89393939e-05 -2.34848485e-05 9.99999481e+07 4.74577853e+02 3.60903856e+02
-1.84343434e-05 -2.34848485e-05 9.99999467e+07 5.00319331e+02 3.55749624e+02
-1.79292929e-05 -2.34848485e-05 9.99999453e+07 5.26170159e+02 3.49033281e+02
-1.74242424e-05 -2.34848485e-05 9.99999442e+07 5.51973107e+02 3.40608606e+02
-1.69191919e-05 -2.34848485e-05 9.99999434e+07 5.77539380e+02 3.30327304e+02
-1.64141414e-05 -2.34848485e-05 9.99999429e+07 6.02645460e+02 3.18043191e+02
-1.59090909e-05 -2.34848485e-05 9.99999430e+07 6.27030540e+02 3.03617534e+02
-1.54040404e-05 -2.34848485e-05 9.99999436e+07 6.50394883e+02 2.86925649e+02
-1.48989899e-05 -2.34848485e-05 9.99999449e+07 6.72399524e+02 2.67864731e+02
-1.43939394e-05 -2.34848485e-05 9.99999469e+07 6.92667736e+02 2.46362860e+02
-1.38888889e-05 -2.34848485e-05 9.99999497e+07 7.10788762e+02 2.22388976e+02
-1.33838384e-05 -2.34848485e-05 9.99999534e+07 7.26324259e+02 1.95963493e+02
-1.28787879e-05 -2.34848485e-05 9.99999578e+07 7.38817895e+02 1.67169038e+02
-1.23737374e-05 -2.34848485e-05 9.99999630e+07 7.47808404e+02 1.36160648e+02
-1.18686869e-05 -2.34848485e-05 9.99999688e+07 7.52846212e+02 1.03174545e+02
-1.13636364e-05 -2.34848485e-05 9.99999751e+07 7.53513530e+02 6.85344825e+01
-1.08585859e-05 -2.34848485e-05 9.99999817e+07 7.49447389e+02 3.26545446e+01
-1.03535354e-05 -2.34848485e-05 9.99999882e+07 7.40364746e+02 -3.96273275e+00
-9.84848485e-06 -2.34848485e-05 9.99999944e+07 7.26088284e+02 -4.07339097e+01
-9.34343434e-06 -2.34848485e-05 9.99999999e+07 7.06571121e+02 -7.70085875e+01
-8.83838384e-06 -2.34848485e-05 1.00000004e+08 6.81918274e+02 -1.12090018e+02
-8.33333333e-06 -2.34848485e-05 1.00000007e+08 6.52402523e+02 -1.45262036e+02
-7.82828283e-06 -2.34848485e-05 1.00000008e+08 6.18472371e+02 -1.75821259e+02
-7.32323232e-06 -2.34848485e-05 1.00000007e+08 5.80750140e+02 -2.03112724e+02
-6.81818182e-06 -2.34848485e-05 1.00000004e+08 5.40018893e+02 -2.26566482e+02
-6.31313131e-06 -2.34848485e-05 9.99999976e+07 4.97197818e+02 -2.45732165e+02
-5.80808081e-06 -2.34848485e-05 9.99999889e+07 4.53306862e+02 -2.60308390e+02
-5.30303030e-06 -2.34848485e-05 9.99999778e+07 4.09422583e+02 -2.70164075e+02
-4.79797980e-06 -2.34848485e-05 9.99999644e+07 3.66628259e+02 -2.75349356e+02
-4.29292929e-06 -2.34848485e-05 9.99999491e+07 3.25962072e+02 -2.76094769e+02
-3.78787879e-06 -2.34848485e-05 9.99999323e+07 2.88367490e+02 -2.72798519e+02
-3.28282828e-06 -2.34848485e-05 9.99999146e+07 2.54649849e+02 -2.66002908e+02
-2.77777778e-06 -2.34848485e-05 9.99998966e+07 2.25442434e+02 -2.56362076e+02
-2.27272727e-06 -2.34848485e-05 9.99998788e+07 2.01184361e+02 -2.44604017e+02
-1.76767677e-06 -2.34848485e-05 9.99998619e+07 1.82111292e+02 -2.31490230e+02
-1.26262626e-06 -2.34848485e-05 9.99998463e+07 1.68258730e+02 -2.17776359e+02
-7.57575758e-07 -2.34848485e-05 9.99998324e+07 1.59476512e+02 -2.04176744e+02
-2.52525253e-07 -2.34848485e-05 9.99998208e+07 1.55452246e+02 -1.91335138e+02
2.52525253e-07 -2.34848485e-05 9.99998115e+07 1.55740942e+02 -1.79802976e+02
7.57575758e-07 -2.34848485e-05 9.99998047e+07 1.59797948e+02 -1.70025715e+02
1.26262626e-06 -2.34848485e-05 9.99998005e+07 1.67012475e+02 -1.62336985e+02
1.76767677e-06 -2.34848485e-05 9.99997988e+07 1.76739414e+02 -1.56959665e+02
2.27272727e-06 -2.34848485e-05 9.99997994e+07 1.88327698e+02 -1.54012587e+02
2.77777778e-06 -2.34848485e-05 9.99998022e+07 2.01144099e+02 -1.53521388e+02
3.28282828e-06 -2.34848485e-05 9.99998069e+07 2.14591879e+02 -1.55431977e+02
3.78787879e-06 -2.34848485e-05 9.99998131e+07 2.28124275e+02 -1.59625256e+02
4.29292929e-06 -2.34848485e-05 9.99998207e+07 2.41253129e+02 -1.65931895e+02
4.79797980e-06 -2.34848485e-05 9.99998293e+07 2.53553277e+02 -1.74146277e+02
5.30303030e-06 -2.34848485e-05 9.99998385e+07 2.64663428e+02 -1.84038974e+02
5.80808081e-06 -2.34848485e-05 9.99998482e+07 2.74284365e+02 -1.95367376e+02
6.31313131e-06 -2.34848485e-05 9.99998580e+07 2.82175213e+02 -2.07884331e+02
6.81818182e-06 -2.34848485e-05 9.99998678e+07 2.88148509e+02 -2.21344800e+02
7.32323232e-06 -2.34848485e-05 9.99998774e+07 2.92064654e+02 -2.35510677e+02
7.82828283e-06 -2.34848485e-05 9.99998867e+07 2.93826239e+02 -2.50154009e+02
8.33333333e-06 -2.34848485e-05 9.99998955e+07 2.93372605e+02 -2.65058884e+02
8.83838384e-06 -2.34848485e-05 9.99999038e+07 2.90674874e+02 -2.80022271e+02
9.34343434e-06 -2.34848485e-05 9.99999115e+07 2.85731618e+02 -2.94854103e+02
9.84848485e-06 -2.34848485e-05 9.99999187e+07 2.78565223e+02 -3.09376856e+02
1.03535354e-05 -2.34848485e-05 9.99999254e+07 2.69218947e+02 -3.23424843e+02
1.08585859e-05 -2.34848485e-05 9.99999315e+07 2.57754643e+02 -3.36843433e+02
1.13636364e-05 -2.34848485e-05 9.99999373e+07 2.44251035e+02 -3.49488315e+02
1.18686869e-05 -2.34848485e-05 9.99999427e+07 2.28802469e+02 -3.61224939e+02
1.23737374e-05 -2.34848485e-05 9.99999478e+07 2.11518000e+02 -3.71928195e+02
1.28787879e-05 -2.34848485e-05 9.99999528e+07 1.92520711e+02 -3.81482376e+02
1.33838384e-05 -2.34848485e-05 9.99999577e+07 1.71947122e+02 -3.89781433e+02
1.38888889e-05 -2.34848485e-05 9.99999625e+07 1.49946604e+02 -3.96729496e+02
1.43939394e-05 -2.34848485e-05 9.99999675e+07 1.26680686e+02 -4.02241644e+02
1.48989899e-05 -2.34848485e-05 9.99999727e+07 1.02322176e+02 -4.06244847e+02
1.54040404e-05 -2.34848485e-05 9.99999781e+07 7.70540487e+01 -4.08679029e+02
1.59090909e-05 -2.34848485e-05 9.99999837e+07 5.10680480e+01 -4.09498168e+02
1.64141414e-05 -2.34848485e-05 9.99999898e+07 2.45629983e+01 -4.08671359e+02
1.69191919e-05 -2.34848485e-05 9.99999962e+07 -2.25717652e+00 -4.06183755e+02
1.74242424e-05 -2.34848485e-05 1.00000003e+08 -2.91856974e+01 -4.02037324e+02
1.79292929e-05 -2.34848485e-05 1.00000010e+08 -5.60153947e+01 -3.96251345e+02
1.84343434e-05 -2.34848485e-05 1.00000018e+08 -8.25413328e+01 -3.88862602e+02
1.89393939e-05 -2.34848485e-05 1.00000026e+08 -1.08563523e+02 -3.79925229e+02
1.94444444e-05 -2.34848485e-05 1.00000034e+08 -1.33889648e+02 -3.69510189e+02
1.99494949e-05 -2.34848485e-05 1.00000042e+08 -1.58337708e+02 -3.57704380e+02
2.04545455e-05 -2.34848485e-05 1.00000051e+08 -1.81738515e+02 -3.44609385e+02
2.09595960e-05 -2.34848485e-05 1.00000060e+08 -2.03937952e+02 -3.30339890e+02
2.14646465e-05 -2.34848485e-05 1.00000068e+08 -2.24798927e+02 -3.15021808e+02
2.19696970e-05 -2.34848485e-05 1.00000077e+08 -2.44202977e+02 -2.98790183e+02
2.24747475e-05 -2.34848485e-05 1.00000086e+08 -2.62051458e+02 -2.81786909e+02
2.29797980e-05 -2.34848485e-05 1.00000094e+08 -2.78266326e+02 -2.64158362e+02
2.34848485e-05 -2.34848485e-05 1.00000102e+08 -2.92790461e+02 -2.46052991e+02
2.39898990e-05 -2.34848485e-05 1.00000110e+08 -3.05587580e+02 -2.27618955e+02
2.44949495e-05 -2.34848485e-05 1.00000117e+08 -3.16641728e+02 -2.09001860e+02
2.50000000e-05 -2.34848485e-05 1.00000124e+08 -3.25956400e+02 -1.90342660e+02
-2.50000000e-05 -2.29797980e-05 9.99999562e+07 1.97210611e+02 3.51102769e+02
-2.44949495e-05 -2.29797980e-05 9.99999564e+07 2.16852907e+02 3.56808494e+02
-2.39898990e-05 -2.29797980e-05 9.99999564e+07 2.37208807e+02 3.62108506e+02
-2.34848485e-05 -2.29797980e-05 9.99999561e+07 2.58280484e+02 3.66952844e+02
-2.29797980e-05 -2.29797980e-05 9.99999556e+07 2.80067969e+02 3.71285765e+02
-2.24747475e-05 -2.29797980e-05 9.99999547e+07 3.02568365e+02 3.75044804e+02
-2.19696970e-05 -2.29797980e-05 9.99999536e+07 3.25774805e+02 3.78159759e+02
-2.14646465e-05 -2.29797980e-05 9.99999522e+07 3.49675098e+02 3.80551637e+02
-2.09595960e-05 -2.29797980e-05 9.99999506e+07 3.74250023e+02 3.82131607e+02
-2.04545455e-05 -2.29797980e-05 9.99999487e+07 3.99471231e+02 3.82800027e+02
-1.99494949e-05 -2.29797980e-05 9.99999466e+07 4.25298711e+02 3.82445611e+02
-1.94444444e-05 -2.29797980e-05 9.99999444e+07 4.51677811e+02 3.80944854e+02
-1.89393939e-05 -2.29797980e-05 9.99999421e+07 4.78535799e+02 3.78161829e+02
-1.84343434e-05 -2.29797980e-05 9.99999398e+07 5.05778014e+02 3.73948506e+02
-1.79292929e-05 -2.29797980e-05 9.99999376e+07 5.33283650e+02 3.68145747e+02
-1.74242424e-05 -2.29797980e-05 9.99999355e+07 5.60901295e+02 3.60585168e+02
-1.69191919e-05 -2.29797980e-05 9.99999337e+07 5.88444394e+02 3.51092054e+02
-1.64141414e-05 -2.29797980e-05 9.99999322e+07 6.15686867e+02 3.39489503e+02
-1.59090909e-05 -2.29797980e-05 9.99999313e+07 6.42359192e+02 3.25603994e+02
-1.54040404e-05 -2.29797980e-05 9.99999309e+07 6.68145345e+02 3.09272490e+02
-1.48989899e-05 -2.29797980e-05 9.99999313e+07 6.92681070e+02 2.90351179e+02
-1.43939394e-05 -2.29797980e-05 9.99999326e+07 7.15554031e+02 2.68725815e+02
-1.38888889e-05 -2.29797980e-05 9.99999347e+07 7.36306467e+02 2.44323538e+02
-1.33838384e-05 -2.29797980e-05 9.99999379e+07 7.54440981e+02 2.17125833e+02
-1.28787879e-05 -2.29797980e-05 9.99999420e+07 7.69430096e+02 1.87182140e+02
-1.23737374e-05 -2.29797980e-05 9.99999471e+07 7.80730094e+02 1.54623314e+02
-1.18686869e-05 -2.29797980e-05 9.99999530e+07 7.87799495e+02 1.19673948e+02
-1.13636364e-05 -2.29797980e-05 9.99999597e+07 7.90122199e+02 8.26622764e+01
-1.08585859e-05 -2.29797980e-05 9.99999668e+07 7.87234910e+02 4.40262112e+01
-1.03535354e-05 -2.29797980e-05 9.99999741e+07 7.78757917e+02 4.31396964e+00
-9.84848485e-06 -2.29797980e-05 9.99999812e+07 7.64427692e+02 -3.58221690e+01
-9.34343434e-06 -2.29797980e-05 9.99999878e+07 7.44129112e+02 -7.56401580e+01
-8.83838384e-06 -2.29797980e-05 9.99999932e+07 7.17924566e+02 -1.14331173e+02
-8.33333333e-06 -2.29797980e-05 9.99999972e+07 6.86076813e+02 -1.51051162e+02
-7.82828283e-06 -2.29797980e-05 9.99999992e+07 6.49062398e+02 -1.84959861e+02
-7.32323232e-06 -2.29797980e-05 9.99999988e+07 6.07572768e+02 -2.15265091e+02
-6.81818182e-06 -2.29797980e-05 9.99999958e+07 5.62501049e+02 -2.41269188e+02
-6.31313131e-06 -2.29797980e-05 9.99999899e+07 5.14913666e+02 -2.62413628e+02
-5.80808081e-06 -2.29797980e-05 9.99999811e+07 4.66007565e+02 -2.78317594e+02
-5.30303030e-06 -2.29797980e-05 9.99999694e+07 4.17055476e+02 -2.88806432e+02
-4.79797980e-06 -2.29797980e-05 9.99999552e+07 3.69343182e+02 -2.93926751e+02
-4.29292929e-06 -2.29797980e-05 9.99999388e+07 3.24103902e+02 -2.93946204e+02
-3.78787879e-06 -2.29797980e-05 9.99999208e+07 2.82455395e+02 -2.89337667e+02
-3.28282828e-06 -2.29797980e-05 9.99999018e+07 2.45345181e+02 -2.80749226e+02
-2.77777778e-06 -2.29797980e-05 9.99998826e+07 2.13508340e+02 -2.68962942e+02
-2.27272727e-06 -2.29797980e-05 9.99998637e+07 1.87440907e+02 -2.54846418e+02
-1.76767677e-06 -2.29797980e-05 9.99998458e+07 1.67390091e+02 -2.39301782e+02
-1.26262626e-06 -2.29797980e-05 9.99998297e+07 1.53360757e+02 -2.23216520e+02
-7.57575758e-07 -2.29797980e-05 9.99998157e+07 1.45136100e+02 -2.07420032e+02
-2.52525253e-07 -2.29797980e-05 9.99998042e+07 1.42309282e+02 -1.92648692e+02
2.52525253e-07 -2.29797980e-05 9.99997956e+07 1.44322240e+02 -1.79521050e+02
7.57575758e-07 -2.29797980e-05 9.99997899e+07 1.50507787e+02 -1.68523561e+02
1.26262626e-06 -2.29797980e-05 9.99997871e+07 1.60131490e+02 -1.60006216e+02
1.76767677e-06 -2.29797980e-05 9.99997872e+07 1.72430440e+02 -1.54186686e+02
2.27272727e-06 -2.29797980e-05 9.99997898e+07 1.86646890e+02 -1.51161093e+02
2.77777778e-06 -2.29797980e-05 9.99997948e+07 2.02055516e+02 -1.50919380e+02
3.28282828e-06 -2.29797980e-05 9.99998018e+07 2.17983899e+02 -1.53363283e+02
3.78787879e-06 -2.29797980e-05 9.99998104e+07 2.33826372e+02 -1.58325155e+02
4.29292929e-06 -2.29797980e-05 9.99998202e+07 2.49051894e+02 -1.65586254e+02
4.79797980e-06 -2.29797980e-05 9.99998310e+07 2.63206880e+02 -1.74893444e+02
5.30303030e-06 -2.29797980e-05 9.99998424e+07 2.75914021e+02 -1.85973655e+02
5.80808081e-06 -2.29797980e-05 9.99998540e+07 2.86868200e+02 -1.98545786e+02
6.31313131e-06 -2.29797980e-05 9.99998656e+07 2.95830465e+02 -2.12329964e+02
6.81818182e-06 -2.29797980e-05 9.99998769e+07 3.02620951e+02 -2.27054308e+02
7.32323232e-06 -2.29797980e-05 9.99998878e+07 3.07111434e+02 -2.42459460e+02
7.82828283e-06 -2.29797980e-05 9.99998982e+07 3.09218076e+02 -2.58301235e+02
8.33333333e-06 -2.29797980e-05 9.99999078e+07 3.08894728e+02 -2.74351766e+02
8.83838384e-06 -2.29797980e-05 9.99999167e+07 3.06127044e+02 -2.90399522e+02
9.34343434e-06 -2.29797980e-05 9.99999249e+07 3.00927522e+02 -3.06248563e+02
9.84848485e-06 -2.29797980e-05 9.99999324e+07 2.93331517e+02 -3.21717328e+02
1.03535354e-05 -2.29797980e-05 9.99999391e+07 2.83394173e+02 -3.36637235e+02
1.08585859e-05 -2.29797980e-05 9.99999452e+07 2.71188182e+02 -3.50851303e+02
1.13636364e-05 -2.29797980e-05 9.99999508e+07 2.56802256e+02 -3.64212949e+02
1.18686869e-05 -2.29797980e-05 9.99999559e+07 2.40340138e+02 -3.76585099e+02
1.23737374e-05 -2.29797980e-05 9.99999607e+07 2.21920030e+02 -3.87839652e+02
1.28787879e-05 -2.29797980e-05 9.99999652e+07 2.01674244e+02 -3.97857354e+02
1.33838384e-05 -2.29797980e-05 9.99999696e+07 1.79748962e+02 -4.06528078e+02
1.38888889e-05 -2.29797980e-05 9.99999741e+07 1.56303940e+02 -4.13751460e+02
1.43939394e-05 -2.29797980e-05 9.99999786e+07 1.31512066e+02 -4.19437858e+02
1.48989899e-05 -2.29797980e-05 9.99999833e+07 1.05558654e+02 -4.23509558e+02
1.54040404e-05 -2.29797980e-05 9.99999883e+07 7.86404272e+01 -4.25902120e+02
1.59090909e-05 -2.29797980e-05 9.99999936e+07 5.09641220e+01 -4.26565796e+02
1.64141414e-05 -2.29797980e-05 9.99999993e+07 2.27447185e+01 -4.25466904e+02
1.69191919e-05 -2.29797980e-05 1.00000005e+08 -5.79670970e+00 -4.22589064e+02
1.74242424e-05 -2.29797980e-05 1.00000012e+08 -3.44354855e+01 -4.17934212e+02
1.79292929e-05 -2.29797980e-05 1.00000019e+08 -6.29461038e+01 -4.11523299e+02
1.84343434e-05 -2.29797980e-05 1.00000027e+08 -9.11052173e+01 -4.03396631e+02
1.89393939e-05 -2.29797980e-05 1.00000035e+08 -1.18694746e+02 -3.93613786e+02
1.94444444e-05 -2.29797980e-05 1.00000043e+08 -1.45505006e+02 -3.82253086e+02
1.99494949e-05 -2.29797980e-05 1.00000051e+08 -1.71337769e+02 -3.69410627e+02
2.04545455e-05 -2.29797980e-05 1.00000060e+08 -1.96009128e+02 -3.55198874e+02
2.09595960e-05 -2.29797980e-05 1.00000069e+08 -2.19352103e+02 -3.39744863e+02
2.14646465e-05 -2.29797980e-05 1.00000078e+08 -2.41218881e+02 -3.23188053e+02
2.19696970e-05 -2.29797980e-05 1.00000087e+08 -2.61482634e+02 -3.05677914e+02
2.24747475e-05 -2.29797980e-05 1.00000096e+08 -2.80038865e+02 -2.87371310e+02
2.29797980e-05 -2.29797980e-05 1.00000104e+08 -2.96806243e+02 -2.68429767e+02
2.34848485e-05 -2.29797980e-05 1.00000112e+08 -3.11726933e+02 -2.49016722e+02
2.39898990e-05 -2.29797980e-05 1.00000120e+08 -3.24766416e+02 -2.29294817e+02
2.44949495e-05 -2.29797980e-05 1.00000128e+08 -3.35912831e+02 -2.09423333e+02
2.50000000e-05 -2.29797980e-05 1.00000134e+08 -3.45175892e+02 -1.89555818e+02
-2.50000000e-05 -2.24747475e-05 9.99999561e+07 1.91005157e+02 3.58304895e+02
-2.44949495e-05 -2.24747475e-05 9.99999562e+07 2.11012672e+02 3.64653504e+02
-2.39898990e-05 -2.24747475e-05 9.99999560e+07 2.31779916e+02 3.70632744e+02
-2.34848485e-05 -2.24747475e-05 9.99999555e+07 2.53314438e+02 3.76195274e+02
-2.29797980e-05 -2.24747475e-05 9.99999547e+07 2.75622627e+02 3.81287850e+02
-2.24747475e-05 -2.24747475e-05 9.99999535e+07 2.98709032e+02 3.85850190e+02
-2.19696970e-05 -2.24747475e-05 9.99999520e+07 3.22575401e+02 3.89813730e+02
-2.14646465e-05 -2.24747475e-05 9.99999501e+07 3.47219373e+02 3.93100277e+02
-2.09595960e-05 -2.24747475e-05 9.99999479e+07 3.72632775e+02 3.95620607e+02
-2.04545455e-05 -2.24747475e-05 9.99999454e+07 3.98799437e+02 3.97273077e+02
-1.99494949e-05 -2.24747475e-05 9.99999426e+07 4.25692495e+02 3.97942320e+02
-1.94444444e-05 -2.24747475e-05 9.99999396e+07 4.53271114e+02 3.97498141e+02
-1.89393939e-05 -2.24747475e-05 9.99999365e+07 4.81476630e+02 3.95794761e+02
-1.84343434e-05 -2.24747475e-05 9.99999332e+07 5.10228093e+02 3.92670546e+02
-1.79292929e-05 -2.24747475e-05 9.99999299e+07 5.39417264e+02 3.87948448e+02
-1.74242424e-05 -2.24747475e-05 9.99999267e+07 5.68903161e+02 3.81437354e+02
-1.69191919e-05 -2.24747475e-05 9.99999237e+07 5.98506303e+02 3.72934592e+02
-1.64141414e-05 -2.24747475e-05 9.99999211e+07 6.28002899e+02 3.62229852e+02
-1.59090909e-05 -2.24747475e-05 9.99999190e+07 6.57119296e+02 3.49110754e+02
-1.54040404e-05 -2.24747475e-05 9.99999175e+07 6.85527130e+02 3.33370317e+02
-1.48989899e-05 -2.24747475e-05 9.99999168e+07 7.12839726e+02 3.14816469e+02
-1.43939394e-05 -2.24747475e-05 9.99999170e+07 7.38610407e+02 2.93283715e+02
-1.38888889e-05 -2.24747475e-05 9.99999182e+07 7.62333489e+02 2.68646877e+02
-1.33838384e-05 -2.24747475e-05 9.99999206e+07 7.83448801e+02 2.40836690e+02
-1.28787879e-05 -2.24747475e-05 9.99999242e+07 8.01350625e+02 2.09856723e+02
-1.23737374e-05 -2.24747475e-05 9.99999290e+07 8.15401859e+02 1.75800825e+02
-1.18686869e-05 -2.24747475e-05 9.99999349e+07 8.24954065e+02 1.38869936e+02
-1.13636364e-05 -2.24747475e-05 9.99999418e+07 8.29373717e+02 9.93867094e+01
-1.08585859e-05 -2.24747475e-05 9.99999495e+07 8.28074485e+02 5.78061046e+01
-1.03535354e-05 -2.24747475e-05 9.99999576e+07 8.20554684e+02 1.47198723e+01
-9.84848485e-06 -2.24747475e-05 9.99999657e+07 8.06438217e+02 -2.91471713e+01
-9.34343434e-06 -2.24747475e-05 9.99999734e+07 7.85516399e+02 -7.29509169e+01
-8.83838384e-06 -2.24747475e-05 9.99999802e+07 7.57787195e+02 -1.15753022e+02
-8.33333333e-06 -2.24747475e-05 9.99999853e+07 7.23487730e+02 -1.56557527e+02
-7.82828283e-06 -2.24747475e-05 9.99999884e+07 6.83115653e+02 -1.94357995e+02
-7.32323232e-06 -2.24747475e-05 9.99999890e+07 6.37435216e+02 -2.28192648e+02
-6.81818182e-06 -2.24747475e-05 9.99999866e+07 5.87464902e+02 -2.57203501e+02
-6.31313131e-06 -2.24747475e-05 9.99999809e+07 5.34445035e+02 -2.80694307e+02
-5.80808081e-06 -2.24747475e-05 9.99999719e+07 4.79785982e+02 -2.98181483e+02
-5.30303030e-06 -2.24747475e-05 9.99999597e+07 4.24999912e+02 -3.09432387e+02
-4.79797980e-06 -2.24747475e-05 9.99999446e+07 3.71621354e+02 -3.14486279e+02
-4.29292929e-06 -2.24747475e-05 9.99999270e+07 3.21123428e+02 -3.13655162e+02
-3.78787879e-06 -2.24747475e-05 9.99999076e+07 2.74837444e+02 -3.07503953e+02
-3.28282828e-06 -2.24747475e-05 9.99998871e+07 2.33883254e+02 -2.96811921e+02
-2.77777778e-06 -2.24747475e-05 9.99998664e+07 1.99116434e+02 -2.82519488e+02
-2.27272727e-06 -2.24747475e-05 9.99998463e+07 1.71096265e+02 -2.65666001e+02
-1.76767677e-06 -2.24747475e-05 9.99998275e+07 1.50075949e+02 -2.47324754e+02
-1.26262626e-06 -2.24747475e-05 9.99998108e+07 1.36014003e+02 -2.28541281e+02
-7.57575758e-07 -2.24747475e-05 9.99997968e+07 1.28603662e+02 -2.10279977e+02
-2.52525253e-07 -2.24747475e-05 9.99997858e+07 1.27315696e+02 -1.93382529e+02
2.52525253e-07 -2.24747475e-05 9.99997781e+07 1.31449370e+02 -1.78539975e+02
7.57575758e-07 -2.24747475e-05 9.99997738e+07 1.40186342e+02 -1.66278513e+02
1.26262626e-06 -2.24747475e-05 9.99997728e+07 1.52642940e+02 -1.56957850e+02
1.76767677e-06 -2.24747475e-05 9.99997750e+07 1.67917283e+02 -1.50779929e+02
2.27272727e-06 -2.24747475e-05 9.99997801e+07 1.85128877e+02 -1.47805341e+02
2.77777778e-06 -2.24747475e-05 9.99997877e+07 2.03449479e+02 -1.47974679e+02
3.28282828e-06 -2.24747475e-05 9.99997974e+07 2.22125031e+02 -1.51132213e+02
3.78787879e-06 -2.24747475e-05 9.99998087e+07 2.40489217e+02 -1.57049758e+02
4.29292929e-06 -2.24747475e-05 9.99998213e+07 2.57969739e+02 -1.65449048e+02
4.79797980e-06 -2.24747475e-05 9.99998346e+07 2.74088676e+02 -1.76021505e+02
5.30303030e-06 -2.24747475e-05 9.99998483e+07 2.88458400e+02 -1.88444755e+02
5.80808081e-06 -2.24747475e-05 9.99998620e+07 3.00774427e+02 -2.02395674e+02
6.31313131e-06 -2.24747475e-05 9.99998755e+07 3.10806479e+02 -2.17560023e+02
6.81818182e-06 -2.24747475e-05 9.99998885e+07 3.18388759e+02 -2.33639001e+02
7.32323232e-06 -2.24747475e-05 9.99999008e+07 3.23410278e+02 -2.50353135e+02
7.82828283e-06 -2.24747475e-05 9.99999122e+07 3.25805787e+02 -2.67444008e+02
8.33333333e-06 -2.24747475e-05 9.99999227e+07 3.25547729e+02 -2.84674346e+02
8.83838384e-06 -2.24747475e-05 9.99999322e+07 3.22639400e+02 -3.01826931e+02
9.34343434e-06 -2.24747475e-05 9.99999407e+07 3.17109424e+02 -3.18702786e+02
9.84848485e-06 -2.24747475e-05 9.99999483e+07 3.09007490e+02 -3.35118992e+02
1.03535354e-05 -2.24747475e-05 9.99999550e+07 2.98401282e+02 -3.50906450e+02
1.08585859e-05 -2.24747475e-05 9.99999609e+07 2.85374426e+02 -3.65907812e+02
1.13636364e-05 -2.24747475e-05 9.99999662e+07 2.70025281e+02 -3.79975757e+02
1.18686869e-05 -2.24747475e-05 9.99999708e+07 2.52466383e+02 -3.92971735e+02
1.23737374e-05 -2.24747475e-05 9.99999751e+07 2.32824320e+02 -4.04765232e+02
1.28787879e-05 -2.24747475e-05 9.99999791e+07 2.11239876e+02 -4.15233583e+02
1.33838384e-05 -2.24747475e-05 9.99999829e+07 1.87868220e+02 -4.24262314e+02
1.38888889e-05 -2.24747475e-05 9.99999867e+07 1.62879020e+02 -4.31745967e+02
1.43939394e-05 -2.24747475e-05 9.99999907e+07 1.36456311e+02 -4.37589322e+02
1.48989899e-05 -2.24747475e-05 9.99999948e+07 1.08798021e+02 -4.41708939e+02
1.54040404e-05 -2.24747475e-05 9.99999993e+07 8.01150749e+01 -4.44034885e+02
1.59090909e-05 -2.24747475e-05 1.00000004e+08 5.06300148e+01 -4.44512552e+02
1.64141414e-05 -2.24747475e-05 1.00000009e+08 2.05751336e+01 -4.43104424e+02
1.69191919e-05 -2.24747475e-05 1.00000015e+08 -9.80987553e+00 -4.39791688e+02
1.74242424e-05 -2.24747475e-05 1.00000022e+08 -4.02807049e+01 -4.34575561e+02
1.79292929e-05 -2.24747475e-05 1.00000029e+08 -7.05915831e+01 -4.27478258e+02
1.84343434e-05 -2.24747475e-05 1.00000036e+08 -1.00498698e+02 -4.18543509e+02
1.89393939e-05 -2.24747475e-05 1.00000044e+08 -1.29763784e+02 -4.07836561e+02
1.94444444e-05 -2.24747475e-05 1.00000052e+08 -1.58157746e+02 -3.95443661e+02
1.99494949e-05 -2.24747475e-05 1.00000061e+08 -1.85464200e+02 -3.81470984e+02
2.04545455e-05 -2.24747475e-05 1.00000070e+08 -2.11482806e+02 -3.66043048e+02
2.09595960e-05 -2.24747475e-05 1.00000079e+08 -2.36032275e+02 -3.49300657e+02
2.14646465e-05 -2.24747475e-05 1.00000088e+08 -2.58952947e+02 -3.31398424e+02
2.19696970e-05 -2.24747475e-05 1.00000097e+08 -2.80108871e+02 -3.12501986e+02
2.24747475e-05 -2.24747475e-05 1.00000106e+08 -2.99389313e+02 -2.92784974e+02
2.29797980e-05 -2.24747475e-05 1.00000115e+08 -3.16709672e+02 -2.72425866e+02
2.34848485e-05 -2.24747475e-05 1.00000123e+08 -3.32011778e+02 -2.51604816e+02
2.39898990e-05 -2.24747475e-05 1.00000131e+08 -3.45263608e+02 -2.30500558e+02
2.44949495e-05 -2.24747475e-05 1.00000139e+08 -3.56458444e+02 -2.09287480e+02
2.50000000e-05 -2.24747475e-05 1.00000145e+08 -3.65613525e+02 -1.88132947e+02
-2.50000000e-05 -2.19696970e-05 9.99999565e+07 1.84171906e+02 3.65135785e+02
-2.44949495e-05 -2.19696970e-05 9.99999565e+07 2.04507956e+02 3.72132172e+02
-2.39898990e-05 -2.19696970e-05 9.99999562e+07 2.25646739e+02 3.78799224e+02
-2.34848485e-05 -2.19696970e-05 9.99999555e+07 2.47601144e+02 3.85093292e+02
-2.29797980e-05 -2.19696970e-05 9.99999544e+07 2.70384034e+02 3.90964881e+02
-2.24747475e-05 -2.19696970e-05 9.99999529e+07 2.94007727e+02 3.96357352e+02
-2.19696970e-05 -2.19696970e-05 9.99999510e+07 3.18483179e+02 4.01205431e+02
-2.14646465e-05 -2.19696970e-05 9.99999487e+07 3.43818791e+02 4.05433557e+02
-2.09595960e-05 -2.19696970e-05 9.99999459e+07 3.70018767e+02 4.08954096e+02
-2.04545455e-05 -2.19696970e-05 9.99999428e+07 3.97080925e+02 4.11665485e+02
-1.99494949e-05 -2.19696970e-05 9.99999392e+07 4.24993899e+02 4.13450385e+02
-1.94444444e-05 -2.19696970e-05 9.99999354e+07 4.53733628e+02 4.14173956e+02
-1.89393939e-05 -2.19696970e-05 9.99999313e+07 4.83259112e+02 4.13682405e+02
-1.84343434e-05 -2.19696970e-05 9.99999269e+07 5.13507373e+02 4.11801984e+02
-1.79292929e-05 -2.19696970e-05 9.99999225e+07 5.44387648e+02 4.08338671e+02
-1.74242424e-05 -2.19696970e-05 9.99999181e+07 5.75774873e+02 4.03078789e+02
-1.69191919e-05 -2.19696970e-05 9.99999138e+07 6.07502590e+02 3.95790856e+02
-1.64141414e-05 -2.19696970e-05 9.99999097e+07 6.39355497e+02 3.86228998e+02
-1.59090909e-05 -2.19696970e-05 9.99999062e+07 6.71061974e+02 3.74138262e+02
-1.54040404e-05 -2.19696970e-05 9.99999033e+07 7.02287050e+02 3.59262157e+02
-1.48989899e-05 -2.19696970e-05 9.99999012e+07 7.32626414e+02 3.41352737e+02
-1.43939394e-05 -2.19696970e-05 9.99999001e+07 7.61602244e+02 3.20183438e+02
-1.38888889e-05 -2.19696970e-05 9.99999002e+07 7.88661812e+02 2.95564755e+02
-1.33838384e-05 -2.19696970e-05 9.99999016e+07 8.13179919e+02 2.67362639e+02
-1.28787879e-05 -2.19696970e-05 9.99999044e+07 8.34466389e+02 2.35519187e+02
-1.23737374e-05 -2.19696970e-05 9.99999086e+07 8.51779797e+02 2.00074821e+02
-1.18686869e-05 -2.19696970e-05 9.99999144e+07 8.64348529e+02 1.61190670e+02
-1.13636364e-05 -2.19696970e-05 9.99999214e+07 8.71399937e+02 1.19169359e+02
-1.08585859e-05 -2.19696970e-05 9.99999295e+07 8.72197786e+02 7.44718652e+01
-1.03535354e-05 -2.19696970e-05 9.99999384e+07 8.66087368e+02 2.77277226e+01
-9.84848485e-06 -2.19696970e-05 9.99999476e+07 8.52546565e+02 -2.02643934e+01
-9.34343434e-06 -2.19696970e-05 9.99999565e+07 8.31239837e+02 -6.85484739e+01
-8.83838384e-06 -2.19696970e-05 9.99999647e+07 8.02070839e+02 -1.16037546e+02
-8.33333333e-06 -2.19696970e-05 9.99999713e+07 7.65228205e+02 -1.61555572e+02
-7.82828283e-06 -2.19696970e-05 9.99999757e+07 7.21218415e+02 -2.03894145e+02
-7.32323232e-06 -2.19696970e-05 9.99999774e+07 6.70879775e+02 -2.41881141e+02
-6.81818182e-06 -2.19696970e-05 9.99999757e+07 6.15372610e+02 -2.74456313e+02
-6.31313131e-06 -2.19696970e-05 9.99999704e+07 5.56142898e+02 -3.00746966e+02
-5.80808081e-06 -2.19696970e-05 9.99999613e+07 4.94859519e+02 -3.20135708e+02
-5.30303030e-06 -2.19696970e-05 9.99999485e+07 4.33328739e+02 -3.32312320e+02
-4.79797980e-06 -2.19696970e-05 9.99999323e+07 3.73392801e+02 -3.37303063e+02
-4.29292929e-06 -2.19696970e-05 9.99999133e+07 3.16822059e+02 -3.35473252e+02
-3.78787879e-06 -2.19696970e-05 9.99998923e+07 2.65211275e+02 -3.27502191e+02
-3.28282828e-06 -2.19696970e-05 9.99998701e+07 2.19890335e+02 -3.14333139e+02
-2.77777778e-06 -2.19696970e-05 9.99998478e+07 1.81857719e+02 -2.97104022e+02
-2.27272727e-06 -2.19696970e-05 9.99998263e+07 1.51742013e+02 -2.77066780e+02
-1.76767677e-06 -2.19696970e-05 9.99998066e+07 1.29793045e+02 -2.55504028e+02
-1.26262626e-06 -2.19696970e-05 9.99997894e+07 1.15900765e+02 -2.33651234e+02
-7.57575758e-07 -2.19696970e-05 9.99997754e+07 1.09637044e+02 -2.12631022e+02
-2.52525253e-07 -2.19696970e-05 9.99997651e+07 1.10313779e+02 -1.93403955e+02
2.52525253e-07 -2.19696970e-05 9.99997587e+07 1.17049965e+02 -1.76737661e+02
7.57575758e-07 -2.19696970e-05 9.99997562e+07 1.28840752e+02 -1.63193933e+02
1.26262626e-06 -2.19696970e-05 9.99997576e+07 1.44622628e+02 -1.53131635e+02
1.76767677e-06 -2.19696970e-05 9.99997625e+07 1.63330400e+02 -1.46722134e+02
2.27272727e-06 -2.19696970e-05 9.99997705e+07 1.83943373e+02 -1.43973463e+02
2.77777778e-06 -2.19696970e-05 9.99997812e+07 2.05519669e+02 -1.44759492e+02
3.28282828e-06 -2.19696970e-05 9.99997941e+07 2.27218909e+02 -1.48850786e+02
3.78787879e-06 -2.19696970e-05 9.99998086e+07 2.48314437e+02 -1.55944518e+02
4.29292929e-06 -2.19696970e-05 9.99998242e+07 2.68196795e+02 -1.65691534e+02
4.79797980e-06 -2.19696970e-05 9.99998403e+07 2.86370421e+02 -1.77719411e+02
5.30303030e-06 -2.19696970e-05 9.99998567e+07 3.02445554e+02 -1.91650963e+02
5.80808081e-06 -2.19696970e-05 9.99998727e+07 3.16127111e+02 -2.07118148e+02
6.31313131e-06 -2.19696970e-05 9.99998882e+07 3.27202098e+02 -2.23771688e+02
6.81818182e-06 -2.19696970e-05 9.99999029e+07 3.35526724e+02 -2.41286945e+02
7.32323232e-06 -2.19696970e-05 9.99999166e+07 3.41014141e+02 -2.59366701e+02
7.82828283e-06 -2.19696970e-05 9.99999291e+07 3.43623392e+02 -2.77741531e+02
8.33333333e-06 -2.19696970e-05 9.99999403e+07 3.43349936e+02 -2.96168436e+02
8.83838384e-06 -2.19696970e-05 9.99999504e+07 3.40217898e+02 -3.14428327e+02
9.34343434e-06 -2.19696970e-05 9.99999591e+07 3.34274066e+02 -3.32322881e+02
9.84848485e-06 -2.19696970e-05 9.99999667e+07 3.25583516e+02 -3.49671187e+02
1.03535354e-05 -2.19696970e-05 9.99999732e+07 3.14226696e+02 -3.66306525e+02
1.08585859e-05 -2.19696970e-05 9.99999788e+07 3.00297746e+02 -3.82073521e+02
1.13636364e-05 -2.19696970e-05 9.99999836e+07 2.83903802e+02 -3.96825853e+02
1.18686869e-05 -2.19696970e-05 9.99999876e+07 2.65165031e+02 -4.10424622e+02
1.23737374e-05 -2.19696970e-05 9.99999912e+07 2.44215146e+02 -4.22737434e+02
1.28787879e-05 -2.19696970e-05 9.99999945e+07 2.21202159e+02 -4.33638199e+02
1.33838384e-05 -2.19696970e-05 9.99999975e+07 1.96289162e+02 -4.43007607e+02
1.38888889e-05 -2.19696970e-05 1.00000001e+08 1.69654928e+02 -4.50734212e+02
1.43939394e-05 -2.19696970e-05 1.00000004e+08 1.41494192e+02 -4.56716023e+02
1.48989899e-05 -2.19696970e-05 1.00000007e+08 1.12017457e+02 -4.60862472e+02
1.54040404e-05 -2.19696970e-05 1.00000011e+08 8.14502589e+01 -4.63096637e+02
1.59090909e-05 -2.19696970e-05 1.00000015e+08 5.00318040e+01 -4.63357557e+02
1.64141414e-05 -2.19696970e-05 1.00000020e+08 1.80129898e+01 -4.61602497e+02
1.69191919e-05 -2.19696970e-05 1.00000026e+08 -1.43461887e+01 -4.57809016e+02
1.74242424e-05 -2.19696970e-05 1.00000032e+08 -4.67797828e+01 -4.51976701e+02
1.79292929e-05 -2.19696970e-05 1.00000038e+08 -7.90194973e+01 -4.44128453e+02
1.84343434e-05 -2.19696970e-05 1.00000046e+08 -1.10798644e+02 -4.34311223e+02
1.89393939e-05 -2.19696970e-05 1.00000054e+08 -1.41856309e+02 -4.22596141e+02
1.94444444e-05 -2.19696970e-05 1.00000062e+08 -1.71941570e+02 -4.09077988e+02
1.99494949e-05 -2.19696970e-05 1.00000071e+08 -2.00817634e+02 -3.93874017e+02
2.04545455e-05 -2.19696970e-05 1.00000080e+08 -2.28265712e+02 -3.77122149e+02
2.09595960e-05 -2.19696970e-05 1.00000089e+08 -2.54088517e+02 -3.58978596e+02
2.14646465e-05 -2.19696970e-05 1.00000098e+08 -2.78113246e+02 -3.39614996e+02
2.19696970e-05 -2.19696970e-05 1.00000108e+08 -3.00193961e+02 -3.19215167e+02
2.24747475e-05 -2.19696970e-05 1.00000117e+08 -3.20213284e+02 -2.97971598e+02
2.29797980e-05 -2.19696970e-05 1.00000126e+08 -3.38083392e+02 -2.76081793e+02
2.34848485e-05 -2.19696970e-05 1.00000134e+08 -3.53746276e+02 -2.53744609e+02
2.39898990e-05 -2.19696970e-05 1.00000142e+08 -3.67173316e+02 -2.31156701e+02
2.44949495e-05 -2.19696970e-05 1.00000150e+08 -3.78364194e+02 -2.08509178e+02
2.50000000e-05 -2.19696970e-05 1.00000157e+08 -3.87345238e+02 -1.85984577e+02
-2.50000000e-05 -2.14646465e-05 9.99999576e+07 1.76710810e+02 3.71533001e+02
-2.44949495e-05 -2.14646465e-05 9.99999575e+07 1.97335812e+02 3.79174967e+02
-2.39898990e-05 -2.14646465e-05 9.99999571e+07 2.18802442e+02 3.86530658e+02
-2.34848485e-05 -2.14646465e-05 9.99999562e+07 2.41128681e+02 3.93561225e+02
-2.29797980e-05 -2.14646465e-05 9.99999549e+07 2.64333760e+02 4.00222282e+02
-2.24747475e-05 -2.14646465e-05 9.99999531e+07 2.88437864e+02 4.06462438e+02
-2.19696970e-05 -2.14646465e-05 9.99999508e+07 3.13461522e+02 4.12221582e+02
-2.14646465e-05 -2.14646465e-05 9.99999480e+07 3.39424617e+02 4.17428914e+02
-2.09595960e-05 -2.14646465e-05 9.99999447e+07 3.66344887e+02 4.22000759e+02
-2.04545455e-05 -2.14646465e-05 9.99999409e+07 3.94235834e+02 4.25838205e+02
-1.99494949e-05 -2.14646465e-05 9.99999366e+07 4.23103902e+02 4.28824640e+02
-1.94444444e-05 -2.14646465e-05 9.99999318e+07 4.52944841e+02 4.30823313e+02
-1.89393939e-05 -2.14646465e-05 9.99999267e+07 4.83739138e+02 4.31675057e+02
-1.84343434e-05 -2.14646465e-05 9.99999212e+07 5.15446460e+02 4.31196381e+02
-1.79292929e-05 -2.14646465e-05 9.99999155e+07 5.47999060e+02 4.29178180e+02
-1.74242424e-05 -2.14646465e-05 9.99999097e+07 5.81294175e+02 4.25385366e+02
-1.69191919e-05 -2.14646465e-05 9.99999039e+07 6.15185501e+02 4.19557755e+02
-1.64141414e-05 -2.14646465e-05 9.99998983e+07 6.49473930e+02 4.11412639e+02
-1.59090909e-05 -2.14646465e-05 9.99998931e+07 6.83897874e+02 4.00649454e+02
-1.54040404e-05 -2.14646465e-05 9.99998885e+07 7.18123623e+02 3.86957040e+02
-1.48989899e-05 -2.14646465e-05 9.99998847e+07 7.51736406e+02 3.70023917e+02
-1.43939394e-05 -2.14646465e-05 9.99998820e+07 7.84233014e+02 3.49552006e+02
-1.38888889e-05 -2.14646465e-05 9.99998805e+07 8.15017089e+02 3.25274083e+02
-1.33838384e-05 -2.14646465e-05 9.99998806e+07 8.43398448e+02 2.96975020e+02
-1.28787879e-05 -2.14646465e-05 9.99998823e+07 8.68597963e+02 2.64516594e+02
-1.23737374e-05 -2.14646465e-05 9.99998857e+07 8.89759732e+02 2.27865131e+02
-1.18686869e-05 -2.14646465e-05 9.99998910e+07 9.05972166e+02 1.87120679e+02
-1.13636364e-05 -2.14646465e-05 9.99998979e+07 9.16299437e+02 1.42545659e+02
-1.08585859e-05 -2.14646465e-05 9.99999063e+07 9.19824086e+02 9.45901866e+01
-1.03535354e-05 -2.14646465e-05 9.99999159e+07 9.15700666e+02 4.39105015e+01
-9.84848485e-06 -2.14646465e-05 9.99999262e+07 9.03218842e+02 -8.62353654e+00
-9.34343434e-06 -2.14646465e-05 9.99999366e+07 8.81872656e+02 -6.19360112e+01
-8.83838384e-06 -2.14646465e-05 9.99999463e+07 8.51430688e+02 -1.14771123e+02
-8.33333333e-06 -2.14646465e-05 9.99999546e+07 8.12000032e+02 -1.65740137e+02
-7.82828283e-06 -2.14646465e-05 9.99999607e+07 7.64075745e+02 -2.13389055e+02
-7.32323232e-06 -2.14646465e-05 9.99999637e+07 7.08567133e+02 -2.56284023e+02
-6.81818182e-06 -2.14646465e-05 9.99999630e+07 6.46793392e+02 -2.93108298e+02
-6.31313131e-06 -2.14646465e-05 9.99999582e+07 5.80443824e+02 -3.22761666e+02
-5.80808081e-06 -2.14646465e-05 9.99999490e+07 5.11501917e+02 -3.44451263e+02
-5.30303030e-06 -2.14646465e-05 9.99999355e+07 4.42137577e+02 -3.57762487e+02
-4.79797980e-06 -2.14646465e-05 9.99999182e+07 3.74576628e+02 -3.62700254e+02
-4.29292929e-06 -2.14646465e-05 9.99998976e+07 3.10960593e+02 -3.59694380e+02
-3.78787879e-06 -2.14646465e-05 9.99998746e+07 2.53211645e+02 -3.49567610e+02
-3.28282828e-06 -2.14646465e-05 9.99998505e+07 2.02917133e+02 -3.33469980e+02
-2.77777778e-06 -2.14646465e-05 9.99998263e+07 1.61245253e+02 -3.12787659e+02
-2.27272727e-06 -2.14646465e-05 9.99998033e+07 1.28898905e+02 -2.89037465e+02
-1.76767677e-06 -2.14646465e-05 9.99997826e+07 1.06109412e+02 -2.63759196e+02
-1.26262626e-06 -2.14646465e-05 9.99997650e+07 9.26667682e+01 -2.38417021e+02
-7.57575758e-07 -2.14646465e-05 9.99997514e+07 8.79790934e+01 -2.14318595e+02
-2.52525253e-07 -2.14646465e-05 9.99997421e+07 9.11517105e+01 -1.92557220e+02
2.52525253e-07 -2.14646465e-05 9.99997374e+07 1.01075606e+02 -1.73978788e+02
7.57575758e-07 -2.14646465e-05 9.99997372e+07 1.16515925e+02 -1.59172152e+02
1.26262626e-06 -2.14646465e-05 9.99997415e+07 1.36193005e+02 -1.48479313e+02
1.76767677e-06 -2.14646465e-05 9.99997497e+07 1.58850827e+02 -1.42020501e+02
2.27272727e-06 -2.14646465e-05 9.99997613e+07 1.83310139e+02 -1.39728855e+02
2.77777778e-06 -2.14646465e-05 9.99997757e+07 2.08505645e+02 -1.41389713e+02
3.28282828e-06 -2.14646465e-05 9.99997923e+07 2.33508224e+02 -1.46680352e+02
3.78787879e-06 -2.14646465e-05 9.99998104e+07 2.57534246e+02 -1.55207039e+02
4.29292929e-06 -2.14646465e-05 9.99998294e+07 2.79944594e+02 -1.66537311e+02
4.79797980e-06 -2.14646465e-05 9.99998488e+07 3.00236138e+02 -1.80226379e+02
5.30303030e-06 -2.14646465e-05 9.99998680e+07 3.18028262e+02 -1.95837346e+02
5.80808081e-06 -2.14646465e-05 9.99998866e+07 3.33046692e+02 -2.12955492e+02
6.31313131e-06 -2.14646465e-05 9.99999042e+07 3.45106436e+02 -2.31197273e+02
6.81818182e-06 -2.14646465e-05 9.99999207e+07 3.54095207e+02 -2.50214888e+02
7.32323232e-06 -2.14646465e-05 9.99999357e+07 3.59958256e+02 -2.69697346e+02
7.82828283e-06 -2.14646465e-05 9.99999492e+07 3.62685206e+02 -2.89368947e+02
8.33333333e-06 -2.14646465e-05 9.99999612e+07 3.62299159e+02 -3.08986005e+02
8.83838384e-06 -2.14646465e-05 9.99999716e+07 3.58848152e+02 -3.28332535e+02
9.34343434e-06 -2.14646465e-05 9.99999805e+07 3.52398840e+02 -3.47215502e+02
9.84848485e-06 -2.14646465e-05 9.99999879e+07 3.43032225e+02 -3.65460097e+02
1.03535354e-05 -2.14646465e-05 9.99999940e+07 3.30841126e+02 -3.82905404e+02
1.08585859e-05 -2.14646465e-05 9.99999991e+07 3.15929107e+02 -3.99400697e+02
1.13636364e-05 -2.14646465e-05 1.00000003e+08 2.98410511e+02 -4.14802554e+02
1.18686869e-05 -2.14646465e-05 1.00000006e+08 2.78411310e+02 -4.28972866e+02
1.23737374e-05 -2.14646465e-05 1.00000009e+08 2.56070436e+02 -4.41777774e+02
1.28787879e-05 -2.14646465e-05 1.00000011e+08 2.31541336e+02 -4.53087523e+02
1.33838384e-05 -2.14646465e-05 1.00000014e+08 2.04993465e+02 -4.62777159e+02
1.38888889e-05 -2.14646465e-05 1.00000016e+08 1.76613522e+02 -4.70727980e+02
1.43939394e-05 -2.14646465e-05 1.00000018e+08 1.46606219e+02 -4.76829596e+02
1.48989899e-05 -2.14646465e-05 1.00000021e+08 1.15194440e+02 -4.80982466e+02
1.54040404e-05 -2.14646465e-05 1.00000024e+08 8.26186941e+01 -4.83100725e+02
1.59090909e-05 -2.14646465e-05 1.00000027e+08 4.91357818e+01 -4.83115128e+02
1.64141414e-05 -2.14646465e-05 1.00000032e+08 1.50166709e+01 -4.80975933e+02
1.69191919e-05 -2.14646465e-05 1.00000037e+08 -1.94563911e+01 -4.76655535e+02
1.74242424e-05 -2.14646465e-05 1.00000042e+08 -5.39934595e+01 -4.70150697e+02
1.79292929e-05 -2.14646465e-05 1.00000049e+08 -8.83010544e+01 -4.61484226e+02
1.84343434e-05 -2.14646465e-05 1.00000056e+08 -1.22086762e+02 -4.50705990e+02
1.89393939e-05 -2.14646465e-05 1.00000064e+08 -1.55064101e+02 -4.37893183e+02
1.94444444e-05 -2.14646465e-05 1.00000072e+08 -1.86957474e+02 -4.23149799e+02
1.99494949e-05 -2.14646465e-05 1.00000081e+08 -2.17507008e+02 -4.06605320e+02
2.04545455e-05 -2.14646465e-05 1.00000090e+08 -2.46473098e+02 -3.88412635e+02
2.09595960e-05 -2.14646465e-05 1.00000099e+08 -2.73640486e+02 -3.68745284e+02
2.14646465e-05 -2.14646465e-05 1.00000109e+08 -2.98821724e+02 -3.47794113e+02
2.19696970e-05 -2.14646465e-05 1.00000119e+08 -3.21859902e+02 -3.25763483e+02
2.24747475e-05 -2.14646465e-05 1.00000128e+08 -3.42630569e+02 -3.02867167e+02
2.29797980e-05 -2.14646465e-05 1.00000137e+08 -3.61042792e+02 -2.79324100e+02
2.34848485e-05 -2.14646465e-05 1.00000146e+08 -3.77039363e+02 -2.55354130e+02
2.39898990e-05 -2.14646465e-05 1.00000154e+08 -3.90596173e+02 -2.31173917e+02
2.44949495e-05 -2.14646465e-05 1.00000162e+08 -4.01720836e+02 -2.06993114e+02
2.50000000e-05 -2.14646465e-05 1.00000169e+08 -4.10450635e+02 -1.83010930e+02
-2.50000000e-05 -2.09595960e-05 9.99999592e+07 1.68628954e+02 3.77433655e+02
-2.44949495e-05 -2.09595960e-05 9.99999592e+07 1.89501220e+02 3.85711052e+02
-2.39898990e-05 -2.09595960e-05 9.99999587e+07 2.11248898e+02 3.93747337e+02
-2.34848485e-05 -2.09595960e-05 9.99999577e+07 2.33894563e+02 4.01509591e+02
-2.29797980e-05 -2.09595960e-05 9.99999562e+07 2.57463439e+02 4.08959945e+02
-2.24747475e-05 -2.09595960e-05 9.99999542e+07 2.81983374e+02 4.16053986e+02
-2.19696970e-05 -2.09595960e-05 9.99999515e+07 3.07484538e+02 4.22738825e+02
-2.14646465e-05 -2.09595960e-05 9.99999483e+07 3.33998711e+02 4.28950839e+02
-2.09595960e-05 -2.09595960e-05 9.99999445e+07 3.61558052e+02 4.34613066e+02
-2.04545455e-05 -2.09595960e-05 9.99999400e+07 3.90193202e+02 4.39632316e+02
-1.99494949e-05 -2.09595960e-05 9.99999349e+07 4.19930584e+02 4.43896042e+02
-1.94444444e-05 -2.09595960e-05 9.99999292e+07 4.50788747e+02 4.47269088e+02
-1.89393939e-05 -2.09595960e-05 9.99999230e+07 4.82773598e+02 4.49590465e+02
-1.84343434e-05 -2.09595960e-05 9.99999163e+07 5.15872428e+02 4.50670364e+02
-1.79292929e-05 -2.09595960e-05 9.99999092e+07 5.50046600e+02 4.50287662e+02
-1.74242424e-05 -2.09595960e-05 9.99999018e+07 5.85222887e+02 4.48188270e+02
-1.69191919e-05 -2.09595960e-05 9.99998944e+07 6.21283478e+02 4.44084722e+02
-1.64141414e-05 -2.09595960e-05 9.99998870e+07 6.58054777e+02 4.37657475e+02
-1.59090909e-05 -2.09595960e-05 9.99998798e+07 6.95295266e+02 4.28558481e+02
-1.54040404e-05 -2.09595960e-05 9.99998732e+07 7.32682866e+02 4.16417627e+02
-1.48989899e-05 -2.09595960e-05 9.99998674e+07 7.69802445e+02 4.00852693e+02
-1.43939394e-05 -2.09595960e-05 9.99998627e+07 8.06134418e+02 3.81483459e+02
-1.38888889e-05 -2.09595960e-05 9.99998593e+07 8.41045670e+02 3.57950534e+02
-1.33838384e-05 -2.09595960e-05 9.99998576e+07 8.73784429e+02 3.29939274e+02
-1.28787879e-05 -2.09595960e-05 9.99998578e+07 9.03481041e+02 2.97208852e+02
-1.23737374e-05 -2.09595960e-05 9.99998601e+07 9.29156928e+02 2.59625993e+02
-1.18686869e-05 -2.09595960e-05 9.99998645e+07 9.49744156e+02 2.17202180e+02
-1.13636364e-05 -2.09595960e-05 9.99998710e+07 9.64117932e+02 1.70132142e+02
-1.08585859e-05 -2.09595960e-05 9.99998796e+07 9.71143821e+02 1.18830335e+02
-1.03535354e-05 -2.09595960e-05 9.99998898e+07 9.69740405e+02 6.39609449e+01
-9.84848485e-06 -2.09595960e-05 9.99999012e+07 9.58956364e+02 6.45596233e+00
-9.34343434e-06 -2.09595960e-05 9.99999131e+07 9.38058621e+02 -5.24846222e+01
-8.83838384e-06 -2.09595960e-05 9.99999246e+07 9.06625346e+02 -1.11416117e+02
-8.33333333e-06 -2.09595960e-05 9.99999349e+07 8.64634763e+02 -1.68700035e+02
-7.82828283e-06 -2.09595960e-05 9.99999428e+07 8.12538371e+02 -2.22583911e+02
-7.32323232e-06 -2.09595960e-05 9.99999475e+07 7.51306186e+02 -2.71307291e+02
-6.81818182e-06 -2.09595960e-05 9.99999480e+07 6.82432552e+02 -3.13226444e+02
-6.31313131e-06 -2.09595960e-05 9.99999439e+07 6.07894480e+02 -3.46945764e+02
-5.80808081e-06 -2.09595960e-05 9.99999347e+07 5.30060134e+02 -3.71440527e+02
-5.30303030e-06 -2.09595960e-05 9.99999205e+07 4.51552262e+02 -3.86154717e+02
-4.79797980e-06 -2.09595960e-05 9.99999018e+07 3.75078791e+02 -3.91059588e+02
-4.29292929e-06 -2.09595960e-05 9.99998793e+07 3.03248685e+02 -3.86663558e+02
-3.78787879e-06 -2.09595960e-05 9.99998542e+07 2.38394241e+02 -3.73970995e+02
-3.28282828e-06 -2.09595960e-05 9.99998277e+07 1.82420318e+02 -3.54395092e+02
-2.77777778e-06 -2.09595960e-05 9.99998015e+07 1.36696759e+02 -3.29636624e+02
-2.27272727e-06 -2.09595960e-05 9.99997768e+07 1.02003412e+02 -3.01544650e+02
-1.76767677e-06 -2.09595960e-05 9.99997550e+07 7.85292775e+01 -2.71976395e+02
-1.26262626e-06 -2.09595960e-05 9.99997372e+07 6.59200163e+01 -2.42671752e+02
-7.57575758e-07 -2.09595960e-05 9.99997241e+07 6.33626610e+01 -2.15153815e+02
-2.52525253e-07 -2.09595960e-05 9.99997163e+07 6.96935355e+01 -1.90661750e+02
2.52525253e-07 -2.09595960e-05 9.99997139e+07 8.35151075e+01 -1.70117161e+02
7.57575758e-07 -2.09595960e-05 9.99997168e+07 1.03309279e+02 -1.54120933e+02
1.26262626e-06 -2.09595960e-05 9.99997246e+07 1.27537680e+02 -1.42974663e+02
1.76767677e-06 -2.09595960e-05 9.99997368e+07 1.54723058e+02 -1.36719433e+02
2.27272727e-06 -2.09595960e-05 9.99997527e+07 1.83509255e+02 -1.35184568e+02
2.77777778e-06 -2.09595960e-05 9.99997715e+07 2.12699976e+02 -1.38039863e+02
3.28282828e-06 -2.09595960e-05 9.99997924e+07 2.41278576e+02 -1.44846129e+02
3.78787879e-06 -2.09595960e-05 9.99998147e+07 2.68412205e+02 -1.55100431e+02
4.29292929e-06 -2.09595960e-05 9.99998376e+07 2.93444135e+02 -1.68273926e+02
4.79797980e-06 -2.09595960e-05 9.99998605e+07 3.15878015e+02 -1.83841402e+02
5.30303030e-06 -2.09595960e-05 9.99998828e+07 3.35357394e+02 -2.01302630e+02
5.80808081e-06 -2.09595960e-05 9.99999041e+07 3.51643247e+02 -2.20196240e+02
6.31313131e-06 -2.09595960e-05 9.99999240e+07 3.64591610e+02 -2.40107242e+02
6.81818182e-06 -2.09595960e-05 9.99999422e+07 3.74132784e+02 -2.60669451e+02
7.32323232e-06 -2.09595960e-05 9.99999586e+07 3.80253026e+02 -2.81564087e+02
7.82828283e-06 -2.09595960e-05 9.99999731e+07 3.82979238e+02 -3.02515724e+02
8.33333333e-06 -2.09595960e-05 9.99999856e+07 3.82366779e+02 -3.23286591e+02
8.83838384e-06 -2.09595960e-05 9.99999962e+07 3.78490322e+02 -3.43670070e+02
9.34343434e-06 -2.09595960e-05 1.00000005e+08 3.71437514e+02 -3.63484062e+02
9.84848485e-06 -2.09595960e-05 1.00000012e+08 3.61305080e+02 -3.82564700e+02
1.03535354e-05 -2.09595960e-05 1.00000018e+08 3.48196989e+02 -4.00760791e+02
1.08585859e-05 -2.09595960e-05 1.00000022e+08 3.32224263e+02 -4.17929218e+02
1.13636364e-05 -2.09595960e-05 1.00000025e+08 3.13506027e+02 -4.33931448e+02
1.18686869e-05 -2.09595960e-05 1.00000027e+08 2.92171402e+02 -4.48631223e+02
1.23737374e-05 -2.09595960e-05 1.00000029e+08 2.68361886e+02 -4.61893423e+02
1.28787879e-05 -2.09595960e-05 1.00000030e+08 2.42233893e+02 -4.73584060e+02
1.33838384e-05 -2.09595960e-05 1.00000031e+08 2.13961132e+02 -4.83571312e+02
1.38888889e-05 -2.09595960e-05 1.00000032e+08 1.83736607e+02 -4.91727458e+02
1.43939394e-05 -2.09595960e-05 1.00000033e+08 1.51773976e+02 -4.97931557e+02
1.48989899e-05 -2.09595960e-05 1.00000035e+08 1.18308141e+02 -5.02072689e+02
1.54040404e-05 -2.09595960e-05 1.00000037e+08 8.35949149e+01 -5.04053538e+02
1.59090909e-05 -2.09595960e-05 1.00000040e+08 4.79097203e+01 -5.03794121e+02
1.64141414e-05 -2.09595960e-05 1.00000043e+08 1.15452881e+01 -5.01235417e+02
1.69191919e-05 -2.09595960e-05 1.00000048e+08 -2.51915955e+01 -4.96342703e+02
1.74242424e-05 -2.09595960e-05 1.00000053e+08 -6.19842055e+01 -4.89108393e+02
1.79292929e-05 -2.09595960e-05 1.00000059e+08 -9.85107208e+01 -4.79554192e+02
1.84343434e-05 -2.09595960e-05 1.00000066e+08 -1.34449612e+02 -4.67732448e+02
1.89393939e-05 -2.09595960e-05 1.00000074e+08 -1.69485366e+02 -4.53726586e+02
1.94444444e-05 -2.09595960e-05 1.00000082e+08 -2.03314320e+02 -4.37650585e+02
1.99494949e-05 -2.09595960e-05 1.00000091e+08 -2.35650360e+02 -4.19647490e+02
2.04545455e-05 -2.09595960e-05 1.00000101e+08 -2.66230273e+02 -3.99887001e+02
2.09595960e-05 -2.09595960e-05 1.00000110e+08 -2.94818516e+02 -3.78562245e+02
2.14646465e-05 -2.09595960e-05 1.00000120e+08 -3.21211255e+02 -3.55885852e+02
2.19696970e-05 -2.09595960e-05 1.00000130e+08 -3.45239502e+02 -3.32085490e+02
2.24747475e-05 -2.09595960e-05 1.00000140e+08 -3.66771278e+02 -3.07399061e+02
2.29797980e-05 -2.09595960e-05 1.00000149e+08 -3.85712743e+02 -2.82069727e+02
2.34848485e-05 -2.09595960e-05 1.00000158e+08 -4.02008306e+02 -2.56340968e+02
2.39898990e-05 -2.09595960e-05 1.00000166e+08 -4.15639752e+02 -2.30451836e+02
2.44949495e-05 -2.09595960e-05 1.00000174e+08 -4.26624483e+02 -2.04632579e+02
2.50000000e-05 -2.09595960e-05 1.00000181e+08 -4.35012976e+02 -1.79100744e+02
-2.50000000e-05 -2.04545455e-05 9.99999616e+07 1.59941247e+02 3.82775734e+02
-2.44949495e-05 -2.04545455e-05 9.99999616e+07 1.81018021e+02 3.91669704e+02
-2.39898990e-05 -2.04545455e-05 9.99999611e+07 2.02997905e+02 4.00368640e+02
-2.34848485e-05 -2.04545455e-05 9.99999601e+07 2.25907291e+02 4.08846642e+02
-2.29797980e-05 -2.04545455e-05 9.99999585e+07 2.49776682e+02 4.17073775e+02
-2.24747475e-05 -2.04545455e-05 9.99999562e+07 2.74641034e+02 4.25014393e+02
-2.19696970e-05 -2.04545455e-05 9.99999533e+07 3.00539831e+02 4.32625044e+02
-2.14646465e-05 -2.04545455e-05 9.99999497e+07 3.27516768e+02 4.39851933e+02
-2.09595960e-05 -2.04545455e-05 9.99999453e+07 3.55618906e+02 4.46627930e+02
-2.04545455e-05 -2.04545455e-05 9.99999402e+07 3.84895124e+02 4.52869140e+02
-1.99494949e-05 -2.04545455e-05 9.99999343e+07 4.15393681e+02 4.58471069e+02
-1.94444444e-05 -2.04545455e-05 9.99999277e+07 4.47158708e+02 4.63304500e+02
-1.89393939e-05 -2.04545455e-05 9.99999204e+07 4.80225416e+02 4.67211193e+02
-1.84343434e-05 -2.04545455e-05 9.99999124e+07 5.14613840e+02 4.69999648e+02
-1.79292929e-05 -2.04545455e-05 9.99999038e+07 5.50320957e+02 4.71441180e+02
-1.74242424e-05 -2.04545455e-05 9.99998948e+07 5.87311058e+02 4.71266676e+02
-1.69191919e-05 -2.04545455e-05 9.99998855e+07 6.25504318e+02 4.69164491e+02
-1.64141414e-05 -2.04545455e-05 9.99998760e+07 6.64763606e+02 4.64780007e+02
-1.59090909e-05 -2.04545455e-05 9.99998667e+07 7.04879712e+02 4.57717526e+02
-1.54040404e-05 -2.04545455e-05 9.99998578e+07 7.45555362e+02 4.47545237e+02
-1.48989899e-05 -2.04545455e-05 9.99998496e+07 7.86388608e+02 4.33804124e+02
-1.43939394e-05 -2.04545455e-05 9.99998424e+07 8.26856539e+02 4.16021704e+02
-1.38888889e-05 -2.04545455e-05 9.99998367e+07 8.66300646e+02 3.93731540e+02
-1.33838384e-05 -2.04545455e-05 9.99998327e+07 9.03915674e+02 3.66499300e+02
-1.28787879e-05 -2.04545455e-05 9.99998309e+07 9.38744341e+02 3.33955899e+02
-1.23737374e-05 -2.04545455e-05 9.99998314e+07 9.69680856e+02 2.95837687e+02
-1.18686869e-05 -2.04545455e-05 9.99998346e+07 9.95486614e+02 2.52032810e+02
-1.13636364e-05 -2.04545455e-05 9.99998404e+07 1.01482161e+03 2.02631661e+02
-1.08585859e-05 -2.04545455e-05 9.99998487e+07 1.02629479e+03 1.47977749e+02
-1.03535354e-05 -2.04545455e-05 9.99998594e+07 1.02853549e+03 8.87135875e+01
-9.84848485e-06 -2.04545455e-05 9.99998718e+07 1.02028614e+03 2.58144435e+01
-9.34343434e-06 -2.04545455e-05 9.99998853e+07 1.00051327e+03 -3.93984437e+01
-8.83838384e-06 -2.04545455e-05 9.99998988e+07 9.68529887e+02 -1.05273782e+02
-8.33333333e-06 -2.04545455e-05 9.99999113e+07 9.24118044e+02 -1.69882498e+02
-7.82828283e-06 -2.04545455e-05 9.99999215e+07 8.67635983e+02 -2.31110143e+02
-7.32323232e-06 -2.04545455e-05 9.99999282e+07 8.00092299e+02 -2.86787757e+02
-6.81818182e-06 -2.04545455e-05 9.99999304e+07 7.23169600e+02 -3.34852552e+02
-6.31313131e-06 -2.04545455e-05 9.99999271e+07 6.39184316e+02 -3.73522634e+02
-5.80808081e-06 -2.04545455e-05 9.99999180e+07 5.50977125e+02 -4.01464351e+02
-5.30303030e-06 -2.04545455e-05 9.99999030e+07 4.61739010e+02 -4.17928619e+02
-4.79797980e-06 -2.04545455e-05 9.99998827e+07 3.74789255e+02 -4.22834829e+02
-4.29292929e-06 -2.04545455e-05 9.99998580e+07 2.93330943e+02 -4.16787935e+02
-3.78787879e-06 -2.04545455e-05 9.99998303e+07 2.20214482e+02 -4.01024714e+02
-3.28282828e-06 -2.04545455e-05 9.99998012e+07 1.57738744e+02 -3.77296632e+02
-2.77777778e-06 -2.04545455e-05 9.99997726e+07 1.07512937e+02 -3.47706664e+02
-2.27272727e-06 -2.04545455e-05 9.99997461e+07 7.03918507e+01 -3.14523497e+02
-1.76767677e-06 -2.04545455e-05 9.99997233e+07 4.64852546e+01 -2.79997799e+02
-1.26262626e-06 -2.04545455e-05 9.99997054e+07 3.52316645e+01 -2.46201940e+02
-7.57575758e-07 -2.04545455e-05 9.99996933e+07 3.55193061e+01 -2.14908083e+02
-2.52525253e-07 -2.04545455e-05 9.99996876e+07 4.58338021e+01 -1.87511791e+02
2.52525253e-07 -2.04545455e-05 9.99996882e+07 6.44126429e+01 -1.65000919e+02
7.57575758e-07 -2.04545455e-05 9.99996949e+07 8.93898711e+01 -1.47963917e+02
1.26262626e-06 -2.04545455e-05 9.99997072e+07 1.18919336e+02 -1.36628217e+02
1.76767677e-06 -2.04545455e-05 9.99997243e+07 1.51270108e+02 -1.30918149e+02
2.27272727e-06 -2.04545455e-05 9.99997453e+07 1.84892304e+02 -1.30522328e+02
2.77777778e-06 -2.04545455e-05 9.99997692e+07 2.18455116e+02 -1.34962132e+02
3.28282828e-06 -2.04545455e-05 9.99997951e+07 2.50861117e+02 -1.43655064e+02
3.78787879e-06 -2.04545455e-05 9.99998221e+07 2.81242062e+02 -1.55969093e+02
4.29292929e-06 -2.04545455e-05 9.99998494e+07 3.08941582e+02 -1.71266010e+02
4.79797980e-06 -2.04545455e-05 9.99998761e+07 3.33489743e+02 -1.88933478e+02
5.30303030e-06 -2.04545455e-05 9.99999018e+07 3.54573657e+02 -2.08406498e+02
5.80808081e-06 -2.04545455e-05 9.99999260e+07 3.72007374e+02 -2.29179711e+02
6.31313131e-06 -2.04545455e-05 9.99999481e+07 3.85703364e+02 -2.50812278e+02
6.81818182e-06 -2.04545455e-05 9.99999681e+07 3.95647090e+02 -2.72927096e+02
7.32323232e-06 -2.04545455e-05 9.99999858e+07 4.01875456e+02 -2.95206028e+02
7.82828283e-06 -2.04545455e-05 1.00000001e+08 4.04459467e+02 -3.17382588e+02
8.33333333e-06 -2.04545455e-05 1.00000014e+08 4.03491006e+02 -3.39233273e+02
8.83838384e-06 -2.04545455e-05 1.00000025e+08 3.99073447e+02 -3.60568479e+02
9.34343434e-06 -2.04545455e-05 1.00000033e+08 3.91315654e+02 -3.81223715e+02
9.84848485e-06 -2.04545455e-05 1.00000039e+08 3.80328858e+02 -4.01051605e+02
1.03535354e-05 -2.04545455e-05 1.00000044e+08 3.66225873e+02 -4.19915032e+02
1.08585859e-05 -2.04545455e-05 1.00000047e+08 3.49122139e+02 -4.37681633e+02
1.13636364e-05 -2.04545455e-05 1.00000049e+08 3.29138083e+02 -4.54219740e+02
1.18686869e-05 -2.04545455e-05 1.00000050e+08 3.06402347e+02 -4.69395821e+02
1.23737374e-05 -2.04545455e-05 1.00000050e+08 2.81055456e+02 -4.83073364e+02
1.28787879e-05 -2.04545455e-05 1.00000050e+08 2.53253554e+02 -4.95113133e+02
1.33838384e-05 -2.04545455e-05 1.00000050e+08 2.23171860e+02 -5.05374670e+02
1.38888889e-05 -2.04545455e-05 1.00000049e+08 1.91007563e+02 -5.13718866e+02
1.43939394e-05 -2.04545455e-05 1.00000049e+08 1.56981902e+02 -5.20011423e+02
1.48989899e-05 -2.04545455e-05 1.00000050e+08 1.21341249e+02 -5.24126963e+02
1.54040404e-05 -2.04545455e-05 1.00000051e+08 8.43570359e+01 -5.25953550e+02
1.59090909e-05 -2.04545455e-05 1.00000053e+08 4.63244783e+01 -5.25397367e+02
1.64141414e-05 -2.04545455e-05 1.00000056e+08 7.56005110e+00 -5.22387271e+02
1.69191919e-05 -2.04545455e-05 1.00000060e+08 -3.16022124e+01 -5.16878979e+02
1.74242424e-05 -2.04545455e-05 1.00000064e+08 -7.08154941e+01 -5.08858636e+02
1.79292929e-05 -2.04545455e-05 1.00000070e+08 -1.09725864e+02 -4.98345566e+02
1.84343434e-05 -2.04545455e-05 1.00000077e+08 -1.47978629e+02 -4.85394019e+02
1.89393939e-05 -2.04545455e-05 1.00000085e+08 -1.85225108e+02 -4.70093815e+02
1.94444444e-05 -2.04545455e-05 1.00000093e+08 -2.21129530e+02 -4.52569806e+02
1.99494949e-05 -2.04545455e-05 1.00000102e+08 -2.55375789e+02 -4.32980177e+02
2.04545455e-05 -2.04545455e-05 1.00000112e+08 -2.87673757e+02 -4.11513625e+02
2.09595960e-05 -2.04545455e-05 1.00000122e+08 -3.17764896e+02 -3.88385547e+02
2.14646465e-05 -2.04545455e-05 1.00000132e+08 -3.45426970e+02 -3.63833400e+02
2.19696970e-05 -2.04545455e-05 1.00000142e+08 -3.70477661e+02 -3.38111434e+02
2.24747475e-05 -2.04545455e-05 1.00000152e+08 -3.92777005e+02 -3.11485019e+02
2.29797980e-05 -2.04545455e-05 1.00000162e+08 -4.12228579e+02 -2.84224808e+02
2.34848485e-05 -2.04545455e-05 1.00000171e+08 -4.28779469e+02 -2.56600968e+02
2.39898990e-05 -2.04545455e-05 1.00000179e+08 -4.42419065e+02 -2.28877675e+02
2.44949495e-05 -2.04545455e-05 1.00000187e+08 -4.53176817e+02 -2.01308092e+02
2.50000000e-05 -2.04545455e-05 1.00000194e+08 -4.61119096e+02 -1.74129940e+02
-2.50000000e-05 -1.99494949e-05 9.99999648e+07 1.50670989e+02 3.87499653e+02
-2.44949495e-05 -1.99494949e-05 9.99999649e+07 1.71909730e+02 3.96982033e+02
-2.39898990e-05 -1.99494949e-05 9.99999645e+07 1.94072311e+02 4.06314900e+02
-2.34848485e-05 -1.99494949e-05 9.99999634e+07 2.17187832e+02 4.15480352e+02
-2.29797980e-05 -1.99494949e-05 9.99999618e+07 2.41290996e+02 4.24457746e+02
-2.24747475e-05 -1.99494949e-05 9.99999594e+07 2.66422871e+02 4.33221993e+02
-2.19696970e-05 -1.99494949e-05 9.99999562e+07 2.92631450e+02 4.41741357e+02
-2.14646465e-05 -1.99494949e-05 9.99999523e+07 3.19971847e+02 4.49974711e+02
-2.09595960e-05 -1.99494949e-05 9.99999475e+07 3.48505976e+02 4.57868182e+02
-2.04545455e-05 -1.99494949e-05 9.99999418e+07 3.78301521e+02 4.65351206e+02
-1.99494949e-05 -1.99494949e-05 9.99999352e+07 4.09429952e+02 4.72331988e+02
-1.94444444e-05 -1.99494949e-05 9.99999276e+07 4.41963364e+02 4.78692440e+02
-1.89393939e-05 -1.99494949e-05 9.99999192e+07 4.75969874e+02 4.84282736e+02
-1.84343434e-05 -1.99494949e-05 9.99999099e+07 5.11507312e+02 4.88915653e+02
-1.79292929e-05 -1.99494949e-05 9.99998998e+07 5.48614965e+02 4.92360996e+02
-1.74242424e-05 -1.99494949e-05 9.99998890e+07 5.87303166e+02 4.94340466e+02
-1.69191919e-05 -1.99494949e-05 9.99998776e+07 6.27540562e+02 4.94523438e+02
-1.64141414e-05 -1.99494949e-05 9.99998659e+07 6.69238994e+02 4.92524260e+02
-1.59090909e-05 -1.99494949e-05 9.99998541e+07 7.12236035e+02 4.87901805e+02
-1.54040404e-05 -1.99494949e-05 9.99998425e+07 7.56275412e+02 4.80162166e+02
-1.48989899e-05 -1.99494949e-05 9.99998315e+07 8.00985798e+02 4.68765554e+02
-1.43939394e-05 -1.99494949e-05 9.99998215e+07 8.45858821e+02 4.53138627e+02
-1.38888889e-05 -1.99494949e-05 9.99998128e+07 8.90227604e+02 4.32693577e+02
-1.33838384e-05 -1.99494949e-05 9.99998060e+07 9.33247806e+02 4.06855325e+02
-1.28787879e-05 -1.99494949e-05 9.99998015e+07 9.73883913e+02 3.75098010e+02
-1.23737374e-05 -1.99494949e-05 9.99997997e+07 1.01090438e+03 3.36991481e+02
-1.18686869e-05 -1.99494949e-05 9.99998010e+07 1.04289009e+03 2.92257582e+02
-1.13636364e-05 -1.99494949e-05 9.99998055e+07 1.06826133e+03 2.40834612e+02
-1.08585859e-05 -1.99494949e-05 9.99998132e+07 1.08532835e+03 1.82946248e+02
-1.03535354e-05 -1.99494949e-05 9.99998240e+07 1.09237006e+03 1.19168696e+02
-9.84848485e-06 -1.99494949e-05 9.99998373e+07 1.08774312e+03 5.04870079e+01
-9.34343434e-06 -1.99494949e-05 9.99998524e+07 1.07001980e+03 -2.16709684e+01
-8.83838384e-06 -1.99494949e-05 9.99998681e+07 1.03814765e+03 -9.54358476e+01
-8.33333333e-06 -1.99494949e-05 9.99998832e+07 9.91617375e+02 -1.68545195e+02
-7.82828283e-06 -1.99494949e-05 9.99998961e+07 9.30618346e+02 -2.38447392e+02
-7.32323232e-06 -1.99494949e-05 9.99999054e+07 8.56156604e+02 -3.02461752e+02
-6.81818182e-06 -1.99494949e-05 9.99999095e+07 7.70108716e+02 -3.57985641e+02
-6.31313131e-06 -1.99494949e-05 9.99999075e+07 6.75189586e+02 -4.02728145e+02
-5.80808081e-06 -1.99494949e-05 9.99998986e+07 5.74822884e+02 -4.34940291e+02
-5.30303030e-06 -1.99494949e-05 9.99998827e+07 4.72918432e+02 -4.53607090e+02
-4.79797980e-06 -1.99494949e-05 9.99998606e+07 3.73578324e+02 -4.58569040e+02
-4.29292929e-06 -1.99494949e-05 9.99998333e+07 2.80768366e+02 -4.50550710e+02
-3.78787879e-06 -1.99494949e-05 9.99998025e+07 1.97999505e+02 -4.31089729e+02
-3.28282828e-06 -1.99494949e-05 9.99997703e+07 1.28062683e+02 -4.02377093e+02
-2.77777778e-06 -1.99494949e-05 9.99997389e+07 7.28503949e+01 -3.67034734e+02
-2.27272727e-06 -1.99494949e-05 9.99997104e+07 3.32819254e+01 -3.27865062e+02
-1.76767677e-06 -1.99494949e-05 9.99996866e+07 9.33115934e+00 -2.87608247e+02
-1.26262626e-06 -1.99494949e-05 9.99996690e+07 1.40386039e-01 -2.48737012e+02
-7.57575758e-07 -1.99494949e-05 9.99996585e+07 4.19351338e+00 -2.13308234e+02
-2.52525253e-07 -1.99494949e-05 9.99996556e+07 1.95186408e+01 -1.82878753e+02
2.52525253e-07 -1.99494949e-05 9.99996602e+07 4.38921818e+01 -1.58482300e+02
7.57575758e-07 -1.99494949e-05 9.99996718e+07 7.50228286e+01 -1.40656923e+02
1.26262626e-06 -1.99494949e-05 9.99996896e+07 1.10701443e+02 -1.29508440e+02
1.76767677e-06 -1.99494949e-05 9.99997126e+07 1.48910611e+02 -1.24794744e+02
2.27272727e-06 -1.99494949e-05 9.99997397e+07 1.87893883e+02 -1.26017436e+02
2.77777778e-06 -1.99494949e-05 9.99997696e+07 2.26189133e+02 -1.32510289e+02
3.28282828e-06 -1.99494949e-05 9.99998013e+07 2.62632917e+02 -1.43517373e+02
3.78787879e-06 -1.99494949e-05 9.99998336e+07 2.96343591e+02 -1.58256936e+02
4.29292929e-06 -1.99494949e-05 9.99998656e+07 3.26690610e+02 -1.75969692e+02
4.79797980e-06 -1.99494949e-05 9.99998966e+07 3.53256440e+02 -1.95952091e+02
5.30303030e-06 -1.99494949e-05 9.99999258e+07 3.75796124e+02 -2.17576310e+02
5.80808081e-06 -1.99494949e-05 9.99999529e+07 3.94198180e+02 -2.40299354e+02
6.31313131e-06 -1.99494949e-05 9.99999773e+07 4.08449225e+02 -2.63663750e+02
6.81818182e-06 -1.99494949e-05 9.99999990e+07 4.18603671e+02 -2.87292263e+02
7.32323232e-06 -1.99494949e-05 1.00000018e+08 4.24759057e+02 -3.10878709e+02
7.82828283e-06 -1.99494949e-05 1.00000034e+08 4.27037005e+02 -3.34176588e+02
8.33333333e-06 -1.99494949e-05 1.00000047e+08 4.25569420e+02 -3.56986889e+02
8.83838384e-06 -1.99494949e-05 1.00000057e+08 4.20489360e+02 -3.79146066e+02
9.34343434e-06 -1.99494949e-05 1.00000065e+08 4.11925881e+02 -4.00514887e+02
9.84848485e-06 -1.99494949e-05 1.00000070e+08 4.00002161e+02 -4.20968629e+02
1.03535354e-05 -1.99494949e-05 1.00000074e+08 3.84836207e+02 -4.40388912e+02
1.08585859e-05 -1.99494949e-05 1.00000076e+08 3.66543523e+02 -4.58657319e+02
1.13636364e-05 -1.99494949e-05 1.00000076e+08 3.45241127e+02 -4.75650867e+02
1.18686869e-05 -1.99494949e-05 1.00000075e+08 3.21052416e+02 -4.91239291e+02
1.23737374e-05 -1.99494949e-05 1.00000074e+08 2.94112392e+02 -5.05284084e+02
1.28787879e-05 -1.99494949e-05 1.00000072e+08 2.64572821e+02 -5.17639162e+02
1.33838384e-05 -1.99494949e-05 1.00000070e+08 2.32606963e+02 -5.28152983e+02
1.38888889e-05 -1.99494949e-05 1.00000068e+08 1.98413528e+02 -5.36671939e+02
1.43939394e-05 -1.99494949e-05 1.00000067e+08 1.62219599e+02 -5.43044777e+02
1.48989899e-05 -1.99494949e-05 1.00000066e+08 1.24282285e+02 -5.47127781e+02
1.54040404e-05 -1.99494949e-05 1.00000066e+08 8.48889610e+01 -5.48790431e+02
1.59090909e-05 -1.99494949e-05 1.00000067e+08 4.43559966e+01 -5.47921235e+02
1.64141414e-05 -1.99494949e-05 1.00000068e+08 3.02595987e+00 -5.44433402e+02
1.69191919e-05 -1.99494949e-05 1.00000072e+08 -3.87366376e+01 -5.38270059e+02
1.74242424e-05 -1.99494949e-05 1.00000076e+08 -8.05509179e+01 -5.29408715e+02
1.79292929e-05 -1.99494949e-05 1.00000081e+08 -1.22026325e+02 -5.17864716e+02
1.84343434e-05 -1.99494949e-05 1.00000088e+08 -1.62770154e+02 -5.03693485e+02
1.89393939e-05 -1.99494949e-05 1.00000095e+08 -2.02395593e+02 -4.86991399e+02
1.94444444e-05 -1.99494949e-05 1.00000104e+08 -2.40529939e+02 -4.67895242e+02
1.99494949e-05 -1.99494949e-05 1.00000113e+08 -2.76822623e+02 -4.46580224e+02
2.04545455e-05 -1.99494949e-05 1.00000123e+08 -3.10952686e+02 -4.23256650e+02
2.09595960e-05 -1.99494949e-05 1.00000133e+08 -3.42635411e+02 -3.98165392e+02
2.14646465e-05 -1.99494949e-05 1.00000144e+08 -3.71627826e+02 -3.71572371e+02
2.19696970e-05 -1.99494949e-05 1.00000154e+08 -3.97732884e+02 -3.43762293e+02
2.24747475e-05 -1.99494949e-05 1.00000165e+08 -4.20802194e+02 -3.15031938e+02
2.29797980e-05 -1.99494949e-05 1.00000175e+08 -4.40737247e+02 -2.85683276e+02
2.34848485e-05 -1.99494949e-05 1.00000184e+08 -4.57489170e+02 -2.56016702e+02
2.39898990e-05 -1.99494949e-05 1.00000193e+08 -4.71057091e+02 -2.26324653e+02
2.44949495e-05 -1.99494949e-05 1.00000201e+08 -4.81485279e+02 -1.96885814e+02
2.50000000e-05 -1.99494949e-05 1.00000208e+08 -4.88859244e+02 -1.67960106e+02
-2.50000000e-05 -1.94444444e-05 9.99999688e+07 1.40850230e+02 3.91550022e+02
-2.44949495e-05 -1.94444444e-05 9.99999691e+07 1.62210154e+02 4.01582984e+02
-2.39898990e-05 -1.94444444e-05 9.99999688e+07 1.84506947e+02 4.11509627e+02
-2.34848485e-05 -1.94444444e-05 9.99999678e+07 2.07770964e+02 4.21320856e+02
-2.29797980e-05 -1.94444444e-05 9.99999662e+07 2.32039595e+02 4.31006522e+02
-2.24747475e-05 -1.94444444e-05 9.99999638e+07 2.57358533e+02 4.40553783e+02
-2.19696970e-05 -1.94444444e-05 9.99999605e+07 2.83782903e+02 4.49944890e+02
-2.14646465e-05 -1.94444444e-05 9.99999563e+07 3.11378105e+02 4.59154298e+02
-2.09595960e-05 -1.94444444e-05 9.99999511e+07 3.40220180e+02 4.68145043e+02
-2.04545455e-05 -1.94444444e-05 9.99999449e+07 3.70395478e+02 4.76864320e+02
-1.99494949e-05 -1.94444444e-05 9.99999376e+07 4.01999354e+02 4.85238269e+02
-1.94444444e-05 -1.94444444e-05 9.99999292e+07 4.35133606e+02 4.93165973e+02
-1.89393939e-05 -1.94444444e-05 9.99999197e+07 4.69902326e+02 5.00512791e+02
-1.84343434e-05 -1.94444444e-05 9.99999090e+07 5.06405816e+02 5.07103174e+02
-1.79292929e-05 -1.94444444e-05 9.99998974e+07 5.44732252e+02 5.12713243e+02
-1.74242424e-05 -1.94444444e-05 9.99998847e+07 5.84946768e+02 5.17063467e+02
-1.69191919e-05 -1.94444444e-05 9.99998712e+07 6.27077679e+02 5.19811939e+02
-1.64141414e-05 -1.94444444e-05 9.99998570e+07 6.71099625e+02 5.20548861e+02
-1.59090909e-05 -1.94444444e-05 9.99998425e+07 7.16913524e+02 5.18793037e+02
-1.54040404e-05 -1.94444444e-05 9.99998279e+07 7.64323357e+02 5.13991365e+02
-1.48989899e-05 -1.94444444e-05 9.99998136e+07 8.13010061e+02 5.05522587e+02
-1.43939394e-05 -1.94444444e-05 9.99998001e+07 8.62503153e+02 4.92706799e+02
-1.38888889e-05 -1.94444444e-05 9.99997879e+07 9.12151250e+02 4.74822548e+02
-1.33838384e-05 -1.94444444e-05 9.99997776e+07 9.61093415e+02 4.51133514e+02
-1.28787879e-05 -1.94444444e-05 9.99997697e+07 1.00823425e+03 4.20926854e+02
-1.23737374e-05 -1.94444444e-05 9.99997648e+07 1.05222701e+03 3.83565003e+02
-1.18686869e-05 -1.94444444e-05 9.99997635e+07 1.09147028e+03 3.38551902e+02
-1.13636364e-05 -1.94444444e-05 9.99997659e+07 1.12412537e+03 2.85613055e+02
-1.08585859e-05 -1.94444444e-05 9.99997724e+07 1.14816223e+03 2.24786292e+02
-1.03535354e-05 -1.94444444e-05 9.99997829e+07 1.16144169e+03 1.56516577e+02
-9.84848485e-06 -1.94444444e-05 9.99997968e+07 1.16183979e+03 8.17439378e+01
-9.34343434e-06 -1.94444444e-05 9.99998134e+07 1.14741584e+03 1.96915313e+00
-8.83838384e-06 -1.94444444e-05 9.99998315e+07 1.11661825e+03 -8.07214354e+01
-8.33333333e-06 -1.94444444e-05 9.99998496e+07 1.06851260e+03 -1.63691283e+02
-7.82828283e-06 -1.94444444e-05 9.99998657e+07 1.00300574e+03 -2.43864695e+02
-7.32323232e-06 -1.94444444e-05 9.99998781e+07 9.21029763e+02 -3.17919791e+02
-6.81818182e-06 -1.94444444e-05 9.99998847e+07 8.24646088e+02 -3.82555029e+02
-6.31313131e-06 -1.94444444e-05 9.99998843e+07 7.17033291e+02 -4.34803375e+02
-5.80808081e-06 -1.94444444e-05 9.99998758e+07 6.02337245e+02 -4.72352025e+02
-5.30303030e-06 -1.94444444e-05 9.99998590e+07 4.85385056e+02 -4.93816158e+02
-4.79797980e-06 -1.94444444e-05 9.99998347e+07 3.71291819e+02 -4.98916993e+02
-4.29292929e-06 -1.94444444e-05 9.99998043e+07 2.65013259e+02 -4.88528788e+02
-3.78787879e-06 -1.94444444e-05 9.99997698e+07 1.70910778e+02 -4.64583606e+02
-3.28282828e-06 -1.94444444e-05 9.99997340e+07 9.23937965e+01 -4.29850225e+02
-2.77777778e-06 -1.94444444e-05 9.99996994e+07 3.16879447e+01 -3.87626735e+02
-2.27272727e-06 -1.94444444e-05 9.99996688e+07 -1.02482061e+01 -3.41399155e+02
-1.76767677e-06 -1.94444444e-05 9.99996442e+07 -3.36631829e+01 -2.94518489e+02
-1.26262626e-06 -1.94444444e-05 9.99996273e+07 -3.98375316e+01 -2.49937781e+02
-7.57575758e-07 -1.94444444e-05 9.99996192e+07 -3.08350229e+01 -2.10033617e+02
-2.52525253e-07 -1.94444444e-05 9.99996202e+07 -9.22436910e+00 -1.76518371e+02
2.52525253e-07 -1.94444444e-05 9.99996299e+07 2.21899800e+01 -1.50434510e+02
7.57575758e-07 -1.94444444e-05 9.99996476e+07 6.06000587e+01 -1.32212734e+02
1.26262626e-06 -1.94444444e-05 9.99996723e+07 1.03373873e+02 -1.21771798e+02
1.76767677e-06 -1.94444444e-05 9.99997024e+07 1.48177364e+02 -1.18638612e+02
2.27272727e-06 -1.94444444e-05 9.99997367e+07 1.93042322e+02 -1.22070832e+02
2.77777778e-06 -1.94444444e-05 9.99997736e+07 2.36388888e+02 -1.31169202e+02
3.28282828e-06 -1.94444444e-05 9.99998118e+07 2.77013584e+02 -1.44971932e+02
3.78787879e-06 -1.94444444e-05 9.99998501e+07 3.14054017e+02 -1.62527767e+02
4.29292929e-06 -1.94444444e-05 9.99998873e+07 3.46940153e+02 -1.82947661e+02
4.79797980e-06 -1.94444444e-05 9.99999228e+07 3.75340173e+02 -2.05437111e+02
5.30303030e-06 -1.94444444e-05 9.99999557e+07 3.99106785e+02 -2.29312349e+02
5.80808081e-06 -1.94444444e-05 9.99999856e+07 4.18227900e+02 -2.54004008e+02
6.31313131e-06 -1.94444444e-05 1.00000012e+08 4.32783940e+02 -2.79051752e+02
6.81818182e-06 -1.94444444e-05 1.00000035e+08 4.42912755e+02 -3.04092950e+02
7.32323232e-06 -1.94444444e-05 1.00000055e+08 4.48782256e+02 -3.28847932e+02
7.82828283e-06 -1.94444444e-05 1.00000071e+08 4.50570291e+02 -3.53103774e+02
8.33333333e-06 -1.94444444e-05 1.00000084e+08 4.48450957e+02 -3.76698078e+02
8.83838384e-06 -1.94444444e-05 1.00000094e+08 4.42586409e+02 -3.99503711e+02
9.34343434e-06 -1.94444444e-05 1.00000100e+08 4.33123195e+02 -4.21415180e+02
9.84848485e-06 -1.94444444e-05 1.00000105e+08 4.20192197e+02 -4.42337009e+02
1.03535354e-05 -1.94444444e-05 1.00000107e+08 4.03911335e+02 -4.62174326e+02
1.08585859e-05 -1.94444444e-05 1.00000107e+08 3.84390278e+02 -4.80825723e+02
1.13636364e-05 -1.94444444e-05 1.00000105e+08 3.61736502e+02 -4.98178374e+02
1.18686869e-05 -1.94444444e-05 1.00000103e+08 3.36062111e+02 -5.14105324e+02
1.23737374e-05 -1.94444444e-05 1.00000100e+08 3.07490893e+02 -5.28464840e+02
1.28787879e-05 -1.94444444e-05 1.00000096e+08 2.76165158e+02 -5.41101641e+02
1.33838384e-05 -1.94444444e-05 1.00000092e+08 2.42251943e+02 -5.51849832e+02
1.38888889e-05 -1.94444444e-05 1.00000088e+08 2.05948212e+02 -5.60537303e+02
1.43939394e-05 -1.94444444e-05 1.00000085e+08 1.67484748e+02 -5.66991314e+02
1.48989899e-05 -1.94444444e-05 1.00000082e+08 1.27128488e+02 -5.71044982e+02
1.54040404e-05 -1.94444444e-05 1.00000081e+08 8.51831038e+01 -5.72544308e+02
1.59090909e-05 -1.94444444e-05 1.00000081e+08 4.19877347e+01 -5.71355395e+02
1.64141414e-05 -1.94444444e-05 1.00000082e+08 -2.08614861e+00 -5.67371478e+02
1.69191919e-05 -1.94444444e-05 1.00000084e+08 -4.66396777e+01 -5.60519386e+02
1.74242424e-05 -1.94444444e-05 1.00000087e+08 -9.12531466e+01 -5.50765086e+02
1.79292929e-05 -1.94444444e-05 1.00000092e+08 -1.35493942e+02 -5.38117994e+02
1.84343434e-05 -1.94444444e-05 1.00000099e+08 -1.78925509e+02 -5.22633803e+02
1.89393939e-05 -1.94444444e-05 1.00000106e+08 -2.21116955e+02 -5.04415644e+02
1.94444444e-05 -1.94444444e-05 1.00000115e+08 -2.61652864e+02 -4.83613504e+02
1.99494949e-05 -1.94444444e-05 1.00000124e+08 -3.00142861e+02 -4.60421894e+02
2.04545455e-05 -1.94444444e-05 1.00000135e+08 -3.36230520e+02 -4.35075882e+02
2.09595960e-05 -1.94444444e-05 1.00000145e+08 -3.69601200e+02 -4.07845670e+02
2.14646465e-05 -1.94444444e-05 1.00000156e+08 -3.99988499e+02 -3.79029992e+02
2.19696970e-05 -1.94444444e-05 1.00000167e+08 -4.27179084e+02 -3.48948634e+02
2.24747475e-05 -1.94444444e-05 1.00000178e+08 -4.51015745e+02 -3.17934451e+02
2.29797980e-05 -1.94444444e-05 1.00000188e+08 -4.71398618e+02 -2.86325218e+02
2.34848485e-05 -1.94444444e-05 1.00000198e+08 -4.88284639e+02 -2.54455684e+02
2.39898990e-05 -1.94444444e-05 1.00000207e+08 -5.01685341e+02 -2.22650134e+02
2.44949495e-05 -1.94444444e-05 1.00000215e+08 -5.11663202e+02 -1.91215719e+02
2.50000000e-05 -1.94444444e-05 1.00000222e+08 -5.18326809e+02 -1.60436766e+02
-2.50000000e-05 -1.89393939e-05 9.99999736e+07 1.30519869e+02 3.94877620e+02
-2.44949495e-05 -1.89393939e-05 9.99999742e+07 1.51963740e+02 4.05413609e+02
-2.39898990e-05 -1.89393939e-05 9.99999741e+07 1.74349308e+02 4.15882108e+02
-2.34848485e-05 -1.89393939e-05 9.99999734e+07 1.97706359e+02 4.26283359e+02
-2.29797980e-05 -1.89393939e-05 9.99999719e+07 2.22073006e+02 4.36618659e+02
-2.24747475e-05 -1.89393939e-05 9.99999695e+07 2.47497515e+02 4.46888897e+02
-2.19696970e-05 -1.89393939e-05 9.99999662e+07 2.74040113e+02 4.57092425e+02
-2.14646465e-05 -1.89393939e-05 9.99999619e+07 3.01774602e+02 4.67222160e+02
-2.09595960e-05 -1.89393939e-05 9.99999564e+07 3.30789581e+02 4.77261782e+02
-2.04545455e-05 -1.89393939e-05 9.99999498e+07 3.61189028e+02 4.87180952e+02
-1.99494949e-05 -1.89393939e-05 9.99999419e+07 3.93091929e+02 4.96929475e+02
-1.94444444e-05 -1.89393939e-05 9.99999328e+07 4.26630602e+02 5.06430404e+02
-1.89393939e-05 -1.89393939e-05 9.99999222e+07 4.61947317e+02 5.15572138e+02
-1.84343434e-05 -1.89393939e-05 9.99999103e+07 4.99188803e+02 5.24199649e+02
-1.79292929e-05 -1.89393939e-05 9.99998970e+07 5.38498194e+02 5.32105055e+02
-1.74242424e-05 -1.89393939e-05 9.99998824e+07 5.80003990e+02 5.39017885e+02
-1.69191919e-05 -1.89393939e-05 9.99998667e+07 6.23805626e+02 5.44595487e+02
-1.64141414e-05 -1.89393939e-05 9.99998499e+07 6.69955250e+02 5.48414185e+02
-1.59090909e-05 -1.89393939e-05 9.99998324e+07 7.18435414e+02 5.49961992e+02
-1.54040404e-05 -1.89393939e-05 9.99998144e+07 7.69132422e+02 5.48633909e+02
-1.48989899e-05 -1.89393939e-05 9.99997964e+07 8.21805328e+02 5.43731197e+02
-1.43939394e-05 -1.89393939e-05 9.99997789e+07 8.76050810e+02 5.34466368e+02
-1.38888889e-05 -1.89393939e-05 9.99997625e+07 9.31264725e+02 5.19976189e+02
-1.33838384e-05 -1.89393939e-05 9.99997479e+07 9.86601948e+02 4.99345421e+02
-1.28787879e-05 -1.89393939e-05 9.99997358e+07 1.04093736e+03 4.71644486e+02
-1.23737374e-05 -1.89393939e-05 9.99997269e+07 1.09283254e+03 4.35984335e+02
-1.18686869e-05 -1.89393939e-05 9.99997219e+07 1.14051486e+03 3.91591278e+02
-1.13636364e-05 -1.89393939e-05 9.99997214e+07 1.18187809e+03 3.37903127e+02
-1.08585859e-05 -1.89393939e-05 9.99997258e+07 1.21451581e+03 2.74685075e+02
-1.03535354e-05 -1.89393939e-05 9.99997352e+07 1.23580010e+03 2.02159232e+02
-9.84848485e-06 -1.89393939e-05 9.99997493e+07 1.24301686e+03 1.21135503e+02
-9.34343434e-06 -1.89393939e-05 9.99997672e+07 1.23356496e+03 3.31242906e+01
-8.83838384e-06 -1.89393939e-05 9.99997878e+07 1.20521720e+03 -5.95952470e+01
-8.33333333e-06 -1.89393939e-05 9.99998092e+07 1.15642732e+03 -1.53981328e+02
-7.82828283e-06 -1.89393939e-05 9.99998291e+07 1.08665007e+03 -2.46337716e+02
-7.32323232e-06 -1.89393939e-05 9.99998452e+07 9.96624617e+02 -3.32540446e+02
-6.81818182e-06 -1.89393939e-05 9.99998552e+07 8.88560542e+02 -4.08379077e+02
-6.31313131e-06 -1.89393939e-05 9.99998568e+07 7.66167716e+02 -4.69980990e+02
-5.80808081e-06 -1.89393939e-05 9.99998490e+07 6.34489637e+02 -5.14259801e+02
-5.30303030e-06 -1.89393939e-05 9.99998313e+07 4.99534848e+02 -5.39310632e+02
-4.79797980e-06 -1.89393939e-05 9.99998044e+07 3.67744601e+02 -5.44674555e+02
-4.29292929e-06 -1.89393939e-05 9.99997702e+07 2.45374868e+02 -5.31415311e+02
-3.78787879e-06 -1.89393939e-05 9.99997314e+07 1.37893715e+02 -5.01989415e+02
-3.28282828e-06 -1.89393939e-05 9.99996912e+07 4.94927932e+01 -4.59934784e+02
-2.77777778e-06 -1.89393939e-05 9.99996530e+07 -1.72151233e+01 -4.09439551e+02
-2.27272727e-06 -1.89393939e-05 9.99996201e+07 -6.12826940e+01 -3.54871344e+02
-1.76767677e-06 -1.89393939e-05 9.99995950e+07 -8.33127318e+01 -3.00344745e+02
-1.26262626e-06 -1.89393939e-05 9.99995796e+07 -8.51889268e+01 -2.49384955e+02
-7.57575758e-07 -1.89393939e-05 9.99995749e+07 -6.97174523e+01 -2.04717490e+02
-2.52525253e-07 -1.89393939e-05 9.99995811e+07 -4.02445337e+01 -1.68186015e+02
2.52525253e-07 -1.89393939e-05 9.99995975e+07 -3.02926856e-01 -1.40779456e+02
7.57575758e-07 -1.89393939e-05 9.99996230e+07 4.66779396e+01 -1.22737997e+02
1.26262626e-06 -1.89393939e-05 9.99996560e+07 9.75820122e+01 -1.13704756e+02
1.76767677e-06 -1.89393939e-05 9.99996948e+07 1.49736016e+02 -1.12893493e+02
2.27272727e-06 -1.89393939e-05 9.99997375e+07 2.00967786e+02 -1.19249709e+02
2.77777778e-06 -1.89393939e-05 9.99997825e+07 2.49608593e+02 -1.31590438e+02
3.28282828e-06 -1.89393939e-05 9.99998280e+07 2.94456075e+02 -1.48715300e+02
3.78787879e-06 -1.89393939e-05 9.99998728e+07 3.34713205e+02 -1.69487057e+02
4.29292929e-06 -1.89393939e-05 9.99999156e+07 3.69916056e+02 -1.92883772e+02
4.79797980e-06 -1.89393939e-05 9.99999557e+07 3.99859943e+02 -2.18026865e+02
5.30303030e-06 -1.89393939e-05 9.99999923e+07 4.24530384e+02 -2.44190270e+02
5.80808081e-06 -1.89393939e-05 1.00000025e+08 4.44042703e+02 -2.70795835e+02
6.31313131e-06 -1.89393939e-05 1.00000054e+08 4.58592025e+02 -2.97399617e+02
6.81818182e-06 -1.89393939e-05 1.00000078e+08 4.68413981e+02 -3.23672821e+02
7.32323232e-06 -1.89393939e-05 1.00000098e+08 4.73755499e+02 -3.49380337e+02
7.82828283e-06 -1.89393939e-05 1.00000114e+08 4.74854578e+02 -3.74358973e+02
8.33333333e-06 -1.89393939e-05 1.00000126e+08 4.71927664e+02 -3.98496803e+02
8.83838384e-06 -1.89393939e-05 1.00000135e+08 4.65163291e+02 -4.21714552e+02
9.34343434e-06 -1.89393939e-05 1.00000140e+08 4.54720670e+02 -4.43949502e+02
9.84848485e-06 -1.89393939e-05 1.00000143e+08 4.40732108e+02 -4.65142173e+02
1.03535354e-05 -1.89393939e-05 1.00000143e+08 4.23308243e+02 -4.85225820e+02
1.08585859e-05 -1.89393939e-05 1.00000141e+08 4.02545264e+02 -5.04118719e+02
1.13636364e-05 -1.89393939e-05 1.00000138e+08 3.78533380e+02 -5.21719124e+02
1.18686869e-05 -1.89393939e-05 1.00000133e+08 3.51365928e+02 -5.37902742e+02
1.23737374e-05 -1.89393939e-05 1.00000127e+08 3.21148550e+02 -5.52522568e+02
1.28787879e-05 -1.89393939e-05 1.00000121e+08 2.88007954e+02 -5.65410885e+02
1.33838384e-05 -1.89393939e-05 1.00000115e+08 2.52099820e+02 -5.76383193e+02
1.38888889e-05 -1.89393939e-05 1.00000109e+08 2.13615438e+02 -5.85243827e+02
1.43939394e-05 -1.89393939e-05 1.00000104e+08 1.72786724e+02 -5.91792947e+02
1.48989899e-05 -1.89393939e-05 1.00000100e+08 1.29889342e+02 -5.95834565e+02
1.54040404e-05 -1.89393939e-05 1.00000097e+08 8.52436835e+01 -5.97185215e+02
1.59090909e-05 -1.89393939e-05 1.00000095e+08 3.92135991e+01 -5.95682834e+02
1.64141414e-05 -1.89393939e-05 1.00000095e+08 -7.79715852e+00 -5.91195418e+02
1.69191919e-05 -1.89393939e-05 1.00000096e+08 -5.53506925e+01 -5.83628989e+02
1.74242424e-05 -1.89393939e-05 1.00000099e+08 -1.02982720e+02 -5.72934443e+02
1.79292929e-05 -1.89393939e-05 1.00000104e+08 -1.50212020e+02 -5.59112901e+02
1.84343434e-05 -1.89393939e-05 1.00000110e+08 -1.96551155e+02 -5.42219241e+02
1.89393939e-05 -1.89393939e-05 1.00000117e+08 -2.41517988e+02 -5.22363600e+02
1.94444444e-05 -1.89393939e-05 1.00000126e+08 -2.84647443e+02 -4.99710728e+02
1.99494949e-05 -1.89393939e-05 1.00000136e+08 -3.25502965e+02 -4.74477215e+02
2.04545455e-05 -1.89393939e-05 1.00000146e+08 -3.63687147e+02 -4.46926720e+02
2.09595960e-05 -1.89393939e-05 1.00000157e+08 -3.98851022e+02 -4.17363437e+02
2.14646465e-05 -1.89393939e-05 1.00000169e+08 -4.30701658e+02 -3.86124149e+02
2.19696970e-05 -1.89393939e-05 1.00000180e+08 -4.59007723e+02 -3.53569255e+02
2.24747475e-05 -1.89393939e-05 1.00000191e+08 -4.83602890e+02 -3.20073224e+02
2.29797980e-05 -1.89393939e-05 1.00000202e+08 -5.04387000e+02 -2.86014925e+02
2.34848485e-05 -1.89393939e-05 1.00000212e+08 -5.21325086e+02 -2.51768256e+02
2.39898990e-05 -1.89393939e-05 1.00000221e+08 -5.34444424e+02 -2.17693466e+02
2.44949495e-05 -1.89393939e-05 1.00000229e+08 -5.43829879e+02 -1.84129467e+02
2.50000000e-05 -1.89393939e-05 1.00000236e+08 -5.49617878e+02 -1.51387395e+02
-2.50000000e-05 -1.84343434e-05 9.99999793e+07 1.19729422e+02 3.97441506e+02
-2.44949495e-05 -1.84343434e-05 9.99999802e+07 1.41225560e+02 4.08423577e+02
-2.39898990e-05 -1.84343434e-05 9.99999805e+07 1.63659840e+02 4.19370330e+02
-2.34848485e-05 -1.84343434e-05 9.99999801e+07 1.87059296e+02 4.30291503e+02
-2.29797980e-05 -1.84343434e-05 9.99999788e+07 2.11460310e+02 4.41200421e+02
-2.24747475e-05 -1.84343434e-05 9.99999767e+07 2.36911075e+02 4.52112828e+02
-2.19696970e-05 -1.84343434e-05 9.99999735e+07 2.63474153e+02 4.63045000e+02
-2.14646465e-05 -1.84343434e-05 9.99999691e+07 2.91228993e+02 4.74010976e+02
-2.09595960e-05 -1.84343434e-05 9.99999636e+07 3.20274194e+02 4.85018743e+02
-2.04545455e-05 -1.84343434e-05 9.99999567e+07 3.50729222e+02 4.96065221e+02
-1.99494949e-05 -1.84343434e-05 9.99999484e+07 3.82735255e+02 5.07129941e+02
-1.94444444e-05 -1.84343434e-05 9.99999386e+07 4.16454713e+02 5.18167340e+02
-1.89393939e-05 -1.84343434e-05 9.99999271e+07 4.52069040e+02 5.29097677e+02
-1.84343434e-05 -1.84343434e-05 9.99999140e+07 4.89774193e+02 5.39796657e+02
-1.79292929e-05 -1.84343434e-05 9.99998992e+07 5.29773333e+02 5.50083941e+02
-1.74242424e-05 -1.84343434e-05 9.99998827e+07 5.72266151e+02 5.59710831e+02
-1.69191919e-05 -1.84343434e-05 9.99998647e+07 6.17434298e+02 5.68347542e+02
-1.64141414e-05 -1.84343434e-05 9.99998452e+07 6.65422360e+02 5.75570611e+02
-1.59090909e-05 -1.84343434e-05 9.99998244e+07 7.16313843e+02 5.80851180e+02
-1.54040404e-05 -1.84343434e-05 9.99998028e+07 7.70101655e+02 5.83545149e+02
-1.48989899e-05 -1.84343434e-05 9.99997806e+07 8.26652612e+02 5.82886570e+02
-1.43939394e-05 -1.84343434e-05 9.99997586e+07 8.85665709e+02 5.77986183e+02
-1.38888889e-05 -1.84343434e-05 9.99997373e+07 9.46624291e+02 5.67837713e+02
-1.33838384e-05 -1.84343434e-05 9.99997175e+07 1.00874303e+03 5.51335384e+02
-1.28787879e-05 -1.84343434e-05 9.99997001e+07 1.07091202e+03 5.27307068e+02
-1.23737374e-05 -1.84343434e-05 9.99996860e+07 1.13164233e+03 4.94568195e+02
-1.18686869e-05 -1.84343434e-05 9.99996762e+07 1.18902039e+03 4.52001783e+02
-1.13636364e-05 -1.84343434e-05 9.99996715e+07 1.24068226e+03 3.98668979e+02
-1.08585859e-05 -1.84343434e-05 9.99996727e+07 1.28382289e+03 3.33951734e+02
-1.03535354e-05 -1.84343434e-05 9.99996800e+07 1.31525914e+03 2.57723841e+02
-9.84848485e-06 -1.84343434e-05 9.99996935e+07 1.33156611e+03 1.70538144e+02
-9.34343434e-06 -1.84343434e-05 9.99997124e+07 1.32930371e+03 7.38065972e+01
-8.83838384e-06 -1.84343434e-05 9.99997353e+07 1.30533969e+03 -3.00623073e+01
-8.33333333e-06 -1.84343434e-05 9.99997604e+07 1.25725706e+03 -1.37613785e+02
-7.82828283e-06 -1.84343434e-05 9.99997848e+07 1.18380755e+03 -2.44431629e+02
-7.32323232e-06 -1.84343434e-05 9.99998056e+07 1.08534338e+03 -3.45393160e+02
-6.81818182e-06 -1.84343434e-05 9.99998196e+07 9.64136544e+02 -4.35101638e+02
-6.31313131e-06 -1.84343434e-05 9.99998242e+07 8.24489471e+02 -5.08461067e+02
-5.80808081e-06 -1.84343434e-05 9.99998174e+07 6.72563649e+02 -5.61311456e+02
-5.30303030e-06 -1.84343434e-05 9.99997986e+07 5.15904487e+02 -5.91007578e+02
-4.79797980e-06 -1.84343434e-05 9.99997687e+07 3.62711654e+02 -5.96817651e+02
-4.29292929e-06 -1.84343434e-05 9.99997300e+07 2.20971609e+02 -5.80048545e+02
-3.78787879e-06 -1.84343434e-05 9.99996858e+07 9.76090506e+01 -5.43865074e+02
-3.28282828e-06 -1.84343434e-05 9.99996405e+07 -2.18925315e+00 -4.92843109e+02
-2.77777778e-06 -1.84343434e-05 9.99995982e+07 -7.53701165e+01 -4.32354954e+02
-2.27272727e-06 -1.84343434e-05 9.99995630e+07 -1.21090870e+02 -3.67912521e+02
-1.76767677e-06 -1.84343434e-05 9.99995379e+07 -1.40509554e+02 -3.04584786e+02
-1.26262626e-06 -1.84343434e-05 9.99995250e+07 -1.36370179e+02 -2.46570061e+02
-7.57575758e-07 -1.84343434e-05 9.99995252e+07 -1.12485234e+02 -1.96956923e+02
-2.52525253e-07 -1.84343434e-05 9.99995384e+07 -7.32108946e+01 -1.57665432e+02
2.52525253e-07 -1.84343434e-05 9.99995635e+07 -2.29862932e+01 -1.29531796e+02
7.57575758e-07 -1.84343434e-05 9.99995987e+07 3.40221291e+01 -1.12487127e+02
1.26262626e-06 -1.84343434e-05 9.99996420e+07 9.41579882e+01 -1.05781522e+02
1.76767677e-06 -1.84343434e-05 9.99996910e+07 1.54401492e+02 -1.08213592e+02
2.27272727e-06 -1.84343434e-05 9.99997436e+07 2.12404797e+02 -1.18337775e+02
2.77777778e-06 -1.84343434e-05 9.99997977e+07 2.66460726e+02 -1.34633907e+02
3.28282828e-06 -1.84343434e-05 9.99998513e+07 3.15428959e+02 -1.55633423e+02
3.78787879e-06 -1.84343434e-05 9.99999031e+07 3.58640319e+02 -1.80003595e+02
4.29292929e-06 -1.84343434e-05 9.99999519e+07 3.95794918e+02 -2.06595394e+02
4.79797980e-06 -1.84343434e-05 9.99999966e+07 4.26864985e+02 -2.34462473e+02
5.30303030e-06 -1.84343434e-05 1.00000037e+08 4.52008883e+02 -2.62858999e+02
5.80808081e-06 -1.84343434e-05 1.00000072e+08 4.71499466e+02 -2.91223371e+02
6.31313131e-06 -1.84343434e-05 1.00000102e+08 4.85667499e+02 -3.19153600e+02
6.81818182e-06 -1.84343434e-05 1.00000127e+08 4.94859372e+02 -3.46378801e+02
7.32323232e-06 -1.84343434e-05 1.00000148e+08 4.99407463e+02 -3.72729965e+02
7.82828283e-06 -1.84343434e-05 1.00000163e+08 4.99611186e+02 -3.98112096e+02
8.33333333e-06 -1.84343434e-05 1.00000174e+08 4.95726707e+02 -4.22478993e+02
8.83838384e-06 -1.84343434e-05 1.00000181e+08 4.87963471e+02 -4.45811342e+02
9.34343434e-06 -1.84343434e-05 1.00000185e+08 4.76485943e+02 -4.68098375e+02
9.84848485e-06 -1.84343434e-05 1.00000185e+08 4.61419197e+02 -4.89323113e+02
1.03535354e-05 -1.84343434e-05 1.00000183e+08 4.42857251e+02 -5.09451063e+02
1.08585859e-05 -1.84343434e-05 1.00000179e+08 4.20873235e+02 -5.28422193e+02
1.13636364e-05 -1.84343434e-05 1.00000172e+08 3.95530650e+02 -5.46145957e+02
1.18686869e-05 -1.84343434e-05 1.00000165e+08 3.66895064e+02 -5.62499178e+02
1.23737374e-05 -1.84343434e-05 1.00000157e+08 3.35045696e+02 -5.77326563e+02
1.28787879e-05 -1.84343434e-05 1.00000148e+08 3.00086360e+02 -5.90443656e+02
1.33838384e-05 -1.84343434e-05 1.00000139e+08 2.62155307e+02 -6.01641970e+02
1.38888889e-05 -1.84343434e-05 1.00000131e+08 2.21433506e+02 -6.10696037e+02
1.43939394e-05 -1.84343434e-05 1.00000124e+08 1.78150975e+02 -6.17372050e+02
1.48989899e-05 -1.84343434e-05 1.00000118e+08 1.32590813e+02 -6.21437708e+02
1.54040404e-05 -1.84343434e-05 1.00000113e+08 8.50906594e+01 -6.22672830e+02
1.59090909e-05 -1.84343434e-05 1.00000110e+08 3.60414177e+01 -6.20880218e+02
1.64141414e-05 -1.84343434e-05 1.00000108e+08 -1.41168015e+01 -6.15896266e+02
1.69191919e-05 -1.84343434e-05 1.00000109e+08 -6.49014356e+01 -6.07600740e+02
1.74242424e-05 -1.84343434e-05 1.00000111e+08 -1.15796683e+02 -5.95925210e+02
1.79292929e-05 -1.84343434e-05 1.00000115e+08 -1.66264800e+02 -5.80859657e+02
1.84343434e-05 -1.84343434e-05 1.00000121e+08 -2.15758977e+02 -5.62456867e+02
1.89393939e-05 -1.84343434e-05 1.00000128e+08 -2.63737189e+02 -5.40834324e+02
1.94444444e-05 -1.84343434e-05 1.00000137e+08 -3.09676351e+02 -5.16173483e+02
1.99494949e-05 -1.84343434e-05 1.00000147e+08 -3.53086091e+02 -4.88716424e+02
2.04545455e-05 -1.84343434e-05 1.00000158e+08 -3.93521463e+02 -4.58760075e+02
2.09595960e-05 -1.84343434e-05 1.00000170e+08 -4.30594014e+02 -4.26648289e+02
2.14646465e-05 -1.84343434e-05 1.00000182e+08 -4.63980708e+02 -3.92762226e+02
2.19696970e-05 -1.84343434e-05 1.00000194e+08 -4.93430364e+02 -3.57509539e+02
2.24747475e-05 -1.84343434e-05 1.00000206e+08 -5.18767402e+02 -3.21312913e+02
2.29797980e-05 -1.84343434e-05 1.00000217e+08 -5.39892870e+02 -2.84598546e+02
2.34848485e-05 -1.84343434e-05 1.00000227e+08 -5.56782867e+02 -2.47785074e+02
2.39898990e-05 -1.84343434e-05 1.00000236e+08 -5.69484611e+02 -2.11273420e+02
2.44949495e-05 -1.84343434e-05 1.00000245e+08 -5.78110497e+02 -1.75437946e+02
2.50000000e-05 -1.84343434e-05 1.00000251e+08 -5.82830585e+02 -1.40619160e+02
-2.50000000e-05 -1.79292929e-05 9.99999859e+07 1.08536379e+02 3.99211222e+02
-2.44949495e-05 -1.79292929e-05 9.99999874e+07 1.30060844e+02 4.10573840e+02
-2.39898990e-05 -1.79292929e-05 9.99999881e+07 1.52511754e+02 4.21924175e+02
-2.34848485e-05 -1.79292929e-05 9.99999881e+07 1.75910848e+02 4.33281140e+02
-2.29797980e-05 -1.79292929e-05 9.99999872e+07 2.00289864e+02 4.44670154e+02
-2.24747475e-05 -1.79292929e-05 9.99999854e+07 2.25693641e+02 4.56122431e+02
-2.19696970e-05 -1.79292929e-05 9.99999824e+07 2.52183516e+02 4.67673503e+02
-2.14646465e-05 -1.79292929e-05 9.99999783e+07 2.79840871e+02 4.79360776e+02
-2.09595960e-05 -1.79292929e-05 9.99999728e+07 3.08770599e+02 4.91219891e+02
-2.04545455e-05 -1.79292929e-05 9.99999658e+07 3.39104212e+02 5.03279691e+02
-1.99494949e-05 -1.79292929e-05 9.99999572e+07 3.71002190e+02 5.15555582e+02
-1.94444444e-05 -1.79292929e-05 9.99999469e+07 4.04655100e+02 5.28041182e+02
-1.89393939e-05 -1.79292929e-05 9.99999348e+07 4.40282932e+02 5.40698174e+02
-1.84343434e-05 -1.79292929e-05 9.99999206e+07 4.78132066e+02 5.53444399e+02
-1.79292929e-05 -1.79292929e-05 9.99999044e+07 5.18469208e+02 5.66140314e+02
-1.74242424e-05 -1.79292929e-05 9.99998862e+07 5.61571664e+02 5.78574057e+02
-1.69191919e-05 -1.79292929e-05 9.99998659e+07 6.07713264e+02 5.90445448e+02
-1.64141414e-05 -1.79292929e-05 9.99998436e+07 6.57145261e+02 6.01349388e+02
-1.59090909e-05 -1.79292929e-05 9.99998195e+07 7.10071456e+02 6.10759260e+02
-1.54040404e-05 -1.79292929e-05 9.99997939e+07 7.66616733e+02 6.18011140e+02
-1.48989899e-05 -1.79292929e-05 9.99997672e+07 8.26788068e+02 6.22290042e+02
-1.43939394e-05 -1.79292929e-05 9.99997400e+07 8.90427053e+02 6.22619989e+02
-1.38888889e-05 -1.79292929e-05 9.99997130e+07 9.57153140e+02 6.17860639e+02
-1.33838384e-05 -1.79292929e-05 9.99996871e+07 1.02629732e+03 6.06714461e+02
-1.28787879e-05 -1.79292929e-05 9.99996633e+07 1.09682730e+03 5.87750039e+02
-1.23737374e-05 -1.79292929e-05 9.99996428e+07 1.16726743e+03 5.59448768e+02
-1.18686869e-05 -1.79292929e-05 9.99996267e+07 1.23562047e+03 5.20283593e+02
-1.13636364e-05 -1.79292929e-05 9.99996163e+07 1.29930350e+03 4.68838716e+02
-1.08585859e-05 -1.79292929e-05 9.99996127e+07 1.35511693e+03 4.03977280e+02
-1.03535354e-05 -1.79292929e-05 9.99996165e+07 1.39927262e+03 3.25058530e+02
-9.84848485e-06 -1.79292929e-05 9.99996282e+07 1.42751258e+03 2.32195440e+02
-9.34343434e-06 -1.79292929e-05 9.99996472e+07 1.43535006e+03 1.26527796e+02
-8.83838384e-06 -1.79292929e-05 9.99996723e+07 1.41845537e+03 1.04654991e+01
-8.33333333e-06 -1.79292929e-05 9.99997012e+07 1.37318600e+03 -1.12163109e+02
-7.82828283e-06 -1.79292929e-05 9.99997309e+07 1.29722168e+03 -2.36134565e+02
-7.32323232e-06 -1.79292929e-05 9.99997574e+07 1.19021635e+03 -3.55094170e+02
-6.81818182e-06 -1.79292929e-05 9.99997767e+07 1.05433256e+03 -4.62093425e+02
-6.31313131e-06 -1.79292929e-05 9.99997850e+07 8.94501955e+02 -5.50369188e+02
-5.80808081e-06 -1.79292929e-05 9.99997798e+07 7.18278490e+02 -6.14252803e+02
-5.30303030e-06 -1.79292929e-05 9.99997600e+07 5.35228164e+02 -6.50030468e+02
-4.79797980e-06 -1.79292929e-05 9.99997264e+07 3.55915415e+02 -6.56554562e+02
-4.29292929e-06 -1.79292929e-05 9.99996821e+07 1.90663581e+02 -6.35449024e+02
-3.78787879e-06 -1.79292929e-05 9.99996315e+07 4.83384251e+01 -5.90852102e+02
-3.28282828e-06 -1.79292929e-05 9.99995800e+07 -6.46011581e+01 -5.28761301e+02
-2.77777778e-06 -1.79292929e-05 9.99995330e+07 -1.44620172e+02 -4.56141924e+02
-2.27272727e-06 -1.79292929e-05 9.99994956e+07 -1.91146523e+02 -3.79999453e+02
-1.76767677e-06 -1.79292929e-05 9.99994714e+07 -2.06199931e+02 -3.06592085e+02
-1.26262626e-06 -1.79292929e-05 9.99994626e+07 -1.93751667e+02 -2.40893502e+02
-7.57575758e-07 -1.79292929e-05 9.99994698e+07 -1.58976469e+02 -1.86338284e+02
-2.52525253e-07 -1.79292929e-05 9.99994924e+07 -1.07535411e+02 -1.44818976e+02
2.52525253e-07 -1.79292929e-05 9.99995286e+07 -4.49829087e+01 -1.16867039e+02
7.57575758e-07 -1.79292929e-05 9.99995760e+07 2.36583406e+01 -1.01939544e+02
1.26262626e-06 -1.79292929e-05 9.99996317e+07 9.41509901e+01 -9.87419115e+01
1.76767677e-06 -1.79292929e-05 9.99996929e+07 1.63148057e+02 -1.05535088e+02
2.27272727e-06 -1.79292929e-05 9.99997568e+07 2.28184793e+02 -1.20395611e+02
2.77777778e-06 -1.79292929e-05 9.99998211e+07 2.87595176e+02 -1.41414533e+02
3.28282828e-06 -1.79292929e-05 9.99998836e+07 3.40386628e+02 -1.66834017e+02
3.78787879e-06 -1.79292929e-05 9.99999429e+07 3.86099290e+02 -1.95128435e+02
4.29292929e-06 -1.79292929e-05 9.99999976e+07 4.24668294e+02 -2.25040736e+02
4.79797980e-06 -1.79292929e-05 1.00000047e+08 4.56300327e+02 -2.55585810e+02
5.30303030e-06 -1.79292929e-05 1.00000090e+08 4.81370134e+02 -2.86031705e+02
5.80808081e-06 -1.79292929e-05 1.00000128e+08 5.00338566e+02 -3.15867707e+02
6.31313131e-06 -1.79292929e-05 1.00000159e+08 5.13691205e+02 -3.44766181e+02
6.81818182e-06 -1.79292929e-05 1.00000184e+08 5.21895160e+02 -3.72543046e+02
7.32323232e-06 -1.79292929e-05 1.00000204e+08 5.25371062e+02 -3.99120027e+02
7.82828283e-06 -1.79292929e-05 1.00000218e+08 5.24477238e+02 -4.24490540e+02
8.33333333e-06 -1.79292929e-05 1.00000228e+08 5.19503291e+02 -4.48690087e+02
8.83838384e-06 -1.79292929e-05 1.00000233e+08 5.10670769e+02 -4.71771432e+02
9.34343434e-06 -1.79292929e-05 1.00000234e+08 4.98138980e+02 -4.93784471e+02
9.84848485e-06 -1.79292929e-05 1.00000232e+08 4.82014469e+02 -5.14760489e+02
1.03535354e-05 -1.79292929e-05 1.00000227e+08 4.62362973e+02 -5.34700462e+02
1.08585859e-05 -1.79292929e-05 1.00000219e+08 4.39222955e+02 -5.53567053e+02
1.13636364e-05 -1.79292929e-05 1.00000210e+08 4.12619959e+02 -5.71279991e+02
1.18686869e-05 -1.79292929e-05 1.00000199e+08 3.82581193e+02 -5.87714578e+02
1.23737374e-05 -1.79292929e-05 1.00000188e+08 3.49149770e+02 -6.02703079e+02
1.28787879e-05 -1.79292929e-05 1.00000177e+08 3.12398101e+02 -6.16038802e+02
1.33838384e-05 -1.79292929e-05 1.00000165e+08 2.72439916e+02 -6.27482621e+02
1.38888889e-05 -1.79292929e-05 1.00000154e+08 2.29440439e+02 -6.36771678e+02
1.43939394e-05 -1.79292929e-05 1.00000145e+08 1.83624247e+02 -6.43629923e+02
1.48989899e-05 -1.79292929e-05 1.00000136e+08 1.35280376e+02 -6.47780086e+02
1.54040404e-05 -1.79292929e-05 1.00000129e+08 8.47643701e+01 -6.48956567e+02
1.59090909e-05 -1.79292929e-05 1.00000124e+08 3.24970141e+01 -6.46918667e+02
1.64141414e-05 -1.79292929e-05 1.00000122e+08 -2.10403110e+01 -6.41463527e+02
1.69191919e-05 -1.79292929e-05 1.00000121e+08 -7.53135732e+01 -6.32438105e+02
1.74242424e-05 -1.79292929e-05 1.00000123e+08 -1.29747062e+02 -6.19749532e+02
1.79292929e-05 -1.79292929e-05 1.00000126e+08 -1.83736941e+02 -6.03373255e+02
1.84343434e-05 -1.79292929e-05 1.00000132e+08 -2.36666754e+02 -5.83358468e+02
1.89393939e-05 -1.79292929e-05 1.00000139e+08 -2.87924150e+02 -5.59830491e+02
1.94444444e-05 -1.79292929e-05 1.00000149e+08 -3.36917977e+02 -5.32989914e+02
1.99494949e-05 -1.79292929e-05 1.00000159e+08 -3.83094880e+02 -5.03108530e+02
2.04545455e-05 -1.79292929e-05 1.00000171e+08 -4.25954578e+02 -4.70522275e+02
2.09595960e-05 -1.79292929e-05 1.00000183e+08 -4.65063060e+02 -4.35621581e+02
2.14646465e-05 -1.79292929e-05 1.00000196e+08 -5.00063107e+02 -3.98839664e+02
2.19696970e-05 -1.79292929e-05 1.00000208e+08 -5.30681712e+02 -3.60639429e+02
2.24747475e-05 -1.79292929e-05 1.00000220e+08 -5.56734173e+02 -3.21499665e+02
2.29797980e-05 -1.79292929e-05 1.00000232e+08 -5.78124851e+02 -2.81901265e+02
2.34848485e-05 -1.79292929e-05 1.00000243e+08 -5.94844764e+02 -2.42314110e+02
2.39898990e-05 -1.79292929e-05 1.00000252e+08 -6.06966354e+02 -2.03185186e+02
2.44949495e-05 -1.79292929e-05 1.00000261e+08 -6.14635907e+02 -1.64928392e+02
2.50000000e-05 -1.79292929e-05 1.00000267e+08 -6.18064168e+02 -1.27916320e+02
-2.50000000e-05 -1.74242424e-05 9.99999935e+07 9.70050881e+01 4.00168988e+02
-2.44949495e-05 -1.74242424e-05 9.99999955e+07 1.18543970e+02 4.11839378e+02
-2.39898990e-05 -1.74242424e-05 9.99999969e+07 1.40990204e+02 4.23508804e+02
-2.34848485e-05 -1.74242424e-05 9.99999974e+07 1.64357408e+02 4.35204427e+02
-2.29797980e-05 -1.74242424e-05 9.99999971e+07 1.88669306e+02 4.46963172e+02
-2.24747475e-05 -1.74242424e-05 9.99999957e+07 2.13963490e+02 4.58831640e+02
-2.19696970e-05 -1.74242424e-05 9.99999932e+07 2.40295693e+02 4.70865250e+02
-2.14646465e-05 -1.74242424e-05 9.99999894e+07 2.67744466e+02 4.83126345e+02
-2.09595960e-05 -1.74242424e-05 9.99999842e+07 2.96416026e+02 4.95680995e+02
-2.04545455e-05 -1.74242424e-05 9.99999773e+07 3.26448992e+02 5.08594185e+02
-1.99494949e-05 -1.74242424e-05 9.99999687e+07 3.58018564e+02 5.21923127e+02
-1.94444444e-05 -1.74242424e-05 9.99999582e+07 3.91339610e+02 5.35708480e+02
-1.89393939e-05 -1.74242424e-05 9.99999455e+07 4.26668043e+02 5.49963337e+02
-1.84343434e-05 -1.74242424e-05 9.99999306e+07 4.64299752e+02 5.64659936e+02
-1.79292929e-05 -1.74242424e-05 9.99999132e+07 5.04566371e+02 5.79714188e+02
-1.74242424e-05 -1.74242424e-05 9.99998934e+07 5.47827112e+02 5.94968191e+02
-1.69191919e-05 -1.74242424e-05 9.99998709e+07 5.94455907e+02 6.10171009e+02
-1.64141414e-05 -1.74242424e-05 9.99998459e+07 6.44823080e+02 6.24958050e+02
-1.59090909e-05 -1.74242424e-05 9.99998184e+07 6.99270676e+02 6.38829420e+02
-1.54040404e-05 -1.74242424e-05 9.99997888e+07 7.58080375e+02 6.51127794e+02
-1.48989899e-05 -1.74242424e-05 9.99997572e+07 8.21432609e+02 6.61016584e+02
-1.43939394e-05 -1.74242424e-05 9.99997244e+07 8.89355163e+02 6.67459802e+02
-1.38888889e-05 -1.74242424e-05 9.99996910e+07 9.61659205e+02 6.69206026e+02
-1.33838384e-05 -1.74242424e-05 9.99996580e+07 1.03786080e+03 6.64780544e+02
-1.28787879e-05 -1.74242424e-05 9.99996266e+07 1.11708672e+03 6.52492074e+02
-1.23737374e-05 -1.74242424e-05 9.99995980e+07 1.19796562e+03 6.30463366e+02
-1.18686869e-05 -1.74242424e-05 9.99995739e+07 1.27850953e+03 5.96698149e+02
-1.13636364e-05 -1.74242424e-05 9.99995559e+07 1.35599768e+03 5.49199341e+02
-1.08585859e-05 -1.74242424e-05 9.99995454e+07 1.42688422e+03 4.86153790e+02
-1.03535354e-05 -1.74242424e-05 9.99995438e+07 1.48676352e+03 4.06194633e+02
-9.84848485e-06 -1.74242424e-05 9.99995520e+07 1.53043932e+03 3.08741019e+02
-9.34343434e-06 -1.74242424e-05 9.99995698e+07 1.55215184e+03 1.94393790e+02
-8.83838384e-06 -1.74242424e-05 9.99995963e+07 1.54601321e+03 6.53345094e+01
-8.33333333e-06 -1.74242424e-05 9.99996292e+07 1.50667667e+03 -7.43616864e+01
-7.82828283e-06 -1.74242424e-05 9.99996647e+07 1.43021190e+03 -2.18619757e+02
-7.32323232e-06 -1.74242424e-05 9.99996982e+07 1.31507995e+03 -3.59590978e+02
-6.81818182e-06 -1.74242424e-05 9.99997242e+07 1.16301335e+03 -4.88297464e+02
-6.31313131e-06 -1.74242424e-05 9.99997377e+07 9.79548080e+02 -5.95684604e+02
-5.80808081e-06 -1.74242424e-05 9.99997349e+07 7.73966317e+02 -6.73934870e+02
-5.30303030e-06 -1.74242424e-05 9.99997140e+07 5.58520930e+02 -7.17768105e+02
-4.79797980e-06 -1.74242424e-05 9.99996760e+07 3.47007134e+02 -7.25396999e+02
-4.29292929e-06 -1.74242424e-05 9.99996248e+07 1.52955565e+02 -6.98867297e+02
-3.78787879e-06 -1.74242424e-05 9.99995662e+07 -1.21468925e+01 -6.43681525e+02
-3.28282828e-06 -1.74242424e-05 9.99995073e+07 -1.40209994e+02 -5.67815910e+02
-2.77777778e-06 -1.74242424e-05 9.99994552e+07 -2.27210919e+02 -4.80402890e+02
-2.27272727e-06 -1.74242424e-05 9.99994161e+07 -2.73136243e+02 -3.90405508e+02
-1.76767677e-06 -1.74242424e-05 9.99993941e+07 -2.81335294e+02 -3.05552368e+02
-1.26262626e-06 -1.74242424e-05 9.99993916e+07 -2.57529285e+02 -2.31678707e+02
-7.57575758e-07 -1.74242424e-05 9.99994086e+07 -2.08730875e+02 -1.72489985e+02
-2.52525253e-07 -1.74242424e-05 9.99994438e+07 -1.42272403e+02 -1.29671444e+02
2.52525253e-07 -1.74242424e-05 9.99994943e+07 -6.50576765e+01 -1.03224253e+02
7.57575758e-07 -1.74242424e-05 9.99995567e+07 1.69255452e+01 -9.19080523e+01
1.26262626e-06 -1.74242424e-05 9.99996275e+07 9.88510193e+01 -9.36938868e+01
1.76767677e-06 -1.74242424e-05 9.99997028e+07 1.77106529e+02 -1.06164518e+02
2.27272727e-06 -1.74242424e-05 9.99997796e+07 2.49212382e+02 -1.26830120e+02
2.77777778e-06 -1.74242424e-05 9.99998551e+07 3.13661144e+02 -1.53351185e+02
3.28282828e-06 -1.74242424e-05 9.99999271e+07 3.69723225e+02 -1.83675861e+02
3.78787879e-06 -1.74242424e-05 9.99999939e+07 4.17250165e+02 -2.16107054e+02
4.29292929e-06 -1.74242424e-05 1.00000054e+08 4.56495561e+02 -2.49317172e+02
4.79797980e-06 -1.74242424e-05 1.00000108e+08 4.87963931e+02 -2.82327557e+02
5.30303030e-06 -1.74242424e-05 1.00000154e+08 5.12290856e+02 -3.14466887e+02
5.80808081e-06 -1.74242424e-05 1.00000193e+08 5.30153318e+02 -3.45319507e+02
6.31313131e-06 -1.74242424e-05 1.00000225e+08 5.42206644e+02 -3.74671313e+02
6.81818182e-06 -1.74242424e-05 1.00000250e+08 5.49043512e+02 -4.02458120e+02
7.32323232e-06 -1.74242424e-05 1.00000268e+08 5.51170339e+02 -4.28719213e+02
7.82828283e-06 -1.74242424e-05 1.00000280e+08 5.48996867e+02 -4.53557348e+02
8.33333333e-06 -1.74242424e-05 1.00000287e+08 5.42835394e+02 -4.77105421e+02
8.83838384e-06 -1.74242424e-05 1.00000290e+08 5.32906875e+02 -4.99499500e+02
9.34343434e-06 -1.74242424e-05 1.00000288e+08 5.19351752e+02 -5.20857636e+02
9.84848485e-06 -1.74242424e-05 1.00000282e+08 5.02243955e+02 -5.41263783e+02
1.03535354e-05 -1.74242424e-05 1.00000274e+08 4.81606919e+02 -5.60756223e+02
1.08585859e-05 -1.74242424e-05 1.00000263e+08 4.57430775e+02 -5.79319985e+02
1.13636364e-05 -1.74242424e-05 1.00000250e+08 4.29690070e+02 -5.96882864e+02
1.18686869e-05 -1.74242424e-05 1.00000236e+08 3.98361448e+02 -6.13314752e+02
1.23737374e-05 -1.74242424e-05 1.00000221e+08 3.63440794e+02 -6.28430063e+02
1.28787879e-05 -1.74242424e-05 1.00000207e+08 3.24959319e+02 -6.41993076e+02
1.33838384e-05 -1.74242424e-05 1.00000192e+08 2.82998051e+02 -6.53726007e+02
1.38888889e-05 -1.74242424e-05 1.00000178e+08 2.37700182e+02 -6.63319549e+02
1.43939394e-05 -1.74242424e-05 1.00000166e+08 1.89280714e+02 -6.70445577e+02
1.48989899e-05 -1.74242424e-05 1.00000155e+08 1.38032884e+02 -6.74771559e+02
1.54040404e-05 -1.74242424e-05 1.00000146e+08 8.43309397e+01 -6.75976111e+02
1.59090909e-05 -1.74242424e-05 1.00000139e+08 2.86289386e+01 -6.73765035e+02
1.64141414e-05 -1.74242424e-05 1.00000135e+08 -2.85445633e+01 -6.67887062e+02
1.69191919e-05 -1.74242424e-05 1.00000133e+08 -8.65958627e+01 -6.58148485e+02
1.74242424e-05 -1.74242424e-05 1.00000134e+08 -1.44879201e+02 -6.44425866e+02
1.79292929e-05 -1.74242424e-05 1.00000137e+08 -2.02713060e+02 -6.26676066e+02
1.84343434e-05 -1.74242424e-05 1.00000143e+08 -2.59398896e+02 -6.04942959e+02
1.89393939e-05 -1.74242424e-05 1.00000150e+08 -3.14241399e+02 -5.79360389e+02
1.94444444e-05 -1.74242424e-05 1.00000160e+08 -3.66569200e+02 -5.50151146e+02
1.99494949e-05 -1.74242424e-05 1.00000171e+08 -4.15754958e+02 -5.17621973e+02
2.04545455e-05 -1.74242424e-05 1.00000183e+08 -4.61233763e+02 -4.82154904e+02
2.09595960e-05 -1.74242424e-05 1.00000196e+08 -5.02518920e+02 -4.44195423e+02
2.14646465e-05 -1.74242424e-05 1.00000210e+08 -5.39214374e+02 -4.04238154e+02
2.19696970e-05 -1.74242424e-05 1.00000223e+08 -5.71023243e+02 -3.62810920e+02
2.24747475e-05 -1.74242424e-05 1.00000236e+08 -5.97752237e+02 -3.20458054e+02
2.29797980e-05 -1.74242424e-05 1.00000248e+08 -6.19311954e+02 -2.77723861e+02
2.34848485e-05 -1.74242424e-05 1.00000259e+08 -6.35713330e+02 -2.35137047e+02
2.39898990e-05 -1.74242424e-05 1.00000269e+08 -6.47060704e+02 -1.93196797e+02
2.44949495e-05 -1.74242424e-05 1.00000277e+08 -6.53542128e+02 -1.52361047e+02
2.50000000e-05 -1.74242424e-05 1.00000284e+08 -6.55417622e+02 -1.13037270e+02
-2.50000000e-05 -1.69191919e-05 1.00000002e+08 8.52051081e+01 4.00311764e+02
-2.44949495e-05 -1.69191919e-05 1.00000005e+08 1.06756814e+02 4.12211888e+02
-2.39898990e-05 -1.69191919e-05 1.00000007e+08 1.29190747e+02 4.24108075e+02
-2.34848485e-05 -1.69191919e-05 1.00000008e+08 1.52509364e+02 4.36034104e+02
-2.29797980e-05 -1.69191919e-05 1.00000008e+08 1.76724639e+02 4.48037007e+02
-2.24747475e-05 -1.69191919e-05 1.00000008e+08 2.01862443e+02 4.60177799e+02
-2.19696970e-05 -1.69191919e-05 1.00000006e+08 2.27967719e+02 4.72531466e+02
-2.14646465e-05 -1.69191919e-05 1.00000003e+08 2.55110344e+02 4.85185907e+02
-2.09595960e-05 -1.69191919e-05 9.99999979e+07 2.83391522e+02 4.98239479e+02
-2.04545455e-05 -1.69191919e-05 9.99999914e+07 3.12950379e+02 5.11796735e+02
-1.99494949e-05 -1.69191919e-05 9.99999831e+07 3.43970308e+02 5.25962010e+02
-1.94444444e-05 -1.69191919e-05 9.99999726e+07 3.76684458e+02 5.40830519e+02
-1.89393939e-05 -1.69191919e-05 9.99999598e+07 4.11379630e+02 5.56476737e+02
-1.84343434e-05 -1.69191919e-05 9.99999443e+07 4.48397747e+02 5.72939965e+02
-1.79292929e-05 -1.69191919e-05 9.99999261e+07 4.88134029e+02 5.90207119e+02
-1.74242424e-05 -1.69191919e-05 9.99999049e+07 5.31031029e+02 6.08192913e+02
-1.69191919e-05 -1.69191919e-05 9.99998806e+07 5.77567703e+02 6.26717637e+02
-1.64141414e-05 -1.69191919e-05 9.99998531e+07 6.28242745e+02 6.45482797e+02
-1.59090909e-05 -1.69191919e-05 9.99998224e+07 6.83551288e+02 6.64044724e+02
-1.54040404e-05 -1.69191919e-05 9.99997886e+07 7.43953836e+02 6.81786271e+02
-1.48989899e-05 -1.69191919e-05 9.99997520e+07 8.09835734e+02 6.97886703e+02
-1.43939394e-05 -1.69191919e-05 9.99997132e+07 8.81454702e+02 7.11290333e+02
-1.38888889e-05 -1.69191919e-05 9.99996728e+07 9.58873047e+02 7.20675375e+02
-1.33838384e-05 -1.69191919e-05 9.99996317e+07 1.04187038e+03 7.24426405e+02
-1.28787879e-05 -1.69191919e-05 9.99995914e+07 1.12983249e+03 7.20616787e+02
-1.23737374e-05 -1.69191919e-05 9.99995532e+07 1.22161339e+03 7.07011764e+02
-1.18686869e-05 -1.69191919e-05 9.99995190e+07 1.31537123e+03 6.81108352e+02
-1.13636364e-05 -1.69191919e-05 9.99994909e+07 1.40838651e+03 6.40234017e+02
-1.08585859e-05 -1.69191919e-05 9.99994711e+07 1.49688359e+03 5.81730633e+02
-1.03535354e-05 -1.69191919e-05 9.99994614e+07 1.57589524e+03 5.03250257e+02
-9.84848485e-06 -1.69191919e-05 9.99994634e+07 1.63923246e+03 4.03179976e+02
-9.34343434e-06 -1.69191919e-05 9.99994780e+07 1.67964422e+03 2.81188699e+02
-8.83838384e-06 -1.69191919e-05 9.99995046e+07 1.68926168e+03 1.38844702e+02
-8.33333333e-06 -1.69191919e-05 9.99995410e+07 1.66040362e+03 -1.98095397e+01
-7.82828283e-06 -1.69191919e-05 9.99995830e+07 1.58675403e+03 -1.87905154e+02
-7.32323232e-06 -1.69191919e-05 9.99996249e+07 1.46480171e+03 -3.55836852e+02
-6.81818182e-06 -1.69191919e-05 9.99996595e+07 1.29527273e+03 -5.11984058e+02
-6.31313131e-06 -1.69191919e-05 9.99996800e+07 1.08414875e+03 -6.44117168e+02
-5.80808081e-06 -1.69191919e-05 9.99996806e+07 8.42835862e+02 -7.41312765e+02
-5.30303030e-06 -1.69191919e-05 9.99996587e+07 5.87202997e+02 -7.95954260e+02
-4.79797980e-06 -1.69191919e-05 9.99996153e+07 3.35538287e+02 -8.05258004e+02
-4.29292929e-06 -1.69191919e-05 9.99995554e+07 1.05854906e+02 -7.71844946e+02
-3.78787879e-06 -1.69191919e-05 9.99994870e+07 -8.67702424e+01 -7.03172385e+02
-3.28282828e-06 -1.69191919e-05 9.99994193e+07 -2.32155082e+02 -6.10019054e+02
-2.77777778e-06 -1.69191919e-05 9.99993618e+07 -3.25866162e+02 -5.04498363e+02
-2.27272727e-06 -1.69191919e-05 9.99993219e+07 -3.68943110e+02 -3.98143217e+02
-1.76767677e-06 -1.69191919e-05 9.99993044e+07 -3.66779675e+02 -3.00472527e+02
-1.26262626e-06 -1.69191919e-05 9.99993113e+07 -3.27587786e+02 -2.18218604e+02
-7.57575758e-07 -1.69191919e-05 9.99993421e+07 -2.60843969e+02 -1.55181293e+02
-2.52525253e-07 -1.69191919e-05 9.99993938e+07 -1.75991753e+02 -1.12545154e+02
2.52525253e-07 -1.69191919e-05 9.99994626e+07 -8.15270672e+01 -8.94572003e+01
7.57575758e-07 -1.69191919e-05 9.99995436e+07 1.55239456e+01 -8.36870939e+01
1.26262626e-06 -1.69191919e-05 9.99996322e+07 1.09796456e+02 -9.22444661e+01
1.76767677e-06 -1.69191919e-05 9.99997239e+07 1.97538861e+02 -1.11883479e+02
2.27272727e-06 -1.69191919e-05 9.99998151e+07 2.76416686e+02 -1.39469472e+02
2.77777778e-06 -1.69191919e-05 9.99999026e+07 3.45245045e+02 -1.72212482e+02
3.28282828e-06 -1.69191919e-05 9.99999843e+07 4.03705576e+02 -2.07788890e+02
3.78787879e-06 -1.69191919e-05 1.00000058e+08 4.52083564e+02 -2.44378642e+02
4.29292929e-06 -1.69191919e-05 1.00000124e+08 4.91044289e+02 -2.80645128e+02
4.79797980e-06 -1.69191919e-05 1.00000181e+08 5.21455462e+02 -3.15680778e+02
5.30303030e-06 -1.69191919e-05 1.00000229e+08 5.44254804e+02 -3.48936074e+02
5.80808081e-06 -1.69191919e-05 1.00000269e+08 5.60357428e+02 -3.80144319e+02
6.31313131e-06 -1.69191919e-05 1.00000300e+08 5.70595922e+02 -4.09249924e+02
6.81818182e-06 -1.69191919e-05 1.00000323e+08 5.75685795e+02 -4.36344443e+02
7.32323232e-06 -1.69191919e-05 1.00000339e+08 5.76209739e+02 -4.61612117e+02
7.82828283e-06 -1.69191919e-05 1.00000349e+08 5.72615252e+02 -4.85285108e+02
8.33333333e-06 -1.69191919e-05 1.00000353e+08 5.65221406e+02 -5.07607712e+02
8.83838384e-06 -1.69191919e-05 1.00000352e+08 5.54231651e+02 -5.28808457e+02
9.34343434e-06 -1.69191919e-05 1.00000346e+08 5.39750458e+02 -5.49078893e+02
9.84848485e-06 -1.69191919e-05 1.00000337e+08 5.21802310e+02 -5.68558002e+02
1.03535354e-05 -1.69191919e-05 1.00000325e+08 5.00352049e+02 -5.87321363e+02
1.08585859e-05 -1.69191919e-05 1.00000310e+08 4.75325900e+02 -6.05374400e+02
1.13636364e-05 -1.69191919e-05 1.00000293e+08 4.46632664e+02 -6.22649299e+02
1.18686869e-05 -1.69191919e-05 1.00000275e+08 4.14184661e+02 -6.39005309e+02
1.23737374e-05 -1.69191919e-05 1.00000256e+08 3.77917970e+02 -6.54232283e+02
1.28787879e-05 -1.69191919e-05 1.00000238e+08 3.37811471e+02 -6.68057347e+02
1.33838384e-05 -1.69191919e-05 1.00000220e+08 2.93904111e+02 -6.80154613e+02
1.38888889e-05 -1.69191919e-05 1.00000203e+08 2.46309772e+02 -6.90157718e+02
1.43939394e-05 -1.69191919e-05 1.00000187e+08 1.95229059e+02 -6.97674924e+02
1.48989899e-05 -1.69191919e-05 1.00000174e+08 1.40957348e+02 -7.02306313e+02
1.54040404e-05 -1.69191919e-05 1.00000162e+08 8.38885178e+01 -7.03662456e+02
1.59090909e-05 -1.69191919e-05 1.00000154e+08 2.45139189e+01 -7.01383767e+02
1.64141414e-05 -1.69191919e-05 1.00000148e+08 -3.65836565e+01 -6.95159621e+02
1.69191919e-05 -1.69191919e-05 1.00000145e+08 -9.87409683e+01 -6.84746234e+02
1.74242424e-05 -1.69191919e-05 1.00000145e+08 -1.61229961e+02 -6.69982250e+02
1.79292929e-05 -1.69191919e-05 1.00000148e+08 -2.23277394e+02 -6.50801114e+02
1.84343434e-05 -1.69191919e-05 1.00000153e+08 -2.84087547e+02 -6.27239376e+02
1.89393939e-05 -1.69191919e-05 1.00000161e+08 -3.42866823e+02 -5.99440369e+02
1.94444444e-05 -1.69191919e-05 1.00000171e+08 -3.98848943e+02 -5.67652958e+02
1.99494949e-05 -1.69191919e-05 1.00000183e+08 -4.51319328e+02 -5.32225376e+02
2.04545455e-05 -1.69191919e-05 1.00000196e+08 -4.99637353e+02 -4.93594519e+02
2.09595960e-05 -1.69191919e-05 1.00000210e+08 -5.43255277e+02 -4.52271353e+02
2.14646465e-05 -1.69191919e-05 1.00000224e+08 -5.81732929e+02 -4.08823333e+02
2.19696970e-05 -1.69191919e-05 1.00000238e+08 -6.14747517e+02 -3.63854916e+02
2.24747475e-05 -1.69191919e-05 1.00000252e+08 -6.42098285e+02 -3.17987302e+02
2.29797980e-05 -1.69191919e-05 1.00000265e+08 -6.63706094e+02 -2.71838528e+02
2.34848485e-05 -1.69191919e-05 1.00000277e+08 -6.79608295e+02 -2.26004944e+02
2.39898990e-05 -1.69191919e-05 1.00000287e+08 -6.89949562e+02 -1.81044898e+02
2.44949495e-05 -1.69191919e-05 1.00000295e+08 -6.94969479e+02 -1.37465260e+02
2.50000000e-05 -1.69191919e-05 1.00000301e+08 -6.94987836e+02 -9.57111621e+01
-2.50000000e-05 -1.64141414e-05 1.00000011e+08 7.32089766e+01 3.99653055e+02
-2.44949495e-05 -1.64141414e-05 1.00000015e+08 9.47863917e+01 4.11702237e+02
-2.39898990e-05 -1.64141414e-05 1.00000018e+08 1.17216939e+02 4.23727825e+02
-2.34848485e-05 -1.64141414e-05 1.00000020e+08 1.40488789e+02 4.35767765e+02
-2.29797980e-05 -1.64141414e-05 1.00000021e+08 1.64598171e+02 4.47876845e+02
-2.24747475e-05 -1.64141414e-05 1.00000021e+08 1.89554297e+02 4.60128421e+02
-2.19696970e-05 -1.64141414e-05 1.00000020e+08 2.15385377e+02 4.72615521e+02
-2.14646465e-05 -1.64141414e-05 1.00000018e+08 2.42145708e+02 4.85450940e+02
-2.09595960e-05 -1.64141414e-05 1.00000014e+08 2.69923719e+02 4.98765887e+02
-2.04545455e-05 -1.64141414e-05 1.00000008e+08 2.98850655e+02 5.12706690e+02
-1.99494949e-05 -1.64141414e-05 1.00000000e+08 3.29109431e+02 5.27429052e+02
-1.94444444e-05 -1.64141414e-05 9.99999904e+07 3.60942983e+02 5.43089409e+02
-1.89393939e-05 -1.64141414e-05 9.99999778e+07 3.94661219e+02 5.59833049e+02
-1.84343434e-05 -1.64141414e-05 9.99999623e+07 4.30645623e+02 5.77778810e+02
-1.79292929e-05 -1.64141414e-05 9.99999436e+07 4.69350435e+02 5.97000402e+02
-1.74242424e-05 -1.64141414e-05 9.99999216e+07 5.11299476e+02 6.17504528e+02
-1.69191919e-05 -1.64141414e-05 9.99998958e+07 5.57077775e+02 6.39206078e+02
-1.64141414e-05 -1.64141414e-05 9.99998661e+07 6.07317305e+02 6.61900616e+02
-1.59090909e-05 -1.64141414e-05 9.99998324e+07 6.62676164e+02 6.85234071e+02
-1.54040404e-05 -1.64141414e-05 9.99997947e+07 7.23810244e+02 7.08669249e+02
-1.48989899e-05 -1.64141414e-05 9.99997531e+07 7.91335717e+02 7.31448357e+02
-1.43939394e-05 -1.64141414e-05 9.99997081e+07 8.65779441e+02 7.52550732e+02
-1.38888889e-05 -1.64141414e-05 9.99996602e+07 9.47512591e+02 7.70645534e+02
-1.33838384e-05 -1.64141414e-05 9.99996103e+07 1.03666090e+03 7.84040930e+02
-1.28787879e-05 -1.64141414e-05 9.99995598e+07 1.13298310e+03 7.90634689e+02
-1.23737374e-05 -1.64141414e-05 9.99995102e+07 1.23570861e+03 7.87876664e+02
-1.18686869e-05 -1.64141414e-05 9.99994638e+07 1.34332781e+03 7.72761707e+02
-1.13636364e-05 -1.64141414e-05 9.99994229e+07 1.45333492e+03 7.41881817e+02
-1.08585859e-05 -1.64141414e-05 9.99993903e+07 1.56193824e+03 6.91577498e+02
-1.03535354e-05 -1.64141414e-05 9.99993690e+07 1.66377706e+03 6.18236652e+02
-9.84848485e-06 -1.64141414e-05 9.99993615e+07 1.75172110e+03 5.18788146e+02
-9.34343434e-06 -1.64141414e-05 9.99993696e+07 1.81687246e+03 3.91415595e+02
-8.83838384e-06 -1.64141414e-05 9.99993938e+07 1.84892948e+03 2.36462378e+02
-8.33333333e-06 -1.64141414e-05 9.99994325e+07 1.83707925e+03 5.74034470e+01
-7.82828283e-06 -1.64141414e-05 9.99994813e+07 1.77152141e+03 -1.38366803e+02
-7.32323232e-06 -1.64141414e-05 9.99995331e+07 1.64555502e+03 -3.39294602e+02
-6.81818182e-06 -1.64141414e-05 9.99995788e+07 1.45788439e+03 -5.30356894e+02
-6.31313131e-06 -1.64141414e-05 9.99996086e+07 1.21450343e+03 -6.94895259e+02
-5.80808081e-06 -1.64141414e-05 9.99996144e+07 9.29372371e+02 -8.17425702e+02
-5.30303030e-06 -1.64141414e-05 9.99995917e+07 6.23288367e+02 -8.86776886e+02
-4.79797980e-06 -1.64141414e-05 9.99995416e+07 3.20914712e+02 -8.98588712e+02
-4.29292929e-06 -1.64141414e-05 9.99994707e+07 4.66590108e+01 -8.56291340e+02
-3.78787879e-06 -1.64141414e-05 9.99993899e+07 -1.79410198e+02 -7.70213903e+02
-3.28282828e-06 -1.64141414e-05 9.99993120e+07 -3.44444581e+02 -6.55179583e+02
-2.77777778e-06 -1.64141414e-05 9.99992490e+07 -4.43856209e+02 -5.27444646e+02
-2.27272727e-06 -1.64141414e-05 9.99992100e+07 -4.80580906e+02 -4.01906695e+02
-1.76767677e-06 -1.64141414e-05 9.99992005e+07 -4.63147035e+02 -2.90202922e+02
-1.26262626e-06 -1.64141414e-05 9.99992217e+07 -4.03296265e+02 -1.99883054e+02
-7.57575758e-07 -1.64141414e-05 9.99992714e+07 -3.13771736e+02 -1.34496570e+02
-2.52525253e-07 -1.64141414e-05 9.99993450e+07 -2.06627915e+02 -9.42707914e+01
2.52525253e-07 -1.64141414e-05 9.99994368e+07 -9.21689506e+01 -7.70505527e+01
7.57575758e-07 -1.64141414e-05 9.99995405e+07 2.15434445e+01 -7.92490590e+01
1.26262626e-06 -1.64141414e-05 9.99996500e+07 1.28750204e+02 -9.66597916e+01
1.76767677e-06 -1.64141414e-05 9.99997602e+07 2.25776312e+02 -1.25065023e+02
2.27272727e-06 -1.64141414e-05 9.99998669e+07 3.10666749e+02 -1.60635586e+02
2.77777778e-06 -1.64141414e-05 9.99999669e+07 3.82776630e+02 -2.00150075e+02
3.28282828e-06 -1.64141414e-05 1.00000058e+08 4.42380474e+02 -2.41075660e+02
3.78787879e-06 -1.64141414e-05 1.00000139e+08 4.90336230e+02 -2.81554065e+02
4.29292929e-06 -1.64141414e-05 1.00000209e+08 5.27818095e+02 -3.20330481e+02
4.79797980e-06 -1.64141414e-05 1.00000269e+08 5.56118057e+02 -3.56654621e+02
5.30303030e-06 -1.64141414e-05 1.00000317e+08 5.76508262e+02 -3.90174220e+02
5.80808081e-06 -1.64141414e-05 1.00000356e+08 5.90152950e+02 -4.20833627e+02
6.31313131e-06 -1.64141414e-05 1.00000385e+08 5.98058296e+02 -4.48784238e+02
6.81818182e-06 -1.64141414e-05 1.00000406e+08 6.01049673e+02 -4.74309393e+02
7.32323232e-06 -1.64141414e-05 1.00000419e+08 5.99767779e+02 -4.97763786e+02
7.82828283e-06 -1.64141414e-05 1.00000425e+08 5.94677095e+02 -5.19526011e+02
8.33333333e-06 -1.64141414e-05 1.00000425e+08 5.86081982e+02 -5.39962285e+02
8.83838384e-06 -1.64141414e-05 1.00000419e+08 5.74147225e+02 -5.59399279e+02
9.34343434e-06 -1.64141414e-05 1.00000409e+08 5.58921016e+02 -5.78104210e+02
9.84848485e-06 -1.64141414e-05 1.00000396e+08 5.40359121e+02 -5.96270715e+02
1.03535354e-05 -1.64141414e-05 1.00000379e+08 5.18349572e+02 -6.14009374e+02
1.08585859e-05 -1.64141414e-05 1.00000359e+08 4.92737467e+02 -6.31342177e+02
1.13636364e-05 -1.64141414e-05 1.00000338e+08 4.63349627e+02 -6.48200492e+02
1.18686869e-05 -1.64141414e-05 1.00000316e+08 4.30018844e+02 -6.64426370e+02
1.23737374e-05 -1.64141414e-05 1.00000293e+08 3.92607380e+02 -6.79777148e+02
1.28787879e-05 -1.64141414e-05 1.00000271e+08 3.51029233e+02 -6.93933408e+02
1.33838384e-05 -1.64141414e-05 1.00000249e+08 3.05270556e+02 -7.06510309e+02
1.38888889e-05 -1.64141414e-05 1.00000228e+08 2.55407484e+02 -7.17072222e+02
1.43939394e-05 -1.64141414e-05 1.00000209e+08 2.01620527e+02 -7.25150442e+02
1.48989899e-05 -1.64141414e-05 1.00000193e+08 1.44204673e+02 -7.30263517e+02
1.54040404e-05 -1.64141414e-05 1.00000179e+08 8.35744201e+01 -7.31939533e+02
1.59090909e-05 -1.64141414e-05 1.00000168e+08 2.02631024e+01 -7.29739412e+02
1.64141414e-05 -1.64141414e-05 1.00000160e+08 -4.50838679e+01 -7.23280110e+02
1.69191919e-05 -1.64141414e-05 1.00000156e+08 -1.11721882e+02 -7.12256466e+02
1.74242424e-05 -1.64141414e-05 1.00000155e+08 -1.78825800e+02 -6.96460381e+02
1.79292929e-05 -1.64141414e-05 1.00000158e+08 -2.45513638e+02 -6.75796096e+02
1.84343434e-05 -1.64141414e-05 1.00000163e+08 -3.10874154e+02 -6.50290515e+02
1.89393939e-05 -1.64141414e-05 1.00000171e+08 -3.73996841e+02 -6.20097788e+02
1.94444444e-05 -1.64141414e-05 1.00000182e+08 -4.34002682e+02 -5.85497763e+02
1.99494949e-05 -1.64141414e-05 1.00000195e+08 -4.90073872e+02 -5.46888337e+02
2.04545455e-05 -1.64141414e-05 1.00000209e+08 -5.41480818e+02 -5.04772164e+02
2.09595960e-05 -1.64141414e-05 1.00000224e+08 -5.87604922e+02 -4.59738562e+02
2.14646465e-05 -1.64141414e-05 1.00000239e+08 -6.27955958e+02 -4.12441820e+02
2.19696970e-05 -1.64141414e-05 1.00000255e+08 -6.62183308e+02 -3.63577264e+02
2.24747475e-05 -1.64141414e-05 1.00000269e+08 -6.90080738e+02 -3.13856570e+02
2.29797980e-05 -1.64141414e-05 1.00000283e+08 -7.11584877e+02 -2.63983735e+02
2.34848485e-05 -1.64141414e-05 1.00000295e+08 -7.26767947e+02 -2.14632997e+02
2.39898990e-05 -1.64141414e-05 1.00000305e+08 -7.35825635e+02 -1.66429716e+02
2.44949495e-05 -1.64141414e-05 1.00000313e+08 -7.39061199e+02 -1.19934941e+02
2.50000000e-05 -1.64141414e-05 1.00000320e+08 -7.36867017e+02 -7.56340860e+01
-2.50000000e-05 -1.59090909e-05 1.00000022e+08 6.10893885e+01 3.98224252e+02
-2.44949495e-05 -1.59090909e-05 1.00000026e+08 8.27217412e+01 4.10342500e+02
-2.39898990e-05 -1.59090909e-05 1.00000030e+08 1.05176990e+02 4.22398769e+02
-2.34848485e-05 -1.59090909e-05 1.00000033e+08 1.28425976e+02 4.34431853e+02
-2.29797980e-05 -1.59090909e-05 1.00000036e+08 1.52445115e+02 4.46500846e+02
-2.24747475e-05 -1.59090909e-05 1.00000037e+08 1.77221704e+02 4.58688086e+02
-2.19696970e-05 -1.59090909e-05 1.00000037e+08 2.02760667e+02 4.71101635e+02
-2.14646465e-05 -1.59090909e-05 1.00000036e+08 2.29092827e+02 4.83876889e+02
-2.09595960e-05 -1.59090909e-05 1.00000033e+08 2.56284659e+02 4.97176770e+02
-2.04545455e-05 -1.59090909e-05 1.00000028e+08 2.84449269e+02 5.11189874e+02
-1.99494949e-05 -1.59090909e-05 1.00000021e+08 3.13758112e+02 5.26125907e+02
-1.94444444e-05 -1.59090909e-05 1.00000012e+08 3.44452687e+02 5.42207778e+02
-1.89393939e-05 -1.59090909e-05 9.99999998e+07 3.76855180e+02 5.59659861e+02
-1.84343434e-05 -1.59090909e-05 9.99999847e+07 4.11376824e+02 5.78692146e+02
-1.79292929e-05 -1.59090909e-05 9.99999662e+07 4.48522719e+02 5.99480342e+02
-1.74242424e-05 -1.59090909e-05 9.99999438e+07 4.88891941e+02 6.22142227e+02
-1.69191919e-05 -1.59090909e-05 9.99999172e+07 5.33172126e+02 6.46710725e+02
-1.64141414e-05 -1.59090909e-05 9.99998859e+07 5.82128031e+02 6.73104065e+02
-1.59090909e-05 -1.59090909e-05 9.99998498e+07 6.36583880e+02 7.01092933e+02
-1.54040404e-05 -1.59090909e-05 9.99998086e+07 6.97399196e+02 7.30263758e+02
-1.48989899e-05 -1.59090909e-05 9.99997623e+07 7.65437019e+02 7.59976281e+02
-1.43939394e-05 -1.59090909e-05 9.99997112e+07 8.41521775e+02 7.89312761e+02
-1.38888889e-05 -1.59090909e-05 9.99996556e+07 9.26381384e+02 8.17015948e+02
-1.33838384e-05 -1.59090909e-05 9.99995963e+07 1.02056466e+03 8.41414040e+02
-1.28787879e-05 -1.59090909e-05 9.99995346e+07 1.12432106e+03 8.60333993e+02
-1.23737374e-05 -1.59090909e-05 9.99994721e+07 1.23742644e+03 8.71010780e+02
-1.18686869e-05 -1.59090909e-05 9.99994110e+07 1.35893693e+03 8.70010422e+02
-1.13636364e-05 -1.59090909e-05 9.99993542e+07 1.48685684e+03 8.53199804e+02
-1.08585859e-05 -1.59090909e-05 9.99993051e+07 1.61771924e+03 8.15816209e+02
-1.03535354e-05 -1.59090909e-05 9.99992675e+07 1.74610637e+03 7.52711466e+02
-9.84848485e-06 -1.59090909e-05 9.99992455e+07 1.86418691e+03 6.58861921e+02
-9.34343434e-06 -1.59090909e-05 9.99992424e+07 1.96142205e+03 5.30230020e+02
-8.83838384e-06 -1.59090909e-05 9.99992603e+07 2.02468148e+03 3.65010793e+02
-8.33333333e-06 -1.59090909e-05 9.99992987e+07 2.03907951e+03 1.65168270e+02
-7.82828283e-06 -1.59090909e-05 9.99993536e+07 1.98981996e+03 -6.20481312e+01
-7.32323232e-06 -1.59090909e-05 9.99994168e+07 1.86513210e+03 -3.03173557e+02
-6.81818182e-06 -1.59090909e-05 9.99994766e+07 1.65993235e+03 -5.38909757e+02
-6.31313131e-06 -1.59090909e-05 9.99995192e+07 1.37924374e+03 -7.46395796e+02
-5.80808081e-06 -1.59090909e-05 9.99995325e+07 1.03995845e+03 -9.03337088e+02
-5.30303030e-06 -1.59090909e-05 9.99995094e+07 6.69676847e+02 -9.93030352e+02
-4.79797980e-06 -1.59090909e-05 9.99994509e+07 3.02319368e+02 -1.00857218e+03
-4.29292929e-06 -1.59090909e-05 9.99993659e+07 -2.83694641e+01 -9.54576730e+02
-3.78787879e-06 -1.59090909e-05 9.99992697e+07 -2.95270860e+02 -8.45714024e+02
-3.28282828e-06 -1.59090909e-05 9.99991798e+07 -4.82196612e+02 -7.02761962e+02
-2.77777778e-06 -1.59090909e-05 9.99991120e+07 -5.85029926e+02 -5.47783373e+02
-2.27272727e-06 -1.59090909e-05 9.99990774e+07 -6.10035543e+02 -4.00036969e+02
-1.76767677e-06 -1.59090909e-05 9.99990812e+07 -5.70529690e+02 -2.73534946e+02
-1.26262626e-06 -1.59090909e-05 9.99991233e+07 -4.83213298e+02 -1.76335985e+02
-7.57575758e-07 -1.59090909e-05 9.99991991e+07 -3.65082491e+02 -1.11128875e+02
-2.52525253e-07 -1.59090909e-05 9.99993014e+07 -2.31316894e+02 -7.65058255e+01
2.52525253e-07 -1.59090909e-05 9.99994220e+07 -9.41540464e+01 -6.84185087e+01
7.57575758e-07 -1.59090909e-05 9.99995527e+07 3.74484559e+01 -8.14928549e+01
1.26262626e-06 -1.59090909e-05 9.99996862e+07 1.57621909e+02 -1.10048698e+02
1.76767677e-06 -1.59090909e-05 9.99998167e+07 2.63102958e+02 -1.48789936e+02
2.27272727e-06 -1.59090909e-05 9.99999396e+07 3.52638044e+02 -1.93199586e+02
2.77777778e-06 -1.59090909e-05 1.00000052e+08 4.26395525e+02 -2.39704556e+02
3.28282828e-06 -1.59090909e-05 1.00000152e+08 4.85452881e+02 -2.85680761e+02
3.78787879e-06 -1.59090909e-05 1.00000238e+08 5.31387523e+02 -3.29361342e+02
4.29292929e-06 -1.59090909e-05 1.00000311e+08 5.65974056e+02 -3.69696926e+02
4.79797980e-06 -1.59090909e-05 1.00000371e+08 5.90976382e+02 -4.06202063e+02
5.30303030e-06 -1.59090909e-05 1.00000419e+08 6.08016713e+02 -4.38808952e+02
5.80808081e-06 -1.59090909e-05 1.00000455e+08 6.18502583e+02 -4.67739547e+02
6.31313131e-06 -1.59090909e-05 1.00000481e+08 6.23594870e+02 -4.93400134e+02
6.81818182e-06 -1.59090909e-05 1.00000497e+08 6.24203087e+02 -5.16298207e+02
7.32323232e-06 -1.59090909e-05 1.00000506e+08 6.20997596e+02 -5.36979122e+02
7.82828283e-06 -1.59090909e-05 1.00000507e+08 6.14431513e+02 -5.55979129e+02
8.33333333e-06 -1.59090909e-05 1.00000502e+08 6.04767539e+02 -5.73791263e+02
8.83838384e-06 -1.59090909e-05 1.00000492e+08 5.92106849e+02 -5.90841009e+02
9.34343434e-06 -1.59090909e-05 1.00000477e+08 5.76418449e+02 -6.07469221e+02
9.84848485e-06 -1.59090909e-05 1.00000458e+08 5.57568324e+02 -6.23920452e+02
1.03535354e-05 -1.59090909e-05 1.00000436e+08 5.35348125e+02 -6.40335426e+02
1.08585859e-05 -1.59090909e-05 1.00000412e+08 5.09503448e+02 -6.56746947e+02
1.13636364e-05 -1.59090909e-05 1.00000386e+08 4.79761737e+02 -6.73078924e+02
1.18686869e-05 -1.59090909e-05 1.00000359e+08 4.45859786e+02 -6.89148510e+02
1.23737374e-05 -1.59090909e-05 1.00000331e+08 4.07570617e+02 -7.04671554e+02
1.28787879e-05 -1.59090909e-05 1.00000304e+08 3.64729277e+02 -7.19271612e+02
1.33838384e-05 -1.59090909e-05 1.00000278e+08 3.17256868e+02 -7.32492765e+02
1.38888889e-05 -1.59090909e-05 1.00000254e+08 2.65181909e+02 -7.43816337e+02
1.43939394e-05 -1.59090909e-05 1.00000231e+08 2.08657963e+02 -7.52681378e+02
1.48989899e-05 -1.59090909e-05 1.00000211e+08 1.47976403e+02 -7.58508521e+02
1.54040404e-05 -1.59090909e-05 1.00000195e+08 8.35732512e+01 -7.60726439e+02
1.59090909e-05 -1.59090909e-05 1.00000182e+08 1.60291798e+01 -7.58799845e+02
1.64141414e-05 -1.59090909e-05 1.00000172e+08 -5.39379113e+01 -7.52257656e+02
1.69191919e-05 -1.59090909e-05 1.00000167e+08 -1.25487907e+02 -7.40719742e+02
1.74242424e-05 -1.59090909e-05 1.00000165e+08 -1.97680741e+02 -7.23920591e+02
1.79292929e-05 -1.59090909e-05 1.00000167e+08 -2.69505030e+02 -7.01728279e+02
1.84343434e-05 -1.59090909e-05 1.00000173e+08 -3.39911666e+02 -6.74157339e+02
1.89393939e-05 -1.59090909e-05 1.00000181e+08 -4.07850534e+02 -6.41374520e+02
1.94444444e-05 -1.59090909e-05 1.00000193e+08 -4.72308190e+02 -6.03696880e+02
1.99494949e-05 -1.59090909e-05 1.00000207e+08 -5.32344250e+02 -5.61582237e+02
2.04545455e-05 -1.59090909e-05 1.00000222e+08 -5.87124291e+02 -5.15612572e+02
2.09595960e-05 -1.59090909e-05 1.00000238e+08 -6.35947340e+02 -4.66471505e+02
2.14646465e-05 -1.59090909e-05 1.00000255e+08 -6.78266485e+02 -4.14917376e+02
2.19696970e-05 -1.59090909e-05 1.00000271e+08 -7.13701683e+02 -3.61753725e+02
2.24747475e-05 -1.59090909e-05 1.00000287e+08 -7.42044439e+02 -3.07799089e+02
2.29797980e-05 -1.59090909e-05 1.00000301e+08 -7.63254649e+02 -2.53857915e+02
2.34848485e-05 -1.59090909e-05 1.00000314e+08 -7.77450402e+02 -2.00694199e+02
2.39898990e-05 -1.59090909e-05 1.00000325e+08 -7.84891952e+02 -1.49009088e+02
2.44949495e-05 -1.59090909e-05 1.00000333e+08 -7.85961333e+02 -9.94232998e+01
2.50000000e-05 -1.59090909e-05 1.00000339e+08 -7.81139181e+02 -5.24647671e+01
-2.50000000e-05 -1.54040404e-05 1.00000033e+08 4.89157993e+01 3.96075346e+02
-2.44949495e-05 -1.54040404e-05 1.00000039e+08 7.06500388e+01 4.08187304e+02
-2.39898990e-05 -1.54040404e-05 1.00000044e+08 9.31794191e+01 4.20178742e+02
-2.34848485e-05 -1.54040404e-05 1.00000048e+08 1.16454719e+02 4.32085049e+02
-2.29797980e-05 -1.54040404e-05 1.00000051e+08 1.40428635e+02 4.43965004e+02
-2.24747475e-05 -1.54040404e-05 1.00000054e+08 1.65061225e+02 4.55905094e+02
-2.19696970e-05 -1.54040404e-05 1.00000055e+08 1.90327177e+02 4.68023660e+02
-2.14646465e-05 -1.54040404e-05 1.00000055e+08 2.16225125e+02 4.80474410e+02
-2.09595960e-05 -1.54040404e-05 1.00000054e+08 2.42789087e+02 4.93448656e+02
-2.04545455e-05 -1.54040404e-05 1.00000050e+08 2.70101883e+02 5.07175500e+02
-1.99494949e-05 -1.54040404e-05 1.00000045e+08 2.98310074e+02 5.21919072e+02
-1.94444444e-05 -1.54040404e-05 1.00000037e+08 3.27639573e+02 5.37971961e+02
-1.89393939e-05 -1.54040404e-05 1.00000026e+08 3.58410679e+02 5.55644082e+02
-1.84343434e-05 -1.54040404e-05 1.00000012e+08 3.91050992e+02 5.75246619e+02
-1.79292929e-05 -1.54040404e-05 9.99999943e+07 4.26104522e+02 5.97071067e+02
-1.74242424e-05 -1.54040404e-05 9.99999723e+07 4.64235528e+02 6.21363950e+02
-1.69191919e-05 -1.54040404e-05 9.99999455e+07 5.06226123e+02 6.48298108e+02
-1.64141414e-05 -1.54040404e-05 9.99999134e+07 5.52967487e+02 6.77941407e+02
-1.59090909e-05 -1.54040404e-05 9.99998757e+07 6.05445264e+02 7.10223117e+02
-1.54040404e-05 -1.54040404e-05 9.99998317e+07 6.64720067e+02 7.44896924e+02
-1.48989899e-05 -1.54040404e-05 9.99997814e+07 7.31903452e+02 7.81497739e+02
-1.43939394e-05 -1.54040404e-05 9.99997247e+07 8.08127826e+02 8.19287490e+02
-1.38888889e-05 -1.54040404e-05 9.99996617e+07 8.94505195e+02 8.57183532e+02
-1.33838384e-05 -1.54040404e-05 9.99995930e+07 9.92064436e+02 8.93662996e+02
-1.28787879e-05 -1.54040404e-05 9.99995194e+07 1.10165006e+03 9.26638356e+02
-1.23737374e-05 -1.54040404e-05 9.99994426e+07 1.22375785e+03 9.53305049e+02
-1.18686869e-05 -1.54040404e-05 9.99993647e+07 1.35827591e+03 9.69973093e+02
-1.13636364e-05 -1.54040404e-05 9.99992887e+07 1.50409590e+03 9.71913529e+02
-1.08585859e-05 -1.54040404e-05 9.99992186e+07 1.65856512e+03 9.53279723e+02
-1.03535354e-05 -1.54040404e-05 9.99991593e+07 1.81677416e+03 9.07203620e+02
-9.84848485e-06 -1.54040404e-05 9.99991162e+07 1.97073223e+03 8.26212943e+02
-9.34343434e-06 -1.54040404e-05 9.99990949e+07 2.10858900e+03 7.03148876e+02
-8.83838384e-06 -1.54040404e-05 9.99990999e+07 2.21422363e+03 5.32745119e+02
-8.33333333e-06 -1.54040404e-05 9.99991332e+07 2.26771005e+03 3.13893654e+02
-7.82828283e-06 -1.54040404e-05 9.99991921e+07 2.24727971e+03 5.23028361e+01
-7.32323232e-06 -1.54040404e-05 9.99992677e+07 2.13324386e+03 -2.37248809e+02
-6.81818182e-06 -1.54040404e-05 9.99993450e+07 1.91368734e+03 -5.30357281e+02
-6.31313131e-06 -1.54040404e-05 9.99994051e+07 1.59059000e+03 -7.95487158e+02
-5.80808081e-06 -1.54040404e-05 9.99994296e+07 1.18386344e+03 -9.99991648e+02
-5.30303030e-06 -1.54040404e-05 9.99994070e+07 7.30616212e+02 -1.11833186e+03
-4.79797980e-06 -1.54040404e-05 9.99993377e+07 2.78575445e+02 -1.13940205e+03
-4.29292929e-06 -1.54040404e-05 9.99992343e+07 -1.24510631e+02 -1.06963611e+03
-3.78787879e-06 -1.54040404e-05 9.99991188e+07 -4.41406693e+02 -9.30481521e+02
-3.28282828e-06 -1.54040404e-05 9.99990155e+07 -6.51910080e+02 -7.51668590e+02
-2.77777778e-06 -1.54040404e-05 9.99989451e+07 -7.53748821e+02 -5.63436961e+02
-2.27272727e-06 -1.54040404e-05 9.99989206e+07 -7.58941301e+02 -3.90566233e+02
-1.76767677e-06 -1.54040404e-05 9.99989461e+07 -6.88065922e+02 -2.49453774e+02
-1.26262626e-06 -1.54040404e-05 9.99990187e+07 -5.64683548e+02 -1.47941835e+02
-7.57575758e-07 -1.54040404e-05 9.99991300e+07 -4.11168238e+02 -8.68545199e+01
-2.52525253e-07 -1.54040404e-05 9.99992692e+07 -2.46252868e+02 -6.21967815e+01
2.52525253e-07 -1.54040404e-05 9.99994251e+07 -8.40381141e+01 -6.72979674e+01
7.57575758e-07 -1.54040404e-05 9.99995876e+07 6.59814936e+01 -9.45384439e+01
1.26262626e-06 -1.54040404e-05 9.99997479e+07 1.98305444e+02 -1.36551946e+02
1.76767677e-06 -1.54040404e-05 9.99998997e+07 3.10562542e+02 -1.86939700e+02
2.27272727e-06 -1.54040404e-05 1.00000039e+08 4.02616779e+02 -2.40596208e+02
2.77777778e-06 -1.54040404e-05 1.00000162e+08 4.75772224e+02 -2.93762238e+02
3.28282828e-06 -1.54040404e-05 1.00000269e+08 5.32134594e+02 -3.43910193e+02
3.78787879e-06 -1.54040404e-05 1.00000358e+08 5.74140084e+02 -3.89544990e+02
4.29292929e-06 -1.54040404e-05 1.00000432e+08 6.04234946e+02 -4.29978799e+02
4.79797980e-06 -1.54040404e-05 1.00000490e+08 6.24677108e+02 -4.65115773e+02
5.30303030e-06 -1.54040404e-05 1.00000534e+08 6.37428749e+02 -4.95265529e+02
5.80808081e-06 -1.54040404e-05 1.00000566e+08 6.44111832e+02 -5.20992120e+02
6.31313131e-06 -1.54040404e-05 1.00000587e+08 6.46004097e+02 -5.42997908e+02
6.81818182e-06 -1.54040404e-05 1.00000598e+08 6.44058869e+02 -5.62037929e+02
7.32323232e-06 -1.54040404e-05 1.00000600e+08 6.38937242e+02 -5.78858869e+02
7.82828283e-06 -1.54040404e-05 1.00000596e+08 6.31045398e+02 -5.94156815e+02
8.33333333e-06 -1.54040404e-05 1.00000585e+08 6.20572835e+02 -6.08548605e+02
8.83838384e-06 -1.54040404e-05 1.00000569e+08 6.07529441e+02 -6.22552691e+02
9.34343434e-06 -1.54040404e-05 1.00000548e+08 5.91780669e+02 -6.36576443e+02
9.84848485e-06 -1.54040404e-05 1.00000524e+08 5.73080885e+02 -6.50907835e+02
1.03535354e-05 -1.54040404e-05 1.00000496e+08 5.51105321e+02 -6.65710250e+02
1.08585859e-05 -1.54040404e-05 1.00000466e+08 5.25481203e+02 -6.81019829e+02
1.13636364e-05 -1.54040404e-05 1.00000435e+08 4.95818491e+02 -6.96745283e+02
1.18686869e-05 -1.54040404e-05 1.00000403e+08 4.61740464e+02 -7.12670449e+02
1.23737374e-05 -1.54040404e-05 1.00000371e+08 4.22914084e+02 -7.28460097e+02
1.28787879e-05 -1.54040404e-05 1.00000339e+08 3.79079685e+02 -7.43669551e+02
1.33838384e-05 -1.54040404e-05 1.00000308e+08 3.30079205e+02 -7.57758658e+02
1.38888889e-05 -1.54040404e-05 1.00000279e+08 2.75881847e+02 -7.70110440e+02
1.43939394e-05 -1.54040404e-05 1.00000253e+08 2.16605797e+02 -7.80054465e+02
1.48989899e-05 -1.54040404e-05 1.00000230e+08 1.52534513e+02 -7.86894593e+02
1.54040404e-05 -1.54040404e-05 1.00000210e+08 8.41261017e+01 -7.89940286e+02
1.59090909e-05 -1.54040404e-05 1.00000195e+08 1.20145087e+01 -7.88540227e+02
1.64141414e-05 -1.54040404e-05 1.00000183e+08 -6.29983855e+01 -7.82116558e+02
1.69191919e-05 -1.54040404e-05 1.00000176e+08 -1.39960130e+02 -7.70197739e+02
1.74242424e-05 -1.54040404e-05 1.00000174e+08 -2.17794223e+02 -7.52447878e+02
1.79292929e-05 -1.54040404e-05 1.00000176e+08 -2.95334768e+02 -7.28690403e+02
1.84343434e-05 -1.54040404e-05 1.00000181e+08 -3.71367521e+02 -6.98924239e+02
1.89393939e-05 -1.54040404e-05 1.00000191e+08 -4.44674987e+02 -6.63331096e+02
1.94444444e-05 -1.54040404e-05 1.00000203e+08 -5.14082820e+02 -6.22273126e+02
1.99494949e-05 -1.54040404e-05 1.00000218e+08 -5.78504560e+02 -5.76280961e+02
2.04545455e-05 -1.54040404e-05 1.00000235e+08 -6.36981901e+02 -5.26032891e+02
2.09595960e-05 -1.54040404e-05 1.00000253e+08 -6.88717994e+02 -4.72326661e+02
2.14646465e-05 -1.54040404e-05 1.00000271e+08 -7.33101918e+02 -4.16045904e+02
2.19696970e-05 -1.54040404e-05 1.00000289e+08 -7.69723191e+02 -3.58123568e+02
2.24747475e-05 -1.54040404e-05 1.00000306e+08 -7.98376019e+02 -2.99504812e+02
2.29797980e-05 -1.54040404e-05 1.00000321e+08 -8.19053738e+02 -2.41111696e+02
2.34848485e-05 -1.54040404e-05 1.00000334e+08 -8.31934621e+02 -1.83811669e+02
2.39898990e-05 -1.54040404e-05 1.00000345e+08 -8.37360708e+02 -1.28391378e+02
2.44949495e-05 -1.54040404e-05 1.00000353e+08 -8.35811619e+02 -7.55367557e+01
2.50000000e-05 -1.54040404e-05 1.00000358e+08 -8.27875415e+02 -2.58197820e+01
-2.50000000e-05 -1.48989899e-05 1.00000045e+08 3.67505287e+01 3.93274771e+02
-2.44949495e-05 -1.48989899e-05 1.00000052e+08 5.86519885e+01 4.05314244e+02
-2.39898990e-05 -1.48989899e-05 1.00000058e+08 8.13277120e+01 4.17153915e+02
-2.34848485e-05 -1.48989899e-05 1.00000064e+08 1.04706269e+02 4.28820642e+02
-2.29797980e-05 -1.48989899e-05 1.00000069e+08 1.28713207e+02 4.40367042e+02
-2.24747475e-05 -1.48989899e-05 1.00000073e+08 1.53276291e+02 4.51877330e+02
-2.19696970e-05 -1.48989899e-05 1.00000075e+08 1.78332964e+02 4.63473380e+02
-2.14646465e-05 -1.48989899e-05 1.00000077e+08 2.03840416e+02 4.75320552e+02
-2.09595960e-05 -1.48989899e-05 1.00000077e+08 2.29788566e+02 4.87632548e+02
-2.04545455e-05 -1.48989899e-05 1.00000075e+08 2.56215981e+02 5.00674342e+02
-1.99494949e-05 -1.48989899e-05 1.00000072e+08 2.83228368e+02 5.14762024e+02
-1.94444444e-05 -1.48989899e-05 1.00000066e+08 3.11018745e+02 5.30258306e+02
-1.89393939e-05 -1.48989899e-05 1.00000057e+08 3.39887785e+02 5.47562628e+02
-1.84343434e-05 -1.48989899e-05 1.00000044e+08 3.70262291e+02 5.67095166e+02
-1.79292929e-05 -1.48989899e-05 1.00000028e+08 4.02709468e+02 5.89274825e+02
-1.74242424e-05 -1.48989899e-05 1.00000007e+08 4.37944904e+02 6.14492093e+02
-1.69191919e-05 -1.48989899e-05 9.99999814e+07 4.76832934e+02 6.43078419e+02
-1.64141414e-05 -1.48989899e-05 9.99999496e+07 5.20379483e+02 6.75273994e+02
-1.59090909e-05 -1.48989899e-05 9.99999112e+07 5.69719041e+02 7.11195151e+02
-1.54040404e-05 -1.48989899e-05 9.99998657e+07 6.26098683e+02 7.50800809e+02
-1.48989899e-05 -1.48989899e-05 9.99998125e+07 6.90862094e+02 7.93854512e+02
-1.43939394e-05 -1.48989899e-05 9.99997511e+07 7.65434767e+02 8.39875075e+02
-1.38888889e-05 -1.48989899e-05 9.99996816e+07 8.51307381e+02 8.88065385e+02
-1.33838384e-05 -1.48989899e-05 9.99996039e+07 9.50007464e+02 9.37206376e+02
-1.28787879e-05 -1.48989899e-05 9.99995186e+07 1.06303992e+03 9.85502768e+02
-1.23737374e-05 -1.48989899e-05 9.99994268e+07 1.19176479e+03 1.03037032e+03
-1.18686869e-05 -1.48989899e-05 9.99993304e+07 1.33716646e+03 1.06816346e+03
-1.13636364e-05 -1.48989899e-05 9.99992323e+07 1.49945384e+03 1.09386140e+03
-1.08585859e-05 -1.48989899e-05 9.99991365e+07 1.67742154e+03 1.10076574e+03
-1.03535354e-05 -1.48989899e-05 9.99990488e+07 1.86750845e+03 1.08032086e+03
-9.84848485e-06 -1.48989899e-05 9.99989763e+07 2.06253632e+03 1.02225360e+03
-9.34343434e-06 -1.48989899e-05 9.99989272e+07 2.25023275e+03 9.15331315e+02
-8.83838384e-06 -1.48989899e-05 9.99989095e+07 2.41188468e+03 7.49111919e+02
-8.33333333e-06 -1.48989899e-05 9.99989290e+07 2.52184485e+03 5.16997083e+02
-7.82828283e-06 -1.48989899e-05 9.99989864e+07 2.54902776e+03 2.20522485e+02
-7.32323232e-06 -1.48989899e-05 9.99990737e+07 2.46165755e+03 -1.26031374e+02
-6.81818182e-06 -1.48989899e-05 9.99991727e+07 2.23579890e+03 -4.92823408e+02
-6.31313131e-06 -1.48989899e-05 9.99992568e+07 1.86616226e+03 -8.36334357e+02
-5.80808081e-06 -1.48989899e-05 9.99992980e+07 1.37486903e+03 -1.10789971e+03
-5.30303030e-06 -1.48989899e-05 9.99992774e+07 8.12452601e+02 -1.26743655e+03
-4.79797980e-06 -1.48989899e-05 9.99991938e+07 2.47890775e+02 -1.29668849e+03
-4.29292929e-06 -1.48989899e-05 9.99990660e+07 -2.49400630e+02 -1.20506078e+03
-3.78787879e-06 -1.48989899e-05 9.99989263e+07 -6.27454333e+02 -1.02498046e+03
-3.28282828e-06 -1.48989899e-05 9.99988092e+07 -8.61704979e+02 -7.99922092e+02
-2.77777778e-06 -1.48989899e-05 9.99987413e+07 -9.54598963e+02 -5.71608442e+02
-2.27272727e-06 -1.48989899e-05 9.99987368e+07 -9.27978301e+02 -3.71466886e+02
-1.76767677e-06 -1.48989899e-05 9.99987969e+07 -8.13289672e+02 -2.17692084e+02
-1.26262626e-06 -1.48989899e-05 9.99989132e+07 -6.43330443e+02 -1.16483520e+02
-7.57575758e-07 -1.48989899e-05 9.99990721e+07 -4.46962729e+02 -6.52654667e+01
-2.52525253e-07 -1.48989899e-05 9.99992581e+07 -2.46629849e+02 -5.62158826e+01
2.52525253e-07 -1.48989899e-05 9.99994564e+07 -5.78795885e+01 -7.92308442e+01
7.57575758e-07 -1.48989899e-05 9.99996548e+07 1.09932187e+02 -1.24039563e+02
1.26262626e-06 -1.48989899e-05 9.99998437e+07 2.52393661e+02 -1.81498937e+02
1.76767677e-06 -1.48989899e-05 1.00000017e+08 3.68665771e+02 -2.44226256e+02
2.27272727e-06 -1.48989899e-05 1.00000170e+08 4.60231725e+02 -3.06761092e+02
2.77777778e-06 -1.48989899e-05 1.00000302e+08 5.29882660e+02 -3.65433213e+02
3.28282828e-06 -1.48989899e-05 1.00000412e+08 5.80968647e+02 -4.18078519e+02
3.78787879e-06 -1.48989899e-05 1.00000502e+08 6.16893302e+02 -4.63704037e+02
4.29292929e-06 -1.48989899e-05 1.00000572e+08 6.40806202e+02 -5.02165093e+02
4.79797980e-06 -1.48989899e-05 1.00000626e+08 6.55441510e+02 -5.33887467e+02
5.30303030e-06 -1.48989899e-05 1.00000664e+08 6.63055900e+02 -5.59646229e+02
5.80808081e-06 -1.48989899e-05 1.00000689e+08 6.65428262e+02 -5.80400103e+02
6.31313131e-06 -1.48989899e-05 1.00000702e+08 6.63893815e+02 -5.97173642e+02
6.81818182e-06 -1.48989899e-05 1.00000706e+08 6.59394278e+02 -6.10977250e+02
7.32323232e-06 -1.48989899e-05 1.00000702e+08 6.52532786e+02 -6.22755193e+02
7.82828283e-06 -1.48989899e-05 1.00000690e+08 6.43627324e+02 -6.33353155e+02
8.33333333e-06 -1.48989899e-05 1.00000672e+08 6.32759861e+02 -6.43498679e+02
8.83838384e-06 -1.48989899e-05 1.00000650e+08 6.19820455e+02 -6.53789579e+02
9.34343434e-06 -1.48989899e-05 1.00000622e+08 6.04546855e+02 -6.64687000e+02
9.84848485e-06 -1.48989899e-05 1.00000592e+08 5.86560664e+02 -6.76511053e+02
1.03535354e-05 -1.48989899e-05 1.00000559e+08 5.65401348e+02 -6.89437986e+02
1.08585859e-05 -1.48989899e-05 1.00000523e+08 5.40559260e+02 -7.03498607e+02
1.13636364e-05 -1.48989899e-05 1.00000486e+08 5.11508592e+02 -7.18578256e+02
1.18686869e-05 -1.48989899e-05 1.00000449e+08 4.77740794e+02 -7.34419000e+02
1.23737374e-05 -1.48989899e-05 1.00000411e+08 4.38798511e+02 -7.50624988e+02
1.28787879e-05 -1.48989899e-05 1.00000374e+08 3.94309632e+02 -7.66671942e+02
1.33838384e-05 -1.48989899e-05 1.00000339e+08 3.44020498e+02 -7.81921696e+02
1.38888889e-05 -1.48989899e-05 1.00000305e+08 2.87826877e+02 -7.95642462e+02
1.43939394e-05 -1.48989899e-05 1.00000275e+08 2.25800952e+02 -8.07035093e+02
1.48989899e-05 -1.48989899e-05 1.00000248e+08 1.58212314e+02 -8.15265102e+02
1.54040404e-05 -1.48989899e-05 1.00000225e+08 8.55409494e+01 -8.19499607e+02
1.59090909e-05 -1.48989899e-05 1.00000207e+08 8.48040060e+00 -8.18947698e+02
1.64141414e-05 -1.48989899e-05 1.00000193e+08 -7.20702531e+01 -8.12902163e+02
1.69191919e-05 -1.48989899e-05 1.00000185e+08 -1.55026276e+02 -8.00780029e+02
1.74242424e-05 -1.48989899e-05 1.00000181e+08 -2.39148806e+02 -7.82159106e+02
1.79292929e-05 -1.48989899e-05 1.00000183e+08 -3.23086854e+02 -7.56807742e+02
1.84343434e-05 -1.48989899e-05 1.00000189e+08 -4.05427624e+02 -7.24705312e+02
1.89393939e-05 -1.48989899e-05 1.00000200e+08 -4.84752160e+02 -6.86051547e+02
1.94444444e-05 -1.48989899e-05 1.00000214e+08 -5.59692738e+02 -6.41263691e+02
1.99494949e-05 -1.48989899e-05 1.00000230e+08 -6.28988180e+02 -5.90961449e+02
2.04545455e-05 -1.48989899e-05 1.00000249e+08 -6.91533363e+02 -5.35940728e+02
2.09595960e-05 -1.48989899e-05 1.00000269e+08 -7.46419722e+02 -4.77138140e+02
2.14646465e-05 -1.48989899e-05 1.00000289e+08 -7.92964352e+02 -4.15588917e+02
2.19696970e-05 -1.48989899e-05 1.00000308e+08 -8.30726327e+02 -3.52381381e+02
2.24747475e-05 -1.48989899e-05 1.00000326e+08 -8.59509960e+02 -2.88611179e+02
2.29797980e-05 -1.48989899e-05 1.00000342e+08 -8.79355790e+02 -2.25338297e+02
2.34848485e-05 -1.48989899e-05 1.00000356e+08 -8.90520936e+02 -1.63549366e+02
2.39898990e-05 -1.48989899e-05 1.00000367e+08 -8.93451123e+02 -1.04127102e+02
2.44949495e-05 -1.48989899e-05 1.00000375e+08 -8.88747009e+02 -4.78279605e+01
2.50000000e-05 -1.48989899e-05 1.00000379e+08 -8.77127506e+02 4.73168506e+00
-2.50000000e-05 -1.43939394e-05 1.00000058e+08 2.46445022e+01 3.89908194e+02
-2.44949495e-05 -1.43939394e-05 1.00000066e+08 4.67966126e+01 4.01823037e+02
-2.39898990e-05 -1.43939394e-05 1.00000074e+08 6.97140644e+01 4.13438630e+02
-2.34848485e-05 -1.43939394e-05 1.00000081e+08 9.33019833e+01 4.24767394e+02
-2.29797980e-05 -1.43939394e-05 1.00000087e+08 1.17456211e+02 4.35848784e+02
-2.24747475e-05 -1.43939394e-05 1.00000093e+08 1.42067889e+02 4.46756685e+02
-2.19696970e-05 -1.43939394e-05 1.00000097e+08 1.67030608e+02 4.57607592e+02
-2.14646465e-05 -1.43939394e-05 1.00000101e+08 1.92250766e+02 4.68569137e+02
-2.09595960e-05 -1.43939394e-05 1.00000103e+08 2.17661750e+02 4.79868202e+02
-2.04545455e-05 -1.43939394e-05 1.00000103e+08 2.43242249e+02 4.91797451e+02
-1.99494949e-05 -1.43939394e-05 1.00000102e+08 2.69038586e+02 5.04718783e+02
-1.94444444e-05 -1.43939394e-05 1.00000098e+08 2.95190194e+02 5.19061961e+02
-1.89393939e-05 -1.43939394e-05 1.00000091e+08 3.21956457e+02 5.35316737e+02
-1.84343434e-05 -1.43939394e-05 1.00000081e+08 3.49742189e+02 5.54017317e+02
-1.79292929e-05 -1.43939394e-05 1.00000068e+08 3.79118417e+02 5.75719007e+02
-1.74242424e-05 -1.43939394e-05 1.00000049e+08 4.10835149e+02 6.00968374e+02
-1.69191919e-05 -1.43939394e-05 1.00000025e+08 4.45823974e+02 6.30269691e+02
-1.64141414e-05 -1.43939394e-05 9.99999949e+07 4.85190485e+02 6.64051325e+02
-1.59090909e-05 -1.43939394e-05 9.99999574e+07 5.30199501e+02 7.02635313e+02
-1.54040404e-05 -1.43939394e-05 9.99999118e+07 5.82258761e+02 7.46211080e+02
-1.48989899e-05 -1.43939394e-05 9.99998572e+07 6.42908192e+02 7.94810117e+02
-1.43939394e-05 -1.43939394e-05 9.99997929e+07 7.13820644e+02 8.48272880e+02
-1.38888889e-05 -1.43939394e-05 9.99997184e+07 7.96815551e+02 9.06193244e+02
-1.33838384e-05 -1.43939394e-05 9.99996332e+07 8.93878814e+02 9.67820414e+02
-1.28787879e-05 -1.43939394e-05 9.99995372e+07 1.00717023e+03 1.03189438e+03
-1.23737374e-05 -1.43939394e-05 9.99994309e+07 1.13898351e+03 1.09638978e+03
-1.18686869e-05 -1.43939394e-05 9.99993154e+07 1.29160223e+03 1.15814666e+03
-1.13636364e-05 -1.43939394e-05 9.99991930e+07 1.46696751e+03 1.21237969e+03
-1.08585859e-05 -1.43939394e-05 9.99990674e+07 1.66604035e+03 1.25208894e+03
-1.03535354e-05 -1.43939394e-05 9.99989445e+07 1.88771300e+03 1.26746150e+03
-9.84848485e-06 -1.43939394e-05 9.99988327e+07 2.12712416e+03 1.24547451e+03
-9.34343434e-06 -1.43939394e-05 9.99987427e+07 2.37331983e+03 1.17010469e+03
-8.83838384e-06 -1.43939394e-05 9.99986874e+07 2.60647834e+03 1.02379876e+03
-8.33333333e-06 -1.43939394e-05 9.99986787e+07 2.79551205e+03 7.91037392e+02
-7.82828283e-06 -1.43939394e-05 9.99987236e+07 2.89780539e+03 4.64606832e+02
-7.32323232e-06 -1.43939394e-05 9.99988182e+07 2.86378733e+03 5.40423371e+01
-6.81818182e-06 -1.43939394e-05 9.99989422e+07 2.64882615e+03 -4.06711671e+02
-6.31313131e-06 -1.43939394e-05 9.99990592e+07 2.23187392e+03 -8.58160737e+02
-5.80808081e-06 -1.43939394e-05 9.99991257e+07 1.63403800e+03 -1.22645395e+03
-5.30303030e-06 -1.43939394e-05 9.99991096e+07 9.24885499e+02 -1.44671064e+03
-4.79797980e-06 -1.43939394e-05 9.99990069e+07 2.07354375e+02 -1.48805495e+03
-4.29292929e-06 -1.43939394e-05 9.99988463e+07 -4.14362066e+02 -1.36510881e+03
-3.78787879e-06 -1.43939394e-05 9.99986769e+07 -8.66605743e+02 -1.12884783e+03
-3.28282828e-06 -1.43939394e-05 9.99985480e+07 -1.12135988e+03 -8.44256635e+02
-2.77777778e-06 -1.43939394e-05 9.99984934e+07 -1.19164521e+03 -5.68900848e+02
-2.27272727e-06 -1.43939394e-05 9.99985256e+07 -1.11583407e+03 -3.41371469e+02
-1.76767677e-06 -1.43939394e-05 9.99986391e+07 -9.41232106e+02 -1.79835213e+02
-1.26262626e-06 -1.43939394e-05 9.99988173e+07 -7.12513466e+02 -8.63605894e+01
-7.57575758e-07 -1.43939394e-05 9.99990387e+07 -4.65780393e+02 -5.28338669e+01
-2.52525253e-07 -1.43939394e-05 9.99992822e+07 -2.26785066e+02 -6.61719415e+01
2.52525253e-07 -1.43939394e-05 9.99995296e+07 -1.15784723e+01 -1.12090092e+02
7.57575758e-07 -1.43939394e-05 9.99997668e+07 1.71704525e+02 -1.77449002e+02
1.26262626e-06 -1.43939394e-05 9.99999843e+07 3.20730630e+02 -2.51463336e+02
1.76767677e-06 -1.43939394e-05 1.00000176e+08 4.36980576e+02 -3.26097073e+02
2.27272727e-06 -1.43939394e-05 1.00000340e+08 5.24112267e+02 -3.95941197e+02
2.77777778e-06 -1.43939394e-05 1.00000476e+08 5.86745356e+02 -4.57813976e+02
3.28282828e-06 -1.43939394e-05 1.00000585e+08 6.29643931e+02 -5.10259154e+02
3.78787879e-06 -1.43939394e-05 1.00000670e+08 6.57225935e+02 -5.53054172e+02
4.29292929e-06 -1.43939394e-05 1.00000734e+08 6.73313443e+02 -5.86787879e+02
4.79797980e-06 -1.43939394e-05 1.00000779e+08 6.81044090e+02 -6.12529355e+02
5.30303030e-06 -1.43939394e-05 1.00000807e+08 6.82879773e+02 -6.31586227e+02
5.80808081e-06 -1.43939394e-05 1.00000823e+08 6.80666641e+02 -6.45339246e+02
6.31313131e-06 -1.43939394e-05 1.00000827e+08 6.75716240e+02 -6.55135994e+02
6.81818182e-06 -1.43939394e-05 1.00000822e+08 6.68889911e+02 -6.62227164e+02
7.32323232e-06 -1.43939394e-05 1.00000809e+08 6.60677077e+02 -6.67731494e+02
7.82828283e-06 -1.43939394e-05 1.00000789e+08 6.51263627e+02 -6.72618579e+02
8.33333333e-06 -1.43939394e-05 1.00000763e+08 6.40589855e+02 -6.77701853e+02
8.83838384e-06 -1.43939394e-05 1.00000733e+08 6.28399252e+02 -6.83636518e+02
9.34343434e-06 -1.43939394e-05 1.00000700e+08 6.14280211e+02 -6.90919191e+02
9.84848485e-06 -1.43939394e-05 1.00000663e+08 5.97702969e+02 -6.99887567e+02
1.03535354e-05 -1.43939394e-05 1.00000623e+08 5.78053983e+02 -7.10719462e+02
1.08585859e-05 -1.43939394e-05 1.00000582e+08 5.54669587e+02 -7.23431459e+02
1.13636364e-05 -1.43939394e-05 1.00000539e+08 5.26870358e+02 -7.37877951e+02
1.18686869e-05 -1.43939394e-05 1.00000496e+08 4.93997009e+02 -7.53751783e+02
1.23737374e-05 -1.43939394e-05 1.00000452e+08 4.55448059e+02 -7.70587946e+02
1.28787879e-05 -1.43939394e-05 1.00000410e+08 4.10718819e+02 -7.87771827e+02
1.33838384e-05 -1.43939394e-05 1.00000369e+08 3.59440601e+02 -8.04553447e+02
1.38888889e-05 -1.43939394e-05 1.00000331e+08 3.01418373e+02 -8.20068775e+02
1.43939394e-05 -1.43939394e-05 1.00000296e+08 2.36664586e+02 -8.33368758e+02
1.48989899e-05 -1.43939394e-05 1.00000265e+08 1.65426530e+02 -8.43455991e+02
1.54040404e-05 -1.43939394e-05 1.00000239e+08 8.82044368e+01 -8.49328196e+02
1.59090909e-05 -1.43939394e-05 1.00000218e+08 5.75780141e+00 -8.50026747e+02
1.64141414e-05 -1.43939394e-05 1.00000202e+08 -8.09021232e+01 -8.44687698e+02
1.69191919e-05 -1.43939394e-05 1.00000192e+08 -1.70534778e+02 -8.32592044e+02
1.74242424e-05 -1.43939394e-05 1.00000188e+08 -2.61707686e+02 -8.13211567e+02
1.79292929e-05 -1.43939394e-05 1.00000190e+08 -3.52847436e+02 -7.86246514e+02
1.84343434e-05 -1.43939394e-05 1.00000197e+08 -4.42301593e+02 -7.51651789e+02
1.89393939e-05 -1.43939394e-05 1.00000208e+08 -5.28407687e+02 -7.09649053e+02
1.94444444e-05 -1.43939394e-05 1.00000224e+08 -6.09564616e+02 -6.60723311e+02
1.99494949e-05 -1.43939394e-05 1.00000242e+08 -6.84301394e+02 -6.05603902e+02
2.04545455e-05 -1.43939394e-05 1.00000263e+08 -7.51338370e+02 -5.45231216e+02
2.09595960e-05 -1.43939394e-05 1.00000285e+08 -8.09636698e+02 -4.80711732e+02
2.14646465e-05 -1.43939394e-05 1.00000307e+08 -8.58432989e+02 -4.13264984e+02
2.19696970e-05 -1.43939394e-05 1.00000328e+08 -8.97257454e+02 -3.44166572e+02
2.24747475e-05 -1.43939394e-05 1.00000347e+08 -9.25935358e+02 -2.74691497e+02
2.29797980e-05 -1.43939394e-05 1.00000365e+08 -9.44573028e+02 -2.06061677e+02
2.34848485e-05 -1.43939394e-05 1.00000379e+08 -9.53530771e+02 -1.39400849e+02
2.39898990e-05 -1.43939394e-05 1.00000390e+08 -9.53385890e+02 -7.56990538e+01
2.44949495e-05 -1.43939394e-05 1.00000397e+08 -9.44889322e+02 -1.57878667e+01
2.50000000e-05 -1.43939394e-05 1.00000401e+08 -9.28919451e+02 3.96734627e+01
-2.50000000e-05 -1.38888889e-05 1.00000071e+08 1.26328489e+01 3.86076025e+02
-2.44949495e-05 -1.38888889e-05 1.00000081e+08 3.51356595e+01 3.97833158e+02
-2.39898990e-05 -1.38888889e-05 1.00000090e+08 5.84124109e+01 4.09173418e+02
-2.34848485e-05 -1.38888889e-05 1.00000099e+08 8.23448203e+01 4.20088355e+02
-2.29797980e-05 -1.38888889e-05 1.00000107e+08 1.06797815e+02 4.30596292e+02
-2.24747475e-05 -1.38888889e-05 1.00000114e+08 1.31622873e+02 4.40751187e+02
-2.19696970e-05 -1.38888889e-05 1.00000121e+08 1.56664175e+02 4.50653006e+02
-2.14646465e-05 -1.38888889e-05 1.00000126e+08 1.81768535e+02 4.60459281e+02
-2.09595960e-05 -1.38888889e-05 1.00000131e+08 2.06800127e+02 4.70397123e+02
-2.04545455e-05 -1.38888889e-05 1.00000133e+08 2.31660834e+02 4.80774368e+02
-1.99494949e-05 -1.38888889e-05 1.00000135e+08 2.56316531e+02 4.91987967e+02
-1.94444444e-05 -1.38888889e-05 1.00000134e+08 2.80828673e+02 5.04527175e+02
-1.89393939e-05 -1.38888889e-05 1.00000130e+08 3.05389214e+02 5.18968931e+02
-1.84343434e-05 -1.38888889e-05 1.00000123e+08 3.30355273e+02 5.35963331e+02
-1.79292929e-05 -1.38888889e-05 1.00000113e+08 3.56278637e+02 5.56208440e+02
-1.74242424e-05 -1.38888889e-05 1.00000098e+08 3.83924753e+02 5.80416040e+02
-1.69191919e-05 -1.38888889e-05 1.00000077e+08 4.14277117e+02 6.09272603e+02
-1.64141414e-05 -1.38888889e-05 1.00000050e+08 4.48526240e+02 6.43401959e+02
-1.59090909e-05 -1.38888889e-05 1.00000015e+08 4.88047341e+02 6.83336469e+02
-1.54040404e-05 -1.38888889e-05 9.99999710e+07 5.34376147e+02 7.29500959e+02
-1.48989899e-05 -1.38888889e-05 9.99999172e+07 5.89195897e+02 7.82207959e+02
-1.43939394e-05 -1.38888889e-05 9.99998523e+07 6.54348747e+02 8.41654715e+02
-1.38888889e-05 -1.38888889e-05 9.99997752e+07 7.31880420e+02 9.07903417e+02
-1.33838384e-05 -1.38888889e-05 9.99996850e+07 8.24117826e+02 9.80817530e+02
-1.28787879e-05 -1.38888889e-05 9.99995808e+07 9.33765921e+02 1.05991954e+03
-1.23737374e-05 -1.38888889e-05 9.99994620e+07 1.06399143e+03 1.14412884e+03
-1.18686869e-05 -1.38888889e-05 9.99993287e+07 1.21843484e+03 1.23133331e+03
-1.13636364e-05 -1.38888889e-05 9.99991818e+07 1.40105317e+03 1.31774732e+03
-1.08585859e-05 -1.38888889e-05 9.99990238e+07 1.61563903e+03 1.39702213e+03
-1.03535354e-05 -1.38888889e-05 9.99988596e+07 1.86478240e+03 1.45912339e+03
-9.84848485e-06 -1.38888889e-05 9.99986977e+07 2.14795471e+03 1.48911625e+03
-9.34343434e-06 -1.38888889e-05 9.99985511e+07 2.45835569e+03 1.46626761e+03
-8.83838384e-06 -1.38888889e-05 9.99984373e+07 2.77832795e+03 1.36435540e+03
-8.33333333e-06 -1.38888889e-05 9.99983769e+07 3.07382299e+03 1.15473868e+03
-7.82828283e-06 -1.38888889e-05 9.99983882e+07 3.29001838e+03 8.14208060e+02
-7.32323232e-06 -1.38888889e-05 9.99984774e+07 3.35280088e+03 3.38792058e+02
-6.81818182e-06 -1.38888889e-05 9.99986269e+07 3.18290531e+03 -2.39201513e+02
-6.31313131e-06 -1.38888889e-05 9.99987884e+07 2.72663795e+03 -8.40898914e+02
-5.80808081e-06 -1.38888889e-05 9.99988939e+07 1.99463734e+03 -1.35243571e+03
-5.30303030e-06 -1.38888889e-05 9.99988870e+07 1.08314181e+03 -1.66487233e+03
-4.79797980e-06 -1.38888889e-05 9.99987576e+07 1.51888340e+02 -1.72401405e+03
-4.29292929e-06 -1.38888889e-05 9.99985518e+07 -6.36615662e+02 -1.55444747e+03
-3.78787879e-06 -1.38888889e-05 9.99983476e+07 -1.17674283e+03 -1.23999903e+03
-3.28282828e-06 -1.38888889e-05 9.99982156e+07 -1.44171431e+03 -8.79771969e+02
-2.77777778e-06 -1.38888889e-05 9.99981952e+07 -1.46681803e+03 -5.52118268e+02
-2.27272727e-06 -1.38888889e-05 9.99982915e+07 -1.31757201e+03 -3.01292483e+02
-1.76767677e-06 -1.38888889e-05 9.99984860e+07 -1.06336192e+03 -1.41367652e+02
-1.26262626e-06 -1.38888889e-05 9.99987492e+07 -7.62960853e+02 -6.64532352e+01
-7.57575758e-07 -1.38888889e-05 9.99990502e+07 -4.59501100e+02 -6.03271656e+01
-2.52525253e-07 -1.38888889e-05 9.99993618e+07 -1.80725573e+02 -1.03315495e+02
2.52525253e-07 -1.38888889e-05 9.99996630e+07 5.84408889e+01 -1.76529297e+02
7.57575758e-07 -1.38888889e-05 9.99999392e+07 2.52612800e+02 -2.64112842e+02
1.26262626e-06 -1.38888889e-05 1.00000182e+08 4.02772481e+02 -3.54109274e+02
1.76767677e-06 -1.38888889e-05 1.00000387e+08 5.13604471e+02 -4.38429886e+02
2.27272727e-06 -1.38888889e-05 1.00000556e+08 5.91489024e+02 -5.12316509e+02
2.77777778e-06 -1.38888889e-05 1.00000689e+08 6.43146305e+02 -5.73594176e+02
3.28282828e-06 -1.38888889e-05 1.00000790e+08 6.74827813e+02 -6.21914867e+02
3.78787879e-06 -1.38888889e-05 1.00000865e+08 6.91914272e+02 -6.58104162e+02
4.29292929e-06 -1.38888889e-05 1.00000916e+08 6.98783246e+02 -6.83654132e+02
4.79797980e-06 -1.38888889e-05 1.00000948e+08 6.98835416e+02 -7.00362150e+02
5.30303030e-06 -1.38888889e-05 1.00000963e+08 6.94600162e+02 -7.10093222e+02
5.80808081e-06 -1.38888889e-05 1.00000966e+08 6.87869640e+02 -7.14636325e+02
6.31313131e-06 -1.38888889e-05 1.00000959e+08 6.79832328e+02 -7.15626547e+02
6.81818182e-06 -1.38888889e-05 1.00000943e+08 6.71191876e+02 -7.14509809e+02
7.32323232e-06 -1.38888889e-05 1.00000919e+08 6.62266283e+02 -7.12532781e+02
7.82828283e-06 -1.38888889e-05 1.00000891e+08 6.53067535e+02 -7.10745871e+02
8.33333333e-06 -1.38888889e-05 1.00000857e+08 6.43364452e+02 -7.10011354e+02
8.83838384e-06 -1.38888889e-05 1.00000819e+08 6.32732474e+02 -7.11011839e+02
9.34343434e-06 -1.38888889e-05 1.00000778e+08 6.20594268e+02 -7.14256494e+02
9.84848485e-06 -1.38888889e-05 1.00000735e+08 6.06254787e+02 -7.20084010e+02
1.03535354e-05 -1.38888889e-05 1.00000689e+08 5.88933923e+02 -7.28662370e+02
1.08585859e-05 -1.38888889e-05 1.00000641e+08 5.67799284e+02 -7.39986285e+02
1.13636364e-05 -1.38888889e-05 1.00000592e+08 5.42000997e+02 -7.53873693e+02
1.18686869e-05 -1.38888889e-05 1.00000543e+08 5.10709709e+02 -7.69963169e+02
1.23737374e-05 -1.38888889e-05 1.00000494e+08 4.73158175e+02 -7.87714283e+02
1.28787879e-05 -1.38888889e-05 1.00000446e+08 4.28685970e+02 -8.06413097e+02
1.33838384e-05 -1.38888889e-05 1.00000400e+08 3.76786007e+02 -8.25184812e+02
1.38888889e-05 -1.38888889e-05 1.00000357e+08 3.17150669e+02 -8.43015286e+02
1.43939394e-05 -1.38888889e-05 1.00000317e+08 2.49714596e+02 -8.58782504e+02
1.48989899e-05 -1.38888889e-05 1.00000282e+08 1.74690648e+02 -8.71298251e+02
1.54040404e-05 -1.38888889e-05 1.00000252e+08 9.25952702e+01 -8.79359159e+02
1.59090909e-05 -1.38888889e-05 1.00000227e+08 4.25969332e+00 -8.81805146e+02
1.64141414e-05 -1.38888889e-05 1.00000209e+08 -8.91760045e+01 -8.77582062e+02
1.69191919e-05 -1.38888889e-05 1.00000198e+08 -1.86287798e+02 -8.65804378e+02
1.74242424e-05 -1.38888889e-05 1.00000193e+08 -2.85411900e+02 -8.45813094e+02
1.79292929e-05 -1.38888889e-05 1.00000195e+08 -3.84706761e+02 -8.17223874e+02
1.84343434e-05 -1.38888889e-05 1.00000203e+08 -4.82229543e+02 -7.79960843e+02
1.89393939e-05 -1.38888889e-05 1.00000216e+08 -5.76022120e+02 -7.34272493e+02
1.94444444e-05 -1.38888889e-05 1.00000233e+08 -6.64200436e+02 -6.80727668e+02
1.99494949e-05 -1.38888889e-05 1.00000254e+08 -7.45040496e+02 -6.20191449e+02
2.04545455e-05 -1.38888889e-05 1.00000278e+08 -8.17054505e+02 -5.53782713e+02
2.09595960e-05 -1.38888889e-05 1.00000302e+08 -8.79051587e+02 -4.82816849e+02
2.14646465e-05 -1.38888889e-05 1.00000326e+08 -9.30179077e+02 -4.08738504e+02
2.19696970e-05 -1.38888889e-05 1.00000349e+08 -9.69942372e+02 -3.33049889e+02
2.24747475e-05 -1.38888889e-05 1.00000371e+08 -9.98203328e+02 -2.57240300e+02
2.29797980e-05 -1.38888889e-05 1.00000389e+08 -1.01515913e+03 -1.82721891e+02
2.34848485e-05 -1.38888889e-05 1.00000404e+08 -1.02130508e+03 -1.10775731e+02
2.39898990e-05 -1.38888889e-05 1.00000414e+08 -1.01738560e+03 -4.25107585e+01
2.44949495e-05 -1.38888889e-05 1.00000421e+08 -1.00433839e+03 2.11631556e+01
2.50000000e-05 -1.38888889e-05 1.00000424e+08 -9.83236183e+02 7.95482203e+01
-2.50000000e-05 -1.33838384e-05 1.00000085e+08 7.30664897e-01 3.81889539e+02
-2.44949495e-05 -1.33838384e-05 1.00000096e+08 2.36979706e+01 3.93479683e+02
-2.39898990e-05 -1.33838384e-05 1.00000107e+08 4.74710820e+01 4.04520816e+02
-2.34848485e-05 -1.33838384e-05 1.00000118e+08 7.19099881e+01 4.14977043e+02
-2.29797980e-05 -1.33838384e-05 1.00000128e+08 9.68493654e+01 4.24836987e+02
-2.24747475e-05 -1.33838384e-05 1.00000137e+08 1.22099982e+02 4.34123837e+02
-2.19696970e-05 -1.33838384e-05 1.00000146e+08 1.47452948e+02 4.42907778e+02
-2.14646465e-05 -1.33838384e-05 1.00000154e+08 1.72688171e+02 4.51320737e+02
-2.09595960e-05 -1.33838384e-05 1.00000160e+08 1.97588564e+02 4.59572874e+02
-2.04545455e-05 -1.33838384e-05 1.00000166e+08 2.21961594e+02 4.67969487e+02
-1.99494949e-05 -1.33838384e-05 1.00000170e+08 2.45669263e+02 4.76926034e+02
-1.94444444e-05 -1.33838384e-05 1.00000172e+08 2.68666557e+02 4.86977970e+02
-1.89393939e-05 -1.33838384e-05 1.00000172e+08 2.91046459e+02 4.98781386e+02
-1.84343434e-05 -1.33838384e-05 1.00000169e+08 3.13087043e+02 5.13100641e+02
-1.79292929e-05 -1.33838384e-05 1.00000163e+08 3.35293534e+02 5.30780843e+02
-1.74242424e-05 -1.33838384e-05 1.00000153e+08 3.58426583e+02 5.52706446e+02
-1.69191919e-05 -1.33838384e-05 1.00000137e+08 3.83508951e+02 5.79751997e+02
-1.64141414e-05 -1.33838384e-05 1.00000114e+08 4.11807303e+02 6.12735614e+02
-1.59090909e-05 -1.33838384e-05 1.00000084e+08 4.44793770e+02 6.52387913e+02
-1.54040404e-05 -1.33838384e-05 1.00000044e+08 4.84101329e+02 6.99346639e+02
-1.48989899e-05 -1.33838384e-05 9.99999936e+07 5.31494576e+02 7.54179569e+02
-1.43939394e-05 -1.33838384e-05 9.99999310e+07 5.88879715e+02 8.17426601e+02
-1.38888889e-05 -1.33838384e-05 9.99998548e+07 6.58373299e+02 8.89639178e+02
-1.33838384e-05 -1.33838384e-05 9.99997633e+07 7.42438960e+02 9.71383581e+02
-1.28787879e-05 -1.33838384e-05 9.99996549e+07 8.44087102e+02 1.06316446e+03
-1.23737374e-05 -1.33838384e-05 9.99995279e+07 9.67114534e+02 1.16521421e+03
-1.18686869e-05 -1.33838384e-05 9.99993807e+07 1.11633600e+03 1.27707931e+03
-1.13636364e-05 -1.33838384e-05 9.99992121e+07 1.29771879e+03 1.39691472e+03
-1.08585859e-05 -1.33838384e-05 9.99990222e+07 1.51825990e+03 1.52037619e+03
-1.03535354e-05 -1.33838384e-05 9.99988136e+07 1.78532060e+03 1.63899522e+03
-9.84848485e-06 -1.33838384e-05 9.99985927e+07 2.10493348e+03 1.73798204e+03
-9.34343434e-06 -1.33838384e-05 9.99983721e+07 2.47832844e+03 1.79364173e+03
-8.83838384e-06 -1.33838384e-05 9.99981729e+07 2.89570999e+03 1.77121865e+03
-8.33333333e-06 -1.33838384e-05 9.99980255e+07 3.32660496e+03 1.62528413e+03
-7.82828283e-06 -1.33838384e-05 9.99979652e+07 3.70794733e+03 1.30675969e+03
-7.32323232e-06 -1.33838384e-05 9.99980195e+07 3.93604061e+03 7.81983932e+02
-6.81818182e-06 -1.33838384e-05 9.99981851e+07 3.87655242e+03 6.55310242e+01
-6.31313131e-06 -1.33838384e-05 9.99984047e+07 3.41008760e+03 -7.46362064e+02
-5.80808081e-06 -1.33838384e-05 9.99985714e+07 2.51136280e+03 -1.47663646e+03
-5.30303030e-06 -1.33838384e-05 9.99985821e+07 1.31190653e+03 -1.93422256e+03
-4.79797980e-06 -1.33838384e-05 9.99984134e+07 7.19347542e+01 -2.01921505e+03
-4.29292929e-06 -1.33838384e-05 9.99981451e+07 -9.42958045e+02 -1.77714287e+03
-3.78787879e-06 -1.33838384e-05 9.99979053e+07 -1.58122552e+03 -1.35312894e+03
-3.28282828e-06 -1.33838384e-05 9.99977937e+07 -1.83244493e+03 -9.00304754e+02
-2.77777778e-06 -1.33838384e-05 9.99978472e+07 -1.77683744e+03 -5.20871097e+02
-2.27272727e-06 -1.33838384e-05 9.99980509e+07 -1.52244090e+03 -2.58301038e+02
-1.76767677e-06 -1.33838384e-05 9.99983638e+07 -1.16677324e+03 -1.15157247e+02
-1.26262626e-06 -1.33838384e-05 9.99987395e+07 -7.83051117e+02 -7.27338924e+01
-7.57575758e-07 -1.33838384e-05 9.99991370e+07 -4.19472657e+02 -1.04418332e+02
-2.52525253e-07 -1.33838384e-05 9.99995243e+07 -1.03272854e+02 -1.83298385e+02
2.52525253e-07 -1.33838384e-05 9.99998796e+07 1.54081410e+02 -2.86118569e+02
7.57575758e-07 -1.33838384e-05 1.00000190e+08 3.51862115e+02 -3.94994919e+02
1.26262626e-06 -1.33838384e-05 1.00000450e+08 4.95761239e+02 -4.97677124e+02
1.76767677e-06 -1.33838384e-05 1.00000659e+08 5.94551144e+02 -5.86911567e+02
2.27272727e-06 -1.33838384e-05 1.00000822e+08 6.57782299e+02 -6.59366239e+02
2.77777778e-06 -1.33838384e-05 1.00000943e+08 6.94399803e+02 -7.14471291e+02
3.28282828e-06 -1.33838384e-05 1.00001028e+08 7.12061452e+02 -7.53394525e+02
3.78787879e-06 -1.33838384e-05 1.00001084e+08 7.16923491e+02 -7.78247335e+02
4.29292929e-06 -1.33838384e-05 1.00001117e+08 7.13696619e+02 -7.91530424e+02
4.79797980e-06 -1.33838384e-05 1.00001130e+08 7.05830616e+02 -7.95783160e+02
5.30303030e-06 -1.33838384e-05 1.00001129e+08 6.95738731e+02 -7.93385376e+02
5.80808081e-06 -1.33838384e-05 1.00001117e+08 6.85013296e+02 -7.86462650e+02
6.31313131e-06 -1.33838384e-05 1.00001095e+08 6.74610716e+02 -7.76855711e+02
6.81818182e-06 -1.33838384e-05 1.00001067e+08 6.64999703e+02 -7.66125458e+02
7.32323232e-06 -1.33838384e-05 1.00001032e+08 6.56274808e+02 -7.55574559e+02
7.82828283e-06 -1.33838384e-05 1.00000994e+08 6.48240840e+02 -7.46273766e+02
8.33333333e-06 -1.33838384e-05 1.00000951e+08 6.40474834e+02 -7.39086083e+02
8.83838384e-06 -1.33838384e-05 1.00000906e+08 6.32371972e+02 -7.34685322e+02
9.34343434e-06 -1.33838384e-05 1.00000858e+08 6.23181161e+02 -7.33567655e+02
9.84848485e-06 -1.33838384e-05 1.00000807e+08 6.12035116e+02 -7.36056230e+02
1.03535354e-05 -1.33838384e-05 1.00000755e+08 5.97978917e+02 -7.42299747e+02
1.08585859e-05 -1.33838384e-05 1.00000701e+08 5.80000209e+02 -7.52266627e+02
1.13636364e-05 -1.33838384e-05 1.00000647e+08 5.57063395e+02 -7.65736818e+02
1.18686869e-05 -1.33838384e-05 1.00000592e+08 5.28149334e+02 -7.82293765e+02
1.23737374e-05 -1.33838384e-05 1.00000537e+08 4.92301125e+02 -8.01319276e+02
1.28787879e-05 -1.33838384e-05 1.00000483e+08 4.48675529e+02 -8.21994220e+02
1.33838384e-05 -1.33838384e-05 1.00000432e+08 3.96598482e+02 -8.43307864e+02
1.38888889e-05 -1.33838384e-05 1.00000383e+08 3.35622005e+02 -8.64078326e+02
1.43939394e-05 -1.33838384e-05 1.00000338e+08 2.65578766e+02 -8.82985899e+02
1.48989899e-05 -1.33838384e-05 1.00000298e+08 1.86629695e+02 -8.98619966e+02
1.54040404e-05 -1.33838384e-05 1.00000264e+08 9.92995865e+01 -9.09538833e+02
1.59090909e-05 -1.33838384e-05 1.00000236e+08 4.49568059e+00 -9.14340225e+02
1.64141414e-05 -1.33838384e-05 1.00000215e+08 -9.64950506e+01 -9.11738538e+02
1.69191919e-05 -1.33838384e-05 1.00000202e+08 -2.02032823e+02 -9.00643521e+02
1.74242424e-05 -1.33838384e-05 1.00000197e+08 -3.10177039e+02 -8.80233976e+02
1.79292929e-05 -1.33838384e-05 1.00000199e+08 -4.18761802e+02 -8.50019795e+02
1.84343434e-05 -1.33838384e-05 1.00000208e+08 -5.25490824e+02 -8.09886027e+02
1.89393939e-05 -1.33838384e-05 1.00000223e+08 -6.28045258e+02 -7.60114056e+02
1.94444444e-05 -1.33838384e-05 1.00000243e+08 -7.24196267e+02 -7.01376995e+02
1.99494949e-05 -1.33838384e-05 1.00000267e+08 -8.11913336e+02 -6.34708962e+02
2.04545455e-05 -1.33838384e-05 1.00000293e+08 -8.89459575e+02 -5.61450600e+02
2.09595960e-05 -1.33838384e-05 1.00000320e+08 -9.55466611e+02 -4.83175620e+02
2.14646465e-05 -1.33838384e-05 1.00000347e+08 -1.00898386e+03 -4.01604956e+02
2.19696970e-05 -1.33838384e-05 1.00000373e+08 -1.04949969e+03 -3.18516063e+02
2.24747475e-05 -1.33838384e-05 1.00000395e+08 -1.07693488e+03 -2.35654869e+02
2.29797980e-05 -1.33838384e-05 1.00000415e+08 -1.09161131e+03 -1.54657008e+02
2.34848485e-05 -1.33838384e-05 1.00000430e+08 -1.09420082e+03 -7.69833654e+01
2.39898990e-05 -1.33838384e-05 1.00000441e+08 -1.08566034e+03 -3.87305947e+00
2.44949495e-05 -1.33838384e-05 1.00000447e+08 -1.06715978e+03 6.36850752e+01
2.50000000e-05 -1.33838384e-05 1.00000448e+08 -1.04000871e+03 1.24963202e+02
-2.50000000e-05 -1.28787879e-05 1.00000099e+08 -1.10706529e+01 3.77465535e+02
-2.44949495e-05 -1.28787879e-05 1.00000112e+08 1.24842799e+01 3.88907173e+02
-2.39898990e-05 -1.28787879e-05 1.00000125e+08 3.69056206e+01 3.99658633e+02
-2.34848485e-05 -1.28787879e-05 1.00000137e+08 6.20352845e+01 4.09650414e+02
-2.29797980e-05 -1.28787879e-05 1.00000149e+08 8.76807812e+01 4.18832891e+02
-2.24747475e-05 -1.28787879e-05 1.00000161e+08 1.13613909e+02 4.27186984e+02
-2.19696970e-05 -1.28787879e-05 1.00000172e+08 1.39572013e+02 4.34738185e+02
-2.14646465e-05 -1.28787879e-05 1.00000182e+08 1.65263519e+02 4.41574319e+02
-2.09595960e-05 -1.28787879e-05 1.00000191e+08 1.90379990e+02 4.47866859e+02
-2.04545455e-05 -1.28787879e-05 1.00000200e+08 2.14617287e+02 4.53894733e+02
-1.99494949e-05 -1.28787879e-05 1.00000207e+08 2.37708282e+02 4.60068084e+02
-1.94444444e-05 -1.28787879e-05 1.00000213e+08 2.59468483e+02 4.66947740e+02
-1.89393939e-05 -1.28787879e-05 1.00000217e+08 2.79853475e+02 4.75254424e+02
-1.84343434e-05 -1.28787879e-05 1.00000219e+08 2.99023115e+02 4.85861065e+02
-1.79292929e-05 -1.28787879e-05 1.00000218e+08 3.17402546e+02 4.99763089e+02
-1.74242424e-05 -1.28787879e-05 1.00000213e+08 3.35725990e+02 5.18026256e+02
-1.69191919e-05 -1.28787879e-05 1.00000204e+08 3.55048756e+02 5.41719456e+02
-1.64141414e-05 -1.28787879e-05 1.00000187e+08 3.76718424e+02 5.71848718e+02
-1.59090909e-05 -1.28787879e-05 1.00000164e+08 4.02308619e+02 6.09314556e+02
-1.54040404e-05 -1.28787879e-05 1.00000130e+08 4.33535045e+02 6.54913255e+02
-1.48989899e-05 -1.28787879e-05 1.00000086e+08 4.72187543e+02 7.09392079e+02
-1.43939394e-05 -1.28787879e-05 1.00000030e+08 5.20117476e+02 7.73551069e+02
-1.38888889e-05 -1.28787879e-05 9.99999587e+07 5.79314442e+02 8.48365956e+02
-1.33838384e-05 -1.28787879e-05 9.99998711e+07 6.52092837e+02 9.35092567e+02
-1.28787879e-05 -1.28787879e-05 9.99997644e+07 7.41393105e+02 1.03530345e+03
-1.23737374e-05 -1.28787879e-05 9.99996359e+07 8.51187882e+02 1.15079725e+03
-1.18686869e-05 -1.28787879e-05 9.99994820e+07 9.86967535e+02 1.28330226e+03
-1.13636364e-05 -1.28787879e-05 9.99992990e+07 1.15625201e+03 1.43385896e+03
-1.08585859e-05 -1.28787879e-05 9.99990836e+07 1.36901527e+03 1.60170450e+03
-1.03535354e-05 -1.28787879e-05 9.99988335e+07 1.63777518e+03 1.78239343e+03
-9.84848485e-06 -1.28787879e-05 9.99985501e+07 1.97682567e+03 1.96479793e+03
-9.34343434e-06 -1.28787879e-05 9.99982415e+07 2.39956549e+03 2.12663906e+03
-8.83838384e-06 -1.28787879e-05 9.99979273e+07 2.91202732e+03 2.22861823e+03
-8.33333333e-06 -1.28787879e-05 9.99976444e+07 3.49975414e+03 2.20877189e+03
-7.82828283e-06 -1.28787879e-05 9.99974488e+07 4.10548313e+03 1.98258340e+03
-7.32323232e-06 -1.28787879e-05 9.99974053e+07 4.60081829e+03 1.46112785e+03
-6.81818182e-06 -1.28787879e-05 9.99975516e+07 4.77298827e+03 6.03498794e+02
-6.31313131e-06 -1.28787879e-05 9.99978391e+07 4.37499939e+03 -4.99388265e+02
-5.80808081e-06 -1.28787879e-05 9.99981033e+07 3.27877397e+03 -1.57575801e+03
-5.30303030e-06 -1.28787879e-05 9.99981477e+07 1.65281912e+03 -2.27287388e+03
-4.79797980e-06 -1.28787879e-05 9.99979174e+07 -5.19794887e+01 -2.39400962e+03
-4.29292929e-06 -1.28787879e-05 9.99975627e+07 -1.37561475e+03 -2.03368041e+03
-3.78787879e-06 -1.28787879e-05 9.99973029e+07 -2.10744816e+03 -1.45783965e+03
-3.28282828e-06 -1.28787879e-05 9.99972682e+07 -2.29619486e+03 -9.01723604e+02
-2.77777778e-06 -1.28787879e-05 9.99974677e+07 -2.10821671e+03 -4.84473335e+02
-2.27272727e-06 -1.28787879e-05 9.99978429e+07 -1.71191715e+03 -2.32619025e+02
-1.76767677e-06 -1.28787879e-05 9.99983203e+07 -1.23472355e+03 -1.26695210e+02
-1.26262626e-06 -1.28787879e-05 9.99988358e+07 -7.60593596e+02 -1.31291500e+02
-7.57575758e-07 -1.28787879e-05 9.99993414e+07 -3.38616692e+02 -2.08957138e+02
-2.52525253e-07 -1.28787879e-05 9.99998046e+07 7.96201015e+00 -3.26291824e+02
2.52525253e-07 -1.28787879e-05 1.00000206e+08 2.73905855e+02 -4.56782329e+02
7.57575758e-07 -1.28787879e-05 1.00000538e+08 4.65242414e+02 -5.81758690e+02
1.26262626e-06 -1.28787879e-05 1.00000801e+08 5.93780336e+02 -6.89927818e+02
1.76767677e-06 -1.28787879e-05 1.00000999e+08 6.73135810e+02 -7.75991404e+02
2.27272727e-06 -1.28787879e-05 1.00001142e+08 7.16263896e+02 -8.38923321e+02
2.77777778e-06 -1.28787879e-05 1.00001237e+08 7.34222324e+02 -8.80354911e+02
3.28282828e-06 -1.28787879e-05 1.00001296e+08 7.35781303e+02 -9.03302227e+02
3.78787879e-06 -1.28787879e-05 1.00001326e+08 7.27520525e+02 -9.11287895e+02
4.29292929e-06 -1.28787879e-05 1.00001333e+08 7.14149214e+02 -9.07805929e+02
4.79797980e-06 -1.28787879e-05 1.00001323e+08 6.98885711e+02 -8.96040429e+02
5.30303030e-06 -1.28787879e-05 1.00001301e+08 6.83811341e+02 -8.78751110e+02
5.80808081e-06 -1.28787879e-05 1.00001270e+08 6.70163817e+02 -8.58256932e+02
6.31313131e-06 -1.28787879e-05 1.00001233e+08 6.58563567e+02 -8.36470059e+02
6.81818182e-06 -1.28787879e-05 1.00001191e+08 6.49179670e+02 -8.14949857e+02
7.32323232e-06 -1.28787879e-05 1.00001145e+08 6.41846883e+02 -7.94959340e+02
7.82828283e-06 -1.28787879e-05 1.00001096e+08 6.36145721e+02 -7.77514767e+02
8.33333333e-06 -1.28787879e-05 1.00001045e+08 6.31456286e+02 -7.63424175e+02
8.83838384e-06 -1.28787879e-05 1.00000992e+08 6.26994724e+02 -7.53313582e+02
9.34343434e-06 -1.28787879e-05 1.00000936e+08 6.21839493e+02 -7.47641229e+02
9.84848485e-06 -1.28787879e-05 1.00000880e+08 6.14953211e+02 -7.46701148e+02
1.03535354e-05 -1.28787879e-05 1.00000821e+08 6.05204678e+02 -7.50617927e+02
1.08585859e-05 -1.28787879e-05 1.00000762e+08 5.91394737e+02 -7.59334966e+02
1.13636364e-05 -1.28787879e-05 1.00000701e+08 5.72288754e+02 -7.72598952e+02
1.18686869e-05 -1.28787879e-05 1.00000641e+08 5.46657585e+02 -7.89943689e+02
1.23737374e-05 -1.28787879e-05 1.00000580e+08 5.13327900e+02 -8.10676777e+02
1.28787879e-05 -1.28787879e-05 1.00000521e+08 4.71241487e+02 -8.33872915e+02
1.33838384e-05 -1.28787879e-05 1.00000463e+08 4.19521842e+02 -8.58377611e+02
1.38888889e-05 -1.28787879e-05 1.00000409e+08 3.57544787e+02 -8.82824773e+02
1.43939394e-05 -1.28787879e-05 1.00000358e+08 2.85008455e+02 -9.05670902e+02
1.48989899e-05 -1.28787879e-05 1.00000313e+08 2.01996645e+02 -9.25247313e+02
1.54040404e-05 -1.28787879e-05 1.00000274e+08 1.09028765e+02 -9.39830073e+02
1.59090909e-05 -1.28787879e-05 1.00000243e+08 7.08940799e+00 -9.47725193e+02
1.64141414e-05 -1.28787879e-05 1.00000220e+08 -1.02368617e+02 -9.47364338e+02
1.69191919e-05 -1.28787879e-05 1.00000205e+08 -2.17452282e+02 -9.37404185e+02
1.74242424e-05 -1.28787879e-05 1.00000199e+08 -3.35889173e+02 -9.16820987e+02
1.79292929e-05 -1.28787879e-05 1.00000202e+08 -4.55119643e+02 -8.84991229e+02
1.84343434e-05 -1.28787879e-05 1.00000212e+08 -5.72415163e+02 -8.41749707e+02
1.89393939e-05 -1.28787879e-05 1.00000229e+08 -6.85014410e+02 -7.87418079e+02
1.94444444e-05 -1.28787879e-05 1.00000252e+08 -7.90266124e+02 -7.22799771e+02
1.99494949e-05 -1.28787879e-05 1.00000279e+08 -8.85766536e+02 -6.49140613e+02
2.04545455e-05 -1.28787879e-05 1.00000309e+08 -9.69479518e+02 -5.68058434e+02
2.09595960e-05 -1.28787879e-05 1.00000340e+08 -1.03982947e+03 -4.81448155e+02
2.14646465e-05 -1.28787879e-05 1.00000370e+08 -1.09576011e+03 -3.91371478e+02
2.19696970e-05 -1.28787879e-05 1.00000398e+08 -1.13675615e+03 -2.99941431e+02
2.24747475e-05 -1.28787879e-05 1.00000423e+08 -1.16282899e+03 -2.09211898e+02
2.29797980e-05 -1.28787879e-05 1.00000443e+08 -1.17447083e+03 -1.21080809e+02
2.34848485e-05 -1.28787879e-05 1.00000459e+08 -1.17258450e+03 -3.72133511e+01
2.39898990e-05 -1.28787879e-05 1.00000469e+08 -1.15839734e+03 4.10112486e+01
2.44949495e-05 -1.28787879e-05 1.00000473e+08 -1.13336810e+03 1.12528605e+02
2.50000000e-05 -1.28787879e-05 1.00000472e+08 -1.09909459e+03 1.76595364e+02
-2.50000000e-05 -1.23737374e-05 1.00000113e+08 -2.28060060e+01 3.72919638e+02
-2.44949495e-05 -1.23737374e-05 1.00000128e+08 1.46307205e+00 3.84261601e+02
-2.39898990e-05 -1.23737374e-05 1.00000143e+08 2.66924985e+01 3.94770475e+02
-2.34848485e-05 -1.23737374e-05 1.00000158e+08 5.27119625e+01 4.04338168e+02
-2.29797980e-05 -1.23737374e-05 1.00000172e+08 7.93077844e+01 4.12869171e+02
-2.24747475e-05 -1.23737374e-05 1.00000186e+08 1.06218158e+02 4.20290953e+02
-2.19696970e-05 -1.23737374e-05 1.00000199e+08 1.33130184e+02 4.26568665e+02
-2.14646465e-05 -1.23737374e-05 1.00000212e+08 1.59680674e+02 4.31725175e+02
-2.09595960e-05 -1.23737374e-05 1.00000224e+08 1.85463676e+02 4.35867034e+02
-2.04545455e-05 -1.23737374e-05 1.00000235e+08 2.10048587e+02 4.39216017e+02
-1.99494949e-05 -1.23737374e-05 1.00000246e+08 2.33013292e+02 4.42143991e+02
-1.94444444e-05 -1.23737374e-05 1.00000256e+08 2.53996162e+02 4.45206105e+02
-1.89393939e-05 -1.23737374e-05 1.00000265e+08 2.72768031e+02 4.49163942e+02
-1.84343434e-05 -1.23737374e-05 1.00000272e+08 2.89319686e+02 4.54987663e+02
-1.79292929e-05 -1.23737374e-05 1.00000277e+08 3.03952040e+02 4.63826355e+02
-1.74242424e-05 -1.23737374e-05 1.00000279e+08 3.17347271e+02 4.76941440e+02
-1.69191919e-05 -1.23737374e-05 1.00000276e+08 3.30594578e+02 4.95610235e+02
-1.64141414e-05 -1.23737374e-05 1.00000268e+08 3.45149693e+02 5.21023100e+02
-1.59090909e-05 -1.23737374e-05 1.00000253e+08 3.62726127e+02 5.54211123e+02
-1.54040404e-05 -1.23737374e-05 1.00000229e+08 3.85144384e+02 5.96042672e+02
-1.48989899e-05 -1.23737374e-05 1.00000195e+08 4.14191441e+02 6.47311724e+02
-1.43939394e-05 -1.23737374e-05 1.00000148e+08 4.51553578e+02 7.08913102e+02
-1.38888889e-05 -1.23737374e-05 1.00000087e+08 4.98876145e+02 7.82072165e+02
-1.33838384e-05 -1.23737374e-05 1.00000010e+08 5.57981422e+02 8.68580290e+02
-1.28787879e-05 -1.23737374e-05 9.99999124e+07 6.31254487e+02 9.70983850e+02
-1.23737374e-05 -1.23737374e-05 9.99997916e+07 7.22196955e+02 1.09267374e+03
-1.18686869e-05 -1.23737374e-05 9.99996423e+07 8.36149363e+02 1.23780990e+03
-1.13636364e-05 -1.23737374e-05 9.99994578e+07 9.81184821e+02 1.41097527e+03
-1.08585859e-05 -1.23737374e-05 9.99992305e+07 1.16916014e+03 1.61636758e+03
-1.03535354e-05 -1.23737374e-05 9.99989521e+07 1.41683609e+03 1.85617553e+03
-9.84848485e-06 -1.23737374e-05 9.99986150e+07 1.74675213e+03 2.12750664e+03
-9.34343434e-06 -1.23737374e-05 9.99982165e+07 2.18695027e+03 2.41682032e+03
-8.83838384e-06 -1.23737374e-05 9.99977649e+07 2.76726256e+03 2.69042283e+03
-8.33333333e-06 -1.23737374e-05 9.99972916e+07 3.50707598e+03 2.88001015e+03
-7.82828283e-06 -1.23737374e-05 9.99968657e+07 4.38523490e+03 2.86615671e+03
-7.32323232e-06 -1.23737374e-05 9.99966020e+07 5.28151910e+03 2.47602346e+03
-6.81818182e-06 -1.23737374e-05 9.99966273e+07 5.90019388e+03 1.53891421e+03
-6.31313131e-06 -1.23737374e-05 9.99969649e+07 5.76505205e+03 5.46740640e+01
-5.80808081e-06 -1.23737374e-05 9.99973863e+07 4.47119888e+03 -1.59123134e+03
-5.30303030e-06 -1.23737374e-05 9.99974968e+07 2.17979050e+03 -2.70932848e+03
-4.79797980e-06 -1.23737374e-05 9.99971613e+07 -2.62905541e+02 -2.87537421e+03
-4.29292929e-06 -1.23737374e-05 9.99966947e+07 -1.99983421e+03 -2.31322635e+03
-3.78787879e-06 -1.23737374e-05 9.99964831e+07 -2.77728744e+03 -1.53932279e+03
-3.28282828e-06 -1.23737374e-05 9.99966521e+07 -2.81591348e+03 -8.94696589e+02
-2.77777778e-06 -1.23737374e-05 9.99971181e+07 -2.43159631e+03 -4.77830647e+02
-2.27272727e-06 -1.23737374e-05 9.99977480e+07 -1.86080551e+03 -2.69423876e+02
-1.76767677e-06 -1.23737374e-05 9.99984347e+07 -1.25074220e+03 -2.20310623e+02
-1.26262626e-06 -1.23737374e-05 9.99991066e+07 -6.87238603e+02 -2.80421584e+02
-7.57575758e-07 -1.23737374e-05 9.99997184e+07 -2.15106606e+02 -4.04746354e+02
-2.52525253e-07 -1.23737374e-05 1.00000244e+08 1.49767808e+02 -5.55665282e+02
2.52525253e-07 -1.23737374e-05 1.00000672e+08 4.11076464e+02 -7.05034845e+02
7.57575758e-07 -1.23737374e-05 1.00001003e+08 5.83697550e+02 -8.34900809e+02
1.26262626e-06 -1.23737374e-05 1.00001245e+08 6.86856543e+02 -9.36372067e+02
1.76767677e-06 -1.23737374e-05 1.00001410e+08 7.39513499e+02 -1.00732628e+03
2.27272727e-06 -1.23737374e-05 1.00001514e+08 7.57926388e+02 -1.04989724e+03
2.77777778e-06 -1.23737374e-05 1.00001570e+08 7.54827338e+02 -1.06838029e+03
3.28282828e-06 -1.23737374e-05 1.00001590e+08 7.39546858e+02 -1.06777964e+03
3.78787879e-06 -1.23737374e-05 1.00001583e+08 7.18562962e+02 -1.05295039e+03
4.29292929e-06 -1.23737374e-05 1.00001558e+08 6.96151944e+02 -1.02818081e+03
4.79797980e-06 -1.23737374e-05 1.00001520e+08 6.74979898e+02 -9.97054045e+02
5.30303030e-06 -1.23737374e-05 1.00001474e+08 6.56576576e+02 -9.62464141e+02
5.80808081e-06 -1.23737374e-05 1.00001422e+08 6.41686739e+02 -9.26703134e+02
6.31313131e-06 -1.23737374e-05 1.00001368e+08 6.30516634e+02 -8.91569996e+02
6.81818182e-06 -1.23737374e-05 1.00001311e+08 6.22899172e+02 -8.58475354e+02
7.32323232e-06 -1.23737374e-05 1.00001253e+08 6.18399905e+02 -8.28530039e+02
7.82828283e-06 -1.23737374e-05 1.00001195e+08 6.16381950e+02 -8.02613418e+02
8.33333333e-06 -1.23737374e-05 1.00001135e+08 6.16043862e+02 -7.81421371e+02
8.83838384e-06 -1.23737374e-05 1.00001075e+08 6.16441034e+02 -7.65495559e+02
9.34343434e-06 -1.23737374e-05 1.00001013e+08 6.16498593e+02 -7.55236299e+02
9.84848485e-06 -1.23737374e-05 1.00000951e+08 6.15021990e+02 -7.50901558e+02
1.03535354e-05 -1.23737374e-05 1.00000887e+08 6.10710197e+02 -7.52594707e+02
1.08585859e-05 -1.23737374e-05 1.00000822e+08 6.02175512e+02 -7.60243868e+02
1.13636364e-05 -1.23737374e-05 1.00000756e+08 5.87973161e+02 -7.73576036e+02
1.18686869e-05 -1.23737374e-05 1.00000690e+08 5.66643057e+02 -7.92089663e+02
1.23737374e-05 -1.23737374e-05 1.00000624e+08 5.36764969e+02 -8.15029925e+02
1.28787879e-05 -1.23737374e-05 1.00000558e+08 4.97027044e+02 -8.41371394e+02
1.33838384e-05 -1.23737374e-05 1.00000495e+08 4.46305898e+02 -8.69813071e+02
1.38888889e-05 -1.23737374e-05 1.00000434e+08 3.83754582e+02 -8.98790614e+02
1.43939394e-05 -1.23737374e-05 1.00000378e+08 3.08892660e+02 -9.26509780e+02
1.48989899e-05 -1.23737374e-05 1.00000328e+08 2.21690730e+02 -9.51003679e+02
1.54040404e-05 -1.23737374e-05 1.00000284e+08 1.22640341e+02 -9.70214190e+02
1.59090909e-05 -1.23737374e-05 1.00000249e+08 1.27997085e+01 -9.82095032e+02
1.64141414e-05 -1.23737374e-05 1.00000223e+08 -1.06193674e+02 -9.84730830e+02
1.69191919e-05 -1.23737374e-05 1.00000206e+08 -2.32150357e+02 -9.76463384e+02
1.74242424e-05 -1.23737374e-05 1.00000199e+08 -3.62399527e+02 -9.56013953e+02
1.79292929e-05 -1.23737374e-05 1.00000203e+08 -4.93901646e+02 -9.22589086e+02
1.84343434e-05 -1.23737374e-05 1.00000215e+08 -6.23396811e+02 -8.75957962e+02
1.89393939e-05 -1.23737374e-05 1.00000235e+08 -7.47577719e+02 -8.16491376e+02
1.94444444e-05 -1.23737374e-05 1.00000261e+08 -8.63272394e+02 -7.45156384e+02
1.99494949e-05 -1.23737374e-05 1.00000292e+08 -9.67619990e+02 -6.63465589e+02
2.04545455e-05 -1.23737374e-05 1.00000326e+08 -1.05822343e+03 -5.73385427e+02
2.09595960e-05 -1.23737374e-05 1.00000361e+08 -1.13326530e+03 -4.77212595e+02
2.14646465e-05 -1.23737374e-05 1.00000395e+08 -1.19157787e+03 -3.77431233e+02
2.19696970e-05 -1.23737374e-05 1.00000426e+08 -1.23266391e+03 -2.76565035e+02
2.24747475e-05 -1.23737374e-05 1.00000452e+08 -1.25667022e+03 -1.77038015e+02
2.29797980e-05 -1.23737374e-05 1.00000474e+08 -1.26432099e+03 -8.10553639e+01
2.34848485e-05 -1.23737374e-05 1.00000489e+08 -1.25682138e+03 9.48763704e+00
2.39898990e-05 -1.23737374e-05 1.00000499e+08 -1.23574312e+03 9.30647307e+01
2.44949495e-05 -1.23737374e-05 1.00000501e+08 -1.20290413e+03 1.68545797e+02
2.50000000e-05 -1.23737374e-05 1.00000498e+08 -1.16025247e+03 2.35195117e+02
-2.50000000e-05 -1.18686869e-05 1.00000128e+08 -3.45375723e+01 3.68358555e+02
-2.44949495e-05 -1.18686869e-05 1.00000145e+08 -9.43175195e+00 3.79680527e+02
-2.39898990e-05 -1.18686869e-05 1.00000162e+08 1.67647028e+01 3.90033590e+02
-2.34848485e-05 -1.18686869e-05 1.00000178e+08 4.38772918e+01 3.99268149e+02
-2.29797980e-05 -1.18686869e-05 1.00000195e+08 7.16802932e+01 4.07237291e+02
-2.24747475e-05 -1.18686869e-05 1.00000211e+08 9.98880017e+01 4.13805634e+02
-2.19696970e-05 -1.18686869e-05 1.00000227e+08 1.28146354e+02 4.18863195e+02
-2.14646465e-05 -1.18686869e-05 1.00000242e+08 1.56026942e+02 4.22346125e+02
-2.09595960e-05 -1.18686869e-05 1.00000257e+08 1.83026856e+02 4.24266157e+02
-2.04545455e-05 -1.18686869e-05 1.00000272e+08 2.08579635e+02 4.24749842e+02
-1.99494949e-05 -1.18686869e-05 1.00000286e+08 2.32084383e+02 4.24086602e+02
-1.94444444e-05 -1.18686869e-05 1.00000300e+08 2.52960907e+02 4.22780739e+02
-1.89393939e-05 -1.18686869e-05 1.00000313e+08 2.70736759e+02 4.21596775e+02
-1.84343434e-05 -1.18686869e-05 1.00000325e+08 2.85165117e+02 4.21581152e+02
-1.79292929e-05 -1.18686869e-05 1.00000337e+08 2.96359330e+02 4.24039788e+02
-1.74242424e-05 -1.18686869e-05 1.00000347e+08 3.04912427e+02 4.30455675e+02
-1.69191919e-05 -1.18686869e-05 1.00000353e+08 3.11955710e+02 4.42348368e+02
-1.64141414e-05 -1.18686869e-05 1.00000355e+08 3.19112122e+02 4.61106537e+02
-1.59090909e-05 -1.18686869e-05 1.00000351e+08 3.28327590e+02 4.87853853e+02
-1.54040404e-05 -1.18686869e-05 1.00000339e+08 3.41613396e+02 5.23417881e+02
-1.48989899e-05 -1.18686869e-05 1.00000317e+08 3.60782429e+02 5.68447993e+02
-1.43939394e-05 -1.18686869e-05 1.00000284e+08 3.87282590e+02 6.23679267e+02
-1.38888889e-05 -1.18686869e-05 1.00000238e+08 4.22209576e+02 6.90292508e+02
-1.33838384e-05 -1.18686869e-05 1.00000178e+08 4.66536032e+02 7.70301798e+02
-1.28787879e-05 -1.18686869e-05 1.00000099e+08 5.21557414e+02 8.66912983e+02
-1.23737374e-05 -1.18686869e-05 9.99999975e+07 5.89548365e+02 9.84818963e+02
-1.18686869e-05 -1.18686869e-05 9.99998675e+07 6.74646084e+02 1.13040551e+03
-1.13636364e-05 -1.18686869e-05 9.99997002e+07 7.84016875e+02 1.31181822e+03
-1.08585859e-05 -1.18686869e-05 9.99994839e+07 9.29409828e+02 1.53876980e+03
-1.03535354e-05 -1.18686869e-05 9.99992037e+07 1.12924674e+03 1.82180270e+03
-9.84848485e-06 -1.18686869e-05 9.99988411e+07 1.41138889e+03 2.17035968e+03
-9.34343434e-06 -1.18686869e-05 9.99983762e+07 1.81646781e+03 2.58824504e+03
-8.83838384e-06 -1.18686869e-05 9.99977931e+07 2.40058325e+03 3.06355391e+03
-8.33333333e-06 -1.18686869e-05 9.99970934e+07 3.23266282e+03 3.54770209e+03
-7.82828283e-06 -1.18686869e-05 9.99963258e+07 4.37218766e+03 3.91635910e+03
-7.32323232e-06 -1.18686869e-05 9.99956337e+07 5.79264245e+03 3.91389219e+03
-6.81818182e-06 -1.18686869e-05 9.99952849e+07 7.19887518e+03 3.13663264e+03
-6.31313131e-06 -1.18686869e-05 9.99955396e+07 7.78624232e+03 1.25007065e+03
-5.80808081e-06 -1.18686869e-05 9.99962045e+07 6.43793330e+03 -1.36647871e+03
-5.30303030e-06 -1.18686869e-05 9.99964539e+07 3.03333514e+03 -3.29372480e+03
-4.79797980e-06 -1.18686869e-05 9.99959179e+07 -6.64217393e+02 -3.49149391e+03
-4.29292929e-06 -1.18686869e-05 9.99953516e+07 -2.90401905e+03 -2.57692761e+03
-3.78787879e-06 -1.18686869e-05 9.99954132e+07 -3.57402099e+03 -1.59708738e+03
-3.28282828e-06 -1.18686869e-05 9.99960455e+07 -3.33488895e+03 -9.43545367e+02
-2.77777778e-06 -1.18686869e-05 9.99969488e+07 -2.70321068e+03 -5.92102252e+02
-2.27272727e-06 -1.18686869e-05 9.99979104e+07 -1.94808379e+03 -4.53475503e+02
-1.76767677e-06 -1.18686869e-05 9.99988246e+07 -1.20938241e+03 -4.62493333e+02
-1.26262626e-06 -1.18686869e-05 9.99996407e+07 -5.66149354e+02 -5.68720875e+02
-7.57575758e-07 -1.18686869e-05 1.00000332e+08 -5.72932527e+01 -7.26010325e+02
-2.52525253e-07 -1.18686869e-05 1.00000885e+08 3.10177784e+02 -8.94280512e+02
2.52525253e-07 -1.18686869e-05 1.00001303e+08 5.51319989e+02 -1.04453269e+03
7.57575758e-07 -1.18686869e-05 1.00001596e+08 6.92104233e+02 -1.16069420e+03
1.26262626e-06 -1.18686869e-05 1.00001785e+08 7.60386211e+02 -1.23768224e+03
1.76767677e-06 -1.18686869e-05 1.00001891e+08 7.80601574e+02 -1.27770903e+03
2.27272727e-06 -1.18686869e-05 1.00001933e+08 7.71742787e+02 -1.28671690e+03
2.77777778e-06 -1.18686869e-05 1.00001931e+08 7.47374304e+02 -1.27181465e+03
3.28282828e-06 -1.18686869e-05 1.00001899e+08 7.16562362e+02 -1.23979392e+03
3.78787879e-06 -1.18686869e-05 1.00001847e+08 6.85014832e+02 -1.19645868e+03
4.29292929e-06 -1.18686869e-05 1.00001783e+08 6.56096169e+02 -1.14645266e+03
4.79797980e-06 -1.18686869e-05 1.00001713e+08 6.31610616e+02 -1.09334140e+03
5.30303030e-06 -1.18686869e-05 1.00001640e+08 6.12357236e+02 -1.03979565e+03
5.80808081e-06 -1.18686869e-05 1.00001567e+08 5.98500225e+02 -9.87792765e+02
6.31313131e-06 -1.18686869e-05 1.00001495e+08 5.89803633e+02 -9.38797564e+02
6.81818182e-06 -1.18686869e-05 1.00001424e+08 5.85772329e+02 -8.93908569e+02
7.32323232e-06 -1.18686869e-05 1.00001355e+08 5.85730773e+02 -8.53968118e+02
7.82828283e-06 -1.18686869e-05 1.00001287e+08 5.88862110e+02 -8.19639617e+02
8.33333333e-06 -1.18686869e-05 1.00001220e+08 5.94223159e+02 -7.91456766e+02
8.83838384e-06 -1.18686869e-05 1.00001153e+08 6.00746199e+02 -7.69849415e+02
9.34343434e-06 -1.18686869e-05 1.00001087e+08 6.07235347e+02 -7.55150041e+02
9.84848485e-06 -1.18686869e-05 1.00001020e+08 6.12363524e+02 -7.47584195e+02
1.03535354e-05 -1.18686869e-05 1.00000951e+08 6.14674888e+02 -7.47247923e+02
1.08585859e-05 -1.18686869e-05 1.00000882e+08 6.12596945e+02 -7.54075114e+02
1.13636364e-05 -1.18686869e-05 1.00000812e+08 6.04466037e+02 -7.67798156e+02
1.18686869e-05 -1.18686869e-05 1.00000740e+08 5.88569161e+02 -7.87905882e+02
1.23737374e-05 -1.18686869e-05 1.00000669e+08 5.63204134e+02 -8.13603706e+02
1.28787879e-05 -1.18686869e-05 1.00000597e+08 5.26758603e+02 -8.43781692e+02
1.33838384e-05 -1.18686869e-05 1.00000528e+08 4.77806384e+02 -8.76996963e+02
1.38888889e-05 -1.18686869e-05 1.00000461e+08 4.15217102e+02 -9.11477025e+02
1.43939394e-05 -1.18686869e-05 1.00000399e+08 3.38272255e+02 -9.45149958e+02
1.48989899e-05 -1.18686869e-05 1.00000342e+08 2.46778029e+02 -9.75705788e+02
1.54040404e-05 -1.18686869e-05 1.00000293e+08 1.41162882e+02 -1.00069062e+03
1.59090909e-05 -1.18686869e-05 1.00000253e+08 2.25467033e+01 -1.01763132e+03
1.64141414e-05 -1.18686869e-05 1.00000224e+08 -1.07231232e+02 -1.02418422e+03
1.69191919e-05 -1.18686869e-05 1.00000205e+08 -2.45635848e+02 -1.01829646e+03
1.74242424e-05 -1.18686869e-05 1.00000198e+08 -3.89517219e+02 -9.98365398e+02
1.79292929e-05 -1.18686869e-05 1.00000202e+08 -5.35248405e+02 -9.63378742e+02
1.84343434e-05 -1.18686869e-05 1.00000216e+08 -6.78912476e+02 -9.13018601e+02
1.89393939e-05 -1.18686869e-05 1.00000240e+08 -8.16524009e+02 -8.47715364e+02
1.94444444e-05 -1.18686869e-05 1.00000270e+08 -9.44264812e+02 -7.68642571e+02
1.99494949e-05 -1.18686869e-05 1.00000306e+08 -1.05871083e+03 -6.77651134e+02
2.04545455e-05 -1.18686869e-05 1.00000345e+08 -1.15702767e+03 -5.77148849e+02
2.09595960e-05 -1.18686869e-05 1.00000384e+08 -1.23711605e+03 -4.69938108e+02
2.14646465e-05 -1.18686869e-05 1.00000422e+08 -1.29769513e+03 -3.59029518e+02
2.19696970e-05 -1.18686869e-05 1.00000456e+08 -1.33831967e+03 -2.47451209e+02
2.24747475e-05 -1.18686869e-05 1.00000485e+08 -1.35933508e+03 -1.38072544e+02
2.29797980e-05 -1.18686869e-05 1.00000508e+08 -1.36178097e+03 -3.34574053e+01
2.34848485e-05 -1.18686869e-05 1.00000523e+08 -1.34725849e+03 6.42430708e+01
2.39898990e-05 -1.18686869e-05 1.00000531e+08 -1.31777812e+03 1.53354309e+02
2.44949495e-05 -1.18686869e-05 1.00000531e+08 -1.27560415e+03 2.32700021e+02
2.50000000e-05 -1.18686869e-05 1.00000525e+08 -1.22310904e+03 3.01587439e+02
-2.50000000e-05 -1.13636364e-05 1.00000142e+08 -4.63535999e+01 3.63871823e+02
-2.44949495e-05 -1.13636364e-05 1.00000161e+08 -2.03005663e+01 3.75282109e+02
-2.39898990e-05 -1.13636364e-05 1.00000181e+08 7.01035964e+00 3.85604505e+02
-2.34848485e-05 -1.13636364e-05 1.00000200e+08 3.54103616e+01 3.94648069e+02
-2.29797980e-05 -1.13636364e-05 1.00000218e+08 6.46738711e+01 4.02212520e+02
-2.24747475e-05 -1.13636364e-05 1.00000237e+08 9.45056814e+01 4.08093992e+02
-2.19696970e-05 -1.13636364e-05 1.00000255e+08 1.24526358e+02 4.12095887e+02
-2.14646465e-05 -1.13636364e-05 1.00000273e+08 1.54257485e+02 4.14047654e+02
-2.09595960e-05 -1.13636364e-05 1.00000291e+08 1.83110156e+02 4.13834951e+02
-2.04545455e-05 -1.13636364e-05 1.00000308e+08 2.10382991e+02 4.11444685e+02
-1.99494949e-05 -1.13636364e-05 1.00000326e+08 2.35279700e+02 4.07026848e+02
-1.94444444e-05 -1.13636364e-05 1.00000343e+08 2.56959739e+02 4.00970541e+02
-1.89393939e-05 -1.13636364e-05 1.00000361e+08 2.74636524e+02 3.93982926e+02
-1.84343434e-05 -1.13636364e-05 1.00000379e+08 2.87731312e+02 3.87147417e+02
-1.79292929e-05 -1.13636364e-05 1.00000398e+08 2.96072585e+02 3.81925417e+02
-1.74242424e-05 -1.13636364e-05 1.00000415e+08 3.00099191e+02 3.80064375e+02
-1.69191919e-05 -1.13636364e-05 1.00000431e+08 3.00990892e+02 3.83396843e+02
-1.64141414e-05 -1.13636364e-05 1.00000444e+08 3.00636695e+02 3.93565729e+02
-1.59090909e-05 -1.13636364e-05 1.00000453e+08 3.01387921e+02 4.11772571e+02
-1.54040404e-05 -1.13636364e-05 1.00000455e+08 3.05632940e+02 4.38676625e+02
-1.48989899e-05 -1.13636364e-05 1.00000449e+08 3.15330772e+02 4.74535510e+02
-1.43939394e-05 -1.13636364e-05 1.00000434e+08 3.31682520e+02 5.19583517e+02
-1.38888889e-05 -1.13636364e-05 1.00000408e+08 3.55070107e+02 5.74554177e+02
-1.33838384e-05 -1.13636364e-05 1.00000371e+08 3.85292631e+02 6.41231280e+02
-1.28787879e-05 -1.13636364e-05 1.00000320e+08 4.22059210e+02 7.22959526e+02
-1.23737374e-05 -1.13636364e-05 1.00000251e+08 4.65695635e+02 8.25112064e+02
-1.18686869e-05 -1.13636364e-05 1.00000157e+08 5.18074334e+02 9.55550258e+02
-1.13636364e-05 -1.13636364e-05 1.00000030e+08 5.83850359e+02 1.12511420e+03
-1.08585859e-05 -1.13636364e-05 9.99998561e+07 6.72180472e+02 1.34816345e+03
-1.03535354e-05 -1.13636364e-05 9.99996150e+07 7.99259833e+02 1.64312764e+03
-9.84848485e-06 -1.13636364e-05 9.99992791e+07 9.92286967e+02 2.03281972e+03
-9.34343434e-06 -1.13636364e-05 9.99988106e+07 1.29587833e+03 2.54362777e+03
-8.83838384e-06 -1.13636364e-05 9.99981605e+07 1.78230953e+03 3.20092419e+03
-8.33333333e-06 -1.13636364e-05 9.99972730e+07 2.56613503e+03 4.01333919e+03
-7.82828283e-06 -1.13636364e-05 9.99961106e+07 3.81666266e+03 4.92710254e+03
-7.32323232e-06 -1.13636364e-05 9.99947324e+07 5.72918917e+03 5.71013180e+03
-6.81818182e-06 -1.13636364e-05 9.99934747e+07 8.30583275e+03 5.72682558e+03
-6.31313131e-06 -1.13636364e-05 9.99931011e+07 1.06208495e+04 3.83028382e+03
-5.80808081e-06 -1.13636364e-05 9.99940379e+07 9.95588760e+03 -4.25455530e+02
-5.30303030e-06 -1.13636364e-05 9.99946159e+07 4.50826192e+03 -4.13319329e+03
-4.79797980e-06 -1.13636364e-05 9.99936481e+07 -1.52227950e+03 -4.22921071e+03
-4.29292929e-06 -1.13636364e-05 9.99932598e+07 -4.13641201e+03 -2.74660022e+03
-3.78787879e-06 -1.13636364e-05 9.99942482e+07 -4.36110328e+03 -1.74508768e+03
-3.28282828e-06 -1.13636364e-05 9.99957748e+07 -3.75199899e+03 -1.26007270e+03
-2.77777778e-06 -1.13636364e-05 9.99972606e+07 -2.89688709e+03 -1.01553777e+03
-2.27272727e-06 -1.13636364e-05 9.99985504e+07 -1.98731325e+03 -9.13768071e+02
-1.76767677e-06 -1.13636364e-05 9.99996388e+07 -1.13460451e+03 -9.33052119e+02
-1.26262626e-06 -1.13636364e-05 1.00000536e+08 -4.21073302e+02 -1.04461641e+03
-7.57575758e-07 -1.13636364e-05 1.00001244e+08 1.11966043e+02 -1.20180596e+03
-2.52525253e-07 -1.13636364e-05 1.00001765e+08 4.66152081e+02 -1.35782779e+03
2.52525253e-07 -1.13636364e-05 1.00002115e+08 6.71623802e+02 -1.48075382e+03
7.57575758e-07 -1.13636364e-05 1.00002321e+08 7.68743396e+02 -1.55688952e+03
1.26262626e-06 -1.13636364e-05 1.00002414e+08 7.95265847e+02 -1.58633127e+03
1.76767677e-06 -1.13636364e-05 1.00002426e+08 7.80688312e+02 -1.57660157e+03
2.27272727e-06 -1.13636364e-05 1.00002383e+08 7.45536840e+02 -1.53766043e+03
2.77777778e-06 -1.13636364e-05 1.00002306e+08 7.02913255e+02 -1.47903261e+03
3.28282828e-06 -1.13636364e-05 1.00002209e+08 6.60568786e+02 -1.40859110e+03
3.78787879e-06 -1.13636364e-05 1.00002104e+08 6.22719194e+02 -1.33231466e+03
4.29292929e-06 -1.13636364e-05 1.00001997e+08 5.91384609e+02 -1.25449894e+03
4.79797980e-06 -1.13636364e-05 1.00001893e+08 5.67287351e+02 -1.17811539e+03
5.30303030e-06 -1.13636364e-05 1.00001792e+08 5.50414636e+02 -1.10516944e+03
5.80808081e-06 -1.13636364e-05 1.00001697e+08 5.40351584e+02 -1.03700048e+03
6.31313131e-06 -1.13636364e-05 1.00001608e+08 5.36465961e+02 -9.74511407e+02
6.81818182e-06 -1.13636364e-05 1.00001525e+08 5.38000935e+02 -9.18333839e+02
7.32323232e-06 -1.13636364e-05 1.00001445e+08 5.44112543e+02 -8.68940824e+02
7.82828283e-06 -1.13636364e-05 1.00001370e+08 5.53875062e+02 -8.26718480e+02
8.33333333e-06 -1.13636364e-05 1.00001297e+08 5.66268865e+02 -7.92005900e+02
8.83838384e-06 -1.13636364e-05 1.00001226e+08 5.80160214e+02 -7.65110162e+02
9.34343434e-06 -1.13636364e-05 1.00001156e+08 5.94279561e+02 -7.46301264e+02
9.84848485e-06 -1.13636364e-05 1.00001085e+08 6.07203508e+02 -7.35790355e+02
1.03535354e-05 -1.13636364e-05 1.00001014e+08 6.17345015e+02 -7.33693932e+02
1.08585859e-05 -1.13636364e-05 1.00000941e+08 6.22956253e+02 -7.39986547e+02
1.13636364e-05 -1.13636364e-05 1.00000867e+08 6.22148398e+02 -7.54445074e+02
1.18686869e-05 -1.13636364e-05 1.00000791e+08 6.12932351e+02 -7.76588581e+02
1.23737374e-05 -1.13636364e-05 1.00000715e+08 5.93283521e+02 -8.05619171e+02
1.28787879e-05 -1.13636364e-05 1.00000638e+08 5.61232287e+02 -8.40370655e+02
1.33838384e-05 -1.13636364e-05 1.00000562e+08 5.14979382e+02 -8.79273196e+02
1.38888889e-05 -1.13636364e-05 1.00000489e+08 4.53032186e+02 -9.20342827e+02
1.43939394e-05 -1.13636364e-05 1.00000419e+08 3.74354068e+02 -9.61204464e+02
1.48989899e-05 -1.13636364e-05 1.00000357e+08 2.78514740e+02 -9.99155405e+02
1.54040404e-05 -1.13636364e-05 1.00000302e+08 1.65825961e+02 -1.03127298e+03
1.59090909e-05 -1.13636364e-05 1.00000257e+08 3.74444980e+01 -1.05456509e+03
1.64141414e-05 -1.13636364e-05 1.00000223e+08 -1.04575944e+02 -1.06615630e+03
1.69191919e-05 -1.13636364e-05 1.00000202e+08 -2.57299446e+02 -1.06349527e+03
1.74242424e-05 -1.13636364e-05 1.00000194e+08 -4.16999030e+02 -1.04456400e+03
1.79292929e-05 -1.13636364e-05 1.00000199e+08 -5.79325399e+02 -1.00806507e+03
1.84343434e-05 -1.13636364e-05 1.00000216e+08 -7.39544044e+02 -9.53563198e+02
1.89393939e-05 -1.13636364e-05 1.00000244e+08 -8.92821185e+02 -8.81560444e+02
1.94444444e-05 -1.13636364e-05 1.00000280e+08 -1.03453070e+03 -7.93492315e+02
1.99494949e-05 -1.13636364e-05 1.00000321e+08 -1.16054978e+03 -6.91641735e+02
2.04545455e-05 -1.13636364e-05 1.00000366e+08 -1.26751163e+03 -5.78979315e+02
2.09595960e-05 -1.13636364e-05 1.00000411e+08 -1.35298927e+03 -4.58948206e+02
2.14646465e-05 -1.13636364e-05 1.00000453e+08 -1.41559415e+03 -3.35218800e+02
2.19696970e-05 -1.13636364e-05 1.00000491e+08 -1.45498519e+03 -2.11441089e+02
2.24747475e-05 -1.13636364e-05 1.00000522e+08 -1.47179550e+03 -9.10205045e+01
2.29797980e-05 -1.13636364e-05 1.00000545e+08 -1.46749320e+03 2.30626438e+01
2.34848485e-05 -1.13636364e-05 1.00000559e+08 -1.44419851e+03 1.28378085e+02
2.39898990e-05 -1.13636364e-05 1.00000565e+08 -1.40448102e+03 2.23111290e+02
2.44949495e-05 -1.13636364e-05 1.00000562e+08 -1.35115877e+03 3.06073934e+02
2.50000000e-05 -1.13636364e-05 1.00000551e+08 -1.28711644e+03 3.76668520e+02
-2.50000000e-05 -1.08585859e-05 1.00000157e+08 -5.83645500e+01 3.59523959e+02
-2.44949495e-05 -1.08585859e-05 1.00000178e+08 -3.12742675e+01 3.71153947e+02
-2.39898990e-05 -1.08585859e-05 1.00000200e+08 -2.72433761e+00 3.81603525e+02
-2.34848485e-05 -1.08585859e-05 1.00000221e+08 2.71329823e+01 3.90644486e+02
-2.29797980e-05 -1.08585859e-05 1.00000242e+08 5.80867665e+01 3.98026307e+02
-2.24747475e-05 -1.08585859e-05 1.00000264e+08 8.98510115e+01 4.03477147e+02
-2.19696970e-05 -1.08585859e-05 1.00000285e+08 1.22043877e+02 4.06709032e+02
-2.14646465e-05 -1.08585859e-05 1.00000305e+08 1.54162955e+02 4.07430813e+02
-2.09595960e-05 -1.08585859e-05 1.00000325e+08 1.85558916e+02 4.05374128e+02
-2.04545455e-05 -1.08585859e-05 1.00000346e+08 2.15413637e+02 4.00339154e+02
-1.99494949e-05 -1.08585859e-05 1.00000366e+08 2.42734959e+02 3.92267140e+02
-1.94444444e-05 -1.08585859e-05 1.00000387e+08 2.66388329e+02 3.81343186e+02
-1.89393939e-05 -1.08585859e-05 1.00000408e+08 2.85192966e+02 3.68122077e+02
-1.84343434e-05 -1.08585859e-05 1.00000432e+08 2.98109787e+02 3.53649391e+02
-1.79292929e-05 -1.08585859e-05 1.00000456e+08 3.04528189e+02 3.39522105e+02
-1.74242424e-05 -1.08585859e-05 1.00000482e+08 3.04607956e+02 3.27812569e+02
-1.69191919e-05 -1.08585859e-05 1.00000508e+08 2.99557478e+02 3.20796680e+02
-1.64141414e-05 -1.08585859e-05 1.00000533e+08 2.91673358e+02 3.20508386e+02
-1.59090909e-05 -1.08585859e-05 1.00000555e+08 2.84001945e+02 3.28271885e+02
-1.54040404e-05 -1.08585859e-05 1.00000573e+08 2.79647642e+02 3.44452584e+02
-1.48989899e-05 -1.08585859e-05 1.00000584e+08 2.80967725e+02 3.68613438e+02
-1.43939394e-05 -1.08585859e-05 1.00000590e+08 2.88989180e+02 4.00066690e+02
-1.38888889e-05 -1.08585859e-05 1.00000589e+08 3.03265539e+02 4.38622201e+02
-1.33838384e-05 -1.08585859e-05 1.00000582e+08 3.22164558e+02 4.85308205e+02
-1.28787879e-05 -1.08585859e-05 1.00000567e+08 3.43436330e+02 5.42971526e+02
-1.23737374e-05 -1.08585859e-05 1.00000542e+08 3.64936734e+02 6.16811678e+02
-1.18686869e-05 -1.08585859e-05 1.00000502e+08 3.85493498e+02 7.14964433e+02
-1.13636364e-05 -1.08585859e-05 1.00000440e+08 4.05997567e+02 8.49250369e+02
-1.08585859e-05 -1.08585859e-05 1.00000343e+08 4.30878166e+02 1.03623224e+03
-1.03535354e-05 -1.08585859e-05 1.00000192e+08 4.70282534e+02 1.29883115e+03
-9.84848485e-06 -1.08585859e-05 9.99999553e+07 5.43692923e+02 1.66889988e+03
-9.34343434e-06 -1.08585859e-05 9.99995877e+07 6.86602263e+02 2.19121814e+03
-8.83838384e-06 -1.08585859e-05 9.99990161e+07 9.63699000e+02 2.92899612e+03
-8.33333333e-06 -1.08585859e-05 9.99981263e+07 1.49578361e+03 3.96871272e+03
-7.82828283e-06 -1.08585859e-05 9.99967453e+07 2.51458135e+03 5.41191367e+03
-7.32323232e-06 -1.08585859e-05 9.99946510e+07 4.46334773e+03 7.29886834e+03
-6.81818182e-06 -1.08585859e-05 9.99917654e+07 8.08147301e+03 9.24965060e+03
-6.31313131e-06 -1.08585859e-05 9.99890210e+07 1.37213289e+04 9.27635204e+03
-5.80808081e-06 -1.08585859e-05 9.99893384e+07 1.69248994e+04 3.01608715e+03
-5.30303030e-06 -1.08585859e-05 9.99908510e+07 7.32730063e+03 -5.54933503e+03
-4.79797980e-06 -1.08585859e-05 9.99888899e+07 -3.50050437e+03 -4.78864599e+03
-4.29292929e-06 -1.08585859e-05 9.99904838e+07 -5.34313848e+03 -2.93302362e+03
-3.78787879e-06 -1.08585859e-05 9.99938616e+07 -4.81439013e+03 -2.56851287e+03
-3.28282828e-06 -1.08585859e-05 9.99965917e+07 -4.03224553e+03 -2.34048684e+03
-2.77777778e-06 -1.08585859e-05 9.99985153e+07 -3.10276770e+03 -2.03299645e+03
-2.27272727e-06 -1.08585859e-05 9.99999243e+07 -2.07651068e+03 -1.78603848e+03
-1.76767677e-06 -1.08585859e-05 1.00001020e+08 -1.09707069e+03 -1.69157559e+03
-1.26262626e-06 -1.08585859e-05 1.00001875e+08 -2.99925331e+02 -1.73453717e+03
-7.57575758e-07 -1.08585859e-05 1.00002499e+08 2.55139279e+02 -1.84265167e+03
-2.52525253e-07 -1.08585859e-05 1.00002899e+08 5.83604632e+02 -1.94578717e+03
2.52525253e-07 -1.08585859e-05 1.00003105e+08 7.40382180e+02 -2.00412659e+03
7.57575758e-07 -1.08585859e-05 1.00003159e+08 7.85990009e+02 -2.00738515e+03
1.26262626e-06 -1.08585859e-05 1.00003108e+08 7.69183799e+02 -1.96271120e+03
1.76767677e-06 -1.08585859e-05 1.00002990e+08 7.23083651e+02 -1.88359001e+03
2.27272727e-06 -1.08585859e-05 1.00002838e+08 6.67693503e+02 -1.78340500e+03
2.77777778e-06 -1.08585859e-05 1.00002670e+08 6.13939479e+02 -1.67285913e+03
3.28282828e-06 -1.08585859e-05 1.00002501e+08 5.67137939e+02 -1.55955146e+03
3.78787879e-06 -1.08585859e-05 1.00002338e+08 5.29410699e+02 -1.44844741e+03
4.29292929e-06 -1.08585859e-05 1.00002186e+08 5.01188551e+02 -1.34256940e+03
4.79797980e-06 -1.08585859e-05 1.00002047e+08 4.82078721e+02 -1.24362647e+03
5.30303030e-06 -1.08585859e-05 1.00001921e+08 4.71333078e+02 -1.15250097e+03
5.80808081e-06 -1.08585859e-05 1.00001806e+08 4.68080988e+02 -1.06959407e+03
6.31313131e-06 -1.08585859e-05 1.00001702e+08 4.71429198e+02 -9.95057903e+02
6.81818182e-06 -1.08585859e-05 1.00001608e+08 4.80489088e+02 -9.28944476e+02
7.32323232e-06 -1.08585859e-05 1.00001521e+08 4.94365517e+02 -8.71295906e+02
7.82828283e-06 -1.08585859e-05 1.00001441e+08 5.12126330e+02 -8.22193526e+02
8.33333333e-06 -1.08585859e-05 1.00001364e+08 5.32763191e+02 -7.81777579e+02
8.83838384e-06 -1.08585859e-05 1.00001291e+08 5.55150113e+02 -7.50244685e+02
9.34343434e-06 -1.08585859e-05 1.00001219e+08 5.78004133e+02 -7.27827251e+02
9.84848485e-06 -1.08585859e-05 1.00001147e+08 5.99852055e+02 -7.14757107e+02
1.03535354e-05 -1.08585859e-05 1.00001074e+08 6.19007392e+02 -7.11214816e+02
1.08585859e-05 -1.08585859e-05 1.00000999e+08 6.33562205e+02 -7.17266066e+02
1.13636364e-05 -1.08585859e-05 1.00000923e+08 6.41399076e+02 -7.32787319e+02
1.18686869e-05 -1.08585859e-05 1.00000844e+08 6.40228632e+02 -7.57384353e+02
1.23737374e-05 -1.08585859e-05 1.00000763e+08 6.27657597e+02 -7.90309322e+02
1.28787879e-05 -1.08585859e-05 1.00000681e+08 6.01290860e+02 -8.30384297e+02
1.33838384e-05 -1.08585859e-05 1.00000599e+08 5.58868349e+02 -8.75941500e+02
1.38888889e-05 -1.08585859e-05 1.00000518e+08 4.98433422e+02 -9.24792158e+02
1.43939394e-05 -1.08585859e-05 1.00000442e+08 4.18524233e+02 -9.74236349e+02
1.48989899e-05 -1.08585859e-05 1.00000372e+08 3.18373530e+02 -1.02112481e+03
1.54040404e-05 -1.08585859e-05 1.00000310e+08 1.98096591e+02 -1.06197989e+03
1.59090909e-05 -1.08585859e-05 1.00000259e+08 5.88426500e+01 -1.09317641e+03
1.64141414e-05 -1.08585859e-05 1.00000221e+08 -9.71163315e+01 -1.11117475e+03
1.69191919e-05 -1.08585859e-05 1.00000197e+08 -2.66383070e+02 -1.11278886e+03
1.74242424e-05 -1.08585859e-05 1.00000189e+08 -4.44534703e+02 -1.09546281e+03
1.79292929e-05 -1.08585859e-05 1.00000195e+08 -6.26329143e+02 -1.05752336e+03
1.84343434e-05 -1.08585859e-05 1.00000215e+08 -8.06007407e+02 -9.98374368e+02
1.89393939e-05 -1.08585859e-05 1.00000248e+08 -9.77665933e+02 -9.18603229e+02
1.94444444e-05 -1.08585859e-05 1.00000290e+08 -1.13566018e+03 -8.19979734e+02
1.99494949e-05 -1.08585859e-05 1.00000338e+08 -1.27499386e+03 -7.05342718e+02
2.04545455e-05 -1.08585859e-05 1.00000390e+08 -1.39164873e+03 -5.78386099e+02
2.09595960e-05 -1.08585859e-05 1.00000441e+08 -1.48281842e+03 -4.43370789e+02
2.14646465e-05 -1.08585859e-05 1.00000488e+08 -1.54702416e+03 -3.04798869e+02
2.19696970e-05 -1.08585859e-05 1.00000529e+08 -1.58410814e+03 -1.67089631e+02
2.24747475e-05 -1.08585859e-05 1.00000562e+08 -1.59511698e+03 -3.42933969e+01
2.29797980e-05 -1.08585859e-05 1.00000586e+08 -1.58210084e+03 9.01302099e+01
2.34848485e-05 -1.08585859e-05 1.00000599e+08 -1.54786092e+03 2.03455155e+02
2.39898990e-05 -1.08585859e-05 1.00000601e+08 -1.49567894e+03 3.03751103e+02
2.44949495e-05 -1.08585859e-05 1.00000594e+08 -1.42905820e+03 3.89873238e+02
2.50000000e-05 -1.08585859e-05 1.00000579e+08 -1.35149786e+03 4.61395169e+02
-2.50000000e-05 -1.03535354e-05 1.00000171e+08 -7.06963518e+01 3.55348159e+02
-2.44949495e-05 -1.03535354e-05 1.00000194e+08 -4.25064815e+01 3.67343281e+02
-2.39898990e-05 -1.03535354e-05 1.00000218e+08 -1.26267377e+01 3.78099892e+02
-2.34848485e-05 -1.03535354e-05 1.00000243e+08 1.88176623e+01 3.87361025e+02
-2.29797980e-05 -1.03535354e-05 1.00000267e+08 5.16456007e+01 3.94835361e+02
-2.24747475e-05 -1.03535354e-05 1.00000291e+08 8.56017078e+01 4.00192149e+02
-2.19696970e-05 -1.03535354e-05 1.00000314e+08 1.20330890e+02 4.03058074e+02
-2.14646465e-05 -1.03535354e-05 1.00000338e+08 1.55344175e+02 4.03019715e+02
-2.09595960e-05 -1.03535354e-05 1.00000360e+08 1.89975689e+02 3.99638067e+02
-2.04545455e-05 -1.03535354e-05 1.00000383e+08 2.23334329e+02 3.92485390e+02
-1.99494949e-05 -1.03535354e-05 1.00000406e+08 2.54261591e+02 3.81218457e+02
-1.94444444e-05 -1.03535354e-05 1.00000429e+08 2.81320716e+02 3.65703126e+02
-1.89393939e-05 -1.03535354e-05 1.00000454e+08 3.02861192e+02 3.46196642e+02
-1.84343434e-05 -1.03535354e-05 1.00000481e+08 3.17218639e+02 3.23566674e+02
-1.79292929e-05 -1.03535354e-05 1.00000511e+08 3.23101481e+02 2.99473398e+02
-1.74242424e-05 -1.03535354e-05 1.00000544e+08 3.20148217e+02 2.76376781e+02
-1.69191919e-05 -1.03535354e-05 1.00000580e+08 3.09493364e+02 2.57211478e+02
-1.64141414e-05 -1.03535354e-05 1.00000617e+08 2.94014076e+02 2.44682967e+02
-1.59090909e-05 -1.03535354e-05 1.00000653e+08 2.77913318e+02 2.40403748e+02
-1.54040404e-05 -1.03535354e-05 1.00000687e+08 2.65589933e+02 2.44339940e+02
-1.48989899e-05 -1.03535354e-05 1.00000717e+08 2.60234747e+02 2.54980724e+02
-1.43939394e-05 -1.03535354e-05 1.00000745e+08 2.62839648e+02 2.70209481e+02
-1.38888889e-05 -1.03535354e-05 1.00000772e+08 2.72020734e+02 2.88420928e+02
-1.33838384e-05 -1.03535354e-05 1.00000799e+08 2.84512353e+02 3.09415967e+02
-1.28787879e-05 -1.03535354e-05 1.00000827e+08 2.95915466e+02 3.34960504e+02
-1.23737374e-05 -1.03535354e-05 1.00000856e+08 3.01431178e+02 3.69206433e+02
-1.18686869e-05 -1.03535354e-05 1.00000884e+08 2.96586371e+02 4.19207727e+02
-1.13636364e-05 -1.03535354e-05 1.00000908e+08 2.78068751e+02 4.95652173e+02
-1.08585859e-05 -1.03535354e-05 1.00000920e+08 2.44733237e+02 6.13928590e+02
-1.03535354e-05 -1.03535354e-05 1.00000906e+08 1.98843421e+02 7.95890921e+02
-9.84848485e-06 -1.03535354e-05 1.00000845e+08 1.47904834e+02 1.07314414e+03
-9.34343434e-06 -1.03535354e-05 1.00000702e+08 1.08215705e+02 1.49339173e+03
-8.83838384e-06 -1.03535354e-05 1.00000414e+08 1.12958315e+02 2.13272571e+03
-8.33333333e-06 -1.03535354e-05 9.99998651e+07 2.32023949e+02 3.11974871e+03
-7.82828283e-06 -1.03535354e-05 9.99988312e+07 6.24148244e+02 4.68408957e+03
-7.32323232e-06 -1.03535354e-05 9.99968393e+07 1.68840416e+03 7.25213376e+03
-6.81818182e-06 -1.03535354e-05 9.99928604e+07 4.55563777e+03 1.15742421e+04
-6.31313131e-06 -1.03535354e-05 9.99850833e+07 1.26446291e+04 1.80730544e+04
-5.80808081e-06 -1.03535354e-05 9.99765298e+07 3.05998562e+04 1.74275876e+04
-5.30303030e-06 -1.03535354e-05 9.99805735e+07 1.39139876e+04 -9.32790794e+03
-4.79797980e-06 -1.03535354e-05 9.99784421e+07 -6.61838396e+03 -3.85506140e+03
-4.29292929e-06 -1.03535354e-05 9.99904789e+07 -5.09392932e+03 -5.43346193e+03
-3.78787879e-06 -1.03535354e-05 9.99966732e+07 -4.96672879e+03 -5.68227547e+03
-3.28282828e-06 -1.03535354e-05 9.99995747e+07 -4.58238879e+03 -4.86446066e+03
-2.77777778e-06 -1.03535354e-05 1.00001135e+08 -3.66658207e+03 -3.85578295e+03
-2.27272727e-06 -1.03535354e-05 1.00002194e+08 -2.42560562e+03 -3.10008654e+03
-1.76767677e-06 -1.03535354e-05 1.00003039e+08 -1.20491315e+03 -2.71913422e+03
-1.26262626e-06 -1.03535354e-05 1.00003692e+08 -2.62055278e+02 -2.61614731e+03
-7.57575758e-07 -1.03535354e-05 1.00004105e+08 3.27017259e+02 -2.62694249e+03
-2.52525253e-07 -1.03535354e-05 1.00004272e+08 6.20210378e+02 -2.63191896e+03
2.52525253e-07 -1.03535354e-05 1.00004237e+08 7.19252291e+02 -2.58221410e+03
7.57575758e-07 -1.03535354e-05 1.00004066e+08 7.12740212e+02 -2.47625747e+03
1.26262626e-06 -1.03535354e-05 1.00003818e+08 6.59626942e+02 -2.33125738e+03
1.76767677e-06 -1.03535354e-05 1.00003540e+08 5.93200166e+02 -2.16636876e+03
2.27272727e-06 -1.03535354e-05 1.00003259e+08 5.29890104e+02 -1.99635618e+03
2.77777778e-06 -1.03535354e-05 1.00002992e+08 4.76582001e+02 -1.83071725e+03
3.28282828e-06 -1.03535354e-05 1.00002747e+08 4.35305135e+02 -1.67474976e+03
3.78787879e-06 -1.03535354e-05 1.00002528e+08 4.05871194e+02 -1.53092265e+03
4.29292929e-06 -1.03535354e-05 1.00002335e+08 3.87232966e+02 -1.39999647e+03
4.79797980e-06 -1.03535354e-05 1.00002164e+08 3.78127711e+02 -1.28180285e+03
5.30303030e-06 -1.03535354e-05 1.00002016e+08 3.77347049e+02 -1.17574204e+03
5.80808081e-06 -1.03535354e-05 1.00001885e+08 3.83821831e+02 -1.08108271e+03
6.31313131e-06 -1.03535354e-05 1.00001771e+08 3.96620005e+02 -9.97133216e+02
6.81818182e-06 -1.03535354e-05 1.00001670e+08 4.14906123e+02 -9.23332811e+02
7.32323232e-06 -1.03535354e-05 1.00001579e+08 4.37885595e+02 -8.59293946e+02
7.82828283e-06 -1.03535354e-05 1.00001496e+08 4.64744141e+02 -8.04813967e+02
8.33333333e-06 -1.03535354e-05 1.00001420e+08 4.94587047e+02 -7.59866558e+02
8.83838384e-06 -1.03535354e-05 1.00001346e+08 5.26380571e+02 -7.24577893e+02
9.34343434e-06 -1.03535354e-05 1.00001275e+08 5.58897477e+02 -6.99189233e+02
9.84848485e-06 -1.03535354e-05 1.00001204e+08 5.90669311e+02 -6.84005985e+02
1.03535354e-05 -1.03535354e-05 1.00001132e+08 6.19949211e+02 -6.79332488e+02
1.08585859e-05 -1.03535354e-05 1.00001057e+08 6.44690481e+02 -6.85392051e+02
1.13636364e-05 -1.03535354e-05 1.00000979e+08 6.62547504e+02 -7.02232901e+02
1.18686869e-05 -1.03535354e-05 1.00000898e+08 6.70906520e+02 -7.29622710e+02
1.23737374e-05 -1.03535354e-05 1.00000814e+08 6.66953916e+02 -7.66937198e+02
1.28787879e-05 -1.03535354e-05 1.00000727e+08 6.47788494e+02 -8.13051769e+02
1.33838384e-05 -1.03535354e-05 1.00000639e+08 6.10581273e+02 -8.66248782e+02
1.38888889e-05 -1.03535354e-05 1.00000551e+08 5.52781407e+02 -9.24156216e+02
1.43939394e-05 -1.03535354e-05 1.00000467e+08 4.72359766e+02 -9.83735276e+02
1.48989899e-05 -1.03535354e-05 1.00000389e+08 3.68073227e+02 -1.04133380e+03
1.54040404e-05 -1.03535354e-05 1.00000319e+08 2.39723804e+02 -1.09281822e+03
1.59090909e-05 -1.03535354e-05 1.00000261e+08 8.83792416e+01 -1.13378893e+03
1.64141414e-05 -1.03535354e-05 1.00000218e+08 -8.34821735e+01 -1.15987204e+03
1.69191919e-05 -1.03535354e-05 1.00000191e+08 -2.71937998e+02 -1.16706678e+03
1.74242424e-05 -1.03535354e-05 1.00000181e+08 -4.71725549e+02 -1.15211360e+03
1.79292929e-05 -1.03535354e-05 1.00000189e+08 -6.76493437e+02 -1.11283791e+03
1.84343434e-05 -1.03535354e-05 1.00000213e+08 -8.79189218e+02 -1.04842004e+03
1.89393939e-05 -1.03535354e-05 1.00000252e+08 -1.07254854e+03 -9.59547400e+02
1.94444444e-05 -1.03535354e-05 1.00000301e+08 -1.24963152e+03 -8.48419226e+02
1.99494949e-05 -1.03535354e-05 1.00000357e+08 -1.40434092e+03 -7.18595724e+02
2.04545455e-05 -1.03535354e-05 1.00000417e+08 -1.53185712e+03 -5.74708341e+02
2.09595960e-05 -1.03535354e-05 1.00000475e+08 -1.62893759e+03 -4.22069770e+02
2.14646465e-05 -1.03535354e-05 1.00000528e+08 -1.69405084e+03 -2.66236884e+02
2.19696970e-05 -1.03535354e-05 1.00000573e+08 -1.72734146e+03 -1.12583719e+02
2.24747475e-05 -1.03535354e-05 1.00000608e+08 -1.73044753e+03 3.40651814e+01
2.29797980e-05 -1.03535354e-05 1.00000631e+08 -1.70621031e+03 1.69705730e+02
2.34848485e-05 -1.03535354e-05 1.00000641e+08 -1.65832481e+03 2.91313111e+02
2.39898990e-05 -1.03535354e-05 1.00000640e+08 -1.59097878e+03 3.96890336e+02
2.44949495e-05 -1.03535354e-05 1.00000627e+08 -1.50852001e+03 4.85422735e+02
2.50000000e-05 -1.03535354e-05 1.00000605e+08 -1.41517871e+03 5.56763026e+02
-2.50000000e-05 -9.84848485e-06 1.00000184e+08 -8.34809418e+01 3.51343001e+02
-2.44949495e-05 -9.84848485e-06 1.00000210e+08 -5.41616031e+01 3.63850511e+02
-2.39898990e-05 -9.84848485e-06 1.00000237e+08 -2.29031788e+01 3.75100251e+02
-2.34848485e-05 -9.84848485e-06 1.00000264e+08 1.02043311e+01 3.84819140e+02
-2.29797980e-05 -9.84848485e-06 1.00000291e+08 4.50228777e+01 3.92691187e+02
-2.24747475e-05 -9.84848485e-06 1.00000318e+08 8.13486969e+01 3.98346037e+02
-2.19696970e-05 -9.84848485e-06 1.00000345e+08 1.18885428e+02 4.01345785e+02
-2.14646465e-05 -9.84848485e-06 1.00000371e+08 1.57203980e+02 4.01172604e+02
-2.09595960e-05 -9.84848485e-06 1.00000396e+08 1.95684877e+02 3.97223254e+02
-2.04545455e-05 -9.84848485e-06 1.00000421e+08 2.33440798e+02 3.88822640e+02
-1.99494949e-05 -9.84848485e-06 1.00000446e+08 2.69224332e+02 3.75277628e+02
-1.94444444e-05 -9.84848485e-06 1.00000470e+08 3.01343672e+02 3.56002395e+02
-1.89393939e-05 -9.84848485e-06 1.00000497e+08 3.27642577e+02 3.30749772e+02
-1.84343434e-05 -9.84848485e-06 1.00000526e+08 3.45648865e+02 2.99960200e+02
-1.79292929e-05 -9.84848485e-06 1.00000560e+08 3.53031034e+02 2.65162004e+02
-1.74242424e-05 -9.84848485e-06 1.00000598e+08 3.48451159e+02 2.29210919e+02
-1.69191919e-05 -9.84848485e-06 1.00000643e+08 3.32661399e+02 1.96016406e+02
-1.64141414e-05 -9.84848485e-06 1.00000691e+08 3.09272449e+02 1.69484051e+02
-1.59090909e-05 -9.84848485e-06 1.00000740e+08 2.84370460e+02 1.51916291e+02
-1.54040404e-05 -9.84848485e-06 1.00000789e+08 2.64636277e+02 1.42810523e+02
-1.48989899e-05 -9.84848485e-06 1.00000838e+08 2.54792051e+02 1.39044891e+02
-1.43939394e-05 -9.84848485e-06 1.00000888e+08 2.55914474e+02 1.36432739e+02
-1.38888889e-05 -9.84848485e-06 1.00000943e+08 2.65429132e+02 1.31536727e+02
-1.33838384e-05 -9.84848485e-06 1.00001006e+08 2.78215804e+02 1.22714412e+02
-1.28787879e-05 -9.84848485e-06 1.00001081e+08 2.87749214e+02 1.10354542e+02
-1.23737374e-05 -9.84848485e-06 1.00001170e+08 2.86798353e+02 9.69221759e+01
-1.18686869e-05 -9.84848485e-06 1.00001275e+08 2.67923779e+02 8.72655887e+01
-1.13636364e-05 -9.84848485e-06 1.00001397e+08 2.24115226e+02 8.91517546e+01
-1.08585859e-05 -9.84848485e-06 1.00001537e+08 1.49517870e+02 1.13835300e+02
-1.03535354e-05 -9.84848485e-06 1.00001692e+08 3.98625794e+01 1.76818951e+02
-9.84848485e-06 -9.84848485e-06 1.00001860e+08 -1.07670449e+02 2.99578459e+02
-9.34343434e-06 -9.84848485e-06 1.00002034e+08 -2.94955824e+02 5.13665614e+02
-8.83838384e-06 -9.84848485e-06 1.00002201e+08 -5.23080249e+02 8.69636140e+02
-8.33333333e-06 -9.84848485e-06 1.00002337e+08 -7.90800400e+02 1.45621898e+03
-7.82828283e-06 -9.84848485e-06 1.00002379e+08 -1.08796889e+03 2.44473654e+03
-7.32323232e-06 -9.84848485e-06 1.00002170e+08 -1.37177354e+03 4.20846099e+03
-6.81818182e-06 -9.84848485e-06 1.00001193e+08 -1.46331620e+03 7.72423592e+03
-6.31313131e-06 -9.84848485e-06 9.99970963e+07 -3.41279074e+02 1.64918501e+04
-5.80808081e-06 -9.84848485e-06 9.99697351e+07 1.55917405e+04 5.17978792e+04
-5.30303030e-06 -9.84848485e-06 9.99134257e+07 7.14141609e+04 -5.28676363e+04
-4.79797980e-06 -9.84848485e-06 1.00007906e+08 3.92983308e+03 -3.17258113e+04
-4.29292929e-06 -9.84848485e-06 1.00003517e+08 -6.00574964e+03 -1.65899794e+04
-3.78787879e-06 -9.84848485e-06 1.00004808e+08 -6.87535410e+03 -1.21820012e+04
-3.28282828e-06 -9.84848485e-06 1.00005003e+08 -6.50084443e+03 -8.80161551e+03
-2.77777778e-06 -9.84848485e-06 1.00005035e+08 -5.14430318e+03 -6.25204910e+03
-2.27272727e-06 -9.84848485e-06 1.00005256e+08 -3.27455922e+03 -4.63877195e+03
-1.76767677e-06 -9.84848485e-06 1.00005643e+08 -1.54001581e+03 -3.87326382e+03
-1.26262626e-06 -9.84848485e-06 1.00005957e+08 -3.45483195e+02 -3.60732377e+03
-7.57575758e-07 -9.84848485e-06 1.00006019e+08 2.85527269e+02 -3.49449952e+03
-2.52525253e-07 -9.84848485e-06 1.00005814e+08 5.28613252e+02 -3.35536156e+03
2.52525253e-07 -9.84848485e-06 1.00005428e+08 5.66585377e+02 -3.15086615e+03
7.57575758e-07 -9.84848485e-06 1.00004957e+08 5.19422197e+02 -2.90166051e+03
1.26262626e-06 -9.84848485e-06 1.00004471e+08 4.49365126e+02 -2.63759771e+03
1.76767677e-06 -9.84848485e-06 1.00004012e+08 3.83410127e+02 -2.38032075e+03
2.27272727e-06 -9.84848485e-06 1.00003598e+08 3.30850474e+02 -2.14159760e+03
2.77777778e-06 -9.84848485e-06 1.00003235e+08 2.93250473e+02 -1.92613633e+03
3.28282828e-06 -9.84848485e-06 1.00002921e+08 2.69314042e+02 -1.73453975e+03
3.78787879e-06 -9.84848485e-06 1.00002653e+08 2.57018247e+02 -1.56537086e+03
4.29292929e-06 -9.84848485e-06 1.00002426e+08 2.54440557e+02 -1.41638526e+03
4.79797980e-06 -9.84848485e-06 1.00002233e+08 2.60009832e+02 -1.28519841e+03
5.30303030e-06 -9.84848485e-06 1.00002069e+08 2.72523052e+02 -1.16961618e+03
5.80808081e-06 -9.84848485e-06 1.00001929e+08 2.91078099e+02 -1.06777932e+03
6.31313131e-06 -9.84848485e-06 1.00001809e+08 3.14984255e+02 -9.78210887e+02
6.81818182e-06 -9.84848485e-06 1.00001706e+08 3.43672902e+02 -8.99815902e+02
7.32323232e-06 -9.84848485e-06 1.00001615e+08 3.76614547e+02 -8.31858709e+02
7.82828283e-06 -9.84848485e-06 1.00001535e+08 4.13242174e+02 -7.73930265e+02
8.33333333e-06 -9.84848485e-06 1.00001461e+08 4.52879206e+02 -7.25909750e+02
8.83838384e-06 -9.84848485e-06 1.00001391e+08 4.94670706e+02 -6.87920764e+02
9.34343434e-06 -9.84848485e-06 1.00001324e+08 5.37517679e+02 -6.60279981e+02
9.84848485e-06 -9.84848485e-06 1.00001256e+08 5.80016106e+02 -6.43434955e+02
1.03535354e-05 -9.84848485e-06 1.00001187e+08 6.20404450e+02 -6.37887502e+02
1.08585859e-05 -9.84848485e-06 1.00001114e+08 6.56525718e+02 -6.44099598e+02
1.13636364e-05 -9.84848485e-06 1.00001038e+08 6.85812447e+02 -6.62380222e+02
1.18686869e-05 -9.84848485e-06 1.00000956e+08 7.05304945e+02 -6.92754177e+02
1.23737374e-05 -9.84848485e-06 1.00000869e+08 7.11714194e+02 -7.34817635e+02
1.28787879e-05 -9.84848485e-06 1.00000778e+08 7.01540309e+02 -7.87590050e+02
1.33838384e-05 -9.84848485e-06 1.00000684e+08 6.71254638e+02 -8.49377543e+02
1.38888889e-05 -9.84848485e-06 1.00000589e+08 6.17547753e+02 -9.17668290e+02
1.43939394e-05 -9.84848485e-06 1.00000496e+08 5.37636553e+02 -9.89084358e+02
1.48989899e-05 -9.84848485e-06 1.00000409e+08 4.29611700e+02 -1.05941539e+03
1.54040404e-05 -9.84848485e-06 1.00000330e+08 2.92793165e+02 -1.12375573e+03
1.59090909e-05 -9.84848485e-06 1.00000264e+08 1.28049181e+02 -1.17675692e+03
1.64141414e-05 -9.84848485e-06 1.00000214e+08 -6.19743469e+01 -1.21299169e+03
1.69191919e-05 -9.84848485e-06 1.00000183e+08 -2.72767124e+02 -1.22740533e+03
1.74242424e-05 -9.84848485e-06 1.00000172e+08 -4.98053102e+02 -1.21580891e+03
1.79292929e-05 -9.84848485e-06 1.00000181e+08 -7.30095015e+02 -1.17535105e+03
1.84343434e-05 -9.84848485e-06 1.00000210e+08 -9.60193981e+02 -1.10489708e+03
1.89393939e-05 -9.84848485e-06 1.00000255e+08 -1.17933820e+03 -1.00524930e+03
1.94444444e-05 -9.84848485e-06 1.00000313e+08 -1.37892393e+03 -8.79162677e+02
1.99494949e-05 -9.84848485e-06 1.00000380e+08 -1.55145370e+03 -7.31142267e+02
2.04545455e-05 -9.84848485e-06 1.00000448e+08 -1.69111645e+03 -5.67046105e+02
2.09595960e-05 -9.84848485e-06 1.00000515e+08 -1.79417403e+03 -3.93551009e+02
2.14646465e-05 -9.84848485e-06 1.00000574e+08 -1.85911251e+03 -2.17560113e+02
2.19696970e-05 -9.84848485e-06 1.00000623e+08 -1.88655767e+03 -4.56355747e+01
2.24747475e-05 -9.84848485e-06 1.00000659e+08 -1.87899145e+03 1.16472456e+02
2.29797980e-05 -9.84848485e-06 1.00000681e+08 -1.84033143e+03 2.64154018e+02
2.34848485e-05 -9.84848485e-06 1.00000688e+08 -1.77544602e+03 3.94107417e+02
2.39898990e-05 -9.84848485e-06 1.00000680e+08 -1.68967309e+03 5.04356942e+02
2.44949495e-05 -9.84848485e-06 1.00000661e+08 -1.58839474e+03 5.94149325e+02
2.50000000e-05 -9.84848485e-06 1.00000630e+08 -1.47670063e+03 6.63767837e+02
-2.50000000e-05 -9.34343434e-06 1.00000197e+08 -9.68448449e+01 3.47473596e+02
-2.44949495e-05 -9.34343434e-06 1.00000226e+08 -6.63993179e+01 3.60628319e+02
-2.39898990e-05 -9.34343434e-06 1.00000255e+08 -3.37585233e+01 3.72543776e+02
-2.34848485e-05 -9.34343434e-06 1.00000286e+08 1.02647130e+00 3.82946114e+02
-2.29797980e-05 -9.34343434e-06 1.00000316e+08 3.78687002e+01 3.91516281e+02
-2.24747475e-05 -9.34343434e-06 1.00000346e+08 7.66316666e+01 3.97873590e+02
-2.19696970e-05 -9.34343434e-06 1.00000376e+08 1.17106124e+02 4.01553038e+02
-2.14646465e-05 -9.34343434e-06 1.00000405e+08 1.58970970e+02 4.01976265e+02
-2.09595960e-05 -9.34343434e-06 1.00000433e+08 2.01729207e+02 3.98419070e+02
-2.04545455e-05 -9.34343434e-06 1.00000460e+08 2.44607735e+02 3.89985298e+02
-1.99494949e-05 -9.34343434e-06 1.00000486e+08 2.86411715e+02 3.75610663e+02
-1.94444444e-05 -9.34343434e-06 1.00000512e+08 3.25338541e+02 3.54143059e+02
-1.89393939e-05 -9.34343434e-06 1.00000538e+08 3.58799238e+02 3.24574911e+02
-1.84343434e-05 -9.34343434e-06 1.00000567e+08 3.83385884e+02 2.86514800e+02
-1.79292929e-05 -9.34343434e-06 1.00000601e+08 3.95258311e+02 2.40915958e+02
-1.74242424e-05 -9.34343434e-06 1.00000642e+08 3.91297161e+02 1.90828944e+02
-1.69191919e-05 -9.34343434e-06 1.00000692e+08 3.71097035e+02 1.41512494e+02
-1.64141414e-05 -9.34343434e-06 1.00000749e+08 3.38965176e+02 9.90229753e+01
-1.59090909e-05 -9.34343434e-06 1.00000810e+08 3.04023445e+02 6.72379318e+01
-1.54040404e-05 -9.34343434e-06 1.00000872e+08 2.77010081e+02 4.51694420e+01
-1.48989899e-05 -9.34343434e-06 1.00000936e+08 2.65292990e+02 2.71472096e+01
-1.43939394e-05 -9.34343434e-06 1.00001007e+08 2.69876332e+02 5.98508564e+00
-1.38888889e-05 -9.34343434e-06 1.00001089e+08 2.86234168e+02 -2.37580069e+01
-1.33838384e-05 -9.34343434e-06 1.00001189e+08 3.07018769e+02 -6.47808947e+01
-1.28787879e-05 -9.34343434e-06 1.00001311e+08 3.23899231e+02 -1.17809640e+02
-1.23737374e-05 -9.34343434e-06 1.00001460e+08 3.27899145e+02 -1.82316964e+02
-1.18686869e-05 -9.34343434e-06 1.00001641e+08 3.09370674e+02 -2.56319814e+02
-1.13636364e-05 -9.34343434e-06 1.00001863e+08 2.58649822e+02 -3.35807294e+02
-1.08585859e-05 -9.34343434e-06 1.00002131e+08 1.67202459e+02 -4.14800075e+02
-1.03535354e-05 -9.34343434e-06 1.00002458e+08 2.81336621e+01 -4.86330787e+02
-9.84848485e-06 -9.34343434e-06 1.00002858e+08 -1.64836919e+02 -5.43672402e+02
-9.34343434e-06 -9.34343434e-06 1.00003360e+08 -4.19901334e+02 -5.80999528e+02
-8.83838384e-06 -9.34343434e-06 1.00004013e+08 -7.50693440e+02 -5.93519222e+02
-8.33333333e-06 -9.34343434e-06 1.00004906e+08 -1.18082652e+03 -5.78678109e+02
-7.82828283e-06 -9.34343434e-06 1.00006220e+08 -1.75050246e+03 -5.43843374e+02
-7.32323232e-06 -9.34343434e-06 1.00008371e+08 -2.52642052e+03 -5.41208585e+02
-6.81818182e-06 -9.34343434e-06 1.00012491e+08 -3.60174559e+03 -8.28192139e+02
-6.31313131e-06 -9.34343434e-06 1.00022544e+08 -4.84931760e+03 -2.72026466e+03
-5.80808081e-06 -9.34343434e-06 1.00054527e+08 -1.02656948e+03 -1.21962786e+04
-5.30303030e-06 -9.34343434e-06 9.98398053e+07 -1.91616201e+05 3.75299480e+04
-4.79797980e-06 -9.34343434e-06 9.98424271e+07 4.40786537e+03 1.08175491e+05
-4.29292929e-06 -9.34343434e-06 1.00014077e+08 -2.32191714e+04 -2.26826098e+04
-3.78787879e-06 -9.34343434e-06 1.00014482e+08 -1.24932201e+04 -1.85804191e+04
-3.28282828e-06 -9.34343434e-06 1.00011197e+08 -1.05539848e+04 -1.26515048e+04
-2.77777778e-06 -9.34343434e-06 1.00009428e+08 -7.89333710e+03 -8.43342631e+03
-2.27272727e-06 -9.34343434e-06 1.00008757e+08 -4.69126832e+03 -5.94177001e+03
-1.76767677e-06 -9.34343434e-06 1.00008708e+08 -2.05416686e+03 -4.92515176e+03
-1.26262626e-06 -9.34343434e-06 1.00008602e+08 -5.36463572e+02 -4.59246707e+03
-7.57575758e-07 -9.34343434e-06 1.00008134e+08 9.13106294e+01 -4.34616549e+03
-2.52525253e-07 -9.34343434e-06 1.00007383e+08 2.56175997e+02 -4.00744605e+03
2.52525253e-07 -9.34343434e-06 1.00006530e+08 2.44030709e+02 -3.60290485e+03
7.57575758e-07 -9.34343434e-06 1.00005703e+08 1.87672680e+02 -3.19101379e+03
1.26262626e-06 -9.34343434e-06 1.00004964e+08 1.35372709e+02 -2.80889549e+03
1.76767677e-06 -9.34343434e-06 1.00004330e+08 9.96800477e+01 -2.47145064e+03
2.27272727e-06 -9.34343434e-06 1.00003799e+08 8.06801869e+01 -2.18054799e+03
2.77777778e-06 -9.34343434e-06 1.00003358e+08 7.52126818e+01 -1.93217009e+03
3.28282828e-06 -9.34343434e-06 1.00002994e+08 8.00206579e+01 -1.72037746e+03
3.78787879e-06 -9.34343434e-06 1.00002694e+08 9.25897910e+01 -1.53917176e+03
4.29292929e-06 -9.34343434e-06 1.00002446e+08 1.11203883e+02 -1.38324206e+03
4.79797980e-06 -9.34343434e-06 1.00002241e+08 1.34783999e+02 -1.24818133e+03
5.30303030e-06 -9.34343434e-06 1.00002072e+08 1.62702051e+02 -1.13047656e+03
5.80808081e-06 -9.34343434e-06 1.00001931e+08 1.94621744e+02 -1.02741725e+03
6.31313131e-06 -9.34343434e-06 1.00001813e+08 2.30373045e+02 -9.36986286e+02
6.81818182e-06 -9.34343434e-06 1.00001713e+08 2.69852897e+02 -8.57758819e+02
7.32323232e-06 -9.34343434e-06 1.00001628e+08 3.12942783e+02 -7.88816431e+02
7.82828283e-06 -9.34343434e-06 1.00001553e+08 3.59435164e+02 -7.29676126e+02
8.33333333e-06 -9.34343434e-06 1.00001486e+08 4.08962950e+02 -6.80229846e+02
8.83838384e-06 -9.34343434e-06 1.00001424e+08 4.60928493e+02 -6.40688744e+02
9.34343434e-06 -9.34343434e-06 1.00001364e+08 5.14430831e+02 -6.11525648e+02
9.84848485e-06 -9.34343434e-06 1.00001303e+08 5.68192413e+02 -5.93408827e+02
1.03535354e-05 -9.34343434e-06 1.00001240e+08 6.20489298e+02 -5.87120280e+02
1.08585859e-05 -9.34343434e-06 1.00001172e+08 6.69091960e+02 -5.93452421e+02
1.13636364e-05 -9.34343434e-06 1.00001098e+08 7.11227231e+02 -6.13078679e+02
1.18686869e-05 -9.34343434e-06 1.00001018e+08 7.43575179e+02 -6.46396473e+02
1.23737374e-05 -9.34343434e-06 1.00000930e+08 7.62317265e+02 -6.93345658e+02
1.28787879e-05 -9.34343434e-06 1.00000836e+08 7.63252938e+02 -7.53211966e+02
1.33838384e-05 -9.34343434e-06 1.00000736e+08 7.41999702e+02 -8.24432894e+02
1.38888889e-05 -9.34343434e-06 1.00000634e+08 6.94285454e+02 -9.04432059e+02
1.43939394e-05 -9.34343434e-06 1.00000532e+08 6.16330571e+02 -9.89515464e+02
1.48989899e-05 -9.34343434e-06 1.00000433e+08 5.05300928e+02 -1.07486713e+03
1.54040404e-05 -9.34343434e-06 1.00000344e+08 3.59793038e+02 -1.15467925e+03
1.59090909e-05 -9.34343434e-06 1.00000268e+08 1.80292252e+02 -1.22244103e+03
1.64141414e-05 -9.34343434e-06 1.00000210e+08 -3.04707328e+01 -1.27138953e+03
1.69191919e-05 -9.34343434e-06 1.00000173e+08 -2.67344725e+02 -1.29509678e+03
1.74242424e-05 -9.34343434e-06 1.00000160e+08 -5.22832979e+02 -1.28813413e+03
1.79292929e-05 -9.34343434e-06 1.00000171e+08 -7.87457322e+02 -1.24672589e+03
1.84343434e-05 -9.34343434e-06 1.00000206e+08 -1.05040483e+03 -1.16928772e+03
1.89393939e-05 -9.34343434e-06 1.00000260e+08 -1.30039649e+03 -1.05674966e+03
1.94444444e-05 -9.34343434e-06 1.00000328e+08 -1.52666823e+03 -9.12591843e+02
1.99494949e-05 -9.34343434e-06 1.00000406e+08 -1.71992390e+03 -7.42569646e+02
2.04545455e-05 -9.34343434e-06 1.00000486e+08 -1.87311891e+03 -5.54162363e+02
2.09595960e-05 -9.34343434e-06 1.00000562e+08 -1.98196256e+03 -3.55832074e+02
2.14646465e-05 -9.34343434e-06 1.00000628e+08 -2.04508174e+03 -1.56211444e+02
2.19696970e-05 -9.34343434e-06 1.00000681e+08 -2.06385199e+03 3.66559536e+01
2.24747475e-05 -9.34343434e-06 1.00000717e+08 -2.04195835e+03 2.15921567e+02
2.29797980e-05 -9.34343434e-06 1.00000736e+08 -1.98478441e+03 3.76323269e+02
2.34848485e-05 -9.34343434e-06 1.00000737e+08 -1.89873835e+03 5.14347470e+02
2.39898990e-05 -9.34343434e-06 1.00000722e+08 -1.79061233e+03 6.28186793e+02
2.44949495e-05 -9.34343434e-06 1.00000693e+08 -1.66704389e+03 7.17543884e+02
2.50000000e-05 -9.34343434e-06 1.00000653e+08 -1.53411597e+03 7.83341780e+02
-2.50000000e-05 -8.83838384e-06 1.00000208e+08 -1.10897274e+02 3.43678417e+02
-2.44949495e-05 -8.83838384e-06 1.00000240e+08 -7.93573213e+01 3.57588538e+02
-2.39898990e-05 -8.83838384e-06 1.00000273e+08 -4.53715366e+01 3.70307556e+02
-2.34848485e-05 -8.83838384e-06 1.00000306e+08 -8.95465378e+00 3.81576048e+02
-2.29797980e-05 -8.83838384e-06 1.00000340e+08 2.98567975e+01 3.91095557e+02
-2.24747475e-05 -8.83838384e-06 1.00000375e+08 7.09980903e+01 3.98510745e+02
-2.19696970e-05 -8.83838384e-06 1.00000408e+08 1.14362560e+02 4.03381299e+02
-2.14646465e-05 -8.83838384e-06 1.00000441e+08 1.59773372e+02 4.05139689e+02
-2.09595960e-05 -8.83838384e-06 1.00000473e+08 2.06928293e+02 4.03031459e+02
-2.04545455e-05 -8.83838384e-06 1.00000502e+08 2.55297109e+02 3.96038989e+02
-1.99494949e-05 -8.83838384e-06 1.00000530e+08 3.03942162e+02 3.82802935e+02
-1.94444444e-05 -8.83838384e-06 1.00000555e+08 3.51229705e+02 3.61587560e+02
-1.89393939e-05 -8.83838384e-06 1.00000579e+08 3.94426880e+02 3.30399343e+02
-1.84343434e-05 -8.83838384e-06 1.00000604e+08 4.29291130e+02 2.87460385e+02
-1.79292929e-05 -8.83838384e-06 1.00000634e+08 4.50036236e+02 2.32283999e+02
-1.74242424e-05 -8.83838384e-06 1.00000672e+08 4.50486366e+02 1.67348455e+02
-1.69191919e-05 -8.83838384e-06 1.00000722e+08 4.27316061e+02 9.94359377e+01
-1.64141414e-05 -8.83838384e-06 1.00000784e+08 3.84774406e+02 3.83817724e+01
-1.59090909e-05 -8.83838384e-06 1.00000853e+08 3.36843153e+02 -8.39375845e+00
-1.54040404e-05 -8.83838384e-06 1.00000923e+08 3.01813609e+02 -4.22658420e+01
-1.48989899e-05 -8.83838384e-06 1.00000998e+08 2.91583889e+02 -7.34536311e+01
-1.43939394e-05 -8.83838384e-06 1.00001085e+08 3.05916976e+02 -1.13737188e+02
-1.38888889e-05 -8.83838384e-06 1.00001193e+08 3.36247598e+02 -1.70035687e+02
-1.33838384e-05 -8.83838384e-06 1.00001329e+08 3.72389228e+02 -2.44430223e+02
-1.28787879e-05 -8.83838384e-06 1.00001497e+08 4.05217119e+02 -3.37665437e+02
-1.23737374e-05 -8.83838384e-06 1.00001703e+08 4.25379657e+02 -4.51182652e+02
-1.18686869e-05 -8.83838384e-06 1.00001954e+08 4.21841149e+02 -5.86299936e+02
-1.13636364e-05 -8.83838384e-06 1.00002262e+08 3.82919208e+02 -7.42534539e+02
-1.08585859e-05 -8.83838384e-06 1.00002640e+08 2.99204277e+02 -9.17829569e+02
-1.03535354e-05 -8.83838384e-06 1.00003108e+08 1.65500153e+02 -1.11152125e+03
-9.84848485e-06 -8.83838384e-06 1.00003691e+08 -2.00990248e+01 -1.32848452e+03
-9.34343434e-06 -8.83838384e-06 1.00004439e+08 -2.59013018e+02 -1.58290817e+03
-8.83838384e-06 -8.83838384e-06 1.00005430e+08 -5.54259125e+02 -1.90245896e+03
-8.33333333e-06 -8.83838384e-06 1.00006802e+08 -9.09022107e+02 -2.33593067e+03
-7.82828283e-06 -8.83838384e-06 1.00008791e+08 -1.31688865e+03 -2.96839642e+03
-7.32323232e-06 -8.83838384e-06 1.00011805e+08 -1.73069825e+03 -3.94107707e+03
-6.81818182e-06 -8.83838384e-06 1.00016435e+08 -1.99628759e+03 -5.40003864e+03
-6.31313131e-06 -8.83838384e-06 1.00022508e+08 -2.12659875e+03 -6.78599714e+03
-5.80808081e-06 -8.83838384e-06 1.00024268e+08 -7.82875125e+03 -4.97470245e+03
-5.30303030e-06 -8.83838384e-06 1.00020482e+08 -2.31350928e+04 -7.56868393e+03
-4.79797980e-06 -8.83838384e-06 1.00278451e+08 7.99076147e+03 -1.37085043e+05
-4.29292929e-06 -8.83838384e-06 1.00075199e+08 -3.65745312e+03 -2.53015993e+04
-3.78787879e-06 -8.83838384e-06 1.00023503e+08 -1.15592269e+04 -2.28593734e+04
-3.28282828e-06 -8.83838384e-06 1.00016112e+08 -1.61533602e+04 -1.50500942e+04
-2.77777778e-06 -8.83838384e-06 1.00013524e+08 -1.18599699e+04 -9.67017719e+03
-2.27272727e-06 -8.83838384e-06 1.00012452e+08 -6.42198765e+03 -6.54222770e+03
-1.76767677e-06 -8.83838384e-06 1.00012242e+08 -2.50179965e+03 -5.70757746e+03
-1.26262626e-06 -8.83838384e-06 1.00011546e+08 -8.00785479e+02 -5.46627990e+03
-7.57575758e-07 -8.83838384e-06 1.00010221e+08 -3.22923019e+02 -5.01784153e+03
-2.52525253e-07 -8.83838384e-06 1.00008705e+08 -2.53126607e+02 -4.40073915e+03
2.52525253e-07 -8.83838384e-06 1.00007305e+08 -2.65588947e+02 -3.77549424e+03
7.57575758e-07 -8.83838384e-06 1.00006126e+08 -2.71697318e+02 -3.22280388e+03
1.26262626e-06 -8.83838384e-06 1.00005172e+08 -2.58626223e+02 -2.76171437e+03
1.76767677e-06 -8.83838384e-06 1.00004412e+08 -2.31170764e+02 -2.38506241e+03
2.27272727e-06 -8.83838384e-06 1.00003807e+08 -1.95510462e+02 -2.07830791e+03
2.77777778e-06 -8.83838384e-06 1.00003326e+08 -1.55909368e+02 -1.82695016e+03
3.28282828e-06 -8.83838384e-06 1.00002942e+08 -1.14725176e+02 -1.61878378e+03
3.78787879e-06 -8.83838384e-06 1.00002633e+08 -7.29971892e+01 -1.44419565e+03
4.29292929e-06 -8.83838384e-06 1.00002385e+08 -3.09614950e+01 -1.29584031e+03
4.79797980e-06 -8.83838384e-06 1.00002183e+08 1.15980127e+01 -1.16819450e+03
5.30303030e-06 -8.83838384e-06 1.00002020e+08 5.51288736e+01 -1.05715580e+03
5.80808081e-06 -8.83838384e-06 1.00001887e+08 1.00173336e+02 -9.59724862e+02
6.31313131e-06 -8.83838384e-06 1.00001779e+08 1.47280379e+02 -8.73768016e+02
6.81818182e-06 -8.83838384e-06 1.00001689e+08 1.96942950e+02 -7.97845360e+02
7.32323232e-06 -8.83838384e-06 1.00001615e+08 2.49545337e+02 -7.31088159e+02
7.82828283e-06 -8.83838384e-06 1.00001551e+08 3.05311088e+02 -6.73111238e+02
8.33333333e-06 -8.83838384e-06 1.00001496e+08 3.64245424e+02 -6.23948059e+02
8.83838384e-06 -8.83838384e-06 1.00001444e+08 4.26068681e+02 -5.83997648e+02
9.34343434e-06 -8.83838384e-06 1.00001395e+08 4.90139550e+02 -5.53973280e+02
9.84848485e-06 -8.83838384e-06 1.00001344e+08 5.55369362e+02 -5.34843079e+02
1.03535354e-05 -8.83838384e-06 1.00001290e+08 6.20131697e+02 -5.27752752e+02
1.08585859e-05 -8.83838384e-06 1.00001230e+08 6.82175397e+02 -5.33921044e+02
1.13636364e-05 -8.83838384e-06 1.00001163e+08 7.38553653e+02 -5.54499778e+02
1.18686869e-05 -8.83838384e-06 1.00001086e+08 7.85586859e+02 -5.90393220e+02
1.23737374e-05 -8.83838384e-06 1.00000999e+08 8.18881640e+02 -6.42036712e+02
1.28787879e-05 -8.83838384e-06 1.00000903e+08 8.33431596e+02 -7.09142532e+02
1.33838384e-05 -8.83838384e-06 1.00000799e+08 8.23825035e+02 -7.90431866e+02
1.38888889e-05 -8.83838384e-06 1.00000688e+08 7.84579162e+02 -8.83384630e+02
1.43939394e-05 -8.83838384e-06 1.00000576e+08 7.10606987e+02 -9.84051781e+02
1.48989899e-05 -8.83838384e-06 1.00000466e+08 5.97801641e+02 -1.08698411e+03
1.54040404e-05 -8.83838384e-06 1.00000363e+08 4.43693863e+02 -1.18533300e+03
1.59090909e-05 -8.83838384e-06 1.00000275e+08 2.48106348e+02 -1.27116765e+03
1.64141414e-05 -8.83838384e-06 1.00000207e+08 1.37003740e+01 -1.33602671e+03
1.69191919e-05 -8.83838384e-06 1.00000163e+08 -2.53704337e+02 -1.37168087e+03
1.74242424e-05 -8.83838384e-06 1.00000147e+08 -5.45146742e+02 -1.37103226e+03
1.79292929e-05 -8.83838384e-06 1.00000160e+08 -8.48950309e+02 -1.32902791e+03
1.84343434e-05 -8.83838384e-06 1.00000201e+08 -1.15156258e+03 -1.24343350e+03
1.89393939e-05 -8.83838384e-06 1.00000265e+08 -1.43873006e+03 -1.11531343e+03
1.94444444e-05 -8.83838384e-06 1.00000346e+08 -1.69685033e+03 -9.49102812e+02
1.99494949e-05 -8.83838384e-06 1.00000438e+08 -1.91429175e+03 -7.52230420e+02
2.04545455e-05 -8.83838384e-06 1.00000531e+08 -2.08246598e+03 -5.34342594e+02
2.09595960e-05 -8.83838384e-06 1.00000617e+08 -2.19648602e+03 -3.06260636e+02
2.14646465e-05 -8.83838384e-06 1.00000691e+08 -2.25532899e+03 -7.88539258e+01
2.19696970e-05 -8.83838384e-06 1.00000747e+08 -2.26152414e+03 1.37985576e+02
2.24747475e-05 -8.83838384e-06 1.00000783e+08 -2.22047294e+03 3.36122133e+02
2.29797980e-05 -8.83838384e-06 1.00000797e+08 -2.13955792e+03 5.09630824e+02
2.34848485e-05 -8.83838384e-06 1.00000790e+08 -2.02720479e+03 6.54922995e+02
2.39898990e-05 -8.83838384e-06 1.00000764e+08 -1.89203332e+03 7.70595590e+02
2.44949495e-05 -8.83838384e-06 1.00000724e+08 -1.74218468e+03 8.57090102e+02
2.50000000e-05 -8.83838384e-06 1.00000671e+08 -1.58486132e+03 9.16253763e+02
-2.50000000e-05 -8.33333333e-06 1.00000218e+08 -1.25719922e+02 3.39882312e+02
-2.44949495e-05 -8.33333333e-06 1.00000253e+08 -9.31351509e+01 3.54618175e+02
-2.39898990e-05 -8.33333333e-06 1.00000289e+08 -5.78698058e+01 3.68225221e+02
-2.34848485e-05 -8.33333333e-06 1.00000326e+08 -1.99119534e+01 3.80469455e+02
-2.29797980e-05 -8.33333333e-06 1.00000365e+08 2.07407553e+01 3.91092914e+02
-2.24747475e-05 -8.33333333e-06 1.00000403e+08 6.40836253e+01 3.99799849e+02
-2.19696970e-05 -8.33333333e-06 1.00000442e+08 1.10105063e+02 4.06231195e+02
-2.14646465e-05 -8.33333333e-06 1.00000479e+08 1.58778819e+02 4.09919883e+02
-2.09595960e-05 -8.33333333e-06 1.00000515e+08 2.10036482e+02 4.10216236e+02
-2.04545455e-05 -8.33333333e-06 1.00000548e+08 2.63696194e+02 4.06169928e+02
-1.99494949e-05 -8.33333333e-06 1.00000578e+08 3.19301799e+02 3.96357818e+02
-1.94444444e-05 -8.33333333e-06 1.00000604e+08 3.75793548e+02 3.78669416e+02
-1.89393939e-05 -8.33333333e-06 1.00000625e+08 4.30900048e+02 3.50137627e+02
-1.84343434e-05 -8.33333333e-06 1.00000643e+08 4.80180870e+02 3.07090841e+02
-1.79292929e-05 -8.33333333e-06 1.00000662e+08 5.15972672e+02 2.46235076e+02
-1.74242424e-05 -8.33333333e-06 1.00000688e+08 5.27483452e+02 1.67473994e+02
-1.69191919e-05 -8.33333333e-06 1.00000730e+08 5.04843970e+02 7.81463914e+01
-1.64141414e-05 -8.33333333e-06 1.00000789e+08 4.49181605e+02 -5.69164130e+00
-1.59090909e-05 -8.33333333e-06 1.00000859e+08 3.81967193e+02 -6.84671182e+01
-1.54040404e-05 -8.33333333e-06 1.00000930e+08 3.36764738e+02 -1.11377575e+02
-1.48989899e-05 -8.33333333e-06 1.00001006e+08 3.33551794e+02 -1.54114624e+02
-1.43939394e-05 -8.33333333e-06 1.00001104e+08 3.66471995e+02 -2.16090162e+02
-1.38888889e-05 -8.33333333e-06 1.00001237e+08 4.17757185e+02 -3.03051942e+02
-1.33838384e-05 -8.33333333e-06 1.00001411e+08 4.73955031e+02 -4.12114414e+02
-1.28787879e-05 -8.33333333e-06 1.00001625e+08 5.28098564e+02 -5.41998308e+02
-1.23737374e-05 -8.33333333e-06 1.00001882e+08 5.73175486e+02 -6.96734740e+02
-1.18686869e-05 -8.33333333e-06 1.00002190e+08 5.97137862e+02 -8.82170949e+02
-1.13636364e-05 -8.33333333e-06 1.00002563e+08 5.85046944e+02 -1.10063918e+03
-1.08585859e-05 -8.33333333e-06 1.00003019e+08 5.26523845e+02 -1.35033439e+03
-1.03535354e-05 -8.33333333e-06 1.00003573e+08 4.20967303e+02 -1.63107791e+03
-9.84848485e-06 -8.33333333e-06 1.00004254e+08 2.76011288e+02 -1.95138177e+03
-9.34343434e-06 -8.33333333e-06 1.00005107e+08 1.02679622e+02 -2.33187276e+03
-8.83838384e-06 -8.33333333e-06 1.00006201e+08 -8.69650368e+01 -2.80515330e+03
-8.33333333e-06 -8.33333333e-06 1.00007634e+08 -2.77597603e+02 -3.41299743e+03
-7.82828283e-06 -8.33333333e-06 1.00009526e+08 -4.47458527e+02 -4.19406193e+03
-7.32323232e-06 -8.33333333e-06 1.00011949e+08 -5.87007061e+02 -5.13353027e+03
-6.81818182e-06 -8.33333333e-06 1.00014680e+08 -8.57989253e+02 -6.00940137e+03
-6.31313131e-06 -8.33333333e-06 1.00016670e+08 -2.31197787e+03 -6.23451654e+03
-5.80808081e-06 -8.33333333e-06 1.00016771e+08 -7.89427586e+03 -6.23978774e+03
-5.30303030e-06 -8.33333333e-06 1.00017734e+08 -1.72335139e+04 -1.03524507e+04
-4.79797980e-06 -8.33333333e-06 1.00022172e+08 -2.83626913e+04 -2.01326087e+04
-4.29292929e-06 -8.33333333e-06 9.96980957e+07 -2.02146317e+05 1.11636126e+05
-3.78787879e-06 -8.33333333e-06 9.97054857e+07 -1.53204842e+05 1.44763460e+05
-3.28282828e-06 -8.33333333e-06 1.00019748e+08 -2.90005302e+04 -1.79737683e+04
-2.77777778e-06 -8.33333333e-06 1.00017703e+08 -1.72946707e+04 -1.01303054e+04
-2.27272727e-06 -8.33333333e-06 1.00016835e+08 -7.85382609e+03 -6.21833648e+03
-1.76767677e-06 -8.33333333e-06 1.00016652e+08 -2.52913063e+03 -6.30879195e+03
-1.26262626e-06 -8.33333333e-06 1.00014524e+08 -1.26200194e+03 -6.04822764e+03
-7.57575758e-07 -8.33333333e-06 1.00011734e+08 -1.08599012e+03 -5.15350156e+03
-2.52525253e-07 -8.33333333e-06 1.00009303e+08 -1.01622288e+03 -4.21974664e+03
2.52525253e-07 -8.33333333e-06 1.00007427e+08 -9.13742455e+02 -3.45481803e+03
7.57575758e-07 -8.33333333e-06 1.00006026e+08 -7.91707472e+02 -2.86853183e+03
1.26262626e-06 -8.33333333e-06 1.00004979e+08 -6.69625204e+02 -2.42354185e+03
1.76767677e-06 -8.33333333e-06 1.00004189e+08 -5.57131204e+02 -2.08195177e+03
2.27272727e-06 -8.33333333e-06 1.00003585e+08 -4.57103993e+02 -1.81461716e+03
2.77777778e-06 -8.33333333e-06 1.00003118e+08 -3.69132332e+02 -1.60074319e+03
3.28282828e-06 -8.33333333e-06 1.00002753e+08 -2.91472731e+02 -1.42578416e+03
3.78787879e-06 -8.33333333e-06 1.00002466e+08 -2.21987647e+02 -1.27956780e+03
4.29292929e-06 -8.33333333e-06 1.00002238e+08 -1.58553813e+02 -1.15493565e+03
4.79797980e-06 -8.33333333e-06 1.00002057e+08 -9.92194302e+01 -1.04681924e+03
5.30303030e-06 -8.33333333e-06 1.00001913e+08 -4.22500831e+01 -9.51626330e+02
5.80808081e-06 -8.33333333e-06 1.00001798e+08 1.38692879e+01 -8.66836334e+02
6.31313131e-06 -8.33333333e-06 1.00001707e+08 7.04443550e+01 -7.90734922e+02
6.81818182e-06 -8.33333333e-06 1.00001634e+08 1.28577899e+02 -7.22241367e+02
7.32323232e-06 -8.33333333e-06 1.00001576e+08 1.89165041e+02 -6.60797742e+02
7.82828283e-06 -8.33333333e-06 1.00001528e+08 2.52872834e+02 -6.06298897e+02
8.33333333e-06 -8.33333333e-06 1.00001488e+08 3.20101417e+02 -5.59047894e+02
8.83838384e-06 -8.33333333e-06 1.00001452e+08 3.90924950e+02 -5.19724517e+02
9.34343434e-06 -8.33333333e-06 1.00001417e+08 4.65011629e+02 -4.89355663e+02
9.84848485e-06 -8.33333333e-06 1.00001380e+08 5.41523929e+02 -4.69276280e+02
1.03535354e-05 -8.33333333e-06 1.00001339e+08 6.19003069e+02 -4.61068869e+02
1.08585859e-05 -8.33333333e-06 1.00001290e+08 6.95245990e+02 -4.66468841e+02
1.13636364e-05 -8.33333333e-06 1.00001231e+08 7.67189035e+02 -4.87223190e+02
1.18686869e-05 -8.33333333e-06 1.00001161e+08 8.30819721e+02 -5.24891941e+02
1.23737374e-05 -8.33333333e-06 1.00001078e+08 8.81145903e+02 -5.80586963e+02
1.28787879e-05 -8.33333333e-06 1.00000982e+08 9.12258483e+02 -6.54652009e+02
1.33838384e-05 -8.33333333e-06 1.00000874e+08 9.17527235e+02 -7.46302038e+02
1.38888889e-05 -8.33333333e-06 1.00000756e+08 8.89965864e+02 -8.53258478e+02
1.43939394e-05 -8.33333333e-06 1.00000632e+08 8.22788427e+02 -9.71437917e+02
1.48989899e-05 -8.33333333e-06 1.00000508e+08 7.10152067e+02 -1.09477011e+03
1.54040404e-05 -8.33333333e-06 1.00000391e+08 5.48040388e+02 -1.21523049e+03
1.59090909e-05 -8.33333333e-06 1.00000288e+08 3.35192098e+02 -1.32316442e+03
1.64141414e-05 -8.33333333e-06 1.00000206e+08 7.39307538e+01 -1.40794860e+03
1.69191919e-05 -8.33333333e-06 1.00000153e+08 -2.29281288e+02 -1.45897740e+03
1.74242424e-05 -8.33333333e-06 1.00000133e+08 -5.63740878e+02 -1.46688481e+03
1.79292929e-05 -8.33333333e-06 1.00000148e+08 -9.14982566e+02 -1.42483213e+03
1.84343434e-05 -8.33333333e-06 1.00000195e+08 -1.26586952e+03 -1.32963352e+03
1.89393939e-05 -8.33333333e-06 1.00000272e+08 -1.59819853e+03 -1.18248022e+03
1.94444444e-05 -8.33333333e-06 1.00000369e+08 -1.89458979e+03 -9.89077451e+02
1.99494949e-05 -8.33333333e-06 1.00000477e+08 -2.14034267e+03 -7.59121764e+02
2.04545455e-05 -8.33333333e-06 1.00000585e+08 -2.32492601e+03 -5.05191778e+02
2.09595960e-05 -8.33333333e-06 1.00000684e+08 -2.44284634e+03 -2.41259281e+02
2.14646465e-05 -8.33333333e-06 1.00000765e+08 -2.49378031e+03 1.88946078e+01
2.19696970e-05 -8.33333333e-06 1.00000824e+08 -2.48202110e+03 2.63074615e+02
2.24747475e-05 -8.33333333e-06 1.00000856e+08 -2.41542286e+03 4.81668068e+02
2.29797980e-05 -8.33333333e-06 1.00000863e+08 -2.30409576e+03 6.68148345e+02
2.34848485e-05 -8.33333333e-06 1.00000845e+08 -2.15910050e+03 8.19105565e+02
2.39898990e-05 -8.33333333e-06 1.00000806e+08 -1.99133178e+03 9.33908865e+02
2.44949495e-05 -8.33333333e-06 1.00000750e+08 -1.81069635e+03 1.01414299e+03
2.50000000e-05 -8.33333333e-06 1.00000682e+08 -1.62561099e+03 1.06295886e+03
-2.50000000e-05 -7.82828283e-06 1.00000225e+08 -1.41361111e+02 3.36015041e+02
-2.44949495e-05 -7.82828283e-06 1.00000263e+08 -1.07783053e+02 3.51604396e+02
-2.39898990e-05 -7.82828283e-06 1.00000303e+08 -7.13098407e+01 3.66119813e+02
-2.34848485e-05 -7.82828283e-06 1.00000345e+08 -3.19184350e+01 3.79354988e+02
-2.29797980e-05 -7.82828283e-06 1.00000387e+08 1.04104002e+01 3.91101244e+02
-2.24747475e-05 -7.82828283e-06 1.00000431e+08 5.57024757e+01 4.01143649e+02
-2.19696970e-05 -7.82828283e-06 1.00000475e+08 1.04004461e+02 4.09248214e+02
-2.14646465e-05 -7.82828283e-06 1.00000519e+08 1.55400779e+02 4.15131701e+02
-2.09595960e-05 -7.82828283e-06 1.00000561e+08 2.10027495e+02 4.18398872e+02
-2.04545455e-05 -7.82828283e-06 1.00000600e+08 2.68066727e+02 4.18420804e+02
-1.99494949e-05 -7.82828283e-06 1.00000635e+08 3.29679294e+02 4.14111805e+02
-1.94444444e-05 -7.82828283e-06 1.00000663e+08 3.94775914e+02 4.03547417e+02
-1.89393939e-05 -7.82828283e-06 1.00000682e+08 4.62412885e+02 3.83385359e+02
-1.84343434e-05 -7.82828283e-06 1.00000692e+08 5.29423980e+02 3.48220390e+02
-1.79292929e-05 -7.82828283e-06 1.00000694e+08 5.87859701e+02 2.90617502e+02
-1.74242424e-05 -7.82828283e-06 1.00000696e+08 6.21846983e+02 2.03982672e+02
-1.69191919e-05 -7.82828283e-06 1.00000713e+08 6.08863304e+02 9.14268588e+01
-1.64141414e-05 -7.82828283e-06 1.00000756e+08 5.37051719e+02 -2.29391631e+01
-1.59090909e-05 -7.82828283e-06 1.00000815e+08 4.37204692e+02 -1.04040900e+02
-1.54040404e-05 -7.82828283e-06 1.00000870e+08 3.77477106e+02 -1.49961948e+02
-1.48989899e-05 -7.82828283e-06 1.00000932e+08 3.93549558e+02 -2.03418888e+02
-1.43939394e-05 -7.82828283e-06 1.00001037e+08 4.59185450e+02 -2.96924473e+02
-1.38888889e-05 -7.82828283e-06 1.00001202e+08 5.36155184e+02 -4.25618128e+02
-1.33838384e-05 -7.82828283e-06 1.00001424e+08 6.10148652e+02 -5.72483826e+02
-1.28787879e-05 -7.82828283e-06 1.00001688e+08 6.84065856e+02 -7.32060111e+02
-1.23737374e-05 -7.82828283e-06 1.00001990e+08 7.58546432e+02 -9.13936980e+02
-1.18686869e-05 -7.82828283e-06 1.00002339e+08 8.19754053e+02 -1.13250671e+03
-1.13636364e-05 -7.82828283e-06 1.00002754e+08 8.43988270e+02 -1.39282961e+03
-1.08585859e-05 -7.82828283e-06 1.00003249e+08 8.16269612e+02 -1.68738959e+03
-1.03535354e-05 -7.82828283e-06 1.00003831e+08 7.42496629e+02 -2.00865422e+03
-9.84848485e-06 -7.82828283e-06 1.00004516e+08 6.43040575e+02 -2.36172747e+03
-9.34343434e-06 -7.82828283e-06 1.00005331e+08 5.39838360e+02 -2.76438758e+03
-8.83838384e-06 -7.82828283e-06 1.00006314e+08 4.49682506e+02 -3.23827362e+03
-8.33333333e-06 -7.82828283e-06 1.00007499e+08 3.80983322e+02 -3.79610651e+03
-7.82828283e-06 -7.82828283e-06 1.00008885e+08 3.18981195e+02 -4.42071518e+03
-7.32323232e-06 -7.82828283e-06 1.00010361e+08 1.66801416e+02 -5.03036813e+03
-6.81818182e-06 -7.82828283e-06 1.00011618e+08 -4.17886388e+02 -5.46767490e+03
-6.31313131e-06 -7.82828283e-06 1.00012240e+08 -2.26087385e+03 -5.72060332e+03
-5.80808081e-06 -7.82828283e-06 1.00012426e+08 -6.30474244e+03 -6.63453261e+03
-5.30303030e-06 -7.82828283e-06 1.00013531e+08 -1.17480101e+04 -9.86896610e+03
-4.79797980e-06 -7.82828283e-06 1.00016125e+08 -1.60379000e+04 -1.52795519e+04
-4.29292929e-06 -7.82828283e-06 1.00021089e+08 -1.12696869e+04 -2.09485045e+04
-3.78787879e-06 -7.82828283e-06 1.00133572e+08 -3.97347542e+03 -4.22478630e+04
-3.28282828e-06 -7.82828283e-06 1.00211353e+08 -7.57815883e+03 -1.03951092e+05
-2.77777778e-06 -7.82828283e-06 1.00022671e+08 -2.22321036e+04 -8.88056073e+03
-2.27272727e-06 -7.82828283e-06 1.00024546e+08 -7.43587691e+03 -5.14347843e+03
-1.76767677e-06 -7.82828283e-06 1.00022300e+08 -2.44243501e+03 -6.88934708e+03
-1.26262626e-06 -7.82828283e-06 1.00016071e+08 -2.43146253e+03 -5.41433815e+03
-7.57575758e-07 -7.82828283e-06 1.00011474e+08 -2.21545098e+03 -3.98107276e+03
-2.52525253e-07 -7.82828283e-06 1.00008514e+08 -1.86061393e+03 -3.04764417e+03
2.52525253e-07 -7.82828283e-06 1.00006576e+08 -1.51788346e+03 -2.45119119e+03
7.57575758e-07 -7.82828283e-06 1.00005255e+08 -1.22856628e+03 -2.05228406e+03
1.26262626e-06 -7.82828283e-06 1.00004320e+08 -9.94120672e+02 -1.77020198e+03
1.76767677e-06 -7.82828283e-06 1.00003637e+08 -8.05730579e+02 -1.55996210e+03
2.27272727e-06 -7.82828283e-06 1.00003125e+08 -6.53488110e+02 -1.39584237e+03
2.77777778e-06 -7.82828283e-06 1.00002734e+08 -5.28806019e+02 -1.26252267e+03
3.28282828e-06 -7.82828283e-06 1.00002431e+08 -4.24770017e+02 -1.15048943e+03
3.78787879e-06 -7.82828283e-06 1.00002195e+08 -3.35929018e+02 -1.05360940e+03
4.29292929e-06 -7.82828283e-06 1.00002010e+08 -2.57985236e+02 -9.67807520e+02
4.79797980e-06 -7.82828283e-06 1.00001866e+08 -1.87515794e+02 -8.90322370e+02
5.30303030e-06 -7.82828283e-06 1.00001753e+08 -1.21753787e+02 -8.19275451e+02
5.80808081e-06 -7.82828283e-06 1.00001666e+08 -5.84264914e+01 -7.53418081e+02
6.31313131e-06 -7.82828283e-06 1.00001599e+08 4.35815424e+00 -6.91983300e+02
6.81818182e-06 -7.82828283e-06 1.00001549e+08 6.81849811e+01 -6.34602573e+02
7.32323232e-06 -7.82828283e-06 1.00001512e+08 1.34370595e+02 -5.81263947e+02
7.82828283e-06 -7.82828283e-06 1.00001484e+08 2.03971050e+02 -5.32297098e+02
8.33333333e-06 -7.82828283e-06 1.00001463e+08 2.77759199e+02 -4.88374896e+02
8.83838384e-06 -7.82828283e-06 1.00001446e+08 3.56171324e+02 -4.50522680e+02
9.34343434e-06 -7.82828283e-06 1.00001429e+08 4.39222226e+02 -4.20126094e+02
9.84848485e-06 -7.82828283e-06 1.00001410e+08 5.26388679e+02 -3.98926784e+02
1.03535354e-05 -7.82828283e-06 1.00001385e+08 6.16463609e+02 -3.88992853e+02
1.08585859e-05 -7.82828283e-06 1.00001352e+08 7.07387919e+02 -3.92648310e+02
1.13636364e-05 -7.82828283e-06 1.00001306e+08 7.96074040e+02 -4.12343806e+02
1.18686869e-05 -7.82828283e-06 1.00001246e+08 8.78245214e+02 -4.50450893e+02
1.23737374e-05 -7.82828283e-06 1.00001170e+08 9.48326613e+02 -5.08965889e+02
1.28787879e-05 -7.82828283e-06 1.00001076e+08 9.99436996e+02 -5.89119009e+02
1.33838384e-05 -7.82828283e-06 1.00000966e+08 1.02353952e+03 -6.90901756e+02
1.38888889e-05 -7.82828283e-06 1.00000840e+08 1.01181245e+03 -8.12551082e+02
1.43939394e-05 -7.82828283e-06 1.00000705e+08 9.55288572e+02 -9.50060834e+02
1.48989899e-05 -7.82828283e-06 1.00000565e+08 8.45780508e+02 -1.09682383e+03
1.54040404e-05 -7.82828283e-06 1.00000430e+08 6.77053787e+02 -1.24353170e+03
1.59090909e-05 -7.82828283e-06 1.00000308e+08 4.46135156e+02 -1.37846113e+03
1.64141414e-05 -7.82828283e-06 1.00000210e+08 1.54561547e+02 -1.48824082e+03
1.69191919e-05 -7.82828283e-06 1.00000144e+08 -1.90690658e+02 -1.55911624e+03
1.74242424e-05 -7.82828283e-06 1.00000118e+08 -5.76876360e+02 -1.57861258e+03
1.79292929e-05 -7.82828283e-06 1.00000134e+08 -9.85979484e+02 -1.53736504e+03
1.84343434e-05 -7.82828283e-06 1.00000190e+08 -1.39612672e+03 -1.43077679e+03
1.89393939e-05 -7.82828283e-06 1.00000281e+08 -1.78380179e+03 -1.26012869e+03
1.94444444e-05 -7.82828283e-06 1.00000397e+08 -2.12652605e+03 -1.03283341e+03
1.99494949e-05 -7.82828283e-06 1.00000525e+08 -2.40551297e+03 -7.61703098e+02
2.04545455e-05 -7.82828283e-06 1.00000652e+08 -2.60777319e+03 -4.63337804e+02
2.09595960e-05 -7.82828283e-06 1.00000765e+08 -2.72726866e+03 -1.55963958e+02
2.14646465e-05 -7.82828283e-06 1.00000854e+08 -2.76495365e+03 1.42822822e+02
2.19696970e-05 -7.82828283e-06 1.00000913e+08 -2.72781185e+03 4.17969850e+02
2.24747475e-05 -7.82828283e-06 1.00000939e+08 -2.62721009e+03 6.58230348e+02
2.29797980e-05 -7.82828283e-06 1.00000934e+08 -2.47697976e+03 8.56670904e+02
2.34848485e-05 -7.82828283e-06 1.00000900e+08 -2.29160345e+03 1.01050134e+03
2.39898990e-05 -7.82828283e-06 1.00000843e+08 -2.08476608e+03 1.12042347e+03
2.44949495e-05 -7.82828283e-06 1.00000769e+08 -1.86838572e+03 1.18973259e+03
2.50000000e-05 -7.82828283e-06 1.00000683e+08 -1.65211618e+03 1.22337766e+03
-2.50000000e-05 -7.32323232e-06 1.00000230e+08 -1.57836879e+02 3.32033179e+02
-2.44949495e-05 -7.32323232e-06 1.00000271e+08 -1.23300137e+02 3.48466004e+02
-2.39898990e-05 -7.32323232e-06 1.00000315e+08 -8.56691724e+01 3.63848503e+02
-2.34848485e-05 -7.32323232e-06 1.00000361e+08 -4.49277731e+01 3.77992018e+02
-2.29797980e-05 -7.32323232e-06 1.00000409e+08 -1.06783228e+00 3.90728089e+02
-2.24747475e-05 -7.32323232e-06 1.00000458e+08 4.59244449e+01 4.01918441e+02
-2.19696970e-05 -7.32323232e-06 1.00000508e+08 9.60912707e+01 4.11463220e+02
-2.14646465e-05 -7.32323232e-06 1.00000559e+08 1.49538634e+02 4.19302174e+02
-2.09595960e-05 -7.32323232e-06 1.00000609e+08 2.06488300e+02 4.25396842e+02
-2.04545455e-05 -7.32323232e-06 1.00000658e+08 2.67347944e+02 4.29667701e+02
-1.99494949e-05 -7.32323232e-06 1.00000701e+08 3.32788408e+02 4.31830512e+02
-1.94444444e-05 -7.32323232e-06 1.00000737e+08 4.03773045e+02 4.31016814e+02
-1.89393939e-05 -7.32323232e-06 1.00000761e+08 4.81348558e+02 4.24959477e+02
-1.84343434e-05 -7.32323232e-06 1.00000767e+08 5.65630281e+02 4.08412272e+02
-1.79292929e-05 -7.32323232e-06 1.00000750e+08 6.52544785e+02 3.70705543e+02
-1.74242424e-05 -7.32323232e-06 1.00000713e+08 7.25826197e+02 2.94470360e+02
-1.69191919e-05 -7.32323232e-06 1.00000675e+08 7.45496866e+02 1.65052247e+02
-1.64141414e-05 -7.32323232e-06 1.00000672e+08 6.60095084e+02 5.96533596e+00
-1.59090909e-05 -7.32323232e-06 1.00000700e+08 4.97526214e+02 -1.01115830e+02
-1.54040404e-05 -7.32323232e-06 1.00000709e+08 4.15531583e+02 -1.35437165e+02
-1.48989899e-05 -7.32323232e-06 1.00000730e+08 4.83738538e+02 -2.05177880e+02
-1.43939394e-05 -7.32323232e-06 1.00000847e+08 6.04772128e+02 -3.60044568e+02
-1.38888889e-05 -7.32323232e-06 1.00001070e+08 7.02930576e+02 -5.54300181e+02
-1.33838384e-05 -7.32323232e-06 1.00001362e+08 7.77972779e+02 -7.44019968e+02
-1.28787879e-05 -7.32323232e-06 1.00001688e+08 8.58354450e+02 -9.21196309e+02
-1.23737374e-05 -7.32323232e-06 1.00002035e+08 9.61622114e+02 -1.10796142e+03
-1.18686869e-05 -7.32323232e-06 1.00002412e+08 1.06986230e+03 -1.33696082e+03
-1.13636364e-05 -7.32323232e-06 1.00002848e+08 1.13588470e+03 -1.61834124e+03
-1.08585859e-05 -7.32323232e-06 1.00003349e+08 1.13049409e+03 -1.92817947e+03
-1.03535354e-05 -7.32323232e-06 1.00003908e+08 1.07174124e+03 -2.24189804e+03
-9.84848485e-06 -7.32323232e-06 1.00004516e+08 9.99170902e+02 -2.56082518e+03
-9.34343434e-06 -7.32323232e-06 1.00005185e+08 9.41680424e+02 -2.90179374e+03
-8.83838384e-06 -7.32323232e-06 1.00005926e+08 9.08427315e+02 -3.27656619e+03
-8.33333333e-06 -7.32323232e-06 1.00006730e+08 8.86024224e+02 -3.67810768e+03
-7.82828283e-06 -7.32323232e-06 1.00007542e+08 8.20730241e+02 -4.07223103e+03
-7.32323232e-06 -7.32323232e-06 1.00008236e+08 5.72096214e+02 -4.40224959e+03
-6.81818182e-06 -7.32323232e-06 1.00008639e+08 -1.52118573e+02 -4.64779637e+03
-6.31313131e-06 -7.32323232e-06 1.00008688e+08 -1.77295827e+03 -5.00170483e+03
-5.80808081e-06 -7.32323232e-06 1.00008705e+08 -4.48941839e+03 -6.06990065e+03
-5.30303030e-06 -7.32323232e-06 1.00009361e+08 -7.71703993e+03 -8.62065299e+03
-4.79797980e-06 -7.32323232e-06 1.00011106e+08 -1.03723313e+04 -1.28758594e+04
-4.29292929e-06 -7.32323232e-06 1.00014396e+08 -1.22884244e+04 -1.88697383e+04
-3.78787879e-06 -7.32323232e-06 1.00016295e+08 -2.40474932e+04 -2.52238575e+04
-3.28282828e-06 -7.32323232e-06 9.96712614e+07 -1.43890330e+05 1.67632228e+05
-2.77777778e-06 -7.32323232e-06 9.98088614e+07 -2.01576635e+05 7.19462071e+04
-2.27272727e-06 -7.32323232e-06 1.00053377e+08 -2.25385834e+03 -1.20528076e+04
-1.76767677e-06 -7.32323232e-06 1.00021432e+08 -5.22004397e+03 -2.43347334e+03
-1.26262626e-06 -7.32323232e-06 1.00011884e+08 -3.95226851e+03 -8.19347229e+02
-7.57575758e-07 -7.32323232e-06 1.00007966e+08 -2.94724832e+03 -6.46593929e+02
-2.52525253e-07 -7.32323232e-06 1.00005917e+08 -2.24838895e+03 -7.09726905e+02
2.52525253e-07 -7.32323232e-06 1.00004670e+08 -1.75172690e+03 -7.86903872e+02
7.57575758e-07 -7.32323232e-06 1.00003834e+08 -1.38784088e+03 -8.39179081e+02
1.26262626e-06 -7.32323232e-06 1.00003239e+08 -1.11398427e+03 -8.65388809e+02
1.76767677e-06 -7.32323232e-06 1.00002797e+08 -9.02968595e+02 -8.71214160e+02
2.27272727e-06 -7.32323232e-06 1.00002460e+08 -7.36754474e+02 -8.62279289e+02
2.77777778e-06 -7.32323232e-06 1.00002200e+08 -6.02906954e+02 -8.42891381e+02
3.28282828e-06 -7.32323232e-06 1.00001997e+08 -4.92562844e+02 -8.16105622e+02
3.78787879e-06 -7.32323232e-06 1.00001837e+08 -3.99210885e+02 -7.84032985e+02
4.29292929e-06 -7.32323232e-06 1.00001714e+08 -3.17928906e+02 -7.48128693e+02
4.79797980e-06 -7.32323232e-06 1.00001618e+08 -2.44890216e+02 -7.09414992e+02
5.30303030e-06 -7.32323232e-06 1.00001547e+08 -1.77035903e+02 -6.68645407e+02
5.80808081e-06 -7.32323232e-06 1.00001494e+08 -1.11854040e+02 -6.26427138e+02
6.31313131e-06 -7.32323232e-06 1.00001458e+08 -4.72314434e+01 -5.83316509e+02
6.81818182e-06 -7.32323232e-06 1.00001436e+08 1.86420239e+01 -5.39898606e+02
7.32323232e-06 -7.32323232e-06 1.00001424e+08 8.73276793e+01 -4.96858781e+02
7.82828283e-06 -7.32323232e-06 1.00001420e+08 1.60156035e+02 -4.55050702e+02
8.33333333e-06 -7.32323232e-06 1.00001422e+08 2.38209827e+02 -4.15562946e+02
8.83838384e-06 -7.32323232e-06 1.00001427e+08 3.22270557e+02 -3.79783333e+02
9.34343434e-06 -7.32323232e-06 1.00001432e+08 4.12725468e+02 -3.49456901e+02
9.84848485e-06 -7.32323232e-06 1.00001434e+08 5.09431660e+02 -3.26729450e+02
1.03535354e-05 -7.32323232e-06 1.00001430e+08 6.11535847e+02 -3.14163717e+02
1.08585859e-05 -7.32323232e-06 1.00001415e+08 7.17252726e+02 -3.14709888e+02
1.13636364e-05 -7.32323232e-06 1.00001387e+08 8.23613177e+02 -3.31606832e+02
1.18686869e-05 -7.32323232e-06 1.00001342e+08 9.26206253e+02 -3.68186950e+02
1.23737374e-05 -7.32323232e-06 1.00001276e+08 1.01895628e+03 -4.27558027e+02
1.28787879e-05 -7.32323232e-06 1.00001188e+08 1.09399710e+03 -5.12143533e+02
1.33838384e-05 -7.32323232e-06 1.00001078e+08 1.14172583e+03 -6.23081940e+02
1.38888889e-05 -7.32323232e-06 1.00000947e+08 1.15113149e+03 -7.59518648e+02
1.43939394e-05 -7.32323232e-06 1.00000800e+08 1.11048991e+03 -9.17870809e+02
1.48989899e-05 -7.32323232e-06 1.00000642e+08 1.00848363e+03 -1.09119991e+03
1.54040404e-05 -7.32323232e-06 1.00000485e+08 8.35734807e+02 -1.26887613e+03
1.59090909e-05 -7.32323232e-06 1.00000341e+08 5.86631050e+02 -1.43674117e+03
1.64141414e-05 -7.32323232e-06 1.00000221e+08 2.61190210e+02 -1.57794809e+03
1.69191919e-05 -7.32323232e-06 1.00000139e+08 -1.33413234e+02 -1.67455766e+03
1.74242424e-05 -7.32323232e-06 1.00000103e+08 -5.82103422e+02 -1.70979997e+03
1.79292929e-05 -7.32323232e-06 1.00000119e+08 -1.06233654e+03 -1.67069421e+03
1.84343434e-05 -7.32323232e-06 1.00000185e+08 -1.54591735e+03 -1.55052254e+03
1.89393939e-05 -7.32323232e-06 1.00000295e+08 -2.00208230e+03 -1.35055930e+03
1.94444444e-05 -7.32323232e-06 1.00000434e+08 -2.40136229e+03 -1.08053845e+03
1.99494949e-05 -7.32323232e-06 1.00000586e+08 -2.71945125e+03 -7.57617276e+02
2.04545455e-05 -7.32323232e-06 1.00000735e+08 -2.94023517e+03 -4.03992982e+02
2.09595960e-05 -7.32323232e-06 1.00000862e+08 -3.05733687e+03 -4.37074171e+01
2.14646465e-05 -7.32323232e-06 1.00000958e+08 -3.07394349e+03 3.00618237e+02
2.19696970e-05 -7.32323232e-06 1.00001015e+08 -3.00114545e+03 6.10420740e+02
2.24747475e-05 -7.32323232e-06 1.00001031e+08 -2.85535261e+03 8.72763291e+02
2.29797980e-05 -7.32323232e-06 1.00001009e+08 -2.65546419e+03 1.08073990e+03
2.34848485e-05 -7.32323232e-06 1.00000954e+08 -2.42036375e+03 1.23291537e+03
2.39898990e-05 -7.32323232e-06 1.00000874e+08 -2.16708067e+03 1.33216056e+03
2.44949495e-05 -7.32323232e-06 1.00000777e+08 -1.90971542e+03 1.38425943e+03
2.50000000e-05 -7.32323232e-06 1.00000669e+08 -1.65904361e+03 1.39658223e+03
-2.50000000e-05 -6.81818182e-06 1.00000232e+08 -1.75140825e+02 3.27941666e+02
-2.44949495e-05 -6.81818182e-06 1.00000276e+08 -1.39645225e+02 3.45186306e+02
-2.39898990e-05 -6.81818182e-06 1.00000323e+08 -1.00856689e+02 3.61352407e+02
-2.34848485e-05 -6.81818182e-06 1.00000374e+08 -5.87806444e+01 3.76245670e+02
-2.29797980e-05 -6.81818182e-06 1.00000427e+08 -1.34459208e+01 3.89707830e+02
-2.24747475e-05 -6.81818182e-06 1.00000482e+08 3.51058576e+01 4.01639947e+02
-2.19696970e-05 -6.81818182e-06 1.00000540e+08 8.68408591e+01 4.12033006e+02
-2.14646465e-05 -6.81818182e-06 1.00000599e+08 1.41770060e+02 4.21007080e+02
-2.09595960e-05 -6.81818182e-06 1.00000660e+08 2.00013597e+02 4.28858456e+02
-2.04545455e-05 -6.81818182e-06 1.00000720e+08 2.61910791e+02 4.36107853e+02
-1.99494949e-05 -6.81818182e-06 1.00000778e+08 3.28205266e+02 4.43523294e+02
-1.94444444e-05 -6.81818182e-06 1.00000830e+08 4.00344997e+02 4.52034632e+02
-1.89393939e-05 -6.81818182e-06 1.00000870e+08 4.80915680e+02 4.62297172e+02
-1.84343434e-05 -6.81818182e-06 1.00000889e+08 5.74019998e+02 4.73231004e+02
-1.79292929e-05 -6.81818182e-06 1.00000869e+08 6.84374486e+02 4.77842218e+02
-1.74242424e-05 -6.81818182e-06 1.00000791e+08 8.09708639e+02 4.53337952e+02
-1.69191919e-05 -6.81818182e-06 1.00000654e+08 9.09898381e+02 3.49167743e+02
-1.64141414e-05 -6.81818182e-06 1.00000525e+08 8.50044244e+02 1.30687885e+02
-1.59090909e-05 -6.81818182e-06 1.00000472e+08 5.50946254e+02 -3.44175136e+01
-1.54040404e-05 -6.81818182e-06 1.00000359e+08 4.35881560e+02 -1.53253456e+01
-1.48989899e-05 -6.81818182e-06 1.00000307e+08 6.50824509e+02 -1.44620051e+02
-1.43939394e-05 -6.81818182e-06 1.00000494e+08 8.46976548e+02 -4.35914663e+02
-1.38888889e-05 -6.81818182e-06 1.00000834e+08 9.33689294e+02 -7.28129634e+02
-1.33838384e-05 -6.81818182e-06 1.00001233e+08 9.70634379e+02 -9.61420689e+02
-1.28787879e-05 -6.81818182e-06 1.00001643e+08 1.02778035e+03 -1.13753095e+03
-1.23737374e-05 -6.81818182e-06 1.00002040e+08 1.15308493e+03 -1.29604097e+03
-1.18686869e-05 -6.81818182e-06 1.00002437e+08 1.32669280e+03 -1.50609618e+03
-1.13636364e-05 -6.81818182e-06 1.00002883e+08 1.44147320e+03 -1.79427728e+03
-1.08585859e-05 -6.81818182e-06 1.00003376e+08 1.43135155e+03 -2.09408700e+03
-1.03535354e-05 -6.81818182e-06 1.00003868e+08 1.35198295e+03 -2.35109675e+03
-9.84848485e-06 -6.81818182e-06 1.00004335e+08 1.27836426e+03 -2.57876792e+03
-9.34343434e-06 -6.81818182e-06 1.00004789e+08 1.23826486e+03 -2.80588925e+03
-8.83838384e-06 -6.81818182e-06 1.00005235e+08 1.22202211e+03 -3.04067583e+03
-8.33333333e-06 -6.81818182e-06 1.00005649e+08 1.19384249e+03 -3.26809066e+03
-7.82828283e-06 -6.81818182e-06 1.00005968e+08 1.08279339e+03 -3.45890014e+03
-7.32323232e-06 -6.81818182e-06 1.00006101e+08 7.62633623e+02 -3.59256570e+03
-6.81818182e-06 -6.81818182e-06 1.00005970e+08 4.89352144e+01 -3.71060786e+03
-6.31313131e-06 -6.81818182e-06 1.00005595e+08 -1.22710564e+03 -3.99603767e+03
-5.80808081e-06 -6.81818182e-06 1.00005157e+08 -3.02694489e+03 -4.79249328e+03
-5.30303030e-06 -6.81818182e-06 1.00004882e+08 -4.93488672e+03 -6.43249922e+03
-4.79797980e-06 -6.81818182e-06 1.00004768e+08 -6.30915019e+03 -8.98461153e+03
-4.29292929e-06 -6.81818182e-06 1.00004424e+08 -6.69316408e+03 -1.23305635e+04
-3.78787879e-06 -6.81818182e-06 1.00002737e+08 -5.84513278e+03 -1.65955651e+04
-3.28282828e-06 -6.81818182e-06 1.00003962e+08 6.13154666e+03 -2.94626889e+04
-2.77777778e-06 -6.81818182e-06 9.99180874e+07 9.24198522e+04 -3.63368127e+04
-2.27272727e-06 -6.81818182e-06 9.99705403e+07 1.52397911e+04 4.90317531e+04
-1.76767677e-06 -6.81818182e-06 9.99965538e+07 -3.82587892e+02 1.60468331e+04
-1.26262626e-06 -6.81818182e-06 1.00000773e+08 -1.70832700e+03 7.43611833e+03
-7.57575758e-07 -6.81818182e-06 1.00001837e+08 -1.74002653e+03 3.92683198e+03
-2.52525253e-07 -6.81818182e-06 1.00002105e+08 -1.54879048e+03 2.14685988e+03
2.52525253e-07 -6.81818182e-06 1.00002109e+08 -1.32846103e+03 1.13501983e+03
7.57575758e-07 -6.81818182e-06 1.00002020e+08 -1.12575821e+03 5.20355700e+02
1.26262626e-06 -6.81818182e-06 1.00001902e+08 -9.50763601e+02 1.31575497e+02
1.76767677e-06 -6.81818182e-06 1.00001780e+08 -8.02822544e+02 -1.20044168e+02
2.27272727e-06 -6.81818182e-06 1.00001668e+08 -6.78193511e+02 -2.84227884e+02
2.77777778e-06 -6.81818182e-06 1.00001569e+08 -5.72563567e+02 -3.90485092e+02
3.28282828e-06 -6.81818182e-06 1.00001486e+08 -4.81876477e+02 -4.57108178e+02
3.78787879e-06 -6.81818182e-06 1.00001419e+08 -4.02558757e+02 -4.95835632e+02
4.29292929e-06 -6.81818182e-06 1.00001367e+08 -3.31527130e+02 -5.14421224e+02
4.79797980e-06 -6.81818182e-06 1.00001329e+08 -2.66122464e+02 -5.18122214e+02
5.30303030e-06 -6.81818182e-06 1.00001304e+08 -2.04026802e+02 -5.10600159e+02
5.80808081e-06 -6.81818182e-06 1.00001292e+08 -1.43185572e+02 -4.94489883e+02
6.31313131e-06 -6.81818182e-06 1.00001290e+08 -8.17435944e+01 -4.71775824e+02
6.81818182e-06 -6.81818182e-06 1.00001298e+08 -1.79986625e+01 -4.44055023e+02
7.32323232e-06 -6.81818182e-06 1.00001314e+08 4.96246421e+01 -4.12733522e+02
7.82828283e-06 -6.81818182e-06 1.00001337e+08 1.22577562e+02 -3.79184451e+02
8.33333333e-06 -6.81818182e-06 1.00001364e+08 2.02161451e+02 -3.44884727e+02
8.83838384e-06 -6.81818182e-06 1.00001394e+08 2.89467232e+02 -3.11539431e+02
9.34343434e-06 -6.81818182e-06 1.00001424e+08 3.85271917e+02 -2.81196426e+02
9.84848485e-06 -6.81818182e-06 1.00001451e+08 4.89883239e+02 -2.56347225e+02
1.03535354e-05 -6.81818182e-06 1.00001471e+08 6.02924277e+02 -2.40002745e+02
1.08585859e-05 -6.81818182e-06 1.00001481e+08 7.23053705e+02 -2.35723895e+02
1.13636364e-05 -6.81818182e-06 1.00001475e+08 8.47625847e+02 -2.47577424e+02
1.18686869e-05 -6.81818182e-06 1.00001449e+08 9.72309743e+02 -2.79978452e+02
1.23737374e-05 -6.81818182e-06 1.00001400e+08 1.09070964e+03 -3.37375677e+02
1.28787879e-05 -6.81818182e-06 1.00001323e+08 1.19406041e+03 -4.23738185e+02
1.33838384e-05 -6.81818182e-06 1.00001217e+08 1.27110724e+03 -5.41820615e+02
1.38888889e-05 -6.81818182e-06 1.00001082e+08 1.30831098e+03 -6.92222561e+02
1.43939394e-05 -6.81818182e-06 1.00000923e+08 1.29053438e+03 -8.72322393e+02
1.48989899e-05 -6.81818182e-06 1.00000747e+08 1.20234006e+03 -1.07525119e+03
1.54040404e-05 -6.81818182e-06 1.00000564e+08 1.02994843e+03 -1.28916320e+03
1.59090909e-05 -6.81818182e-06 1.00000391e+08 7.63752597e+02 -1.49712396e+03
1.64141414e-05 -6.81818182e-06 1.00000244e+08 4.01077725e+02 -1.67793368e+03
1.69191919e-05 -6.81818182e-06 1.00000139e+08 -5.13506423e+01 -1.80808936e+03
1.74242424e-05 -6.81818182e-06 1.00000090e+08 -5.75922343e+02 -1.86484494e+03
1.79292929e-05 -6.81818182e-06 1.00000104e+08 -1.14432864e+03 -1.82998228e+03
1.84343434e-05 -6.81818182e-06 1.00000182e+08 -1.71985286e+03 -1.69354888e+03
1.89393939e-05 -6.81818182e-06 1.00000314e+08 -2.26169741e+03 -1.45660103e+03
1.94444444e-05 -6.81818182e-06 1.00000482e+08 -2.73064322e+03 -1.13206499e+03
1.99494949e-05 -6.81818182e-06 1.00000664e+08 -3.09480558e+03 -7.43258633e+02
2.04545455e-05 -6.81818182e-06 1.00000838e+08 -3.33408508e+03 -3.20297321e+02
2.09595960e-05 -6.81818182e-06 1.00000982e+08 -3.44224777e+03 1.04725072e+02
2.14646465e-05 -6.81818182e-06 1.00001083e+08 -3.42629763e+03 5.02536858e+02
2.19696970e-05 -6.81818182e-06 1.00001133e+08 -3.30361212e+03 8.50342280e+02
2.24747475e-05 -6.81818182e-06 1.00001132e+08 -3.09785636e+03 1.13369407e+03
2.29797980e-05 -6.81818182e-06 1.00001085e+08 -2.83480081e+03 1.34656432e+03
2.34848485e-05 -6.81818182e-06 1.00001002e+08 -2.53889941e+03 1.49006331e+03
2.39898990e-05 -6.81818182e-06 1.00000892e+08 -2.23104485e+03 1.57045167e+03
2.44949495e-05 -6.81818182e-06 1.00000767e+08 -1.92751147e+03 1.59703799e+03
2.50000000e-05 -6.81818182e-06 1.00000635e+08 -1.63984151e+03 1.58036241e+03
-2.50000000e-05 -6.31313131e-06 1.00000229e+08 -1.93262896e+02 3.23810226e+02
-2.44949495e-05 -6.31313131e-06 1.00000277e+08 -1.56761545e+02 3.41840171e+02
-2.39898990e-05 -6.31313131e-06 1.00000327e+08 -1.16744400e+02 3.58700676e+02
-2.34848485e-05 -6.31313131e-06 1.00000382e+08 -7.32442172e+01 3.74158265e+02
-2.29797980e-05 -6.31313131e-06 1.00000440e+08 -2.63404113e+01 3.88017221e+02
-2.24747475e-05 -6.31313131e-06 1.00000502e+08 2.38423446e+01 4.00150072e+02
-2.19696970e-05 -6.31313131e-06 1.00000567e+08 7.71417234e+01 4.10541883e+02
-2.14646465e-05 -6.31313131e-06 1.00000636e+08 1.33376488e+02 4.19355674e+02
-2.09595960e-05 -6.31313131e-06 1.00000708e+08 1.92385858e+02 4.27030917e+02
-2.04545455e-05 -6.31313131e-06 1.00000783e+08 2.54108585e+02 4.34434736e+02
-1.99494949e-05 -6.31313131e-06 1.00000860e+08 3.18741956e+02 4.43096925e+02
-1.94444444e-05 -6.31313131e-06 1.00000937e+08 3.87068820e+02 4.55572463e+02
-1.89393939e-05 -6.31313131e-06 1.00001010e+08 4.61151479e+02 4.75964363e+02
-1.84343434e-05 -6.31313131e-06 1.00001071e+08 5.45838829e+02 5.10473629e+02
-1.79292929e-05 -6.31313131e-06 1.00001098e+08 6.51958722e+02 5.66871696e+02
-1.74242424e-05 -6.31313131e-06 1.00001044e+08 8.01482024e+02 6.46939775e+02
-1.69191919e-05 -6.31313131e-06 1.00000815e+08 1.01946576e+03 7.05534456e+02
-1.64141414e-05 -6.31313131e-06 1.00000352e+08 1.17466296e+03 5.31233671e+02
-1.59090909e-05 -6.31313131e-06 1.00000016e+08 5.76325682e+02 1.46456748e+02
-1.54040404e-05 -6.31313131e-06 9.99995120e+07 4.59377170e+02 3.68130941e+02
-1.48989899e-05 -6.31313131e-06 9.99995161e+07 1.04347524e+03 -9.01451788e+01
-1.43939394e-05 -6.31313131e-06 9.99999966e+07 1.23236029e+03 -6.24694808e+02
-1.38888889e-05 -6.31313131e-06 1.00000529e+08 1.22742273e+03 -1.00190732e+03
-1.33838384e-05 -6.31313131e-06 1.00001049e+08 1.17627471e+03 -1.26238930e+03
-1.28787879e-05 -6.31313131e-06 1.00001561e+08 1.16565382e+03 -1.42490396e+03
-1.23737374e-05 -6.31313131e-06 1.00002040e+08 1.28796144e+03 -1.51637382e+03
-1.18686869e-05 -6.31313131e-06 1.00002467e+08 1.57141191e+03 -1.66168847e+03
-1.13636364e-05 -6.31313131e-06 1.00002941e+08 1.75476413e+03 -1.96176621e+03
-1.08585859e-05 -6.31313131e-06 1.00003433e+08 1.67237847e+03 -2.22124847e+03
-1.03535354e-05 -6.31313131e-06 1.00003803e+08 1.52427594e+03 -2.35315402e+03
-9.84848485e-06 -6.31313131e-06 1.00004059e+08 1.43627896e+03 -2.44204845e+03
-9.34343434e-06 -6.31313131e-06 1.00004256e+08 1.40334634e+03 -2.53782399e+03
-8.83838384e-06 -6.31313131e-06 1.00004405e+08 1.38469011e+03 -2.63841033e+03
-8.33333333e-06 -6.31313131e-06 1.00004478e+08 1.32904599e+03 -2.72077522e+03
-7.82828283e-06 -6.31313131e-06 1.00004421e+08 1.16748824e+03 -2.76176973e+03
-7.32323232e-06 -6.31313131e-06 1.00004169e+08 8.07018913e+02 -2.75912231e+03
-6.81818182e-06 -6.31313131e-06 1.00003680e+08 1.46179799e+02 -2.76012908e+03
-6.31313131e-06 -6.31313131e-06 1.00002959e+08 -8.68143209e+02 -2.88286508e+03
-5.80808081e-06 -6.31313131e-06 1.00002051e+08 -2.15307592e+03 -3.28623327e+03
-5.30303030e-06 -6.31313131e-06 1.00000923e+08 -3.44828131e+03 -4.05601635e+03
-4.79797980e-06 -6.31313131e-06 9.99992709e+07 -4.41569346e+03 -5.05654887e+03
-4.29292929e-06 -6.31313131e-06 9.99962285e+07 -4.86892483e+03 -5.83109508e+03
-3.78787879e-06 -6.31313131e-06 9.99898389e+07 -5.12417874e+03 -5.51021577e+03
-3.28282828e-06 -6.31313131e-06 9.99781744e+07 -6.70775028e+03 -4.25809559e+03
-2.77777778e-06 -6.31313131e-06 9.99809901e+07 1.53301578e+04 -8.98315426e+03
-2.27272727e-06 -6.31313131e-06 9.99769168e+07 2.93408399e+04 1.69774067e+04
-1.76767677e-06 -6.31313131e-06 9.99852501e+07 1.20400805e+04 1.72680441e+04
-1.26262626e-06 -6.31313131e-06 9.99927406e+07 4.16838200e+03 1.09994437e+04
-7.57575758e-07 -6.31313131e-06 9.99966275e+07 1.28802780e+03 6.78221563e+03
-2.52525253e-07 -6.31313131e-06 9.99986034e+07 1.65750900e+02 4.24602743e+03
2.52525253e-07 -6.31313131e-06 9.99996504e+07 -2.88733896e+02 2.68202050e+03
7.57575758e-07 -6.31313131e-06 1.00000226e+08 -4.64440226e+02 1.67990536e+03
1.26262626e-06 -6.31313131e-06 1.00000551e+08 -5.16194805e+02 1.01641954e+03
1.76767677e-06 -6.31313131e-06 1.00000737e+08 -5.11238528e+02 5.66077600e+02
2.27272727e-06 -6.31313131e-06 1.00000844e+08 -4.80514168e+02 2.55133814e+02
2.77777778e-06 -6.31313131e-06 1.00000907e+08 -4.38669680e+02 3.84150129e+01
3.28282828e-06 -6.31313131e-06 1.00000946e+08 -3.92588029e+02 -1.12753547e+02
3.78787879e-06 -6.31313131e-06 1.00000972e+08 -3.45285321e+02 -2.17130379e+02
4.29292929e-06 -6.31313131e-06 1.00000993e+08 -2.97787091e+02 -2.87305375e+02
4.79797980e-06 -6.31313131e-06 1.00001014e+08 -2.50065197e+02 -3.31919856e+02
5.30303030e-06 -6.31313131e-06 1.00001038e+08 -2.01516456e+02 -3.57030750e+02
5.80808081e-06 -6.31313131e-06 1.00001066e+08 -1.51209722e+02 -3.66979354e+02
6.31313131e-06 -6.31313131e-06 1.00001100e+08 -9.80139020e+01 -3.64966201e+02
6.81818182e-06 -6.31313131e-06 1.00001140e+08 -4.06659406e+01 -3.53449116e+02
7.32323232e-06 -6.31313131e-06 1.00001185e+08 2.21878844e+01 -3.34435008e+02
7.82828283e-06 -6.31313131e-06 1.00001235e+08 9.19561216e+01 -3.09709333e+02
8.33333333e-06 -6.31313131e-06 1.00001290e+08 1.70055672e+02 -2.81031085e+02
8.83838384e-06 -6.31313131e-06 1.00001347e+08 2.57839969e+02 -2.50310546e+02
9.34343434e-06 -6.31313131e-06 1.00001404e+08 3.56486450e+02 -2.19778750e+02
9.84848485e-06 -6.31313131e-06 1.00001459e+08 4.66826606e+02 -1.92149588e+02
1.03535354e-05 -6.31313131e-06 1.00001508e+08 5.89101207e+02 -1.70766157e+02
1.08585859e-05 -6.31313131e-06 1.00001546e+08 7.22625159e+02 -1.59711266e+02
1.13636364e-05 -6.31313131e-06 1.00001568e+08 8.65353566e+02 -1.63847522e+02
1.18686869e-05 -6.31313131e-06 1.00001569e+08 1.01335630e+03 -1.88736087e+02
1.23737374e-05 -6.31313131e-06 1.00001542e+08 1.16023648e+03 -2.40368115e+02
1.28787879e-05 -6.31313131e-06 1.00001482e+08 1.29657125e+03 -3.24635366e+02
1.33838384e-05 -6.31313131e-06 1.00001387e+08 1.40951018e+03 -4.46476534e+02
1.38888889e-05 -6.31313131e-06 1.00001253e+08 1.48272881e+03 -6.08676082e+02
1.43939394e-05 -6.31313131e-06 1.00001084e+08 1.49698275e+03 -8.10374209e+02
1.48989899e-05 -6.31313131e-06 1.00000887e+08 1.43151063e+03 -1.04547279e+03
1.54040404e-05 -6.31313131e-06 1.00000676e+08 1.26645196e+03 -1.30127708e+03
1.59090909e-05 -6.31313131e-06 1.00000467e+08 9.86248363e+02 -1.55785400e+03
1.64141414e-05 -6.31313131e-06 1.00000284e+08 5.83679956e+02 -1.78864616e+03
1.69191919e-05 -6.31313131e-06 1.00000148e+08 6.38041136e+01 -1.96277440e+03
1.74242424e-05 -6.31313131e-06 1.00000080e+08 -5.53269520e+02 -2.04913186e+03
1.79292929e-05 -6.31313131e-06 1.00000090e+08 -1.23194193e+03 -2.02182724e+03
1.84343434e-05 -6.31313131e-06 1.00000181e+08 -1.92390501e+03 -1.86589897e+03
1.89393939e-05 -6.31313131e-06 1.00000340e+08 -2.57424663e+03 -1.58174877e+03
1.94444444e-05 -6.31313131e-06 1.00000545e+08 -3.12988716e+03 -1.18674300e+03
1.99494949e-05 -6.31313131e-06 1.00000765e+08 -3.54834222e+03 -7.13093366e+02
2.04545455e-05 -6.31313131e-06 1.00000968e+08 -3.80442232e+03 -2.02320920e+02
2.09595960e-05 -6.31313131e-06 1.00001130e+08 -3.89304652e+03 3.02176530e+02
2.14646465e-05 -6.31313131e-06 1.00001231e+08 -3.82768157e+03 7.62307444e+02
2.19696970e-05 -6.31313131e-06 1.00001267e+08 -3.63537448e+03 1.15035351e+03
2.24747475e-05 -6.31313131e-06 1.00001239e+08 -3.35023798e+03 1.45102791e+03
2.29797980e-05 -6.31313131e-06 1.00001157e+08 -3.00727650e+03 1.66074144e+03
2.34848485e-05 -6.31313131e-06 1.00001036e+08 -2.63781010e+03 1.78502934e+03
2.39898990e-05 -6.31313131e-06 1.00000890e+08 -2.26692039e+03 1.83527581e+03
2.44949495e-05 -6.31313131e-06 1.00000732e+08 -1.91268950e+03 1.82563535e+03
2.50000000e-05 -6.31313131e-06 1.00000573e+08 -1.58668273e+03 1.77064898e+03
-2.50000000e-05 -5.80808081e-06 1.00000222e+08 -2.12215112e+02 3.19779866e+02
-2.44949495e-05 -5.80808081e-06 1.00000272e+08 -1.74612977e+02 3.38607501e+02
-2.39898990e-05 -5.80808081e-06 1.00000326e+08 -1.33218417e+02 3.56116194e+02
-2.34848485e-05 -5.80808081e-06 1.00000385e+08 -8.80837663e+01 3.71996407e+02
-2.29797980e-05 -5.80808081e-06 1.00000447e+08 -3.93326729e+01 3.85960058e+02
-2.24747475e-05 -5.80808081e-06 1.00000515e+08 1.28297737e+01 3.97768307e+02
-2.19696970e-05 -5.80808081e-06 1.00000587e+08 6.81067892e+01 4.07273094e+02
-2.14646465e-05 -5.80808081e-06 1.00000665e+08 1.26099861e+02 4.14480804e+02
-2.09595960e-05 -5.80808081e-06 1.00000749e+08 1.86299871e+02 4.19653371e+02
-2.04545455e-05 -5.80808081e-06 1.00000839e+08 2.48082105e+02 4.23476087e+02
-1.99494949e-05 -5.80808081e-06 1.00000937e+08 3.10713340e+02 4.27350969e+02
-1.94444444e-05 -5.80808081e-06 1.00001044e+08 3.73395843e+02 4.33941160e+02
-1.89393939e-05 -5.80808081e-06 1.00001162e+08 4.35427132e+02 4.48252114e+02
-1.84343434e-05 -5.80808081e-06 1.00001293e+08 4.96743679e+02 4.79951122e+02
-1.79292929e-05 -5.80808081e-06 1.00001436e+08 5.59860558e+02 5.48787130e+02
-1.74242424e-05 -5.80808081e-06 1.00001574e+08 6.37596993e+02 6.98290606e+02
-1.69191919e-05 -5.80808081e-06 1.00001615e+08 7.88872227e+02 1.02913140e+03
-1.64141414e-05 -5.80808081e-06 1.00001020e+08 1.28690806e+03 1.67604266e+03
-1.59090909e-05 -5.80808081e-06 9.99984569e+07 1.24406765e+03 8.22532841e+02
-1.54040404e-05 -5.80808081e-06 9.99959754e+07 2.41455611e+03 1.36060612e+03
-1.48989899e-05 -5.80808081e-06 9.99982371e+07 2.12995398e+03 -2.08499959e+02
-1.43939394e-05 -5.80808081e-06 9.99994905e+07 1.73662007e+03 -8.92084342e+02
-1.38888889e-05 -5.80808081e-06 1.00000201e+08 1.54293061e+03 -1.29254805e+03
-1.33838384e-05 -5.80808081e-06 1.00000782e+08 1.38590771e+03 -1.60460791e+03
-1.28787879e-05 -5.80808081e-06 1.00001376e+08 1.28227070e+03 -1.81967987e+03
-1.23737374e-05 -5.80808081e-06 1.00002054e+08 1.29412562e+03 -1.87600998e+03
-1.18686869e-05 -5.80808081e-06 1.00002603e+08 1.77893608e+03 -1.84408327e+03
-1.13636364e-05 -5.80808081e-06 1.00003221e+08 2.08919753e+03 -2.22635422e+03
-1.08585859e-05 -5.80808081e-06 1.00003702e+08 1.74616035e+03 -2.31970997e+03
-1.03535354e-05 -5.80808081e-06 1.00003783e+08 1.52440293e+03 -2.20740633e+03
-9.84848485e-06 -5.80808081e-06 1.00003729e+08 1.46265062e+03 -2.14552944e+03
-9.34343434e-06 -5.80808081e-06 1.00003648e+08 1.45328781e+03 -2.14023350e+03
-8.83838384e-06 -5.80808081e-06 1.00003536e+08 1.42974859e+03 -2.14952264e+03
-8.33333333e-06 -5.80808081e-06 1.00003347e+08 1.34179779e+03 -2.13833949e+03
-7.82828283e-06 -5.80808081e-06 1.00003030e+08 1.13508370e+03 -2.08739005e+03
-7.32323232e-06 -5.80808081e-06 1.00002535e+08 7.48289742e+02 -2.00079969e+03
-6.81818182e-06 -5.80808081e-06 1.00001831e+08 1.28435975e+02 -1.91528838e+03
-6.31313131e-06 -5.80808081e-06 1.00000906e+08 -7.36292800e+02 -1.89850271e+03
-5.80808081e-06 -5.80808081e-06 9.99997482e+07 -1.78254569e+03 -2.01902555e+03
-5.30303030e-06 -5.80808081e-06 9.99982797e+07 -2.87421645e+03 -2.28728615e+03
-4.79797980e-06 -5.80808081e-06 9.99962985e+07 -3.87136577e+03 -2.60991525e+03
-4.29292929e-06 -5.80808081e-06 9.99935316e+07 -4.72484774e+03 -2.85959459e+03
-3.78787879e-06 -5.80808081e-06 9.99902164e+07 -5.28710952e+03 -3.29820614e+03
-3.28282828e-06 -5.80808081e-06 9.99888677e+07 -3.25007908e+03 -5.25942821e+03
-2.77777778e-06 -5.80808081e-06 9.99907738e+07 7.65925302e+03 -5.71952635e+03
-2.27272727e-06 -5.80808081e-06 9.99891700e+07 1.65549039e+04 2.82724816e+03
-1.76767677e-06 -5.80808081e-06 9.99889459e+07 1.31675408e+04 8.75460051e+03
-1.26262626e-06 -5.80808081e-06 9.99916433e+07 7.60661471e+03 8.65993556e+03
-7.57575758e-07 -5.80808081e-06 9.99944654e+07 4.01388306e+03 6.73470447e+03
-2.52525253e-07 -5.80808081e-06 9.99965285e+07 2.04108532e+03 4.86927570e+03
2.52525253e-07 -5.80808081e-06 9.99979056e+07 9.79814256e+02 3.43059269e+03
7.57575758e-07 -5.80808081e-06 9.99988094e+07 4.02924796e+02 2.38207244e+03
1.26262626e-06 -5.80808081e-06 9.99994067e+07 8.63373136e+01 1.62646153e+03
1.76767677e-06 -5.80808081e-06 9.99998080e+07 -8.66131416e+01 1.08049077e+03
2.27272727e-06 -5.80808081e-06 1.00000083e+08 -1.78071646e+02 6.83592900e+02
2.77777778e-06 -5.80808081e-06 1.00000278e+08 -2.22046633e+02 3.93542681e+02
3.28282828e-06 -5.80808081e-06 1.00000420e+08 -2.37566735e+02 1.81112051e+02
3.78787879e-06 -5.80808081e-06 1.00000528e+08 -2.35415618e+02 2.59613501e+01
4.29292929e-06 -5.80808081e-06 1.00000616e+08 -2.21689807e+02 -8.62029152e+01
4.79797980e-06 -5.80808081e-06 1.00000692e+08 -1.99734838e+02 -1.65538105e+02
5.30303030e-06 -5.80808081e-06 1.00000761e+08 -1.71225737e+02 -2.19346971e+02
5.80808081e-06 -5.80808081e-06 1.00000828e+08 -1.36781903e+02 -2.52947626e+02
6.31313131e-06 -5.80808081e-06 1.00000895e+08 -9.63221715e+01 -2.70277027e+02
6.81818182e-06 -5.80808081e-06 1.00000965e+08 -4.92728690e+01 -2.74323533e+02
7.32323232e-06 -5.80808081e-06 1.00001039e+08 5.30615476e+00 -2.67452085e+02
7.82828283e-06 -5.80808081e-06 1.00001117e+08 6.86372060e+01 -2.51665133e+02
8.33333333e-06 -5.80808081e-06 1.00001199e+08 1.42153855e+02 -2.28829289e+02
8.83838384e-06 -5.80808081e-06 1.00001284e+08 2.27420023e+02 -2.00888626e+02
9.34343434e-06 -5.80808081e-06 1.00001370e+08 3.26015998e+02 -1.70078268e+02
9.84848485e-06 -5.80808081e-06 1.00001456e+08 4.39366128e+02 -1.39144400e+02
1.03535354e-05 -5.80808081e-06 1.00001536e+08 5.68479764e+02 -1.11567152e+02
1.08585859e-05 -5.80808081e-06 1.00001608e+08 7.13575129e+02 -9.17691548e+01
1.13636364e-05 -5.80808081e-06 1.00001664e+08 8.73558708e+02 -8.52733732e+01
1.18686869e-05 -5.80808081e-06 1.00001698e+08 1.04534556e+03 -9.87486960e+01
1.23737374e-05 -5.80808081e-06 1.00001703e+08 1.22303572e+03 -1.39852930e+02
1.28787879e-05 -5.80808081e-06 1.00001670e+08 1.39701562e+03 -2.16757231e+02
1.33838384e-05 -5.80808081e-06 1.00001592e+08 1.55313586e+03 -3.37227363e+02
1.38888889e-05 -5.80808081e-06 1.00001466e+08 1.67222234e+03 -5.07166679e+02
1.43939394e-05 -5.80808081e-06 1.00001292e+08 1.73028490e+03 -7.28618221e+02
1.48989899e-05 -5.80808081e-06 1.00001076e+08 1.69985048e+03 -9.97396805e+02
1.54040404e-05 -5.80808081e-06 1.00000832e+08 1.55279764e+03 -1.30076948e+03
1.59090909e-05 -5.80808081e-06 1.00000581e+08 1.26483630e+03 -1.61587310e+03
1.64141414e-05 -5.80808081e-06 1.00000352e+08 8.21321130e+02 -1.90974526e+03
1.69191919e-05 -5.80808081e-06 1.00000174e+08 2.23452198e+02 -2.14180490e+03
1.74242424e-05 -5.80808081e-06 1.00000077e+08 -5.06735122e+02 -2.26921244e+03
1.79292929e-05 -5.80808081e-06 1.00000079e+08 -1.32456856e+03 -2.25471438e+03
1.84343434e-05 -5.80808081e-06 1.00000185e+08 -2.16585286e+03 -2.07546703e+03
1.89393939e-05 -5.80808081e-06 1.00000378e+08 -2.95548743e+03 -1.73033981e+03
1.94444444e-05 -5.80808081e-06 1.00000629e+08 -3.62026528e+03 -1.24293805e+03
1.99494949e-05 -5.80808081e-06 1.00000895e+08 -4.10255919e+03 -6.58571398e+02
2.04545455e-05 -5.80808081e-06 1.00001134e+08 -4.37069271e+03 -3.55250423e+01
2.09595960e-05 -5.80808081e-06 1.00001311e+08 -4.42275340e+03 5.66698148e+02
2.14646465e-05 -5.80808081e-06 1.00001407e+08 -4.28313853e+03 1.09833270e+03
2.19696970e-05 -5.80808081e-06 1.00001416e+08 -3.99385100e+03 1.52633798e+03
2.24747475e-05 -5.80808081e-06 1.00001347e+08 -3.60402571e+03 1.83623007e+03
2.29797980e-05 -5.80808081e-06 1.00001218e+08 -3.16087397e+03 2.02960614e+03
2.34848485e-05 -5.80808081e-06 1.00001048e+08 -2.70380210e+03 2.11931655e+03
2.39898990e-05 -5.80808081e-06 1.00000858e+08 -2.26190953e+03 2.12423985e+03
2.44949495e-05 -5.80808081e-06 1.00000662e+08 -1.85407929e+03 2.06494981e+03
2.50000000e-05 -5.80808081e-06 1.00000473e+08 -1.49056669e+03 1.96078274e+03
-2.50000000e-05 -5.30303030e-06 1.00000210e+08 -2.32060078e+02 3.16055936e+02
-2.44949495e-05 -5.30303030e-06 1.00000262e+08 -1.93225855e+02 3.35767048e+02
-2.39898990e-05 -5.30303030e-06 1.00000319e+08 -1.50240568e+02 3.53972216e+02
-2.34848485e-05 -5.30303030e-06 1.00000380e+08 -1.03154268e+02 3.70254673e+02
-2.29797980e-05 -5.30303030e-06 1.00000447e+08 -5.21066437e+01 3.84186550e+02
-2.24747475e-05 -5.30303030e-06 1.00000519e+08 2.65426448e+00 3.95344447e+02
-2.19696970e-05 -5.30303030e-06 1.00000598e+08 6.07486142e+01 4.03331659e+02
-2.14646465e-05 -5.30303030e-06 1.00000683e+08 1.21633346e+02 4.07810183e+02
-2.09595960e-05 -5.30303030e-06 1.00000777e+08 1.84556636e+02 4.08547951e+02
-2.04545455e-05 -5.30303030e-06 1.00000880e+08 2.48486158e+02 4.05491320e+02
-1.99494949e-05 -5.30303030e-06 1.00000996e+08 3.11986622e+02 3.98882159e+02
-1.94444444e-05 -5.30303030e-06 1.00001129e+08 3.72993718e+02 3.89459053e+02
-1.89393939e-05 -5.30303030e-06 1.00001288e+08 4.28361579e+02 3.78828627e+02
-1.84343434e-05 -5.30303030e-06 1.00001487e+08 4.72868090e+02 3.70208829e+02
-1.79292929e-05 -5.30303030e-06 1.00001756e+08 4.96752004e+02 3.70062395e+02
-1.74242424e-05 -5.30303030e-06 1.00002164e+08 4.78520858e+02 3.92089307e+02
-1.69191919e-05 -5.30303030e-06 1.00002912e+08 3.58004824e+02 4.67945925e+02
-1.64141414e-05 -5.30303030e-06 1.00004885e+08 -1.18687622e+02 6.66653241e+02
-1.59090909e-05 -5.30303030e-06 1.00019564e+08 -3.72451751e+03 -6.26324652e+02
-1.54040404e-05 -5.30303030e-06 1.00026958e+08 -5.33506105e+03 2.61026594e+04
-1.48989899e-05 -5.30303030e-06 1.00050011e+08 -7.54391747e+03 -3.42520162e+03
-1.43939394e-05 -5.30303030e-06 1.00013784e+08 1.36769082e+04 -1.28104177e+04
-1.38888889e-05 -5.30303030e-06 9.99974161e+07 1.20964482e+04 -2.77372318e+03
-1.33838384e-05 -5.30303030e-06 9.99971554e+07 6.14233320e+03 -2.03571586e+02
-1.28787879e-05 -5.30303030e-06 9.99991407e+07 3.16880218e+03 -8.09492217e+02
-1.23737374e-05 -5.30303030e-06 1.00001084e+08 1.65970543e+03 -1.86734335e+03
-1.18686869e-05 -5.30303030e-06 1.00002982e+08 1.74418651e+03 -1.82475123e+03
-1.13636364e-05 -5.30303030e-06 1.00004647e+08 2.19421050e+03 -2.91016713e+03
-1.08585859e-05 -5.30303030e-06 1.00004318e+08 1.40224009e+03 -2.09643355e+03
-1.03535354e-05 -5.30303030e-06 1.00003692e+08 1.36435735e+03 -1.75265228e+03
-9.84848485e-06 -5.30303030e-06 1.00003278e+08 1.41991946e+03 -1.66751215e+03
-9.34343434e-06 -5.30303030e-06 1.00002971e+08 1.44689953e+03 -1.65328127e+03
-8.83838384e-06 -5.30303030e-06 1.00002675e+08 1.41242594e+03 -1.63747843e+03
-8.33333333e-06 -5.30303030e-06 1.00002319e+08 1.28871152e+03 -1.58977143e+03
-7.82828283e-06 -5.30303030e-06 1.00001851e+08 1.04136070e+03 -1.50113564e+03
-7.32323232e-06 -5.30303030e-06 1.00001235e+08 6.33420775e+02 -1.38171596e+03
-6.81818182e-06 -5.30303030e-06 1.00000449e+08 3.82649265e+01 -1.26197376e+03
-6.31313131e-06 -5.30303030e-06 9.99994863e+07 -7.42200547e+02 -1.18773129e+03
-5.80808081e-06 -5.30303030e-06 9.99983434e+07 -1.66364005e+03 -1.20462548e+03
-5.30303030e-06 -5.30303030e-06 9.99970101e+07 -2.64164198e+03 -1.34125240e+03
-4.79797980e-06 -5.30303030e-06 9.99954975e+07 -3.56183269e+03 -1.62247981e+03
-4.29292929e-06 -5.30303030e-06 9.99939767e+07 -4.22092749e+03 -2.15391484e+03
-3.78787879e-06 -5.30303030e-06 9.99930416e+07 -3.99946101e+03 -3.20972112e+03
-3.28282828e-06 -5.30303030e-06 9.99934796e+07 -1.33465531e+03 -4.69095674e+03
-2.77777778e-06 -5.30303030e-06 9.99943865e+07 4.62254463e+03 -4.48282625e+03
-2.27272727e-06 -5.30303030e-06 9.99937532e+07 9.78092799e+03 -7.59471624e+02
-1.76767677e-06 -5.30303030e-06 9.99928502e+07 1.02385049e+04 3.36406512e+03
-1.26262626e-06 -5.30303030e-06 9.99932439e+07 7.86726394e+03 5.16058521e+03
-7.57575758e-07 -5.30303030e-06 9.99944922e+07 5.27505740e+03 5.10859505e+03
-2.52525253e-07 -5.30303030e-06 9.99958583e+07 3.33907951e+03 4.31651582e+03
2.52525253e-07 -5.30303030e-06 9.99970189e+07 2.05501876e+03 3.39657776e+03
7.57575758e-07 -5.30303030e-06 9.99979163e+07 1.23471348e+03 2.57362595e+03
1.26262626e-06 -5.30303030e-06 9.99985864e+07 7.14927398e+02 1.90064495e+03
1.76767677e-06 -5.30303030e-06 9.99990823e+07 3.85145427e+02 1.37020591e+03
2.27272727e-06 -5.30303030e-06 9.99994513e+07 1.75623865e+02 9.58740280e+02
2.77777778e-06 -5.30303030e-06 9.99997299e+07 4.31510805e+01 6.41905699e+02
3.28282828e-06 -5.30303030e-06 9.99999447e+07 -3.90405703e+01 3.99035244e+02
3.78787879e-06 -5.30303030e-06 1.00000115e+08 -8.76139247e+01 2.13785991e+02
4.29292929e-06 -5.30303030e-06 1.00000256e+08 -1.12972470e+02 7.36209990e+01
4.79797980e-06 -5.30303030e-06 1.00000376e+08 -1.21577965e+02 -3.09489554e+01
5.30303030e-06 -5.30303030e-06 1.00000483e+08 -1.17352748e+02 -1.07067434e+02
5.80808081e-06 -5.30303030e-06 1.00000584e+08 -1.02533704e+02 -1.60106970e+02
6.31313131e-06 -5.30303030e-06 1.00000681e+08 -7.81948655e+01 -1.94120602e+02
6.81818182e-06 -5.30303030e-06 1.00000779e+08 -4.45679344e+01 -2.12196067e+02
7.32323232e-06 -5.30303030e-06 1.00000879e+08 -1.23959324e+00 -2.16741339e+02
7.82828283e-06 -5.30303030e-06 1.00000982e+08 5.27237774e+01 -2.09727664e+02
8.33333333e-06 -5.30303030e-06 1.00001090e+08 1.18688354e+02 -1.92912824e+02
8.83838384e-06 -5.30303030e-06 1.00001202e+08 1.98372907e+02 -1.68064096e+02
9.34343434e-06 -5.30303030e-06 1.00001319e+08 2.93747967e+02 -1.37197016e+02
9.84848485e-06 -5.30303030e-06 1.00001436e+08 4.06881635e+02 -1.02841483e+02
1.03535354e-05 -5.30303030e-06 1.00001552e+08 5.39692662e+02 -6.83389989e+01
1.08585859e-05 -5.30303030e-06 1.00001662e+08 6.93563485e+02 -3.81614445e+01
1.13636364e-05 -5.30303030e-06 1.00001759e+08 8.68760641e+02 -1.82195350e+01
1.18686869e-05 -5.30303030e-06 1.00001835e+08 1.06361408e+03 -1.60952468e+01
1.23737374e-05 -5.30303030e-06 1.00001880e+08 1.27343098e+03 -4.10864765e+01
1.28787879e-05 -5.30303030e-06 1.00001885e+08 1.48917803e+03 -1.03899239e+02
1.33838384e-05 -5.30303030e-06 1.00001838e+08 1.69607362e+03 -2.15778813e+02
1.38888889e-05 -5.30303030e-06 1.00001731e+08 1.87239339e+03 -3.86867604e+02
1.43939394e-05 -5.30303030e-06 1.00001560e+08 1.98899257e+03 -6.23659808e+02
1.48989899e-05 -5.30303030e-06 1.00001328e+08 2.01022591e+03 -9.25639003e+02
1.54040404e-05 -5.30303030e-06 1.00001049e+08 1.89699275e+03 -1.28155446e+03
1.59090909e-05 -5.30303030e-06 1.00000748e+08 1.61240980e+03 -1.66626683e+03
1.64141414e-05 -5.30303030e-06 1.00000460e+08 1.13000371e+03 -2.03952531e+03
1.69191919e-05 -5.30303030e-06 1.00000226e+08 4.43317260e+02 -2.34818424e+03
1.74242424e-05 -5.30303030e-06 1.00000088e+08 -4.25370061e+02 -2.53295303e+03
1.79292929e-05 -5.30303030e-06 1.00000075e+08 -1.42045781e+03 -2.53960295e+03
1.84343434e-05 -5.30303030e-06 1.00000195e+08 -2.45587814e+03 -2.33268316e+03
1.89393939e-05 -5.30303030e-06 1.00000432e+08 -3.42715368e+03 -1.90777713e+03
1.94444444e-05 -5.30303030e-06 1.00000742e+08 -4.23114570e+03 -1.29732341e+03
1.99494949e-05 -5.30303030e-06 1.00001066e+08 -4.78804981e+03 -5.66349106e+02
2.04545455e-05 -5.30303030e-06 1.00001346e+08 -5.05799165e+03 2.01651678e+02
2.09595960e-05 -5.30303030e-06 1.00001535e+08 -5.04617981e+03 9.23867824e+02
2.14646465e-05 -5.30303030e-06 1.00001612e+08 -4.79559211e+03 1.53523103e+03
2.19696970e-05 -5.30303030e-06 1.00001577e+08 -4.37149854e+03 1.99787172e+03
2.24747475e-05 -5.30303030e-06 1.00001449e+08 -3.84450246e+03 2.30161210e+03
2.29797980e-05 -5.30303030e-06 1.00001254e+08 -3.27747608e+03 2.45792313e+03
2.34848485e-05 -5.30303030e-06 1.00001023e+08 -2.71857536e+03 2.49126784e+03
2.39898990e-05 -5.30303030e-06 1.00000779e+08 -2.19970785e+03 2.43107508e+03
2.44949495e-05 -5.30303030e-06 1.00000542e+08 -1.73849016e+03 2.30599073e+03
2.50000000e-05 -5.30303030e-06 1.00000325e+08 -1.34170452e+03 2.14065291e+03
-2.50000000e-05 -4.79797980e-06 1.00000192e+08 -2.52936690e+02 3.12886855e+02
-2.44949495e-05 -4.79797980e-06 1.00000246e+08 -2.12727735e+02 3.33668483e+02
-2.39898990e-05 -4.79797980e-06 1.00000304e+08 -1.67907150e+02 3.52755490e+02
-2.34848485e-05 -4.79797980e-06 1.00000368e+08 -1.18490436e+02 3.69606654e+02
-2.29797980e-05 -4.79797980e-06 1.00000438e+08 -6.45890881e+01 3.83628132e+02
-2.24747475e-05 -4.79797980e-06 1.00000514e+08 -6.43103867e+00 3.94172155e+02
-2.19696970e-05 -4.79797980e-06 1.00000596e+08 5.56146427e+01 4.00532112e+02
-2.14646465e-05 -4.79797980e-06 1.00000687e+08 1.21006485e+02 4.01929158e+02
-2.09595960e-05 -4.79797980e-06 1.00000787e+08 1.88988744e+02 3.97480460e+02
-2.04545455e-05 -4.79797980e-06 1.00000898e+08 2.58532185e+02 3.86128169e+02
-1.99494949e-05 -4.79797980e-06 1.00001024e+08 3.28246988e+02 3.66482669e+02
-1.94444444e-05 -4.79797980e-06 1.00001171e+08 3.96254716e+02 3.36470164e+02
-1.89393939e-05 -4.79797980e-06 1.00001348e+08 4.60019337e+02 2.92504510e+02
-1.84343434e-05 -4.79797980e-06 1.00001572e+08 5.16243965e+02 2.27404650e+02
-1.79292929e-05 -4.79797980e-06 1.00001874e+08 5.61568345e+02 1.24671361e+02
-1.74242424e-05 -4.79797980e-06 1.00002315e+08 5.98569761e+02 -5.89086535e+01
-1.69191919e-05 -4.79797980e-06 1.00002994e+08 6.76884869e+02 -4.49172198e+02
-1.64141414e-05 -4.79797980e-06 1.00003819e+08 1.17002221e+03 -1.35123705e+03
-1.59090909e-05 -4.79797980e-06 1.00002583e+08 2.59408428e+03 -1.44657251e+03
-1.54040404e-05 -4.79797980e-06 1.00001567e+08 1.42166494e+03 -2.62663999e+03
-1.48989899e-05 -4.79797980e-06 1.00000914e+08 2.09848531e+03 -3.51836018e+03
-1.43939394e-05 -4.79797980e-06 1.00001833e+08 2.39581039e+03 -4.91050916e+03
-1.38888889e-05 -4.79797980e-06 1.00003861e+08 1.55485310e+03 -6.13602352e+03
-1.33838384e-05 -4.79797980e-06 1.00003541e+08 1.65459721e+03 -3.00686622e+03
-1.28787879e-05 -4.79797980e-06 9.99976079e+07 7.41390623e+03 1.51168076e+04
-1.23737374e-05 -4.79797980e-06 1.00043576e+08 -9.82724980e+03 3.64459271e+04
-1.18686869e-05 -4.79797980e-06 1.00063005e+08 1.67244973e+03 -3.46601513e+04
-1.13636364e-05 -4.79797980e-06 1.00007284e+08 1.25498794e+02 -4.60246327e+02
-1.08585859e-05 -4.79797980e-06 1.00004032e+08 1.05996767e+03 -7.13823603e+02
-1.03535354e-05 -4.79797980e-06 1.00003075e+08 1.34214776e+03 -9.43458177e+02
-9.84848485e-06 -4.79797980e-06 1.00002582e+08 1.44890773e+03 -1.08271077e+03
-9.34343434e-06 -4.79797980e-06 1.00002211e+08 1.46049020e+03 -1.15386028e+03
-8.83838384e-06 -4.79797980e-06 1.00001843e+08 1.38787080e+03 -1.16614421e+03
-8.33333333e-06 -4.79797980e-06 1.00001417e+08 1.21941478e+03 -1.12509758e+03
-7.82828283e-06 -4.79797980e-06 1.00000895e+08 9.34133167e+02 -1.04020885e+03
-7.32323232e-06 -4.79797980e-06 1.00000257e+08 5.10651836e+02 -9.30346150e+02
-6.81818182e-06 -4.79797980e-06 9.99994964e+07 -6.23526410e+01 -8.26376759e+02
-6.31313131e-06 -4.79797980e-06 9.99986233e+07 -7.74505414e+02 -7.69614277e+02
-5.80808081e-06 -4.79797980e-06 9.99976640e+07 -1.58374341e+03 -8.07136483e+02
-5.30303030e-06 -4.79797980e-06 9.99966705e+07 -2.40762848e+03 -9.90566840e+02
-4.79797980e-06 -4.79797980e-06 9.99957518e+07 -3.10115697e+03 -1.38665011e+03
-4.29292929e-06 -4.79797980e-06 9.99951235e+07 -3.38660832e+03 -2.08374811e+03
-3.78787879e-06 -4.79797980e-06 9.99950769e+07 -2.74087652e+03 -3.09368636e+03
-3.28282828e-06 -4.79797980e-06 9.99956384e+07 -5.26103869e+02 -3.99901513e+03
-2.77777778e-06 -4.79797980e-06 9.99961322e+07 3.08033425e+03 -3.75882144e+03
-2.27272727e-06 -4.79797980e-06 9.99958486e+07 6.31578239e+03 -1.82610811e+03
-1.76767677e-06 -4.79797980e-06 9.99951898e+07 7.50604624e+03 7.32353769e+02
-1.26262626e-06 -4.79797980e-06 9.99949543e+07 6.82439910e+03 2.54851863e+03
-7.57575758e-07 -4.79797980e-06 9.99953137e+07 5.36654260e+03 3.27804154e+03
-2.52525253e-07 -4.79797980e-06 9.99960103e+07 3.90832887e+03 3.25354091e+03
2.52525253e-07 -4.79797980e-06 9.99967837e+07 2.73337355e+03 2.86745386e+03
7.57575758e-07 -4.79797980e-06 9.99974947e+07 1.86727763e+03 2.36796743e+03
1.26262626e-06 -4.79797980e-06 9.99980956e+07 1.25288894e+03 1.87634727e+03
1.76767677e-06 -4.79797980e-06 9.99985843e+07 8.23813471e+02 1.44064739e+03
2.27272727e-06 -4.79797980e-06 9.99989759e+07 5.25851842e+02 1.07348868e+03
2.77777778e-06 -4.79797980e-06 9.99992895e+07 3.19492330e+02 7.72378147e+02
3.28282828e-06 -4.79797980e-06 9.99995429e+07 1.77227558e+02 5.29439540e+02
3.78787879e-06 -4.79797980e-06 9.99997513e+07 8.02879590e+01 3.35721815e+02
4.29292929e-06 -4.79797980e-06 9.99999268e+07 1.59939306e+01 1.82933810e+02
4.79797980e-06 -4.79797980e-06 1.00000079e+08 -2.41448862e+01 6.40162148e+01
5.30303030e-06 -4.79797980e-06 1.00000215e+08 -4.57266782e+01 -2.67842426e+01
5.80808081e-06 -4.79797980e-06 1.00000342e+08 -5.23207682e+01 -9.40353452e+01
6.31313131e-06 -4.79797980e-06 1.00000463e+08 -4.60329518e+01 -1.41302347e+02
6.81818182e-06 -4.79797980e-06 1.00000583e+08 -2.78696983e+01 -1.71340409e+02
7.32323232e-06 -4.79797980e-06 1.00000705e+08 2.03219380e+00 -1.86280433e+02
7.82828283e-06 -4.79797980e-06 1.00000831e+08 4.42642064e+01 -1.87809466e+02
8.33333333e-06 -4.79797980e-06 1.00000962e+08 1.00058655e+02 -1.77355372e+02
8.83838384e-06 -4.79797980e-06 1.00001100e+08 1.71226041e+02 -1.56290010e+02
9.34343434e-06 -4.79797980e-06 1.00001245e+08 2.60087382e+02 -1.26167698e+02
9.84848485e-06 -4.79797980e-06 1.00001395e+08 3.69365489e+02 -8.90161785e+01
1.03535354e-05 -4.79797980e-06 1.00001548e+08 5.01987631e+02 -4.76942562e+01
1.08585859e-05 -4.79797980e-06 1.00001700e+08 6.60735921e+02 -6.32046489e+00
1.13636364e-05 -4.79797980e-06 1.00001843e+08 8.47663870e+02 2.92443127e+01
1.18686869e-05 -4.79797980e-06 1.00001970e+08 1.06318475e+03 5.09169050e+01
1.23737374e-05 -4.79797980e-06 1.00002069e+08 1.30474354e+03 4.80348991e+01
1.28787879e-05 -4.79797980e-06 1.00002126e+08 1.56503207e+03 7.33170690e+00
1.33838384e-05 -4.79797980e-06 1.00002125e+08 1.82982815e+03 -8.64465909e+01
1.38888889e-05 -4.79797980e-06 1.00002053e+08 2.07576301e+03 -2.48899068e+02
1.43939394e-05 -4.79797980e-06 1.00001899e+08 2.26865151e+03 -4.92945628e+02
1.48989899e-05 -4.79797980e-06 1.00001661e+08 2.36339547e+03 -8.24290667e+02
1.54040404e-05 -4.79797980e-06 1.00001349e+08 2.30673179e+03 -1.23575448e+03
1.59090909e-05 -4.79797980e-06 1.00000991e+08 2.04399003e+03 -1.70162995e+03
1.64141414e-05 -4.79797980e-06 1.00000629e+08 1.53028656e+03 -2.17407674e+03
1.69191919e-05 -4.79797980e-06 1.00000320e+08 7.45099823e+02 -2.58411611e+03
1.74242424e-05 -4.79797980e-06 1.00000122e+08 -2.92875241e+02 -2.84955056e+03
1.79292929e-05 -4.79797980e-06 1.00000081e+08 -1.51573342e+03 -2.89064839e+03
1.84343434e-05 -4.79797980e-06 1.00000217e+08 -2.80733471e+03 -2.65147456e+03
1.89393939e-05 -4.79797980e-06 1.00000508e+08 -4.01972301e+03 -2.12080533e+03
1.94444444e-05 -4.79797980e-06 1.00000895e+08 -5.00404050e+03 -1.34360680e+03
1.99494949e-05 -4.79797980e-06 1.00001293e+08 -5.64702432e+03 -4.15319565e+02
2.04545455e-05 -4.79797980e-06 1.00001618e+08 -5.89864633e+03 5.41647637e+02
2.09595960e-05 -4.79797980e-06 1.00001811e+08 -5.77899328e+03 1.41018855e+03
2.14646465e-05 -4.79797980e-06 1.00001847e+08 -5.36294395e+03 2.10567415e+03
2.19696970e-05 -4.79797980e-06 1.00001741e+08 -4.75213501e+03 2.58814243e+03
2.24747475e-05 -4.79797980e-06 1.00001526e+08 -4.04740145e+03 2.85870858e+03
2.29797980e-05 -4.79797980e-06 1.00001245e+08 -3.33060813e+03 2.94646425e+03
2.34848485e-05 -4.79797980e-06 1.00000937e+08 -2.65775528e+03 2.89356410e+03
2.39898990e-05 -4.79797980e-06 1.00000635e+08 -2.06041363e+03 2.74353450e+03
2.44949495e-05 -4.79797980e-06 1.00000357e+08 -1.55125052e+03 2.53437801e+03
2.50000000e-05 -4.79797980e-06 1.00000115e+08 -1.13036014e+03 2.29579747e+03
-2.50000000e-05 -4.29292929e-06 1.00000168e+08 -2.75077435e+02 3.10530792e+02
-2.44949495e-05 -4.29292929e-06 1.00000222e+08 -2.33374205e+02 3.32685917e+02
-2.39898990e-05 -4.29292929e-06 1.00000282e+08 -1.86490308e+02 3.53000309e+02
-2.34848485e-05 -4.29292929e-06 1.00000347e+08 -1.34370940e+02 3.70809401e+02
-2.29797980e-05 -4.29292929e-06 1.00000419e+08 -7.70506131e+01 3.85355571e+02
-2.24747475e-05 -4.29292929e-06 1.00000497e+08 -1.46682053e+01 3.95772301e+02
-2.19696970e-05 -4.29292929e-06 1.00000582e+08 5.25192923e+01 4.01057057e+02
-2.14646465e-05 -4.29292929e-06 1.00000674e+08 1.24127030e+02 4.00023100e+02
-2.09595960e-05 -4.29292929e-06 1.00000776e+08 1.99642640e+02 3.91212054e+02
-2.04545455e-05 -4.29292929e-06 1.00000889e+08 2.78451164e+02 3.72732821e+02
-1.99494949e-05 -4.29292929e-06 1.00001016e+08 3.59920846e+02 3.41960193e+02
-1.94444444e-05 -4.29292929e-06 1.00001160e+08 4.43644558e+02 2.94962266e+02
-1.89393939e-05 -4.29292929e-06 1.00001327e+08 5.30095360e+02 2.25402717e+02
-1.84343434e-05 -4.29292929e-06 1.00001525e+08 6.22429014e+02 1.22476071e+02
-1.79292929e-05 -4.29292929e-06 1.00001761e+08 7.31536006e+02 -3.25092678e+01
-1.74242424e-05 -4.29292929e-06 1.00002025e+08 8.89779067e+02 -2.68326644e+02
-1.69191919e-05 -4.29292929e-06 1.00002241e+08 1.17820243e+03 -6.00393890e+02
-1.64141414e-05 -4.29292929e-06 1.00002149e+08 1.67115019e+03 -8.77728006e+02
-1.59090909e-05 -4.29292929e-06 1.00001689e+08 1.82124916e+03 -7.48699202e+02
-1.54040404e-05 -4.29292929e-06 1.00001372e+08 1.33773910e+03 -9.00304829e+02
-1.48989899e-05 -4.29292929e-06 1.00000909e+08 1.33412342e+03 -1.19952550e+03
-1.43939394e-05 -4.29292929e-06 1.00000452e+08 1.62131387e+03 -1.29444826e+03
-1.38888889e-05 -4.29292929e-06 1.00000079e+08 1.92174650e+03 -1.30721362e+03
-1.33838384e-05 -4.29292929e-06 9.99996601e+07 2.24952752e+03 -1.35231303e+03
-1.28787879e-05 -4.29292929e-06 9.99990475e+07 2.47450567e+03 -1.42250613e+03
-1.23737374e-05 -4.29292929e-06 9.99979040e+07 2.50792447e+03 -1.28699501e+03
-1.18686869e-05 -4.29292929e-06 9.99982657e+07 -4.63786972e+02 -4.85965086e+01
-1.13636364e-05 -4.29292929e-06 1.00000613e+08 2.50934242e+03 1.07375563e+03
-1.08585859e-05 -4.29292929e-06 1.00001845e+08 1.82886508e+03 2.27019588e+02
-1.03535354e-05 -4.29292929e-06 1.00001884e+08 1.67389571e+03 -3.37004842e+02
-9.84848485e-06 -4.29292929e-06 1.00001691e+08 1.61012102e+03 -6.19100060e+02
-9.34343434e-06 -4.29292929e-06 1.00001416e+08 1.52595594e+03 -7.53237820e+02
-8.83838384e-06 -4.29292929e-06 1.00001074e+08 1.38505642e+03 -7.96732142e+02
-8.33333333e-06 -4.29292929e-06 1.00000655e+08 1.16478270e+03 -7.77961233e+02
-7.82828283e-06 -4.29292929e-06 1.00000151e+08 8.46320178e+02 -7.18715619e+02
-7.32323232e-06 -4.29292929e-06 9.99995592e+07 4.16468209e+02 -6.43981188e+02
-6.81818182e-06 -4.29292929e-06 9.99988909e+07 -1.26259976e+02 -5.86075610e+02
-6.31313131e-06 -4.29292929e-06 9.99981722e+07 -7.63475161e+02 -5.85254339e+02
-5.80808081e-06 -4.29292929e-06 9.99974487e+07 -1.44759933e+03 -6.88271238e+02
-5.30303030e-06 -4.29292929e-06 9.99967929e+07 -2.08960253e+03 -9.46263558e+02
-4.79797980e-06 -4.29292929e-06 9.99963123e+07 -2.53849932e+03 -1.40822789e+03
-4.29292929e-06 -4.29292929e-06 9.99961376e+07 -2.55467005e+03 -2.09019727e+03
-3.78787879e-06 -4.29292929e-06 9.99963435e+07 -1.82508509e+03 -2.88573424e+03
-3.28282828e-06 -4.29292929e-06 9.99967923e+07 -1.45879071e+02 -3.44697575e+03
-2.77777778e-06 -4.29292929e-06 9.99970977e+07 2.20544461e+03 -3.26799049e+03
-2.27272727e-06 -4.29292929e-06 9.99969637e+07 4.37229975e+03 -2.15297252e+03
-1.76767677e-06 -4.29292929e-06 9.99965398e+07 5.54142097e+03 -5.39280171e+02
-1.26262626e-06 -4.29292929e-06 9.99962134e+07 5.57939269e+03 8.98608829e+02
-7.57575758e-07 -4.29292929e-06 9.99962013e+07 4.89238281e+03 1.79380796e+03
-2.52525253e-07 -4.29292929e-06 9.99964763e+07 3.94560065e+03 2.15258869e+03
2.52525253e-07 -4.29292929e-06 9.99969132e+07 3.02614645e+03 2.14324292e+03
7.57575758e-07 -4.29292929e-06 9.99974001e+07 2.25082629e+03 1.93462064e+03
1.26262626e-06 -4.29292929e-06 9.99978690e+07 1.64054918e+03 1.64345932e+03
1.76767677e-06 -4.29292929e-06 9.99982893e+07 1.17683777e+03 1.33694707e+03
2.27272727e-06 -4.29292929e-06 9.99986523e+07 8.30864941e+02 1.04878343e+03
2.77777778e-06 -4.29292929e-06 9.99989608e+07 5.75250488e+02 7.93187311e+02
3.28282828e-06 -4.29292929e-06 9.99992222e+07 3.87629855e+02 5.74075966e+02
3.78787879e-06 -4.29292929e-06 9.99994451e+07 2.50925355e+02 3.90395504e+02
4.29292929e-06 -4.29292929e-06 9.99996379e+07 1.52551579e+02 2.39011390e+02
4.79797980e-06 -4.29292929e-06 9.99998082e+07 8.34427344e+01 1.16194681e+02
5.30303030e-06 -4.29292929e-06 9.99999625e+07 3.72033647e+01 1.83408855e+01
5.80808081e-06 -4.29292929e-06 1.00000106e+08 9.45195371e+00 -5.77165149e+01
6.31313131e-06 -4.29292929e-06 1.00000245e+08 -2.65418945e+00 -1.14601051e+02
6.81818182e-06 -4.29292929e-06 1.00000381e+08 -7.45989039e-01 -1.54393726e+02
7.32323232e-06 -4.29292929e-06 1.00000520e+08 1.45446022e+01 -1.78688180e+02
7.82828283e-06 -4.29292929e-06 1.00000663e+08 4.34573188e+01 -1.88679208e+02
8.33333333e-06 -4.29292929e-06 1.00000814e+08 8.70376686e+01 -1.85280791e+02
8.83838384e-06 -4.29292929e-06 1.00000973e+08 1.47109924e+02 -1.69281266e+02
9.34343434e-06 -4.29292929e-06 1.00001144e+08 2.26263840e+02 -1.41551880e+02
9.84848485e-06 -4.29292929e-06 1.00001325e+08 3.27821366e+02 -1.03331768e+02
1.03535354e-05 -4.29292929e-06 1.00001514e+08 4.55733609e+02 -5.66164548e+01
1.08585859e-05 -4.29292929e-06 1.00001710e+08 6.14333243e+02 -4.67522800e+00
1.13636364e-05 -4.29292929e-06 1.00001906e+08 8.07833549e+02 4.72915268e+01
1.18686869e-05 -4.29292929e-06 1.00002093e+08 1.03942655e+03 9.13812690e+01
1.23737374e-05 -4.29292929e-06 1.00002258e+08 1.30980327e+03 1.16205816e+02
1.28787879e-05 -4.29292929e-06 1.00002384e+08 1.61492948e+03 1.06323335e+02
1.33838384e-05 -4.29292929e-06 1.00002450e+08 1.94301314e+03 4.22930058e+01
1.38888889e-05 -4.29292929e-06 1.00002436e+08 2.27086633e+03 -9.80436245e+01
1.43939394e-05 -4.29292929e-06 1.00002322e+08 2.56035310e+03 -3.36337547e+02
1.48989899e-05 -4.29292929e-06 1.00002095e+08 2.75630108e+03 -6.87997478e+02
1.54040404e-05 -4.29292929e-06 1.00001760e+08 2.78793408e+03 -1.15400522e+03
1.59090909e-05 -4.29292929e-06 1.00001342e+08 2.57612453e+03 -1.71153605e+03
1.64141414e-05 -4.29292929e-06 1.00000892e+08 2.04802553e+03 -2.30618803e+03
1.69191919e-05 -4.29292929e-06 1.00000482e+08 1.15857595e+03 -2.84993579e+03
1.74242424e-05 -4.29292929e-06 1.00000197e+08 -8.49013709e+01 -3.22920996e+03
1.79292929e-05 -4.29292929e-06 1.00000110e+08 -1.60264093e+03 -3.32598213e+03
1.84343434e-05 -4.29292929e-06 1.00000258e+08 -3.23767255e+03 -3.05058583e+03
1.89393939e-05 -4.29292929e-06 1.00000618e+08 -4.77670072e+03 -2.37783402e+03
1.94444444e-05 -4.29292929e-06 1.00001107e+08 -5.99889910e+03 -1.37026463e+03
1.99494949e-05 -4.29292929e-06 1.00001598e+08 -6.73865400e+03 -1.71517049e+02
2.04545455e-05 -4.29292929e-06 1.00001971e+08 -6.93391167e+03 1.03405187e+03
2.09595960e-05 -4.29292929e-06 1.00002147e+08 -6.63507973e+03 2.07801134e+03
2.14646465e-05 -4.29292929e-06 1.00002107e+08 -5.97258223e+03 2.85220068e+03
2.19696970e-05 -4.29292929e-06 1.00001887e+08 -5.10496067e+03 3.32251338e+03
2.24747475e-05 -4.29292929e-06 1.00001549e+08 -4.17429380e+03 3.51471152e+03
2.29797980e-05 -4.29292929e-06 1.00001157e+08 -3.28293339e+03 3.48778792e+03
2.34848485e-05 -4.29292929e-06 1.00000763e+08 -2.49031174e+03 3.30947664e+03
2.39898990e-05 -4.29292929e-06 1.00000400e+08 -1.82124630e+03 3.04066824e+03
2.44949495e-05 -4.29292929e-06 1.00000086e+08 -1.27756643e+03 2.72871418e+03
2.50000000e-05 -4.29292929e-06 9.99998290e+07 -8.48355469e+02 2.40668081e+03
-2.50000000e-05 -3.78787879e-06 1.00000138e+08 -2.98813151e+02 3.09215445e+02
-2.44949495e-05 -3.78787879e-06 1.00000192e+08 -2.55557199e+02 3.33160884e+02
-2.39898990e-05 -3.78787879e-06 1.00000252e+08 -2.06451395e+02 3.55206238e+02
-2.34848485e-05 -3.78787879e-06 1.00000318e+08 -1.51338912e+02 3.74582120e+02
-2.29797980e-05 -3.78787879e-06 1.00000389e+08 -9.01363590e+01 3.90395550e+02
-2.24747475e-05 -3.78787879e-06 1.00000468e+08 -2.28397243e+01 4.01607410e+02
-2.19696970e-05 -3.78787879e-06 1.00000553e+08 5.04782597e+01 4.06997582e+02
-2.14646465e-05 -3.78787879e-06 1.00000645e+08 1.29687412e+02 4.05109155e+02
-2.09595960e-05 -3.78787879e-06 1.00000745e+08 2.14651566e+02 3.94157988e+02
-2.04545455e-05 -3.78787879e-06 1.00000854e+08 3.05342876e+02 3.71886904e+02
-1.99494949e-05 -3.78787879e-06 1.00000972e+08 4.02081236e+02 3.35337471e+02
-1.94444444e-05 -3.78787879e-06 1.00001101e+08 5.06026002e+02 2.80520429e+02
-1.89393939e-05 -3.78787879e-06 1.00001241e+08 6.20171497e+02 2.02044412e+02
-1.84343434e-05 -3.78787879e-06 1.00001388e+08 7.51274544e+02 9.31153094e+01
-1.79292929e-05 -3.78787879e-06 1.00001531e+08 9.13020015e+02 -5.24055512e+01
-1.74242424e-05 -3.78787879e-06 1.00001636e+08 1.12800583e+03 -2.30569323e+02
-1.69191919e-05 -3.78787879e-06 1.00001639e+08 1.41165777e+03 -4.01166735e+02
-1.64141414e-05 -3.78787879e-06 1.00001482e+08 1.69169932e+03 -4.68573921e+02
-1.59090909e-05 -3.78787879e-06 1.00001258e+08 1.74441928e+03 -4.25193938e+02
-1.54040404e-05 -3.78787879e-06 1.00001081e+08 1.57594114e+03 -4.93325348e+02
-1.48989899e-05 -3.78787879e-06 1.00000849e+08 1.51884859e+03 -6.78727608e+02
-1.43939394e-05 -3.78787879e-06 1.00000533e+08 1.63939666e+03 -8.04083553e+02
-1.38888889e-05 -3.78787879e-06 1.00000178e+08 1.81962531e+03 -8.13714507e+02
-1.33838384e-05 -3.78787879e-06 9.99997858e+07 1.96214543e+03 -6.99559179e+02
-1.28787879e-05 -3.78787879e-06 9.99993805e+07 1.94204910e+03 -4.35962641e+02
-1.23737374e-05 -3.78787879e-06 9.99992105e+07 1.57532833e+03 -9.03250926e+01
-1.18686869e-05 -3.78787879e-06 9.99997662e+07 1.26195837e+03 -3.21238627e+02
-1.13636364e-05 -3.78787879e-06 1.00000104e+08 2.13496529e+03 -3.15004751e+02
-1.08585859e-05 -3.78787879e-06 1.00000601e+08 2.18491752e+03 -1.31937723e+02
-1.03535354e-05 -3.78787879e-06 1.00000870e+08 1.96869619e+03 -2.58980613e+02
-9.84848485e-06 -3.78787879e-06 1.00000867e+08 1.78354715e+03 -4.17140260e+02
-9.34343434e-06 -3.78787879e-06 1.00000697e+08 1.60712906e+03 -5.19649471e+02
-8.83838384e-06 -3.78787879e-06 1.00000414e+08 1.39972400e+03 -5.62798463e+02
-8.33333333e-06 -3.78787879e-06 1.00000043e+08 1.13413530e+03 -5.60267391e+02
-7.82828283e-06 -3.78787879e-06 9.99995953e+07 7.93002438e+02 -5.31114758e+02
-7.32323232e-06 -3.78787879e-06 9.99990864e+07 3.68665411e+02 -4.99591975e+02
-6.81818182e-06 -3.78787879e-06 9.99985384e+07 -1.33330653e+02 -4.96042264e+02
-6.31313131e-06 -3.78787879e-06 9.99979860e+07 -6.88406693e+02 -5.56453871e+02
-5.80808081e-06 -3.78787879e-06 9.99974784e+07 -1.24555958e+03 -7.19913680e+02
-5.30303030e-06 -3.78787879e-06 9.99970803e+07 -1.71863657e+03 -1.02251056e+03
-4.79797980e-06 -3.78787879e-06 9.99968645e+07 -1.97828677e+03 -1.48306203e+03
-4.29292929e-06 -3.78787879e-06 9.99968866e+07 -1.85591134e+03 -2.07261789e+03
-3.78787879e-06 -3.78787879e-06 9.99971323e+07 -1.18921182e+03 -2.66867952e+03
-3.28282828e-06 -3.78787879e-06 9.99974674e+07 6.11620569e+01 -3.03569994e+03
-2.77777778e-06 -3.78787879e-06 9.99976748e+07 1.67559467e+03 -2.91539838e+03
-2.27272727e-06 -3.78787879e-06 9.99976131e+07 3.19612872e+03 -2.22625262e+03
-1.76767677e-06 -3.78787879e-06 9.99973439e+07 4.18627718e+03 -1.17199206e+03
-1.26262626e-06 -3.78787879e-06 9.99970621e+07 4.49194948e+03 -1.01084622e+02
-7.57575758e-07 -3.78787879e-06 9.99969268e+07 4.24603506e+03 7.23333959e+02
-2.52525253e-07 -3.78787879e-06 9.99969826e+07 3.69271810e+03 1.21571282e+03
2.52525253e-07 -3.78787879e-06 9.99971912e+07 3.04030335e+03 1.41785788e+03
7.57575758e-07 -3.78787879e-06 9.99974886e+07 2.41422103e+03 1.41739198e+03
1.26262626e-06 -3.78787879e-06 9.99978197e+07 1.87054780e+03 1.29730168e+03
1.76767677e-06 -3.78787879e-06 9.99981484e+07 1.42361137e+03 1.11860795e+03
2.27272727e-06 -3.78787879e-06 9.99984552e+07 1.06761948e+03 9.20355883e+02
2.77777778e-06 -3.78787879e-06 9.99987322e+07 7.89364975e+02 7.25102941e+02
3.28282828e-06 -3.78787879e-06 9.99989786e+07 5.74497873e+02 5.44585025e+02
3.78787879e-06 -3.78787879e-06 9.99991970e+07 4.10140325e+02 3.84003068e+02
4.29292929e-06 -3.78787879e-06 9.99993915e+07 2.85691767e+02 2.44875253e+02
4.79797980e-06 -3.78787879e-06 9.99995671e+07 1.92843059e+02 1.26807200e+02
5.30303030e-06 -3.78787879e-06 9.99997287e+07 1.25304172e+02 2.85419922e+01
5.80808081e-06 -3.78787879e-06 9.99998808e+07 7.84743881e+01 -5.14394387e+01
6.31313131e-06 -3.78787879e-06 1.00000028e+08 4.91485213e+01 -1.14588635e+02
6.81818182e-06 -3.78787879e-06 1.00000174e+08 3.52905894e+01 -1.62120086e+02
7.32323232e-06 -3.78787879e-06 1.00000322e+08 3.58800947e+01 -1.94937365e+02
7.82828283e-06 -3.78787879e-06 1.00000477e+08 5.08261630e+01 -2.13620666e+02
8.33333333e-06 -3.78787879e-06 1.00000641e+08 8.09413214e+01 -2.18461964e+02
8.83838384e-06 -3.78787879e-06 1.00000818e+08 1.27964492e+02 -2.09549329e+02
9.34343434e-06 -3.78787879e-06 1.00001009e+08 1.94618440e+02 -1.86915162e+02
9.84848485e-06 -3.78787879e-06 1.00001216e+08 2.84677368e+02 -1.50776073e+02
1.03535354e-05 -3.78787879e-06 1.00001440e+08 4.03001904e+02 -1.01905057e+02
1.08585859e-05 -3.78787879e-06 1.00001680e+08 5.55466761e+02 -4.21872237e+01
1.13636364e-05 -3.78787879e-06 1.00001930e+08 7.48656004e+02 2.45879840e+01
1.18686869e-05 -3.78787879e-06 1.00002184e+08 9.89129854e+02 9.16664983e+01
1.23737374e-05 -3.78787879e-06 1.00002428e+08 1.28198263e+03 1.48038360e+02
1.28787879e-05 -3.78787879e-06 1.00002642e+08 1.62834388e+03 1.77103347e+02
1.33838384e-05 -3.78787879e-06 1.00002803e+08 2.02149643e+03 1.55747845e+02
1.38888889e-05 -3.78787879e-06 1.00002878e+08 2.44152626e+03 5.46673945e+01
1.43939394e-05 -3.78787879e-06 1.00002837e+08 2.84904764e+03 -1.58841656e+02
1.48989899e-05 -3.78787879e-06 1.00002653e+08 3.17966547e+03 -5.14282835e+02
1.54040404e-05 -3.78787879e-06 1.00002316e+08 3.34226338e+03 -1.02682440e+03
1.59090909e-05 -3.78787879e-06 1.00001844e+08 3.22525406e+03 -1.68261797e+03
1.64141414e-05 -3.78787879e-06 1.00001293e+08 2.71450629e+03 -2.42422699e+03
1.69191919e-05 -3.78787879e-06 1.00000754e+08 1.72393096e+03 -3.14244918e+03
1.74242424e-05 -3.78787879e-06 1.00000345e+08 2.34800181e+02 -3.68208602e+03
1.79292929e-05 -3.78787879e-06 1.00000181e+08 -1.66645564e+03 -3.86824292e+03
1.84343434e-05 -3.78787879e-06 1.00000331e+08 -3.76934098e+03 -3.55527908e+03
1.89393939e-05 -3.78787879e-06 1.00000778e+08 -5.76134726e+03 -2.68927664e+03
1.94444444e-05 -3.78787879e-06 1.00001402e+08 -7.30447223e+03 -1.35642555e+03
1.99494949e-05 -3.78787879e-06 1.00002013e+08 -8.14734835e+03 2.20905527e+02
2.04545455e-05 -3.78787879e-06 1.00002429e+08 -8.21513651e+03 1.75602076e+03
2.09595960e-05 -3.78787879e-06 1.00002548e+08 -7.62013724e+03 3.00242000e+03
2.14646465e-05 -3.78787879e-06 1.00002371e+08 -6.59116468e+03 3.82792996e+03
2.19696970e-05 -3.78787879e-06 1.00001978e+08 -5.37514753e+03 4.22391846e+03
2.24747475e-05 -3.78787879e-06 1.00001472e+08 -4.16670764e+03 4.26536163e+03
2.29797980e-05 -3.78787879e-06 1.00000945e+08 -3.08425039e+03 4.05932765e+03
2.34848485e-05 -3.78787879e-06 1.00000458e+08 -2.17937211e+03 3.70767924e+03
2.39898990e-05 -3.78787879e-06 1.00000042e+08 -1.45879894e+03 3.28972180e+03
2.44949495e-05 -3.78787879e-06 9.99997093e+07 -9.05139045e+02 2.85924225e+03
2.50000000e-05 -3.78787879e-06 9.99994555e+07 -4.91432146e+02 2.44855239e+03
-2.50000000e-05 -3.28282828e-06 1.00000101e+08 -3.24563832e+02 3.09097674e+02
-2.44949495e-05 -3.28282828e-06 1.00000155e+08 -2.79792741e+02 3.35345375e+02
-2.39898990e-05 -3.28282828e-06 1.00000214e+08 -2.28423217e+02 3.59756642e+02
-2.34848485e-05 -3.28282828e-06 1.00000279e+08 -1.70174149e+02 3.81487669e+02
-2.29797980e-05 -3.28282828e-06 1.00000350e+08 -1.04819504e+02 3.99554744e+02
-2.24747475e-05 -3.28282828e-06 1.00000427e+08 -3.21865300e+01 4.12814459e+02
-2.19696970e-05 -3.28282828e-06 1.00000511e+08 4.78594774e+01 4.19937134e+02
-2.14646465e-05 -3.28282828e-06 1.00000600e+08 1.35454010e+02 4.19370740e+02
-2.09595960e-05 -3.28282828e-06 1.00000696e+08 2.30812849e+02 4.09293917e+02
-2.04545455e-05 -3.28282828e-06 1.00000797e+08 3.34380467e+02 3.87563143e+02
-1.99494949e-05 -3.28282828e-06 1.00000903e+08 4.47091625e+02 3.51680296e+02
-1.94444444e-05 -3.28282828e-06 1.00001012e+08 5.70804350e+02 2.98866831e+02
-1.89393939e-05 -3.28282828e-06 1.00001120e+08 7.08934635e+02 2.26484942e+02
-1.84343434e-05 -3.28282828e-06 1.00001218e+08 8.67095779e+02 1.33392285e+02
-1.79292929e-05 -3.28282828e-06 1.00001292e+08 1.05262441e+03 2.33739519e+01
-1.74242424e-05 -3.28282828e-06 1.00001318e+08 1.26926745e+03 -8.83624117e+01
-1.69191919e-05 -3.28282828e-06 1.00001269e+08 1.49994591e+03 -1.70187827e+02
-1.64141414e-05 -3.28282828e-06 1.00001151e+08 1.68244361e+03 -1.92623981e+02
-1.59090909e-05 -3.28282828e-06 1.00001014e+08 1.73838959e+03 -1.85087376e+02
-1.54040404e-05 -3.28282828e-06 1.00000891e+08 1.69121149e+03 -2.29671551e+02
-1.48989899e-05 -3.28282828e-06 1.00000739e+08 1.66189250e+03 -3.35210780e+02
-1.43939394e-05 -3.28282828e-06 1.00000530e+08 1.70634493e+03 -4.28378139e+02
-1.38888889e-05 -3.28282828e-06 1.00000284e+08 1.78314125e+03 -4.52343767e+02
-1.33838384e-05 -3.28282828e-06 1.00000044e+08 1.81624612e+03 -3.95054944e+02
-1.28787879e-05 -3.28282828e-06 9.99998923e+07 1.73347709e+03 -2.96159680e+02
-1.23737374e-05 -3.28282828e-06 9.99999354e+07 1.55668467e+03 -2.87625393e+02
-1.18686869e-05 -3.28282828e-06 1.00000104e+08 1.58678260e+03 -4.71269482e+02
-1.13636364e-05 -3.28282828e-06 1.00000163e+08 1.94243664e+03 -5.34923657e+02
-1.08585859e-05 -3.28282828e-06 1.00000232e+08 2.11735145e+03 -4.21977163e+02
-1.03535354e-05 -3.28282828e-06 1.00000303e+08 2.03967627e+03 -3.73492487e+02
-9.84848485e-06 -3.28282828e-06 1.00000278e+08 1.86719606e+03 -3.97007305e+02
-9.34343434e-06 -3.28282828e-06 1.00000137e+08 1.65897361e+03 -4.34059978e+02
-8.83838384e-06 -3.28282828e-06 9.99998972e+07 1.41526175e+03 -4.56291525e+02
-8.33333333e-06 -3.28282828e-06 9.99995788e+07 1.12386593e+03 -4.60508006e+02
-7.82828283e-06 -3.28282828e-06 9.99992007e+07 7.75386583e+02 -4.57181106e+02
-7.32323232e-06 -3.28282828e-06 9.99987840e+07 3.68631821e+02 -4.65199223e+02
-6.81818182e-06 -3.28282828e-06 9.99983558e+07 -8.53240558e+01 -5.09423636e+02
-6.31313131e-06 -3.28282828e-06 9.99979510e+07 -5.58638365e+02 -6.18214028e+02
-5.80808081e-06 -3.28282828e-06 9.99976128e+07 -1.00196041e+03 -8.19171822e+02
-5.30303030e-06 -3.28282828e-06 9.99973879e+07 -1.34082676e+03 -1.13133345e+03
-4.79797980e-06 -3.28282828e-06 9.99973168e+07 -1.47700938e+03 -1.55165507e+03
-4.29292929e-06 -3.28282828e-06 9.99974125e+07 -1.30322964e+03 -2.03552308e+03
-3.78787879e-06 -3.28282828e-06 9.99976357e+07 -7.42340012e+02 -2.47993801e+03
-3.28282828e-06 -3.28282828e-06 9.99978855e+07 1.90411290e+02 -2.73327505e+03
-2.77777778e-06 -3.28282828e-06 9.99980359e+07 1.34004511e+03 -2.65554247e+03
-2.27272727e-06 -3.28282828e-06 9.99980116e+07 2.44279841e+03 -2.20806992e+03
-1.76767677e-06 -3.28282828e-06 9.99978396e+07 3.24560283e+03 -1.49490590e+03
-1.26262626e-06 -3.28282828e-06 9.99976227e+07 3.62477538e+03 -7.06260035e+02
-7.57575758e-07 -3.28282828e-06 9.99974651e+07 3.60980425e+03 -1.53983169e+01
-2.52525253e-07 -3.28282828e-06 9.99974218e+07 3.32023874e+03 4.84824588e+02
2.52525253e-07 -3.28282828e-06 9.99974948e+07 2.88860876e+03 7.81326797e+02
7.57575758e-07 -3.28282828e-06 9.99976562e+07 2.41673815e+03 9.07756150e+02
1.26262626e-06 -3.28282828e-06 9.99978712e+07 1.96648766e+03 9.12583343e+02
1.76767677e-06 -3.28282828e-06 9.99981100e+07 1.56775185e+03 8.40676686e+02
2.27272727e-06 -3.28282828e-06 9.99983517e+07 1.23008321e+03 7.26540088e+02
2.77777778e-06 -3.28282828e-06 9.99985842e+07 9.52077158e+02 5.93946958e+02
3.28282828e-06 -3.28282828e-06 9.99988014e+07 7.27428445e+02 4.58013364e+02
3.78787879e-06 -3.28282828e-06 9.99990015e+07 5.48337351e+02 3.27671803e+02
4.29292929e-06 -3.28282828e-06 9.99991855e+07 4.07212493e+02 2.07765856e+02
4.79797980e-06 -3.28282828e-06 9.99993555e+07 2.97404634e+02 1.00597496e+02
5.30303030e-06 -3.28282828e-06 9.99995146e+07 2.13439792e+02 6.99090457e+00
5.80808081e-06 -3.28282828e-06 9.99996663e+07 1.51021207e+02 -7.30064519e+01
6.31313131e-06 -3.28282828e-06 9.99998142e+07 1.06945243e+02 -1.39673817e+02
6.81818182e-06 -3.28282828e-06 9.99999620e+07 7.90054634e+01 -1.93333377e+02
7.32323232e-06 -3.28282828e-06 1.00000113e+08 6.59214425e+01 -2.34174600e+02
7.82828283e-06 -3.28282828e-06 1.00000272e+08 6.73100105e+01 -2.62150516e+02
8.33333333e-06 -3.28282828e-06 1.00000443e+08 8.37077315e+01 -2.76927378e+02
8.83838384e-06 -3.28282828e-06 1.00000628e+08 1.16648769e+02 -2.77884292e+02
9.34343434e-06 -3.28282828e-06 1.00000833e+08 1.68798027e+02 -2.64174512e+02
9.84848485e-06 -3.28282828e-06 1.00001060e+08 2.44131564e+02 -2.34877492e+02
1.03535354e-05 -3.28282828e-06 1.00001312e+08 3.48139707e+02 -1.89292219e+02
1.08585859e-05 -3.28282828e-06 1.00001591e+08 4.87995265e+02 -1.27448058e+02
1.13636364e-05 -3.28282828e-06 1.00001894e+08 6.72568918e+02 -5.09354315e+01
1.18686869e-05 -3.28282828e-06 1.00002218e+08 9.12072659e+02 3.58281196e+01
1.23737374e-05 -3.28282828e-06 1.00002551e+08 1.21696047e+03 1.23811374e+02
1.28787879e-05 -3.28282828e-06 1.00002874e+08 1.59552488e+03 1.97109894e+02
1.33838384e-05 -3.28282828e-06 1.00003158e+08 2.04946933e+03 2.30583989e+02
1.38888889e-05 -3.28282828e-06 1.00003363e+08 2.56679709e+03 1.88363249e+02
1.43939394e-05 -3.28282828e-06 1.00003443e+08 3.11198248e+03 2.50337317e+01
1.48989899e-05 -3.28282828e-06 1.00003351e+08 3.61499132e+03 -3.07928716e+02
1.54040404e-05 -3.28282828e-06 1.00003055e+08 3.96337454e+03 -8.48115755e+02
1.59090909e-05 -3.28282828e-06 1.00002554e+08 4.00443078e+03 -1.60041407e+03
1.64141414e-05 -3.28282828e-06 1.00001901e+08 3.56508556e+03 -2.51191545e+03
1.69191919e-05 -3.28282828e-06 1.00001204e+08 2.49352653e+03 -3.45290747e+03
1.74242424e-05 -3.28282828e-06 1.00000623e+08 7.19283262e+02 -4.21585335e+03
1.79292929e-05 -3.28282828e-06 1.00000332e+08 -1.68019645e+03 -4.54395031e+03
1.84343434e-05 -3.28282828e-06 1.00000461e+08 -4.43003652e+03 -4.19911411e+03
1.89393939e-05 -3.28282828e-06 1.00001014e+08 -7.06732556e+03 -3.06780157e+03
1.94444444e-05 -3.28282828e-06 1.00001821e+08 -9.05607042e+03 -1.26420597e+03
1.99494949e-05 -3.28282828e-06 1.00002585e+08 -9.99586795e+03 8.56282788e+02
2.04545455e-05 -3.28282828e-06 1.00003022e+08 -9.80238550e+03 2.82991123e+03
2.09595960e-05 -3.28282828e-06 1.00003006e+08 -8.71697034e+03 4.28996896e+03
2.14646465e-05 -3.28282828e-06 1.00002592e+08 -7.14596794e+03 5.09313668e+03
2.19696970e-05 -3.28282828e-06 1.00001940e+08 -5.46991522e+03 5.30138847e+03
2.24747475e-05 -3.28282828e-06 1.00001217e+08 -3.94005214e+03 5.08180893e+03
2.29797980e-05 -3.28282828e-06 1.00000541e+08 -2.67185020e+03 4.61296736e+03
2.34848485e-05 -3.28282828e-06 9.99999725e+07 -1.68604175e+03 4.03596558e+03
2.39898990e-05 -3.28282828e-06 9.99995304e+07 -9.53815764e+02 3.44348565e+03
2.44949495e-05 -3.28282828e-06 9.99992076e+07 -4.28461390e+02 2.88762795e+03
2.50000000e-05 -3.28282828e-06 9.99989861e+07 -6.25210418e+01 2.39252644e+03
-2.50000000e-05 -2.77777778e-06 1.00000058e+08 -3.52816957e+02 3.10229539e+02
-2.44949495e-05 -2.77777778e-06 1.00000110e+08 -3.06690861e+02 3.39355058e+02
-2.39898990e-05 -2.77777778e-06 1.00000168e+08 -2.53166331e+02 3.66854030e+02
-2.34848485e-05 -2.77777778e-06 1.00000232e+08 -1.91826801e+02 3.91842684e+02
-2.29797980e-05 -2.77777778e-06 1.00000301e+08 -1.22296575e+02 4.13294231e+02
-2.24747475e-05 -2.77777778e-06 1.00000376e+08 -4.42367504e+01 4.30028869e+02
-2.19696970e-05 -2.77777778e-06 1.00000457e+08 4.26724427e+01 4.40705939e+02
-2.14646465e-05 -2.77777778e-06 1.00000542e+08 1.38770918e+02 4.43822116e+02
-2.09595960e-05 -2.77777778e-06 1.00000632e+08 2.44490380e+02 4.37725495e+02
-2.04545455e-05 -2.77777778e-06 1.00000724e+08 3.60470135e+02 4.20668670e+02
-1.99494949e-05 -2.77777778e-06 1.00000817e+08 4.87721756e+02 3.90951928e+02
-1.94444444e-05 -2.77777778e-06 1.00000907e+08 6.27812906e+02 3.47261456e+02
-1.89393939e-05 -2.77777778e-06 1.00000988e+08 7.82929998e+02 2.89393176e+02
-1.84343434e-05 -2.77777778e-06 1.00001053e+08 9.55391965e+02 2.19623585e+02
-1.79292929e-05 -2.77777778e-06 1.00001090e+08 1.14561873e+03 1.44783063e+02
-1.74242424e-05 -2.77777778e-06 1.00001086e+08 1.34706230e+03 7.78279800e+01
-1.69191919e-05 -2.77777778e-06 1.00001037e+08 1.53850888e+03 3.45403322e+01
-1.64141414e-05 -2.77777778e-06 1.00000954e+08 1.68305167e+03 1.95994540e+01
-1.59090909e-05 -2.77777778e-06 1.00000863e+08 1.75154606e+03 1.08420142e+01
-1.54040404e-05 -2.77777778e-06 1.00000772e+08 1.75887847e+03 -2.60551710e+01
-1.48989899e-05 -2.77777778e-06 1.00000665e+08 1.75458465e+03 -9.61358633e+01
-1.43939394e-05 -2.77777778e-06 1.00000530e+08 1.76888042e+03 -1.69382724e+02
-1.38888889e-05 -2.77777778e-06 1.00000377e+08 1.78893830e+03 -2.15903183e+02
-1.33838384e-05 -2.77777778e-06 1.00000243e+08 1.78015819e+03 -2.33860595e+02
-1.28787879e-05 -2.77777778e-06 1.00000172e+08 1.72531119e+03 -2.58896202e+02
-1.23737374e-05 -2.77777778e-06 1.00000176e+08 1.67438054e+03 -3.45656297e+02
-1.18686869e-05 -2.77777778e-06 1.00000188e+08 1.73924304e+03 -4.82223560e+02
-1.13636364e-05 -2.77777778e-06 1.00000140e+08 1.91670469e+03 -5.51080285e+02
-1.08585859e-05 -2.77777778e-06 1.00000069e+08 2.03616583e+03 -5.17523660e+02
-1.03535354e-05 -2.77777778e-06 1.00000000e+08 2.01112260e+03 -4.64928597e+02
-9.84848485e-06 -2.77777778e-06 9.99999016e+07 1.87620719e+03 -4.40233574e+02
-9.34343434e-06 -2.77777778e-06 9.99997450e+07 1.67471758e+03 -4.37823711e+02
-8.83838384e-06 -2.77777778e-06 9.99995249e+07 1.42445340e+03 -4.43398489e+02
-8.33333333e-06 -2.77777778e-06 9.99992502e+07 1.12860809e+03 -4.52042405e+02
-7.82828283e-06 -2.77777778e-06 9.99989366e+07 7.87994091e+02 -4.69267813e+02
-7.32323232e-06 -2.77777778e-06 9.99986046e+07 4.08307778e+02 -5.08381854e+02
-6.81818182e-06 -2.77777778e-06 9.99982798e+07 4.80347567e+00 -5.87606629e+02
-6.31313131e-06 -2.77777778e-06 9.99979926e+07 -3.94127151e+02 -7.26695033e+02
-5.80808081e-06 -2.77777778e-06 9.99977758e+07 -7.44505194e+02 -9.42089571e+02
-5.30303030e-06 -2.77777778e-06 9.99976593e+07 -9.86815903e+02 -1.23972662e+03
-4.79797980e-06 -2.77777778e-06 9.99976616e+07 -1.05146417e+03 -1.60531400e+03
-4.29292929e-06 -2.77777778e-06 9.99977766e+07 -8.73707259e+02 -1.99434103e+03
-3.78787879e-06 -2.77777778e-06 9.99979640e+07 -4.20166018e+02 -2.32881258e+03
-3.28282828e-06 -2.77777778e-06 9.99981531e+07 2.80010179e+02 -2.51143739e+03
-2.77777778e-06 -2.77777778e-06 9.99982674e+07 1.11996358e+03 -2.46189280e+03
-2.27272727e-06 -2.77777778e-06 9.99982632e+07 1.93860646e+03 -2.15967107e+03
-1.76767677e-06 -2.77777778e-06 9.99981526e+07 2.58013590e+03 -1.66168631e+03
-1.26262626e-06 -2.77777778e-06 9.99979920e+07 2.95283018e+03 -1.07716404e+03
-7.57575758e-07 -2.77777778e-06 9.99978484e+07 3.04911513e+03 -5.18460591e+02
-2.52525253e-07 -2.77777778e-06 9.99977681e+07 2.92365950e+03 -6.26029053e+01
2.52525253e-07 -2.77777778e-06 9.99977678e+07 2.65524949e+03 2.59295850e+02
7.57575758e-07 -2.77777778e-06 9.99978408e+07 2.31699916e+03 4.51591785e+02
1.26262626e-06 -2.77777778e-06 9.99979686e+07 1.96280356e+03 5.37378690e+02
1.76767677e-06 -2.77777778e-06 9.99981310e+07 1.62603530e+03 5.45040740e+02
2.27272727e-06 -2.77777778e-06 9.99983107e+07 1.32387208e+03 5.00626225e+02
2.77777778e-06 -2.77777778e-06 9.99984951e+07 1.06270775e+03 4.24858638e+02
3.28282828e-06 -2.77777778e-06 9.99986764e+07 8.42635162e+02 3.32817132e+02
3.78787879e-06 -2.77777778e-06 9.99988502e+07 6.60546938e+02 2.34782202e+02
4.29292929e-06 -2.77777778e-06 9.99990149e+07 5.12051213e+02 1.37390051e+02
4.79797980e-06 -2.77777778e-06 9.99991709e+07 3.92554018e+02 4.47063193e+01
5.30303030e-06 -2.77777778e-06 9.99993196e+07 2.97818060e+02 -4.09094083e+01
5.80808081e-06 -2.77777778e-06 9.99994631e+07 2.24219892e+02 -1.18156207e+02
6.31313131e-06 -2.77777778e-06 9.99996044e+07 1.68849172e+02 -1.86324924e+02
6.81818182e-06 -2.77777778e-06 9.99997465e+07 1.29538177e+02 -2.44966438e+02
7.32323232e-06 -2.77777778e-06 9.99998932e+07 1.04874694e+02 -2.93655130e+02
7.82828283e-06 -2.77777778e-06 1.00000048e+08 9.42312831e+01 -3.31817579e+02
8.33333333e-06 -2.77777778e-06 1.00000216e+08 9.78334398e+01 -3.58607368e+02
8.83838384e-06 -2.77777778e-06 1.00000402e+08 1.16884597e+02 -3.72818457e+02
9.34343434e-06 -2.77777778e-06 1.00000610e+08 1.53763805e+02 -3.72843170e+02
9.84848485e-06 -2.77777778e-06 1.00000846e+08 2.12309006e+02 -3.56699188e+02
1.03535354e-05 -2.77777778e-06 1.00001116e+08 2.98189732e+02 -3.22176592e+02
1.08585859e-05 -2.77777778e-06 1.00001424e+08 4.19348805e+02 -2.67195155e+02
1.13636364e-05 -2.77777778e-06 1.00001773e+08 5.86436880e+02 -1.90516260e+02
1.18686869e-05 -2.77777778e-06 1.00002163e+08 8.13050050e+02 -9.30183750e+01
1.23737374e-05 -2.77777778e-06 1.00002588e+08 1.11537183e+03 2.02052845e+01
1.28787879e-05 -2.77777778e-06 1.00003034e+08 1.51048154e+03 1.36704043e+02
1.33838384e-05 -2.77777778e-06 1.00003471e+08 2.01213676e+03 2.32530602e+02
1.38888889e-05 -2.77777778e-06 1.00003853e+08 2.62245004e+03 2.67903609e+02
1.43939394e-05 -2.77777778e-06 1.00004119e+08 3.31809775e+03 1.84926076e+02
1.48989899e-05 -2.77777778e-06 1.00004194e+08 4.03152418e+03 -8.84042973e+01
1.54040404e-05 -2.77777778e-06 1.00004012e+08 4.63202952e+03 -6.22446997e+02
1.59090909e-05 -2.77777778e-06 1.00003540e+08 4.91796620e+03 -1.45524473e+03
1.64141414e-05 -2.77777778e-06 1.00002811e+08 4.63508775e+03 -2.55154424e+03
1.69191919e-05 -2.77777778e-06 1.00001942e+08 3.53105348e+03 -3.76632211e+03
1.74242424e-05 -2.77777778e-06 1.00001136e+08 1.44281188e+03 -4.83136662e+03
1.79292929e-05 -2.77777778e-06 1.00000646e+08 -1.59635820e+03 -5.37934220e+03
1.84343434e-05 -2.77777778e-06 1.00000702e+08 -5.25040696e+03 -5.02427638e+03
1.89393939e-05 -2.77777778e-06 1.00001372e+08 -8.83538797e+03 -3.52820715e+03
1.94444444e-05 -2.77777778e-06 1.00002428e+08 -1.14675848e+04 -1.02401991e+03
1.99494949e-05 -2.77777778e-06 1.00003382e+08 -1.24666081e+04 1.89955168e+03
2.04545455e-05 -2.77777778e-06 1.00003778e+08 -1.17544969e+04 4.45355347e+03
2.09595960e-05 -2.77777778e-06 1.00003476e+08 -9.85246223e+03 6.08656894e+03
2.14646465e-05 -2.77777778e-06 1.00002663e+08 -7.49201437e+03 6.69974366e+03
2.19696970e-05 -2.77777778e-06 1.00001645e+08 -5.24058972e+03 6.52469863e+03
2.24747475e-05 -2.77777778e-06 1.00000668e+08 -3.38114066e+03 5.88836865e+03
2.29797980e-05 -2.77777778e-06 9.99998586e+07 -1.97705893e+03 5.06134861e+03
2.34848485e-05 -2.77777778e-06 9.99992532e+07 -9.78642863e+02 4.21561426e+03
2.39898990e-05 -2.77777778e-06 9.99988359e+07 -2.99486692e+02 3.43996162e+03
2.44949495e-05 -2.77777778e-06 9.99985716e+07 1.45112767e+02 2.76925821e+03
2.50000000e-05 -2.77777778e-06 9.99984228e+07 4.24393055e+02 2.20871941e+03
-2.50000000e-05 -2.27272727e-06 1.00000009e+08 -3.84097189e+02 3.12535511e+02
-2.44949495e-05 -2.27272727e-06 1.00000059e+08 -3.36914124e+02 3.45139596e+02
-2.39898990e-05 -2.27272727e-06 1.00000115e+08 -2.81510392e+02 3.76482292e+02
-2.34848485e-05 -2.27272727e-06 1.00000177e+08 -2.17331758e+02 4.05671143e+02
-2.29797980e-05 -2.27272727e-06 1.00000244e+08 -1.43858906e+02 4.31675654e+02
-2.24747475e-05 -2.27272727e-06 1.00000316e+08 -6.06080411e+01 4.53329609e+02
-2.19696970e-05 -2.27272727e-06 1.00000393e+08 3.28778465e+01 4.69343975e+02
-2.14646465e-05 -2.27272727e-06 1.00000474e+08 1.37050569e+02 4.78338421e+02
-2.09595960e-05 -2.27272727e-06 1.00000558e+08 2.52392789e+02 4.78906032e+02
-2.04545455e-05 -2.27272727e-06 1.00000642e+08 3.79462889e+02 4.69737178e+02
-1.99494949e-05 -2.27272727e-06 1.00000723e+08 5.18923048e+02 4.49845797e+02
-1.94444444e-05 -2.27272727e-06 1.00000799e+08 6.71478202e+02 4.18960578e+02
-1.89393939e-05 -2.27272727e-06 1.00000863e+08 8.37559727e+02 3.78141426e+02
-1.84343434e-05 -2.27272727e-06 1.00000909e+08 1.01644342e+03 3.30584317e+02
-1.79292929e-05 -2.27272727e-06 1.00000930e+08 1.20440759e+03 2.82226207e+02
-1.74242424e-05 -2.27272727e-06 1.00000921e+08 1.39196766e+03 2.41019360e+02
-1.69191919e-05 -2.27272727e-06 1.00000884e+08 1.56202419e+03 2.13155022e+02
-1.64141414e-05 -2.27272727e-06 1.00000828e+08 1.69358404e+03 1.96412925e+02
-1.59090909e-05 -2.27272727e-06 1.00000764e+08 1.77408256e+03 1.77031756e+02
-1.54040404e-05 -2.27272727e-06 1.00000697e+08 1.81107100e+03 1.38760269e+02
-1.48989899e-05 -2.27272727e-06 1.00000622e+08 1.82637920e+03 7.80714160e+01
-1.43939394e-05 -2.27272727e-06 1.00000532e+08 1.83597927e+03 6.36512852e+00
-1.38888889e-05 -2.27272727e-06 1.00000435e+08 1.83902235e+03 -6.39481245e+01
-1.33838384e-05 -2.27272727e-06 1.00000349e+08 1.82673564e+03 -1.33771507e+02
-1.28787879e-05 -2.27272727e-06 1.00000289e+08 1.80297536e+03 -2.18998296e+02
-1.23737374e-05 -2.27272727e-06 1.00000245e+08 1.79884381e+03 -3.32031269e+02
-1.18686869e-05 -2.27272727e-06 1.00000183e+08 1.85087300e+03 -4.50808333e+02
-1.13636364e-05 -2.27272727e-06 1.00000081e+08 1.94286445e+03 -5.25160252e+02
-1.08585859e-05 -2.27272727e-06 9.99999521e+07 2.00262546e+03 -5.36776638e+02
-1.03535354e-05 -2.27272727e-06 9.99998146e+07 1.97625412e+03 -5.15506523e+02
-9.84848485e-06 -2.27272727e-06 9.99996636e+07 1.86028209e+03 -4.94201259e+02
-9.34343434e-06 -2.27272727e-06 9.99994856e+07 1.67340651e+03 -4.85159143e+02
-8.83838384e-06 -2.27272727e-06 9.99992740e+07 1.43205350e+03 -4.88826594e+02
-8.33333333e-06 -2.27272727e-06 9.99990324e+07 1.14630267e+03 -5.05435416e+02
-7.82828283e-06 -2.27272727e-06 9.99987719e+07 8.24197285e+02 -5.39768406e+02
-7.32323232e-06 -2.27272727e-06 9.99985097e+07 4.76714767e+02 -6.01350986e+02
-6.81818182e-06 -2.27272727e-06 9.99982667e+07 1.21583114e+02 -7.02600038e+02
-6.31313131e-06 -2.27272727e-06 9.99980664e+07 -2.14206585e+02 -8.55755781e+02
-5.80808081e-06 -2.27272727e-06 9.99979315e+07 -4.93555109e+02 -1.06859251e+03
-5.30303030e-06 -2.27272727e-06 9.99978795e+07 -6.71102489e+02 -1.33890303e+03
-4.79797980e-06 -2.27272727e-06 9.99979159e+07 -6.99350753e+02 -1.64849447e+03
-4.29292929e-06 -2.27272727e-06 9.99980277e+07 -5.40376591e+02 -1.95900143e+03
-3.78787879e-06 -2.27272727e-06 9.99981809e+07 -1.82162157e+02 -2.21366322e+03
-3.28282828e-06 -2.27272727e-06 9.99983266e+07 3.46215958e+02 -2.34919072e+03
-2.77777778e-06 -2.27272727e-06 9.99984165e+07 9.70796817e+02 -2.31713160e+03
-2.27272727e-06 -2.27272727e-06 9.99984234e+07 1.58847229e+03 -2.10557083e+03
-1.76767677e-06 -2.27272727e-06 9.99983522e+07 2.09865722e+03 -1.74735183e+03
-1.26262626e-06 -2.27272727e-06 9.99982352e+07 2.43452314e+03 -1.30803860e+03
-7.57575758e-07 -2.27272727e-06 9.99981153e+07 2.57708567e+03 -8.61069890e+02
-2.52525253e-07 -2.27272727e-06 9.99980277e+07 2.54842048e+03 -4.65077541e+02
2.52525253e-07 -2.27272727e-06 9.99979918e+07 2.39322613e+03 -1.53270038e+02
7.57575758e-07 -2.27272727e-06 9.99980110e+07 2.16059781e+03 6.51899511e+01
1.26262626e-06 -2.27272727e-06 9.99980780e+07 1.89250296e+03 1.97573871e+02
1.76767677e-06 -2.27272727e-06 9.99981808e+07 1.61940253e+03 2.59301867e+02
2.27272727e-06 -2.27272727e-06 9.99983070e+07 1.36055728e+03 2.67810922e+02
2.77777778e-06 -2.27272727e-06 9.99984460e+07 1.12639529e+03 2.39066887e+02
3.28282828e-06 -2.27272727e-06 9.99985899e+07 9.21241240e+02 1.86112084e+02
3.78787879e-06 -2.27272727e-06 9.99987335e+07 7.45627035e+02 1.18838198e+02
4.29292929e-06 -2.27272727e-06 9.99988739e+07 5.97977259e+02 4.43526099e+01
4.79797980e-06 -2.27272727e-06 9.99990100e+07 4.75727665e+02 -3.24500063e+01
5.30303030e-06 -2.27272727e-06 9.99991420e+07 3.76016934e+02 -1.08309841e+02
5.80808081e-06 -2.27272727e-06 9.99992709e+07 2.96090296e+02 -1.81099698e+02
6.31313131e-06 -2.27272727e-06 9.99993988e+07 2.33524787e+02 -2.49417843e+02
6.81818182e-06 -2.27272727e-06 9.99995283e+07 1.86355066e+02 -3.12267004e+02
7.32323232e-06 -2.27272727e-06 9.99996627e+07 1.53154578e+02 -3.68800391e+02
7.82828283e-06 -2.27272727e-06 9.99998057e+07 1.33111013e+02 -4.18114469e+02
8.33333333e-06 -2.27272727e-06 9.99999619e+07 1.26126477e+02 -4.59071329e+02
8.83838384e-06 -2.27272727e-06 1.00000137e+08 1.32970105e+02 -4.90139234e+02
9.34343434e-06 -2.27272727e-06 1.00000336e+08 1.55512578e+02 -5.09248796e+02
9.84848485e-06 -2.27272727e-06 1.00000568e+08 1.97076300e+02 -5.13676835e+02
1.03535354e-05 -2.27272727e-06 1.00000839e+08 2.62938590e+02 -4.99995271e+02
1.08585859e-05 -2.27272727e-06 1.00001160e+08 3.61020554e+02 -4.64166656e+02
1.13636364e-05 -2.27272727e-06 1.00001537e+08 5.02764661e+02 -4.01942802e+02
1.18686869e-05 -2.27272727e-06 1.00001980e+08 7.04114463e+02 -3.09840963e+02
1.23737374e-05 -2.27272727e-06 1.00002489e+08 9.86294256e+02 -1.87134290e+02
1.28787879e-05 -2.27272727e-06 1.00003060e+08 1.37563735e+03 -3.94548590e+01
1.33838384e-05 -2.27272727e-06 1.00003671e+08 1.90090459e+03 1.15401542e+02
1.38888889e-05 -2.27272727e-06 1.00004277e+08 2.58536886e+03 2.39480439e+02
1.43939394e-05 -2.27272727e-06 1.00004806e+08 3.42994529e+03 2.66426796e+02
1.48989899e-05 -2.27272727e-06 1.00005152e+08 4.38458136e+03 9.88490186e+01
1.54040404e-05 -2.27272727e-06 1.00005202e+08 5.31121311e+03 -3.78060263e+02
1.59090909e-05 -2.27272727e-06 1.00004870e+08 5.95480369e+03 -1.25575944e+03
1.64141414e-05 -2.27272727e-06 1.00004145e+08 5.95237254e+03 -2.53645818e+03
1.69191919e-05 -2.27272727e-06 1.00003138e+08 4.90421773e+03 -4.06846136e+03
1.74242424e-05 -2.27272727e-06 1.00002078e+08 2.49869394e+03 -5.51825344e+03
1.79292929e-05 -2.27272727e-06 1.00001295e+08 -1.33734044e+03 -6.38725176e+03
1.84343434e-05 -2.27272727e-06 1.00001167e+08 -6.25421053e+03 -6.07451217e+03
1.89393939e-05 -2.27272727e-06 1.00001930e+08 -1.12779923e+04 -4.08603439e+03
1.94444444e-05 -2.27272727e-06 1.00003323e+08 -1.48933623e+04 -5.05416779e+02
1.99494949e-05 -2.27272727e-06 1.00004511e+08 -1.58368647e+04 3.65261027e+03
2.04545455e-05 -2.27272727e-06 1.00004703e+08 -1.40922715e+04 6.95188763e+03
2.09595960e-05 -2.27272727e-06 1.00003821e+08 -1.08243013e+04 8.57192214e+03
2.14646465e-05 -2.27272727e-06 1.00002364e+08 -7.35875426e+03 8.64425415e+03
2.19696970e-05 -2.27272727e-06 1.00000878e+08 -4.46763953e+03 7.77379416e+03
2.24747475e-05 -2.27272727e-06 9.99996641e+07 -2.35900383e+03 6.52989743e+03
2.29797980e-05 -2.27272727e-06 9.99988026e+07 -9.44402490e+02 5.26474452e+03
2.34848485e-05 -2.27272727e-06 9.99982554e+07 -4.99390505e+01 4.14091048e+03
2.39898990e-05 -2.27272727e-06 9.99979487e+07 4.86579561e+02 3.20761932e+03
2.44949495e-05 -2.27272727e-06 9.99978104e+07 7.88344917e+02 2.45987967e+03
2.50000000e-05 -2.27272727e-06 9.99977836e+07 9.40784240e+02 1.87222486e+03
-2.50000000e-05 -1.76767677e-06 9.99999540e+07 -4.18932282e+02 3.15802970e+02
-2.44949495e-05 -1.76767677e-06 1.00000002e+08 -3.71132548e+02 3.52472432e+02
-2.39898990e-05 -1.76767677e-06 1.00000055e+08 -3.14293168e+02 3.88398084e+02
-2.34848485e-05 -1.76767677e-06 1.00000114e+08 -2.47724440e+02 4.22702268e+02
-2.29797980e-05 -1.76767677e-06 1.00000179e+08 -1.70774511e+02 4.54375651e+02
-2.24747475e-05 -1.76767677e-06 1.00000248e+08 -8.28405944e+01 4.82289949e+02
-2.19696970e-05 -1.76767677e-06 1.00000322e+08 1.66225323e+01 5.05226733e+02
-2.14646465e-05 -1.76767677e-06 1.00000399e+08 1.28095904e+02 5.21931037e+02
-2.09595960e-05 -1.76767677e-06 1.00000477e+08 2.51986268e+02 5.31202793e+02
-2.04545455e-05 -1.76767677e-06 1.00000554e+08 3.88597229e+02 5.32044176e+02
-1.99494949e-05 -1.76767677e-06 1.00000628e+08 5.38046996e+02 5.23883837e+02
-1.94444444e-05 -1.76767677e-06 1.00000694e+08 7.00065544e+02 5.06890154e+02
-1.89393939e-05 -1.76767677e-06 1.00000749e+08 8.73562881e+02 4.82342849e+02
-1.84343434e-05 -1.76767677e-06 1.00000787e+08 1.05584641e+03 4.52917498e+02
-1.79292929e-05 -1.76767677e-06 1.00000805e+08 1.24148888e+03 4.22524869e+02
-1.74242424e-05 -1.76767677e-06 1.00000802e+08 1.42130121e+03 3.95145188e+02
-1.69191919e-05 -1.76767677e-06 1.00000779e+08 1.58268105e+03 3.72361407e+02
-1.64141414e-05 -1.76767677e-06 1.00000742e+08 1.71296097e+03 3.50675295e+02
-1.59090909e-05 -1.76767677e-06 1.00000699e+08 1.80539196e+03 3.21562258e+02
-1.54040404e-05 -1.76767677e-06 1.00000650e+08 1.86319663e+03 2.76257856e+02
-1.48989899e-05 -1.76767677e-06 1.00000595e+08 1.89657891e+03 2.11838426e+02
-1.43939394e-05 -1.76767677e-06 1.00000530e+08 1.91477885e+03 1.32052340e+02
-1.38888889e-05 -1.76767677e-06 1.00000460e+08 1.92153236e+03 4.18461530e+01
-1.33838384e-05 -1.76767677e-06 1.00000390e+08 1.91862472e+03 -5.82972284e+01
-1.28787879e-05 -1.76767677e-06 1.00000321e+08 1.91367535e+03 -1.71398568e+02
-1.23737374e-05 -1.76767677e-06 1.00000244e+08 1.92206546e+03 -2.94686153e+02
-1.18686869e-05 -1.76767677e-06 1.00000144e+08 1.95392513e+03 -4.10642062e+02
-1.13636364e-05 -1.76767677e-06 1.00000012e+08 1.99504523e+03 -4.94649009e+02
-1.08585859e-05 -1.76767677e-06 9.99998560e+07 2.00934298e+03 -5.36646783e+02
-1.03535354e-05 -1.76767677e-06 9.99996869e+07 1.96507027e+03 -5.48417457e+02
-9.84848485e-06 -1.76767677e-06 9.99995085e+07 1.85178579e+03 -5.49380823e+02
-9.34343434e-06 -1.76767677e-06 9.99993179e+07 1.67532232e+03 -5.53423031e+02
-8.83838384e-06 -1.76767677e-06 9.99991131e+07 1.44681258e+03 -5.67659088e+02
-8.33333333e-06 -1.76767677e-06 9.99988970e+07 1.17742032e+03 -5.96712423e+02
-7.82828283e-06 -1.76767677e-06 9.99986782e+07 8.78489026e+02 -6.46083662e+02
-7.32323232e-06 -1.76767677e-06 9.99984697e+07 5.63769164e+02 -7.23085582e+02
-6.81818182e-06 -1.76767677e-06 9.99982874e+07 2.51669053e+02 -8.35869128e+02
-6.31313131e-06 -1.76767677e-06 9.99981479e+07 -3.33918577e+01 -9.91138487e+02
-5.80808081e-06 -1.76767677e-06 9.99980660e+07 -2.61150217e+02 -1.19092316e+03
-5.30303030e-06 -1.76767677e-06 9.99980502e+07 -3.97890683e+02 -1.42885149e+03
-4.79797980e-06 -1.76767677e-06 9.99980996e+07 -4.11736062e+02 -1.68685495e+03
-4.29292929e-06 -1.76767677e-06 9.99981999e+07 -2.80883115e+02 -1.93398292e+03
-3.78787879e-06 -1.76767677e-06 9.99983244e+07 -3.24199208e+00 -2.12946811e+03
-3.28282828e-06 -1.76767677e-06 9.99984387e+07 3.96283790e+02 -2.23134769e+03
-2.77777778e-06 -1.76767677e-06 9.99985114e+07 8.65837239e+02 -2.20913502e+03
-2.27272727e-06 -1.76767677e-06 9.99985242e+07 1.33684788e+03 -2.05541118e+03
-1.76767677e-06 -1.76767677e-06 9.99984789e+07 1.74184043e+03 -1.78998579e+03
-1.26262626e-06 -1.76767677e-06 9.99983943e+07 2.03201216e+03 -1.45376429e+03
-7.57575758e-07 -1.76767677e-06 9.99982981e+07 2.18668566e+03 -1.09554496e+03
-2.52525253e-07 -1.76767677e-06 9.99982161e+07 2.21199536e+03 -7.58584358e+02
2.52525253e-07 -1.76767677e-06 9.99981656e+07 2.13210412e+03 -4.72386706e+02
7.57575758e-07 -1.76767677e-06 9.99981542e+07 1.97857030e+03 -2.51015149e+02
1.26262626e-06 -1.76767677e-06 9.99981809e+07 1.78202455e+03 -9.59500944e+01
1.76767677e-06 -1.76767677e-06 9.99982397e+07 1.56756962e+03 -6.52603784e-01
2.27272727e-06 -1.76767677e-06 9.99983226e+07 1.35335383e+03 4.52137883e+01
2.77777778e-06 -1.76767677e-06 9.99984217e+07 1.15107932e+03 5.27794944e+01
3.28282828e-06 -1.76767677e-06 9.99985302e+07 9.67340292e+02 3.22391186e+01
3.78787879e-06 -1.76767677e-06 9.99986430e+07 8.05092397e+02 -7.90942641e+00
4.29292929e-06 -1.76767677e-06 9.99987567e+07 6.64919505e+02 -6.10186795e+01
4.79797980e-06 -1.76767677e-06 9.99988693e+07 5.45997215e+02 -1.22125739e+02
5.30303030e-06 -1.76767677e-06 9.99989801e+07 4.46769372e+02 -1.87653910e+02
5.80808081e-06 -1.76767677e-06 9.99990894e+07 3.65397173e+02 -2.55086465e+02
6.31313131e-06 -1.76767677e-06 9.99991984e+07 3.00046646e+02 -3.22661437e+02
6.81818182e-06 -1.76767677e-06 9.99993090e+07 2.49071846e+02 -3.89103292e+02
7.32323232e-06 -1.76767677e-06 9.99994238e+07 2.11139628e+02 -4.53389589e+02
7.82828283e-06 -1.76767677e-06 9.99995465e+07 1.85332652e+02 -5.14542119e+02
8.33333333e-06 -1.76767677e-06 9.99996812e+07 1.71262262e+02 -5.71428435e+02
8.83838384e-06 -1.76767677e-06 9.99998337e+07 1.69222798e+02 -6.22559098e+02
9.34343434e-06 -1.76767677e-06 1.00000011e+08 1.80424425e+02 -6.65867911e+02
9.84848485e-06 -1.76767677e-06 1.00000220e+08 2.07353004e+02 -6.98468783e+02
1.03535354e-05 -1.76767677e-06 1.00000474e+08 2.54323344e+02 -7.16398400e+02
1.08585859e-05 -1.76767677e-06 1.00000782e+08 3.28313889e+02 -7.14388603e+02
1.13636364e-05 -1.76767677e-06 1.00001162e+08 4.40187227e+02 -6.85785549e+02
1.18686869e-05 -1.76767677e-06 1.00001627e+08 6.06382282e+02 -6.22876645e+02
1.23737374e-05 -1.76767677e-06 1.00002193e+08 8.51035623e+02 -5.18147752e+02
1.28787879e-05 -1.76767677e-06 1.00002870e+08 1.20808118e+03 -3.67411130e+02
1.33838384e-05 -1.76767677e-06 1.00003655e+08 1.72186441e+03 -1.76257095e+02
1.38888889e-05 -1.76767677e-06 1.00004517e+08 2.44272619e+03 2.85407344e+01
1.43939394e-05 -1.76767677e-06 1.00005386e+08 3.41071311e+03 1.82514924e+02
1.48989899e-05 -1.76767677e-06 1.00006133e+08 4.61783962e+03 1.67447716e+02
1.54040404e-05 -1.76767677e-06 1.00006586e+08 5.94393605e+03 -1.86807737e+02
1.59090909e-05 -1.76767677e-06 1.00006576e+08 7.08461030e+03 -1.05404055e+03
1.64141414e-05 -1.76767677e-06 1.00006027e+08 7.53071226e+03 -2.50328498e+03
1.69191919e-05 -1.76767677e-06 1.00005022e+08 6.66758772e+03 -4.37873971e+03
1.74242424e-05 -1.76767677e-06 1.00003785e+08 3.97363449e+03 -6.26445963e+03
1.79292929e-05 -1.76767677e-06 1.00002655e+08 -7.99512415e+02 -7.53636240e+03
1.84343434e-05 -1.76767677e-06 1.00002138e+08 -7.43011700e+03 -7.35942694e+03
1.89393939e-05 -1.76767677e-06 1.00002843e+08 -1.47071134e+04 -4.75133483e+03
1.94444444e-05 -1.76767677e-06 1.00004676e+08 -1.99601897e+04 5.43433751e+02
1.99494949e-05 -1.76767677e-06 1.00006123e+08 -2.05366472e+04 6.70463954e+03
2.04545455e-05 -1.76767677e-06 1.00005698e+08 -1.66762747e+04 1.08575750e+04
2.09595960e-05 -1.76767677e-06 1.00003670e+08 -1.11433384e+04 1.18929202e+04
2.14646465e-05 -1.76767677e-06 1.00001264e+08 -6.28226603e+03 1.07462988e+04
2.19696970e-05 -1.76767677e-06 9.99993104e+07 -2.87474575e+03 8.75203283e+03
2.24747475e-05 -1.76767677e-06 9.99980228e+07 -7.68249527e+02 6.73746890e+03
2.29797980e-05 -1.76767677e-06 9.99973011e+07 4.29166476e+02 5.03059163e+03
2.34848485e-05 -1.76767677e-06 9.99969745e+07 1.05743507e+03 3.69229620e+03
2.39898990e-05 -1.76767677e-06 9.99968963e+07 1.34904354e+03 2.68050262e+03
2.44949495e-05 -1.76767677e-06 9.99969634e+07 1.44861419e+03 1.92807075e+03
2.50000000e-05 -1.76767677e-06 9.99971090e+07 1.44231475e+03 1.37204538e+03
-2.50000000e-05 -1.26262626e-06 9.99998937e+07 -4.57819792e+02 3.19685405e+02
-2.44949495e-05 -1.26262626e-06 9.99999383e+07 -4.09981780e+02 3.60958147e+02
-2.39898990e-05 -1.26262626e-06 9.99999888e+07 -3.52307544e+02 4.02146732e+02
-2.34848485e-05 -1.26262626e-06 1.00000045e+08 -2.83973400e+02 4.42402712e+02
-2.29797980e-05 -1.26262626e-06 1.00000107e+08 -2.04202921e+02 4.80747650e+02
-2.24747475e-05 -1.26262626e-06 1.00000174e+08 -1.12292336e+02 5.16091552e+02
-2.19696970e-05 -1.26262626e-06 1.00000244e+08 -7.63993239e+00 5.47269346e+02
-2.14646465e-05 -1.26262626e-06 1.00000318e+08 1.10217038e+02 5.73102486e+02
-2.09595960e-05 -1.26262626e-06 1.00000392e+08 2.41549905e+02 5.92493943e+02
-2.04545455e-05 -1.26262626e-06 1.00000466e+08 3.86354574e+02 6.04564111e+02
-1.99494949e-05 -1.26262626e-06 1.00000535e+08 5.44208213e+02 6.08828709e+02
-1.94444444e-05 -1.26262626e-06 1.00000597e+08 7.14026310e+02 6.05400239e+02
-1.89393939e-05 -1.26262626e-06 1.00000649e+08 8.93678883e+02 5.95151801e+02
-1.84343434e-05 -1.26262626e-06 1.00000686e+08 1.07946663e+03 5.79710586e+02
-1.79292929e-05 -1.26262626e-06 1.00000708e+08 1.26559347e+03 5.61075369e+02
-1.74242424e-05 -1.26262626e-06 1.00000713e+08 1.44402637e+03 5.40684159e+02
-1.69191919e-05 -1.26262626e-06 1.00000704e+08 1.60536589e+03 5.18078690e+02
-1.64141414e-05 -1.26262626e-06 1.00000683e+08 1.74111900e+03 4.89956421e+02
-1.59090909e-05 -1.26262626e-06 1.00000654e+08 1.84665264e+03 4.50794221e+02
-1.54040404e-05 -1.26262626e-06 1.00000619e+08 1.92278613e+03 3.95340509e+02
-1.48989899e-05 -1.26262626e-06 1.00000576e+08 1.97441221e+03 3.21292616e+02
-1.43939394e-05 -1.26262626e-06 1.00000524e+08 2.00724818e+03 2.29787626e+02
-1.38888889e-05 -1.26262626e-06 1.00000463e+08 2.02584885e+03 1.23468731e+02
-1.33838384e-05 -1.26262626e-06 1.00000393e+08 2.03457765e+03 4.62357055e+00
-1.28787879e-05 -1.26262626e-06 1.00000313e+08 2.03962745e+03 -1.23879647e+02
-1.23737374e-05 -1.26262626e-06 1.00000215e+08 2.04788493e+03 -2.55041127e+02
-1.18686869e-05 -1.26262626e-06 1.00000094e+08 2.06064692e+03 -3.75976555e+02
-1.13636364e-05 -1.26262626e-06 9.99999453e+07 2.06731524e+03 -4.72802325e+02
-1.08585859e-05 -1.26262626e-06 9.99997758e+07 2.04778341e+03 -5.39424535e+02
-1.03535354e-05 -1.26262626e-06 9.99995935e+07 1.98317158e+03 -5.80932030e+02
-9.84848485e-06 -1.26262626e-06 9.99994041e+07 1.86441765e+03 -6.08737309e+02
-9.34343434e-06 -1.26262626e-06 9.99992101e+07 1.69270597e+03 -6.34113533e+02
-8.83838384e-06 -1.26262626e-06 9.99990135e+07 1.47539954e+03 -6.65589918e+02
-8.33333333e-06 -1.26262626e-06 9.99988182e+07 1.22269641e+03 -7.09678880e+02
-7.82828283e-06 -1.26262626e-06 9.99986312e+07 9.46628644e+02 -7.72300824e+02
-7.32323232e-06 -1.26262626e-06 9.99984624e+07 6.61599342e+02 -8.59358388e+02
-6.81818182e-06 -1.26262626e-06 9.99983231e+07 3.85275786e+02 -9.76141461e+02
-6.31313131e-06 -1.26262626e-06 9.99982246e+07 1.38971814e+02 -1.12576155e+03
-5.80808081e-06 -1.26262626e-06 9.99981752e+07 -5.30892016e+01 -1.30697195e+03
-5.30303030e-06 -1.26262626e-06 9.99981785e+07 -1.66085162e+02 -1.51189071e+03
-4.79797980e-06 -1.26262626e-06 9.99982300e+07 -1.78679196e+02 -1.72441903e+03
-4.29292929e-06 -1.26262626e-06 9.99983168e+07 -7.85033419e+01 -1.92042048e+03
-3.78787879e-06 -1.26262626e-06 9.99984180e+07 1.32268247e+02 -2.07067084e+03
-3.28282828e-06 -1.26262626e-06 9.99985094e+07 4.33510066e+02 -2.14681109e+03
-2.77777778e-06 -1.26262626e-06 9.99985693e+07 7.88288873e+02 -2.12899650e+03
-2.27272727e-06 -1.26262626e-06 9.99985854e+07 1.14953092e+03 -2.01238957e+03
-1.76767677e-06 -1.26262626e-06 9.99985574e+07 1.47051521e+03 -1.80941760e+03
-1.26262626e-06 -1.26262626e-06 9.99984968e+07 1.71525507e+03 -1.54649240e+03
-7.57575758e-07 -1.26262626e-06 9.99984213e+07 1.86480423e+03 -1.25668044e+03
-2.52525253e-07 -1.26262626e-06 9.99983495e+07 1.91779855e+03 -9.71618789e+02
2.52525253e-07 -1.26262626e-06 9.99982958e+07 1.88636843e+03 -7.15674362e+02
7.57575758e-07 -1.26262626e-06 9.99982683e+07 1.79008125e+03 -5.03586916e+02
1.26262626e-06 -1.26262626e-06 9.99982693e+07 1.65035760e+03 -3.41087647e+02
1.76767677e-06 -1.26262626e-06 9.99982967e+07 1.48664811e+03 -2.27157615e+02
2.27272727e-06 -1.26262626e-06 9.99983461e+07 1.31453475e+03 -1.56663784e+02
2.77777778e-06 -1.26262626e-06 9.99984117e+07 1.14529674e+03 -1.22601786e+02
3.28282828e-06 -1.26262626e-06 9.99984885e+07 9.86333238e+02 -1.17663229e+02
3.78787879e-06 -1.26262626e-06 9.99985719e+07 8.41947875e+02 -1.35153980e+02
4.29292929e-06 -1.26262626e-06 9.99986585e+07 7.14183422e+02 -1.69419441e+02
4.79797980e-06 -1.26262626e-06 9.99987459e+07 6.03552378e+02 -2.15949616e+02
5.30303030e-06 -1.26262626e-06 9.99988329e+07 5.09611650e+02 -2.71303519e+02
5.80808081e-06 -1.26262626e-06 9.99989190e+07 4.31384708e+02 -3.32947853e+02
6.31313131e-06 -1.26262626e-06 9.99990047e+07 3.67658151e+02 -3.99066190e+02
6.81818182e-06 -1.26262626e-06 9.99990911e+07 3.17185899e+02 -4.68366770e+02
7.32323232e-06 -1.26262626e-06 9.99991803e+07 2.78832958e+02 -5.39898393e+02
7.82828283e-06 -1.26262626e-06 9.99992750e+07 2.51687640e+02 -6.12872092e+02
8.33333333e-06 -1.26262626e-06 9.99993790e+07 2.35169443e+02 -6.86478431e+02
8.83838384e-06 -1.26262626e-06 9.99994975e+07 2.29161721e+02 -7.59684509e+02
9.34343434e-06 -1.26262626e-06 9.99996370e+07 2.34205603e+02 -8.30989749e+02
9.84848485e-06 -1.26262626e-06 9.99998064e+07 2.51807223e+02 -8.98115495e+02
1.03535354e-05 -1.26262626e-06 1.00000017e+08 2.84937958e+02 -9.57602724e+02
1.08585859e-05 -1.26262626e-06 1.00000284e+08 3.38852418e+02 -1.00430222e+03
1.13636364e-05 -1.26262626e-06 1.00000627e+08 4.22415828e+02 -1.03078083e+03
1.18686869e-05 -1.26262626e-06 1.00001069e+08 5.50216591e+02 -1.02677733e+03
1.23737374e-05 -1.26262626e-06 1.00001640e+08 7.45800005e+02 -9.79109029e+02
1.28787879e-05 -1.26262626e-06 1.00002370e+08 1.04624256e+03 -8.73012023e+02
1.33838384e-05 -1.26262626e-06 1.00003286e+08 1.50755083e+03 -6.97011833e+02
1.38888889e-05 -1.26262626e-06 1.00004395e+08 2.20796161e+03 -4.55103450e+02
1.43939394e-05 -1.26262626e-06 1.00005653e+08 3.24026954e+03 -1.91149061e+02
1.48989899e-05 -1.26262626e-06 1.00006935e+08 4.67364955e+03 -2.62212555e+01
1.54040404e-05 -1.26262626e-06 1.00008011e+08 6.45739467e+03 -1.89458586e+02
1.59090909e-05 -1.26262626e-06 1.00008596e+08 8.26518807e+03 -9.81499956e+02
1.64141414e-05 -1.26262626e-06 1.00008509e+08 9.38266013e+03 -2.59470592e+03
1.69191919e-05 -1.26262626e-06 1.00007825e+08 8.84795066e+03 -4.84913167e+03
1.74242424e-05 -1.26262626e-06 1.00006783e+08 5.86710939e+03 -7.13796831e+03
1.79292929e-05 -1.26262626e-06 1.00005538e+08 6.24802476e+01 -8.71136476e+03
1.84343434e-05 -1.26262626e-06 1.00004373e+08 -8.67883140e+03 -8.71995240e+03
1.89393939e-05 -1.26262626e-06 1.00004466e+08 -1.95185527e+04 -5.49669641e+03
1.94444444e-05 -1.26262626e-06 1.00006775e+08 -2.78932800e+04 2.62891862e+03
1.99494949e-05 -1.26262626e-06 1.00008426e+08 -2.72246054e+04 1.23193474e+04
2.04545455e-05 -1.26262626e-06 1.00006260e+08 -1.88018424e+04 1.69768589e+04
2.09595960e-05 -1.26262626e-06 1.00002093e+08 -9.73335333e+03 1.58742775e+04
2.14646465e-05 -1.26262626e-06 9.99986075e+07 -3.59360823e+03 1.23840451e+04
2.19696970e-05 -1.26262626e-06 9.99965538e+07 -2.38334614e+02 8.88179567e+03
2.24747475e-05 -1.26262626e-06 9.99956264e+07 1.37014856e+03 6.12942692e+03
2.29797980e-05 -1.26262626e-06 9.99953785e+07 2.03517672e+03 4.15040862e+03
2.34848485e-05 -1.26262626e-06 9.99954889e+07 2.22484866e+03 2.77390074e+03
2.39898990e-05 -1.26262626e-06 9.99957676e+07 2.18708504e+03 1.82588731e+03
2.44949495e-05 -1.26262626e-06 9.99961109e+07 2.04843359e+03 1.17294913e+03
2.50000000e-05 -1.26262626e-06 9.99964655e+07 1.87223470e+03 7.21522302e+02
-2.50000000e-05 -7.57575758e-07 9.99998284e+07 -5.01197808e+02 3.23715827e+02
-2.44949495e-05 -7.57575758e-07 9.99998695e+07 -4.54028905e+02 3.70052676e+02
-2.39898990e-05 -7.57575758e-07 9.99999168e+07 -3.96262266e+02 4.17094116e+02
-2.34848485e-05 -7.57575758e-07 9.99999700e+07 -3.26936714e+02 4.64027821e+02
-2.29797980e-05 -7.57575758e-07 1.00000029e+08 -2.45150084e+02 5.09904427e+02
-2.24747475e-05 -7.57575758e-07 1.00000093e+08 -1.50099803e+02 5.53656018e+02
-2.19696970e-05 -7.57575758e-07 1.00000161e+08 -4.11329883e+01 5.94131940e+02
-2.14646465e-05 -7.57575758e-07 1.00000233e+08 8.21898790e+01 6.30156596e+02
-2.09595960e-05 -7.57575758e-07 1.00000305e+08 2.20010597e+02 6.60612756e+02
-2.04545455e-05 -7.57575758e-07 1.00000377e+08 3.72056972e+02 6.84549912e+02
-1.99494949e-05 -7.57575758e-07 1.00000445e+08 5.37479761e+02 7.01307889e+02
-1.94444444e-05 -7.57575758e-07 1.00000507e+08 7.14629340e+02 7.10627916e+02
-1.89393939e-05 -7.57575758e-07 1.00000560e+08 9.00775121e+02 7.12695815e+02
-1.84343434e-05 -7.57575758e-07 1.00000602e+08 1.09181767e+03 7.08032751e+02
-1.79292929e-05 -7.57575758e-07 1.00000630e+08 1.28213119e+03 6.97147384e+02
-1.74242424e-05 -7.57575758e-07 1.00000646e+08 1.46477586e+03 6.79943354e+02
-1.69191919e-05 -7.57575758e-07 1.00000649e+08 1.63232918e+03 6.55078782e+02
-1.64141414e-05 -7.57575758e-07 1.00000641e+08 1.77833848e+03 6.19718047e+02
-1.59090909e-05 -7.57575758e-07 1.00000624e+08 1.89887795e+03 5.70116907e+02
-1.54040404e-05 -7.57575758e-07 1.00000598e+08 1.99330800e+03 5.02978081e+02
-1.48989899e-05 -7.57575758e-07 1.00000561e+08 2.06370005e+03 4.16787954e+02
-1.43939394e-05 -7.57575758e-07 1.00000514e+08 2.11344250e+03 3.12233352e+02
-1.38888889e-05 -7.57575758e-07 1.00000454e+08 2.14620766e+03 1.91664549e+02
-1.33838384e-05 -7.57575758e-07 1.00000380e+08 2.16584032e+03 5.85734962e+01
-1.28787879e-05 -7.57575758e-07 1.00000289e+08 2.17634300e+03 -8.19912436e+01
-1.23737374e-05 -7.57575758e-07 1.00000178e+08 2.18050223e+03 -2.22473676e+02
-1.18686869e-05 -7.57575758e-07 1.00000043e+08 2.17701126e+03 -3.53143688e+02
-1.13636364e-05 -7.57575758e-07 9.99998853e+07 2.15845652e+03 -4.65028598e+02
-1.08585859e-05 -7.57575758e-07 9.99997098e+07 2.11303687e+03 -5.53906602e+02
-1.03535354e-05 -7.57575758e-07 9.99995231e+07 2.02955753e+03 -6.21996830e+02
-9.84848485e-06 -7.57575758e-07 9.99993317e+07 1.90193435e+03 -6.76156759e+02
-9.34343434e-06 -7.57575758e-07 9.99991404e+07 1.73050731e+03 -7.24718602e+02
-8.83838384e-06 -7.57575758e-07 9.99989532e+07 1.52081126e+03 -7.75401564e+02
-8.33333333e-06 -7.57575758e-07 9.99987751e+07 1.28185980e+03 -8.34798274e+02
-7.82828283e-06 -7.57575758e-07 9.99986122e+07 1.02515679e+03 -9.08587375e+02
-7.32323232e-06 -7.57575758e-07 9.99984720e+07 7.64475768e+02 -1.00158878e+03
-6.81818182e-06 -7.57575758e-07 9.99983623e+07 5.15902533e+02 -1.11726000e+03
-6.31313131e-06 -7.57575758e-07 9.99982902e+07 2.97581542e+02 -1.25663572e+03
-5.80808081e-06 -7.57575758e-07 9.99982601e+07 1.28725976e+02 -1.41695443e+03
-5.30303030e-06 -7.57575758e-07 9.99982721e+07 2.76282340e+01 -1.59038994e+03
-4.79797980e-06 -7.57575758e-07 9.99983205e+07 8.67787452e+00 -1.76345480e+03
-4.29292929e-06 -7.57575758e-07 9.99983942e+07 7.88104274e+01 -1.91769883e+03
-3.78787879e-06 -7.57575758e-07 9.99984770e+07 2.34320952e+02 -2.03213802e+03
-3.28282828e-06 -7.57575758e-07 9.99985513e+07 4.59342307e+02 -2.08729709e+03
-2.77777778e-06 -7.57575758e-07 9.99986020e+07 7.27142888e+02 -2.06992917e+03
-2.27272727e-06 -7.57575758e-07 9.99986198e+07 1.00452277e+03 -1.97680975e+03
-1.76767677e-06 -7.57575758e-07 9.99986038e+07 1.25825091e+03 -1.81603816e+03
-1.26262626e-06 -7.57575758e-07 9.99985608e+07 1.46145430e+03 -1.60521301e+03
-7.57575758e-07 -7.57575758e-07 9.99985025e+07 1.59786154e+03 -1.36720713e+03
-2.52525253e-07 -7.57575758e-07 9.99984420e+07 1.66284918e+03 -1.12520708e+03
2.52525253e-07 -7.57575758e-07 9.99983905e+07 1.66163329e+03 -8.98685945e+02
7.57575758e-07 -7.57575758e-07 9.99983557e+07 1.60587012e+03 -7.01225883e+02
1.26262626e-06 -7.57575758e-07 9.99983411e+07 1.51005158e+03 -5.40196005e+02
1.76767677e-06 -7.57575758e-07 9.99983469e+07 1.38863245e+03 -4.17708137e+02
2.27272727e-06 -7.57575758e-07 9.99983708e+07 1.25423618e+03 -3.32137496e+02
2.77777778e-06 -7.57575758e-07 9.99984094e+07 1.11685210e+03 -2.79656191e+02
3.28282828e-06 -7.57575758e-07 9.99984588e+07 9.83739722e+02 -2.55478876e+02
3.78787879e-06 -7.57575758e-07 9.99985153e+07 8.59736643e+02 -2.54728842e+02
4.29292929e-06 -7.57575758e-07 9.99985757e+07 7.47734881e+02 -2.72956783e+02
4.79797980e-06 -7.57575758e-07 9.99986378e+07 6.49176988e+02 -3.06394806e+02
5.30303030e-06 -7.57575758e-07 9.99986997e+07 5.64495773e+02 -3.52033166e+02
5.80808081e-06 -7.57575758e-07 9.99987605e+07 4.93469689e+02 -4.07591331e+02
6.31313131e-06 -7.57575758e-07 9.99988200e+07 4.35493536e+02 -4.71433700e+02
6.81818182e-06 -7.57575758e-07 9.99988786e+07 3.89777267e+02 -5.42460864e+02
7.32323232e-06 -7.57575758e-07 9.99989373e+07 3.55490650e+02 -6.19992047e+02
7.82828283e-06 -7.57575758e-07 9.99989980e+07 3.31872696e+02 -7.03642884e+02
8.33333333e-06 -7.57575758e-07 9.99990634e+07 3.18325374e+02 -7.93193626e+02
8.83838384e-06 -7.57575758e-07 9.99991375e+07 3.14513504e+02 -8.88434561e+02
9.34343434e-06 -7.57575758e-07 9.99992258e+07 3.20499353e+02 -9.88966045e+02
9.84848485e-06 -7.57575758e-07 9.99993362e+07 3.36954908e+02 -1.09391828e+03
1.03535354e-05 -7.57575758e-07 9.99994792e+07 3.65523138e+02 -1.20153951e+03
1.08585859e-05 -7.57575758e-07 9.99996701e+07 4.09452686e+02 -1.30858092e+03
1.13636364e-05 -7.57575758e-07 9.99999299e+07 4.74726989e+02 -1.40938934e+03
1.18686869e-05 -7.57575758e-07 1.00000288e+08 5.72077957e+02 -1.49463017e+03
1.23737374e-05 -7.57575758e-07 1.00000784e+08 7.20549681e+02 -1.54968291e+03
1.28787879e-05 -7.57575758e-07 1.00001471e+08 9.53650664e+02 -1.55319026e+03
1.33838384e-05 -7.57575758e-07 1.00002412e+08 1.32935997e+03 -1.47750492e+03
1.38888889e-05 -7.57575758e-07 1.00003671e+08 1.94421567e+03 -1.29585292e+03
1.43939394e-05 -7.57575758e-07 1.00005283e+08 2.94576963e+03 -1.00698525e+03
1.48989899e-05 -7.57575758e-07 1.00007183e+08 4.51826490e+03 -6.94215324e+02
1.54040404e-05 -7.57575758e-07 1.00009124e+08 6.77515961e+03 -6.21639175e+02
1.59090909e-05 -7.57575758e-07 1.00010662e+08 9.46774125e+03 -1.28129646e+03
1.64141414e-05 -7.57575758e-07 1.00011421e+08 1.15964030e+04 -3.14030211e+03
1.69191919e-05 -7.57575758e-07 1.00011557e+08 1.15083752e+04 -5.98036928e+03
1.74242424e-05 -7.57575758e-07 1.00011617e+08 7.95592963e+03 -8.60686639e+03
1.79292929e-05 -7.57575758e-07 1.00011489e+08 8.71379739e+02 -9.82976191e+03
1.84343434e-05 -7.57575758e-07 1.00010052e+08 -9.88092769e+03 -9.43156128e+03
1.89393939e-05 -7.57575758e-07 1.00007922e+08 -2.58623643e+04 -6.03504490e+03
1.94444444e-05 -7.57575758e-07 1.00010145e+08 -4.15221163e+04 6.82685682e+03
1.99494949e-05 -7.57575758e-07 1.00011511e+08 -3.66630139e+04 2.36121164e+04
2.04545455e-05 -7.57575758e-07 1.00004339e+08 -1.78627226e+04 2.59648975e+04
2.09595960e-05 -7.57575758e-07 9.99970053e+07 -4.62255297e+03 1.90629147e+04
2.14646465e-05 -7.57575758e-07 9.99934251e+07 1.26131575e+03 1.21042583e+04
2.19696970e-05 -7.57575758e-07 9.99924283e+07 3.30724571e+03 7.31886868e+03
2.24747475e-05 -7.57575758e-07 9.99926224e+07 3.75583702e+03 4.33198793e+03
2.29797980e-05 -7.57575758e-07 9.99932586e+07 3.60247926e+03 2.50338550e+03
2.34848485e-05 -7.57575758e-07 9.99940043e+07 3.25201877e+03 1.37877953e+03
2.39898990e-05 -7.57575758e-07 9.99947253e+07 2.86374037e+03 6.80020968e+02
2.44949495e-05 -7.57575758e-07 9.99953746e+07 2.49716500e+03 2.42037876e+02
2.50000000e-05 -7.57575758e-07 9.99959414e+07 2.17136489e+03 -3.35169567e+01
-2.50000000e-05 -2.52525253e-07 9.99997586e+07 -5.49421215e+02 3.27326994e+02
-2.44949495e-05 -2.52525253e-07 9.99997957e+07 -5.03747389e+02 3.79090762e+02
-2.39898990e-05 -2.52525253e-07 9.99998393e+07 -4.46757362e+02 4.32465364e+02
-2.34848485e-05 -2.52525253e-07 9.99998894e+07 -3.77341375e+02 4.86677360e+02
-2.29797980e-05 -2.52525253e-07 9.99999456e+07 -2.94458092e+02 5.40798747e+02
-2.24747475e-05 -2.52525253e-07 1.00000007e+08 -1.97189555e+02 5.93760203e+02
-2.19696970e-05 -2.52525253e-07 1.00000074e+08 -8.48095662e+01 6.44379562e+02
-2.14646465e-05 -2.52525253e-07 1.00000144e+08 4.31313119e+01 6.91408221e+02
-2.09595960e-05 -2.52525253e-07 1.00000216e+08 1.86699896e+02 7.33595946e+02
-2.04545455e-05 -2.52525253e-07 1.00000288e+08 3.45448893e+02 7.69769869e+02
-1.99494949e-05 -2.52525253e-07 1.00000358e+08 5.18256834e+02 7.98915152e+02
-1.94444444e-05 -2.52525253e-07 1.00000423e+08 7.03144138e+02 8.20232743e+02
-1.89393939e-05 -2.52525253e-07 1.00000481e+08 8.97088665e+02 8.33136485e+02
-1.84343434e-05 -2.52525253e-07 1.00000530e+08 1.09589766e+03 8.37146834e+02
-1.79292929e-05 -2.52525253e-07 1.00000568e+08 1.29423607e+03 8.31658880e+02
-1.74242424e-05 -2.52525253e-07 1.00000594e+08 1.48593587e+03 8.15627019e+02
-1.69191919e-05 -2.52525253e-07 1.00000608e+08 1.66466450e+03 7.87311224e+02
-1.64141414e-05 -2.52525253e-07 1.00000611e+08 1.82486758e+03 7.44304916e+02
-1.59090909e-05 -2.52525253e-07 1.00000604e+08 1.96267477e+03 6.83997759e+02
-1.54040404e-05 -2.52525253e-07 1.00000584e+08 2.07635615e+03 6.04373534e+02
-1.48989899e-05 -2.52525253e-07 1.00000552e+08 2.16612602e+03 5.04771012e+02
-1.43939394e-05 -2.52525253e-07 1.00000505e+08 2.23351068e+03 3.86239644e+02
-1.38888889e-05 -2.52525253e-07 1.00000442e+08 2.28072089e+03 2.51472093e+02
-1.33838384e-05 -2.52525253e-07 1.00000362e+08 2.31022087e+03 1.04649960e+02
-1.28787879e-05 -2.52525253e-07 1.00000262e+08 2.32420317e+03 -4.85350170e+01
-1.23737374e-05 -2.52525253e-07 1.00000140e+08 2.32356852e+03 -2.00941415e+02
-1.18686869e-05 -2.52525253e-07 9.99999970e+07 2.30661726e+03 -3.44782700e+02
-1.13636364e-05 -2.52525253e-07 9.99998340e+07 2.26849011e+03 -4.73445413e+02
-1.08585859e-05 -2.52525253e-07 9.99996560e+07 2.20233180e+03 -5.83523287e+02
-1.03535354e-05 -2.52525253e-07 9.99994691e+07 2.10186228e+03 -6.75734441e+02
-9.84848485e-06 -2.52525253e-07 9.99992798e+07 1.96385450e+03 -7.54201997e+02
-9.34343434e-06 -2.52525253e-07 9.99990938e+07 1.78928063e+03 -8.24836203e+02
-8.83838384e-06 -2.52525253e-07 9.99989162e+07 1.58310406e+03 -8.93892404e+02
-8.33333333e-06 -2.52525253e-07 9.99987523e+07 1.35347603e+03 -9.67172214e+02
-7.82828283e-06 -2.52525253e-07 9.99986075e+07 1.11100157e+03 -1.04967751e+03
-7.32323232e-06 -2.52525253e-07 9.99984876e+07 8.68266606e+02 -1.14532074e+03
-6.81818182e-06 -2.52525253e-07 9.99983978e+07 6.39459959e+02 -1.25642957e+03
-6.31313131e-06 -2.52525253e-07 9.99983423e+07 4.39797144e+02 -1.38300742e+03
-5.80808081e-06 -2.52525253e-07 9.99983228e+07 2.84487968e+02 -1.52190048e+03
-5.30303030e-06 -2.52525253e-07 9.99983377e+07 1.87121064e+02 -1.66615851e+03
-4.79797980e-06 -2.52525253e-07 9.99983810e+07 1.57546290e+02 -1.80495287e+03
-4.29292929e-06 -2.52525253e-07 9.99984431e+07 1.99605267e+02 -1.92439327e+03
-3.78787879e-06 -2.52525253e-07 9.99985116e+07 3.09325086e+02 -2.00940427e+03
-3.28282828e-06 -2.52525253e-07 9.99985733e+07 4.74312291e+02 -2.04646762e+03
-2.77777778e-06 -2.52525253e-07 9.99986171e+07 6.74907050e+02 -2.02660362e+03
-2.27272727e-06 -2.52525253e-07 9.99986360e+07 8.87133942e+02 -1.94767412e+03
-1.76767677e-06 -2.52525253e-07 9.99986286e+07 1.08679360e+03 -1.81517416e+03
-1.26262626e-06 -2.52525253e-07 9.99985989e+07 1.25353778e+03 -1.64118581e+03
-7.57575758e-07 -2.52525253e-07 9.99985546e+07 1.37376712e+03 -1.44186395e+03
-2.52525253e-07 -2.52525253e-07 9.99985049e+07 1.44169636e+03 -1.23433100e+03
2.52525253e-07 -2.52525253e-07 9.99984582e+07 1.45864622e+03 -1.03392817e+03
7.57575758e-07 -2.52525253e-07 9.99984212e+07 1.43116421e+03 -8.52445940e+02
1.26262626e-06 -2.52525253e-07 9.99983976e+07 1.36874941e+03 -6.97484854e+02
1.76767677e-06 -2.52525253e-07 9.99983888e+07 1.28180600e+03 -5.72727883e+02
2.27272727e-06 -2.52525253e-07 9.99983939e+07 1.18015734e+03 -4.78746177e+02
2.77777778e-06 -2.52525253e-07 9.99984111e+07 1.07218370e+03 -4.13981142e+02
3.28282828e-06 -2.52525253e-07 9.99984375e+07 9.64480908e+02 -3.75658153e+02
3.78787879e-06 -2.52525253e-07 9.99984702e+07 8.61876103e+02 -3.60510692e+02
4.29292929e-06 -2.52525253e-07 9.99985065e+07 7.67644330e+02 -3.65286620e+02
4.79797980e-06 -2.52525253e-07 9.99985441e+07 6.83808068e+02 -3.87061234e+02
5.30303030e-06 -2.52525253e-07 9.99985811e+07 6.11444753e+02 -4.23402684e+02
5.80808081e-06 -2.52525253e-07 9.99986160e+07 5.50962464e+02 -4.72436694e+02
6.31313131e-06 -2.52525253e-07 9.99986480e+07 5.02328071e+02 -5.32849585e+02
6.81818182e-06 -2.52525253e-07 9.99986766e+07 4.65246559e+02 -6.03857911e+02
7.32323232e-06 -2.52525253e-07 9.99987018e+07 4.39297789e+02 -6.85162818e+02
7.82828283e-06 -2.52525253e-07 9.99987244e+07 4.24040458e+02 -7.76898503e+02
8.33333333e-06 -2.52525253e-07 9.99987456e+07 4.19094708e+02 -8.79576630e+02
8.83838384e-06 -2.52525253e-07 9.99987676e+07 4.24216690e+02 -9.94021076e+02
9.34343434e-06 -2.52525253e-07 9.99987939e+07 4.39382377e+02 -1.12127824e+03
9.84848485e-06 -2.52525253e-07 9.99988296e+07 4.64907048e+02 -1.26247451e+03
1.03535354e-05 -2.52525253e-07 9.99988827e+07 5.01646495e+02 -1.41857004e+03
1.08585859e-05 -2.52525253e-07 9.99989650e+07 5.51367373e+02 -1.58992039e+03
1.13636364e-05 -2.52525253e-07 9.99990947e+07 6.17460187e+02 -1.77549454e+03
1.18686869e-05 -2.52525253e-07 9.99992995e+07 7.06348002e+02 -1.97150129e+03
1.23737374e-05 -2.52525253e-07 9.99996217e+07 8.30316488e+02 -2.16905259e+03
1.28787879e-05 -2.52525253e-07 1.00000125e+08 1.01324549e+03 -2.35043891e+03
1.33838384e-05 -2.52525253e-07 1.00000904e+08 1.30214291e+03 -2.48402736e+03
1.38888889e-05 -2.52525253e-07 1.00002089e+08 1.78951465e+03 -2.52018548e+03
1.43939394e-05 -2.52525253e-07 1.00003835e+08 2.65219473e+03 -2.39922039e+03
1.48989899e-05 -2.52525253e-07 1.00006255e+08 4.19817947e+03 -2.10565658e+03
1.54040404e-05 -2.52525253e-07 1.00009230e+08 6.83807749e+03 -1.83937273e+03
1.59090909e-05 -2.52525253e-07 1.00012160e+08 1.06947139e+04 -2.31362702e+03
1.64141414e-05 -2.52525253e-07 1.00014185e+08 1.45253972e+04 -4.67037953e+03
1.69191919e-05 -2.52525253e-07 1.00015543e+08 1.50984749e+04 -8.91576746e+03
1.74242424e-05 -2.52525253e-07 1.00018060e+08 9.85137811e+03 -1.23160329e+04
1.79292929e-05 -2.52525253e-07 1.00022255e+08 3.14595785e+01 -1.18803199e+04
1.84343434e-05 -2.52525253e-07 1.00024799e+08 -1.22308741e+04 -7.98914591e+03
1.89393939e-05 -2.52525253e-07 1.00019021e+08 -3.19795705e+04 -3.91564514e+03
1.94444444e-05 -2.52525253e-07 1.00015832e+08 -6.97157923e+04 1.54704712e+04
1.99494949e-05 -2.52525253e-07 1.00012982e+08 -4.62902456e+04 4.94274057e+04
2.04545455e-05 -2.52525253e-07 9.99923352e+07 -6.00182355e+03 3.41863475e+04
2.09595960e-05 -2.52525253e-07 9.99853548e+07 5.90895428e+03 1.67677632e+04
2.14646465e-05 -2.52525253e-07 9.99856335e+07 7.55402805e+03 7.76152146e+03
2.19696970e-05 -2.52525253e-07 9.99876258e+07 6.82393681e+03 3.43463012e+03
2.24747475e-05 -2.52525253e-07 9.99896838e+07 5.72664700e+03 1.30166892e+03
2.29797980e-05 -2.52525253e-07 9.99914366e+07 4.72596216e+03 2.17427767e+02
2.34848485e-05 -2.52525253e-07 9.99928554e+07 3.90206399e+03 -3.41499794e+02
2.39898990e-05 -2.52525253e-07 9.99939902e+07 3.24216481e+03 -6.25624621e+02
2.44949495e-05 -2.52525253e-07 9.99948993e+07 2.71578908e+03 -7.61119037e+02
2.50000000e-05 -2.52525253e-07 9.99956329e+07 2.29398765e+03 -8.14460100e+02
-2.50000000e-05 2.52525253e-07 9.99996845e+07 -6.02743346e+02 3.29875221e+02
-2.44949495e-05 2.52525253e-07 9.99997173e+07 -5.59500137e+02 3.87315649e+02
-2.39898990e-05 2.52525253e-07 9.99997569e+07 -5.04271573e+02 4.47382927e+02
-2.34848485e-05 2.52525253e-07 9.99998036e+07 -4.35779778e+02 5.09345133e+02
-2.29797980e-05 2.52525253e-07 9.99998570e+07 -3.52818041e+02 5.72287964e+02
-2.24747475e-05 2.52525253e-07 9.99999168e+07 -2.54318343e+02 6.35118379e+02
-2.19696970e-05 2.52525253e-07 9.99999823e+07 -1.39435083e+02 6.96581097e+02
-2.14646465e-05 2.52525253e-07 1.00000052e+08 -7.64668857e+00 7.55289686e+02
-2.09595960e-05 2.52525253e-07 1.00000126e+08 1.41123867e+02 8.09771774e+02
-2.04545455e-05 2.52525253e-07 1.00000200e+08 3.06370601e+02 8.58523905e+02
-1.99494949e-05 2.52525253e-07 1.00000274e+08 4.86853517e+02 9.00065778e+02
-1.94444444e-05 2.52525253e-07 1.00000344e+08 6.80449347e+02 9.32977010e+02
-1.89393939e-05 2.52525253e-07 1.00000409e+08 8.84032961e+02 9.55895305e+02
-1.84343434e-05 2.52525253e-07 1.00000467e+08 1.09343756e+03 9.67459162e+02
-1.79292929e-05 2.52525253e-07 1.00000515e+08 1.30355753e+03 9.66198702e+02
-1.74242424e-05 2.52525253e-07 1.00000553e+08 1.50865267e+03 9.50417627e+02
-1.69191919e-05 2.52525253e-07 1.00000578e+08 1.70286497e+03 9.18154203e+02
-1.64141414e-05 2.52525253e-07 1.00000592e+08 1.88086526e+03 8.67323165e+02
-1.59090909e-05 2.52525253e-07 1.00000592e+08 2.03844870e+03 7.96083401e+02
-1.54040404e-05 2.52525253e-07 1.00000577e+08 2.17287589e+03 7.03353180e+02
-1.48989899e-05 2.52525253e-07 1.00000547e+08 2.28286384e+03 5.89288216e+02
-1.43939394e-05 2.52525253e-07 1.00000500e+08 2.36830406e+03 4.55552369e+02
-1.38888889e-05 2.52525253e-07 1.00000433e+08 2.42987187e+03 3.05350041e+02
-1.33838384e-05 2.52525253e-07 1.00000346e+08 2.46860691e+03 1.43314808e+02
-1.28787879e-05 2.52525253e-07 1.00000238e+08 2.48539959e+03 -2.46891062e+01
-1.23737374e-05 2.52525253e-07 1.00000108e+08 2.48033253e+03 -1.91971488e+02
-1.18686869e-05 2.52525253e-07 9.99999585e+07 2.45207919e+03 -3.51828574e+02
-1.13636364e-05 2.52525253e-07 9.99997915e+07 2.39781573e+03 -4.98743548e+02
-1.08585859e-05 2.52525253e-07 9.99996122e+07 2.31398106e+03 -6.29551063e+02
-1.03535354e-05 2.52525253e-07 9.99994264e+07 2.19768902e+03 -7.43988158e+02
-9.84848485e-06 2.52525253e-07 9.99992404e+07 2.04813560e+03 -8.44390512e+02
-9.34343434e-06 2.52525253e-07 9.99990602e+07 1.86740857e+03 -9.34808420e+02
-8.83838384e-06 2.52525253e-07 9.99988913e+07 1.66057197e+03 -1.02002884e+03
-8.33333333e-06 2.52525253e-07 9.99987388e+07 1.43528668e+03 -1.10481037e+03
-7.82828283e-06 2.52525253e-07 9.99986075e+07 1.20128815e+03 -1.19334671e+03
-7.32323232e-06 2.52525253e-07 9.99985018e+07 9.69875624e+02 -1.28881873e+03
-6.81818182e-06 2.52525253e-07 9.99984253e+07 7.53381277e+02 -1.39291075e+03
-6.31313131e-06 2.52525253e-07 9.99983800e+07 5.64490673e+02 -1.50527033e+03
-5.80808081e-06 2.52525253e-07 9.99983661e+07 4.15290601e+02 -1.62300628e+03
-5.30303030e-06 2.52525253e-07 9.99983808e+07 3.16003579e+02 -1.74040633e+03
-4.79797980e-06 2.52525253e-07 9.99984186e+07 2.73505662e+02 -1.84908993e+03
-4.29292929e-06 2.52525253e-07 9.99984712e+07 2.89885257e+02 -1.93876987e+03
-3.78787879e-06 2.52525253e-07 9.99985288e+07 3.61431690e+02 -1.99865986e+03
-3.28282828e-06 2.52525253e-07 9.99985813e+07 4.78467878e+02 -2.01934752e+03
-2.77777778e-06 2.52525253e-07 9.99986203e+07 6.26297369e+02 -1.99472302e+03
-2.27272727e-06 2.52525253e-07 9.99986401e+07 7.87225617e+02 -1.92342689e+03
-1.76767677e-06 2.52525253e-07 9.99986393e+07 9.43245060e+02 -1.80935621e+03
-1.26262626e-06 2.52525253e-07 9.99986200e+07 1.07871805e+03 -1.66105196e+03
-7.57575758e-07 2.52525253e-07 9.99985871e+07 1.18238954e+03 -1.49016294e+03
-2.52525253e-07 2.52525253e-07 9.99985470e+07 1.24831742e+03 -1.30946541e+03
2.52525253e-07 2.52525253e-07 9.99985062e+07 1.27568661e+03 -1.13098830e+03
7.57575758e-07 2.52525253e-07 9.99984700e+07 1.26779316e+03 -9.64653924e+02
1.26262626e-06 2.52525253e-07 9.99984418e+07 1.23063014e+03 -8.17599433e+02
1.76767677e-06 2.52525253e-07 9.99984234e+07 1.17147494e+03 -6.94120110e+02
2.27272727e-06 2.52525253e-07 9.99984150e+07 1.09774017e+03 -5.96045701e+02
2.77777778e-06 2.52525253e-07 9.99984155e+07 1.01619408e+03 -5.23333317e+02
3.28282828e-06 2.52525253e-07 9.99984230e+07 9.32538484e+02 -4.74700537e+02
3.78787879e-06 2.52525253e-07 9.99984353e+07 8.51268324e+02 -4.48187857e+02
4.29292929e-06 2.52525253e-07 9.99984501e+07 7.75719740e+02 -4.41600690e+02
4.79797980e-06 2.52525253e-07 9.99984651e+07 7.08223420e+02 -4.52824217e+02
5.30303030e-06 2.52525253e-07 9.99984784e+07 6.50301447e+02 -4.80028443e+02
5.80808081e-06 2.52525253e-07 9.99984881e+07 6.02868015e+02 -5.21790189e+02
6.31313131e-06 2.52525253e-07 9.99984927e+07 5.66412385e+02 -5.77159284e+02
6.81818182e-06 2.52525253e-07 9.99984910e+07 5.41155130e+02 -6.45692402e+02
7.32323232e-06 2.52525253e-07 9.99984821e+07 5.27176588e+02 -7.27472857e+02
7.82828283e-06 2.52525253e-07 9.99984652e+07 5.24520932e+02 -8.23129794e+02
8.33333333e-06 2.52525253e-07 9.99984398e+07 5.33281607e+02 -9.33865953e+02
8.83838384e-06 2.52525253e-07 9.99984060e+07 5.53675342e+02 -1.06149948e+03
9.34343434e-06 2.52525253e-07 9.99983642e+07 5.86113669e+02 -1.20852096e+03
9.84848485e-06 2.52525253e-07 9.99983159e+07 6.31284491e+02 -1.37816022e+03
1.03535354e-05 2.52525253e-07 9.99982640e+07 6.90264580e+02 -1.57444463e+03
1.08585859e-05 2.52525253e-07 9.99982140e+07 7.64703392e+02 -1.80220348e+03
1.13636364e-05 2.52525253e-07 9.99981755e+07 8.57164369e+02 -2.06691633e+03
1.18686869e-05 2.52525253e-07 9.99981657e+07 9.71819742e+02 -2.37418234e+03
1.23737374e-05 2.52525253e-07 9.99982148e+07 1.11596459e+03 -2.72833812e+03
1.28787879e-05 2.52525253e-07 9.99983759e+07 1.30349554e+03 -3.12925561e+03
1.33838384e-05 2.52525253e-07 9.99987424e+07 1.56323968e+03 -3.56547657e+03
1.38888889e-05 2.52525253e-07 9.99994764e+07 1.95944239e+03 -4.00085065e+03
1.43939394e-05 2.52525253e-07 1.00000847e+08 2.64217824e+03 -4.35377319e+03
1.48989899e-05 2.52525253e-07 1.00003248e+08 3.96343949e+03 -4.48929074e+03
1.54040404e-05 2.52525253e-07 1.00007038e+08 6.67768486e+03 -4.34589779e+03
1.59090909e-05 2.52525253e-07 1.00011852e+08 1.18882067e+04 -4.57957970e+03
1.64141414e-05 2.52525253e-07 1.00015747e+08 1.90159446e+04 -7.70272634e+03
1.69191919e-05 2.52525253e-07 1.00018047e+08 2.13597550e+04 -1.55378339e+04
1.74242424e-05 2.52525253e-07 1.00023802e+08 1.17943029e+04 -2.18498370e+04
1.79292929e-05 2.52525253e-07 1.00035986e+08 -4.82998912e+03 -1.93767537e+04
1.84343434e-05 2.52525253e-07 1.00052668e+08 -2.16753671e+04 -8.69223760e+03
1.89393939e-05 2.52525253e-07 1.00070438e+08 -4.17622766e+04 9.32400765e+03
1.94444444e-05 2.52525253e-07 1.00024302e+08 -1.71856903e+05 2.26583901e+04
1.99494949e-05 2.52525253e-07 9.99663984e+07 -3.26583441e+03 9.00296634e+04
2.04545455e-05 2.52525253e-07 9.99566910e+07 2.37441678e+04 1.80684138e+04
2.09595960e-05 2.52525253e-07 9.99697598e+07 1.70482464e+04 2.90628413e+03
2.14646465e-05 2.52525253e-07 9.99786581e+07 1.19172538e+04 -9.79594410e+02
2.19696970e-05 2.52525253e-07 9.99842952e+07 8.65024501e+03 -2.06774347e+03
2.24747475e-05 2.52525253e-07 9.99880133e+07 6.51004601e+03 -2.29411194e+03
2.29797980e-05 2.52525253e-07 9.99905788e+07 5.04639455e+03 -2.22735283e+03
2.34848485e-05 2.52525253e-07 9.99924184e+07 4.00631982e+03 -2.06313179e+03
2.39898990e-05 2.52525253e-07 9.99937801e+07 3.24315420e+03 -1.87493690e+03
2.44949495e-05 2.52525253e-07 9.99948151e+07 2.66800377e+03 -1.69111059e+03
2.50000000e-05 2.52525253e-07 9.99956193e+07 2.22469780e+03 -1.52199720e+03
-2.50000000e-05 7.57575758e-07 9.99996067e+07 -6.61301721e+02 3.30665348e+02
-2.44949495e-05 7.57575758e-07 9.99996346e+07 -6.21528112e+02 3.93907641e+02
-2.39898990e-05 7.57575758e-07 9.99996698e+07 -5.69157137e+02 4.60899544e+02
-2.34848485e-05 7.57575758e-07 9.99997128e+07 -5.02715442e+02 5.30957036e+02
-2.29797980e-05 7.57575758e-07 9.99997633e+07 -4.20793208e+02 6.03177081e+02
-2.24747475e-05 7.57575758e-07 9.99998213e+07 -3.22122173e+02 6.76428236e+02
-2.19696970e-05 7.57575758e-07 9.99998861e+07 -2.05672220e+02 7.49352006e+02
-2.14646465e-05 7.57575758e-07 9.99999569e+07 -7.07668236e+01 8.20376835e+02
-2.09595960e-05 7.57575758e-07 1.00000032e+08 8.27842957e+01 8.87745008e+02
-2.04545455e-05 7.57575758e-07 1.00000111e+08 2.54540290e+02 9.49549987e+02
-1.99494949e-05 7.57575758e-07 1.00000190e+08 4.43282423e+02 1.00377828e+03
-1.94444444e-05 7.57575758e-07 1.00000268e+08 6.46883629e+02 1.04834692e+03
-1.89393939e-05 7.57575758e-07 1.00000342e+08 8.62222543e+02 1.08112726e+03
-1.84343434e-05 7.57575758e-07 1.00000411e+08 1.08517940e+03 1.09995133e+03
-1.79292929e-05 7.57575758e-07 1.00000471e+08 1.31075374e+03 1.10261061e+03
-1.74242424e-05 7.57575758e-07 1.00000520e+08 1.53333030e+03 1.08687734e+03
-1.69191919e-05 7.57575758e-07 1.00000557e+08 1.74708383e+03 1.05059417e+03
-1.64141414e-05 7.57575758e-07 1.00000581e+08 1.94646021e+03 9.91873025e+02
-1.59090909e-05 7.57575758e-07 1.00000588e+08 2.12662627e+03 9.09405938e+02
-1.54040404e-05 7.57575758e-07 1.00000578e+08 2.28377716e+03 8.02830052e+02
-1.48989899e-05 7.57575758e-07 1.00000550e+08 2.41524192e+03 6.73045122e+02
-1.43939394e-05 7.57575758e-07 1.00000500e+08 2.51940406e+03 5.22391048e+02
-1.38888889e-05 7.57575758e-07 1.00000429e+08 2.59549555e+03 3.54649963e+02
-1.33838384e-05 7.57575758e-07 1.00000336e+08 2.64330608e+03 1.74887157e+02
-1.28787879e-05 7.57575758e-07 1.00000220e+08 2.66281936e+03 -1.08618671e+01
-1.23737374e-05 7.57575758e-07 1.00000083e+08 2.65381810e+03 -1.96094378e+02
-1.18686869e-05 7.57575758e-07 9.99999275e+07 2.61559916e+03 -3.74563065e+02
-1.13636364e-05 7.57575758e-07 9.99997567e+07 2.54700581e+03 -5.41133086e+02
-1.08585859e-05 7.57575758e-07 9.99995758e+07 2.44689377e+03 -6.92533699e+02
-1.03535354e-05 7.57575758e-07 9.99993907e+07 2.31491366e+03 -8.27728768e+02
-9.84848485e-06 7.57575758e-07 9.99992077e+07 2.15230088e+03 -9.47785792e+02
-9.34343434e-06 7.57575758e-07 9.99990325e+07 1.96237618e+03 -1.05535299e+03
-8.83838384e-06 7.57575758e-07 9.99988707e+07 1.75064753e+03 -1.15397614e+03
-8.33333333e-06 7.57575758e-07 9.99987271e+07 1.52459178e+03 -1.24744332e+03
-7.82828283e-06 7.57575758e-07 9.99986057e+07 1.29326012e+03 -1.33922399e+03
-7.32323232e-06 7.57575758e-07 9.99985101e+07 1.06680292e+03 -1.43197942e+03
-6.81818182e-06 7.57575758e-07 9.99984424e+07 8.55925485e+02 -1.52710754e+03
-6.31313131e-06 7.57575758e-07 9.99984035e+07 6.71231168e+02 -1.62432658e+03
-5.80808081e-06 7.57575758e-07 9.99983923e+07 5.22408013e+02 -1.72136187e+03
-5.30303030e-06 7.57575758e-07 9.99984058e+07 4.17264339e+02 -1.81384550e+03
-4.79797980e-06 7.57575758e-07 9.99984387e+07 3.60702355e+02 -1.89554847e+03
-4.29292929e-06 7.57575758e-07 9.99984840e+07 3.53809095e+02 -1.95902476e+03
-3.78787879e-06 7.57575758e-07 9.99985337e+07 3.93305001e+02 -1.99665238e+03
-3.28282828e-06 7.57575758e-07 9.99985798e+07 4.71581688e+02 -2.00192625e+03
-2.77777778e-06 7.57575758e-07 9.99986157e+07 5.77456803e+02 -1.97073587e+03
-2.27272727e-06 7.57575758e-07 9.99986368e+07 6.97589173e+02 -1.90230646e+03
-1.76767677e-06 7.57575758e-07 9.99986413e+07 8.18293494e+02 -1.79953901e+03
-1.26262626e-06 7.57575758e-07 9.99986303e+07 9.27358255e+02 -1.66864829e+03
-7.57575758e-07 7.57575758e-07 9.99986070e+07 1.01546912e+03 -1.51820505e+03
-2.52525253e-07 7.57575758e-07 9.99985756e+07 1.07697464e+03 -1.35785277e+03
2.52525253e-07 7.57575758e-07 9.99985409e+07 1.10993831e+03 -1.19702487e+03
7.57575758e-07 7.57575758e-07 9.99985070e+07 1.11561058e+03 -1.04392944e+03
1.26262626e-06 7.57575758e-07 9.99984771e+07 1.09756194e+03 -9.04941429e+02
1.76767677e-06 7.57575758e-07 9.99984529e+07 1.06072739e+03 -7.84408382e+02
2.27272727e-06 7.57575758e-07 9.99984349e+07 1.01055305e+03 -6.84783186e+02
2.77777778e-06 7.57575758e-07 9.99984228e+07 9.52349012e+02 -6.06958886e+02
3.28282828e-06 7.57575758e-07 9.99984152e+07 8.90874824e+02 -5.50687257e+02
3.78787879e-06 7.57575758e-07 9.99984105e+07 8.30132309e+02 -5.14993588e+02
4.29292929e-06 7.57575758e-07 9.99984067e+07 7.73316143e+02 -4.98536624e+02
4.79797980e-06 7.57575758e-07 9.99984017e+07 7.22868821e+02 -4.99893419e+02
5.30303030e-06 7.57575758e-07 9.99983934e+07 6.80594468e+02 -5.17769903e+02
5.80808081e-06 7.57575758e-07 9.99983797e+07 6.47798124e+02 -5.51149646e+02
6.31313131e-06 7.57575758e-07 9.99983587e+07 6.25429134e+02 -5.99398091e+02
6.81818182e-06 7.57575758e-07 9.99983284e+07 6.14217181e+02 -6.62340292e+02
7.32323232e-06 7.57575758e-07 9.99982869e+07 6.14796688e+02 -7.40329069e+02
7.82828283e-06 7.57575758e-07 9.99982320e+07 6.27820207e+02 -8.34319175e+02
8.33333333e-06 7.57575758e-07 9.99981615e+07 6.54064684e+02 -9.45962536e+02
8.83838384e-06 7.57575758e-07 9.99980730e+07 6.94536789e+02 -1.07774045e+03
9.34343434e-06 7.57575758e-07 9.99979639e+07 7.50585589e+02 -1.23315131e+03
9.84848485e-06 7.57575758e-07 9.99978310e+07 8.24033475e+02 -1.41697737e+03
1.03535354e-05 7.57575758e-07 9.99976712e+07 9.17340527e+02 -1.63566087e+03
1.08585859e-05 7.57575758e-07 9.99974811e+07 1.03382544e+03 -1.89782811e+03
1.13636364e-05 7.57575758e-07 9.99972578e+07 1.17798273e+03 -2.21500397e+03
1.18686869e-05 7.57575758e-07 9.99970002e+07 1.35597416e+03 -2.60254385e+03
1.23737374e-05 7.57575758e-07 9.99967117e+07 1.57647030e+03 -3.08072506e+03
1.28787879e-05 7.57575758e-07 9.99964072e+07 1.85229618e+03 -3.67564068e+03
1.33838384e-05 7.57575758e-07 9.99961267e+07 2.20419671e+03 -4.41860109e+03
1.38888889e-05 7.57575758e-07 9.99959699e+07 2.67093710e+03 -5.33997439e+03
1.43939394e-05 7.57575758e-07 9.99961709e+07 3.34039615e+03 -6.44577134e+03
1.48989899e-05 7.57575758e-07 9.99972632e+07 4.45544721e+03 -7.64895306e+03
1.54040404e-05 7.57575758e-07 1.00000341e+08 6.78630447e+03 -8.63577068e+03
1.59090909e-05 7.57575758e-07 1.00006812e+08 1.27149324e+04 -9.09646331e+03
1.64141414e-05 7.57575758e-07 1.00014552e+08 2.61277518e+04 -1.23437858e+04
1.69191919e-05 7.57575758e-07 1.00016675e+08 3.51315363e+04 -2.85133824e+04
1.74242424e-05 7.57575758e-07 1.00025865e+08 1.46418024e+04 -4.18109264e+04
1.79292929e-05 7.57575758e-07 1.00044947e+08 -1.38216353e+04 -3.74000920e+04
1.84343434e-05 7.57575758e-07 1.00085255e+08 -6.51734459e+04 -2.11236831e+04
1.89393939e-05 7.57575758e-07 1.00485530e+08 3.76907275e+04 2.24688145e+05
1.94444444e-05 7.57575758e-07 9.98595751e+07 1.47983210e+06 -1.66192033e+06
1.99494949e-05 7.57575758e-07 9.98855237e+07 6.46021379e+04 -6.31318474e+04
2.04545455e-05 7.57575758e-07 9.99461829e+07 2.89537719e+04 -2.35344754e+04
2.09595960e-05 7.57575758e-07 9.99683865e+07 1.68273131e+04 -1.34904211e+04
2.14646465e-05 7.57575758e-07 9.99789833e+07 1.10816962e+04 -9.12319881e+03
2.19696970e-05 7.57575758e-07 9.99849553e+07 7.85576146e+03 -6.70413380e+03
2.24747475e-05 7.57575758e-07 9.99886841e+07 5.84935162e+03 -5.17897159e+03
2.29797980e-05 7.57575758e-07 9.99911795e+07 4.51226953e+03 -4.13839364e+03
2.34848485e-05 7.57575758e-07 9.99929357e+07 3.57543770e+03 -3.38973551e+03
2.39898990e-05 7.57575758e-07 9.99942202e+07 2.89342678e+03 -2.83004711e+03
2.44949495e-05 7.57575758e-07 9.99951886e+07 2.38163755e+03 -2.39922070e+03
2.50000000e-05 7.57575758e-07 9.99959371e+07 1.98798840e+03 -2.05980883e+03
-2.50000000e-05 1.26262626e-06 9.99995255e+07 -7.25105994e+02 3.28975641e+02
-2.44949495e-05 1.26262626e-06 9.99995479e+07 -6.89941309e+02 3.98010002e+02
-2.39898990e-05 1.26262626e-06 9.99995783e+07 -6.41636903e+02 4.72024545e+02
-2.34848485e-05 1.26262626e-06 9.99996170e+07 -5.78490377e+02 5.50396567e+02
-2.29797980e-05 1.26262626e-06 9.99996645e+07 -4.98841774e+02 6.32241167e+02
-2.24747475e-05 1.26262626e-06 9.99997206e+07 -4.01160034e+02 7.16385924e+02
-2.19696970e-05 1.26262626e-06 9.99997850e+07 -2.84150748e+02 8.01354574e+02
-2.14646465e-05 1.26262626e-06 9.99998570e+07 -1.46884665e+02 8.85362646e+02
-2.09595960e-05 1.26262626e-06 9.99999355e+07 1.10563868e+01 9.66327187e+02
-2.04545455e-05 1.26262626e-06 1.00000019e+08 1.89423517e+02 1.04189131e+03
-1.99494949e-05 1.26262626e-06 1.00000105e+08 3.87147573e+02 1.10946261e+03
-1.94444444e-05 1.26262626e-06 1.00000193e+08 6.02208159e+02 1.16626318e+03
-1.89393939e-05 1.26262626e-06 1.00000278e+08 8.31550936e+02 1.20938952e+03
-1.84343434e-05 1.26262626e-06 1.00000358e+08 1.07108322e+03 1.23588410e+03
-1.79292929e-05 1.26262626e-06 1.00000431e+08 1.31577534e+03 1.24282670e+03
-1.74242424e-05 1.26262626e-06 1.00000494e+08 1.55988160e+03 1.22746137e+03
-1.69191919e-05 1.26262626e-06 1.00000543e+08 1.79726971e+03 1.18737681e+03
-1.64141414e-05 1.26262626e-06 1.00000577e+08 2.02181530e+03 1.12074790e+03
-1.59090909e-05 1.26262626e-06 1.00000592e+08 2.22779470e+03 1.02662220e+03
-1.54040404e-05 1.26262626e-06 1.00000587e+08 2.41020620e+03 9.05204507e+02
-1.48989899e-05 1.26262626e-06 1.00000560e+08 2.56497394e+03 7.58074003e+02
-1.43939394e-05 1.26262626e-06 1.00000509e+08 2.68902332e+03 5.88275488e+02
-1.38888889e-05 1.26262626e-06 1.00000434e+08 2.78024159e+03 4.00253319e+02
-1.33838384e-05 1.26262626e-06 1.00000334e+08 2.83734414e+03 1.99624011e+02
-1.28787879e-05 1.26262626e-06 1.00000210e+08 2.85967209e+03 -7.20677878e+00
-1.23737374e-05 1.26262626e-06 1.00000066e+08 2.84697166e+03 -2.13574818e+02
-1.18686869e-05 1.26262626e-06 9.99999035e+07 2.79924531e+03 -4.13203314e+02
-1.13636364e-05 1.26262626e-06 9.99997278e+07 2.71677514e+03 -6.00874337e+02
-1.08585859e-05 1.26262626e-06 9.99995442e+07 2.60036301e+03 -7.72977940e+02
-1.03535354e-05 1.26262626e-06 9.99993585e+07 2.45172294e+03 -9.27792535e+02
-9.84848485e-06 1.26262626e-06 9.99991771e+07 2.27387553e+03 -1.06543134e+03
-9.34343434e-06 1.26262626e-06 9.99990055e+07 2.07139323e+03 -1.18750314e+03
-8.83838384e-06 1.26262626e-06 9.99988489e+07 1.85042285e+03 -1.29660741e+03
-8.33333333e-06 1.26262626e-06 9.99987119e+07 1.61850121e+03 -1.39578228e+03
-7.82828283e-06 1.26262626e-06 9.99985980e+07 1.38422535e+03 -1.48797675e+03
-7.32323232e-06 1.26262626e-06 9.99985096e+07 1.15683016e+03 -1.57557194e+03
-6.81818182e-06 1.26262626e-06 9.99984481e+07 9.45693244e+02 -1.65996065e+03
-6.31313131e-06 1.26262626e-06 9.99984134e+07 7.59761342e+02 -1.74120663e+03
-5.80808081e-06 1.26262626e-06 9.99984039e+07 6.06893802e+02 -1.81783047e+03
-5.30303030e-06 1.26262626e-06 9.99984162e+07 4.93148103e+02 -1.88678767e+03
-4.79797980e-06 1.26262626e-06 9.99984455e+07 4.22080362e+02 -1.94370100e+03
-4.29292929e-06 1.26262626e-06 9.99984857e+07 3.94181842e+02 -1.98337602e+03
-3.78787879e-06 1.26262626e-06 9.99985301e+07 4.06598026e+02 -2.00056617e+03
-3.28282828e-06 1.26262626e-06 9.99985722e+07 4.53258739e+02 -1.99087681e+03
-2.77777778e-06 1.26262626e-06 9.99986066e+07 5.25476947e+02 -1.95163247e+03
-2.27272727e-06 1.26262626e-06 9.99986294e+07 6.12963009e+02 -1.88250955e+03
-1.76767677e-06 1.26262626e-06 9.99986387e+07 7.05085826e+02 -1.78577715e+03
-1.26262626e-06 1.26262626e-06 9.99986349e+07 7.92137933e+02 -1.66608550e+03
-7.57575758e-07 1.26262626e-06 9.99986196e+07 8.66360568e+02 -1.52986092e+03
-2.52525253e-07 1.26262626e-06 9.99985960e+07 9.22558189e+02 -1.38446414e+03
2.52525253e-07 1.26262626e-06 9.99985674e+07 9.58248628e+02 -1.23730904e+03
7.57575758e-07 1.26262626e-06 9.99985370e+07 9.73409147e+02 -1.09511591e+03
1.26262626e-06 1.26262626e-06 9.99985072e+07 9.69953076e+02 -9.63406859e+02
1.76767677e-06 1.26262626e-06 9.99984798e+07 9.51092899e+02 -8.46272070e+02
2.27272727e-06 1.26262626e-06 9.99984554e+07 9.20722700e+02 -7.46372921e+02
2.77777778e-06 1.26262626e-06 9.99984340e+07 8.82906952e+02 -6.65113324e+02
3.28282828e-06 1.26262626e-06 9.99984148e+07 8.41514130e+02 -6.02903830e+02
3.78787879e-06 1.26262626e-06 9.99983964e+07 7.99995823e+02 -5.59454761e+02
4.29292929e-06 1.26262626e-06 9.99983772e+07 7.61289339e+02 -5.34054609e+02
4.79797980e-06 1.26262626e-06 9.99983551e+07 7.27812751e+02 -5.25810064e+02
5.30303030e-06 1.26262626e-06 9.99983282e+07 7.01521706e+02 -5.33840166e+02
5.80808081e-06 1.26262626e-06 9.99982942e+07 6.84002892e+02 -5.57427899e+02
6.31313131e-06 1.26262626e-06 9.99982507e+07 6.76586318e+02 -5.96138779e+02
6.81818182e-06 1.26262626e-06 9.99981951e+07 6.80465836e+02 -6.49919036e+02
7.32323232e-06 1.26262626e-06 9.99981248e+07 6.96823528e+02 -7.19187337e+02
7.82828283e-06 1.26262626e-06 9.99980364e+07 7.26958823e+02 -8.04934994e+02
8.33333333e-06 1.26262626e-06 9.99979262e+07 7.72427750e+02 -9.08851462e+02
8.83838384e-06 1.26262626e-06 9.99977896e+07 8.35202258e+02 -1.03349567e+03
9.34343434e-06 1.26262626e-06 9.99976209e+07 9.17865022e+02 -1.18254092e+03
9.84848485e-06 1.26262626e-06 9.99974131e+07 1.02386282e+03 -1.36113399e+03
1.03535354e-05 1.26262626e-06 9.99971569e+07 1.15785345e+03 -1.57643089e+03
1.08585859e-05 1.26262626e-06 9.99968401e+07 1.32620052e+03 -1.83841067e+03
1.13636364e-05 1.26262626e-06 9.99964466e+07 1.53770328e+03 -2.16113542e+03
1.18686869e-05 1.26262626e-06 9.99959547e+07 1.80470575e+03 -2.56474456e+03
1.23737374e-05 1.26262626e-06 9.99953349e+07 2.14483237e+03 -3.07868836e+03
1.28787879e-05 1.26262626e-06 9.99945470e+07 2.58379275e+03 -3.74709811e+03
1.33838384e-05 1.26262626e-06 9.99935380e+07 3.16009848e+03 -4.63787848e+03
1.38888889e-05 1.26262626e-06 9.99922427e+07 3.93348119e+03 -5.85811944e+03
1.43939394e-05 1.26262626e-06 9.99906052e+07 5.00168333e+03 -7.57865382e+03
1.48989899e-05 1.26262626e-06 9.99886847e+07 6.54290920e+03 -1.00609110e+04
1.54040404e-05 1.26262626e-06 9.99871287e+07 8.98181242e+03 -1.35990799e+04
1.59090909e-05 1.26262626e-06 9.99891600e+07 1.40697177e+04 -1.78114826e+04
1.64141414e-05 1.26262626e-06 1.00004201e+08 3.34917991e+04 -2.00724554e+04
1.69191919e-05 1.26262626e-06 1.00007829e+08 7.18433251e+04 -5.69319973e+04
1.74242424e-05 1.26262626e-06 1.00046652e+08 -1.65781997e+04 -6.82077166e+04
1.79292929e-05 1.26262626e-06 1.00409813e+08 4.84704568e+04 2.17605881e+05
1.84343434e-05 1.26262626e-06 9.95811166e+07 1.37777946e+06 -2.73003957e+06
1.89393939e-05 1.26262626e-06 1.00114474e+08 5.67334859e+04 1.14537636e+04
1.94444444e-05 1.26262626e-06 1.00012324e+08 6.19861189e+04 -7.46179041e+04
1.99494949e-05 1.26262626e-06 1.00008624e+08 4.76181002e+04 -2.30664337e+04
2.04545455e-05 1.26262626e-06 9.99890364e+07 1.71734235e+04 -1.98455897e+04
2.09595960e-05 1.26262626e-06 9.99856267e+07 1.03618719e+04 -1.52030782e+04
2.14646465e-05 1.26262626e-06 9.99874315e+07 7.39764639e+03 -1.10946036e+04
2.19696970e-05 1.26262626e-06 9.99897376e+07 5.58382151e+03 -8.25933922e+03
2.24747475e-05 1.26262626e-06 9.99916776e+07 4.34983236e+03 -6.33600039e+03
2.29797980e-05 1.26262626e-06 9.99931925e+07 3.46853794e+03 -4.99731531e+03
2.34848485e-05 1.26262626e-06 9.99943627e+07 2.81818308e+03 -4.03536309e+03
2.39898990e-05 1.26262626e-06 9.99952732e+07 2.32563526e+03 -3.32321458e+03
2.44949495e-05 1.26262626e-06 9.99959906e+07 1.94441499e+03 -2.78207402e+03
2.50000000e-05 1.26262626e-06 9.99965636e+07 1.64383366e+03 -2.36155180e+03
-2.50000000e-05 1.76767677e-06 9.99994416e+07 -7.94026162e+02 3.24082543e+02
-2.44949495e-05 1.76767677e-06 9.99994577e+07 -7.64709045e+02 3.98752435e+02
-2.39898990e-05 1.76767677e-06 9.99994824e+07 -7.21799281e+02 4.79744324e+02
-2.34848485e-05 1.76767677e-06 9.99995164e+07 -6.63327989e+02 5.66519896e+02
-2.29797980e-05 1.76767677e-06 9.99995602e+07 -5.87331424e+02 6.58231613e+02
-2.24747475e-05 1.76767677e-06 9.99996141e+07 -4.91943772e+02 7.53678692e+02
-2.19696970e-05 1.76767677e-06 9.99996781e+07 -3.75514971e+02 8.51270433e+02
-2.14646465e-05 1.76767677e-06 9.99997517e+07 -2.36752925e+02 9.49001473e+02
-2.09595960e-05 1.76767677e-06 9.99998339e+07 -7.48862139e+01 1.04444372e+03
-2.04545455e-05 1.76767677e-06 9.99999233e+07 1.10161076e+02 1.13475952e+03
-1.99494949e-05 1.76767677e-06 1.00000018e+08 3.17596318e+02 1.21674000e+03
-1.94444444e-05 1.76767677e-06 1.00000116e+08 5.45607012e+02 1.28687208e+03
-1.89393939e-05 1.76767677e-06 1.00000213e+08 7.91256174e+02 1.34143733e+03
-1.84343434e-05 1.76767677e-06 1.00000308e+08 1.05045156e+03 1.37664640e+03
-1.79292929e-05 1.76767677e-06 1.00000395e+08 1.31801237e+03 1.38881347e+03
-1.74242424e-05 1.76767677e-06 1.00000473e+08 1.58784589e+03 1.37457414e+03
-1.69191919e-05 1.76767677e-06 1.00000535e+08 1.85322839e+03 1.33114549e+03
-1.64141414e-05 1.76767677e-06 1.00000581e+08 2.10716285e+03 1.25661590e+03
-1.59090909e-05 1.76767677e-06 1.00000605e+08 2.34276921e+03 1.15023591e+03
-1.54040404e-05 1.76767677e-06 1.00000605e+08 2.55365676e+03 1.01266604e+03
-1.48989899e-05 1.76767677e-06 1.00000580e+08 2.73423579e+03 8.46130826e+02
-1.43939394e-05 1.76767677e-06 1.00000527e+08 2.87994094e+03 6.54436078e+02
-1.38888889e-05 1.76767677e-06 1.00000447e+08 2.98735401e+03 4.42826380e+02
-1.33838384e-05 1.76767677e-06 1.00000340e+08 3.05422712e+03 2.17681587e+02
-1.28787879e-05 1.76767677e-06 1.00000209e+08 3.07942163e+03 -1.39305410e+01
-1.23737374e-05 1.76767677e-06 1.00000055e+08 3.06279868e+03 -2.44812292e+02
-1.18686869e-05 1.76767677e-06 9.99998852e+07 3.00511726e+03 -4.68249046e+02
-1.13636364e-05 1.76767677e-06 9.99997030e+07 2.90799591e+03 -6.78593817e+02
-1.08585859e-05 1.76767677e-06 9.99995147e+07 2.77396369e+03 -8.71721918e+02
-1.03535354e-05 1.76767677e-06 9.99993266e+07 2.60657422e+03 -1.04526816e+03
-9.84848485e-06 1.76767677e-06 9.99991449e+07 2.41051500e+03 -1.19860888e+03
-9.34343434e-06 1.76767677e-06 9.99989750e+07 2.19163933e+03 -1.33261482e+03
-8.83838384e-06 1.76767677e-06 9.99988220e+07 1.95687907e+03 -1.44924643e+03
-8.33333333e-06 1.76767677e-06 9.99986898e+07 1.71403734e+03 -1.55107374e+03
-7.82828283e-06 1.76767677e-06 9.99985814e+07 1.47148596e+03 -1.64078668e+03
-7.32323232e-06 1.76767677e-06 9.99984985e+07 1.23779491e+03 -1.72073908e+03
-6.81818182e-06 1.76767677e-06 9.99984419e+07 1.02130997e+03 -1.79255641e+03
-6.31313131e-06 1.76767677e-06 9.99984106e+07 8.29685240e+02 -1.85683708e+03
-5.80808081e-06 1.76767677e-06 9.99984027e+07 6.69380719e+02 -1.91298338e+03
-5.30303030e-06 1.76767677e-06 9.99984147e+07 5.45153195e+02 -1.95920093e+03
-4.79797980e-06 1.76767677e-06 9.99984420e+07 4.59595385e+02 -1.99269609e+03
-4.29292929e-06 1.76767677e-06 9.99984793e+07 4.12803040e+02 -2.01007441e+03
-3.78787879e-06 1.76767677e-06 9.99985208e+07 4.02258295e+02 -2.00790249e+03
-3.28282828e-06 1.76767677e-06 9.99985612e+07 4.22999705e+02 -1.98335005e+03
-2.77777778e-06 1.76767677e-06 9.99985956e+07 4.68102100e+02 -1.93479432e+03
-2.27272727e-06 1.76767677e-06 9.99986208e+07 5.29422203e+02 -1.86226146e+03
-1.76767677e-06 1.76767677e-06 9.99986347e+07 5.98499207e+02 -1.76760755e+03
-1.26262626e-06 1.76767677e-06 9.99986373e+07 6.67457505e+02 -1.65440099e+03
-7.57575758e-07 1.76767677e-06 9.99986293e+07 7.29758140e+02 -1.52753944e+03
-2.52525253e-07 1.76767677e-06 9.99986128e+07 7.80686892e+02 -1.39269399e+03
2.52525253e-07 1.76767677e-06 9.99985902e+07 8.17534546e+02 -1.25570221e+03
7.57575758e-07 1.76767677e-06 9.99985637e+07 8.39494450e+02 -1.12202407e+03
1.26262626e-06 1.76767677e-06 9.99985354e+07 8.47352971e+02 -9.96340030e+02
1.76767677e-06 1.76767677e-06 9.99985067e+07 8.43069658e+02 -8.82324277e+02
2.27272727e-06 1.76767677e-06 9.99984785e+07 8.29337905e+02 -7.82584906e+02
2.77777778e-06 1.76767677e-06 9.99984507e+07 8.09193539e+02 -6.98735585e+02
3.28282828e-06 1.76767677e-06 9.99984229e+07 7.85709634e+02 -6.31552563e+02
3.78787879e-06 1.76767677e-06 9.99983940e+07 7.61789873e+02 -5.81173038e+02
4.29292929e-06 1.76767677e-06 9.99983626e+07 7.40054490e+02 -5.47300661e+02
4.79797980e-06 1.76767677e-06 9.99983269e+07 7.22802923e+02 -5.29396084e+02
5.30303030e-06 1.76767677e-06 9.99982849e+07 7.12034323e+02 -5.26841709e+02
5.80808081e-06 1.76767677e-06 9.99982343e+07 7.09508662e+02 -5.39078430e+02
6.31313131e-06 1.76767677e-06 9.99981725e+07 7.16835212e+02 -5.65718057e+02
6.81818182e-06 1.76767677e-06 9.99980966e+07 7.35580267e+02 -6.06638633e+02
7.32323232e-06 1.76767677e-06 9.99980033e+07 7.67391213e+02 -6.62072006e+02
7.82828283e-06 1.76767677e-06 9.99978885e+07 8.14139377e+02 -7.32694548e+02
8.33333333e-06 1.76767677e-06 9.99977474e+07 8.78089792e+02 -8.19733801e+02
8.83838384e-06 1.76767677e-06 9.99975739e+07 9.62112898e+02 -9.25106956e+02
9.34343434e-06 1.76767677e-06 9.99973604e+07 1.06996281e+03 -1.05161266e+03
9.84848485e-06 1.76767677e-06 9.99970968e+07 1.20666147e+03 -1.20320757e+03
1.03535354e-05 1.76767677e-06 9.99967696e+07 1.37905232e+03 -1.38541658e+03
1.08585859e-05 1.76767677e-06 9.99963607e+07 1.59662932e+03 -1.60595717e+03
1.13636364e-05 1.76767677e-06 9.99958444e+07 1.87282319e+03 -1.87571624e+03
1.18686869e-05 1.76767677e-06 9.99951842e+07 2.22707076e+03 -2.21032912e+03
1.23737374e-05 1.76767677e-06 9.99943261e+07 2.68827704e+03 -2.63283562e+03
1.28787879e-05 1.76767677e-06 9.99931876e+07 3.30087320e+03 -3.17837260e+03
1.33838384e-05 1.76767677e-06 9.99916368e+07 4.13599452e+03 -3.90298946e+03
1.38888889e-05 1.76767677e-06 9.99894528e+07 5.31348870e+03 -4.90155292e+03
1.43939394e-05 1.76767677e-06 9.99862391e+07 7.04893500e+03 -6.34798784e+03
1.48989899e-05 1.76767677e-06 9.99812213e+07 9.76536516e+03 -8.59879392e+03
1.54040404e-05 1.76767677e-06 9.99726998e+07 1.43998385e+04 -1.25139719e+04
1.59090909e-05 1.76767677e-06 9.99563198e+07 2.34349490e+04 -2.07606633e+04
1.64141414e-05 1.76767677e-06 9.99201377e+07 4.55760584e+04 -4.56570579e+04
1.69191919e-05 1.76767677e-06 1.00269351e+08 3.10645308e+05 -4.21452955e+03
1.74242424e-05 1.76767677e-06 9.91467860e+07 -5.13658618e+05 -5.38219866e+06
1.79292929e-05 1.76767677e-06 1.00163165e+08 4.60285751e+04 6.59225584e+04
1.84343434e-05 1.76767677e-06 1.00056571e+08 -2.33552543e+04 -3.18422279e+04
1.89393939e-05 1.76767677e-06 1.00031254e+08 5.84746438e+03 -4.37138972e+04
1.94444444e-05 1.76767677e-06 1.00017358e+08 3.37877167e+04 -3.59451077e+04
1.99494949e-05 1.76767677e-06 1.00015553e+08 3.16453874e+04 -1.58916115e+04
2.04545455e-05 1.76767677e-06 1.00008540e+08 1.57610954e+04 -9.86293418e+03
2.09595960e-05 1.76767677e-06 1.00001016e+08 7.98758028e+03 -9.28838598e+03
2.14646465e-05 1.76767677e-06 9.99973011e+07 5.05173196e+03 -8.29126721e+03
2.19696970e-05 1.76767677e-06 9.99960131e+07 3.72342476e+03 -6.98603947e+03
2.24747475e-05 1.76767677e-06 9.99958045e+07 2.95354146e+03 -5.77109011e+03
2.29797980e-05 1.76767677e-06 9.99960169e+07 2.42577492e+03 -4.76336415e+03
2.34848485e-05 1.76767677e-06 9.99963685e+07 2.03062154e+03 -3.95857870e+03
2.39898990e-05 1.76767677e-06 9.99967444e+07 1.72116133e+03 -3.32125927e+03
2.44949495e-05 1.76767677e-06 9.99970998e+07 1.47259680e+03 -2.81477679e+03
2.50000000e-05 1.76767677e-06 9.99974197e+07 1.26961293e+03 -2.40888749e+03
-2.50000000e-05 2.27272727e-06 9.99993554e+07 -8.67779490e+02 3.15286226e+02
-2.44949495e-05 2.27272727e-06 9.99993643e+07 -8.45647108e+02 3.95273681e+02
-2.39898990e-05 2.27272727e-06 9.99993825e+07 -8.09587628e+02 4.83039514e+02
-2.34848485e-05 2.27272727e-06 9.99994108e+07 -7.57327207e+02 5.78164447e+02
-2.29797980e-05 2.27272727e-06 9.99994503e+07 -6.86540982e+02 6.79872241e+02
-2.24747475e-05 2.27272727e-06 9.99995014e+07 -5.94949757e+02 7.86963994e+02
-2.19696970e-05 2.27272727e-06 9.99995646e+07 -4.80446799e+02 8.97757686e+02
-2.14646465e-05 2.27272727e-06 9.99996396e+07 -3.41254989e+02 1.01003948e+03
-2.09595960e-05 2.27272727e-06 9.99997257e+07 -1.76110970e+02 1.12103461e+03
-2.04545455e-05 2.27272727e-06 9.99998218e+07 1.55319572e+01 1.22740662e+03
-1.99494949e-05 2.27272727e-06 9.99999260e+07 2.33296380e+02 1.32529401e+03
-1.94444444e-05 2.27272727e-06 1.00000036e+08 4.75689272e+02 1.41039306e+03
-1.89393939e-05 2.27272727e-06 1.00000147e+08 7.39952292e+02 1.47809439e+03
-1.84343434e-05 2.27272727e-06 1.00000257e+08 1.02198231e+03 1.52367807e+03
-1.79292929e-05 2.27272727e-06 1.00000361e+08 1.31634840e+03 1.54256823e+03
-1.74242424e-05 2.27272727e-06 1.00000455e+08 1.61642324e+03 1.53064106e+03
-1.69191919e-05 2.27272727e-06 1.00000533e+08 1.91463259e+03 1.48457063e+03
-1.64141414e-05 2.27272727e-06 1.00000592e+08 2.20280904e+03 1.40218442e+03
-1.59090909e-05 2.27272727e-06 1.00000626e+08 2.47261919e+03 1.28278834e+03
-1.54040404e-05 2.27272727e-06 1.00000633e+08 2.71602217e+03 1.12741252e+03
-1.48989899e-05 2.27272727e-06 1.00000610e+08 2.92571318e+03 9.38930061e+02
-1.43939394e-05 2.27272727e-06 1.00000556e+08 3.09550884e+03 7.22012591e+02
-1.38888889e-05 2.27272727e-06 1.00000471e+08 3.22063984e+03 4.82907241e+02
-1.33838384e-05 2.27272727e-06 1.00000356e+08 3.29792931e+03 2.29044051e+02
-1.28787879e-05 2.27272727e-06 1.00000215e+08 3.32585310e+03 -3.14940604e+01
-1.23737374e-05 2.27272727e-06 1.00000051e+08 3.30449961e+03 -2.90586557e+02
-1.18686869e-05 2.27272727e-06 9.99998710e+07 3.23546412e+03 -5.40706596e+02
-1.13636364e-05 2.27272727e-06 9.99996800e+07 3.12171846e+03 -7.75487841e+02
-1.08585859e-05 2.27272727e-06 9.99994848e+07 2.96748491e+03 -9.90147362e+02
-1.03535354e-05 2.27272727e-06 9.99992920e+07 2.77811912e+03 -1.18170524e+03
-9.84848485e-06 2.27272727e-06 9.99991079e+07 2.55998542e+03 -1.34897898e+03
-9.34343434e-06 2.27272727e-06 9.99989380e+07 2.32030020e+03 -1.49237351e+03
-8.83838384e-06 2.27272727e-06 9.99987869e+07 2.06692708e+03 -1.61351984e+03
-8.33333333e-06 2.27272727e-06 9.99986582e+07 1.80812283e+03 -1.71482840e+03
-7.82828283e-06 2.27272727e-06 9.99985542e+07 1.55224327e+03 -1.79901899e+03
-7.32323232e-06 2.27272727e-06 9.99984761e+07 1.30742088e+03 -1.86867703e+03
-6.81818182e-06 2.27272727e-06 9.99984239e+07 1.08122252e+03 -1.92587490e+03
-6.31313131e-06 2.27272727e-06 9.99983962e+07 8.80293535e+02 -1.97189044e+03
-5.80808081e-06 2.27272727e-06 9.99983906e+07 7.09999227e+02 -2.00705115e+03
-5.30303030e-06 2.27272727e-06 9.99984036e+07 5.74086109e+02 -2.03072662e+03
-4.79797980e-06 2.27272727e-06 9.99984309e+07 4.74401280e+02 -2.04148033e+03
-4.29292929e-06 2.27272727e-06 9.99984676e+07 4.10720391e+02 -2.03737119e+03
-3.78787879e-06 2.27272727e-06 9.99985085e+07 3.80736464e+02 -2.01636873e+03
-3.28282828e-06 2.27272727e-06 9.99985490e+07 3.80247301e+02 -1.97681886e+03
-2.77777778e-06 2.27272727e-06 9.99985849e+07 4.03548158e+02 -1.91787888e+03
-2.27272727e-06 2.27272727e-06 9.99986132e+07 4.43995258e+02 -1.83983918e+03
-1.76767677e-06 2.27272727e-06 9.99986320e+07 4.94666347e+02 -1.74426907e+03
-1.26262626e-06 2.27272727e-06 9.99986406e+07 5.49020219e+02 -1.63396088e+03
-7.57575758e-07 2.27272727e-06 9.99986394e+07 6.01456778e+02 -1.51269091e+03
-2.52525253e-07 2.27272727e-06 9.99986295e+07 6.47703203e+02 -1.38485297e+03
2.52525253e-07 2.27272727e-06 9.99986126e+07 6.84991903e+02 -1.25504066e+03
7.57575758e-07 2.27272727e-06 9.99985905e+07 7.12039063e+02 -1.12765396e+03
1.26262626e-06 2.27272727e-06 9.99985647e+07 7.28866451e+02 -1.00658694e+03
1.76767677e-06 2.27272727e-06 9.99985363e+07 7.36526914e+02 -8.95027270e+02
2.27272727e-06 2.27272727e-06 9.99985062e+07 7.36794991e+02 -7.95370559e+02
2.77777778e-06 2.27272727e-06 9.99984745e+07 7.31872948e+02 -7.09233338e+02
3.28282828e-06 2.27272727e-06 9.99984408e+07 7.24145521e+02 -6.37537501e+02
3.78787879e-06 2.27272727e-06 9.99984045e+07 7.15999531e+02 -5.80637073e+02
4.29292929e-06 2.27272727e-06 9.99983641e+07 7.09710821e+02 -5.38461957e+02
4.79797980e-06 2.27272727e-06 9.99983183e+07 7.07392207e+02 -5.10659943e+02
5.30303030e-06 2.27272727e-06 9.99982651e+07 7.10991981e+02 -4.96725445e+02
5.80808081e-06 2.27272727e-06 9.99982022e+07 7.22332029e+02 -4.96109524e+02
6.31313131e-06 2.27272727e-06 9.99981272e+07 7.43176561e+02 -5.08310306e+02
6.81818182e-06 2.27272727e-06 9.99980368e+07 7.75325787e+02 -5.32945768e+02
7.32323232e-06 2.27272727e-06 9.99979277e+07 8.20733060e+02 -5.69812339e+02
7.82828283e-06 2.27272727e-06 9.99977955e+07 8.81648830e+02 -6.18933216e+02
8.33333333e-06 2.27272727e-06 9.99976349e+07 9.60800529e+02 -6.80599907e+02
8.83838384e-06 2.27272727e-06 9.99974393e+07 1.06162498e+03 -7.55409338e+02
9.34343434e-06 2.27272727e-06 9.99972002e+07 1.18858063e+03 -8.44296634e+02
9.84848485e-06 2.27272727e-06 9.99969068e+07 1.34758350e+03 -9.48559327e+02
1.03535354e-05 2.27272727e-06 9.99965442e+07 1.54663763e+03 -1.06986002e+03
1.08585859e-05 2.27272727e-06 9.99960928e+07 1.79677765e+03 -1.21017628e+03
1.13636364e-05 2.27272727e-06 9.99955248e+07 2.11352305e+03 -1.37162651e+03
1.18686869e-05 2.27272727e-06 9.99948010e+07 2.51919730e+03 -1.55601022e+03
1.23737374e-05 2.27272727e-06 9.99938640e+07 3.04675899e+03 -1.76368689e+03
1.28787879e-05 2.27272727e-06 9.99926269e+07 3.74638724e+03 -1.99088144e+03
1.33838384e-05 2.27272727e-06 9.99909540e+07 4.69732514e+03 -2.22306622e+03
1.38888889e-05 2.27272727e-06 9.99886222e+07 6.03030171e+03 -2.41784946e+03
1.43939394e-05 2.27272727e-06 9.99852466e+07 7.97239373e+03 -2.45690070e+03
1.48989899e-05 2.27272727e-06 9.99801204e+07 1.09408400e+04 -1.99306885e+03
1.54040404e-05 2.27272727e-06 9.99718807e+07 1.57278621e+04 1.33582754e+02
1.59090909e-05 2.27272727e-06 9.99581859e+07 2.34818751e+04 8.82672899e+03
1.64141414e-05 2.27272727e-06 9.99450791e+07 2.48205071e+04 5.35560993e+04
1.69191919e-05 2.27272727e-06 1.00055016e+08 -2.15968232e+05 1.39436552e+05
1.74242424e-05 2.27272727e-06 1.00089185e+08 -5.51383380e+04 2.44685251e+04
1.79292929e-05 2.27272727e-06 1.00061046e+08 -2.80501310e+04 -4.94377171e+03
1.84343434e-05 2.27272727e-06 1.00041546e+08 -1.03557465e+04 -1.80375064e+04
1.89393939e-05 2.27272727e-06 1.00027122e+08 7.43499010e+03 -2.32623863e+04
1.94444444e-05 2.27272727e-06 1.00019170e+08 2.05993764e+04 -1.87898974e+04
1.99494949e-05 2.27272727e-06 1.00016546e+08 2.12243171e+04 -9.87484724e+03
2.04545455e-05 2.27272727e-06 1.00013119e+08 1.40305509e+04 -5.24107222e+03
2.09595960e-05 2.27272727e-06 1.00008126e+08 7.87215922e+03 -4.57251989e+03
2.14646465e-05 2.27272727e-06 1.00003912e+08 4.56917331e+03 -4.71892166e+03
2.19696970e-05 2.27272727e-06 1.00001203e+08 2.98411194e+03 -4.61577726e+03
2.24747475e-05 2.27272727e-06 9.99996729e+07 2.18689009e+03 -4.26099954e+03
2.29797980e-05 2.27272727e-06 9.99988770e+07 1.73535713e+03 -3.80479114e+03
2.34848485e-05 2.27272727e-06 9.99985018e+07 1.44342390e+03 -3.34385961e+03
2.39898990e-05 2.27272727e-06 9.99983594e+07 1.23298821e+03 -2.92131441e+03
2.44949495e-05 2.27272727e-06 9.99983427e+07 1.06958997e+03 -2.55074126e+03
2.50000000e-05 2.27272727e-06 9.99983921e+07 9.36729914e+02 -2.23230141e+03
-2.50000000e-05 2.77777778e-06 9.99992678e+07 -9.45915164e+02 3.01938617e+02
-2.44949495e-05 2.77777778e-06 9.99992684e+07 -9.32400182e+02 3.86745762e+02
-2.39898990e-05 2.77777778e-06 9.99992788e+07 -9.04781782e+02 4.80902377e+02
-2.34848485e-05 2.77777778e-06 9.99993004e+07 -8.60445034e+02 5.84155794e+02
-2.29797980e-05 2.77777778e-06 9.99993344e+07 -7.96646264e+02 6.95851596e+02
-2.24747475e-05 2.77777778e-06 9.99993818e+07 -7.10610321e+02 8.14842931e+02
-2.19696970e-05 2.77777778e-06 9.99994434e+07 -5.99664539e+02 9.39401737e+02
-2.14646465e-05 2.77777778e-06 9.99995193e+07 -4.61411619e+02 1.06714052e+03
-2.09595960e-05 2.77777778e-06 9.99996093e+07 -2.93939817e+02 1.19495580e+03
-2.04545455e-05 2.77777778e-06 9.99997124e+07 -9.60634882e+01 1.31900667e+03
-1.99494949e-05 2.77777778e-06 9.99998266e+07 1.32419846e+02 1.43474306e+03
-1.94444444e-05 2.77777778e-06 9.99999492e+07 3.90477318e+02 1.53699877e+03
-1.89393939e-05 2.77777778e-06 1.00000077e+08 6.75622014e+02 1.62016130e+03
-1.84343434e-05 2.77777778e-06 1.00000205e+08 9.83761196e+02 1.67842635e+03
-1.79292929e-05 2.77777778e-06 1.00000328e+08 1.30914555e+03 1.70613552e+03
-1.74242424e-05 2.77777778e-06 1.00000440e+08 1.64444825e+03 1.69818418e+03
-1.69191919e-05 2.77777778e-06 1.00000536e+08 1.98099064e+03 1.65047176e+03
-1.64141414e-05 2.77777778e-06 1.00000610e+08 2.30911417e+03 1.56035144e+03
-1.59090909e-05 2.77777778e-06 1.00000656e+08 2.61867764e+03 1.42702425e+03
-1.54040404e-05 2.77777778e-06 1.00000671e+08 2.89963948e+03 1.25181741e+03
-1.48989899e-05 2.77777778e-06 1.00000652e+08 3.14266985e+03 1.03829326e+03
-1.43939394e-05 2.77777778e-06 1.00000596e+08 3.33972957e+03 7.92152050e+02
-1.38888889e-05 2.77777778e-06 1.00000505e+08 3.48455500e+03 5.20919644e+02
-1.33838384e-05 2.77777778e-06 1.00000381e+08 3.57299998e+03 2.33441463e+02
-1.28787879e-05 2.77777778e-06 1.00000228e+08 3.60320722e+03 -6.07666259e+01
-1.23737374e-05 2.77777778e-06 1.00000052e+08 3.57560855e+03 -3.52237752e+02
-1.18686869e-05 2.77777778e-06 9.99998591e+07 3.49277851e+03 -6.32258673e+02
-1.13636364e-05 2.77777778e-06 9.99996564e+07 3.35918227e+03 -8.93474195e+02
-1.08585859e-05 2.77777778e-06 9.99994516e+07 3.18086202e+03 -1.13031947e+03
-1.03535354e-05 2.77777778e-06 9.99992516e+07 2.96509729e+03 -1.33923490e+03
-9.84848485e-06 2.77777778e-06 9.99990631e+07 2.72006147e+03 -1.51865368e+03
-9.34343434e-06 2.77777778e-06 9.99988915e+07 2.45448538e+03 -1.66878677e+03
-8.83838384e-06 2.77777778e-06 9.99987411e+07 2.17733286e+03 -1.79125680e+03
-8.33333333e-06 2.77777778e-06 9.99986151e+07 1.89749171e+03 -1.88864376e+03
-7.82828283e-06 2.77777778e-06 9.99985152e+07 1.62348190e+03 -1.96400492e+03
-7.32323232e-06 2.77777778e-06 9.99984419e+07 1.36318133e+03 -2.02042221e+03
-6.81818182e-06 2.77777778e-06 9.99983946e+07 1.12356740e+03 -2.06061881e+03
-6.31313131e-06 2.77777778e-06 9.99983714e+07 9.10473417e+02 -2.08667631e+03
-5.80808081e-06 2.77777778e-06 9.99983695e+07 7.28363985e+02 -2.09987436e+03
-5.30303030e-06 2.77777778e-06 9.99983853e+07 5.80142153e+02 -2.10066497e+03
-4.79797980e-06 2.77777778e-06 9.99984146e+07 4.67011582e+02 -2.08878129e+03
-4.29292929e-06 2.77777778e-06 9.99984528e+07 3.88423782e+02 -2.06346505e+03
-3.78787879e-06 2.77777778e-06 9.99984953e+07 3.42140346e+02 -2.02377933e+03
-3.28282828e-06 2.77777778e-06 9.99985378e+07 3.24429587e+02 -1.96895744e+03
-2.77777778e-06 2.77777778e-06 9.99985766e+07 3.30397090e+02 -1.89872976e+03
-2.27272727e-06 2.77777778e-06 9.99986089e+07 3.54424337e+02 -1.81357164e+03
-1.76767677e-06 2.77777778e-06 9.99986327e+07 3.90666025e+02 -1.71483027e+03
-1.26262626e-06 2.77777778e-06 9.99986473e+07 4.33542339e+02 -1.60471193e+03
-7.57575758e-07 2.77777778e-06 9.99986525e+07 4.78162272e+02 -1.48613954e+03
-2.52525253e-07 2.77777778e-06 9.99986489e+07 5.20628326e+02 -1.36251455e+03
2.52525253e-07 2.77777778e-06 9.99986378e+07 5.58197236e+02 -1.23743151e+03
7.57575758e-07 2.77777778e-06 9.99986203e+07 5.89298458e+02 -1.11439567e+03
1.26262626e-06 2.77777778e-06 9.99985976e+07 6.13434819e+02 -9.96584555e+02
1.76767677e-06 2.77777778e-06 9.99985708e+07 6.31003404e+02 -8.86678739e+02
2.27272727e-06 2.77777778e-06 9.99985404e+07 6.43078238e+02 -7.86770005e+02
2.77777778e-06 2.77777778e-06 9.99985068e+07 6.51191518e+02 -6.98340838e+02
3.28282828e-06 2.77777778e-06 9.99984698e+07 6.57140453e+02 -6.22300226e+02
3.78787879e-06 2.77777778e-06 9.99984287e+07 6.62835724e+02 -5.59057111e+02
4.29292929e-06 2.77777778e-06 9.99983826e+07 6.70197772e+02 -5.08613348e+02
4.79797980e-06 2.77777778e-06 9.99983302e+07 6.81099990e+02 -4.70661100e+02
5.30303030e-06 2.77777778e-06 9.99982697e+07 6.97353723e+02 -4.44673612e+02
5.80808081e-06 2.77777778e-06 9.99981992e+07 7.20728531e+02 -4.29982093e+02
6.31313131e-06 2.77777778e-06 9.99981163e+07 7.53001662e+02 -4.25834221e+02
6.81818182e-06 2.77777778e-06 9.99980180e+07 7.96032584e+02 -4.31431389e+02
7.32323232e-06 2.77777778e-06 9.99979011e+07 8.51861239e+02 -4.45941833e+02
7.82828283e-06 2.77777778e-06 9.99977612e+07 9.22832081e+02 -4.68485176e+02
8.33333333e-06 2.77777778e-06 9.99975936e+07 1.01175009e+03 -4.98080152e+02
8.83838384e-06 2.77777778e-06 9.99973921e+07 1.12207985e+03 -5.33540131e+02
9.34343434e-06 2.77777778e-06 9.99971488e+07 1.25820522e+03 -5.73288540e+02
9.84848485e-06 2.77777778e-06 9.99968540e+07 1.42577513e+03 -6.15043662e+02
1.03535354e-05 2.77777778e-06 9.99964950e+07 1.63217180e+03 -6.55280793e+02
1.08585859e-05 2.77777778e-06 9.99960552e+07 1.88715002e+03 -6.88300956e+02
1.13636364e-05 2.77777778e-06 9.99955129e+07 2.20370593e+03 -7.04580356e+02
1.18686869e-05 2.77777778e-06 9.99948390e+07 2.59922292e+03 -6.87757586e+02
1.23737374e-05 2.77777778e-06 9.99939949e+07 3.09685068e+03 -6.08937540e+02
1.28787879e-05 2.77777778e-06 9.99929296e+07 3.72669468e+03 -4.15469449e+02
1.33838384e-05 2.77777778e-06 9.99915787e+07 4.52502236e+03 -7.75589093e+00
1.38888889e-05 2.77777778e-06 9.99898714e+07 5.52475514e+03 8.11350396e+02
1.43939394e-05 2.77777778e-06 9.99877704e+07 6.71189826e+03 2.45356472e+03
1.48989899e-05 2.77777778e-06 9.99854380e+07 7.84679146e+03 5.82917882e+03
1.54040404e-05 2.77777778e-06 9.99838814e+07 7.71572224e+03 1.30218553e+04
1.59090909e-05 2.77777778e-06 9.99872142e+07 9.61002695e+02 2.82276477e+04
1.64141414e-05 2.77777778e-06 1.00005285e+08 -3.06796419e+04 5.05491529e+04
1.69191919e-05 2.77777778e-06 1.00019300e+08 -7.69436671e+04 3.10585944e+04
1.74242424e-05 2.77777778e-06 1.00017448e+08 -4.20353939e+04 -1.67561332e+03
1.79292929e-05 2.77777778e-06 1.00026298e+08 -1.67550965e+04 -6.28086819e+03
1.84343434e-05 2.77777778e-06 1.00024664e+08 -3.43371921e+03 -1.11427907e+04
1.89393939e-05 2.77777778e-06 1.00019812e+08 7.50786495e+03 -1.30457012e+04
1.94444444e-05 2.77777778e-06 1.00016425e+08 1.46088366e+04 -1.04727685e+04
1.99494949e-05 2.77777778e-06 1.00014842e+08 1.55507361e+04 -5.90116025e+03
2.04545455e-05 2.77777778e-06 1.00013024e+08 1.20670046e+04 -2.82081575e+03
2.09595960e-05 2.77777778e-06 1.00010155e+08 7.86731508e+03 -1.94825022e+03
2.14646465e-05 2.77777778e-06 1.00007027e+08 4.82986994e+03 -2.13084399e+03
2.19696970e-05 2.77777778e-06 1.00004403e+08 3.02812597e+03 -2.45195868e+03
2.24747475e-05 2.77777778e-06 1.00002497e+08 2.02847863e+03 -2.60928052e+03
2.29797980e-05 2.77777778e-06 1.00001213e+08 1.47080739e+03 -2.59448150e+03
2.34848485e-05 2.77777778e-06 1.00000385e+08 1.14407800e+03 -2.46948992e+03
2.39898990e-05 2.77777778e-06 9.99998650e+07 9.38002917e+02 -2.29001460e+03
2.44949495e-05 2.77777778e-06 9.99995484e+07 7.96931165e+02 -2.09212735e+03
2.50000000e-05 2.77777778e-06 9.99993633e+07 6.92747006e+02 -1.89601494e+03
-2.50000000e-05 3.28282828e-06 9.99991795e+07 -1.02779655e+03 2.83476024e+02
-2.44949495e-05 3.28282828e-06 9.99991705e+07 -1.02441891e+03 3.72402906e+02
-2.39898990e-05 3.28282828e-06 9.99991718e+07 -1.00697066e+03 4.72358552e+02
-2.34848485e-05 3.28282828e-06 9.99991852e+07 -9.72466040e+02 5.83318101e+02
-2.29797980e-05 3.28282828e-06 9.99992123e+07 -9.17688515e+02 7.04817647e+02
-2.24747475e-05 3.28282828e-06 9.99992547e+07 -8.39283785e+02 8.35834917e+02
-2.19696970e-05 3.28282828e-06 9.99993134e+07 -7.33897483e+02 9.74666581e+02
-2.14646465e-05 3.28282828e-06 9.99993894e+07 -5.98363015e+02 1.11881271e+03
-2.09595960e-05 3.28282828e-06 9.99994827e+07 -4.29941182e+02 1.26488294e+03
-2.04545455e-05 3.28282828e-06 9.99995926e+07 -2.26607334e+02 1.40854294e+03
-1.99494949e-05 3.28282828e-06 9.99997174e+07 1.26264072e+01 1.54452251e+03
-1.94444444e-05 3.28282828e-06 9.99998543e+07 2.87376160e+02 1.66670770e+03
-1.89393939e-05 3.28282828e-06 9.99999993e+07 5.95571307e+02 1.76833663e+03
-1.84343434e-05 3.28282828e-06 1.00000147e+08 9.33201341e+02 1.84231156e+03
-1.79292929e-05 3.28282828e-06 1.00000292e+08 1.29417143e+03 1.88162700e+03
-1.74242424e-05 3.28282828e-06 1.00000427e+08 1.67031211e+03 1.87989608e+03
-1.69191919e-05 3.28282828e-06 1.00000544e+08 2.05157823e+03 1.83193591e+03
-1.64141414e-05 3.28282828e-06 1.00000636e+08 2.42645323e+03 1.73435225e+03
-1.59090909e-05 3.28282828e-06 1.00000697e+08 2.78254744e+03 1.58604785e+03
-1.54040404e-05 3.28282828e-06 1.00000721e+08 3.10734882e+03 1.38857461e+03
-1.48989899e-05 3.28282828e-06 1.00000706e+08 3.38905580e+03 1.14625975e+03
-1.43939394e-05 3.28282828e-06 1.00000648e+08 3.61740161e+03 8.66062195e+02
-1.38888889e-05 3.28282828e-06 1.00000551e+08 3.78437399e+03 5.57153080e+02
-1.33838384e-05 3.28282828e-06 1.00000416e+08 3.88474542e+03 2.30257033e+02
-1.28787879e-05 3.28282828e-06 1.00000249e+08 3.91635679e+03 -1.03170975e+02
-1.23737374e-05 3.28282828e-06 1.00000056e+08 3.88013612e+03 -4.31832084e+02
-1.18686869e-05 3.28282828e-06 9.99998473e+07 3.77987378e+03 -7.45423329e+02
-1.13636364e-05 3.28282828e-06 9.99996297e+07 3.62180768e+03 -1.03533047e+03
-1.08585859e-05 3.28282828e-06 9.99994122e+07 3.41408847e+03 -1.29509959e+03
-1.03535354e-05 3.28282828e-06 9.99992026e+07 3.16619605e+03 -1.52065001e+03
-9.84848485e-06 3.28282828e-06 9.99990077e+07 2.88836651e+03 -1.71023102e+03
-9.34343434e-06 3.28282828e-06 9.99988330e+07 2.59107116e+03 -1.86416003e+03
-8.83838384e-06 3.28282828e-06 9.99986827e+07 2.28457054e+03 -1.98440299e+03
-8.33333333e-06 3.28282828e-06 9.99985592e+07 1.97855096e+03 -2.07406798e+03
-7.82828283e-06 3.28282828e-06 9.99984636e+07 1.68183905e+03 -2.13687971e+03
-7.32323232e-06 3.28282828e-06 9.99983959e+07 1.40218265e+03 -2.17669200e+03
-6.81818182e-06 3.28282828e-06 9.99983546e+07 1.14608365e+03 -2.19708112e+03
-6.31313131e-06 3.28282828e-06 9.99983374e+07 9.18669883e+02 -2.20104828e+03
-5.80808081e-06 3.28282828e-06 9.99983410e+07 7.23599322e+02 -2.19084694e+03
-5.30303030e-06 3.28282828e-06 9.99983617e+07 5.62998186e+02 -2.16793842e+03
-4.79797980e-06 3.28282828e-06 9.99983952e+07 4.37443160e+02 -2.13306796e+03
-4.29292929e-06 3.28282828e-06 9.99984372e+07 3.46003595e+02 -2.08644118e+03
-3.78787879e-06 3.28282828e-06 9.99984832e+07 2.86359827e+02 -2.02796983e+03
-3.28282828e-06 3.28282828e-06 9.99985295e+07 2.55007253e+02 -1.95754686e+03
-2.77777778e-06 3.28282828e-06 9.99985725e+07 2.47543357e+02 -1.87530680e+03
-2.27272727e-06 3.28282828e-06 9.99986096e+07 2.59019300e+02 -1.78183067e+03
-1.76767677e-06 3.28282828e-06 9.99986389e+07 2.84323394e+02 -1.67826526e+03
-1.26262626e-06 3.28282828e-06 9.99986595e+07 3.18555075e+02 -1.56634285e+03
-7.57575758e-07 3.28282828e-06 9.99986709e+07 3.57347824e+02 -1.44830608e+03
-2.52525253e-07 3.28282828e-06 9.99986735e+07 3.97108110e+02 -1.32675891e+03
2.52525253e-07 3.28282828e-06 9.99986680e+07 4.35152318e+02 -1.20447478e+03
7.57575758e-07 3.28282828e-06 9.99986553e+07 4.69740905e+02 -1.08419605e+03
1.26262626e-06 3.28282828e-06 9.99986363e+07 5.00024098e+02 -9.68453907e+02
1.76767677e-06 3.28282828e-06 9.99986119e+07 5.25923607e+02 -8.59429211e+02
2.27272727e-06 3.28282828e-06 9.99985827e+07 5.47978601e+02 -7.58863595e+02
2.77777778e-06 3.28282828e-06 9.99985489e+07 5.67182570e+02 -6.68020395e+02
3.28282828e-06 3.28282828e-06 9.99985106e+07 5.84832187e+02 -5.87687837e+02
3.78787879e-06 3.28282828e-06 9.99984673e+07 6.02402248e+02 -5.18212967e+02
4.29292929e-06 3.28282828e-06 9.99984184e+07 6.21453857e+02 -4.59553674e+02
4.79797980e-06 3.28282828e-06 9.99983627e+07 6.43577431e+02 -4.11336977e+02
5.30303030e-06 3.28282828e-06 9.99982990e+07 6.70368395e+02 -3.72913482e+02
5.80808081e-06 3.28282828e-06 9.99982254e+07 7.03431458e+02 -3.43399756e+02
6.31313131e-06 3.28282828e-06 9.99981400e+07 7.44408896e+02 -3.21701552e+02
6.81818182e-06 3.28282828e-06 9.99980402e+07 7.95028839e+02 -3.06510980e+02
7.32323232e-06 3.28282828e-06 9.99979231e+07 8.57170597e+02 -2.96269298e+02
7.82828283e-06 3.28282828e-06 9.99977855e+07 9.32945317e+02 -2.89083416e+02
8.33333333e-06 3.28282828e-06 9.99976231e+07 1.02479096e+03 -2.82577542e+02
8.83838384e-06 3.28282828e-06 9.99974311e+07 1.13558024e+03 -2.73649698e+02
9.34343434e-06 3.28282828e-06 9.99972037e+07 1.26873722e+03 -2.58082991e+02
9.84848485e-06 3.28282828e-06 9.99969339e+07 1.42834959e+03 -2.29927373e+02
1.03535354e-05 3.28282828e-06 9.99966136e+07 1.61924327e+03 -1.80508091e+02
1.08585859e-05 3.28282828e-06 9.99962330e+07 1.84693789e+03 -9.68111108e+01
1.13636364e-05 3.28282828e-06 9.99957815e+07 2.11729220e+03 4.11962817e+01
1.18686869e-05 3.28282828e-06 9.99952480e+07 2.43539378e+03 2.65105960e+02
1.23737374e-05 3.28282828e-06 9.99946241e+07 2.80264187e+03 6.25926446e+02
1.28787879e-05 3.28282828e-06 9.99939110e+07 3.20949112e+03 1.20792838e+03
1.33838384e-05 3.28282828e-06 9.99931358e+07 3.61758634e+03 2.15324828e+03
1.38888889e-05 3.28282828e-06 9.99923908e+07 3.91533977e+03 3.70481090e+03
1.43939394e-05 3.28282828e-06 9.99919246e+07 3.80596128e+03 6.27396350e+03
1.48989899e-05 3.28282828e-06 9.99923375e+07 2.52797206e+03 1.05039968e+04
1.54040404e-05 3.28282828e-06 9.99948943e+07 -1.76743124e+03 1.70817193e+04
1.59090909e-05 3.28282828e-06 1.00001332e+08 -1.27056374e+04 2.51540231e+04
1.64141414e-05 3.28282828e-06 1.00010133e+08 -3.21053601e+04 2.73922700e+04
1.69191919e-05 3.28282828e-06 1.00011651e+08 -4.43850329e+04 1.30613089e+04
1.74242424e-05 3.28282828e-06 1.00008262e+08 -3.18320507e+04 -3.53550282e+03
1.79292929e-05 3.28282828e-06 1.00010059e+08 -1.39082200e+04 -8.82086846e+03
1.84343434e-05 3.28282828e-06 1.00011997e+08 -1.69506922e+03 -9.82842977e+03
1.89393939e-05 3.28282828e-06 1.00012190e+08 6.47996406e+03 -9.18387395e+03
1.94444444e-05 3.28282828e-06 1.00011964e+08 1.11630774e+04 -6.87042429e+03
1.99494949e-05 3.28282828e-06 1.00011817e+08 1.21390035e+04 -3.87862268e+03
2.04545455e-05 3.28282828e-06 1.00011211e+08 1.03620657e+04 -1.64145603e+03
2.09595960e-05 3.28282828e-06 1.00009792e+08 7.59745381e+03 -6.91170487e+02
2.14646465e-05 3.28282828e-06 1.00007847e+08 5.12209716e+03 -6.45010565e+02
2.19696970e-05 3.28282828e-06 1.00005862e+08 3.35228121e+03 -9.47324627e+02
2.24747475e-05 3.28282828e-06 1.00004150e+08 2.21699257e+03 -1.26438170e+03
2.29797980e-05 3.28282828e-06 1.00002807e+08 1.52136866e+03 -1.47795549e+03
2.34848485e-05 3.28282828e-06 1.00001811e+08 1.09833049e+03 -1.57871419e+03
2.39898990e-05 3.28282828e-06 1.00001094e+08 8.36405517e+02 -1.59302313e+03
2.44949495e-05 3.28282828e-06 1.00000589e+08 6.68332606e+02 -1.55086529e+03
2.50000000e-05 3.28282828e-06 1.00000238e+08 5.55219021e+02 -1.47596062e+03
-2.50000000e-05 3.78787879e-06 9.99990917e+07 -1.11258178e+03 2.59458686e+02
-2.44949495e-05 3.78787879e-06 9.99990717e+07 -1.12093204e+03 3.51578538e+02
-2.39898990e-05 3.78787879e-06 9.99990623e+07 -1.11551586e+03 4.56497611e+02
-2.34848485e-05 3.78787879e-06 9.99990657e+07 -1.09295823e+03 5.74493640e+02
-2.29797980e-05 3.78787879e-06 9.99990840e+07 -1.04952448e+03 7.05381156e+02
-2.24747475e-05 3.78787879e-06 9.99991194e+07 -9.81201919e+02 8.48359985e+02
-2.19696970e-05 3.78787879e-06 9.99991737e+07 -8.83835246e+02 1.00185215e+03
-2.14646465e-05 3.78787879e-06 9.99992482e+07 -7.53325692e+02 1.16333911e+03
-2.09595960e-05 3.78787879e-06 9.99993437e+07 -5.85900858e+02 1.32921717e+03
-2.04545455e-05 3.78787879e-06 9.99994599e+07 -3.78455625e+02 1.49469529e+03
-1.99494949e-05 3.78787879e-06 9.99995954e+07 -1.28954909e+02 1.65376471e+03
-1.94444444e-05 3.78787879e-06 9.99997475e+07 1.63124073e+02 1.79927284e+03
-1.89393939e-05 3.78787879e-06 9.99999118e+07 4.96347660e+02 1.92313201e+03
-1.84343434e-05 3.78787879e-06 1.00000082e+08 8.66932755e+02 2.01668514e+03
-1.79292929e-05 3.78787879e-06 1.00000252e+08 1.26846999e+03 2.07123382e+03
-1.74242424e-05 3.78787879e-06 1.00000413e+08 1.69183230e+03 2.07870940e+03
-1.69191919e-05 3.78787879e-06 1.00000555e+08 2.12533065e+03 2.03243709e+03
-1.64141414e-05 3.78787879e-06 1.00000669e+08 2.55515593e+03 1.92791255e+03
-1.59090909e-05 3.78787879e-06 1.00000748e+08 2.96610976e+03 1.76348655e+03
-1.54040404e-05 3.78787879e-06 1.00000784e+08 3.34257970e+03 1.54084561e+03
-1.48989899e-05 3.78787879e-06 1.00000774e+08 3.66966667e+03 1.26519019e+03
-1.43939394e-05 3.78787879e-06 1.00000715e+08 3.93433457e+03 9.45048988e+02
-1.38888889e-05 3.78787879e-06 1.00000609e+08 4.12643536e+03 5.91723093e+02
-1.33838384e-05 3.78787879e-06 1.00000460e+08 4.23947433e+03 2.18415118e+02
-1.28787879e-05 3.78787879e-06 1.00000275e+08 4.27101965e+03 -1.60846931e+02
-1.23737374e-05 3.78787879e-06 1.00000063e+08 4.22271829e+03 -5.32347432e+02
-1.18686869e-05 3.78787879e-06 9.99998333e+07 4.09994431e+03 -8.83732818e+02
-1.13636364e-05 3.78787879e-06 9.99995970e+07 3.91115867e+03 -1.20484533e+03
-1.08585859e-05 3.78787879e-06 9.99993635e+07 3.66709171e+03 -1.48825635e+03
-1.03535354e-05 3.78787879e-06 9.99991417e+07 3.37986580e+03 -1.72946822e+03
-9.84848485e-06 3.78787879e-06 9.99989387e+07 3.06215963e+03 -1.92680488e+03
-9.34343434e-06 3.78787879e-06 9.99987601e+07 2.72648658e+03 -2.08105154e+03
-8.83838384e-06 3.78787879e-06 9.99986096e+07 2.38462519e+03 -2.19492596e+03
-8.33333333e-06 3.78787879e-06 9.99984891e+07 2.04720960e+03 -2.27246926e+03
-7.82828283e-06 3.78787879e-06 9.99983991e+07 1.72346528e+03 -2.31843546e+03
-7.32323232e-06 3.78787879e-06 9.99983384e+07 1.42106251e+03 -2.33774190e+03
-6.81818182e-06 3.78787879e-06 9.99983050e+07 1.14605574e+03 -2.33502294e+03
-6.31313131e-06 3.78787879e-06 9.99982958e+07 9.02880848e+02 -2.31431047e+03
-5.80808081e-06 3.78787879e-06 9.99983072e+07 6.94389880e+02 -2.27884894e+03
-5.30303030e-06 3.78787879e-06 9.99983351e+07 5.21913423e+02 -2.23103979e+03
-4.79797980e-06 3.78787879e-06 9.99983751e+07 3.85350162e+02 -2.17249996e+03
-4.29292929e-06 3.78787879e-06 9.99984229e+07 2.83289905e+02 -2.10421051e+03
-3.78787879e-06 3.78787879e-06 9.99984745e+07 2.13178316e+02 -2.02672493e+03
-3.28282828e-06 3.78787879e-06 9.99985260e+07 1.71528541e+02 -1.94040283e+03
-2.77777778e-06 3.78787879e-06 9.99985744e+07 1.54177471e+02 -1.84563389e+03
-2.27272727e-06 3.78787879e-06 9.99986171e+07 1.56574862e+02 -1.74302121e+03
-1.76767677e-06 3.78787879e-06 9.99986524e+07 1.74084580e+02 -1.63350153e+03
-1.26262626e-06 3.78787879e-06 9.99986790e+07 2.02271749e+02 -1.51839127e+03
-7.57575758e-07 3.78787879e-06 9.99986965e+07 2.37149264e+02 -1.39936022e+03
-2.52525253e-07 3.78787879e-06 9.99987051e+07 2.75362276e+02 -1.27834582e+03
2.52525253e-07 3.78787879e-06 9.99987051e+07 3.14298523e+02 -1.15742839e+03
7.57575758e-07 3.78787879e-06 9.99986973e+07 3.52123356e+02 -1.03869064e+03
1.26262626e-06 3.78787879e-06 9.99986824e+07 3.87748423e+02 -9.24082739e+02
1.76767677e-06 3.78787879e-06 9.99986611e+07 4.20750155e+02 -8.15308854e+02
2.27272727e-06 3.78787879e-06 9.99986340e+07 4.51257595e+02 -7.13744649e+02
2.77777778e-06 3.78787879e-06 9.99986015e+07 4.79828735e+02 -6.20387994e+02
3.28282828e-06 3.78787879e-06 9.99985638e+07 5.07331422e+02 -5.35839990e+02
3.78787879e-06 3.78787879e-06 9.99985205e+07 5.34840283e+02 -4.60309599e+02
4.29292929e-06 3.78787879e-06 9.99984714e+07 5.63556201e+02 -3.93633317e+02
4.79797980e-06 3.78787879e-06 9.99984156e+07 5.94750574e+02 -3.35300736e+02
5.30303030e-06 3.78787879e-06 9.99983521e+07 6.29733294e+02 -2.84477099e+02
5.80808081e-06 3.78787879e-06 9.99982796e+07 6.69841236e+02 -2.40014259e+02
6.31313131e-06 3.78787879e-06 9.99981966e+07 7.16442850e+02 -2.00441466e+02
6.81818182e-06 3.78787879e-06 9.99981011e+07 7.70953707e+02 -1.63926453e+02
7.32323232e-06 3.78787879e-06 9.99979911e+07 8.34857172e+02 -1.28194962e+02
7.82828283e-06 3.78787879e-06 9.99978642e+07 9.09722920e+02 -9.03923162e+01
8.33333333e-06 3.78787879e-06 9.99977175e+07 9.97212766e+02 -4.68630048e+01
8.83838384e-06 3.78787879e-06 9.99975482e+07 1.09905654e+03 7.18836363e+00
9.34343434e-06 3.78787879e-06 9.99973530e+07 1.21696729e+03 7.82115704e+01
9.84848485e-06 3.78787879e-06 9.99971288e+07 1.35243905e+03 1.75089843e+02
1.03535354e-05 3.78787879e-06 9.99968729e+07 1.50631961e+03 3.10323730e+02
1.08585859e-05 3.78787879e-06 9.99965838e+07 1.67795218e+03 5.01840219e+02
1.13636364e-05 3.78787879e-06 9.99962629e+07 1.86348378e+03 7.75768602e+02
1.18686869e-05 3.78787879e-06 9.99959177e+07 2.05254625e+03 1.17069171e+03
1.23737374e-05 3.78787879e-06 9.99955671e+07 2.22172260e+03 1.74405402e+03
1.28787879e-05 3.78787879e-06 9.99952530e+07 2.32161395e+03 2.58136423e+03
1.33838384e-05 3.78787879e-06 9.99950594e+07 2.25121627e+03 3.80770087e+03
1.38888889e-05 3.78787879e-06 9.99951470e+07 1.80797953e+03 5.59583193e+03
1.43939394e-05 3.78787879e-06 9.99958020e+07 5.96549656e+02 8.14676472e+03
1.48989899e-05 3.78787879e-06 9.99974694e+07 -2.10536014e+03 1.15633670e+04
1.54040404e-05 3.78787879e-06 1.00000612e+08 -7.39049920e+03 1.54203161e+04
1.59090909e-05 3.78787879e-06 1.00004981e+08 -1.60287084e+04 1.78389696e+04
1.64141414e-05 3.78787879e-06 1.00008322e+08 -2.58335057e+04 1.51540219e+04
1.69191919e-05 3.78787879e-06 1.00007707e+08 -2.96034142e+04 6.02298958e+03
1.74242424e-05 3.78787879e-06 1.00005071e+08 -2.29848604e+04 -3.57051521e+03
1.79292929e-05 3.78787879e-06 1.00004438e+08 -1.17422247e+04 -8.19744386e+03
1.84343434e-05 3.78787879e-06 1.00005514e+08 -2.00658569e+03 -8.87143344e+03
1.89393939e-05 3.78787879e-06 1.00006799e+08 4.72929883e+03 -7.63536676e+03
1.94444444e-05 3.78787879e-06 1.00007878e+08 8.52741658e+03 -5.45702184e+03
1.99494949e-05 3.78787879e-06 1.00008657e+08 9.67157606e+03 -3.08932454e+03
2.04545455e-05 3.78787879e-06 1.00008896e+08 8.86072265e+03 -1.24308972e+03
2.09595960e-05 3.78787879e-06 1.00008446e+08 7.09466731e+03 -2.40314578e+02
2.14646465e-05 3.78787879e-06 1.00007434e+08 5.21308345e+03 4.32415494e+01
2.19696970e-05 3.78787879e-06 1.00006149e+08 3.64985216e+03 -8.24278901e+01
2.24747475e-05 3.78787879e-06 1.00004851e+08 2.50745422e+03 -3.52850818e+02
2.29797980e-05 3.78787879e-06 1.00003695e+08 1.72849971e+03 -6.18685747e+02
2.34848485e-05 3.78787879e-06 1.00002738e+08 1.21519128e+03 -8.21293921e+02
2.39898990e-05 3.78787879e-06 1.00001980e+08 8.80742553e+02 -9.51244548e+02
2.44949495e-05 3.78787879e-06 1.00001397e+08 6.61852604e+02 -1.01915876e+03
2.50000000e-05 3.78787879e-06 1.00000955e+08 5.16266718e+02 -1.04064970e+03
-2.50000000e-05 4.29292929e-06 9.99990059e+07 -1.19920452e+03 2.29619473e+02
-2.44949495e-05 4.29292929e-06 9.99989733e+07 -1.22091519e+03 3.23753731e+02
-2.39898990e-05 4.29292929e-06 9.99989513e+07 -1.22950740e+03 4.32517131e+02
-2.34848485e-05 4.29292929e-06 9.99989426e+07 -1.22121577e+03 5.56577208e+02
-2.29797980e-05 4.29292929e-06 9.99989498e+07 -1.19175763e+03 6.96134412e+02
-2.24747475e-05 4.29292929e-06 9.99989758e+07 -1.13639331e+03 8.50735574e+02
-2.19696970e-05 4.29292929e-06 9.99990232e+07 -1.05004929e+03 1.01906369e+03
-2.14646465e-05 4.29292929e-06 9.99990941e+07 -9.27520671e+02 1.19871631e+03
-2.09595960e-05 4.29292929e-06 9.99991900e+07 -7.63767513e+02 1.38599311e+03
-2.04545455e-05 4.29292929e-06 9.99993114e+07 -5.54313061e+02 1.57572262e+03
-1.99494949e-05 4.29292929e-06 9.99994574e+07 -2.95740984e+02 1.76116717e+03
-1.94444444e-05 4.29292929e-06 9.99996253e+07 1.37283407e+01 1.93405192e+03
-1.89393939e-05 4.29292929e-06 9.99998107e+07 3.73624204e+02 2.08476475e+03
-1.84343434e-05 4.29292929e-06 1.00000007e+08 7.80640990e+02 2.20276535e+03
-1.79292929e-05 4.29292929e-06 1.00000206e+08 1.22817158e+03 2.27722186e+03
-1.74242424e-05 4.29292929e-06 1.00000396e+08 1.70606167e+03 2.29785955e+03
-1.69191919e-05 4.29292929e-06 1.00000568e+08 2.20068560e+03 2.25596238e+03
-1.64141414e-05 4.29292929e-06 1.00000710e+08 2.69541906e+03 2.14542083e+03
-1.59090909e-05 4.29292929e-06 1.00000810e+08 3.17153394e+03 1.96368081e+03
-1.54040404e-05 4.29292929e-06 1.00000861e+08 3.60947064e+03 1.71243131e+03
-1.48989899e-05 4.29292929e-06 1.00000857e+08 3.99036554e+03 1.39788429e+03
-1.43939394e-05 4.29292929e-06 1.00000796e+08 4.29764601e+03 1.03055255e+03
-1.38888889e-05 4.29292929e-06 1.00000679e+08 4.51847180e+03 6.24513001e+02
-1.33838384e-05 4.29292929e-06 1.00000513e+08 4.64481300e+03 1.96235757e+02
-1.28787879e-05 4.29292929e-06 1.00000306e+08 4.67401253e+03 -2.36859154e+02
-1.23737374e-05 4.29292929e-06 1.00000069e+08 4.60877241e+03 -6.57907692e+02
-1.18686869e-05 4.29292929e-06 9.99998142e+07 4.45660338e+03 -1.05195759e+03
-1.13636364e-05 4.29292929e-06 9.99995548e+07 4.22886264e+03 -1.40700196e+03
-1.08585859e-05 4.29292929e-06 9.99993019e+07 3.93955428e+03 -1.71458898e+03
-1.03535354e-05 4.29292929e-06 9.99990654e+07 3.60407537e+03 -1.96998644e+03
-9.84848485e-06 4.29292929e-06 9.99988530e+07 3.23806272e+03 -2.17195052e+03
-9.34343434e-06 4.29292929e-06 9.99986702e+07 2.85644576e+03 -2.32219678e+03
-8.83838384e-06 4.29292929e-06 9.99985202e+07 2.47275469e+03 -2.42469209e+03
-8.33333333e-06 4.29292929e-06 9.99984042e+07 2.09868470e+03 -2.48488345e+03
-7.82828283e-06 4.29292929e-06 9.99983215e+07 1.74388235e+03 -2.50895947e+03
-7.32323232e-06 4.29292929e-06 9.99982701e+07 1.41590261e+03 -2.50321273e+03
-6.81818182e-06 4.29292929e-06 9.99982471e+07 1.12028202e+03 -2.47354264e+03
-6.31313131e-06 4.29292929e-06 9.99982485e+07 8.60679882e+02 -2.42511399e+03
-5.80808081e-06 4.29292929e-06 9.99982702e+07 6.39052605e+02 -2.36216821e+03
-5.30303030e-06 4.29292929e-06 9.99983077e+07 4.55840161e+02 -2.28797115e+03
-4.79797980e-06 4.29292929e-06 9.99983565e+07 3.10156487e+02 -2.20487359e+03
-4.29292929e-06 4.29292929e-06 9.99984123e+07 1.99984499e+02 -2.11445540e+03
-3.78787879e-06 4.29292929e-06 9.99984712e+07 1.22380663e+02 -2.01772236e+03
-3.28282828e-06 4.29292929e-06 9.99985295e+07 7.36935786e+01 -1.91532408e+03
-2.77777778e-06 4.29292929e-06 9.99985843e+07 4.97969436e+01 -1.80776391e+03
-2.27272727e-06 4.29292929e-06 9.99986333e+07 4.63311800e+01 -1.69557636e+03
-1.76767677e-06 4.29292929e-06 9.99986747e+07 5.89420809e+01 -1.57945458e+03
-1.26262626e-06 4.29292929e-06 9.99987074e+07 8.35009591e+01 -1.46031916e+03
-7.57575758e-07 4.29292929e-06 9.99987310e+07 1.16290169e+02 -1.33932859e+03
-2.52525253e-07 4.29292929e-06 9.99987453e+07 1.54140794e+02 -1.21783953e+03
2.52525253e-07 4.29292929e-06 9.99987507e+07 1.94514985e+02 -1.09733054e+03
7.57575758e-07 4.29292929e-06 9.99987477e+07 2.35532448e+02 -9.79305631e+02
1.26262626e-06 4.29292929e-06 9.99987370e+07 2.75947298e+02 -8.65193173e+02
1.76767677e-06 4.29292929e-06 9.99987193e+07 3.15086490e+02 -7.56253060e+02
2.27272727e-06 4.29292929e-06 9.99986952e+07 3.52763632e+02 -6.53500684e+02
2.77777778e-06 4.29292929e-06 9.99986652e+07 3.89182037e+02 -5.57651728e+02
3.28282828e-06 4.29292929e-06 9.99986294e+07 4.24838935e+02 -4.69087664e+02
3.78787879e-06 4.29292929e-06 9.99985880e+07 4.60439527e+02 -3.87838626e+02
4.29292929e-06 4.29292929e-06 9.99985409e+07 4.96825983e+02 -3.13578138e+02
4.79797980e-06 4.29292929e-06 9.99984875e+07 5.34923007e+02 -2.45622816e+02
5.30303030e-06 4.29292929e-06 9.99984274e+07 5.75698760e+02 -1.82929393e+02
5.80808081e-06 4.29292929e-06 9.99983596e+07 6.20137711e+02 -1.24080836e+02
6.31313131e-06 4.29292929e-06 9.99982831e+07 6.69220242e+02 -6.72525095e+01
6.81818182e-06 4.29292929e-06 9.99981970e+07 7.23902112e+02 -1.01479714e+01
7.32323232e-06 4.29292929e-06 9.99980998e+07 7.85084653e+02 5.01084749e+01
7.82828283e-06 4.29292929e-06 9.99979903e+07 8.53562819e+02 1.17139341e+02
8.33333333e-06 4.29292929e-06 9.99978674e+07 9.29931602e+02 1.95564778e+02
8.83838384e-06 4.29292929e-06 9.99977301e+07 1.01441964e+03 2.91369149e+02
9.34343434e-06 4.29292929e-06 9.99975780e+07 1.10659822e+03 4.12429213e+02
9.84848485e-06 4.29292929e-06 9.99974118e+07 1.20487754e+03 5.69267764e+02
1.03535354e-05 4.29292929e-06 9.99972340e+07 1.30563868e+03 7.76118178e+02
1.08585859e-05 4.29292929e-06 9.99970503e+07 1.40173758e+03 1.05240420e+03
1.13636364e-05 4.29292929e-06 9.99968718e+07 1.47992309e+03 1.42473362e+03
1.18686869e-05 4.29292929e-06 9.99967186e+07 1.51637811e+03 1.92941120e+03
1.23737374e-05 4.29292929e-06 9.99966256e+07 1.46905566e+03 2.61512626e+03
1.28787879e-05 4.29292929e-06 9.99966508e+07 1.26472971e+03 3.54443329e+03
1.33838384e-05 4.29292929e-06 9.99968872e+07 7.78077773e+02 4.78990370e+03
1.38888889e-05 4.29292929e-06 9.99974736e+07 -1.98479088e+02 6.41427957e+03
1.43939394e-05 4.29292929e-06 9.99985895e+07 -1.98533797e+03 8.41069239e+03
1.48989899e-05 4.29292929e-06 1.00000391e+08 -5.00068664e+03 1.05619392e+04
1.54040404e-05 4.29292929e-06 1.00002811e+08 -9.56198870e+03 1.21975370e+04
1.59090909e-05 4.29292929e-06 1.00005208e+08 -1.52771803e+04 1.20291073e+04
1.64141414e-05 4.29292929e-06 1.00006304e+08 -2.01788583e+04 8.73018338e+03
1.69191919e-05 4.29292929e-06 1.00005314e+08 -2.11465679e+04 2.68065364e+03
1.74242424e-05 4.29292929e-06 1.00003358e+08 -1.68823262e+04 -3.34795881e+03
1.79292929e-05 4.29292929e-06 1.00002286e+08 -9.60826249e+03 -6.84478168e+03
1.84343434e-05 4.29292929e-06 1.00002572e+08 -2.42502603e+03 -7.60896068e+03
1.89393939e-05 4.29292929e-06 1.00003638e+08 3.02393316e+03 -6.62284575e+03
1.94444444e-05 4.29292929e-06 1.00004908e+08 6.33088820e+03 -4.80866293e+03
1.99494949e-05 4.29292929e-06 1.00006013e+08 7.65612067e+03 -2.85309949e+03
2.04545455e-05 4.29292929e-06 1.00006699e+08 7.47789270e+03 -1.24622256e+03
2.09595960e-05 4.29292929e-06 1.00006839e+08 6.42837532e+03 -2.22022522e+02
2.14646465e-05 4.29292929e-06 1.00006477e+08 5.07887805e+03 2.41408453e+02
2.19696970e-05 4.29292929e-06 1.00005771e+08 3.79910948e+03 3.10233740e+02
2.24747475e-05 4.29292929e-06 1.00004907e+08 2.75211102e+03 1.69055024e+02
2.29797980e-05 4.29292929e-06 1.00004029e+08 1.96483832e+03 -4.58537497e+01
2.34848485e-05 4.29292929e-06 1.00003225e+08 1.40128809e+03 -2.56888005e+02
2.39898990e-05 4.29292929e-06 1.00002532e+08 1.00864352e+03 -4.30050805e+02
2.44949495e-05 4.29292929e-06 1.00001957e+08 7.38367401e+02 -5.56697754e+02
2.50000000e-05 4.29292929e-06 1.00001491e+08 5.52613062e+02 -6.40264981e+02
-2.50000000e-05 4.79797980e-06 9.99989240e+07 -1.28635791e+03 1.93923518e+02
-2.44949495e-05 4.79797980e-06 9.99988770e+07 -1.32305926e+03 2.88620308e+02
-2.39898990e-05 4.79797980e-06 9.99988403e+07 -1.34771415e+03 3.99784977e+02
-2.34848485e-05 4.79797980e-06 9.99988169e+07 -1.35619018e+03 5.28571739e+02
-2.29797980e-05 4.79797980e-06 9.99988103e+07 -1.34365087e+03 6.75692843e+02
-2.24747475e-05 4.79797980e-06 9.99988239e+07 -1.30458103e+03 8.41195903e+02
-2.19696970e-05 4.79797980e-06 9.99988613e+07 -1.23288268e+03 1.02420072e+03
-2.14646465e-05 4.79797980e-06 9.99989256e+07 -1.12206657e+03 1.22260646e+03
-2.09595960e-05 4.79797980e-06 9.99990194e+07 -9.65564268e+02 1.43279107e+03
-2.04545455e-05 4.79797980e-06 9.99991440e+07 -7.57180968e+02 1.64933798e+03
-1.99494949e-05 4.79797980e-06 9.99992994e+07 -4.91697128e+02 1.86484042e+03
-1.94444444e-05 4.79797980e-06 9.99994834e+07 -1.65606447e+02 2.06984602e+03
-1.89393939e-05 4.79797980e-06 9.99996915e+07 2.22052525e+02 2.25301183e+03
-1.84343434e-05 4.79797980e-06 9.99999164e+07 6.68851227e+02 2.40153448e+03
-1.79292929e-05 4.79797980e-06 1.00000148e+08 1.16823135e+03 2.50189769e+03
-1.74242424e-05 4.79797980e-06 1.00000375e+08 1.70902000e+03 2.54093586e+03
-1.69191919e-05 4.79797980e-06 1.00000583e+08 2.27535830e+03 2.50714927e+03
-1.64141414e-05 4.79797980e-06 1.00000757e+08 2.84717668e+03 2.39213362e+03
-1.59090909e-05 4.79797980e-06 1.00000885e+08 3.40128350e+03 2.19192068e+03
-1.54040404e-05 4.79797980e-06 1.00000954e+08 3.91302914e+03 1.90799069e+03
-1.48989899e-05 4.79797980e-06 1.00000958e+08 4.35838464e+03 1.54773112e+03
-1.43939394e-05 4.79797980e-06 1.00000894e+08 4.71616303e+03 1.12418941e+03
-1.38888889e-05 4.79797980e-06 1.00000764e+08 4.97004857e+03 6.55090567e+02
-1.33838384e-05 4.79797980e-06 1.00000575e+08 5.11010930e+03 1.61235377e+02
-1.28787879e-05 4.79797980e-06 1.00000340e+08 5.13355662e+03 -3.35478175e+02
-1.23737374e-05 4.79797980e-06 1.00000072e+08 5.04466013e+03 -8.14096046e+02
-1.18686869e-05 4.79797980e-06 9.99997867e+07 4.85388670e+03 -1.25639981e+03
-1.13636364e-05 4.79797980e-06 9.99994991e+07 4.57646557e+03 -1.64820887e+03
-1.08585859e-05 4.79797980e-06 9.99992230e+07 4.23065426e+03 -1.98006860e+03
-1.03535354e-05 4.79797980e-06 9.99989696e+07 3.83598430e+03 -2.24732354e+03
-9.84848485e-06 4.79797980e-06 9.99987471e+07 3.41171285e+03 -2.44967535e+03
-9.34343434e-06 4.79797980e-06 9.99985607e+07 2.97562133e+03 -2.59038480e+03
-8.83838384e-06 4.79797980e-06 9.99984129e+07 2.54321346e+03 -2.67529270e+03
-8.33333333e-06 4.79797980e-06 9.99983036e+07 2.12729188e+03 -2.71181586e+03
-7.82828283e-06 4.79797980e-06 9.99982312e+07 1.73784574e+03 -2.70803544e+03
-7.32323232e-06 4.79797980e-06 9.99981923e+07 1.38216166e+03 -2.67194987e+03
-6.81818182e-06 4.79797980e-06 9.99981827e+07 1.06507194e+03 -2.61092454e+03
-6.31313131e-06 4.79797980e-06 9.99981978e+07 7.89268696e+02 -2.53133913e+03
-5.80808081e-06 4.79797980e-06 9.99982327e+07 5.55633054e+02 -2.43841323e+03
-5.30303030e-06 4.79797980e-06 9.99982824e+07 3.63549792e+02 -2.33617992e+03
-4.79797980e-06 4.79797980e-06 9.99983423e+07 2.11194750e+02 -2.22757226e+03
-4.29292929e-06 4.79797980e-06 9.99984080e+07 9.57944827e+01 -2.11458742e+03
-3.78787879e-06 4.79797980e-06 9.99984756e+07 1.38638720e+01 -1.99849531e+03
-3.28282828e-06 4.79797980e-06 9.99985419e+07 -3.85713151e+01 -1.88006184e+03
-2.77777778e-06 4.79797980e-06 9.99986039e+07 -6.57623234e+01 -1.75976184e+03
-2.27272727e-06 4.79797980e-06 9.99986596e+07 -7.20355389e+01 -1.63796179e+03
-1.76767677e-06 4.79797980e-06 9.99987074e+07 -6.16052156e+01 -1.51505919e+03
-1.26262626e-06 4.79797980e-06 9.99987462e+07 -3.84084716e+01 -1.39157166e+03
-7.57575758e-07 4.79797980e-06 9.99987755e+07 -5.97130459e+00 -1.26817593e+03
-2.52525253e-07 4.79797980e-06 9.99987953e+07 3.26870155e+01 -1.14570200e+03
2.52525253e-07 4.79797980e-06 9.99988058e+07 7.51072374e+01 -1.02509209e+03
7.57575758e-07 4.79797980e-06 9.99988076e+07 1.19401655e+02 -9.07336025e+02
1.26262626e-06 4.79797980e-06 9.99988012e+07 1.64228864e+02 -7.93394792e+02
1.76767677e-06 4.79797980e-06 9.99987873e+07 2.08740140e+02 -6.84122888e+02
2.27272727e-06 4.79797980e-06 9.99987666e+07 2.52507590e+02 -5.80197227e+02
2.77777778e-06 4.79797980e-06 9.99987398e+07 2.95444196e+02 -4.82057672e+02
3.28282828e-06 4.79797980e-06 9.99987071e+07 3.37724337e+02 -3.89861035e+02
3.78787879e-06 4.79797980e-06 9.99986691e+07 3.79710896e+02 -3.03447727e+02
4.29292929e-06 4.79797980e-06 9.99986256e+07 4.21892110e+02 -2.22317903e+02
4.79797980e-06 4.79797980e-06 9.99985768e+07 4.64828507e+02 -1.45612216e+02
5.30303030e-06 4.79797980e-06 9.99985225e+07 5.09107789e+02 -7.20908777e+01
5.80808081e-06 4.79797980e-06 9.99984622e+07 5.55303327e+02 -1.03645103e-01
6.31313131e-06 4.79797980e-06 9.99983956e+07 6.03930002e+02 7.24577401e+01
6.81818182e-06 4.79797980e-06 9.99983224e+07 6.55388806e+02 1.48234385e+02
7.32323232e-06 4.79797980e-06 9.99982421e+07 7.09888456e+02 2.30513757e+02
7.82828283e-06 4.79797980e-06 9.99981546e+07 7.67327217e+02 3.23395566e+02
8.33333333e-06 4.79797980e-06 9.99980604e+07 8.27109883e+02 4.32026689e+02
8.83838384e-06 4.79797980e-06 9.99979602e+07 8.87861349e+02 5.62925124e+02
9.34343434e-06 4.79797980e-06 9.99978562e+07 9.46976369e+02 7.24415476e+02
9.84848485e-06 4.79797980e-06 9.99977522e+07 9.99910102e+02 9.27196978e+02
1.03535354e-05 4.79797980e-06 9.99976545e+07 1.03905919e+03 1.18505184e+03
1.08585859e-05 4.79797980e-06 9.99975736e+07 1.05199986e+03 1.51565916e+03
1.13636364e-05 4.79797980e-06 9.99975260e+07 1.01873175e+03 1.94136955e+03
1.18686869e-05 4.79797980e-06 9.99975369e+07 9.07434133e+02 2.48953605e+03
1.23737374e-05 4.79797980e-06 9.99976439e+07 6.68150275e+02 3.19142786e+03
1.28787879e-05 4.79797980e-06 9.99979005e+07 2.24042299e+02 4.07758245e+03
1.33838384e-05 4.79797980e-06 9.99983773e+07 -5.38817385e+02 5.16528046e+03
1.38888889e-05 4.79797980e-06 9.99991552e+07 -1.77781054e+03 6.43056231e+03
1.43939394e-05 4.79797980e-06 1.00000296e+08 -3.67994581e+03 7.75496329e+03
1.48989899e-05 4.79797980e-06 1.00001773e+08 -6.39064497e+03 8.84571605e+03
1.54040404e-05 4.79797980e-06 1.00003359e+08 -9.83065830e+03 9.17246536e+03
1.59090909e-05 4.79797980e-06 1.00004547e+08 -1.34040369e+04 8.06341266e+03
1.64141414e-05 4.79797980e-06 1.00004738e+08 -1.58513803e+04 5.14806391e+03
1.69191919e-05 4.79797980e-06 1.00003777e+08 -1.57668339e+04 9.72586291e+02
1.74242424e-05 4.79797980e-06 1.00002322e+08 -1.27318525e+04 -3.03565493e+03
1.79292929e-05 4.79797980e-06 1.00001327e+08 -7.79100470e+03 -5.58577980e+03
1.84343434e-05 4.79797980e-06 1.00001245e+08 -2.57854851e+03 -6.34107680e+03
1.89393939e-05 4.79797980e-06 1.00001923e+08 1.70916456e+03 -5.71915019e+03
1.94444444e-05 4.79797980e-06 1.00002978e+08 4.56340734e+03 -4.34614825e+03
1.99494949e-05 4.79797980e-06 1.00004053e+08 5.97052520e+03 -2.77155263e+03
2.04545455e-05 4.79797980e-06 1.00004883e+08 6.20566393e+03 -1.38530194e+03
2.09595960e-05 4.79797980e-06 1.00005328e+08 5.67288510e+03 -3.91021801e+02
2.14646465e-05 4.79797980e-06 1.00005370e+08 4.76706871e+03 1.79079022e+02
2.19696970e-05 4.79797980e-06 1.00005083e+08 3.78258877e+03 4.04121361e+02
2.24747475e-05 4.79797980e-06 1.00004585e+08 2.88894518e+03 4.02346843e+02
2.29797980e-05 4.79797980e-06 1.00003988e+08 2.15480730e+03 2.80847087e+02
2.34848485e-05 4.79797980e-06 1.00003376e+08 1.58727803e+03 1.15432971e+02
2.39898990e-05 4.79797980e-06 1.00002802e+08 1.16472951e+03 -4.92470753e+01
2.44949495e-05 4.79797980e-06 1.00002290e+08 8.57089148e+02 -1.91552466e+02
2.50000000e-05 4.79797980e-06 1.00001851e+08 6.35757698e+02 -3.04079455e+02
-2.50000000e-05 5.30303030e-06 9.99988483e+07 -1.37248589e+03 1.52639738e+02
-2.44949495e-05 5.30303030e-06 9.99987852e+07 -1.42574297e+03 2.46161136e+02
-2.39898990e-05 5.30303030e-06 9.99987314e+07 -1.46853333e+03 3.57924339e+02
-2.34848485e-05 5.30303030e-06 9.99986906e+07 -1.49641352e+03 4.89671770e+02
-2.29797980e-05 5.30303030e-06 9.99986668e+07 -1.50402232e+03 6.42768226e+02
-2.24747475e-05 5.30303030e-06 9.99986644e+07 -1.48505350e+03 8.17944184e+02
-2.19696970e-05 5.30303030e-06 9.99986879e+07 -1.43230341e+03 1.01497639e+03
-2.14646465e-05 5.30303030e-06 9.99987417e+07 -1.33782874e+03 1.23231248e+03
-2.09595960e-05 5.30303030e-06 9.99988297e+07 -1.19325351e+03 1.46665981e+03
-2.04545455e-05 5.30303030e-06 9.99989545e+07 -9.90262916e+02 1.71257706e+03
-1.99494949e-05 5.30303030e-06 9.99991173e+07 -7.21310916e+02 1.96212980e+03
-1.94444444e-05 5.30303030e-06 9.99993168e+07 -3.80544752e+02 2.20469361e+03
-1.89393939e-05 5.30303030e-06 9.99995488e+07 3.50897705e+01 2.42700676e+03
-1.84343434e-05 5.30303030e-06 9.99998056e+07 5.24652871e+02 2.61357717e+03
-1.79292929e-05 5.30303030e-06 1.00000076e+08 1.08207919e+03 2.74752803e+03
-1.74242424e-05 5.30303030e-06 1.00000345e+08 1.69532221e+03 2.81191221e+03
-1.69191919e-05 5.30303030e-06 1.00000596e+08 2.34601926e+03 2.79143720e+03
-1.64141414e-05 5.30303030e-06 1.00000811e+08 3.00990399e+03 2.67442931e+03
-1.59090909e-05 5.30303030e-06 1.00000972e+08 3.65810805e+03 2.45475373e+03
-1.54040404e-05 5.30303030e-06 1.00001065e+08 4.25933999e+03 2.13333336e+03
-1.48989899e-05 5.30303030e-06 1.00001079e+08 4.78273322e+03 1.71891173e+03
-1.43939394e-05 5.30303030e-06 1.00001011e+08 5.20096723e+03 1.22780613e+03
-1.38888889e-05 5.30303030e-06 1.00000864e+08 5.49315036e+03 6.82586136e+02
-1.33838384e-05 5.30303030e-06 1.00000647e+08 5.64695692e+03 1.09843950e+02
-1.28787879e-05 5.30303030e-06 1.00000377e+08 5.65964968e+03 -4.62572956e+02
-1.23737374e-05 5.30303030e-06 1.00000070e+08 5.53785256e+03 -1.00838401e+03
-1.18686869e-05 5.30303030e-06 9.99997462e+07 5.29619896e+03 -1.50528321e+03
-1.13636364e-05 5.30303030e-06 9.99994249e+07 4.95518845e+03 -1.93659020e+03
-1.08585859e-05 5.30303030e-06 9.99991220e+07 4.53868791e+03 -2.29199450e+03
-1.03535354e-05 5.30303030e-06 9.99988499e+07 4.07149975e+03 -2.56743631e+03
-9.84848485e-06 5.30303030e-06 9.99986174e+07 3.57731816e+03 -2.76431167e+03
-9.34343434e-06 5.30303030e-06 9.99984290e+07 3.07725032e+03 -2.88825999e+03
-8.83838384e-06 5.30303030e-06 9.99982862e+07 2.58894034e+03 -2.94779273e+03
-8.33333333e-06 5.30303030e-06 9.99981874e+07 2.12622895e+03 -2.95297332e+03
-7.82828283e-06 5.30303030e-06 9.99981291e+07 1.69922399e+03 -2.91428861e+03
-7.32323232e-06 5.30303030e-06 9.99981066e+07 1.31464044e+03 -2.84178187e+03
-6.81818182e-06 5.30303030e-06 9.99981143e+07 9.76282283e+02 -2.74446178e+03
-6.31313131e-06 5.30303030e-06 9.99981466e+07 6.85567820e+02 -2.62996404e+03
-5.80808081e-06 5.30303030e-06 9.99981977e+07 4.42033503e+02 -2.50442252e+03
-5.30303030e-06 5.30303030e-06 9.99982622e+07 2.43781462e+02 -2.37249994e+03
-4.79797980e-06 5.30303030e-06 9.99983353e+07 8.78590739e+01 -2.23752935e+03
-4.29292929e-06 5.30303030e-06 9.99984127e+07 -2.94261736e+01 -2.10172364e+03
-3.78787879e-06 5.30303030e-06 9.99984904e+07 -1.12245667e+02 -1.96641737e+03
-3.28282828e-06 5.30303030e-06 9.99985655e+07 -1.65029936e+02 -1.83231271e+03
-2.77777778e-06 5.30303030e-06 9.99986353e+07 -1.92279799e+02 -1.69970790e+03
-2.27272727e-06 5.30303030e-06 9.99986980e+07 -1.98402223e+02 -1.56869307e+03
-1.76767677e-06 5.30303030e-06 9.99987520e+07 -1.87569205e+02 -1.43930393e+03
-1.26262626e-06 5.30303030e-06 9.99987966e+07 -1.63601550e+02 -1.31162907e+03
-7.57575758e-07 5.30303030e-06 9.99988313e+07 -1.29881101e+02 -1.18587119e+03
-2.52525253e-07 5.30303030e-06 9.99988562e+07 -8.92946887e+01 -1.06236637e+03
2.52525253e-07 5.30303030e-06 9.99988714e+07 -4.42110744e+01 -9.41568352e+02
7.57575758e-07 5.30303030e-06 9.99988775e+07 3.51080894e+00 -8.24006374e+02
1.26262626e-06 5.30303030e-06 9.99988752e+07 5.24870356e+01 -7.10225768e+02
1.76767677e-06 5.30303030e-06 9.99988651e+07 1.01754265e+02 -6.00720106e+02
2.27272727e-06 5.30303030e-06 9.99988481e+07 1.50703700e+02 -4.95862488e+02
2.77777778e-06 5.30303030e-06 9.99988250e+07 1.99010995e+02 -3.95841720e+02
3.28282828e-06 5.30303030e-06 9.99987962e+07 2.46568092e+02 -3.00606970e+02
3.78787879e-06 5.30303030e-06 9.99987624e+07 2.93420638e+02 -2.09822097e+02
4.29292929e-06 5.30303030e-06 9.99987240e+07 3.39712034e+02 -1.22828588e+02
4.79797980e-06 5.30303030e-06 9.99986813e+07 3.85632726e+02 -3.86139557e+01
5.30303030e-06 5.30303030e-06 9.99986344e+07 4.31371192e+02 4.42192783e+01
5.80808081e-06 5.30303030e-06 9.99985837e+07 4.77061176e+02 1.27490214e+02
6.31313131e-06 5.30303030e-06 9.99985291e+07 5.22717900e+02 2.13489026e+02
6.81818182e-06 5.30303030e-06 9.99984711e+07 5.68153649e+02 3.05047114e+02
7.32323232e-06 5.30303030e-06 9.99984101e+07 6.12859903e+02 4.05636167e+02
7.82828283e-06 5.30303030e-06 9.99983470e+07 6.55838071e+02 5.19504323e+02
8.33333333e-06 5.30303030e-06 9.99982833e+07 6.95353101e+02 6.51856478e+02
8.83838384e-06 5.30303030e-06 9.99982214e+07 7.28572408e+02 8.09082635e+02
9.34343434e-06 5.30303030e-06 9.99981652e+07 7.51035282e+02 9.99030117e+02
9.84848485e-06 5.30303030e-06 9.99981205e+07 7.55873861e+02 1.23129745e+03
1.03535354e-05 5.30303030e-06 9.99980958e+07 7.32675852e+02 1.51748961e+03
1.08585859e-05 5.30303030e-06 9.99981035e+07 6.65846228e+02 1.87129715e+03
1.13636364e-05 5.30303030e-06 9.99981610e+07 5.32308406e+02 2.30811275e+03
1.18686869e-05 5.30303030e-06 9.99982925e+07 2.98437044e+02 2.84362340e+03
1.23737374e-05 5.30303030e-06 9.99985293e+07 -8.36354337e+01 3.49034362e+03
1.28787879e-05 5.30303030e-06 9.99989093e+07 -6.79459710e+02 4.25033790e+03
1.33838384e-05 5.30303030e-06 9.99994721e+07 -1.57280245e+03 5.10157655e+03
1.38888889e-05 5.30303030e-06 1.00000245e+08 -2.85701397e+03 5.97535047e+03
1.43939394e-05 5.30303030e-06 1.00001214e+08 -4.60535506e+03 6.72558239e+03
1.48989899e-05 5.30303030e-06 1.00002285e+08 -6.80441786e+03 7.10303797e+03
1.54040404e-05 5.30303030e-06 1.00003239e+08 -9.24668623e+03 6.77250846e+03
1.59090909e-05 5.30303030e-06 1.00003762e+08 -1.14316583e+04 5.43280161e+03
1.64141414e-05 5.30303030e-06 1.00003592e+08 -1.26138528e+04 3.05375437e+03
1.69191919e-05 5.30303030e-06 1.00002758e+08 -1.21287552e+04 7.59623533e+01
1.74242424e-05 5.30303030e-06 1.00001663e+08 -9.85154317e+03 -2.70212320e+03
1.79292929e-05 5.30303030e-06 1.00000844e+08 -6.34779676e+03 -4.56377272e+03
1.84343434e-05 5.30303030e-06 1.00000629e+08 -2.53262183e+03 -5.23773898e+03
1.89393939e-05 5.30303030e-06 1.00001015e+08 8.00487887e+02 -4.89221859e+03
1.94444444e-05 5.30303030e-06 1.00001792e+08 3.20931783e+03 -3.90851710e+03
1.99494949e-05 5.30303030e-06 1.00002694e+08 4.58968874e+03 -2.68207202e+03
2.04545455e-05 5.30303030e-06 1.00003496e+08 5.07010608e+03 -1.51968753e+03
2.09595960e-05 5.30303030e-06 1.00004055e+08 4.89805877e+03 -6.02886444e+02
2.14646465e-05 5.30303030e-06 1.00004318e+08 4.34279434e+03 6.83671298e+00
2.19696970e-05 5.30303030e-06 1.00004305e+08 3.62909404e+03 3.34545783e+02
2.24747475e-05 5.30303030e-06 1.00004081e+08 2.90933044e+03 4.48540962e+02
2.29797980e-05 5.30303030e-06 1.00003723e+08 2.26652945e+03 4.24836140e+02
2.34848485e-05 5.30303030e-06 1.00003298e+08 1.73281412e+03 3.27124462e+02
2.39898990e-05 5.30303030e-06 1.00002859e+08 1.30984845e+03 2.00313652e+02
2.44949495e-05 5.30303030e-06 1.00002438e+08 9.84618980e+02 7.19539293e+01
2.50000000e-05 5.30303030e-06 1.00002054e+08 7.39281203e+02 -4.33855898e+01
-2.50000000e-05 5.80808081e-06 9.99987817e+07 -1.45578790e+03 1.06423771e+02
-2.44949495e-05 5.80808081e-06 9.99987006e+07 -1.52701621e+03 1.96748935e+02
-2.39898990e-05 5.80808081e-06 9.99986274e+07 -1.58994580e+03 3.06925233e+02
-2.34848485e-05 5.80808081e-06 9.99985662e+07 -1.63991961e+03 4.39381439e+02
-2.29797980e-05 5.80808081e-06 9.99985215e+07 -1.67112839e+03 5.96283424e+02
-2.24747475e-05 5.80808081e-06 9.99984988e+07 -1.67650928e+03 7.79250596e+02
-2.19696970e-05 5.80808081e-06 9.99985036e+07 -1.64771693e+03 9.88982131e+02
-2.14646465e-05 5.80808081e-06 9.99985418e+07 -1.57521399e+03 1.22479143e+03
-2.09595960e-05 5.80808081e-06 9.99986189e+07 -1.44853790e+03 1.48406273e+03
-2.04545455e-05 5.80808081e-06 9.99987395e+07 -1.25680565e+03 1.76166739e+03
-1.99494949e-05 5.80808081e-06 9.99989063e+07 -9.89512914e+02 2.04940957e+03
-1.94444444e-05 5.80808081e-06 9.99991197e+07 -6.37659868e+02 2.33560813e+03
-1.89393939e-05 5.80808081e-06 9.99993760e+07 -1.95188325e+02 2.60495766e+03
-1.84343434e-05 5.80808081e-06 9.99996677e+07 3.39360805e+02 2.83883233e+03
-1.79292929e-05 5.80808081e-06 9.99999821e+07 9.61159177e+02 3.01618573e+03
-1.74242424e-05 5.80808081e-06 1.00000302e+08 1.65766504e+03 3.11513934e+03
-1.69191919e-05 5.80808081e-06 1.00000606e+08 2.40782991e+03 3.11523178e+03
-1.64141414e-05 5.80808081e-06 1.00000871e+08 3.18231606e+03 3.00012782e+03
-1.59090909e-05 5.80808081e-06 1.00001074e+08 3.94500231e+03 2.76039657e+03
-1.54040404e-05 5.80808081e-06 1.00001196e+08 4.65583307e+03 2.39582225e+03
-1.48989899e-05 5.80808081e-06 1.00001223e+08 5.27475215e+03 1.91668056e+03
-1.43939394e-05 5.80808081e-06 1.00001150e+08 5.76614248e+03 1.34354860e+03
-1.38888889e-05 5.80808081e-06 1.00000981e+08 6.10297852e+03 7.05509896e+02
-1.33838384e-05 5.80808081e-06 1.00000728e+08 6.26988596e+03 3.69941607e+01
-1.28787879e-05 5.80808081e-06 1.00000413e+08 6.26452268e+03 -6.26169316e+02
-1.23737374e-05 5.80808081e-06 1.00000057e+08 6.09708401e+03 -1.25072527e+03
-1.18686869e-05 5.80808081e-06 9.99996874e+07 5.78816388e+03 -1.80927066e+03
-1.13636364e-05 5.80808081e-06 9.99993260e+07 5.36553121e+03 -2.28234320e+03
-1.08585859e-05 5.80808081e-06 9.99989925e+07 4.86052022e+03 -2.65915068e+03
-1.03535354e-05 5.80808081e-06 9.99987009e+07 4.30467464e+03 -2.93707779e+03
-9.84848485e-06 5.80808081e-06 9.99984597e+07 3.72709117e+03 -3.12031275e+03
-9.34343434e-06 5.80808081e-06 9.99982727e+07 3.15266386e+03 -3.21800996e+03
-8.83838384e-06 5.80808081e-06 9.99981393e+07 2.60121664e+03 -3.24236809e+03
-8.33333333e-06 5.80808081e-06 9.99980559e+07 2.08736874e+03 -3.20690106e+03
-7.82828283e-06 5.80808081e-06 9.99980170e+07 1.62091440e+03 -3.12505910e+03
-7.32323232e-06 5.80808081e-06 9.99980158e+07 1.20749861e+03 -3.00925215e+03
-6.81818182e-06 5.80808081e-06 9.99980453e+07 8.49409230e+02 -2.87025425e+03
-6.31313131e-06 5.80808081e-06 9.99980985e+07 5.46358996e+02 -2.71692646e+03
-5.80808081e-06 5.80808081e-06 9.99981690e+07 2.96183309e+02 -2.55618066e+03
-5.30303030e-06 5.80808081e-06 9.99982509e+07 9.54214246e+01 -2.39310893e+03
-4.79797980e-06 5.80808081e-06 9.99983392e+07 -6.02222534e+01 -2.23121390e+03
-4.29292929e-06 5.80808081e-06 9.99984295e+07 -1.75523170e+02 -2.07268957e+03
-3.78787879e-06 5.80808081e-06 9.99985183e+07 -2.55467127e+02 -1.91871540e+03
-3.28282828e-06 5.80808081e-06 9.99986027e+07 -3.05045069e+02 -1.76973796e+03
-2.77777778e-06 5.80808081e-06 9.99986804e+07 -3.29094572e+02 -1.62572309e+03
-2.27272727e-06 5.80808081e-06 9.99987498e+07 -3.32175915e+02 -1.48636879e+03
-1.76767677e-06 5.80808081e-06 9.99988098e+07 -3.18476123e+02 -1.35127344e+03
-1.26262626e-06 5.80808081e-06 9.99988597e+07 -2.91738766e+02 -1.22005841e+03
-7.57575758e-07 5.80808081e-06 9.99988993e+07 -2.55219733e+02 -1.09244631e+03
-2.52525253e-07 5.80808081e-06 9.99989285e+07 -2.11669718e+02 -9.68298559e+02
2.52525253e-07 5.80808081e-06 9.99989478e+07 -1.63342838e+02 -8.47617505e+02
7.57575758e-07 5.80808081e-06 9.99989578e+07 -1.12028629e+02 -7.30519362e+02
1.26262626e-06 5.80808081e-06 9.99989591e+07 -5.91023225e+01 -6.17185289e+02
1.76767677e-06 5.80808081e-06 9.99989527e+07 -5.58672567e+00 -5.07798259e+02
2.27272727e-06 5.80808081e-06 9.99989393e+07 4.77812698e+01 -4.02473316e+02
2.77777778e-06 5.80808081e-06 9.99989200e+07 1.00485540e+02 -3.01187988e+02
3.28282828e-06 5.80808081e-06 9.99988954e+07 1.52170859e+02 -2.03718180e+02
3.78787879e-06 5.80808081e-06 9.99988665e+07 2.02589645e+02 -1.09582716e+02
4.29292929e-06 5.80808081e-06 9.99988339e+07 2.51554083e+02 -1.79973844e+01
4.79797980e-06 5.80808081e-06 9.99987982e+07 2.98890158e+02 7.21630611e+01
5.30303030e-06 5.80808081e-06 9.99987599e+07 3.44388401e+02 1.62398488e+02
5.80808081e-06 5.80808081e-06 9.99987198e+07 3.87744792e+02 2.54617538e+02
6.31313131e-06 5.80808081e-06 9.99986785e+07 4.28483942e+02 3.51178031e+02
6.81818182e-06 5.80808081e-06 9.99986367e+07 4.65855008e+02 4.54939182e+02
7.32323232e-06 5.80808081e-06 9.99985957e+07 4.98688253e+02 5.69330086e+02
7.82828283e-06 5.80808081e-06 9.99985571e+07 5.25196269e+02 6.98436441e+02
8.33333333e-06 5.80808081e-06 9.99985233e+07 5.42698245e+02 8.47102895e+02
8.83838384e-06 5.80808081e-06 9.99984976e+07 5.47237989e+02 1.02104005e+03
9.34343434e-06 5.80808081e-06 9.99984849e+07 5.33057186e+02 1.22691021e+03
9.84848485e-06 5.80808081e-06 9.99984918e+07 4.91876346e+02 1.47233940e+03
1.03535354e-05 5.80808081e-06 9.99985272e+07 4.11932332e+02 1.76575650e+03
1.08585859e-05 5.80808081e-06 9.99986032e+07 2.76735993e+02 2.11588181e+03
1.13636364e-05 5.80808081e-06 9.99987352e+07 6.35741381e+01 2.53055974e+03
1.18686869e-05 5.80808081e-06 9.99989421e+07 -2.58056221e+02 3.01444200e+03
1.23737374e-05 5.80808081e-06 9.99992452e+07 -7.27522264e+02 3.56479046e+03
1.28787879e-05 5.80808081e-06 9.99996653e+07 -1.39233752e+03 4.16448846e+03
1.33838384e-05 5.80808081e-06 1.00000215e+08 -2.30306914e+03 4.77156173e+03
1.38888889e-05 5.80808081e-06 1.00000887e+08 -3.49955938e+03 5.30590951e+03
1.43939394e-05 5.80808081e-06 1.00001636e+08 -4.98310186e+03 5.63787841e+03
1.48989899e-05 5.80808081e-06 1.00002359e+08 -6.67236273e+03 5.59075686e+03
1.54040404e-05 5.80808081e-06 1.00002894e+08 -8.35441375e+03 4.97718468e+03
1.59090909e-05 5.80808081e-06 1.00003063e+08 -9.66865762e+03 3.68470591e+03
1.64141414e-05 5.80808081e-06 1.00002763e+08 -1.01806302e+04 1.78841149e+03
1.69191919e-05 5.80808081e-06 1.00002066e+08 -9.56440228e+03 -3.92230124e+02
1.74242424e-05 5.80808081e-06 1.00001230e+08 -7.80057027e+03 -2.38204338e+03
1.79292929e-05 5.80808081e-06 1.00000579e+08 -5.22677724e+03 -3.75934298e+03
1.84343434e-05 5.80808081e-06 1.00000334e+08 -2.38541507e+03 -4.33209473e+03
1.89393939e-05 5.80808081e-06 1.00000536e+08 2.05894765e+02 -4.16367814e+03
1.94444444e-05 5.80808081e-06 1.00001078e+08 2.20685878e+03 -3.47867481e+03
1.99494949e-05 5.80808081e-06 1.00001785e+08 3.48843306e+03 -2.54602890e+03
2.04545455e-05 5.80808081e-06 1.00002483e+08 4.09124423e+03 -1.59711356e+03
2.09595960e-05 5.80808081e-06 1.00003047e+08 4.15761342e+03 -7.86742824e+02
2.14646465e-05 5.80808081e-06 1.00003408e+08 3.86583353e+03 -1.87691019e+02
2.19696970e-05 5.80808081e-06 1.00003557e+08 3.38142739e+03 1.93019273e+02
2.24747475e-05 5.80808081e-06 1.00003520e+08 2.83104528e+03 3.88481673e+02
2.29797980e-05 5.80808081e-06 1.00003345e+08 2.29647340e+03 4.47741032e+02
2.34848485e-05 5.80808081e-06 1.00003081e+08 1.82119986e+03 4.19118318e+02
2.39898990e-05 5.80808081e-06 1.00002771e+08 1.42168696e+03 3.41862073e+02
2.44949495e-05 5.80808081e-06 1.00002448e+08 1.09815016e+03 2.43953365e+02
2.50000000e-05 5.80808081e-06 1.00002133e+08 8.42640519e+02 1.43269747e+02
-2.50000000e-05 6.31313131e-06 9.99987276e+07 -1.53424402e+03 5.64096663e+01
-2.44949495e-05 6.31313131e-06 9.99986269e+07 -1.62460281e+03 1.41262790e+02
-2.39898990e-05 6.31313131e-06 9.99985320e+07 -1.70948697e+03 2.47284502e+02
-2.34848485e-05 6.31313131e-06 9.99984471e+07 -1.78417314e+03 3.77672940e+02
-2.29797980e-05 6.31313131e-06 9.99983776e+07 -1.84254244e+03 5.35539275e+02
-2.24747475e-05 6.31313131e-06 9.99983295e+07 -1.87688035e+03 7.23611776e+02
-2.19696970e-05 6.31313131e-06 9.99983098e+07 -1.87773616e+03 9.43817918e+02
-2.14646465e-05 6.31313131e-06 9.99983260e+07 -1.83390032e+03 1.19672931e+03
-2.09595960e-05 6.31313131e-06 9.99983858e+07 -1.73257697e+03 1.48086980e+03
-2.04545455e-05 6.31313131e-06 9.99984958e+07 -1.55984525e+03 1.79191518e+03
-1.99494949e-05 6.31313131e-06 9.99986615e+07 -1.30150839e+03 2.12185582e+03
-1.94444444e-05 6.31313131e-06 9.99988852e+07 -9.44412524e+02 2.45825022e+03
-1.89393939e-05 6.31313131e-06 9.99991652e+07 -4.78265128e+02 2.78376127e+03
-1.84343434e-05 6.31313131e-06 9.99994942e+07 1.02115221e+02 3.07622032e+03
-1.79292929e-05 6.31313131e-06 9.99998586e+07 7.94332372e+02 3.30948067e+03
-1.74242424e-05 6.31313131e-06 1.00000238e+08 1.58611942e+03 3.45526704e+03
-1.69191919e-05 6.31313131e-06 1.00000607e+08 2.45376801e+03 3.48607258e+03
-1.64141414e-05 6.31313131e-06 1.00000934e+08 3.36189963e+03 3.37889628e+03
-1.59090909e-05 6.31313131e-06 1.00001191e+08 4.26510013e+03 3.11929446e+03
-1.54040404e-05 6.31313131e-06 1.00001351e+08 5.11162430e+03 2.70493892e+03
-1.48989899e-05 6.31313131e-06 1.00001394e+08 5.84887628e+03 2.14776385e+03
-1.43939394e-05 6.31313131e-06 1.00001315e+08 6.42981753e+03 1.47395193e+03
-1.38888889e-05 6.31313131e-06 1.00001117e+08 6.81905270e+03 7.21471951e+02
-1.33838384e-05 6.31313131e-06 1.00000818e+08 6.99728626e+03 -6.44862632e+01
-1.28787879e-05 6.31313131e-06 1.00000445e+08 6.96320002e+03 -8.37254650e+02
-1.23737374e-05 6.31313131e-06 1.00000029e+08 6.73246317e+03 -1.55438215e+03
-1.18686869e-05 6.31313131e-06 9.99996028e+07 6.33430962e+03 -2.18214622e+03
-1.13636364e-05 6.31313131e-06 9.99991945e+07 5.80664066e+03 -2.69816201e+03
-1.08585859e-05 6.31313131e-06 9.99988273e+07 5.19078585e+03 -3.09192896e+03
-1.03535354e-05 6.31313131e-06 9.99985164e+07 4.52689093e+03 -3.36364359e+03
-9.84848485e-06 6.31313131e-06 9.99982699e+07 3.85053107e+03 -3.52189164e+03
-9.34343434e-06 6.31313131e-06 9.99980895e+07 3.19073865e+03 -3.58088488e+03
-8.83838384e-06 6.31313131e-06 9.99979720e+07 2.56931179e+03 -3.55778995e+03
-8.33333333e-06 6.31313131e-06 9.99979109e+07 2.00108915e+03 -3.47049869e+03
-7.82828283e-06 6.31313131e-06 9.99978979e+07 1.49482649e+03 -3.33599257e+03
-7.32323232e-06 6.31313131e-06 9.99979239e+07 1.05435185e+03 -3.16930447e+03
-6.81818182e-06 6.31313131e-06 9.99979802e+07 6.79759862e+02 -2.98299107e+03
-6.31313131e-06 6.31313131e-06 9.99980584e+07 3.68496660e+02 -2.78699277e+03
-5.80808081e-06 6.31313131e-06 9.99981513e+07 1.16263308e+02 -2.58875675e+03
-5.30303030e-06 6.31313131e-06 9.99982528e+07 -8.22796261e+01 -2.39351715e+03
-4.79797980e-06 6.31313131e-06 9.99983577e+07 -2.32990402e+02 -2.20465168e+03
-4.29292929e-06 6.31313131e-06 9.99984619e+07 -3.41875462e+02 -2.02405839e+03
-3.78787879e-06 6.31313131e-06 9.99985621e+07 -4.14833813e+02 -1.85251687e+03
-3.28282828e-06 6.31313131e-06 9.99986558e+07 -4.57483721e+02 -1.69001334e+03
-2.77777778e-06 6.31313131e-06 9.99987411e+07 -4.75045946e+02 -1.53601943e+03
-2.27272727e-06 6.31313131e-06 9.99988168e+07 -4.72265870e+02 -1.38972158e+03
-1.76767677e-06 6.31313131e-06 9.99988820e+07 -4.53364300e+02 -1.25020118e+03
-1.26262626e-06 6.31313131e-06 9.99989364e+07 -4.22012448e+02 -1.11656842e+03
-7.57575758e-07 6.31313131e-06 9.99989799e+07 -3.81329933e+02 -9.88052570e+02
-2.52525253e-07 6.31313131e-06 9.99990127e+07 -3.33905493e+02 -8.64052490e+02
2.52525253e-07 6.31313131e-06 9.99990353e+07 -2.81838962e+02 -7.44150855e+02
7.57575758e-07 6.31313131e-06 9.99990484e+07 -2.26800737e+02 -6.28096474e+02
1.26262626e-06 6.31313131e-06 9.99990528e+07 -1.70102662e+02 -5.15760241e+02
1.76767677e-06 6.31313131e-06 9.99990495e+07 -1.12772883e+02 -4.07071614e+02
2.27272727e-06 6.31313131e-06 9.99990394e+07 -5.56275606e+01 -3.01943678e+02
2.77777778e-06 6.31313131e-06 9.99990238e+07 6.65838879e-01 -2.00195079e+02
3.28282828e-06 6.31313131e-06 9.99990035e+07 5.55359355e+01 -1.01476267e+02
3.78787879e-06 6.31313131e-06 9.99989795e+07 1.08464525e+02 -5.20545468e+00
4.29292929e-06 6.31313131e-06 9.99989530e+07 1.58949489e+02 8.94829779e+01
4.79797980e-06 6.31313131e-06 9.99989247e+07 2.06467622e+02 1.83777757e+02
5.30303030e-06 6.31313131e-06 9.99988955e+07 2.50430289e+02 2.79220198e+02
5.80808081e-06 6.31313131e-06 9.99988664e+07 2.90124312e+02 3.77727967e+02
6.31313131e-06 6.31313131e-06 9.99988384e+07 3.24630191e+02 4.81617575e+02
6.81818182e-06 6.31313131e-06 9.99988128e+07 3.52709215e+02 5.93629171e+02
7.32323232e-06 6.31313131e-06 9.99987912e+07 3.72649916e+02 7.16954712e+02
7.82828283e-06 6.31313131e-06 9.99987756e+07 3.82062391e+02 8.55266317e+02
8.33333333e-06 6.31313131e-06 9.99987690e+07 3.77606403e+02 1.01273462e+03
8.83838384e-06 6.31313131e-06 9.99987751e+07 3.54636567e+02 1.19401600e+03
9.34343434e-06 6.31313131e-06 9.99987990e+07 3.06747099e+02 1.40417049e+03
9.84848485e-06 6.31313131e-06 9.99988470e+07 2.25203184e+02 1.64844530e+03
1.03535354e-05 6.31313131e-06 9.99989274e+07 9.82635037e+01 1.93181869e+03
1.08585859e-05 6.31313131e-06 9.99990503e+07 -8.95574542e+01 2.25814076e+03
1.13636364e-05 6.31313131e-06 9.99992273e+07 -3.58143781e+02 2.62863258e+03
1.18686869e-05 6.31313131e-06 9.99994710e+07 -7.32021887e+02 3.03942875e+03
1.23737374e-05 6.31313131e-06 9.99997928e+07 -1.23954458e+03 3.47782404e+03
1.28787879e-05 6.31313131e-06 1.00000199e+08 -1.90987404e+03 3.91704412e+03
1.33838384e-05 6.31313131e-06 1.00000685e+08 -2.76603206e+03 4.30996575e+03
1.38888889e-05 6.31313131e-06 1.00001227e+08 -3.81198341e+03 4.58364958e+03
1.43939394e-05 6.31313131e-06 1.00001771e+08 -5.01271970e+03 4.63908207e+03
1.48989899e-05 6.31313131e-06 1.00002233e+08 -6.27035308e+03 4.36344343e+03
1.54040404e-05 6.31313131e-06 1.00002504e+08 -7.40754697e+03 3.66240373e+03
1.59090909e-05 6.31313131e-06 1.00002491e+08 -8.17904648e+03 2.51161829e+03
1.64141414e-05 6.31313131e-06 1.00002160e+08 -8.33075234e+03 1.00692213e+03
1.69191919e-05 6.31313131e-06 1.00001586e+08 -7.69941029e+03 -6.25921774e+02
1.74242424e-05 6.31313131e-06 1.00000940e+08 -6.30300986e+03 -2.09044149e+03
1.79292929e-05 6.31313131e-06 1.00000424e+08 -4.35721788e+03 -3.12696429e+03
1.84343434e-05 6.31313131e-06 1.00000190e+08 -2.19960955e+03 -3.60381425e+03
1.89393939e-05 6.31313131e-06 1.00000284e+08 -1.70932907e+02 -3.54114161e+03
1.94444444e-05 6.31313131e-06 1.00000653e+08 1.47887192e+03 -3.07085742e+03
1.99494949e-05 6.31313131e-06 1.00001188e+08 2.62795294e+03 -2.37143902e+03
2.04545455e-05 6.31313131e-06 1.00001764e+08 3.27136423e+03 -1.61169967e+03
2.09595960e-05 6.31313131e-06 1.00002278e+08 3.48456948e+03 -9.17429375e+02
2.14646465e-05 6.31313131e-06 1.00002664e+08 3.38161516e+03 -3.60645948e+02
2.19696970e-05 6.31313131e-06 1.00002895e+08 3.08044823e+03 3.47347221e+01
2.24747475e-05 6.31313131e-06 1.00002976e+08 2.68098681e+03 2.78669795e+02
2.29797980e-05 6.31313131e-06 1.00002931e+08 2.25600200e+03 3.99268866e+02
2.34848485e-05 6.31313131e-06 1.00002793e+08 1.85137805e+03 4.30143040e+02
2.39898990e-05 6.31313131e-06 1.00002594e+08 1.49132449e+03 4.02467542e+02
2.44949495e-05 6.31313131e-06 1.00002362e+08 1.18495816e+03 3.41301379e+02
2.50000000e-05 6.31313131e-06 1.00002118e+08 9.32175644e+02 2.64813059e+02
-2.50000000e-05 6.81818182e-06 9.99986900e+07 -1.60566901e+03 4.30457766e+00
-2.44949495e-05 6.81818182e-06 9.99985686e+07 -1.71593391e+03 8.12181508e+01
-2.39898990e-05 6.81818182e-06 9.99984499e+07 -1.82424678e+03 1.80173097e+02
-2.34848485e-05 6.81818182e-06 9.99983383e+07 -1.92602149e+03 3.05188877e+02
-2.29797980e-05 6.81818182e-06 9.99982395e+07 -2.01504336e+03 4.60443600e+02
-2.24747475e-05 6.81818182e-06 9.99981606e+07 -2.08314492e+03 6.49989658e+02
-2.19696970e-05 6.81818182e-06 9.99981097e+07 -2.11991312e+03 8.77314398e+02
-2.14646465e-05 6.81818182e-06 9.99980962e+07 -2.11249457e+03 1.14471030e+03
-2.09595960e-05 6.81818182e-06 9.99981301e+07 -2.04559730e+03 1.45243149e+03
-2.04545455e-05 6.81818182e-06 9.99982211e+07 -1.90182041e+03 1.79764257e+03
-1.99494949e-05 6.81818182e-06 9.99983778e+07 -1.66246898e+03 2.17321848e+03
-1.94444444e-05 6.81818182e-06 9.99986060e+07 -1.30901334e+03 2.56653417e+03
-1.89393939e-05 6.81818182e-06 9.99989067e+07 -8.25307303e+02 2.95848588e+03
-1.84343434e-05 6.81818182e-06 9.99992742e+07 -2.00564010e+02 3.32309415e+03
-1.79292929e-05 6.81818182e-06 9.99996945e+07 5.67116596e+02 3.62811178e+03
-1.74242424e-05 6.81818182e-06 1.00000144e+08 1.46715735e+03 3.83704033e+03
-1.69191919e-05 6.81818182e-06 1.00000592e+08 2.47364190e+03 3.91277950e+03
-1.64141414e-05 6.81818182e-06 1.00000999e+08 3.54417904e+03 3.82276119e+03
-1.59090909e-05 6.81818182e-06 1.00001325e+08 4.62144652e+03 3.54489147e+03
-1.54040404e-05 6.81818182e-06 1.00001534e+08 5.63794537e+03 3.07309160e+03
-1.48989899e-05 6.81818182e-06 1.00001599e+08 6.52369736e+03 2.42093486e+03
-1.43939394e-05 6.81818182e-06 1.00001511e+08 7.21564652e+03 1.62205660e+03
-1.38888889e-05 6.81818182e-06 1.00001275e+08 7.66676046e+03 7.26745500e+02
-1.33838384e-05 6.81818182e-06 1.00000916e+08 7.85265754e+03 -2.04788293e+02
-1.28787879e-05 6.81818182e-06 1.00000470e+08 7.77417807e+03 -1.11095110e+03
-1.23737374e-05 6.81818182e-06 9.99999778e+07 7.45547798e+03 -1.93707928e+03
-1.18686869e-05 6.81818182e-06 9.99994827e+07 6.93847352e+03 -2.64170174e+03
-1.13636364e-05 6.81818182e-06 9.99990203e+07 6.27531229e+03 -3.19970728e+03
-1.08585859e-05 6.81818182e-06 9.99986173e+07 5.52073088e+03 -3.60235086e+03
-1.03535354e-05 6.81818182e-06 9.99982897e+07 4.72575902e+03 -3.85481495e+03
-9.84848485e-06 6.81818182e-06 9.99980438e+07 3.93353105e+03 -3.97241127e+03
-9.34343434e-06 6.81818182e-06 9.99978782e+07 3.17728380e+03 -3.97647383e+03
-8.83838384e-06 6.81818182e-06 9.99977856e+07 2.48015422e+03 -3.89070702e+03
-8.33333333e-06 6.81818182e-06 9.99977556e+07 1.85618823e+03 -3.73839181e+03
-7.82828283e-06 6.81818182e-06 9.99977764e+07 1.31198047e+03 -3.54054603e+03
-7.32323232e-06 6.81818182e-06 9.99978364e+07 8.48489517e+02 -3.31493531e+03
-6.81818182e-06 6.81818182e-06 9.99979248e+07 4.62732714e+02 -3.07573881e+03
-6.31313131e-06 6.81818182e-06 9.99980320e+07 1.49208034e+02 -2.83365855e+03
-5.80808081e-06 6.81818182e-06 9.99981502e+07 -9.90047911e+01 -2.59628884e+03
-5.30303030e-06 6.81818182e-06 9.99982730e+07 -2.89446689e+02 -2.36860791e+03
-4.79797980e-06 6.81818182e-06 9.99983955e+07 -4.29735806e+02 -2.15349796e+03
-4.29292929e-06 6.81818182e-06 9.99985137e+07 -5.27218738e+02 -1.95223773e+03
-3.78787879e-06 6.81818182e-06 9.99986250e+07 -5.88760214e+02 -1.76493852e+03
-3.28282828e-06 6.81818182e-06 9.99987273e+07 -6.20624932e+02 -1.59091296e+03
-2.77777778e-06 6.81818182e-06 9.99988194e+07 -6.28417466e+02 -1.42897654e+03
-2.27272727e-06 6.81818182e-06 9.99989002e+07 -6.17058177e+02 -1.27768761e+03
-1.76767677e-06 6.81818182e-06 9.99989696e+07 -5.90783197e+02 -1.13553344e+03
-1.26262626e-06 6.81818182e-06 9.99990273e+07 -5.53163983e+02 -1.00106947e+03
-7.57575758e-07 6.81818182e-06 9.99990736e+07 -5.07146120e+02 -8.73016865e+02
-2.52525253e-07 6.81818182e-06 9.99991089e+07 -4.55107920e+02 -7.50321787e+02
2.52525253e-07 6.81818182e-06 9.99991338e+07 -3.98937501e+02 -6.32177819e+02
7.57575758e-07 6.81818182e-06 9.99991490e+07 -3.40123695e+02 -5.18013490e+02
1.26262626e-06 6.81818182e-06 9.99991556e+07 -2.79852831e+02 -4.07448292e+02
1.76767677e-06 6.81818182e-06 9.99991547e+07 -2.19101862e+02 -3.00223478e+02
2.27272727e-06 6.81818182e-06 9.99991474e+07 -1.58719150e+02 -1.96116709e+02
2.77777778e-06 6.81818182e-06 9.99991349e+07 -9.94874735e+01 -9.48512650e+01
3.28282828e-06 6.81818182e-06 9.99991186e+07 -4.21683472e+01 3.98982906e+00
3.78787879e-06 6.81818182e-06 9.99990995e+07 1.24686600e+01 1.01036570e+02
4.29292929e-06 6.81818182e-06 9.99990789e+07 6.36244782e+01 1.97186970e+02
4.79797980e-06 6.81818182e-06 9.99990579e+07 1.10447961e+02 2.93643299e+02
5.30303030e-06 6.81818182e-06 9.99990376e+07 1.52002854e+02 3.91931696e+02
5.80808081e-06 6.81818182e-06 9.99990193e+07 1.87215709e+02 4.93909054e+02
6.31313131e-06 6.81818182e-06 9.99990041e+07 2.14797313e+02 6.01761238e+02
6.81818182e-06 6.81818182e-06 9.99989937e+07 2.33131305e+02 7.17995088e+02
7.32323232e-06 6.81818182e-06 9.99989897e+07 2.40124317e+02 8.45423227e+02
7.82828283e-06 6.81818182e-06 9.99989946e+07 2.33012284e+02 9.87135168e+02
8.33333333e-06 6.81818182e-06 9.99990113e+07 2.08117989e+02 1.14644033e+03
8.83838384e-06 6.81818182e-06 9.99990434e+07 1.60556679e+02 1.32675742e+03
9.34343434e-06 6.81818182e-06 9.99990957e+07 8.38921336e+01 1.53140936e+03
9.84848485e-06 6.81818182e-06 9.99991738e+07 -3.02410781e+01 1.76326196e+03
1.03535354e-05 6.81818182e-06 9.99992842e+07 -1.92505503e+02 2.02411816e+03
1.08585859e-05 6.81818182e-06 9.99994345e+07 -4.16122417e+02 2.31375003e+03
1.13636364e-05 6.81818182e-06 9.99996323e+07 -7.16838966e+02 2.62842808e+03
1.18686869e-05 6.81818182e-06 9.99998840e+07 -1.11226730e+03 2.95881775e+03
1.23737374e-05 6.81818182e-06 1.00000193e+08 -1.62006011e+03 3.28720958e+03
1.28787879e-05 6.81818182e-06 1.00000556e+08 -2.25416768e+03 3.58432587e+03
1.33838384e-05 6.81818182e-06 1.00000960e+08 -3.01832901e+03 3.80652698e+03
1.38888889e-05 6.81818182e-06 1.00001374e+08 -3.89631641e+03 3.89520168e+03
1.43939394e-05 6.81818182e-06 1.00001753e+08 -4.83982464e+03 3.78127301e+03
1.48989899e-05 6.81818182e-06 1.00002031e+08 -5.75775808e+03 3.39823215e+03
1.54040404e-05 6.81818182e-06 1.00002142e+08 -6.51454040e+03 2.70520232e+03
1.59090909e-05 6.81818182e-06 1.00002039e+08 -6.94713859e+03 1.71555346e+03
1.64141414e-05 6.81818182e-06 1.00001719e+08 -6.90568779e+03 5.17831554e+02
1.69191919e-05 6.81818182e-06 1.00001248e+08 -6.30827048e+03 -7.28623194e+02
1.74242424e-05 6.81818182e-06 1.00000741e+08 -5.18408848e+03 -1.83179441e+03
1.79292929e-05 6.81818182e-06 1.00000331e+08 -3.67770029e+03 -2.62569800e+03
1.84343434e-05 6.81818182e-06 1.00000122e+08 -2.00802706e+03 -3.02019594e+03
1.89393939e-05 6.81818182e-06 1.00000153e+08 -4.03512052e+02 -3.01808399e+03
1.94444444e-05 6.81818182e-06 1.00000402e+08 9.55019162e+02 -2.69764475e+03
1.99494949e-05 6.81818182e-06 1.00000799e+08 1.96409786e+03 -2.17657396e+03
2.04545455e-05 6.81818182e-06 1.00001260e+08 2.59861539e+03 -1.57570767e+03
2.09595960e-05 6.81818182e-06 1.00001704e+08 2.89380883e+03 -9.93638212e+02
2.14646465e-05 6.81818182e-06 1.00002073e+08 2.91994397e+03 -4.95115551e+02
2.19696970e-05 6.81818182e-06 1.00002336e+08 2.75864146e+03 -1.10987589e+02
2.24747475e-05 6.81818182e-06 1.00002483e+08 2.48576555e+03 1.54736721e+02
2.29797980e-05 6.81818182e-06 1.00002525e+08 2.16214078e+03 3.15205757e+02
2.34848485e-05 6.81818182e-06 1.00002479e+08 1.83085369e+03 3.91743889e+02
2.39898990e-05 6.81818182e-06 1.00002369e+08 1.51880007e+03 4.07255172e+02
2.44949495e-05 6.81818182e-06 1.00002215e+08 1.24019646e+03 3.82315058e+02
2.50000000e-05 6.81818182e-06 1.00002038e+08 1.00043234e+03 3.33453762e+02
-2.50000000e-05 7.32323232e-06 9.99986737e+07 -1.66780434e+03 -4.75234980e+01
-2.44949495e-05 7.32323232e-06 9.99985309e+07 -1.79822502e+03 1.89011638e+01
-2.39898990e-05 7.32323232e-06 9.99983868e+07 -1.93091594e+03 1.07624040e+02
-2.34848485e-05 7.32323232e-06 9.99982457e+07 -2.06169020e+03 2.23487022e+02
-2.29797980e-05 7.32323232e-06 9.99981136e+07 -2.18453699e+03 3.71808831e+02
-2.24747475e-05 7.32323232e-06 9.99979981e+07 -2.29115136e+03 5.58147301e+02
-2.19696970e-05 7.32323232e-06 9.99979085e+07 -2.37044684e+03 7.87877777e+02
-2.14646465e-05 7.32323232e-06 9.99978561e+07 -2.40811938e+03 1.06552504e+03
-2.09595960e-05 7.32323232e-06 9.99978534e+07 -2.38637731e+03 1.39378946e+03
-2.04545455e-05 7.32323232e-06 9.99979140e+07 -2.28400858e+03 1.77223179e+03
-1.99494949e-05 7.32323232e-06 9.99980507e+07 -2.07701519e+03 2.19563783e+03
-1.94444444e-05 7.32323232e-06 9.99982739e+07 -1.74008476e+03 2.65218681e+03
-1.89393939e-05 7.32323232e-06 9.99985891e+07 -1.24915631e+03 3.12170149e+03
-1.84343434e-05 7.32323232e-06 9.99989941e+07 -5.85223164e+02 3.57444926e+03
-1.79292929e-05 7.32323232e-06 9.99994756e+07 2.60746446e+02 3.97114407e+03
-1.74242424e-05 7.32323232e-06 1.00000008e+08 1.28232120e+03 4.26487428e+03
-1.69191919e-05 7.32323232e-06 1.00000552e+08 2.45264234e+03 4.40552306e+03
-1.64141414e-05 7.32323232e-06 1.00001059e+08 3.72155545e+03 4.34674394e+03
-1.59090909e-05 7.32323232e-06 1.00001475e+08 5.01654570e+03 4.05470102e+03
-1.54040404e-05 7.32323232e-06 1.00001749e+08 6.24867623e+03 3.51679031e+03
-1.48989899e-05 7.32323232e-06 1.00001845e+08 7.32347040e+03 2.74786085e+03
-1.43939394e-05 7.32323232e-06 1.00001745e+08 8.15495330e+03 1.79155852e+03
-1.38888889e-05 7.32323232e-06 1.00001459e+08 8.67957850e+03 7.15572459e+02
-1.33838384e-05 7.32323232e-06 1.00001021e+08 8.86632085e+03 -3.98519269e+02
-1.28787879e-05 7.32323232e-06 1.00000479e+08 8.72022140e+03 -1.46824588e+03
-1.23737374e-05 7.32323232e-06 9.99998918e+07 8.27876867e+03 -2.42261622e+03
-1.18686869e-05 7.32323232e-06 9.99993140e+07 7.60273010e+03 -3.21086304e+03
-1.13636364e-05 7.32323232e-06 9.99987905e+07 6.76442687e+03 -3.80606041e+03
-1.08585859e-05 7.32323232e-06 9.99983517e+07 5.83654557e+03 -4.20386228e+03
-1.03535354e-05 7.32323232e-06 9.99980134e+07 4.88365739e+03 -4.41785027e+03
-9.84848485e-06 7.32323232e-06 9.99977781e+07 3.95730564e+03 -4.47339324e+03
-9.34343434e-06 7.32323232e-06 9.99976390e+07 3.09440901e+03 -4.40164320e+03
-8.83838384e-06 7.32323232e-06 9.99975833e+07 2.31809973e+03 -4.23467445e+03
-8.33333333e-06 7.32323232e-06 9.99975954e+07 1.63996144e+03 -4.00214692e+03
-7.82828283e-06 7.32323232e-06 9.99976596e+07 1.06278797e+03 -3.72942444e+03
-7.32323232e-06 7.32323232e-06 9.99977610e+07 5.83263669e+02 -3.43684449e+03
-6.81818182e-06 7.32323232e-06 9.99978869e+07 1.94241140e+02 -3.13977329e+03
-6.31313131e-06 7.32323232e-06 9.99980267e+07 -1.13499661e+02 -2.84911778e+03
-5.80808081e-06 7.32323232e-06 9.99981723e+07 -3.49997049e+02 -2.57204660e+03
-5.30303030e-06 7.32323232e-06 9.99983173e+07 -5.25278942e+02 -2.31275525e+03
-4.79797980e-06 7.32323232e-06 9.99984573e+07 -6.48859767e+02 -2.07318014e+03
-4.29292929e-06 7.32323232e-06 9.99985889e+07 -7.29466908e+02 -1.85361601e+03
-3.78787879e-06 7.32323232e-06 9.99987102e+07 -7.74916656e+02 -1.65322318e+03
-3.28282828e-06 7.32323232e-06 9.99988197e+07 -7.92079428e+02 -1.47042999e+03
-2.77777778e-06 7.32323232e-06 9.99989168e+07 -7.86893195e+02 -1.30324457e+03
-2.27272727e-06 7.32323232e-06 9.99990013e+07 -7.64400848e+02 -1.14949344e+03
-1.76767677e-06 7.32323232e-06 9.99990732e+07 -7.28800507e+02 -1.00700312e+03
-1.26262626e-06 7.32323232e-06 9.99991327e+07 -6.83507230e+02 -8.73737432e+02
-7.57575758e-07 7.32323232e-06 9.99991804e+07 -6.31229500e+02 -7.47897799e+02
-2.52525253e-07 7.32323232e-06 9.99992168e+07 -5.74064319e+02 -6.27988735e+02
2.52525253e-07 7.32323232e-06 9.99992427e+07 -5.13611136e+02 -5.12847006e+02
7.57575758e-07 7.32323232e-06 9.99992590e+07 -4.51099008e+02 -4.01632115e+02
1.26262626e-06 7.32323232e-06 9.99992668e+07 -3.87515871e+02 -2.93778452e+02
1.76767677e-06 7.32323232e-06 9.99992673e+07 -3.23726089e+02 -1.88914592e+02
2.27272727e-06 7.32323232e-06 9.99992619e+07 -2.60564105e+02 -8.67607321e+01
2.77777778e-06 7.32323232e-06 9.99992520e+07 -1.98897373e+02 1.29811587e+01
3.28282828e-06 7.32323232e-06 9.99992389e+07 -1.39659096e+02 1.10729665e+02
3.78787879e-06 7.32323232e-06 9.99992242e+07 -8.38579876e+01 2.07106940e+02
4.29292929e-06 7.32323232e-06 9.99992091e+07 -3.25767258e+01 3.02995641e+02
4.79797980e-06 7.32323232e-06 9.99991950e+07 1.30277265e+01 3.99568315e+02
5.30303030e-06 7.32323232e-06 9.99991831e+07 5.17097450e+01 4.98291947e+02
5.80808081e-06 7.32323232e-06 9.99991747e+07 8.20969370e+01 6.00912610e+02
6.31313131e-06 7.32323232e-06 9.99991713e+07 1.02621799e+02 7.09425153e+02
6.81818182e-06 7.32323232e-06 9.99991743e+07 1.11419690e+02 8.26030672e+02
7.32323232e-06 7.32323232e-06 9.99991857e+07 1.06192287e+02 9.53080287e+02
7.82828283e-06 7.32323232e-06 9.99992078e+07 8.40380010e+01 1.09299765e+03
8.33333333e-06 7.32323232e-06 9.99992431e+07 4.12535367e+01 1.24816479e+03
8.83838384e-06 7.32323232e-06 9.99992951e+07 -2.68846803e+01 1.42074634e+03
9.34343434e-06 7.32323232e-06 9.99993677e+07 -1.26341719e+02 1.61241566e+03
9.84848485e-06 7.32323232e-06 9.99994652e+07 -2.64514104e+02 1.82393422e+03
1.03535354e-05 7.32323232e-06 9.99995926e+07 -4.50325968e+02 2.05452383e+03
1.08585859e-05 7.32323232e-06 9.99997545e+07 -6.94122546e+02 2.30096677e+03
1.13636364e-05 7.32323232e-06 9.99999548e+07 -1.00718411e+03 2.55638300e+03
1.18686869e-05 7.32323232e-06 1.00000195e+08 -1.40059574e+03 2.80868951e+03
1.23737374e-05 7.32323232e-06 1.00000474e+08 -1.88312116e+03 3.03887988e+03
1.28787879e-05 7.32323232e-06 1.00000782e+08 -2.45769990e+03 3.21951580e+03
1.33838384e-05 7.32323232e-06 1.00001103e+08 -3.11633702e+03 3.31422139e+03
1.38888889e-05 7.32323232e-06 1.00001408e+08 -3.83367329e+03 3.27945337e+03
1.43939394e-05 7.32323232e-06 1.00001660e+08 -4.56059934e+03 3.07012338e+03
1.48989899e-05 7.32323232e-06 1.00001813e+08 -5.22085949e+03 2.65022048e+03
1.54040404e-05 7.32323232e-06 1.00001829e+08 -5.71497984e+03 2.00773199e+03
1.59090909e-05 7.32323232e-06 1.00001685e+08 -5.93545928e+03 1.16975115e+03
1.64141414e-05 7.32323232e-06 1.00001394e+08 -5.79322904e+03 2.10193906e+02
1.69191919e-05 7.32323232e-06 1.00001006e+08 -5.24820373e+03 -7.57626642e+02
1.74242424e-05 7.32323232e-06 1.00000603e+08 -4.33060528e+03 -1.60548094e+03
1.79292929e-05 7.32323232e-06 1.00000274e+08 -3.14086968e+03 -2.22388125e+03
1.84343434e-05 7.32323232e-06 1.00000092e+08 -1.82597677e+03 -2.55052144e+03
1.89393939e-05 7.32323232e-06 1.00000088e+08 -5.42327172e+02 -2.58170938e+03
1.94444444e-05 7.32323232e-06 1.00000254e+08 5.79308115e+02 -2.36462746e+03
1.99494949e-05 7.32323232e-06 1.00000547e+08 1.45527949e+03 -1.97718000e+03
2.04545455e-05 7.32323232e-06 1.00000910e+08 2.05393522e+03 -1.50514910e+03
2.09595960e-05 7.32323232e-06 1.00001282e+08 2.38753542e+03 -1.02404206e+03
2.14646465e-05 7.32323232e-06 1.00001615e+08 2.49751180e+03 -5.88835090e+02
2.19696970e-05 7.32323232e-06 1.00001879e+08 2.43886849e+03 -2.31355779e+02
2.24747475e-05 7.32323232e-06 1.00002057e+08 2.26752633e+03 3.68810599e+01
2.29797980e-05 7.32323232e-06 1.00002151e+08 2.03219675e+03 2.19097600e+02
2.34848485e-05 7.32323232e-06 1.00002169e+08 1.77064169e+03 3.27227217e+02
2.39898990e-05 7.32323232e-06 1.00002126e+08 1.50921540e+03 3.76866658e+02
2.44949495e-05 7.32323232e-06 1.00002037e+08 1.26433633e+03 3.83772293e+02
2.50000000e-05 7.32323232e-06 1.00001917e+08 1.04474804e+03 3.61858027e+02
-2.50000000e-05 7.82828283e-06 9.99986837e+07 -1.71845651e+03 -9.59800314e+01
-2.44949495e-05 7.82828283e-06 9.99985198e+07 -1.86861039e+03 -4.25086378e+01
-2.39898990e-05 7.82828283e-06 9.99983497e+07 -2.02589897e+03 3.27263140e+01
-2.34848485e-05 7.82828283e-06 9.99981771e+07 -2.18684957e+03 1.35317099e+02
-2.29797980e-05 7.82828283e-06 9.99980081e+07 -2.34604388e+03 2.71716781e+02
-2.24747475e-05 7.82828283e-06 9.99978502e+07 -2.49548924e+03 4.49094386e+02
-2.19696970e-05 7.82828283e-06 9.99977139e+07 -2.62390024e+03 6.74989726e+02
-2.14646465e-05 7.82828283e-06 9.99976121e+07 -2.71594870e+03 9.56673043e+02
-2.09595960e-05 7.82828283e-06 9.99975602e+07 -2.75160032e+03 1.30010098e+03
-2.04545455e-05 7.82828283e-06 9.99975758e+07 -2.70574110e+03 1.70836703e+03
-1.99494949e-05 7.82828283e-06 9.99976771e+07 -2.54840229e+03 2.17959204e+03
-1.94444444e-05 7.82828283e-06 9.99978810e+07 -2.24599825e+03 2.70431542e+03
-1.89393939e-05 7.82828283e-06 9.99981997e+07 -1.76405204e+03 3.26265588e+03
-1.84343434e-05 7.82828283e-06 9.99986369e+07 -1.07181949e+03 3.82181668e+03
-1.79292929e-05 7.82828283e-06 9.99991828e+07 -1.48932129e+02 4.33487110e+03
-1.74242424e-05 7.82828283e-06 9.99998103e+07 1.00642669e+03 4.74204691e+03
-1.69191919e-05 7.82828283e-06 1.00000473e+08 2.36920982e+03 4.97570650e+03
-1.64141414e-05 7.82828283e-06 1.00001108e+08 3.88145629e+03 4.96961976e+03
-1.59090909e-05 7.82828283e-06 1.00001642e+08 5.45150006e+03 4.67180434e+03
-1.54040404e-05 7.82828283e-06 1.00002004e+08 6.96098286e+03 4.05838773e+03
-1.48989899e-05 7.82828283e-06 1.00002140e+08 8.28028648e+03 3.14437953e+03
-1.43939394e-05 7.82828283e-06 1.00002026e+08 9.28990661e+03 1.98700203e+03
-1.38888889e-05 7.82828283e-06 1.00001673e+08 9.90231988e+03 6.79037127e+02
-1.33838384e-05 7.82828283e-06 1.00001128e+08 1.00777817e+04 -6.66880780e+02
-1.28787879e-05 7.82828283e-06 1.00000463e+08 9.82923224e+03 -1.93857368e+03
-1.23737374e-05 7.82828283e-06 9.99997554e+07 9.21542702e+03 -3.04311654e+03
-1.18686869e-05 7.82828283e-06 9.99990789e+07 8.32551137e+03 -3.91906205e+03
-1.13636364e-05 7.82828283e-06 9.99984887e+07 7.26052001e+03 -4.54001794e+03
-1.08585859e-05 7.82828283e-06 9.99980184e+07 6.11699381e+03 -4.91067332e+03
-1.03535354e-05 7.82828283e-06 9.99976805e+07 4.97584664e+03 -5.05829126e+03
-9.84848485e-06 7.82828283e-06 9.99974710e+07 3.89717855e+03 -5.02296000e+03
-9.34343434e-06 7.82828283e-06 9.99973749e+07 2.91997800e+03 -4.84902496e+03
-8.83838384e-06 7.82828283e-06 9.99973717e+07 2.06492219e+03 -4.57888894e+03
-8.33333333e-06 7.82828283e-06 9.99974395e+07 1.33855636e+03 -4.24934311e+03
-7.82828283e-06 7.82828283e-06 9.99975574e+07 7.37605218e+02 -3.88999424e+03
-7.32323232e-06 7.82828283e-06 9.99977078e+07 2.52709687e+02 -3.52314431e+03
-6.81818182e-06 7.82828283e-06 9.99978762e+07 -1.28687588e+02 -3.16451501e+03
-6.31313131e-06 7.82828283e-06 9.99980513e+07 -4.20312684e+02 -2.82435315e+03
-5.80808081e-06 7.82828283e-06 9.99982252e+07 -6.35755763e+02 -2.50861350e+03
-5.30303030e-06 7.82828283e-06 9.99983921e+07 -7.87716481e+02 -2.22004876e+03
-4.79797980e-06 7.82828283e-06 9.99985483e+07 -8.87631620e+02 -1.95912999e+03
-4.29292929e-06 7.82828283e-06 9.99986915e+07 -9.45546424e+02 -1.72477948e+03
-3.78787879e-06 7.82828283e-06 9.99988205e+07 -9.70125807e+02 -1.51492934e+03
-3.28282828e-06 7.82828283e-06 9.99989350e+07 -9.68733860e+02 -1.32693423e+03
-2.77777778e-06 7.82828283e-06 9.99990350e+07 -9.47537049e+02 -1.15787091e+03
-2.27272727e-06 7.82828283e-06 9.99991208e+07 -9.11608067e+02 -1.00475610e+03
-1.76767677e-06 7.82828283e-06 9.99991931e+07 -8.65023829e+02 -8.64709118e+02
-1.26262626e-06 7.82828283e-06 9.99992526e+07 -8.10962652e+02 -7.35078094e+02
-7.57575758e-07 7.82828283e-06 9.99992998e+07 -7.51811559e+02 -6.13539264e+02
-2.52525253e-07 7.82828283e-06 9.99993357e+07 -6.89294207e+02 -4.98169232e+02
2.52525253e-07 7.82828283e-06 9.99993612e+07 -6.24623271e+02 -3.87482896e+02
7.57575758e-07 7.82828283e-06 9.99993772e+07 -5.58670627e+02 -2.80427680e+02
1.26262626e-06 7.82828283e-06 9.99993850e+07 -4.92138641e+02 -1.76329021e+02
1.76767677e-06 7.82828283e-06 9.99993859e+07 -4.25710842e+02 -7.47913210e+01
2.27272727e-06 7.82828283e-06 9.99993814e+07 -3.60162991e+02 2.44312442e+01
2.77777778e-06 7.82828283e-06 9.99993731e+07 -2.96424846e+02 1.21572979e+02
3.28282828e-06 7.82828283e-06 9.99993626e+07 -2.35595041e+02 2.16982219e+02
3.78787879e-06 7.82828283e-06 9.99993514e+07 -1.78921798e+02 3.11217393e+02
4.29292929e-06 7.82828283e-06 9.99993412e+07 -1.27767913e+02 4.05104757e+02
4.79797980e-06 7.82828283e-06 9.99993332e+07 -8.35791200e+01 4.99756872e+02
5.30303030e-06 7.82828283e-06 9.99993288e+07 -4.78718520e+01 5.96556721e+02
5.80808081e-06 7.82828283e-06 9.99993293e+07 -2.22512448e+01 6.97115122e+02
6.31313131e-06 7.82828283e-06 9.99993362e+07 -8.46455536e+00 8.03208914e+02
6.81818182e-06 7.82828283e-06 9.99993508e+07 -8.48982939e+00 9.16704516e+02
7.32323232e-06 7.82828283e-06 9.99993749e+07 -2.46551603e+01 1.03946654e+03
7.82828283e-06 7.82828283e-06 9.99994105e+07 -5.97800863e+01 1.17324463e+03
8.33333333e-06 7.82828283e-06 9.99994598e+07 -1.17326829e+02 1.31952449e+03
8.83838384e-06 7.82828283e-06 9.99995257e+07 -2.01543755e+02 1.47932153e+03
9.34343434e-06 7.82828283e-06 9.99996111e+07 -3.17574593e+02 1.65288896e+03
9.84848485e-06 7.82828283e-06 9.99997191e+07 -4.71492138e+02 1.83930749e+03
1.03535354e-05 7.82828283e-06 9.99998528e+07 -6.70192111e+02 2.03592459e+03
1.08585859e-05 7.82828283e-06 1.00000014e+08 -9.21050368e+02 2.23762283e+03
1.13636364e-05 7.82828283e-06 1.00000205e+08 -1.23120705e+03 2.43592923e+03
1.18686869e-05 7.82828283e-06 1.00000423e+08 -1.60630472e+03 2.61804480e+03
1.23737374e-05 7.82828283e-06 1.00000663e+08 -2.04849885e+03 2.76599260e+03
1.28787879e-05 7.82828283e-06 1.00000915e+08 -2.55362581e+03 2.85626092e+03
1.33838384e-05 7.82828283e-06 1.00001161e+08 -3.10762783e+03 2.86053442e+03
1.38888889e-05 7.82828283e-06 1.00001378e+08 -3.68277233e+03 2.74827045e+03
1.43939394e-05 7.82828283e-06 1.00001537e+08 -4.23487420e+03 2.49179853e+03
1.48989899e-05 7.82828283e-06 1.00001608e+08 -4.70345166e+03 2.07402897e+03
1.54040404e-05 7.82828283e-06 1.00001568e+08 -5.01701923e+03 1.49757072e+03
1.59090909e-05 7.82828283e-06 1.00001411e+08 -5.10480886e+03 7.92332085e+02
1.64141414e-05 7.82828283e-06 1.00001152e+08 -4.91366462e+03 1.74930996e+01
1.69191919e-05 7.82828283e-06 1.00000830e+08 -4.42537464e+03 -7.45481034e+02
1.74242424e-05 7.82828283e-06 1.00000506e+08 -3.66744676e+03 -1.40871465e+03
1.79292929e-05 7.82828283e-06 1.00000240e+08 -2.71164013e+03 -1.89800208e+03
1.84343434e-05 7.82828283e-06 1.00000082e+08 -1.65958528e+03 -2.16966264e+03
1.89393939e-05 7.82828283e-06 1.00000059e+08 -6.20641439e+02 -2.21804759e+03
1.94444444e-05 7.82828283e-06 1.00000168e+08 3.09980612e+02 -2.07207925e+03
1.99494949e-05 7.82828283e-06 1.00000384e+08 1.06619486e+03 -1.78379473e+03
2.04545455e-05 7.82828283e-06 1.00000667e+08 1.61642793e+03 -1.41403362e+03
2.09595960e-05 7.82828283e-06 1.00000973e+08 1.96054470e+03 -1.01986447e+03
2.14646465e-05 7.82828283e-06 1.00001264e+08 2.12154263e+03 -6.46346433e+02
2.19696970e-05 7.82828283e-06 1.00001511e+08 2.13554788e+03 -3.23137772e+02
2.24747475e-05 7.82828283e-06 1.00001699e+08 2.04280899e+03 -6.50328982e+01
2.29797980e-05 7.82828283e-06 1.00001822e+08 1.88114264e+03 1.25105265e+02
2.34848485e-05 7.82828283e-06 1.00001881e+08 1.68216272e+03 2.52514968e+02
2.39898990e-05 7.82828283e-06 1.00001886e+08 1.46987972e+03 3.26898899e+02
2.44949495e-05 7.82828283e-06 1.00001846e+08 1.26093388e+03 3.59567316e+02
2.50000000e-05 7.82828283e-06 1.00001773e+08 1.06572126e+03 3.61525639e+02
-2.50000000e-05 8.33333333e-06 9.99987257e+07 -1.75568735e+03 -1.37221257e+02
-2.44949495e-05 8.33333333e-06 9.99985422e+07 -1.92434767e+03 -9.88517224e+01
-2.39898990e-05 8.33333333e-06 9.99983465e+07 -2.10551591e+03 -4.02014535e+01
-2.34848485e-05 8.33333333e-06 9.99981418e+07 -2.29678554e+03 4.49053804e+01
-2.29797980e-05 8.33333333e-06 9.99979331e+07 -2.49379847e+03 1.63934040e+02
-2.24747475e-05 8.33333333e-06 9.99977281e+07 -2.68946285e+03 3.25641829e+02
-2.19696970e-05 8.33333333e-06 9.99975373e+07 -2.87298465e+03 5.39887454e+02
-2.14646465e-05 8.33333333e-06 9.99973749e+07 -3.02874169e+03 8.17119677e+02
-2.09595960e-05 8.33333333e-06 9.99972590e+07 -3.13509810e+03 1.16737785e+03
-2.04545455e-05 8.33333333e-06 9.99972115e+07 -3.16336942e+03 1.59860983e+03
-1.99494949e-05 8.33333333e-06 9.99972570e+07 -3.07731215e+03 2.11412644e+03
-1.94444444e-05 8.33333333e-06 9.99974207e+07 -2.83371551e+03 2.70911140e+03
-1.89393939e-05 8.33333333e-06 9.99977247e+07 -2.38486961e+03 3.36634922e+03
-1.84343434e-05 8.33333333e-06 9.99981823e+07 -1.68376330e+03 4.05177387e+03
-1.79292929e-05 8.33333333e-06 9.99987910e+07 -6.92642435e+02 4.71107118e+03
-1.74242424e-05 8.33333333e-06 9.99995256e+07 6.05192522e+02 5.26924695e+03
-1.69191919e-05 8.33333333e-06 1.00000333e+08 2.19189604e+03 5.63544002e+03
-1.64141414e-05 8.33333333e-06 1.00001132e+08 4.00336051e+03 5.71475143e+03
-1.59090909e-05 8.33333333e-06 1.00001824e+08 5.92439901e+03 5.42695554e+03
-1.54040404e-05 8.33333333e-06 1.00002307e+08 7.79602695e+03 4.72870934e+03
-1.48989899e-05 8.33333333e-06 1.00002500e+08 9.43726800e+03 3.63247235e+03
-1.43939394e-05 8.33333333e-06 1.00002366e+08 1.06783369e+04 2.21402556e+03
-1.38888889e-05 8.33333333e-06 1.00001921e+08 1.13959834e+04 6.03196715e+02
-1.33838384e-05 8.33333333e-06 1.00001233e+08 1.15390093e+04 -1.04113249e+03
-1.28787879e-05 8.33333333e-06 1.00000404e+08 1.11350433e+04 -2.56371624e+03
-1.23737374e-05 8.33333333e-06 9.99995458e+07 1.02773598e+04 -3.84213819e+03
-1.18686869e-05 8.33333333e-06 9.99987535e+07 9.09836459e+03 -4.80377615e+03
-1.13636364e-05 8.33333333e-06 9.99980947e+07 7.74004066e+03 -5.42791744e+03
-1.08585859e-05 8.33333333e-06 9.99976037e+07 6.33011137e+03 -5.73624597e+03
-1.03535354e-05 8.33333333e-06 9.99972854e+07 4.96814595e+03 -5.77772703e+03
-9.84848485e-06 8.33333333e-06 9.99971244e+07 3.72136792e+03 -5.61346961e+03
-9.34343434e-06 8.33333333e-06 9.99970936e+07 2.62734984e+03 -5.30494552e+03
-8.83838384e-06 8.33333333e-06 9.99971624e+07 1.70022849e+03 -4.90662781e+03
-8.33333333e-06 8.33333333e-06 9.99973010e+07 9.37767396e+02 -4.46256684e+03
-7.82828283e-06 8.33333333e-06 9.99974837e+07 3.27668232e+02 -4.00577098e+03
-7.32323232e-06 8.33333333e-06 9.99976901e+07 -1.47541186e+02 -3.55922719e+03
-6.81818182e-06 8.33333333e-06 9.99979045e+07 -5.07114897e+02 -3.13765608e+03
-6.31313131e-06 8.33333333e-06 9.99981161e+07 -7.69967606e+02 -2.74941584e+03
-5.80808081e-06 8.33333333e-06 9.99983175e+07 -9.53504667e+02 -2.39823729e+03
-5.30303030e-06 8.33333333e-06 9.99985042e+07 -1.07309853e+03 -2.08465689e+03
-4.79797980e-06 8.33333333e-06 9.99986738e+07 -1.14196587e+03 -1.80712314e+03
-4.29292929e-06 8.33333333e-06 9.99988254e+07 -1.17126624e+03 -1.56280771e+03
-3.78787879e-06 8.33333333e-06 9.99989589e+07 -1.17030090e+03 -1.34817422e+03
-3.28282828e-06 8.33333333e-06 9.99990749e+07 -1.14673607e+03 -1.15936277e+03
-2.77777778e-06 8.33333333e-06 9.99991746e+07 -1.10680801e+03 -9.92443840e+02
-2.27272727e-06 8.33333333e-06 9.99992590e+07 -1.05549286e+03 -8.43588671e+02
-1.76767677e-06 8.33333333e-06 9.99993292e+07 -9.96642934e+02 -7.09193750e+02
-1.26262626e-06 8.33333333e-06 9.99993862e+07 -9.33105454e+02 -5.85985452e+02
-7.57575758e-07 8.33333333e-06 9.99994311e+07 -8.66847321e+02 -4.71116553e+02
-2.52525253e-07 8.33333333e-06 9.99994647e+07 -7.99108102e+02 -3.62250470e+02
2.52525253e-07 8.33333333e-06 9.99994882e+07 -7.30592271e+02 -2.57616105e+02
7.57575758e-07 8.33333333e-06 9.99995024e+07 -6.61692917e+02 -1.56011524e+02
1.26262626e-06 8.33333333e-06 9.99995088e+07 -5.92720458e+02 -5.67417265e+01
1.76767677e-06 8.33333333e-06 9.99995088e+07 -5.24100262e+02 4.05076085e+01
2.27272727e-06 8.33333333e-06 9.99995041e+07 -4.56507683e+02 1.35839823e+02
2.77777778e-06 8.33333333e-06 9.99994964e+07 -3.90925774e+02 2.29327960e+02
3.28282828e-06 8.33333333e-06 9.99994874e+07 -3.28631633e+02 3.21173444e+02
3.78787879e-06 8.33333333e-06 9.99994791e+07 -2.71133463e+02 4.11818987e+02
4.29292929e-06 8.33333333e-06 9.99994728e+07 -2.20087494e+02 5.02005330e+02
4.79797980e-06 8.33333333e-06 9.99994701e+07 -1.77222402e+02 5.92773403e+02
5.30303030e-06 8.33333333e-06 9.99994722e+07 -1.44292177e+02 6.85421334e+02
5.80808081e-06 8.33333333e-06 9.99994804e+07 -1.23069496e+02 7.81428931e+02
6.31313131e-06 8.33333333e-06 9.99994959e+07 -1.15382800e+02 8.82361530e+02
6.81818182e-06 8.33333333e-06 9.99995200e+07 -1.23192420e+02 9.89761319e+02
7.32323232e-06 8.33333333e-06 9.99995541e+07 -1.48694887e+02 1.10502826e+03
7.82828283e-06 8.33333333e-06 9.99995998e+07 -1.94439905e+02 1.22928573e+03
8.33333333e-06 8.33333333e-06 9.99996588e+07 -2.63440819e+02 1.36321901e+03
8.83838384e-06 8.33333333e-06 9.99997332e+07 -3.59255232e+02 1.50686942e+03
9.34343434e-06 8.33333333e-06 9.99998251e+07 -4.86005985e+02 1.65936414e+03
9.84848485e-06 8.33333333e-06 9.99999362e+07 -6.48302459e+02 1.81856334e+03
1.03535354e-05 8.33333333e-06 1.00000068e+08 -8.51007345e+02 1.98061475e+03
1.08585859e-05 8.33333333e-06 1.00000221e+08 -1.09877621e+03 2.13942533e+03
1.13636364e-05 8.33333333e-06 1.00000395e+08 -1.39528154e+03 2.28609574e+03
1.18686869e-05 8.33333333e-06 1.00000585e+08 -1.74203073e+03 2.40842289e+03
1.23737374e-05 8.33333333e-06 1.00000785e+08 -2.13671957e+03 2.49066106e+03
1.28787879e-05 8.33333333e-06 1.00000984e+08 -2.57115753e+03 2.51383502e+03
1.33838384e-05 8.33333333e-06 1.00001167e+08 -3.02899282e+03 2.45698538e+03
1.38888889e-05 8.33333333e-06 1.00001315e+08 -3.48376332e+03 2.29972554e+03
1.43939394e-05 8.33333333e-06 1.00001407e+08 -3.89815711e+03 2.02629467e+03
1.48989899e-05 8.33333333e-06 1.00001425e+08 -4.22561962e+03 1.63079955e+03
1.54040404e-05 8.33333333e-06 1.00001355e+08 -4.41531075e+03 1.12256325e+03
1.59090909e-05 8.33333333e-06 1.00001198e+08 -4.42060583e+03 5.29699310e+02
1.64141414e-05 8.33333333e-06 1.00000970e+08 -4.20982938e+03 -1.01255187e+02
1.69191919e-05 8.33333333e-06 1.00000702e+08 -3.77625010e+03 -7.11021030e+02
1.74242424e-05 8.33333333e-06 1.00000437e+08 -3.14359009e+03 -1.23801469e+03
1.79292929e-05 8.33333333e-06 1.00000219e+08 -2.36429583e+03 -1.63073435e+03
1.84343434e-05 8.33333333e-06 1.00000084e+08 -1.51044228e+03 -1.85807593e+03
1.89393939e-05 8.33333333e-06 1.00000050e+08 -6.60047802e+02 -1.91426481e+03
1.94444444e-05 8.33333333e-06 1.00000121e+08 1.16861989e+02 -1.81732290e+03
1.99494949e-05 8.33333333e-06 1.00000280e+08 7.68574583e+02 -1.60242030e+03
2.04545455e-05 8.33333333e-06 1.00000499e+08 1.26642687e+03 -1.31286661e+03
2.09595960e-05 8.33333333e-06 1.00000748e+08 1.60411323e+03 -9.91528242e+02
2.14646465e-05 8.33333333e-06 1.00000997e+08 1.79315936e+03 -6.74544934e+02
2.19696970e-05 8.33333333e-06 1.00001220e+08 1.85663802e+03 -3.88033466e+02
2.24747475e-05 8.33333333e-06 1.00001404e+08 1.82293376e+03 -1.47504532e+02
2.29797980e-05 8.33333333e-06 1.00001538e+08 1.72071928e+03 4.08148057e+01
2.34848485e-05 8.33333333e-06 1.00001622e+08 1.57561588e+03 1.77684685e+02
2.39898990e-05 8.33333333e-06 1.00001659e+08 1.40848033e+03 2.68360034e+02
2.44949495e-05 8.33333333e-06 1.00001656e+08 1.23496242e+03 3.20405820e+02
2.50000000e-05 8.33333333e-06 1.00001620e+08 1.06588596e+03 3.42051830e+02
-2.50000000e-05 8.83838384e-06 9.99988051e+07 -1.77805640e+03 -1.66700970e+02
-2.44949495e-05 8.83838384e-06 9.99986050e+07 -1.96310017e+03 -1.44971929e+02
-2.39898990e-05 8.83838384e-06 9.99983861e+07 -2.16631196e+03 -1.05497932e+02
-2.34848485e-05 8.83838384e-06 9.99981503e+07 -2.38671020e+03 -4.17967412e+01
-2.29797980e-05 8.83838384e-06 9.99979015e+07 -2.62151489e+03 5.43372395e+01
-2.24747475e-05 8.83838384e-06 9.99976460e+07 -2.86524347e+03 1.93038636e+02
-2.19696970e-05 8.83838384e-06 9.99973940e+07 -3.10850574e+03 3.86426572e+02
-2.14646465e-05 8.83838384e-06 9.99971600e+07 -3.33647310e+03 6.48358367e+02
-2.09595960e-05 8.83838384e-06 9.99969640e+07 -3.52706209e+03 9.93655506e+02
-2.04545455e-05 8.83838384e-06 9.99968320e+07 -3.64900097e+03 1.43649557e+03
-1.99494949e-05 8.83838384e-06 9.99967956e+07 -3.66016812e+03 1.98760761e+03
-1.94444444e-05 8.83838384e-06 9.99968902e+07 -3.50691969e+03 2.64993846e+03
-1.89393939e-05 8.83838384e-06 9.99971513e+07 -3.12553531e+03 3.41267708e+03
-1.84343434e-05 8.83838384e-06 9.99976069e+07 -2.44728490e+03 4.24406824e+03
-1.79292929e-05 8.83838384e-06 9.99982684e+07 -1.40867886e+03 5.08442108e+03
-1.74242424e-05 8.83838384e-06 9.99991180e+07 3.22502081e+01 5.84205725e+03
-1.69191919e-05 8.83838384e-06 1.00000099e+08 1.87477821e+03 6.39618697e+03
-1.64141414e-05 8.83838384e-06 1.00001110e+08 4.05398118e+03 6.61082833e+03
-1.59090909e-05 8.83838384e-06 1.00002015e+08 6.42731913e+03 6.36153040e+03
-1.54040404e-05 8.83838384e-06 1.00002667e+08 8.77961871e+03 5.57111055e+03
-1.48989899e-05 8.83838384e-06 1.00002943e+08 1.08533654e+04 4.24340526e+03
-1.43939394e-05 8.83838384e-06 1.00002783e+08 1.24012459e+04 2.47966718e+03
-1.38888889e-05 8.83838384e-06 1.00002210e+08 1.32451649e+04 4.65895028e+02
-1.33838384e-05 8.83838384e-06 1.00001325e+08 1.33189847e+04 -1.56822706e+03
-1.28787879e-05 8.83838384e-06 1.00000279e+08 1.26777363e+04 -3.40375253e+03
-1.23737374e-05 8.83838384e-06 9.99992301e+07 1.14718367e+04 -4.87888582e+03
-1.18686869e-05 8.83838384e-06 9.99983056e+07 9.90042564e+03 -5.91194031e+03
-1.13636364e-05 8.83838384e-06 9.99975842e+07 8.16367609e+03 -6.49837137e+03
-1.08585859e-05 8.83838384e-06 9.99970947e+07 6.42876610e+03 -6.69025718e+03
-1.03535354e-05 8.83838384e-06 9.99968267e+07 4.81430651e+03 -6.57010197e+03
-9.84848485e-06 8.83838384e-06 9.99967463e+07 3.39008792e+03 -6.22806739e+03
-9.34343434e-06 8.83838384e-06 9.99968098e+07 2.18576483e+03 -5.74673656e+03
-8.83838384e-06 8.83838384e-06 9.99969734e+07 1.20259817e+03 -5.19348048e+03
-8.33333333e-06 8.83838384e-06 9.99971991e+07 4.24477414e+02 -4.61848892e+03
-7.82828283e-06 8.83838384e-06 9.99974568e+07 -1.73474972e+02 -4.05615305e+03
-7.32323232e-06 8.83838384e-06 9.99977242e+07 -6.19014074e+02 -3.52794366e+03
-6.81818182e-06 8.83838384e-06 9.99979860e+07 -9.39199105e+02 -3.04559537e+03
-6.31313131e-06 8.83838384e-06 9.99982325e+07 -1.15852105e+03 -2.61397579e+03
-5.80808081e-06 8.83838384e-06 9.99984582e+07 -1.29815073e+03 -2.23339877e+03
-5.30303030e-06 8.83838384e-06 9.99986605e+07 -1.37585388e+03 -1.90135565e+03
-4.79797980e-06 8.83838384e-06 9.99988389e+07 -1.40625624e+03 -1.61373680e+03
-4.29292929e-06 8.83838384e-06 9.99989939e+07 -1.40125461e+03 -1.36564792e+03
-3.78787879e-06 8.83838384e-06 9.99991273e+07 -1.37045093e+03 -1.15192449e+03
-3.28282828e-06 8.83838384e-06 9.99992406e+07 -1.32154099e+03 -9.67434178e+02
-2.77777778e-06 8.83838384e-06 9.99993361e+07 -1.26062570e+03 -8.07241942e+02
-2.27272727e-06 8.83838384e-06 9.99994154e+07 -1.19243783e+03 -6.66699189e+02
-1.76767677e-06 8.83838384e-06 9.99994804e+07 -1.12049779e+03 -5.41506347e+02
-1.26262626e-06 8.83838384e-06 9.99995324e+07 -1.04722930e+03 -4.27783914e+02
-7.57575758e-07 8.83838384e-06 9.99995727e+07 -9.74077605e+02 -3.22167332e+02
-2.52525253e-07 8.83838384e-06 9.99996021e+07 -9.01672682e+02 -2.21916065e+02
2.52525253e-07 8.83838384e-06 9.99996218e+07 -8.30062182e+02 -1.25003740e+02
7.57575758e-07 8.83838384e-06 9.99996328e+07 -7.59005988e+02 -3.01455059e+01
1.26262626e-06 8.83838384e-06 9.99996364e+07 -6.88288829e+02 6.32702003e+01
1.76767677e-06 8.83838384e-06 9.99996341e+07 -6.17988264e+02 1.55347904e+02
2.27272727e-06 8.83838384e-06 9.99996279e+07 -5.48643843e+02 2.45917110e+02
2.77777778e-06 8.83838384e-06 9.99996197e+07 -4.81304564e+02 3.34776941e+02
3.28282828e-06 8.83838384e-06 9.99996113e+07 -4.17468599e+02 4.21901797e+02
3.78787879e-06 8.83838384e-06 9.99996048e+07 -3.58954390e+02 5.07574972e+02
4.29292929e-06 8.83838384e-06 9.99996017e+07 -3.07749408e+02 5.92440225e+02
4.79797980e-06 8.83838384e-06 9.99996034e+07 -2.65876167e+02 6.77479185e+02
5.30303030e-06 8.83838384e-06 9.99996111e+07 -2.35302128e+02 7.63931955e+02
5.80808081e-06 8.83838384e-06 9.99996258e+07 -2.17906305e+02 8.53181129e+02
6.31313131e-06 8.83838384e-06 9.99996485e+07 -2.15502743e+02 9.46617528e+02
6.81818182e-06 8.83838384e-06 9.99996801e+07 -2.29910487e+02 1.04550080e+03
7.32323232e-06 8.83838384e-06 9.99997216e+07 -2.63051711e+02 1.15082046e+03
7.82828283e-06 8.83838384e-06 9.99997741e+07 -3.17054926e+02 1.26315452e+03
8.33333333e-06 8.83838384e-06 9.99998390e+07 -3.94337987e+02 1.38251565e+03
8.83838384e-06 8.83838384e-06 9.99999174e+07 -4.97644405e+02 1.50817059e+03
9.34343434e-06 8.83838384e-06 1.00000011e+08 -6.30004308e+02 1.63841890e+03
9.84848485e-06 8.83838384e-06 1.00000119e+08 -7.94586880e+02 1.77032294e+03
1.03535354e-05 8.83838384e-06 1.00000244e+08 -9.94404575e+02 1.89939326e+03
1.08585859e-05 8.83838384e-06 1.00000384e+08 -1.23182338e+03 2.01925515e+03
1.13636364e-05 8.83838384e-06 1.00000536e+08 -1.50783358e+03 2.12135388e+03
1.18686869e-05 8.83838384e-06 1.00000697e+08 -1.82105142e+03 2.19479995e+03
1.23737374e-05 8.83838384e-06 1.00000859e+08 -2.16646665e+03 2.22650763e+03
1.28787879e-05 8.83838384e-06 1.00001012e+08 -2.53403928e+03 2.20182639e+03
1.33838384e-05 8.83838384e-06 1.00001143e+08 -2.90738826e+03 2.10587759e+03
1.38888889e-05 8.83838384e-06 1.00001239e+08 -3.26299182e+03 1.92574341e+03
1.43939394e-05 8.83838384e-06 1.00001284e+08 -3.57047951e+03 1.65346219e+03
1.48989899e-05 8.83838384e-06 1.00001267e+08 -3.79463101e+03 1.28944342e+03
1.54040404e-05 8.83838384e-06 1.00001182e+08 -3.89946745e+03 8.45487925e+02
1.59090909e-05 8.83838384e-06 1.00001032e+08 -3.85423801e+03 3.46264064e+02
1.64141414e-05 8.83838384e-06 1.00000833e+08 -3.64025268e+03 -1.71877803e+02
1.69191919e-05 8.83838384e-06 1.00000608e+08 -3.25672979e+03 -6.65270207e+02
1.74242424e-05 8.83838384e-06 1.00000389e+08 -2.72360881e+03 -1.08989631e+03
1.79292929e-05 8.83838384e-06 1.00000208e+08 -2.07995736e+03 -1.40925073e+03
1.84343434e-05 8.83838384e-06 1.00000091e+08 -1.37802583e+03 -1.60083404e+03
1.89393939e-05 8.83838384e-06 1.00000053e+08 -6.74523299e+02 -1.65942109e+03
1.94444444e-05 8.83838384e-06 1.00000097e+08 -2.15518788e+01 -1.59640945e+03
1.99494949e-05 8.83838384e-06 1.00000214e+08 5.40510213e+02 -1.43587747e+03
2.04545455e-05 8.83838384e-06 1.00000384e+08 9.86825996e+02 -1.20885744e+03
2.09595960e-05 8.83838384e-06 1.00000585e+08 1.30844913e+03 -9.47502929e+02
2.14646465e-05 8.83838384e-06 1.00000794e+08 1.50996176e+03 -6.80431209e+02
2.19696970e-05 8.83838384e-06 1.00000992e+08 1.60559249e+03 -4.29869579e+02
2.24747475e-05 8.83838384e-06 1.00001163e+08 1.61498400e+03 -2.10622433e+02
2.29797980e-05 8.83838384e-06 1.00001298e+08 1.55947048e+03 -3.04702713e+01
2.34848485e-05 8.83838384e-06 1.00001395e+08 1.45932255e+03 1.08552469e+02
2.39898990e-05 8.83838384e-06 1.00001453e+08 1.33206145e+03 2.08527033e+02
2.44949495e-05 8.83838384e-06 1.00001475e+08 1.19170622e+03 2.74059452e+02
2.50000000e-05 8.83838384e-06 1.00001468e+08 1.04870623e+03 3.10957462e+02
-2.50000000e-05 9.34343434e-06 9.99989272e+07 -1.78490611e+03 -1.79317183e+02
-2.44949495e-05 9.34343434e-06 9.99987153e+07 -1.98329453e+03 -1.74812457e+02
-2.39898990e-05 9.34343434e-06 9.99984778e+07 -2.20548499e+03 -1.56162809e+02
-2.34848485e-05 9.34343434e-06 9.99982147e+07 -2.45224168e+03 -1.16968812e+02
-2.29797980e-05 9.34343434e-06 9.99979277e+07 -2.72287775e+03 -4.87275804e+01
-2.24747475e-05 9.34343434e-06 9.99976214e+07 -3.01429497e+03 5.96201070e+01
-2.19696970e-05 9.34343434e-06 9.99973041e+07 -3.31960446e+03 2.22081680e+02
-2.14646465e-05 9.34343434e-06 9.99969892e+07 -3.62622450e+03 4.55789428e+02
-2.09595960e-05 9.34343434e-06 9.99966973e+07 -3.91338974e+03 7.80696856e+02
-2.04545455e-05 9.34343434e-06 9.99964572e+07 -4.14912205e+03 1.21838011e+03
-1.99494949e-05 9.34343434e-06 9.99963072e+07 -4.28696287e+03 1.78936094e+03
-1.94444444e-05 9.34343434e-06 9.99962942e+07 -4.26321741e+03 2.50824526e+03
-1.89393939e-05 9.34343434e-06 9.99964705e+07 -3.99615562e+03 3.37604024e+03
-1.84343434e-05 9.34343434e-06 9.99968860e+07 -3.38948665e+03 4.36952660e+03
-1.79292929e-05 9.34343434e-06 9.99975751e+07 -2.34315088e+03 5.42884709e+03
-1.74242424e-05 9.34343434e-06 9.99985382e+07 -7.74305287e+02 6.44674412e+03
-1.69191919e-05 9.34343434e-06 9.99997219e+07 1.35087861e+03 7.26579892e+03
-1.64141414e-05 9.34343434e-06 1.00001005e+08 3.97942346e+03 7.69205649e+03
-1.59090909e-05 9.34343434e-06 1.00002202e+08 6.94072123e+03 7.53159348e+03
-1.54040404e-05 9.34343434e-06 1.00003096e+08 9.94244082e+03 6.64787185e+03
-1.48989899e-05 9.34343434e-06 1.00003496e+08 1.26107190e+04 5.02289595e+03
-1.43939394e-05 9.34343434e-06 1.00003301e+08 1.45748831e+04 2.79272474e+03
-1.38888889e-05 9.34343434e-06 1.00002544e+08 1.55696752e+04 2.31162156e+02
-1.33838384e-05 9.34343434e-06 1.00001383e+08 1.55099288e+04 -2.32020643e+03
-1.28787879e-05 9.34343434e-06 1.00000046e+08 1.45025192e+04 -4.54620396e+03
-1.23737374e-05 9.34343434e-06 9.99987600e+07 1.27945487e+04 -6.23365345e+03
-1.18686869e-05 9.34343434e-06 9.99976928e+07 1.06891092e+04 -7.30043466e+03
-1.13636364e-05 9.34343434e-06 9.99969298e+07 8.46795594e+03 -7.77870188e+03
-1.08585859e-05 9.34343434e-06 9.99964822e+07 6.34504989e+03 -7.77295049e+03
-1.03535354e-05 9.34343434e-06 9.99963115e+07 4.45354600e+03 -7.41589232e+03
-9.84848485e-06 9.34343434e-06 9.99963556e+07 2.85560245e+03 -6.83592466e+03
-9.34343434e-06 9.34343434e-06 9.99965485e+07 1.56194911e+03 -6.13952408e+03
-8.83838384e-06 9.34343434e-06 9.99968320e+07 5.51854431e+02 -5.40563709e+03
-8.33333333e-06 9.34343434e-06 9.99971601e+07 -2.11025975e+02 -4.68733029e+03
-7.82828283e-06 9.34343434e-06 9.99975000e+07 -7.67949146e+02 -4.01667454e+03
-7.32323232e-06 9.34343434e-06 9.99978298e+07 -1.15881322e+03 -3.41029784e+03
-6.81818182e-06 9.34343434e-06 9.99981363e+07 -1.41906301e+03 -2.87432081e+03
-6.31313131e-06 9.34343434e-06 9.99984126e+07 -1.57860352e+03 -2.40822419e+03
-5.80808081e-06 9.34343434e-06 9.99986563e+07 -1.66184313e+03 -2.00763941e+03
-5.30303030e-06 9.34343434e-06 9.99988673e+07 -1.68828487e+03 -1.66623610e+03
-4.79797980e-06 9.34343434e-06 9.99990476e+07 -1.67331590e+03 -1.37692300e+03
-4.29292929e-06 9.34343434e-06 9.99991997e+07 -1.62900095e+03 -1.13255757e+03
-3.78787879e-06 9.34343434e-06 9.99993269e+07 -1.56478180e+03 -9.26320161e+02
-3.28282828e-06 9.34343434e-06 9.99994322e+07 -1.48803892e+03 -7.51870002e+02
-2.77777778e-06 9.34343434e-06 9.99995187e+07 -1.40450166e+03 -6.03371968e+02
-2.27272727e-06 9.34343434e-06 9.99995890e+07 -1.31851332e+03 -4.75465584e+02
-1.76767677e-06 9.34343434e-06 9.99996453e+07 -1.23317616e+03 -3.63236752e+02
-1.26262626e-06 9.34343434e-06 9.99996894e+07 -1.15042465e+03 -2.62240133e+02
-7.57575758e-07 9.34343434e-06 9.99997226e+07 -1.07109649e+03 -1.68596536e+02
-2.52525253e-07 9.34343434e-06 9.99997459e+07 -9.95077987e+02 -7.91512011e+01
2.52525253e-07 9.34343434e-06 9.99997600e+07 -9.21576710e+02 8.36501907e+00
7.57575758e-07 9.34343434e-06 9.99997661e+07 -8.49516291e+02 9.52550541e+01
1.26262626e-06 9.34343434e-06 9.99997654e+07 -7.77980121e+02 1.81923334e+02
1.76767677e-06 9.34343434e-06 9.99997595e+07 -7.06590853e+02 2.68102836e+02
2.27272727e-06 9.34343434e-06 9.99997506e+07 -6.35729297e+02 3.53185910e+02
2.77777778e-06 9.34343434e-06 9.99997407e+07 -5.66558138e+02 4.36566607e+02
3.28282828e-06 9.34343434e-06 9.99997320e+07 -5.00883547e+02 5.17911583e+02
3.78787879e-06 9.34343434e-06 9.99997265e+07 -4.40926078e+02 5.97315741e+02
4.29292929e-06 9.34343434e-06 9.99997259e+07 -3.89074391e+02 6.75339073e+02
4.79797980e-06 9.34343434e-06 9.99997313e+07 -3.47676364e+02 7.52945718e+02
5.30303030e-06 9.34343434e-06 9.99997437e+07 -3.18899146e+02 8.31375079e+02
5.80808081e-06 9.34343434e-06 9.99997639e+07 -3.04670147e+02 9.11975111e+02
6.31313131e-06 9.34343434e-06 9.99997924e+07 -3.06694739e+02 9.96024331e+02
6.81818182e-06 9.34343434e-06 9.99998297e+07 -3.26532728e+02 1.08456229e+03
7.32323232e-06 9.34343434e-06 9.99998764e+07 -3.65705692e+02 1.17823821e+03
7.82828283e-06 9.34343434e-06 9.99999332e+07 -4.25802841e+02 1.27717630e+03
8.33333333e-06 9.34343434e-06 1.00000001e+08 -5.08553896e+02 1.38084727e+03
8.83838384e-06 9.34343434e-06 1.00000079e+08 -6.15841150e+02 1.48793191e+03
9.34343434e-06 9.34343434e-06 1.00000170e+08 -7.49626372e+02 1.59616498e+03
9.84848485e-06 9.34343434e-06 1.00000273e+08 -9.11769696e+02 1.70215651e+03
1.03535354e-05 9.34343434e-06 1.00000386e+08 -1.10371773e+03 1.80120186e+03
1.08585859e-05 9.34343434e-06 1.00000510e+08 -1.32603963e+03 1.88711168e+03
1.13636364e-05 9.34343434e-06 1.00000640e+08 -1.57779817e+03 1.95211761e+03
1.18686869e-05 9.34343434e-06 1.00000772e+08 -1.85576429e+03 1.98693793e+03
1.23737374e-05 9.34343434e-06 1.00000899e+08 -2.15352612e+03 1.98111291e+03
1.28787879e-05 9.34343434e-06 1.00001013e+08 -2.46061063e+03 1.92373117e+03
1.33838384e-05 9.34343434e-06 1.00001104e+08 -2.76182592e+03 1.80464702e+03
1.38888889e-05 9.34343434e-06 1.00001160e+08 -3.03712384e+03 1.61621032e+03
1.43939394e-05 9.34343434e-06 1.00001173e+08 -3.26233548e+03 1.35537934e+03
1.48989899e-05 9.34343434e-06 1.00001134e+08 -3.41108275e+03 1.02587275e+03
1.54040404e-05 9.34343434e-06 1.00001042e+08 -3.45795865e+03 6.39796124e+02
1.59090909e-05 9.34343434e-06 1.00000903e+08 -3.38268473e+03 2.18062617e+02
1.64141414e-05 9.34343434e-06 1.00000728e+08 -3.17448295e+03 -2.10956863e+02
1.69191919e-05 9.34343434e-06 1.00000538e+08 -2.83553752e+03 -6.14705667e+02
1.74242424e-05 9.34343434e-06 1.00000355e+08 -2.38240314e+03 -9.61164040e+02
1.79292929e-05 9.34343434e-06 1.00000203e+08 -1.84466155e+03 -1.22396343e+03
1.84343434e-05 9.34343434e-06 1.00000101e+08 -1.26092820e+03 -1.38657861e+03
1.89393939e-05 9.34343434e-06 1.00000062e+08 -6.73137436e+02 -1.44452073e+03
1.94444444e-05 9.34343434e-06 1.00000088e+08 -1.20523358e+02 -1.40508989e+03
1.99494949e-05 9.34343434e-06 1.00000173e+08 3.65320604e+02 -1.28498794e+03
2.04545455e-05 9.34343434e-06 1.00000304e+08 7.63399063e+02 -1.10663178e+03
2.09595960e-05 9.34343434e-06 1.00000466e+08 1.06404875e+03 -8.94182563e+02
2.14646465e-05 9.34343434e-06 1.00000641e+08 1.26778843e+03 -6.70145190e+02
2.19696970e-05 9.34343434e-06 1.00000812e+08 1.38295813e+03 -4.53040136e+02
2.24747475e-05 9.34343434e-06 1.00000968e+08 1.42288716e+03 -2.56273629e+02
2.29797980e-05 9.34343434e-06 1.00001098e+08 1.40319899e+03 -8.80450990e+01
2.34848485e-05 9.34343434e-06 1.00001199e+08 1.33963609e+03 4.80210842e+01
2.39898990e-05 9.34343434e-06 1.00001269e+08 1.24656037e+03 1.51860849e+02
2.44949495e-05 9.34343434e-06 1.00001309e+08 1.13610985e+03 2.25859141e+02
2.50000000e-05 9.34343434e-06 1.00001322e+08 1.01788968e+03 2.73836869e+02
-2.50000000e-05 9.84848485e-06 9.99990963e+07 -1.77666760e+03 -1.69688858e+02
-2.44949495e-05 9.84848485e-06 9.99988796e+07 -1.98453487e+03 -1.81672171e+02
-2.39898990e-05 9.84848485e-06 9.99986306e+07 -2.22142251e+03 -1.84047175e+02
-2.34848485e-05 9.84848485e-06 9.99983470e+07 -2.49006566e+03 -1.70977379e+02
-2.29797980e-05 9.84848485e-06 9.99980279e+07 -2.79230504e+03 -1.34271504e+02
-2.24747475e-05 9.84848485e-06 9.99976746e+07 -3.12817234e+03 -6.26680938e+01
-2.19696970e-05 9.84848485e-06 9.99972922e+07 -3.49446085e+03 5.89566663e+01
-2.14646465e-05 9.84848485e-06 9.99968913e+07 -3.88257870e+03 2.50337147e+02
-2.09595960e-05 9.84848485e-06 9.99964904e+07 -4.27546492e+03 5.36265103e+02
-2.04545455e-05 9.84848485e-06 9.99961189e+07 -4.64340217e+03 9.46258329e+02
-1.99494949e-05 9.84848485e-06 9.99958196e+07 -4.93877095e+03 1.51266057e+03
-1.94444444e-05 9.84848485e-06 9.99956506e+07 -5.09029541e+03 2.26600925e+03
-1.89393939e-05 9.84848485e-06 9.99956839e+07 -4.99830238e+03 3.22622471e+03
-1.84343434e-05 9.84848485e-06 9.99959984e+07 -4.53406979e+03 4.38834417e+03
-1.79292929e-05 9.84848485e-06 9.99966649e+07 -3.54829363e+03 5.70280358e+03
-1.74242424e-05 9.84848485e-06 9.99977195e+07 -1.89512307e+03 7.05350767e+03
-1.69191919e-05 9.84848485e-06 9.99991289e+07 5.23084505e+02 8.24252867e+03
-1.64141414e-05 9.84848485e-06 1.00000757e+08 3.69241785e+03 8.99670046e+03
-1.59090909e-05 9.84848485e-06 1.00002358e+08 7.42289683e+03 9.01327498e+03
-1.54040404e-05 9.84848485e-06 1.00003606e+08 1.13188658e+04 8.05049779e+03
-1.48989899e-05 9.84848485e-06 1.00004195e+08 1.48262205e+04 6.03994260e+03
-1.43939394e-05 9.84848485e-06 1.00003954e+08 1.73708749e+04 3.16412590e+03
-1.38888889e-05 9.84848485e-06 1.00002929e+08 1.85432691e+04 -1.60987616e+02
-1.33838384e-05 9.84848485e-06 1.00001372e+08 1.82355148e+04 -3.41029477e+03
-1.28787879e-05 9.84848485e-06 9.99996404e+07 1.66548900e+04 -6.12009218e+03
-1.23737374e-05 9.84848485e-06 9.99980657e+07 1.42160052e+04 -8.01411166e+03
-1.18686869e-05 9.84848485e-06 9.99968619e+07 1.13846870e+04 -9.03373083e+03
-1.13636364e-05 9.84848485e-06 9.99961058e+07 8.55337066e+03 -9.28683794e+03
-1.08585859e-05 9.84848485e-06 9.99957684e+07 5.98402412e+03 -8.96524297e+03
-1.03535354e-05 9.84848485e-06 9.99957631e+07 3.80936563e+03 -8.27342766e+03
-9.84848485e-06 9.84848485e-06 9.99959878e+07 2.06436078e+03 -7.38618838e+03
-9.34343434e-06 9.84848485e-06 9.99963497e+07 7.23770296e+02 -6.43293688e+03
-8.83838384e-06 9.84848485e-06 9.99967766e+07 -2.67062174e+02 -5.49880080e+03
-8.33333333e-06 9.84848485e-06 9.99972178e+07 -9.71680874e+02 -4.63322939e+03
-7.82828283e-06 9.84848485e-06 9.99976412e+07 -1.45096219e+03 -3.86016142e+03
-7.32323232e-06 9.84848485e-06 9.99980287e+07 -1.75781810e+03 -3.18690949e+03
-6.81818182e-06 9.84848485e-06 9.99983717e+07 -1.93565405e+03 -2.61087702e+03
-6.31313131e-06 9.84848485e-06 9.99986682e+07 -2.01878498e+03 -2.12418839e+03
-5.80808081e-06 9.84848485e-06 9.99989196e+07 -2.03369527e+03 -1.71665954e+03
-5.30303030e-06 9.84848485e-06 9.99991296e+07 -2.00052555e+03 -1.37757680e+03
-4.79797980e-06 9.84848485e-06 9.99993027e+07 -1.93448240e+03 -1.09667328e+03
-4.29292929e-06 9.84848485e-06 9.99994438e+07 -1.84704390e+03 -8.64588604e+02
-3.78787879e-06 9.84848485e-06 9.99995577e+07 -1.74692285e+03 -6.73006787e+02
-3.28282828e-06 9.84848485e-06 9.99996486e+07 -1.64078753e+03 -5.14600925e+02
-2.77777778e-06 9.84848485e-06 9.99997207e+07 -1.53375192e+03 -3.82873657e+02
-2.27272727e-06 9.84848485e-06 9.99997773e+07 -1.42965262e+03 -2.71964977e+02
-1.76767677e-06 9.84848485e-06 9.99998212e+07 -1.33114332e+03 -1.76497110e+02
-1.26262626e-06 9.84848485e-06 9.99998543e+07 -1.23966773e+03 -9.15250130e+01
-7.57575758e-07 9.84848485e-06 9.99998780e+07 -1.15541588e+03 -1.26401083e+01
-2.52525253e-07 9.84848485e-06 9.99998931e+07 -1.07739848e+03 6.37822082e+01
2.52525253e-07 9.84848485e-06 9.99999001e+07 -1.00375109e+03 1.40284530e+02
7.57575758e-07 9.84848485e-06 9.99998997e+07 -9.32279778e+02 2.18135044e+02
1.26262626e-06 9.84848485e-06 9.99998932e+07 -8.61122605e+02 2.97379388e+02
1.76767677e-06 9.84848485e-06 9.99998824e+07 -7.89314961e+02 3.77166045e+02
2.27272727e-06 9.84848485e-06 9.99998695e+07 -7.17080916e+02 4.56240839e+02
2.77777778e-06 9.84848485e-06 9.99998569e+07 -6.45802179e+02 5.33440593e+02
3.28282828e-06 9.84848485e-06 9.99998472e+07 -5.77744898e+02 6.08050187e+02
3.78787879e-06 9.84848485e-06 9.99998422e+07 -5.15678408e+02 6.79972575e+02
4.29292929e-06 9.84848485e-06 9.99998435e+07 -4.62500523e+02 7.49730745e+02
4.79797980e-06 9.84848485e-06 9.99998522e+07 -4.20937627e+02 8.18347957e+02
5.30303030e-06 9.84848485e-06 9.99998689e+07 -3.93350750e+02 8.87152393e+02
5.80808081e-06 9.84848485e-06 9.99998939e+07 -3.81656138e+02 9.57546525e+02
6.31313131e-06 9.84848485e-06 9.99999272e+07 -3.87350839e+02 1.03077719e+03
6.81818182e-06 9.84848485e-06 9.99999688e+07 -4.11615784e+02 1.10773503e+03
7.32323232e-06 9.84848485e-06 1.00000019e+08 -4.55454993e+02 1.18879824e+03
7.82828283e-06 9.84848485e-06 1.00000077e+08 -5.19825559e+02 1.27371862e+03
8.33333333e-06 9.84848485e-06 1.00000145e+08 -6.05719232e+02 1.36153535e+03
8.83838384e-06 9.84848485e-06 1.00000221e+08 -7.14167750e+02 1.45049739e+03
9.34343434e-06 9.84848485e-06 1.00000306e+08 -8.46154787e+02 1.53798081e+03
9.84848485e-06 9.84848485e-06 1.00000400e+08 -1.00242446e+03 1.62039881e+03
1.03535354e-05 9.84848485e-06 1.00000501e+08 -1.18318048e+03 1.69311809e+03
1.08585859e-05 9.84848485e-06 1.00000607e+08 -1.38767482e+03 1.75041210e+03
1.13636364e-05 9.84848485e-06 1.00000715e+08 -1.61369477e+03 1.78549994e+03
1.18686869e-05 9.84848485e-06 1.00000821e+08 -1.85697704e+03 1.79073427e+03
1.23737374e-05 9.84848485e-06 1.00000918e+08 -2.11061093e+03 1.75801090e+03
1.28787879e-05 9.84848485e-06 1.00000999e+08 -2.36453775e+03 1.67946517e+03
1.33838384e-05 9.84848485e-06 1.00001058e+08 -2.60530545e+03 1.54848781e+03
1.38888889e-05 9.84848485e-06 1.00001085e+08 -2.81627689e+03 1.36102431e+03
1.43939394e-05 9.84848485e-06 1.00001074e+08 -2.97849141e+03 1.11701557e+03
1.48989899e-05 9.84848485e-06 1.00001023e+08 -3.07230929e+03 8.21711501e+02
1.54040404e-05 9.84848485e-06 1.00000930e+08 -3.07980638e+03 4.86484181e+02
1.59090909e-05 9.84848485e-06 1.00000802e+08 -2.98764462e+03 1.28745643e+02
1.64141414e-05 9.84848485e-06 1.00000649e+08 -2.78988744e+03 -2.29305512e+02
1.69191919e-05 9.84848485e-06 1.00000486e+08 -2.49006748e+03 -5.63112785e+02
1.74242424e-05 9.84848485e-06 1.00000331e+08 -2.10185658e+03 -8.49010361e+02
1.79292929e-05 9.84848485e-06 1.00000202e+08 -1.64797742e+03 -1.06762431e+03
1.84343434e-05 9.84848485e-06 1.00000113e+08 -1.15745874e+03 -1.20663984e+03
1.89393939e-05 9.84848485e-06 1.00000074e+08 -6.61800608e+02 -1.26229337e+03
1.94444444e-05 9.84848485e-06 1.00000087e+08 -1.90899743e+02 -1.23930788e+03
1.99494949e-05 9.84848485e-06 1.00000148e+08 2.30413113e+02 -1.14941761e+03
2.04545455e-05 9.84848485e-06 1.00000250e+08 5.84622502e+02 -1.00896157e+03
2.09595960e-05 9.84848485e-06 1.00000380e+08 8.62341088e+02 -8.36165542e+02
2.14646465e-05 9.84848485e-06 1.00000525e+08 1.06182274e+03 -6.48676256e+02
2.19696970e-05 9.84848485e-06 1.00000672e+08 1.18755155e+03 -4.61724271e+02
2.24747475e-05 9.84848485e-06 1.00000811e+08 1.24836778e+03 -2.87065016e+02
2.29797980e-05 9.84848485e-06 1.00000932e+08 1.25554794e+03 -1.32653215e+02
2.34848485e-05 9.84848485e-06 1.00001032e+08 1.22113678e+03 -2.88346366e+00
2.39898990e-05 9.84848485e-06 1.00001107e+08 1.15668869e+03 1.00816313e+02
2.44949495e-05 9.84848485e-06 1.00001158e+08 1.07245432e+03 1.79238617e+02
2.50000000e-05 9.84848485e-06 1.00001185e+08 9.76965282e+02 2.34650600e+02
-2.50000000e-05 1.03535354e-05 9.99993153e+07 -1.75514804e+03 -1.32585856e+02
-2.44949495e-05 1.03535354e-05 9.99991028e+07 -1.96803129e+03 -1.58666942e+02
-2.39898990e-05 1.03535354e-05 9.99988522e+07 -2.21430887e+03 -1.80306251e+02
-2.34848485e-05 1.03535354e-05 9.99985587e+07 -2.49875456e+03 -1.92748903e+02
-2.29797980e-05 1.03535354e-05 9.99982181e+07 -2.82599414e+03 -1.88841599e+02
-2.24747475e-05 1.03535354e-05 9.99978276e+07 -3.19976743e+03 -1.58087019e+02
-2.19696970e-05 1.03535354e-05 9.99973873e+07 -3.62163475e+03 -8.54471751e+01
-2.14646465e-05 1.03535354e-05 9.99969023e+07 -4.08882620e+03 5.00637382e+01
-2.09595960e-05 1.03535354e-05 9.99963861e+07 -4.59083015e+03 2.76823124e+02
-2.04545455e-05 1.03535354e-05 9.99958644e+07 -5.10424516e+03 6.31647439e+02
-1.99494949e-05 1.03535354e-05 9.99953803e+07 -5.58547736e+03 1.15956030e+03
-1.94444444e-05 1.03535354e-05 9.99949995e+07 -5.96125507e+03 1.91070876e+03
-1.89393939e-05 1.03535354e-05 9.99948134e+07 -6.11800253e+03 2.93198426e+03
-1.84343434e-05 1.03535354e-05 9.99949362e+07 -5.89333862e+03 4.25020784e+03
-1.79292929e-05 1.03535354e-05 9.99954910e+07 -5.07668452e+03 5.84418288e+03
-1.74242424e-05 1.03535354e-05 9.99965760e+07 -3.43062837e+03 7.60635691e+03
-1.69191919e-05 1.03535354e-05 9.99982104e+07 -7.47360180e+02 9.30362650e+03
-1.64141414e-05 1.03535354e-05 1.00000267e+08 3.05175287e+03 1.05614626e+04
-1.59090909e-05 1.03535354e-05 1.00002427e+08 7.78987661e+03 1.09091280e+04
-1.54040404e-05 1.03535354e-05 1.00004206e+08 1.29418589e+04 9.91662766e+03
-1.48989899e-05 1.03535354e-05 1.00005098e+08 1.76700952e+04 7.40258124e+03
-1.43939394e-05 1.03535354e-05 1.00004795e+08 2.10512092e+04 3.60715326e+03
-1.38888889e-05 1.03535354e-05 1.00003363e+08 2.24247775e+04 -8.13937694e+02
-1.33838384e-05 1.03535354e-05 1.00001225e+08 2.16606141e+04 -5.02124585e+03
-1.28787879e-05 1.03535354e-05 9.99989578e+07 1.91667954e+04 -8.31721452e+03
-1.23737374e-05 1.03535354e-05 9.99970476e+07 1.56553378e+04 -1.03604093e+04
-1.18686869e-05 1.03535354e-05 9.99957509e+07 1.18454818e+04 -1.11743966e+04
-1.13636364e-05 1.03535354e-05 9.99950983e+07 8.26894287e+03 -1.10147627e+04
-1.08585859e-05 1.03535354e-05 9.99949793e+07 5.21868927e+03 -1.02124541e+04
-1.03535354e-05 1.03535354e-05 9.99952320e+07 2.79193547e+03 -9.06699160e+03
-9.84848485e-06 1.03535354e-05 9.99957027e+07 9.63003244e+02 -7.80135698e+03
-9.34343434e-06 1.03535354e-05 9.99962719e+07 -3.53025636e+02 -6.55882300e+03
-8.83838384e-06 1.03535354e-05 9.99968584e+07 -1.25822600e+03 -5.41873567e+03
-8.33333333e-06 1.03535354e-05 9.99974134e+07 -1.84924060e+03 -4.41625960e+03
-7.82828283e-06 1.03535354e-05 9.99979117e+07 -2.20784702e+03 -3.55925790e+03
-7.32323232e-06 1.03535354e-05 9.99983433e+07 -2.39891303e+03 -2.84048404e+03
-6.81818182e-06 1.03535354e-05 9.99987075e+07 -2.47183754e+03 -2.24550800e+03
-6.31313131e-06 1.03535354e-05 9.99990087e+07 -2.46324330e+03 -1.75746044e+03
-5.80808081e-06 1.03535354e-05 9.99992537e+07 -2.39980805e+03 -1.35964547e+03
-5.30303030e-06 1.03535354e-05 9.99994500e+07 -2.30076644e+03 -1.03682508e+03
-4.79797980e-06 1.03535354e-05 9.99996049e+07 -2.17994525e+03 -7.75719963e+02
-4.29292929e-06 1.03535354e-05 9.99997255e+07 -2.04734143e+03 -5.65068156e+02
-3.78787879e-06 1.03535354e-05 9.99998178e+07 -1.91030199e+03 -3.95441463e+02
-3.28282828e-06 1.03535354e-05 9.99998875e+07 -1.77436553e+03 -2.58931214e+02
-2.77777778e-06 1.03535354e-05 9.99999393e+07 -1.64380557e+03 -1.48768438e+02
-2.27272727e-06 1.03535354e-05 9.99999773e+07 -1.52189462e+03 -5.89330950e+01
-1.76767677e-06 1.03535354e-05 1.00000005e+08 -1.41090654e+03 1.61748270e+01
-1.26262626e-06 1.03535354e-05 1.00000024e+08 -1.31191275e+03 8.19006156e+01
-7.57575758e-07 1.03535354e-05 1.00000035e+08 -1.22451304e+03 1.43233862e+02
-2.52525253e-07 1.03535354e-05 1.00000040e+08 -1.14673403e+03 2.04414224e+02
2.52525253e-07 1.03535354e-05 1.00000038e+08 -1.07533374e+03 2.68377992e+02
7.57575758e-07 1.03535354e-05 1.00000030e+08 -1.00658464e+03 3.36337097e+02
1.26262626e-06 1.03535354e-05 1.00000017e+08 -9.37318390e+02 4.07781636e+02
1.76767677e-06 1.03535354e-05 9.99999995e+07 -8.65815560e+02 4.80977927e+02
2.27272727e-06 1.03535354e-05 9.99999816e+07 -7.92197833e+02 5.53748856e+02
2.77777778e-06 1.03535354e-05 9.99999657e+07 -7.18267999e+02 6.24204208e+02
3.28282828e-06 1.03535354e-05 9.99999544e+07 -6.46996974e+02 6.91197975e+02
3.78787879e-06 1.03535354e-05 9.99999498e+07 -5.81915179e+02 7.54480711e+02
4.29292929e-06 1.03535354e-05 9.99999531e+07 -5.26575947e+02 8.14628382e+02
4.79797980e-06 1.03535354e-05 9.99999652e+07 -4.84155461e+02 8.72837532e+02
5.30303030e-06 1.03535354e-05 9.99999861e+07 -4.57205131e+02 9.30645939e+02
5.80808081e-06 1.03535354e-05 1.00000015e+08 -4.47560029e+02 9.89622650e+02
6.31313131e-06 1.03535354e-05 1.00000053e+08 -4.56392173e+02 1.05107385e+03
6.81818182e-06 1.03535354e-05 1.00000098e+08 -4.84369928e+02 1.11580798e+03
7.32323232e-06 1.03535354e-05 1.00000150e+08 -5.31861126e+02 1.18398315e+03
7.82828283e-06 1.03535354e-05 1.00000208e+08 -5.99113709e+02 1.25503132e+03
8.33333333e-06 1.03535354e-05 1.00000274e+08 -6.86363943e+02 1.32763298e+03
8.83838384e-06 1.03535354e-05 1.00000345e+08 -7.93846333e+02 1.39971186e+03
9.34343434e-06 1.03535354e-05 1.00000423e+08 -9.21699550e+02 1.46842877e+03
9.84848485e-06 1.03535354e-05 1.00000506e+08 -1.06977416e+03 1.53017103e+03
1.03535354e-05 1.03535354e-05 1.00000593e+08 -1.23735296e+03 1.58055086e+03
1.08585859e-05 1.03535354e-05 1.00000681e+08 -1.42279821e+03 1.61444206e+03
1.13636364e-05 1.03535354e-05 1.00000769e+08 -1.62314768e+03 1.62609488e+03
1.18686869e-05 1.03535354e-05 1.00000850e+08 -1.83369548e+03 1.60937565e+03
1.23737374e-05 1.03535354e-05 1.00000922e+08 -2.04761664e+03 1.55817510e+03
1.28787879e-05 1.03535354e-05 1.00000977e+08 -2.25572159e+03 1.46701515e+03
1.33838384e-05 1.03535354e-05 1.00001010e+08 -2.44645281e+03 1.33185076e+03
1.38888889e-05 1.03535354e-05 1.00001016e+08 -2.60624694e+03 1.15101101e+03
1.43939394e-05 1.03535354e-05 1.00000990e+08 -2.72036644e+03 9.26153632e+02
1.48989899e-05 1.03535354e-05 1.00000931e+08 -2.77423934e+03 6.63037453e+02
1.54040404e-05 1.03535354e-05 1.00000840e+08 -2.75523114e+03 3.71872523e+02
1.59090909e-05 1.03535354e-05 1.00000722e+08 -2.65462444e+03 6.70228703e+01
1.64141414e-05 1.03535354e-05 1.00000587e+08 -2.46944438e+03 -2.34065554e+02
1.69191919e-05 1.03535354e-05 1.00000447e+08 -2.20370030e+03 -5.12663255e+02
1.74242424e-05 1.03535354e-05 1.00000315e+08 -1.86866810e+03 -7.51023556e+02
1.79292929e-05 1.03535354e-05 1.00000204e+08 -1.48202575e+03 -9.34689309e+02
1.84343434e-05 1.03535354e-05 1.00000125e+08 -1.06592851e+03 -1.05435688e+03
1.89393939e-05 1.03535354e-05 1.00000087e+08 -6.44380265e+02 -1.10690580e+03
1.94444444e-05 1.03535354e-05 1.00000091e+08 -2.40424518e+02 -1.09541310e+03
1.99494949e-05 1.03535354e-05 1.00000135e+08 1.26309368e+02 -1.02822402e+03
2.04545455e-05 1.03535354e-05 1.00000214e+08 4.41304095e+02 -9.17358534e+02
2.09595960e-05 1.03535354e-05 1.00000318e+08 6.95914795e+02 -7.76636502e+02
2.14646465e-05 1.03535354e-05 1.00000438e+08 8.87233677e+02 -6.19892615e+02
2.19696970e-05 1.03535354e-05 1.00000563e+08 1.01726568e+03 -4.59554186e+02
2.24747475e-05 1.03535354e-05 1.00000685e+08 1.09169987e+03 -3.05719476e+02
2.29797980e-05 1.03535354e-05 1.00000796e+08 1.11855760e+03 -1.65746168e+02
2.34848485e-05 1.03535354e-05 1.00000891e+08 1.10693862e+03 -4.42677733e+01
2.39898990e-05 1.03535354e-05 1.00000967e+08 1.06600312e+03 5.64905812e+01
2.44949495e-05 1.03535354e-05 1.00001024e+08 1.00424603e+03 1.36231879e+02
2.50000000e-05 1.03535354e-05 1.00001060e+08 9.29057433e+02 1.96056828e+02
-2.50000000e-05 1.08585859e-05 9.99995844e+07 -1.72374340e+03 -6.35184990e+01
-2.44949495e-05 1.08585859e-05 9.99993871e+07 -1.93697315e+03 -9.94245244e+01
-2.39898990e-05 1.08585859e-05 9.99991478e+07 -2.18672308e+03 -1.36179457e+02
-2.34848485e-05 1.08585859e-05 9.99988590e+07 -2.47966419e+03 -1.70580290e+02
-2.29797980e-05 1.08585859e-05 9.99985130e+07 -2.82319146e+03 -1.97251354e+02
-2.24747475e-05 1.08585859e-05 9.99981021e+07 -3.22500133e+03 -2.07561671e+02
-2.19696970e-05 1.08585859e-05 9.99976199e+07 -3.69216067e+03 -1.88112250e+02
-2.14646465e-05 1.08585859e-05 9.99970638e+07 -4.22929755e+03 -1.18708847e+02
-2.09595960e-05 1.08585859e-05 9.99964379e+07 -4.83534211e+03 3.01811380e+01
-2.04545455e-05 1.08585859e-05 9.99957587e+07 -5.49799203e+03 3.00262210e+02
-1.99494949e-05 1.08585859e-05 9.99950623e+07 -6.18484197e+03 7.47809414e+02
-1.94444444e-05 1.08585859e-05 9.99944138e+07 -6.83010999e+03 1.44394903e+03
-1.89393939e-05 1.08585859e-05 9.99939176e+07 -7.31661168e+03 2.46954444e+03
-1.84343434e-05 1.08585859e-05 9.99937238e+07 -7.45501624e+03 3.89924204e+03
-1.79292929e-05 1.08585859e-05 9.99940219e+07 -6.96786392e+03 5.76737994e+03
-1.74242424e-05 1.08585859e-05 9.99950080e+07 -5.49544337e+03 8.00970849e+03
-1.69191919e-05 1.08585859e-05 9.99968095e+07 -2.65261997e+03 1.03849417e+04
-1.64141414e-05 1.08585859e-05 9.99993650e+07 1.83020648e+03 1.24062243e+04
-1.59090909e-05 1.08585859e-05 1.00002298e+08 7.87682872e+03 1.33532402e+04
-1.54040404e-05 1.08585859e-05 1.00004892e+08 1.48275157e+04 1.24581521e+04
-1.48989899e-05 1.08585859e-05 1.00006286e+08 2.13963769e+04 9.28746762e+03
-1.43939394e-05 1.08585859e-05 1.00005903e+08 2.60321486e+04 4.13706569e+03
-1.38888889e-05 1.08585859e-05 1.00003832e+08 2.76115941e+04 -1.91316584e+03
-1.33838384e-05 1.08585859e-05 1.00000817e+08 2.59991717e+04 -7.45668660e+03
-1.28787879e-05 1.08585859e-05 9.99978270e+07 2.20214825e+04 -1.14226748e+04
-1.23737374e-05 1.08585859e-05 9.99955699e+07 1.69308225e+04 -1.34423989e+04
-1.18686869e-05 1.08585859e-05 9.99943032e+07 1.18302061e+04 -1.37573760e+04
-1.13636364e-05 1.08585859e-05 9.99939284e+07 7.39577142e+03 -1.28973494e+04
-1.08585859e-05 1.08585859e-05 9.99941875e+07 3.89087707e+03 -1.13997439e+04
-1.03535354e-05 1.08585859e-05 9.99948122e+07 1.30809619e+03 -9.67273586e+03
-9.84848485e-06 1.08585859e-05 9.99955937e+07 -4.89369936e+02 -7.97226313e+03
-9.34343434e-06 1.08585859e-05 9.99963952e+07 -1.67408667e+03 -6.43208673e+03
-8.83838384e-06 1.08585859e-05 9.99971400e+07 -2.40688047e+03 -5.10499022e+03
-8.33333333e-06 1.08585859e-05 9.99977926e+07 -2.81925757e+03 -3.99701466e+03
-7.82828283e-06 1.08585859e-05 9.99983425e+07 -3.01126777e+03 -3.09076008e+03
-7.32323232e-06 1.08585859e-05 9.99987933e+07 -3.05572265e+03 -2.35942113e+03
-6.81818182e-06 1.08585859e-05 9.99991549e+07 -3.00408145e+03 -1.77443920e+03
-6.31313131e-06 1.08585859e-05 9.99994397e+07 -2.89198085e+03 -1.30923170e+03
-5.80808081e-06 1.08585859e-05 9.99996601e+07 -2.74374687e+03 -9.40700408e+02
-5.30303030e-06 1.08585859e-05 9.99998275e+07 -2.57583184e+03 -6.49573225e+02
-4.79797980e-06 1.08585859e-05 9.99999517e+07 -2.39933875e+03 -4.20184009e+02
-4.29292929e-06 1.08585859e-05 1.00000041e+08 -2.22184087e+03 -2.40011982e+02
-3.78787879e-06 1.08585859e-05 1.00000104e+08 -2.04867788e+03 -9.91329307e+01
-3.28282828e-06 1.08585859e-05 1.00000145e+08 -1.88385687e+03 1.03613518e+01
-2.77777778e-06 1.08585859e-05 1.00000170e+08 -1.73062373e+03 9.49644030e+01
-2.27272727e-06 1.08585859e-05 1.00000185e+08 -1.59170979e+03 1.60367049e+02
-1.76767677e-06 1.08585859e-05 1.00000191e+08 -1.46922224e+03 2.12021907e+02
-1.26262626e-06 1.08585859e-05 1.00000193e+08 -1.36417913e+03 2.55513990e+02
-7.57575758e-07 1.08585859e-05 1.00000190e+08 -1.27583858e+03 2.96519349e+02
-2.52525253e-07 1.08585859e-05 1.00000183e+08 -1.20120748e+03 3.40200299e+02
2.52525253e-07 1.08585859e-05 1.00000171e+08 -1.13524582e+03 3.90184788e+02
7.57575758e-07 1.08585859e-05 1.00000154e+08 -1.07203142e+03 4.47674902e+02
1.26262626e-06 1.08585859e-05 1.00000132e+08 -1.00651890e+03 5.11324667e+02
1.76767677e-06 1.08585859e-05 1.00000107e+08 -9.36024483e+02 5.78069985e+02
2.27272727e-06 1.08585859e-05 1.00000083e+08 -8.60738211e+02 6.44438902e+02
2.77777778e-06 1.08585859e-05 1.00000064e+08 -7.83252138e+02 7.07650454e+02
3.28282828e-06 1.08585859e-05 1.00000051e+08 -7.07610831e+02 7.66145995e+02
3.78787879e-06 1.08585859e-05 1.00000047e+08 -6.38380907e+02 8.19632984e+02
4.29292929e-06 1.08585859e-05 1.00000054e+08 -5.79943548e+02 8.68877442e+02
4.79797980e-06 1.08585859e-05 1.00000070e+08 -5.36006060e+02 9.15394443e+02
5.30303030e-06 1.08585859e-05 1.00000095e+08 -5.09302774e+02 9.61077704e+02
5.80808081e-06 1.08585859e-05 1.00000129e+08 -5.01495862e+02 1.00779321e+03
6.31313131e-06 1.08585859e-05 1.00000170e+08 -5.13281422e+02 1.05699945e+03
6.81818182e-06 1.08585859e-05 1.00000218e+08 -5.44649770e+02 1.10946984e+03
7.32323232e-06 1.08585859e-05 1.00000270e+08 -5.95199099e+02 1.16515610e+03
7.82828283e-06 1.08585859e-05 1.00000327e+08 -6.64399283e+02 1.22317615e+03
8.33333333e-06 1.08585859e-05 1.00000389e+08 -7.51740458e+02 1.28187500e+03
8.83838384e-06 1.08585859e-05 1.00000454e+08 -8.56748060e+02 1.33890609e+03
9.34343434e-06 1.08585859e-05 1.00000523e+08 -9.78878363e+02 1.39130143e+03
9.84848485e-06 1.08585859e-05 1.00000594e+08 -1.11732153e+03 1.43552555e+03
1.03535354e-05 1.08585859e-05 1.00000667e+08 -1.27073987e+03 1.46752936e+03
1.08585859e-05 1.08585859e-05 1.00000738e+08 -1.43696684e+03 1.48283298e+03
1.13636364e-05 1.08585859e-05 1.00000806e+08 -1.61269421e+03 1.47667213e+03
1.18686869e-05 1.08585859e-05 1.00000867e+08 -1.79318247e+03 1.44424160e+03
1.23737374e-05 1.08585859e-05 1.00000916e+08 -1.97204293e+03 1.38106114e+03
1.28787879e-05 1.08585859e-05 1.00000950e+08 -2.14115510e+03 1.28347216e+03
1.33838384e-05 1.08585859e-05 1.00000964e+08 -2.29079340e+03 1.14924560e+03
1.38888889e-05 1.08585859e-05 1.00000954e+08 -2.41003463e+03 9.78243707e+02
1.43939394e-05 1.08585859e-05 1.00000917e+08 -2.48749365e+03 7.73034845e+02
1.48989899e-05 1.08585859e-05 1.00000854e+08 -2.51238209e+03 5.39324192e+02
1.54040404e-05 1.08585859e-05 1.00000767e+08 -2.47580728e+03 2.86048748e+02
1.59090909e-05 1.08585859e-05 1.00000659e+08 -2.37213974e+03 2.50107836e+01
1.64141414e-05 1.08585859e-05 1.00000540e+08 -2.20020445e+03 -2.30002737e+02
1.69191919e-05 1.08585859e-05 1.00000418e+08 -1.96402748e+03 -4.64554065e+02
1.74242424e-05 1.08585859e-05 1.00000303e+08 -1.67291774e+03 -6.65157002e+02
1.79292929e-05 1.08585859e-05 1.00000207e+08 -1.34078658e+03 -8.20869220e+02
1.84343434e-05 1.08585859e-05 1.00000137e+08 -9.84774307e+02 -9.24570994e+02
1.89393939e-05 1.08585859e-05 1.00000100e+08 -6.23413328e+02 -9.73685789e+02
1.94444444e-05 1.08585859e-05 1.00000098e+08 -2.74658700e+02 -9.70224933e+02
1.99494949e-05 1.08585859e-05 1.00000129e+08 4.58709077e+01 -9.20191705e+02
2.04545455e-05 1.08585859e-05 1.00000189e+08 3.26173064e+02 -8.32511086e+02
2.09595960e-05 1.08585859e-05 1.00000273e+08 5.58522497e+02 -7.17724866e+02
2.14646465e-05 1.08585859e-05 1.00000372e+08 7.39512932e+02 -5.86697173e+02
2.19696970e-05 1.08585859e-05 1.00000478e+08 8.69591559e+02 -4.49525107e+02
2.24747475e-05 1.08585859e-05 1.00000584e+08 9.52260941e+02 -3.14768940e+02
2.29797980e-05 1.08585859e-05 1.00000684e+08 9.93135280e+02 -1.89033282e+02
2.34848485e-05 1.08585859e-05 1.00000772e+08 9.99011071e+02 -7.68646156e+01
2.39898990e-05 1.08585859e-05 1.00000847e+08 9.77063977e+02 1.91092332e+01
2.44949495e-05 1.08585859e-05 1.00000905e+08 9.34231177e+02 9.78858946e+01
2.50000000e-05 1.08585859e-05 1.00000948e+08 8.76793368e+02 1.59723715e+02
-2.50000000e-05 1.13636364e-05 9.99999011e+07 -1.68750666e+03 4.05353579e+01
-2.44949495e-05 1.13636364e-05 9.99997313e+07 -1.89675037e+03 9.92775270e-01
-2.39898990e-05 1.13636364e-05 9.99995183e+07 -2.14410030e+03 -4.41261485e+01
-2.34848485e-05 1.13636364e-05 9.99992526e+07 -2.43775307e+03 -9.34771645e+01
-2.29797980e-05 1.13636364e-05 9.99989227e+07 -2.78751719e+03 -1.44054716e+02
-2.24747475e-05 1.13636364e-05 9.99985160e+07 -3.20481829e+03 -1.90123967e+02
-2.19696970e-05 1.13636364e-05 9.99980190e+07 -3.70234997e+03 -2.21588686e+02
-2.14646465e-05 1.13636364e-05 9.99974190e+07 -4.29299946e+03 -2.21564121e+02
-2.09595960e-05 1.13636364e-05 9.99967073e+07 -4.98739320e+03 -1.62904211e+02
-2.04545455e-05 1.13636364e-05 9.99958843e+07 -5.78896069e+03 -3.52136274e+00
-1.99494949e-05 1.13636364e-05 9.99949687e+07 -6.68478420e+03 3.19295573e+02
-1.94444444e-05 1.13636364e-05 9.99940114e+07 -7.62978558e+03 8.94386775e+02
-1.89393939e-05 1.13636364e-05 9.99931135e+07 -8.52144781e+03 1.83875948e+03
-1.84343434e-05 1.13636364e-05 9.99924486e+07 -9.16353008e+03 3.28897382e+03
-1.79292929e-05 1.13636364e-05 9.99922758e+07 -9.22282702e+03 5.36889753e+03
-1.74242424e-05 1.13636364e-05 9.99929250e+07 -8.19743551e+03 8.11546688e+03
-1.69191919e-05 1.13636364e-05 9.99947159e+07 -5.44228132e+03 1.13478499e+04
-1.64141414e-05 1.13636364e-05 9.99977729e+07 -3.31418840e+02 1.44980572e+04
-1.59090909e-05 1.13636364e-05 1.00001748e+08 7.36385476e+03 1.65069184e+04
-1.54040404e-05 1.13636364e-05 1.00005619e+08 1.69323183e+04 1.60076804e+04
-1.48989899e-05 1.13636364e-05 1.00007889e+08 2.63933873e+04 1.19987815e+04
-1.43939394e-05 1.13636364e-05 1.00007407e+08 3.30082827e+04 4.76881299e+03
-1.38888889e-05 1.13636364e-05 1.00004281e+08 3.47347269e+04 -3.80823730e+03
-1.33838384e-05 1.13636364e-05 9.99999068e+07 3.15065734e+04 -1.12362999e+04
-1.28787879e-05 1.13636364e-05 9.99959711e+07 2.50684870e+04 -1.58519595e+04
-1.23737374e-05 1.13636364e-05 9.99934667e+07 1.76696463e+04 -1.74300111e+04
-1.18686869e-05 1.13636364e-05 9.99925065e+07 1.09476090e+04 -1.67303939e+04
-1.13636364e-05 1.13636364e-05 9.99926981e+07 5.63902788e+03 -1.47589166e+04
-1.08585859e-05 1.13636364e-05 9.99935462e+07 1.82777257e+03 -1.23201005e+04
-1.03535354e-05 1.13636364e-05 9.99946591e+07 -7.15043986e+02 -9.90696967e+03
-9.84848485e-06 1.13636364e-05 9.99957921e+07 -2.30039694e+03 -7.75937611e+03
-9.34343434e-06 1.13636364e-05 9.99968189e+07 -3.21175407e+03 -5.95802366e+03
-8.83838384e-06 1.13636364e-05 9.99976902e+07 -3.67059792e+03 -4.49969982e+03
-8.33333333e-06 1.13636364e-05 9.99983989e+07 -3.83661336e+03 -3.34457628e+03
-7.82828283e-06 1.13636364e-05 9.99989588e+07 -3.81955779e+03 -2.44192469e+03
-7.32323232e-06 1.13636364e-05 9.99993910e+07 -3.69254570e+03 -1.74241479e+03
-6.81818182e-06 1.13636364e-05 9.99997179e+07 -3.50317684e+03 -1.20303946e+03
-6.31313131e-06 1.13636364e-05 9.99999600e+07 -3.28184618e+03 -7.88365639e+02
-5.80808081e-06 1.13636364e-05 1.00000135e+08 -3.04760294e+03 -4.70149106e+02
-5.30303030e-06 1.13636364e-05 1.00000257e+08 -2.81216011e+03 -2.26351204e+02
-4.79797980e-06 1.13636364e-05 1.00000337e+08 -2.58260427e+03 -4.00430600e+01
-4.29292929e-06 1.13636364e-05 1.00000385e+08 -2.36323119e+03 1.01607592e+02
-3.78787879e-06 1.13636364e-05 1.00000410e+08 -2.15680859e+03 2.08221382e+02
-3.28282828e-06 1.13636364e-05 1.00000415e+08 -1.96545773e+03 2.86997032e+02
-2.77777778e-06 1.13636364e-05 1.00000409e+08 -1.79124194e+03 3.43478335e+02
-2.27272727e-06 1.13636364e-05 1.00000394e+08 -1.63643952e+03 3.82371240e+02
-1.76767677e-06 1.13636364e-05 1.00000375e+08 -1.50337222e+03 4.08414231e+02
-1.26262626e-06 1.13636364e-05 1.00000356e+08 -1.39363216e+03 4.27127272e+02
-7.57575758e-07 1.13636364e-05 1.00000336e+08 -1.30675105e+03 4.45018027e+02
-2.52525253e-07 1.13636364e-05 1.00000316e+08 -1.23887914e+03 4.68755174e+02
2.52525253e-07 1.13636364e-05 1.00000293e+08 -1.18258219e+03 5.03309981e+02
7.57575758e-07 1.13636364e-05 1.00000265e+08 -1.12861231e+03 5.50064928e+02
1.26262626e-06 1.13636364e-05 1.00000234e+08 -1.06908351e+03 6.06381687e+02
1.76767677e-06 1.13636364e-05 1.00000201e+08 -1.00011412e+03 6.67130982e+02
2.27272727e-06 1.13636364e-05 1.00000171e+08 -9.22404541e+02 7.27050990e+02
2.77777778e-06 1.13636364e-05 1.00000148e+08 -8.39991896e+02 7.82396230e+02
3.28282828e-06 1.13636364e-05 1.00000135e+08 -7.58501104e+02 8.31372840e+02
3.78787879e-06 1.13636364e-05 1.00000134e+08 -6.83826718e+02 8.73853359e+02
4.29292929e-06 1.13636364e-05 1.00000144e+08 -6.21339660e+02 9.10955117e+02
4.79797980e-06 1.13636364e-05 1.00000166e+08 -5.75363684e+02 9.44657791e+02
5.30303030e-06 1.13636364e-05 1.00000197e+08 -5.48807612e+02 9.77370252e+02
5.80808081e-06 1.13636364e-05 1.00000236e+08 -5.43036619e+02 1.01140270e+03
6.31313131e-06 1.13636364e-05 1.00000281e+08 -5.58060674e+02 1.04845404e+03
6.81818182e-06 1.13636364e-05 1.00000331e+08 -5.92969328e+02 1.08927175e+03
7.32323232e-06 1.13636364e-05 1.00000383e+08 -6.46429027e+02 1.13355391e+03
7.82828283e-06 1.13636364e-05 1.00000437e+08 -7.17069378e+02 1.18004503e+03
8.33333333e-06 1.13636364e-05 1.00000493e+08 -8.03674848e+02 1.22672102e+03
8.83838384e-06 1.13636364e-05 1.00000551e+08 -9.05187141e+02 1.27097341e+03
9.34343434e-06 1.13636364e-05 1.00000610e+08 -1.02056899e+03 1.30974994e+03
9.84848485e-06 1.13636364e-05 1.00000669e+08 -1.14858597e+03 1.33965195e+03
1.03535354e-05 1.13636364e-05 1.00000727e+08 -1.28755076e+03 1.35701388e+03
1.08585859e-05 1.13636364e-05 1.00000782e+08 -1.43506160e+03 1.35799878e+03
1.13636364e-05 1.13636364e-05 1.00000832e+08 -1.58776085e+03 1.33874238e+03
1.18686869e-05 1.13636364e-05 1.00000875e+08 -1.74114179e+03 1.29557068e+03
1.23737374e-05 1.13636364e-05 1.00000906e+08 -1.88943888e+03 1.22530438e+03
1.28787879e-05 1.13636364e-05 1.00000922e+08 -2.02564395e+03 1.12564680e+03
1.33838384e-05 1.13636364e-05 1.00000921e+08 -2.14169375e+03 9.95629941e+02
1.38888889e-05 1.13636364e-05 1.00000899e+08 -2.22886656e+03 8.36067501e+02
1.43939394e-05 1.13636364e-05 1.00000856e+08 -2.27840317e+03 6.49938258e+02
1.48989899e-05 1.13636364e-05 1.00000791e+08 -2.28232885e+03 4.42605575e+02
1.54040404e-05 1.13636364e-05 1.00000708e+08 -2.23440180e+03 2.21778871e+02
1.59090909e-05 1.13636364e-05 1.00000609e+08 -2.13106074e+03 -2.85170788e+00
1.64141414e-05 1.13636364e-05 1.00000503e+08 -1.97220715e+03 -2.20323119e+02
1.69191919e-05 1.13636364e-05 1.00000396e+08 -1.76165232e+03 -4.19392687e+02
1.74242424e-05 1.13636364e-05 1.00000296e+08 -1.50709913e+03 -5.89685228e+02
1.79292929e-05 1.13636364e-05 1.00000211e+08 -1.21960831e+03 -7.22809942e+02
1.84343434e-05 1.13636364e-05 1.00000149e+08 -9.12603108e+02 -8.13252378e+02
1.89393939e-05 1.13636364e-05 1.00000113e+08 -6.00563358e+02 -8.58885530e+02
1.94444444e-05 1.13636364e-05 1.00000106e+08 -2.97622801e+02 -8.61022495e+02
1.99494949e-05 1.13636364e-05 1.00000127e+08 -1.62934089e+01 -8.24027929e+02
2.04545455e-05 1.13636364e-05 1.00000174e+08 2.33501383e+02 -7.54589157e+02
2.09595960e-05 1.13636364e-05 1.00000240e+08 4.44979924e+02 -6.60799154e+02
2.14646465e-05 1.13636364e-05 1.00000322e+08 6.14625428e+02 -5.51214173e+02
2.19696970e-05 1.13636364e-05 1.00000411e+08 7.41937606e+02 -4.34023684e+02
2.24747475e-05 1.13636364e-05 1.00000503e+08 8.28919592e+02 -3.16422940e+02
2.29797980e-05 1.13636364e-05 1.00000592e+08 8.79423630e+02 -2.04225196e+02
2.34848485e-05 1.13636364e-05 1.00000673e+08 8.98469129e+02 -1.01704321e+02
2.39898990e-05 1.13636364e-05 1.00000744e+08 8.91619996e+02 -1.16269644e+01
2.44949495e-05 1.13636364e-05 1.00000802e+08 8.64475010e+02 6.45818098e+01
2.50000000e-05 1.13636364e-05 1.00000847e+08 8.22293707e+02 1.26596717e+02
-2.50000000e-05 1.18686869e-05 1.00000259e+08 -1.65299731e+03 1.80327237e+02
-2.44949495e-05 1.18686869e-05 1.00000129e+08 -1.85490934e+03 1.44997596e+02
-2.39898990e-05 1.18686869e-05 9.99999592e+07 -2.09489032e+03 1.00724883e+02
-2.34848485e-05 1.18686869e-05 9.99997372e+07 -2.38209149e+03 4.69726625e+01
-2.29797980e-05 1.18686869e-05 9.99994496e+07 -2.72804065e+03 -1.58743037e+01
-2.24747475e-05 1.18686869e-05 9.99990792e+07 -3.14712141e+03 -8.56398120e+01
-2.19696970e-05 1.18686869e-05 9.99986058e+07 -3.65694816e+03 -1.56887256e+02
-2.14646465e-05 1.18686869e-05 9.99980062e+07 -4.27835841e+03 -2.18499526e+02
-2.09595960e-05 1.18686869e-05 9.99972560e+07 -5.03443858e+03 -2.49800340e+02
-2.04545455e-05 1.18686869e-05 9.99963341e+07 -5.94743187e+03 -2.14561320e+02
-1.99494949e-05 1.18686869e-05 9.99952304e+07 -7.03138326e+03 -5.22375670e+01
-1.94444444e-05 1.18686869e-05 9.99939623e+07 -8.27679016e+03 3.33708809e+02
-1.89393939e-05 1.18686869e-05 9.99926004e+07 -9.62138950e+03 1.08866704e+03
-1.84343434e-05 1.18686869e-05 9.99913077e+07 -1.08994229e+04 2.41437262e+03
-1.79292929e-05 1.18686869e-05 9.99903865e+07 -1.17635501e+04 4.55441361e+03
-1.74242424e-05 1.18686869e-05 9.99903122e+07 -1.15873755e+04 7.72437413e+03
-1.69191919e-05 1.18686869e-05 9.99916931e+07 -9.39819367e+03 1.19358319e+04
-1.64141414e-05 1.18686869e-05 9.99950522e+07 -3.97617311e+03 1.66753802e+04
-1.59090909e-05 1.18686869e-05 1.00000327e+08 5.63672058e+03 2.05196195e+04
-1.54040404e-05 1.18686869e-05 1.00006217e+08 1.90376571e+04 2.10908997e+04
-1.48989899e-05 1.18686869e-05 1.00010101e+08 3.32654517e+04 1.60938173e+04
-1.43939394e-05 1.18686869e-05 1.00009524e+08 4.32121918e+04 5.50911139e+03
-1.38888889e-05 1.18686869e-05 1.00004550e+08 4.48326755e+04 -7.19953786e+03
-1.33838384e-05 1.18686869e-05 9.99980122e+07 3.84080746e+04 -1.72734494e+04
-1.28787879e-05 1.18686869e-05 9.99929603e+07 2.78239134e+04 -2.21690745e+04
-1.23737374e-05 1.18686869e-05 9.99905979e+07 1.71559221e+04 -2.23879482e+04
-1.18686869e-05 1.18686869e-05 9.99904898e+07 8.60999128e+03 -1.98313909e+04
-1.13636364e-05 1.18686869e-05 9.99916688e+07 2.65308349e+03 -1.62343641e+04
-1.08585859e-05 1.18686869e-05 9.99933311e+07 -1.10964731e+03 -1.26447944e+04
-1.03535354e-05 1.18686869e-05 9.99950012e+07 -3.28675532e+03 -9.52821348e+03
-9.84848485e-06 1.18686869e-05 9.99964623e+07 -4.41514582e+03 -7.00842009e+03
-9.34343434e-06 1.18686869e-05 9.99976492e+07 -4.88880079e+03 -5.05034414e+03
-8.83838384e-06 1.18686869e-05 9.99985704e+07 -4.97210077e+03 -3.56301219e+03
-8.33333333e-06 1.18686869e-05 9.99992632e+07 -4.83367559e+03 -2.44798183e+03
-7.82828283e-06 1.18686869e-05 9.99997714e+07 -4.57756970e+03 -1.61827361e+03
-7.32323232e-06 1.18686869e-05 1.00000135e+08 -4.26630024e+03 -1.00341815e+03
-6.81818182e-06 1.18686869e-05 1.00000389e+08 -3.93641951e+03 -5.48788132e+02
-6.31313131e-06 1.18686869e-05 1.00000559e+08 -3.60854793e+03 -2.13051793e+02
-5.80808081e-06 1.18686869e-05 1.00000666e+08 -3.29368946e+03 3.46206098e+01
-5.30303030e-06 1.18686869e-05 1.00000726e+08 -2.99716463e+03 2.16998600e+02
-4.79797980e-06 1.18686869e-05 1.00000751e+08 -2.72106331e+03 3.50732268e+02
-4.29292929e-06 1.18686869e-05 1.00000749e+08 -2.46580574e+03 4.47823255e+02
-3.78787879e-06 1.18686869e-05 1.00000728e+08 -2.23119068e+03 5.16725805e+02
-3.28282828e-06 1.18686869e-05 1.00000693e+08 -2.01716692e+03 5.63211219e+02
-2.77777778e-06 1.18686869e-05 1.00000649e+08 -1.82444388e+03 5.91161911e+02
-2.27272727e-06 1.18686869e-05 1.00000600e+08 -1.65490689e+03 6.03491254e+02
-1.76767677e-06 1.18686869e-05 1.00000552e+08 -1.51158426e+03 6.03350450e+02
-1.26262626e-06 1.18686869e-05 1.00000507e+08 -1.39768707e+03 5.95537978e+02
-7.57575758e-07 1.18686869e-05 1.00000468e+08 -1.31433104e+03 5.87444368e+02
-2.52525253e-07 1.18686869e-05 1.00000433e+08 -1.25750417e+03 5.88258107e+02
2.52525253e-07 1.18686869e-05 1.00000398e+08 -1.21654943e+03 6.05672906e+02
7.57575758e-07 1.18686869e-05 1.00000358e+08 -1.17680438e+03 6.41764817e+02
1.26262626e-06 1.18686869e-05 1.00000315e+08 -1.12579619e+03 6.91741114e+02
1.76767677e-06 1.18686869e-05 1.00000273e+08 -1.05830841e+03 7.47091528e+02
2.27272727e-06 1.18686869e-05 1.00000238e+08 -9.76647396e+02 8.00165583e+02
2.77777778e-06 1.18686869e-05 1.00000214e+08 -8.87433108e+02 8.46517479e+02
3.28282828e-06 1.18686869e-05 1.00000204e+08 -7.98434238e+02 8.84633372e+02
3.78787879e-06 1.18686869e-05 1.00000209e+08 -7.17024828e+02 9.14849955e+02
4.29292929e-06 1.18686869e-05 1.00000226e+08 -6.49649484e+02 9.38716582e+02
4.79797980e-06 1.18686869e-05 1.00000255e+08 -6.01363875e+02 9.58746091e+02
5.30303030e-06 1.18686869e-05 1.00000294e+08 -5.75279426e+02 9.78022319e+02
5.80808081e-06 1.18686869e-05 1.00000339e+08 -5.72300130e+02 9.99480336e+02
6.31313131e-06 1.18686869e-05 1.00000388e+08 -5.91436747e+02 1.02514184e+03
6.81818182e-06 1.18686869e-05 1.00000439e+08 -6.30558627e+02 1.05567186e+03
7.32323232e-06 1.18686869e-05 1.00000490e+08 -6.87198180e+02 1.09037217e+03
7.82828283e-06 1.18686869e-05 1.00000540e+08 -7.59101893e+02 1.12746906e+03
8.33333333e-06 1.18686869e-05 1.00000589e+08 -8.44440203e+02 1.16447951e+03
8.83838384e-06 1.18686869e-05 1.00000638e+08 -9.41747976e+02 1.19851161e+03
9.34343434e-06 1.18686869e-05 1.00000685e+08 -1.04971406e+03 1.22645710e+03
9.84848485e-06 1.18686869e-05 1.00000731e+08 -1.16691568e+03 1.24509954e+03
1.03535354e-05 1.18686869e-05 1.00000775e+08 -1.29155471e+03 1.25118507e+03
1.08585859e-05 1.18686869e-05 1.00000815e+08 -1.42122458e+03 1.24150013e+03
1.13636364e-05 1.18686869e-05 1.00000850e+08 -1.55272508e+03 1.21298862e+03
1.18686869e-05 1.18686869e-05 1.00000876e+08 -1.68194105e+03 1.16292744e+03
1.23737374e-05 1.18686869e-05 1.00000892e+08 -1.80380601e+03 1.08916489e+03
1.28787879e-05 1.18686869e-05 1.00000894e+08 -1.91237581e+03 9.90412180e+02
1.33838384e-05 1.18686869e-05 1.00000881e+08 -2.00103715e+03 8.66561649e+02
1.38888889e-05 1.18686869e-05 1.00000851e+08 -2.06286781e+03 7.18988970e+02
1.43939394e-05 1.18686869e-05 1.00000803e+08 -2.09114712e+03 5.50782357e+02
1.48989899e-05 1.18686869e-05 1.00000738e+08 -2.07998805e+03 3.66835135e+02
1.54040404e-05 1.18686869e-05 1.00000659e+08 -2.02502925e+03 1.73743699e+02
1.59090909e-05 1.18686869e-05 1.00000569e+08 -1.92409460e+03 -2.05252987e+01
1.64141414e-05 1.18686869e-05 1.00000474e+08 -1.77770942e+03 -2.07197199e+02
1.69191919e-05 1.18686869e-05 1.00000379e+08 -1.58936530e+03 -3.77432681e+02
1.74242424e-05 1.18686869e-05 1.00000291e+08 -1.36545562e+03 -5.23158609e+02
1.79292929e-05 1.18686869e-05 1.00000216e+08 -1.11485711e+03 -6.37862897e+02
1.84343434e-05 1.18686869e-05 1.00000159e+08 -8.48198267e+02 -7.17226178e+02
1.89393939e-05 1.18686869e-05 1.00000125e+08 -5.76916344e+02 -7.59488942e+02
1.94444444e-05 1.18686869e-05 1.00000115e+08 -3.12243668e+02 -7.65502368e+02
1.99494949e-05 1.18686869e-05 1.00000129e+08 -6.42719315e+01 -7.38471018e+02
2.04545455e-05 1.18686869e-05 1.00000164e+08 1.58781161e+02 -6.83449739e+02
2.09595960e-05 1.18686869e-05 1.00000217e+08 3.51025618e+02 -6.06692766e+02
2.14646465e-05 1.18686869e-05 1.00000284e+08 5.09051935e+02 -5.14964045e+02
2.19696970e-05 1.18686869e-05 1.00000359e+08 6.31812340e+02 -4.14905816e+02
2.24747475e-05 1.18686869e-05 1.00000438e+08 7.20295383e+02 -3.12534724e+02
2.29797980e-05 1.18686869e-05 1.00000516e+08 7.77075006e+02 -2.12900676e+02
2.34848485e-05 1.18686869e-05 1.00000590e+08 8.05813830e+02 -1.19911802e+02
2.39898990e-05 1.18686869e-05 1.00000656e+08 8.10786354e+02 -3.63048550e+01
2.44949495e-05 1.18686869e-05 1.00000712e+08 7.96467378e+02 3.62735140e+01
2.50000000e-05 1.18686869e-05 1.00000758e+08 7.67209833e+02 9.71135725e+01
-2.50000000e-05 1.23737374e-05 1.00000647e+08 -1.62785131e+03 3.53565769e+02
-2.44949495e-05 1.23737374e-05 1.00000570e+08 -1.82073528e+03 3.31349021e+02
-2.39898990e-05 1.23737374e-05 1.00000459e+08 -2.05023275e+03 2.98957218e+02
-2.34848485e-05 1.23737374e-05 1.00000302e+08 -2.32577418e+03 2.54327527e+02
-2.29797980e-05 1.23737374e-05 1.00000085e+08 -2.65967563e+03 1.95492402e+02
-2.24747475e-05 1.23737374e-05 9.99997883e+07 -3.06804200e+03 1.21092147e+02
-2.19696970e-05 1.23737374e-05 9.99993865e+07 -3.57186339e+03 3.13869582e+01
-2.14646465e-05 1.23737374e-05 9.99988477e+07 -4.19820703e+03 -6.98378108e+01
-2.09595960e-05 1.23737374e-05 9.99981327e+07 -4.98117495e+03 -1.71808030e+02
-2.04545455e-05 1.23737374e-05 9.99971961e+07 -5.96177427e+03 -2.50663545e+02
-1.99494949e-05 1.23737374e-05 9.99959911e+07 -7.18473470e+03 -2.59116933e+02
-1.94444444e-05 1.23737374e-05 9.99944824e+07 -8.68809487e+03 -1.09805452e+02
-1.89393939e-05 1.23737374e-05 9.99926736e+07 -1.04773338e+04 3.49323540e+02
-1.84343434e-05 1.23737374e-05 9.99906585e+07 -1.24694161e+04 1.36585229e+03
-1.79292929e-05 1.23737374e-05 9.99887067e+07 -1.43848049e+04 3.30697364e+03
-1.74242424e-05 1.23737374e-05 9.99873773e+07 -1.55659046e+04 6.63620642e+03
-1.69191919e-05 1.23737374e-05 9.99876065e+07 -1.47356416e+04 1.17495529e+04
-1.64141414e-05 1.23737374e-05 9.99905958e+07 -9.84200224e+03 1.85137849e+04
-1.59090909e-05 1.23737374e-05 9.99971511e+07 1.54836265e+03 2.53861328e+04
-1.54040404e-05 1.23737374e-05 1.00006169e+08 2.04379381e+04 2.85128314e+04
-1.48989899e-05 1.23737374e-05 1.00013210e+08 4.29468096e+04 2.26722583e+04
-1.43939394e-05 1.23737374e-05 1.00012652e+08 5.90136323e+04 6.33178633e+03
-1.38888889e-05 1.23737374e-05 1.00004182e+08 5.96709011e+04 -1.36029353e+04
-1.33838384e-05 1.23737374e-05 9.99941588e+07 4.65948687e+04 -2.71905619e+04
-1.28787879e-05 1.23737374e-05 9.99882200e+07 2.90211810e+04 -3.09723216e+04
-1.23737374e-05 1.23737374e-05 9.99870531e+07 1.41243384e+04 -2.79844048e+04
-1.18686869e-05 1.23737374e-05 9.99887229e+07 4.05630545e+03 -2.23740825e+04
-1.13636364e-05 1.23737374e-05 9.99913703e+07 -1.85092528e+03 -1.66867578e+04
-1.08585859e-05 1.23737374e-05 9.99939686e+07 -4.92769052e+03 -1.19267051e+04
-1.03535354e-05 1.23737374e-05 9.99961255e+07 -6.28971727e+03 -8.27380803e+03
-9.84848485e-06 1.23737374e-05 9.99977731e+07 -6.68483190e+03 -5.59018793e+03
-9.34343434e-06 1.23737374e-05 9.99989714e+07 -6.56721794e+03 -3.66279094e+03
-8.83838384e-06 1.23737374e-05 9.99998134e+07 -6.19847045e+03 -2.29474728e+03
-8.33333333e-06 1.23737374e-05 1.00000388e+08 -5.72391592e+03 -1.32971105e+03
-7.82828283e-06 1.23737374e-05 1.00000767e+08 -5.22152001e+03 -6.51345196e+02
-7.32323232e-06 1.23737374e-05 1.00001006e+08 -4.73114192e+03 -1.75716537e+02
-6.81818182e-06 1.23737374e-05 1.00001145e+08 -4.27146932e+03 1.56860922e+02
-6.31313131e-06 1.23737374e-05 1.00001214e+08 -3.84965962e+03 3.88575578e+02
-5.80808081e-06 1.23737374e-05 1.00001233e+08 -3.46677758e+03 5.49182183e+02
-5.30303030e-06 1.23737374e-05 1.00001218e+08 -3.12084607e+03 6.59621564e+02
-4.79797980e-06 1.23737374e-05 1.00001178e+08 -2.80856224e+03 7.34531607e+02
-4.29292929e-06 1.23737374e-05 1.00001120e+08 -2.52629453e+03 7.83945535e+02
-3.78787879e-06 1.23737374e-05 1.00001049e+08 -2.27073580e+03 8.14413008e+02
-3.28282828e-06 1.23737374e-05 1.00000970e+08 -2.03946001e+03 8.29745399e+02
-2.77777778e-06 1.23737374e-05 1.00000885e+08 -1.83154534e+03 8.31608549e+02
-2.27272727e-06 1.23737374e-05 1.00000798e+08 -1.64829706e+03 8.20284336e+02
-1.76767677e-06 1.23737374e-05 1.00000715e+08 -1.49378450e+03 7.96053855e+02
-1.26262626e-06 1.23737374e-05 1.00000641e+08 -1.37427272e+03 7.61555724e+02
-7.57575758e-07 1.23737374e-05 1.00000578e+08 -1.29502464e+03 7.24520513e+02
-2.52525253e-07 1.23737374e-05 1.00000526e+08 -1.25398040e+03 6.98191075e+02
2.52525253e-07 1.23737374e-05 1.00000477e+08 -1.23630202e+03 6.95928948e+02
7.57575758e-07 1.23737374e-05 1.00000424e+08 -1.21772945e+03 7.21830009e+02
1.26262626e-06 1.23737374e-05 1.00000368e+08 -1.17776747e+03 7.67066135e+02
1.76767677e-06 1.23737374e-05 1.00000316e+08 -1.11032516e+03 8.17183969e+02
2.27272727e-06 1.23737374e-05 1.00000279e+08 -1.02201509e+03 8.61705498e+02
2.77777778e-06 1.23737374e-05 1.00000259e+08 -9.23875404e+02 8.96752845e+02
3.28282828e-06 1.23737374e-05 1.00000258e+08 -8.26027614e+02 9.22221992e+02
3.78787879e-06 1.23737374e-05 1.00000272e+08 -7.36945527e+02 9.39116680e+02
4.29292929e-06 1.23737374e-05 1.00000301e+08 -6.64089290e+02 9.49113520e+02
4.79797980e-06 1.23737374e-05 1.00000341e+08 -6.13542839e+02 9.55100154e+02
5.30303030e-06 1.23737374e-05 1.00000390e+08 -5.88807924e+02 9.61024959e+02
5.80808081e-06 1.23737374e-05 1.00000442e+08 -5.90106422e+02 9.70734025e+02
6.31313131e-06 1.23737374e-05 1.00000496e+08 -6.14939840e+02 9.86655715e+02
6.81818182e-06 1.23737374e-05 1.00000547e+08 -6.59475496e+02 1.00919604e+03
7.32323232e-06 1.23737374e-05 1.00000594e+08 -7.19870901e+02 1.03696620e+03
7.82828283e-06 1.23737374e-05 1.00000638e+08 -7.93008386e+02 1.06742478e+03
8.33333333e-06 1.23737374e-05 1.00000678e+08 -8.76631356e+02 1.09750140e+03
8.83838384e-06 1.23737374e-05 1.00000716e+08 -9.69121865e+02 1.12400540e+03
9.34343434e-06 1.23737374e-05 1.00000751e+08 -1.06915191e+03 1.14382270e+03
9.84848485e-06 1.23737374e-05 1.00000785e+08 -1.17534346e+03 1.15398363e+03
1.03535354e-05 1.23737374e-05 1.00000815e+08 -1.28599000e+03 1.15168514e+03
1.08585859e-05 1.23737374e-05 1.00000840e+08 -1.39885009e+03 1.13432443e+03
1.13636364e-05 1.23737374e-05 1.00000861e+08 -1.51101183e+03 1.09957433e+03
1.18686869e-05 1.23737374e-05 1.00000873e+08 -1.61882891e+03 1.04551148e+03
1.23737374e-05 1.23737374e-05 1.00000875e+08 -1.71793576e+03 9.70794035e+02
1.28787879e-05 1.23737374e-05 1.00000867e+08 -1.80335365e+03 8.74874299e+02
1.33838384e-05 1.23737374e-05 1.00000844e+08 -1.86969908e+03 7.58220807e+02
1.38888889e-05 1.23737374e-05 1.00000808e+08 -1.91149916e+03 6.22514936e+02
1.43939394e-05 1.23737374e-05 1.00000758e+08 -1.92360515e+03 4.70780238e+02
1.48989899e-05 1.23737374e-05 1.00000694e+08 -1.90167635e+03 3.07401747e+02
1.54040404e-05 1.23737374e-05 1.00000619e+08 -1.84268595e+03 1.38000023e+02
1.59090909e-05 1.23737374e-05 1.00000537e+08 -1.74538229e+03 -3.08578884e+01
1.64141414e-05 1.23737374e-05 1.00000450e+08 -1.61063085e+03 -1.92102160e+02
1.69191919e-05 1.23737374e-05 1.00000365e+08 -1.44156770e+03 -3.38719564e+02
1.74242424e-05 1.23737374e-05 1.00000287e+08 -1.24351747e+03 -4.64361739e+02
1.79292929e-05 1.23737374e-05 1.00000220e+08 -1.02366458e+03 -5.63918384e+02
1.84343434e-05 1.23737374e-05 1.00000169e+08 -7.90508697e+02 -6.33970798e+02
1.89393939e-05 1.23737374e-05 1.00000136e+08 -5.53173965e+02 -6.73058742e+02
1.94444444e-05 1.23737374e-05 1.00000124e+08 -3.20666493e+02 -6.81725640e+02
1.99494949e-05 1.23737374e-05 1.00000131e+08 -1.01180431e+02 -6.62345689e+02
2.04545455e-05 1.23737374e-05 1.00000158e+08 9.84613990e+01 -6.18772111e+02
2.09595960e-05 1.23737374e-05 1.00000200e+08 2.73175482e+02 -5.55870525e+02
2.14646465e-05 1.23737374e-05 1.00000255e+08 4.19773421e+02 -4.79011073e+02
2.19696970e-05 1.23737374e-05 1.00000318e+08 5.36919024e+02 -3.93587777e+02
2.24747475e-05 1.23737374e-05 1.00000386e+08 6.24925809e+02 -3.04617395e+02
2.29797980e-05 1.23737374e-05 1.00000454e+08 6.85448130e+02 -2.16448336e+02
2.34848485e-05 1.23737374e-05 1.00000520e+08 7.21121436e+02 -1.32588480e+02
2.39898990e-05 1.23737374e-05 1.00000581e+08 7.35200433e+02 -5.56430307e+01
2.44949495e-05 1.23737374e-05 1.00000635e+08 7.31231733e+02 1.26581511e+01
2.50000000e-05 1.23737374e-05 1.00000680e+08 7.12783591e+02 7.13696044e+01
-2.50000000e-05 1.28787879e-05 1.00001050e+08 -1.62004651e+03 5.54323047e+02
-2.44949495e-05 1.28787879e-05 1.00001035e+08 -1.80439294e+03 5.54188122e+02
-2.39898990e-05 1.28787879e-05 1.00000997e+08 -2.02300379e+03 5.45346451e+02
-2.34848485e-05 1.28787879e-05 1.00000925e+08 -2.28496237e+03 5.24954005e+02
-2.29797980e-05 1.28787879e-05 1.00000806e+08 -2.60241410e+03 4.89562413e+02
-2.24747475e-05 1.28787879e-05 1.00000621e+08 -2.99174825e+03 4.35205867e+02
-2.19696970e-05 1.28787879e-05 1.00000344e+08 -3.47523919e+03 3.57769528e+02
-2.14646465e-05 1.28787879e-05 9.99999374e+07 -4.08327152e+03 2.53959904e+02
-2.09595960e-05 1.28787879e-05 9.99993534e+07 -4.85720533e+03 1.23503248e+02
-2.04545455e-05 1.28787879e-05 9.99985264e+07 -5.85266171e+03 -2.62367228e+01
-1.99494949e-05 1.28787879e-05 9.99973735e+07 -7.14219873e+03 -1.71035260e+02
-1.94444444e-05 1.28787879e-05 9.99957974e+07 -8.81426778e+03 -2.52192469e+02
-1.89393939e-05 1.28787879e-05 9.99937030e+07 -1.09604570e+04 -1.44660077e+02
-1.84343434e-05 1.28787879e-05 9.99910441e+07 -1.36325844e+04 3.96114510e+02
-1.79292929e-05 1.28787879e-05 9.99879274e+07 -1.67316685e+04 1.81045796e+03
-1.74242424e-05 1.28787879e-05 9.99848082e+07 -1.97625904e+04 4.80916344e+03
-1.69191919e-05 1.28787879e-05 9.99827860e+07 -2.13732617e+04 1.03425321e+04
-1.64141414e-05 1.28787879e-05 9.99838671e+07 -1.86847299e+04 1.91821275e+04
-1.59090909e-05 1.28787879e-05 9.99906388e+07 -6.87280421e+03 3.05548051e+04
-1.54040404e-05 1.28787879e-05 1.00003944e+08 1.91115958e+04 3.93170820e+04
-1.48989899e-05 1.28787879e-05 1.00017508e+08 5.67331221e+04 3.40962070e+04
-1.43939394e-05 1.28787879e-05 1.00017601e+08 8.54973366e+04 7.10168574e+03
-1.38888889e-05 1.28787879e-05 1.00001800e+08 8.22667413e+04 -2.66383197e+04
-1.33838384e-05 1.28787879e-05 9.99864099e+07 5.45016804e+04 -4.37304845e+04
-1.28787879e-05 1.28787879e-05 9.99813908e+07 2.57180235e+04 -4.22394686e+04
-1.23737374e-05 1.28787879e-05 9.99837172e+07 6.67082000e+03 -3.28329559e+04
-1.18686869e-05 1.28787879e-05 9.99883373e+07 -3.38494066e+03 -2.29854783e+04
-1.13636364e-05 1.28787879e-05 9.99926740e+07 -7.85125934e+03 -1.52135986e+04
-1.08585859e-05 1.28787879e-05 9.99959903e+07 -9.35179820e+03 -9.69726917e+03
-1.03535354e-05 1.28787879e-05 9.99983030e+07 -9.41741106e+03 -5.95619905e+03
-9.84848485e-06 1.28787879e-05 9.99998326e+07 -8.85152810e+03 -3.46950639e+03
-9.34343434e-06 1.28787879e-05 1.00000804e+08 -8.05342029e+03 -1.83144609e+03
-8.83838384e-06 1.28787879e-05 1.00001394e+08 -7.21268763e+03 -7.57720786e+02
-8.33333333e-06 1.28787879e-05 1.00001729e+08 -6.41359836e+03 -5.72520575e+01
-7.82828283e-06 1.28787879e-05 1.00001897e+08 -5.68869183e+03 3.96415866e+02
-7.32323232e-06 1.28787879e-05 1.00001956e+08 -5.04582067e+03 6.86708758e+02
-6.81818182e-06 1.28787879e-05 1.00001945e+08 -4.48164913e+03 8.68826806e+02
-6.31313131e-06 1.28787879e-05 1.00001890e+08 -3.98830491e+03 9.79503689e+02
-5.80808081e-06 1.28787879e-05 1.00001808e+08 -3.55658092e+03 1.04333407e+03
-5.30303030e-06 1.28787879e-05 1.00001709e+08 -3.17740714e+03 1.07684335e+03
-4.79797980e-06 1.28787879e-05 1.00001599e+08 -2.84247239e+03 1.09107995e+03
-4.29292929e-06 1.28787879e-05 1.00001483e+08 -2.54446002e+03 1.09322458e+03
-3.78787879e-06 1.28787879e-05 1.00001363e+08 -2.27716994e+03 1.08751981e+03
-3.28282828e-06 1.28787879e-05 1.00001240e+08 -2.03573591e+03 1.07571275e+03
-2.77777778e-06 1.28787879e-05 1.00001113e+08 -1.81716025e+03 1.05718708e+03
-2.27272727e-06 1.28787879e-05 1.00000987e+08 -1.62140680e+03 1.02910967e+03
-1.76767677e-06 1.28787879e-05 1.00000863e+08 -1.45308291e+03 9.87346002e+02
-1.26262626e-06 1.28787879e-05 1.00000751e+08 -1.32271213e+03 9.29512567e+02
-7.57575758e-07 1.28787879e-05 1.00000657e+08 -1.24414748e+03 8.61083735e+02
-2.52525253e-07 1.28787879e-05 1.00000583e+08 -1.22312869e+03 8.00835357e+02
2.52525253e-07 1.28787879e-05 1.00000518e+08 -1.24059561e+03 7.74225795e+02
7.57575758e-07 1.28787879e-05 1.00000448e+08 -1.25354403e+03 7.91068266e+02
1.26262626e-06 1.28787879e-05 1.00000376e+08 -1.22597603e+03 8.33818631e+02
1.76767677e-06 1.28787879e-05 1.00000316e+08 -1.15390912e+03 8.76751167e+02
2.27272727e-06 1.28787879e-05 1.00000284e+08 -1.05486890e+03 9.07574226e+02
2.77777778e-06 1.28787879e-05 1.00000279e+08 -9.46608272e+02 9.26842689e+02
3.28282828e-06 1.28787879e-05 1.00000296e+08 -8.40121960e+02 9.37750671e+02
3.78787879e-06 1.28787879e-05 1.00000329e+08 -7.43319444e+02 9.41324881e+02
4.29292929e-06 1.28787879e-05 1.00000374e+08 -6.64602081e+02 9.37983213e+02
4.79797980e-06 1.28787879e-05 1.00000429e+08 -6.12060942e+02 9.30414163e+02
5.30303030e-06 1.28787879e-05 1.00000490e+08 -5.90220400e+02 9.23852911e+02
5.80808081e-06 1.28787879e-05 1.00000551e+08 -5.98244343e+02 9.23650900e+02
6.31313131e-06 1.28787879e-05 1.00000608e+08 -6.31190288e+02 9.32719092e+02
6.81818182e-06 1.28787879e-05 1.00000657e+08 -6.82777896e+02 9.50776713e+02
7.32323232e-06 1.28787879e-05 1.00000698e+08 -7.47562163e+02 9.75205985e+02
7.82828283e-06 1.28787879e-05 1.00000733e+08 -8.21745693e+02 1.00234428e+03
8.33333333e-06 1.28787879e-05 1.00000762e+08 -9.03002422e+02 1.02842531e+03
8.83838384e-06 1.28787879e-05 1.00000787e+08 -9.89920643e+02 1.05001832e+03
9.34343434e-06 1.28787879e-05 1.00000810e+08 -1.08144595e+03 1.06412774e+03
9.84848485e-06 1.28787879e-05 1.00000829e+08 -1.17645980e+03 1.06814713e+03
1.03535354e-05 1.28787879e-05 1.00000846e+08 -1.27350112e+03 1.05979317e+03
1.08585859e-05 1.28787879e-05 1.00000859e+08 -1.37060021e+03 1.03707900e+03
1.13636364e-05 1.28787879e-05 1.00000866e+08 -1.46519683e+03 9.98345082e+02
1.18686869e-05 1.28787879e-05 1.00000866e+08 -1.55412774e+03 9.42345600e+02
1.23737374e-05 1.28787879e-05 1.00000858e+08 -1.63368077e+03 8.68377838e+02
1.28787879e-05 1.28787879e-05 1.00000840e+08 -1.69971894e+03 7.76435753e+02
1.33838384e-05 1.28787879e-05 1.00000811e+08 -1.74787841e+03 6.67363701e+02
1.38888889e-05 1.28787879e-05 1.00000770e+08 -1.77383916e+03 5.42981997e+02
1.43939394e-05 1.28787879e-05 1.00000719e+08 -1.77365732e+03 4.06153894e+02
1.48989899e-05 1.28787879e-05 1.00000656e+08 -1.74413517e+03 2.60765505e+02
1.54040404e-05 1.28787879e-05 1.00000586e+08 -1.68319188e+03 1.11597605e+02
1.59090909e-05 1.28787879e-05 1.00000509e+08 -1.59018767e+03 -3.59182662e+01
1.64141414e-05 1.28787879e-05 1.00000431e+08 -1.46615084e+03 -1.76048739e+02
1.69191919e-05 1.28787879e-05 1.00000355e+08 -1.31386305e+03 -3.03181921e+02
1.74242424e-05 1.28787879e-05 1.00000284e+08 -1.13777443e+03 -4.12277142e+02
1.79292929e-05 1.28787879e-05 1.00000224e+08 -9.43744411e+02 -4.99283279e+02
1.84343434e-05 1.28787879e-05 1.00000177e+08 -7.38631620e+02 -5.61468512e+02
1.89393939e-05 1.28787879e-05 1.00000146e+08 -5.29781177e+02 -5.97616463e+02
1.94444444e-05 1.28787879e-05 1.00000132e+08 -3.24473958e+02 -6.08064738e+02
1.99494949e-05 1.28787879e-05 1.00000135e+08 -1.29406483e+02 -5.94587176e+02
2.04545455e-05 1.28787879e-05 1.00000154e+08 4.97383926e+01 -5.60144895e+02
2.09595960e-05 1.28787879e-05 1.00000187e+08 2.08588273e+02 -5.08548452e+02
2.14646465e-05 1.28787879e-05 1.00000232e+08 3.44227203e+02 -4.44081339e+02
2.19696970e-05 1.28787879e-05 1.00000285e+08 4.55195741e+02 -3.71133280e+02
2.24747475e-05 1.28787879e-05 1.00000343e+08 5.41368567e+02 -2.93882404e+02
2.29797980e-05 1.28787879e-05 1.00000403e+08 6.03744371e+02 -2.16051573e+02
2.34848485e-05 1.28787879e-05 1.00000462e+08 6.44186536e+02 -1.40749424e+02
2.39898990e-05 1.28787879e-05 1.00000517e+08 6.65150378e+02 -7.03938236e+01
2.44949495e-05 1.28787879e-05 1.00000567e+08 6.69425649e+02 -6.70615520e+00
2.50000000e-05 1.28787879e-05 1.00000611e+08 6.59913981e+02 4.92403566e+01
-2.50000000e-05 1.33838384e-05 1.00001449e+08 -1.63689810e+03 7.72788872e+02
-2.44949495e-05 1.33838384e-05 1.00001503e+08 -1.81563805e+03 8.02490960e+02
-2.39898990e-05 1.33838384e-05 1.00001547e+08 -2.02619311e+03 8.27810013e+02
-2.34848485e-05 1.33838384e-05 1.00001575e+08 -2.27689999e+03 8.46155676e+02
-2.29797980e-05 1.33838384e-05 1.00001576e+08 -2.57902477e+03 8.53984641e+02
-2.24747475e-05 1.33838384e-05 1.00001535e+08 -2.94802653e+03 8.46539291e+02
-2.19696970e-05 1.33838384e-05 1.00001430e+08 -3.40543967e+03 8.17609345e+02
-2.14646465e-05 1.33838384e-05 1.00001228e+08 -3.98168726e+03 7.59469504e+02
-2.09595960e-05 1.33838384e-05 1.00000879e+08 -4.72026520e+03 6.63371715e+02
-2.04545455e-05 1.33838384e-05 1.00000313e+08 -5.68384079e+03 5.21471569e+02
-1.99494949e-05 1.33838384e-05 9.99994236e+07 -6.96269523e+03 3.32147987e+02
-1.94444444e-05 1.33838384e-05 9.99980649e+07 -8.68499862e+03 1.12912439e+02
-1.89393939e-05 1.33838384e-05 9.99960409e+07 -1.10249120e+04 -7.05618096e+01
-1.84343434e-05 1.33838384e-05 9.99931211e+07 -1.41940403e+04 -4.34334822e+01
-1.79292929e-05 1.33838384e-05 9.99891123e+07 -1.83744130e+04 5.95719248e+02
-1.74242424e-05 1.33838384e-05 9.99840672e+07 -2.34899250e+04 2.66930082e+03
-1.69191919e-05 1.33838384e-05 9.99787483e+07 -2.86062792e+04 7.64874727e+03
-1.64141414e-05 1.33838384e-05 9.99754345e+07 -3.06475900e+04 1.76392094e+04
-1.59090909e-05 1.33838384e-05 9.99788353e+07 -2.22676937e+04 3.42413357e+04
-1.54040404e-05 1.33838384e-05 9.99953354e+07 9.78610005e+03 5.38844677e+04
-1.48989899e-05 1.33838384e-05 1.00022351e+08 7.52613869e+04 5.58345954e+04
-1.43939394e-05 1.33838384e-05 1.00026303e+08 1.35497110e+05 7.33606795e+03
-1.38888889e-05 1.33838384e-05 9.99927650e+07 1.17026138e+05 -5.60637383e+04
-1.33838384e-05 1.33838384e-05 9.99716583e+07 5.52570185e+04 -7.01711704e+04
-1.28787879e-05 1.33838384e-05 9.99741230e+07 1.22218264e+04 -5.29966946e+04
-1.23737374e-05 1.33838384e-05 9.99834033e+07 -7.02531866e+03 -3.34893815e+04
-1.18686869e-05 1.33838384e-05 9.99913416e+07 -1.35324339e+04 -1.96276370e+04
-1.13636364e-05 1.33838384e-05 9.99966262e+07 -1.46266043e+04 -1.09476290e+04
-1.08585859e-05 1.33838384e-05 9.99998154e+07 -1.37000650e+04 -5.72581204e+03
-1.03535354e-05 1.33838384e-05 1.00001627e+08 -1.21658494e+04 -2.62318041e+03
-9.84848485e-06 1.33838384e-05 1.00002589e+08 -1.05776966e+04 -7.89251440e+02
-9.34343434e-06 1.33838384e-05 1.00003044e+08 -9.13221004e+03 2.86701084e+02
-8.83838384e-06 1.33838384e-05 1.00003201e+08 -7.88149035e+03 9.07552876e+02
-8.33333333e-06 1.33838384e-05 1.00003186e+08 -6.82197095e+03 1.25359132e+03
-7.82828283e-06 1.33838384e-05 1.00003076e+08 -5.93121027e+03 1.43322329e+03
-7.32323232e-06 1.33838384e-05 1.00002916e+08 -5.18276193e+03 1.51244024e+03
-6.81818182e-06 1.33838384e-05 1.00002734e+08 -4.55179452e+03 1.53192172e+03
-6.31313131e-06 1.33838384e-05 1.00002543e+08 -4.01684421e+03 1.51704385e+03
-5.80808081e-06 1.33838384e-05 1.00002354e+08 -3.56000358e+03 1.48380160e+03
-5.30303030e-06 1.33838384e-05 1.00002171e+08 -3.16653098e+03 1.44234706e+03
-4.79797980e-06 1.33838384e-05 1.00001994e+08 -2.82429488e+03 1.39910282e+03
-4.29292929e-06 1.33838384e-05 1.00001824e+08 -2.52322715e+03 1.35798269e+03
-3.78787879e-06 1.33838384e-05 1.00001659e+08 -2.25487470e+03 1.32099317e+03
-3.28282828e-06 1.33838384e-05 1.00001497e+08 -2.01215318e+03 1.28831874e+03
-2.77777778e-06 1.33838384e-05 1.00001334e+08 -1.78952797e+03 1.25788736e+03
-2.27272727e-06 1.33838384e-05 1.00001168e+08 -1.58412420e+03 1.22444710e+03
-1.76767677e-06 1.33838384e-05 1.00001000e+08 -1.39864059e+03 1.17870970e+03
-1.26262626e-06 1.33838384e-05 1.00000838e+08 -1.24657161e+03 1.10892739e+03
-7.57575758e-07 1.33838384e-05 1.00000698e+08 -1.15584188e+03 1.01038066e+03
-2.52525253e-07 1.33838384e-05 1.00000591e+08 -1.15488671e+03 9.04835679e+02
2.52525253e-07 1.33838384e-05 1.00000505e+08 -1.22701135e+03 8.43684941e+02
7.57575758e-07 1.33838384e-05 1.00000409e+08 -1.28855030e+03 8.54278580e+02
1.26262626e-06 1.33838384e-05 1.00000312e+08 -1.26951118e+03 8.97060132e+02
1.76767677e-06 1.33838384e-05 1.00000252e+08 -1.18116153e+03 9.23790491e+02
2.27272727e-06 1.33838384e-05 1.00000245e+08 -1.06726188e+03 9.28138610e+02
2.77777778e-06 1.33838384e-05 1.00000276e+08 -9.52112894e+02 9.24379718e+02
3.28282828e-06 1.33838384e-05 1.00000326e+08 -8.41166613e+02 9.20431892e+02
3.78787879e-06 1.33838384e-05 1.00000386e+08 -7.37930801e+02 9.13855063e+02
4.29292929e-06 1.33838384e-05 1.00000453e+08 -6.52500062e+02 9.00127807e+02
4.79797980e-06 1.33838384e-05 1.00000527e+08 -5.97938291e+02 8.80733311e+02
5.30303030e-06 1.33838384e-05 1.00000603e+08 -5.81370692e+02 8.63553800e+02
5.80808081e-06 1.33838384e-05 1.00000673e+08 -5.99927300e+02 8.56781162e+02
6.31313131e-06 1.33838384e-05 1.00000731e+08 -6.44324683e+02 8.63713140e+02
6.81818182e-06 1.33838384e-05 1.00000774e+08 -7.04734290e+02 8.82379098e+02
7.32323232e-06 1.33838384e-05 1.00000805e+08 -7.74104510e+02 9.08032982e+02
7.82828283e-06 1.33838384e-05 1.00000826e+08 -8.48520534e+02 9.35519819e+02
8.33333333e-06 1.33838384e-05 1.00000841e+08 -9.26209556e+02 9.60433465e+02
8.83838384e-06 1.33838384e-05 1.00000852e+08 -1.00643092e+03 9.79346009e+02
9.34343434e-06 1.33838384e-05 1.00000860e+08 -1.08869063e+03 9.89636174e+02
9.84848485e-06 1.33838384e-05 1.00000866e+08 -1.17228824e+03 9.89249069e+02
1.03535354e-05 1.33838384e-05 1.00000870e+08 -1.25608953e+03 9.76521228e+02
1.08585859e-05 1.33838384e-05 1.00000870e+08 -1.33843166e+03 9.50099238e+02
1.13636364e-05 1.33838384e-05 1.00000866e+08 -1.41710671e+03 9.08940370e+02
1.18686869e-05 1.33838384e-05 1.00000856e+08 -1.48939904e+03 8.52373409e+02
1.23737374e-05 1.33838384e-05 1.00000839e+08 -1.55217013e+03 7.80197274e+02
1.28787879e-05 1.33838384e-05 1.00000814e+08 -1.60199164e+03 6.92795572e+02
1.33838384e-05 1.33838384e-05 1.00000780e+08 -1.63532798e+03 5.91245169e+02
1.38888889e-05 1.33838384e-05 1.00000736e+08 -1.64876556e+03 4.77396394e+02
1.43939394e-05 1.33838384e-05 1.00000684e+08 -1.63927845e+03 3.53903168e+02
1.48989899e-05 1.33838384e-05 1.00000623e+08 -1.60451126e+03 2.24184436e+02
1.54040404e-05 1.33838384e-05 1.00000557e+08 -1.54305158e+03 9.23048657e+01
1.59090909e-05 1.33838384e-05 1.00000486e+08 -1.45465860e+03 -3.72271587e+01
1.64141414e-05 1.33838384e-05 1.00000415e+08 -1.34041366e+03 -1.59733524e+02
1.69191919e-05 1.33838384e-05 1.00000345e+08 -1.20276381e+03 -2.70688515e+02
1.74242424e-05 1.33838384e-05 1.00000282e+08 -1.04544126e+03 -3.66054410e+02
1.79292929e-05 1.33838384e-05 1.00000227e+08 -8.73258107e+02 -4.42590157e+02
1.84343434e-05 1.33838384e-05 1.00000184e+08 -6.91794086e+02 -4.98093920e+02
1.89393939e-05 1.33838384e-05 1.00000155e+08 -5.07011377e+02 -5.31548746e+02
1.94444444e-05 1.33838384e-05 1.00000139e+08 -3.24841264e+02 -5.43154681e+02
1.99494949e-05 1.33838384e-05 1.00000139e+08 -1.50790346e+02 -5.34247571e+02
2.04545455e-05 1.33838384e-05 1.00000152e+08 1.03911630e+01 -5.07120807e+02
2.09595960e-05 1.33838384e-05 1.00000178e+08 1.54948314e+02 -4.64778373e+02
2.14646465e-05 1.33838384e-05 1.00000215e+08 2.80252197e+02 -4.10653787e+02
2.19696970e-05 1.33838384e-05 1.00000259e+08 3.84823137e+02 -3.48329391e+02
2.24747475e-05 1.33838384e-05 1.00000308e+08 4.68260118e+02 -2.81285073e+02
2.29797980e-05 1.33838384e-05 1.00000360e+08 5.31099128e+02 -2.12696752e+02
2.34848485e-05 1.33838384e-05 1.00000413e+08 5.74627027e+02 -1.45295009e+02
2.39898990e-05 1.33838384e-05 1.00000463e+08 6.00676983e+02 -8.12850249e+01
2.44949495e-05 1.33838384e-05 1.00000509e+08 6.11427572e+02 -2.23218218e+01
2.50000000e-05 1.33838384e-05 1.00000550e+08 6.09221965e+02 3.04697948e+01
-2.50000000e-05 1.38888889e-05 1.00001824e+08 -1.68389403e+03 9.95527821e+02
-2.44949495e-05 1.38888889e-05 1.00001947e+08 -1.86222660e+03 1.06019389e+03
-2.39898990e-05 1.38888889e-05 1.00002076e+08 -2.07073942e+03 1.12724031e+03
-2.34848485e-05 1.38888889e-05 1.00002209e+08 -2.31699315e+03 1.19542749e+03
-2.29797980e-05 1.38888889e-05 1.00002341e+08 -2.61117351e+03 1.26271492e+03
-2.24747475e-05 1.38888889e-05 1.00002464e+08 -2.96726899e+03 1.32587401e+03
-2.19696970e-05 1.38888889e-05 1.00002565e+08 -3.40489033e+03 1.37994371e+03
-2.14646465e-05 1.38888889e-05 1.00002623e+08 -3.95213381e+03 1.41750485e+03
-2.09595960e-05 1.38888889e-05 1.00002600e+08 -4.65016144e+03 1.42782117e+03
-2.04545455e-05 1.38888889e-05 1.00002439e+08 -5.56061494e+03 1.39613098e+03
-1.99494949e-05 1.38888889e-05 1.00002043e+08 -6.77765285e+03 1.30405059e+03
-1.94444444e-05 1.38888889e-05 1.00001257e+08 -8.44720112e+03 1.13386504e+03
-1.89393939e-05 1.38888889e-05 9.99998358e+07 -1.07961022e+04 8.84105643e+02
-1.84343434e-05 1.38888889e-05 9.99974042e+07 -1.41696278e+04 6.14885386e+02
-1.79292929e-05 1.38888889e-05 9.99934407e+07 -1.90547518e+04 5.65112345e+02
-1.74242424e-05 1.38888889e-05 9.99873646e+07 -2.59922693e+04 1.42201806e+03
-1.69191919e-05 1.38888889e-05 9.99789450e+07 -3.50749845e+04 4.83600569e+03
-1.64141414e-05 1.38888889e-05 9.99693730e+07 -4.43258260e+04 1.40750733e+04
-1.59090909e-05 1.38888889e-05 9.99632497e+07 -4.58431205e+04 3.39985300e+04
-1.54040404e-05 1.38888889e-05 9.99722301e+07 -1.79153419e+04 6.82688119e+04
-1.48989899e-05 1.38888889e-05 1.00018549e+08 8.94296084e+04 9.95074662e+04
-1.43939394e-05 1.38888889e-05 1.00045018e+08 2.51580777e+05 5.57700925e+03
-1.38888889e-05 1.38888889e-05 9.99594578e+07 1.60503854e+05 -1.30840928e+05
-1.33838384e-05 1.38888889e-05 9.99515068e+07 2.66876050e+04 -1.00989050e+05
-1.28787879e-05 1.38888889e-05 9.99753068e+07 -1.76373148e+04 -5.23140832e+04
-1.23737374e-05 1.38888889e-05 9.99915497e+07 -2.58279091e+04 -2.46387911e+04
-1.18686869e-05 1.38888889e-05 9.99998628e+07 -2.41961966e+04 -1.07467756e+04
-1.13636364e-05 1.38888889e-05 1.00003721e+08 -2.05336987e+04 -3.84624895e+03
-1.08585859e-05 1.38888889e-05 1.00005316e+08 -1.69584806e+04 -4.09908536e+02
-1.03535354e-05 1.38888889e-05 1.00005794e+08 -1.39544588e+04 1.28194956e+03
-9.84848485e-06 1.38888889e-05 1.00005734e+08 -1.15433189e+04 2.07748739e+03
-9.34343434e-06 1.38888889e-05 1.00005429e+08 -9.63221573e+03 2.40604067e+03
-8.83838384e-06 1.38888889e-05 1.00005026e+08 -8.11632873e+03 2.49076125e+03
-8.33333333e-06 1.38888889e-05 1.00004598e+08 -6.90597874e+03 2.45030450e+03
-7.82828283e-06 1.38888889e-05 1.00004182e+08 -5.93065087e+03 2.34887637e+03
-7.32323232e-06 1.38888889e-05 1.00003794e+08 -5.13657599e+03 2.22161633e+03
-6.81818182e-06 1.38888889e-05 1.00003440e+08 -4.48313188e+03 2.08784159e+03
-6.31313131e-06 1.38888889e-05 1.00003120e+08 -3.93959483e+03 1.95813787e+03
-5.80808081e-06 1.38888889e-05 1.00002832e+08 -3.48255956e+03 1.83824286e+03
-5.30303030e-06 1.38888889e-05 1.00002573e+08 -3.09397693e+03 1.73121228e+03
-4.79797980e-06 1.38888889e-05 1.00002339e+08 -2.75967116e+03 1.63863705e+03
-4.29292929e-06 1.38888889e-05 1.00002125e+08 -2.46819801e+03 1.56130357e+03
-3.78787879e-06 1.38888889e-05 1.00001926e+08 -2.20993317e+03 1.49946970e+03
-3.28282828e-06 1.38888889e-05 1.00001736e+08 -1.97633063e+03 1.45275777e+03
-2.77777778e-06 1.38888889e-05 1.00001548e+08 -1.75941965e+03 1.41946143e+03
-2.27272727e-06 1.38888889e-05 1.00001353e+08 -1.55199740e+03 1.39476336e+03
-1.76767677e-06 1.38888889e-05 1.00001144e+08 -1.35009836e+03 1.36713045e+03
-1.26262626e-06 1.38888889e-05 1.00000920e+08 -1.16180010e+03 1.31348603e+03
-7.57575758e-07 1.38888889e-05 1.00000700e+08 -1.02707261e+03 1.20251910e+03
-2.52525253e-07 1.38888889e-05 1.00000528e+08 -1.02758442e+03 1.03561988e+03
2.52525253e-07 1.38888889e-05 1.00000405e+08 -1.18967542e+03 9.13734063e+02
7.57575758e-07 1.38888889e-05 1.00000260e+08 -1.33248721e+03 9.26431227e+02
1.26262626e-06 1.38888889e-05 1.00000126e+08 -1.29851909e+03 9.67900829e+02
1.76767677e-06 1.38888889e-05 1.00000095e+08 -1.17026817e+03 9.48088709e+02
2.27272727e-06 1.38888889e-05 1.00000157e+08 -1.04512933e+03 9.00124005e+02
2.77777778e-06 1.38888889e-05 1.00000259e+08 -9.38536206e+02 8.66045240e+02
3.28282828e-06 1.38888889e-05 1.00000364e+08 -8.34658333e+02 8.53485023e+02
3.78787879e-06 1.38888889e-05 1.00000460e+08 -7.26971487e+02 8.47078490e+02
4.29292929e-06 1.38888889e-05 1.00000553e+08 -6.31143064e+02 8.29992955e+02
4.79797980e-06 1.38888889e-05 1.00000650e+08 -5.73063297e+02 8.01687735e+02
5.30303030e-06 1.38888889e-05 1.00000743e+08 -5.65592606e+02 7.76905150e+02
5.80808081e-06 1.38888889e-05 1.00000819e+08 -6.00646365e+02 7.69401308e+02
6.31313131e-06 1.38888889e-05 1.00000872e+08 -6.60636561e+02 7.81773717e+02
6.81818182e-06 1.38888889e-05 1.00000902e+08 -7.30956320e+02 8.08091793e+02
7.32323232e-06 1.38888889e-05 1.00000915e+08 -8.03782382e+02 8.40243110e+02
7.82828283e-06 1.38888889e-05 1.00000917e+08 -8.76359445e+02 8.71534457e+02
8.33333333e-06 1.38888889e-05 1.00000914e+08 -9.48390171e+02 8.97425729e+02
8.83838384e-06 1.38888889e-05 1.00000909e+08 -1.02028353e+03 9.15052235e+02
9.34343434e-06 1.38888889e-05 1.00000902e+08 -1.09229045e+03 9.22581504e+02
9.84848485e-06 1.38888889e-05 1.00000895e+08 -1.16416606e+03 9.18751857e+02
1.03535354e-05 1.38888889e-05 1.00000886e+08 -1.23508079e+03 9.02622262e+02
1.08585859e-05 1.38888889e-05 1.00000875e+08 -1.30363510e+03 8.73477730e+02
1.13636364e-05 1.38888889e-05 1.00000861e+08 -1.36791753e+03 8.30832849e+02
1.18686869e-05 1.38888889e-05 1.00000843e+08 -1.42558762e+03 7.74491639e+02
1.23737374e-05 1.38888889e-05 1.00000819e+08 -1.47398252e+03 7.04634912e+02
1.28787879e-05 1.38888889e-05 1.00000788e+08 -1.51025104e+03 6.21913682e+02
1.33838384e-05 1.38888889e-05 1.00000750e+08 -1.53151747e+03 5.27530569e+02
1.38888889e-05 1.38888889e-05 1.00000705e+08 -1.53507307e+03 4.23292783e+02
1.43939394e-05 1.38888889e-05 1.00000652e+08 -1.51858714e+03 3.11622005e+02
1.48989899e-05 1.38888889e-05 1.00000594e+08 -1.48032280e+03 1.95509654e+02
1.54040404e-05 1.38888889e-05 1.00000531e+08 -1.41933745e+03 7.84112990e+01
1.59090909e-05 1.38888889e-05 1.00000466e+08 -1.33564415e+03 -3.59186481e+01
1.64141414e-05 1.38888889e-05 1.00000400e+08 -1.23031086e+03 -1.43642103e+02
1.69191919e-05 1.38888889e-05 1.00000337e+08 -1.10547850e+03 -2.41083845e+02
1.74242424e-05 1.38888889e-05 1.00000280e+08 -9.64287790e+02 -3.24984137e+02
1.79292929e-05 1.38888889e-05 1.00000230e+08 -8.10715786e+02 -3.92728848e+02
1.84343434e-05 1.38888889e-05 1.00000190e+08 -6.49335629e+02 -4.42529810e+02
1.89393939e-05 1.38888889e-05 1.00000161e+08 -4.85023857e+02 -4.73534070e+02
1.94444444e-05 1.38888889e-05 1.00000146e+08 -3.22646729e+02 -4.85850353e+02
1.99494949e-05 1.38888889e-05 1.00000143e+08 -1.66759182e+02 -4.80492421e+02
2.04545455e-05 1.38888889e-05 1.00000152e+08 -2.13467828e+01 -4.59250048e+02
2.09595960e-05 1.38888889e-05 1.00000172e+08 1.10366577e+02 -4.24506845e+02
2.14646465e-05 1.38888889e-05 1.00000201e+08 2.26032831e+02 -3.79028973e+02
2.19696970e-05 1.38888889e-05 1.00000238e+08 3.24214166e+02 -3.25749387e+02
2.24747475e-05 1.38888889e-05 1.00000280e+08 4.04345657e+02 -2.67569243e+02
2.29797980e-05 1.38888889e-05 1.00000325e+08 4.66640913e+02 -2.07192518e+02
2.34848485e-05 1.38888889e-05 1.00000371e+08 5.11959072e+02 -1.47003226e+02
2.39898990e-05 1.38888889e-05 1.00000416e+08 5.41651991e+02 -8.89880164e+01
2.44949495e-05 1.38888889e-05 1.00000459e+08 5.57408477e+02 -3.47015399e+01
2.50000000e-05 1.38888889e-05 1.00000497e+08 5.61108840e+02 1.47318849e+01
-2.50000000e-05 1.43939394e-05 1.00002152e+08 -1.76355414e+03 1.20633258e+03
-2.44949495e-05 1.43939394e-05 1.00002338e+08 -1.94827302e+03 1.30717272e+03
-2.39898990e-05 1.43939394e-05 1.00002547e+08 -2.16315931e+03 1.41855900e+03
-2.34848485e-05 1.43939394e-05 1.00002780e+08 -2.41537875e+03 1.54144689e+03
-2.29797980e-05 1.43939394e-05 1.00003040e+08 -2.71446079e+03 1.67663031e+03
-2.24747475e-05 1.43939394e-05 1.00003328e+08 -3.07333199e+03 1.82451853e+03
-2.19696970e-05 1.43939394e-05 1.00003643e+08 -3.50992368e+03 1.98475028e+03
-2.14646465e-05 1.43939394e-05 1.00003981e+08 -4.04974347e+03 2.15554251e+03
-2.09595960e-05 1.43939394e-05 1.00004331e+08 -4.73011271e+03 2.33262135e+03
-2.04545455e-05 1.43939394e-05 1.00004668e+08 -5.60736592e+03 2.50754555e+03
-1.99494949e-05 1.43939394e-05 1.00004938e+08 -6.76945453e+03 2.66531403e+03
-1.94444444e-05 1.43939394e-05 1.00005042e+08 -8.35860008e+03 2.78174700e+03
-1.89393939e-05 1.43939394e-05 1.00004786e+08 -1.06126850e+04 2.82359431e+03
-1.84343434e-05 1.43939394e-05 1.00003809e+08 -1.39403282e+04 2.76300649e+03
-1.79292929e-05 1.43939394e-05 1.00001461e+08 -1.90481354e+04 2.64595846e+03
-1.74242424e-05 1.43939394e-05 9.99966650e+07 -2.71052293e+04 2.83456697e+03
-1.69191919e-05 1.43939394e-05 9.99879936e+07 -3.97073760e+04 4.72090474e+03
-1.64141414e-05 1.43939394e-05 9.99746541e+07 -5.75456863e+04 1.23121268e+04
-1.59090909e-05 1.43939394e-05 9.99589769e+07 -7.49791760e+04 3.37945436e+04
-1.54040404e-05 1.43939394e-05 9.99465001e+07 -6.84604192e+04 7.84446561e+04
-1.48989899e-05 1.43939394e-05 9.99504918e+07 3.68416180e+04 1.58472935e+05
-1.43939394e-05 1.43939394e-05 1.00115654e+08 6.91517767e+05 7.32039885e+03
-1.38888889e-05 1.43939394e-05 9.98659892e+07 8.15887712e+04 -2.84472782e+05
-1.33838384e-05 1.43939394e-05 9.99694947e+07 -6.02916955e+04 -8.36879563e+04
-1.28787879e-05 1.43939394e-05 1.00002691e+08 -5.54553229e+04 -2.41941564e+04
-1.23737374e-05 1.43939394e-05 1.00011655e+08 -4.19130195e+04 -4.81709129e+03
-1.18686869e-05 1.43939394e-05 1.00013329e+08 -3.12129845e+04 2.04158740e+03
-1.13636364e-05 1.43939394e-05 1.00012685e+08 -2.36016930e+04 4.39207392e+03
-1.08585859e-05 1.43939394e-05 1.00011373e+08 -1.82339434e+04 4.99671480e+03
-1.03535354e-05 1.43939394e-05 1.00009973e+08 -1.43945786e+04 4.91406085e+03
-9.84848485e-06 1.43939394e-05 1.00008682e+08 -1.15921953e+04 4.57572102e+03
-9.34343434e-06 1.43939394e-05 1.00007553e+08 -9.50285240e+03 4.16307762e+03
-8.83838384e-06 1.43939394e-05 1.00006588e+08 -7.91311018e+03 3.75209604e+03
-8.33333333e-06 1.43939394e-05 1.00005770e+08 -6.68047468e+03 3.37283005e+03
-7.82828283e-06 1.43939394e-05 1.00005078e+08 -5.70809584e+03 3.03509156e+03
-7.32323232e-06 1.43939394e-05 1.00004491e+08 -4.92886901e+03 2.73991326e+03
-6.81818182e-06 1.43939394e-05 1.00003993e+08 -4.29540078e+03 2.48477990e+03
-6.31313131e-06 1.43939394e-05 1.00003567e+08 -3.77358865e+03 2.26603650e+03
-5.80808081e-06 1.43939394e-05 1.00003201e+08 -3.33843568e+03 2.07999172e+03
-5.30303030e-06 1.43939394e-05 1.00002885e+08 -2.97125764e+03 1.92341635e+03
-4.79797980e-06 1.43939394e-05 1.00002610e+08 -2.65775839e+03 1.79376861e+03
-4.29292929e-06 1.43939394e-05 1.00002368e+08 -2.38663245e+03 1.68930537e+03
-3.78787879e-06 1.43939394e-05 1.00002151e+08 -2.14845018e+03 1.60914518e+03
-3.28282828e-06 1.43939394e-05 1.00001951e+08 -1.93461721e+03 1.55326758e+03
-2.77777778e-06 1.43939394e-05 1.00001759e+08 -1.73619821e+03 1.52227166e+03
-2.27272727e-06 1.43939394e-05 1.00001559e+08 -1.54245197e+03 1.51625565e+03
-1.76767677e-06 1.43939394e-05 1.00001332e+08 -1.33958117e+03 1.53081389e+03
-1.26262626e-06 1.43939394e-05 1.00001052e+08 -1.11415765e+03 1.54480744e+03
-7.57575758e-07 1.43939394e-05 1.00000706e+08 -8.82693292e+02 1.49333125e+03
-2.52525253e-07 1.43939394e-05 1.00000367e+08 -7.94943588e+02 1.27304820e+03
2.52525253e-07 1.43939394e-05 1.00000150e+08 -1.10864412e+03 1.00960510e+03
7.57575758e-07 1.43939394e-05 9.99998834e+07 -1.40945151e+03 1.05465562e+03
1.26262626e-06 1.43939394e-05 9.99997121e+07 -1.26447790e+03 1.05568361e+03
1.76767677e-06 1.43939394e-05 9.99998205e+07 -1.07399944e+03 9.05154493e+02
2.27272727e-06 1.43939394e-05 1.00000042e+08 -9.73702314e+02 7.73361536e+02
2.77777778e-06 1.43939394e-05 1.00000261e+08 -9.13215915e+02 7.14456364e+02
3.28282828e-06 1.43939394e-05 1.00000437e+08 -8.37163501e+02 7.14412219e+02
3.78787879e-06 1.43939394e-05 1.00000573e+08 -7.24385576e+02 7.31072386e+02
4.29292929e-06 1.43939394e-05 1.00000694e+08 -6.05868994e+02 7.23010067e+02
4.79797980e-06 1.43939394e-05 1.00000817e+08 -5.39546820e+02 6.88364367e+02
5.30303030e-06 1.43939394e-05 1.00000928e+08 -5.48842883e+02 6.60604499e+02
5.80808081e-06 1.43939394e-05 1.00001004e+08 -6.09917161e+02 6.63215249e+02
6.31313131e-06 1.43939394e-05 1.00001038e+08 -6.89340567e+02 6.93082170e+02
6.81818182e-06 1.43939394e-05 1.00001040e+08 -7.68064076e+02 7.35873936e+02
7.32323232e-06 1.43939394e-05 1.00001025e+08 -8.40501339e+02 7.79372813e+02
7.82828283e-06 1.43939394e-05 1.00001002e+08 -9.07276960e+02 8.16504805e+02
8.33333333e-06 1.43939394e-05 1.00000978e+08 -9.70536306e+02 8.43933098e+02
8.83838384e-06 1.43939394e-05 1.00000954e+08 -1.03205498e+03 8.60275843e+02
9.34343434e-06 1.43939394e-05 1.00000933e+08 -1.09274435e+03 8.64982028e+02
9.84848485e-06 1.43939394e-05 1.00000913e+08 -1.15265843e+03 8.57787319e+02
1.03535354e-05 1.43939394e-05 1.00000893e+08 -1.21112761e+03 8.38511300e+02
1.08585859e-05 1.43939394e-05 1.00000873e+08 -1.26689915e+03 8.07027721e+02
1.13636364e-05 1.43939394e-05 1.00000851e+08 -1.31826091e+03 7.63315097e+02
1.18686869e-05 1.43939394e-05 1.00000826e+08 -1.36315479e+03 7.07540425e+02
1.23737374e-05 1.43939394e-05 1.00000796e+08 -1.39929156e+03 6.40151110e+02
1.28787879e-05 1.43939394e-05 1.00000761e+08 -1.42427667e+03 5.61959786e+02
1.33838384e-05 1.43939394e-05 1.00000721e+08 -1.43575184e+03 4.74210380e+02
1.38888889e-05 1.43939394e-05 1.00000674e+08 -1.43155177e+03 3.78615253e+02
1.43939394e-05 1.43939394e-05 1.00000623e+08 -1.40986993e+03 2.77354689e+02
1.48989899e-05 1.43939394e-05 1.00000567e+08 -1.36942225e+03 1.73032439e+02
1.54040404e-05 1.43939394e-05 1.00000508e+08 -1.30959426e+03 6.85848771e+01
1.59090909e-05 1.43939394e-05 1.00000447e+08 -1.23055462e+03 -3.28534300e+01
1.64141414e-05 1.43939394e-05 1.00000387e+08 -1.13331957e+03 -1.28119073e+02
1.69191919e-05 1.43939394e-05 1.00000329e+08 -1.01975559e+03 -2.14209694e+02
1.74242424e-05 1.43939394e-05 1.00000277e+08 -8.92514480e+02 -2.88475807e+02
1.79292929e-05 1.43939394e-05 1.00000231e+08 -7.54902347e+02 -3.48794099e+02
1.84343434e-05 1.43939394e-05 1.00000194e+08 -6.10692969e+02 -3.93702956e+02
1.89393939e-05 1.43939394e-05 1.00000167e+08 -4.63902974e+02 -4.22485229e+02
1.94444444e-05 1.43939394e-05 1.00000151e+08 -3.18551327e+02 -4.35189935e+02
1.99494949e-05 1.43939394e-05 1.00000146e+08 -1.78427033e+02 -4.32592358e+02
2.04545455e-05 1.43939394e-05 1.00000151e+08 -4.68870149e+01 -4.16099726e+02
2.09595960e-05 1.43939394e-05 1.00000166e+08 7.32989691e+01 -3.87615643e+02
2.14646465e-05 1.43939394e-05 1.00000190e+08 1.80046416e+02 -3.49380154e+02
2.19696970e-05 1.43939394e-05 1.00000221e+08 2.71994742e+02 -3.03803181e+02
2.24747475e-05 1.43939394e-05 1.00000256e+08 3.48490936e+02 -2.53307408e+02
2.29797980e-05 1.43939394e-05 1.00000295e+08 4.09527768e+02 -2.00193207e+02
2.34848485e-05 1.43939394e-05 1.00000336e+08 4.55649232e+02 -1.46533627e+02
2.39898990e-05 1.43939394e-05 1.00000376e+08 4.87836799e+02 -9.41028900e+01
2.44949495e-05 1.43939394e-05 1.00000415e+08 5.07389206e+02 -4.43377131e+01
2.50000000e-05 1.43939394e-05 1.00000451e+08 5.15806323e+02 1.67226450e+00
-2.50000000e-05 1.48989899e-05 1.00002412e+08 -1.87454363e+03 1.38765943e+03
-2.44949495e-05 1.48989899e-05 1.00002650e+08 -2.07290091e+03 1.52110261e+03
-2.39898990e-05 1.48989899e-05 1.00002924e+08 -2.30348039e+03 1.67311278e+03
-2.34848485e-05 1.48989899e-05 1.00003241e+08 -2.57373729e+03 1.84711934e+03
-2.29797980e-05 1.48989899e-05 1.00003609e+08 -2.89347455e+03 2.04730045e+03
-2.24747475e-05 1.48989899e-05 1.00004038e+08 -3.27581431e+03 2.27874179e+03
-2.19696970e-05 1.48989899e-05 1.00004542e+08 -3.73868446e+03 2.54760326e+03
-2.14646465e-05 1.48989899e-05 1.00005135e+08 -4.30716429e+03 2.86125923e+03
-2.09595960e-05 1.48989899e-05 1.00005836e+08 -5.01731648e+03 3.22833112e+03
-2.04545455e-05 1.48989899e-05 1.00006662e+08 -5.92270087e+03 3.65843794e+03
-1.99494949e-05 1.48989899e-05 1.00007631e+08 -7.10595437e+03 4.16131941e+03
-1.94444444e-05 1.48989899e-05 1.00008747e+08 -8.70043300e+03 4.74473653e+03
-1.89393939e-05 1.48989899e-05 1.00009975e+08 -1.09329057e+04 5.41050641e+03
-1.84343434e-05 1.48989899e-05 1.00011186e+08 -1.42125034e+04 6.15002019e+03
-1.79292929e-05 1.48989899e-05 1.00012009e+08 -1.93247303e+04 6.95416909e+03
-1.74242424e-05 1.48989899e-05 1.00011531e+08 -2.78596925e+04 7.92306556e+03
-1.69191919e-05 1.48989899e-05 1.00007817e+08 -4.30641357e+04 9.88206193e+03
-1.64141414e-05 1.48989899e-05 9.99981786e+07 -7.06522560e+04 1.70780564e+04
-1.59090909e-05 1.48989899e-05 9.99851470e+07 -1.14069787e+05 4.52013737e+04
-1.54040404e-05 1.48989899e-05 9.99927749e+07 -1.50088859e+05 1.28023551e+05
-1.48989899e-05 1.48989899e-05 1.00075478e+08 -1.28505555e+05 3.24670576e+05
-1.43939394e-05 1.48989899e-05 1.23477802e+08 1.32434170e+08 4.83697042e+05
-1.38888889e-05 1.48989899e-05 1.00141057e+08 -2.70755073e+05 -3.29370034e+04
-1.33838384e-05 1.48989899e-05 1.00067982e+08 -1.23205093e+05 8.75929137e+03
-1.28787879e-05 1.48989899e-05 1.00046188e+08 -7.16110255e+04 1.56823289e+04
-1.23737374e-05 1.48989899e-05 1.00033869e+08 -4.61390908e+04 1.49785145e+04
-1.18686869e-05 1.48989899e-05 1.00025737e+08 -3.18112400e+04 1.27820651e+04
-1.13636364e-05 1.48989899e-05 1.00020070e+08 -2.30728775e+04 1.06063874e+04
-1.08585859e-05 1.48989899e-05 1.00015993e+08 -1.74121727e+04 8.77847421e+03
-1.03535354e-05 1.48989899e-05 1.00012983e+08 -1.35649970e+04 7.31253960e+03
-9.84848485e-06 1.48989899e-05 1.00010712e+08 -1.08456877e+04 6.15028487e+03
-9.34343434e-06 1.48989899e-05 1.00008965e+08 -8.85974816e+03 5.22731486e+03
-8.83838384e-06 1.48989899e-05 1.00007597e+08 -7.36885299e+03 4.48942711e+03
-8.33333333e-06 1.48989899e-05 1.00006509e+08 -6.22294975e+03 3.89451396e+03
-7.82828283e-06 1.48989899e-05 1.00005632e+08 -5.32415504e+03 3.41077207e+03
-7.32323232e-06 1.48989899e-05 1.00004917e+08 -4.60662776e+03 3.01438882e+03
-6.81818182e-06 1.48989899e-05 1.00004328e+08 -4.02487906e+03 2.68755336e+03
-6.31313131e-06 1.48989899e-05 1.00003838e+08 -3.54673197e+03 2.41693509e+03
-5.80808081e-06 1.48989899e-05 1.00003428e+08 -3.14893977e+03 2.19257869e+03
-5.30303030e-06 1.48989899e-05 1.00003082e+08 -2.81437181e+03 2.00713268e+03
-4.79797980e-06 1.48989899e-05 1.00002788e+08 -2.53014259e+03 1.85534459e+03
-4.29292929e-06 1.48989899e-05 1.00002536e+08 -2.28630520e+03 1.73378529e+03
-3.78787879e-06 1.48989899e-05 1.00002320e+08 -2.07485070e+03 1.64080325e+03
-3.28282828e-06 1.48989899e-05 1.00002130e+08 -1.88878201e+03 1.57675848e+03
-2.77777778e-06 1.48989899e-05 1.00001960e+08 -1.72094008e+03 1.54464946e+03
-2.27272727e-06 1.48989899e-05 1.00001795e+08 -1.56191885e+03 1.55127501e+03
-1.76767677e-06 1.48989899e-05 1.00001612e+08 -1.39544214e+03 1.60864760e+03
-1.26262626e-06 1.48989899e-05 1.00001359e+08 -1.18748925e+03 1.73172763e+03
-7.57575758e-07 1.48989899e-05 1.00000923e+08 -8.69051932e+02 1.90491125e+03
-2.52525253e-07 1.48989899e-05 1.00000165e+08 -4.32828908e+02 1.88828879e+03
2.52525253e-07 1.48989899e-05 9.99995165e+07 -8.53432939e+02 1.22197403e+03
7.57575758e-07 1.48989899e-05 9.99988202e+07 -1.54506370e+03 1.43510380e+03
1.26262626e-06 1.48989899e-05 9.99989487e+07 -9.89900291e+02 1.04402218e+03
1.76767677e-06 1.48989899e-05 9.99995151e+07 -8.47860125e+02 6.55859194e+02
2.27272727e-06 1.48989899e-05 9.99999808e+07 -8.66011747e+02 4.72874419e+02
2.77777778e-06 1.48989899e-05 1.00000330e+08 -9.02633788e+02 4.28049535e+02
3.28282828e-06 1.48989899e-05 1.00000583e+08 -8.81626477e+02 4.78000859e+02
3.78787879e-06 1.48989899e-05 1.00000758e+08 -7.55897202e+02 5.57468427e+02
4.29292929e-06 1.48989899e-05 1.00000905e+08 -5.81456345e+02 5.76479315e+02
4.79797980e-06 1.48989899e-05 1.00001064e+08 -4.98296008e+02 5.33021455e+02
5.30303030e-06 1.48989899e-05 1.00001191e+08 -5.43767602e+02 5.12301898e+02
5.80808081e-06 1.48989899e-05 1.00001241e+08 -6.44629908e+02 5.47329095e+02
6.31313131e-06 1.48989899e-05 1.00001228e+08 -7.42530820e+02 6.12417651e+02
6.81818182e-06 1.48989899e-05 1.00001183e+08 -8.21870014e+02 6.79774543e+02
7.32323232e-06 1.48989899e-05 1.00001127e+08 -8.85900304e+02 7.36108927e+02
7.82828283e-06 1.48989899e-05 1.00001074e+08 -9.40952282e+02 7.77661977e+02
8.33333333e-06 1.48989899e-05 1.00001026e+08 -9.91740530e+02 8.04503369e+02
8.83838384e-06 1.48989899e-05 1.00000986e+08 -1.04090847e+03 8.17694357e+02
9.34343434e-06 1.48989899e-05 1.00000951e+08 -1.08952072e+03 8.18254439e+02
9.84848485e-06 1.48989899e-05 1.00000920e+08 -1.13756135e+03 8.06909286e+02
1.03535354e-05 1.48989899e-05 1.00000891e+08 -1.18428030e+03 7.84121597e+02
1.08585859e-05 1.48989899e-05 1.00000863e+08 -1.22841656e+03 7.50206231e+02
1.13636364e-05 1.48989899e-05 1.00000835e+08 -1.26834861e+03 7.05458770e+02
1.18686869e-05 1.48989899e-05 1.00000804e+08 -1.30221004e+03 6.50274364e+02
1.23737374e-05 1.48989899e-05 1.00000771e+08 -1.32799450e+03 5.85249288e+02
1.28787879e-05 1.48989899e-05 1.00000733e+08 -1.34366328e+03 5.11261402e+02
1.33838384e-05 1.48989899e-05 1.00000691e+08 -1.34726127e+03 4.29525834e+02
1.38888889e-05 1.48989899e-05 1.00000645e+08 -1.33704135e+03 3.41621694e+02
1.43939394e-05 1.48989899e-05 1.00000595e+08 -1.31159224e+03 2.49485870e+02
1.48989899e-05 1.48989899e-05 1.00000541e+08 -1.26996151e+03 1.55371289e+02
1.54040404e-05 1.48989899e-05 1.00000486e+08 -1.21176267e+03 6.17696267e+01
1.59090909e-05 1.48989899e-05 1.00000429e+08 -1.13725449e+03 -2.86980478e+01
1.64141414e-05 1.48989899e-05 1.00000374e+08 -1.04738160e+03 -1.13415220e+02
1.69191919e-05 1.48989899e-05 1.00000321e+08 -9.43768040e+02 -1.89917327e+02
1.74242424e-05 1.48989899e-05 1.00000273e+08 -8.28660369e+02 -2.56038786e+02
1.79292929e-05 1.48989899e-05 1.00000231e+08 -7.04822020e+02 -3.10044836e+02
1.84343434e-05 1.48989899e-05 1.00000196e+08 -5.75386923e+02 -3.50734478e+02
1.89393939e-05 1.48989899e-05 1.00000171e+08 -4.43685090e+02 -3.77503836e+02
1.94444444e-05 1.48989899e-05 1.00000154e+08 -3.13056371e+02 -3.90363961e+02
1.99494949e-05 1.48989899e-05 1.00000148e+08 -1.86669641e+02 -3.89912526e+02
2.04545455e-05 1.48989899e-05 1.00000150e+08 -6.73633881e+01 -3.77264244e+02
2.09595960e-05 1.48989899e-05 1.00000162e+08 4.24796837e+01 -3.53949160e+02
2.14646465e-05 1.48989899e-05 1.00000181e+08 1.41016134e+02 -3.21790784e+02
2.19696970e-05 1.48989899e-05 1.00000206e+08 2.26980721e+02 -2.82776895e+02
2.24747475e-05 1.48989899e-05 1.00000237e+08 2.99683058e+02 -2.38935031e+02
2.29797980e-05 1.48989899e-05 1.00000270e+08 3.58968170e+02 -1.92222438e+02
2.34848485e-05 1.48989899e-05 1.00000306e+08 4.05149697e+02 -1.44437211e+02
2.39898990e-05 1.48989899e-05 1.00000342e+08 4.38925499e+02 -9.71540786e+01
2.44949495e-05 1.48989899e-05 1.00000377e+08 4.61285219e+02 -5.16852863e+01
2.50000000e-05 1.48989899e-05 1.00000410e+08 4.73418099e+02 -9.06457670e+00
-2.50000000e-05 1.54040404e-05 1.00002588e+08 -2.01126774e+03 1.52249705e+03
-2.44949495e-05 1.54040404e-05 1.00002861e+08 -2.22954568e+03 1.68001367e+03
-2.39898990e-05 1.54040404e-05 1.00003179e+08 -2.48405363e+03 1.86219664e+03
-2.34848485e-05 1.54040404e-05 1.00003552e+08 -2.78327555e+03 2.07447022e+03
-2.29797980e-05 1.54040404e-05 1.00003993e+08 -3.13835751e+03 2.32381421e+03
-2.24747475e-05 1.54040404e-05 1.00004519e+08 -3.56418545e+03 2.61931487e+03
-2.19696970e-05 1.54040404e-05 1.00005152e+08 -4.08101278e+03 2.97294757e+03
-2.14646465e-05 1.54040404e-05 1.00005924e+08 -4.71698668e+03 3.40070113e+03
-2.09595960e-05 1.54040404e-05 1.00006874e+08 -5.51219564e+03 3.92420988e+03
-2.04545455e-05 1.54040404e-05 1.00008060e+08 -6.52539810e+03 4.57313718e+03
-1.99494949e-05 1.54040404e-05 1.00009561e+08 -7.84570796e+03 5.38865137e+03
-1.94444444e-05 1.54040404e-05 1.00011487e+08 -9.61397898e+03 6.42840473e+03
-1.89393939e-05 1.54040404e-05 1.00013993e+08 -1.20645055e+04 7.77328616e+03
-1.84343434e-05 1.54040404e-05 1.00017285e+08 -1.56129290e+04 9.53530312e+03
-1.79292929e-05 1.54040404e-05 1.00021601e+08 -2.10601028e+04 1.18631456e+04
-1.74242424e-05 1.54040404e-05 1.00027043e+08 -3.01218236e+04 1.49407141e+04
-1.69191919e-05 1.54040404e-05 1.00032863e+08 -4.69822430e+04 1.90516755e+04
-1.64141414e-05 1.54040404e-05 1.00035067e+08 -8.31640699e+04 2.58090104e+04
-1.59090909e-05 1.54040404e-05 1.00024955e+08 -1.68540266e+05 5.04435577e+04
-1.54040404e-05 1.54040404e-05 1.00033505e+08 -3.20472633e+05 1.71752853e+05
-1.48989899e-05 1.54040404e-05 9.99437152e+07 -4.20908302e+05 1.37585962e+05
-1.43939394e-05 1.54040404e-05 9.99794989e+07 -5.94947472e+05 1.97221944e+05
-1.38888889e-05 1.54040404e-05 1.00036780e+08 -3.21259410e+05 4.49139043e+04
-1.33838384e-05 1.54040404e-05 1.00069209e+08 -1.27066547e+05 3.30695884e+04
-1.28787879e-05 1.54040404e-05 1.00054606e+08 -6.68286649e+04 2.76268332e+04
-1.23737374e-05 1.54040404e-05 1.00039683e+08 -4.13561882e+04 2.10575821e+04
-1.18686869e-05 1.54040404e-05 1.00029260e+08 -2.81083097e+04 1.59862373e+04
-1.13636364e-05 1.54040404e-05 1.00022192e+08 -2.03306481e+04 1.23607890e+04
-1.08585859e-05 1.54040404e-05 1.00017297e+08 -1.53810052e+04 9.77152892e+03
-1.03535354e-05 1.54040404e-05 1.00013806e+08 -1.20408868e+04 7.88899562e+03
-9.84848485e-06 1.54040404e-05 1.00011245e+08 -9.68318800e+03 6.49014085e+03
-9.34343434e-06 1.54040404e-05 1.00009319e+08 -7.95834077e+03 5.42839385e+03
-8.83838384e-06 1.54040404e-05 1.00007839e+08 -6.65910758e+03 4.60682916e+03
-8.33333333e-06 1.54040404e-05 1.00006680e+08 -5.65641894e+03 3.96023431e+03
-7.82828283e-06 1.54040404e-05 1.00005757e+08 -4.86656789e+03 3.44384631e+03
-7.32323232e-06 1.54040404e-05 1.00005012e+08 -4.23340129e+03 3.02633142e+03
-6.81818182e-06 1.54040404e-05 1.00004405e+08 -3.71816207e+03 2.68536635e+03
-6.31313131e-06 1.54040404e-05 1.00003905e+08 -3.29344882e+03 2.40481528e+03
-5.80808081e-06 1.54040404e-05 1.00003490e+08 -2.93949415e+03 2.17290186e+03
-5.30303030e-06 1.54040404e-05 1.00003144e+08 -2.64180087e+03 1.98102027e+03
-4.79797980e-06 1.54040404e-05 1.00002855e+08 -2.38960122e+03 1.82297789e+03
-4.29292929e-06 1.54040404e-05 1.00002615e+08 -2.17482959e+03 1.69456037e+03
-3.78787879e-06 1.54040404e-05 1.00002416e+08 -1.99142155e+03 1.59338934e+03
-3.28282828e-06 1.54040404e-05 1.00002255e+08 -1.83481383e+03 1.51914083e+03
-2.77777778e-06 1.54040404e-05 1.00002128e+08 -1.70152900e+03 1.47437715e+03
-2.27272727e-06 1.54040404e-05 1.00002034e+08 -1.58863066e+03 1.46671143e+03
-1.76767677e-06 1.54040404e-05 1.00001972e+08 -1.49232882e+03 1.51443510e+03
-1.26262626e-06 1.54040404e-05 1.00001931e+08 -1.40239248e+03 1.66273316e+03
-7.57575758e-07 1.54040404e-05 1.00001849e+08 -1.27197686e+03 2.03789622e+03
-2.52525253e-07 1.54040404e-05 1.00001257e+08 -7.92107511e+02 3.02814847e+03
2.52525253e-07 1.54040404e-05 9.99971273e+07 1.39857447e+03 3.52015942e+03
7.57575758e-07 1.54040404e-05 9.99934797e+07 9.64169510e+02 3.05675038e+03
1.26262626e-06 1.54040404e-05 9.99981262e+07 -3.16164781e+02 6.39460382e+02
1.76767677e-06 1.54040404e-05 9.99994881e+07 -6.41483424e+02 1.17670013e+02
2.27272727e-06 1.54040404e-05 1.00000084e+08 -8.02389275e+02 -1.39569399e+00
2.77777778e-06 1.54040404e-05 1.00000491e+08 -9.39599953e+02 -2.93392192e-01
3.28282828e-06 1.54040404e-05 1.00000823e+08 -1.00910662e+03 1.12823875e+02
3.78787879e-06 1.54040404e-05 1.00001052e+08 -8.68155459e+02 3.11176910e+02
4.29292929e-06 1.54040404e-05 1.00001235e+08 -5.53375239e+02 3.85859958e+02
4.79797980e-06 1.54040404e-05 1.00001464e+08 -4.50672954e+02 3.15915669e+02
5.30303030e-06 1.54040404e-05 1.00001580e+08 -5.83862023e+02 3.39664098e+02
5.80808081e-06 1.54040404e-05 1.00001538e+08 -7.32320703e+02 4.52570592e+02
6.31313131e-06 1.54040404e-05 1.00001427e+08 -8.30603600e+02 5.70126231e+02
6.81818182e-06 1.54040404e-05 1.00001308e+08 -8.92321459e+02 6.60734273e+02
7.32323232e-06 1.54040404e-05 1.00001205e+08 -9.36196726e+02 7.22740681e+02
7.82828283e-06 1.54040404e-05 1.00001120e+08 -9.73232789e+02 7.61556668e+02
8.33333333e-06 1.54040404e-05 1.00001052e+08 -1.00865665e+03 7.82327171e+02
8.83838384e-06 1.54040404e-05 1.00000997e+08 -1.04450856e+03 7.88625670e+02
9.34343434e-06 1.54040404e-05 1.00000952e+08 -1.08115606e+03 7.82676194e+02
9.84848485e-06 1.54040404e-05 1.00000913e+08 -1.11806021e+03 7.65792801e+02
1.03535354e-05 1.54040404e-05 1.00000878e+08 -1.15415520e+03 7.38747205e+02
1.08585859e-05 1.54040404e-05 1.00000845e+08 -1.18804539e+03 7.02036856e+02
1.13636364e-05 1.54040404e-05 1.00000812e+08 -1.21812153e+03 6.56076586e+02
1.18686869e-05 1.54040404e-05 1.00000779e+08 -1.24264596e+03 6.01337338e+02
1.23737374e-05 1.54040404e-05 1.00000743e+08 -1.25983050e+03 5.38447158e+02
1.28787879e-05 1.54040404e-05 1.00000704e+08 -1.26791817e+03 4.68262273e+02
1.33838384e-05 1.54040404e-05 1.00000661e+08 -1.26527206e+03 3.91911120e+02
1.38888889e-05 1.54040404e-05 1.00000616e+08 -1.25047030e+03 3.10811394e+02
1.43939394e-05 1.54040404e-05 1.00000568e+08 -1.22240259e+03 2.26659242e+02
1.48989899e-05 1.54040404e-05 1.00000517e+08 -1.18036118e+03 1.41390201e+02
1.54040404e-05 1.54040404e-05 1.00000465e+08 -1.12411818e+03 5.71130895e+01
1.59090909e-05 1.54040404e-05 1.00000412e+08 -1.05398010e+03 -2.39796005e+01
1.64141414e-05 1.54040404e-05 1.00000361e+08 -9.70812178e+02 -9.97185751e+01
1.69191919e-05 1.54040404e-05 1.00000312e+08 -8.76026856e+02 -1.68073263e+02
1.74242424e-05 1.54040404e-05 1.00000268e+08 -7.71534206e+02 -2.27265683e+02
1.79292929e-05 1.54040404e-05 1.00000229e+08 -6.59656298e+02 -2.75871861e+02
1.84343434e-05 1.54040404e-05 1.00000197e+08 -5.43011354e+02 -3.12900898e+02
1.89393939e-05 1.54040404e-05 1.00000173e+08 -4.24377181e+02 -3.37844018e+02
1.94444444e-05 1.54040404e-05 1.00000157e+08 -3.06545634e+02 -3.50689270e+02
1.99494949e-05 1.54040404e-05 1.00000149e+08 -1.92180697e+02 -3.51901360e+02
2.04545455e-05 1.54040404e-05 1.00000150e+08 -8.36919261e+01 -3.42369916e+02
2.09595960e-05 1.54040404e-05 1.00000158e+08 1.68672714e+01 -3.23332616e+02
2.14646465e-05 1.54040404e-05 1.00000173e+08 1.07870281e+02 -2.96281731e+02
2.19696970e-05 1.54040404e-05 1.00000194e+08 1.88154321e+02 -2.62863450e+02
2.24747475e-05 1.54040404e-05 1.00000220e+08 2.57024892e+02 -2.24778970e+02
2.29797980e-05 1.54040404e-05 1.00000249e+08 3.14231588e+02 -1.83694943e+02
2.34848485e-05 1.54040404e-05 1.00000280e+08 3.59921292e+02 -1.41168796e+02
2.39898990e-05 1.54040404e-05 1.00000312e+08 3.94575772e+02 -9.85921643e+01
2.44949495e-05 1.54040404e-05 1.00000343e+08 4.18940823e+02 -5.71534176e+01
2.50000000e-05 1.54040404e-05 1.00000374e+08 4.33953404e+02 -1.78184103e+01
-2.50000000e-05 1.59090909e-05 1.00002668e+08 -2.16410536e+03 1.59639340e+03
-2.44949495e-05 1.59090909e-05 1.00002955e+08 -2.40617733e+03 1.76514491e+03
-2.39898990e-05 1.59090909e-05 1.00003290e+08 -2.68970483e+03 1.96112998e+03
-2.34848485e-05 1.59090909e-05 1.00003685e+08 -3.02467912e+03 2.19055442e+03
-2.29797980e-05 1.59090909e-05 1.00004153e+08 -3.42429713e+03 2.46148250e+03
-2.24747475e-05 1.59090909e-05 1.00004714e+08 -3.90627642e+03 2.78453433e+03
-2.19696970e-05 1.59090909e-05 1.00005395e+08 -4.49484212e+03 3.17390143e+03
-2.14646465e-05 1.59090909e-05 1.00006230e+08 -5.22380638e+03 3.64885236e+03
-2.09595960e-05 1.59090909e-05 1.00007269e+08 -6.14148038e+03 4.23600783e+03
-2.04545455e-05 1.59090909e-05 1.00008581e+08 -7.31877085e+03 4.97284584e+03
-1.99494949e-05 1.59090909e-05 1.00010271e+08 -8.86303877e+03 5.91320357e+03
-1.94444444e-05 1.59090909e-05 1.00012490e+08 -1.09428888e+04 7.13604663e+03
-1.89393939e-05 1.59090909e-05 1.00015479e+08 -1.38348816e+04 8.75952174e+03
-1.84343434e-05 1.59090909e-05 1.00019617e+08 -1.80172849e+04 1.09629718e+04
-1.79292929e-05 1.59090909e-05 1.00025538e+08 -2.43736478e+04 1.40176195e+04
-1.74242424e-05 1.59090909e-05 1.00034305e+08 -3.46831780e+04 1.83069818e+04
-1.69191919e-05 1.59090909e-05 1.00047641e+08 -5.29921419e+04 2.41922112e+04
-1.64141414e-05 1.59090909e-05 1.00067086e+08 -9.05143941e+04 3.07914149e+04
-1.59090909e-05 1.59090909e-05 1.00078824e+08 -1.92512112e+05 2.92311376e+04
-1.54040404e-05 1.59090909e-05 9.99864656e+07 -5.78981609e+05 9.31499136e+04
-1.48989899e-05 1.59090909e-05 1.16857346e+08 -2.48903484e+07 5.60996415e+06
-1.43939394e-05 1.59090909e-05 1.00081211e+08 -3.34894673e+05 2.85742583e+05
-1.38888889e-05 1.59090909e-05 1.00015644e+08 -2.17693115e+05 9.36989301e+04
-1.33838384e-05 1.59090909e-05 1.00022974e+08 -1.12642868e+05 3.27401018e+04
-1.28787879e-05 1.59090909e-05 1.00028624e+08 -6.02812135e+04 1.98291036e+04
-1.23737374e-05 1.59090909e-05 1.00026408e+08 -3.64934970e+04 1.52466377e+04
-1.18686869e-05 1.59090909e-05 1.00022115e+08 -2.45009248e+04 1.22369440e+04
-1.13636364e-05 1.59090909e-05 1.00018059e+08 -1.76863316e+04 9.93224688e+03
-1.08585859e-05 1.59090909e-05 1.00014744e+08 -1.34304626e+04 8.14587187e+03
-1.03535354e-05 1.59090909e-05 1.00012139e+08 -1.05806811e+04 6.76016575e+03
-9.84848485e-06 1.59090909e-05 1.00010108e+08 -8.57097111e+03 5.67915308e+03
-9.34343434e-06 1.59090909e-05 1.00008514e+08 -7.09651304e+03 4.82789874e+03
-8.83838384e-06 1.59090909e-05 1.00007253e+08 -5.98058317e+03 4.15021195e+03
-8.33333333e-06 1.59090909e-05 1.00006243e+08 -5.11454527e+03 3.60468523e+03
-7.82828283e-06 1.59090909e-05 1.00005426e+08 -4.42841527e+03 3.16090567e+03
-7.32323232e-06 1.59090909e-05 1.00004760e+08 -3.87536781e+03 2.79644549e+03
-6.81818182e-06 1.59090909e-05 1.00004211e+08 -3.42309047e+03 2.49464212e+03
-6.31313131e-06 1.59090909e-05 1.00003757e+08 -3.04872041e+03 2.24301043e+03
-5.80808081e-06 1.59090909e-05 1.00003379e+08 -2.73575950e+03 2.03212030e+03
-5.30303030e-06 1.59090909e-05 1.00003065e+08 -2.47213614e+03 1.85480656e+03
-4.79797980e-06 1.59090909e-05 1.00002806e+08 -2.24896381e+03 1.70561566e+03
-4.29292929e-06 1.59090909e-05 1.00002593e+08 -2.05974811e+03 1.58042355e+03
-3.78787879e-06 1.59090909e-05 1.00002425e+08 -1.89991167e+03 1.47618302e+03
-3.28282828e-06 1.59090909e-05 1.00002300e+08 -1.76659026e+03 1.39077432e+03
-2.77777778e-06 1.59090909e-05 1.00002223e+08 -1.65874787e+03 1.32293830e+03
-2.27272727e-06 1.59090909e-05 1.00002204e+08 -1.57783756e+03 1.27223313e+03
-1.76767677e-06 1.59090909e-05 1.00002271e+08 -1.52972204e+03 1.23870093e+03
-1.26262626e-06 1.59090909e-05 1.00002493e+08 -1.53022185e+03 1.22035127e+03
-7.57575758e-07 1.59090909e-05 1.00003073e+08 -1.62333859e+03 1.19460367e+03
-2.52525253e-07 1.59090909e-05 1.00004875e+08 -1.94486997e+03 9.29894118e+02
2.52525253e-07 1.59090909e-05 1.00014298e+08 -1.15407557e+03 -4.37740780e+03
7.57575758e-07 1.59090909e-05 1.00000722e+08 4.57083242e+03 1.59131949e+04
1.26262626e-06 1.59090909e-05 1.00034815e+08 -6.64134697e+03 7.37111691e+03
1.76767677e-06 1.59090909e-05 1.00005190e+08 7.42578306e+03 -5.97960584e+03
2.27272727e-06 1.59090909e-05 9.99995337e+07 1.86723840e+03 -9.80387949e+02
2.77777778e-06 1.59090909e-05 1.00000273e+08 -4.40573119e+02 -4.29403986e+02
3.28282828e-06 1.59090909e-05 1.00000987e+08 -1.11430815e+03 -4.09706269e+02
3.78787879e-06 1.59090909e-05 1.00001505e+08 -1.16087519e+03 -9.05038016e+01
4.29292929e-06 1.59090909e-05 1.00001815e+08 -4.71745972e+02 1.26652111e+02
4.79797980e-06 1.59090909e-05 1.00002225e+08 -4.43794978e+02 -1.22055846e+01
5.30303030e-06 1.59090909e-05 1.00002136e+08 -7.55469228e+02 2.17314084e+02
5.80808081e-06 1.59090909e-05 1.00001839e+08 -8.96785192e+02 4.60666387e+02
6.31313131e-06 1.59090909e-05 1.00001575e+08 -9.45204908e+02 6.13452214e+02
6.81818182e-06 1.59090909e-05 1.00001377e+08 -9.64851099e+02 7.00290710e+02
7.32323232e-06 1.59090909e-05 1.00001233e+08 -9.79223940e+02 7.47533961e+02
7.82828283e-06 1.59090909e-05 1.00001127e+08 -9.95646750e+02 7.70496077e+02
8.33333333e-06 1.59090909e-05 1.00001047e+08 -1.01583027e+03 7.77256739e+02
8.83838384e-06 1.59090909e-05 1.00000985e+08 -1.03951336e+03 7.72000841e+02
9.34343434e-06 1.59090909e-05 1.00000934e+08 -1.06569924e+03 7.56882290e+02
9.84848485e-06 1.59090909e-05 1.00000891e+08 -1.09308351e+03 7.33005010e+02
1.03535354e-05 1.59090909e-05 1.00000854e+08 -1.12020758e+03 7.00951296e+02
1.08585859e-05 1.59090909e-05 1.00000818e+08 -1.14552087e+03 6.61082034e+02
1.13636364e-05 1.59090909e-05 1.00000783e+08 -1.16741774e+03 6.13718881e+02
1.18686869e-05 1.59090909e-05 1.00000748e+08 -1.18427349e+03 5.59261777e+02
1.23737374e-05 1.59090909e-05 1.00000711e+08 -1.19448865e+03 4.98267229e+02
1.28787879e-05 1.59090909e-05 1.00000672e+08 -1.19654360e+03 4.31498928e+02
1.33838384e-05 1.59090909e-05 1.00000631e+08 -1.18906264e+03 3.59955241e+02
1.38888889e-05 1.59090909e-05 1.00000587e+08 -1.17088425e+03 2.84874827e+02
1.43939394e-05 1.59090909e-05 1.00000540e+08 -1.14113255e+03 2.07720487e+02
1.48989899e-05 1.59090909e-05 1.00000492e+08 -1.09928396e+03 1.30141552e+02
1.54040404e-05 1.59090909e-05 1.00000444e+08 -1.04522227e+03 5.39162982e+01
1.59090909e-05 1.59090909e-05 1.00000395e+08 -9.79275723e+02 -1.91225099e+01
1.64141414e-05 1.59090909e-05 1.00000348e+08 -9.02230300e+02 -8.71739474e+01
1.69191919e-05 1.59090909e-05 1.00000303e+08 -8.15315648e+02 -1.48560547e+02
1.74242424e-05 1.59090909e-05 1.00000262e+08 -7.20162257e+02 -2.01817531e+02
1.79292929e-05 1.59090909e-05 1.00000227e+08 -6.18731606e+02 -2.45771749e+02
1.84343434e-05 1.59090909e-05 1.00000197e+08 -5.13223795e+02 -2.79603138e+02
1.89393939e-05 1.59090909e-05 1.00000174e+08 -4.05969693e+02 -3.02883167e+02
1.94444444e-05 1.59090909e-05 1.00000158e+08 -2.99316259e+02 -3.15587089e+02
1.99494949e-05 1.59090909e-05 1.00000149e+08 -1.95514289e+02 -3.18079570e+02
2.04545455e-05 1.59090909e-05 1.00000148e+08 -9.66173060e+01 -3.11075967e+02
2.09595960e-05 1.59090909e-05 1.00000154e+08 -4.39875102e+00 -2.95583837e+02
2.14646465e-05 1.59090909e-05 1.00000166e+08 7.97076004e+01 -2.72830842e+02
2.19696970e-05 1.59090909e-05 1.00000183e+08 1.54641719e+02 -2.44185928e+02
2.24747475e-05 1.59090909e-05 1.00000205e+08 2.19726182e+02 -2.11080545e+02
2.29797980e-05 1.59090909e-05 1.00000230e+08 2.74652322e+02 -1.74935775e+02
2.34848485e-05 1.59090909e-05 1.00000257e+08 3.19447786e+02 -1.37099866e+02
2.39898990e-05 1.59090909e-05 1.00000285e+08 3.54430577e+02 -9.87990396e+01
2.44949495e-05 1.59090909e-05 1.00000314e+08 3.80154873e+02 -6.11027989e+01
2.50000000e-05 1.59090909e-05 1.00000342e+08 3.97353638e+02 -2.49035272e+01
-2.50000000e-05 1.64141414e-05 1.00002649e+08 -2.32031405e+03 1.59928919e+03
-2.44949495e-05 1.64141414e-05 1.00002927e+08 -2.58651859e+03 1.76356035e+03
-2.39898990e-05 1.64141414e-05 1.00003251e+08 -2.89938818e+03 1.95305516e+03
-2.34848485e-05 1.64141414e-05 1.00003630e+08 -3.27037333e+03 2.17307717e+03
-2.29797980e-05 1.64141414e-05 1.00004076e+08 -3.71463357e+03 2.43032969e+03
-2.24747475e-05 1.64141414e-05 1.00004607e+08 -4.25255818e+03 2.73334359e+03
-2.19696970e-05 1.64141414e-05 1.00005243e+08 -4.91205459e+03 3.09303913e+03
-2.14646465e-05 1.64141414e-05 1.00006014e+08 -5.73207270e+03 3.52344815e+03
-2.09595960e-05 1.64141414e-05 1.00006958e+08 -6.76817358e+03 4.04259616e+03
-2.04545455e-05 1.64141414e-05 1.00008127e+08 -8.10158371e+03 4.67345042e+03
-1.99494949e-05 1.64141414e-05 1.00009594e+08 -9.85439398e+03 5.44455753e+03
-1.94444444e-05 1.64141414e-05 1.00011460e+08 -1.22160051e+04 6.38918705e+03
-1.89393939e-05 1.64141414e-05 1.00013870e+08 -1.54910437e+04 7.53949043e+03
-1.84343434e-05 1.64141414e-05 1.00017024e+08 -2.01902968e+04 8.90541663e+03
-1.79292929e-05 1.64141414e-05 1.00021208e+08 -2.72129055e+04 1.04073079e+04
-1.74242424e-05 1.64141414e-05 1.00026802e+08 -3.82368825e+04 1.16624336e+04
-1.69191919e-05 1.64141414e-05 1.00034281e+08 -5.66413001e+04 1.12746679e+04
-1.64141414e-05 1.64141414e-05 1.00044241e+08 -9.01182405e+04 4.18594369e+03
-1.59090909e-05 1.64141414e-05 1.00059380e+08 -1.62303713e+05 -3.11396407e+04
-1.54040404e-05 1.64141414e-05 1.00120004e+08 -5.40823201e+05 -3.13657235e+05
-1.48989899e-05 1.64141414e-05 1.00174297e+08 1.12280172e+05 4.96275629e+05
-1.43939394e-05 1.64141414e-05 9.99900181e+07 -1.14620481e+05 1.74394107e+05
-1.38888889e-05 1.64141414e-05 9.99744433e+07 -1.21391428e+05 7.09855748e+04
-1.33838384e-05 1.64141414e-05 9.99846412e+07 -8.57592717e+04 2.51413245e+04
-1.28787879e-05 1.64141414e-05 9.99983980e+07 -5.37154755e+04 1.08188166e+04
-1.23737374e-05 1.64141414e-05 1.00006318e+08 -3.41047282e+04 7.27535240e+03
-1.18686869e-05 1.64141414e-05 1.00009378e+08 -2.29586824e+04 6.28462827e+03
-1.13636364e-05 1.64141414e-05 1.00009930e+08 -1.64325304e+04 5.71642620e+03
-1.08585859e-05 1.64141414e-05 1.00009421e+08 -1.23789021e+04 5.17774271e+03
-1.03535354e-05 1.64141414e-05 1.00008547e+08 -9.70497960e+03 4.64496031e+03
-9.84848485e-06 1.64141414e-05 1.00007611e+08 -7.84654835e+03 4.14342561e+03
-9.34343434e-06 1.64141414e-05 1.00006731e+08 -6.49822691e+03 3.68996923e+03
-8.83838384e-06 1.64141414e-05 1.00005948e+08 -5.48545161e+03 3.28986792e+03
-8.33333333e-06 1.64141414e-05 1.00005269e+08 -4.70306704e+03 2.94151743e+03
-7.82828283e-06 1.64141414e-05 1.00004687e+08 -4.08469091e+03 2.64018987e+03
-7.32323232e-06 1.64141414e-05 1.00004190e+08 -3.58668952e+03 2.38016882e+03
-6.81818182e-06 1.64141414e-05 1.00003767e+08 -3.17938674e+03 2.15579288e+03
-6.31313131e-06 1.64141414e-05 1.00003408e+08 -2.84202209e+03 1.96189161e+03
-5.80808081e-06 1.64141414e-05 1.00003105e+08 -2.55974198e+03 1.79390896e+03
-5.30303030e-06 1.64141414e-05 1.00002850e+08 -2.32174263e+03 1.64787028e+03
-4.79797980e-06 1.64141414e-05 1.00002639e+08 -2.12009327e+03 1.52026479e+03
-4.29292929e-06 1.64141414e-05 1.00002469e+08 -1.94897821e+03 1.40786092e+03
-3.78787879e-06 1.64141414e-05 1.00002338e+08 -1.80420547e+03 1.30742335e+03
-3.28282828e-06 1.64141414e-05 1.00002249e+08 -1.68288024e+03 1.21522647e+03
-2.77777778e-06 1.64141414e-05 1.00002208e+08 -1.58312714e+03 1.12609312e+03
-2.27272727e-06 1.64141414e-05 1.00002229e+08 -1.50356305e+03 1.03125522e+03
-1.76767677e-06 1.64141414e-05 1.00002340e+08 -1.44135583e+03 9.13125575e+02
-1.26262626e-06 1.64141414e-05 1.00002588e+08 -1.38358994e+03 7.31883466e+02
-7.57575758e-07 1.64141414e-05 1.00003038e+08 -1.26648424e+03 3.96264933e+02
-2.52525253e-07 1.64141414e-05 1.00003524e+08 -8.21568297e+02 -1.81509049e+02
2.52525253e-07 1.64141414e-05 1.00002708e+08 -4.83142927e+02 4.55729630e+00
7.57575758e-07 1.64141414e-05 1.00001863e+08 -1.21733433e+03 -7.13130471e+02
1.26262626e-06 1.64141414e-05 1.00000861e+08 1.03843512e+03 -1.77829777e+03
1.76767677e-06 1.64141414e-05 1.00006086e+08 5.51526216e+03 -6.06371320e+03
2.27272727e-06 1.64141414e-05 1.00026598e+08 -3.93629176e+03 8.37830664e+03
2.77777778e-06 1.64141414e-05 1.00005474e+08 2.79204210e+03 1.95837536e+04
3.28282828e-06 1.64141414e-05 1.00008228e+08 3.30113140e+02 -6.14521790e+03
3.78787879e-06 1.64141414e-05 1.00003653e+08 -7.52445645e+02 -3.56619833e+03
4.29292929e-06 1.64141414e-05 1.00003411e+08 4.57311043e+02 -7.15710000e+02
4.79797980e-06 1.64141414e-05 1.00003788e+08 -9.41767301e+02 -2.22131939e+02
5.30303030e-06 1.64141414e-05 1.00002610e+08 -1.12485781e+03 4.69232104e+02
5.80808081e-06 1.64141414e-05 1.00001944e+08 -1.07830858e+03 6.96155050e+02
6.31313131e-06 1.64141414e-05 1.00001570e+08 -1.03247606e+03 7.74381908e+02
6.81818182e-06 1.64141414e-05 1.00001342e+08 -1.00625527e+03 8.00730892e+02
7.32323232e-06 1.64141414e-05 1.00001191e+08 -9.96187726e+02 8.05287909e+02
7.82828283e-06 1.64141414e-05 1.00001085e+08 -9.97762875e+02 7.98484365e+02
8.33333333e-06 1.64141414e-05 1.00001007e+08 -1.00750506e+03 7.84178500e+02
8.83838384e-06 1.64141414e-05 1.00000947e+08 -1.02278562e+03 7.63775497e+02
9.34343434e-06 1.64141414e-05 1.00000897e+08 -1.04149385e+03 7.37703493e+02
9.84848485e-06 1.64141414e-05 1.00000855e+08 -1.06180957e+03 7.06008550e+02
1.03535354e-05 1.64141414e-05 1.00000818e+08 -1.08206799e+03 6.68624132e+02
1.08585859e-05 1.64141414e-05 1.00000783e+08 -1.10068751e+03 6.25509308e+02
1.13636364e-05 1.64141414e-05 1.00000748e+08 -1.11613924e+03 5.76729120e+02
1.18686869e-05 1.64141414e-05 1.00000713e+08 -1.12694566e+03 5.22506099e+02
1.23737374e-05 1.64141414e-05 1.00000677e+08 -1.13170031e+03 4.63254209e+02
1.28787879e-05 1.64141414e-05 1.00000638e+08 -1.12910302e+03 3.99598914e+02
1.33838384e-05 1.64141414e-05 1.00000598e+08 -1.11800577e+03 3.32383852e+02
1.38888889e-05 1.64141414e-05 1.00000556e+08 -1.09746471e+03 2.62663386e+02
1.43939394e-05 1.64141414e-05 1.00000513e+08 -1.06679324e+03 1.91680254e+02
1.48989899e-05 1.64141414e-05 1.00000468e+08 -1.02561083e+03 1.20828213e+02
1.54040404e-05 1.64141414e-05 1.00000422e+08 -9.73882398e+02 5.16006943e+01
1.59090909e-05 1.64141414e-05 1.00000378e+08 -9.11943098e+02 -1.44721444e+01
1.64141414e-05 1.64141414e-05 1.00000334e+08 -8.40504606e+02 -7.58941783e+01
1.69191919e-05 1.64141414e-05 1.00000293e+08 -7.60640213e+02 -1.31276941e+02
1.74242424e-05 1.64141414e-05 1.00000256e+08 -6.73748074e+02 -1.79410441e+02
1.79292929e-05 1.64141414e-05 1.00000223e+08 -5.81494011e+02 -2.19325372e+02
1.84343434e-05 1.64141414e-05 1.00000195e+08 -4.85737386e+02 -2.50341492e+02
1.89393939e-05 1.64141414e-05 1.00000173e+08 -3.88445289e+02 -2.72098141e+02
1.94444444e-05 1.64141414e-05 1.00000158e+08 -2.91601494e+02 -2.84564578e+02
1.99494949e-05 1.64141414e-05 1.00000149e+08 -1.97117039e+02 -2.88029783e+02
2.04545455e-05 1.64141414e-05 1.00000146e+08 -1.06748972e+02 -2.83073327e+02
2.09595960e-05 1.64141414e-05 1.00000150e+08 -2.20326944e+01 -2.70520593e+02
2.14646465e-05 1.64141414e-05 1.00000159e+08 5.57682091e+01 -2.51386846e+02
2.19696970e-05 1.64141414e-05 1.00000174e+08 1.25692667e+02 -2.26815256e+02
2.24747475e-05 1.64141414e-05 1.00000192e+08 1.87093229e+02 -1.98013952e+02
2.29797980e-05 1.64141414e-05 1.00000213e+08 2.39629132e+02 -1.66196696e+02
2.34848485e-05 1.64141414e-05 1.00000237e+08 2.83244169e+02 -1.32530780e+02
2.39898990e-05 1.64141414e-05 1.00000262e+08 3.18132981e+02 -9.80946354e+01
2.44949495e-05 1.64141414e-05 1.00000288e+08 3.44699745e+02 -6.38464301e+01
2.50000000e-05 1.64141414e-05 1.00000313e+08 3.63513088e+02 -3.06038329e+01
-2.50000000e-05 1.69191919e-05 1.00002533e+08 -2.46548644e+03 1.52681387e+03
-2.44949495e-05 1.69191919e-05 1.00002782e+08 -2.75208902e+03 1.66998951e+03
-2.39898990e-05 1.69191919e-05 1.00003068e+08 -3.08910175e+03 1.83159934e+03
-2.34848485e-05 1.69191919e-05 1.00003397e+08 -3.48875562e+03 2.01432314e+03
-2.29797980e-05 1.69191919e-05 1.00003777e+08 -3.96712335e+03 2.22102611e+03
-2.24747475e-05 1.69191919e-05 1.00004217e+08 -4.54560893e+03 2.45452040e+03
-2.19696970e-05 1.69191919e-05 1.00004728e+08 -5.25312381e+03 2.71703119e+03
-2.14646465e-05 1.69191919e-05 1.00005323e+08 -6.12931283e+03 3.00907002e+03
-2.09595960e-05 1.69191919e-05 1.00006016e+08 -7.22940087e+03 3.32710962e+03
-2.04545455e-05 1.69191919e-05 1.00006818e+08 -8.63155478e+03 3.65879254e+03
-1.99494949e-05 1.69191919e-05 1.00007734e+08 -1.04481212e+04 3.97293710e+03
-1.94444444e-05 1.69191919e-05 1.00008751e+08 -1.28426320e+04 4.19820624e+03
-1.89393939e-05 1.69191919e-05 1.00009803e+08 -1.60544614e+04 4.17604734e+03
-1.84343434e-05 1.69191919e-05 1.00010707e+08 -2.04295909e+04 3.55221817e+03
-1.79292929e-05 1.69191919e-05 1.00010980e+08 -2.64363246e+04 1.51211015e+03
-1.74242424e-05 1.69191919e-05 1.00009384e+08 -3.45493922e+04 -3.91527351e+03
-1.69191919e-05 1.69191919e-05 1.00002613e+08 -4.43950836e+04 -1.78812467e+04
-1.64141414e-05 1.69191919e-05 9.99813270e+07 -4.94940513e+04 -5.53773168e+04
-1.59090909e-05 1.69191919e-05 9.99222623e+07 1.17587151e+03 -1.61992649e+05
-1.54040404e-05 1.69191919e-05 9.99334353e+07 4.02740009e+05 -2.67851499e+05
-1.48989899e-05 1.69191919e-05 1.00049756e+08 2.59455682e+05 1.76170429e+05
-1.43939394e-05 1.69191919e-05 9.99510069e+07 -2.33157085e+04 1.07795548e+05
-1.38888889e-05 1.69191919e-05 9.99518309e+07 -6.86690865e+04 5.14111307e+04
-1.33838384e-05 1.69191919e-05 9.99647845e+07 -6.31489449e+04 2.05978279e+04
-1.28787879e-05 1.69191919e-05 9.99792047e+07 -4.67115320e+04 7.24556467e+03
-1.23737374e-05 1.69191919e-05 9.99903350e+07 -3.24832250e+04 2.94229953e+03
-1.18686869e-05 1.69191919e-05 9.99973485e+07 -2.26880001e+04 2.06576418e+03
-1.13636364e-05 1.69191919e-05 1.00001260e+08 -1.63474101e+04 2.13821353e+03
-1.08585859e-05 1.69191919e-05 1.00003238e+08 -1.22350780e+04 2.32960031e+03
-1.03535354e-05 1.69191919e-05 1.00004114e+08 -9.49372841e+03 2.43428220e+03
-9.84848485e-06 1.69191919e-05 1.00004391e+08 -7.59983993e+03 2.43790633e+03
-9.34343434e-06 1.69191919e-05 1.00004357e+08 -6.24335816e+03 2.36952981e+03
-8.83838384e-06 1.69191919e-05 1.00004169e+08 -5.23911117e+03 2.25900518e+03
-8.33333333e-06 1.69191919e-05 1.00003916e+08 -4.47378373e+03 2.12803212e+03
-7.82828283e-06 1.69191919e-05 1.00003642e+08 -3.87590181e+03 1.99049649e+03
-7.32323232e-06 1.69191919e-05 1.00003374e+08 -3.39894739e+03 1.85460613e+03
-6.81818182e-06 1.69191919e-05 1.00003122e+08 -3.01172245e+03 1.72482407e+03
-6.31313131e-06 1.69191919e-05 1.00002894e+08 -2.69272003e+03 1.60324233e+03
-5.80808081e-06 1.69191919e-05 1.00002692e+08 -2.42674476e+03 1.49046319e+03
-5.30303030e-06 1.69191919e-05 1.00002516e+08 -2.20282237e+03 1.38611838e+03
-4.79797980e-06 1.69191919e-05 1.00002368e+08 -2.01285973e+03 1.28912702e+03
-4.29292929e-06 1.69191919e-05 1.00002248e+08 -1.85073781e+03 1.19774553e+03
-3.78787879e-06 1.69191919e-05 1.00002156e+08 -1.71162363e+03 1.10941123e+03
-3.28282828e-06 1.69191919e-05 1.00002097e+08 -1.59130203e+03 1.02032229e+03
-2.77777778e-06 1.69191919e-05 1.00002075e+08 -1.48522743e+03 9.24630012e+02
-2.27272727e-06 1.69191919e-05 1.00002095e+08 -1.38666173e+03 8.13119712e+02
-1.76767677e-06 1.69191919e-05 1.00002163e+08 -1.28247559e+03 6.71829038e+02
-1.26262626e-06 1.69191919e-05 1.00002270e+08 -1.14444593e+03 4.84826241e+02
-7.57575758e-07 1.69191919e-05 1.00002346e+08 -9.23424139e+02 2.62206501e+02
-2.52525253e-07 1.69191919e-05 1.00002198e+08 -6.39792912e+02 1.35132133e+02
2.52525253e-07 1.69191919e-05 1.00001794e+08 -7.19425258e+02 2.23981253e+02
7.57575758e-07 1.69191919e-05 1.00001485e+08 -1.16612493e+03 3.61399437e+01
1.26262626e-06 1.69191919e-05 1.00001066e+08 -1.19818472e+03 -2.57826340e+02
1.76767677e-06 1.69191919e-05 1.00000539e+08 -9.70427691e+02 -3.09135642e+02
2.27272727e-06 1.69191919e-05 9.99997829e+07 -5.71294695e+02 -7.47165897e+01
2.77777778e-06 1.69191919e-05 9.99978945e+07 9.87009784e+02 6.88967051e+02
3.28282828e-06 1.69191919e-05 9.99951287e+07 8.73117038e+03 -3.48504615e+02
3.78787879e-06 1.69191919e-05 1.00060805e+08 4.08402178e+03 -2.92360670e+04
4.29292929e-06 1.69191919e-05 1.00008415e+08 -3.08499689e+03 6.20151605e+03
4.79797980e-06 1.69191919e-05 1.00003205e+08 -1.53359785e+03 1.94069458e+03
5.30303030e-06 1.69191919e-05 1.00002066e+08 -1.19949085e+03 1.33793553e+03
5.80808081e-06 1.69191919e-05 1.00001597e+08 -1.07131716e+03 1.11196417e+03
6.31313131e-06 1.69191919e-05 1.00001342e+08 -1.01125335e+03 9.95381492e+02
6.81818182e-06 1.69191919e-05 1.00001183e+08 -9.82891260e+02 9.23188580e+02
7.32323232e-06 1.69191919e-05 1.00001075e+08 -9.72323759e+02 8.71749461e+02
7.82828283e-06 1.69191919e-05 1.00000995e+08 -9.72843470e+02 8.30341819e+02
8.33333333e-06 1.69191919e-05 1.00000934e+08 -9.80589285e+02 7.93335801e+02
8.83838384e-06 1.69191919e-05 1.00000885e+08 -9.92980179e+02 7.57448899e+02
9.34343434e-06 1.69191919e-05 1.00000843e+08 -1.00805664e+03 7.20621887e+02
9.84848485e-06 1.69191919e-05 1.00000806e+08 -1.02417374e+03 6.81509614e+02
1.03535354e-05 1.69191919e-05 1.00000772e+08 -1.03985044e+03 6.39235382e+02
1.08585859e-05 1.69191919e-05 1.00000740e+08 -1.05369703e+03 5.93268765e+02
1.13636364e-05 1.69191919e-05 1.00000707e+08 -1.06438640e+03 5.43364517e+02
1.18686869e-05 1.69191919e-05 1.00000674e+08 -1.07065245e+03 4.89532052e+02
1.23737374e-05 1.69191919e-05 1.00000639e+08 -1.07130665e+03 4.32019002e+02
1.28787879e-05 1.69191919e-05 1.00000603e+08 -1.06526704e+03 3.71299145e+02
1.33838384e-05 1.69191919e-05 1.00000565e+08 -1.05159533e+03 3.08058479e+02
1.38888889e-05 1.69191919e-05 1.00000525e+08 -1.02953802e+03 2.43175441e+02
1.43939394e-05 1.69191919e-05 1.00000485e+08 -9.98567419e+02 1.77692794e+02
1.48989899e-05 1.69191919e-05 1.00000443e+08 -9.58418603e+02 1.12780163e+02
1.54040404e-05 1.69191919e-05 1.00000401e+08 -9.09118024e+02 4.96874891e+01
1.59090909e-05 1.69191919e-05 1.00000360e+08 -8.51000329e+02 -1.03090049e+01
1.64141414e-05 1.69191919e-05 1.00000320e+08 -7.84710393e+02 -6.59656156e+01
1.69191919e-05 1.69191919e-05 1.00000282e+08 -7.11188858e+02 -1.16131092e+02
1.74242424e-05 1.69191919e-05 1.00000248e+08 -6.31640836e+02 -1.59803536e+02
1.79292929e-05 1.69191919e-05 1.00000217e+08 -5.47488995e+02 -1.96180036e+02
1.84343434e-05 1.69191919e-05 1.00000192e+08 -4.60313764e+02 -2.24695214e+02
1.89393939e-05 1.69191919e-05 1.00000171e+08 -3.71784633e+02 -2.45045766e+02
1.94444444e-05 1.69191919e-05 1.00000156e+08 -2.83587391e+02 -2.57199280e+02
1.99494949e-05 1.69191919e-05 1.00000147e+08 -1.97352454e+02 -2.61387074e+02
2.04545455e-05 1.69191919e-05 1.00000144e+08 -1.14589202e+02 -2.58082181e+02
2.09595960e-05 1.69191919e-05 1.00000146e+08 -3.66305168e+01 -2.47964888e+02
2.14646465e-05 1.69191919e-05 1.00000153e+08 3.54094365e+01 -2.31879120e+02
2.19696970e-05 1.69191919e-05 1.00000165e+08 1.00662466e+02 -2.10783482e+02
2.24747475e-05 1.69191919e-05 1.00000180e+08 1.58518336e+02 -1.85700822e+02
2.29797980e-05 1.69191919e-05 1.00000199e+08 2.08622396e+02 -1.57669864e+02
2.34848485e-05 1.69191919e-05 1.00000219e+08 2.50860809e+02 -1.27701826e+02
2.39898990e-05 1.69191919e-05 1.00000242e+08 2.85335971e+02 -9.67441226e+01
2.44949495e-05 1.69191919e-05 1.00000265e+08 3.12335088e+02 -6.56523750e+01
2.50000000e-05 1.69191919e-05 1.00000288e+08 3.32294838e+02 -3.51711280e+01
-2.50000000e-05 1.74242424e-05 1.00002331e+08 -2.58530575e+03 1.38079798e+03
-2.44949495e-05 1.74242424e-05 1.00002534e+08 -2.88468693e+03 1.48750659e+03
-2.39898990e-05 1.74242424e-05 1.00002761e+08 -3.23545709e+03 1.60178243e+03
-2.34848485e-05 1.74242424e-05 1.00003013e+08 -3.64942680e+03 1.72237949e+03
-2.29797980e-05 1.74242424e-05 1.00003292e+08 -4.14176648e+03 1.84654693e+03
-2.24747475e-05 1.74242424e-05 1.00003598e+08 -4.73209813e+03 1.96893917e+03
-2.19696970e-05 1.74242424e-05 1.00003930e+08 -5.44594103e+03 2.07973763e+03
-2.14646465e-05 1.74242424e-05 1.00004279e+08 -6.31657169e+03 2.16136604e+03
-2.09595960e-05 1.74242424e-05 1.00004631e+08 -7.38726027e+03 2.18264459e+03
-2.04545455e-05 1.74242424e-05 1.00004952e+08 -8.71351568e+03 2.08817374e+03
-1.99494949e-05 1.74242424e-05 1.00005178e+08 -1.03639928e+04 1.77861544e+03
-1.94444444e-05 1.74242424e-05 1.00005189e+08 -1.24159316e+04 1.07316686e+03
-1.89393939e-05 1.74242424e-05 1.00004753e+08 -1.49330690e+04 -3.63635480e+02
-1.84343434e-05 1.74242424e-05 1.00003432e+08 -1.78908614e+04 -3.16778742e+03
-1.79292929e-05 1.74242424e-05 1.00000402e+08 -2.09439111e+04 -8.56903598e+03
-1.74242424e-05 1.74242424e-05 9.99941591e+07 -2.27097836e+04 -1.89588626e+04
-1.69191919e-05 1.74242424e-05 9.99823500e+07 -1.85407678e+04 -3.87525295e+04
-1.64141414e-05 1.74242424e-05 9.99638445e+07 6.04567338e+03 -7.36711293e+04
-1.59090909e-05 1.74242424e-05 9.99539691e+07 8.57887071e+04 -1.13138842e+05
-1.54040404e-05 1.74242424e-05 1.00005503e+08 2.10896629e+05 -6.74351835e+04
-1.48989899e-05 1.74242424e-05 1.00043773e+08 1.64517361e+05 6.63632091e+04
-1.43939394e-05 1.74242424e-05 9.99961592e+07 2.82671122e+04 8.22736409e+04
-1.38888889e-05 1.74242424e-05 9.99693129e+07 -3.11078768e+04 4.89965458e+04
-1.33838384e-05 1.74242424e-05 9.99670862e+07 -4.30850545e+04 2.31745014e+04
-1.28787879e-05 1.74242424e-05 9.99740579e+07 -3.82211841e+04 9.13628552e+03
-1.23737374e-05 1.74242424e-05 9.99825348e+07 -2.97176771e+04 2.94456585e+03
-1.18686869e-05 1.74242424e-05 9.99895727e+07 -2.21617797e+04 7.92662782e+02
-1.13636364e-05 1.74242424e-05 9.99945816e+07 -1.64990939e+04 3.55767169e+02
-1.08585859e-05 1.74242424e-05 9.99978674e+07 -1.24908733e+04 5.06413348e+02
-1.03535354e-05 1.74242424e-05 9.99999161e+07 -9.68555266e+03 7.81000853e+02
-9.84848485e-06 1.74242424e-05 1.00001142e+08 -7.70238909e+03 1.01969460e+03
-9.34343434e-06 1.74242424e-05 1.00001842e+08 -6.27258382e+03 1.18448709e+03
-8.83838384e-06 1.74242424e-05 1.00002214e+08 -5.21743921e+03 1.27980195e+03
-8.33333333e-06 1.74242424e-05 1.00002383e+08 -4.42008851e+03 1.32118313e+03
-7.82828283e-06 1.74242424e-05 1.00002431e+08 -3.80382913e+03 1.32425221e+03
-7.32323232e-06 1.74242424e-05 1.00002408e+08 -3.31764527e+03 1.30157326e+03
-6.81818182e-06 1.74242424e-05 1.00002345e+08 -2.92698874e+03 1.26233393e+03
-6.31313131e-06 1.74242424e-05 1.00002263e+08 -2.60798496e+03 1.21286335e+03
-5.80808081e-06 1.74242424e-05 1.00002175e+08 -2.34377557e+03 1.15726890e+03
-5.30303030e-06 1.74242424e-05 1.00002090e+08 -2.12217085e+03 1.09796169e+03
-4.79797980e-06 1.74242424e-05 1.00002012e+08 -1.93409417e+03 1.03601701e+03
-4.29292929e-06 1.74242424e-05 1.00001945e+08 -1.77248496e+03 9.71372266e+02
-3.78787879e-06 1.74242424e-05 1.00001894e+08 -1.63142323e+03 9.02882270e+02
-3.28282828e-06 1.74242424e-05 1.00001860e+08 -1.50526869e+03 8.28277797e+02
-2.77777778e-06 1.74242424e-05 1.00001845e+08 -1.38759372e+03 7.44176711e+02
-2.27272727e-06 1.74242424e-05 1.00001846e+08 -1.26971917e+03 6.46652787e+02
-1.76767677e-06 1.74242424e-05 1.00001854e+08 -1.13921468e+03 5.33888459e+02
-1.26262626e-06 1.74242424e-05 1.00001841e+08 -9.81787286e+02 4.14456074e+02
-7.57575758e-07 1.74242424e-05 1.00001754e+08 -8.00304277e+02 3.23343805e+02
-2.52525253e-07 1.74242424e-05 1.00001547e+08 -6.70240522e+02 3.16154396e+02
2.52525253e-07 1.74242424e-05 1.00001282e+08 -7.34999240e+02 3.57357582e+02
7.57575758e-07 1.74242424e-05 1.00001047e+08 -9.33455753e+02 2.87448553e+02
1.26262626e-06 1.74242424e-05 1.00000770e+08 -1.01112979e+03 1.30260067e+02
1.76767677e-06 1.74242424e-05 1.00000393e+08 -9.25117171e+02 3.15837058e+01
2.27272727e-06 1.74242424e-05 9.99999155e+07 -7.68096600e+02 3.56850665e+01
2.77777778e-06 1.74242424e-05 9.99992648e+07 -6.04045953e+02 1.60969587e+02
3.28282828e-06 1.74242424e-05 9.99981878e+07 -5.32950079e+02 5.92251842e+02
3.78787879e-06 1.74242424e-05 9.99964912e+07 -1.35363040e+03 2.07943037e+03
4.29292929e-06 1.74242424e-05 9.99981434e+07 3.34740325e+02 1.68447558e+03
4.79797980e-06 1.74242424e-05 1.00000033e+08 -1.39608820e+02 2.32890097e+03
5.30303030e-06 1.74242424e-05 1.00000801e+08 -6.74256220e+02 1.72893315e+03
5.80808081e-06 1.74242424e-05 1.00000966e+08 -8.26687031e+02 1.34811251e+03
6.31313131e-06 1.74242424e-05 1.00000976e+08 -8.75572011e+02 1.13318967e+03
6.81818182e-06 1.74242424e-05 1.00000947e+08 -8.96510312e+02 1.00176657e+03
7.32323232e-06 1.74242424e-05 1.00000909e+08 -9.10351038e+02 9.13114274e+02
7.82828283e-06 1.74242424e-05 1.00000872e+08 -9.23296088e+02 8.47200295e+02
8.33333333e-06 1.74242424e-05 1.00000838e+08 -9.37029960e+02 7.93450784e+02
8.83838384e-06 1.74242424e-05 1.00000806e+08 -9.51649688e+02 7.45868032e+02
9.34343434e-06 1.74242424e-05 1.00000776e+08 -9.66627212e+02 7.00842556e+02
9.84848485e-06 1.74242424e-05 1.00000747e+08 -9.81161210e+02 6.56113155e+02
1.03535354e-05 1.74242424e-05 1.00000719e+08 -9.94320630e+02 6.10244823e+02
1.08585859e-05 1.74242424e-05 1.00000691e+08 -1.00511336e+03 5.62354750e+02
1.13636364e-05 1.74242424e-05 1.00000662e+08 -1.01252847e+03 5.11963235e+02
1.18686869e-05 1.74242424e-05 1.00000631e+08 -1.01557054e+03 4.58909425e+02
1.23737374e-05 1.74242424e-05 1.00000599e+08 -1.01329346e+03 4.03300630e+02
1.28787879e-05 1.74242424e-05 1.00000566e+08 -1.00483559e+03 3.45477891e+02
1.33838384e-05 1.74242424e-05 1.00000530e+08 -9.89456501e+02 2.85987701e+02
1.38888889e-05 1.74242424e-05 1.00000494e+08 -9.66573636e+02 2.25553810e+02
1.43939394e-05 1.74242424e-05 1.00000456e+08 -9.35796698e+02 1.65045591e+02
1.48989899e-05 1.74242424e-05 1.00000418e+08 -8.96957211e+02 1.05441259e+02
1.54040404e-05 1.74242424e-05 1.00000379e+08 -8.50130465e+02 4.77856518e+01
1.59090909e-05 1.74242424e-05 1.00000341e+08 -7.95647395e+02 -6.85648164e+00
1.64141414e-05 1.74242424e-05 1.00000305e+08 -7.34094452e+02 -5.74497952e+01
1.69191919e-05 1.74242424e-05 1.00000270e+08 -6.66300377e+02 -1.03037621e+02
1.74242424e-05 1.74242424e-05 1.00000239e+08 -5.93309818e+02 -1.42788165e+02
1.79292929e-05 1.74242424e-05 1.00000211e+08 -5.16344860e+02 -1.76034525e+02
1.84343434e-05 1.74242424e-05 1.00000187e+08 -4.36756614e+02 -2.02305747e+02
1.89393939e-05 1.74242424e-05 1.00000168e+08 -3.55969943e+02 -2.21346769e+02
1.94444444e-05 1.74242424e-05 1.00000153e+08 -2.75424982e+02 -2.33126021e+02
1.99494949e-05 1.74242424e-05 1.00000144e+08 -1.96519364e+02 -2.37830458e+02
2.04545455e-05 1.74242424e-05 1.00000140e+08 -1.20554912e+02 -2.35848870e+02
2.09595960e-05 1.74242424e-05 1.00000141e+08 -4.86920143e+01 -2.27745219e+02
2.14646465e-05 1.74242424e-05 1.00000147e+08 1.80858992e+01 -2.14224459e+02
2.19696970e-05 1.74242424e-05 1.00000156e+08 7.89963232e+01 -1.96093695e+02
2.24747475e-05 1.74242424e-05 1.00000169e+08 1.33469684e+02 -1.74221635e+02
2.29797980e-05 1.74242424e-05 1.00000185e+08 1.81149911e+02 -1.49499097e+02
2.34848485e-05 1.74242424e-05 1.00000203e+08 2.21884887e+02 -1.22802908e+02
2.39898990e-05 1.74242424e-05 1.00000223e+08 2.55708664e+02 -9.49649587e+01
2.44949495e-05 1.74242424e-05 1.00000244e+08 2.82817614e+02 -6.67475343e+01
2.50000000e-05 1.74242424e-05 1.00000265e+08 3.03542794e+02 -3.88254086e+01
-2.50000000e-05 1.79292929e-05 1.00002058e+08 -2.66727702e+03 1.16892039e+03
-2.44949495e-05 1.79292929e-05 1.00002204e+08 -2.96880728e+03 1.22693088e+03
-2.39898990e-05 1.79292929e-05 1.00002358e+08 -3.31910621e+03 1.27899857e+03
-2.34848485e-05 1.79292929e-05 1.00002518e+08 -3.72812645e+03 1.31939693e+03
-2.29797980e-05 1.79292929e-05 1.00002677e+08 -4.20803768e+03 1.33917298e+03
-2.24747475e-05 1.79292929e-05 1.00002829e+08 -4.77358064e+03 1.32432173e+03
-2.19696970e-05 1.79292929e-05 1.00002959e+08 -5.44225500e+03 1.25284596e+03
-2.14646465e-05 1.79292929e-05 1.00003042e+08 -6.23399885e+03 1.08996156e+03
-2.09595960e-05 1.79292929e-05 1.00003041e+08 -7.16958092e+03 7.80183209e+02
-2.04545455e-05 1.79292929e-05 1.00002891e+08 -8.26595782e+03 2.34124938e+02
-1.99494949e-05 1.79292929e-05 1.00002491e+08 -9.52467632e+03 -6.93649332e+02
-1.94444444e-05 1.79292929e-05 1.00001674e+08 -1.09044722e+04 -2.24167810e+03
-1.89393939e-05 1.79292929e-05 1.00000177e+08 -1.22579537e+04 -4.80210795e+03
-1.84343434e-05 1.79292929e-05 9.99976002e+07 -1.31866994e+04 -9.01209341e+03
-1.79292929e-05 1.79292929e-05 9.99933983e+07 -1.27141595e+04 -1.58593640e+04
-1.74242424e-05 1.79292929e-05 9.99870688e+07 -8.58143955e+03 -2.66586579e+04
-1.69191919e-05 1.79292929e-05 9.99790695e+07 4.02516977e+03 -4.22499428e+04
-1.64141414e-05 1.79292929e-05 9.99736576e+07 3.32663761e+04 -5.93217055e+04
-1.59090909e-05 1.79292929e-05 9.99825360e+07 8.31549701e+04 -6.15300153e+04
-1.54040404e-05 1.79292929e-05 1.00011547e+08 1.24434103e+05 -2.33902890e+04
-1.48989899e-05 1.79292929e-05 1.00027684e+08 1.02434271e+05 3.40108316e+04
-1.43939394e-05 1.79292929e-05 1.00010213e+08 3.95437352e+04 5.46172311e+04
-1.38888889e-05 1.79292929e-05 9.99883164e+07 -6.29726210e+03 4.28856409e+04
-1.33838384e-05 1.79292929e-05 9.99783110e+07 -2.52266985e+04 2.53749819e+04
-1.28787879e-05 1.79292929e-05 9.99777985e+07 -2.84323364e+04 1.25607475e+04
-1.23737374e-05 1.79292929e-05 9.99816142e+07 -2.52585068e+04 5.23595039e+03
-1.18686869e-05 1.79292929e-05 9.99864443e+07 -2.05168986e+04 1.69795632e+03
-1.13636364e-05 1.79292929e-05 9.99907830e+07 -1.61212282e+04 2.79946249e+02
-1.08585859e-05 1.79292929e-05 9.99941796e+07 -1.25934009e+04 -1.08159726e+02
-1.03535354e-05 1.79292929e-05 9.99966559e+07 -9.91764584e+03 -6.25222449e+01
-9.84848485e-06 1.79292929e-05 9.99983881e+07 -7.92689880e+03 1.26873719e+02
-9.34343434e-06 1.79292929e-05 9.99995672e+07 -6.44681345e+03 3.33287899e+02
-8.83838384e-06 1.79292929e-05 1.00000353e+08 -5.33645188e+03 5.09108838e+02
-8.33333333e-06 1.79292929e-05 1.00000866e+08 -4.49181513e+03 6.42083558e+02
-7.82828283e-06 1.79292929e-05 1.00001193e+08 -3.83893418e+03 7.34200658e+02
-7.32323232e-06 1.79292929e-05 1.00001393e+08 -3.32583597e+03 7.92104924e+02
-6.81818182e-06 1.79292929e-05 1.00001510e+08 -2.91597620e+03 8.23041104e+02
-6.31313131e-06 1.79292929e-05 1.00001571e+08 -2.58344399e+03 8.33325135e+02
-5.80808081e-06 1.79292929e-05 1.00001598e+08 -2.30961178e+03 8.27909038e+02
-5.30303030e-06 1.79292929e-05 1.00001603e+08 -2.08082222e+03 8.10378823e+02
-4.79797980e-06 1.79292929e-05 1.00001596e+08 -1.88677182e+03 7.83095252e+02
-4.29292929e-06 1.79292929e-05 1.00001585e+08 -1.71933635e+03 7.47366406e+02
-3.78787879e-06 1.79292929e-05 1.00001573e+08 -1.57165250e+03 7.03641095e+02
-3.28282828e-06 1.79292929e-05 1.00001562e+08 -1.43733269e+03 6.51802176e+02
-2.77777778e-06 1.79292929e-05 1.00001553e+08 -1.30979443e+03 5.91777284e+02
-2.27272727e-06 1.79292929e-05 1.00001539e+08 -1.18197994e+03 5.24915344e+02
-1.76767677e-06 1.79292929e-05 1.00001510e+08 -1.04756645e+03 4.56770239e+02
-1.26262626e-06 1.79292929e-05 1.00001444e+08 -9.06453475e+02 4.01083762e+02
-7.57575758e-07 1.79292929e-05 1.00001322e+08 -7.77665157e+02 3.79722782e+02
-2.52525253e-07 1.79292929e-05 1.00001143e+08 -7.09772174e+02 4.03820126e+02
2.52525253e-07 1.79292929e-05 1.00000943e+08 -7.46420813e+02 4.38589669e+02
7.57575758e-07 1.79292929e-05 1.00000748e+08 -8.47870888e+02 4.25609232e+02
1.26262626e-06 1.79292929e-05 1.00000525e+08 -9.14660259e+02 3.71701714e+02
1.76767677e-06 1.79292929e-05 1.00000233e+08 -9.05882507e+02 3.44447635e+02
2.27272727e-06 1.79292929e-05 9.99998593e+07 -8.58524346e+02 4.00960836e+02
2.77777778e-06 1.79292929e-05 9.99994159e+07 -8.48656778e+02 5.76084202e+02
3.28282828e-06 1.79292929e-05 9.99990134e+07 -9.98061210e+02 8.61148249e+02
3.78787879e-06 1.79292929e-05 9.99990828e+07 -1.26878083e+03 9.50545950e+02
4.29292929e-06 1.79292929e-05 9.99994367e+07 -6.40927122e+02 8.39559610e+02
4.79797980e-06 1.79292929e-05 9.99997466e+07 -2.06529915e+02 1.27404639e+03
5.30303030e-06 1.79292929e-05 1.00000202e+08 -4.01458308e+02 1.37349120e+03
5.80808081e-06 1.79292929e-05 1.00000500e+08 -6.03402288e+02 1.25256318e+03
6.31313131e-06 1.79292929e-05 1.00000648e+08 -7.21901272e+02 1.11163392e+03
6.81818182e-06 1.79292929e-05 1.00000713e+08 -7.89303451e+02 9.96526396e+02
7.32323232e-06 1.79292929e-05 1.00000736e+08 -8.31162028e+02 9.07060214e+02
7.82828283e-06 1.79292929e-05 1.00000739e+08 -8.60536057e+02 8.35810907e+02
8.33333333e-06 1.79292929e-05 1.00000731e+08 -8.83583810e+02 7.76222714e+02
8.83838384e-06 1.79292929e-05 1.00000718e+08 -9.03063912e+02 7.23564597e+02
9.34343434e-06 1.79292929e-05 1.00000701e+08 -9.20046488e+02 6.74582459e+02
9.84848485e-06 1.79292929e-05 1.00000682e+08 -9.34731261e+02 6.27069445e+02
1.03535354e-05 1.79292929e-05 1.00000661e+08 -9.46852104e+02 5.79551793e+02
1.08585859e-05 1.79292929e-05 1.00000638e+08 -9.55889688e+02 5.31083873e+02
1.13636364e-05 1.79292929e-05 1.00000613e+08 -9.61193425e+02 4.81118488e+02
1.18686869e-05 1.79292929e-05 1.00000586e+08 -9.62059866e+02 4.29424299e+02
1.23737374e-05 1.79292929e-05 1.00000558e+08 -9.57789901e+02 3.76031113e+02
1.28787879e-05 1.79292929e-05 1.00000527e+08 -9.47735302e+02 3.21190431e+02
1.33838384e-05 1.79292929e-05 1.00000495e+08 -9.31339242e+02 2.65343114e+02
1.38888889e-05 1.79292929e-05 1.00000462e+08 -9.08172275e+02 2.09088993e+02
1.43939394e-05 1.79292929e-05 1.00000427e+08 -8.77963550e+02 1.53155274e+02
1.48989899e-05 1.79292929e-05 1.00000392e+08 -8.40626145e+02 9.83621523e+01
1.54040404e-05 1.79292929e-05 1.00000357e+08 -7.96275027e+02 4.55852257e+01
1.59090909e-05 1.79292929e-05 1.00000322e+08 -7.45236137e+02 -4.28469198e+00
1.64141414e-05 1.79292929e-05 1.00000289e+08 -6.88045464e+02 -5.03829826e+01
1.69191919e-05 1.79292929e-05 1.00000257e+08 -6.25437502e+02 -9.19119271e+01
1.74242424e-05 1.79292929e-05 1.00000229e+08 -5.58323256e+02 -1.28178453e+02
1.79292929e-05 1.79292929e-05 1.00000203e+08 -4.87758735e+02 -1.58626645e+02
1.84343434e-05 1.79292929e-05 1.00000181e+08 -4.14905678e+02 -1.82862957e+02
1.89393939e-05 1.79292929e-05 1.00000163e+08 -3.40986896e+02 -2.00672566e+02
1.94444444e-05 1.79292929e-05 1.00000150e+08 -2.67239044e+02 -2.12025932e+02
1.99494949e-05 1.79292929e-05 1.00000141e+08 -1.94865838e+02 -2.17075420e+02
2.04545455e-05 1.79292929e-05 1.00000136e+08 -1.24994574e+02 -2.16142598e+02
2.09595960e-05 1.79292929e-05 1.00000136e+08 -5.86384839e+01 -2.09697498e+02
2.14646465e-05 1.79292929e-05 1.00000140e+08 3.33315935e+00 -1.98331702e+02
2.19696970e-05 1.79292929e-05 1.00000148e+08 6.02159765e+01 -1.82727390e+02
2.24747475e-05 1.79292929e-05 1.00000159e+08 1.11482008e+02 -1.63624630e+02
2.29797980e-05 1.79292929e-05 1.00000173e+08 1.56782106e+02 -1.41789064e+02
2.34848485e-05 1.79292929e-05 1.00000189e+08 1.95940082e+02 -1.17981868e+02
2.39898990e-05 1.79292929e-05 1.00000206e+08 2.28939948e+02 -9.29334395e+01
2.44949495e-05 1.79292929e-05 1.00000225e+08 2.55907886e+02 -6.73218236e+01
2.50000000e-05 1.79292929e-05 1.00000244e+08 2.77090666e+02 -4.17563881e+01
-2.50000000e-05 1.84343434e-05 1.00001735e+08 -2.70212538e+03 9.03591818e+02
-2.44949495e-05 1.84343434e-05 1.00001818e+08 -2.99352366e+03 9.05126492e+02
-2.39898990e-05 1.84343434e-05 1.00001894e+08 -3.32729199e+03 8.86389512e+02
-2.34848485e-05 1.84343434e-05 1.00001955e+08 -3.71020762e+03 8.37466847e+02
-2.29797980e-05 1.84343434e-05 1.00001993e+08 -4.14963315e+03 7.43904814e+02
-2.24747475e-05 1.84343434e-05 1.00001992e+08 -4.65296678e+03 5.84511811e+02
-2.19696970e-05 1.84343434e-05 1.00001930e+08 -5.22639047e+03 3.28029136e+02
-2.14646465e-05 1.84343434e-05 1.00001774e+08 -5.87224708e+03 -7.19202341e+01
-2.09595960e-05 1.84343434e-05 1.00001473e+08 -6.58375953e+03 -6.84465493e+02
-2.04545455e-05 1.84343434e-05 1.00000958e+08 -7.33461550e+03 -1.61285509e+03
-1.99494949e-05 1.84343434e-05 1.00000125e+08 -8.05866539e+03 -3.01077140e+03
-1.94444444e-05 1.84343434e-05 9.99988325e+07 -8.61075048e+03 -5.10377626e+03
-1.89393939e-05 1.84343434e-05 9.99968997e+07 -8.69237426e+03 -8.21125321e+03
-1.84343434e-05 1.84343434e-05 9.99941387e+07 -7.71583362e+03 -1.27479312e+04
-1.79292929e-05 1.84343434e-05 9.99904772e+07 -4.57776459e+03 -1.91367140e+04
-1.74242424e-05 1.84343434e-05 9.99863008e+07 2.62814768e+03 -2.74477665e+04
-1.69191919e-05 1.84343434e-05 9.99831749e+07 1.66145144e+04 -3.63849576e+04
-1.64141414e-05 1.84343434e-05 9.99846423e+07 3.93086896e+04 -4.13780151e+04
-1.59090909e-05 1.84343434e-05 9.99947338e+07 6.64168463e+04 -3.38678306e+04
-1.54040404e-05 1.84343434e-05 1.00010600e+08 8.16733782e+04 -8.93903605e+03
-1.48989899e-05 1.84343434e-05 1.00018662e+08 6.89476577e+04 2.10365179e+04
-1.43939394e-05 1.84343434e-05 1.00011570e+08 3.63998851e+04 3.63020444e+04
-1.38888889e-05 1.84343434e-05 9.99981628e+07 5.93422988e+03 3.41627592e+04
-1.33838384e-05 1.84343434e-05 9.99882228e+07 -1.20744225e+04 2.43841832e+04
-1.28787879e-05 1.84343434e-05 9.99841552e+07 -1.91410070e+04 1.46525536e+04
-1.23737374e-05 1.84343434e-05 9.99843340e+07 -1.98619156e+04 7.67033506e+03
-1.18686869e-05 1.84343434e-05 9.99866128e+07 -1.78046388e+04 3.45508033e+03
-1.13636364e-05 1.84343434e-05 9.99895125e+07 -1.49620052e+04 1.22155116e+03
-1.08585859e-05 1.84343434e-05 9.99922664e+07 -1.22307765e+04 1.94815683e+02
-1.03535354e-05 1.84343434e-05 9.99945774e+07 -9.91831561e+03 -1.73542199e+02
-9.84848485e-06 1.84343434e-05 9.99963932e+07 -8.06620974e+03 -2.17340959e+02
-9.34343434e-06 1.84343434e-05 9.99977660e+07 -6.61791195e+03 -1.21537382e+02
-8.83838384e-06 1.84343434e-05 9.99987795e+07 -5.49371435e+03 1.88571435e+01
-8.33333333e-06 1.84343434e-05 9.99995158e+07 -4.61941361e+03 1.58917339e+02
-7.82828283e-06 1.84343434e-05 1.00000045e+08 -3.93451028e+03 2.79978775e+02
-7.32323232e-06 1.84343434e-05 1.00000421e+08 -3.39243465e+03 3.76363492e+02
-6.81818182e-06 1.84343434e-05 1.00000686e+08 -2.95825119e+03 4.48329589e+02
-6.31313131e-06 1.84343434e-05 1.00000872e+08 -2.60598637e+03 4.98476025e+02
-5.80808081e-06 1.84343434e-05 1.00001001e+08 -2.31629575e+03 5.29992520e+02
-5.30303030e-06 1.84343434e-05 1.00001090e+08 -2.07461916e+03 5.45868657e+02
-4.79797980e-06 1.84343434e-05 1.00001150e+08 -1.86977514e+03 5.48596812e+02
-4.29292929e-06 1.84343434e-05 1.00001191e+08 -1.69289838e+03 5.40143653e+02
-3.78787879e-06 1.84343434e-05 1.00001217e+08 -1.53664001e+03 5.22109881e+02
-3.28282828e-06 1.84343434e-05 1.00001231e+08 -1.39460858e+03 4.96099847e+02
-2.77777778e-06 1.84343434e-05 1.00001232e+08 -1.26115416e+03 4.64400226e+02
-2.27272727e-06 1.84343434e-05 1.00001217e+08 -1.13183945e+03 4.31068564e+02
-1.76767677e-06 1.84343434e-05 1.00001177e+08 -1.00528795e+03 4.03231088e+02
-1.26262626e-06 1.84343434e-05 1.00001104e+08 -8.87062862e+02 3.91292347e+02
-7.57575758e-07 1.84343434e-05 1.00000992e+08 -7.94006086e+02 4.04837604e+02
-2.52525253e-07 1.84343434e-05 1.00000851e+08 -7.51148335e+02 4.41971114e+02
2.52525253e-07 1.84343434e-05 1.00000698e+08 -7.71389264e+02 4.81743114e+02
7.57575758e-07 1.84343434e-05 1.00000543e+08 -8.32734325e+02 5.00348794e+02
1.26262626e-06 1.84343434e-05 1.00000372e+08 -8.92275432e+02 5.01002573e+02
1.76767677e-06 1.84343434e-05 1.00000171e+08 -9.28213195e+02 5.14167245e+02
2.27272727e-06 1.84343434e-05 9.99999443e+07 -9.57377540e+02 5.68579674e+02
2.77777778e-06 1.84343434e-05 9.99997391e+07 -1.01878437e+03 6.62856604e+02
3.28282828e-06 1.84343434e-05 9.99996528e+07 -1.12202942e+03 7.34009363e+02
3.78787879e-06 1.84343434e-05 9.99997515e+07 -1.11741503e+03 6.82862613e+02
4.29292929e-06 1.84343434e-05 9.99998711e+07 -7.98417917e+02 6.47594224e+02
4.79797980e-06 1.84343434e-05 9.99999543e+07 -4.83241732e+02 8.21400442e+02
5.30303030e-06 1.84343434e-05 1.00000118e+08 -4.40979528e+02 9.84738406e+02
5.80808081e-06 1.84343434e-05 1.00000302e+08 -5.30586457e+02 1.02129299e+03
6.31313131e-06 1.84343434e-05 1.00000444e+08 -6.28908553e+02 9.82403064e+02
6.81818182e-06 1.84343434e-05 1.00000535e+08 -7.04567800e+02 9.19339920e+02
7.32323232e-06 1.84343434e-05 1.00000589e+08 -7.58980096e+02 8.54412694e+02
7.82828283e-06 1.84343434e-05 1.00000617e+08 -7.98707073e+02 7.94186400e+02
8.33333333e-06 1.84343434e-05 1.00000629e+08 -8.28906417e+02 7.39240208e+02
8.83838384e-06 1.84343434e-05 1.00000631e+08 -8.52758368e+02 6.88346527e+02
9.34343434e-06 1.84343434e-05 1.00000625e+08 -8.71990237e+02 6.39983837e+02
9.84848485e-06 1.84343434e-05 1.00000615e+08 -8.87394339e+02 5.92820067e+02
1.03535354e-05 1.84343434e-05 1.00000601e+08 -8.99185168e+02 5.45832108e+02
1.08585859e-05 1.84343434e-05 1.00000583e+08 -9.07227770e+02 4.98307356e+02
1.13636364e-05 1.84343434e-05 1.00000563e+08 -9.11184341e+02 4.49813417e+02
1.18686869e-05 1.84343434e-05 1.00000540e+08 -9.10612468e+02 4.00163805e+02
1.23737374e-05 1.84343434e-05 1.00000515e+08 -9.05035328e+02 3.49386798e+02
1.28787879e-05 1.84343434e-05 1.00000488e+08 -8.93995359e+02 2.97697679e+02
1.33838384e-05 1.84343434e-05 1.00000459e+08 -8.77097524e+02 2.45472659e+02
1.38888889e-05 1.84343434e-05 1.00000429e+08 -8.54045076e+02 1.93222643e+02
1.43939394e-05 1.84343434e-05 1.00000398e+08 -8.24668816e+02 1.41565462e+02
1.48989899e-05 1.84343434e-05 1.00000366e+08 -7.88949767e+02 9.11958590e+01
1.54040404e-05 1.84343434e-05 1.00000334e+08 -7.47034657e+02 4.28532083e+01
1.59090909e-05 1.84343434e-05 1.00000303e+08 -6.99243463e+02 -2.71245040e+00
1.64141414e-05 1.84343434e-05 1.00000272e+08 -6.46068430e+02 -4.47749185e+01
1.69191919e-05 1.84343434e-05 1.00000244e+08 -5.88164362e+02 -8.26653913e+01
1.74242424e-05 1.84343434e-05 1.00000218e+08 -5.26330446e+02 -1.15803339e+02
1.79292929e-05 1.84343434e-05 1.00000194e+08 -4.61484508e+02 -1.43722997e+02
1.84343434e-05 1.84343434e-05 1.00000174e+08 -3.94631093e+02 -1.66093921e+02
1.89393939e-05 1.84343434e-05 1.00000157e+08 -3.26825260e+02 -1.82734439e+02
1.94444444e-05 1.84343434e-05 1.00000145e+08 -2.59134294e+02 -1.93617303e+02
1.99494949e-05 1.84343434e-05 1.00000136e+08 -1.92599640e+02 -1.98867432e+02
2.04545455e-05 1.84343434e-05 1.00000131e+08 -1.28201315e+02 -1.98752185e+02
2.09595960e-05 1.84343434e-05 1.00000131e+08 -6.68267509e+01 -1.93665155e+02
2.14646465e-05 1.84343434e-05 1.00000134e+08 -9.24561748e+00 -1.84104854e+02
2.19696970e-05 1.84343434e-05 1.00000140e+08 4.39083714e+01 -1.70649943e+02
2.24747475e-05 1.84343434e-05 1.00000149e+08 9.21482255e+01 -1.53932743e+02
2.29797980e-05 1.84343434e-05 1.00000161e+08 1.35137132e+02 -1.34612738e+02
2.34848485e-05 1.84343434e-05 1.00000175e+08 1.72685186e+02 -1.13351549e+02
2.39898990e-05 1.84343434e-05 1.00000191e+08 2.04740358e+02 -9.07906053e+01
2.44949495e-05 1.84343434e-05 1.00000208e+08 2.31374908e+02 -6.75323815e+01
2.50000000e-05 1.84343434e-05 1.00000225e+08 2.52768563e+02 -4.41256973e+01
-2.50000000e-05 1.89393939e-05 1.00001383e+08 -2.68464384e+03 6.00322687e+02
-2.44949495e-05 1.89393939e-05 1.00001402e+08 -2.95352169e+03 5.42608635e+02
-2.39898990e-05 1.89393939e-05 1.00001402e+08 -3.25507032e+03 4.51290160e+02
-2.34848485e-05 1.89393939e-05 1.00001371e+08 -3.59199856e+03 3.13274736e+02
-2.29797980e-05 1.89393939e-05 1.00001299e+08 -3.96579797e+03 1.10312312e+02
-2.24747475e-05 1.89393939e-05 1.00001165e+08 -4.37535966e+03 -1.83117709e+02
-2.19696970e-05 1.89393939e-05 1.00000945e+08 -4.81451648e+03 -6.02766529e+02
-2.14646465e-05 1.89393939e-05 1.00000604e+08 -5.26772342e+03 -1.19867842e+03
-2.09595960e-05 1.89393939e-05 1.00000096e+08 -5.70253100e+03 -2.04054005e+03
-2.04545455e-05 1.89393939e-05 9.99993613e+07 -6.05659705e+03 -3.22413519e+03
-1.99494949e-05 1.89393939e-05 9.99983251e+07 -6.21561651e+03 -4.87757998e+03
-1.94444444e-05 1.89393939e-05 9.99969078e+07 -5.97688706e+03 -7.16298179e+03
-1.89393939e-05 1.89393939e-05 9.99950486e+07 -4.99257516e+03 -1.02618911e+04
-1.84343434e-05 1.89393939e-05 9.99927702e+07 -2.69221991e+03 -1.43172396e+04
-1.79292929e-05 1.89393939e-05 9.99903122e+07 1.78878306e+03 -1.92764477e+04
-1.74242424e-05 1.89393939e-05 9.99883588e+07 9.56230062e+03 -2.45521395e+04
-1.69191919e-05 1.89393939e-05 9.99882641e+07 2.15208145e+04 -2.84755559e+04
-1.64141414e-05 1.89393939e-05 9.99918171e+07 3.69795795e+04 -2.79266528e+04
-1.59090909e-05 1.89393939e-05 9.99996804e+07 5.16210899e+04 -1.94646148e+04
-1.54040404e-05 1.89393939e-05 1.00008868e+08 5.75748078e+04 -3.14824904e+03
-1.48989899e-05 1.89393939e-05 1.00013378e+08 4.93896358e+04 1.45017750e+04
-1.43939394e-05 1.89393939e-05 1.00010151e+08 3.06782111e+04 2.51549426e+04
-1.38888889e-05 1.89393939e-05 1.00002243e+08 1.07701556e+04 2.63574227e+04
-1.33838384e-05 1.89393939e-05 9.99945922e+07 -3.76789918e+03 2.15208717e+04
-1.28787879e-05 1.89393939e-05 9.99898258e+07 -1.16766565e+04 1.49675700e+04
-1.23737374e-05 1.89393939e-05 9.99880894e+07 -1.45779675e+04 9.22692401e+03
-1.18686869e-05 1.89393939e-05 9.99884542e+07 -1.45586551e+04 5.09890441e+03
-1.13636364e-05 1.89393939e-05 9.99899173e+07 -1.31803312e+04 2.48040577e+03
-1.08585859e-05 1.89393939e-05 9.99917629e+07 -1.13664441e+04 9.79739027e+02
-1.03535354e-05 1.89393939e-05 9.99935828e+07 -9.57659935e+03 2.08399655e+02
-9.84848485e-06 1.89393939e-05 9.99951890e+07 -7.99765580e+03 -1.27036326e+02
-9.34343434e-06 1.89393939e-05 9.99965223e+07 -6.67744072e+03 -2.21182332e+02
-8.83838384e-06 1.89393939e-05 9.99975894e+07 -5.60224429e+03 -1.93170108e+02
-8.33333333e-06 1.89393939e-05 9.99984239e+07 -4.73658090e+03 -1.11681891e+02
-7.82828283e-06 1.89393939e-05 9.99990671e+07 -4.04148407e+03 -1.41649662e+01
-7.32323232e-06 1.89393939e-05 9.99995580e+07 -3.48179961e+03 8.02890770e+01
-6.81818182e-06 1.89393939e-05 9.99999303e+07 -3.02831024e+03 1.62923086e+02
-6.31313131e-06 1.89393939e-05 1.00000211e+08 -2.65766488e+03 2.30547718e+02
-5.80808081e-06 1.89393939e-05 1.00000423e+08 -2.35152300e+03 2.82809858e+02
-5.30303030e-06 1.89393939e-05 1.00000582e+08 -2.09553415e+03 3.20687356e+02
-4.79797980e-06 1.89393939e-05 1.00000700e+08 -1.87839864e+03 3.45714524e+02
-4.29292929e-06 1.89393939e-05 1.00000788e+08 -1.69109431e+03 3.59655364e+02
-3.78787879e-06 1.89393939e-05 1.00000849e+08 -1.52630460e+03 3.64478995e+02
-3.28282828e-06 1.89393939e-05 1.00000889e+08 -1.37809838e+03 3.62573340e+02
-2.77777778e-06 1.89393939e-05 1.00000908e+08 -1.24197603e+03 3.57154070e+02
-2.27272727e-06 1.89393939e-05 1.00000903e+08 -1.11547511e+03 3.52738060e+02
-1.76767677e-06 1.89393939e-05 1.00000872e+08 -9.99492998e+02 3.55265394e+02
-1.26262626e-06 1.89393939e-05 1.00000813e+08 -8.99973164e+02 3.70982327e+02
-7.57575758e-07 1.89393939e-05 1.00000727e+08 -8.28182736e+02 4.03144509e+02
-2.52525253e-07 1.89393939e-05 1.00000623e+08 -7.96338213e+02 4.47568283e+02
2.52525253e-07 1.89393939e-05 1.00000512e+08 -8.07918889e+02 4.92241141e+02
7.57575758e-07 1.89393939e-05 1.00000400e+08 -8.50923313e+02 5.25826888e+02
1.26262626e-06 1.89393939e-05 1.00000283e+08 -9.05057354e+02 5.48466830e+02
1.76767677e-06 1.89393939e-05 1.00000161e+08 -9.57871039e+02 5.70953087e+02
2.27272727e-06 1.89393939e-05 1.00000047e+08 -1.01153956e+03 6.00802036e+02
2.77777778e-06 1.89393939e-05 9.99999711e+07 -1.06985872e+03 6.26657715e+02
3.28282828e-06 1.89393939e-05 9.99999674e+07 -1.10622127e+03 6.17318747e+02
3.78787879e-06 1.89393939e-05 1.00000024e+08 -1.04437432e+03 5.65492070e+02
4.29292929e-06 1.89393939e-05 1.00000073e+08 -8.49097573e+02 5.47081282e+02
4.79797980e-06 1.89393939e-05 1.00000101e+08 -6.40945891e+02 6.25665522e+02
5.30303030e-06 1.89393939e-05 1.00000159e+08 -5.44497705e+02 7.38396917e+02
5.80808081e-06 1.89393939e-05 1.00000249e+08 -5.50729538e+02 8.08982196e+02
6.31313131e-06 1.89393939e-05 1.00000344e+08 -6.00914778e+02 8.25665613e+02
6.81818182e-06 1.89393939e-05 1.00000422e+08 -6.57675428e+02 8.07286449e+02
7.32323232e-06 1.89393939e-05 1.00000478e+08 -7.07466120e+02 7.71838163e+02
7.82828283e-06 1.89393939e-05 1.00000516e+08 -7.47906659e+02 7.29699885e+02
8.33333333e-06 1.89393939e-05 1.00000538e+08 -7.80113055e+02 6.85630118e+02
8.83838384e-06 1.89393939e-05 1.00000549e+08 -8.05710801e+02 6.41370335e+02
9.34343434e-06 1.89393939e-05 1.00000553e+08 -8.25962265e+02 5.97274026e+02
9.84848485e-06 1.89393939e-05 1.00000549e+08 -8.41636170e+02 5.53148978e+02
1.03535354e-05 1.89393939e-05 1.00000541e+08 -8.53087545e+02 5.08657989e+02
1.08585859e-05 1.89393939e-05 1.00000529e+08 -8.60372876e+02 4.63499375e+02
1.13636364e-05 1.89393939e-05 1.00000513e+08 -8.63352346e+02 4.17482917e+02
1.18686869e-05 1.89393939e-05 1.00000494e+08 -8.61771485e+02 3.70557080e+02
1.23737374e-05 1.89393939e-05 1.00000472e+08 -8.55325219e+02 3.22813369e+02
1.28787879e-05 1.89393939e-05 1.00000449e+08 -8.43708770e+02 2.74479367e+02
1.33838384e-05 1.89393939e-05 1.00000423e+08 -8.26658811e+02 2.25905401e+02
1.38888889e-05 1.89393939e-05 1.00000396e+08 -8.03986925e+02 1.77546874e+02
1.43939394e-05 1.89393939e-05 1.00000368e+08 -7.75606349e+02 1.29943102e+02
1.48989899e-05 1.89393939e-05 1.00000340e+08 -7.41552196e+02 8.36932346e+01
1.54040404e-05 1.89393939e-05 1.00000311e+08 -7.01994987e+02 3.94298460e+01
1.59090909e-05 1.89393939e-05 1.00000283e+08 -6.57247150e+02 -2.20895220e+00
1.64141414e-05 1.89393939e-05 1.00000255e+08 -6.07762260e+02 -4.06078021e+01
1.69191919e-05 1.89393939e-05 1.00000229e+08 -5.54127013e+02 -7.52015078e+01
1.74242424e-05 1.89393939e-05 1.00000206e+08 -4.97046312e+02 -1.05500185e+02
1.79292929e-05 1.89393939e-05 1.00000184e+08 -4.37322228e+02 -1.31110803e+02
1.84343434e-05 1.89393939e-05 1.00000166e+08 -3.75828007e+02 -1.51753933e+02
1.89393939e-05 1.89393939e-05 1.00000151e+08 -3.13478629e+02 -1.67274795e+02
1.94444444e-05 1.89393939e-05 1.00000139e+08 -2.51199630e+02 -1.77648085e+02
1.99494949e-05 1.89393939e-05 1.00000131e+08 -1.89896023e+02 -1.82976467e+02
2.04545455e-05 1.89393939e-05 1.00000126e+08 -1.30423041e+02 -1.83483079e+02
2.09595960e-05 1.89393939e-05 1.00000125e+08 -7.35602915e+01 -1.79498778e+02
2.14646465e-05 1.89393939e-05 1.00000127e+08 -1.99905194e+01 -1.71445167e+02
2.19696970e-05 1.89393939e-05 1.00000132e+08 2.97161451e+01 -1.59814673e+02
2.24747475e-05 1.89393939e-05 1.00000140e+08 7.51120644e+01 -1.45149018e+02
2.29797980e-05 1.89393939e-05 1.00000151e+08 1.15876098e+02 -1.28017420e+02
2.34848485e-05 1.89393939e-05 1.00000163e+08 1.51812119e+02 -1.08995722e+02
2.39898990e-05 1.89393939e-05 1.00000177e+08 1.82842730e+02 -8.86474598e+01
2.44949495e-05 1.89393939e-05 1.00000192e+08 2.08999076e+02 -6.75075947e+01
2.50000000e-05 1.89393939e-05 1.00000207e+08 2.30407754e+02 -4.60694069e+01
-2.50000000e-05 1.94444444e-05 1.00001020e+08 -2.61390919e+03 2.75895929e+02
-2.44949495e-05 1.94444444e-05 1.00000982e+08 -2.84919680e+03 1.60960913e+02
-2.39898990e-05 1.94444444e-05 1.00000913e+08 -3.10513361e+03 1.55155347e+00
-2.34848485e-05 1.94444444e-05 1.00000805e+08 -3.38005592e+03 -2.17167053e+02
-2.29797980e-05 1.94444444e-05 1.00000641e+08 -3.66945320e+03 -5.15041709e+02
-2.24747475e-05 1.94444444e-05 1.00000406e+08 -3.96401799e+03 -9.18570264e+02
-2.19696970e-05 1.94444444e-05 1.00000074e+08 -4.24650876e+03 -1.46293315e+03
-2.14646465e-05 1.94444444e-05 9.99996180e+07 -4.48674702e+03 -2.19431088e+03
-2.09595960e-05 1.94444444e-05 9.99990021e+07 -4.63374545e+03 -3.17206098e+03
-2.04545455e-05 1.94444444e-05 9.99981884e+07 -4.60359853e+03 -4.46960298e+03
-1.99494949e-05 1.94444444e-05 9.99971423e+07 -4.26159264e+03 -6.17133305e+03
-1.94444444e-05 1.94444444e-05 9.99958486e+07 -3.39774631e+03 -8.35991341e+03
-1.89393939e-05 1.94444444e-05 9.99943439e+07 -1.69863344e+03 -1.10831082e+04
-1.84343434e-05 1.94444444e-05 9.99927732e+07 1.27070408e+03 -1.42822611e+04
-1.79292929e-05 1.94444444e-05 9.99914736e+07 6.03502951e+03 -1.76610699e+04
-1.74242424e-05 1.94444444e-05 9.99910519e+07 1.30416635e+04 -2.04948113e+04
-1.69191919e-05 1.94444444e-05 9.99923385e+07 2.22345545e+04 -2.14756648e+04
-1.64141414e-05 1.94444444e-05 9.99959946e+07 3.23543637e+04 -1.88974230e+04
-1.59090909e-05 1.94444444e-05 1.00001667e+08 4.04425746e+04 -1.16111784e+04
-1.54040404e-05 1.94444444e-05 1.00007313e+08 4.26902022e+04 -5.69502211e+02
-1.48989899e-05 1.94444444e-05 1.00010047e+08 3.70644204e+04 1.07022156e+04
-1.43939394e-05 1.94444444e-05 1.00008437e+08 2.53904932e+04 1.82130288e+04
-1.38888889e-05 1.94444444e-05 1.00003670e+08 1.20920551e+04 2.03355873e+04
-1.33838384e-05 1.94444444e-05 9.99982158e+07 1.00686811e+03 1.82235716e+04
-1.28787879e-05 1.94444444e-05 9.99939576e+07 -6.29152065e+03 1.41129593e+04
-1.23737374e-05 1.94444444e-05 9.99915535e+07 -1.00632476e+04 9.80347310e+03
-1.18686869e-05 1.94444444e-05 9.99908017e+07 -1.13214952e+04 6.21839109e+03
-1.13636364e-05 1.94444444e-05 9.99911782e+07 -1.10926666e+04 3.60941367e+03
-1.08585859e-05 1.94444444e-05 9.99921718e+07 -1.01343104e+04 1.88217949e+03
-1.03535354e-05 1.94444444e-05 9.99934088e+07 -8.91558203e+03 8.26823783e+02
-9.84848485e-06 1.94444444e-05 9.99946598e+07 -7.68966159e+03 2.34465232e+02
-9.34343434e-06 1.94444444e-05 9.99958054e+07 -6.57353787e+03 -6.08470279e+01
-8.83838384e-06 1.94444444e-05 9.99967966e+07 -5.60782888e+03 -1.76838954e+02
-8.33333333e-06 1.94444444e-05 9.99976248e+07 -4.79468493e+03 -1.91345006e+02
-7.82828283e-06 1.94444444e-05 9.99983012e+07 -4.11939745e+03 -1.53270832e+02
-7.32323232e-06 1.94444444e-05 9.99988457e+07 -3.56170921e+03 -9.20452278e+01
-6.81818182e-06 1.94444444e-05 9.99992796e+07 -3.10121273e+03 -2.46041325e+01
-6.31313131e-06 1.94444444e-05 9.99996231e+07 -2.71958981e+03 3.98510002e+01
-5.80808081e-06 1.94444444e-05 9.99998936e+07 -2.40127457e+03 9.67745404e+01
-5.30303030e-06 1.94444444e-05 1.00000106e+08 -2.13339677e+03 1.44365710e+02
-4.79797980e-06 1.94444444e-05 1.00000270e+08 -1.90545083e+03 1.82438461e+02
-4.29292929e-06 1.94444444e-05 1.00000396e+08 -1.70891851e+03 2.11808796e+02
-3.78787879e-06 1.94444444e-05 1.00000490e+08 -1.53697237e+03 2.34028488e+02
-3.28282828e-06 1.94444444e-05 1.00000556e+08 -1.38435094e+03 2.51345626e+02
-2.77777778e-06 1.94444444e-05 1.00000595e+08 -1.24748927e+03 2.66771702e+02
-2.27272727e-06 1.94444444e-05 1.00000608e+08 -1.12495564e+03 2.84066481e+02
-1.76767677e-06 1.94444444e-05 1.00000596e+08 -1.01809345e+03 3.07326292e+02
-1.26262626e-06 1.94444444e-05 1.00000560e+08 -9.31384142e+02 3.39808207e+02
-7.57575758e-07 1.94444444e-05 1.00000505e+08 -8.71523967e+02 3.81992063e+02
-2.52525253e-07 1.94444444e-05 1.00000437e+08 -8.44281000e+02 4.29982667e+02
2.52525253e-07 1.94444444e-05 1.00000364e+08 -8.50019800e+02 4.76387154e+02
7.57575758e-07 1.94444444e-05 1.00000292e+08 -8.81570900e+02 5.14431865e+02
1.26262626e-06 1.94444444e-05 1.00000223e+08 -9.27535780e+02 5.42009935e+02
1.76767677e-06 1.94444444e-05 1.00000160e+08 -9.78282467e+02 5.60821184e+02
2.27272727e-06 1.94444444e-05 1.00000114e+08 -1.02746206e+03 5.70521369e+02
2.77777778e-06 1.94444444e-05 1.00000096e+08 -1.06496060e+03 5.64188213e+02
3.28282828e-06 1.94444444e-05 1.00000112e+08 -1.06672722e+03 5.34486881e+02
3.78787879e-06 1.94444444e-05 1.00000146e+08 -1.00137064e+03 4.93438452e+02
4.29292929e-06 1.94444444e-05 1.00000170e+08 -8.69046388e+02 4.79387061e+02
4.79797980e-06 1.94444444e-05 1.00000182e+08 -7.24939437e+02 5.17900693e+02
5.30303030e-06 1.94444444e-05 1.00000203e+08 -6.29879726e+02 5.87745747e+02
5.80808081e-06 1.94444444e-05 1.00000244e+08 -5.98413671e+02 6.49882450e+02
6.31313131e-06 1.94444444e-05 1.00000299e+08 -6.10389435e+02 6.84183158e+02
6.81818182e-06 1.94444444e-05 1.00000354e+08 -6.41902659e+02 6.90903627e+02
7.32323232e-06 1.94444444e-05 1.00000401e+08 -6.77980795e+02 6.77990644e+02
7.82828283e-06 1.94444444e-05 1.00000437e+08 -7.11780056e+02 6.53107756e+02
8.33333333e-06 1.94444444e-05 1.00000462e+08 -7.40966564e+02 6.21444066e+02
8.83838384e-06 1.94444444e-05 1.00000478e+08 -7.65140373e+02 5.85978638e+02
9.34343434e-06 1.94444444e-05 1.00000486e+08 -7.84527817e+02 5.48242284e+02
9.84848485e-06 1.94444444e-05 1.00000487e+08 -7.99431840e+02 5.08946748e+02
1.03535354e-05 1.94444444e-05 1.00000484e+08 -8.10044869e+02 4.68393044e+02
1.08585859e-05 1.94444444e-05 1.00000475e+08 -8.16414522e+02 4.26711252e+02
1.13636364e-05 1.94444444e-05 1.00000463e+08 -8.18466406e+02 3.83993749e+02
1.18686869e-05 1.94444444e-05 1.00000448e+08 -8.16044097e+02 3.40365710e+02
1.23737374e-05 1.94444444e-05 1.00000430e+08 -8.08950952e+02 2.96019479e+02
1.28787879e-05 1.94444444e-05 1.00000410e+08 -7.96988479e+02 2.51227863e+02
1.33838384e-05 1.94444444e-05 1.00000388e+08 -7.79989750e+02 2.06344642e+02
1.38888889e-05 1.94444444e-05 1.00000364e+08 -7.57847517e+02 1.61796812e+02
1.43939394e-05 1.94444444e-05 1.00000339e+08 -7.30536958e+02 1.18071123e+02
1.48989899e-05 1.94444444e-05 1.00000313e+08 -6.98132869e+02 7.56965450e+01
1.54040404e-05 1.94444444e-05 1.00000288e+08 -6.60821117e+02 3.52238957e+01
1.59090909e-05 1.94444444e-05 1.00000262e+08 -6.18904086e+02 -2.79624896e+00
1.64141414e-05 1.94444444e-05 1.00000238e+08 -5.72800047e+02 -3.78362169e+01
1.69191919e-05 1.94444444e-05 1.00000215e+08 -5.23036521e+02 -6.94133008e+01
1.74242424e-05 1.94444444e-05 1.00000193e+08 -4.70238008e+02 -9.71100416e+01
1.79292929e-05 1.94444444e-05 1.00000174e+08 -4.15108753e+02 -1.20591631e+02
1.84343434e-05 1.94444444e-05 1.00000157e+08 -3.58411514e+02 -1.39619479e+02
1.89393939e-05 1.94444444e-05 1.00000143e+08 -3.00943510e+02 -1.54060234e+02
1.94444444e-05 1.94444444e-05 1.00000132e+08 -2.43510945e+02 -1.63889828e+02
1.99494949e-05 1.94444444e-05 1.00000124e+08 -1.86903506e+02 -1.69192453e+02
2.04545455e-05 1.94444444e-05 1.00000120e+08 -1.31870243e+02 -1.70154721e+02
2.09595960e-05 1.94444444e-05 1.00000118e+08 -7.90980418e+01 -1.67055545e+02
2.14646465e-05 1.94444444e-05 1.00000120e+08 -2.91937042e+01 -1.60252537e+02
2.19696970e-05 1.94444444e-05 1.00000124e+08 1.73296741e+01 -1.50165898e+02
2.24747475e-05 1.94444444e-05 1.00000131e+08 6.00616470e+01 -1.37260846e+02
2.29797980e-05 1.94444444e-05 1.00000140e+08 9.86986347e+01 -1.22029624e+02
2.34848485e-05 1.94444444e-05 1.00000151e+08 1.33043657e+02 -1.04974065e+02
2.39898990e-05 1.94444444e-05 1.00000163e+08 1.63002070e+02 -8.65895247e+01
2.44949495e-05 1.94444444e-05 1.00000177e+08 1.88573969e+02 -6.73508276e+01
2.50000000e-05 1.94444444e-05 1.00000191e+08 2.09844034e+02 -4.77006451e+01
-2.50000000e-05 1.99494949e-05 1.00000665e+08 -2.49292040e+03 -5.33463112e+01
-2.44949495e-05 1.99494949e-05 1.00000578e+08 -2.68594288e+03 -2.19475800e+02
-2.39898990e-05 1.99494949e-05 1.00000454e+08 -2.88650391e+03 -4.37569907e+02
-2.34848485e-05 1.99494949e-05 1.00000285e+08 -3.08885224e+03 -7.22677224e+02
-2.29797980e-05 1.99494949e-05 1.00000057e+08 -3.28319634e+03 -1.09407582e+03
-2.24747475e-05 1.99494949e-05 9.99997545e+07 -3.45354405e+03 -1.57622211e+03
-2.19696970e-05 1.99494949e-05 9.99993599e+07 -3.57449125e+03 -2.19963033e+03
-2.14646465e-05 1.99494949e-05 9.99988532e+07 -3.60653357e+03 -3.00132076e+03
-2.09595960e-05 1.99494949e-05 9.99982150e+07 -3.48942147e+03 -4.02407599e+03
-2.04545455e-05 1.99494949e-05 9.99974309e+07 -3.13321184e+03 -5.31302423e+03
-1.99494949e-05 1.99494949e-05 9.99965017e+07 -2.40732573e+03 -6.90686677e+03
-1.94444444e-05 1.99494949e-05 9.99954594e+07 -1.12981665e+03 -8.81931788e+03
-1.89393939e-05 1.99494949e-05 9.99943936e+07 9.36516600e+02 -1.10044908e+04
-1.84343434e-05 1.99494949e-05 9.99934860e+07 4.06585641e+03 -1.33001601e+04
-1.79292929e-05 1.99494949e-05 9.99930410e+07 8.50043131e+03 -1.53509525e+04
-1.74242424e-05 1.99494949e-05 9.99934763e+07 1.42926166e+04 -1.65407610e+04
-1.69191919e-05 1.99494949e-05 9.99952063e+07 2.10426402e+04 -1.60188033e+04
-1.64141414e-05 1.99494949e-05 9.99983585e+07 2.76256144e+04 -1.29570907e+04
-1.59090909e-05 1.99494949e-05 1.00002404e+08 3.22020113e+04 -7.10464625e+03
-1.54040404e-05 1.99494949e-05 1.00006056e+08 3.28685836e+04 6.37913338e+02
-1.48989899e-05 1.99494949e-05 1.00007817e+08 2.88182086e+04 8.27331142e+03
-1.43939394e-05 1.99494949e-05 1.00006955e+08 2.10634469e+04 1.36996417e+04
-1.38888889e-05 1.99494949e-05 1.00003976e+08 1.18966839e+04 1.58866743e+04
-1.33838384e-05 1.99494949e-05 1.00000158e+08 3.56648171e+03 1.51855440e+04
-1.28787879e-05 1.99494949e-05 9.99967113e+07 -2.65036420e+03 1.27276552e+04
-1.23737374e-05 1.99494949e-05 9.99942973e+07 -6.51921314e+03 9.66552238e+03
-1.18686869e-05 1.99494949e-05 9.99930345e+07 -8.43358080e+03 6.77526596e+03
-1.13636364e-05 1.99494949e-05 9.99927226e+07 -8.98654173e+03 4.42093821e+03
-1.08585859e-05 1.99494949e-05 9.99930590e+07 -8.71893093e+03 2.68066204e+03
-1.03535354e-05 1.99494949e-05 9.99937645e+07 -8.02951900e+03 1.48564034e+03
-9.84848485e-06 1.99494949e-05 9.99946303e+07 -7.17513308e+03 7.16303291e+02
-9.34343434e-06 1.99494949e-05 9.99955210e+07 -6.30373445e+03 2.53344956e+02
-8.83838384e-06 1.99494949e-05 9.99963592e+07 -5.49073392e+03 -1.80247655e+00
-8.33333333e-06 1.99494949e-05 9.99971078e+07 -4.76769752e+03 -1.22853411e+02
-7.82828283e-06 1.99494949e-05 9.99977543e+07 -4.14186654e+03 -1.61569170e+02
-7.32323232e-06 1.99494949e-05 9.99983003e+07 -3.60824297e+03 -1.52689379e+02
-6.81818182e-06 1.99494949e-05 9.99987546e+07 -3.15655429e+03 -1.18682043e+02
-6.31313131e-06 1.99494949e-05 9.99991283e+07 -2.77500373e+03 -7.35640535e+01
-5.80808081e-06 1.99494949e-05 9.99994331e+07 -2.45213137e+03 -2.57040329e+01
-5.30303030e-06 1.99494949e-05 9.99996798e+07 -2.17762839e+03 2.02396014e+01
-4.79797980e-06 1.99494949e-05 9.99998776e+07 -1.94261298e+03 6.20415954e+01
-4.29292929e-06 1.99494949e-05 1.00000034e+08 -1.73966797e+03 9.91102177e+01
-3.78787879e-06 1.99494949e-05 1.00000154e+08 -1.56281918e+03 1.32015620e+02
-3.28282828e-06 1.99494949e-05 1.00000243e+08 -1.40756416e+03 1.62218472e+02
-2.77777778e-06 1.99494949e-05 1.00000304e+08 -1.27100980e+03 1.91868011e+02
-2.27272727e-06 1.99494949e-05 1.00000338e+08 -1.15210490e+03 2.23512855e+02
-1.76767677e-06 1.99494949e-05 1.00000349e+08 -1.05182184e+03 2.59552974e+02
-1.26262626e-06 1.99494949e-05 1.00000339e+08 -9.72953517e+02 3.01345992e+02
-7.57575758e-07 1.99494949e-05 1.00000313e+08 -9.19089883e+02 3.48177391e+02
-2.52525253e-07 1.99494949e-05 1.00000277e+08 -8.92645159e+02 3.96754563e+02
2.52525253e-07 1.99494949e-05 1.00000239e+08 -8.92690215e+02 4.41995781e+02
7.57575758e-07 1.99494949e-05 1.00000202e+08 -9.14119146e+02 4.79020413e+02
1.26262626e-06 1.99494949e-05 1.00000171e+08 -9.48977759e+02 5.04832730e+02
1.76767677e-06 1.99494949e-05 1.00000148e+08 -9.88582195e+02 5.18061141e+02
2.27272727e-06 1.99494949e-05 1.00000139e+08 -1.02377880e+03 5.17211449e+02
2.77777778e-06 1.99494949e-05 1.00000148e+08 -1.04261380e+03 5.00460185e+02
3.28282828e-06 1.99494949e-05 1.00000170e+08 -1.02932855e+03 4.69991737e+02
3.78787879e-06 1.99494949e-05 1.00000195e+08 -9.71707981e+02 4.38376992e+02
4.29292929e-06 1.99494949e-05 1.00000211e+08 -8.75974829e+02 4.26113969e+02
4.79797980e-06 1.99494949e-05 1.00000218e+08 -7.70926843e+02 4.45350073e+02
5.30303030e-06 1.99494949e-05 1.00000226e+08 -6.88940970e+02 4.87966089e+02
5.80808081e-06 1.99494949e-05 1.00000246e+08 -6.44726538e+02 5.34231603e+02
6.31313131e-06 1.99494949e-05 1.00000276e+08 -6.33960657e+02 5.68554895e+02
6.81818182e-06 1.99494949e-05 1.00000312e+08 -6.44510731e+02 5.85296021e+02
7.32323232e-06 1.99494949e-05 1.00000346e+08 -6.65306820e+02 5.85748214e+02
7.82828283e-06 1.99494949e-05 1.00000376e+08 -6.89124305e+02 5.73710482e+02
8.33333333e-06 1.99494949e-05 1.00000400e+08 -7.12062196e+02 5.52920684e+02
8.83838384e-06 1.99494949e-05 1.00000416e+08 -7.32285695e+02 5.26197519e+02
9.34343434e-06 1.99494949e-05 1.00000426e+08 -7.49029414e+02 4.95418622e+02
9.84848485e-06 1.99494949e-05 1.00000431e+08 -7.62000535e+02 4.61758418e+02
1.03535354e-05 1.99494949e-05 1.00000430e+08 -7.71072598e+02 4.25939688e+02
1.08585859e-05 1.99494949e-05 1.00000425e+08 -7.76148876e+02 3.88427306e+02
1.13636364e-05 1.99494949e-05 1.00000416e+08 -7.77114285e+02 3.49559632e+02
1.18686869e-05 1.99494949e-05 1.00000404e+08 -7.73830032e+02 3.09631333e+02
1.23737374e-05 1.99494949e-05 1.00000389e+08 -7.66147159e+02 2.68942287e+02
1.28787879e-05 1.99494949e-05 1.00000372e+08 -7.53927163e+02 2.27823757e+02
1.33838384e-05 1.99494949e-05 1.00000353e+08 -7.37063905e+02 1.86649381e+02
1.38888889e-05 1.99494949e-05 1.00000332e+08 -7.15503972e+02 1.45835882e+02
1.43939394e-05 1.99494949e-05 1.00000310e+08 -6.89264000e+02 1.05836643e+02
1.48989899e-05 1.99494949e-05 1.00000287e+08 -6.58444085e+02 6.71303275e+01
1.54040404e-05 1.99494949e-05 1.00000265e+08 -6.23236737e+02 3.02061182e+01
1.59090909e-05 1.99494949e-05 1.00000242e+08 -5.83931046e+02 -4.45309054e+00
1.64141414e-05 1.99494949e-05 1.00000220e+08 -5.40911896e+02 -3.63883698e+01
1.69191919e-05 1.99494949e-05 1.00000199e+08 -4.94654321e+02 -6.51821855e+01
1.74242424e-05 1.99494949e-05 1.00000180e+08 -4.45713297e+02 -9.04745379e+01
1.79292929e-05 1.99494949e-05 1.00000162e+08 -3.94709517e+02 -1.11976872e+02
1.84343434e-05 1.99494949e-05 1.00000147e+08 -3.42311939e+02 -1.29482965e+02
1.89393939e-05 1.99494949e-05 1.00000135e+08 -2.89218041e+02 -1.42876208e+02
1.94444444e-05 1.99494949e-05 1.00000125e+08 -2.36132891e+02 -1.52132919e+02
1.99494949e-05 1.99494949e-05 1.00000117e+08 -1.83748133e+02 -1.57321603e+02
2.04545455e-05 1.99494949e-05 1.00000113e+08 -1.32722010e+02 -1.58598326e+02
2.09595960e-05 1.99494949e-05 1.00000111e+08 -8.36613781e+01 -1.56198609e+02
2.14646465e-05 1.99494949e-05 1.00000112e+08 -3.71065555e+01 -1.50426456e+02
2.19696970e-05 1.99494949e-05 1.00000116e+08 6.48044737e+00 -1.41641243e+02
2.24747475e-05 1.99494949e-05 1.00000122e+08 4.67239548e+01 -1.30243307e+02
2.29797980e-05 1.99494949e-05 1.00000130e+08 8.33388385e+01 -1.16659046e+02
2.34848485e-05 1.99494949e-05 1.00000140e+08 1.16131061e+02 -1.01326314e+02
2.39898990e-05 1.99494949e-05 1.00000151e+08 1.44994892e+02 -8.46807849e+01
2.44949495e-05 1.99494949e-05 1.00000163e+08 1.69907290e+02 -6.71438090e+01
2.50000000e-05 1.99494949e-05 1.00000176e+08 1.90920038e+02 -4.91121692e+01
-2.50000000e-05 2.04545455e-05 1.00000332e+08 -2.32781340e+03 -3.72870943e+02
-2.44949495e-05 2.04545455e-05 1.00000207e+08 -2.47290013e+03 -5.81328066e+02
-2.39898990e-05 2.04545455e-05 1.00000043e+08 -2.61255977e+03 -8.45539162e+02
-2.34848485e-05 2.04545455e-05 9.99998323e+07 -2.73769769e+03 -1.17942729e+03
-2.29797980e-05 2.04545455e-05 9.99995648e+07 -2.83454757e+03 -1.59996637e+03
-2.24747475e-05 2.04545455e-05 9.99992293e+07 -2.88263561e+03 -2.12741382e+03
-2.19696970e-05 2.04545455e-05 9.99988145e+07 -2.85199021e+03 -2.78512714e+03
-2.14646465e-05 2.04545455e-05 9.99983104e+07 -2.69945367e+03 -3.59850348e+03
-2.09595960e-05 2.04545455e-05 9.99977123e+07 -2.36409836e+03 -4.59224670e+03
-2.04545455e-05 2.04545455e-05 9.99970256e+07 -1.76216165e+03 -5.78467629e+03
-1.99494949e-05 2.04545455e-05 9.99962753e+07 -7.82850628e+02 -7.17718632e+03
-1.94444444e-05 2.04545455e-05 9.99955183e+07 7.11771284e+02 -8.73650423e+03
-1.89393939e-05 2.04545455e-05 9.99948595e+07 2.87642088e+03 -1.03678916e+04
-1.84343434e-05 2.04545455e-05 9.99944653e+07 5.85106013e+03 -1.18806889e+04
-1.79292929e-05 2.04545455e-05 9.99945619e+07 9.69454035e+03 -1.29566253e+04
-1.74242424e-05 2.04545455e-05 9.99953956e+07 1.42757265e+04 -1.31483686e+04
-1.69191919e-05 2.04545455e-05 9.99971303e+07 1.91429056e+04 -1.19551571e+04
-1.64141414e-05 2.04545455e-05 9.99996858e+07 2.34513891e+04 -9.01770540e+03
-1.59090909e-05 2.04545455e-05 1.00002598e+08 2.60850403e+04 -4.40145512e+03
-1.54040404e-05 2.04545455e-05 1.00005062e+08 2.60563929e+04 1.20456474e+03
-1.48989899e-05 2.04545455e-05 1.00006252e+08 2.30365751e+04 6.61437462e+03
-1.43939394e-05 2.04545455e-05 1.00005765e+08 1.76275943e+04 1.06372437e+04
-1.38888889e-05 2.04545455e-05 1.00003834e+08 1.11066883e+04 1.26161315e+04
-1.33838384e-05 2.04545455e-05 1.00001149e+08 4.82581511e+03 1.26178448e+04
-1.28787879e-05 2.04545455e-05 9.99984677e+07 -2.87960971e+02 1.12142472e+04
-1.23737374e-05 2.04545455e-05 9.99963158e+07 -3.87942202e+03 9.11265851e+03
-1.18686869e-05 2.04545455e-05 9.99949102e+07 -6.03203777e+03 6.88887543e+03
-1.13636364e-05 2.04545455e-05 9.99942276e+07 -7.04916256e+03 4.89409178e+03
-1.08585859e-05 2.04545455e-05 9.99941200e+07 -7.28049313e+03 3.28017200e+03
-1.03535354e-05 2.04545455e-05 9.99944066e+07 -7.02852694e+03 2.06738632e+03
-9.84848485e-06 2.04545455e-05 9.99949256e+07 -6.51759159e+03 1.20814282e+03
-9.34343434e-06 2.04545455e-05 9.99955537e+07 -5.89711814e+03 6.30682694e+02
-8.83838384e-06 2.04545455e-05 9.99962073e+07 -5.25792540e+03 2.63278200e+02
-8.33333333e-06 2.04545455e-05 9.99968351e+07 -4.64999844e+03 4.48399114e+01
-7.82828283e-06 2.04545455e-05 9.99974095e+07 -4.09713064e+03 -7.22608668e+01
-7.32323232e-06 2.04545455e-05 9.99979185e+07 -3.60745970e+03 -1.23093376e+02
-6.81818182e-06 2.04545455e-05 9.99983596e+07 -3.18043658e+03 -1.32427618e+02
-6.31313131e-06 2.04545455e-05 9.99987358e+07 -2.81115809e+03 -1.17168309e+02
-5.80808081e-06 2.04545455e-05 9.99990527e+07 -2.49292222e+03 -8.84679522e+01
-5.30303030e-06 2.04545455e-05 9.99993167e+07 -2.21866156e+03 -5.33793647e+01
-4.79797980e-06 2.04545455e-05 9.99995342e+07 -1.98170877e+03 -1.60676668e+01
-4.29292929e-06 2.04545455e-05 9.99997109e+07 -1.77619370e+03 2.13386052e+01
-3.78787879e-06 2.04545455e-05 9.99998516e+07 -1.59726231e+03 5.81610377e+01
-3.28282828e-06 2.04545455e-05 9.99999605e+07 -1.44123065e+03 9.47495564e+01
-2.77777778e-06 2.04545455e-05 1.00000041e+08 -1.30572313e+03 1.32121791e+02
-2.27272727e-06 2.04545455e-05 1.00000096e+08 -1.18977333e+03 1.71560557e+02
-1.76767677e-06 2.04545455e-05 1.00000128e+08 -1.09378195e+03 2.14093970e+02
-1.26262626e-06 2.04545455e-05 1.00000143e+08 -1.01915580e+03 2.59873784e+02
-7.57575758e-07 2.04545455e-05 1.00000144e+08 -9.67480991e+02 3.07633538e+02
-2.52525253e-07 2.04545455e-05 1.00000138e+08 -9.39308906e+02 3.54558809e+02
2.52525253e-07 2.04545455e-05 1.00000128e+08 -9.33009042e+02 3.96825526e+02
7.57575758e-07 2.04545455e-05 1.00000120e+08 -9.44321079e+02 4.30633868e+02
1.26262626e-06 2.04545455e-05 1.00000116e+08 -9.66826002e+02 4.53093153e+02
1.76767677e-06 2.04545455e-05 1.00000120e+08 -9.92752992e+02 4.62433410e+02
2.27272727e-06 2.04545455e-05 1.00000133e+08 -1.01328079e+03 4.57896588e+02
2.77777778e-06 2.04545455e-05 1.00000155e+08 -1.01849776e+03 4.40443427e+02
3.28282828e-06 2.04545455e-05 1.00000180e+08 -9.98818462e+02 4.14768097e+02
3.78787879e-06 2.04545455e-05 1.00000203e+08 -9.49596540e+02 3.90637565e+02
4.29292929e-06 2.04545455e-05 1.00000218e+08 -8.76726876e+02 3.79887176e+02
4.79797980e-06 2.04545455e-05 1.00000225e+08 -7.96627944e+02 3.89167864e+02
5.30303030e-06 2.04545455e-05 1.00000230e+08 -7.27885904e+02 4.15188676e+02
5.80808081e-06 2.04545455e-05 1.00000241e+08 -6.81710777e+02 4.47662883e+02
6.31313131e-06 2.04545455e-05 1.00000258e+08 -6.59267118e+02 4.76211970e+02
6.81818182e-06 2.04545455e-05 1.00000281e+08 -6.55337523e+02 4.94707791e+02
7.32323232e-06 2.04545455e-05 1.00000305e+08 -6.63052138e+02 5.01475152e+02
7.82828283e-06 2.04545455e-05 1.00000328e+08 -6.76615508e+02 4.97534944e+02
8.33333333e-06 2.04545455e-05 1.00000348e+08 -6.92037237e+02 4.84905380e+02
8.83838384e-06 2.04545455e-05 1.00000363e+08 -7.06873431e+02 4.65619452e+02
9.34343434e-06 2.04545455e-05 1.00000373e+08 -7.19725007e+02 4.41342966e+02
9.84848485e-06 2.04545455e-05 1.00000379e+08 -7.29809142e+02 4.13319851e+02
1.03535354e-05 2.04545455e-05 1.00000380e+08 -7.36672655e+02 3.82447430e+02
1.08585859e-05 2.04545455e-05 1.00000378e+08 -7.40025076e+02 3.49380345e+02
1.13636364e-05 2.04545455e-05 1.00000371e+08 -7.39652272e+02 3.14622719e+02
1.18686869e-05 2.04545455e-05 1.00000362e+08 -7.35378565e+02 2.78597588e+02
1.23737374e-05 2.04545455e-05 1.00000350e+08 -7.27055933e+02 2.41694348e+02
1.28787879e-05 2.04545455e-05 1.00000335e+08 -7.14567259e+02 2.04298327e+02
1.33838384e-05 2.04545455e-05 1.00000319e+08 -6.97836021e+02 1.66806815e+02
1.38888889e-05 2.04545455e-05 1.00000301e+08 -6.76838019e+02 1.29635101e+02
1.43939394e-05 2.04545455e-05 1.00000282e+08 -6.51612583e+02 9.32152431e+01
1.48989899e-05 2.04545455e-05 1.00000262e+08 -6.22271705e+02 5.79896260e+01
1.54040404e-05 2.04545455e-05 1.00000241e+08 -5.89006192e+02 2.44009155e+01
1.59090909e-05 2.04545455e-05 1.00000221e+08 -5.52088251e+02 -7.12025492e+00
1.64141414e-05 2.04545455e-05 1.00000202e+08 -5.11870268e+02 -3.61687121e+01
1.69191919e-05 2.04545455e-05 1.00000183e+08 -4.68779744e+02 -6.23782478e+01
1.74242424e-05 2.04545455e-05 1.00000166e+08 -4.23310619e+02 -8.54342668e+01
1.79292929e-05 2.04545455e-05 1.00000151e+08 -3.76011379e+02 -1.05084763e+02
1.84343434e-05 2.04545455e-05 1.00000137e+08 -3.27470580e+02 -1.21148952e+02
1.89393939e-05 2.04545455e-05 1.00000126e+08 -2.78300523e+02 -1.33523058e+02
1.94444444e-05 2.04545455e-05 1.00000116e+08 -2.29119944e+02 -1.42182954e+02
1.99494949e-05 2.04545455e-05 1.00000110e+08 -1.80536610e+02 -1.47183558e+02
2.04545455e-05 2.04545455e-05 1.00000106e+08 -1.33130687e+02 -1.48655099e+02
2.09595960e-05 2.04545455e-05 1.00000104e+08 -8.74396651e+01 -1.46796552e+02
2.14646465e-05 2.04545455e-05 1.00000105e+08 -4.39454999e+01 -1.41866710e+02
2.19696970e-05 2.04545455e-05 1.00000108e+08 -3.06445317e+00 -1.34173449e+02
2.24747475e-05 2.04545455e-05 1.00000113e+08 3.48600763e+01 -1.24061851e+02
2.29797980e-05 2.04545455e-05 1.00000120e+08 6.95616276e+01 -1.11901808e+02
2.34848485e-05 2.04545455e-05 1.00000129e+08 1.00851743e+02 -9.80757591e+01
2.39898990e-05 2.04545455e-05 1.00000139e+08 1.28618264e+02 -8.29670927e+01
2.44949495e-05 2.04545455e-05 1.00000150e+08 1.52821220e+02 -6.69496698e+01
2.50000000e-05 2.04545455e-05 1.00000162e+08 1.73486759e+02 -5.03788114e+01
-2.50000000e-05 2.09595960e-05 1.00000032e+08 -2.12685101e+03 -6.70856062e+02
-2.44949495e-05 2.09595960e-05 9.99998794e+07 -2.22147570e+03 -9.11197326e+02
-2.39898990e-05 2.09595960e-05 9.99996898e+07 -2.29888921e+03 -1.20757388e+03
-2.34848485e-05 2.09595960e-05 9.99994567e+07 -2.34766104e+03 -1.57180790e+03
-2.29797980e-05 2.09595960e-05 9.99991731e+07 -2.35160941e+03 -2.01746033e+03
-2.24747475e-05 2.09595960e-05 9.99988327e+07 -2.28812826e+03 -2.55946622e+03
-2.19696970e-05 2.09595960e-05 9.99984307e+07 -2.12610687e+03 -3.21317187e+03
-2.14646465e-05 2.09595960e-05 9.99979664e+07 -1.82352454e+03 -3.99234694e+03
-2.09595960e-05 2.09595960e-05 9.99974462e+07 -1.32503922e+03 -4.90554105e+03
-2.04545455e-05 2.09595960e-05 9.99968887e+07 -5.60353016e+02 -5.94994213e+03
-1.99494949e-05 2.09595960e-05 9.99963313e+07 5.55043773e+02 -7.10180122e+03
-1.94444444e-05 2.09595960e-05 9.99958381e+07 2.11388649e+03 -8.30283235e+03
-1.89393939e-05 2.09595960e-05 9.99955060e+07 4.20148795e+03 -9.44339014e+03
-1.84343434e-05 2.09595960e-05 9.99954655e+07 6.86500903e+03 -1.03465782e+04
-1.79292929e-05 2.09595960e-05 9.99958652e+07 1.00640419e+04 -1.07634156e+04
-1.74242424e-05 2.09595960e-05 9.99968312e+07 1.36074748e+04 -1.03964617e+04
-1.69191919e-05 2.09595960e-05 9.99983976e+07 1.71003330e+04 -8.97145272e+03
-1.64141414e-05 2.09595960e-05 1.00000424e+08 1.99482502e+04 -6.36080060e+03
-1.59090909e-05 2.09595960e-05 1.00002553e+08 2.14728520e+04 -2.71987884e+03
-1.54040404e-05 2.09595960e-05 1.00004276e+08 2.11433684e+04 1.45365844e+03
-1.48989899e-05 2.09595960e-05 1.00005112e+08 1.88289059e+04 5.42500810e+03
-1.43939394e-05 2.09595960e-05 1.00004825e+08 1.49070496e+04 8.47944399e+03
-1.38888889e-05 2.09595960e-05 1.00003531e+08 1.01329278e+04 1.01886213e+04
-1.33838384e-05 2.09595960e-05 1.00001618e+08 5.34578949e+03 1.05234369e+04
-1.28787879e-05 2.09595960e-05 9.99995599e+07 1.19619319e+03 9.77366744e+03
-1.23737374e-05 2.09595960e-05 9.99977439e+07 -1.97763213e+03 8.36711405e+03
-1.18686869e-05 2.09595960e-05 9.99963875e+07 -4.12301819e+03 6.70676386e+03
-1.13636364e-05 2.09595960e-05 9.99955477e+07 -5.37041671e+03 5.08462638e+03
-1.08585859e-05 2.09595960e-05 9.99951734e+07 -5.92767673e+03 3.66706908e+03
-1.03535354e-05 2.09595960e-05 9.99951623e+07 -6.00647391e+03 2.51979016e+03
-9.84848485e-06 2.09595960e-05 9.99954024e+07 -5.78493718e+03 1.64373361e+03
-9.34343434e-06 2.09595960e-05 9.99957953e+07 -5.39637527e+03 1.00620619e+03
-8.83838384e-06 2.09595960e-05 9.99962646e+07 -4.93222561e+03 5.62214540e+02
-8.33333333e-06 2.09595960e-05 9.99967566e+07 -4.45058284e+03 2.66732268e+02
-7.82828283e-06 2.09595960e-05 9.99972364e+07 -3.98545720e+03 8.04905591e+01
-7.32323232e-06 2.09595960e-05 9.99976836e+07 -3.55465180e+03 -2.81512857e+01
-6.81818182e-06 2.09595960e-05 9.99980878e+07 -3.16569861e+03 -8.33781862e+01
-6.31313131e-06 2.09595960e-05 9.99984450e+07 -2.82000490e+03 -1.02962105e+02
-5.80808081e-06 2.09595960e-05 9.99987555e+07 -2.51559821e+03 -9.95308973e+01
-5.30303030e-06 2.09595960e-05 9.99990216e+07 -2.24887120e+03 -8.17553541e+01
-4.79797980e-06 2.09595960e-05 9.99992467e+07 -2.01565845e+03 -5.53390351e+01
-4.29292929e-06 2.09595960e-05 9.99994344e+07 -1.81189168e+03 -2.37961877e+01
-3.78787879e-06 2.09595960e-05 9.99995884e+07 -1.63400291e+03 1.09479771e+01
-3.28282828e-06 2.09595960e-05 9.99997121e+07 -1.47918024e+03 4.80780962e+01
-2.77777778e-06 2.09595960e-05 9.99998088e+07 -1.34552395e+03 8.74666976e+01
-2.27272727e-06 2.09595960e-05 9.99998817e+07 -1.23209615e+03 1.29253310e+02
-1.76767677e-06 2.09595960e-05 9.99999344e+07 -1.13881032e+03 1.73399886e+02
-1.26262626e-06 2.09595960e-05 9.99999707e+07 -1.06608825e+03 2.19260491e+02
-7.57575758e-07 2.09595960e-05 9.99999951e+07 -1.01425864e+03 2.65282503e+02
-2.52525253e-07 2.09595960e-05 1.00000012e+08 -9.82800030e+02 3.08995562e+02
2.52525253e-07 2.09595960e-05 1.00000026e+08 -9.69680838e+02 3.47367251e+02
7.57575758e-07 2.09595960e-05 1.00000040e+08 -9.71074824e+02 3.77410106e+02
1.26262626e-06 2.09595960e-05 1.00000057e+08 -9.81532027e+02 3.96769833e+02
1.76767677e-06 2.09595960e-05 1.00000079e+08 -9.94405741e+02 4.04118516e+02
2.27272727e-06 2.09595960e-05 1.00000105e+08 -1.00232231e+03 3.99495649e+02
2.77777778e-06 2.09595960e-05 1.00000134e+08 -9.97892029e+02 3.84896172e+02
3.28282828e-06 2.09595960e-05 1.00000163e+08 -9.75269907e+02 3.64961388e+02
3.78787879e-06 2.09595960e-05 1.00000187e+08 -9.32707672e+02 3.46769405e+02
4.29292929e-06 2.09595960e-05 1.00000203e+08 -8.74660832e+02 3.37648769e+02
4.79797980e-06 2.09595960e-05 1.00000212e+08 -8.11054005e+02 3.41684432e+02
5.30303030e-06 2.09595960e-05 1.00000219e+08 -7.53192598e+02 3.57590395e+02
5.80808081e-06 2.09595960e-05 1.00000227e+08 -7.09084489e+02 3.79822960e+02
6.31313131e-06 2.09595960e-05 1.00000238e+08 -6.81375700e+02 4.01762440e+02
6.81818182e-06 2.09595960e-05 1.00000253e+08 -6.68343466e+02 4.18384185e+02
7.32323232e-06 2.09595960e-05 1.00000271e+08 -6.66160989e+02 4.27159223e+02
7.82828283e-06 2.09595960e-05 1.00000288e+08 -6.70764542e+02 4.27614048e+02
8.33333333e-06 2.09595960e-05 1.00000304e+08 -6.78790400e+02 4.20464389e+02
8.83838384e-06 2.09595960e-05 1.00000317e+08 -6.87796414e+02 4.06892340e+02
9.34343434e-06 2.09595960e-05 1.00000326e+08 -6.96135877e+02 3.88118982e+02
9.84848485e-06 2.09595960e-05 1.00000332e+08 -7.02736577e+02 3.65217420e+02
1.03535354e-05 2.09595960e-05 1.00000335e+08 -7.06901639e+02 3.39068004e+02
1.08585859e-05 2.09595960e-05 1.00000334e+08 -7.08165594e+02 3.10379763e+02
1.13636364e-05 2.09595960e-05 1.00000329e+08 -7.06203020e+02 2.79733607e+02
1.18686869e-05 2.09595960e-05 1.00000322e+08 -7.00776553e+02 2.47625837e+02
1.23737374e-05 2.09595960e-05 1.00000312e+08 -6.91711105e+02 2.14503545e+02
1.28787879e-05 2.09595960e-05 1.00000300e+08 -6.78884178e+02 1.80789908e+02
1.33838384e-05 2.09595960e-05 1.00000286e+08 -6.62225243e+02 1.46900019e+02
1.38888889e-05 2.09595960e-05 1.00000270e+08 -6.41719584e+02 1.13248801e+02
1.43939394e-05 2.09595960e-05 1.00000254e+08 -6.17413622e+02 8.02526518e+01
1.48989899e-05 2.09595960e-05 1.00000236e+08 -5.89419815e+02 4.83263443e+01
1.54040404e-05 2.09595960e-05 1.00000219e+08 -5.57919917e+02 1.78765099e+01
1.59090909e-05 2.09595960e-05 1.00000201e+08 -5.23165864e+02 -1.07071320e+01
1.64141414e-05 2.09595960e-05 1.00000184e+08 -4.85477873e+02 -3.70617647e+01
1.69191919e-05 2.09595960e-05 1.00000167e+08 -4.45239643e+02 -6.08617643e+01
1.74242424e-05 2.09595960e-05 1.00000152e+08 -4.02890754e+02 -8.18284711e+01
1.79292929e-05 2.09595960e-05 1.00000138e+08 -3.58916549e+02 -9.97387396e+01
1.84343434e-05 2.09595960e-05 1.00000126e+08 -3.13835978e+02 -1.14431689e+02
1.89393939e-05 2.09595960e-05 1.00000116e+08 -2.68187969e+02 -1.25813228e+02
1.94444444e-05 2.09595960e-05 1.00000108e+08 -2.22517013e+02 -1.33858084e+02
1.99494949e-05 2.09595960e-05 1.00000102e+08 -1.77358640e+02 -1.38609246e+02
2.04545455e-05 2.09595960e-05 1.00000098e+08 -1.33225507e+02 -1.40174882e+02
2.09595960e-05 2.09595960e-05 1.00000096e+08 -9.05946917e+01 -1.38722961e+02
2.14646465e-05 2.09595960e-05 1.00000097e+08 -4.98967571e+01 -1.34473917e+02
2.19696970e-05 2.09595960e-05 1.00000100e+08 -1.15069579e+01 -1.27691810e+02
2.24747475e-05 2.09595960e-05 1.00000104e+08 2.42611345e+01 -1.18674467e+02
2.29797980e-05 2.09595960e-05 1.00000111e+08 5.71594953e+01 -1.07743142e+02
2.34848485e-05 2.09595960e-05 1.00000118e+08 8.70070330e+01 -9.52321723e+01
2.39898990e-05 2.09595960e-05 1.00000128e+08 1.13688667e+02 -8.14791042e+01
2.44949495e-05 2.09595960e-05 1.00000138e+08 1.37152364e+02 -6.68156459e+01
2.50000000e-05 2.09595960e-05 1.00000149e+08 1.57404478e+02 -5.15597564e+01
-2.50000000e-05 2.14646465e-05 9.99997701e+07 -1.89937886e+03 -9.38613225e+02
-2.44949495e-05 2.14646465e-05 9.99996017e+07 -1.94391393e+03 -1.19998268e+03
-2.39898990e-05 2.14646465e-05 9.99993999e+07 -1.96136197e+03 -1.51471384e+03
-2.34848485e-05 2.14646465e-05 9.99991603e+07 -1.93902925e+03 -1.89197497e+03
-2.29797980e-05 2.14646465e-05 9.99988795e+07 -1.85983655e+03 -2.34144433e+03
-2.24747475e-05 2.14646465e-05 9.99985554e+07 -1.70112528e+03 -2.87254052e+03
-2.19696970e-05 2.14646465e-05 9.99981890e+07 -1.43336703e+03 -3.49302428e+03
-2.14646465e-05 2.14646465e-05 9.99977863e+07 -1.01899238e+03 -4.20665438e+03
-2.09595960e-05 2.14646465e-05 9.99973610e+07 -4.11788891e+02 -5.00950650e+03
-2.04545455e-05 2.14646465e-05 9.99969385e+07 4.42304289e+02 -5.88456428e+03
-1.99494949e-05 2.14646465e-05 9.99965596e+07 1.60164241e+03 -6.79439532e+03
-1.94444444e-05 2.14646465e-05 9.99962840e+07 3.12058481e+03 -7.67235767e+03
-1.89393939e-05 2.14646465e-05 9.99961909e+07 5.03411961e+03 -8.41414753e+03
-1.84343434e-05 2.14646465e-05 9.99963724e+07 7.33368084e+03 -8.87381427e+03
-1.79292929e-05 2.14646465e-05 9.99969169e+07 9.93533742e+03 -8.87127921e+03
-1.74242424e-05 2.14646465e-05 9.99978767e+07 1.26480033e+04 -8.22012328e+03
-1.69191919e-05 2.14646465e-05 9.99992261e+07 1.51588124e+04 -6.78113873e+03
-1.64141414e-05 2.14646465e-05 1.00000824e+08 1.70598706e+04 -4.53453669e+03
-1.59090909e-05 2.14646465e-05 1.00002409e+08 1.79339156e+04 -1.64276159e+03
-1.54040404e-05 2.14646465e-05 1.00003650e+08 1.74867955e+04 1.53966216e+03
-1.48989899e-05 2.14646465e-05 1.00004256e+08 1.56725226e+04 4.54014791e+03
-1.43939394e-05 2.14646465e-05 1.00004082e+08 1.27382569e+04 6.90901799e+03
-1.38888889e-05 2.14646465e-05 1.00003188e+08 9.15288915e+03 8.35985474e+03
-1.33838384e-05 2.14646465e-05 1.00001802e+08 5.45435704e+03 8.83689865e+03
-1.28787879e-05 2.14646465e-05 1.00000225e+08 2.09656842e+03 8.48641170e+03
-1.23737374e-05 2.14646465e-05 9.99987325e+07 -6.38532725e+02 7.56668646e+03
-1.18686869e-05 2.14646465e-05 9.99975094e+07 -2.64967053e+03 6.35210521e+03
-1.13636364e-05 2.14646465e-05 9.99966403e+07 -3.97243364e+03 5.06857075e+03
-1.08585859e-05 2.14646465e-05 9.99961276e+07 -4.71945426e+03 3.86830263e+03
-1.03535354e-05 2.14646465e-05 9.99959232e+07 -5.02950675e+03 2.83328679e+03
-9.84848485e-06 2.14646465e-05 9.99959569e+07 -5.03473850e+03 1.99233072e+03
-9.34343434e-06 2.14646465e-05 9.99961573e+07 -4.84480413e+03 1.34048321e+03
-8.83838384e-06 2.14646465e-05 9.99964616e+07 -4.54264543e+03 8.55096790e+02
-8.33333333e-06 2.14646465e-05 9.99968208e+07 -4.18662984e+03 5.06901762e+02
-7.82828283e-06 2.14646465e-05 9.99971991e+07 -3.81525790e+03 2.66589856e+02
-7.32323232e-06 2.14646465e-05 9.99975721e+07 -3.45224801e+03 1.08123561e+02
-6.81818182e-06 2.14646465e-05 9.99979247e+07 -3.11097856e+03 9.97060076e+00
-6.31313131e-06 2.14646465e-05 9.99982482e+07 -2.79796743e+03 -4.48205181e+01
-5.80808081e-06 2.14646465e-05 9.99985385e+07 -2.51541776e+03 -6.90991396e+01
-5.30303030e-06 2.14646465e-05 9.99987944e+07 -2.26299632e+03 -7.22887107e+01
-4.79797980e-06 2.14646465e-05 9.99990167e+07 -2.03903641e+03 -6.10744694e+01
-4.29292929e-06 2.14646465e-05 9.99992069e+07 -1.84133486e+03 -4.00226096e+01
-3.78787879e-06 2.14646465e-05 9.99993673e+07 -1.66767270e+03 -1.21124962e+01
-3.28282828e-06 2.14646465e-05 9.99995006e+07 -1.51614612e+03 2.08040418e+01
-2.77777778e-06 2.14646465e-05 9.99996093e+07 -1.38535345e+03 5.75898183e+01
-2.27272727e-06 2.14646465e-05 9.99996965e+07 -1.27444735e+03 9.74337789e+01
-1.76767677e-06 2.14646465e-05 9.99997654e+07 -1.18303691e+03 1.39486459e+02
-1.26262626e-06 2.14646465e-05 9.99998195e+07 -1.11092312e+03 1.82554303e+02
-7.57575758e-07 2.14646465e-05 9.99998627e+07 -1.05768658e+03 2.24921473e+02
-2.52525253e-07 2.14646465e-05 9.99998987e+07 -1.02221190e+03 2.64371174e+02
2.52525253e-07 2.14646465e-05 9.99999310e+07 -1.00229320e+03 2.98428184e+02
7.57575758e-07 2.14646465e-05 9.99999622e+07 -9.94459824e+02 3.24756817e+02
1.26262626e-06 2.14646465e-05 9.99999943e+07 -9.94074623e+02 3.41593214e+02
1.76767677e-06 2.14646465e-05 1.00000028e+08 -9.95659109e+02 3.48130192e+02
2.27272727e-06 2.14646465e-05 1.00000063e+08 -9.93408476e+02 3.44867285e+02
2.77777778e-06 2.14646465e-05 1.00000098e+08 -9.81981744e+02 3.33935019e+02
3.28282828e-06 2.14646465e-05 1.00000129e+08 -9.57683878e+02 3.19196784e+02
3.78787879e-06 2.14646465e-05 1.00000155e+08 -9.19834505e+02 3.05701723e+02
4.29292929e-06 2.14646465e-05 1.00000174e+08 -8.71552354e+02 2.98247569e+02
4.79797980e-06 2.14646465e-05 1.00000187e+08 -8.19067593e+02 2.99565448e+02
5.30303030e-06 2.14646465e-05 1.00000196e+08 -7.69548585e+02 3.09266443e+02
5.80808081e-06 2.14646465e-05 1.00000205e+08 -7.28627396e+02 3.24292244e+02
6.31313131e-06 2.14646465e-05 1.00000214e+08 -6.99007009e+02 3.40461842e+02
6.81818182e-06 2.14646465e-05 1.00000226e+08 -6.80565097e+02 3.54038360e+02
7.32323232e-06 2.14646465e-05 1.00000238e+08 -6.71367557e+02 3.62571572e+02
7.82828283e-06 2.14646465e-05 1.00000252e+08 -6.68785425e+02 3.64973103e+02
8.33333333e-06 2.14646465e-05 1.00000265e+08 -6.70262844e+02 3.61170042e+02
8.83838384e-06 2.14646465e-05 1.00000276e+08 -6.73675954e+02 3.51675696e+02
9.34343434e-06 2.14646465e-05 1.00000284e+08 -6.77408979e+02 3.37252929e+02
9.84848485e-06 2.14646465e-05 1.00000290e+08 -6.80291651e+02 3.18709080e+02
1.03535354e-05 2.14646465e-05 1.00000293e+08 -6.81494909e+02 2.96797153e+02
1.08585859e-05 2.14646465e-05 1.00000293e+08 -6.80432975e+02 2.72183899e+02
1.13636364e-05 2.14646465e-05 1.00000290e+08 -6.76688476e+02 2.45452655e+02
1.18686869e-05 2.14646465e-05 1.00000284e+08 -6.69961867e+02 2.17120228e+02
1.23737374e-05 2.14646465e-05 1.00000276e+08 -6.60040593e+02 1.87656442e+02
1.28787879e-05 2.14646465e-05 1.00000266e+08 -6.46782362e+02 1.57500935e+02
1.33838384e-05 2.14646465e-05 1.00000254e+08 -6.30107590e+02 1.27075198e+02
1.38888889e-05 2.14646465e-05 1.00000241e+08 -6.09997225e+02 9.67895587e+01
1.43939394e-05 2.14646465e-05 1.00000227e+08 -5.86493202e+02 6.70455982e+01
1.48989899e-05 2.14646465e-05 1.00000212e+08 -5.59699630e+02 3.82348045e+01
1.54040404e-05 2.14646465e-05 1.00000196e+08 -5.29783409e+02 1.07343541e+01
1.59090909e-05 2.14646465e-05 1.00000181e+08 -4.96973460e+02 -1.50991005e+01
1.64141414e-05 2.14646465e-05 1.00000166e+08 -4.61558056e+02 -3.89368049e+01
1.69191919e-05 2.14646465e-05 1.00000151e+08 -4.23880062e+02 -6.04856718e+01
1.74242424e-05 2.14646465e-05 1.00000138e+08 -3.84330064e+02 -7.94957577e+01
1.79292929e-05 2.14646465e-05 1.00000126e+08 -3.43337597e+02 -9.57668522e+01
1.84343434e-05 2.14646465e-05 1.00000115e+08 -3.01360774e+02 -1.09153693e+02
1.89393939e-05 2.14646465e-05 1.00000106e+08 -2.58874791e+02 -1.19569439e+02
1.94444444e-05 2.14646465e-05 1.00000098e+08 -2.16359799e+02 -1.26987178e+02
1.99494949e-05 2.14646465e-05 1.00000093e+08 -1.74288708e+02 -1.31439355e+02
2.04545455e-05 2.14646465e-05 1.00000090e+08 -1.33115455e+02 -1.33015180e+02
2.09595960e-05 2.14646465e-05 1.00000088e+08 -9.32642551e+01 -1.31856157e+02
2.14646465e-05 2.14646465e-05 1.00000089e+08 -5.51202459e+01 -1.28150016e+02
2.19696970e-05 2.14646465e-05 1.00000091e+08 -1.90218704e+01 -1.22123366e+02
2.24747475e-05 2.14646465e-05 1.00000095e+08 1.47447907e+01 -1.14033483e+02
2.29797980e-05 2.14646465e-05 1.00000101e+08 4.59496299e+01 -1.04159626e+02
2.34848485e-05 2.14646465e-05 1.00000108e+08 7.44200839e+01 -9.27942988e+01
2.39898990e-05 2.14646465e-05 1.00000117e+08 1.00040774e+02 -8.02348127e+01
2.44949495e-05 2.14646465e-05 1.00000126e+08 1.22751416e+02 -6.67754715e+01
2.50000000e-05 2.14646465e-05 1.00000136e+08 1.42543262e+02 -5.27006324e+01
-2.50000000e-05 2.19696970e-05 9.99995498e+07 -1.65489454e+03 -1.17059653e+03
-2.44949495e-05 2.19696970e-05 9.99993754e+07 -1.65210735e+03 -1.44265993e+03
-2.39898990e-05 2.19696970e-05 9.99991725e+07 -1.61465474e+03 -1.76319845e+03
-2.34848485e-05 2.19696970e-05 9.99989393e+07 -1.52956109e+03 -2.13856272e+03
-2.29797980e-05 2.19696970e-05 9.99986752e+07 -1.38012527e+03 -2.57460686e+03
-2.24747475e-05 2.19696970e-05 9.99983817e+07 -1.14521510e+03 -3.07571466e+03
-2.19696970e-05 2.19696970e-05 9.99980640e+07 -7.98692863e+02 -3.64327225e+03
-2.14646465e-05 2.19696970e-05 9.99977323e+07 -3.09233219e+02 -4.27339923e+03
-2.09595960e-05 2.19696970e-05 9.99974043e+07 3.59023885e+02 -4.95376819e+03
-2.04545455e-05 2.19696970e-05 9.99971069e+07 1.24430101e+03 -5.65945881e+03
-1.99494949e-05 2.19696970e-05 9.99968785e+07 2.38254740e+03 -6.34809547e+03
-1.94444444e-05 2.19696970e-05 9.99967692e+07 3.79924526e+03 -6.95511791e+03
-1.89393939e-05 2.19696970e-05 9.99968383e+07 5.49680281e+03 -7.39100950e+03
-1.84343434e-05 2.19696970e-05 9.99971461e+07 7.43776242e+03 -7.54355145e+03
-1.79292929e-05 2.19696970e-05 9.99977391e+07 9.52648026e+03 -7.28913267e+03
-1.74242424e-05 2.19696970e-05 9.99986283e+07 1.15957607e+04 -6.51659694e+03
-1.69191919e-05 2.19696970e-05 9.99997655e+07 1.34088485e+04 -5.16336140e+03
-1.64141414e-05 2.19696970e-05 1.00001028e+08 1.46877739e+04 -3.25579850e+03
-1.59090909e-05 2.19696970e-05 1.00002228e+08 1.51718357e+04 -9.36704993e+02
-1.54040404e-05 2.19696970e-05 1.00003146e+08 1.46938841e+04 1.54068089e+03
-1.48989899e-05 2.19696970e-05 1.00003596e+08 1.32446623e+04 3.86234446e+03
-1.43939394e-05 2.19696970e-05 1.00003489e+08 1.09917241e+04 5.73410125e+03
-1.38888889e-05 2.19696970e-05 1.00002855e+08 8.23841794e+03 6.95959660e+03
-1.33838384e-05 2.19696970e-05 1.00001834e+08 5.34006149e+03 7.48133569e+03
-1.28787879e-05 2.19696970e-05 1.00000620e+08 2.61535694e+03 7.37167480e+03
-1.23737374e-05 2.19696970e-05 9.99994075e+07 2.87116457e+02 6.78713699e+03
-1.18686869e-05 2.19696970e-05 9.99983434e+07 -1.53514884e+03 5.91237428e+03
-1.13636364e-05 2.19696970e-05 9.99975142e+07 -2.83918088e+03 4.91562491e+03
-1.08585859e-05 2.19696970e-05 9.99969478e+07 -3.67793979e+03 3.92465921e+03
-1.03535354e-05 2.19696970e-05 9.99966298e+07 -4.13688322e+03 3.02121448e+03
-9.84848485e-06 2.19696970e-05 9.99965214e+07 -4.30892415e+03 2.24699969e+03
-9.34343434e-06 2.19696970e-05 9.99965745e+07 -4.27913393e+03 1.61440689e+03
-8.83838384e-06 2.19696970e-05 9.99967418e+07 -4.11766090e+03 1.11732617e+03
-8.33333333e-06 2.19696970e-05 9.99969820e+07 -3.87816342e+03 7.39855012e+02
-7.82828283e-06 2.19696970e-05 9.99972623e+07 -3.59927160e+03 4.62353596e+02
-7.32323232e-06 2.19696970e-05 9.99975582e+07 -3.30730714e+03 2.65155014e+02
-6.81818182e-06 2.19696970e-05 9.99978524e+07 -3.01920891e+03 1.30532787e+02
-6.31313131e-06 2.19696970e-05 9.99981334e+07 -2.74514591e+03 4.35199813e+01
-5.80808081e-06 2.19696970e-05 9.99983942e+07 -2.49063240e+03 -7.95212485e+00
-5.30303030e-06 2.19696970e-05 9.99986311e+07 -2.25813778e+03 -3.32730280e+01
-4.79797980e-06 2.19696970e-05 9.99988424e+07 -2.04826175e+03 -3.95290602e+01
-4.29292929e-06 2.19696970e-05 9.99990279e+07 -1.86056613e+03 -3.19248768e+01
-3.78787879e-06 2.19696970e-05 9.99991887e+07 -1.69414685e+03 -1.41973215e+01
-3.28282828e-06 2.19696970e-05 9.99993261e+07 -1.54800939e+03 1.09967006e+01
-2.77777778e-06 2.19696970e-05 9.99994422e+07 -1.42128709e+03 4.17204867e+01
-2.27272727e-06 2.19696970e-05 9.99995394e+07 -1.31332070e+03 7.64267506e+01
-1.76767677e-06 2.19696970e-05 9.99996204e+07 -1.22360564e+03 1.13667021e+02
-1.26262626e-06 2.19696970e-05 9.99996882e+07 -1.15161698e+03 1.51868942e+02
-7.57575758e-07 2.19696970e-05 9.99997459e+07 -1.09654361e+03 1.89221059e+02
-2.52525253e-07 2.19696970e-05 9.99997965e+07 -1.05699604e+03 2.23698623e+02
2.52525253e-07 2.19696970e-05 9.99998428e+07 -1.03077568e+03 2.53233738e+02
7.57575758e-07 2.19696970e-05 9.99998867e+07 -1.01478670e+03 2.75991174e+02
1.26262626e-06 2.19696970e-05 9.99999296e+07 -1.00513255e+03 2.90685300e+02
1.76767677e-06 2.19696970e-05 9.99999719e+07 -9.97399408e+02 2.96881308e+02
2.27272727e-06 2.19696970e-05 1.00000013e+08 -9.87121612e+02 2.95242125e+02
2.77777778e-06 2.19696970e-05 1.00000052e+08 -9.70436134e+02 2.87660572e+02
3.28282828e-06 2.19696970e-05 1.00000087e+08 -9.44883192e+02 2.77144620e+02
3.78787879e-06 2.19696970e-05 1.00000115e+08 -9.10142678e+02 2.67297287e+02
4.29292929e-06 2.19696970e-05 1.00000138e+08 -8.68313193e+02 2.61390953e+02
4.79797980e-06 2.19696970e-05 1.00000154e+08 -8.23397644e+02 2.61357937e+02
5.30303030e-06 2.19696970e-05 1.00000166e+08 -7.80071832e+02 2.67218667e+02
5.80808081e-06 2.19696970e-05 1.00000176e+08 -7.42289762e+02 2.77267770e+02
6.31313131e-06 2.19696970e-05 1.00000186e+08 -7.12369506e+02 2.88862379e+02
6.81818182e-06 2.19696970e-05 1.00000196e+08 -6.90834712e+02 2.99337192e+02
7.32323232e-06 2.19696970e-05 1.00000207e+08 -6.76832628e+02 3.06636771e+02
7.82828283e-06 2.19696970e-05 1.00000218e+08 -6.68756394e+02 3.09539962e+02
8.33333333e-06 2.19696970e-05 1.00000228e+08 -6.64781712e+02 3.07579981e+02
8.83838384e-06 2.19696970e-05 1.00000238e+08 -6.63203986e+02 3.00830150e+02
9.34343434e-06 2.19696970e-05 1.00000245e+08 -6.62590199e+02 2.89682506e+02
9.84848485e-06 2.19696970e-05 1.00000251e+08 -6.61808648e+02 2.74678503e+02
1.03535354e-05 2.19696970e-05 1.00000254e+08 -6.59997519e+02 2.56402389e+02
1.08585859e-05 2.19696970e-05 1.00000254e+08 -6.56513319e+02 2.35425284e+02
1.13636364e-05 2.19696970e-05 1.00000252e+08 -6.50880754e+02 2.12282717e+02
1.18686869e-05 2.19696970e-05 1.00000248e+08 -6.42752682e+02 1.87470956e+02
1.23737374e-05 2.19696970e-05 1.00000242e+08 -6.31881653e+02 1.61451946e+02
1.28787879e-05 2.19696970e-05 1.00000234e+08 -6.18101484e+02 1.34660728e+02
1.33838384e-05 2.19696970e-05 1.00000224e+08 -6.01316334e+02 1.07512064e+02
1.38888889e-05 2.19696970e-05 1.00000213e+08 -5.81494793e+02 8.04047942e+01
1.43939394e-05 2.19696970e-05 1.00000201e+08 -5.58666899e+02 5.37235045e+01
1.48989899e-05 2.19696970e-05 1.00000188e+08 -5.32922472e+02 2.78376485e+01
1.54040404e-05 2.19696970e-05 1.00000174e+08 -5.04409581e+02 3.09855180e+00
1.59090909e-05 2.19696970e-05 1.00000161e+08 -4.73332347e+02 -2.01651434e+01
1.64141414e-05 2.19696970e-05 1.00000148e+08 -4.39947552e+02 -4.16529938e+01
1.69191919e-05 2.19696970e-05 1.00000135e+08 -4.04559808e+02 -6.10986445e+01
1.74242424e-05 2.19696970e-05 1.00000123e+08 -3.67515196e+02 -7.82755421e+01
1.79292929e-05 2.19696970e-05 1.00000113e+08 -3.29193492e+02 -9.30019903e+01
1.84343434e-05 2.19696970e-05 1.00000103e+08 -2.89999200e+02 -1.05145144e+02
1.89393939e-05 2.19696970e-05 1.00000095e+08 -2.50351724e+02 -1.14623640e+02
1.94444444e-05 2.19696970e-05 1.00000089e+08 -2.10675069e+02 -1.21408658e+02
1.99494949e-05 2.19696970e-05 1.00000084e+08 -1.71387504e+02 -1.25523336e+02
2.04545455e-05 2.19696970e-05 1.00000081e+08 -1.32891606e+02 -1.27040533e+02
2.09595960e-05 2.19696970e-05 1.00000080e+08 -9.55651018e+01 -1.26079083e+02
2.14646465e-05 2.19696970e-05 1.00000081e+08 -5.97528325e+01 -1.22798717e+02
2.19696970e-05 2.19696970e-05 1.00000083e+08 -2.57601271e+01 -1.17393925e+02
2.24747475e-05 2.19696970e-05 1.00000087e+08 6.15223265e+00 -1.10087071e+02
2.29797980e-05 2.19696970e-05 1.00000092e+08 3.57713619e+01 -1.01121069e+02
2.34848485e-05 2.19696970e-05 1.00000098e+08 6.29339308e+01 -9.07519714e+01
2.39898990e-05 2.19696970e-05 1.00000106e+08 8.75262083e+01 -7.92417410e+01
2.44949495e-05 2.19696970e-05 1.00000115e+08 1.09482637e+02 -6.68514938e+01
2.50000000e-05 2.19696970e-05 1.00000124e+08 1.28783139e+02 -5.38354136e+01
-2.50000000e-05 2.24747475e-05 9.99993713e+07 -1.40231829e+03 -1.36410910e+03
-2.44949495e-05 2.24747475e-05 9.99991988e+07 -1.35674178e+03 -1.63770319e+03
-2.39898990e-05 2.24747475e-05 9.99990038e+07 -1.27130666e+03 -1.95345430e+03
-2.34848485e-05 2.24747475e-05 9.99987862e+07 -1.13354893e+03 -2.31503449e+03
-2.29797980e-05 2.24747475e-05 9.99985479e+07 -9.28081619e+02 -2.72489518e+03
-2.24747475e-05 2.24747475e-05 9.99982931e+07 -6.36314328e+02 -3.18325638e+03
-2.19696970e-05 2.24747475e-05 9.99980295e+07 -2.36437833e+02 -3.68667072e+03
-2.14646465e-05 2.24747475e-05 9.99977696e+07 2.96080789e+02 -4.22608615e+03
-2.09595960e-05 2.24747475e-05 9.99975318e+07 9.87132924e+02 -4.78439713e+03
-2.04545455e-05 2.24747475e-05 9.99973417e+07 1.86125587e+03 -5.33362638e+03
-1.99494949e-05 2.24747475e-05 9.99972324e+07 2.93703119e+03 -5.83216037e+03
-1.94444444e-05 2.24747475e-05 9.99972429e+07 4.22015143e+03 -6.22290282e+03
-1.89393939e-05 2.24747475e-05 9.99974147e+07 5.69415171e+03 -6.43377456e+03
-1.84343434e-05 2.24747475e-05 9.99977840e+07 7.30978467e+03 -6.38248908e+03
-1.79292929e-05 2.24747475e-05 9.99983710e+07 8.97562639e+03 -5.98754484e+03
-1.74242424e-05 2.24747475e-05 9.99991653e+07 1.05544199e+04 -5.18624851e+03
-1.69191919e-05 2.24747475e-05 1.00000114e+08 1.18708469e+04 -3.95777089e+03
-1.64141414e-05 2.24747475e-05 1.00001119e+08 1.27351350e+04 -2.34503769e+03
-1.59090909e-05 2.24747475e-05 1.00002041e+08 1.29817073e+04 -4.65625038e+02
-1.54040404e-05 2.24747475e-05 1.00002735e+08 1.25137446e+04 1.49786139e+03
-1.48989899e-05 2.24747475e-05 1.00003078e+08 1.13374080e+04 3.33073887e+03
-1.43939394e-05 2.24747475e-05 1.00003011e+08 9.56966662e+03 4.83410414e+03
-1.38888889e-05 2.24747475e-05 1.00002552e+08 7.41370589e+03 5.87017392e+03
-1.33838384e-05 2.24747475e-05 1.00001787e+08 5.11073925e+03 6.38785087e+03
-1.28787879e-05 2.24747475e-05 1.00000845e+08 2.88714130e+03 6.42107162e+03
-1.23737374e-05 2.24747475e-05 9.99998633e+07 9.15101026e+02 6.06516411e+03
-1.18686869e-05 2.24747475e-05 9.99989554e+07 -7.04320627e+02 5.44400210e+03
-1.13636364e-05 2.24747475e-05 9.99981985e+07 -1.93751854e+03 4.68038162e+03
-1.08585859e-05 2.24747475e-05 9.99976302e+07 -2.80210681e+03 3.87659756e+03
-1.03535354e-05 2.24747475e-05 9.99972552e+07 -3.34688749e+03 3.10622372e+03
-9.84848485e-06 2.24747475e-05 9.99970560e+07 -3.63412903e+03 2.41439700e+03
-9.34343434e-06 2.24747475e-05 9.99970030e+07 -3.72687752e+03 1.82284037e+03
-8.83838384e-06 2.24747475e-05 9.99970625e+07 -3.68150566e+03 1.33646895e+03
-8.33333333e-06 2.24747475e-05 9.99972025e+07 -3.54442215e+03 9.49607667e+02
-7.82828283e-06 2.24747475e-05 9.99973950e+07 -3.35153339e+03 6.50922932e+02
-7.32323232e-06 2.24747475e-05 9.99976172e+07 -3.12922938e+03 4.26885594e+02
-6.81818182e-06 2.24747475e-05 9.99978521e+07 -2.89601998e+03 2.63950444e+02
-6.31313131e-06 2.24747475e-05 9.99980869e+07 -2.66428870e+03 1.49764897e+02
-5.80808081e-06 2.24747475e-05 9.99983130e+07 -2.44188808e+03 7.37151199e+01
-5.30303030e-06 2.24747475e-05 9.99985250e+07 -2.23346660e+03 2.70582744e+01
-4.79797980e-06 2.24747475e-05 9.99987194e+07 -2.04151045e+03 2.81856738e+00
-4.29292929e-06 2.24747475e-05 9.99988946e+07 -1.86712726e+03 -4.43736806e+00
-3.78787879e-06 2.24747475e-05 9.99990504e+07 -1.71061277e+03 1.12302792e+00
-3.28282828e-06 2.24747475e-05 9.99991873e+07 -1.57183927e+03 1.63076841e+01
-2.77777778e-06 2.24747475e-05 9.99993064e+07 -1.45049524e+03 3.86159771e+01
-2.27272727e-06 2.24747475e-05 9.99994094e+07 -1.34619642e+03 6.59762918e+01
-1.76767677e-06 2.24747475e-05 9.99994984e+07 -1.25848417e+03 9.65220264e+01
-1.26262626e-06 2.24747475e-05 9.99995758e+07 -1.18673077e+03 1.28428218e+02
-7.57575758e-07 2.24747475e-05 9.99996440e+07 -1.12998417e+03 1.59832712e+02
-2.52525253e-07 2.24747475e-05 9.99997052e+07 -1.08680043e+03 1.88857967e+02
2.52525253e-07 2.24747475e-05 9.99997616e+07 -1.05512182e+03 2.13730859e+02
7.57575758e-07 2.24747475e-05 9.99998147e+07 -1.03225255e+03 2.32974907e+02
1.26262626e-06 2.24747475e-05 9.99998653e+07 -1.01496487e+03 2.45633259e+02
1.76767677e-06 2.24747475e-05 9.99999138e+07 -9.99745530e+02 2.51476513e+02
2.27272727e-06 2.24747475e-05 9.99999595e+07 -9.83176099e+02 2.51147990e+02
2.77777778e-06 2.24747475e-05 1.00000002e+08 -9.62420836e+02 2.46187527e+02
3.28282828e-06 2.24747475e-05 1.00000039e+08 -9.35748006e+02 2.38861197e+02
3.78787879e-06 2.24747475e-05 1.00000070e+08 -9.02933384e+02 2.31749599e+02
4.29292929e-06 2.24747475e-05 1.00000096e+08 -8.65346686e+02 2.27147791e+02
4.79797980e-06 2.24747475e-05 1.00000115e+08 -8.25591953e+02 2.26469707e+02
5.30303030e-06 2.24747475e-05 1.00000131e+08 -7.86774696e+02 2.29911729e+02
5.80808081e-06 2.24747475e-05 1.00000143e+08 -7.51674096e+02 2.36524984e+02
6.31313131e-06 2.24747475e-05 1.00000154e+08 -7.22140926e+02 2.44632437e+02
6.81818182e-06 2.24747475e-05 1.00000164e+08 -6.98890505e+02 2.52368732e+02
7.32323232e-06 2.24747475e-05 1.00000175e+08 -6.81647859e+02 2.58119953e+02
7.82828283e-06 2.24747475e-05 1.00000184e+08 -6.69477015e+02 2.60754988e+02
8.33333333e-06 2.24747475e-05 1.00000194e+08 -6.61126659e+02 2.59661840e+02
8.83838384e-06 2.24747475e-05 1.00000202e+08 -6.55294713e+02 2.54663926e+02
9.34343434e-06 2.24747475e-05 1.00000209e+08 -6.50786952e+02 2.45893240e+02
9.84848485e-06 2.24747475e-05 1.00000214e+08 -6.46587547e+02 2.33670565e+02
1.03535354e-05 2.24747475e-05 1.00000217e+08 -6.41872646e+02 2.18414402e+02
1.08585859e-05 2.24747475e-05 1.00000219e+08 -6.35994677e+02 2.00581481e+02
1.13636364e-05 2.24747475e-05 1.00000218e+08 -6.28456089e+02 1.80632932e+02
1.18686869e-05 2.24747475e-05 1.00000215e+08 -6.18882954e+02 1.59018007e+02
1.23737374e-05 2.24747475e-05 1.00000210e+08 -6.07002979e+02 1.36168233e+02
1.28787879e-05 2.24747475e-05 1.00000203e+08 -5.92629086e+02 1.12496775e+02
1.33838384e-05 2.24747475e-05 1.00000195e+08 -5.75648040e+02 8.83996402e+01
1.38888889e-05 2.24747475e-05 1.00000186e+08 -5.56012931e+02 6.42568117e+01
1.43939394e-05 2.24747475e-05 1.00000175e+08 -5.33738229e+02 4.04323344e+01
1.48989899e-05 2.24747475e-05 1.00000164e+08 -5.08896253e+02 1.72730466e+01
1.54040404e-05 2.24747475e-05 1.00000153e+08 -4.81614109e+02 -4.89399989e+00
1.59090909e-05 2.24747475e-05 1.00000142e+08 -4.52070421e+02 -2.57651660e+01
1.64141414e-05 2.24747475e-05 1.00000130e+08 -4.20491371e+02 -4.50645257e+01
1.69191919e-05 2.24747475e-05 1.00000119e+08 -3.87145786e+02 -6.25484300e+01
1.74242424e-05 2.24747475e-05 1.00000109e+08 -3.52339157e+02 -7.80099236e+01
1.79292929e-05 2.24747475e-05 1.00000100e+08 -3.16406641e+02 -9.12826427e+01
1.84343434e-05 2.24747475e-05 1.00000091e+08 -2.79705193e+02 -1.02243873e+02
1.89393939e-05 2.24747475e-05 1.00000084e+08 -2.42605056e+02 -1.10816522e+02
1.94444444e-05 2.24747475e-05 1.00000079e+08 -2.05480930e+02 -1.16969837e+02
1.99494949e-05 2.24747475e-05 1.00000075e+08 -1.68703126e+02 -1.20718795e+02
2.04545455e-05 2.24747475e-05 1.00000072e+08 -1.32629060e+02 -1.22122164e+02
2.09595960e-05 2.24747475e-05 1.00000071e+08 -9.75953864e+01 -1.21279315e+02
2.14646465e-05 2.24747475e-05 1.00000072e+08 -6.39110667e+01 -1.18325954e+02
2.19696970e-05 2.24747475e-05 1.00000074e+08 -3.18515786e+01 -1.13428953e+02
2.24747475e-05 2.24747475e-05 1.00000078e+08 -1.65443714e+00 -1.06780544e+02
2.29797980e-05 2.24747475e-05 1.00000083e+08 2.64838967e+01 -9.85921217e+01
2.34848485e-05 2.24747475e-05 1.00000089e+08 5.24096991e+01 -8.90879262e+01
2.39898990e-05 2.24747475e-05 1.00000096e+08 7.60123114e+01 -7.84988414e+01
2.44949495e-05 2.24747475e-05 1.00000104e+08 9.72232203e+01 -6.70565382e+01
2.50000000e-05 2.24747475e-05 1.00000112e+08 1.16014041e+02 -5.49881386e+01
-2.50000000e-05 2.29797980e-05 9.99992325e+07 -1.14949693e+03 -1.51882764e+03
-2.44949495e-05 2.29797980e-05 9.99990682e+07 -1.06678621e+03 -1.78633007e+03
-2.39898990e-05 2.29797980e-05 9.99988872e+07 -9.41266421e+02 -2.08895413e+03
-2.34848485e-05 2.29797980e-05 9.99986913e+07 -7.61551951e+02 -2.42803086e+03
-2.29797980e-05 2.29797980e-05 9.99984840e+07 -5.14155193e+02 -2.80322733e+03
-2.24747475e-05 2.29797980e-05 9.99982710e+07 -1.83532043e+02 -3.21161529e+03
-2.19696970e-05 2.29797980e-05 9.99980615e+07 2.47553544e+02 -3.64645365e+03
-2.14646465e-05 2.29797980e-05 9.99978684e+07 7.97148852e+02 -4.09568823e+03
-2.09595960e-05 2.29797980e-05 9.99977092e+07 1.48246263e+03 -4.54025133e+03
-2.04545455e-05 2.29797980e-05 9.99976065e+07 2.31716380e+03 -4.95238360e+03
-1.99494949e-05 2.29797980e-05 9.99975867e+07 3.30739018e+03 -5.29441146e+03
-1.94444444e-05 2.29797980e-05 9.99976787e+07 4.44642004e+03 -5.51868421e+03
-1.89393939e-05 2.29797980e-05 9.99979097e+07 5.70838265e+03 -5.56963494e+03
-1.84343434e-05 2.29797980e-05 9.99982994e+07 7.04209485e+03 -5.38902207e+03
-1.79292929e-05 2.29797980e-05 9.99988520e+07 8.36703235e+03 -4.92507474e+03
-1.74242424e-05 2.29797980e-05 9.99995477e+07 9.57425055e+03 -4.14523417e+03
-1.69191919e-05 2.29797980e-05 1.00000337e+08 1.05351199e+04 -3.05038388e+03
-1.64141414e-05 2.29797980e-05 1.00001142e+08 1.11192740e+04 -1.68636031e+03
-1.59090909e-05 2.29797980e-05 1.00001862e+08 1.12198808e+04 -1.47301731e+02
-1.54040404e-05 2.29797980e-05 1.00002397e+08 1.07801310e+04 1.43350583e+03
-1.48989899e-05 2.29797980e-05 1.00002663e+08 9.81197784e+03 2.90556985e+03
-1.43939394e-05 2.29797980e-05 1.00002622e+08 8.39914480e+03 4.13056660e+03
-1.38888889e-05 2.29797980e-05 1.00002282e+08 6.68183090e+03 5.00973314e+03
-1.33838384e-05 2.29797980e-05 1.00001700e+08 4.82788619e+03 5.50018200e+03
-1.28787879e-05 2.29797980e-05 1.00000963e+08 3.00032374e+03 5.61582616e+03
-1.23737374e-05 2.29797980e-05 1.00000167e+08 1.33118063e+03 5.41494359e+03
-1.18686869e-05 2.29797980e-05 9.99994006e+07 -9.24277656e+01 4.98074611e+03
-1.13636364e-05 2.29797980e-05 9.99987273e+07 -1.22969153e+03 4.40197489e+03
-1.08585859e-05 2.29797980e-05 9.99981863e+07 -2.07848094e+03 3.75832811e+03
-1.03535354e-05 2.29797980e-05 9.99977920e+07 -2.66354348e+03 3.11240948e+03
-9.84848485e-06 2.29797980e-05 9.99975403e+07 -3.02456285e+03 2.50746845e+03
-9.34343434e-06 2.29797980e-05 9.99974151e+07 -3.20646137e+03 1.96905858e+03
-8.83838384e-06 2.29797980e-05 9.99973942e+07 -3.25276819e+03 1.50865613e+03
-8.33333333e-06 2.29797980e-05 9.99974538e+07 -3.20185099e+03 1.12775341e+03
-7.82828283e-06 2.29797980e-05 9.99975713e+07 -3.08533965e+03 8.21546353e+02
-7.32323232e-06 2.29797980e-05 9.99977274e+07 -2.92798899e+03 5.81835234e+02
-6.81818182e-06 2.29797980e-05 9.99979060e+07 -2.74834654e+03 3.99082440e+02
-6.31313131e-06 2.29797980e-05 9.99980947e+07 -2.55977231e+03 2.63737618e+02
-5.80808081e-06 2.29797980e-05 9.99982842e+07 -2.37152769e+03 1.66999102e+02
-5.30303030e-06 2.29797980e-05 9.99984681e+07 -2.18977975e+03 1.01178000e+02
-4.79797980e-06 2.29797980e-05 9.99986418e+07 -2.01845315e+03 5.98020341e+01
-4.29292929e-06 2.29797980e-05 9.99988027e+07 -1.85991201e+03 3.75605589e+01
-3.78787879e-06 2.29797980e-05 9.99989495e+07 -1.71547909e+03 3.01603101e+01
-3.28282828e-06 2.29797980e-05 9.99990818e+07 -1.58580935e+03 3.41374802e+01
-2.77777778e-06 2.29797980e-05 9.99991999e+07 -1.47113592e+03 4.66562881e+01
-2.27272727e-06 2.29797980e-05 9.99993049e+07 -1.37140549e+03 6.53162917e+01
-1.76767677e-06 2.29797980e-05 9.99993982e+07 -1.28632023e+03 8.79879577e+01
-1.26262626e-06 2.29797980e-05 9.99994815e+07 -1.21530754e+03 1.12695140e+02
-7.57575758e-07 2.29797980e-05 9.99995565e+07 -1.15744603e+03 1.37560335e+02
-2.52525253e-07 2.29797980e-05 9.99996249e+07 -1.11138438e+03 1.60820965e+02
2.52525253e-07 2.29797980e-05 9.99996882e+07 -1.07529270e+03 1.80912349e+02
7.57575758e-07 2.29797980e-05 9.99997475e+07 -1.04688187e+03 1.96598700e+02
1.26262626e-06 2.29797980e-05 9.99998034e+07 -1.02351378e+03 2.07122127e+02
1.76767677e-06 2.29797980e-05 9.99998561e+07 -1.00240935e+03 2.12333155e+02
2.27272727e-06 2.29797980e-05 9.99999051e+07 -9.80943592e+02 2.12762767e+02
2.77777778e-06 2.29797980e-05 9.99999498e+07 -9.56993963e+02 2.09593865e+02
3.28282828e-06 2.29797980e-05 9.99999894e+07 -9.29276931e+02 2.04496601e+02
3.78787879e-06 2.29797980e-05 1.00000023e+08 -8.97575078e+02 1.99321850e+02
4.29292929e-06 2.29797980e-05 1.00000051e+08 -8.62752564e+02 1.95705627e+02
4.79797980e-06 2.29797980e-05 1.00000074e+08 -8.26509621e+02 1.94699333e+02
5.30303030e-06 2.29797980e-05 1.00000092e+08 -7.90929524e+02 1.96557865e+02
5.80808081e-06 2.29797980e-05 1.00000107e+08 -7.57966506e+02 2.00760703e+02
6.31313131e-06 2.29797980e-05 1.00000120e+08 -7.29043954e+02 2.06238390e+02
6.81818182e-06 2.29797980e-05 1.00000131e+08 -7.04866038e+02 2.11695410e+02
7.32323232e-06 2.29797980e-05 1.00000142e+08 -6.85443036e+02 2.15906870e+02
7.82828283e-06 2.29797980e-05 1.00000151e+08 -6.70256061e+02 2.17912094e+02
8.33333333e-06 2.29797980e-05 1.00000160e+08 -6.58468542e+02 2.17090419e+02
8.83838384e-06 2.29797980e-05 1.00000168e+08 -6.49115868e+02 2.13147248e+02
9.34343434e-06 2.29797980e-05 1.00000175e+08 -6.41241500e+02 2.06051891e+02
9.84848485e-06 2.29797980e-05 1.00000180e+08 -6.33976872e+02 1.95961958e+02
1.03535354e-05 2.29797980e-05 1.00000183e+08 -6.26577211e+02 1.83155229e+02
1.08585859e-05 2.29797980e-05 1.00000185e+08 -6.18428965e+02 1.67977510e+02
1.13636364e-05 2.29797980e-05 1.00000185e+08 -6.09042146e+02 1.50807139e+02
1.18686869e-05 2.29797980e-05 1.00000183e+08 -5.98036739e+02 1.32033098e+02
1.23737374e-05 2.29797980e-05 1.00000179e+08 -5.85128411e+02 1.12042685e+02
1.28787879e-05 2.29797980e-05 1.00000174e+08 -5.70116043e+02 9.12151292e+01
1.33838384e-05 2.29797980e-05 1.00000167e+08 -5.52871827e+02 6.99183758e+01
1.38888889e-05 2.29797980e-05 1.00000160e+08 -5.33333779e+02 4.85071804e+01
1.43939394e-05 2.29797980e-05 1.00000151e+08 -5.11500097e+02 2.73213947e+01
1.48989899e-05 2.29797980e-05 1.00000142e+08 -4.87424687e+02 6.68387142e+00
1.54040404e-05 2.29797980e-05 1.00000132e+08 -4.61213215e+02 -1.31022141e+01
1.59090909e-05 2.29797980e-05 1.00000122e+08 -4.33019161e+02 -3.17565835e+01
1.64141414e-05 2.29797980e-05 1.00000113e+08 -4.03039513e+02 -4.90254367e+01
1.69191919e-05 2.29797980e-05 1.00000103e+08 -3.71509827e+02 -6.46851376e+01
1.74242424e-05 2.29797980e-05 1.00000095e+08 -3.38698583e+02 -7.85457229e+01
1.79292929e-05 2.29797980e-05 1.00000087e+08 -3.04900812e+02 -9.04539608e+01
1.84343434e-05 2.29797980e-05 1.00000079e+08 -2.70431104e+02 -1.00295718e+02
1.89393939e-05 2.29797980e-05 1.00000074e+08 -2.35616170e+02 -1.07997442e+02
1.94444444e-05 2.29797980e-05 1.00000069e+08 -2.00787188e+02 -1.13526629e+02
1.99494949e-05 2.29797980e-05 1.00000065e+08 -1.66272169e+02 -1.16891206e+02
2.04545455e-05 2.29797980e-05 1.00000063e+08 -1.32388624e+02 -1.18137836e+02
2.09595960e-05 2.29797980e-05 1.00000063e+08 -9.94367749e+01 -1.17349193e+02
2.14646465e-05 2.29797980e-05 1.00000063e+08 -6.76935255e+01 -1.14640343e+02
2.19696970e-05 2.29797980e-05 1.00000066e+08 -3.74073882e+01 -1.10154374e+02
2.24747475e-05 2.29797980e-05 1.00000069e+08 -8.79448549e+00 -1.04057471e+02
2.29797980e-05 2.29797980e-05 1.00000074e+08 1.79642926e+01 -9.65336526e+01
2.34848485e-05 2.29797980e-05 1.00000079e+08 4.27249562e+01 -8.77793650e+01
2.39898990e-05 2.29797980e-05 1.00000086e+08 6.53809418e+01 -7.79981488e+01
2.44949495e-05 2.29797980e-05 1.00000093e+08 8.58625746e+01 -6.73955533e+01
2.50000000e-05 2.29797980e-05 1.00000101e+08 1.04135586e+02 -5.61744559e+01
-2.50000000e-05 2.34848485e-05 9.99991302e+07 -9.02930189e+02 -1.63625225e+03
-2.44949495e-05 2.34848485e-05 9.99989782e+07 -7.89282704e+02 -1.89171523e+03
-2.39898990e-05 2.34848485e-05 9.99988154e+07 -6.31827242e+02 -2.17513345e+03
-2.34848485e-05 2.34848485e-05 9.99986445e+07 -4.20601793e+02 -2.48593549e+03
-2.29797980e-05 2.34848485e-05 9.99984700e+07 -1.44295873e+02 -2.82168418e+03
-2.24747475e-05 2.34848485e-05 9.99982986e+07 2.09483435e+02 -3.17728996e+03
-2.19696970e-05 2.34848485e-05 9.99981396e+07 6.53629622e+02 -3.54406189e+03
-2.14646465e-05 2.34848485e-05 9.99980054e+07 1.20049930e+03 -3.90864576e+03
-2.09595960e-05 2.34848485e-05 9.99979116e+07 1.86026515e+03 -4.25197113e+03
-2.04545455e-05 2.34848485e-05 9.99978768e+07 2.63852612e+03 -4.54843595e+03
-1.99494949e-05 2.34848485e-05 9.99979213e+07 3.53312981e+03 -4.76569300e+03
-1.94444444e-05 2.34848485e-05 9.99980654e+07 4.53035597e+03 -4.86554083e+03
-1.89393939e-05 2.34848485e-05 9.99983257e+07 5.60093873e+03 -4.80649862e+03
-1.84343434e-05 2.34848485e-05 9.99987109e+07 6.69685465e+03 -4.54855514e+03
-1.79292929e-05 2.34848485e-05 9.99992163e+07 7.75026765e+03 -4.06019813e+03
-1.74242424e-05 2.34848485e-05 9.99998192e+07 8.67626404e+03 -3.32706957e+03
-1.69191919e-05 2.34848485e-05 1.00000477e+08 9.38069115e+03 -2.36053940e+03
-1.64141414e-05 2.34848485e-05 1.00001127e+08 9.77324518e+03 -1.20351232e+03
-1.59090909e-05 2.34848485e-05 1.00001697e+08 9.78399333e+03 6.94913600e+01
-1.54040404e-05 2.34848485e-05 1.00002116e+08 9.37940846e+03 1.35990700e+03
-1.48989899e-05 2.34848485e-05 1.00002326e+08 8.57289107e+03 2.55988186e+03
-1.43939394e-05 2.34848485e-05 1.00002301e+08 7.42567607e+03 3.57084804e+03
-1.38888889e-05 2.34848485e-05 1.00002045e+08 6.03701748e+03 4.32063397e+03
-1.33838384e-05 2.34848485e-05 1.00001596e+08 4.52633827e+03 4.77411764e+03
-1.28787879e-05 2.34848485e-05 1.00001013e+08 3.01271553e+03 4.93487009e+03
-1.23737374e-05 2.34848485e-05 1.00000367e+08 1.59737161e+03 4.83853928e+03
-1.18686869e-05 2.34848485e-05 9.99997224e+07 3.52921856e+02 4.54121827e+03
-1.13636364e-05 2.34848485e-05 9.99991325e+07 -6.79720678e+02 4.10678609e+03
-1.08585859e-05 2.34848485e-05 9.99986333e+07 -1.48824701e+03 3.59636769e+03
-1.03535354e-05 2.34848485e-05 9.99982434e+07 -2.08225061e+03 3.06147457e+03
-9.84848485e-06 2.34848485e-05 9.99979665e+07 -2.48545716e+03 2.54091256e+03
-9.34343434e-06 2.34848485e-05 9.99977957e+07 -2.72868319e+03 2.06063531e+03
-8.83838384e-06 2.34848485e-05 9.99977175e+07 -2.84443170e+03 1.63541872e+03
-8.33333333e-06 2.34848485e-05 9.99977152e+07 -2.86332077e+03 1.27134345e+03
-7.82828283e-06 2.34848485e-05 9.99977715e+07 -2.81211488e+03 9.68366295e+02
-7.32323232e-06 2.34848485e-05 9.99978707e+07 -2.71295430e+03 7.22571305e+02
-6.81818182e-06 2.34848485e-05 9.99979986e+07 -2.58336874e+03 5.27933152e+02
-6.31313131e-06 2.34848485e-05 9.99981438e+07 -2.43673385e+03 3.77579775e+02
-5.80808081e-06 2.34848485e-05 9.99982972e+07 -2.28292548e+03 2.64620644e+02
-5.30303030e-06 2.34848485e-05 9.99984519e+07 -2.12901436e+03 1.82635266e+02
-4.79797980e-06 2.34848485e-05 9.99986030e+07 -1.97991190e+03 1.25915293e+02
-4.29292929e-06 2.34848485e-05 9.99987470e+07 -1.83892348e+03 8.95391123e+01
-3.78787879e-06 2.34848485e-05 9.99988818e+07 -1.70819391e+03 6.93397678e+01
-3.28282828e-06 2.34848485e-05 9.99990063e+07 -1.58904503e+03 6.18109936e+01
-2.77777778e-06 2.34848485e-05 9.99991203e+07 -1.48221269e+03 6.39840523e+01
-2.27272727e-06 2.34848485e-05 9.99992240e+07 -1.38799464e+03 7.33001711e+01
-1.76767677e-06 2.34848485e-05 9.99993183e+07 -1.30632351e+03 8.74985500e+01
-1.26262626e-06 2.34848485e-05 9.99994042e+07 -1.23678361e+03 1.04536253e+02
-7.57575758e-07 2.34848485e-05 9.99994828e+07 -1.17859455e+03 1.22551718e+02
-2.52525253e-07 2.34848485e-05 9.99995554e+07 -1.13058915e+03 1.39876740e+02
2.52525253e-07 2.34848485e-05 9.99996230e+07 -1.09121342e+03 1.55092622e+02
7.57575758e-07 2.34848485e-05 9.99996862e+07 -1.05857280e+03 1.67116468e+02
1.26262626e-06 2.34848485e-05 9.99997455e+07 -1.03053988e+03 1.75295383e+02
1.76767677e-06 2.34848485e-05 9.99998009e+07 -1.00492609e+03 1.79481178e+02
2.27272727e-06 2.34848485e-05 9.99998521e+07 -9.79705389e+02 1.80056319e+02
2.77777778e-06 2.34848485e-05 9.99998987e+07 -9.53259730e+02 1.77884548e+02
3.28282828e-06 2.34848485e-05 9.99999402e+07 -9.24598249e+02 1.74170502e+02
3.78787879e-06 2.34848485e-05 9.99999761e+07 -8.93489554e+02 1.70235961e+02
4.29292929e-06 2.34848485e-05 1.00000007e+08 -8.60453838e+02 1.67253490e+02
4.79797980e-06 2.34848485e-05 1.00000032e+08 -8.26596573e+02 1.66006620e+02
5.30303030e-06 2.34848485e-05 1.00000053e+08 -7.93320117e+02 1.66748675e+02
5.80808081e-06 2.34848485e-05 1.00000070e+08 -7.61996350e+02 1.69200574e+02
6.31313131e-06 2.34848485e-05 1.00000085e+08 -7.33694469e+02 1.72675418e+02
6.81818182e-06 2.34848485e-05 1.00000097e+08 -7.09027373e+02 1.76274037e+02
7.32323232e-06 2.34848485e-05 1.00000109e+08 -6.88128391e+02 1.79082720e+02
7.82828283e-06 2.34848485e-05 1.00000119e+08 -6.70726693e+02 1.80322116e+02
8.33333333e-06 2.34848485e-05 1.00000128e+08 -6.56271513e+02 1.79427547e+02
8.83838384e-06 2.34848485e-05 1.00000136e+08 -6.44060830e+02 1.76067647e+02
9.34343434e-06 2.34848485e-05 1.00000142e+08 -6.33347329e+02 1.70121605e+02
9.84848485e-06 2.34848485e-05 1.00000148e+08 -6.23411891e+02 1.61636578e+02
1.03535354e-05 2.34848485e-05 1.00000151e+08 -6.13606588e+02 1.50781402e+02
1.08585859e-05 2.34848485e-05 1.00000153e+08 -6.03374462e+02 1.37805797e+02
1.13636364e-05 2.34848485e-05 1.00000154e+08 -5.92254287e+02 1.23008634e+02
1.18686869e-05 2.34848485e-05 1.00000153e+08 -5.79877014e+02 1.06715319e+02
1.23737374e-05 2.34848485e-05 1.00000150e+08 -5.65958605e+02 8.92626477e+01
1.28787879e-05 2.34848485e-05 1.00000146e+08 -5.50292012e+02 7.09890671e+01
1.33838384e-05 2.34848485e-05 1.00000141e+08 -5.32739721e+02 5.22284098e+01
1.38888889e-05 2.34848485e-05 1.00000135e+08 -5.13227323e+02 3.33056114e+01
1.43939394e-05 2.34848485e-05 1.00000128e+08 -4.91738108e+02 1.45333772e+01
1.48989899e-05 2.34848485e-05 1.00000120e+08 -4.68308396e+02 -3.79083518e+00
1.54040404e-05 2.34848485e-05 1.00000112e+08 -4.43023254e+02 -2.13878440e+01
1.59090909e-05 2.34848485e-05 1.00000104e+08 -4.16012278e+02 -3.79998823e+01
1.64141414e-05 2.34848485e-05 1.00000096e+08 -3.87445146e+02 -5.33938052e+01
1.69191919e-05 2.34848485e-05 1.00000088e+08 -3.57526784e+02 -6.73642340e+01
1.74242424e-05 2.34848485e-05 1.00000080e+08 -3.26492035e+02 -7.97364600e+01
1.79292929e-05 2.34848485e-05 1.00000073e+08 -2.94599833e+02 -9.03689224e+01
1.84343434e-05 2.34848485e-05 1.00000068e+08 -2.62126943e+02 -9.91550875e+01
1.89393939e-05 2.34848485e-05 1.00000062e+08 -2.29361402e+02 -1.06024586e+02
1.94444444e-05 2.34848485e-05 1.00000059e+08 -1.96595821e+02 -1.10943512e+02
1.99494949e-05 2.34848485e-05 1.00000056e+08 -1.64120751e+02 -1.13913825e+02
2.04545455e-05 2.34848485e-05 1.00000054e+08 -1.32218311e+02 -1.14971863e+02
2.09595960e-05 2.34848485e-05 1.00000054e+08 -1.01156285e+02 -1.14186013e+02
2.14646465e-05 2.34848485e-05 1.00000055e+08 -7.11828547e+01 -1.11653622e+02
2.19696970e-05 2.34848485e-05 1.00000057e+08 -4.25221287e+01 -1.07497284e+02
2.24747475e-05 2.34848485e-05 1.00000060e+08 -1.53705637e+01 -1.01860652e+02
2.29797980e-05 2.34848485e-05 1.00000065e+08 1.01056459e+01 -9.49039442e+01
2.34848485e-05 2.34848485e-05 1.00000070e+08 3.37721939e+01 -8.67993078e+01
2.39898990e-05 2.34848485e-05 1.00000076e+08 5.55273220e+01 -7.77262186e+01
2.44949495e-05 2.34848485e-05 1.00000083e+08 7.53015733e+01 -6.78670587e+01
2.50000000e-05 2.34848485e-05 1.00000091e+08 9.30567268e+01 -5.74030077e+01
-2.50000000e-05 2.39898990e-05 9.99990599e+07 -6.67681869e+02 -1.71916244e+03
-2.44949495e-05 2.39898990e-05 9.99989232e+07 -5.29364595e+02 -1.95827049e+03
-2.39898990e-05 2.39898990e-05 9.99987807e+07 -3.47826378e+02 -2.21847218e+03
-2.34848485e-05 2.39898990e-05 9.99986360e+07 -1.14684527e+02 -2.49775676e+03
-2.29797980e-05 2.39898990e-05 9.99984939e+07 1.79154387e+02 -2.79223104e+03
-2.24747475e-05 2.39898990e-05 9.99983614e+07 5.43101637e+02 -3.09550208e+03
-2.19696970e-05 2.39898990e-05 9.99982473e+07 9.86214653e+02 -3.39799375e+03
-2.14646465e-05 2.39898990e-05 9.99981630e+07 1.51615925e+03 -3.68626668e+03
-2.09595960e-05 2.39898990e-05 9.99981215e+07 2.13772886e+03 -3.94246735e+03
-2.04545455e-05 2.39898990e-05 9.99981376e+07 2.85088670e+03 -4.14410326e+03
-1.99494949e-05 2.39898990e-05 9.99982262e+07 3.64839006e+03 -4.26441636e+03
-1.94444444e-05 2.39898990e-05 9.99984007e+07 4.51321524e+03 -4.27367877e+03
-1.89393939e-05 2.39898990e-05 9.99986705e+07 5.41622624e+03 -4.14171901e+03
-1.84343434e-05 2.39898990e-05 9.99990371e+07 6.31478571e+03 -3.84184272e+03
-1.79292929e-05 2.39898990e-05 9.99994914e+07 7.15320380e+03 -3.35598859e+03
-1.74242424e-05 2.39898990e-05 1.00000011e+08 7.86591347e+03 -2.68045579e+03
-1.69191919e-05 2.39898990e-05 1.00000560e+08 8.38388835e+03 -1.83096003e+03
-1.64141414e-05 2.39898990e-05 1.00001090e+08 8.64400080e+03 -8.45360595e+02
-1.59090909e-05 2.39898990e-05 1.00001547e+08 8.59988288e+03 2.17530824e+02
-1.54040404e-05 2.39898990e-05 1.00001880e+08 8.23180770e+03 1.28386931e+03
-1.48989899e-05 2.39898990e-05 1.00002049e+08 7.55272375e+03 2.27482861e+03
-1.43939394e-05 2.39898990e-05 1.00002034e+08 6.60827107e+03 3.11865851e+03
-1.38888889e-05 2.39898990e-05 1.00001838e+08 5.47030744e+03 3.76169188e+03
-1.33838384e-05 2.39898990e-05 1.00001487e+08 4.22551316e+03 4.17545306e+03
-1.28787879e-05 2.39898990e-05 1.00001022e+08 2.96210870e+03 4.35832409e+03
-1.23737374e-05 2.39898990e-05 1.00000495e+08 1.75798781e+03 4.33200733e+03
-1.18686869e-05 2.39898990e-05 9.99999533e+07 6.72661585e+02 4.13447457e+03
-1.13636364e-05 2.39898990e-05 9.99994410e+07 -2.56101694e+02 3.81169154e+03
-1.08585859e-05 2.39898990e-05 9.99989895e+07 -1.01146084e+03 3.41013348e+03
-1.03535354e-05 2.39898990e-05 9.99986178e+07 -1.59386613e+03 2.97131750e+03
-9.84848485e-06 2.39898990e-05 9.99983342e+07 -2.01614370e+03 2.52871124e+03
-9.34343434e-06 2.39898990e-05 9.99981376e+07 -2.29855928e+03 2.10673700e+03
-8.83838384e-06 2.39898990e-05 9.99980207e+07 -2.46464690e+03 1.72127325e+03
-8.33333333e-06 2.39898990e-05 9.99979727e+07 -2.53813301e+03 1.38100924e+03
-7.82828283e-06 2.39898990e-05 9.99979809e+07 -2.54095905e+03 1.08912298e+03
-7.32323232e-06 2.39898990e-05 9.99980328e+07 -2.49222399e+03 8.44923960e+02
-6.81818182e-06 2.39898990e-05 9.99981168e+07 -2.40780408e+03 6.45263666e+02
-6.31313131e-06 2.39898990e-05 9.99982227e+07 -2.30041537e+03 4.85638156e+02
-5.80808081e-06 2.39898990e-05 9.99983422e+07 -2.17992834e+03 3.60983696e+02
-5.30303030e-06 2.39898990e-05 9.99984684e+07 -2.05379617e+03 2.66206136e+02
-4.79797980e-06 2.39898990e-05 9.99985962e+07 -1.92750578e+03 1.96499105e+02
-4.29292929e-06 2.39898990e-05 9.99987219e+07 -1.80499735e+03 1.47505886e+02
-3.78787879e-06 2.39898990e-05 9.99988429e+07 -1.68902411e+03 1.15372733e+02
-3.28282828e-06 2.39898990e-05 9.99989574e+07 -1.58144064e+03 9.67324164e+01
-2.77777778e-06 2.39898990e-05 9.99990647e+07 -1.48341859e+03 8.86485782e+01
-2.27272727e-06 2.39898990e-05 9.99991646e+07 -1.39559493e+03 8.85449100e+01
-1.76767677e-06 2.39898990e-05 9.99992571e+07 -1.31816286e+03 9.41380752e+01
-1.26262626e-06 2.39898990e-05 9.99993429e+07 -1.25091962e+03 1.03388791e+02
-7.57575758e-07 2.39898990e-05 9.99994225e+07 -1.19328872e+03 1.14480546e+02
-2.52525253e-07 2.39898990e-05 9.99994968e+07 -1.14433669e+03 1.25829449e+02
2.52525253e-07 2.39898990e-05 9.99995664e+07 -1.10280385e+03 1.36121773e+02
7.57575758e-07 2.39898990e-05 9.99996315e+07 -1.06716532e+03 1.44368811e+02
1.26262626e-06 2.39898990e-05 9.99996926e+07 -1.03573178e+03 1.49962941e+02
1.76767677e-06 2.39898990e-05 9.99997495e+07 -1.00678990e+03 1.52715339e+02
2.27272727e-06 2.39898990e-05 9.99998020e+07 -9.78771060e+02 1.52855589e+02
2.77777778e-06 2.39898990e-05 9.99998499e+07 -9.50425193e+02 1.50977486e+02
3.28282828e-06 2.39898990e-05 9.99998926e+07 -9.20966453e+02 1.47925283e+02
3.78787879e-06 2.39898990e-05 9.99999302e+07 -8.90153764e+02 1.44630602e+02
4.29292929e-06 2.39898990e-05 9.99999626e+07 -8.58277934e+02 1.41928969e+02
4.79797980e-06 2.39898990e-05 9.99999900e+07 -8.26049298e+02 1.40398246e+02
5.30303030e-06 2.39898990e-05 1.00000013e+08 -7.94409961e+02 1.40260185e+02
5.80808081e-06 2.39898990e-05 1.00000033e+08 -7.64319105e+02 1.41368029e+02
6.31313131e-06 2.39898990e-05 1.00000049e+08 -7.36565948e+02 1.43274879e+02
6.81818182e-06 2.39898990e-05 1.00000063e+08 -7.11650133e+02 1.45353163e+02
7.32323232e-06 2.39898990e-05 1.00000076e+08 -6.89742349e+02 1.46925800e+02
7.82828283e-06 2.39898990e-05 1.00000086e+08 -6.70712807e+02 1.47376032e+02
8.33333333e-06 2.39898990e-05 1.00000096e+08 -6.54201199e+02 1.46218477e+02
8.83838384e-06 2.39898990e-05 1.00000104e+08 -6.39700738e+02 1.43129810e+02
9.34343434e-06 2.39898990e-05 1.00000111e+08 -6.26635994e+02 1.37947733e+02
9.84848485e-06 2.39898990e-05 1.00000116e+08 -6.14423954e+02 1.30650504e+02
1.03535354e-05 2.39898990e-05 1.00000121e+08 -6.02515707e+02 1.21328120e+02
1.08585859e-05 2.39898990e-05 1.00000123e+08 -5.90421041e+02 1.10152903e+02
1.13636364e-05 2.39898990e-05 1.00000125e+08 -5.77720220e+02 9.73537456e+01
1.18686869e-05 2.39898990e-05 1.00000124e+08 -5.64067322e+02 8.31955905e+01
1.23737374e-05 2.39898990e-05 1.00000123e+08 -5.49188696e+02 6.79640509e+01
1.28787879e-05 2.39898990e-05 1.00000120e+08 -5.32879027e+02 5.19542973e+01
1.33838384e-05 2.39898990e-05 1.00000116e+08 -5.14996535e+02 3.54630906e+01
1.38888889e-05 2.39898990e-05 1.00000111e+08 -4.95458121e+02 1.87829331e+01
1.43939394e-05 2.39898990e-05 1.00000106e+08 -4.74234752e+02 2.19752015e+00
1.48989899e-05 2.39898990e-05 1.00000099e+08 -4.51347133e+02 -1.40220750e+01
1.54040404e-05 2.39898990e-05 1.00000093e+08 -4.26861524e+02 -2.96208337e+01
1.59090909e-05 2.39898990e-05 1.00000086e+08 -4.00885563e+02 -4.43630106e+01
1.64141414e-05 2.39898990e-05 1.00000079e+08 -3.73563908e+02 -5.80351822e+01
1.69191919e-05 2.39898990e-05 1.00000072e+08 -3.45073602e+02 -7.04490789e+01
1.74242424e-05 2.39898990e-05 1.00000066e+08 -3.15619099e+02 -8.14441063e+01
1.79292929e-05 2.39898990e-05 1.00000061e+08 -2.85426930e+02 -9.08894406e+01
1.84343434e-05 2.39898990e-05 1.00000056e+08 -2.54740083e+02 -9.86855795e+01
1.89393939e-05 2.39898990e-05 1.00000051e+08 -2.23812177e+02 -1.04765254e+02
1.94444444e-05 2.39898990e-05 1.00000048e+08 -1.92901566e+02 -1.09093624e+02
1.99494949e-05 2.39898990e-05 1.00000046e+08 -1.62265532e+02 -1.11667734e+02
2.04545455e-05 2.39898990e-05 1.00000045e+08 -1.32154711e+02 -1.12515212e+02
2.09595960e-05 2.39898990e-05 1.00000045e+08 -1.02807930e+02 -1.11692274e+02
2.14646465e-05 2.39898990e-05 1.00000046e+08 -7.44475757e+01 -1.09281085e+02
2.19696970e-05 2.39898990e-05 1.00000048e+08 -4.72756393e+01 -1.05386596e+02
2.24747475e-05 2.39898990e-05 1.00000051e+08 -2.14705036e+01 -1.00132969e+02
2.29797980e-05 2.39898990e-05 1.00000056e+08 2.81545392e+00 -9.36597247e+01
2.34848485e-05 2.39898990e-05 1.00000061e+08 2.54574284e+01 -8.61177628e+01
2.39898990e-05 2.39898990e-05 1.00000067e+08 4.63589355e+01 -7.76653799e+01
2.44949495e-05 2.39898990e-05 1.00000073e+08 6.54517821e+01 -6.84644199e+01
2.50000000e-05 2.39898990e-05 1.00000081e+08 8.26953304e+01 -5.86766643e+01
-2.50000000e-05 2.44949495e-05 9.99990173e+07 -4.47427815e+02 -1.77113169e+03
-2.44949495e-05 2.44949495e-05 9.99988973e+07 -2.90426156e+02 -1.99104457e+03
-2.39898990e-05 2.44949495e-05 9.99987758e+07 -9.19947634e+01 -2.22578452e+03
-2.34848485e-05 2.44949495e-05 9.99986567e+07 1.54659667e+02 -2.47233682e+03
-2.29797980e-05 2.44949495e-05 9.99985451e+07 4.56537417e+02 -2.72591480e+03
-2.24747475e-05 2.44949495e-05 9.99984475e+07 8.20399564e+02 -2.97950822e+03
-2.19696970e-05 2.44949495e-05 9.99983722e+07 1.25209505e+03 -3.22343265e+03
-2.14646465e-05 2.44949495e-05 9.99983287e+07 1.75561522e+03 -3.44495170e+03
-2.09595960e-05 2.44949495e-05 9.99983277e+07 2.33185176e+03 -3.62808267e+03
-2.04545455e-05 2.44949495e-05 9.99983804e+07 2.97708116e+03 -3.75373826e+03
-1.99494949e-05 2.44949495e-05 9.99984975e+07 3.68127878e+03 -3.80038999e+03
-1.94444444e-05 2.44949495e-05 9.99986872e+07 4.42648174e+03 -3.74544289e+03
-1.89393939e-05 2.44949495e-05 9.99989537e+07 5.18555930e+03 -3.56745767e+03
-1.84343434e-05 2.44949495e-05 9.99992945e+07 5.92187903e+03 -3.24921747e+03
-1.79292929e-05 2.44949495e-05 9.99996988e+07 6.59041388e+03 -2.78139721e+03
-1.74242424e-05 2.44949495e-05 1.00000146e+08 7.14073969e+03 -2.16628123e+03
-1.69191919e-05 2.44949495e-05 1.00000606e+08 7.52205566e+03 -1.42067293e+03
-1.64141414e-05 2.44949495e-05 1.00001041e+08 7.68982085e+03 -5.76992869e+02
-1.59090909e-05 2.44949495e-05 1.00001412e+08 7.61295312e+03 3.18278514e+02
-1.54040404e-05 2.44949495e-05 1.00001680e+08 7.28002270e+03 1.20911453e+03
-1.48989899e-05 2.44949495e-05 1.00001817e+08 6.70277371e+03 2.03688497e+03
-1.43939394e-05 2.44949495e-05 1.00001809e+08 5.91579390e+03 2.74837126e+03
-1.38888889e-05 2.44949495e-05 1.00001658e+08 4.97214076e+03 3.30303220e+03
-1.33838384e-05 2.44949495e-05 1.00001380e+08 3.93586891e+03 3.67784322e+03
-1.28787879e-05 2.44949495e-05 1.00001006e+08 2.87323135e+03 3.86875455e+03
-1.23737374e-05 2.44949495e-05 1.00000573e+08 1.84452888e+03 3.88880789e+03
-1.18686869e-05 2.44949495e-05 1.00000118e+08 8.98145009e+02 3.76380976e+03
-1.13636364e-05 2.44949495e-05 9.99996750e+07 6.74872678e+01 3.52689227e+03
-1.08585859e-05 2.44949495e-05 9.99992715e+07 -6.29277524e+02 3.21324277e+03
-1.03535354e-05 2.44949495e-05 9.99989256e+07 -1.18738426e+03 2.85589868e+03
-9.84848485e-06 2.44949495e-05 9.99986472e+07 -1.61244206e+03 2.48300688e+03
-9.34343434e-06 2.44949495e-05 9.99984389e+07 -1.91706348e+03 2.11652204e+03
-8.83838384e-06 2.44949495e-05 9.99982979e+07 -2.11776064e+03 1.77205585e+03
-8.33333333e-06 2.44949495e-05 9.99982175e+07 -2.23244516e+03 1.45949141e+03
-7.82828283e-06 2.44949495e-05 9.99981891e+07 -2.27863943e+03 1.18399811e+03
-7.32323232e-06 2.44949495e-05 9.99982031e+07 -2.27235344e+03 9.47164979e+02
-6.81818182e-06 2.44949495e-05 9.99982502e+07 -2.22750298e+03 7.48068537e+02
-6.31313131e-06 2.44949495e-05 9.99983218e+07 -2.15572204e+03 5.84177248e+02
-5.80808081e-06 2.44949495e-05 9.99984104e+07 -2.06643293e+03 4.52057750e+02
-5.30303030e-06 2.44949495e-05 9.99985099e+07 -1.96706340e+03 3.47887798e+02
-4.79797980e-06 2.44949495e-05 9.99986151e+07 -1.86333012e+03 2.67801631e+02
-4.29292929e-06 2.44949495e-05 9.99987222e+07 -1.75953364e+03 2.08101339e+02
-3.78787879e-06 2.44949495e-05 9.99988283e+07 -1.65883171e+03 1.65368178e+02
-3.28282828e-06 2.44949495e-05 9.99989314e+07 -1.56347258e+03 1.36504320e+02
-2.77777778e-06 2.44949495e-05 9.99990303e+07 -1.47498104e+03 1.18730944e+02
-2.27272727e-06 2.44949495e-05 9.99991241e+07 -1.39429731e+03 1.09563850e+02
-1.76767677e-06 2.44949495e-05 9.99992128e+07 -1.32187421e+03 1.06783463e+02
-1.26262626e-06 2.44949495e-05 9.99992963e+07 -1.25774255e+03 1.08411761e+02
-7.57575758e-07 2.44949495e-05 9.99993749e+07 -1.20155695e+03 1.12704186e+02
-2.52525253e-07 2.44949495e-05 9.99994488e+07 -1.15263646e+03 1.18159545e+02
2.52525253e-07 2.44949495e-05 9.99995185e+07 -1.11001315e+03 1.23545596e+02
7.57575758e-07 2.44949495e-05 9.99995841e+07 -1.07249966e+03 1.27933031e+02
1.26262626e-06 2.44949495e-05 9.99996455e+07 -1.03878096e+03 1.30726577e+02
1.76767677e-06 2.44949495e-05 9.99997029e+07 -1.00752915e+03 1.31679949e+02
2.27272727e-06 2.44949495e-05 9.99997559e+07 -9.77531868e+02 1.30881959e+02
2.77777778e-06 2.44949495e-05 9.99998043e+07 -9.47817446e+02 1.28705055e+02
3.28282828e-06 2.44949495e-05 9.99998479e+07 -9.17754619e+02 1.25715087e+02
3.78787879e-06 2.44949495e-05 9.99998865e+07 -8.87104462e+02 1.22551614e+02
4.29292929e-06 2.44949495e-05 9.99999203e+07 -8.56009161e+02 1.19798626e+02
4.79797980e-06 2.44949495e-05 9.99999494e+07 -8.24916343e+02 1.17872039e+02
5.30303030e-06 2.44949495e-05 9.99999743e+07 -7.94454841e+02 1.16948449e+02
5.80808081e-06 2.44949495e-05 9.99999955e+07 -7.65291118e+02 1.16948872e+02
6.31313131e-06 2.44949495e-05 1.00000014e+08 -7.37999231e+02 1.17575341e+02
6.81818182e-06 2.44949495e-05 1.00000029e+08 -7.12969754e+02 1.18384136e+02
7.32323232e-06 2.44949495e-05 1.00000043e+08 -6.90368599e+02 1.18872588e+02
7.82828283e-06 2.44949495e-05 1.00000055e+08 -6.70141873e+02 1.18558202e+02
8.33333333e-06 2.44949495e-05 1.00000065e+08 -6.52053167e+02 1.17036577e+02
8.83838384e-06 2.44949495e-05 1.00000073e+08 -6.35736749e+02 1.14013748e+02
9.34343434e-06 2.44949495e-05 1.00000081e+08 -6.20752583e+02 1.09315723e+02
9.84848485e-06 2.44949495e-05 1.00000087e+08 -6.06634101e+02 1.02881616e+02
1.03535354e-05 2.44949495e-05 1.00000092e+08 -5.92924658e+02 9.47474254e+01
1.08585859e-05 2.44949495e-05 1.00000095e+08 -5.79202310e+02 8.50262333e+01
1.13636364e-05 2.44949495e-05 1.00000097e+08 -5.65094680e+02 7.38886848e+01
1.18686869e-05 2.44949495e-05 1.00000097e+08 -5.50286370e+02 6.15458243e+01
1.23737374e-05 2.44949495e-05 1.00000097e+08 -5.34521363e+02 4.82350119e+01
1.28787879e-05 2.44949495e-05 1.00000095e+08 -5.17602346e+02 3.42088392e+01
1.33838384e-05 2.44949495e-05 1.00000092e+08 -4.99388347e+02 1.97265626e+01
1.38888889e-05 2.44949495e-05 1.00000089e+08 -4.79791538e+02 5.04745091e+00
1.43939394e-05 2.44949495e-05 1.00000084e+08 -4.58773690e+02 -9.57450661e+00
1.48989899e-05 2.44949495e-05 1.00000079e+08 -4.36342486e+02 -2.38949771e+01
1.54040404e-05 2.44949495e-05 1.00000074e+08 -4.12547744e+02 -3.76830508e+01
1.59090909e-05 2.44949495e-05 1.00000068e+08 -3.87477511e+02 -5.07245821e+01
1.64141414e-05 2.44949495e-05 1.00000063e+08 -3.61253968e+02 -6.28251879e+01
1.69191919e-05 2.44949495e-05 1.00000057e+08 -3.34029102e+02 -7.38129103e+01
1.74242424e-05 2.44949495e-05 1.00000052e+08 -3.05980113e+02 -8.35405073e+01
1.79292929e-05 2.44949495e-05 1.00000048e+08 -2.77304564e+02 -9.18873058e+01
1.84343434e-05 2.44949495e-05 1.00000044e+08 -2.48215321e+02 -9.87605469e+01
1.89393939e-05 2.44949495e-05 1.00000040e+08 -2.18935373e+02 -1.04096159e+02
1.94444444e-05 2.44949495e-05 1.00000038e+08 -1.89692613e+02 -1.07858915e+02
1.99494949e-05 2.44949495e-05 1.00000036e+08 -1.60714724e+02 -1.10041948e+02
2.04545455e-05 2.44949495e-05 1.00000036e+08 -1.32224285e+02 -1.10665643e+02
2.09595960e-05 2.44949495e-05 1.00000036e+08 -1.04434217e+02 -1.09775917e+02
2.14646465e-05 2.44949495e-05 1.00000037e+08 -7.75437088e+01 -1.07441976e+02
2.19696970e-05 2.44949495e-05 1.00000040e+08 -5.17346868e+01 -1.03753608e+02
2.24747475e-05 2.44949495e-05 1.00000043e+08 -2.71689316e+01 -9.88181248e+01
2.29797980e-05 2.44949495e-05 1.00000047e+08 -3.98587332e+00 -9.27570612e+01
2.34848485e-05 2.44949495e-05 1.00000052e+08 1.76989064e+01 -8.57027398e+01
2.39898990e-05 2.44949495e-05 1.00000057e+08 3.77944754e+01 -7.77948251e+01
2.44949495e-05 2.44949495e-05 1.00000064e+08 5.62346851e+01 -6.91769655e+01
2.50000000e-05 2.44949495e-05 1.00000071e+08 7.29776918e+01 -5.99936204e+01
-2.50000000e-05 2.50000000e-05 9.99989978e+07 -2.44592671e+02 -1.79612736e+03
-2.44949495e-05 2.50000000e-05 9.99988949e+07 -7.43760469e+01 -1.99526100e+03
-2.39898990e-05 2.50000000e-05 9.99987940e+07 1.34633144e+02 -2.20371535e+03
-2.34848485e-05 2.50000000e-05 9.99986991e+07 3.87729543e+02 -2.41784937e+03
-2.29797980e-05 2.50000000e-05 9.99986150e+07 6.90042417e+02 -2.63243680e+03
-2.24747475e-05 2.50000000e-05 9.99985479e+07 1.04608811e+03 -2.84036060e+03
-2.19696970e-05 2.50000000e-05 9.99985048e+07 1.45915011e+03 -3.03234992e+03
-2.14646465e-05 2.50000000e-05 9.99984937e+07 1.93047032e+03 -3.19682376e+03
-2.09595960e-05 2.50000000e-05 9.99985231e+07 2.45825949e+03 -3.31992959e+03
-2.04545455e-05 2.50000000e-05 9.99986012e+07 3.03657730e+03 -3.38588607e+03
-1.99494949e-05 2.50000000e-05 9.99987351e+07 3.65419336e+03 -3.37774633e+03
-1.94444444e-05 2.50000000e-05 9.99989295e+07 4.29361836e+03 -3.27867981e+03
-1.89393939e-05 2.50000000e-05 9.99991851e+07 4.93057341e+03 -3.07380986e+03
-1.84343434e-05 2.50000000e-05 9.99994972e+07 5.53422110e+03 -2.75253090e+03
-1.79292929e-05 2.50000000e-05 9.99998548e+07 6.06847354e+03 -2.31106585e+03
-1.74242424e-05 2.50000000e-05 1.00000240e+08 6.49458070e+03 -1.75483962e+03
-1.69191919e-05 2.50000000e-05 1.00000627e+08 6.77496346e+03 -1.10009738e+03
-1.64141414e-05 2.50000000e-05 1.00000988e+08 6.87791168e+03 -3.74167314e+02
-1.59090909e-05 2.50000000e-05 1.00001291e+08 6.78240223e+03 3.86073122e+02
-1.54040404e-05 2.50000000e-05 1.00001510e+08 6.48204294e+03 1.13760379e+03
-1.48989899e-05 2.50000000e-05 1.00001623e+08 5.98715601e+03 1.83612469e+03
-1.43939394e-05 2.50000000e-05 1.00001619e+08 5.32434427e+03 2.44149890e+03
-1.38888889e-05 2.50000000e-05 1.00001500e+08 4.53347242e+03 2.92266026e+03
-1.33838384e-05 2.50000000e-05 1.00001278e+08 3.66264818e+03 3.26096940e+03
-1.28787879e-05 2.50000000e-05 1.00000975e+08 2.76227039e+03 3.45141515e+03
-1.23737374e-05 2.50000000e-05 1.00000617e+08 1.87935342e+03 3.50162996e+03
-1.18686869e-05 2.50000000e-05 1.00000233e+08 1.05312368e+03 3.42920478e+03
-1.13636364e-05 2.50000000e-05 9.99998517e+07 3.12434393e+02 3.25808811e+03
-1.08585859e-05 2.50000000e-05 9.99994939e+07 -3.24952237e+02 3.01488381e+03
-1.03535354e-05 2.50000000e-05 9.99991769e+07 -8.51552254e+02 2.72568087e+03
-9.84848485e-06 2.50000000e-05 9.99989110e+07 -1.26835152e+03 2.41376720e+03
-9.34343434e-06 2.50000000e-05 9.99987009e+07 -1.58255330e+03 2.09830762e+03
-8.83838384e-06 2.50000000e-05 9.99985466e+07 -1.80532895e+03 1.79387016e+03
-8.33333333e-06 2.50000000e-05 9.99984446e+07 -1.94986283e+03 1.51058348e+03
-7.82828283e-06 2.50000000e-05 9.99983893e+07 -2.02983156e+03 1.25468750e+03
-7.32323232e-06 2.50000000e-05 9.99983737e+07 -2.05834143e+03 1.02927031e+03
-6.81818182e-06 2.50000000e-05 9.99983907e+07 -2.04727504e+03 8.35038007e+02
-6.31313131e-06 2.50000000e-05 9.99984332e+07 -2.00696402e+03 6.71020671e+02
-5.80808081e-06 2.50000000e-05 9.99984947e+07 -1.94609703e+03 5.35164463e+02
-5.30303030e-06 2.50000000e-05 9.99985698e+07 -1.87178145e+03 4.24793958e+02
-4.79797980e-06 2.50000000e-05 9.99986538e+07 -1.78969261e+03 3.36950260e+02
-4.29292929e-06 2.50000000e-05 9.99987427e+07 -1.70426182e+03 2.68621776e+02
-3.78787879e-06 2.50000000e-05 9.99988337e+07 -1.61886987e+03 2.16889229e+02
-3.28282828e-06 2.50000000e-05 9.99989247e+07 -1.53602551e+03 1.79006822e+02
-2.77777778e-06 2.50000000e-05 9.99990139e+07 -1.45751776e+03 1.52439781e+02
-2.27272727e-06 2.50000000e-05 9.99991004e+07 -1.38453858e+03 1.34875653e+02
-1.76767677e-06 2.50000000e-05 9.99991836e+07 -1.31777751e+03 1.24223553e+02
-1.26262626e-06 2.50000000e-05 9.99992631e+07 -1.25749394e+03 1.18611998e+02
-7.57575758e-07 2.50000000e-05 9.99993389e+07 -1.20357520e+03 1.16392222e+02
-2.52525253e-07 2.50000000e-05 9.99994110e+07 -1.15558992e+03 1.16149809e+02
2.52525253e-07 2.50000000e-05 9.99994793e+07 -1.11284549e+03 1.16723453e+02
7.57575758e-07 2.50000000e-05 9.99995439e+07 -1.07445650e+03 1.17226037e+02
1.26262626e-06 2.50000000e-05 9.99996047e+07 -1.03942702e+03 1.17060525e+02
1.76767677e-06 2.50000000e-05 9.99996616e+07 -1.00674507e+03 1.15922047e+02
2.27272727e-06 2.50000000e-05 9.99997143e+07 -9.75481908e+02 1.13778415e+02
2.77777778e-06 2.50000000e-05 9.99997627e+07 -9.44884354e+02 1.10824523e+02
3.28282828e-06 2.50000000e-05 9.99998066e+07 -9.14445713e+02 1.07411423e+02
3.78787879e-06 2.50000000e-05 9.99998458e+07 -8.83941632e+02 1.03957553e+02
4.29292929e-06 2.50000000e-05 9.99998805e+07 -8.53422518e+02 1.00855672e+02
4.79797980e-06 2.50000000e-05 9.99999108e+07 -8.23162968e+02 9.83922397e+01
5.30303030e-06 2.50000000e-05 9.99999371e+07 -7.93578726e+02 9.66942987e+01
5.80808081e-06 2.50000000e-05 9.99999598e+07 -7.65129335e+02 9.57124380e+01
6.31313131e-06 2.50000000e-05 9.99999793e+07 -7.38226926e+02 9.52391659e+01
6.81818182e-06 2.50000000e-05 9.99999962e+07 -7.13167722e+02 9.49536192e+01
7.32323232e-06 2.50000000e-05 1.00000011e+08 -6.90094846e+02 9.44788397e+01
7.82828283e-06 2.50000000e-05 1.00000024e+08 -6.68992194e+02 9.34379287e+01
8.33333333e-06 2.50000000e-05 1.00000035e+08 -6.49702602e+02 9.14991455e+01
8.83838384e-06 2.50000000e-05 1.00000044e+08 -6.31960527e+02 8.84052538e+01
9.34343434e-06 2.50000000e-05 1.00000052e+08 -6.15429879e+02 8.39871016e+01
9.84848485e-06 2.50000000e-05 1.00000058e+08 -5.99739962e+02 7.81644197e+01
1.03535354e-05 2.50000000e-05 1.00000064e+08 -5.84515467e+02 7.09380021e+01
1.08585859e-05 2.50000000e-05 1.00000068e+08 -5.69399024e+02 6.23772502e+01
1.13636364e-05 2.50000000e-05 1.00000070e+08 -5.54066568e+02 5.26061618e+01
1.18686869e-05 2.50000000e-05 1.00000072e+08 -5.38236708e+02 4.17897678e+01
1.23737374e-05 2.50000000e-05 1.00000072e+08 -5.21675548e+02 3.01220672e+01
1.28787879e-05 2.50000000e-05 1.00000071e+08 -5.04198349e+02 1.78158279e+01
1.33838384e-05 2.50000000e-05 1.00000070e+08 -4.85669129e+02 5.09419786e+00
1.38888889e-05 2.50000000e-05 1.00000067e+08 -4.65998984e+02 -7.81612998e+00
1.43939394e-05 2.50000000e-05 1.00000064e+08 -4.45143649e+02 -2.06905223e+01
1.48989899e-05 2.50000000e-05 1.00000060e+08 -4.23100597e+02 -3.33110751e+01
1.54040404e-05 2.50000000e-05 1.00000056e+08 -3.99905820e+02 -4.54705842e+01
1.59090909e-05 2.50000000e-05 1.00000051e+08 -3.75630357e+02 -5.69759764e+01
1.64141414e-05 2.50000000e-05 1.00000047e+08 -3.50376582e+02 -6.76512918e+01
1.69191919e-05 2.50000000e-05 1.00000043e+08 -3.24274253e+02 -7.73402539e+01
1.74242424e-05 2.50000000e-05 1.00000039e+08 -2.97476337e+02 -8.59084216e+01
1.79292929e-05 2.50000000e-05 1.00000035e+08 -2.70154631e+02 -9.32448954e+01
1.84343434e-05 2.50000000e-05 1.00000032e+08 -2.42495223e+02 -9.92635399e+01
1.89393939e-05 2.50000000e-05 1.00000029e+08 -2.14693872e+02 -1.03903686e+02
1.94444444e-05 2.50000000e-05 1.00000028e+08 -1.86951389e+02 -1.07130288e+02
1.99494949e-05 2.50000000e-05 1.00000027e+08 -1.59469110e+02 -1.08933524e+02
2.04545455e-05 2.50000000e-05 1.00000026e+08 -1.32444578e+02 -1.09327853e+02
2.09595960e-05 2.50000000e-05 1.00000027e+08 -1.06067525e+02 -1.08350562e+02
2.14646465e-05 2.50000000e-05 1.00000029e+08 -8.05162479e+01 -1.06059844e+02
2.19696970e-05 2.50000000e-05 1.00000031e+08 -5.59544699e+01 -1.02532492e+02
2.24747475e-05 2.50000000e-05 1.00000034e+08 -3.25287323e+01 -9.78612813e+01
2.29797980e-05 2.50000000e-05 1.00000038e+08 -1.03663717e+01 -9.21521264e+01
2.34848485e-05 2.50000000e-05 1.00000043e+08 1.04259046e+01 -8.55211227e+01
2.39898990e-05 2.50000000e-05 1.00000048e+08 2.97628472e+01 -7.80915548e+01
2.44949495e-05 2.50000000e-05 1.00000055e+08 4.75809183e+01 -6.99909654e+01
2.50000000e-05 2.50000000e-05 1.00000061e+08 6.38380146e+01 -6.13483653e+01
-999 -999 -999 -999 -999
-1.47717082e-05 1.56061885e-05 2.11927849e-06 5.19265136e+00
1.82523990e-05 1.28311666e-06 3.38577892e-06 5.80401800e+00
-1.38010658e-05 -5.04315291e-06 4.67703118e-06 1.68324823e-01
-4.05023856e-06 -8.33990445e-06 4.42186612e-06 3.94014983e+00
2.25589208e-06 1.63169959e-05 4.51975776e-06 3.17225189e-01
-998 -998 -998 -998
-1.51495992e-05 1.63381660e-05 2.21718433e-10 1.15502972e-10 1
-1.51553640e-05 1.63360694e-05 -2.21718433e-10 -1.15502972e-10 -1
-1.50408072e-05 1.61293298e-05 2.21718433e-10 1.15502972e-10 1
-1.50465714e-05 1.61272319e-05 -2.21718433e-10 -1.15502972e-10 -1
-1.49320149e-05 1.59204931e-05 2.21718433e-10 1.15502972e-10 1
-1.49377789e-05 1.59183948e-05 -2.21718433e-10 -1.15502972e-10 -1
-1.48232225e-05 1.57116562e-05 2.21718433e-10 1.15502972e-10 1
-1.48289865e-05 1.57095578e-05 -2.21718433e-10 -1.15502972e-10 -1
-1.47144300e-05 1.55028192e-05 2.21718433e-10 1.15502972e-10 1
-1.47201940e-05 1.55007209e-05 -2.21718433e-10 -1.15502972e-10 -1
-1.46056376e-05 1.52939823e-05 2.21718433e-10 1.15502972e-10 1
-1.46114016e-05 1.52918840e-05 -2.21718433e-10 -1.15502972e-10 -1
-1.44968451e-05 1.50851452e-05 2.21718433e-10 1.15502972e-10 1
-1.45026093e-05 1.50830472e-05 -2.21718433e-10 -1.15502972e-10 -1
-1.43880524e-05 1.48763076e-05 2.21718433e-10 1.15502972e-10 1
-1.43938173e-05 1.48742110e-05 -2.21718433e-10 -1.15502972e-10 -1
1.70826487e-05 1.88954145e-06 1.15260104e-10 2.21844784e-10 1
1.70853396e-05 1.89078816e-06 -1.15260104e-10 -2.21844784e-10 -1
1.74164788e-05 1.71609917e-06 1.15260104e-10 2.21844784e-10 1
1.74191694e-05 1.71734578e-06 -1.15260104e-10 -2.21844784e-10 -1
1.77503088e-05 1.54265686e-06 1.15260104e-10 2.21844784e-10 1
1.77529993e-05 1.54390345e-06 -1.15260104e-10 -2.21844784e-10 -1
1.80841387e-05 1.36921453e-06 1.15260104e-10 2.21844784e-10 1
1.80868293e-05 1.37046112e-06 -1.15260104e-10 -2.21844784e-10 -1
1.84179687e-05 1.19577221e-06 1.15260104e-10 2.21844784e-10 1
1.84206592e-05 1.19701879e-06 -1.15260104e-10 -2.21844784e-10 -1
1.87517986e-05 1.02232988e-06 1.15260104e-10 2.21844784e-10 1
1.87544892e-05 1.02357647e-06 -1.15260104e-10 -2.21844784e-10 -1
1.90856286e-05 8.48887541e-07 1.15260104e-10 2.21844784e-10 1
1.90883192e-05 8.50134155e-07 -1.15260104e-10 -2.21844784e-10 -1
1.94194584e-05 6.75445162e-07 1.15260104e-10 2.21844784e-10 1
1.94221493e-05 6.76691876e-07 -1.15260104e-10 -2.21844784e-10 -1
-1.55941688e-05 -5.34781519e-06 -4.18827709e-11 2.46466699e-10 1
-1.55942414e-05 -5.34791693e-06 4.18827709e-11 -2.46466699e-10 -1
-1.50818436e-05 -5.26075414e-06 -4.18827709e-11 2.46466699e-10 1
-1.50819156e-05 -5.26085618e-06 4.18827709e-11 -2.46466699e-10 -1
-1.45695199e-05 -5.17369285e-06 -4.18827709e-11 2.46466699e-10 1
-1.45695883e-05 -5.17379567e-06 4.18827709e-11 -2.46466699e-10 -1
-1.40571943e-05 -5.08663195e-06 -4.18827709e-11 2.46466699e-10 1
-1.40572627e-05 -5.08673477e-06 4.18827709e-11 -2.46466699e-10 -1
-1.35448688e-05 -4.99957105e-06 -4.18827709e-11 2.46466699e-10 1
-1.35449372e-05 -4.99967387e-06 4.18827709e-11 -2.46466699e-10 -1
-1.30325414e-05 -4.91251055e-06 -4.18827709e-11 2.46466699e-10 1
-1.30326135e-05 -4.91261257e-06 4.18827709e-11 -2.46466699e-10 -1
-1.25202159e-05 -4.82544964e-06 -4.18827709e-11 2.46466699e-10 1
-1.25202880e-05 -4.82555167e-06 4.18827709e-11 -2.46466699e-10 -1
-1.20078903e-05 -4.73838889e-06 -4.18827709e-11 2.46466699e-10 1
-1.20079626e-05 -4.73849062e-06 4.18827709e-11 -2.46466699e-10 -1
-2.85038187e-06 -7.10891701e-06 1.79087531e-10 -1.74435250e-10 1
-2.85040403e-06 -7.10719963e-06 -1.79087531e-10 1.74435250e-10 -1
-3.19319490e-06 -7.46087286e-06 1.79087531e-10 -1.74435250e-10 1
-3.19321706e-06 -7.45915585e-06 -1.79087531e-10 1.74435250e-10 -1
-3.53600794e-06 -7.81282886e-06 1.79087531e-10 -1.74435250e-10 1
-3.53603009e-06 -7.81111193e-06 -1.79087531e-10 1.74435250e-10 -1
-3.87882097e-06 -8.16478488e-06 1.79087531e-10 -1.74435250e-10 1
-3.87884312e-06 -8.16306799e-06 -1.79087531e-10 1.74435250e-10 -1
-4.22163400e-06 -8.51674092e-06 1.79087531e-10 -1.74435250e-10 1
-4.22165615e-06 -8.51502402e-06 -1.79087531e-10 1.74435250e-10 -1
-4.56444703e-06 -8.86869697e-06 1.79087531e-10 -1.74435250e-10 1
-4.56446918e-06 -8.86698005e-06 -1.79087531e-10 1.74435250e-10 -1
-4.90726006e-06 -9.22065305e-06 1.79087531e-10 -1.74435250e-10 1
-4.90728222e-06 -9.21893604e-06 -1.79087531e-10 1.74435250e-10 -1
-5.25007309e-06 -9.57260927e-06 1.79087531e-10 -1.74435250e-10 1
-5.25009525e-06 -9.57089190e-06 -1.79087531e-10 1.74435250e-10 -1
5.85936998e-07 1.57687735e-05 -7.79828510e-11 2.37526156e-10 1
5.85880579e-07 1.57686649e-05 7.79828510e-11 -2.37526156e-10 -1
1.06307508e-06 1.59254239e-05 -7.79828510e-11 2.37526156e-10 1
1.06301867e-06 1.59253154e-05 7.79828510e-11 -2.37526156e-10 -1
1.54021316e-06 1.60820744e-05 -7.79828510e-11 2.37526156e-10 1
1.54015675e-06 1.60819659e-05 7.79828510e-11 -2.37526156e-10 -1
2.01735127e-06 1.62387249e-05 -7.79828510e-11 2.37526156e-10 1
2.01729481e-06 1.62386164e-05 7.79828510e-11 -2.37526156e-10 -1
2.49448935e-06 1.63953754e-05 -7.79828510e-11 2.37526156e-10 1
2.49443289e-06 1.63952669e-05 7.79828510e-11 -2.37526156e-10 -1
2.97162741e-06 1.65520259e-05 -7.79828510e-11 2.37526156e-10 1
2.97157100e-06 1.65519174e-05 7.79828510e-11 -2.37526156e-10 -1
3.44876550e-06 1.67086764e-05 -7.79828510e-11 2.37526156e-10 1
3.44870908e-06 1.67085679e-05 7.79828510e-11 -2.37526156e-10 -1
3.92590359e-06 1.68653269e-05 -7.79828510e-11 2.37526156e-10 1
3.92584716e-06 1.68652183e-05 7.79828510e-11 -2.37526156e-10 -1
