-2.50000000e-05 -2.50000000e-05 4.99999712e+07 6.78651559e+01 1.06805967e+02
-2.44949495e-05 -2.50000000e-05 4.99999713e+07 7.35584042e+01 1.07340040e+02
-2.39898990e-05 -2.50000000e-05 4.99999714e+07 7.93692240e+01 1.07682082e+02
-2.34848485e-05 -2.50000000e-05 4.99999715e+07 8.52879781e+01 1.07818385e+02
-2.29797980e-05 -2.50000000e-05 4.99999715e+07 9.13038549e+01 1.07734586e+02
-2.24747475e-05 -2.50000000e-05 4.99999715e+07 9.74047198e+01 1.07415597e+02
-2.19696970e-05 -2.50000000e-05 4.99999715e+07 1.03576930e+02 1.06845534e+02
-2.14646465e-05 -2.50000000e-05 4.99999714e+07 1.09805106e+02 1.06007659e+02
-2.09595960e-05 -2.50000000e-05 4.99999714e+07 1.16071862e+02 1.04884341e+02
-2.04545455e-05 -2.50000000e-05 4.99999713e+07 1.22357483e+02 1.03457052e+02
-1.99494949e-05 -2.50000000e-05 4.99999712e+07 1.28639557e+02 1.01706400e+02
-1.94444444e-05 -2.50000000e-05 4.99999711e+07 1.34892569e+02 9.96122407e+01
-1.89393939e-05 -2.50000000e-05 4.99999711e+07 1.41087450e+02 9.71538593e+01
-1.84343434e-05 -2.50000000e-05 4.99999711e+07 1.47191117e+02 9.43102670e+01
-1.79292929e-05 -2.50000000e-05 4.99999711e+07 1.53166007e+02 9.10606173e+01
-1.74242424e-05 -2.50000000e-05 4.99999711e+07 1.58969647e+02 8.73847686e+01
-1.69191919e-05 -2.50000000e-05 4.99999712e+07 1.64554288e+02 8.32640094e+01
-1.64141414e-05 -2.50000000e-05 4.99999714e+07 1.69866651e+02 7.86819569e+01
-1.59090909e-05 -2.50000000e-05 4.99999717e+07 1.74847839e+02 7.36256316e+01
-1.54040404e-05 -2.50000000e-05 4.99999720e+07 1.79433476e+02 6.80867017e+01
-1.48989899e-05 -2.50000000e-05 4.99999725e+07 1.83554130e+02 6.20628744e+01
-1.43939394e-05 -2.50000000e-05 4.99999730e+07 1.87136085e+02 5.55593953e+01
-1.38888889e-05 -2.50000000e-05 4.99999737e+07 1.90102521e+02 4.85905978e+01
-1.33838384e-05 -2.50000000e-05 4.99999744e+07 1.92375151e+02 4.11814224e+01
-1.28787879e-05 -2.50000000e-05 4.99999751e+07 1.93876328e+02 3.33688058e+01
-1.23737374e-05 -2.50000000e-05 4.99999760e+07 1.94531644e+02 2.52028199e+01
-1.18686869e-05 -2.50000000e-05 4.99999768e+07 1.94272964e+02 1.67474276e+01
-1.13636364e-05 -2.50000000e-05 4.99999776e+07 1.93041827e+02 8.08071624e+00
-1.08585859e-05 -2.50000000e-05 4.99999783e+07 1.90793080e+02 -7.05526958e-01
-1.03535354e-05 -2.50000000e-05 4.99999789e+07 1.87498574e+02 -9.50700989e+00
-9.84848485e-06 -2.50000000e-05 4.99999793e+07 1.83150689e+02 -1.82089818e+01
-9.34343434e-06 -2.50000000e-05 4.99999795e+07 1.77765424e+02 -2.66891560e+01
-8.83838384e-06 -2.50000000e-05 4.99999794e+07 1.71384781e+02 -3.48214675e+01
-8.33333333e-06 -2.50000000e-05 4.99999789e+07 1.64078160e+02 -4.24805462e+01
-7.82828283e-06 -2.50000000e-05 4.99999780e+07 1.55942515e+02 -4.95467025e+01
-7.32323232e-06 -2.50000000e-05 4.99999766e+07 1.47101101e+02 -5.59111484e+01
-6.81818182e-06 -2.50000000e-05 4.99999748e+07 1.37700725e+02 -6.14811162e+01
-6.31313131e-06 -2.50000000e-05 4.99999725e+07 1.27907527e+02 -6.61845052e+01
-5.80808081e-06 -2.50000000e-05 4.99999697e+07 1.17901452e+02 -6.99736900e+01
-5.30303030e-06 -2.50000000e-05 4.99999665e+07 1.07869708e+02 -7.28281668e+01
-4.79797980e-06 -2.50000000e-05 4.99999629e+07 9.79995800e+01 -7.47557919e+01
-4.29292929e-06 -2.50000000e-05 4.99999590e+07 8.84710845e+01 -7.57924813e+01
-3.78787879e-06 -2.50000000e-05 4.99999548e+07 7.94499449e+01 -7.60003673e+01
-3.28282828e-06 -2.50000000e-05 4.99999505e+07 7.10813595e+01 -7.54645399e+01
-2.77777778e-06 -2.50000000e-05 4.99999462e+07 6.34849646e+01 -7.42886231e+01
-2.27272727e-06 -2.50000000e-05 4.99999419e+07 5.67512867e+01 -7.25895250e+01
-1.76767677e-06 -2.50000000e-05 4.99999378e+07 5.09398433e+01 -7.04917536e+01
-1.26262626e-06 -2.50000000e-05 4.99999341e+07 4.60789147e+01 -6.81217061e+01
-7.57575758e-07 -2.50000000e-05 4.99999307e+07 4.21668751e+01 -6.56023043e+01
-2.52525253e-07 -2.50000000e-05 4.99999277e+07 3.91748615e+01 -6.30482932e+01
2.52525253e-07 -2.50000000e-05 4.99999253e+07 3.70504838e+01 -6.05624295e+01
7.57575758e-07 -2.50000000e-05 4.99999234e+07 3.57222357e+01 -5.82326960e+01
1.26262626e-06 -2.50000000e-05 4.99999221e+07 3.51042611e+01 -5.61305799e+01
1.76767677e-06 -2.50000000e-05 4.99999214e+07 3.51011554e+01 -5.43103737e+01
2.27272727e-06 -2.50000000e-05 4.99999213e+07 3.56125289e+01 -5.28093864e+01
2.77777778e-06 -2.50000000e-05 4.99999217e+07 3.65371186e+01 -5.16489130e+01
3.28282828e-06 -2.50000000e-05 4.99999227e+07 3.77763050e+01 -5.08357815e+01
3.78787879e-06 -2.50000000e-05 4.99999241e+07 3.92369506e+01 -5.03642942e+01
4.29292929e-06 -2.50000000e-05 4.99999260e+07 4.08335402e+01 -5.02183883e+01
4.79797980e-06 -2.50000000e-05 4.99999282e+07 4.24896454e+01 -5.03738630e+01
5.30303030e-06 -2.50000000e-05 4.99999308e+07 4.41387725e+01 -5.08005470e+01
5.80808081e-06 -2.50000000e-05 4.99999336e+07 4.57246770e+01 -5.14643116e+01
6.31313131e-06 -2.50000000e-05 4.99999366e+07 4.72012379e+01 -5.23288627e+01
6.81818182e-06 -2.50000000e-05 4.99999398e+07 4.85319898e+01 -5.33572737e+01
7.32323232e-06 -2.50000000e-05 4.99999430e+07 4.96894054e+01 -5.45132435e+01
7.82828283e-06 -2.50000000e-05 4.99999464e+07 5.06540132e+01 -5.57620817e+01
8.33333333e-06 -2.50000000e-05 4.99999497e+07 5.14134239e+01 -5.70714389e+01
8.83838384e-06 -2.50000000e-05 4.99999530e+07 5.19613248e+01 -5.84118041e+01
9.34343434e-06 -2.50000000e-05 4.99999563e+07 5.22964904e+01 -5.97568038e+01
9.84848485e-06 -2.50000000e-05 4.99999595e+07 5.24218430e+01 -6.10833318e+01
1.03535354e-05 -2.50000000e-05 4.99999626e+07 5.23435890e+01 -6.23715453e+01
1.08585859e-05 -2.50000000e-05 4.99999656e+07 5.20704448e+01 -6.36047561e+01
1.13636364e-05 -2.50000000e-05 4.99999684e+07 5.16129603e+01 -6.47692456e+01
1.18686869e-05 -2.50000000e-05 4.99999712e+07 5.09829413e+01 -6.58540289e+01
1.23737374e-05 -2.50000000e-05 4.99999737e+07 5.01929680e+01 -6.68505862e+01
1.28787879e-05 -2.50000000e-05 4.99999762e+07 4.92560037e+01 -6.77525814e+01
1.33838384e-05 -2.50000000e-05 4.99999785e+07 4.81850860e+01 -6.85555789e+01
1.38888889e-05 -2.50000000e-05 4.99999806e+07 4.69930897e+01 -6.92567707e+01
1.43939394e-05 -2.50000000e-05 4.99999827e+07 4.56925542e+01 -6.98547197e+01
1.48989899e-05 -2.50000000e-05 4.99999845e+07 4.42955625e+01 -7.03491257e+01
1.54040404e-05 -2.50000000e-05 4.99999863e+07 4.28136652e+01 -7.07406160e+01
1.59090909e-05 -2.50000000e-05 4.99999879e+07 4.12578385e+01 -7.10305626e+01
1.64141414e-05 -2.50000000e-05 4.99999894e+07 3.96384699e+01 -7.12209265e+01
1.69191919e-05 -2.50000000e-05 4.99999909e+07 3.79653634e+01 -7.13141272e+01
1.74242424e-05 -2.50000000e-05 4.99999922e+07 3.62477579e+01 -7.13129361e+01
1.79292929e-05 -2.50000000e-05 4.99999934e+07 3.44943546e+01 -7.12203925e+01
1.84343434e-05 -2.50000000e-05 4.99999945e+07 3.27133486e+01 -7.10397375e+01
1.89393939e-05 -2.50000000e-05 4.99999956e+07 3.09124607e+01 -7.07743658e+01
1.94444444e-05 -2.50000000e-05 4.99999966e+07 2.90989682e+01 -7.04277898e+01
1.99494949e-05 -2.50000000e-05 4.99999975e+07 2.72797315e+01 -7.00036155e+01
2.04545455e-05 -2.50000000e-05 4.99999983e+07 2.54612165e+01 -6.95055258e+01
2.09595960e-05 -2.50000000e-05 4.99999991e+07 2.36495117e+01 -6.89372698e+01
2.14646465e-05 -2.50000000e-05 4.99999999e+07 2.18503398e+01 -6.83026564e+01
2.19696970e-05 -2.50000000e-05 5.00000006e+07 2.00690650e+01 -6.76055483e+01
2.24747475e-05 -2.50000000e-05 5.00000013e+07 1.83106956e+01 -6.68498579e+01
2.29797980e-05 -2.50000000e-05 5.00000019e+07 1.65798835e+01 -6.60395413e+01
2.34848485e-05 -2.50000000e-05 5.00000025e+07 1.48809213e+01 -6.51785913e+01
2.39898990e-05 -2.50000000e-05 5.00000031e+07 1.32177380e+01 -6.42710278e+01
2.44949495e-05 -2.50000000e-05 5.00000037e+07 1.15938942e+01 -6.33208866e+01
2.50000000e-05 -2.50000000e-05 5.00000042e+07 1.00125787e+01 -6.23322053e+01
-2.50000000e-05 -2.44949495e-05 4.99999707e+07 6.71621799e+01 1.09923591e+02
-2.44949495e-05 -2.44949495e-05 4.99999707e+07 7.30401944e+01 1.10614352e+02
-2.39898990e-05 -2.44949495e-05 4.99999707e+07 7.90493298e+01 1.11114314e+02
-2.34848485e-05 -2.44949495e-05 4.99999707e+07 8.51806037e+01 1.11409468e+02
-2.29797980e-05 -2.44949495e-05 4.99999706e+07 9.14239448e+01 1.11485068e+02
-2.24747475e-05 -2.44949495e-05 4.99999705e+07 9.77680478e+01 1.11325530e+02
-2.19696970e-05 -2.44949495e-05 4.99999704e+07 1.04200186e+02 1.10914315e+02
-2.14646465e-05 -2.44949495e-05 4.99999702e+07 1.10705974e+02 1.10233829e+02
-2.09595960e-05 -2.44949495e-05 4.99999700e+07 1.17269071e+02 1.09265326e+02
-2.04545455e-05 -2.44949495e-05 4.99999698e+07 1.23870823e+02 1.07988841e+02
-1.99494949e-05 -2.44949495e-05 4.99999696e+07 1.30489844e+02 1.06383163e+02
-1.94444444e-05 -2.44949495e-05 4.99999694e+07 1.37101529e+02 1.04425883e+02
-1.89393939e-05 -2.44949495e-05 4.99999692e+07 1.43677509e+02 1.02093512e+02
-1.84343434e-05 -2.44949495e-05 4.99999690e+07 1.50185073e+02 9.93617281e+01
-1.79292929e-05 -2.44949495e-05 4.99999688e+07 1.56586549e+02 9.62057581e+01
-1.74242424e-05 -2.44949495e-05 4.99999687e+07 1.62838713e+02 9.26009273e+01
-1.69191919e-05 -2.44949495e-05 4.99999686e+07 1.68892231e+02 8.85234057e+01
-1.64141414e-05 -2.44949495e-05 4.99999686e+07 1.74691208e+02 8.39511679e+01
-1.59090909e-05 -2.44949495e-05 4.99999687e+07 1.80172903e+02 7.88651799e+01
-1.54040404e-05 -2.44949495e-05 4.99999689e+07 1.85267668e+02 7.32508128e+01
-1.48989899e-05 -2.44949495e-05 4.99999693e+07 1.89899218e+02 6.70994683e+01
-1.43939394e-05 -2.44949495e-05 4.99999697e+07 1.93985282e+02 6.04103785e+01
-1.38888889e-05 -2.44949495e-05 4.99999702e+07 1.97438746e+02 5.31925203e+01
-1.33838384e-05 -2.44949495e-05 4.99999709e+07 2.00169337e+02 4.54665570e+01
-1.28787879e-05 -2.44949495e-05 4.99999716e+07 2.02085914e+02 3.72666891e+01
-1.23737374e-05 -2.44949495e-05 4.99999725e+07 2.03099372e+02 2.86422717e+01
-1.18686869e-05 -2.44949495e-05 4.99999733e+07 2.03126155e+02 1.96590312e+01
-1.13636364e-05 -2.44949495e-05 4.99999742e+07 2.02092290e+02 1.03996994e+01
-1.08585859e-05 -2.44949495e-05 4.99999750e+07 1.99937804e+02 9.63883045e-01
-1.03535354e-05 -2.44949495e-05 4.99999757e+07 1.96621325e+02 -8.53299550e+00
-9.84848485e-06 -2.44949495e-05 4.99999763e+07 1.92124593e+02 -1.79618149e+01
-9.34343434e-06 -2.44949495e-05 4.99999766e+07 1.86456541e+02 -2.71829909e+01
-8.83838384e-06 -2.44949495e-05 4.99999766e+07 1.79656596e+02 -3.60508117e+01
-8.33333333e-06 -2.44949495e-05 4.99999762e+07 1.71796815e+02 -4.44187485e+01
-7.82828283e-06 -2.44949495e-05 4.99999754e+07 1.62982528e+02 -5.21455072e+01
-7.32323232e-06 -2.44949495e-05 4.99999741e+07 1.53351208e+02 -5.91014777e+01
-6.81818182e-06 -2.44949495e-05 4.99999722e+07 1.43069450e+02 -6.51751518e+01
-6.31313131e-06 -2.44949495e-05 4.99999699e+07 1.32328036e+02 -7.02790278e+01
-5.80808081e-06 -2.44949495e-05 4.99999670e+07 1.21335297e+02 -7.43545116e+01
-5.30303030e-06 -2.44949495e-05 4.99999635e+07 1.10309102e+02 -7.73753788e+01
-4.79797980e-06 -2.44949495e-05 4.99999597e+07 9.94679931e+01 -7.93494591e+01
-4.29292929e-06 -2.44949495e-05 4.99999555e+07 8.90220673e+01 -8.03183590e+01
-3.78787879e-06 -2.44949495e-05 4.99999510e+07 7.91642479e+01 -8.03552078e+01
-3.28282828e-06 -2.44949495e-05 4.99999464e+07 7.00625755e+01 -7.95605966e+01
-2.77777778e-06 -2.44949495e-05 4.99999418e+07 6.18540381e+01 -7.80570398e+01
-2.27272727e-06 -2.44949495e-05 4.99999373e+07 5.46403215e+01 -7.59824107e+01
-1.76767677e-06 -2.44949495e-05 4.99999329e+07 4.84856772e+01 -7.34828724e+01
-1.26262626e-06 -2.44949495e-05 4.99999290e+07 4.34169145e+01 -7.07058356e+01
-7.57575758e-07 -2.44949495e-05 4.99999254e+07 3.94253475e+01 -6.77934275e+01
-2.52525253e-07 -2.44949495e-05 4.99999224e+07 3.64703870e+01 -6.48768683e+01
2.52525253e-07 -2.44949495e-05 4.99999200e+07 3.44843689e+01 -6.20720308e+01
7.57575758e-07 -2.44949495e-05 4.99999183e+07 3.33781695e+01 -5.94763294e+01
1.26262626e-06 -2.44949495e-05 4.99999171e+07 3.30471566e+01 -5.71669623e+01
1.76767677e-06 -2.44949495e-05 4.99999167e+07 3.33770735e+01 -5.52004183e+01
2.27272727e-06 -2.44949495e-05 4.99999169e+07 3.42495191e+01 -5.36130866e+01
2.77777778e-06 -2.44949495e-05 4.99999177e+07 3.55467783e+01 -5.24227490e+01
3.28282828e-06 -2.44949495e-05 4.99999190e+07 3.71558427e+01 -5.16307173e+01
3.78787879e-06 -2.44949495e-05 4.99999209e+07 3.89715509e+01 -5.12243765e+01
4.29292929e-06 -2.44949495e-05 4.99999232e+07 4.08988442e+01 -5.11799157e+01
4.79797980e-06 -2.44949495e-05 4.99999259e+07 4.28541952e+01 -5.14650643e+01
5.30303030e-06 -2.44949495e-05 4.99999290e+07 4.47663024e+01 -5.20416856e+01
5.80808081e-06 -2.44949495e-05 4.99999322e+07 4.65761677e+01 -5.28681256e+01
6.31313131e-06 -2.44949495e-05 4.99999357e+07 4.82366841e+01 -5.39012500e+01
6.81818182e-06 -2.44949495e-05 4.99999393e+07 4.97118584e+01 -5.50981372e+01
7.32323232e-06 -2.44949495e-05 4.99999430e+07 5.09757836e+01 -5.64174215e+01
7.82828283e-06 -2.44949495e-05 4.99999467e+07 5.20114642e+01 -5.78203029e+01
8.33333333e-06 -2.44949495e-05 4.99999504e+07 5.28095762e+01 -5.92712512e+01
8.83838384e-06 -2.44949495e-05 4.99999540e+07 5.33672309e+01 -6.07384443e+01
9.34343434e-06 -2.44949495e-05 4.99999575e+07 5.36867915e+01 -6.21939810e+01
9.84848485e-06 -2.44949495e-05 4.99999610e+07 5.37747775e+01 -6.36139126e+01
1.03535354e-05 -2.44949495e-05 4.99999643e+07 5.36408802e+01 -6.49781334e+01
1.08585859e-05 -2.44949495e-05 4.99999674e+07 5.32970996e+01 -6.62701668e+01
1.13636364e-05 -2.44949495e-05 4.99999705e+07 5.27570078e+01 -6.74768804e+01
1.18686869e-05 -2.44949495e-05 4.99999733e+07 5.20351347e+01 -6.85881565e+01
1.23737374e-05 -2.44949495e-05 4.99999760e+07 5.11464690e+01 -6.95965423e+01
1.28787879e-05 -2.44949495e-05 4.99999785e+07 5.01060661e+01 -7.04968961e+01
1.33838384e-05 -2.44949495e-05 4.99999808e+07 4.89287484e+01 -7.12860440e+01
1.38888889e-05 -2.44949495e-05 4.99999830e+07 4.76288883e+01 -7.19624567e+01
1.43939394e-05 -2.44949495e-05 4.99999851e+07 4.62202587e+01 -7.25259546e+01
1.48989899e-05 -2.44949495e-05 4.99999870e+07 4.47159416e+01 -7.29774426e+01
1.54040404e-05 -2.44949495e-05 4.99999887e+07 4.31282813e+01 -7.33186800e+01
1.59090909e-05 -2.44949495e-05 4.99999903e+07 4.14688728e+01 -7.35520833e+01
1.64141414e-05 -2.44949495e-05 4.99999918e+07 3.97485763e+01 -7.36805621e+01
1.69191919e-05 -2.44949495e-05 4.99999932e+07 3.79775499e+01 -7.37073859e+01
1.74242424e-05 -2.44949495e-05 4.99999945e+07 3.61652929e+01 -7.36360789e+01
1.79292929e-05 -2.44949495e-05 4.99999956e+07 3.43206951e+01 -7.34703403e+01
1.84343434e-05 -2.44949495e-05 4.99999967e+07 3.24520870e+01 -7.32139859e+01
1.89393939e-05 -2.44949495e-05 4.99999977e+07 3.05672877e+01 -7.28709075e+01
1.94444444e-05 -2.44949495e-05 4.99999986e+07 2.86736480e+01 -7.24450476e+01
1.99494949e-05 -2.44949495e-05 4.99999995e+07 2.67780863e+01 -7.19403845e+01
2.04545455e-05 -2.44949495e-05 5.00000003e+07 2.48871183e+01 -7.13609259e+01
2.09595960e-05 -2.44949495e-05 5.00000011e+07 2.30068779e+01 -7.07107074e+01
2.14646465e-05 -2.44949495e-05 5.00000018e+07 2.11431315e+01 -6.99937946e+01
2.19696970e-05 -2.44949495e-05 5.00000024e+07 1.93012856e+01 -6.92142846e+01
2.24747475e-05 -2.44949495e-05 5.00000031e+07 1.74863883e+01 -6.83763082e+01
2.29797980e-05 -2.44949495e-05 5.00000037e+07 1.57031273e+01 -6.74840286e+01
2.34848485e-05 -2.44949495e-05 5.00000042e+07 1.39558240e+01 -6.65416383e+01
2.39898990e-05 -2.44949495e-05 5.00000048e+07 1.22484272e+01 -6.55533521e+01
2.44949495e-05 -2.44949495e-05 5.00000053e+07 1.05845047e+01 -6.45233969e+01
2.50000000e-05 -2.44949495e-05 5.00000058e+07 8.96723738e+00 -6.34559982e+01
-2.50000000e-05 -2.39898990e-05 4.99999702e+07 6.62991864e+01 1.13050653e+02
-2.44949495e-05 -2.39898990e-05 4.99999702e+07 7.23601911e+01 1.13906472e+02
-2.39898990e-05 -2.39898990e-05 4.99999702e+07 7.85660669e+01 1.14573618e+02
-2.34848485e-05 -2.39898990e-05 4.99999700e+07 8.49085434e+01 1.15037933e+02
-2.29797980e-05 -2.39898990e-05 4.99999699e+07 9.13783774e+01 1.15284460e+02
-2.24747475e-05 -2.39898990e-05 4.99999697e+07 9.79652200e+01 1.15297305e+02
-2.19696970e-05 -2.39898990e-05 4.99999694e+07 1.04657435e+02 1.15059483e+02
-2.14646465e-05 -2.39898990e-05 4.99999691e+07 1.11441860e+02 1.14552752e+02
-2.09595960e-05 -2.39898990e-05 4.99999688e+07 1.18303493e+02 1.13757457e+02
-2.04545455e-05 -2.39898990e-05 4.99999684e+07 1.25225107e+02 1.12652389e+02
-1.99494949e-05 -2.39898990e-05 4.99999680e+07 1.32186776e+02 1.11214677e+02
-1.94444444e-05 -2.39898990e-05 4.99999676e+07 1.39165319e+02 1.09419748e+02
-1.89393939e-05 -2.39898990e-05 4.99999672e+07 1.46133650e+02 1.07241368e+02
-1.84343434e-05 -2.39898990e-05 4.99999668e+07 1.53060064e+02 1.04651801e+02
-1.79292929e-05 -2.39898990e-05 4.99999665e+07 1.59907460e+02 1.01622137e+02
-1.74242424e-05 -2.39898990e-05 4.99999661e+07 1.66632549e+02 9.81227917e+01
-1.69191919e-05 -2.39898990e-05 4.99999659e+07 1.73185075e+02 9.41242534e+01
-1.64141414e-05 -2.39898990e-05 4.99999657e+07 1.79507111e+02 8.95980774e+01
-1.59090909e-05 -2.39898990e-05 4.99999656e+07 1.85532519e+02 8.45181707e+01
-1.54040404e-05 -2.39898990e-05 4.99999656e+07 1.91186626e+02 7.88623714e+01
-1.48989899e-05 -2.39898990e-05 4.99999657e+07 1.96386260e+02 7.26143191e+01
-1.43939394e-05 -2.39898990e-05 4.99999660e+07 2.01040210e+02 6.57655871e+01
-1.38888889e-05 -2.39898990e-05 4.99999665e+07 2.05050249e+02 5.83180149e+01
-1.33838384e-05 -2.39898990e-05 4.99999670e+07 2.08312815e+02 5.02861518e+01
-1.28787879e-05 -2.39898990e-05 4.99999677e+07 2.10721430e+02 4.16996754e+01
-1.23737374e-05 -2.39898990e-05 4.99999685e+07 2.12169911e+02 3.26056184e+01
-1.18686869e-05 -2.39898990e-05 4.99999694e+07 2.12556384e+02 2.30701951e+01
-1.13636364e-05 -2.39898990e-05 4.99999704e+07 2.11788033e+02 1.31799968e+01
-1.08585859e-05 -2.39898990e-05 4.99999713e+07 2.09786443e+02 3.04231014e+00
-1.03535354e-05 -2.39898990e-05 4.99999721e+07 2.06493304e+02 -7.21567312e+00
-9.84848485e-06 -2.39898990e-05 4.99999728e+07 2.01876160e+02 -1.74489508e+01
-9.34343434e-06 -2.39898990e-05 4.99999733e+07 1.95933769e+02 -2.74982304e+01
-8.83838384e-06 -2.39898990e-05 4.99999735e+07 1.88700632e+02 -3.71948927e+01
-8.33333333e-06 -2.39898990e-05 4.99999732e+07 1.80250168e+02 -4.63672804e+01
-7.82828283e-06 -2.39898990e-05 4.99999725e+07 1.70696073e+02 -5.48480470e+01
-7.32323232e-06 -2.39898990e-05 4.99999712e+07 1.60191480e+02 -6.24821441e+01
-6.81818182e-06 -2.39898990e-05 4.99999694e+07 1.48925686e+02 -6.91349030e+01
-6.31313131e-06 -2.39898990e-05 4.99999670e+07 1.37118411e+02 -7.46995739e+01
-5.80808081e-06 -2.39898990e-05 4.99999639e+07 1.25011781e+02 -7.91036726e+01
-5.30303030e-06 -2.39898990e-05 4.99999603e+07 1.12860496e+02 -8.23135351e+01
-4.79797980e-06 -2.39898990e-05 4.99999562e+07 1.00920810e+02 -8.43366157e+01
-4.29292929e-06 -2.39898990e-05 4.99999517e+07 8.94391378e+01 -8.52212646e+01
-3.78787879e-06 -2.39898990e-05 4.99999469e+07 7.86411417e+01 -8.50539559e+01
-3.28282828e-06 -2.39898990e-05 4.99999419e+07 6.87221307e+01 -8.39541889e+01
-2.77777778e-06 -2.39898990e-05 4.99999370e+07 5.98394610e+01 -8.20675032e+01
-2.27272727e-06 -2.39898990e-05 4.99999321e+07 5.21074351e+01 -7.95572170e+01
-1.76767677e-06 -2.39898990e-05 4.99999275e+07 4.55949369e+01 -7.65955819e+01
-1.26262626e-06 -2.39898990e-05 4.99999234e+07 4.03257841e+01 -7.33550579e+01
-7.57575758e-07 -2.39898990e-05 4.99999197e+07 3.62815418e+01 -7.00003363e+01
-2.52525253e-07 -2.39898990e-05 4.99999167e+07 3.34063586e+01 -6.66816090e+01
2.52525253e-07 -2.39898990e-05 4.99999143e+07 3.16132660e+01 -6.35294142e+01
7.57575758e-07 -2.39898990e-05 4.99999127e+07 3.07913395e+01 -6.06512115e+01
1.26262626e-06 -2.39898990e-05 4.99999118e+07 3.08131372e+01 -5.81296742e+01
1.76767677e-06 -2.39898990e-05 4.99999117e+07 3.15419065e+01 -5.60225494e+01
2.27272727e-06 -2.39898990e-05 4.99999122e+07 3.28381505e+01 -5.43638404e+01
2.77777778e-06 -2.39898990e-05 4.99999135e+07 3.45652717e+01 -5.31660101e+01
3.28282828e-06 -2.39898990e-05 4.99999153e+07 3.65941284e+01 -5.24228841e+01
3.78787879e-06 -2.39898990e-05 4.99999177e+07 3.88064506e+01 -5.21129516e+01
4.29292929e-06 -2.39898990e-05 4.99999206e+07 4.10971483e+01 -5.22027908e+01
4.79797980e-06 -2.39898990e-05 4.99999238e+07 4.33756136e+01 -5.26504033e+01
5.30303030e-06 -2.39898990e-05 4.99999274e+07 4.55661583e+01 -5.34082919e+01
5.80808081e-06 -2.39898990e-05 4.99999312e+07 4.76077499e+01 -5.44261724e+01
6.31313131e-06 -2.39898990e-05 4.99999351e+07 4.94532127e+01 -5.56532585e+01
6.81818182e-06 -2.39898990e-05 4.99999392e+07 5.10680535e+01 -5.70400988e+01
7.32323232e-06 -2.39898990e-05 4.99999433e+07 5.24290510e+01 -5.85399780e+01
7.82828283e-06 -2.39898990e-05 4.99999474e+07 5.35227293e+01 -6.01099135e+01
8.33333333e-06 -2.39898990e-05 4.99999514e+07 5.43438101e+01 -6.17112954e+01
8.83838384e-06 -2.39898990e-05 4.99999553e+07 5.48937157e+01 -6.33102245e+01
9.34343434e-06 -2.39898990e-05 4.99999592e+07 5.51791741e+01 -6.48776029e+01
9.84848485e-06 -2.39898990e-05 4.99999628e+07 5.52109599e+01 -6.63890341e+01
1.03535354e-05 -2.39898990e-05 4.99999664e+07 5.50027880e+01 -6.78245786e+01
1.08585859e-05 -2.39898990e-05 4.99999697e+07 5.45703674e+01 -6.91684122e+01
1.13636364e-05 -2.39898990e-05 4.99999728e+07 5.39306126e+01 -7.04084217e+01
1.18686869e-05 -2.39898990e-05 4.99999758e+07 5.31010042e+01 -7.15357699e+01
1.23737374e-05 -2.39898990e-05 4.99999785e+07 5.20990850e+01 -7.25444524e+01
1.28787879e-05 -2.39898990e-05 4.99999811e+07 5.09420787e+01 -7.34308659e+01
1.33838384e-05 -2.39898990e-05 4.99999835e+07 4.96466133e+01 -7.41934009e+01
1.38888889e-05 -2.39898990e-05 4.99999857e+07 4.82285338e+01 -7.48320679e+01
1.43939394e-05 -2.39898990e-05 4.99999877e+07 4.67027889e+01 -7.53481626e+01
1.48989899e-05 -2.39898990e-05 4.99999896e+07 4.50833763e+01 -7.57439734e+01
1.54040404e-05 -2.39898990e-05 4.99999913e+07 4.33833349e+01 -7.60225319e+01
1.59090909e-05 -2.39898990e-05 4.99999929e+07 4.16147696e+01 -7.61874050e+01
1.64141414e-05 -2.39898990e-05 4.99999944e+07 3.97889016e+01 -7.62425263e+01
1.69191919e-05 -2.39898990e-05 4.99999957e+07 3.79161323e+01 -7.61920640e+01
1.74242424e-05 -2.39898990e-05 4.99999969e+07 3.60061158e+01 -7.60403217e+01
1.79292929e-05 -2.39898990e-05 4.99999980e+07 3.40678326e+01 -7.57916661e+01
1.84343434e-05 -2.39898990e-05 4.99999991e+07 3.21096607e+01 -7.54504803e+01
1.89393939e-05 -2.39898990e-05 5.00000000e+07 3.01394400e+01 -7.50211352e+01
1.94444444e-05 -2.39898990e-05 5.00000009e+07 2.81645290e+01 -7.45079764e+01
1.99494949e-05 -2.39898990e-05 5.00000017e+07 2.61918498e+01 -7.39153230e+01
2.04545455e-05 -2.39898990e-05 5.00000024e+07 2.42279239e+01 -7.32474732e+01
2.09595960e-05 -2.39898990e-05 5.00000031e+07 2.22788970e+01 -7.25087144e+01
2.14646465e-05 -2.39898990e-05 5.00000038e+07 2.03505541e+01 -7.17033348e+01
2.19696970e-05 -2.39898990e-05 5.00000044e+07 1.84483261e+01 -7.08356348e+01
2.24747475e-05 -2.39898990e-05 5.00000049e+07 1.65772894e+01 -6.99099353e+01
2.29797980e-05 -2.39898990e-05 5.00000055e+07 1.47421601e+01 -6.89305826e+01
2.34848485e-05 -2.39898990e-05 5.00000060e+07 1.29472848e+01 -6.79019489e+01
2.39898990e-05 -2.39898990e-05 5.00000065e+07 1.11966294e+01 -6.68284279e+01
2.44949495e-05 -2.39898990e-05 5.00000069e+07 9.49376766e+00 -6.57144254e+01
2.50000000e-05 -2.39898990e-05 5.00000074e+07 7.84187066e+00 -6.45643461e+01
-2.50000000e-05 -2.34848485e-05 4.99999699e+07 6.52685173e+01 1.16175419e+02
-2.44949495e-05 -2.34848485e-05 4.99999698e+07 7.15099208e+01 1.17204005e+02
-2.39898990e-05 -2.34848485e-05 4.99999697e+07 7.79099976e+01 1.18046919e+02
-2.34848485e-05 -2.34848485e-05 4.99999695e+07 8.44612213e+01 1.18690025e+02
-2.29797980e-05 -2.34848485e-05 4.99999693e+07 9.11552403e+01 1.19118357e+02
-2.24747475e-05 -2.34848485e-05 4.99999689e+07 9.79827671e+01 1.19315943e+02
-2.19696970e-05 -2.34848485e-05 4.99999686e+07 1.04933415e+02 1.19265602e+02
-2.14646465e-05 -2.34848485e-05 4.99999681e+07 1.11995463e+02 1.18948718e+02
-2.09595960e-05 -2.34848485e-05 4.99999677e+07 1.19155548e+02 1.18345012e+02
-2.04545455e-05 -2.34848485e-05 4.99999671e+07 1.26398253e+02 1.17432307e+02
-1.99494949e-05 -2.34848485e-05 4.99999665e+07 1.33705588e+02 1.16186326e+02
-1.94444444e-05 -2.34848485e-05 4.99999660e+07 1.41056371e+02 1.14580541e+02
-1.89393939e-05 -2.34848485e-05 4.99999653e+07 1.48425467e+02 1.12586103e+02
-1.84343434e-05 -2.34848485e-05 4.99999647e+07 1.55782942e+02 1.10171892e+02
-1.79292929e-05 -2.34848485e-05 4.99999641e+07 1.63093099e+02 1.07304740e+02
-1.74242424e-05 -2.34848485e-05 4.99999635e+07 1.70313460e+02 1.03949856e+02
-1.69191919e-05 -2.34848485e-05 4.99999630e+07 1.77393725e+02 1.00071529e+02
-1.64141414e-05 -2.34848485e-05 4.99999626e+07 1.84274767e+02 9.56341214e+01
-1.59090909e-05 -2.34848485e-05 4.99999623e+07 1.90887759e+02 9.06034286e+01
-1.54040404e-05 -2.34848485e-05 4.99999620e+07 1.97153514e+02 8.49484040e+01
-1.48989899e-05 -2.34848485e-05 4.99999620e+07 2.02982186e+02 7.86432775e+01
-1.43939394e-05 -2.34848485e-05 4.99999621e+07 2.08273445e+02 7.16700414e+01
-1.38888889e-05 -2.34848485e-05 4.99999623e+07 2.12917278e+02 6.40212546e+01
-1.33838384e-05 -2.34848485e-05 4.99999628e+07 2.16795568e+02 5.57030712e+01
-1.28787879e-05 -2.34848485e-05 4.99999634e+07 2.19784574e+02 4.67383478e+01
-1.23737374e-05 -2.34848485e-05 4.99999641e+07 2.21758410e+02 3.71696344e+01
-1.18686869e-05 -2.34848485e-05 4.99999650e+07 2.22593568e+02 2.70617982e+01
-1.13636364e-05 -2.34848485e-05 4.99999660e+07 2.22174454e+02 1.65039869e+01
-1.08585859e-05 -2.34848485e-05 4.99999671e+07 2.20399809e+02 5.61060870e+00
-1.03535354e-05 -2.34848485e-05 4.99999681e+07 2.17189744e+02 -5.47899582e+00
-9.84848485e-06 -2.34848485e-05 4.99999689e+07 2.12493033e+02 -1.66024780e+01
-9.34343434e-06 -2.34848485e-05 4.99999696e+07 2.06294133e+02 -2.75782124e+01
-8.83838384e-06 -2.34848485e-05 4.99999699e+07 1.98619342e+02 -3.82109162e+01
-8.33333333e-06 -2.34848485e-05 4.99999698e+07 1.89541410e+02 -4.82990665e+01
-7.82828283e-06 -2.34848485e-05 4.99999693e+07 1.79181968e+02 -5.76438212e+01
-7.32323232e-06 -2.34848485e-05 4.99999681e+07 1.67711213e+02 -6.60589356e+01
-6.81818182e-06 -2.34848485e-05 4.99999663e+07 1.55344462e+02 -7.33809782e+01
-6.31313131e-06 -2.34848485e-05 4.99999638e+07 1.42335492e+02 -7.94790121e+01
-5.80808081e-06 -2.34848485e-05 4.99999606e+07 1.28966851e+02 -8.42628615e+01
-5.30303030e-06 -2.34848485e-05 4.99999568e+07 1.15537715e+02 -8.76891426e+01
-4.79797980e-06 -2.34848485e-05 4.99999524e+07 1.02350105e+02 -8.97644117e+01
-4.29292929e-06 -2.34848485e-05 4.99999475e+07 8.96945550e+01 -9.05450476e+01
-3.78787879e-06 -2.34848485e-05 4.99999424e+07 7.78363627e+01 -9.01338210e+01
-3.28282828e-06 -2.34848485e-05 4.99999370e+07 6.70035512e+01 -8.86734416e+01
-2.77777778e-06 -2.34848485e-05 4.99999317e+07 5.73774585e+01 -8.63376827e+01
-2.27272727e-06 -2.34848485e-05 4.99999265e+07 4.90866007e+01 -8.33209079e+01
-1.76767677e-06 -2.34848485e-05 4.99999216e+07 4.22040993e+01 -7.98269363e+01
-1.26262626e-06 -2.34848485e-05 4.99999172e+07 3.67486039e+01 -7.60581795e+01
-7.57575758e-07 -2.34848485e-05 4.99999135e+07 3.26883269e+01 -7.22058692e+01
-2.52525253e-07 -2.34848485e-05 4.99999104e+07 2.99475623e+01 -6.84420022e+01
2.52525253e-07 -2.34848485e-05 4.99999082e+07 2.84149237e+01 -6.49133925e+01
7.57575758e-07 -2.34848485e-05 4.99999067e+07 2.79524937e+01 -6.17379768e+01
1.26262626e-06 -2.34848485e-05 4.99999062e+07 2.84051282e+01 -5.90033001e+01
1.76767677e-06 -2.34848485e-05 4.99999064e+07 2.96092714e+01 -5.67669376e+01
2.27272727e-06 -2.34848485e-05 4.99999074e+07 3.14007968e+01 -5.50584915e+01
2.77777778e-06 -2.34848485e-05 4.99999092e+07 3.36215552e+01 -5.38827482e+01
3.28282828e-06 -2.34848485e-05 4.99999116e+07 3.61244742e+01 -5.32235718e+01
3.78787879e-06 -2.34848485e-05 4.99999146e+07 3.87771908e+01 -5.30481471e+01
4.29292929e-06 -2.34848485e-05 4.99999180e+07 4.14643088e+01 -5.33112431e+01
4.79797980e-06 -2.34848485e-05 4.99999219e+07 4.40884457e+01 -5.39592415e+01
5.30303030e-06 -2.34848485e-05 4.99999260e+07 4.65702730e+01 -5.49337512e+01
5.80808081e-06 -2.34848485e-05 4.99999304e+07 4.88477763e+01 -5.61747004e+01
6.31313131e-06 -2.34848485e-05 4.99999349e+07 5.08749478e+01 -5.76228579e+01
6.81818182e-06 -2.34848485e-05 4.99999394e+07 5.26201102e+01 -5.92217824e+01
7.32323232e-06 -2.34848485e-05 4.99999440e+07 5.40640404e+01 -6.09192359e+01
7.82828283e-06 -2.34848485e-05 4.99999485e+07 5.51980286e+01 -6.26681171e+01
8.33333333e-06 -2.34848485e-05 4.99999529e+07 5.60219788e+01 -6.44269848e+01
8.83838384e-06 -2.34848485e-05 4.99999571e+07 5.65426245e+01 -6.61602458e+01
9.34343434e-06 -2.34848485e-05 4.99999612e+07 5.67719103e+01 -6.78380791e+01
9.84848485e-06 -2.34848485e-05 4.99999651e+07 5.67255651e+01 -6.94361644e+01
1.03535354e-05 -2.34848485e-05 4.99999688e+07 5.64218812e+01 -7.09352728e+01
1.08585859e-05 -2.34848485e-05 4.99999723e+07 5.58806949e+01 -7.23207714e+01
1.13636364e-05 -2.34848485e-05 4.99999756e+07 5.51225606e+01 -7.35820813e+01
1.18686869e-05 -2.34848485e-05 4.99999786e+07 5.41681017e+01 -7.47121224e+01
1.23737374e-05 -2.34848485e-05 4.99999815e+07 5.30375185e+01 -7.57067694e+01
1.28787879e-05 -2.34848485e-05 4.99999841e+07 5.17502338e+01 -7.65643371e+01
1.33838384e-05 -2.34848485e-05 4.99999865e+07 5.03246537e+01 -7.72851069e+01
1.38888889e-05 -2.34848485e-05 4.99999887e+07 4.87780244e+01 -7.78709021e+01
1.43939394e-05 -2.34848485e-05 4.99999907e+07 4.71263665e+01 -7.83247167e+01
1.48989899e-05 -2.34848485e-05 4.99999925e+07 4.53844684e+01 -7.86503983e+01
1.54040404e-05 -2.34848485e-05 4.99999942e+07 4.35659256e+01 -7.88523830e+01
1.59090909e-05 -2.34848485e-05 4.99999957e+07 4.16832102e+01 -7.89354819e+01
1.64141414e-05 -2.34848485e-05 4.99999971e+07 3.97477624e+01 -7.89047128e+01
1.69191919e-05 -2.34848485e-05 4.99999984e+07 3.77700909e+01 -7.87651745e+01
1.74242424e-05 -2.34848485e-05 4.99999995e+07 3.57598779e+01 -7.85219574e+01
1.79292929e-05 -2.34848485e-05 5.00000006e+07 3.37260799e+01 -7.81800848e+01
1.84343434e-05 -2.34848485e-05 5.00000015e+07 3.16770214e+01 -7.77444811e+01
1.89393939e-05 -2.34848485e-05 5.00000024e+07 2.96204771e+01 -7.72199595e+01
1.94444444e-05 -2.34848485e-05 5.00000032e+07 2.75637409e+01 -7.66112257e+01
1.99494949e-05 -2.34848485e-05 5.00000039e+07 2.55136810e+01 -7.59228920e+01
2.04545455e-05 -2.34848485e-05 5.00000046e+07 2.34767804e+01 -7.51594988e+01
2.09595960e-05 -2.34848485e-05 5.00000052e+07 2.14591640e+01 -7.43255378e+01
2.14646465e-05 -2.34848485e-05 5.00000058e+07 1.94666128e+01 -7.34254759e+01
2.19696970e-05 -2.34848485e-05 5.00000064e+07 1.75045683e+01 -7.24637766e+01
2.24747475e-05 -2.34848485e-05 5.00000069e+07 1.55781281e+01 -7.14449160e+01
2.29797980e-05 -2.34848485e-05 5.00000074e+07 1.36920343e+01 -7.03733940e+01
2.34848485e-05 -2.34848485e-05 5.00000078e+07 1.18506595e+01 -6.92537386e+01
2.39898990e-05 -2.34848485e-05 5.00000082e+07 1.00579890e+01 -6.80905037e+01
2.44949495e-05 -2.34848485e-05 5.00000087e+07 8.31760498e+00 -6.68882608e+01
2.50000000e-05 -2.34848485e-05 5.00000091e+07 6.63267069e+00 -6.56515844e+01
-2.50000000e-05 -2.29797980e-05 4.99999697e+07 6.40632412e+01 1.19285263e+02
-2.44949495e-05 -2.29797980e-05 4.99999696e+07 7.04816827e+01 1.20493483e+02
-2.39898990e-05 -2.29797980e-05 4.99999694e+07 7.70724868e+01 1.21519850e+02
-2.34848485e-05 -2.29797980e-05 4.99999691e+07 8.38288696e+01 1.22350438e+02
-2.29797980e-05 -2.29797980e-05 4.99999688e+07 9.07434004e+01 1.22970502e+02
-2.24747475e-05 -2.29797980e-05 4.99999683e+07 9.78079252e+01 1.23364261e+02
-2.19696970e-05 -2.29797980e-05 4.99999678e+07 1.05013434e+02 1.23514646e+02
-2.14646465e-05 -2.29797980e-05 4.99999673e+07 1.12349850e+02 1.23403010e+02
-2.09595960e-05 -2.29797980e-05 4.99999666e+07 1.19805734e+02 1.23008811e+02
-2.04545455e-05 -2.29797980e-05 4.99999659e+07 1.27367864e+02 1.22309285e+02
-1.99494949e-05 -2.29797980e-05 4.99999652e+07 1.35020696e+02 1.21279117e+02
-1.94444444e-05 -2.29797980e-05 4.99999643e+07 1.42745672e+02 1.19890160e+02
-1.89393939e-05 -2.29797980e-05 4.99999635e+07 1.50520372e+02 1.18111219e+02
-1.84343434e-05 -2.29797980e-05 4.99999626e+07 1.58317516e+02 1.15907956e+02
-1.79292929e-05 -2.29797980e-05 4.99999618e+07 1.66103810e+02 1.13242959e+02
-1.74242424e-05 -2.29797980e-05 4.99999609e+07 1.73838678e+02 1.10076056e+02
-1.69191919e-05 -2.29797980e-05 4.99999601e+07 1.81472912e+02 1.06364903e+02
-1.64141414e-05 -2.29797980e-05 4.99999594e+07 1.88947307e+02 1.02065951e+02
-1.59090909e-05 -2.29797980e-05 4.99999588e+07 1.96191382e+02 9.71358165e+01
-1.54040404e-05 -2.29797980e-05 4.99999583e+07 2.03122287e+02 9.15331292e+01
-1.48989899e-05 -2.29797980e-05 4.99999579e+07 2.09644058e+02 8.52208814e+01
-1.43939394e-05 -2.29797980e-05 4.99999578e+07 2.15647368e+02 7.81692779e+01
-1.38888889e-05 -2.29797980e-05 4.99999578e+07 2.21009983e+02 7.03590541e+01
-1.33838384e-05 -2.29797980e-05 4.99999581e+07 2.25598106e+02 6.17851749e+01
-1.28787879e-05 -2.29797980e-05 4.99999586e+07 2.29268795e+02 5.24607617e+01
-1.23737374e-05 -2.29797980e-05 4.99999592e+07 2.31873633e+02 4.24210286e+01
-1.18686869e-05 -2.29797980e-05 4.99999601e+07 2.33263736e+02 3.17269319e+01
-1.13636364e-05 -2.29797980e-05 4.99999612e+07 2.33296132e+02 2.04681673e+01
-1.08585859e-05 -2.29797980e-05 4.99999623e+07 2.31841397e+02 8.76509537e+00
-1.03535354e-05 -2.29797980e-05 4.99999634e+07 2.28792294e+02 -3.23084738e+00
-9.84848485e-06 -2.29797980e-05 4.99999645e+07 2.24072976e+02 -1.53386738e+01
-9.34343434e-06 -2.29797980e-05 4.99999653e+07 2.17648138e+02 -2.73516461e+01
-8.83838384e-06 -2.29797980e-05 4.99999659e+07 2.09531335e+02 -3.90435372e+01
-8.33333333e-06 -2.29797980e-05 4.99999660e+07 1.99791588e+02 -5.01773238e+01
-7.82828283e-06 -2.29797980e-05 4.99999656e+07 1.88557375e+02 -6.05160022e+01
-7.32323232e-06 -2.29797980e-05 4.99999645e+07 1.76017191e+02 -6.98349231e+01
-6.81818182e-06 -2.29797980e-05 4.99999628e+07 1.62416104e+02 -7.79347588e+01
-6.31313131e-06 -2.29797980e-05 4.99999602e+07 1.48048066e+02 -8.46540026e+01
-5.80808081e-06 -2.29797980e-05 4.99999569e+07 1.33244190e+02 -8.98798072e+01
-5.30303030e-06 -2.29797980e-05 4.99999529e+07 1.18357666e+02 -9.35560261e+01
-4.79797980e-06 -2.29797980e-05 4.99999482e+07 1.03746413e+02 -9.56875435e+01
-4.29292929e-06 -2.29797980e-05 4.99999429e+07 8.97549031e+01 -9.63403444e+01
-3.78787879e-06 -2.29797980e-05 4.99999373e+07 7.66967150e+01 -9.56372364e+01
-3.28282828e-06 -2.29797980e-05 4.99999316e+07 6.48393260e+01 -9.37496141e+01
-2.77777778e-06 -2.29797980e-05 4.99999258e+07 5.43923900e+01 -9.08860900e+01
-2.27272727e-06 -2.29797980e-05 4.99999202e+07 4.55003458e+01 -8.72791177e+01
-1.76767677e-06 -2.29797980e-05 4.99999150e+07 3.82397018e+01 -8.31708839e+01
-1.26262626e-06 -2.29797980e-05 4.99999105e+07 3.26208460e+01 -7.87997176e+01
-7.57575758e-07 -2.29797980e-05 4.99999066e+07 2.85938010e+01 -7.43880870e+01
-2.52525253e-07 -2.29797980e-05 4.99999036e+07 2.60570298e+01 -7.01329708e+01
2.52525253e-07 -2.29797980e-05 4.99999015e+07 2.48682344e+01 -6.61990550e+01
7.57575758e-07 -2.29797980e-05 4.99999003e+07 2.48560644e+01 -6.27148692e+01
1.26262626e-06 -2.29797980e-05 4.99999001e+07 2.58317538e+01 -5.97716897e+01
1.76767677e-06 -2.29797980e-05 4.99999008e+07 2.75998839e+01 -5.74248203e+01
2.27272727e-06 -2.29797980e-05 4.99999024e+07 2.99676973e+01 -5.56967316e+01
2.77777778e-06 -2.29797980e-05 4.99999048e+07 3.27526238e+01 -5.45814875e+01
3.28282828e-06 -2.29797980e-05 4.99999078e+07 3.57878903e+01 -5.40499060e+01
3.78787879e-06 -2.29797980e-05 4.99999115e+07 3.89262627e+01 -5.40549663e+01
4.29292929e-06 -2.29797980e-05 4.99999156e+07 4.20420930e+01 -5.45370670e+01
4.79797980e-06 -2.29797980e-05 4.99999202e+07 4.50319293e+01 -5.54288456e+01
5.30303030e-06 -2.29797980e-05 4.99999250e+07 4.78139773e+01 -5.66593730e+01
5.80808081e-06 -2.29797980e-05 4.99999299e+07 5.03267125e+01 -5.81576238e+01
6.31313131e-06 -2.29797980e-05 4.99999350e+07 5.25269164e+01 -5.98552007e+01
6.81818182e-06 -2.29797980e-05 4.99999401e+07 5.43873794e+01 -6.16883417e+01
7.32323232e-06 -2.29797980e-05 4.99999451e+07 5.58944657e+01 -6.35992807e+01
7.82828283e-06 -2.29797980e-05 4.99999501e+07 5.70456946e+01 -6.55370478e+01
8.33333333e-06 -2.29797980e-05 4.99999548e+07 5.78474478e+01 -6.74578093e+01
8.83838384e-06 -2.29797980e-05 4.99999594e+07 5.83128775e+01 -6.93248448e+01
9.34343434e-06 -2.29797980e-05 4.99999638e+07 5.84600572e+01 -7.11082524e+01
9.84848485e-06 -2.29797980e-05 4.99999679e+07 5.83103949e+01 -7.27844624e+01
1.03535354e-05 -2.29797980e-05 4.99999718e+07 5.78873091e+01 -7.43356289e+01
1.08585859e-05 -2.29797980e-05 4.99999754e+07 5.72151553e+01 -7.57489546e+01
1.13636364e-05 -2.29797980e-05 4.99999788e+07 5.63183834e+01 -7.70159931e+01
1.18686869e-05 -2.29797980e-05 4.99999819e+07 5.52208997e+01 -7.81319624e+01
1.23737374e-05 -2.29797980e-05 4.99999848e+07 5.39456079e+01 -7.90950927e+01
1.28787879e-05 -2.29797980e-05 4.99999874e+07 5.25141005e+01 -7.99060262e+01
1.33838384e-05 -2.29797980e-05 4.99999898e+07 5.09464753e+01 -8.05672782e+01
1.38888889e-05 -2.29797980e-05 4.99999920e+07 4.92612513e+01 -8.10827644e+01
1.43939394e-05 -2.29797980e-05 4.99999939e+07 4.74753642e+01 -8.14573971e+01
1.48989899e-05 -2.29797980e-05 4.99999957e+07 4.56042196e+01 -8.16967486e+01
1.54040404e-05 -2.29797980e-05 4.99999973e+07 4.36617885e+01 -8.18067770e+01
1.59090909e-05 -2.29797980e-05 4.99999988e+07 4.16607299e+01 -8.17936126e+01
1.64141414e-05 -2.29797980e-05 5.00000001e+07 3.96125286e+01 -8.16633965e+01
1.69191919e-05 -2.29797980e-05 5.00000013e+07 3.75276380e+01 -8.14221670e+01
1.74242424e-05 -2.29797980e-05 5.00000023e+07 3.54156200e+01 -8.10757856e+01
1.79292929e-05 -2.29797980e-05 5.00000033e+07 3.32852761e+01 -8.06298978e+01
1.84343434e-05 -2.29797980e-05 5.00000042e+07 3.11447641e+01 -8.00899209e+01
1.89393939e-05 -2.29797980e-05 5.00000049e+07 2.90016987e+01 -7.94610524e+01
1.94444444e-05 -2.29797980e-05 5.00000056e+07 2.68632332e+01 -7.87482948e+01
1.99494949e-05 -2.29797980e-05 5.00000063e+07 2.47361229e+01 -7.79564887e+01
2.04545455e-05 -2.29797980e-05 5.00000069e+07 2.26267689e+01 -7.70903523e+01
2.09595960e-05 -2.29797980e-05 5.00000074e+07 2.05412456e+01 -7.61545209e+01
2.14646465e-05 -2.29797980e-05 5.00000079e+07 1.84853127e+01 -7.51535846e+01
2.19696970e-05 -2.29797980e-05 5.00000084e+07 1.64644144e+01 -7.40921205e+01
2.24747475e-05 -2.29797980e-05 5.00000089e+07 1.44836680e+01 -7.29747182e+01
2.29797980e-05 -2.29797980e-05 5.00000093e+07 1.25478463e+01 -7.18059964e+01
2.34848485e-05 -2.29797980e-05 5.00000097e+07 1.06613545e+01 -7.05906116e+01
2.39898990e-05 -2.29797980e-05 5.00000101e+07 8.82820603e+00 -6.93332578e+01
2.44949495e-05 -2.29797980e-05 5.00000104e+07 7.05199884e+00 -6.80386574e+01
2.50000000e-05 -2.29797980e-05 5.00000108e+07 5.33589452e+00 -6.67115459e+01
-2.50000000e-05 -2.24747475e-05 4.99999696e+07 6.26773217e+01 1.22366798e+02
-2.44949495e-05 -2.24747475e-05 4.99999695e+07 6.92687541e+01 1.23760488e+02
-2.39898990e-05 -2.24747475e-05 4.99999692e+07 7.60459497e+01 1.24976859e+02
-2.34848485e-05 -2.24747475e-05 4.99999689e+07 8.30028228e+01 1.26002401e+02
-2.29797980e-05 -2.24747475e-05 4.99999684e+07 9.01328474e+01 1.26822840e+02
-2.24747475e-05 -2.24747475e-05 4.99999679e+07 9.74290281e+01 1.27422892e+02
-2.19696970e-05 -2.24747475e-05 4.99999673e+07 1.04883814e+02 1.27785959e+02
-2.14646465e-05 -2.24747475e-05 4.99999666e+07 1.12488936e+02 1.27893774e+02
-2.09595960e-05 -2.24747475e-05 4.99999658e+07 1.20235132e+02 1.27725993e+02
-2.04545455e-05 -2.24747475e-05 4.99999649e+07 1.28111757e+02 1.27259750e+02
-1.99494949e-05 -2.24747475e-05 4.99999639e+07 1.36106221e+02 1.26469195e+02
-1.94444444e-05 -2.24747475e-05 4.99999628e+07 1.44203262e+02 1.25325051e+02
-1.89393939e-05 -2.24747475e-05 4.99999617e+07 1.52384012e+02 1.23794217e+02
-1.84343434e-05 -2.24747475e-05 4.99999606e+07 1.60624854e+02 1.21839478e+02
-1.79292929e-05 -2.24747475e-05 4.99999594e+07 1.68896073e+02 1.19419386e+02
-1.74242424e-05 -2.24747475e-05 4.99999583e+07 1.77160312e+02 1.16488372e+02
-1.69191919e-05 -2.24747475e-05 4.99999572e+07 1.85370880e+02 1.12997188e+02
-1.64141414e-05 -2.24747475e-05 4.99999561e+07 1.93469964e+02 1.08893751e+02
-1.59090909e-05 -2.24747475e-05 4.99999551e+07 2.01386862e+02 1.04124480e+02
-1.54040404e-05 -2.24747475e-05 4.99999543e+07 2.09036343e+02 9.86362033e+01
-1.48989899e-05 -2.24747475e-05 4.99999536e+07 2.16317322e+02 9.23786994e+01
-1.43939394e-05 -2.24747475e-05 4.99999531e+07 2.23112035e+02 8.53079009e+01
-1.38888889e-05 -2.24747475e-05 4.99999529e+07 2.29285967e+02 7.73897541e+01
-1.33838384e-05 -2.24747475e-05 4.99999529e+07 2.34688775e+02 6.86046630e+01
-1.28787879e-05 -2.24747475e-05 4.99999532e+07 2.39156487e+02 5.89523727e+01
-1.23737374e-05 -2.24747475e-05 4.99999538e+07 2.42515207e+02 4.84570548e+01
-1.18686869e-05 -2.24747475e-05 4.99999546e+07 2.44586540e+02 3.71722555e+01
-1.13636364e-05 -2.24747475e-05 4.99999556e+07 2.45194815e+02 2.51852616e+01
-1.08585859e-05 -2.24747475e-05 4.99999568e+07 2.44176080e+02 1.26203488e+01
-1.03535354e-05 -2.24747475e-05 4.99999581e+07 2.41388616e+02 -3.59683849e-01
-9.84848485e-06 -2.24747475e-05 4.99999594e+07 2.36724495e+02 -1.35542934e+01
-9.34343434e-06 -2.24747475e-05 4.99999605e+07 2.30121446e+02 -2.67288134e+01
-8.83838384e-06 -2.24747475e-05 4.99999613e+07 2.21574048e+02 -3.96212698e+01
-8.33333333e-06 -2.24747475e-05 4.99999617e+07 2.11143076e+02 -5.19524712e+01
-7.82828283e-06 -2.24747475e-05 4.99999615e+07 1.98961754e+02 -6.34390889e+01
-7.32323232e-06 -2.24747475e-05 4.99999606e+07 1.85237745e+02 -7.38090185e+01
-6.81818182e-06 -2.24747475e-05 4.99999589e+07 1.70249986e+02 -8.28179044e+01
-6.31313131e-06 -2.24747475e-05 4.99999563e+07 1.54339917e+02 -9.02653697e+01
-5.80808081e-06 -2.24747475e-05 4.99999529e+07 1.37897265e+02 -9.60093253e+01
-5.30303030e-06 -2.24747475e-05 4.99999486e+07 1.21341215e+02 -9.99767699e+01
-4.79797980e-06 -2.24747475e-05 4.99999435e+07 1.05098411e+02 -1.02169781e+02
-4.29292929e-06 -2.24747475e-05 4.99999379e+07 8.95797299e+01 -1.02665898e+02
-3.78787879e-06 -2.24747475e-05 4.99999318e+07 7.51579463e+01 -1.01612744e+02
-3.28282828e-06 -2.24747475e-05 4.99999255e+07 6.21483793e+01 -9.92174244e+01
-2.77777778e-06 -2.24747475e-05 4.99999192e+07 5.07942029e+01 -9.57318288e+01
-2.27272727e-06 -2.24747475e-05 4.99999133e+07 4.12575380e+01 -9.14354152e+01
-1.76767677e-06 -2.24747475e-05 4.99999078e+07 3.36167309e+01 -8.66172139e+01
-1.26262626e-06 -2.24747475e-05 4.99999030e+07 2.78695264e+01 -8.15587405e+01
-7.57575758e-07 -2.24747475e-05 4.99998990e+07 2.39412559e+01 -7.65192222e+01
-2.52525253e-07 -2.24747475e-05 4.99998961e+07 2.16967597e+01 -7.17241197e+01
2.52525253e-07 -2.24747475e-05 4.99998942e+07 2.09545751e+01 -6.73574458e+01
7.57575758e-07 -2.24747475e-05 4.99998934e+07 2.15019395e+01 -6.35579248e+01
1.26262626e-06 -2.24747475e-05 4.99998937e+07 2.31093347e+01 -6.04186534e+01
1.76767677e-06 -2.24747475e-05 4.99998950e+07 2.55435842e+01 -5.79896633e+01
2.27272727e-06 -2.24747475e-05 4.99998972e+07 2.85788401e+01 -5.62826410e+01
2.77777778e-06 -2.24747475e-05 4.99999003e+07 3.20051214e+01 -5.52770297e+01
3.28282828e-06 -2.24747475e-05 4.99999042e+07 3.56343395e+01 -5.49267977e+01
3.78787879e-06 -2.24747475e-05 4.99999086e+07 3.93039652e+01 -5.51672638e+01
4.29292929e-06 -2.24747475e-05 4.99999135e+07 4.28786358e+01 -5.59215189e+01
4.79797980e-06 -2.24747475e-05 4.99999188e+07 4.62500792e+01 -5.71061252e+01
5.30303030e-06 -2.24747475e-05 4.99999243e+07 4.93357595e+01 -5.86359102e+01
5.80808081e-06 -2.24747475e-05 4.99999300e+07 5.20766304e+01 -6.04277864e+01
6.31313131e-06 -2.24747475e-05 4.99999357e+07 5.44343410e+01 -6.24036144e+01
6.81818182e-06 -2.24747475e-05 4.99999413e+07 5.63881820e+01 -6.44921844e+01
7.32323232e-06 -2.24747475e-05 4.99999469e+07 5.79319959e+01 -6.66304313e+01
7.82828283e-06 -2.24747475e-05 4.99999522e+07 5.90712170e+01 -6.87640115e+01
8.33333333e-06 -2.24747475e-05 4.99999574e+07 5.98201523e+01 -7.08473771e+01
8.83838384e-06 -2.24747475e-05 4.99999623e+07 6.01995698e+01 -7.28434688e+01
9.34343434e-06 -2.24747475e-05 4.99999669e+07 6.02346245e+01 -7.47231422e+01
9.84848485e-06 -2.24747475e-05 4.99999712e+07 5.99531268e+01 -7.64644206e+01
1.03535354e-05 -2.24747475e-05 4.99999753e+07 5.93841402e+01 -7.80516510e+01
1.08585859e-05 -2.24747475e-05 4.99999790e+07 5.85568801e+01 -7.94746254e+01
1.13636364e-05 -2.24747475e-05 4.99999824e+07 5.74998818e+01 -8.07277111e+01
1.18686869e-05 -2.24747475e-05 4.99999856e+07 5.62404026e+01 -8.18090237e+01
1.23737374e-05 -2.24747475e-05 4.99999885e+07 5.48040197e+01 -8.27196638e+01
1.28787879e-05 -2.24747475e-05 4.99999911e+07 5.32143915e+01 -8.34630321e+01
1.33838384e-05 -2.24747475e-05 4.99999934e+07 5.14931491e+01 -8.40442281e+01
1.38888889e-05 -2.24747475e-05 4.99999956e+07 4.96598893e+01 -8.44695358e+01
1.43939394e-05 -2.24747475e-05 4.99999975e+07 4.77322457e+01 -8.47459936e+01
1.48989899e-05 -2.24747475e-05 4.99999992e+07 4.57260130e+01 -8.48810452e+01
1.54040404e-05 -2.24747475e-05 5.00000007e+07 4.36553098e+01 -8.48822653e+01
1.59090909e-05 -2.24747475e-05 5.00000021e+07 4.15327606e+01 -8.47571520e+01
1.64141414e-05 -2.24747475e-05 5.00000033e+07 3.93696872e+01 -8.45129807e+01
1.69191919e-05 -2.24747475e-05 5.00000044e+07 3.71762972e+01 -8.41567087e+01
1.74242424e-05 -2.24747475e-05 5.00000053e+07 3.49618629e+01 -8.36949249e+01
1.79292929e-05 -2.24747475e-05 5.00000062e+07 3.27348834e+01 -8.31338342e+01
1.84343434e-05 -2.24747475e-05 5.00000069e+07 3.05032260e+01 -8.24792718e+01
1.89393939e-05 -2.24747475e-05 5.00000076e+07 2.82742444e+01 -8.17367372e+01
1.94444444e-05 -2.24747475e-05 5.00000082e+07 2.60548729e+01 -8.09114437e+01
1.99494949e-05 -2.24747475e-05 5.00000088e+07 2.38516953e+01 -8.00083750e+01
2.04545455e-05 -2.24747475e-05 5.00000093e+07 2.16709911e+01 -7.90323457e+01
2.09595960e-05 -2.24747475e-05 5.00000097e+07 1.95187608e+01 -7.79880592e+01
2.14646465e-05 -2.24747475e-05 5.00000102e+07 1.74007322e+01 -7.68801612e+01
2.19696970e-05 -2.24747475e-05 5.00000106e+07 1.53223519e+01 -7.57132839e+01
2.24747475e-05 -2.24747475e-05 5.00000109e+07 1.32887650e+01 -7.44920813e+01
2.29797980e-05 -2.24747475e-05 5.00000113e+07 1.13047873e+01 -7.32212517e+01
2.34848485e-05 -2.24747475e-05 5.00000116e+07 9.37487180e+00 -7.19055501e+01
2.39898990e-05 -2.24747475e-05 5.00000119e+07 7.50307537e+00 -7.05497889e+01
2.44949495e-05 -2.24747475e-05 5.00000122e+07 5.69302604e+00 -6.91588275e+01
2.50000000e-05 -2.24747475e-05 5.00000125e+07 3.94789467e+00 -6.77375543e+01
-2.50000000e-05 -2.19696970e-05 4.99999698e+07 6.11057801e+01 1.25406033e+02
-2.44949495e-05 -2.19696970e-05 4.99999696e+07 6.78655971e+01 1.26989818e+02
-2.39898990e-05 -2.19696970e-05 4.99999693e+07 7.48241092e+01 1.28401383e+02
-2.34848485e-05 -2.19696970e-05 4.99999688e+07 8.19758325e+01 1.29627841e+02
-2.29797980e-05 -2.19696970e-05 4.99999683e+07 8.93150708e+01 1.30655657e+02
-2.24747475e-05 -2.19696970e-05 4.99999677e+07 9.68359502e+01 1.31470380e+02
-2.19696970e-05 -2.19696970e-05 4.99999669e+07 1.04532401e+02 1.32056293e+02
-2.14646465e-05 -2.19696970e-05 4.99999661e+07 1.12398056e+02 1.32395989e+02
-2.09595960e-05 -2.19696970e-05 4.99999651e+07 1.20426042e+02 1.32469873e+02
-2.04545455e-05 -2.19696970e-05 4.99999640e+07 1.28608625e+02 1.32255589e+02
-1.99494949e-05 -2.19696970e-05 4.99999628e+07 1.36936671e+02 1.31727405e+02
-1.94444444e-05 -2.19696970e-05 4.99999615e+07 1.45398900e+02 1.30855582e+02
-1.89393939e-05 -2.19696970e-05 4.99999601e+07 1.53980892e+02 1.29605755e+02
-1.84343434e-05 -2.19696970e-05 4.99999587e+07 1.62663814e+02 1.27938406e+02
-1.79292929e-05 -2.19696970e-05 4.99999572e+07 1.71422875e+02 1.25808483e+02
-1.74242424e-05 -2.19696970e-05 4.99999557e+07 1.80225502e+02 1.23165256e+02
-1.69191919e-05 -2.19696970e-05 4.99999542e+07 1.89029260e+02 1.19952515e+02
-1.64141414e-05 -2.19696970e-05 4.99999527e+07 1.97779598e+02 1.16109212e+02
-1.59090909e-05 -2.19696970e-05 4.99999514e+07 2.06407493e+02 1.11570672e+02
-1.54040404e-05 -2.19696970e-05 4.99999501e+07 2.14827152e+02 1.06270475e+02
-1.48989899e-05 -2.19696970e-05 4.99999490e+07 2.22933943e+02 1.00143122e+02
-1.43939394e-05 -2.19696970e-05 4.99999482e+07 2.30602805e+02 9.31275467e+01
-1.38888889e-05 -2.19696970e-05 4.99999476e+07 2.37687428e+02 8.51715147e+01
-1.33838384e-05 -2.19696970e-05 4.99999473e+07 2.44020511e+02 7.62368698e+01
-1.28787879e-05 -2.19696970e-05 4.99999473e+07 2.49415491e+02 6.63055027e+01
-1.23737374e-05 -2.19696970e-05 4.99999477e+07 2.53670076e+02 5.53858044e+01
-1.18686869e-05 -2.19696970e-05 4.99999484e+07 2.56571904e+02 4.35192299e+01
-1.13636364e-05 -2.19696970e-05 4.99999494e+07 2.57906568e+02 3.07864455e+01
-1.08585859e-05 -2.19696970e-05 4.99999506e+07 2.57468051e+02 1.73123904e+01
-1.03535354e-05 -2.19696970e-05 4.99999521e+07 2.55071397e+02 3.26946447e+00
-9.84848485e-06 -2.19696970e-05 4.99999535e+07 2.50567129e+02 -1.11219968e+01
-9.34343434e-06 -2.19696970e-05 4.99999549e+07 2.43856562e+02 -2.55967557e+01
-8.83838384e-06 -2.19696970e-05 4.99999560e+07 2.34906774e+02 -3.98518255e+01
-8.33333333e-06 -2.19696970e-05 4.99999567e+07 2.23763723e+02 -5.35580217e+01
-7.82828283e-06 -2.19696970e-05 4.99999568e+07 2.10561763e+02 -6.63757050e+01
-7.32323232e-06 -2.19696970e-05 4.99999561e+07 1.95527892e+02 -7.79739221e+01
-6.81818182e-06 -2.19696970e-05 4.99999545e+07 1.78979354e+02 -8.80515395e+01
-6.31313131e-06 -2.19696970e-05 4.99999519e+07 1.61313790e+02 -9.63584425e+01
-5.80808081e-06 -2.19696970e-05 4.99999483e+07 1.42992005e+02 -1.02714563e+02
-5.30303030e-06 -2.19696970e-05 4.99999438e+07 1.24514330e+02 -1.07024500e+02
-4.79797980e-06 -2.19696970e-05 4.99999384e+07 1.06392520e+02 -1.09285868e+02
-4.29292929e-06 -2.19696970e-05 4.99999322e+07 8.91197993e+01 -1.09590182e+02
-3.78787879e-06 -2.19696970e-05 4.99999256e+07 7.31420301e+01 -1.08116048e+02
-3.28282828e-06 -2.19696970e-05 4.99999188e+07 5.88328748e+01 -1.05115368e+02
-2.77777778e-06 -2.19696970e-05 4.99999120e+07 4.64752738e+01 -1.00894178e+02
-2.27272727e-06 -2.19696970e-05 4.99999055e+07 3.62507208e+01 -9.57902897e+01
-1.76767677e-06 -2.19696970e-05 4.99998997e+07 2.82367916e+01 -9.01501846e+01
-1.26262626e-06 -2.19696970e-05 4.99998947e+07 2.24123948e+01 -8.43074259e+01
-7.57575758e-07 -2.19696970e-05 4.99998907e+07 1.86694140e+01 -7.85644513e+01
-2.52525253e-07 -2.19696970e-05 4.99998879e+07 1.68288903e+01 -7.31789543e+01
2.52525253e-07 -2.19696970e-05 4.99998863e+07 1.66597075e+01 -6.83553837e+01
7.57575758e-07 -2.19696970e-05 4.99998860e+07 1.78978273e+01 -6.42414581e+01
1.26262626e-06 -2.19696970e-05 4.99998869e+07 2.02644401e+01 -6.09290971e+01
1.76767677e-06 -2.19696970e-05 4.99998889e+07 2.34818242e+01 -5.84588550e+01
2.27272727e-06 -2.19696970e-05 4.99998920e+07 2.72861812e+01 -5.68268060e+01
2.77777778e-06 -2.19696970e-05 4.99998959e+07 3.14371483e+01 -5.59928367e+01
3.28282828e-06 -2.19696970e-05 4.99999007e+07 3.57240483e+01 -5.58894280e+01
3.78787879e-06 -2.19696970e-05 4.99999060e+07 3.99691955e+01 -5.64301856e+01
4.29292929e-06 -2.19696970e-05 4.99999118e+07 4.40287305e+01 -5.75175919e+01
4.79797980e-06 -2.19696970e-05 4.99999179e+07 4.77915308e+01 -5.90496487e+01
5.30303030e-06 -2.19696970e-05 4.99999242e+07 5.11767367e+01 -6.09252567e+01
5.80808081e-06 -2.19696970e-05 4.99999306e+07 5.41303929e+01 -6.30483121e+01
6.31313131e-06 -2.19696970e-05 4.99999370e+07 5.66216227e+01 -6.53306017e+01
6.81818182e-06 -2.19696970e-05 4.99999432e+07 5.86386714e+01 -6.76936369e+01
7.32323232e-06 -2.19696970e-05 4.99999492e+07 6.01850660e+01 -7.00695994e+01
7.82828283e-06 -2.19696970e-05 4.99999550e+07 6.12760592e+01 -7.24015812e+01
8.33333333e-06 -2.19696970e-05 4.99999606e+07 6.19354630e+01 -7.46432892e+01
8.83838384e-06 -2.19696970e-05 4.99999657e+07 6.21929200e+01 -7.67583734e+01
9.34343434e-06 -2.19696970e-05 4.99999706e+07 6.20816250e+01 -7.87195076e+01
9.84848485e-06 -2.19696970e-05 4.99999751e+07 6.16364800e+01 -8.05073319e+01
1.03535354e-05 -2.19696970e-05 4.99999793e+07 6.08926480e+01 -8.21093399e+01
1.08585859e-05 -2.19696970e-05 4.99999831e+07 5.98844622e+01 -8.35187741e+01
1.13636364e-05 -2.19696970e-05 4.99999866e+07 5.86446417e+01 -8.47335727e+01
1.18686869e-05 -2.19696970e-05 4.99999898e+07 5.72037663e+01 -8.57553977e+01
1.23737374e-05 -2.19696970e-05 4.99999926e+07 5.55899623e+01 -8.65887622e+01
1.28787879e-05 -2.19696970e-05 4.99999952e+07 5.38287594e+01 -8.72402651e+01
1.33838384e-05 -2.19696970e-05 4.99999975e+07 5.19430797e+01 -8.77179358e+01
1.38888889e-05 -2.19696970e-05 4.99999995e+07 4.99533267e+01 -8.80306862e+01
1.43939394e-05 -2.19696970e-05 5.00000013e+07 4.78775464e+01 -8.81878648e+01
1.48989899e-05 -2.19696970e-05 5.00000029e+07 4.57316361e+01 -8.81989050e+01
1.54040404e-05 -2.19696970e-05 5.00000043e+07 4.35295827e+01 -8.80730589e+01
1.59090909e-05 -2.19696970e-05 5.00000056e+07 4.12837130e+01 -8.78192069e+01
1.64141414e-05 -2.19696970e-05 5.00000067e+07 3.90049433e+01 -8.74457336e+01
1.69191919e-05 -2.19696970e-05 5.00000076e+07 3.67030180e+01 -8.69604602e+01
1.74242424e-05 -2.19696970e-05 5.00000084e+07 3.43867297e+01 -8.63706238e+01
1.79292929e-05 -2.19696970e-05 5.00000092e+07 3.20641134e+01 -8.56828938e+01
1.84343434e-05 -2.19696970e-05 5.00000098e+07 2.97426131e+01 -8.49034177e+01
1.89393939e-05 -2.19696970e-05 5.00000104e+07 2.74292169e+01 -8.40378862e+01
1.94444444e-05 -2.19696970e-05 5.00000109e+07 2.51305612e+01 -8.30916124e+01
1.99494949e-05 -2.19696970e-05 5.00000113e+07 2.28530042e+01 -8.20696160e+01
2.04545455e-05 -2.19696970e-05 5.00000117e+07 2.06026707e+01 -8.09767073e+01
2.09595960e-05 -2.19696970e-05 5.00000121e+07 1.83854721e+01 -7.98175672e+01
2.14646465e-05 -2.19696970e-05 5.00000124e+07 1.62071038e+01 -7.85968166e+01
2.19696970e-05 -2.19696970e-05 5.00000128e+07 1.40730259e+01 -7.73190754e+01
2.24747475e-05 -2.19696970e-05 5.00000130e+07 1.19884300e+01 -7.59890060e+01
2.29797980e-05 -2.19696970e-05 5.00000133e+07 9.95819774e+00 -7.46113436e+01
2.34848485e-05 -2.19696970e-05 5.00000136e+07 7.98685535e+00 -7.31909097e+01
2.39898990e-05 -2.19696970e-05 5.00000138e+07 6.07852725e+00 -7.17326133e+01
2.44949495e-05 -2.19696970e-05 5.00000141e+07 4.23689295e+00 -7.02414385e+01
2.50000000e-05 -2.19696970e-05 5.00000143e+07 2.46514976e+00 -6.87224208e+01
-2.50000000e-05 -2.14646465e-05 4.99999701e+07 5.93448456e+01 1.28388587e+02
-2.44949495e-05 -2.14646465e-05 4.99999699e+07 6.62680583e+01 1.30165716e+02
-2.39898990e-05 -2.14646465e-05 4.99999695e+07 7.34022539e+01 1.31776081e+02
-2.34848485e-05 -2.14646465e-05 4.99999690e+07 8.07423924e+01 1.33207618e+02
-2.29797980e-05 -2.14646465e-05 4.99999684e+07 8.82834613e+01 1.34447806e+02
-2.24747475e-05 -2.14646465e-05 4.99999677e+07 9.60205921e+01 1.35483380e+02
-2.19696970e-05 -2.14646465e-05 4.99999668e+07 1.03949130e+02 1.36299955e+02
-2.14646465e-05 -2.14646465e-05 4.99999658e+07 1.12064629e+02 1.36881531e+02
-2.09595960e-05 -2.14646465e-05 4.99999647e+07 1.20362724e+02 1.37209907e+02
-2.04545455e-05 -2.14646465e-05 4.99999634e+07 1.28838861e+02 1.37263977e+02
-1.99494949e-05 -2.14646465e-05 4.99999619e+07 1.37487816e+02 1.37018946e+02
-1.94444444e-05 -2.14646465e-05 4.99999604e+07 1.46302962e+02 1.36445479e+02
-1.89393939e-05 -2.14646465e-05 4.99999587e+07 1.55275251e+02 1.35508836e+02
-1.84343434e-05 -2.14646465e-05 4.99999570e+07 1.64391842e+02 1.34168039e+02
-1.79292929e-05 -2.14646465e-05 4.99999551e+07 1.73634377e+02 1.32375170e+02
-1.74242424e-05 -2.14646465e-05 4.99999532e+07 1.82976866e+02 1.30074884e+02
-1.69191919e-05 -2.14646465e-05 4.99999513e+07 1.92383217e+02 1.27204263e+02
-1.64141414e-05 -2.14646465e-05 4.99999494e+07 2.01804447e+02 1.23693150e+02
-1.59090909e-05 -2.14646465e-05 4.99999475e+07 2.11175660e+02 1.19465108e+02
-1.54040404e-05 -2.14646465e-05 4.99999458e+07 2.20412960e+02 1.14439165e+02
-1.48989899e-05 -2.14646465e-05 4.99999442e+07 2.29410465e+02 1.08532482e+02
-1.43939394e-05 -2.14646465e-05 4.99999429e+07 2.38037729e+02 1.01664101e+02
-1.38888889e-05 -2.14646465e-05 4.99999419e+07 2.46137892e+02 9.37598255e+01
-1.33838384e-05 -2.14646465e-05 4.99999412e+07 2.53526973e+02 8.47582898e+01
-1.28787879e-05 -2.14646465e-05 4.99999408e+07 2.59994784e+02 7.46181186e+01
-1.23737374e-05 -2.14646465e-05 4.99999409e+07 2.65307954e+02 6.33259670e+01
-1.18686869e-05 -2.14646465e-05 4.99999414e+07 2.69215559e+02 5.09050513e+01
-1.13636364e-05 -2.14646465e-05 4.99999423e+07 2.71457756e+02 3.74235720e+01
-1.08585859e-05 -2.14646465e-05 4.99999436e+07 2.71777672e+02 2.30022128e+01
-1.03535354e-05 -2.14646465e-05 4.99999451e+07 2.69936473e+02 7.81969893e+00
-9.84848485e-06 -2.14646465e-05 4.99999468e+07 2.65731199e+02 -7.88474099e+00
-9.34343434e-06 -2.14646465e-05 4.99999485e+07 2.59014388e+02 -2.38131769e+01
-8.83838384e-06 -2.14646465e-05 4.99999499e+07 2.49714028e+02 -3.96160461e+01
-8.33333333e-06 -2.14646465e-05 4.99999510e+07 2.37851805e+02 -5.49051000e+01
-7.82828283e-06 -2.14646465e-05 4.99999514e+07 2.23557331e+02 -6.92722100e+01
-7.32323232e-06 -2.14646465e-05 4.99999510e+07 2.07075880e+02 -8.23131989e+01
-6.81818182e-06 -2.14646465e-05 4.99999496e+07 1.88767565e+02 -9.36549589e+01
-6.31313131e-06 -2.14646465e-05 4.99999470e+07 1.69096586e+02 -1.02983306e+02
-5.80808081e-06 -2.14646465e-05 4.99999433e+07 1.48610345e+02 -1.10068478e+02
-5.30303030e-06 -2.14646465e-05 4.99999385e+07 1.27909632e+02 -1.14785103e+02
-4.79797980e-06 -2.14646465e-05 4.99999326e+07 1.07612406e+02 -1.17123907e+02
-4.29292929e-06 -2.14646465e-05 4.99999259e+07 8.83148257e+01 -1.17193420e+02
-3.78787879e-06 -2.14646465e-05 4.99999187e+07 7.05536627e+01 -1.15211259e+02
-3.28282828e-06 -2.14646465e-05 4.99999112e+07 5.47741492e+01 -1.11486001e+02
-2.77777778e-06 -2.14646465e-05 4.99999038e+07 4.13064755e+01 -1.06391928e+02
-2.27272727e-06 -2.14646465e-05 4.99998969e+07 3.03529173e+01 -1.00339757e+02
-1.76767677e-06 -2.14646465e-05 4.99998907e+07 2.19860694e+01 -9.37467419e+01
-1.26262626e-06 -2.14646465e-05 4.99998855e+07 1.61572571e+01 -8.70092855e+01
-7.57575758e-07 -2.14646465e-05 4.99998815e+07 1.27130955e+01 -8.04804932e+01
-2.52525253e-07 -2.14646465e-05 4.99998789e+07 1.14175193e+01 -7.44541396e+01
2.52525253e-07 -2.14646465e-05 4.99998778e+07 1.19764344e+01 -6.91555508e+01
7.57575758e-07 -2.14646465e-05 4.99998781e+07 1.40623809e+01 -6.47390256e+01
1.26262626e-06 -2.14646465e-05 4.99998797e+07 1.73371167e+01 -6.12907917e+01
1.76767677e-06 -2.14646465e-05 4.99998826e+07 2.14706865e+01 -5.88361312e+01
2.27272727e-06 -2.14646465e-05 4.99998866e+07 2.61562128e+01 -5.73491983e+01
2.77777778e-06 -2.14646465e-05 4.99998916e+07 3.11202254e+01 -5.67641438e+01
3.28282828e-06 -2.14646465e-05 4.99998974e+07 3.61288000e+01 -5.69863862e+01
3.78787879e-06 -2.14646465e-05 4.99999038e+07 4.09900705e+01 -5.79031509e+01
4.29292929e-06 -2.14646465e-05 4.99999106e+07 4.55538365e+01 -5.93926990e+01
4.79797980e-06 -2.14646465e-05 4.99999176e+07 4.97090261e+01 -6.13319343e+01
5.30303030e-06 -2.14646465e-05 4.99999248e+07 5.33797313e+01 -6.36022941e+01
5.80808081e-06 -2.14646465e-05 4.99999319e+07 5.65204361e+01 -6.60939919e+01
6.31313131e-06 -2.14646465e-05 4.99999390e+07 5.91109390e+01 -6.87087825e+01
6.81818182e-06 -2.14646465e-05 4.99999458e+07 6.11513436e+01 -7.13614788e+01
7.32323232e-06 -2.14646465e-05 4.99999524e+07 6.26573805e+01 -7.39804693e+01
7.82828283e-06 -2.14646465e-05 4.99999586e+07 6.36562181e+01 -7.65074774e+01
8.33333333e-06 -2.14646465e-05 4.99999645e+07 6.41828478e+01 -7.88967821e+01
8.83838384e-06 -2.14646465e-05 4.99999699e+07 6.42770632e+01 -8.11140862e+01
9.34343434e-06 -2.14646465e-05 4.99999750e+07 6.39810173e+01 -8.31351839e+01
9.84848485e-06 -2.14646465e-05 4.99999796e+07 6.33373119e+01 -8.49445456e+01
1.03535354e-05 -2.14646465e-05 4.99999839e+07 6.23875592e+01 -8.65339063e+01
1.08585859e-05 -2.14646465e-05 4.99999878e+07 6.11713494e+01 -8.79009192e+01
1.13636364e-05 -2.14646465e-05 4.99999913e+07 5.97255605e+01 -8.90479133e+01
1.18686869e-05 -2.14646465e-05 4.99999944e+07 5.80839445e+01 -8.99807797e+01
1.23737374e-05 -2.14646465e-05 4.99999972e+07 5.62769372e+01 -9.07079955e+01
1.28787879e-05 -2.14646465e-05 4.99999997e+07 5.43316386e+01 -9.12397899e+01
1.33838384e-05 -2.14646465e-05 5.00000018e+07 5.22719239e+01 -9.15874463e+01
1.38888889e-05 -2.14646465e-05 5.00000038e+07 5.01186469e+01 -9.17627336e+01
1.43939394e-05 -2.14646465e-05 5.00000055e+07 4.78899071e+01 -9.17774573e+01
1.48989899e-05 -2.14646465e-05 5.00000069e+07 4.56013545e+01 -9.16431171e+01
1.54040404e-05 -2.14646465e-05 5.00000082e+07 4.32665130e+01 -9.13706606e+01
1.59090909e-05 -2.14646465e-05 5.00000093e+07 4.08971050e+01 -9.09703201e+01
1.64141414e-05 -2.14646465e-05 5.00000102e+07 3.85033647e+01 -9.04515212e+01
1.69191919e-05 -2.14646465e-05 5.00000110e+07 3.60943297e+01 -8.98228515e+01
1.74242424e-05 -2.14646465e-05 5.00000117e+07 3.36781038e+01 -8.90920771e+01
1.79292929e-05 -2.14646465e-05 5.00000123e+07 3.12620845e+01 -8.82661992e+01
1.84343434e-05 -2.14646465e-05 5.00000128e+07 2.88531537e+01 -8.73515368e+01
1.89393939e-05 -2.14646465e-05 5.00000133e+07 2.64578282e+01 -8.63538302e+01
1.94444444e-05 -2.14646465e-05 5.00000136e+07 2.40823716e+01 -8.52783536e+01
1.99494949e-05 -2.14646465e-05 5.00000140e+07 2.17328692e+01 -8.41300311e+01
2.04545455e-05 -2.14646465e-05 5.00000143e+07 1.94152683e+01 -8.29135489e+01
2.09595960e-05 -2.14646465e-05 5.00000145e+07 1.71353882e+01 -8.16334574e+01
2.14646465e-05 -2.14646465e-05 5.00000148e+07 1.48989053e+01 -8.02942609e+01
2.19696970e-05 -2.14646465e-05 5.00000150e+07 1.27113176e+01 -7.89004897e+01
2.24747475e-05 -2.14646465e-05 5.00000152e+07 1.05778959e+01 -7.74567542e+01
2.29797980e-05 -2.14646465e-05 5.00000154e+07 8.50362446e+00 -7.59677797e+01
2.34848485e-05 -2.14646465e-05 5.00000156e+07 6.49313949e+00 -7.44384224e+01
2.39898990e-05 -2.14646465e-05 5.00000158e+07 4.55066768e+00 -7.28736681e+01
2.44949495e-05 -2.14646465e-05 5.00000160e+07 2.67997015e+00 -7.12786154e+01
2.50000000e-05 -2.14646465e-05 5.00000162e+07 8.84294492e-01 -6.96584459e+01
-2.50000000e-05 -2.09595960e-05 4.99999707e+07 5.73920830e+01 1.31299947e+02
-2.44949495e-05 -2.09595960e-05 4.99999704e+07 6.44735478e+01 1.33272155e+02
-2.39898990e-05 -2.09595960e-05 4.99999700e+07 7.17774825e+01 1.35083144e+02
-2.34848485e-05 -2.09595960e-05 4.99999695e+07 7.92990615e+01 1.36721851e+02
-2.29797980e-05 -2.09595960e-05 4.99999688e+07 8.70337254e+01 1.38177031e+02
-2.24747475e-05 -2.09595960e-05 4.99999680e+07 9.49773977e+01 1.39436971e+02
-2.19696970e-05 -2.09595960e-05 4.99999670e+07 1.03126667e+02 1.40489088e+02
-2.14646465e-05 -2.09595960e-05 4.99999658e+07 1.11478904e+02 1.41319393e+02
-2.09595960e-05 -2.09595960e-05 4.99999645e+07 1.20032264e+02 1.41911811e+02
-2.04545455e-05 -2.09595960e-05 4.99999630e+07 1.28785534e+02 1.42247355e+02
-1.99494949e-05 -2.09595960e-05 4.99999613e+07 1.37737759e+02 1.42303156e+02
-1.94444444e-05 -2.09595960e-05 4.99999595e+07 1.46887577e+02 1.42051381e+02
-1.89393939e-05 -2.09595960e-05 4.99999576e+07 1.56232223e+02 1.41458069e+02
-1.84343434e-05 -2.09595960e-05 4.99999554e+07 1.65766105e+02 1.40481955e+02
-1.79292929e-05 -2.09595960e-05 4.99999532e+07 1.75478930e+02 1.39073361e+02
-1.74242424e-05 -2.09595960e-05 4.99999509e+07 1.85353329e+02 1.37173272e+02
-1.69191919e-05 -2.09595960e-05 4.99999485e+07 1.95361977e+02 1.34712735e+02
-1.64141414e-05 -2.09595960e-05 4.99999461e+07 2.05464237e+02 1.31612747e+02
-1.59090909e-05 -2.09595960e-05 4.99999437e+07 2.15602404e+02 1.27784812e+02
-1.54040404e-05 -2.09595960e-05 4.99999414e+07 2.25697688e+02 1.23132379e+02
-1.48989899e-05 -2.09595960e-05 4.99999393e+07 2.35646136e+02 1.17553369e+02
-1.43939394e-05 -2.09595960e-05 4.99999373e+07 2.45314807e+02 1.10943989e+02
-1.38888889e-05 -2.09595960e-05 4.99999357e+07 2.54538572e+02 1.03203999e+02
-1.33838384e-05 -2.09595960e-05 4.99999345e+07 2.63118044e+02 9.42435574e+01
-1.28787879e-05 -2.09595960e-05 4.99999337e+07 2.70819235e+02 8.39916170e+01
-1.23737374e-05 -2.09595960e-05 4.99999334e+07 2.77375600e+02 7.24057490e+01
-1.18686869e-05 -2.09595960e-05 4.99999336e+07 2.82493183e+02 5.94830051e+01
-1.13636364e-05 -2.09595960e-05 4.99999343e+07 2.85859526e+02 4.52711858e+01
-1.08585859e-05 -2.09595960e-05 4.99999356e+07 2.87156847e+02 2.98795519e+01
-1.03535354e-05 -2.09595960e-05 4.99999372e+07 2.86079669e+02 1.34877005e+01
-9.84848485e-06 -2.09595960e-05 4.99999391e+07 2.82356615e+02 -3.64894831e+00
-9.34343434e-06 -2.09595960e-05 4.99999410e+07 2.75775385e+02 -2.11987350e+01
-8.83838384e-06 -2.09595960e-05 4.99999429e+07 2.66209161e+02 -3.87599953e+01
-8.33333333e-06 -2.09595960e-05 4.99999444e+07 2.53641886e+02 -5.58750996e+01
-7.82828283e-06 -2.09595960e-05 4.99999452e+07 2.38189196e+02 -7.20526556e+01
-7.32323232e-06 -2.09595960e-05 4.99999452e+07 2.20111534e+02 -8.67971029e+01
-6.81818182e-06 -2.09595960e-05 4.99999440e+07 1.99816219e+02 -9.96436058e+01
-6.31313131e-06 -2.09595960e-05 4.99999415e+07 1.77846220e+02 -1.10194871e+02
-5.80808081e-06 -2.09595960e-05 4.99999377e+07 1.54854957e+02 -1.18155599e+02
-5.30303030e-06 -2.09595960e-05 4.99999326e+07 1.31568469e+02 -1.23359999e+02
-4.79797980e-06 -2.09595960e-05 4.99999262e+07 1.08738348e+02 -1.25788370e+02
-4.29292929e-06 -2.09595960e-05 4.99999189e+07 8.70905114e+01 -1.25570097e+02
-3.78787879e-06 -2.09595960e-05 4.99999110e+07 6.72757111e+01 -1.22972379e+02
-3.28282828e-06 -2.09595960e-05 4.99999028e+07 4.98275089e+01 -1.18376136e+02
-2.77777778e-06 -2.09595960e-05 4.99998947e+07 3.51322720e+01 -1.12242367e+02
-2.27272727e-06 -2.09595960e-05 4.99998872e+07 2.34138154e+01 -1.05073456e+02
-1.76767677e-06 -2.09595960e-05 4.99998806e+07 1.47331288e+01 -9.73742161e+01
-1.26262626e-06 -2.09595960e-05 4.99998753e+07 9.00158985e+00 -8.96170038e+01
-7.57575758e-07 -2.09595960e-05 4.99998714e+07 6.00455604e+00 -8.22140697e+01
-2.52525253e-07 -2.09595960e-05 4.99998691e+07 5.43143683e+00 -7.54989253e+01
2.52525253e-07 -2.09595960e-05 4.99998686e+07 6.90826592e+00 -6.97170522e+01
7.57575758e-07 -2.09595960e-05 4.99998696e+07 1.00292883e+01 -6.50251157e+01
1.26262626e-06 -2.09595960e-05 4.99998722e+07 1.43849277e+01 -6.14970498e+01
1.76767677e-06 -2.09595960e-05 4.99998762e+07 1.95844851e+01 -5.91349954e+01
2.27272727e-06 -2.09595960e-05 4.99998814e+07 2.52728574e+01 -5.78830458e+01
2.77777778e-06 -2.09595960e-05 4.99998875e+07 3.11413346e+01 -5.76419856e+01
3.28282828e-06 -2.09595960e-05 4.99998945e+07 3.69330815e+01 -5.82835839e+01
3.78787879e-06 -2.09595960e-05 4.99999021e+07 4.24442316e+01 -5.96634395e+01
4.29292929e-06 -2.09595960e-05 4.99999100e+07 4.75216489e+01 -6.16317826e+01
4.79797980e-06 -2.09595960e-05 4.99999180e+07 5.20583940e+01 -6.40419888e+01
5.30303030e-06 -2.09595960e-05 4.99999261e+07 5.59878175e+01 -6.67568248e+01
5.80808081e-06 -2.09595960e-05 4.99999341e+07 5.92770357e+01 -6.96526226e+01
6.31313131e-06 -2.09595960e-05 4.99999419e+07 6.19203674e+01 -7.26216827e+01
6.81818182e-06 -2.09595960e-05 4.99999493e+07 6.39331328e+01 -7.55732493e+01
7.32323232e-06 -2.09595960e-05 4.99999564e+07 6.53460706e+01 -7.84333980e+01
7.82828283e-06 -2.09595960e-05 4.99999630e+07 6.62005082e+01 -8.11441475e+01
8.33333333e-06 -2.09595960e-05 4.99999692e+07 6.65443258e+01 -8.36620636e+01
8.83838384e-06 -2.09595960e-05 4.99999749e+07 6.64286986e+01 -8.59565706e+01
9.34343434e-06 -2.09595960e-05 4.99999801e+07 6.59055544e+01 -8.80081384e+01
9.84848485e-06 -2.09595960e-05 4.99999849e+07 6.50256668e+01 -8.98064679e+01
1.03535354e-05 -2.09595960e-05 4.99999892e+07 6.38372915e+01 -9.13487589e+01
1.08585859e-05 -2.09595960e-05 4.99999930e+07 6.23852550e+01 -9.26381154e+01
1.13636364e-05 -2.09595960e-05 4.99999965e+07 6.07104113e+01 -9.36821183e+01
1.18686869e-05 -2.09595960e-05 4.99999995e+07 5.88493870e+01 -9.44915800e+01
1.23737374e-05 -2.09595960e-05 5.00000022e+07 5.68345517e+01 -9.50794809e+01
1.28787879e-05 -2.09595960e-05 5.00000046e+07 5.46941539e+01 -9.54600827e+01
1.33838384e-05 -2.09595960e-05 5.00000066e+07 5.24525772e+01 -9.56482057e+01
1.38888889e-05 -2.09595960e-05 5.00000084e+07 5.01306780e+01 -9.56586566e+01
1.43939394e-05 -2.09595960e-05 5.00000099e+07 4.77461724e+01 -9.55057918e+01
1.48989899e-05 -2.09595960e-05 5.00000112e+07 4.53140487e+01 -9.52031993e+01
1.54040404e-05 -2.09595960e-05 5.00000123e+07 4.28469828e+01 -9.47634855e+01
1.59090909e-05 -2.09595960e-05 5.00000132e+07 4.03557440e+01 -9.41981509e+01
1.64141414e-05 -2.09595960e-05 5.00000140e+07 3.78495749e+01 -9.35175422e+01
1.69191919e-05 -2.09595960e-05 5.00000146e+07 3.53365389e+01 -9.27308659e+01
1.74242424e-05 -2.09595960e-05 5.00000152e+07 3.28238262e+01 -9.18462529e+01
1.79292929e-05 -2.09595960e-05 5.00000156e+07 3.03180146e+01 -9.08708601e+01
1.84343434e-05 -2.09595960e-05 5.00000160e+07 2.78252823e+01 -8.98109997e+01
1.89393939e-05 -2.09595960e-05 5.00000163e+07 2.53515723e+01 -8.86722847e+01
1.94444444e-05 -2.09595960e-05 5.00000165e+07 2.29027083e+01 -8.74597820e+01
1.99494949e-05 -2.09595960e-05 5.00000167e+07 2.04844672e+01 -8.61781633e+01
2.04545455e-05 -2.09595960e-05 5.00000169e+07 1.81026098e+01 -8.48318490e+01
2.09595960e-05 -2.09595960e-05 5.00000170e+07 1.57628769e+01 -8.34251357e+01
2.14646465e-05 -2.09595960e-05 5.00000172e+07 1.34709561e+01 -8.19623063e+01
2.19696970e-05 -2.09595960e-05 5.00000173e+07 1.12324266e+01 -8.04477169e+01
2.24747475e-05 -2.09595960e-05 5.00000174e+07 9.05268749e+00 -7.88858600e+01
2.29797980e-05 -2.09595960e-05 5.00000175e+07 6.93687831e+00 -7.72814041e+01
2.34848485e-05 -2.09595960e-05 5.00000177e+07 4.88979649e+00 -7.56392091e+01
2.39898990e-05 -2.09595960e-05 5.00000178e+07 2.91581791e+00 -7.39643213e+01
2.44949495e-05 -2.09595960e-05 5.00000179e+07 1.01882526e+00 -7.22619493e+01
2.50000000e-05 -2.09595960e-05 5.00000180e+07 -7.97852338e-01 -7.05374251e+01
-2.50000000e-05 -2.04545455e-05 4.99999715e+07 5.52464821e+01 1.34125767e+02
-2.44949495e-05 -2.04545455e-05 4.99999712e+07 6.24811846e+01 1.36293183e+02
-2.39898990e-05 -2.04545455e-05 4.99999708e+07 6.99489188e+01 1.38304682e+02
-2.34848485e-05 -2.04545455e-05 4.99999702e+07 7.76447659e+01 1.40150341e+02
-2.29797980e-05 -2.04545455e-05 4.99999694e+07 8.55642925e+01 1.41820425e+02
-2.24747475e-05 -2.04545455e-05 4.99999685e+07 9.37038845e+01 1.43305115e+02
-2.19696970e-05 -2.04545455e-05 4.99999674e+07 1.02061068e+02 1.44594115e+02
-2.14646465e-05 -2.04545455e-05 4.99999661e+07 1.10634785e+02 1.45676080e+02
-2.09595960e-05 -2.04545455e-05 4.99999647e+07 1.19425561e+02 1.46537871e+02
-2.04545455e-05 -2.04545455e-05 4.99999630e+07 1.28435532e+02 1.47163604e+02
-1.99494949e-05 -2.04545455e-05 4.99999611e+07 1.37668227e+02 1.47533506e+02
-1.94444444e-05 -2.04545455e-05 4.99999590e+07 1.47128044e+02 1.47622574e+02
-1.89393939e-05 -2.04545455e-05 4.99999567e+07 1.56819339e+02 1.47399091e+02
-1.84343434e-05 -2.04545455e-05 4.99999542e+07 1.66745015e+02 1.46823044e+02
-1.79292929e-05 -2.04545455e-05 4.99999516e+07 1.76904559e+02 1.45844538e+02
-1.74242424e-05 -2.04545455e-05 4.99999488e+07 1.87291444e+02 1.44402332e+02
-1.69191919e-05 -2.04545455e-05 4.99999459e+07 1.97889864e+02 1.42422647e+02
-1.64141414e-05 -2.04545455e-05 4.99999429e+07 2.08670795e+02 1.39818452e+02
-1.59090909e-05 -2.04545455e-05 4.99999399e+07 2.19587446e+02 1.36489430e+02
-1.54040404e-05 -2.04545455e-05 4.99999370e+07 2.30570195e+02 1.32322909e+02
-1.48989899e-05 -2.04545455e-05 4.99999341e+07 2.41521242e+02 1.27196013e+02
-1.43939394e-05 -2.04545455e-05 4.99999315e+07 2.52309252e+02 1.20979331e+02
-1.38888889e-05 -2.04545455e-05 4.99999292e+07 2.62764450e+02 1.13542372e+02
-1.33838384e-05 -2.04545455e-05 4.99999273e+07 2.72674708e+02 1.04761032e+02
-1.28787879e-05 -2.04545455e-05 4.99999259e+07 2.81783374e+02 9.45272086e+01
-1.23737374e-05 -2.04545455e-05 4.99999251e+07 2.89789691e+02 8.27605146e+01
-1.18686869e-05 -2.04545455e-05 4.99999249e+07 2.96352793e+02 6.94218196e+01
-1.13636364e-05 -2.04545455e-05 4.99999253e+07 3.01100289e+02 5.45279782e+01
-1.08585859e-05 -2.04545455e-05 4.99999264e+07 3.03642323e+02 3.81666831e+01
-1.03535354e-05 -2.04545455e-05 4.99999280e+07 3.03591723e+02 2.05098813e+01
-9.84848485e-06 -2.04545455e-05 4.99999301e+07 3.00590222e+02 1.82372246e+00
-9.34343434e-06 -2.04545455e-05 4.99999324e+07 2.94339926e+02 -1.75273294e+01
-8.83838384e-06 -2.04545455e-05 4.99999348e+07 2.84638038e+02 -3.70846383e+01
-8.33333333e-06 -2.04545455e-05 4.99999368e+07 2.71411643e+02 -5.63098091e+01
-7.82828283e-06 -2.04545455e-05 4.99999381e+07 2.54748236e+02 -7.46104196e+01
-7.32323232e-06 -2.04545455e-05 4.99999385e+07 2.34916980e+02 -9.13765885e+01
-6.81818182e-06 -2.04545455e-05 4.99999377e+07 2.12375831e+02 -1.06025950e+02
-6.31313131e-06 -2.04545455e-05 4.99999354e+07 1.87760773e+02 -1.18052609e+02
-5.80808081e-06 -2.04545455e-05 4.99999315e+07 1.61855616e+02 -1.27074090e+02
-5.30303030e-06 -2.04545455e-05 4.99999260e+07 1.35543754e+02 -1.32869641e+02
-4.79797980e-06 -2.04545455e-05 4.99999191e+07 1.09746424e+02 -1.35403934e+02
-4.29292929e-06 -2.04545455e-05 4.99999111e+07 8.53546332e+01 -1.34832109e+02
-3.78787879e-06 -2.04545455e-05 4.99999023e+07 6.31632480e+01 -1.31485036e+02
-3.28282828e-06 -2.04545455e-05 4.99998932e+07 4.38155323e+01 -1.25836873e+02
-2.77777778e-06 -2.04545455e-05 4.99998844e+07 2.77645911e+01 -1.18459737e+02
-2.27272727e-06 -2.04545455e-05 4.99998763e+07 1.52552565e+01 -1.09972040e+02
-1.76767677e-06 -2.04545455e-05 4.99998693e+07 6.32665029e+00 -1.00987365e+02
-1.26262626e-06 -2.04545455e-05 4.99998639e+07 8.32701406e-01 -9.20698609e+01
-7.57575758e-07 -2.04545455e-05 4.99998602e+07 -1.52416341e+00 -8.37003223e+01
-2.52525253e-07 -2.04545455e-05 4.99998584e+07 -1.15185998e+00 -7.62549516e+01
2.52525253e-07 -2.04545455e-05 4.99998586e+07 1.47442071e+00 -6.99967542e+01
7.57575758e-07 -2.04545455e-05 4.99998606e+07 5.85256634e+00 -6.50779317e+01
1.26262626e-06 -2.04545455e-05 4.99998644e+07 1.14879318e+01 -6.15506836e+01
1.76767677e-06 -2.04545455e-05 4.99998697e+07 1.79199705e+01 -5.93834753e+01
2.27272727e-06 -2.04545455e-05 4.99998763e+07 2.47406132e+01 -5.84799773e+01
2.77777778e-06 -2.04545455e-05 4.99998839e+07 3.16048850e+01 -5.86983383e+01
3.28282828e-06 -2.04545455e-05 4.99998922e+07 3.82348915e+01 -5.98690671e+01
3.78787879e-06 -2.04545455e-05 4.99999011e+07 4.44186149e+01 -6.18104303e+01
4.29292929e-06 -2.04545455e-05 4.99999102e+07 5.00050177e+01 -6.43408241e+01
4.79797980e-06 -2.04545455e-05 4.99999194e+07 5.48968300e+01 -6.72880194e+01
5.30303030e-06 -2.04545455e-05 4.99999284e+07 5.90421760e+01 -7.04954844e+01
5.80808081e-06 -2.04545455e-05 4.99999373e+07 6.24259307e+01 -7.38261706e+01
6.31313131e-06 -2.04545455e-05 4.99999458e+07 6.50614436e+01 -7.71642365e+01
6.81818182e-06 -2.04545455e-05 4.99999538e+07 6.69830332e+01 -8.04151928e+01
7.32323232e-06 -2.04545455e-05 4.99999613e+07 6.82394750e+01 -8.35049185e+01
7.82828283e-06 -2.04545455e-05 4.99999683e+07 6.88885621e+01 -8.63779343e+01
8.33333333e-06 -2.04545455e-05 4.99999748e+07 6.89927228e+01 -8.89952489e+01
8.83838384e-06 -2.04545455e-05 4.99999807e+07 6.86156129e+01 -9.13320176e+01
9.34343434e-06 -2.04545455e-05 4.99999860e+07 6.78195718e+01 -9.33751902e+01
9.84848485e-06 -2.04545455e-05 4.99999908e+07 6.66638121e+01 -9.51212670e+01
1.03535354e-05 -2.04545455e-05 4.99999951e+07 6.52032161e+01 -9.65742387e+01
1.08585859e-05 -2.04545455e-05 4.99999989e+07 6.34876198e+01 -9.77437492e+01
1.13636364e-05 -2.04545455e-05 5.00000022e+07 6.15614781e+01 -9.86435009e+01
1.18686869e-05 -2.04545455e-05 5.00000051e+07 5.94638201e+01 -9.92898981e+01
1.23737374e-05 -2.04545455e-05 5.00000077e+07 5.72284196e+01 -9.97009209e+01
1.28787879e-05 -2.04545455e-05 5.00000099e+07 5.48841177e+01 -9.98952094e+01
1.33838384e-05 -2.04545455e-05 5.00000117e+07 5.24552483e+01 -9.98913394e+01
1.38888889e-05 -2.04545455e-05 5.00000133e+07 4.99621265e+01 -9.97072676e+01
1.43939394e-05 -2.04545455e-05 5.00000146e+07 4.74215694e+01 -9.93599255e+01
1.48989899e-05 -2.04545455e-05 5.00000157e+07 4.48474234e+01 -9.88649428e+01
1.54040404e-05 -2.04545455e-05 5.00000166e+07 4.22510810e+01 -9.82364812e+01
1.59090909e-05 -2.04545455e-05 5.00000174e+07 3.96419692e+01 -9.74871624e+01
1.64141414e-05 -2.04545455e-05 5.00000179e+07 3.70280002e+01 -9.66280741e+01
1.69191919e-05 -2.04545455e-05 5.00000184e+07 3.44159754e+01 -9.56688397e+01
1.74242424e-05 -2.04545455e-05 5.00000187e+07 3.18119346e+01 -9.46177380e+01
1.79292929e-05 -2.04545455e-05 5.00000190e+07 2.92214490e+01 -9.34818597e+01
1.84343434e-05 -2.04545455e-05 5.00000192e+07 2.66498541e+01 -9.22672891e+01
1.89393939e-05 -2.04545455e-05 5.00000193e+07 2.41024236e+01 -9.09792984e+01
1.94444444e-05 -2.04545455e-05 5.00000194e+07 2.15844870e+01 -8.96225463e+01
1.99494949e-05 -2.04545455e-05 5.00000195e+07 1.91014933e+01 -8.82012690e+01
2.04545455e-05 -2.04545455e-05 5.00000195e+07 1.66590274e+01 -8.67194577e+01
2.09595960e-05 -2.04545455e-05 5.00000196e+07 1.42627863e+01 -8.51810155e+01
2.14646465e-05 -2.04545455e-05 5.00000196e+07 1.19185216e+01 -8.35898880e+01
2.19696970e-05 -2.04545455e-05 5.00000196e+07 9.63195722e+00 -8.19501653e+01
2.24747475e-05 -2.04545455e-05 5.00000197e+07 7.40869171e+00 -8.02661544e+01
2.29797980e-05 -2.04545455e-05 5.00000197e+07 5.25409118e+00 -7.85424203e+01
2.34848485e-05 -2.04545455e-05 5.00000197e+07 3.17318233e+00 -7.67837999e+01
2.39898990e-05 -2.04545455e-05 5.00000198e+07 1.17055111e+00 -7.49953895e+01
2.44949495e-05 -2.04545455e-05 5.00000198e+07 -7.49747255e-01 -7.31825105e+01
2.50000000e-05 -2.04545455e-05 5.00000199e+07 -2.58426280e+00 -7.13506582e+01
-2.50000000e-05 -1.99494949e-05 4.99999725e+07 5.29084978e+01 1.36852216e+02
-2.44949495e-05 -1.99494949e-05 4.99999722e+07 6.02918892e+01 1.39213331e+02
-2.39898990e-05 -1.99494949e-05 4.99999718e+07 6.79178768e+01 1.41423191e+02
-2.34848485e-05 -1.99494949e-05 4.99999712e+07 7.57810579e+01 1.43473097e+02
-2.29797980e-05 -1.99494949e-05 4.99999704e+07 8.38766905e+01 1.45354998e+02
-2.24747475e-05 -1.99494949e-05 4.99999694e+07 9.22011613e+01 1.47061273e+02
-2.19696970e-05 -1.99494949e-05 4.99999683e+07 1.00752471e+02 1.48584369e+02
-2.14646465e-05 -1.99494949e-05 4.99999668e+07 1.09530701e+02 1.49916228e+02
-2.09595960e-05 -1.99494949e-05 4.99999652e+07 1.18538403e+02 1.51047501e+02
-2.04545455e-05 -1.99494949e-05 4.99999633e+07 1.27780855e+02 1.51966498e+02
-1.99494949e-05 -1.99494949e-05 4.99999612e+07 1.37266079e+02 1.52657869e+02
-1.94444444e-05 -1.99494949e-05 4.99999589e+07 1.47004539e+02 1.53101012e+02
-1.89393939e-05 -1.99494949e-05 4.99999562e+07 1.57008395e+02 1.53268240e+02
-1.84343434e-05 -1.99494949e-05 4.99999534e+07 1.67290207e+02 1.53122745e+02
-1.79292929e-05 -1.99494949e-05 4.99999503e+07 1.77860958e+02 1.52616463e+02
-1.74242424e-05 -1.99494949e-05 4.99999470e+07 1.88727310e+02 1.51687960e+02
-1.69191919e-05 -1.99494949e-05 4.99999436e+07 1.99888001e+02 1.50260509e+02
-1.64141414e-05 -1.99494949e-05 4.99999399e+07 2.11329354e+02 1.48240587e+02
-1.59090909e-05 -1.99494949e-05 4.99999363e+07 2.23019892e+02 1.45517045e+02
-1.54040404e-05 -1.99494949e-05 4.99999326e+07 2.34904159e+02 1.41961258e+02
-1.48989899e-05 -1.99494949e-05 4.99999290e+07 2.46895913e+02 1.37428625e+02
-1.43939394e-05 -1.99494949e-05 4.99999255e+07 2.58870989e+02 1.31761774e+02
-1.38888889e-05 -1.99494949e-05 4.99999224e+07 2.70660274e+02 1.24795896e+02
-1.33838384e-05 -1.99494949e-05 4.99999197e+07 2.82043419e+02 1.16366564e+02
-1.28787879e-05 -1.99494949e-05 4.99999175e+07 2.92744132e+02 1.06320378e+02
-1.23737374e-05 -1.99494949e-05 4.99999159e+07 3.02428129e+02 9.45285572e+01
-1.18686869e-05 -1.99494949e-05 4.99999151e+07 3.10705029e+02 8.09034088e+01
-1.13636364e-05 -1.99494949e-05 4.99999151e+07 3.17135656e+02 6.54171255e+01
-1.08585859e-05 -1.99494949e-05 4.99999160e+07 3.21246208e+02 4.81218307e+01
-1.03535354e-05 -1.99494949e-05 4.99999175e+07 3.22550493e+02 2.91690630e+01
-9.84848485e-06 -1.99494949e-05 4.99999198e+07 3.20580839e+02 8.82612786e+00
-9.34343434e-06 -1.99494949e-05 4.99999224e+07 3.14927188e+02 -1.25139364e+01
-8.83838384e-06 -1.99494949e-05 4.99999252e+07 3.05282370e+02 -3.43323780e+01
-8.33333333e-06 -1.99494949e-05 4.99999279e+07 2.91489678e+02 -5.59980893e+01
-7.82828283e-06 -1.99494949e-05 4.99999299e+07 2.73587010e+02 -7.67965651e+01
-7.32323232e-06 -1.99494949e-05 4.99999308e+07 2.51840461e+02 -9.59746820e+01
-6.81818182e-06 -1.99494949e-05 4.99999304e+07 2.26759964e+02 -1.12798692e+02
-6.31313131e-06 -1.99494949e-05 4.99999283e+07 1.99090805e+02 -1.26619692e+02
-5.80808081e-06 -1.99494949e-05 4.99999244e+07 1.69777877e+02 -1.36938177e+02
-5.30303030e-06 -1.99494949e-05 4.99999186e+07 1.39903867e+02 -1.43457960e+02
-4.79797980e-06 -1.99494949e-05 4.99999110e+07 1.10607465e+02 -1.46120409e+02
-4.29292929e-06 -1.99494949e-05 4.99999022e+07 8.29918137e+01 -1.45112743e+02
-3.78787879e-06 -1.99494949e-05 4.99998924e+07 5.80356669e+01 -1.40848518e+02
-3.28282828e-06 -1.99494949e-05 4.99998824e+07 3.65194012e+01 -1.33923324e+02
-2.77777778e-06 -1.99494949e-05 4.99998727e+07 1.89751738e+01 -1.25052944e+02
-2.27272727e-06 -1.99494949e-05 4.99998639e+07 5.66597915e+00 -1.15003651e+02
-1.76767677e-06 -1.99494949e-05 4.99998566e+07 -3.40668557e+00 -1.04524614e+02
-1.26262626e-06 -1.99494949e-05 4.99998511e+07 -8.47116052e+00 -9.42907489e+01
-7.57575758e-07 -1.99494949e-05 4.99998478e+07 -9.93737369e+00 -8.48613776e+01
-2.52525253e-07 -1.99494949e-05 4.99998467e+07 -8.34037852e+00 -7.66567952e+01
2.52525253e-07 -1.99494949e-05 4.99998479e+07 -4.28343321e+00 -6.99518771e+01
7.57575758e-07 -1.99494949e-05 4.99998512e+07 1.61332192e+00 -6.48837865e+01
1.26262626e-06 -1.99494949e-05 4.99998565e+07 8.75470397e+00 -6.14697456e+01
1.76767677e-06 -1.99494949e-05 4.99998633e+07 1.66010898e+01 -5.96306511e+01
2.27272727e-06 -1.99494949e-05 4.99998715e+07 2.46877812e+01 -5.92167713e+01
2.77777778e-06 -1.99494949e-05 4.99998808e+07 3.26343559e+01 -6.00325917e+01
3.28282828e-06 -1.99494949e-05 4.99998907e+07 4.01459178e+01 -6.18588252e+01
3.78787879e-06 -1.99494949e-05 4.99999010e+07 4.70083941e+01 -6.44704886e+01
4.29292929e-06 -1.99494949e-05 4.99999114e+07 5.30799422e+01 -6.76506760e+01
4.79797980e-06 -1.99494949e-05 4.99999218e+07 5.82802417e+01 -7.12001820e+01
5.30303030e-06 -1.99494949e-05 4.99999319e+07 6.25790697e+01 -7.49434614e+01
5.80808081e-06 -1.99494949e-05 4.99999416e+07 6.59851689e+01 -7.87315750e+01
6.31313131e-06 -1.99494949e-05 4.99999508e+07 6.85360653e+01 -8.24428163e+01
6.81818182e-06 -1.99494949e-05 4.99999594e+07 7.02892011e+01 -8.59816732e+01
7.32323232e-06 -1.99494949e-05 4.99999674e+07 7.13145293e+01 -8.92766923e+01
7.82828283e-06 -1.99494949e-05 4.99999747e+07 7.16885612e+01 -9.22777092e+01
8.33333333e-06 -1.99494949e-05 4.99999814e+07 7.14897603e+01 -9.49527965e+01
8.83838384e-06 -1.99494949e-05 4.99999874e+07 7.07951228e+01 -9.72851860e+01
9.34343434e-06 -1.99494949e-05 4.99999927e+07 6.96777615e+01 -9.92703350e+01
9.84848485e-06 -1.99494949e-05 4.99999975e+07 6.82053126e+01 -1.00913244e+02
1.03535354e-05 -1.99494949e-05 5.00000017e+07 6.64389948e+01 -1.02226077e+02
1.08585859e-05 -1.99494949e-05 5.00000054e+07 6.44331735e+01 -1.03226113e+02
1.13636364e-05 -1.99494949e-05 5.00000086e+07 6.22353032e+01 -1.03934007e+02
1.18686869e-05 -1.99494949e-05 5.00000113e+07 5.98861455e+01 -1.04372364e+02
1.23737374e-05 -1.99494949e-05 5.00000136e+07 5.74201802e+01 -1.04564582e+02
1.28787879e-05 -1.99494949e-05 5.00000156e+07 5.48661433e+01 -1.04533937e+02
1.33838384e-05 -1.99494949e-05 5.00000172e+07 5.22476426e+01 -1.04302888e+02
1.38888889e-05 -1.99494949e-05 5.00000186e+07 4.95838124e+01 -1.03892563e+02
1.43939394e-05 -1.99494949e-05 5.00000197e+07 4.68899769e+01 -1.03322407e+02
1.48989899e-05 -1.99494949e-05 5.00000205e+07 4.41783006e+01 -1.02609960e+02
1.54040404e-05 -1.99494949e-05 5.00000212e+07 4.14584082e+01 -1.01770758e+02
1.59090909e-05 -1.99494949e-05 5.00000217e+07 3.87379604e+01 -1.00818325e+02
1.64141414e-05 -1.99494949e-05 5.00000220e+07 3.60231753e+01 -9.97642426e+01
1.69191919e-05 -1.99494949e-05 5.00000223e+07 3.33192889e+01 -9.86182865e+01
1.74242424e-05 -1.99494949e-05 5.00000224e+07 3.06309469e+01 -9.73886112e+01
1.79292929e-05 -1.99494949e-05 5.00000225e+07 2.79625273e+01 -9.60819684e+01
1.84343434e-05 -1.99494949e-05 5.00000225e+07 2.53183907e+01 -9.47039481e+01
1.89393939e-05 -1.99494949e-05 5.00000225e+07 2.27030602e+01 -9.32592293e+01
1.94444444e-05 -1.99494949e-05 5.00000224e+07 2.01213342e+01 -9.17518278e+01
1.99494949e-05 -1.99494949e-05 5.00000223e+07 1.75783366e+01 -9.01853333e+01
2.04545455e-05 -1.99494949e-05 5.00000223e+07 1.50795119e+01 -8.85631239e+01
2.09595960e-05 -1.99494949e-05 5.00000222e+07 1.26305744e+01 -8.68885531e+01
2.14646465e-05 -1.99494949e-05 5.00000221e+07 1.02374188e+01 -8.51651035e+01
2.19696970e-05 -1.99494949e-05 5.00000220e+07 7.90600522e+00 -8.33965030e+01
2.24747475e-05 -1.99494949e-05 5.00000219e+07 5.64222666e+00 -8.15868043e+01
2.29797980e-05 -1.99494949e-05 5.00000219e+07 3.45176983e+00 -7.97404270e+01
2.34848485e-05 -1.99494949e-05 5.00000218e+07 1.33997808e+00 -7.78621647e+01
2.39898990e-05 -1.99494949e-05 5.00000218e+07 -6.88275874e-01 -7.59571623e+01
2.44949495e-05 -1.99494949e-05 5.00000218e+07 -2.62870117e+00 -7.40308676e+01
2.50000000e-05 -1.99494949e-05 5.00000218e+07 -4.47767941e+00 -7.20889628e+01
-2.50000000e-05 -1.94444444e-05 4.99999738e+07 5.03800225e+01 1.39466354e+02
-2.44949495e-05 -1.94444444e-05 4.99999736e+07 5.79084049e+01 1.42018064e+02
-2.39898990e-05 -1.94444444e-05 4.99999732e+07 6.56879518e+01 1.44422095e+02
-2.34848485e-05 -1.94444444e-05 4.99999726e+07 7.37123023e+01 1.46670966e+02
-2.29797980e-05 -1.94444444e-05 4.99999718e+07 8.19758583e+01 1.48758398e+02
-2.24747475e-05 -1.94444444e-05 4.99999707e+07 9.04743986e+01 1.50679194e+02
-2.19696970e-05 -1.94444444e-05 4.99999695e+07 9.92057526e+01 1.52428938e+02
-2.14646465e-05 -1.94444444e-05 4.99999680e+07 1.08170495e+02 1.54003472e+02
-2.09595960e-05 -1.94444444e-05 4.99999662e+07 1.17372610e+02 1.55398099e+02
-2.04545455e-05 -1.94444444e-05 4.99999641e+07 1.26820038e+02 1.56606475e+02
-1.99494949e-05 -1.94444444e-05 4.99999618e+07 1.36525021e+02 1.57619142e+02
-1.94444444e-05 -1.94444444e-05 4.99999592e+07 1.46504114e+02 1.58421697e+02
-1.89393939e-05 -1.94444444e-05 4.99999563e+07 1.56777724e+02 1.58992594e+02
-1.84343434e-05 -1.94444444e-05 4.99999530e+07 1.67369029e+02 1.59300626e+02
-1.79292929e-05 -1.94444444e-05 4.99999495e+07 1.78302123e+02 1.59302167e+02
-1.74242424e-05 -1.94444444e-05 4.99999457e+07 1.89599225e+02 1.58938305e+02
-1.69191919e-05 -1.94444444e-05 4.99999416e+07 2.01276837e+02 1.58132041e+02
-1.64141414e-05 -1.94444444e-05 4.99999374e+07 2.13340754e+02 1.56785805e+02
-1.59090909e-05 -1.94444444e-05 4.99999329e+07 2.25779876e+02 1.54779569e+02
-1.54040404e-05 -1.94444444e-05 4.99999284e+07 2.38558859e+02 1.51969941e+02
-1.48989899e-05 -1.94444444e-05 4.99999239e+07 2.51609736e+02 1.48190630e+02
-1.43939394e-05 -1.94444444e-05 4.99999195e+07 2.64822743e+02 1.43254795e+02
-1.38888889e-05 -1.94444444e-05 4.99999153e+07 2.78036791e+02 1.36959801e+02
-1.33838384e-05 -1.94444444e-05 4.99999116e+07 2.91030206e+02 1.29094952e+02
-1.28787879e-05 -1.94444444e-05 4.99999084e+07 3.03512680e+02 1.19452761e+02
-1.23737374e-05 -1.94444444e-05 4.99999059e+07 3.15119678e+02 1.07844199e+02
-1.18686869e-05 -1.94444444e-05 4.99999043e+07 3.25410957e+02 9.41181253e+01
-1.13636364e-05 -1.94444444e-05 4.99999037e+07 3.33875165e+02 7.81846529e+01
-1.08585859e-05 -1.94444444e-05 4.99999041e+07 3.39942747e+02 6.00414790e+01
-1.03535354e-05 -1.94444444e-05 4.99999055e+07 3.43009279e+02 3.98012590e+01
-9.84848485e-06 -1.94444444e-05 4.99999077e+07 3.42470799e+02 1.77169025e+01
-9.34343434e-06 -1.94444444e-05 4.99999107e+07 3.37771493e+02 -5.79952537e+00
-8.83838384e-06 -1.94444444e-05 4.99999141e+07 3.28462022e+02 -3.01695198e+01
-8.33333333e-06 -1.94444444e-05 4.99999174e+07 3.14264105e+02 -5.46578454e+01
-7.82828283e-06 -1.94444444e-05 4.99999202e+07 2.95133906e+02 -7.84035478e+01
-7.32323232e-06 -1.94444444e-05 4.99999219e+07 2.71314201e+02 -1.00473971e+02
-6.81818182e-06 -1.94444444e-05 4.99999221e+07 2.43364077e+02 -1.19939406e+02
-6.31313131e-06 -1.94444444e-05 4.99999203e+07 2.12156122e+02 -1.35961116e+02
-5.80808081e-06 -1.94444444e-05 4.99999164e+07 1.78835028e+02 -1.47880932e+02
-5.30303030e-06 -1.94444444e-05 4.99999102e+07 1.44738088e+02 -1.55298054e+02
-4.79797980e-06 -1.94444444e-05 4.99999019e+07 1.11285663e+02 -1.58119125e+02
-4.29292929e-06 -1.94444444e-05 4.99998921e+07 7.98564534e+01 -1.56571719e+02
-3.78787879e-06 -1.94444444e-05 4.99998812e+07 5.16661580e+01 -1.51178098e+02
-3.28282828e-06 -1.94444444e-05 4.99998701e+07 2.76676185e+01 -1.42693815e+02
-2.77777778e-06 -1.94444444e-05 4.99998594e+07 8.48604326e+00 -1.32022168e+02
-2.27272727e-06 -1.94444444e-05 4.99998499e+07 -5.60435919e+00 -1.20119128e+02
-1.76767677e-06 -1.94444444e-05 4.99998422e+07 -1.46637883e+01 -1.07903351e+02
-1.26262626e-06 -1.94444444e-05 4.99998368e+07 -1.90381314e+01 -9.61828913e+01
-7.57575758e-07 -1.94444444e-05 4.99998341e+07 -1.92896520e+01 -8.56054356e+01
-2.52525253e-07 -1.94444444e-05 4.99998340e+07 -1.61194165e+01 -7.66338393e+01
2.52525253e-07 -1.94444444e-05 4.99998365e+07 -1.02922146e+01 -6.95445488e+01
7.57575758e-07 -1.94444444e-05 4.99998414e+07 -2.57175988e+00 -6.44438416e+01
1.26262626e-06 -1.94444444e-05 4.99998485e+07 6.32943096e+00 -6.12957197e+01
1.76767677e-06 -1.94444444e-05 4.99998573e+07 1.57841364e+01 -5.99554892e+01
2.27272727e-06 -1.94444444e-05 4.99998674e+07 2.52694655e+01 -6.02040800e+01
2.77777778e-06 -1.94444444e-05 4.99998785e+07 3.43732261e+01 -6.17795514e+01
3.28282828e-06 -1.94444444e-05 4.99998902e+07 4.27906691e+01 -6.44036401e+01
3.78787879e-06 -1.94444444e-05 4.99999021e+07 5.03146976e+01 -6.78024181e+01
4.29292929e-06 -1.94444444e-05 4.99999140e+07 5.68222943e+01 -7.17210374e+01
4.79797980e-06 -1.94444444e-05 4.99999257e+07 6.22593811e+01 -7.59331318e+01
5.30303030e-06 -1.94444444e-05 4.99999368e+07 6.66257350e+01 -8.02457660e+01
5.80808081e-06 -1.94444444e-05 4.99999474e+07 6.99610373e+01 -8.45009309e+01
6.31313131e-06 -1.94444444e-05 4.99999573e+07 7.23326685e+01 -8.85745505e+01
6.81818182e-06 -1.94444444e-05 4.99999664e+07 7.38255121e+01 -9.23738436e+01
7.32323232e-06 -1.94444444e-05 4.99999747e+07 7.45337830e+01 -9.58337330e+01
7.82828283e-06 -1.94444444e-05 4.99999823e+07 7.45547376e+01 -9.89128240e+01
8.33333333e-06 -1.94444444e-05 4.99999890e+07 7.39840374e+01 -1.01589333e+02
8.83838384e-06 -1.94444444e-05 4.99999951e+07 7.29125044e+01 -1.03857212e+02
9.34343434e-06 -1.94444444e-05 5.00000004e+07 7.14240037e+01 -1.05722624e+02
9.84848485e-06 -1.94444444e-05 5.00000050e+07 6.95942112e+01 -1.07200835e+02
1.03535354e-05 -1.94444444e-05 5.00000091e+07 6.74900545e+01 -1.08313564e+02
1.08585859e-05 -1.94444444e-05 5.00000125e+07 6.51696504e+01 -1.09086752e+02
1.13636364e-05 -1.94444444e-05 5.00000155e+07 6.26825956e+01 -1.09548751e+02
1.18686869e-05 -1.94444444e-05 5.00000180e+07 6.00704993e+01 -1.09728862e+02
1.23737374e-05 -1.94444444e-05 5.00000200e+07 5.73676711e+01 -1.09656194e+02
1.28787879e-05 -1.94444444e-05 5.00000217e+07 5.46018998e+01 -1.09358797e+02
1.33838384e-05 -1.94444444e-05 5.00000231e+07 5.17952756e+01 -1.08863020e+02
1.38888889e-05 -1.94444444e-05 5.00000241e+07 4.89650206e+01 -1.08193072e+02
1.43939394e-05 -1.94444444e-05 5.00000249e+07 4.61243012e+01 -1.07370740e+02
1.48989899e-05 -1.94444444e-05 5.00000255e+07 4.32830044e+01 -1.06415253e+02
1.54040404e-05 -1.94444444e-05 5.00000259e+07 4.04484628e+01 -1.05343249e+02
1.59090909e-05 -1.94444444e-05 5.00000262e+07 3.76261174e+01 -1.04168855e+02
1.64141414e-05 -1.94444444e-05 5.00000263e+07 3.48201099e+01 -1.02903825e+02
1.69191919e-05 -1.94444444e-05 5.00000263e+07 3.20337979e+01 -1.01557759e+02
1.74242424e-05 -1.94444444e-05 5.00000262e+07 2.92701882e+01 -1.00138353e+02
1.79292929e-05 -1.94444444e-05 5.00000261e+07 2.65322857e+01 -9.86516941e+01
1.84343434e-05 -1.94444444e-05 5.00000259e+07 2.38233572e+01 -9.71025643e+01
1.89393939e-05 -1.94444444e-05 5.00000257e+07 2.11471126e+01 -9.54947550e+01
1.94444444e-05 -1.94444444e-05 5.00000255e+07 1.85078069e+01 -9.38313711e+01
1.99494949e-05 -1.94444444e-05 5.00000252e+07 1.59102702e+01 -9.21151167e+01
2.04545455e-05 -1.94444444e-05 5.00000250e+07 1.33598733e+01 -9.03485511e+01
2.09595960e-05 -1.94444444e-05 5.00000248e+07 1.08624414e+01 -8.85343086e+01
2.14646465e-05 -1.94444444e-05 5.00000246e+07 8.42412492e+00 -8.66752744e+01
2.19696970e-05 -1.94444444e-05 5.00000244e+07 6.05124244e+00 -8.47747161e+01
2.24747475e-05 -1.94444444e-05 5.00000242e+07 3.75010631e+00 -8.28363670e+01
2.29797980e-05 -1.94444444e-05 5.00000241e+07 1.52684389e+00 -8.08644655e+01
2.34848485e-05 -1.94444444e-05 5.00000240e+07 -6.12775357e-01 -7.88637527e+01
2.39898990e-05 -1.94444444e-05 5.00000239e+07 -2.66349763e+00 -7.68394339e+01
2.44949495e-05 -1.94444444e-05 5.00000238e+07 -4.62072043e+00 -7.47971105e+01
2.50000000e-05 -1.94444444e-05 5.00000237e+07 -6.48060087e+00 -7.27426900e+01
-2.50000000e-05 -1.89393939e-05 4.99999754e+07 4.76642750e+01 1.41956527e+02
-2.44949495e-05 -1.89393939e-05 4.99999752e+07 5.53352243e+01 1.44694277e+02
-2.39898990e-05 -1.89393939e-05 4.99999749e+07 6.32650090e+01 1.47286351e+02
-2.34848485e-05 -1.89393939e-05 4.99999743e+07 7.14457581e+01 1.49726356e+02
-2.29797980e-05 -1.89393939e-05 4.99999735e+07 7.98703555e+01 1.52009759e+02
-2.24747475e-05 -1.89393939e-05 4.99999724e+07 8.85332079e+01 1.54133888e+02
-2.19696970e-05 -1.89393939e-05 4.99999711e+07 9.74311255e+01 1.56097751e+02
-2.14646465e-05 -1.89393939e-05 4.99999695e+07 1.06564281e+02 1.57901612e+02
-2.09595960e-05 -1.89393939e-05 4.99999677e+07 1.15937194e+02 1.59546247e+02
-2.04545455e-05 -1.89393939e-05 4.99999655e+07 1.25559656e+02 1.61031822e+02
-1.99494949e-05 -1.89393939e-05 4.99999629e+07 1.35447487e+02 1.62356335e+02
-1.94444444e-05 -1.89393939e-05 4.99999601e+07 1.45622978e+02 1.63513567e+02
-1.89393939e-05 -1.89393939e-05 4.99999569e+07 1.56114853e+02 1.64490536e+02
-1.84343434e-05 -1.89393939e-05 4.99999533e+07 1.66957555e+02 1.65264479e+02
-1.79292929e-05 -1.89393939e-05 4.99999493e+07 1.78189655e+02 1.65799416e+02
-1.74242424e-05 -1.89393939e-05 4.99999450e+07 1.89851181e+02 1.66042431e+02
-1.69191919e-05 -1.89393939e-05 4.99999403e+07 2.01979669e+02 1.65919850e+02
-1.64141414e-05 -1.89393939e-05 4.99999353e+07 2.14604791e+02 1.65333578e+02
-1.59090909e-05 -1.89393939e-05 4.99999300e+07 2.27741446e+02 1.64157900e+02
-1.54040404e-05 -1.89393939e-05 4.99999245e+07 2.41381273e+02 1.62237163e+02
-1.48989899e-05 -1.89393939e-05 4.99999190e+07 2.55482630e+02 1.59384816e+02
-1.43939394e-05 -1.89393939e-05 4.99999135e+07 2.69959224e+02 1.55384375e+02
-1.38888889e-05 -1.89393939e-05 4.99999081e+07 2.84667725e+02 1.49993015e+02
-1.33838384e-05 -1.89393939e-05 4.99999032e+07 2.99394968e+02 1.42948547e+02
-1.28787879e-05 -1.89393939e-05 4.99998988e+07 3.13845660e+02 1.33980649e+02
-1.23737374e-05 -1.89393939e-05 4.99998951e+07 3.27631995e+02 1.22827187e+02
-1.18686869e-05 -1.89393939e-05 4.99998924e+07 3.40267128e+02 1.09256302e+02
-1.13636364e-05 -1.89393939e-05 4.99998909e+07 3.51165079e+02 9.30945342e+01
-1.08585859e-05 -1.89393939e-05 4.99998906e+07 3.59650212e+02 7.42604097e+01
-1.03535354e-05 -1.89393939e-05 4.99998916e+07 3.64979722e+02 5.28017164e+01
-9.84848485e-06 -1.89393939e-05 4.99998938e+07 3.66382243e+02 2.89329368e+01
-9.34343434e-06 -1.89393939e-05 4.99998970e+07 3.63114452e+02 3.06735039e+00
-8.83838384e-06 -1.89393939e-05 4.99999009e+07 3.54535022e+02 -2.41635363e+01
-8.33333333e-06 -1.89393939e-05 4.99999051e+07 3.40191427e+02 -5.19115800e+01
-7.82828283e-06 -1.89393939e-05 4.99999088e+07 3.19910322e+02 -7.91422840e+01
-7.32323232e-06 -1.89393939e-05 4.99999114e+07 2.93877559e+02 -1.04698338e+02
-6.81818182e-06 -1.89393939e-05 4.99999124e+07 2.62690877e+02 -1.27395231e+02
-6.31313131e-06 -1.89393939e-05 4.99999111e+07 2.27368836e+02 -1.46140109e+02
-5.80808081e-06 -1.89393939e-05 4.99999072e+07 1.89304770e+02 -1.60057385e+02
-5.30303030e-06 -1.89393939e-05 4.99999007e+07 1.50164246e+02 -1.68599527e+02
-4.79797980e-06 -1.89393939e-05 4.99998916e+07 1.11736698e+02 -1.71621301e+02
-4.29292929e-06 -1.89393939e-05 4.99998806e+07 7.57630482e+01 -1.69401612e+02
-3.78787879e-06 -1.89393939e-05 4.99998684e+07 4.37675283e+01 -1.62607631e+02
-3.28282828e-06 -1.89393939e-05 4.99998559e+07 1.69212606e+01 -1.52208226e+02
-2.77777778e-06 -1.89393939e-05 4.99998441e+07 -4.04229947e+00 -1.39353895e+02
-2.27272727e-06 -1.89393939e-05 4.99998338e+07 -1.88517065e+01 -1.25245602e+02
-1.76767677e-06 -1.89393939e-05 4.99998259e+07 -2.76655566e+01 -1.11014186e+02
-1.26262626e-06 -1.89393939e-05 4.99998208e+07 -3.09975309e+01 -9.76265621e+01
-7.57575758e-07 -1.89393939e-05 4.99998189e+07 -2.96165357e+01 -8.58270478e+01
-2.52525253e-07 -1.89393939e-05 4.99998201e+07 -2.44400862e+01 -7.61144038e+01
2.52525253e-07 -1.89393939e-05 4.99998244e+07 -1.64357004e+01 -6.87493672e+01
7.57575758e-07 -1.89393939e-05 4.99998314e+07 -6.54000118e+00 -6.37842009e+01
1.26262626e-06 -1.89393939e-05 4.99998407e+07 4.39996131e+00 -6.11050157e+01
1.76767677e-06 -1.89393939e-05 4.99998518e+07 1.56629253e+01 -6.04786077e+01
2.27272727e-06 -1.89393939e-05 4.99998642e+07 2.66698282e+01 -6.15975005e+01
2.77777778e-06 -1.89393939e-05 4.99998775e+07 3.69846043e+01 -6.41191019e+01
3.28282828e-06 -1.89393939e-05 4.99998911e+07 4.63039842e+01 -6.76969071e+01
3.78787879e-06 -1.89393939e-05 4.99999048e+07 5.44405874e+01 -7.20032603e+01
4.29292929e-06 -1.89393939e-05 4.99999183e+07 6.13028516e+01 -7.67442616e+01
4.79797980e-06 -1.89393939e-05 4.99999312e+07 6.68744501e+01 -8.16680177e+01
5.30303030e-06 -1.89393939e-05 4.99999434e+07 7.11949797e+01 -8.65676799e+01
5.80808081e-06 -1.89393939e-05 4.99999548e+07 7.43429629e+01 -9.12807056e+01
6.31313131e-06 -1.89393939e-05 4.99999652e+07 7.64216363e+01 -9.56856185e+01
6.81818182e-06 -1.89393939e-05 4.99999748e+07 7.75475940e+01 -9.96973124e+01
7.32323232e-06 -1.89393939e-05 4.99999834e+07 7.78420987e+01 -1.03261694e+02
7.82828283e-06 -1.89393939e-05 4.99999911e+07 7.74247322e+01 -1.06350227e+02
8.33333333e-06 -1.89393939e-05 4.99999979e+07 7.64090010e+01 -1.08954756e+02
8.83838384e-06 -1.89393939e-05 5.00000038e+07 7.48995105e+01 -1.11082818e+02
9.34343434e-06 -1.89393939e-05 5.00000090e+07 7.29903532e+01 -1.12753552e+02
9.84848485e-06 -1.89393939e-05 5.00000134e+07 7.07644054e+01 -1.13994237e+02
1.03535354e-05 -1.89393939e-05 5.00000172e+07 6.82932788e+01 -1.14837421e+02
1.08585859e-05 -1.89393939e-05 5.00000204e+07 6.56377280e+01 -1.15318605e+02
1.13636364e-05 -1.89393939e-05 5.00000230e+07 6.28483578e+01 -1.15474411e+02
1.18686869e-05 -1.89393939e-05 5.00000251e+07 5.99665162e+01 -1.15341160e+02
1.23737374e-05 -1.89393939e-05 5.00000269e+07 5.70252893e+01 -1.14953802e+02
1.28787879e-05 -1.89393939e-05 5.00000282e+07 5.40505387e+01 -1.14345132e+02
1.33838384e-05 -1.89393939e-05 5.00000292e+07 5.10619387e+01 -1.13545251e+02
1.38888889e-05 -1.89393939e-05 5.00000300e+07 4.80739869e+01 -1.12581221e+02
1.43939394e-05 -1.89393939e-05 5.00000305e+07 4.50969665e+01 -1.11476885e+02
1.48989899e-05 -1.89393939e-05 5.00000308e+07 4.21378471e+01 -1.10252823e+02
1.54040404e-05 -1.89393939e-05 5.00000309e+07 3.92011132e+01 -1.08926413e+02
1.59090909e-05 -1.89393939e-05 5.00000308e+07 3.62895127e+01 -1.07511996e+02
1.64141414e-05 -1.89393939e-05 5.00000307e+07 3.34047173e+01 -1.06021104e+02
1.69191919e-05 -1.89393939e-05 5.00000304e+07 3.05478914e+01 -1.04462757e+02
1.74242424e-05 -1.89393939e-05 5.00000301e+07 2.77201631e+01 -1.02843803e+02
1.79292929e-05 -1.89393939e-05 5.00000297e+07 2.49229969e+01 -1.01169278e+02
1.84343434e-05 -1.89393939e-05 5.00000294e+07 2.21584670e+01 -9.94427965e+01
1.89393939e-05 -1.89393939e-05 5.00000290e+07 1.94294335e+01 -9.76669249e+01
1.94444444e-05 -1.89393939e-05 5.00000285e+07 1.67396273e+01 -9.58435537e+01
1.99494949e-05 -1.89393939e-05 5.00000281e+07 1.40936510e+01 -9.39742351e+01
2.04545455e-05 -1.89393939e-05 5.00000278e+07 1.14969070e+01 -9.20604843e+01
2.09595960e-05 -1.89393939e-05 5.00000274e+07 8.95546458e+00 -9.01040335e+01
2.14646465e-05 -1.89393939e-05 5.00000271e+07 6.47588183e+00 -8.81070318e+01
2.19696970e-05 -1.89393939e-05 5.00000268e+07 4.06499577e+00 -8.60721886e+01
2.24747475e-05 -1.89393939e-05 5.00000265e+07 1.72969733e+00 -8.40028598e+01
2.29797980e-05 -1.89393939e-05 5.00000263e+07 -5.23295384e-01 -8.19030792e+01
2.34848485e-05 -1.89393939e-05 5.00000261e+07 -2.68765238e+00 -7.97775410e+01
2.39898990e-05 -1.89393939e-05 5.00000259e+07 -4.75762517e+00 -7.76315399e+01
2.44949495e-05 -1.89393939e-05 5.00000257e+07 -6.72821004e+00 -7.54708768e+01
2.50000000e-05 -1.89393939e-05 5.00000256e+07 -8.59527566e+00 -7.33017410e+01
-2.50000000e-05 -1.84343434e-05 4.99999774e+07 4.47655903e+01 1.44312755e+02
-2.44949495e-05 -1.84343434e-05 4.99999772e+07 5.25783996e+01 1.47230808e+02
-2.39898990e-05 -1.84343434e-05 4.99999769e+07 6.06570411e+01 1.50003095e+02
-2.34848485e-05 -1.84343434e-05 4.99999764e+07 6.89915161e+01 1.52624046e+02
-2.29797980e-05 -1.84343434e-05 4.99999756e+07 7.75724223e+01 1.55090679e+02
-2.24747475e-05 -1.84343434e-05 4.99999746e+07 8.63918739e+01 1.57402780e+02
-2.19696970e-05 -1.84343434e-05 4.99999732e+07 9.54445993e+01 1.59562900e+02
-2.14646465e-05 -1.84343434e-05 4.99999716e+07 1.04729193e+02 1.61576095e+02
-2.09595960e-05 -1.84343434e-05 4.99999697e+07 1.14249474e+02 1.63449312e+02
-2.04545455e-05 -1.84343434e-05 4.99999674e+07 1.24015859e+02 1.65190338e+02
-1.99494949e-05 -1.84343434e-05 4.99999647e+07 1.34046642e+02 1.66806205e+02
-1.94444444e-05 -1.84343434e-05 4.99999616e+07 1.44369003e+02 1.68300995e+02
-1.89393939e-05 -1.84343434e-05 4.99999581e+07 1.55019548e+02 1.69672985e+02
-1.84343434e-05 -1.84343434e-05 4.99999542e+07 1.66044147e+02 1.70911120e+02
-1.79292929e-05 -1.84343434e-05 4.99999498e+07 1.77496806e+02 1.71990880e+02
-1.74242424e-05 -1.84343434e-05 4.99999449e+07 1.89437301e+02 1.72869626e+02
-1.69191919e-05 -1.84343434e-05 4.99999396e+07 2.01927332e+02 1.73481633e+02
-1.64141414e-05 -1.84343434e-05 4.99999338e+07 2.15024945e+02 1.73733047e+02
-1.59090909e-05 -1.84343434e-05 4.99999277e+07 2.28777053e+02 1.73497121e+02
-1.54040404e-05 -1.84343434e-05 4.99999212e+07 2.43209917e+02 1.72610138e+02
-1.48989899e-05 -1.84343434e-05 4.99999145e+07 2.58317548e+02 1.70868562e+02
-1.43939394e-05 -1.84343434e-05 4.99999077e+07 2.74048067e+02 1.68028050e+02
-1.38888889e-05 -1.84343434e-05 4.99999010e+07 2.90288253e+02 1.63805121e+02
-1.33838384e-05 -1.84343434e-05 4.99998946e+07 3.06846706e+02 1.57882490e+02
-1.28787879e-05 -1.84343434e-05 4.99998886e+07 3.23436463e+02 1.49919225e+02
-1.23737374e-05 -1.84343434e-05 4.99998835e+07 3.39658432e+02 1.39567093e+02
-1.18686869e-05 -1.84343434e-05 4.99998794e+07 3.54987808e+02 1.26494435e+02
-1.13636364e-05 -1.84343434e-05 4.99998766e+07 3.68766607e+02 1.10418649e+02
-1.08585859e-05 -1.84343434e-05 4.99998753e+07 3.80206526e+02 9.11475888e+01
-1.03535354e-05 -1.84343434e-05 4.99998756e+07 3.88407250e+02 6.86286744e+01
-9.84848485e-06 -1.84343434e-05 4.99998775e+07 3.92395645e+02 4.30022250e+01
-9.34343434e-06 -1.84343434e-05 4.99998809e+07 3.91190310e+02 1.46524472e+01
-8.83838384e-06 -1.84343434e-05 4.99998854e+07 3.83893165e+02 -1.57538310e+01
-8.33333333e-06 -1.84343434e-05 4.99998904e+07 3.69804552e+02 -4.72532245e+01
-7.82828283e-06 -1.84343434e-05 4.99998952e+07 3.48551054e+02 -7.86096919e+01
-7.32323232e-06 -1.84343434e-05 4.99998991e+07 3.20207058e+02 -1.08386094e+02
-6.81818182e-06 -1.84343434e-05 4.99999011e+07 2.85384721e+02 -1.35065394e+02
-6.31313131e-06 -1.84343434e-05 4.99999005e+07 2.45265505e+02 -1.57211644e+02
-5.80808081e-06 -1.84343434e-05 4.99998967e+07 2.01552799e+02 -1.73647855e+02
-5.30303030e-06 -1.84343434e-05 4.99998898e+07 1.56339624e+02 -1.83618062e+02
-4.79797980e-06 -1.84343434e-05 4.99998797e+07 1.11905166e+02 -1.86899115e+02
-4.29292929e-06 -1.84343434e-05 4.99998673e+07 7.04727344e+01 -1.83836089e+02
-3.78787879e-06 -1.84343434e-05 4.99998535e+07 3.39728983e+01 -1.75292288e+02
-3.28282828e-06 -1.84343434e-05 4.99998395e+07 3.85463034e+00 -1.62524882e+02
-2.77777778e-06 -1.84343434e-05 4.99998264e+07 -1.90253293e+01 -1.47013676e+02
-2.27272727e-06 -1.84343434e-05 4.99998154e+07 -3.44242132e+01 -1.30277997e+02
-1.76767677e-06 -1.84343434e-05 4.99998074e+07 -4.26549551e+01 -1.13714227e+02
-1.26262626e-06 -1.84343434e-05 4.99998029e+07 -4.44707063e+01 -9.84764633e+01
-7.57575758e-07 -1.84343434e-05 4.99998022e+07 -4.09206240e+01 -8.54097509e+01
-2.52525253e-07 -1.84343434e-05 4.99998052e+07 -3.32035520e+01 -7.50335953e+01
2.52525253e-07 -1.84343434e-05 4.99998118e+07 -2.25394979e+01 -6.75654917e+01
7.57575758e-07 -1.84343434e-05 4.99998214e+07 -1.00703576e+01 -6.29707201e+01
1.26262626e-06 -1.84343434e-05 4.99998334e+07 3.20642379e+00 -6.10248240e+01
1.76767677e-06 -1.84343434e-05 4.99998472e+07 1.64733182e+01 -6.13776588e+01
2.27272727e-06 -1.84343434e-05 4.99998623e+07 2.91027775e+01 -6.36113050e+01
2.77777778e-06 -1.84343434e-05 4.99998780e+07 4.06487197e+01 -6.72875198e+01
3.28282828e-06 -1.84343434e-05 4.99998939e+07 5.08261520e+01 -7.19831666e+01
3.78787879e-06 -1.84343434e-05 4.99999095e+07 5.94846621e+01 -7.73140166e+01
4.29292929e-06 -1.84343434e-05 4.99999245e+07 6.65801584e+01 -8.29484845e+01
4.79797980e-06 -1.84343434e-05 4.99999387e+07 7.21478555e+01 -8.86133869e+01
5.30303030e-06 -1.84343434e-05 4.99999519e+07 7.62783043e+01 -9.40938812e+01
5.80808081e-06 -1.84343434e-05 4.99999640e+07 7.90973153e+01 -9.92295375e+01
6.31313131e-06 -1.84343434e-05 4.99999750e+07 8.07499614e+01 -1.03908149e+02
6.81818182e-06 -1.84343434e-05 4.99999848e+07 8.13884168e+01 -1.08058505e+02
7.32323232e-06 -1.84343434e-05 4.99999936e+07 8.11631570e+01 -1.11642993e+02
7.82828283e-06 -1.84343434e-05 5.00000012e+07 8.02169478e+01 -1.14650580e+02
8.33333333e-06 -1.84343434e-05 5.00000079e+07 7.86810498e+01 -1.17090510e+02
8.83838384e-06 -1.84343434e-05 5.00000136e+07 7.66731119e+01 -1.18986853e+02
9.34343434e-06 -1.84343434e-05 5.00000185e+07 7.42963047e+01 -1.20373941e+02
9.84848485e-06 -1.84343434e-05 5.00000226e+07 7.16393288e+01 -1.21292645e+02
1.03535354e-05 -1.84343434e-05 5.00000260e+07 6.87770096e+01 -1.21787414e+02
1.08585859e-05 -1.84343434e-05 5.00000288e+07 6.57712655e+01 -1.21903962e+02
1.13636364e-05 -1.84343434e-05 5.00000311e+07 6.26722914e+01 -1.21687513e+02
1.18686869e-05 -1.84343434e-05 5.00000328e+07 5.95198475e+01 -1.21181497e+02
1.23737374e-05 -1.84343434e-05 5.00000341e+07 5.63445787e+01 -1.20426608e+02
1.28787879e-05 -1.84343434e-05 5.00000351e+07 5.31693170e+01 -1.19460165e+02
1.33838384e-05 -1.84343434e-05 5.00000357e+07 5.00103344e+01 -1.18315705e+02
1.38888889e-05 -1.84343434e-05 5.00000361e+07 4.68785283e+01 -1.17022764e+02
1.43939394e-05 -1.84343434e-05 5.00000362e+07 4.37805287e+01 -1.15606819e+02
1.48989899e-05 -1.84343434e-05 5.00000362e+07 4.07197177e+01 -1.14089350e+02
1.54040404e-05 -1.84343434e-05 5.00000359e+07 3.76971570e+01 -1.12488008e+02
1.59090909e-05 -1.84343434e-05 5.00000356e+07 3.47124173e+01 -1.10816874e+02
1.64141414e-05 -1.84343434e-05 5.00000351e+07 3.17643050e+01 -1.09086781e+02
1.69191919e-05 -1.84343434e-05 5.00000346e+07 2.88514811e+01 -1.07305702e+02
1.74242424e-05 -1.84343434e-05 5.00000340e+07 2.59729680e+01 -1.05479173e+02
1.79292929e-05 -1.84343434e-05 5.00000334e+07 2.31285425e+01 -1.03610747e+02
1.84343434e-05 -1.84343434e-05 5.00000328e+07 2.03190135e+01 -1.01702453e+02
1.89393939e-05 -1.84343434e-05 5.00000322e+07 1.75463878e+01 -9.97552575e+01
1.94444444e-05 -1.84343434e-05 5.00000316e+07 1.48139304e+01 -9.77694973e+01
1.99494949e-05 -1.84343434e-05 5.00000311e+07 1.21261266e+01 -9.57452793e+01
2.04545455e-05 -1.84343434e-05 5.00000305e+07 9.48856125e+00 -9.36828307e+01
2.09595960e-05 -1.84343434e-05 5.00000300e+07 6.90772917e+00 -9.15827891e+01
2.14646465e-05 -1.84343434e-05 5.00000296e+07 4.39079424e+00 -8.94464261e+01
2.19696970e-05 -1.84343434e-05 5.00000292e+07 1.94531631e+00 -8.72758014e+01
2.24747475e-05 -1.84343434e-05 5.00000288e+07 -4.21036019e-01 -8.50738468e+01
2.29797980e-05 -1.84343434e-05 5.00000285e+07 -2.70076937e+00 -8.28443852e+01
2.34848485e-05 -1.84343434e-05 5.00000282e+07 -4.88683106e+00 -8.05920905e+01
2.39898990e-05 -1.84343434e-05 5.00000279e+07 -6.97284351e+00 -7.83223986e+01
2.44949495e-05 -1.84343434e-05 5.00000277e+07 -8.95329850e+00 -7.60413795e+01
2.50000000e-05 -1.84343434e-05 5.00000275e+07 -1.08237053e+01 -7.37555833e+01
-2.50000000e-05 -1.79292929e-05 4.99999796e+07 4.16890940e+01 1.46527106e+02
-2.44949495e-05 -1.79292929e-05 4.99999796e+07 4.96452146e+01 1.49618933e+02
-2.39898990e-05 -1.79292929e-05 4.99999794e+07 5.78738618e+01 1.52562306e+02
-2.34848485e-05 -1.79292929e-05 4.99999789e+07 6.63622503e+01 1.55352035e+02
-2.29797980e-05 -1.79292929e-05 4.99999782e+07 7.50978367e+01 1.57986291e+02
-2.24747475e-05 -1.79292929e-05 4.99999772e+07 8.40693760e+01 1.60467023e+02
-2.19696970e-05 -1.79292929e-05 4.99999759e+07 9.32682355e+01 1.62800205e+02
-2.14646465e-05 -1.79292929e-05 4.99999743e+07 1.02689958e+02 1.64995821e+02
-2.09595960e-05 -1.79292929e-05 4.99999723e+07 1.12336034e+02 1.67067480e+02
-2.04545455e-05 -1.79292929e-05 4.99999699e+07 1.22215811e+02 1.69031531e+02
-1.99494949e-05 -1.79292929e-05 4.99999671e+07 1.32348394e+02 1.70905548e+02
-1.94444444e-05 -1.79292929e-05 4.99999638e+07 1.42764378e+02 1.72706067e+02
-1.89393939e-05 -1.79292929e-05 4.99999601e+07 1.53507157e+02 1.74445496e+02
-1.84343434e-05 -1.79292929e-05 4.99999559e+07 1.64633523e+02 1.76128126e+02
-1.79292929e-05 -1.79292929e-05 4.99999511e+07 1.76213243e+02 1.77745284e+02
-1.74242424e-05 -1.79292929e-05 4.99999457e+07 1.88327257e+02 1.79269711e+02
-1.69191919e-05 -1.79292929e-05 4.99999398e+07 2.01064169e+02 1.80649324e+02
-1.64141414e-05 -1.79292929e-05 4.99999333e+07 2.14514722e+02 1.81800645e+02
-1.59090909e-05 -1.79292929e-05 4.99999262e+07 2.28763970e+02 1.82602223e+02
-1.54040404e-05 -1.79292929e-05 4.99999187e+07 2.43880957e+02 1.82888481e+02
-1.48989899e-05 -1.79292929e-05 4.99999107e+07 2.59905702e+02 1.82444524e+02
-1.43939394e-05 -1.79292929e-05 4.99999025e+07 2.76833426e+02 1.81002566e+02
-1.38888889e-05 -1.79292929e-05 4.99998942e+07 2.94596000e+02 1.78240846e+02
-1.33838384e-05 -1.79292929e-05 4.99998860e+07 3.13040824e+02 1.73786179e+02
-1.28787879e-05 -1.79292929e-05 4.99998783e+07 3.31907644e+02 1.67221626e+02
-1.23737374e-05 -1.79292929e-05 4.99998713e+07 3.50804486e+02 1.58101206e+02
-1.18686869e-05 -1.79292929e-05 4.99998653e+07 3.69184770e+02 1.45973856e+02
-1.13636364e-05 -1.79292929e-05 4.99998608e+07 3.86329131e+02 1.30418935e+02
-1.08585859e-05 -1.79292929e-05 4.99998581e+07 4.01337202e+02 1.11095012e+02
-1.03535354e-05 -1.79292929e-05 4.99998573e+07 4.13136506e+02 8.78021773e+01
-9.84848485e-06 -1.79292929e-05 4.99998586e+07 4.20517093e+02 6.05552406e+01
-9.34343434e-06 -1.79292929e-05 4.99998619e+07 4.22200567e+02 2.96607644e+01
-8.83838384e-06 -1.79292929e-05 4.99998668e+07 4.16949617e+02 -4.21468489e+00
-8.33333333e-06 -1.79292929e-05 4.99998728e+07 4.03717671e+02 -4.00032152e+01
-7.82828283e-06 -1.79292929e-05 4.99998790e+07 3.81827667e+02 -7.62425128e+01
-7.32323232e-06 -1.79292929e-05 4.99998843e+07 3.51155214e+02 -1.11150099e+02
-6.81818182e-06 -1.79292929e-05 4.99998876e+07 3.12278671e+02 -1.42774030e+02
-6.31313131e-06 -1.79292929e-05 4.99998880e+07 2.66552488e+02 -1.69211079e+02
-5.80808081e-06 -1.79292929e-05 4.99998846e+07 2.16066671e+02 -1.88861147e+02
-5.30303030e-06 -1.79292929e-05 4.99998772e+07 1.63476729e+02 -2.00668016e+02
-4.79797980e-06 -1.79292929e-05 4.99998661e+07 1.11720913e+02 -2.04290533e+02
-4.29292929e-06 -1.79292929e-05 4.99998520e+07 6.36742933e+01 -2.00160458e+02
-3.78787879e-06 -1.79292929e-05 4.99998363e+07 2.18091544e+01 -1.89411145e+02
-3.28282828e-06 -1.79292929e-05 4.99998204e+07 -1.20701562e+01 -1.73695131e+02
-2.77777778e-06 -1.79292929e-05 4.99998059e+07 -3.69718337e+01 -1.54935662e+02
-2.27272727e-06 -1.79292929e-05 4.99997942e+07 -5.27278731e+01 -1.35068016e+02
-1.76767677e-06 -1.79292929e-05 4.99997862e+07 -5.98908922e+01 -1.15819818e+02
-1.26262626e-06 -1.79292929e-05 4.99997827e+07 -5.95557948e+01 -9.85610774e+01
-7.57575758e-07 -1.79292929e-05 4.99997838e+07 -5.31512677e+01 -8.42330254e+01
-2.52525253e-07 -1.79292929e-05 4.99997894e+07 -4.22398165e+01 -7.33471302e+01
2.52525253e-07 -1.79292929e-05 4.99997989e+07 -2.83523303e+01 -6.60354143e+01
7.57575758e-07 -1.79292929e-05 4.99998117e+07 -1.28694082e+01 -6.21302989e+01
1.26262626e-06 -1.79292929e-05 4.99998271e+07 3.04956703e+00 -6.12545543e+01
1.76767677e-06 -1.79292929e-05 4.99998442e+07 1.84959541e+01 -6.29069686e+01
2.27272727e-06 -1.79292929e-05 4.99998623e+07 3.28098554e+01 -6.65349486e+01
2.77777778e-06 -1.79292929e-05 4.99998807e+07 4.55571141e+01 -7.15901448e+01
3.28282828e-06 -1.79292929e-05 4.99998989e+07 5.64946602e+01 -7.75667766e+01
3.78787879e-06 -1.79292929e-05 4.99999165e+07 6.55315330e+01 -8.40245679e+01
4.29292929e-06 -1.79292929e-05 4.99999331e+07 7.26907024e+01 -9.05993005e+01
4.79797980e-06 -1.79292929e-05 4.99999485e+07 7.80748169e+01 -9.70042568e+01
5.30303030e-06 -1.79292929e-05 4.99999626e+07 8.18374312e+01 -1.03025580e+02
5.80808081e-06 -1.79292929e-05 4.99999753e+07 8.41601342e+01 -1.08514063e+02
6.31313131e-06 -1.79292929e-05 4.99999867e+07 8.52352781e+01 -1.13375279e+02
6.81818182e-06 -1.79292929e-05 4.99999966e+07 8.52536131e+01 -1.17559399e+02
7.32323232e-06 -1.79292929e-05 5.00000053e+07 8.43959673e+01 -1.21051555e+02
7.82828283e-06 -1.79292929e-05 5.00000128e+07 8.28281045e+01 -1.23863245e+02
8.33333333e-06 -1.79292929e-05 5.00000192e+07 8.06979683e+01 -1.26024970e+02
8.83838384e-06 -1.79292929e-05 5.00000246e+07 7.81346435e+01 -1.27580164e+02
9.34343434e-06 -1.79292929e-05 5.00000290e+07 7.52484946e+01 -1.28580316e+02
9.84848485e-06 -1.79292929e-05 5.00000327e+07 7.21320704e+01 -1.29081155e+02
1.03535354e-05 -1.79292929e-05 5.00000356e+07 6.88614655e+01 -1.29139744e+02
1.08585859e-05 -1.79292929e-05 5.00000379e+07 6.54979252e+01 -1.28812311e+02
1.13636364e-05 -1.79292929e-05 5.00000396e+07 6.20895467e+01 -1.28152680e+02
1.18686869e-05 -1.79292929e-05 5.00000409e+07 5.86729802e+01 -1.27211171e+02
1.23737374e-05 -1.79292929e-05 5.00000418e+07 5.52750754e+01 -1.26033863e+02
1.28787879e-05 -1.79292929e-05 5.00000423e+07 5.19144399e+01 -1.24662142e+02
1.33838384e-05 -1.79292929e-05 5.00000425e+07 4.86028955e+01 -1.23132465e+02
1.38888889e-05 -1.79292929e-05 5.00000424e+07 4.53468259e+01 -1.21476301e+02
1.43939394e-05 -1.79292929e-05 5.00000421e+07 4.21484149e+01 -1.19720195e+02
1.48989899e-05 -1.79292929e-05 5.00000417e+07 3.90067747e+01 -1.17885961e+02
1.54040404e-05 -1.79292929e-05 5.00000411e+07 3.59189646e+01 -1.15990954e+02
1.59090909e-05 -1.79292929e-05 5.00000404e+07 3.28808959e+01 -1.14048433e+02
1.64141414e-05 -1.79292929e-05 5.00000397e+07 2.98881209e+01 -1.12067979e+02
1.69191919e-05 -1.79292929e-05 5.00000389e+07 2.69365001e+01 -1.10055978e+02
1.74242424e-05 -1.79292929e-05 5.00000380e+07 2.40227421e+01 -1.08016135e+02
1.79292929e-05 -1.79292929e-05 5.00000372e+07 2.11448146e+01 -1.05950022e+02
1.84343434e-05 -1.79292929e-05 5.00000363e+07 1.83022223e+01 -1.03857627e+02
1.89393939e-05 -1.79292929e-05 5.00000355e+07 1.54961563e+01 -1.01737892e+02
1.94444444e-05 -1.79292929e-05 5.00000347e+07 1.27295201e+01 -9.95892277e+01
1.99494949e-05 -1.79292929e-05 5.00000340e+07 1.00068439e+01 -9.74099772e+01
2.04545455e-05 -1.79292929e-05 5.00000333e+07 7.33410188e+00 -9.51988190e+01
2.09595960e-05 -1.79292929e-05 5.00000327e+07 4.71845130e+00 -9.29550963e+01
2.14646465e-05 -1.79292929e-05 5.00000321e+07 2.16791565e+00 -9.06790645e+01
2.19696970e-05 -1.79292929e-05 5.00000315e+07 -3.08966519e-01 -8.83720525e+01
2.24747475e-05 -1.79292929e-05 5.00000311e+07 -2.70350373e+00 -8.60365399e+01
2.29797980e-05 -1.79292929e-05 5.00000307e+07 -5.00720392e+00 -8.36761559e+01
2.34848485e-05 -1.79292929e-05 5.00000303e+07 -7.21209878e+00 -8.12956080e+01
2.39898990e-05 -1.79292929e-05 5.00000300e+07 -9.31102529e+00 -7.89005546e+01
2.44949495e-05 -1.79292929e-05 5.00000297e+07 -1.12978542e+01 -7.64974336e+01
2.50000000e-05 -1.79292929e-05 5.00000295e+07 -1.31676593e+01 -7.40932633e+01
-2.50000000e-05 -1.74242424e-05 4.99999822e+07 3.84402533e+01 1.48593989e+02
-2.44949495e-05 -1.74242424e-05 4.99999823e+07 4.65436981e+01 1.51852814e+02
-2.39898990e-05 -1.74242424e-05 4.99999822e+07 5.49266065e+01 1.54957442e+02
-2.34848485e-05 -1.74242424e-05 4.99999819e+07 6.35727416e+01 1.57902409e+02
-2.29797980e-05 -1.74242424e-05 4.99999813e+07 7.24655099e+01 1.60686399e+02
-2.24747475e-05 -1.74242424e-05 4.99999804e+07 8.15891221e+01 1.63312945e+02
-2.19696970e-05 -1.74242424e-05 4.99999791e+07 9.09301028e+01 1.65791002e+02
-2.14646465e-05 -1.74242424e-05 4.99999775e+07 1.00479166e+02 1.68135287e+02
-2.09595960e-05 -1.74242424e-05 4.99999755e+07 1.10233434e+02 1.70366235e+02
-2.04545455e-05 -1.74242424e-05 4.99999731e+07 1.20198945e+02 1.72509416e+02
-1.99494949e-05 -1.74242424e-05 4.99999702e+07 1.30393302e+02 1.74594234e+02
-1.94444444e-05 -1.74242424e-05 4.99999669e+07 1.40848286e+02 1.76651740e+02
-1.89393939e-05 -1.74242424e-05 4.99999630e+07 1.51612144e+02 1.78711407e+02
-1.84343434e-05 -1.74242424e-05 4.99999585e+07 1.62751216e+02 1.80796764e+02
-1.79292929e-05 -1.74242424e-05 4.99999534e+07 1.74350494e+02 1.82919879e+02
-1.74242424e-05 -1.74242424e-05 4.99999476e+07 1.86512686e+02 1.85074728e+02
-1.69191919e-05 -1.74242424e-05 4.99999410e+07 1.99355361e+02 1.87229641e+02
-1.64141414e-05 -1.74242424e-05 4.99999338e+07 2.13005768e+02 1.89319062e+02
-1.59090909e-05 -1.74242424e-05 4.99999258e+07 2.27592985e+02 1.91234971e+02
-1.54040404e-05 -1.74242424e-05 4.99999172e+07 2.43237086e+02 1.92818391e+02
-1.48989899e-05 -1.74242424e-05 4.99999079e+07 2.60035066e+02 1.93851465e+02
-1.43939394e-05 -1.74242424e-05 4.99998981e+07 2.78043251e+02 1.94050728e+02
-1.38888889e-05 -1.74242424e-05 4.99998880e+07 2.97255949e+02 1.93062397e+02
-1.33838384e-05 -1.74242424e-05 4.99998779e+07 3.17580140e+02 1.90460862e+02
-1.28787879e-05 -1.74242424e-05 4.99998679e+07 3.38806252e+02 1.85752077e+02
-1.23737374e-05 -1.74242424e-05 4.99998586e+07 3.60575557e+02 1.78384283e+02
-1.18686869e-05 -1.74242424e-05 4.99998504e+07 3.82345834e+02 1.67769282e+02
-1.13636364e-05 -1.74242424e-05 4.99998437e+07 4.03358671e+02 1.53318121e+02
-1.08585859e-05 -1.74242424e-05 4.99998389e+07 4.22614376e+02 1.34495184e+02
-1.03535354e-05 -1.74242424e-05 4.99998365e+07 4.38863779e+02 1.10893529e+02
-9.84848485e-06 -1.74242424e-05 4.99998367e+07 4.50629558e+02 8.23312426e+01
-9.34343434e-06 -1.74242424e-05 4.99998395e+07 4.56271951e+02 4.89627716e+01
-8.83838384e-06 -1.74242424e-05 4.99998447e+07 4.54112634e+02 1.13905451e+01
-8.33333333e-06 -1.74242424e-05 4.99998516e+07 4.42623631e+02 -2.92479860e+01
-7.82828283e-06 -1.74242424e-05 4.99998593e+07 4.20673419e+02 -7.12513436e+01
-7.32323232e-06 -1.74242424e-05 4.99998665e+07 3.87800379e+02 -1.12418054e+02
-6.81818182e-06 -1.74242424e-05 4.99998716e+07 3.44459387e+02 -1.50227491e+02
-6.31313131e-06 -1.74242424e-05 4.99998733e+07 2.92170879e+02 -1.82134516e+02
-5.80808081e-06 -1.74242424e-05 4.99998704e+07 2.33505214e+02 -2.05936953e+02
-5.30303030e-06 -1.74242424e-05 4.99998626e+07 1.71866426e+02 -2.20139182e+02
-4.79797980e-06 -1.74242424e-05 4.99998501e+07 1.11093664e+02 -2.24219416e+02
-4.29292929e-06 -1.74242424e-05 4.99998340e+07 5.49568679e+01 -2.18725215e+02
-3.78787879e-06 -1.74242424e-05 4.99998160e+07 6.66006776e+00 -2.05168997e+02
-3.28282828e-06 -1.74242424e-05 4.99997979e+07 -3.15364822e+01 -1.85754139e+02
-2.77777778e-06 -1.74242424e-05 4.99997819e+07 -5.85039363e+01 -1.63007642e+02
-2.27272727e-06 -1.74242424e-05 4.99997695e+07 -7.42291730e+01 -1.39410380e+02
-1.76767677e-06 -1.74242424e-05 4.99997621e+07 -7.96348516e+01 -1.17099911e+02
-1.26262626e-06 -1.74242424e-05 4.99997602e+07 -7.63033424e+01 -9.76864811e+01
-7.57575758e-07 -1.74242424e-05 4.99997639e+07 -6.61755517e+01 -8.21868330e+01
-2.52525253e-07 -1.74242424e-05 4.99997728e+07 -5.12799232e+01 -7.10545052e+01
2.52525253e-07 -1.74242424e-05 4.99997861e+07 -3.35236838e+01 -6.42733594e+01
7.57575758e-07 -1.74242424e-05 4.99998030e+07 -1.45566983e+01 -6.14808289e+01
1.26262626e-06 -1.74242424e-05 4.99998224e+07 4.29724091e+00 -6.20941272e+01
1.76767677e-06 -1.74242424e-05 4.99998433e+07 2.20553673e+01 -6.54218537e+01
2.27272727e-06 -1.74242424e-05 4.99998648e+07 3.80535580e+01 -7.07520809e+01
2.77777778e-06 -1.74242424e-05 4.99998862e+07 5.19020088e+01 -7.74146470e+01
3.28282828e-06 -1.74242424e-05 4.99999069e+07 6.34313909e+01 -8.48196834e+01
3.78787879e-06 -1.74242424e-05 4.99999265e+07 7.26383564e+01 -9.24766486e+01
4.29292929e-06 -1.74242424e-05 4.99999446e+07 7.96359298e+01 -9.99988718e+01
4.79797980e-06 -1.74242424e-05 4.99999612e+07 8.46116344e+01 -1.07098356e+02
5.30303030e-06 -1.74242424e-05 4.99999760e+07 8.77942624e+01 -1.13574832e+02
5.80808081e-06 -1.74242424e-05 4.99999891e+07 8.94289480e+01 -1.19302117e+02
6.31313131e-06 -1.74242424e-05 5.00000005e+07 8.97595209e+01 -1.24213896e+02
6.81818182e-06 -1.74242424e-05 5.00000104e+07 8.90168279e+01 -1.28290291e+02
7.32323232e-06 -1.74242424e-05 5.00000188e+07 8.74116902e+01 -1.31545958e+02
7.82828283e-06 -1.74242424e-05 5.00000259e+07 8.51312870e+01 -1.34020023e+02
8.33333333e-06 -1.74242424e-05 5.00000318e+07 8.23379520e+01 -1.35767892e+02
8.83838384e-06 -1.74242424e-05 5.00000366e+07 7.91695783e+01 -1.36854797e+02
9.34343434e-06 -1.74242424e-05 5.00000405e+07 7.57410235e+01 -1.37350858e+02
9.84848485e-06 -1.74242424e-05 5.00000435e+07 7.21460779e+01 -1.37327403e+02
1.03535354e-05 -1.74242424e-05 5.00000458e+07 6.84596915e+01 -1.36854313e+02
1.08585859e-05 -1.74242424e-05 5.00000475e+07 6.47402641e+01 -1.35998152e+02
1.13636364e-05 -1.74242424e-05 5.00000487e+07 6.10318768e+01 -1.34820915e+02
1.18686869e-05 -1.74242424e-05 5.00000494e+07 5.73663988e+01 -1.33379227e+02
1.23737374e-05 -1.74242424e-05 5.00000497e+07 5.37654391e+01 -1.31723877e+02
1.28787879e-05 -1.74242424e-05 5.00000497e+07 5.02421369e+01 -1.29899605e+02
1.33838384e-05 -1.74242424e-05 5.00000494e+07 4.68027939e+01 -1.27945066e+02
1.38888889e-05 -1.74242424e-05 5.00000489e+07 4.34483602e+01 -1.25892938e+02
1.43939394e-05 -1.74242424e-05 5.00000482e+07 4.01757844e+01 -1.23770138e+02
1.48989899e-05 -1.74242424e-05 5.00000473e+07 3.69792352e+01 -1.21598130e+02
1.54040404e-05 -1.74242424e-05 5.00000464e+07 3.38512009e+01 -1.19393313e+02
1.59090909e-05 -1.74242424e-05 5.00000453e+07 3.07834639e+01 -1.17167478e+02
1.64141414e-05 -1.74242424e-05 5.00000442e+07 2.77679495e+01 -1.14928331e+02
1.69191919e-05 -1.74242424e-05 5.00000431e+07 2.47974397e+01 -1.12680064e+02
1.74242424e-05 -1.74242424e-05 5.00000420e+07 2.18661468e+01 -1.10423976e+02
1.79292929e-05 -1.74242424e-05 5.00000409e+07 1.89701398e+01 -1.08159109e+02
1.84343434e-05 -1.74242424e-05 5.00000398e+07 1.61076203e+01 -1.05882897e+02
1.89393939e-05 -1.74242424e-05 5.00000388e+07 1.32790484e+01 -1.03591797e+02
1.94444444e-05 -1.74242424e-05 5.00000378e+07 1.04871271e+01 -1.01281887e+02
1.99494949e-05 -1.74242424e-05 5.00000369e+07 7.73665475e+00 -9.89494017e+01
2.04545455e-05 -1.74242424e-05 5.00000360e+07 5.03426671e+00 -9.65911966e+01
2.09595960e-05 -1.74242424e-05 5.00000352e+07 2.38808671e+00 -9.42051182e+01
2.14646465e-05 -1.74242424e-05 5.00000345e+07 -1.92683877e-01 -9.17902738e+01
2.19696970e-05 -1.74242424e-05 5.00000339e+07 -2.69821179e+00 -8.93471978e+01
2.24747475e-05 -1.74242424e-05 5.00000333e+07 -5.11848445e+00 -8.68779146e+01
2.29797980e-05 -1.74242424e-05 5.00000328e+07 -7.44374380e+00 -8.43859086e+01
2.34848485e-05 -1.74242424e-05 5.00000324e+07 -9.66487949e+00 -8.18760107e+01
2.39898990e-05 -1.74242424e-05 5.00000320e+07 -1.17737640e+01 -7.93542202e+01
2.44949495e-05 -1.74242424e-05 5.00000317e+07 -1.37635186e+01 -7.68274783e+01
2.50000000e-05 -1.74242424e-05 5.00000314e+07 -1.56287030e+01 -7.43034122e+01
-2.50000000e-05 -1.69191919e-05 4.99999852e+07 3.50242994e+01 1.50510350e+02
-2.44949495e-05 -1.69191919e-05 4.99999855e+07 4.32819676e+01 1.53929845e+02
-2.39898990e-05 -1.69191919e-05 4.99999855e+07 5.18270140e+01 1.57185979e+02
-2.34848485e-05 -1.69191919e-05 4.99999853e+07 6.06391298e+01 1.60272144e+02
-2.29797980e-05 -1.69191919e-05 4.99999849e+07 6.96967602e+01 1.63186605e+02
-2.24747475e-05 -1.69191919e-05 4.99999841e+07 7.89783147e+01 1.65933552e+02
-2.19696970e-05 -1.69191919e-05 4.99999829e+07 8.84638283e+01 1.68524084e+02
-2.14646465e-05 -1.69191919e-05 4.99999814e+07 9.81371241e+01 1.70977007e+02
-2.09595960e-05 -1.69191919e-05 4.99999795e+07 1.07988490e+02 1.73319285e+02
-2.04545455e-05 -1.69191919e-05 4.99999771e+07 1.18017833e+02 1.75585919e+02
-1.99494949e-05 -1.69191919e-05 4.99999742e+07 1.28238193e+02 1.77819052e+02
-1.94444444e-05 -1.69191919e-05 4.99999708e+07 1.38679410e+02 1.80066030e+02
-1.89393939e-05 -1.69191919e-05 4.99999668e+07 1.49391636e+02 1.82376214e+02
-1.84343434e-05 -1.69191919e-05 4.99999621e+07 1.60448281e+02 1.84796369e+02
-1.79292929e-05 -1.69191919e-05 4.99999568e+07 1.71947897e+02 1.87364543e+02
-1.74242424e-05 -1.69191919e-05 4.99999506e+07 1.84014464e+02 1.90102462e+02
-1.69191919e-05 -1.69191919e-05 4.99999436e+07 1.96795547e+02 1.93006616e+02
-1.64141414e-05 -1.69191919e-05 4.99999356e+07 2.10457821e+02 1.96038270e+02
-1.59090909e-05 -1.69191919e-05 4.99999268e+07 2.25179543e+02 1.99112778e+02
-1.54040404e-05 -1.69191919e-05 4.99999170e+07 2.41139619e+02 2.02088579e+02
-1.48989899e-05 -1.69191919e-05 4.99999064e+07 2.58502920e+02 2.04756313e+02
-1.43939394e-05 -1.69191919e-05 4.99998949e+07 2.77401459e+02 2.06828520e+02
-1.38888889e-05 -1.69191919e-05 4.99998829e+07 2.97910913e+02 2.07930573e+02
-1.33838384e-05 -1.69191919e-05 4.99998705e+07 3.20021819e+02 2.07593850e+02
-1.28787879e-05 -1.69191919e-05 4.99998580e+07 3.43604719e+02 2.05252815e+02
-1.23737374e-05 -1.69191919e-05 4.99998460e+07 3.68368826e+02 2.00248750e+02
-1.18686869e-05 -1.69191919e-05 4.99998349e+07 3.93814656e+02 1.91844272e+02
-1.13636364e-05 -1.69191919e-05 4.99998252e+07 4.19183073e+02 1.79254384e+02
-1.08585859e-05 -1.69191919e-05 4.99998177e+07 4.43406535e+02 1.61701045e+02
-1.03535354e-05 -1.69191919e-05 4.99998129e+07 4.65073357e+02 1.38498356e+02
-9.84848485e-06 -1.69191919e-05 4.99998113e+07 4.82422077e+02 1.09172963e+02
-9.34343434e-06 -1.69191919e-05 4.99998131e+07 4.93389110e+02 7.36176104e+01
-8.83838384e-06 -1.69191919e-05 4.99998181e+07 4.95735782e+02 3.22635890e+01
-8.33333333e-06 -1.69191919e-05 4.99998259e+07 4.87275790e+02 -1.37594332e+01
-7.82828283e-06 -1.69191919e-05 4.99998353e+07 4.66205990e+02 -6.25261917e+01
-7.32323232e-06 -1.69191919e-05 4.99998447e+07 4.31509672e+02 -1.11342242e+02
-6.81818182e-06 -1.69191919e-05 4.99998521e+07 3.83357248e+02 -1.56946526e+02
-6.31313131e-06 -1.69191919e-05 4.99998556e+07 3.23390918e+02 -1.95904980e+02
-5.80808081e-06 -1.69191919e-05 4.99998537e+07 2.54771962e+02 -2.25145977e+02
-5.30303030e-06 -1.69191919e-05 4.99998455e+07 1.81912435e+02 -2.42519393e+02
-4.79797980e-06 -1.69191919e-05 4.99998314e+07 1.09904812e+02 -2.47223141e+02
-4.29292929e-06 -1.69191919e-05 4.99998128e+07 4.37700312e+01 -2.39963299e+02
-3.78787879e-06 -1.69191919e-05 4.99997918e+07 -1.22854311e+01 -2.22796100e+02
-3.28282828e-06 -1.69191919e-05 4.99997712e+07 -5.54165471e+01 -1.98705685e+02
-2.77777778e-06 -1.69191919e-05 4.99997535e+07 -8.43785884e+01 -1.71050045e+02
-2.27272727e-06 -1.69191919e-05 4.99997408e+07 -9.94509232e+01 -1.43026748e+02
-1.76767677e-06 -1.69191919e-05 4.99997345e+07 -1.02125444e+02 -1.17272866e+02
-1.26262626e-06 -1.69191919e-05 4.99997351e+07 -9.46785361e+01 -9.56491500e+01
-7.57575758e-07 -1.69191919e-05 4.99997424e+07 -7.97379422e+01 -7.91989728e+01
-2.52525253e-07 -1.69191919e-05 4.99997558e+07 -5.99208747e+01 -6.82364304e+01
2.52525253e-07 -1.69191919e-05 4.99997741e+07 -3.75788020e+01 -6.25071632e+01
7.57575758e-07 -1.69191919e-05 4.99997959e+07 -1.46515708e+01 -6.13722384e+01
1.26262626e-06 -1.69191919e-05 4.99998201e+07 7.38633425e+00 -6.39801506e+01
1.76767677e-06 -1.69191919e-05 4.99998454e+07 2.75127703e+01 -6.94074598e+01
2.27272727e-06 -1.69191919e-05 4.99998707e+07 4.51036813e+01 -7.67610536e+01
2.77777778e-06 -1.69191919e-05 4.99998953e+07 5.98589504e+01 -8.52433792e+01
3.28282828e-06 -1.69191919e-05 4.99999186e+07 7.17239367e+01 -9.41865763e+01
3.78787879e-06 -1.69191919e-05 4.99999401e+07 8.08166377e+01 -1.03063180e+02
4.29292929e-06 -1.69191919e-05 4.99999596e+07 8.73657648e+01 -1.11480948e+02
4.79797980e-06 -1.69191919e-05 4.99999770e+07 9.16616252e+01 -1.19168264e+02
5.30303030e-06 -1.69191919e-05 4.99999922e+07 9.40195092e+01 -1.25955039e+02
5.80808081e-06 -1.69191919e-05 5.00000054e+07 9.47540682e+01 -1.31752581e+02
6.31313131e-06 -1.69191919e-05 5.00000167e+07 9.41626561e+01 -1.36534570e+02
6.81818182e-06 -1.69191919e-05 5.00000261e+07 9.25155540e+01 -1.40320331e+02
7.32323232e-06 -1.69191919e-05 5.00000340e+07 9.00512001e+01 -1.43160860e+02
7.82828283e-06 -1.69191919e-05 5.00000405e+07 8.69748638e+01 -1.45127637e+02
8.33333333e-06 -1.69191919e-05 5.00000456e+07 8.34595444e+01 -1.46303991e+02
8.83838384e-06 -1.69191919e-05 5.00000497e+07 7.96481911e+01 -1.46778639e+02
9.34343434e-06 -1.69191919e-05 5.00000528e+07 7.56566058e+01 -1.46641028e+02
9.84848485e-06 -1.69191919e-05 5.00000551e+07 7.15766029e+01 -1.45978075e+02
1.03535354e-05 -1.69191919e-05 5.00000567e+07 6.74791551e+01 -1.44871995e+02
1.08585859e-05 -1.69191919e-05 5.00000577e+07 6.34173746e+01 -1.43398911e+02
1.13636364e-05 -1.69191919e-05 5.00000582e+07 5.94292505e+01 -1.41628051e+02
1.18686869e-05 -1.69191919e-05 5.00000582e+07 5.55401210e+01 -1.39621333e+02
1.23737374e-05 -1.69191919e-05 5.00000579e+07 5.17648851e+01 -1.37433244e+02
1.28787879e-05 -1.69191919e-05 5.00000573e+07 4.81099771e+01 -1.35110890e+02
1.33838384e-05 -1.69191919e-05 5.00000565e+07 4.45751353e+01 -1.32694186e+02
1.38888889e-05 -1.69191919e-05 5.00000555e+07 4.11549903e+01 -1.30216140e+02
1.43939394e-05 -1.69191919e-05 5.00000543e+07 3.78405004e+01 -1.27703213e+02
1.48989899e-05 -1.69191919e-05 5.00000530e+07 3.46202485e+01 -1.25175736e+02
1.54040404e-05 -1.69191919e-05 5.00000517e+07 3.14816099e+01 -1.22648408e+02
1.59090909e-05 -1.69191919e-05 5.00000502e+07 2.84117929e+01 -1.20130842e+02
1.64141414e-05 -1.69191919e-05 5.00000488e+07 2.53987449e+01 -1.17628181e+02
1.69191919e-05 -1.69191919e-05 5.00000474e+07 2.24319160e+01 -1.15141766e+02
1.74242424e-05 -1.69191919e-05 5.00000459e+07 1.95028681e+01 -1.12669854e+02
1.79292929e-05 -1.69191919e-05 5.00000446e+07 1.66057186e+01 -1.10208356e+02
1.84343434e-05 -1.69191919e-05 5.00000432e+07 1.37374118e+01 -1.07751597e+02
1.89393939e-05 -1.69191919e-05 5.00000420e+07 1.08978175e+01 -1.05293044e+02
1.94444444e-05 -1.69191919e-05 5.00000408e+07 8.08966285e+00 -1.02826000e+02
1.99494949e-05 -1.69191919e-05 5.00000397e+07 5.31831011e+00 -1.00344227e+02
2.04545455e-05 -1.69191919e-05 5.00000387e+07 2.59140445e+00 -9.78424697e+01
2.09595960e-05 -1.69191919e-05 5.00000378e+07 -8.15818618e-02 -9.53168770e+01
2.14646465e-05 -1.69191919e-05 5.00000370e+07 -2.68987526e+00 -9.27652898e+01
2.19696970e-05 -1.69191919e-05 5.00000362e+07 -5.22196180e+00 -9.01874091e+01
2.24747475e-05 -1.69191919e-05 5.00000356e+07 -7.66614882e+00 -8.75848359e+01
2.29797980e-05 -1.69191919e-05 5.00000350e+07 -1.00110958e+01 -8.49609997e+01
2.34848485e-05 -1.69191919e-05 5.00000345e+07 -1.22462877e+01 -8.23209899e+01
2.39898990e-05 -1.69191919e-05 5.00000340e+07 -1.43624309e+01 -7.96713116e+01
2.44949495e-05 -1.69191919e-05 5.00000336e+07 -1.63517589e+01 -7.70195892e+01
2.50000000e-05 -1.69191919e-05 5.00000333e+07 -1.82082413e+01 -7.43742404e+01
-2.50000000e-05 -1.64141414e-05 4.99999885e+07 3.14455294e+01 1.52275722e+02
-2.44949495e-05 -1.64141414e-05 4.99999890e+07 3.98673996e+01 1.55850836e+02
-2.39898990e-05 -1.64141414e-05 4.99999893e+07 4.85864739e+01 1.59249807e+02
-2.34848485e-05 -1.64141414e-05 4.99999893e+07 5.75778617e+01 1.62463770e+02
-2.29797980e-05 -1.64141414e-05 4.99999890e+07 6.68142061e+01 1.65489333e+02
-2.24747475e-05 -1.64141414e-05 4.99999883e+07 7.62668614e+01 1.68330011e+02
-2.19696970e-05 -1.64141414e-05 4.99999873e+07 8.59076277e+01 1.70997719e+02
-2.14646465e-05 -1.64141414e-05 4.99999860e+07 9.57111398e+01 1.73514147e+02
-2.09595960e-05 -1.64141414e-05 4.99999841e+07 1.05657975e+02 1.75911866e+02
-2.04545455e-05 -1.64141414e-05 4.99999819e+07 1.15738481e+02 1.78234886e+02
-1.99494949e-05 -1.64141414e-05 4.99999791e+07 1.25957253e+02 1.80538391e+02
-1.94444444e-05 -1.64141414e-05 4.99999757e+07 1.36338033e+02 1.82887299e+02
-1.89393939e-05 -1.64141414e-05 4.99999717e+07 1.46928721e+02 1.85353345e+02
-1.84343434e-05 -1.64141414e-05 4.99999669e+07 1.57805975e+02 1.88010402e+02
-1.79292929e-05 -1.64141414e-05 4.99999614e+07 1.69078829e+02 1.90927894e+02
-1.74242424e-05 -1.64141414e-05 4.99999550e+07 1.80890618e+02 1.94162271e+02
-1.69191919e-05 -1.64141414e-05 4.99999476e+07 1.93418558e+02 1.97746724e+02
-1.64141414e-05 -1.64141414e-05 4.99999391e+07 2.06870355e+02 2.01679414e+02
-1.59090909e-05 -1.64141414e-05 4.99999294e+07 2.21477384e+02 2.05910634e+02
-1.54040404e-05 -1.64141414e-05 4.99999186e+07 2.37484054e+02 2.10329284e+02
-1.48989899e-05 -1.64141414e-05 4.99999066e+07 2.55133067e+02 2.14749010e+02
-1.43939394e-05 -1.64141414e-05 4.99998935e+07 2.74646140e+02 2.18894241e+02
-1.38888889e-05 -1.64141414e-05 4.99998794e+07 2.96199500e+02 2.22386399e+02
-1.33838384e-05 -1.64141414e-05 4.99998645e+07 3.19892961e+02 2.24730804e+02
-1.28787879e-05 -1.64141414e-05 4.99998492e+07 3.45710969e+02 2.25305505e+02
-1.23737374e-05 -1.64141414e-05 4.99998339e+07 3.73473646e+02 2.23354611e+02
-1.18686869e-05 -1.64141414e-05 4.99998192e+07 4.02776320e+02 2.17990787e+02
-1.13636364e-05 -1.64141414e-05 4.99998059e+07 4.32917685e+02 2.08214395e+02
-1.08585859e-05 -1.64141414e-05 4.99997948e+07 4.62820517e+02 1.92959887e+02
-1.03535354e-05 -1.64141414e-05 4.99997866e+07 4.90955627e+02 1.71182527e+02
-9.84848485e-06 -1.64141414e-05 4.99997821e+07 5.15289674e+02 1.41998308e+02
-9.34343434e-06 -1.64141414e-05 4.99997820e+07 5.33289844e+02 1.04884111e+02
-8.83838384e-06 -1.64141414e-05 4.99997863e+07 5.42029345e+02 5.99301022e+01
-8.33333333e-06 -1.64141414e-05 4.99997946e+07 5.38439847e+02 8.10985994e+00
-7.82828283e-06 -1.64141414e-05 4.99998058e+07 5.19739280e+02 -4.85014108e+01
-7.32323232e-06 -1.64141414e-05 4.99998178e+07 4.84015820e+02 -1.06661804e+02
-6.81818182e-06 -1.64141414e-05 4.99998282e+07 4.30872154e+02 -1.62157071e+02
-6.31313131e-06 -1.64141414e-05 4.99998342e+07 3.61951544e+02 -2.10313863e+02
-5.80808081e-06 -1.64141414e-05 4.99998336e+07 2.81126551e+02 -2.46784887e+02
-5.30303030e-06 -1.64141414e-05 4.99998251e+07 1.94183694e+02 -2.68425409e+02
-4.79797980e-06 -1.64141414e-05 4.99998091e+07 1.07994302e+02 -2.73991084e+02
-4.29292929e-06 -1.64141414e-05 4.99997873e+07 2.93641389e+01 -2.64411756e+02
-3.78787879e-06 -1.64141414e-05 4.99997628e+07 -3.61063641e+01 -2.42543364e+02
-3.28282828e-06 -1.64141414e-05 4.99997392e+07 -8.48266464e+01 -2.12497446e+02
-2.77777778e-06 -1.64141414e-05 4.99997199e+07 -1.15507082e+02 -1.78787395e+02
-2.27272727e-06 -1.64141414e-05 4.99997073e+07 -1.28954355e+02 -1.45549584e+02
-1.76767677e-06 -1.64141414e-05 4.99997030e+07 -1.27533466e+02 -1.16012530e+02
-1.26262626e-06 -1.64141414e-05 4.99997074e+07 -1.14504552e+02 -9.22657266e+01
-7.57575758e-07 -1.64141414e-05 4.99997199e+07 -9.34061623e+01 -7.52834434e+01
-2.52525253e-07 -1.64141414e-05 4.99997392e+07 -6.75838375e+01 -6.51133689e+01
2.52525253e-07 -1.64141414e-05 4.99997637e+07 -3.98938168e+01 -6.11382800e+01
7.57575758e-07 -1.64141414e-05 4.99997916e+07 -1.25654678e+01 -6.23409190e+01
1.26262626e-06 -1.64141414e-05 4.99998214e+07 1.28159195e+01 -6.75302087e+01
1.76767677e-06 -1.64141414e-05 4.99998517e+07 3.52486475e+01 -7.55108361e+01
2.27272727e-06 -1.64141414e-05 4.99998811e+07 5.42136119e+01 -8.51947173e+01
2.77777778e-06 -1.64141414e-05 4.99999090e+07 6.95605650e+01 -9.56622034e+01
3.28282828e-06 -1.64141414e-05 4.99999347e+07 8.13997375e+01 -1.06184807e+02
3.78787879e-06 -1.64141414e-05 4.99999579e+07 9.00087385e+01 -1.16221600e+02
4.29292929e-06 -1.64141414e-05 4.99999785e+07 9.57586244e+01 -1.25399833e+02
4.79797980e-06 -1.64141414e-05 4.99999963e+07 9.90590954e+01 -1.33487929e+02
5.30303030e-06 -1.64141414e-05 5.00000116e+07 1.00320581e+02 -1.40366538e+02
5.80808081e-06 -1.64141414e-05 5.00000245e+07 9.99300413e+01 -1.46001165e+02
6.31313131e-06 -1.64141414e-05 5.00000353e+07 9.82371775e+01 -1.50418278e+02
6.81818182e-06 -1.64141414e-05 5.00000440e+07 9.55480930e+01 -1.53685615e+02
7.32323232e-06 -1.64141414e-05 5.00000510e+07 9.21239498e+01 -1.55896680e+02
7.82828283e-06 -1.64141414e-05 5.00000565e+07 8.81827485e+01 -1.57159039e+02
8.33333333e-06 -1.64141414e-05 5.00000607e+07 8.39028650e+01 -1.57585806e+02
8.83838384e-06 -1.64141414e-05 5.00000638e+07 7.94274041e+01 -1.57289703e+02
9.34343434e-06 -1.64141414e-05 5.00000660e+07 7.48687640e+01 -1.56379094e+02
9.84848485e-06 -1.64141414e-05 5.00000674e+07 7.03130430e+01 -1.54955489e+02
1.03535354e-05 -1.64141414e-05 5.00000681e+07 6.58240933e+01 -1.53112099e+02
1.08585859e-05 -1.64141414e-05 5.00000682e+07 6.14471408e+01 -1.50933122e+02
1.13636364e-05 -1.64141414e-05 5.00000679e+07 5.72119580e+01 -1.48493496e+02
1.18686869e-05 -1.64141414e-05 5.00000673e+07 5.31356231e+01 -1.45858976e+02
1.23737374e-05 -1.64141414e-05 5.00000663e+07 4.92249159e+01 -1.43086370e+02
1.28787879e-05 -1.64141414e-05 5.00000651e+07 4.54784106e+01 -1.40223903e+02
1.33838384e-05 -1.64141414e-05 5.00000637e+07 4.18883224e+01 -1.37311618e+02
1.38888889e-05 -1.64141414e-05 5.00000621e+07 3.84421550e+01 -1.34381830e+02
1.43939394e-05 -1.64141414e-05 5.00000604e+07 3.51241886e+01 -1.31459609e+02
1.48989899e-05 -1.64141414e-05 5.00000587e+07 3.19168308e+01 -1.28563304e+02
1.54040404e-05 -1.64141414e-05 5.00000569e+07 2.88018441e+01 -1.25705108e+02
1.59090909e-05 -1.64141414e-05 5.00000551e+07 2.57614477e+01 -1.22891696e+02
1.64141414e-05 -1.64141414e-05 5.00000533e+07 2.27792867e+01 -1.20124917e+02
1.69191919e-05 -1.64141414e-05 5.00000516e+07 1.98412515e+01 -1.17402553e+02
1.74242424e-05 -1.64141414e-05 5.00000498e+07 1.69361290e+01 -1.14719136e+02
1.79292929e-05 -1.64141414e-05 5.00000482e+07 1.40560697e+01 -1.12066802e+02
1.84343434e-05 -1.64141414e-05 5.00000466e+07 1.11968563e+01 -1.09436160e+02
1.89393939e-05 -1.64141414e-05 5.00000451e+07 8.35797065e+00 -1.06817140e+02
1.94444444e-05 -1.64141414e-05 5.00000438e+07 5.54246242e+00 -1.04199799e+02
1.99494949e-05 -1.64141414e-05 5.00000425e+07 2.75663728e+00 -1.01575033e+02
2.04545455e-05 -1.64141414e-05 5.00000413e+07 9.58928563e-03 -9.89351833e+01
2.09595960e-05 -1.64141414e-05 5.00000403e+07 -2.68738665e+00 -9.62745031e+01
2.14646465e-05 -1.64141414e-05 5.00000393e+07 -5.32146130e+00 -9.35894708e+01
2.19696970e-05 -1.64141414e-05 5.00000385e+07 -7.87897262e+00 -9.08789489e+01
2.24747475e-05 -1.64141414e-05 5.00000377e+07 -1.03461193e+01 -8.81441921e+01
2.29797980e-05 -1.64141414e-05 5.00000371e+07 -1.27096067e+01 -8.53887185e+01
2.34848485e-05 -1.64141414e-05 5.00000365e+07 -1.49572144e+01 -8.26180680e+01
2.39898990e-05 -1.64141414e-05 5.00000360e+07 -1.70782592e+01 -7.98394737e+01
2.44949495e-05 -1.64141414e-05 5.00000356e+07 -1.90639429e+01 -7.70614770e+01
2.50000000e-05 -1.64141414e-05 5.00000352e+07 -2.09075768e+01 -7.42935152e+01
-2.50000000e-05 -1.59090909e-05 4.99999922e+07 2.77065069e+01 1.53892053e+02
-2.44949495e-05 -1.59090909e-05 4.99999929e+07 3.63056393e+01 1.57619964e+02
-2.39898990e-05 -1.59090909e-05 4.99999935e+07 4.52148372e+01 1.61155360e+02
-2.34848485e-05 -1.59090909e-05 4.99999937e+07 5.44043122e+01 1.64485789e+02
-2.29797980e-05 -1.59090909e-05 4.99999936e+07 6.38402323e+01 1.67604630e+02
-2.24747475e-05 -1.59090909e-05 4.99999932e+07 7.34857505e+01 1.70512960e+02
-2.19696970e-05 -1.59090909e-05 4.99999924e+07 8.33026932e+01 1.73221605e+02
-2.14646465e-05 -1.59090909e-05 4.99999912e+07 9.32540655e+01 1.75753243e+02
-2.09595960e-05 -1.59090909e-05 4.99999896e+07 1.03307510e+02 1.78144334e+02
-2.04545455e-05 -1.59090909e-05 4.99999875e+07 1.13439799e+02 1.80446612e+02
-1.99494949e-05 -1.59090909e-05 4.99999848e+07 1.23642323e+02 1.82727739e+02
-1.94444444e-05 -1.59090909e-05 4.99999816e+07 1.33927423e+02 1.85070695e+02
-1.89393939e-05 -1.59090909e-05 4.99999776e+07 1.44335175e+02 1.87571432e+02
-1.84343434e-05 -1.59090909e-05 4.99999730e+07 1.54940071e+02 1.90334407e+02
-1.79292929e-05 -1.59090909e-05 4.99999674e+07 1.65856834e+02 1.93465701e+02
-1.74242424e-05 -1.59090909e-05 4.99999609e+07 1.77244495e+02 1.97063664e+02
-1.69191919e-05 -1.59090909e-05 4.99999532e+07 1.89307855e+02 2.01207253e+02
-1.64141414e-05 -1.59090909e-05 4.99999443e+07 2.02295574e+02 2.05942454e+02
-1.59090909e-05 -1.59090909e-05 4.99999341e+07 2.16494365e+02 2.11267301e+02
-1.54040404e-05 -1.59090909e-05 4.99999223e+07 2.32219001e+02 2.17115968e+02
-1.48989899e-05 -1.59090909e-05 4.99999091e+07 2.49797997e+02 2.23342221e+02
-1.43939394e-05 -1.59090909e-05 4.99998943e+07 2.69554740e+02 2.29702197e+02
-1.38888889e-05 -1.59090909e-05 4.99998780e+07 2.91783386e+02 2.35836177e+02
-1.33838384e-05 -1.59090909e-05 4.99998605e+07 3.16718016e+02 2.41249035e+02
-1.28787879e-05 -1.59090909e-05 4.99998421e+07 3.44492414e+02 2.45289533e+02
-1.23737374e-05 -1.59090909e-05 4.99998231e+07 3.75086678e+02 2.47130077e+02
-1.18686869e-05 -1.59090909e-05 4.99998043e+07 4.08256171e+02 2.45751193e+02
-1.13636364e-05 -1.59090909e-05 4.99997864e+07 4.43438981e+02 2.39939134e+02
-1.08585859e-05 -1.59090909e-05 4.99997705e+07 4.79641283e+02 2.28310658e+02
-1.03535354e-05 -1.59090909e-05 4.99997577e+07 5.15307649e+02 2.09385305e+02
-9.84848485e-06 -1.59090909e-05 4.99997490e+07 5.48197139e+02 1.81730271e+02
-9.34343434e-06 -1.59090909e-05 4.99997456e+07 5.75306803e+02 1.44201749e+02
-8.83838384e-06 -1.59090909e-05 4.99997480e+07 5.92909198e+02 9.62921589e+01
-8.33333333e-06 -1.59090909e-05 4.99997562e+07 5.96789969e+02 3.85571128e+01
-7.82828283e-06 -1.59090909e-05 4.99997689e+07 5.82765652e+02 -2.69639252e+01
-7.32323232e-06 -1.59090909e-05 4.99997841e+07 5.47504620e+02 -9.64907929e+01
-6.81818182e-06 -1.59090909e-05 4.99997983e+07 4.89549375e+02 -1.64611652e+02
-6.31313131e-06 -1.59090909e-05 4.99998078e+07 4.10270441e+02 -2.24918441e+02
-5.80808081e-06 -1.59090909e-05 4.99998093e+07 3.14357604e+02 -2.71160195e+02
-5.30303030e-06 -1.59090909e-05 4.99998006e+07 2.09495455e+02 -2.98645849e+02
-4.79797980e-06 -1.59090909e-05 4.99997821e+07 1.05138672e+02 -3.05419038e+02
-4.29292929e-06 -1.59090909e-05 4.99997563e+07 1.06992583e+01 -2.92737944e+02
-3.78787879e-06 -1.59090909e-05 4.99997275e+07 -6.62535032e+01 -2.64668135e+02
-3.28282828e-06 -1.59090909e-05 4.99997004e+07 -1.21194963e+02 -2.26981678e+02
-2.77777778e-06 -1.59090909e-05 4.99996796e+07 -1.52964529e+02 -1.85811868e+02
-2.27272727e-06 -1.59090909e-05 4.99996681e+07 -1.63295411e+02 -1.46512341e+02
-1.76767677e-06 -1.59090909e-05 4.99996674e+07 -1.55886625e+02 -1.12975247e+02
-1.26262626e-06 -1.59090909e-05 4.99996774e+07 -1.35380749e+02 -8.74333397e+01
-7.57575758e-07 -1.59090909e-05 4.99996970e+07 -1.06502371e+02 -7.06220594e+01
-2.52525253e-07 -1.59090909e-05 4.99997240e+07 -7.34690177e+01 -6.21340498e+01
2.52525253e-07 -1.59090909e-05 4.99997563e+07 -3.96769346e+01 -6.08247510e+01
7.57575758e-07 -1.59090909e-05 4.99997916e+07 -7.60643544e+00 -6.51787116e+01
1.26262626e-06 -1.59090909e-05 4.99998279e+07 2.11253245e+01 -7.35936901e+01
1.76767677e-06 -1.59090909e-05 4.99998635e+07 4.56300691e+01 -8.45729649e+01
2.27272727e-06 -1.59090909e-05 4.99998973e+07 6.55829424e+01 -9.68354441e+01
2.77777778e-06 -1.59090909e-05 4.99999284e+07 8.10592306e+01 -1.09361656e+02
3.28282828e-06 -1.59090909e-05 4.99999563e+07 9.23920648e+01 -1.21395330e+02
3.78787879e-06 -1.59090909e-05 4.99999808e+07 1.00059034e+02 -1.32418088e+02
4.29292929e-06 -1.59090909e-05 5.00000019e+07 1.04598487e+02 -1.42110902e+02
4.79797980e-06 -1.59090909e-05 5.00000197e+07 1.06552260e+02 -1.50311870e+02
5.30303030e-06 -1.59090909e-05 5.00000345e+07 1.06429796e+02 -1.56976200e+02
5.80808081e-06 -1.59090909e-05 5.00000467e+07 1.04688325e+02 -1.62141520e+02
6.31313131e-06 -1.59090909e-05 5.00000564e+07 1.01724346e+02 -1.65899661e+02
6.81818182e-06 -1.59090909e-05 5.00000639e+07 9.78724908e+01 -1.68374866e+02
7.32323232e-06 -1.59090909e-05 5.00000697e+07 9.34088323e+01 -1.69707721e+02
7.82828283e-06 -1.59090909e-05 5.00000740e+07 8.85565487e+01 -1.70043817e+02
8.33333333e-06 -1.59090909e-05 5.00000770e+07 8.34925384e+01 -1.69526157e+02
8.83838384e-06 -1.59090909e-05 5.00000789e+07 7.83541136e+01 -1.68290351e+02
9.34343434e-06 -1.59090909e-05 5.00000799e+07 7.32452738e+01 -1.66461840e+02
9.84848485e-06 -1.59090909e-05 5.00000801e+07 6.82423141e+01 -1.64154515e+02
1.03535354e-05 -1.59090909e-05 5.00000798e+07 6.33986888e+01 -1.61470261e+02
1.08585859e-05 -1.59090909e-05 5.00000791e+07 5.87491480e+01 -1.58499067e+02
1.13636364e-05 -1.59090909e-05 5.00000779e+07 5.43132205e+01 -1.55319462e+02
1.18686869e-05 -1.59090909e-05 5.00000764e+07 5.00981418e+01 -1.51999104e+02
1.23737374e-05 -1.59090909e-05 5.00000747e+07 4.61013294e+01 -1.48595429e+02
1.28787879e-05 -1.59090909e-05 5.00000729e+07 4.23125056e+01 -1.45156292e+02
1.33838384e-05 -1.59090909e-05 5.00000708e+07 3.87155514e+01 -1.41720573e+02
1.38888889e-05 -1.59090909e-05 5.00000687e+07 3.52901617e+01 -1.38318774e+02
1.43939394e-05 -1.59090909e-05 5.00000665e+07 3.20133496e+01 -1.34973585e+02
1.48989899e-05 -1.59090909e-05 5.00000643e+07 2.88608323e+01 -1.31700470e+02
1.54040404e-05 -1.59090909e-05 5.00000621e+07 2.58083092e+01 -1.28508297e+02
1.59090909e-05 -1.59090909e-05 5.00000599e+07 2.28326305e+01 -1.25400017e+02
1.64141414e-05 -1.59090909e-05 5.00000577e+07 1.99128385e+01 -1.22373425e+02
1.69191919e-05 -1.59090909e-05 5.00000557e+07 1.70310567e+01 -1.19422004e+02
1.74242424e-05 -1.59090909e-05 5.00000536e+07 1.41731989e+01 -1.16535843e+02
1.79292929e-05 -1.59090909e-05 5.00000517e+07 1.13294697e+01 -1.13702607e+02
1.84343434e-05 -1.59090909e-05 5.00000499e+07 8.49463713e+00 -1.10908537e+02
1.89393939e-05 -1.59090909e-05 5.00000482e+07 5.66806436e+00 -1.08139438e+02
1.94444444e-05 -1.59090909e-05 5.00000466e+07 2.85350684e+00 -1.05381607e+02
1.99494949e-05 -1.59090909e-05 5.00000452e+07 5.86902184e-02 -1.02622664e+02
2.04545455e-05 -1.59090909e-05 5.00000439e+07 -2.70529742e+00 -9.98522424e+01
2.09595960e-05 -1.59090909e-05 5.00000427e+07 -5.42475547e+00 -9.70625160e+01
2.14646465e-05 -1.59090909e-05 5.00000416e+07 -8.08421047e+00 -9.42485318e+01
2.19696970e-05 -1.59090909e-05 5.00000407e+07 -1.06672898e+01 -9.14083552e+01
2.24747475e-05 -1.59090909e-05 5.00000399e+07 -1.31575746e+01 -8.85430300e+01
2.29797980e-05 -1.59090909e-05 5.00000392e+07 -1.55393843e+01 -8.56563740e+01
2.34848485e-05 -1.59090909e-05 5.00000385e+07 -1.77984511e+01 -8.27546410e+01
2.39898990e-05 -1.59090909e-05 5.00000380e+07 -1.99224603e+01 -7.98460847e+01
2.44949495e-05 -1.59090909e-05 5.00000375e+07 -2.19014381e+01 -7.69404624e+01
2.50000000e-05 -1.59090909e-05 5.00000370e+07 -2.37279865e+01 -7.40485163e+01
-2.50000000e-05 -1.54040404e-05 4.99999963e+07 2.38072011e+01 1.55363292e+02
-2.44949495e-05 -1.54040404e-05 4.99999973e+07 3.25994838e+01 1.59244419e+02
-2.39898990e-05 -1.54040404e-05 4.99999981e+07 4.17190139e+01 1.62913411e+02
-2.34848485e-05 -1.54040404e-05 4.99999986e+07 5.11310822e+01 1.66352713e+02
-2.29797980e-05 -1.54040404e-05 4.99999988e+07 6.07949987e+01 1.69550599e+02
-2.24747475e-05 -1.54040404e-05 4.99999987e+07 7.06648204e+01 1.72503476e+02
-2.19696970e-05 -1.54040404e-05 4.99999982e+07 8.06908208e+01 1.75218561e+02
-2.14646465e-05 -1.54040404e-05 4.99999972e+07 9.08219376e+01 1.77716798e+02
-2.09595960e-05 -1.54040404e-05 4.99999958e+07 1.01009433e+02 1.80035841e+02
-2.04545455e-05 -1.54040404e-05 4.99999939e+07 1.11211950e+02 1.82232742e+02
-1.99494949e-05 -1.54040404e-05 4.99999915e+07 1.21402050e+02 1.84385902e+02
-1.94444444e-05 -1.54040404e-05 4.99999885e+07 1.31574103e+02 1.86595697e+02
-1.89393939e-05 -1.54040404e-05 4.99999848e+07 1.41753192e+02 1.88983142e+02
-1.84343434e-05 -1.54040404e-05 4.99999803e+07 1.52004347e+02 1.91685996e+02
-1.79292929e-05 -1.54040404e-05 4.99999749e+07 1.62441158e+02 1.94851846e+02
-1.74242424e-05 -1.54040404e-05 4.99999684e+07 1.73232627e+02 1.98628012e+02
-1.69191919e-05 -1.54040404e-05 4.99999607e+07 1.84607063e+02 2.03148481e+02
-1.64141414e-05 -1.54040404e-05 4.99999516e+07 1.96852029e+02 2.08518417e+02
-1.59090909e-05 -1.54040404e-05 4.99999410e+07 2.10309749e+02 2.14797028e+02
-1.54040404e-05 -1.54040404e-05 4.99999285e+07 2.25367843e+02 2.21979512e+02
-1.48989899e-05 -1.54040404e-05 4.99999142e+07 2.42445651e+02 2.29978448e+02
-1.43939394e-05 -1.54040404e-05 4.99998979e+07 2.61976445e+02 2.38604331e+02
-1.38888889e-05 -1.54040404e-05 4.99998797e+07 2.84385278e+02 2.47544199e+02
-1.33838384e-05 -1.54040404e-05 4.99998595e+07 3.10061019e+02 2.56336738e+02
-1.28787879e-05 -1.54040404e-05 4.99998377e+07 3.39319211e+02 2.64342241e+02
-1.23737374e-05 -1.54040404e-05 4.99998147e+07 3.72349996e+02 2.70706937e+02
-1.18686869e-05 -1.54040404e-05 4.99997911e+07 4.09142949e+02 2.74323981e+02
-1.13636364e-05 -1.54040404e-05 4.99997678e+07 4.49379149e+02 2.73798584e+02
-1.08585859e-05 -1.54040404e-05 4.99997459e+07 4.92281876e+02 2.67433023e+02
-1.03535354e-05 -1.54040404e-05 4.99997268e+07 5.36423698e+02 2.53258691e+02
-9.84848485e-06 -1.54040404e-05 4.99997122e+07 5.79503525e+02 2.29155507e+02
-9.34343434e-06 -1.54040404e-05 4.99997036e+07 6.18136878e+02 1.93108715e+02
-8.83838384e-06 -1.54040404e-05 4.99997023e+07 6.47747940e+02 1.43648212e+02
-8.33333333e-06 -1.54040404e-05 4.99997089e+07 6.62704731e+02 8.04779823e+01
-7.82828283e-06 -1.54040404e-05 4.99997227e+07 6.56870290e+02 5.21414352e+00
-7.32323232e-06 -1.54040404e-05 4.99997412e+07 6.24698717e+02 -7.79899740e+01
-6.81818182e-06 -1.54040404e-05 4.99997603e+07 5.62823872e+02 -1.62292149e+02
-6.31313131e-06 -1.54040404e-05 4.99997746e+07 4.71766317e+02 -2.38859437e+02
-5.80808081e-06 -1.54040404e-05 4.99997791e+07 3.57058282e+02 -2.98549048e+02
-5.30303030e-06 -1.54040404e-05 4.99997706e+07 2.29037698e+02 -3.34202028e+02
-4.79797980e-06 -1.54040404e-05 4.99997490e+07 1.01012325e+02 -3.42687265e+02
-4.29292929e-06 -1.54040404e-05 4.99997180e+07 -1.36971167e+01 -3.25768704e+02
-3.78787879e-06 -1.54040404e-05 4.99996836e+07 -1.04696385e+02 -2.89401393e+02
-3.28282828e-06 -1.54040404e-05 4.99996527e+07 -1.66337750e+02 -2.41854468e+02
-2.77777778e-06 -1.54040404e-05 4.99996311e+07 -1.97972104e+02 -1.91542836e+02
-2.27272727e-06 -1.54040404e-05 4.99996222e+07 -2.02935026e+02 -1.45361597e+02
-1.76767677e-06 -1.54040404e-05 4.99996274e+07 -1.86949475e+02 -1.07870088e+02
-1.26262626e-06 -1.54040404e-05 4.99996458e+07 -1.56570623e+02 -8.12426707e+01
-7.57575758e-07 -1.54040404e-05 4.99996750e+07 -1.18023065e+02 -6.56964995e+01
-2.52525253e-07 -1.54040404e-05 4.99997122e+07 -7.65160331e+01 -6.01040816e+01
2.52525253e-07 -1.54040404e-05 4.99997541e+07 -3.59665810e+01 -6.25905359e+01
7.57575758e-07 -1.54040404e-05 4.99997980e+07 9.93693191e-01 -7.10147103e+01
1.26262626e-06 -1.54040404e-05 4.99998415e+07 3.28485422e+01 -8.33041966e+01
1.76767677e-06 -1.54040404e-05 4.99998828e+07 5.89565881e+01 -9.76542825e+01
2.27272727e-06 -1.54040404e-05 4.99999208e+07 7.93026928e+01 -1.12618699e+02
2.77777778e-06 -1.54040404e-05 4.99999546e+07 9.42769992e+01 -1.27124390e+02
3.28282828e-06 -1.54040404e-05 4.99999842e+07 1.04497718e+02 -1.40439656e+02
3.78787879e-06 -1.54040404e-05 5.00000093e+07 1.10680601e+02 -1.52118865e+02
4.29292929e-06 -1.54040404e-05 5.00000302e+07 1.13550473e+02 -1.61940039e+02
4.79797980e-06 -1.54040404e-05 5.00000474e+07 1.13786801e+02 -1.69845401e+02
5.30303030e-06 -1.54040404e-05 5.00000611e+07 1.11994582e+02 -1.75890151e+02
5.80808081e-06 -1.54040404e-05 5.00000718e+07 1.08692705e+02 -1.80201374e+02
6.31313131e-06 -1.54040404e-05 5.00000799e+07 1.04313463e+02 -1.82946915e+02
6.81818182e-06 -1.54040404e-05 5.00000859e+07 9.92084852e+01 -1.84313034e+02
7.32323232e-06 -1.54040404e-05 5.00000900e+07 9.36578407e+01 -1.84489173e+02
7.82828283e-06 -1.54040404e-05 5.00000927e+07 8.78801929e+01 -1.83658206e+02
8.33333333e-06 -1.54040404e-05 5.00000941e+07 8.20427411e+01 -1.81990693e+02
8.83838384e-06 -1.54040404e-05 5.00000946e+07 7.62702714e+01 -1.79641931e+02
9.34343434e-06 -1.54040404e-05 5.00000942e+07 7.06530278e+01 -1.76750871e+02
9.84848485e-06 -1.54040404e-05 5.00000933e+07 6.52533430e+01 -1.73440193e+02
1.03535354e-05 -1.54040404e-05 5.00000918e+07 6.01111107e+01 -1.69817052e+02
1.08585859e-05 -1.54040404e-05 5.00000900e+07 5.52482412e+01 -1.65974136e+02
1.13636364e-05 -1.54040404e-05 5.00000879e+07 5.06722732e+01 -1.61990840e+02
1.18686869e-05 -1.54040404e-05 5.00000856e+07 4.63793118e+01 -1.57934387e+02
1.23737374e-05 -1.54040404e-05 5.00000831e+07 4.23564524e+01 -1.53860860e+02
1.28787879e-05 -1.54040404e-05 5.00000806e+07 3.85838277e+01 -1.49816084e+02
1.33838384e-05 -1.54040404e-05 5.00000779e+07 3.50363890e+01 -1.45836402e+02
1.38888889e-05 -1.54040404e-05 5.00000752e+07 3.16855115e+01 -1.41949334e+02
1.43939394e-05 -1.54040404e-05 5.00000725e+07 2.85004802e+01 -1.38174195e+02
1.48989899e-05 -1.54040404e-05 5.00000698e+07 2.54498932e+01 -1.34522689e+02
1.54040404e-05 -1.54040404e-05 5.00000672e+07 2.25029915e+01 -1.30999544e+02
1.59090909e-05 -1.54040404e-05 5.00000646e+07 1.96309047e+01 -1.27603214e+02
1.64141414e-05 -1.54040404e-05 5.00000620e+07 1.68077854e+01 -1.24326682e+02
1.69191919e-05 -1.54040404e-05 5.00000596e+07 1.40117938e+01 -1.21158376e+02
1.74242424e-05 -1.54040404e-05 5.00000573e+07 1.12258875e+01 -1.18083184e+02
1.79292929e-05 -1.54040404e-05 5.00000551e+07 8.43837701e+00 -1.15083564e+02
1.84343434e-05 -1.54040404e-05 5.00000530e+07 5.64321156e+00 -1.12140689e+02
1.89393939e-05 -1.54040404e-05 5.00000511e+07 2.83997895e+00 -1.09235598e+02
1.94444444e-05 -1.54040404e-05 5.00000494e+07 3.36179899e-02 -1.06350277e+02
1.99494949e-05 -1.54040404e-05 5.00000478e+07 -2.76613530e+00 -1.03468629e+02
2.04545455e-05 -1.54040404e-05 5.00000463e+07 -5.54552810e+00 -1.00577272e+02
2.09595960e-05 -1.54040404e-05 5.00000450e+07 -8.28774151e+00 -9.76661324e+01
2.14646465e-05 -1.54040404e-05 5.00000439e+07 -1.09739445e+01 -9.47287958e+01
2.19696970e-05 -1.54040404e-05 5.00000429e+07 -1.35843795e+01 -9.17626317e+01
2.24747475e-05 -1.54040404e-05 5.00000420e+07 -1.60994098e+01 -8.87686839e+01
2.29797980e-05 -1.54040404e-05 5.00000412e+07 -1.85004682e+01 -8.57513662e+01
2.34848485e-05 -1.54040404e-05 5.00000405e+07 -2.07708582e+01 -8.27179985e+01
2.39898990e-05 -1.54040404e-05 5.00000399e+07 -2.28963757e+01 -7.96782336e+01
2.44949495e-05 -1.54040404e-05 5.00000394e+07 -2.48657373e+01 -7.66434209e+01
2.50000000e-05 -1.54040404e-05 5.00000389e+07 -2.66708129e+01 -7.36259579e+01
-2.50000000e-05 -1.48989899e-05 5.00000007e+07 1.97441271e+01 1.56694661e+02
-2.44949495e-05 -1.48989899e-05 5.00000021e+07 2.87477001e+01 1.60733664e+02
-2.39898990e-05 -1.48989899e-05 5.00000032e+07 3.81014107e+01 1.64538403e+02
-2.34848485e-05 -1.48989899e-05 5.00000041e+07 4.77660081e+01 1.68084581e+02
-2.29797980e-05 -1.48989899e-05 5.00000046e+07 5.76939990e+01 1.71353244e+02
-2.24747475e-05 -1.48989899e-05 5.00000048e+07 6.78298837e+01 1.74333475e+02
-2.19696970e-05 -1.48989899e-05 5.00000046e+07 7.81111748e+01 1.77025691e+02
-2.14646465e-05 -1.48989899e-05 5.00000040e+07 8.84705295e+01 1.79445489e+02
-2.09595960e-05 -1.48989899e-05 5.00000029e+07 9.88393589e+01 1.81627839e+02
-2.04545455e-05 -1.48989899e-05 5.00000013e+07 1.09153257e+02 1.83631306e+02
-1.99494949e-05 -1.48989899e-05 4.99999992e+07 1.19359491e+02 1.85541730e+02
-1.94444444e-05 -1.48989899e-05 4.99999965e+07 1.29426577e+02 1.87474637e+02
-1.89393939e-05 -1.48989899e-05 4.99999931e+07 1.39355625e+02 1.89575492e+02
-1.84343434e-05 -1.48989899e-05 4.99999889e+07 1.49192717e+02 1.92016888e+02
-1.79292929e-05 -1.48989899e-05 4.99999839e+07 1.59041095e+02 1.94991955e+02
-1.74242424e-05 -1.48989899e-05 4.99999777e+07 1.69071611e+02 1.98703635e+02
-1.69191919e-05 -1.48989899e-05 4.99999702e+07 1.79529756e+02 2.03350072e+02
-1.64141414e-05 -1.48989899e-05 4.99999612e+07 1.90737868e+02 2.09106926e+02
-1.59090909e-05 -1.48989899e-05 4.99999505e+07 2.03091743e+02 2.16107896e+02
-1.54040404e-05 -1.48989899e-05 4.99999377e+07 2.17051757e+02 2.24424709e+02
-1.48989899e-05 -1.48989899e-05 4.99999226e+07 2.33129456e+02 2.34047304e+02
-1.43939394e-05 -1.48989899e-05 4.99999051e+07 2.51870903e+02 2.44863853e+02
-1.38888889e-05 -1.48989899e-05 4.99998851e+07 2.73837656e+02 2.56638776e+02
-1.33838384e-05 -1.48989899e-05 4.99998624e+07 2.99584693e+02 2.68985502e+02
-1.28787879e-05 -1.48989899e-05 4.99998374e+07 3.29631863e+02 2.81329794e+02
-1.23737374e-05 -1.48989899e-05 4.99998101e+07 3.64421625e+02 2.92859700e+02
-1.18686869e-05 -1.48989899e-05 4.99997812e+07 4.04251140e+02 3.02460312e+02
-1.13636364e-05 -1.48989899e-05 4.99997516e+07 4.49161949e+02 3.08636788e+02
-1.08585859e-05 -1.48989899e-05 4.99997224e+07 4.98767071e+02 3.09439038e+02
-1.03535354e-05 -1.48989899e-05 4.99996953e+07 5.51996637e+02 3.02418103e+02
-9.84848485e-06 -1.48989899e-05 4.99996723e+07 6.06755770e+02 2.84668545e+02
-9.34343434e-06 -1.48989899e-05 4.99996558e+07 6.59522392e+02 2.53040304e+02
-8.83838384e-06 -1.48989899e-05 4.99996481e+07 7.04980300e+02 2.04624690e+02
-8.33333333e-06 -1.48989899e-05 4.99996508e+07 7.35888145e+02 1.37602032e+02
-7.82828283e-06 -1.48989899e-05 4.99996641e+07 7.43500904e+02 5.24334705e+01
-7.32323232e-06 -1.48989899e-05 4.99996859e+07 7.18895985e+02 -4.68578842e+01
-6.81818182e-06 -1.48989899e-05 4.99997109e+07 6.55352480e+02 -1.51905754e+02
-6.31313131e-06 -1.48989899e-05 4.99997320e+07 5.51363489e+02 -2.50528704e+02
-5.80808081e-06 -1.48989899e-05 4.99997411e+07 4.13079048e+02 -3.29111837e+02
-5.30303030e-06 -1.48989899e-05 4.99997330e+07 2.54583760e+02 -3.76436280e+02
-4.79797980e-06 -1.48989899e-05 4.99997075e+07 9.51155598e+01 -3.87373995e+02
-4.29292929e-06 -1.48989899e-05 4.99996696e+07 -4.59576159e+01 -3.64516041e+02
-3.78787879e-06 -1.48989899e-05 4.99996284e+07 -1.54128178e+02 -3.16879271e+02
-3.28282828e-06 -1.48989899e-05 4.99995936e+07 -2.22527113e+02 -2.56566981e+02
-2.77777778e-06 -1.48989899e-05 4.99995725e+07 -2.51817419e+02 -1.95198686e+02
-2.27272727e-06 -1.48989899e-05 4.99995691e+07 -2.48071721e+02 -1.41526184e+02
-1.76767677e-06 -1.48989899e-05 4.99995837e+07 -2.20042583e+02 -1.00612932e+02
-1.26262626e-06 -1.48989899e-05 4.99996141e+07 -1.76860775e+02 -7.41778437e+01
-7.57575758e-07 -1.48989899e-05 4.99996564e+07 -1.26560845e+02 -6.14922344e+01
-2.52525253e-07 -1.48989899e-05 4.99997063e+07 -7.53879995e+01 -6.03631872e+01
2.52525253e-07 -1.48989899e-05 4.99997598e+07 -2.76645407e+01 -6.79597105e+01
7.57575758e-07 -1.48989899e-05 4.99998135e+07 1.40145647e+01 -8.14021514e+01
1.26262626e-06 -1.48989899e-05 4.99998646e+07 4.84343800e+01 -9.81228987e+01
1.76767677e-06 -1.48989899e-05 4.99999116e+07 7.53783273e+01 -1.16042591e+02
2.27272727e-06 -1.48989899e-05 4.99999532e+07 9.52802673e+01 -1.33615106e+02
2.77777778e-06 -1.48989899e-05 4.99999891e+07 1.08942508e+02 -1.49790662e+02
3.28282828e-06 -1.48989899e-05 5.00000194e+07 1.17327884e+02 -1.63936644e+02
3.78787879e-06 -1.48989899e-05 5.00000442e+07 1.21419831e+02 -1.75744366e+02
4.29292929e-06 -1.48989899e-05 5.00000640e+07 1.22137679e+02 -1.85139391e+02
4.79797980e-06 -1.48989899e-05 5.00000796e+07 1.20292740e+02 -1.92204592e+02
5.30303030e-06 -1.48989899e-05 5.00000913e+07 1.16572080e+02 -1.97119256e+02
5.80808081e-06 -1.48989899e-05 5.00000999e+07 1.11539460e+02 -2.00113932e+02
6.31313131e-06 -1.48989899e-05 5.00001059e+07 1.05645754e+02 -2.01438908e+02
6.81818182e-06 -1.48989899e-05 5.00001096e+07 9.92436480e+01 -2.01343557e+02
7.32323232e-06 -1.48989899e-05 5.00001117e+07 9.26033677e+01 -2.00063820e+02
7.82828283e-06 -1.48989899e-05 5.00001124e+07 8.59276046e+01 -1.97815463e+02
8.33333333e-06 -1.48989899e-05 5.00001120e+07 7.93647216e+01 -1.94791223e+02
8.83838384e-06 -1.48989899e-05 5.00001108e+07 7.30199240e+01 -1.91160421e+02
9.34343434e-06 -1.48989899e-05 5.00001089e+07 6.69644098e+01 -1.87070025e+02
9.84848485e-06 -1.48989899e-05 5.00001066e+07 6.12426956e+01 -1.82646451e+02
1.03535354e-05 -1.48989899e-05 5.00001039e+07 5.58783853e+01 -1.77997642e+02
1.08585859e-05 -1.48989899e-05 5.00001009e+07 5.08786721e+01 -1.73215137e+02
1.13636364e-05 -1.48989899e-05 5.00000978e+07 4.62378462e+01 -1.68375957e+02
1.18686869e-05 -1.48989899e-05 5.00000946e+07 4.19400533e+01 -1.63544229e+02
1.23737374e-05 -1.48989899e-05 5.00000914e+07 3.79615145e+01 -1.58772516e+02
1.28787879e-05 -1.48989899e-05 5.00000881e+07 3.42723800e+01 -1.54102892e+02
1.33838384e-05 -1.48989899e-05 5.00000848e+07 3.08383545e+01 -1.49567773e+02
1.38888889e-05 -1.48989899e-05 5.00000815e+07 2.76221936e+01 -1.45190586e+02
1.43939394e-05 -1.48989899e-05 5.00000783e+07 2.45851413e+01 -1.40986346e+02
1.48989899e-05 -1.48989899e-05 5.00000751e+07 2.16883404e+01 -1.36962193e+02
1.54040404e-05 -1.48989899e-05 5.00000720e+07 1.88942237e+01 -1.33117975e+02
1.59090909e-05 -1.48989899e-05 5.00000691e+07 1.61678617e+01 -1.29446928e+02
1.64141414e-05 -1.48989899e-05 5.00000662e+07 1.34782247e+01 -1.25936490e+02
1.69191919e-05 -1.48989899e-05 5.00000634e+07 1.07993010e+01 -1.22569273e+02
1.74242424e-05 -1.48989899e-05 5.00000608e+07 8.11100711e+00 -1.19324189e+02
1.79292929e-05 -1.48989899e-05 5.00000584e+07 5.39982749e+00 -1.16177701e+02
1.84343434e-05 -1.48989899e-05 5.00000561e+07 2.65913512e+00 -1.13105157e+02
1.89393939e-05 -1.48989899e-05 5.00000539e+07 -1.10837884e-01 -1.10082128e+02
1.94444444e-05 -1.48989899e-05 5.00000520e+07 -2.90338348e+00 -1.07085688e+02
1.99494949e-05 -1.48989899e-05 5.00000502e+07 -5.70603155e+00 -1.04095554e+02
2.04545455e-05 -1.48989899e-05 5.00000487e+07 -8.50154364e+00 -1.01095014e+02
2.09595960e-05 -1.48989899e-05 5.00000473e+07 -1.12691143e+01 -9.80715977e+01
2.14646465e-05 -1.48989899e-05 5.00000460e+07 -1.39856921e+01 -9.50174543e+01
2.19696970e-05 -1.48989899e-05 5.00000449e+07 -1.66273281e+01 -9.19294339e+01
2.24747475e-05 -1.48989899e-05 5.00000440e+07 -1.91704608e+01 -8.88088880e+01
2.29797980e-05 -1.48989899e-05 5.00000432e+07 -2.15930621e+01 -8.56612296e+01
2.34848485e-05 -1.48989899e-05 5.00000424e+07 -2.38755839e+01 -8.24953074e+01
2.39898990e-05 -1.48989899e-05 5.00000418e+07 -2.60016687e+01 -7.93226556e+01
2.44949495e-05 -1.48989899e-05 5.00000412e+07 -2.79586105e+01 -7.61566845e+01
2.50000000e-05 -1.48989899e-05 5.00000407e+07 -2.97375709e+01 -7.30118719e+01
-2.50000000e-05 -1.43939394e-05 5.00000055e+07 1.55095730e+01 1.57891594e+02
-2.44949495e-05 -1.43939394e-05 5.00000073e+07 2.47438763e+01 1.62098260e+02
-2.39898990e-05 -1.43939394e-05 5.00000089e+07 3.43583072e+01 1.66047211e+02
-2.34848485e-05 -1.43939394e-05 5.00000101e+07 4.43099699e+01 1.69705785e+02
-2.29797980e-05 -1.43939394e-05 5.00000110e+07 5.45452258e+01 1.73045539e+02
-2.24747475e-05 -1.43939394e-05 5.00000116e+07 6.49992147e+01 1.76045233e+02
-2.19696970e-05 -1.43939394e-05 5.00000117e+07 7.55961274e+01 1.78694692e+02
-2.14646465e-05 -1.43939394e-05 5.00000114e+07 8.62506660e+01 1.80999581e+02
-2.09595960e-05 -1.43939394e-05 5.00000107e+07 9.68712140e+01 1.82986984e+02
-2.04545455e-05 -1.43939394e-05 5.00000095e+07 1.07365281e+02 1.84711468e+02
-1.99494949e-05 -1.43939394e-05 5.00000078e+07 1.17647715e+02 1.86261023e+02
-1.94444444e-05 -1.43939394e-05 5.00000055e+07 1.27651953e+02 1.87761953e+02
-1.89393939e-05 -1.43939394e-05 5.00000026e+07 1.37344145e+02 1.89381510e+02
-1.84343434e-05 -1.43939394e-05 4.99999989e+07 1.46739376e+02 1.91326932e+02
-1.79292929e-05 -1.43939394e-05 4.99999944e+07 1.55918466e+02 1.93839697e+02
-1.74242424e-05 -1.43939394e-05 4.99999887e+07 1.65043193e+02 1.97184308e+02
-1.69191919e-05 -1.43939394e-05 4.99999818e+07 1.74367473e+02 2.01631824e+02
-1.64141414e-05 -1.43939394e-05 4.99999732e+07 1.84242332e+02 2.07439344e+02
-1.59090909e-05 -1.43939394e-05 4.99999628e+07 1.95113486e+02 2.14827527e+02
-1.54040404e-05 -1.43939394e-05 4.99999501e+07 2.07511861e+02 2.23958463e+02
-1.48989899e-05 -1.43939394e-05 4.99999347e+07 2.22039038e+02 2.34915526e+02
-1.43939394e-05 -1.43939394e-05 4.99999165e+07 2.39350587e+02 2.47685172e+02
-1.38888889e-05 -1.43939394e-05 4.99998951e+07 2.60140235e+02 2.62138254e+02
-1.33838384e-05 -1.43939394e-05 4.99998704e+07 2.85126020e+02 2.78005773e+02
-1.28787879e-05 -1.43939394e-05 4.99998423e+07 3.15036195e+02 2.94841737e+02
-1.23737374e-05 -1.43939394e-05 4.99998109e+07 3.50587316e+02 3.11964472e+02
-1.18686869e-05 -1.43939394e-05 4.99997766e+07 3.92439893e+02 3.28368200e+02
-1.13636364e-05 -1.43939394e-05 4.99997401e+07 4.41108061e+02 3.42600256e+02
-1.08585859e-05 -1.43939394e-05 4.99997024e+07 4.96789625e+02 3.52608488e+02
-1.03535354e-05 -1.43939394e-05 4.99996654e+07 5.59074101e+02 3.55582369e+02
-9.84848485e-06 -1.43939394e-05 4.99996313e+07 6.26486167e+02 3.47846015e+02
-9.34343434e-06 -1.43939394e-05 4.99996033e+07 6.95846339e+02 3.24916274e+02
-8.83838384e-06 -1.43939394e-05 4.99995850e+07 7.61508109e+02 2.81909108e+02
-8.33333333e-06 -1.43939394e-05 4.99995798e+07 8.14697147e+02 2.14527719e+02
-7.82828283e-06 -1.43939394e-05 4.99995896e+07 8.43442891e+02 1.20804877e+02
-7.32323232e-06 -1.43939394e-05 4.99996134e+07 8.33855133e+02 3.45124412e+00
-6.81818182e-06 -1.43939394e-05 4.99996455e+07 7.73440204e+02 -1.28013513e+02
-6.31313131e-06 -1.43939394e-05 4.99996757e+07 6.56298081e+02 -2.56945951e+02
-5.80808081e-06 -1.43939394e-05 4.99996919e+07 4.88298969e+02 -3.62702231e+02
-5.30303030e-06 -1.43939394e-05 4.99996851e+07 2.88839496e+02 -4.27144242e+02
-4.79797980e-06 -1.43939394e-05 4.99996542e+07 8.66333153e+01 -4.41622001e+02
-4.29292929e-06 -1.43939394e-05 4.99996071e+07 -8.92469282e+01 -4.10180035e+02
-3.78787879e-06 -1.43939394e-05 4.99995576e+07 -2.18238015e+02 -3.47008371e+02
-3.28282828e-06 -1.43939394e-05 4.99995193e+07 -2.92502373e+02 -2.70211179e+02
-2.77777778e-06 -1.43939394e-05 4.99995018e+07 -3.15647331e+02 -1.95829691e+02
-2.27272727e-06 -1.43939394e-05 4.99995085e+07 -2.98352656e+02 -1.34617517e+02
-1.76767677e-06 -1.43939394e-05 4.99995378e+07 -2.53792499e+02 -9.16342418e+01
-1.26262626e-06 -1.43939394e-05 4.99995852e+07 -1.94409984e+02 -6.74501829e+01
-7.57575758e-07 -1.43939394e-05 4.99996448e+07 -1.30259867e+02 -5.97950716e+01
-2.52525253e-07 -1.43939394e-05 4.99997105e+07 -6.85118592e+01 -6.50110480e+01
2.52525253e-07 -1.43939394e-05 4.99997774e+07 -1.36308004e+01 -7.91028826e+01
7.57575758e-07 -1.43939394e-05 4.99998415e+07 3.21262843e+01 -9.83921091e+01
1.26262626e-06 -1.43939394e-05 4.99999003e+07 6.81212511e+01 -1.19853738e+02
1.76767677e-06 -1.43939394e-05 4.99999522e+07 9.47813768e+01 -1.41226229e+02
2.27272727e-06 -1.43939394e-05 4.99999965e+07 1.13143767e+02 -1.60977164e+02
2.77777778e-06 -1.43939394e-05 5.00000332e+07 1.24517382e+02 -1.78191638e+02
3.28282828e-06 -1.43939394e-05 5.00000628e+07 1.30256188e+02 -1.92432284e+02
3.78787879e-06 -1.43939394e-05 5.00000859e+07 1.31623509e+02 -2.03602223e+02
4.29292929e-06 -1.43939394e-05 5.00001035e+07 1.29723646e+02 -2.11827578e+02
4.79797980e-06 -1.43939394e-05 5.00001163e+07 1.25478488e+02 -2.17365584e+02
5.30303030e-06 -1.43939394e-05 5.00001251e+07 1.19631280e+02 -2.20537929e+02
5.80808081e-06 -1.43939394e-05 5.00001307e+07 1.12764682e+02 -2.21685646e+02
6.31313131e-06 -1.43939394e-05 5.00001338e+07 1.05324628e+02 -2.21140838e+02
6.81818182e-06 -1.43939394e-05 5.00001349e+07 9.76449375e+01 -2.19210660e+02
7.32323232e-06 -1.43939394e-05 5.00001344e+07 8.99699295e+01 -2.16169691e+02
7.82828283e-06 -1.43939394e-05 5.00001328e+07 8.24738811e+01 -2.12257719e+02
8.33333333e-06 -1.43939394e-05 5.00001302e+07 7.52770243e+01 -2.07680763e+02
8.83838384e-06 -1.43939394e-05 5.00001271e+07 6.84582805e+01 -2.02613838e+02
9.34343434e-06 -1.43939394e-05 5.00001236e+07 6.20651515e+01 -1.97204476e+02
9.84848485e-06 -1.43939394e-05 5.00001197e+07 5.61212548e+01 -1.91576382e+02
1.03535354e-05 -1.43939394e-05 5.00001157e+07 5.06319802e+01 -1.85832864e+02
1.08585859e-05 -1.43939394e-05 5.00001116e+07 4.55887010e+01 -1.80059848e+02
1.13636364e-05 -1.43939394e-05 5.00001075e+07 4.09719091e+01 -1.74328390e+02
1.18686869e-05 -1.43939394e-05 5.00001034e+07 3.67535835e+01 -1.68696682e+02
1.23737374e-05 -1.43939394e-05 5.00000993e+07 3.28990447e+01 -1.63211583e+02
1.28787879e-05 -1.43939394e-05 5.00000953e+07 2.93684970e+01 -1.57909738e+02
1.33838384e-05 -1.43939394e-05 5.00000913e+07 2.61184116e+01 -1.52818377e+02
1.38888889e-05 -1.43939394e-05 5.00000875e+07 2.31028657e+01 -1.47955871e+02
1.43939394e-05 -1.43939394e-05 5.00000838e+07 2.02749045e+01 -1.43332175e+02
1.48989899e-05 -1.43939394e-05 5.00000802e+07 1.75879634e+01 -1.38949214e+02
1.54040404e-05 -1.43939394e-05 5.00000767e+07 1.49973423e+01 -1.34801352e+02
1.59090909e-05 -1.43939394e-05 5.00000733e+07 1.24616969e+01 -1.30875983e+02
1.64141414e-05 -1.43939394e-05 5.00000701e+07 9.94448145e+00 -1.27154322e+02
1.69191919e-05 -1.43939394e-05 5.00000670e+07 7.41525944e+00 -1.23612425e+02
1.74242424e-05 -1.43939394e-05 5.00000641e+07 4.85078896e+00 -1.20222421e+02
1.79292929e-05 -1.43939394e-05 5.00000614e+07 2.23579441e+00 -1.16953944e+02
1.84343434e-05 -1.43939394e-05 5.00000589e+07 -4.36649128e-01 -1.13775682e+02
1.89393939e-05 -1.43939394e-05 5.00000566e+07 -3.16516442e+00 -1.10656967e+02
1.94444444e-05 -1.43939394e-05 5.00000545e+07 -5.94056487e+00 -1.07569292e+02
1.99494949e-05 -1.43939394e-05 5.00000526e+07 -8.74676356e+00 -1.04487675e+02
2.04545455e-05 -1.43939394e-05 5.00000509e+07 -1.15620338e+01 -1.01391750e+02
2.09595960e-05 -1.43939394e-05 5.00000494e+07 -1.43605257e+01 -9.82665342e+01
2.14646465e-05 -1.43939394e-05 5.00000481e+07 -1.71139240e+01 -9.51028287e+01
2.19696970e-05 -1.43939394e-05 5.00000469e+07 -1.97931237e+01 -9.18972407e+01
2.24747475e-05 -1.43939394e-05 5.00000459e+07 -2.23698089e+01 -8.86518589e+01
2.29797980e-05 -1.43939394e-05 5.00000451e+07 -2.48178346e+01 -8.53736350e+01
2.34848485e-05 -1.43939394e-05 5.00000443e+07 -2.71143413e+01 -8.20735445e+01
2.39898990e-05 -1.43939394e-05 5.00000437e+07 -2.92405581e+01 -7.87656129e+01
2.44949495e-05 -1.43939394e-05 5.00000431e+07 -3.11822842e+01 -7.54658878e+01
2.50000000e-05 -1.43939394e-05 5.00000426e+07 -3.29300634e+01 -7.21914370e+01
-2.50000000e-05 -1.38888889e-05 5.00000107e+07 1.10910338e+01 1.58958331e+02
-2.44949495e-05 -1.38888889e-05 5.00000130e+07 2.05754404e+01 1.63348188e+02
-2.39898990e-05 -1.38888889e-05 5.00000150e+07 3.04783222e+01 1.67457251e+02
-2.34848485e-05 -1.38888889e-05 5.00000167e+07 4.07546518e+01 1.71243045e+02
-2.29797980e-05 -1.38888889e-05 5.00000180e+07 5.13460775e+01 1.74665441e+02
-2.24747475e-05 -1.38888889e-05 5.00000190e+07 6.21794867e+01 1.77689721e+02
-2.19696970e-05 -1.38888889e-05 5.00000196e+07 7.31661803e+01 1.80290840e+02
-2.14646465e-05 -1.38888889e-05 5.00000197e+07 8.42021907e+01 1.82459045e+02
-2.09595960e-05 -1.38888889e-05 5.00000194e+07 9.51704551e+01 1.84206895e+02
-2.04545455e-05 -1.38888889e-05 5.00000186e+07 1.05945692e+02 1.85577459e+02
-1.99494949e-05 -1.38888889e-05 5.00000173e+07 1.16402854e+02 1.86653099e+02
-1.94444444e-05 -1.38888889e-05 5.00000156e+07 1.26429840e+02 1.87563722e+02
-1.89393939e-05 -1.38888889e-05 5.00000132e+07 1.35944644e+02 1.88492902e+02
-1.84343434e-05 -1.38888889e-05 5.00000102e+07 1.44916257e+02 1.89679892e+02
-1.79292929e-05 -1.38888889e-05 5.00000064e+07 1.53387494e+02 1.91415572e+02
-1.74242424e-05 -1.38888889e-05 5.00000015e+07 1.61496739e+02 1.94031010e+02
-1.69191919e-05 -1.38888889e-05 4.99999954e+07 1.69494897e+02 1.97878579e+02
-1.64141414e-05 -1.38888889e-05 4.99999877e+07 1.77753986e+02 2.03307365e+02
-1.59090909e-05 -1.38888889e-05 4.99999780e+07 1.86765277e+02 2.10636177e+02
-1.54040404e-05 -1.38888889e-05 4.99999659e+07 1.97127366e+02 2.20128304e+02
-1.48989899e-05 -1.38888889e-05 4.99999509e+07 2.09527525e+02 2.31971426e+02
-1.43939394e-05 -1.38888889e-05 4.99999326e+07 2.24721911e+02 2.46263742e+02
-1.38888889e-05 -1.38888889e-05 4.99999106e+07 2.43520842e+02 2.63003676e+02
-1.33838384e-05 -1.38888889e-05 4.99998845e+07 2.66783681e+02 2.82076388e+02
-1.28787879e-05 -1.38888889e-05 4.99998541e+07 2.95423814e+02 3.03226309e+02
-1.23737374e-05 -1.38888889e-05 4.99998192e+07 3.30417837e+02 3.26001696e+02
-1.18686869e-05 -1.38888889e-05 4.99997798e+07 3.72804093e+02 3.49655026e+02
-1.13636364e-05 -1.38888889e-05 4.99997363e+07 4.23643137e+02 3.72982848e+02
-1.08585859e-05 -1.38888889e-05 4.99996894e+07 4.83895354e+02 3.94092907e+02
-1.03535354e-05 -1.38888889e-05 4.99996407e+07 5.54148027e+02 4.10100929e+02
-9.84848485e-06 -1.38888889e-05 4.99995925e+07 6.34099418e+02 4.16795613e+02
-9.34343434e-06 -1.38888889e-05 4.99995486e+07 7.21696821e+02 4.08386498e+02
-8.83838384e-06 -1.38888889e-05 4.99995140e+07 8.11871912e+02 3.77584116e+02
-8.33333333e-06 -1.38888889e-05 4.99994944e+07 8.95007086e+02 3.16447523e+02
-7.82828283e-06 -1.38888889e-05 4.99994948e+07 9.55717917e+02 2.18564151e+02
-7.32323232e-06 -1.38888889e-05 4.99995172e+07 9.73267051e+02 8.28914775e+01
-6.81818182e-06 -1.38888889e-05 4.99995564e+07 9.25504149e+02 -8.14970208e+01
-6.31313131e-06 -1.38888889e-05 4.99995991e+07 7.97429171e+02 -2.52546778e+02
-5.80808081e-06 -1.38888889e-05 4.99996262e+07 5.91997490e+02 -3.98450997e+02
-5.30303030e-06 -1.38888889e-05 4.99996220e+07 3.36048564e+02 -4.88781565e+02
-4.79797980e-06 -1.38888889e-05 4.99995837e+07 7.41418991e+01 -5.08382845e+02
-4.29292929e-06 -1.38888889e-05 4.99995240e+07 -1.48379653e+02 -4.64076865e+02
-3.78787879e-06 -1.38888889e-05 4.99994647e+07 -3.02028544e+02 -3.79215947e+02
-3.28282828e-06 -1.38888889e-05 4.99994255e+07 -3.79304443e+02 -2.81422780e+02
-2.77777778e-06 -1.38888889e-05 4.99994174e+07 -3.90018910e+02 -1.92540759e+02
-2.27272727e-06 -1.38888889e-05 4.99994418e+07 -3.52419243e+02 -1.24908584e+02
-1.76767677e-06 -1.38888889e-05 4.99994935e+07 -2.85836673e+02 -8.24492563e+01
-1.26262626e-06 -1.38888889e-05 4.99995644e+07 -2.06647122e+02 -6.35176317e+01
-7.57575758e-07 -1.38888889e-05 4.99996459e+07 -1.26867669e+02 -6.35854820e+01
-2.52525253e-07 -1.38888889e-05 4.99997303e+07 -5.42255437e+01 -7.71594752e+01
2.52525253e-07 -1.38888889e-05 4.99998119e+07 7.12571697e+00 -9.89623547e+01
7.57575758e-07 -1.38888889e-05 4.99998866e+07 5.56927216e+01 -1.24559557e+02
1.26262626e-06 -1.38888889e-05 4.99999521e+07 9.17585539e+01 -1.50600290e+02
1.76767677e-06 -1.38888889e-05 5.00000074e+07 1.16640257e+02 -1.74808648e+02
2.27272727e-06 -1.38888889e-05 5.00000524e+07 1.32130215e+02 -1.95833383e+02
2.77777778e-06 -1.38888889e-05 5.00000880e+07 1.40119117e+02 -2.13039275e+02
3.28282828e-06 -1.38888889e-05 5.00001150e+07 1.42371647e+02 -2.26296084e+02
3.78787879e-06 -1.38888889e-05 5.00001348e+07 1.40415676e+02 -2.35796340e+02
4.29292929e-06 -1.38888889e-05 5.00001485e+07 1.35506775e+02 -2.41914083e+02
4.79797980e-06 -1.38888889e-05 5.00001572e+07 1.28637104e+02 -2.45104504e+02
5.30303030e-06 -1.38888889e-05 5.00001621e+07 1.20566478e+02 -2.45838314e+02
5.80808081e-06 -1.38888889e-05 5.00001639e+07 1.11861428e+02 -2.44562643e+02
6.31313131e-06 -1.38888889e-05 5.00001633e+07 1.02934064e+02 -2.41680690e+02
6.81818182e-06 -1.38888889e-05 5.00001611e+07 9.40767208e+01 -2.37543687e+02
7.32323232e-06 -1.38888889e-05 5.00001576e+07 8.54908724e+01 -2.32450382e+02
7.82828283e-06 -1.38888889e-05 5.00001533e+07 7.73102003e+01 -2.26650706e+02
8.33333333e-06 -1.38888889e-05 5.00001485e+07 6.96184181e+01 -2.20351402e+02
8.83838384e-06 -1.38888889e-05 5.00001433e+07 6.24626835e+01 -2.13722265e+02
9.34343434e-06 -1.38888889e-05 5.00001379e+07 5.58634746e+01 -2.06902185e+02
9.84848485e-06 -1.38888889e-05 5.00001325e+07 4.98217219e+01 -2.00004582e+02
1.03535354e-05 -1.38888889e-05 5.00001271e+07 4.43238724e+01 -1.93122033e+02
1.08585859e-05 -1.38888889e-05 5.00001218e+07 3.93454390e+01 -1.86330044e+02
1.13636364e-05 -1.38888889e-05 5.00001166e+07 3.48534813e+01 -1.79690005e+02
1.18686869e-05 -1.38888889e-05 5.00001116e+07 3.08083733e+01 -1.73251392e+02
1.23737374e-05 -1.38888889e-05 5.00001067e+07 2.71651363e+01 -1.67053319e+02
1.28787879e-05 -1.38888889e-05 5.00001020e+07 2.38745567e+01 -1.61125563e+02
1.33838384e-05 -1.38888889e-05 5.00000975e+07 2.08842545e+01 -1.55489168e+02
1.38888889e-05 -1.38888889e-05 5.00000931e+07 1.81398199e+01 -1.50156768e+02
1.43939394e-05 -1.38888889e-05 5.00000889e+07 1.55860912e+01 -1.45132762e+02
1.48989899e-05 -1.38888889e-05 5.00000849e+07 1.31686018e+01 -1.40413464e+02
1.54040404e-05 -1.38888889e-05 5.00000810e+07 1.08351809e+01 -1.35987344e+02
1.59090909e-05 -1.38888889e-05 5.00000773e+07 8.53764905e+00 -1.31835481e+02
1.64141414e-05 -1.38888889e-05 5.00000737e+07 6.23351897e+00 -1.27932284e+02
1.69191919e-05 -1.38888889e-05 5.00000704e+07 3.88758081e+00 -1.24246536e+02
1.74242424e-05 -1.38888889e-05 5.00000672e+07 1.47324333e+00 -1.20742756e+02
1.79292929e-05 -1.38888889e-05 5.00000643e+07 -1.02649648e+00 -1.17382842e+02
1.84343434e-05 -1.38888889e-05 5.00000616e+07 -3.61856032e+00 -1.14127896e+02
1.89393939e-05 -1.38888889e-05 5.00000591e+07 -6.29984096e+00 -1.10940130e+02
1.94444444e-05 -1.38888889e-05 5.00000568e+07 -9.05782022e+00 -1.07784704e+02
1.99494949e-05 -1.38888889e-05 5.00000548e+07 -1.18717194e+01 -1.04631365e+02
2.04545455e-05 -1.38888889e-05 5.00000530e+07 -1.47140971e+01 -1.01455754e+02
2.09595960e-05 -1.38888889e-05 5.00000514e+07 -1.75527676e+01 -9.82402971e+01
2.14646465e-05 -1.38888889e-05 5.00000500e+07 -2.03528861e+01 -9.49746214e+01
2.19696970e-05 -1.38888889e-05 5.00000489e+07 -2.30790376e+01 -9.16554953e+01
2.24747475e-05 -1.38888889e-05 5.00000478e+07 -2.56971781e+01 -8.82863313e+01
2.29797980e-05 -1.38888889e-05 5.00000470e+07 -2.81763026e+01 -8.48763290e+01
2.34848485e-05 -1.38888889e-05 5.00000462e+07 -3.04897496e+01 -8.14393589e+01
2.39898990e-05 -1.38888889e-05 5.00000455e+07 -3.26160968e+01 -7.79926999e+01
2.44949495e-05 -1.38888889e-05 5.00000449e+07 -3.45396425e+01 -7.45557411e+01
2.50000000e-05 -1.38888889e-05 5.00000444e+07 -3.62505012e+01 -7.11487432e+01
-2.50000000e-05 -1.33838384e-05 5.00000162e+07 6.47099209e+00 1.59896209e+02
-2.44949495e-05 -1.33838384e-05 5.00000190e+07 1.62230309e+01 1.64490699e+02
-2.39898990e-05 -1.33838384e-05 5.00000215e+07 2.64411850e+01 1.68783872e+02
-2.34848485e-05 -1.33838384e-05 5.00000237e+07 3.70804929e+01 1.72722413e+02
-2.29797980e-05 -1.33838384e-05 5.00000256e+07 4.80802463e+01 1.76252641e+02
-2.24747475e-05 -1.33838384e-05 5.00000271e+07 5.93613666e+01 1.79323354e+02
-2.19696970e-05 -1.33838384e-05 5.00000281e+07 7.08240913e+01 1.81890168e+02
-2.14646465e-05 -1.33838384e-05 5.00000287e+07 8.23465753e+01 1.83921716e+02
-2.09595960e-05 -1.33838384e-05 5.00000289e+07 9.37853038e+01 1.85407992e+02
-2.04545455e-05 -1.33838384e-05 5.00000286e+07 1.04978511e+02 1.86370862e+02
-1.99494949e-05 -1.33838384e-05 5.00000278e+07 1.15754006e+02 1.86876255e+02
-1.94444444e-05 -1.33838384e-05 5.00000266e+07 1.25942752e+02 1.87046861e+02
-1.89393939e-05 -1.33838384e-05 5.00000249e+07 1.35399047e+02 1.87073265e+02
-1.84343434e-05 -1.33838384e-05 5.00000226e+07 1.44027013e+02 1.87220654e+02
-1.79292929e-05 -1.33838384e-05 5.00000197e+07 1.51811363e+02 1.87827922e+02
-1.74242424e-05 -1.33838384e-05 5.00000159e+07 1.58848360e+02 1.89296577e+02
-1.69191919e-05 -1.33838384e-05 5.00000110e+07 1.65371247e+02 1.92068722e+02
-1.64141414e-05 -1.33838384e-05 5.00000046e+07 1.71764186e+02 1.96596224e+02
-1.59090909e-05 -1.33838384e-05 4.99999962e+07 1.78560615e+02 2.03306268e+02
-1.54040404e-05 -1.33838384e-05 4.99999853e+07 1.86426002e+02 2.12570404e+02
-1.48989899e-05 -1.33838384e-05 4.99999714e+07 1.96130045e+02 2.24683723e+02
-1.43939394e-05 -1.33838384e-05 4.99999539e+07 2.08517726e+02 2.39857454e+02
-1.38888889e-05 -1.33838384e-05 4.99999322e+07 2.24490407e+02 2.58222902e+02
-1.33838384e-05 -1.33838384e-05 4.99999059e+07 2.45006625e+02 2.79838404e+02
-1.28787879e-05 -1.33838384e-05 4.99998743e+07 2.71107604e+02 3.04685298e+02
-1.23737374e-05 -1.33838384e-05 4.99998369e+07 3.03965490e+02 3.32633832e+02
-1.18686869e-05 -1.33838384e-05 4.99997935e+07 3.44942668e+02 3.63355069e+02
-1.13636364e-05 -1.33838384e-05 4.99997438e+07 3.95636759e+02 3.96149460e+02
-1.08585859e-05 -1.33838384e-05 4.99996879e+07 4.57863880e+02 4.29657720e+02
-1.03535354e-05 -1.33838384e-05 4.99996267e+07 5.33496743e+02 4.61419582e+02
-9.84848485e-06 -1.33838384e-05 4.99995619e+07 6.24018008e+02 4.87264582e+02
-9.34343434e-06 -1.33838384e-05 4.99994974e+07 7.29574674e+02 5.00587316e+02
-8.83838384e-06 -1.33838384e-05 4.99994390e+07 8.47260747e+02 4.91736595e+02
-8.33333333e-06 -1.33838384e-05 4.99993951e+07 9.68436755e+02 4.48110877e+02
-7.82828283e-06 -1.33838384e-05 4.99993757e+07 1.07541127e+03 3.56103699e+02
-7.32323232e-06 -1.33838384e-05 4.99993884e+07 1.13919775e+03 2.06409398e+02
-6.81818182e-06 -1.33838384e-05 4.99994323e+07 1.12229543e+03 3.16705153e+00
-6.31313131e-06 -1.33838384e-05 4.99994913e+07 9.91389869e+02 -2.26721255e+02
-5.80808081e-06 -1.33838384e-05 4.99995355e+07 7.39425295e+02 -4.33823703e+02
-5.30303030e-06 -1.33838384e-05 4.99995363e+07 4.03087455e+02 -5.64806772e+02
-4.79797980e-06 -1.33838384e-05 4.99994870e+07 5.49628885e+01 -5.91764426e+02
-4.29292929e-06 -1.33838384e-05 4.99994099e+07 -2.30847206e+02 -5.27356614e+02
-3.78787879e-06 -1.33838384e-05 4.99993407e+07 -4.12037094e+02 -4.12031176e+02
-3.28282828e-06 -1.33838384e-05 4.99993071e+07 -4.85656857e+02 -2.88483865e+02
-2.77777778e-06 -1.33838384e-05 4.99993194e+07 -4.74042415e+02 -1.85217000e+02
-2.27272727e-06 -1.33838384e-05 4.99993736e+07 -4.07296752e+02 -1.14359020e+02
-1.76767677e-06 -1.33838384e-05 4.99994582e+07 -3.12597245e+02 -7.66290689e+01
-1.26262626e-06 -1.33838384e-05 4.99995602e+07 -2.10349858e+02 -6.68126865e+01
-7.57575758e-07 -1.33838384e-05 4.99996683e+07 -1.13987066e+02 -7.74874159e+01
-2.52525253e-07 -1.33838384e-05 4.99997735e+07 -3.10974297e+01 -1.01144081e+02
2.52525253e-07 -1.33838384e-05 4.99998699e+07 3.51265834e+01 -1.31289897e+02
7.57575758e-07 -1.33838384e-05 4.99999537e+07 8.44868355e+01 -1.62926403e+02
1.26262626e-06 -1.33838384e-05 5.00000236e+07 1.18575863e+02 -1.92622212e+02
1.76767677e-06 -1.33838384e-05 5.00000796e+07 1.39846399e+02 -2.18334991e+02
2.27272727e-06 -1.33838384e-05 5.00001226e+07 1.50970305e+02 -2.39111256e+02
2.77777778e-06 -1.33838384e-05 5.00001543e+07 1.54453884e+02 -2.54762700e+02
3.28282828e-06 -1.33838384e-05 5.00001763e+07 1.52448997e+02 -2.65580216e+02
3.78787879e-06 -1.33838384e-05 5.00001906e+07 1.46694771e+02 -2.72112301e+02
4.29292929e-06 -1.33838384e-05 5.00001986e+07 1.38534853e+02 -2.75010487e+02
4.79797980e-06 -1.33838384e-05 5.00002018e+07 1.28970695e+02 -2.74931781e+02
5.30303030e-06 -1.33838384e-05 5.00002015e+07 1.18726064e+02 -2.72483889e+02
5.80808081e-06 -1.33838384e-05 5.00001985e+07 1.08309208e+02 -2.68199657e+02
6.31313131e-06 -1.33838384e-05 5.00001937e+07 9.80665226e+01 -2.62529829e+02
6.81818182e-06 -1.33838384e-05 5.00001877e+07 8.82258961e+01 -2.55846239e+02
7.32323232e-06 -1.33838384e-05 5.00001808e+07 7.89301965e+01 -2.48450230e+02
7.82828283e-06 -1.33838384e-05 5.00001736e+07 7.02622845e+01 -2.40583031e+02
8.33333333e-06 -1.33838384e-05 5.00001662e+07 6.22632024e+01 -2.32436233e+02
8.83838384e-06 -1.33838384e-05 5.00001588e+07 5.49450859e+01 -2.24161394e+02
9.34343434e-06 -1.33838384e-05 5.00001515e+07 4.83001146e+01 -2.15878325e+02
9.84848485e-06 -1.33838384e-05 5.00001444e+07 4.23065603e+01 -2.07681953e+02
1.03535354e-05 -1.33838384e-05 5.00001377e+07 3.69327573e+01 -1.99647801e+02
1.08585859e-05 -1.33838384e-05 5.00001312e+07 3.21396284e+01 -1.91836193e+02
1.13636364e-05 -1.33838384e-05 5.00001250e+07 2.78822505e+01 -1.84295367e+02
1.18686869e-05 -1.33838384e-05 5.00001191e+07 2.41108324e+01 -1.77063620e+02
1.23737374e-05 -1.33838384e-05 5.00001135e+07 2.07713919e+01 -1.70170679e+02
1.28787879e-05 -1.33838384e-05 5.00001082e+07 1.78063563e+01 -1.63638424e+02
1.33838384e-05 -1.33838384e-05 5.00001031e+07 1.51552550e+01 -1.57481146e+02
1.38888889e-05 -1.33838384e-05 5.00000983e+07 1.27556270e+01 -1.51705476e+02
1.43939394e-05 -1.33838384e-05 5.00000936e+07 1.05442152e+01 -1.46310158e+02
1.48989899e-05 -1.33838384e-05 5.00000892e+07 8.45847145e+00 -1.41285830e+02
1.54040404e-05 -1.33838384e-05 5.00000850e+07 6.43834396e+00 -1.36614948e+02
1.59090909e-05 -1.33838384e-05 5.00000809e+07 4.42826537e+00 -1.32272006e+02
1.64141414e-05 -1.33838384e-05 5.00000771e+07 2.37921619e+00 -1.28224142e+02
1.69191919e-05 -1.33838384e-05 5.00000735e+07 2.50700447e-01 -1.24432195e+02
1.74242424e-05 -1.33838384e-05 5.00000701e+07 -1.98754694e+00 -1.20852208e+02
1.79292929e-05 -1.33838384e-05 5.00000669e+07 -4.35429870e+00 -1.17437338e+02
1.84343434e-05 -1.33838384e-05 5.00000640e+07 -6.85617009e+00 -1.14140042e+02
1.89393939e-05 -1.33838384e-05 5.00000614e+07 -9.48765068e+00 -1.10914393e+02
1.94444444e-05 -1.33838384e-05 5.00000590e+07 -1.22318672e+01 -1.07718335e+02
1.99494949e-05 -1.33838384e-05 5.00000568e+07 -1.50620367e+01 -1.04515694e+02
2.04545455e-05 -1.33838384e-05 5.00000550e+07 -1.79434964e+01 -1.01277758e+02
2.09595960e-05 -1.33838384e-05 5.00000533e+07 -2.08361404e+01 -9.79843272e+01
2.14646465e-05 -1.33838384e-05 5.00000519e+07 -2.36970534e+01 -9.46241405e+01
2.19696970e-05 -1.33838384e-05 5.00000507e+07 -2.64831252e+01 -9.11946970e+01
2.24747475e-05 -1.33838384e-05 5.00000497e+07 -2.91534441e+01 -8.77015216e+01
2.29797980e-05 -1.33838384e-05 5.00000488e+07 -3.16713082e+01 -8.41569877e+01
2.34848485e-05 -1.33838384e-05 5.00000480e+07 -3.40057456e+01 -8.05788378e+01
2.39898990e-05 -1.33838384e-05 5.00000473e+07 -3.61324937e+01 -7.69885522e+01
2.44949495e-05 -1.33838384e-05 5.00000467e+07 -3.80344457e+01 -7.34097119e+01
2.50000000e-05 -1.33838384e-05 5.00000462e+07 -3.97016141e+01 -6.98664757e+01
-2.50000000e-05 -1.28787879e-05 5.00000221e+07 1.62721040e+00 1.60701748e+02
-2.44949495e-05 -1.28787879e-05 5.00000255e+07 1.16604395e+01 1.65527753e+02
-2.39898990e-05 -1.28787879e-05 5.00000286e+07 2.22170994e+01 1.70037066e+02
-2.34848485e-05 -1.28787879e-05 5.00000314e+07 3.32551733e+01 1.74165215e+02
-2.29797980e-05 -1.28787879e-05 5.00000338e+07 4.47149698e+01 1.77843819e+02
-2.24747475e-05 -1.28787879e-05 5.00000358e+07 5.65151422e+01 1.81002783e+02
-2.19696970e-05 -1.28787879e-05 5.00000374e+07 6.85485162e+01 1.83574211e+02
-2.14646465e-05 -1.28787879e-05 5.00000386e+07 8.06783279e+01 1.85498660e+02
-2.09595960e-05 -1.28787879e-05 5.00000392e+07 9.27359033e+01 1.86734400e+02
-2.04545455e-05 -1.28787879e-05 5.00000394e+07 1.04521341e+02 1.87270124e+02
-1.99494949e-05 -1.28787879e-05 5.00000392e+07 1.15809276e+02 1.87140995e+02
-1.94444444e-05 -1.28787879e-05 5.00000385e+07 1.26362076e+02 1.86447000e+02
-1.89393939e-05 -1.28787879e-05 5.00000375e+07 1.35952505e+02 1.85371135e+02
-1.84343434e-05 -1.28787879e-05 5.00000361e+07 1.44396569e+02 1.84193455e+02
-1.79292929e-05 -1.28787879e-05 5.00000342e+07 1.51594727e+02 1.83295872e+02
-1.74242424e-05 -1.28787879e-05 5.00000317e+07 1.57576150e+02 1.83152849e+02
-1.69191919e-05 -1.28787879e-05 5.00000283e+07 1.62537309e+02 1.84305489e+02
-1.64141414e-05 -1.28787879e-05 5.00000235e+07 1.66864737e+02 1.87321145e+02
-1.59090909e-05 -1.28787879e-05 5.00000170e+07 1.71133955e+02 1.92746289e+02
-1.54040404e-05 -1.28787879e-05 5.00000081e+07 1.76082932e+02 2.01064550e+02
-1.48989899e-05 -1.28787879e-05 4.99999962e+07 1.82567245e+02 2.12672073e+02
-1.43939394e-05 -1.28787879e-05 4.99999805e+07 1.91511956e+02 2.27877599e+02
-1.38888889e-05 -1.28787879e-05 4.99999604e+07 2.03878870e+02 2.46926425e+02
-1.33838384e-05 -1.28787879e-05 4.99999351e+07 2.20665975e+02 2.70038478e+02
-1.28787879e-05 -1.28787879e-05 4.99999040e+07 2.42950036e+02 2.97443400e+02
-1.23737374e-05 -1.28787879e-05 4.99998661e+07 2.71975596e+02 3.29389899e+02
-1.18686869e-05 -1.28787879e-05 4.99998207e+07 3.09285214e+02 3.66100545e+02
-1.13636364e-05 -1.28787879e-05 4.99997668e+07 3.56874653e+02 4.07633589e+02
-1.08585859e-05 -1.28787879e-05 4.99997036e+07 4.17337225e+02 4.53597527e+02
-1.03535354e-05 -1.28787879e-05 4.99996307e+07 4.93922662e+02 5.02641421e+02
-9.84848485e-06 -1.28787879e-05 4.99995486e+07 5.90358262e+02 5.51620739e+02
-9.34343434e-06 -1.28787879e-05 4.99994595e+07 7.10134958e+02 5.94343165e+02
-8.83838384e-06 -1.28787879e-05 4.99993691e+07 8.54725512e+02 6.19916903e+02
-8.33333333e-06 -1.28787879e-05 4.99992875e+07 1.01993748e+03 6.11158078e+02
-7.82828283e-06 -1.28787879e-05 4.99992306e+07 1.18969308e+03 5.44603907e+02
-7.32323232e-06 -1.28787879e-05 4.99992162e+07 1.32812469e+03 3.95557534e+02
-6.81818182e-06 -1.28787879e-05 4.99992548e+07 1.37587102e+03 1.52697553e+02
-6.31313131e-06 -1.28787879e-05 4.99993329e+07 1.26404840e+03 -1.58555835e+02
-5.80808081e-06 -1.28787879e-05 4.99994045e+07 9.56943120e+02 -4.62360864e+02
-5.30303030e-06 -1.28787879e-05 4.99994149e+07 5.01555035e+02 -6.60301671e+02
-4.79797980e-06 -1.28787879e-05 4.99993485e+07 2.36465267e+01 -6.97466930e+02
-4.29292929e-06 -1.28787879e-05 4.99992473e+07 -3.48451612e+02 -6.00171632e+02
-3.78787879e-06 -1.28787879e-05 4.99991724e+07 -5.55934872e+02 -4.42561806e+02
-3.28282828e-06 -1.28787879e-05 4.99991601e+07 -6.12329904e+02 -2.90240226e+02
-2.77777778e-06 -1.28787879e-05 4.99992131e+07 -5.63988570e+02 -1.76445818e+02
-2.27272727e-06 -1.28787879e-05 4.99993149e+07 -4.57848492e+02 -1.08591983e+02
-1.76767677e-06 -1.28787879e-05 4.99994451e+07 -3.29431050e+02 -8.12614000e+01
-1.26262626e-06 -1.28787879e-05 4.99995859e+07 -2.02141215e+02 -8.45855367e+01
-7.57575758e-07 -1.28787879e-05 4.99997238e+07 -8.96635251e+01 -1.08122738e+02
-2.52525253e-07 -1.28787879e-05 4.99998499e+07 1.52263386e+00 -1.42557186e+02
2.52525253e-07 -1.28787879e-05 4.99999588e+07 6.99585706e+01 -1.80489966e+02
7.57575758e-07 -1.28787879e-05 5.00000484e+07 1.17326091e+02 -2.16705451e+02
1.26262626e-06 -1.28787879e-05 5.00001186e+07 1.46919079e+02 -2.48040813e+02
1.76767677e-06 -1.28787879e-05 5.00001710e+07 1.62536211e+02 -2.73000111e+02
2.27272727e-06 -1.28787879e-05 5.00002080e+07 1.67793503e+02 -2.91273412e+02
2.77777778e-06 -1.28787879e-05 5.00002322e+07 1.65780741e+02 -3.03286030e+02
3.28282828e-06 -1.28787879e-05 5.00002462e+07 1.58954038e+02 -3.09843161e+02
3.78787879e-06 -1.28787879e-05 5.00002525e+07 1.49164474e+02 -3.11884678e+02
4.29292929e-06 -1.28787879e-05 5.00002529e+07 1.37749155e+02 -3.10335692e+02
4.79797980e-06 -1.28787879e-05 5.00002491e+07 1.25639113e+02 -3.06028127e+02
5.30303030e-06 -1.28787879e-05 5.00002424e+07 1.13460246e+02 -2.99669094e+02
5.80808081e-06 -1.28787879e-05 5.00002338e+07 1.01617585e+02 -2.91836997e+02
6.31313131e-06 -1.28787879e-05 5.00002241e+07 9.03609780e+01 -2.82992136e+02
6.81818182e-06 -1.28787879e-05 5.00002137e+07 7.98339714e+01 -2.73493483e+02
7.32323232e-06 -1.28787879e-05 5.00002032e+07 7.01089527e+01 -2.63616821e+02
7.82828283e-06 -1.28787879e-05 5.00001929e+07 6.12117071e+01 -2.53571768e+02
8.33333333e-06 -1.28787879e-05 5.00001828e+07 5.31381348e+01 -2.43516578e+02
8.83838384e-06 -1.28787879e-05 5.00001731e+07 4.58653154e+01 -2.33570422e+02
9.34343434e-06 -1.28787879e-05 5.00001639e+07 3.93585816e+01 -2.23823228e+02
9.84848485e-06 -1.28787879e-05 5.00001553e+07 3.35758256e+01 -2.14343331e+02
1.03535354e-05 -1.28787879e-05 5.00001472e+07 2.84699318e+01 -2.05183256e+02
1.08585859e-05 -1.28787879e-05 5.00001396e+07 2.39899785e+01 -1.96383921e+02
1.13636364e-05 -1.28787879e-05 5.00001325e+07 2.00816863e+01 -1.87977528e+02
1.18686869e-05 -1.28787879e-05 5.00001258e+07 1.66874665e+01 -1.79989376e+02
1.23737374e-05 -1.28787879e-05 5.00001196e+07 1.37463451e+01 -1.72438789e+02
1.28787879e-05 -1.28787879e-05 5.00001137e+07 1.11939789e+01 -1.65339358e+02
1.33838384e-05 -1.28787879e-05 5.00001081e+07 8.96293220e+00 -1.58698649e+02
1.38888889e-05 -1.28787879e-05 5.00001028e+07 6.98333973e+00 -1.52517588e+02
1.43939394e-05 -1.28787879e-05 5.00000978e+07 5.18403315e+00 -1.46789677e+02
1.48989899e-05 -1.28787879e-05 5.00000931e+07 3.49415223e+00 -1.41500266e+02
1.54040404e-05 -1.28787879e-05 5.00000885e+07 1.84520171e+00 -1.36626035e+02
1.59090909e-05 -1.28787879e-05 5.00000842e+07 1.73447680e-01 -1.32134890e+02
1.64141414e-05 -1.28787879e-05 5.00000801e+07 -1.57751425e+00 -1.27986391e+02
1.69191919e-05 -1.28787879e-05 5.00000763e+07 -3.45423802e+00 -1.24132800e+02
1.74242424e-05 -1.28787879e-05 5.00000727e+07 -5.49120107e+00 -1.20520762e+02
1.79292929e-05 -1.28787879e-05 5.00000693e+07 -7.70912114e+00 -1.17093550e+02
1.84343434e-05 -1.28787879e-05 5.00000662e+07 -1.01140290e+01 -1.13793727e+02
1.89393939e-05 -1.28787879e-05 5.00000635e+07 -1.26972441e+01 -1.10566004e+02
1.94444444e-05 -1.28787879e-05 5.00000609e+07 -1.54363070e+01 -1.07360056e+02
1.99494949e-05 -1.28787879e-05 5.00000587e+07 -1.82968179e+01 -1.04133016e+02
2.04545455e-05 -1.28787879e-05 5.00000568e+07 -2.12350291e+01 -1.00851427e+02
2.09595960e-05 -1.28787879e-05 5.00000551e+07 -2.42009573e+01 -9.74924866e+01
2.14646465e-05 -1.28787879e-05 5.00000537e+07 -2.71417299e+01 -9.40444780e+01
2.19696970e-05 -1.28787879e-05 5.00000525e+07 -3.00048736e+01 -9.05064176e+01
2.24747475e-05 -1.28787879e-05 5.00000515e+07 -3.27412743e+01 -8.68869920e+01
2.29797980e-05 -1.28787879e-05 5.00000506e+07 -3.53076024e+01 -8.32029503e+01
2.34848485e-05 -1.28787879e-05 5.00000498e+07 -3.76680704e+01 -7.94771451e+01
2.39898990e-05 -1.28787879e-05 5.00000492e+07 -3.97954752e+01 -7.57364283e+01
2.44949495e-05 -1.28787879e-05 5.00000486e+07 -4.16715534e+01 -7.20095911e+01
2.50000000e-05 -1.28787879e-05 5.00000480e+07 -4.32867352e+01 -6.83255019e+01
-2.50000000e-05 -1.23737374e-05 5.00000283e+07 -3.46629969e+00 1.61364700e+02
-2.44949495e-05 -1.23737374e-05 5.00000323e+07 6.85537535e+00 1.66453214e+02
-2.39898990e-05 -1.23737374e-05 5.00000361e+07 1.77670464e+01 1.71217623e+02
-2.34848485e-05 -1.23737374e-05 5.00000396e+07 2.92330908e+01 1.75583012e+02
-2.29797980e-05 -1.23737374e-05 5.00000427e+07 4.11991975e+01 1.79466331e+02
-2.24747475e-05 -1.23737374e-05 5.00000453e+07 5.35869941e+01 1.82777408e+02
-2.19696970e-05 -1.23737374e-05 5.00000475e+07 6.62877546e+01 1.85421706e+02
-2.14646465e-05 -1.23737374e-05 5.00000492e+07 7.91556478e+01 1.87305776e+02
-2.09595960e-05 -1.23737374e-05 5.00000504e+07 9.20015560e+01 1.88346563e+02
-2.04545455e-05 -1.23737374e-05 5.00000511e+07 1.04589311e+02 1.88485687e+02
-1.99494949e-05 -1.23737374e-05 5.00000514e+07 1.16637188e+02 1.87709375e+02
-1.94444444e-05 -1.23737374e-05 5.00000513e+07 1.27828388e+02 1.86073585e+02
-1.89393939e-05 -1.23737374e-05 5.00000509e+07 1.37834526e+02 1.83731841e+02
-1.84343434e-05 -1.23737374e-05 5.00000503e+07 1.46354945e+02 1.80960570e+02
-1.79292929e-05 -1.23737374e-05 5.00000496e+07 1.53171324e+02 1.78174056e+02
-1.74242424e-05 -1.23737374e-05 5.00000485e+07 1.58211298e+02 1.75920143e+02
-1.69191919e-05 -1.23737374e-05 5.00000468e+07 1.61608207e+02 1.74850364e+02
-1.64141414e-05 -1.23737374e-05 5.00000442e+07 1.63739624e+02 1.75665292e+02
-1.59090909e-05 -1.23737374e-05 5.00000402e+07 1.65229079e+02 1.79046039e+02
-1.54040404e-05 -1.23737374e-05 5.00000339e+07 1.66905250e+02 1.85591567e+02
-1.48989899e-05 -1.23737374e-05 5.00000248e+07 1.69728235e+02 1.95783434e+02
-1.43939394e-05 -1.23737374e-05 5.00000121e+07 1.74706775e+02 2.09992370e+02
-1.38888889e-05 -1.23737374e-05 4.99999949e+07 1.82836613e+02 2.28527642e+02
-1.33838384e-05 -1.23737374e-05 4.99999725e+07 1.95086567e+02 2.51716743e+02
-1.28787879e-05 -1.23737374e-05 4.99999440e+07 2.12449411e+02 2.79994441e+02
-1.23737374e-05 -1.23737374e-05 4.99999082e+07 2.36065207e+02 3.13976539e+02
-1.18686869e-05 -1.23737374e-05 4.99998639e+07 2.67418758e+02 3.54490110e+02
-1.13636364e-05 -1.23737374e-05 4.99998095e+07 3.08608958e+02 4.02522460e+02
-1.08585859e-05 -1.23737374e-05 4.99997429e+07 3.62680187e+02 4.59029015e+02
-1.03535354e-05 -1.23737374e-05 4.99996620e+07 4.33982939e+02 5.24497606e+02
-9.84848485e-06 -1.23737374e-05 4.99995648e+07 5.28466746e+02 5.98091964e+02
-9.34343434e-06 -1.23737374e-05 4.99994508e+07 6.53644572e+02 6.76085157e+02
-8.83838384e-06 -1.23737374e-05 4.99993222e+07 8.17585780e+02 7.49185780e+02
-8.33333333e-06 -1.23737374e-05 4.99991879e+07 1.02551770e+03 7.98480275e+02
-7.82828283e-06 -1.23737374e-05 4.99990670e+07 1.27143285e+03 7.90804424e+02
-7.32323232e-06 -1.23737374e-05 4.99989914e+07 1.52175974e+03 6.78084824e+02
-6.81818182e-06 -1.23737374e-05 4.99989966e+07 1.69402663e+03 4.12817694e+02
-6.31313131e-06 -1.23737374e-05 4.99990889e+07 1.65545490e+03 -4.97694829e+00
-5.80808081e-06 -1.23737374e-05 4.99992045e+07 1.29314683e+03 -4.67768261e+02
-5.30303030e-06 -1.23737374e-05 4.99992335e+07 6.52043935e+02 -7.83245420e+02
-4.79797980e-06 -1.23737374e-05 4.99991378e+07 -3.18387094e+01 -8.33039093e+02
-4.29292929e-06 -1.23737374e-05 4.99990054e+07 -5.19425460e+02 -6.79517414e+02
-3.78787879e-06 -1.23737374e-05 4.99989440e+07 -7.39865666e+02 -4.66682124e+02
-3.28282828e-06 -1.23737374e-05 4.99989884e+07 -7.54611222e+02 -2.89659325e+02
-2.77777778e-06 -1.23737374e-05 4.99991155e+07 -6.51708427e+02 -1.75945880e+02
-2.27272727e-06 -1.23737374e-05 4.99992881e+07 -4.97082266e+02 -1.20185328e+02
-1.76767677e-06 -1.23737374e-05 4.99994765e+07 -3.31774941e+02 -1.08683409e+02
-1.26262626e-06 -1.23737374e-05 4.99996607e+07 -1.79719247e+02 -1.27486970e+02
-7.57575758e-07 -1.23737374e-05 4.99998279e+07 -5.34108682e+01 -1.64048949e+02
-2.52525253e-07 -1.23737374e-05 4.99999711e+07 4.27193659e+01 -2.07879550e+02
2.52525253e-07 -1.23737374e-05 5.00000870e+07 1.09698769e+02 -2.51127806e+02
7.57575758e-07 -1.23737374e-05 5.00001757e+07 1.51673014e+02 -2.88780059e+02
1.26262626e-06 -1.23737374e-05 5.00002397e+07 1.73999488e+02 -3.18345360e+02
1.76767677e-06 -1.23737374e-05 5.00002826e+07 1.81961733e+02 -3.39215052e+02
2.27272727e-06 -1.23737374e-05 5.00003083e+07 1.80090918e+02 -3.51961457e+02
2.77777778e-06 -1.23737374e-05 5.00003207e+07 1.71937310e+02 -3.57753158e+02
3.28282828e-06 -1.23737374e-05 5.00003233e+07 1.60106343e+02 -3.57949287e+02
3.78787879e-06 -1.23737374e-05 5.00003189e+07 1.46413440e+02 -3.53859744e+02
4.29292929e-06 -1.23737374e-05 5.00003096e+07 1.32067457e+02 -3.46628282e+02
4.79797980e-06 -1.23737374e-05 5.00002973e+07 1.17837920e+02 -3.37193698e+02
5.30303030e-06 -1.23737374e-05 5.00002833e+07 1.04189748e+02 -3.26294329e+02
5.80808081e-06 -1.23737374e-05 5.00002683e+07 9.13840984e+01 -3.14492740e+02
6.31313131e-06 -1.23737374e-05 5.00002532e+07 7.95502187e+01 -3.02206994e+02
6.81818182e-06 -1.23737374e-05 5.00002383e+07 6.87347845e+01 -2.89741377e+02
7.32323232e-06 -1.23737374e-05 5.00002240e+07 5.89347578e+01 -2.77313393e+02
7.82828283e-06 -1.23737374e-05 5.00002104e+07 5.01186338e+01 -2.65076054e+02
8.33333333e-06 -1.23737374e-05 5.00001977e+07 4.22397201e+01 -2.53135553e+02
8.83838384e-06 -1.23737374e-05 5.00001858e+07 3.52440543e+01 -2.41564899e+02
9.34343434e-06 -1.23737374e-05 5.00001748e+07 2.90747736e+01 -2.30414168e+02
9.84848485e-06 -1.23737374e-05 5.00001647e+07 2.36741718e+01 -2.19718063e+02
1.03535354e-05 -1.23737374e-05 5.00001553e+07 1.89842892e+01 -2.09501288e+02
1.08585859e-05 -1.23737374e-05 5.00001467e+07 1.49466133e+01 -1.99782214e+02
1.13636364e-05 -1.23737374e-05 5.00001388e+07 1.15013023e+01 -1.90575162e+02
1.18686869e-05 -1.23737374e-05 5.00001315e+07 8.58623626e+00 -1.81891560e+02
1.23737374e-05 -1.23737374e-05 5.00001247e+07 6.13614060e+00 -1.73740211e+02
1.28787879e-05 -1.23737374e-05 5.00001183e+07 4.08198130e+00 -1.66126837e+02
1.33838384e-05 -1.23737374e-05 5.00001124e+07 2.35080251e+00 -1.59053080e+02
1.38888889e-05 -1.23737374e-05 5.00001068e+07 8.66140893e-01 -1.52515165e+02
1.43939394e-05 -1.23737374e-05 5.00001015e+07 -4.50893355e-01 -1.46502407e+02
1.48989899e-05 -1.23737374e-05 5.00000964e+07 -1.67983870e+00 -1.40995805e+02
1.54040404e-05 -1.23737374e-05 5.00000917e+07 -2.89845236e+00 -1.35966957e+02
1.59090909e-05 -1.23737374e-05 5.00000871e+07 -4.17975829e+00 -1.31377505e+02
1.64141414e-05 -1.23737374e-05 5.00000828e+07 -5.58878906e+00 -1.27179308e+02
1.69191919e-05 -1.23737374e-05 5.00000788e+07 -7.17931223e+00 -1.23315461e+02
1.74242424e-05 -1.23737374e-05 5.00000750e+07 -8.99087857e+00 -1.19722194e+02
1.79292929e-05 -1.23737374e-05 5.00000715e+07 -1.10465367e+01 -1.16331552e+02
1.84343434e-05 -1.23737374e-05 5.00000682e+07 -1.33515175e+01 -1.13074682e+02
1.89393939e-05 -1.23737374e-05 5.00000653e+07 -1.58931004e+01 -1.09885429e+02
1.94444444e-05 -1.23737374e-05 5.00000627e+07 -1.86417487e+01 -1.06703890e+02
1.99494949e-05 -1.23737374e-05 5.00000605e+07 -2.15534471e+01 -1.03479572e+02
2.04545455e-05 -1.23737374e-05 5.00000585e+07 -2.45730358e+01 -1.00173830e+02
2.09595960e-05 -1.23737374e-05 5.00000568e+07 -2.76382152e+01 -9.67613595e+01
2.14646465e-05 -1.23737374e-05 5.00000554e+07 -3.06838295e+01 -9.32306160e+01
2.19696970e-05 -1.23737374e-05 5.00000542e+07 -3.36460248e+01 -8.95832071e+01
2.24747475e-05 -1.23737374e-05 5.00000532e+07 -3.64659245e+01 -8.58323727e+01
2.29797980e-05 -1.23737374e-05 5.00000524e+07 -3.90925501e+01 -8.20007923e+01
2.34848485e-05 -1.23737374e-05 5.00000516e+07 -4.14848330e+01 -7.81179918e+01
2.39898990e-05 -1.23737374e-05 5.00000510e+07 -4.36126765e+01 -7.42176306e+01
2.44949495e-05 -1.23737374e-05 5.00000504e+07 -4.54571327e+01 -7.03349172e+01
2.50000000e-05 -1.23737374e-05 5.00000498e+07 -4.70098344e+01 -6.65043449e+01
-2.50000000e-05 -1.18686869e-05 5.00000347e+07 -8.83748896e+00 1.61866346e+02
-2.44949495e-05 -1.18686869e-05 5.00000395e+07 1.77129976e+00 1.67250126e+02
-2.39898990e-05 -1.18686869e-05 5.00000440e+07 1.30444180e+01 1.72313052e+02
-2.34848485e-05 -1.18686869e-05 5.00000483e+07 2.49563908e+01 1.76971818e+02
-2.29797980e-05 -1.18686869e-05 5.00000522e+07 3.74634215e+01 1.81130438e+02
-2.24747475e-05 -1.18686869e-05 5.00000556e+07 5.04968230e+01 1.84679470e+02
-2.19696970e-05 -1.18686869e-05 5.00000584e+07 6.39545924e+01 1.87496701e+02
-2.14646465e-05 -1.18686869e-05 5.00000608e+07 7.76912424e+01 1.89450553e+02
-2.09595960e-05 -1.18686869e-05 5.00000625e+07 9.15066460e+01 1.90407920e+02
-2.04545455e-05 -1.18686869e-05 5.00000637e+07 1.05135756e+02 1.90248550e+02
-1.99494949e-05 -1.18686869e-05 5.00000644e+07 1.18242680e+02 1.88887956e+02
-1.94444444e-05 -1.18686869e-05 5.00000648e+07 1.30424517e+02 1.86309845e+02
-1.89393939e-05 -1.18686869e-05 5.00000650e+07 1.41231943e+02 1.82606453e+02
-1.84343434e-05 -1.18686869e-05 5.00000652e+07 1.50213335e+02 1.78020790e+02
-1.79292929e-05 -1.18686869e-05 5.00000655e+07 1.56985453e+02 1.72979330e+02
-1.74242424e-05 -1.18686869e-05 5.00000658e+07 1.61325007e+02 1.68099617e+02
-1.69191919e-05 -1.18686869e-05 5.00000661e+07 1.63262925e+02 1.64158613e+02
-1.64141414e-05 -1.18686869e-05 5.00000660e+07 1.63152158e+02 1.62017887e+02
-1.59090909e-05 -1.18686869e-05 5.00000648e+07 1.61678795e+02 1.62519869e+02
-1.54040404e-05 -1.18686869e-05 5.00000620e+07 1.59801212e+02 1.66387457e+02
-1.48989899e-05 -1.18686869e-05 5.00000566e+07 1.58629645e+02 1.74165449e+02
-1.43939394e-05 -1.18686869e-05 5.00000480e+07 1.59285189e+02 1.86230302e+02
-1.38888889e-05 -1.18686869e-05 5.00000353e+07 1.62787770e+02 2.02870557e+02
-1.33838384e-05 -1.18686869e-05 5.00000176e+07 1.70013322e+02 2.24418313e+02
-1.28787879e-05 -1.18686869e-05 4.99999942e+07 1.81741341e+02 2.51403224e+02
-1.23737374e-05 -1.18686869e-05 4.99999637e+07 1.98799509e+02 2.84703319e+02
-1.18686869e-05 -1.18686869e-05 4.99999247e+07 2.22309217e+02 3.25671804e+02
-1.13636364e-05 -1.18686869e-05 4.99998748e+07 2.54042338e+02 3.76215999e+02
-1.08585859e-05 -1.18686869e-05 4.99998112e+07 2.96910170e+02 4.38786787e+02
-1.03535354e-05 -1.18686869e-05 4.99997298e+07 3.55614987e+02 5.16193494e+02
-9.84848485e-06 -1.18686869e-05 4.99996257e+07 4.37489973e+02 6.11062121e+02
-9.34343434e-06 -1.18686869e-05 4.99994934e+07 5.53483437e+02 7.24545845e+02
-8.83838384e-06 -1.18686869e-05 4.99993285e+07 7.18945688e+02 8.53481450e+02
-8.33333333e-06 -1.18686869e-05 4.99991314e+07 9.52905091e+02 9.84504632e+02
-7.82828283e-06 -1.18686869e-05 4.99989156e+07 1.27185132e+03 1.08312452e+03
-7.32323232e-06 -1.18686869e-05 4.99987210e+07 1.66837239e+03 1.07820839e+03
-6.81818182e-06 -1.18686869e-05 4.99986222e+07 2.06020075e+03 8.57298397e+02
-6.31313131e-06 -1.18686869e-05 4.99986917e+07 2.22301466e+03 3.27165240e+02
-5.80808081e-06 -1.18686869e-05 4.99988755e+07 1.84541024e+03 -4.06414744e+02
-5.30303030e-06 -1.18686869e-05 4.99989433e+07 8.93717783e+02 -9.47645438e+02
-4.79797980e-06 -1.18686869e-05 4.99987919e+07 -1.40351873e+02 -1.00636728e+03
-4.29292929e-06 -1.18686869e-05 4.99986317e+07 -7.68472863e+02 -7.54573392e+02
-3.78787879e-06 -1.18686869e-05 4.99986463e+07 -9.59223882e+02 -4.84250857e+02
-3.28282828e-06 -1.18686869e-05 4.99988198e+07 -8.96737506e+02 -3.04661695e+02
-2.77777778e-06 -1.18686869e-05 4.99990687e+07 -7.25040872e+02 -2.09116253e+02
-2.27272727e-06 -1.18686869e-05 4.99993337e+07 -5.19173293e+02 -1.72750559e+02
-1.76767677e-06 -1.18686869e-05 4.99995853e+07 -3.18143458e+02 -1.77408791e+02
-1.26262626e-06 -1.18686869e-05 4.99998093e+07 -1.43996271e+02 -2.09037479e+02
-7.57575758e-07 -1.18686869e-05 4.99999984e+07 -7.58494369e+00 -2.54774742e+02
-2.52525253e-07 -1.18686869e-05 5.00001490e+07 8.91319005e+01 -3.03447198e+02
2.52525253e-07 -1.18686869e-05 5.00002615e+07 1.50346795e+02 -3.46968323e+02
7.57575758e-07 -1.18686869e-05 5.00003395e+07 1.83294269e+02 -3.80851950e+02
1.26262626e-06 -1.18686869e-05 5.00003882e+07 1.95733234e+02 -4.03671632e+02
1.76767677e-06 -1.18686869e-05 5.00004137e+07 1.94468377e+02 -4.16029605e+02
2.27272727e-06 -1.18686869e-05 5.00004218e+07 1.84786934e+02 -4.19561931e+02
2.77777778e-06 -1.18686869e-05 5.00004176e+07 1.70464096e+02 -4.16222834e+02
3.28282828e-06 -1.18686869e-05 5.00004050e+07 1.54023743e+02 -4.07870187e+02
3.78787879e-06 -1.18686869e-05 5.00003873e+07 1.37058059e+02 -3.96077759e+02
4.29292929e-06 -1.18686869e-05 5.00003666e+07 1.20512664e+02 -3.82086395e+02
4.79797980e-06 -1.18686869e-05 5.00003445e+07 1.04907498e+02 -3.66826339e+02
5.30303030e-06 -1.18686869e-05 5.00003223e+07 9.04944901e+01 -3.50968050e+02
5.80808081e-06 -1.18686869e-05 5.00003005e+07 7.73641214e+01 -3.34978403e+02
6.31313131e-06 -1.18686869e-05 5.00002798e+07 6.55145682e+01 -3.19171642e+02
6.81818182e-06 -1.18686869e-05 5.00002603e+07 5.48950212e+01 -3.03751362e+02
7.32323232e-06 -1.18686869e-05 5.00002421e+07 4.54318700e+01 -2.88843277e+02
7.82828283e-06 -1.18686869e-05 5.00002254e+07 3.70438320e+01 -2.74519883e+02
8.33333333e-06 -1.18686869e-05 5.00002102e+07 2.96500964e+01 -2.60818584e+02
8.83838384e-06 -1.18686869e-05 5.00001962e+07 2.31741332e+01 -2.47754756e+02
9.34343434e-06 -1.18686869e-05 5.00001836e+07 1.75448560e+01 -2.35330981e+02
9.84848485e-06 -1.18686869e-05 5.00001721e+07 1.26962017e+01 -2.23543419e+02
1.03535354e-05 -1.18686869e-05 5.00001617e+07 8.56579975e+00 -2.12386033e+02
1.08585859e-05 -1.18686869e-05 5.00001523e+07 5.09316575e+00 -2.01853164e+02
1.13636364e-05 -1.18686869e-05 5.00001437e+07 2.21771907e+00 -1.91940829e+02
1.18686869e-05 -1.18686869e-05 5.00001359e+07 -1.23144454e-01 -1.82646965e+02
1.23737374e-05 -1.18686869e-05 5.00001287e+07 -1.99572621e+00 -1.73970832e+02
1.28787879e-05 -1.18686869e-05 5.00001220e+07 -3.47125815e+00 -1.65911696e+02
1.33838384e-05 -1.18686869e-05 5.00001158e+07 -4.62651862e+00 -1.58466984e+02
1.38888889e-05 -1.18686869e-05 5.00001100e+07 -5.54367220e+00 -1.51630057e+02
1.43939394e-05 -1.18686869e-05 5.00001045e+07 -6.30921388e+00 -1.45387852e+02
1.48989899e-05 -1.18686869e-05 5.00000993e+07 -7.01196197e+00 -1.39718633e+02
1.54040404e-05 -1.18686869e-05 5.00000943e+07 -7.74013583e+00 -1.34590150e+02
1.59090909e-05 -1.18686869e-05 5.00000896e+07 -8.57766715e+00 -1.29958498e+02
1.64141414e-05 -1.18686869e-05 5.00000852e+07 -9.60001477e+00 -1.25767932e+02
1.69191919e-05 -1.18686869e-05 5.00000810e+07 -1.08698636e+01 -1.21951826e+02
1.74242424e-05 -1.18686869e-05 5.00000770e+07 -1.24331655e+01 -1.18434827e+02
1.79292929e-05 -1.18686869e-05 5.00000734e+07 -1.43160019e+01 -1.15136114e+02
1.84343434e-05 -1.18686869e-05 5.00000700e+07 -1.65226998e+01 -1.11973516e+02
1.89393939e-05 -1.18686869e-05 5.00000670e+07 -1.90355130e+01 -1.08868098e+02
1.94444444e-05 -1.18686869e-05 5.00000644e+07 -2.18160016e+01 -1.05748722e+02
1.99494949e-05 -1.18686869e-05 5.00000620e+07 -2.48080274e+01 -1.02556104e+02
2.04545455e-05 -1.18686869e-05 5.00000601e+07 -2.79420796e+01 -9.92458966e+01
2.09595960e-05 -1.18686869e-05 5.00000584e+07 -3.11404746e+01 -9.57904949e+01
2.14646465e-05 -1.18686869e-05 5.00000570e+07 -3.43228814e+01 -9.21794242e+01
2.19696970e-05 -1.18686869e-05 5.00000558e+07 -3.74116160e+01 -8.84183442e+01
2.24747475e-05 -1.18686869e-05 5.00000549e+07 -4.03362189e+01 -8.45268903e+01
2.29797980e-05 -1.18686869e-05 5.00000541e+07 -4.30369687e+01 -8.05356821e+01
2.34848485e-05 -1.18686869e-05 5.00000534e+07 -4.54671476e+01 -7.64828869e+01
2.39898990e-05 -1.18686869e-05 5.00000528e+07 -4.75940449e+01 -7.24107233e+01
2.44949495e-05 -1.18686869e-05 5.00000523e+07 -4.93988220e+01 -6.83622282e+01
2.50000000e-05 -1.18686869e-05 5.00000517e+07 -5.08754603e+01 -6.43785267e+01
-2.50000000e-05 -1.13636364e-05 5.00000413e+07 -1.45135862e+01 1.62178404e+02
-2.44949495e-05 -1.13636364e-05 5.00000470e+07 -3.62947199e+00 1.67888513e+02
-2.39898990e-05 -1.13636364e-05 5.00000524e+07 7.99835661e+00 1.73293789e+02
-2.34848485e-05 -1.13636364e-05 5.00000575e+07 2.03581705e+01 1.78306139e+02
-2.29797980e-05 -1.13636364e-05 5.00000623e+07 3.34220980e+01 1.82820546e+02
-2.24747475e-05 -1.13636364e-05 5.00000666e+07 4.71388887e+01 1.86711940e+02
-2.19696970e-05 -1.13636364e-05 5.00000702e+07 6.14237764e+01 1.89832815e+02
-2.14646465e-05 -1.13636364e-05 5.00000733e+07 7.61449433e+01 1.92012976e+02
-2.09595960e-05 -1.13636364e-05 5.00000756e+07 9.11066461e+01 1.93063657e+02
-2.04545455e-05 -1.13636364e-05 5.00000774e+07 1.06030312e+02 1.92789252e+02
-1.99494949e-05 -1.13636364e-05 5.00000785e+07 1.20537173e+02 1.91010643e+02
-1.94444444e-05 -1.13636364e-05 5.00000792e+07 1.34139384e+02 1.87603813e+02
-1.89393939e-05 -1.13636364e-05 5.00000798e+07 1.46250523e+02 1.82554865e+02
-1.84343434e-05 -1.13636364e-05 5.00000805e+07 1.56228923e+02 1.76026392e+02
-1.79292929e-05 -1.13636364e-05 5.00000816e+07 1.63464868e+02 1.68420167e+02
-1.74242424e-05 -1.13636364e-05 5.00000832e+07 1.67510929e+02 1.60410484e+02
-1.69191919e-05 -1.13636364e-05 5.00000854e+07 1.68232545e+02 1.52918753e+02
-1.64141414e-05 -1.13636364e-05 5.00000878e+07 1.65930856e+02 1.47012700e+02
-1.59090909e-05 -1.13636364e-05 5.00000900e+07 1.61379245e+02 1.43745593e+02
-1.54040404e-05 -1.13636364e-05 5.00000911e+07 1.55736594e+02 1.43988650e+02
-1.48989899e-05 -1.13636364e-05 5.00000903e+07 1.50351947e+02 1.48326849e+02
-1.43939394e-05 -1.13636364e-05 5.00000868e+07 1.46528065e+02 1.57066902e+02
-1.38888889e-05 -1.13636364e-05 5.00000799e+07 1.45329499e+02 1.70358361e+02
-1.33838384e-05 -1.13636364e-05 5.00000690e+07 1.47495678e+02 1.88389179e+02
-1.28787879e-05 -1.13636364e-05 5.00000532e+07 1.53477494e+02 2.11609668e+02
-1.23737374e-05 -1.13636364e-05 5.00000316e+07 1.63590393e+02 2.40957467e+02
-1.18686869e-05 -1.13636364e-05 5.00000026e+07 1.78279278e+02 2.78077150e+02
-1.13636364e-05 -1.13636364e-05 4.99999639e+07 1.98509974e+02 3.25535790e+02
-1.08585859e-05 -1.13636364e-05 4.99999120e+07 2.26327980e+02 3.87030620e+02
-1.03535354e-05 -1.13636364e-05 4.99998417e+07 2.65663864e+02 4.67568017e+02
-9.84848485e-06 -1.13636364e-05 4.99997453e+07 3.23535431e+02 5.73540914e+02
-9.34343434e-06 -1.13636364e-05 4.99996124e+07 4.11911210e+02 7.12464294e+02
-8.83838384e-06 -1.13636364e-05 4.99994293e+07 5.50607205e+02 8.91641243e+02
-8.33333333e-06 -1.13636364e-05 4.99991804e+07 7.71370830e+02 1.11372537e+03
-7.82828283e-06 -1.13636364e-05 4.99988551e+07 1.12134268e+03 1.36394947e+03
-7.32323232e-06 -1.13636364e-05 4.99984697e+07 1.65500833e+03 1.57777934e+03
-6.81818182e-06 -1.13636364e-05 4.99981179e+07 2.37305612e+03 1.57809906e+03
-6.31313131e-06 -1.13636364e-05 4.99980125e+07 3.01747588e+03 1.04513134e+03
-5.80808081e-06 -1.13636364e-05 4.99982723e+07 2.83032625e+03 -1.45561241e+02
-5.30303030e-06 -1.13636364e-05 4.99984320e+07 1.30877921e+03 -1.18338484e+03
-4.79797980e-06 -1.13636364e-05 4.99981603e+07 -3.76206981e+02 -1.21381207e+03
-4.29292929e-06 -1.13636364e-05 4.99980497e+07 -1.10912450e+03 -8.03541968e+02
-3.78787879e-06 -1.13636364e-05 4.99983227e+07 -1.17600647e+03 -5.27023356e+02
-3.28282828e-06 -1.13636364e-05 4.99987455e+07 -1.01056593e+03 -3.94282601e+02
-2.77777778e-06 -1.13636364e-05 4.99991567e+07 -7.76732120e+02 -3.28425324e+02
-2.27272727e-06 -1.13636364e-05 4.99995130e+07 -5.27942756e+02 -3.02231932e+02
-1.76767677e-06 -1.13636364e-05 4.99998129e+07 -2.95254808e+02 -3.09663465e+02
-1.26262626e-06 -1.13636364e-05 5.00000593e+07 -1.01628629e+02 -3.42708044e+02
-7.57575758e-07 -1.13636364e-05 5.00002526e+07 4.14089358e+01 -3.88365249e+02
-2.52525253e-07 -1.13636364e-05 5.00003938e+07 1.34307256e+02 -4.33593457e+02
2.52525253e-07 -1.13636364e-05 5.00004872e+07 1.85460894e+02 -4.69492641e+02
7.57575758e-07 -1.13636364e-05 5.00005402e+07 2.06112868e+02 -4.92242957e+02
1.26262626e-06 -1.13636364e-05 5.00005618e+07 2.06777221e+02 -5.01865138e+02
1.76767677e-06 -1.13636364e-05 5.00005607e+07 1.95663963e+02 -5.00444905e+02
2.27272727e-06 -1.13636364e-05 5.00005442e+07 1.78481048e+02 -4.90741030e+02
2.77777778e-06 -1.13636364e-05 5.00005184e+07 1.58866857e+02 -4.75383330e+02
3.28282828e-06 -1.13636364e-05 5.00004873e+07 1.38969865e+02 -4.56532447e+02
3.78787879e-06 -1.13636364e-05 5.00004540e+07 1.19956577e+02 -4.35811203e+02
4.29292929e-06 -1.13636364e-05 5.00004205e+07 1.02387327e+02 -4.14362448e+02
4.79797980e-06 -1.13636364e-05 5.00003880e+07 8.64692944e+01 -3.92948219e+02
5.30303030e-06 -1.13636364e-05 5.00003572e+07 7.22165695e+01 -3.72048856e+02
5.80808081e-06 -1.13636364e-05 5.00003286e+07 5.95467260e+01 -3.51946219e+02
6.31313131e-06 -1.13636364e-05 5.00003023e+07 4.83366010e+01 -3.32787726e+02
6.81818182e-06 -1.13636364e-05 5.00002783e+07 3.84529529e+01 -3.14633137e+02
7.32323232e-06 -1.13636364e-05 5.00002566e+07 2.97681336e+01 -2.97487610e+02
7.82828283e-06 -1.13636364e-05 5.00002371e+07 2.21670673e+01 -2.81324493e+02
8.33333333e-06 -1.13636364e-05 5.00002196e+07 1.55493237e+01 -2.66100742e+02
8.83838384e-06 -1.13636364e-05 5.00002039e+07 9.82850331e+00 -2.51767164e+02
9.34343434e-06 -1.13636364e-05 5.00001899e+07 4.93020605e+00 -2.38275056e+02
9.84848485e-06 -1.13636364e-05 5.00001773e+07 7.89295601e-01 -2.25580346e+02
1.03535354e-05 -1.13636364e-05 5.00001661e+07 -2.65314354e+00 -2.13645954e+02
1.08585859e-05 -1.13636364e-05 5.00001561e+07 -5.45292304e+00 -2.02442844e+02
1.13636364e-05 -1.13636364e-05 5.00001470e+07 -7.66578216e+00 -1.91950053e+02
1.18686869e-05 -1.13636364e-05 5.00001389e+07 -9.35019125e+00 -1.82153856e+02
1.23737374e-05 -1.13636364e-05 5.00001314e+07 -1.05697721e+01 -1.73046185e+02
1.28787879e-05 -1.13636364e-05 5.00001246e+07 -1.13951544e+01 -1.64622370e+02
1.33838384e-05 -1.13636364e-05 5.00001183e+07 -1.19050670e+01 -1.56878329e+02
1.38888889e-05 -1.13636364e-05 5.00001124e+07 -1.21864575e+01 -1.49807340e+02
1.43939394e-05 -1.13636364e-05 5.00001068e+07 -1.23334637e+01 -1.43396642e+02
1.48989899e-05 -1.13636364e-05 5.00001015e+07 -1.24451280e+01 -1.37624150e+02
1.54040404e-05 -1.13636364e-05 5.00000965e+07 -1.26218576e+01 -1.32455656e+02
1.59090909e-05 -1.13636364e-05 5.00000917e+07 -1.29607851e+01 -1.27842904e+02
1.64141414e-05 -1.13636364e-05 5.00000871e+07 -1.35503567e+01 -1.23722905e+02
1.69191919e-05 -1.13636364e-05 5.00000828e+07 -1.44646416e+01 -1.20018768e+02
1.74242424e-05 -1.13636364e-05 5.00000788e+07 -1.57579814e+01 -1.16642173e+02
1.79292929e-05 -1.13636364e-05 5.00000750e+07 -1.74606504e+01 -1.13497376e+02
1.84343434e-05 -1.13636364e-05 5.00000716e+07 -1.95761477e+01 -1.10486442e+02
1.89393939e-05 -1.13636364e-05 5.00000685e+07 -2.20805781e+01 -1.07515170e+02
1.94444444e-05 -1.13636364e-05 5.00000658e+07 -2.49243317e+01 -1.04499042e+02
1.99494949e-05 -1.13636364e-05 5.00000635e+07 -2.80359587e+01 -1.01368486e+02
2.04545455e-05 -1.13636364e-05 5.00000615e+07 -3.13278396e+01 -9.80728398e+01
2.09595960e-05 -1.13636364e-05 5.00000599e+07 -3.47030033e+01 -9.45825589e+01
2.14646465e-05 -1.13636364e-05 5.00000586e+07 -3.80623197e+01 -9.08895005e+01
2.19696970e-05 -1.13636364e-05 5.00000575e+07 -4.13112857e+01 -8.70053652e+01
2.24747475e-05 -1.13636364e-05 5.00000566e+07 -4.43657482e+01 -8.29586283e+01
2.29797980e-05 -1.13636364e-05 5.00000559e+07 -4.71561121e+01 -7.87904479e+01
2.34848485e-05 -1.13636364e-05 5.00000553e+07 -4.96298322e+01 -7.45501044e+01
2.39898990e-05 -1.13636364e-05 5.00000547e+07 -5.17522217e+01 -7.02904952e+01
2.44949495e-05 -1.13636364e-05 5.00000542e+07 -5.35058022e+01 -6.60641095e+01
2.50000000e-05 -1.13636364e-05 5.00000536e+07 -5.48885385e+01 -6.19197679e+01
-2.50000000e-05 -1.08585859e-05 5.00000481e+07 -2.05175621e+01 1.62263009e+02
-2.44949495e-05 -1.08585859e-05 5.00000547e+07 -9.38133196e+00 1.68324337e+02
-2.39898990e-05 -1.08585859e-05 5.00000611e+07 2.57907017e+00 1.74110496e+02
-2.34848485e-05 -1.08585859e-05 5.00000673e+07 1.53684394e+01 1.79533776e+02
-2.29797980e-05 -1.08585859e-05 5.00000731e+07 2.89796830e+01 1.84486466e+02
-2.24747475e-05 -1.08585859e-05 5.00000784e+07 4.33868469e+01 1.88835079e+02
-2.19696970e-05 -1.08585859e-05 5.00000830e+07 5.85343109e+01 1.92414046e+02
-2.14646465e-05 -1.08585859e-05 5.00000869e+07 7.43207884e+01 1.95020066e+02
-2.09595960e-05 -1.08585859e-05 5.00000900e+07 9.05769503e+01 1.96409566e+02
-2.04545455e-05 -1.08585859e-05 5.00000922e+07 1.07036502e+02 1.96303496e+02
-1.99494949e-05 -1.08585859e-05 5.00000937e+07 1.23303105e+02 1.94405862e+02
-1.94444444e-05 -1.08585859e-05 5.00000946e+07 1.38820460e+02 1.90443966e+02
-1.89393939e-05 -1.08585859e-05 5.00000952e+07 1.52860411e+02 1.84237379e+02
-1.84343434e-05 -1.08585859e-05 5.00000960e+07 1.64552269e+02 1.75795742e+02
-1.79292929e-05 -1.08585859e-05 5.00000975e+07 1.72979929e+02 1.65429732e+02
-1.74242424e-05 -1.08585859e-05 5.00001000e+07 1.77361476e+02 1.53836318e+02
-1.69191919e-05 -1.08585859e-05 5.00001038e+07 1.77289926e+02 1.42101171e+02
-1.64141414e-05 -1.08585859e-05 5.00001088e+07 1.72959655e+02 1.31570590e+02
-1.59090909e-05 -1.08585859e-05 5.00001143e+07 1.65265142e+02 1.23599868e+02
-1.54040404e-05 -1.08585859e-05 5.00001196e+07 1.55684437e+02 1.19265793e+02
-1.48989899e-05 -1.08585859e-05 5.00001239e+07 1.45960322e+02 1.19177231e+02
-1.43939394e-05 -1.08585859e-05 5.00001264e+07 1.37704818e+02 1.23477629e+02
-1.38888889e-05 -1.08585859e-05 5.00001265e+07 1.32086506e+02 1.32030688e+02
-1.33838384e-05 -1.08585859e-05 5.00001239e+07 1.29693399e+02 1.44701778e+02
-1.28787879e-05 -1.08585859e-05 5.00001182e+07 1.30568068e+02 1.61649972e+02
-1.23737374e-05 -1.08585859e-05 5.00001089e+07 1.34367618e+02 1.83602350e+02
-1.18686869e-05 -1.08585859e-05 5.00000949e+07 1.40621059e+02 2.12130337e+02
-1.13636364e-05 -1.08585859e-05 5.00000743e+07 1.49097449e+02 2.49959433e+02
-1.08585859e-05 -1.08585859e-05 5.00000441e+07 1.60326631e+02 3.01341963e+02
-1.03535354e-05 -1.08585859e-05 4.99999990e+07 1.76347538e+02 3.72542926e+02
-9.84848485e-06 -1.08585859e-05 4.99999308e+07 2.01856074e+02 4.72538481e+02
-9.34343434e-06 -1.08585859e-05 4.99998267e+07 2.46169144e+02 6.14065924e+02
-8.83838384e-06 -1.08585859e-05 4.99996663e+07 3.26947497e+02 8.15075493e+02
-8.33333333e-06 -1.08585859e-05 4.99994176e+07 4.77695139e+02 1.10000564e+03
-7.82828283e-06 -1.08585859e-05 4.99990321e+07 7.63005094e+02 1.49744807e+03
-7.32323232e-06 -1.08585859e-05 4.99984477e+07 1.30656647e+03 2.01884047e+03
-6.81818182e-06 -1.08585859e-05 4.99976425e+07 2.31472489e+03 2.55838359e+03
-6.31313131e-06 -1.08585859e-05 4.99968763e+07 3.88599116e+03 2.56181603e+03
-5.80808081e-06 -1.08585859e-05 4.99969637e+07 4.77754794e+03 8.12383704e+02
-5.30303030e-06 -1.08585859e-05 4.99973843e+07 2.09883293e+03 -1.58010321e+03
-4.79797980e-06 -1.08585859e-05 4.99968357e+07 -9.24450765e+02 -1.37179656e+03
-4.29292929e-06 -1.08585859e-05 4.99972777e+07 -1.44282698e+03 -8.57280483e+02
-3.78787879e-06 -1.08585859e-05 4.99982168e+07 -1.29990138e+03 -7.58132634e+02
-3.28282828e-06 -1.08585859e-05 4.99989751e+07 -1.08638536e+03 -6.96860667e+02
-2.77777778e-06 -1.08585859e-05 4.99995082e+07 -8.31961152e+02 -6.13284374e+02
-2.27272727e-06 -1.08585859e-05 4.99998975e+07 -5.50765118e+02 -5.46455734e+02
-1.76767677e-06 -1.08585859e-05 5.00001993e+07 -2.82854594e+02 -5.22034375e+02
-1.26262626e-06 -1.08585859e-05 5.00004336e+07 -6.60166321e+01 -5.35833413e+02
-7.57575758e-07 -1.08585859e-05 5.00006031e+07 8.30687070e+01 -5.67713426e+02
-2.52525253e-07 -1.08585859e-05 5.00007103e+07 1.68707667e+02 -5.98128570e+02
2.52525253e-07 -1.08585859e-05 5.00007629e+07 2.06198600e+02 -6.15982457e+02
7.57575758e-07 -1.08585859e-05 5.00007732e+07 2.12400285e+02 -6.18409314e+02
1.26262626e-06 -1.08585859e-05 5.00007539e+07 2.00888872e+02 -6.07399499e+02
1.76767677e-06 -1.08585859e-05 5.00007161e+07 1.80878369e+02 -5.86704591e+02
2.27272727e-06 -1.08585859e-05 5.00006684e+07 1.57923931e+02 -5.60041014e+02
2.77777778e-06 -1.08585859e-05 5.00006167e+07 1.35048979e+02 -5.30369908e+02
3.28282828e-06 -1.08585859e-05 5.00005646e+07 1.13713612e+02 -4.99777855e+02
3.78787879e-06 -1.08585859e-05 5.00005145e+07 9.44898354e+01 -4.69606678e+02
4.29292929e-06 -1.08585859e-05 5.00004676e+07 7.74830106e+01 -4.40644667e+02
4.79797980e-06 -1.08585859e-05 5.00004246e+07 6.25764928e+01 -4.13300773e+02
5.30303030e-06 -1.08585859e-05 5.00003856e+07 4.95655551e+01 -3.87739054e+02
5.80808081e-06 -1.08585859e-05 5.00003505e+07 3.82263840e+01 -3.63973999e+02
6.31313131e-06 -1.08585859e-05 5.00003192e+07 2.83487489e+01 -3.41934647e+02
6.81818182e-06 -1.08585859e-05 5.00002913e+07 1.97491816e+01 -3.21506148e+02
7.32323232e-06 -1.08585859e-05 5.00002665e+07 1.22741663e+01 -3.02555884e+02
7.82828283e-06 -1.08585859e-05 5.00002446e+07 5.79851836e+00 -2.84949408e+02
8.33333333e-06 -1.08585859e-05 5.00002253e+07 2.21666056e-01 -2.68559836e+02
8.83838384e-06 -1.08585859e-05 5.00002082e+07 -4.53680909e+00 -2.53273113e+02
9.34343434e-06 -1.08585859e-05 5.00001932e+07 -8.54175143e+00 -2.38990709e+02
9.84848485e-06 -1.08585859e-05 5.00001799e+07 -1.18468815e+01 -2.25630702e+02
1.03535354e-05 -1.08585859e-05 5.00001682e+07 -1.44990441e+01 -2.13127822e+02
1.08585859e-05 -1.08585859e-05 5.00001578e+07 -1.65422414e+01 -2.01432738e+02
1.13636364e-05 -1.08585859e-05 5.00001486e+07 -1.80214346e+01 -1.90510731e+02
1.18686869e-05 -1.08585859e-05 5.00001403e+07 -1.89860527e+01 -1.80339761e+02
1.23737374e-05 -1.08585859e-05 5.00001328e+07 -1.94930852e+01 -1.70907920e+02
1.28787879e-05 -1.08585859e-05 5.00001261e+07 -1.96095662e+01 -1.62210236e+02
1.33838384e-05 -1.08585859e-05 5.00001198e+07 -1.94141961e+01 -1.54244870e+02
1.38888889e-05 -1.08585859e-05 5.00001140e+07 -1.89978168e+01 -1.47008797e+02
1.43939394e-05 -1.08585859e-05 5.00001085e+07 -1.84624635e+01 -1.40493202e+02
1.48989899e-05 -1.08585859e-05 5.00001032e+07 -1.79187900e+01 -1.34678940e+02
1.54040404e-05 -1.08585859e-05 5.00000982e+07 -1.74817969e+01 -1.29532512e+02
1.59090909e-05 -1.08585859e-05 5.00000934e+07 -1.72650011e+01 -1.25003086e+02
1.64141414e-05 -1.08585859e-05 5.00000888e+07 -1.73734233e+01 -1.21021104e+02
1.69191919e-05 -1.08585859e-05 5.00000844e+07 -1.78960297e+01 -1.17498878e+02
1.74242424e-05 -1.08585859e-05 5.00000803e+07 -1.88984631e+01 -1.14333421e+02
1.79292929e-05 -1.08585859e-05 5.00000765e+07 -2.04170079e+01 -1.11411420e+02
1.84343434e-05 -1.08585859e-05 5.00000730e+07 -2.24546843e+01 -1.08615967e+02
1.89393939e-05 -1.08585859e-05 5.00000699e+07 -2.49801572e+01 -1.05834309e+02
1.94444444e-05 -1.08585859e-05 5.00000671e+07 -2.79297859e+01 -1.02965703e+02
1.99494949e-05 -1.08585859e-05 5.00000648e+07 -3.12126927e+01 -9.99283498e+01
2.04545455e-05 -1.08585859e-05 5.00000629e+07 -3.47182784e+01 -9.66645356e+01
2.09595960e-05 -1.08585859e-05 5.00000613e+07 -3.83252627e+01 -9.31433545e+01
2.14646465e-05 -1.08585859e-05 5.00000601e+07 -4.19111338e+01 -8.93607848e+01
2.19696970e-05 -1.08585859e-05 5.00000591e+07 -4.53609118e+01 -8.53372851e+01
2.24747475e-05 -1.08585859e-05 5.00000584e+07 -4.85743227e+01 -8.11134231e+01
2.29797980e-05 -1.08585859e-05 5.00000577e+07 -5.14708051e+01 -7.67442596e+01
2.34848485e-05 -1.08585859e-05 5.00000572e+07 -5.39921423e+01 -7.22932830e+01
2.39898990e-05 -1.08585859e-05 5.00000567e+07 -5.61028504e+01 -6.78266100e+01
2.44949495e-05 -1.08585859e-05 5.00000562e+07 -5.77887072e+01 -6.34080036e+01
2.50000000e-05 -1.08585859e-05 5.00000556e+07 -5.90539482e+01 -5.90950390e+01
-2.50000000e-05 -1.03535354e-05 5.00000549e+07 -2.68639686e+01 1.62074266e+02
-2.44949495e-05 -1.03535354e-05 5.00000625e+07 -1.55097592e+01 1.68500352e+02
-2.39898990e-05 -1.03535354e-05 5.00000701e+07 -3.25485759e+00 1.74693514e+02
-2.34848485e-05 -1.03535354e-05 5.00000775e+07 9.92319310e+00 1.80572792e+02
-2.29797980e-05 -1.03535354e-05 5.00000845e+07 2.40412019e+01 1.86036404e+02
-2.24747475e-05 -1.03535354e-05 5.00000910e+07 3.91049308e+01 1.90953529e+02
-2.19696970e-05 -1.03535354e-05 5.00000968e+07 5.50994013e+01 1.95153756e+02
-2.14646465e-05 -1.03535354e-05 5.00001018e+07 7.19725537e+01 1.98414713e+02
-2.09595960e-05 -1.03535354e-05 5.00001058e+07 8.96093451e+01 2.00449761e+02
-2.04545455e-05 -1.03535354e-05 5.00001086e+07 1.07793457e+02 2.00900190e+02
-1.99494949e-05 -1.03535354e-05 5.00001104e+07 1.26155672e+02 1.99340312e+02
-1.94444444e-05 -1.03535354e-05 5.00001113e+07 1.44113575e+02 1.95308880e+02
-1.89393939e-05 -1.03535354e-05 5.00001116e+07 1.60818838e+02 1.88383898e+02
-1.84343434e-05 -1.03535354e-05 5.00001119e+07 1.75146399e+02 1.78314419e+02
-1.79292929e-05 -1.03535354e-05 5.00001130e+07 1.85778090e+02 1.65202823e+02
-1.74242424e-05 -1.03535354e-05 5.00001156e+07 1.91432462e+02 1.49688075e+02
-1.69191919e-05 -1.03535354e-05 5.00001204e+07 1.91243329e+02 1.33027134e+02
-1.64141414e-05 -1.03535354e-05 5.00001274e+07 1.85180689e+02 1.16956157e+02
-1.59090909e-05 -1.03535354e-05 5.00001361e+07 1.74295311e+02 1.03297046e+02
-1.54040404e-05 -1.03535354e-05 5.00001456e+07 1.60577754e+02 9.34506191e+01
-1.48989899e-05 -1.03535354e-05 5.00001551e+07 1.46424061e+02 8.80468004e+01
-1.43939394e-05 -1.03535354e-05 5.00001638e+07 1.33960589e+02 8.69474161e+01
-1.38888889e-05 -1.03535354e-05 5.00001717e+07 1.24552163e+02 8.95596713e+01
-1.33838384e-05 -1.03535354e-05 5.00001787e+07 1.18638516e+02 9.52501493e+01
-1.28787879e-05 -1.03535354e-05 5.00001850e+07 1.15818737e+02 1.03691911e+02
-1.23737374e-05 -1.03535354e-05 5.00001908e+07 1.15038083e+02 1.15131861e+02
-1.18686869e-05 -1.03535354e-05 5.00001959e+07 1.14817076e+02 1.30658440e+02
-1.13636364e-05 -1.03535354e-05 5.00001995e+07 1.13555955e+02 1.52532587e+02
-1.08585859e-05 -1.03535354e-05 5.00001999e+07 1.09957998e+02 1.84601853e+02
-1.03535354e-05 -1.03535354e-05 5.00001939e+07 1.03580825e+02 2.32850582e+02
-9.84848485e-06 -1.03535354e-05 5.00001757e+07 9.55568119e+01 3.06283927e+02
-9.34343434e-06 -1.03535354e-05 5.00001351e+07 8.97276920e+01 4.18591011e+02
-8.83838384e-06 -1.03535354e-05 5.00000548e+07 9.49476445e+01 5.91441562e+02
-8.33333333e-06 -1.03535354e-05 4.99999023e+07 1.30575324e+02 8.61107713e+02
-7.82828283e-06 -1.03535354e-05 4.99996146e+07 2.40933395e+02 1.29193700e+03
-7.32323232e-06 -1.03535354e-05 4.99990596e+07 5.37471280e+02 2.00303816e+03
-6.81818182e-06 -1.03535354e-05 4.99979501e+07 1.33574602e+03 3.20378393e+03
-6.31313131e-06 -1.03535354e-05 4.99957811e+07 3.58937314e+03 5.01215866e+03
-5.80808081e-06 -1.03535354e-05 4.99933948e+07 8.59422007e+03 4.82918966e+03
-5.30303030e-06 -1.03535354e-05 4.99945214e+07 3.94018185e+03 -2.63552322e+03
-4.79797980e-06 -1.03535354e-05 4.99939252e+07 -1.79076217e+03 -1.11373517e+03
-4.29292929e-06 -1.03535354e-05 4.99972788e+07 -1.37089202e+03 -1.55622815e+03
-3.78787879e-06 -1.03535354e-05 4.99990034e+07 -1.34009384e+03 -1.62786128e+03
-3.28282828e-06 -1.03535354e-05 4.99998095e+07 -1.23765475e+03 -1.40192491e+03
-2.77777778e-06 -1.03535354e-05 5.00002411e+07 -9.87182259e+02 -1.12260950e+03
-2.27272727e-06 -1.03535354e-05 5.00005325e+07 -6.46230033e+02 -9.13711128e+02
-1.76767677e-06 -1.03535354e-05 5.00007642e+07 -3.11144266e+02 -8.09211749e+02
-1.26262626e-06 -1.03535354e-05 5.00009417e+07 -5.37550552e+01 -7.82146649e+02
-7.57575758e-07 -1.03535354e-05 5.00010522e+07 1.04746770e+02 -7.86751010e+02
-2.52525253e-07 -1.03535354e-05 5.00010938e+07 1.80493660e+02 -7.89687814e+02
2.52525253e-07 -1.03535354e-05 5.00010789e+07 2.01834520e+02 -7.77341087e+02
7.57575758e-07 -1.03535354e-05 5.00010258e+07 1.93453284e+02 -7.49277846e+02
1.26262626e-06 -1.03535354e-05 5.00009513e+07 1.71764269e+02 -7.10296776e+02
1.76767677e-06 -1.03535354e-05 5.00008680e+07 1.46022066e+02 -6.65733892e+02
2.27272727e-06 -1.03535354e-05 5.00007839e+07 1.20778080e+02 -6.19694444e+02
2.77777778e-06 -1.03535354e-05 5.00007038e+07 9.79204634e+01 -5.74807220e+02
3.28282828e-06 -1.03535354e-05 5.00006299e+07 7.79828377e+01 -5.32520660e+02
3.78787879e-06 -1.03535354e-05 5.00005632e+07 6.08816282e+01 -4.93483534e+02
4.29292929e-06 -1.03535354e-05 5.00005038e+07 4.62970590e+01 -4.57855619e+02
4.79797980e-06 -1.03535354e-05 5.00004512e+07 3.38552999e+01 -4.25523193e+02
5.30303030e-06 -1.03535354e-05 5.00004049e+07 2.32072018e+01 -3.96235944e+02
5.80808081e-06 -1.03535354e-05 5.00003644e+07 1.40562959e+01 -3.69688824e+02
6.31313131e-06 -1.03535354e-05 5.00003289e+07 6.16348991e+00 -3.45568391e+02
6.81818182e-06 -1.03535354e-05 5.00002979e+07 -6.57889173e-01 -3.23577411e+02
7.32323232e-06 -1.03535354e-05 5.00002709e+07 -6.55024534e+00 -3.03446674e+02
7.82828283e-06 -1.03535354e-05 5.00002473e+07 -1.16202123e+01 -2.84939597e+02
8.33333333e-06 -1.03535354e-05 5.00002267e+07 -1.59464197e+01 -2.67852977e+02
8.83838384e-06 -1.03535354e-05 5.00002088e+07 -1.95862638e+01 -2.52015823e+02
9.34343434e-06 -1.03535354e-05 5.00001932e+07 -2.25817729e+01 -2.37287352e+02
9.84848485e-06 -1.03535354e-05 5.00001796e+07 -2.49647801e+01 -2.23554703e+02
1.03535354e-05 -1.03535354e-05 5.00001677e+07 -2.67616248e+01 -2.10730595e+02
1.08585859e-05 -1.03535354e-05 5.00001573e+07 -2.79975603e+01 -1.98750935e+02
1.13636364e-05 -1.03535354e-05 5.00001482e+07 -2.87009646e+01 -1.87572290e+02
1.18686869e-05 -1.03535354e-05 5.00001401e+07 -2.89073526e+01 -1.77169055e+02
1.23737374e-05 -1.03535354e-05 5.00001328e+07 -2.86630751e+01 -1.67530118e+02
1.28787879e-05 -1.03535354e-05 5.00001263e+07 -2.80284753e+01 -1.58654865e+02
1.33838384e-05 -1.03535354e-05 5.00001203e+07 -2.70801687e+01 -1.50548450e+02
1.38888889e-05 -1.03535354e-05 5.00001147e+07 -2.59120348e+01 -1.43216339e+02
1.43939394e-05 -1.03535354e-05 5.00001094e+07 -2.46344958e+01 -1.36658355e+02
1.48989899e-05 -1.03535354e-05 5.00001044e+07 -2.33717182e+01 -1.30862615e+02
1.54040404e-05 -1.03535354e-05 5.00000995e+07 -2.22565375e+01 -1.25799930e+02
1.59090909e-05 -1.03535354e-05 5.00000947e+07 -2.14231759e+01 -1.21419403e+02
1.64141414e-05 -1.03535354e-05 5.00000902e+07 -2.09981721e+01 -1.17645993e+02
1.69191919e-05 -1.03535354e-05 5.00000858e+07 -2.10903223e+01 -1.14380687e+02
1.74242424e-05 -1.03535354e-05 5.00000816e+07 -2.17807669e+01 -1.11503704e+02
1.79292929e-05 -1.03535354e-05 5.00000777e+07 -2.31145520e+01 -1.08880706e+02
1.84343434e-05 -1.03535354e-05 5.00000742e+07 -2.50949785e+01 -1.06371532e+02
1.89393939e-05 -1.03535354e-05 5.00000710e+07 -2.76817700e+01 -1.03840468e+02
1.94444444e-05 -1.03535354e-05 5.00000683e+07 -3.07935826e+01 -1.01166732e+02
1.99494949e-05 -1.03535354e-05 5.00000661e+07 -3.43147106e+01 -9.82537338e+01
2.04545455e-05 -1.03535354e-05 5.00000642e+07 -3.81051748e+01 -9.50358210e+01
2.09595960e-05 -1.03535354e-05 5.00000628e+07 -4.20128456e+01 -9.14816445e+01
2.14646465e-05 -1.03535354e-05 5.00000616e+07 -4.58859878e+01 -8.75938475e+01
2.19696970e-05 -1.03535354e-05 5.00000608e+07 -4.95846592e+01 -8.34053828e+01
2.24747475e-05 -1.03535354e-05 5.00000602e+07 -5.29897199e+01 -7.89732584e+01
2.29797980e-05 -1.03535354e-05 5.00000596e+07 -5.60087201e+01 -7.43707988e+01
2.34848485e-05 -1.03535354e-05 5.00000592e+07 -5.85784881e+01 -6.96795586e+01
2.39898990e-05 -1.03535354e-05 5.00000587e+07 -6.06647277e+01 -6.49818751e+01
2.44949495e-05 -1.03535354e-05 5.00000582e+07 -6.22592691e+01 -6.03547568e+01
2.50000000e-05 -1.03535354e-05 5.00000577e+07 -6.33757707e+01 -5.58654724e+01
-2.50000000e-05 -9.84848485e-06 5.00000616e+07 -3.35546226e+01 1.61561830e+02
-2.44949495e-05 -9.84848485e-06 5.00000704e+07 -2.20250080e+01 1.68349642e+02
-2.39898990e-05 -9.84848485e-06 5.00000793e+07 -9.52757292e+00 1.74955688e+02
-2.34848485e-05 -9.84848485e-06 5.00000880e+07 3.97645579e+00 1.81312483e+02
-2.29797980e-05 -9.84848485e-06 5.00000965e+07 1.85277909e+01 1.87334238e+02
-2.24747475e-05 -9.84848485e-06 5.00001045e+07 3.41667697e+01 1.92907156e+02
-2.19696970e-05 -9.84848485e-06 5.00001118e+07 5.09271724e+01 1.97875397e+02
-2.14646465e-05 -9.84848485e-06 5.00001181e+07 6.88230417e+01 2.02021905e+02
-2.09595960e-05 -9.84848485e-06 5.00001232e+07 8.78237468e+01 2.05044297e+02
-2.04545455e-05 -9.84848485e-06 5.00001270e+07 1.07810839e+02 2.06528662e+02
-1.99494949e-05 -9.84848485e-06 5.00001292e+07 1.28509705e+02 2.05929580e+02
-1.94444444e-05 -9.84848485e-06 5.00001299e+07 1.49392581e+02 2.02574082e+02
-1.89393939e-05 -9.84848485e-06 5.00001295e+07 1.69562750e+02 1.95719939e+02
-1.84343434e-05 -9.84848485e-06 5.00001286e+07 1.87659592e+02 1.84707627e+02
-1.79292929e-05 -9.84848485e-06 5.00001282e+07 2.01871217e+02 1.69232005e+02
-1.74242424e-05 -9.84848485e-06 5.00001297e+07 2.10180716e+02 1.49695395e+02
-1.69191919e-05 -9.84848485e-06 5.00001342e+07 2.10933959e+02 1.27479853e+02
-1.64141414e-05 -9.84848485e-06 5.00001421e+07 2.03620986e+02 1.04869961e+02
-1.59090909e-05 -9.84848485e-06 5.00001532e+07 1.89460489e+02 8.44490908e+01
-1.54040404e-05 -9.84848485e-06 5.00001664e+07 1.71275479e+02 6.81735010e+01
-1.48989899e-05 -9.84848485e-06 5.00001806e+07 1.52553774e+02 5.67036318e+01
-1.43939394e-05 -9.84848485e-06 5.00001954e+07 1.36239179e+02 4.94434727e+01
-1.38888889e-05 -9.84848485e-06 5.00002111e+07 1.23975366e+02 4.51466083e+01
-1.33838384e-05 -9.84848485e-06 5.00002282e+07 1.16025405e+02 4.25623453e+01
-1.28787879e-05 -9.84848485e-06 5.00002478e+07 1.11545130e+02 4.07899859e+01
-1.23737374e-05 -9.84848485e-06 5.00002705e+07 1.08836225e+02 3.94222400e+01
-1.18686869e-05 -9.84848485e-06 5.00002973e+07 1.05504122e+02 3.87202395e+01
-1.13636364e-05 -9.84848485e-06 5.00003289e+07 9.86713977e+01 3.99227693e+01
-1.08585859e-05 -9.84848485e-06 5.00003658e+07 8.53494900e+01 4.56059968e+01
-1.03535354e-05 -9.84848485e-06 5.00004081e+07 6.28724373e+01 6.00113645e+01
-9.84848485e-06 -9.84848485e-06 5.00004549e+07 2.91937138e+01 8.94734138e+01
-9.34343434e-06 -9.84848485e-06 5.00005043e+07 -1.70437289e+01 1.43377589e+02
-8.83838384e-06 -9.84848485e-06 5.00005526e+07 -7.65191713e+01 2.36439133e+02
-8.33333333e-06 -9.84848485e-06 5.00005922e+07 -1.48902984e+02 3.93902779e+02
-7.82828283e-06 -9.84848485e-06 5.00006059e+07 -2.31168403e+02 6.63874184e+02
-7.32323232e-06 -9.84848485e-06 5.00005488e+07 -3.11093166e+02 1.15061573e+03
-6.81818182e-06 -9.84848485e-06 5.00002774e+07 -3.38505696e+02 2.12658611e+03
-6.31313131e-06 -9.84848485e-06 4.99991351e+07 -2.83796891e+01 4.56771485e+03
-5.80808081e-06 -9.84848485e-06 4.99915052e+07 4.41089815e+03 1.44099292e+04
-5.30303030e-06 -9.84848485e-06 4.99758026e+07 1.99860165e+04 -1.47748281e+04
-4.79797980e-06 -9.84848485e-06 5.00021424e+07 1.15292510e+03 -8.88676361e+03
-4.29292929e-06 -9.84848485e-06 5.00009177e+07 -1.62283292e+03 -4.66893304e+03
-3.78787879e-06 -9.84848485e-06 5.00012753e+07 -1.87023006e+03 -3.44190012e+03
-3.28282828e-06 -9.84848485e-06 5.00013266e+07 -1.77073812e+03 -2.50107257e+03
-2.77777778e-06 -9.84848485e-06 5.00013319e+07 -1.39750589e+03 -1.79175193e+03
-2.27272727e-06 -9.84848485e-06 5.00013895e+07 -8.81318142e+02 -1.34342129e+03
-1.76767677e-06 -9.84848485e-06 5.00014930e+07 -4.03015138e+02 -1.13142943e+03
-1.26262626e-06 -9.84848485e-06 5.00015757e+07 -7.54962094e+01 -1.05870172e+03
-7.57575758e-07 -9.84848485e-06 5.00015878e+07 9.46666337e+01 -1.02864817e+03
-2.52525253e-07 -9.84848485e-06 5.00015254e+07 1.56419835e+02 -9.91249030e+02
2.52525253e-07 -9.84848485e-06 5.00014121e+07 1.60717974e+02 -9.35627034e+02
7.57575758e-07 -9.84848485e-06 5.00012749e+07 1.40991586e+02 -8.67546256e+02
1.26262626e-06 -9.84848485e-06 5.00011334e+07 1.14567404e+02 -7.95334172e+02
1.76767677e-06 -9.84848485e-06 5.00009990e+07 8.89399768e+01 -7.25024329e+02
2.27272727e-06 -9.84848485e-06 5.00008772e+07 6.66637067e+01 -6.59890789e+02
2.77777778e-06 -9.84848485e-06 5.00007694e+07 4.81346511e+01 -6.01231606e+02
3.28282828e-06 -9.84848485e-06 5.00006755e+07 3.29491219e+01 -5.49191021e+02
3.78787879e-06 -9.84848485e-06 5.00005944e+07 2.05000499e+01 -5.03333470e+02
4.29292929e-06 -9.84848485e-06 5.00005245e+07 1.02096218e+01 -4.62985075e+02
4.79797980e-06 -9.84848485e-06 5.00004644e+07 1.60190272e+00 -4.27417348e+02
5.30303030e-06 -9.84848485e-06 5.00004128e+07 -5.68903783e+00 -3.95936864e+02
5.80808081e-06 -9.84848485e-06 5.00003684e+07 -1.19334016e+01 -3.67923035e+02
6.31313131e-06 -9.84848485e-06 5.00003302e+07 -1.73249741e+01 -3.42838971e+02
6.81818182e-06 -9.84848485e-06 5.00002973e+07 -2.19990460e+01 -3.20229415e+02
7.32323232e-06 -9.84848485e-06 5.00002689e+07 -2.60471138e+01 -2.99713257e+02
7.82828283e-06 -9.84848485e-06 5.00002445e+07 -2.95283339e+01 -2.80974456e+02
8.33333333e-06 -9.84848485e-06 5.00002234e+07 -3.24783045e+01 -2.63753235e+02
8.83838384e-06 -9.84848485e-06 5.00002052e+07 -3.49158738e+01 -2.47838309e+02
9.34343434e-06 -9.84848485e-06 5.00001896e+07 -3.68486159e+01 -2.33060408e+02
9.84848485e-06 -9.84848485e-06 5.00001761e+07 -3.82775057e+01 -2.19286996e+02
1.03535354e-05 -9.84848485e-06 5.00001645e+07 -3.92012039e+01 -2.06417994e+02
1.08585859e-05 -9.84848485e-06 5.00001544e+07 -3.96202397e+01 -1.94382177e+02
1.13636364e-05 -9.84848485e-06 5.00001457e+07 -3.95412549e+01 -1.83133913e+02
1.18686869e-05 -9.84848485e-06 5.00001381e+07 -3.89813318e+01 -1.72649841e+02
1.23737374e-05 -9.84848485e-06 5.00001313e+07 -3.79722804e+01 -1.62925130e+02
1.28787879e-05 -9.84848485e-06 5.00001253e+07 -3.65645926e+01 -1.53968982e+02
1.33838384e-05 -9.84848485e-06 5.00001198e+07 -3.48306149e+01 -1.45799140e+02
1.38888889e-05 -9.84848485e-06 5.00001146e+07 -3.28663574e+01 -1.38435332e+02
1.43939394e-05 -9.84848485e-06 5.00001097e+07 -3.07912904e+01 -1.31891826e+02
1.48989899e-05 -9.84848485e-06 5.00001050e+07 -2.87455217e+01 -1.26169510e+02
1.54040404e-05 -9.84848485e-06 5.00001003e+07 -2.68839306e+01 -1.21248265e+02
1.59090909e-05 -9.84848485e-06 5.00000957e+07 -2.53671838e+01 -1.17080594e+02
1.64141414e-05 -9.84848485e-06 5.00000913e+07 -2.43500528e+01 -1.13587630e+02
1.69191919e-05 -9.84848485e-06 5.00000869e+07 -2.39680204e+01 -1.10658550e+02
1.74242424e-05 -9.84848485e-06 5.00000827e+07 -2.43237086e+01 -1.08154093e+02
1.79292929e-05 -9.84848485e-06 5.00000788e+07 -2.54750151e+01 -1.05914334e+02
1.84343434e-05 -9.84848485e-06 5.00000753e+07 -2.74268946e+01 -1.03770101e+02
1.89393939e-05 -9.84848485e-06 5.00000721e+07 -3.01283646e+01 -1.01556720e+02
1.94444444e-05 -9.84848485e-06 5.00000695e+07 -3.34755771e+01 -9.91281992e+01
1.99494949e-05 -9.84848485e-06 5.00000673e+07 -3.73208031e+01 -9.63697363e+01
2.04545455e-05 -9.84848485e-06 5.00000655e+07 -4.14861496e+01 -9.32066786e+01
2.09595960e-05 -9.84848485e-06 5.00000642e+07 -4.57800217e+01 -8.96086828e+01
2.14646465e-05 -9.84848485e-06 5.00000633e+07 -5.00139534e+01 -8.55887060e+01
2.19696970e-05 -9.84848485e-06 5.00000626e+07 -5.40175416e+01 -8.11973713e+01
2.24747475e-05 -9.84848485e-06 5.00000621e+07 -5.76497638e+01 -7.65139709e+01
2.29797980e-05 -9.84848485e-06 5.00000617e+07 -6.08057647e+01 -7.16357478e+01
2.34848485e-05 -9.84848485e-06 5.00000613e+07 -6.34190427e+01 -6.66671015e+01
2.39898990e-05 -9.84848485e-06 5.00000609e+07 -6.54596626e+01 -6.17100605e+01
2.44949495e-05 -9.84848485e-06 5.00000604e+07 -6.69295495e+01 -5.68568876e+01
2.50000000e-05 -9.84848485e-06 5.00000598e+07 -6.78560654e+01 -5.21851732e+01
-2.50000000e-05 -9.34343434e-06 5.00000680e+07 -4.05748707e+01 1.60676783e+02
-2.44949495e-05 -9.34343434e-06 5.00000781e+07 -2.89160172e+01 1.67802457e+02
-2.39898990e-05 -9.34343434e-06 5.00000884e+07 -1.62365074e+01 1.74799762e+02
-2.34848485e-05 -9.34343434e-06 5.00000987e+07 -2.48570114e+00 1.81620402e+02
-2.29797980e-05 -9.34343434e-06 5.00001089e+07 1.23966101e+01 1.88204323e+02
-2.24747475e-05 -9.34343434e-06 5.00001187e+07 2.84822754e+01 1.94470422e+02
-2.19696970e-05 -9.34343434e-06 5.00001278e+07 4.58546481e+01 2.00301308e+02
-2.14646465e-05 -9.34343434e-06 5.00001359e+07 6.46030289e+01 2.05519572e+02
-2.09595960e-05 -9.34343434e-06 5.00001427e+07 8.48058242e+01 2.09852864e+02
-2.04545455e-05 -9.34343434e-06 5.00001478e+07 1.06492526e+02 2.12886431e+02
-1.99494949e-05 -9.34343434e-06 5.00001508e+07 1.29569597e+02 2.14006750e+02
-1.94444444e-05 -9.34343434e-06 5.00001516e+07 1.53692012e+02 2.12352260e+02
-1.89393939e-05 -9.34343434e-06 5.00001502e+07 1.78068799e+02 2.06811445e+02
-1.84343434e-05 -9.34343434e-06 5.00001472e+07 2.01225306e+02 1.96143681e+02
-1.79292929e-05 -9.34343434e-06 5.00001439e+07 2.20830946e+02 1.79321864e+02
-1.74242424e-05 -9.34343434e-06 5.00001423e+07 2.33835799e+02 1.56139887e+02
-1.69191919e-05 -9.34343434e-06 5.00001443e+07 2.37228538e+02 1.27898199e+02
-1.64141414e-05 -9.34343434e-06 5.00001514e+07 2.29459772e+02 9.76190995e+01
-1.59090909e-05 -9.34343434e-06 5.00001634e+07 2.11827966e+02 6.91815682e+01
-1.54040404e-05 -9.34343434e-06 5.00001789e+07 1.88546251e+02 4.55514049e+01
-1.48989899e-05 -9.34343434e-06 5.00001966e+07 1.64977722e+02 2.74159944e+01
-1.43939394e-05 -9.34343434e-06 5.00002164e+07 1.45303022e+02 1.33850702e+01
-1.38888889e-05 -9.34343434e-06 5.00002392e+07 1.31386834e+02 1.31703806e+00
-1.33838384e-05 -9.34343434e-06 5.00002666e+07 1.23135246e+02 -1.06082765e+01
-1.28787879e-05 -9.34343434e-06 5.00002999e+07 1.19283903e+02 -2.37008100e+01
-1.23737374e-05 -9.34343434e-06 5.00003403e+07 1.17733086e+02 -3.90019578e+01
-1.18686869e-05 -9.34343434e-06 5.00003895e+07 1.15464770e+02 -5.72929247e+01
-1.13636364e-05 -9.34343434e-06 5.00004499e+07 1.08586695e+02 -7.87158693e+01
-1.08585859e-05 -9.34343434e-06 5.00005242e+07 9.28190728e+01 -1.02383283e+02
-1.03535354e-05 -9.34343434e-06 5.00006159e+07 6.41618587e+01 -1.26395202e+02
-9.84848485e-06 -9.34343434e-06 5.00007297e+07 1.91915090e+01 -1.48280350e+02
-9.34343434e-06 -9.34343434e-06 5.00008728e+07 -4.53291946e+01 -1.65528758e+02
-8.83838384e-06 -9.34343434e-06 5.00010583e+07 -1.33464529e+02 -1.75976862e+02
-8.33333333e-06 -9.34343434e-06 5.00013109e+07 -2.51599942e+02 -1.78334654e+02
-7.82828283e-06 -9.34343434e-06 5.00016806e+07 -4.10537320e+02 -1.74354537e+02
-7.32323232e-06 -9.34343434e-06 5.00022827e+07 -6.28439368e+02 -1.78499355e+02
-6.81818182e-06 -9.34343434e-06 5.00034330e+07 -9.30921742e+02 -2.62575403e+02
-6.31313131e-06 -9.34343434e-06 5.00062366e+07 -1.28230970e+03 -7.93425241e+02
-5.80808081e-06 -9.34343434e-06 5.00151533e+07 -2.21140787e+02 -3.43784398e+03
-5.30303030e-06 -9.34343434e-06 4.99552877e+07 -5.33628470e+04 1.04199816e+04
-4.79797980e-06 -9.34343434e-06 4.99559830e+07 1.27108221e+03 3.01273579e+04
-4.29292929e-06 -9.34343434e-06 5.00038685e+07 -6.42138982e+03 -6.37112748e+03
-3.78787879e-06 -9.34343434e-06 5.00039782e+07 -3.43521760e+03 -5.22809822e+03
-3.28282828e-06 -9.34343434e-06 5.00030587e+07 -2.89953486e+03 -3.57591605e+03
-2.77777778e-06 -9.34343434e-06 5.00025611e+07 -2.16271307e+03 -2.40082789e+03
-2.27272727e-06 -9.34343434e-06 5.00023696e+07 -1.27504314e+03 -1.70716694e+03
-1.76767677e-06 -9.34343434e-06 5.00023510e+07 -5.45086352e+02 -1.42482364e+03
-1.26262626e-06 -9.34343434e-06 5.00023162e+07 -1.27458841e+02 -1.33320543e+03
-7.57575758e-07 -9.34343434e-06 5.00021801e+07 4.18087402e+01 -1.26569947e+03
-2.52525253e-07 -9.34343434e-06 5.00019650e+07 8.17676990e+01 -1.17245669e+03
2.52525253e-07 -9.34343434e-06 5.00017210e+07 7.21160525e+01 -1.06090075e+03
7.57575758e-07 -9.34343434e-06 5.00014841e+07 4.98568574e+01 -9.47343415e+02
1.26262626e-06 -9.34343434e-06 5.00012713e+07 2.84180145e+01 -8.42141962e+02
1.76767677e-06 -9.34343434e-06 5.00010878e+07 1.12610554e+01 -7.49454042e+02
2.27272727e-06 -9.34343434e-06 5.00009326e+07 -1.63333818e+00 -6.69798588e+02
2.77777778e-06 -9.34343434e-06 5.00008025e+07 -1.11944792e+01 -6.02046599e+02
3.28282828e-06 -9.34343434e-06 5.00006937e+07 -1.83826575e+01 -5.44524565e+02
3.78787879e-06 -9.34343434e-06 5.00006026e+07 -2.39540262e+01 -4.95531799e+02
4.29292929e-06 -9.34343434e-06 5.00005261e+07 -2.84434143e+01 -4.53545969e+02
4.79797980e-06 -9.34343434e-06 5.00004617e+07 -3.22067952e+01 -4.17280599e+02
5.30303030e-06 -9.34343434e-06 5.00004073e+07 -3.54699769e+01 -3.85679154e+02
5.80808081e-06 -9.34343434e-06 5.00003612e+07 -3.83685337e+01 -3.57886135e+02
6.31313131e-06 -9.34343434e-06 5.00003220e+07 -4.09770041e+01 -3.33213221e+02
6.81818182e-06 -9.34343434e-06 5.00002886e+07 -4.33291345e+01 -3.11107794e+02
7.32323232e-06 -9.34343434e-06 5.00002602e+07 -4.54315423e+01 -2.91126295e+02
7.82828283e-06 -9.34343434e-06 5.00002359e+07 -4.72728520e+01 -2.72912752e+02
8.33333333e-06 -9.34343434e-06 5.00002151e+07 -4.88298701e+01 -2.56181999e+02
8.83838384e-06 -9.34343434e-06 5.00001974e+07 -5.00719458e+01 -2.40706864e+02
9.34343434e-06 -9.34343434e-06 5.00001823e+07 -5.09643454e+01 -2.26308554e+02
9.84848485e-06 -9.34343434e-06 5.00001694e+07 -5.14712479e+01 -2.12849559e+02
1.03535354e-05 -9.34343434e-06 5.00001585e+07 -5.15588000e+01 -2.00228423e+02
1.08585859e-05 -9.34343434e-06 5.00001491e+07 -5.11985366e+01 -1.88375790e+02
1.13636364e-05 -9.34343434e-06 5.00001412e+07 -5.03713390e+01 -1.77251143e+02
1.18686869e-05 -9.34343434e-06 5.00001343e+07 -4.90719581e+01 -1.66839663e+02
1.23737374e-05 -9.34343434e-06 5.00001283e+07 -4.73139506e+01 -1.57148652e+02
1.28787879e-05 -9.34343434e-06 5.00001230e+07 -4.51346683e+01 -1.48202982e+02
1.33838384e-05 -9.34343434e-06 5.00001182e+07 -4.25997127e+01 -1.40039175e+02
1.38888889e-05 -9.34343434e-06 5.00001137e+07 -3.98060510e+01 -1.32697862e+02
1.43939394e-05 -9.34343434e-06 5.00001094e+07 -3.68828405e+01 -1.26214714e+02
1.48989899e-05 -9.34343434e-06 5.00001051e+07 -3.39889920e+01 -1.20610300e+02
1.54040404e-05 -9.34343434e-06 5.00001008e+07 -3.13066865e+01 -1.15879791e+02
1.59090909e-05 -9.34343434e-06 5.00000965e+07 -2.90304934e+01 -1.11983843e+02
1.64141414e-05 -9.34343434e-06 5.00000922e+07 -2.73524248e+01 -1.08842273e+02
1.69191919e-05 -9.34343434e-06 5.00000879e+07 -2.64441099e+01 -1.06332109e+02
1.74242424e-05 -9.34343434e-06 5.00000838e+07 -2.64381418e+01 -1.04291247e+02
1.79292929e-05 -9.34343434e-06 5.00000799e+07 -2.74112903e+01 -1.02528115e+02
1.84343434e-05 -9.34343434e-06 5.00000763e+07 -2.93724673e+01 -1.00836708e+02
1.89393939e-05 -9.34343434e-06 5.00000732e+07 -3.22578893e+01 -9.90151686e+01
1.94444444e-05 -9.34343434e-06 5.00000706e+07 -3.59348216e+01 -9.68852007e+01
1.99494949e-05 -9.34343434e-06 5.00000685e+07 -4.02137682e+01 -9.43091900e+01
2.04545455e-05 -9.34343434e-06 5.00000669e+07 -4.48673824e+01 -9.12022424e+01
2.09595960e-05 -9.34343434e-06 5.00000658e+07 -4.96531155e+01 -8.75373089e+01
2.14646465e-05 -9.34343434e-06 5.00000650e+07 -5.43360530e+01 -8.33429493e+01
2.19696970e-05 -9.34343434e-06 5.00000645e+07 -5.87086193e+01 -7.86946920e+01
2.24747475e-05 -9.34343434e-06 5.00000642e+07 -6.26047602e+01 -7.37020050e+01
2.29797980e-05 -9.34343434e-06 5.00000639e+07 -6.59075027e+01 -6.84933793e+01
2.34848485e-05 -9.34343434e-06 5.00000637e+07 -6.85500860e+01 -6.32019122e+01
2.39898990e-05 -9.34343434e-06 5.00000633e+07 -7.05118430e+01 -5.79532041e+01
2.44949495e-05 -9.34343434e-06 5.00000628e+07 -7.18105420e+01 -5.28565973e+01
2.50000000e-05 -9.34343434e-06 5.00000621e+07 -7.24929762e+01 -4.80000128e+01
-2.50000000e-05 -8.83838384e-06 5.00000739e+07 -4.78914109e+01 1.59379733e+02
-2.44949495e-05 -8.83838384e-06 5.00000855e+07 -3.61458876e+01 1.66796546e+02
-2.39898990e-05 -8.83838384e-06 5.00000973e+07 -2.33441595e+01 1.74131120e+02
-2.34848485e-05 -8.83838384e-06 5.00001094e+07 -9.43133756e+00 1.81357210e+02
-2.29797980e-05 -8.83838384e-06 5.00001215e+07 5.66279685e+00 1.88447275e+02
-2.24747475e-05 -8.83838384e-06 5.00001334e+07 2.20307645e+01 1.95366225e+02
-2.19696970e-05 -8.83838384e-06 5.00001448e+07 3.97950219e+01 2.02058891e+02
-2.14646465e-05 -8.83838384e-06 5.00001553e+07 5.91141348e+01 2.08427060e+02
-2.09595960e-05 -8.83838384e-06 5.00001644e+07 8.01823873e+01 2.14289984e+02
-2.04545455e-05 -8.83838384e-06 5.00001716e+07 1.03211942e+02 2.19320509e+02
-1.99494949e-05 -8.83838384e-06 5.00001762e+07 1.28376473e+02 2.22949587e+02
-1.94444444e-05 -8.83838384e-06 5.00001776e+07 1.55679943e+02 2.24240758e+02
-1.89393939e-05 -8.83838384e-06 5.00001754e+07 1.84699381e+02 2.21765652e+02
-1.84343434e-05 -8.83838384e-06 5.00001698e+07 2.14160855e+02 2.13580153e+02
-1.79292929e-05 -8.83838384e-06 5.00001619e+07 2.41408251e+02 1.97511634e+02
-1.74242424e-05 -8.83838384e-06 5.00001544e+07 2.62109735e+02 1.72032853e+02
-1.69191919e-05 -8.83838384e-06 5.00001507e+07 2.70969647e+02 1.37729537e+02
-1.64141414e-05 -8.83838384e-06 5.00001537e+07 2.64165332e+02 9.84548182e+01
-1.59090909e-05 -8.83838384e-06 5.00001639e+07 2.42643906e+02 6.03717332e+01
-1.54040404e-05 -8.83838384e-06 5.00001792e+07 2.13055495e+02 2.84045190e+01
-1.48989899e-05 -8.83838384e-06 5.00001978e+07 1.84177728e+02 3.15984830e+00
-1.43939394e-05 -8.83838384e-06 5.00002203e+07 1.61952072e+02 -1.83217367e+01
-1.38888889e-05 -8.83838384e-06 5.00002492e+07 1.47908651e+02 -3.93854690e+01
-1.33838384e-05 -8.83838384e-06 5.00002868e+07 1.41024135e+02 -6.19541538e+01
-1.28787879e-05 -8.83838384e-06 5.00003342e+07 1.39709830e+02 -8.70796944e+01
-1.23737374e-05 -8.83838384e-06 5.00003925e+07 1.42055101e+02 -1.16155153e+02
-1.18686869e-05 -8.83838384e-06 5.00004634e+07 1.44956758e+02 -1.51178645e+02
-1.13636364e-05 -8.83838384e-06 5.00005502e+07 1.43722109e+02 -1.93909985e+02
-1.08585859e-05 -8.83838384e-06 5.00006575e+07 1.32982321e+02 -2.45006247e+02
-1.03535354e-05 -8.83838384e-06 5.00007912e+07 1.08237325e+02 -3.04266365e+02
-9.84848485e-06 -8.83838384e-06 5.00009591e+07 6.67041936e+01 -3.72021282e+02
-9.34343434e-06 -8.83838384e-06 5.00011737e+07 6.99140682e+00 -4.50890640e+02
-8.83838384e-06 -8.83838384e-06 5.00014563e+07 -7.17081303e+01 -5.47524012e+02
-8.33333333e-06 -8.83838384e-06 5.00018444e+07 -1.69709668e+02 -6.74940082e+02
-7.82828283e-06 -8.83838384e-06 5.00024034e+07 -2.84523102e+02 -8.56683139e+02
-7.32323232e-06 -8.83838384e-06 5.00032470e+07 -4.02390764e+02 -1.13220255e+03
-6.81818182e-06 -8.83838384e-06 5.00045400e+07 -4.79897090e+02 -1.54240875e+03
-6.31313131e-06 -8.83838384e-06 5.00062338e+07 -5.20433917e+02 -1.93158409e+03
-5.80808081e-06 -8.83838384e-06 5.00067245e+07 -2.11523117e+03 -1.42906343e+03
-5.30303030e-06 -8.83838384e-06 5.00056675e+07 -6.38813738e+03 -2.15423005e+03
-4.79797980e-06 -8.83838384e-06 5.00776143e+07 2.28774891e+03 -3.82773983e+04
-4.29292929e-06 -8.83838384e-06 5.00209280e+07 -9.62201647e+02 -7.10346111e+03
-3.78787879e-06 -8.83838384e-06 5.00065000e+07 -3.17386440e+03 -6.42291723e+03
-3.28282828e-06 -8.83838384e-06 5.00044350e+07 -4.46015648e+03 -4.24585119e+03
-2.77777778e-06 -8.83838384e-06 5.00037087e+07 -3.26792488e+03 -2.74620580e+03
-2.27272727e-06 -8.83838384e-06 5.00034045e+07 -1.75671786e+03 -1.87466559e+03
-1.76767677e-06 -8.83838384e-06 5.00033407e+07 -6.68939132e+02 -1.64267855e+03
-1.26262626e-06 -8.83838384e-06 5.00031409e+07 -2.00147159e+02 -1.57622217e+03
-7.57575758e-07 -8.83838384e-06 5.00027655e+07 -7.26285023e+01 -1.45208563e+03
-2.52525253e-07 -8.83838384e-06 5.00023365e+07 -5.91226748e+01 -1.28099277e+03
2.52525253e-07 -8.83838384e-06 5.00019395e+07 -6.87999650e+01 -1.10770601e+03
7.57575758e-07 -8.83838384e-06 5.00016040e+07 -7.69767585e+01 -9.54734965e+02
1.26262626e-06 -8.83838384e-06 5.00013309e+07 -8.01100996e+01 -8.27399755e+02
1.76767677e-06 -8.83838384e-06 5.00011115e+07 -7.95781256e+01 -7.23710603e+02
2.27272727e-06 -8.83838384e-06 5.00009353e+07 -7.71522564e+01 -6.39617179e+02
2.77777778e-06 -8.83838384e-06 5.00007933e+07 -7.40766036e+01 -5.71074609e+02
3.28282828e-06 -8.83838384e-06 5.00006780e+07 -7.10699703e+01 -5.14670404e+02
3.78787879e-06 -8.83838384e-06 5.00005836e+07 -6.84889774e+01 -4.67704816e+02
4.29292929e-06 -8.83838384e-06 5.00005059e+07 -6.64704146e+01 -4.28097442e+02
4.79797980e-06 -8.83838384e-06 5.00004413e+07 -6.50271281e+01 -3.94259676e+02
5.30303030e-06 -8.83838384e-06 5.00003874e+07 -6.41066523e+01 -3.64978975e+02
5.80808081e-06 -8.83838384e-06 5.00003421e+07 -6.36251875e+01 -3.39325997e+02
6.31313131e-06 -8.83838384e-06 5.00003040e+07 -6.34864335e+01 -3.16583809e+02
6.81818182e-06 -8.83838384e-06 5.00002717e+07 -6.35914688e+01 -2.96195213e+02
7.32323232e-06 -8.83838384e-06 5.00002444e+07 -6.38434947e+01 -2.77724014e+02
7.82828283e-06 -8.83838384e-06 5.00002213e+07 -6.41497534e+01 -2.60826760e+02
8.33333333e-06 -8.83838384e-06 5.00002017e+07 -6.44220265e+01 -2.45232285e+02
8.83838384e-06 -8.83838384e-06 5.00001851e+07 -6.45765973e+01 -2.30727054e+02
9.34343434e-06 -8.83838384e-06 5.00001712e+07 -6.45342596e+01 -2.17144846e+02
9.84848485e-06 -8.83838384e-06 5.00001594e+07 -6.42207944e+01 -2.04359662e+02
1.03535354e-05 -8.83838384e-06 5.00001496e+07 -6.35682322e+01 -1.92280972e+02
1.08585859e-05 -8.83838384e-06 5.00001414e+07 -6.25171454e+01 -1.80850551e+02
1.13636364e-05 -8.83838384e-06 5.00001345e+07 -6.10201252e+01 -1.70040198e+02
1.18686869e-05 -8.83838384e-06 5.00001287e+07 -5.90464726e+01 -1.59849623e+02
1.23737374e-05 -8.83838384e-06 5.00001238e+07 -5.65879454e+01 -1.50303781e+02
1.28787879e-05 -8.83838384e-06 5.00001195e+07 -5.36651496e+01 -1.41448930e+02
1.33838384e-05 -8.83838384e-06 5.00001156e+07 -5.03338482e+01 -1.33346750e+02
1.38888889e-05 -8.83838384e-06 5.00001120e+07 -4.66901252e+01 -1.26066075e+02
1.43939394e-05 -8.83838384e-06 5.00001084e+07 -4.28730522e+01 -1.19672130e+02
1.48989899e-05 -8.83838384e-06 5.00001048e+07 -3.90633732e+01 -1.14213713e+02
1.54040404e-05 -8.83838384e-06 5.00001011e+07 -3.54768510e+01 -1.09709404e+02
1.59090909e-05 -8.83838384e-06 5.00000971e+07 -3.23514362e+01 -1.06134583e+02
1.64141414e-05 -8.83838384e-06 5.00000931e+07 -2.99283336e+01 -1.03411561e+02
1.69191919e-05 -8.83838384e-06 5.00000890e+07 -2.84283097e+01 -1.01405283e+02
1.74242424e-05 -8.83838384e-06 5.00000849e+07 -2.80259555e+01 -9.99266391e+01
1.79292929e-05 -8.83838384e-06 5.00000810e+07 -2.88257588e+01 -9.87443784e+01
1.84343434e-05 -8.83838384e-06 5.00000774e+07 -3.08443220e+01 -9.76049727e+01
1.89393939e-05 -8.83838384e-06 5.00000743e+07 -3.40025721e+01 -9.62579907e+01
1.94444444e-05 -8.83838384e-06 5.00000717e+07 -3.81302606e+01 -9.44830052e+01
1.99494949e-05 -8.83838384e-06 5.00000698e+07 -4.29827192e+01 -9.21133554e+01
2.04545455e-05 -8.83838384e-06 5.00000684e+07 -4.82673121e+01 -8.90525186e+01
2.09595960e-05 -8.83838384e-06 5.00000674e+07 -5.36750387e+01 -8.52803743e+01
2.14646465e-05 -8.83838384e-06 5.00000669e+07 -5.89118812e+01 -8.08488386e+01
2.19696970e-05 -8.83838384e-06 5.00000667e+07 -6.37249769e+01 -7.58685487e+01
2.24747475e-05 -8.83838384e-06 5.00000666e+07 -6.79202765e+01 -7.04898537e+01
2.29797980e-05 -8.83838384e-06 5.00000665e+07 -7.13704539e+01 -6.48819622e+01
2.34848485e-05 -8.83838384e-06 5.00000663e+07 -7.40138230e+01 -5.92137108e+01
2.39898990e-05 -8.83838384e-06 5.00000659e+07 -7.58463994e+01 -5.36383685e+01
2.44949495e-05 -8.83838384e-06 5.00000653e+07 -7.69098430e+01 -4.82836015e+01
2.50000000e-05 -8.83838384e-06 5.00000645e+07 -7.72779132e+01 -4.32465688e+01
-2.50000000e-05 -8.33333333e-06 5.00000792e+07 -5.54527523e+01 1.57650517e+02
-2.44949495e-05 -8.33333333e-06 5.00000922e+07 -4.36505885e+01 1.65290492e+02
-2.39898990e-05 -8.33333333e-06 5.00001057e+07 -3.07735593e+01 1.72875698e+02
-2.34848485e-05 -8.33333333e-06 5.00001196e+07 -1.67724981e+01 1.80400064e+02
-2.29797980e-05 -8.33333333e-06 5.00001339e+07 -1.58114820e+00 1.87869201e+02
-2.24747475e-05 -8.33333333e-06 5.00001483e+07 1.48948468e+01 1.95299941e+02
-2.19696970e-05 -8.33333333e-06 5.00001624e+07 3.27930699e+01 2.02715323e+02
-2.14646465e-05 -8.33333333e-06 5.00001759e+07 5.23137726e+01 2.10130367e+02
-2.09595960e-05 -8.33333333e-06 5.00001883e+07 7.37419007e+01 2.17520394e+02
-2.04545455e-05 -8.33333333e-06 5.00001987e+07 9.74648123e+01 2.24757848e+02
-1.99494949e-05 -8.33333333e-06 5.00002063e+07 1.23966519e+02 2.31495806e+02
-1.94444444e-05 -8.33333333e-06 5.00002098e+07 1.53753070e+02 2.36970381e+02
-1.89393939e-05 -8.33333333e-06 5.00002080e+07 1.87115505e+02 2.39705491e+02
-1.84343434e-05 -8.33333333e-06 5.00002001e+07 2.23573188e+02 2.37175976e+02
-1.79292929e-05 -8.33333333e-06 5.00001862e+07 2.60841380e+02 2.25703603e+02
-1.74242424e-05 -8.33333333e-06 5.00001691e+07 2.93509975e+02 2.01267548e+02
-1.69191919e-05 -8.33333333e-06 5.00001542e+07 3.12750062e+02 1.62084903e+02
-1.64141414e-05 -8.33333333e-06 5.00001476e+07 3.09760648e+02 1.12282671e+02
-1.59090909e-05 -8.33333333e-06 5.00001514e+07 2.83539717e+02 6.21408065e+01
-1.54040404e-05 -8.33333333e-06 5.00001622e+07 2.45291631e+02 2.07582229e+01
-1.48989899e-05 -8.33333333e-06 5.00001771e+07 2.10615874e+02 -1.18323855e+01
-1.43939394e-05 -8.33333333e-06 5.00001985e+07 1.87644555e+02 -4.20983843e+01
-1.38888889e-05 -8.33333333e-06 5.00002320e+07 1.75572890e+02 -7.48625631e+01
-1.33838384e-05 -8.33333333e-06 5.00002806e+07 1.71104565e+02 -1.10641589e+02
-1.28787879e-05 -8.33333333e-06 5.00003439e+07 1.72790511e+02 -1.48647989e+02
-1.23737374e-05 -8.33333333e-06 5.00004208e+07 1.80330777e+02 -1.90101742e+02
-1.18686869e-05 -8.33333333e-06 5.00005118e+07 1.91525406e+02 -2.38716909e+02
-1.13636364e-05 -8.33333333e-06 5.00006208e+07 2.00716794e+02 -2.98405908e+02
-1.08585859e-05 -8.33333333e-06 5.00007535e+07 2.00771853e+02 -3.70868502e+02
-1.03535354e-05 -8.33333333e-06 5.00009158e+07 1.86749587e+02 -4.55885074e+02
-9.84848485e-06 -8.33333333e-06 5.00011153e+07 1.57728353e+02 -5.53979433e+02
-9.34343434e-06 -8.33333333e-06 5.00013630e+07 1.15997385e+02 -6.68890831e+02
-8.83838384e-06 -8.33333333e-06 5.00016772e+07 6.56012265e+01 -8.08451816e+02
-8.33333333e-06 -8.33333333e-06 5.00020845e+07 1.19730992e+01 -9.83884595e+02
-7.82828283e-06 -8.33333333e-06 5.00026176e+07 -3.77657147e+01 -1.20606855e+03
-7.32323232e-06 -8.33333333e-06 5.00032968e+07 -8.02010888e+01 -1.47119108e+03
-6.81818182e-06 -8.33333333e-06 5.00040599e+07 -1.59971177e+02 -1.71770628e+03
-6.31313131e-06 -8.33333333e-06 5.00046151e+07 -5.70038507e+02 -1.78222551e+03
-5.80808081e-06 -8.33333333e-06 5.00046423e+07 -2.13148924e+03 -1.78518103e+03
-5.30303030e-06 -8.33333333e-06 5.00049091e+07 -4.74075642e+03 -2.93328043e+03
-4.79797980e-06 -8.33333333e-06 5.00061444e+07 -7.84958076e+03 -5.66225981e+03
-4.29292929e-06 -8.33333333e-06 4.99157625e+07 -5.63226770e+04 3.10783750e+04
-3.78787879e-06 -8.33333333e-06 4.99178137e+07 -4.26845246e+04 4.03192974e+04
-3.28282828e-06 -8.33333333e-06 5.00054558e+07 -8.04264975e+03 -5.06205339e+03
-2.77777778e-06 -8.33333333e-06 5.00048799e+07 -4.78298292e+03 -2.87455821e+03
-2.27272727e-06 -8.33333333e-06 5.00046322e+07 -2.15548897e+03 -1.78393969e+03
-1.76767677e-06 -8.33333333e-06 5.00045752e+07 -6.75961445e+02 -1.80947938e+03
-1.26262626e-06 -8.33333333e-06 5.00039756e+07 -3.28032976e+02 -1.73732499e+03
-7.57575758e-07 -8.33333333e-06 5.00031913e+07 -2.84587959e+02 -1.48847234e+03
-2.52525253e-07 -8.33333333e-06 5.00025068e+07 -2.71002620e+02 -1.22883735e+03
2.52525253e-07 -8.33333333e-06 5.00019769e+07 -2.48534921e+02 -1.01637949e+03
7.57575758e-07 -8.33333333e-06 5.00015789e+07 -2.20874704e+02 -8.53847558e+02
1.26262626e-06 -8.33333333e-06 5.00012794e+07 -1.93494417e+02 -7.30842140e+02
1.76767677e-06 -8.33333333e-06 5.00010512e+07 -1.69123934e+02 -6.36809980e+02
2.27272727e-06 -8.33333333e-06 5.00008746e+07 -1.48618130e+02 -5.63635863e+02
2.77777778e-06 -8.33333333e-06 5.00007359e+07 -1.31923361e+02 -5.05528562e+02
3.28282828e-06 -8.33333333e-06 5.00006252e+07 -1.18623082e+02 -4.58432976e+02
3.78787879e-06 -8.33333333e-06 5.00005359e+07 -1.08199065e+02 -4.19504530e+02
4.29292929e-06 -8.33333333e-06 5.00004629e+07 -1.00144459e+02 -3.86726940e+02
4.79797980e-06 -8.33333333e-06 5.00004028e+07 -9.40061873e+01 -3.58650923e+02
5.30303030e-06 -8.33333333e-06 5.00003529e+07 -8.93954094e+01 -3.34218666e+02
5.80808081e-06 -8.33333333e-06 5.00003112e+07 -8.59844686e+01 -3.12645931e+02
6.31313131e-06 -8.33333333e-06 5.00002762e+07 -8.34988586e+01 -2.93342304e+02
6.81818182e-06 -8.33333333e-06 5.00002467e+07 -8.17080057e+01 -2.75856739e+02
7.32323232e-06 -8.33333333e-06 5.00002219e+07 -8.04164899e+01 -2.59840062e+02
7.82828283e-06 -8.33333333e-06 5.00002010e+07 -7.94563290e+01 -2.45019042e+02
8.33333333e-06 -8.33333333e-06 5.00001834e+07 -7.86805349e+01 -2.31178499e+02
8.83838384e-06 -8.33333333e-06 5.00001686e+07 -7.79580037e+01 -2.18149139e+02
9.34343434e-06 -8.33333333e-06 5.00001564e+07 -7.71697810e+01 -2.05799560e+02
9.84848485e-06 -8.33333333e-06 5.00001462e+07 -7.62067817e+01 -1.94031333e+02
1.03535354e-05 -8.33333333e-06 5.00001379e+07 -7.49690913e+01 -1.82776345e+02
1.08585859e-05 -8.33333333e-06 5.00001311e+07 -7.33670115e+01 -1.71995690e+02
1.13636364e-05 -8.33333333e-06 5.00001257e+07 -7.13240070e+01 -1.61679437e+02
1.18686869e-05 -8.33333333e-06 5.00001213e+07 -6.87816286e+01 -1.51846523e+02
1.23737374e-05 -8.33333333e-06 5.00001177e+07 -6.57063146e+01 -1.42543904e+02
1.28787879e-05 -8.33333333e-06 5.00001147e+07 -6.20976679e+01 -1.33844054e+02
1.33838384e-05 -8.33333333e-06 5.00001120e+07 -5.79973877e+01 -1.25839823e+02
1.38888889e-05 -8.33333333e-06 5.00001095e+07 -5.34975242e+01 -1.18635884e+02
1.43939394e-05 -8.33333333e-06 5.00001070e+07 -4.87462139e+01 -1.12336324e+02
1.48989899e-05 -8.33333333e-06 5.00001042e+07 -4.39486977e+01 -1.07028669e+02
1.54040404e-05 -8.33333333e-06 5.00001012e+07 -3.93614042e+01 -1.02765529e+02
1.59090909e-05 -8.33333333e-06 5.00000978e+07 -3.52774139e+01 -9.95461752e+01
1.64141414e-05 -8.33333333e-06 5.00000940e+07 -3.20028169e+01 -9.73012960e+01
1.69191919e-05 -8.33333333e-06 5.00000901e+07 -2.98253102e+01 -9.58846855e+01
1.74242424e-05 -8.33333333e-06 5.00000861e+07 -2.89785549e+01 -9.50752742e+01
1.79292929e-05 -8.33333333e-06 5.00000822e+07 -2.96077931e+01 -9.45914989e+01
1.84343434e-05 -8.33333333e-06 5.00000786e+07 -3.17432986e+01 -9.41176213e+01
1.89393939e-05 -8.33333333e-06 5.00000755e+07 -3.52877824e+01 -9.33387122e+01
1.94444444e-05 -8.33333333e-06 5.00000731e+07 -4.00216424e+01 -9.19784562e+01
1.99494949e-05 -8.33333333e-06 5.00000712e+07 -4.56262977e+01 -8.98326237e+01
2.04545455e-05 -8.33333333e-06 5.00000700e+07 -5.17217710e+01 -8.67916409e+01
2.09595960e-05 -8.33333333e-06 5.00000694e+07 -5.79114510e+01 -8.28481306e+01
2.14646465e-05 -8.33333333e-06 5.00000692e+07 -6.38256627e+01 -7.80888681e+01
2.19696970e-05 -8.33333333e-06 5.00000692e+07 -6.91566298e+01 -7.26741178e+01
2.24747475e-05 -8.33333333e-06 5.00000693e+07 -7.36801751e+01 -6.68096803e+01
2.29797980e-05 -8.33333333e-06 5.00000693e+07 -7.72629752e+01 -6.07176280e+01
2.34848485e-05 -8.33333333e-06 5.00000692e+07 -7.98572549e+01 -5.46107578e+01
2.39898990e-05 -8.33333333e-06 5.00000688e+07 -8.14867076e+01 -4.86738812e+01
2.44949495e-05 -8.33333333e-06 5.00000681e+07 -8.22279749e+01 -4.30529704e+01
2.50000000e-05 -8.33333333e-06 5.00000671e+07 -8.21914872e+01 -3.78514962e+01
-2.50000000e-05 -7.82828283e-06 5.00000834e+07 -6.31932733e+01 1.55498297e+02
-2.44949495e-05 -7.82828283e-06 5.00000979e+07 -5.13425541e+01 1.63278536e+02
-2.39898990e-05 -7.82828283e-06 5.00001131e+07 -3.84101853e+01 1.71001447e+02
-2.34848485e-05 -7.82828283e-06 5.00001291e+07 -2.43631881e+01 1.78673151e+02
-2.29797980e-05 -7.82828283e-06 5.00001457e+07 -9.15538955e+00 1.86324141e+02
-2.24747475e-05 -7.82828283e-06 5.00001628e+07 7.28514706e+00 1.94016432e+02
-2.19696970e-05 -7.82828283e-06 5.00001801e+07 2.50756006e+01 2.01850020e+02
-2.14646465e-05 -7.82828283e-06 5.00001974e+07 4.44078007e+01 2.09965534e+02
-2.09595960e-05 -7.82828283e-06 5.00002139e+07 6.55911257e+01 2.18536087e+02
-2.04545455e-05 -7.82828283e-06 5.00002291e+07 8.91113729e+01 2.27733307e+02
-1.99494949e-05 -7.82828283e-06 5.00002416e+07 1.15701349e+02 2.37636904e+02
-1.94444444e-05 -7.82828283e-06 5.00002497e+07 1.46395559e+02 2.48029171e+02
-1.89393939e-05 -7.82828283e-06 5.00002513e+07 1.82474971e+02 2.57976196e+02
-1.84343434e-05 -7.82828283e-06 5.00002435e+07 2.25048207e+02 2.65081440e+02
-1.79292929e-05 -7.82828283e-06 5.00002242e+07 2.73727146e+02 2.64468212e+02
-1.74242424e-05 -7.82828283e-06 5.00001939e+07 3.23707325e+02 2.48355386e+02
-1.69191919e-05 -7.82828283e-06 5.00001594e+07 3.62021871e+02 2.08923009e+02
-1.64141414e-05 -7.82828283e-06 5.00001330e+07 3.69336740e+02 1.47300196e+02
-1.59090909e-05 -7.82828283e-06 5.00001221e+07 3.36995153e+02 8.09114917e+01
-1.54040404e-05 -7.82828283e-06 5.00001206e+07 2.85240268e+02 2.89913969e+01
-1.48989899e-05 -7.82828283e-06 5.00001228e+07 2.45099725e+02 -1.08119689e+01
-1.43939394e-05 -7.82828283e-06 5.00001373e+07 2.25992593e+02 -5.34003547e+01
-1.38888889e-05 -7.82828283e-06 5.00001751e+07 2.18964169e+02 -1.04356894e+02
-1.33838384e-05 -7.82828283e-06 5.00002388e+07 2.16181226e+02 -1.58891641e+02
-1.28787879e-05 -7.82828283e-06 5.00003231e+07 2.18066314e+02 -2.11496798e+02
-1.23737374e-05 -7.82828283e-06 5.00004215e+07 2.29156294e+02 -2.62640516e+02
-1.18686869e-05 -7.82828283e-06 5.00005320e+07 2.50142867e+02 -3.19296665e+02
-1.13636364e-05 -7.82828283e-06 5.00006589e+07 2.73341709e+02 -3.89261203e+02
-1.08585859e-05 -7.82828283e-06 5.00008085e+07 2.87253073e+02 -4.74727943e+02
-1.03535354e-05 -7.82828283e-06 5.00009851e+07 2.85454559e+02 -5.72843510e+02
-9.84848485e-06 -7.82828283e-06 5.00011918e+07 2.69647758e+02 -6.81511975e+02
-9.34343434e-06 -7.82828283e-06 5.00014340e+07 2.46097393e+02 -8.02767115e+02
-8.83838384e-06 -7.82828283e-06 5.00017204e+07 2.21418010e+02 -9.41474351e+02
-8.33333333e-06 -7.82828283e-06 5.00020601e+07 1.99904140e+02 -1.10126568e+03
-7.82828283e-06 -7.82828283e-06 5.00024523e+07 1.78794890e+02 -1.27792955e+03
-7.32323232e-06 -7.82828283e-06 5.00028669e+07 1.31854541e+02 -1.44928910e+03
-6.81818182e-06 -7.82828283e-06 5.00032184e+07 -3.59854550e+01 -1.57194271e+03
-6.31313131e-06 -7.82828283e-06 5.00033908e+07 -5.54819088e+02 -1.64287393e+03
-5.80808081e-06 -7.82828283e-06 5.00034406e+07 -1.68741630e+03 -1.89802047e+03
-5.30303030e-06 -7.82828283e-06 5.00037459e+07 -3.21031041e+03 -2.80025892e+03
-4.79797980e-06 -7.82828283e-06 5.00044653e+07 -4.41167772e+03 -4.30949571e+03
-4.29292929e-06 -7.82828283e-06 5.00058452e+07 -3.08696791e+03 -5.89074062e+03
-3.78787879e-06 -7.82828283e-06 5.00372178e+07 -1.05551844e+03 -1.18319637e+04
-3.28282828e-06 -7.82828283e-06 5.00589040e+07 -2.06713795e+03 -2.90400519e+04
-2.77777778e-06 -7.82828283e-06 5.00062716e+07 -6.15976088e+03 -2.52511435e+03
-2.27272727e-06 -7.82828283e-06 5.00067883e+07 -2.03905659e+03 -1.48310543e+03
-1.76767677e-06 -7.82828283e-06 5.00061554e+07 -6.51514982e+02 -1.96981214e+03
-1.26262626e-06 -7.82828283e-06 5.00044121e+07 -6.53672606e+02 -1.55880278e+03
-7.57575758e-07 -7.82828283e-06 5.00031236e+07 -5.98971458e+02 -1.15953443e+03
-2.52525253e-07 -7.82828283e-06 5.00022912e+07 -5.05796508e+02 -8.99731926e+02
2.52525253e-07 -7.82828283e-06 5.00017436e+07 -4.16223063e+02 -7.34001358e+02
7.57575758e-07 -7.82828283e-06 5.00013678e+07 -3.41786302e+02 -6.23484811e+02
1.26262626e-06 -7.82828283e-06 5.00010991e+07 -2.82925274e+02 -5.45695436e+02
1.76767677e-06 -7.82828283e-06 5.00009002e+07 -2.37225774e+02 -4.88111523e+02
2.27272727e-06 -7.82828283e-06 5.00007486e+07 -2.01979898e+02 -4.43580848e+02
2.77777778e-06 -7.82828283e-06 5.00006304e+07 -1.74858711e+02 -4.07848850e+02
3.28282828e-06 -7.82828283e-06 5.00005364e+07 -1.54010685e+02 -3.78275210e+02
3.78787879e-06 -7.82828283e-06 5.00004606e+07 -1.38003341e+02 -3.53154776e+02
4.29292929e-06 -7.82828283e-06 5.00003986e+07 -1.25736659e+02 -3.31345706e+02
4.79797980e-06 -7.82828283e-06 5.00003475e+07 -1.16364741e+02 -3.12057948e+02
5.30303030e-06 -7.82828283e-06 5.00003049e+07 -1.09233227e+02 -2.94728359e+02
5.80808081e-06 -7.82828283e-06 5.00002693e+07 -1.03831446e+02 -2.78944360e+02
6.31313131e-06 -7.82828283e-06 5.00002394e+07 -9.97563513e+01 -2.64395831e+02
6.81818182e-06 -7.82828283e-06 5.00002142e+07 -9.66853573e+01 -2.50844023e+02
7.32323232e-06 -7.82828283e-06 5.00001931e+07 -9.43557700e+01 -2.38101127e+02
7.82828283e-06 -7.82828283e-06 5.00001753e+07 -9.25490971e+01 -2.26016801e+02
8.33333333e-06 -7.82828283e-06 5.00001605e+07 -9.10790335e+01 -2.14469424e+02
8.83838384e-06 -7.82828283e-06 5.00001482e+07 -8.97823220e+01 -2.03360776e+02
9.34343434e-06 -7.82828283e-06 5.00001381e+07 -8.85120135e+01 -1.92613279e+02
9.84848485e-06 -7.82828283e-06 5.00001300e+07 -8.71329077e+01 -1.82169282e+02
1.03535354e-05 -7.82828283e-06 5.00001235e+07 -8.55191642e+01 -1.71991958e+02
1.08585859e-05 -7.82828283e-06 5.00001186e+07 -8.35542313e+01 -1.62067416e+02
1.13636364e-05 -7.82828283e-06 5.00001148e+07 -8.11333270e+01 -1.52407522e+02
1.18686869e-05 -7.82828283e-06 5.00001121e+07 -7.81686978e+01 -1.43052779e+02
1.23737374e-05 -7.82828283e-06 5.00001101e+07 -7.45977300e+01 -1.34074313e+02
1.28787879e-05 -7.82828283e-06 5.00001087e+07 -7.03936537e+01 -1.25573838e+02
1.33838384e-05 -7.82828283e-06 5.00001075e+07 -6.55780313e+01 -1.17680249e+02
1.38888889e-05 -7.82828283e-06 5.00001064e+07 -6.02334797e+01 -1.10541506e+02
1.43939394e-05 -7.82828283e-06 5.00001051e+07 -5.45142290e+01 -1.04310890e+02
1.48989899e-05 -7.82828283e-06 5.00001034e+07 -4.86513755e+01 -9.91274294e+01
1.54040404e-05 -7.82828283e-06 5.00001012e+07 -4.29493401e+01 -9.50917014e+01
1.59090909e-05 -7.82828283e-06 5.00000985e+07 -3.77704539e+01 -9.22397883e+01
1.64141414e-05 -7.82828283e-06 5.00000952e+07 -3.35060600e+01 -9.05199215e+01
1.69191919e-05 -7.82828283e-06 5.00000915e+07 -3.05351156e+01 -8.97774554e+01
1.74242424e-05 -7.82828283e-06 5.00000876e+07 -2.91746847e+01 -8.97537847e+01
1.79292929e-05 -7.82828283e-06 5.00000837e+07 -2.96301164e+01 -9.01030612e+01
1.84343434e-05 -7.82828283e-06 5.00000801e+07 -3.19549343e+01 -9.04270521e+01
1.89393939e-05 -7.82828283e-06 5.00000770e+07 -3.60303075e+01 -9.03238469e+01
1.94444444e-05 -7.82828283e-06 5.00000746e+07 -4.15707950e+01 -8.94417425e+01
1.99494949e-05 -7.82828283e-06 5.00000730e+07 -4.81572758e+01 -8.75271814e+01
2.04545455e-05 -7.82828283e-06 5.00000721e+07 -5.52912394e+01 -8.44563432e+01
2.09595960e-05 -7.82828283e-06 5.00000718e+07 -6.24592338e+01 -8.02439733e+01
2.14646465e-05 -7.82828283e-06 5.00000718e+07 -6.91942190e+01 -7.50289833e+01
2.19696970e-05 -7.82828283e-06 5.00000721e+07 -7.51224820e+01 -6.90421019e+01
2.24747475e-05 -7.82828283e-06 5.00000725e+07 -7.99896542e+01 -6.25644307e+01
2.29797980e-05 -7.82828283e-06 5.00000726e+07 -8.36651926e+01 -5.58862744e+01
2.34848485e-05 -7.82828283e-06 5.00000725e+07 -8.61294263e+01 -4.92734990e+01
2.39898990e-05 -7.82828283e-06 5.00000719e+07 -8.74497586e+01 -4.29452331e+01
2.44949495e-05 -7.82828283e-06 5.00000711e+07 -8.77528030e+01 -3.70633533e+01
2.50000000e-05 -7.82828283e-06 5.00000698e+07 -8.71978100e+01 -3.17318084e+01
-2.50000000e-05 -7.32323232e-06 5.00000864e+07 -7.10413830e+01 1.52970196e+02
-2.44949495e-05 -7.32323232e-06 5.00001023e+07 -5.91203182e+01 1.60804355e+02
-2.39898990e-05 -7.32323232e-06 5.00001192e+07 -4.61126542e+01 1.68539923e+02
-2.34848485e-05 -7.32323232e-06 5.00001372e+07 -3.20098499e+01 1.76181022e+02
-2.29797980e-05 -7.32323232e-06 5.00001562e+07 -1.68000516e+01 1.83764812e+02
-2.24747475e-05 -7.32323232e-06 5.00001762e+07 -4.57580596e-01 1.91375913e+02
-2.19696970e-05 -7.32323232e-06 5.00001971e+07 1.70751955e+01 1.99165159e+02
-2.14646465e-05 -7.32323232e-06 5.00002185e+07 3.59185151e+01 2.07372997e+02
-2.09595960e-05 -7.32323232e-06 5.00002403e+07 5.63065017e+01 2.16356112e+02
-2.04545455e-05 -7.32323232e-06 5.00002616e+07 7.86720526e+01 2.26610505e+02
-1.99494949e-05 -7.32323232e-06 5.00002814e+07 1.03784377e+02 2.38769929e+02
-1.94444444e-05 -7.32323232e-06 5.00002979e+07 1.32960030e+02 2.53521761e+02
-1.89393939e-05 -7.32323232e-06 5.00003081e+07 1.68341026e+02 2.71293973e+02
-1.84343434e-05 -7.32323232e-06 5.00003071e+07 2.13086474e+02 2.91378920e+02
-1.79292929e-05 -7.32323232e-06 5.00002881e+07 2.70783341e+02 3.09884054e+02
-1.74242424e-05 -7.32323232e-06 5.00002450e+07 3.41924385e+02 3.16129019e+02
-1.69191919e-05 -7.32323232e-06 5.00001795e+07 4.13688808e+02 2.90715668e+02
-1.64141414e-05 -7.32323232e-06 5.00001129e+07 4.47890992e+02 2.19315759e+02
-1.59090909e-05 -7.32323232e-06 5.00000705e+07 4.07670202e+02 1.27955347e+02
-1.54040404e-05 -7.32323232e-06 5.00000411e+07 3.31260910e+02 6.47112442e+01
-1.48989899e-05 -7.32323232e-06 5.00000137e+07 2.90300926e+02 1.79949911e+01
-1.43939394e-05 -7.32323232e-06 5.00000146e+07 2.86216322e+02 -4.72755321e+01
-1.38888889e-05 -7.32323232e-06 5.00000622e+07 2.87757619e+02 -1.30604628e+02
-1.33838384e-05 -7.32323232e-06 5.00001514e+07 2.81708394e+02 -2.14204361e+02
-1.28787879e-05 -7.32323232e-06 5.00002673e+07 2.74854230e+02 -2.84662848e+02
-1.23737374e-05 -7.32323232e-06 5.00003949e+07 2.82668081e+02 -3.41121726e+02
-1.18686869e-05 -7.32323232e-06 5.00005270e+07 3.13224281e+02 -3.97107363e+02
-1.13636364e-05 -7.32323232e-06 5.00006692e+07 3.53985355e+02 -4.69046856e+02
-1.08585859e-05 -7.32323232e-06 5.00008302e+07 3.82175135e+02 -5.59006225e+02
-1.03535354e-05 -7.32323232e-06 5.00010099e+07 3.88155889e+02 -6.57121324e+02
-9.84848485e-06 -7.32323232e-06 5.00012038e+07 3.78763175e+02 -7.56838631e+02
-9.34343434e-06 -7.32323232e-06 5.00014106e+07 3.64936606e+02 -8.59193980e+02
-8.83838384e-06 -7.32323232e-06 5.00016318e+07 3.53207294e+02 -9.67255348e+02
-8.33333333e-06 -7.32323232e-06 5.00018651e+07 3.42523953e+02 -1.08019320e+03
-7.82828283e-06 -7.32323232e-06 5.00020962e+07 3.19256387e+02 -1.18964305e+03
-7.32323232e-06 -7.32323232e-06 5.00022910e+07 2.44793040e+02 -1.28061270e+03
-6.81818182e-06 -7.32323232e-06 5.00024023e+07 3.78079359e+01 -1.34789647e+03
-6.31313131e-06 -7.32323232e-06 5.00024133e+07 -4.19098227e+02 -1.44550409e+03
-5.80808081e-06 -7.32323232e-06 5.00024144e+07 -1.18145875e+03 -1.74249547e+03
-5.30303030e-06 -7.32323232e-06 5.00025928e+07 -2.08634639e+03 -2.45313728e+03
-4.79797980e-06 -7.32323232e-06 5.00030745e+07 -2.83163122e+03 -3.63932645e+03
-4.29292929e-06 -7.32323232e-06 5.00039866e+07 -3.37070906e+03 -5.31061791e+03
-3.78787879e-06 -7.32323232e-06 5.00045104e+07 -6.65465300e+03 -7.08297015e+03
-3.28282828e-06 -7.32323232e-06 4.99082736e+07 -4.00955257e+04 4.66953907e+04
-2.77777778e-06 -7.32323232e-06 4.99466648e+07 -5.61651080e+04 2.00090137e+04
-2.27272727e-06 -7.32323232e-06 5.00148322e+07 -5.94241237e+02 -3.40672164e+03
-1.76767677e-06 -7.32323232e-06 5.00059190e+07 -1.42579012e+03 -7.25104155e+02
-1.26262626e-06 -7.32323232e-06 5.00032500e+07 -1.07749680e+03 -2.75180555e+02
-7.57575758e-07 -7.32323232e-06 5.00021508e+07 -8.02730327e+02 -2.27148893e+02
-2.52525253e-07 -7.32323232e-06 5.00015723e+07 -6.13534680e+02 -2.44955104e+02
2.52525253e-07 -7.32323232e-06 5.00012170e+07 -4.80918466e+02 -2.66779952e+02
7.57575758e-07 -7.32323232e-06 5.00009761e+07 -3.85542888e+02 -2.81795021e+02
1.26262626e-06 -7.32323232e-06 5.00008018e+07 -3.15520781e+02 -2.89705873e+02
1.76767677e-06 -7.32323232e-06 5.00006699e+07 -2.63315162e+02 -2.92126816e+02
2.27272727e-06 -7.32323232e-06 5.00005669e+07 -2.23952052e+02 -2.90656043e+02
2.77777778e-06 -7.32323232e-06 5.00004846e+07 -1.94032583e+02 -2.86523135e+02
3.28282828e-06 -7.32323232e-06 5.00004177e+07 -1.71166933e+02 -2.80605439e+02
3.78787879e-06 -7.32323232e-06 5.00003625e+07 -1.53634915e+02 -2.73511557e+02
4.29292929e-06 -7.32323232e-06 5.00003166e+07 -1.40173817e+02 -2.65658739e+02
4.79797980e-06 -7.32323232e-06 5.00002781e+07 -1.29840942e+02 -2.57331098e+02
5.30303030e-06 -7.32323232e-06 5.00002457e+07 -1.21921728e+02 -2.48720460e+02
5.80808081e-06 -7.32323232e-06 5.00002183e+07 -1.15866637e+02 -2.39954291e+02
6.31313131e-06 -7.32323232e-06 5.00001951e+07 -1.11246707e+02 -2.31114671e+02
6.81818182e-06 -7.32323232e-06 5.00001754e+07 -1.07721492e+02 -2.22251261e+02
7.32323232e-06 -7.32323232e-06 5.00001589e+07 -1.05015418e+02 -2.13390380e+02
7.82828283e-06 -7.32323232e-06 5.00001450e+07 -1.02899978e+02 -2.04541642e+02
8.33333333e-06 -7.32323232e-06 5.00001336e+07 -1.01180097e+02 -1.95703187e+02
8.83838384e-06 -7.32323232e-06 5.00001242e+07 -9.96836191e+01 -1.86866265e+02
9.34343434e-06 -7.32323232e-06 5.00001167e+07 -9.82533133e+01 -1.78019731e+02
9.84848485e-06 -7.32323232e-06 5.00001110e+07 -9.67411345e+01 -1.69154871e+02
1.03535354e-05 -7.32323232e-06 5.00001067e+07 -9.50047725e+01 -1.60270809e+02
1.08585859e-05 -7.32323232e-06 5.00001038e+07 -9.29067548e+01 -1.51380620e+02
1.13636364e-05 -7.32323232e-06 5.00001020e+07 -9.03165460e+01 -1.42517976e+02
1.18686869e-05 -7.32323232e-06 5.00001011e+07 -8.71161653e+01 -1.33743864e+02
1.23737374e-05 -7.32323232e-06 5.00001010e+07 -8.32097498e+01 -1.25152473e+02
1.28787879e-05 -7.32323232e-06 5.00001014e+07 -7.85371528e+01 -1.16874868e+02
1.33838384e-05 -7.32323232e-06 5.00001020e+07 -7.30909923e+01 -1.09078650e+02
1.38888889e-05 -7.32323232e-06 5.00001026e+07 -6.69355345e+01 -1.01961518e+02
1.43939394e-05 -7.32323232e-06 5.00001028e+07 -6.02244682e+01 -9.57369070e+01
1.48989899e-05 -7.32323232e-06 5.00001025e+07 -5.32132548e+01 -9.06106883e+01
1.54040404e-05 -7.32323232e-06 5.00001015e+07 -4.62607465e+01 -8.67496639e+01
1.59090909e-05 -7.32323232e-06 5.00000996e+07 -3.98147693e+01 -8.42450521e+01
1.64141414e-05 -7.32323232e-06 5.00000968e+07 -3.43779692e+01 -8.30769951e+01
1.69191919e-05 -7.32323232e-06 5.00000935e+07 -3.04537638e+01 -8.30884745e+01
1.74242424e-05 -7.32323232e-06 5.00000896e+07 -2.84774838e+01 -8.39777576e+01
1.79292929e-05 -7.32323232e-06 5.00000857e+07 -2.87435943e+01 -8.53165557e+01
1.84343434e-05 -7.32323232e-06 5.00000821e+07 -3.13443242e+01 -8.65959964e+01
1.89393939e-05 -7.32323232e-06 5.00000790e+07 -3.61358187e+01 -8.72950801e+01
1.94444444e-05 -7.32323232e-06 5.00000766e+07 -4.27435323e+01 -8.69586881e+01
1.99494949e-05 -7.32323232e-06 5.00000752e+07 -5.06093194e+01 -8.52675195e+01
2.04545455e-05 -7.32323232e-06 5.00000746e+07 -5.90712913e+01 -8.20830884e+01
2.09595960e-05 -7.32323232e-06 5.00000746e+07 -6.74582791e+01 -7.74575387e+01
2.14646465e-05 -7.32323232e-06 5.00000751e+07 -7.51774390e+01 -7.16081960e+01
2.19696970e-05 -7.32323232e-06 5.00000757e+07 -8.17773436e+01 -6.48663917e+01
2.24747475e-05 -7.32323232e-06 5.00000762e+07 -8.69777397e+01 -5.76155091e+01
2.29797980e-05 -7.32323232e-06 5.00000764e+07 -9.06670511e+01 -5.02330558e+01
2.34848485e-05 -7.32323232e-06 5.00000762e+07 -9.28759937e+01 -4.30470780e+01
2.39898990e-05 -7.32323232e-06 5.00000755e+07 -9.37386376e+01 -3.63110788e+01
2.44949495e-05 -7.32323232e-06 5.00000743e+07 -9.34513318e+01 -3.01962718e+01
2.50000000e-05 -7.32323232e-06 5.00000727e+07 -9.22367440e+01 -2.47968270e+01
-2.50000000e-05 -6.81818182e-06 5.00000878e+07 -7.89315109e+01 1.50156326e+02
-2.44949495e-05 -6.81818182e-06 5.00001049e+07 -6.68842403e+01 1.57970479e+02
-2.39898990e-05 -6.81818182e-06 5.00001235e+07 -5.37330258e+01 1.65602999e+02
-2.34848485e-05 -6.81818182e-06 5.00001434e+07 -3.94969066e+01 1.73037329e+02
-2.29797980e-05 -6.81818182e-06 5.00001648e+07 -2.42058712e+01 1.80291013e+02
-2.24747475e-05 -6.81818182e-06 5.00001877e+07 -7.89589494e+00 1.87434320e+02
-2.19696970e-05 -6.81818182e-06 5.00002121e+07 9.40156927e+00 1.94617254e+02
-2.14646465e-05 -6.81818182e-06 5.00002380e+07 2.76801614e+01 2.02109085e+02
-2.09595960e-05 -6.81818182e-06 5.00002654e+07 4.69978356e+01 2.10356487e+02
-2.04545455e-05 -6.81818182e-06 5.00002940e+07 6.75514809e+01 2.20068562e+02
-1.99494949e-05 -6.81818182e-06 5.00003234e+07 8.98201728e+01 2.32337167e+02
-1.94444444e-05 -6.81818182e-06 5.00003522e+07 1.14843096e+02 2.48789884e+02
-1.89393939e-05 -6.81818182e-06 5.00003780e+07 1.44758313e+02 2.71716970e+02
-1.84343434e-05 -6.81818182e-06 5.00003955e+07 1.83805261e+02 3.03895704e+02
-1.79292929e-05 -6.81818182e-06 5.00003940e+07 2.39881020e+02 3.47088024e+02
-1.74242424e-05 -6.81818182e-06 5.00003545e+07 3.25130028e+02 3.96079779e+02
-1.69191919e-05 -6.81818182e-06 5.00002542e+07 4.45539642e+02 4.22681979e+02
-1.64141414e-05 -6.81818182e-06 5.00001046e+07 5.51384085e+02 3.64938800e+02
-1.59090909e-05 -6.81818182e-06 4.99999864e+07 5.07639085e+02 2.27011877e+02
-1.54040404e-05 -6.81818182e-06 4.99998924e+07 3.76615008e+02 1.53902578e+02
-1.48989899e-05 -6.81818182e-06 4.99998023e+07 3.58695271e+02 9.39024779e+01
-1.43939394e-05 -6.81818182e-06 4.99997967e+07 3.89819591e+02 -2.48637152e+01
-1.38888889e-05 -6.81818182e-06 4.99998758e+07 3.98069325e+02 -1.64549930e+02
-1.33838384e-05 -6.81818182e-06 5.00000091e+07 3.76290111e+02 -2.90811993e+02
-1.28787879e-05 -6.81818182e-06 5.00001732e+07 3.42814377e+02 -3.84775486e+02
-1.23737374e-05 -6.81818182e-06 5.00003448e+07 3.31381465e+02 -4.40889514e+02
-1.18686869e-05 -6.81818182e-06 5.00005060e+07 3.69805849e+02 -4.82251711e+02
-1.13636364e-05 -6.81818182e-06 5.00006660e+07 4.35483798e+02 -5.46675865e+02
-1.08585859e-05 -6.81818182e-06 5.00008399e+07 4.75711677e+02 -6.34237863e+02
-1.03535354e-05 -6.81818182e-06 5.00010166e+07 4.78207190e+02 -7.18419305e+02
-9.84848485e-06 -6.81818182e-06 5.00011812e+07 4.64059221e+02 -7.90063074e+02
-9.34343434e-06 -6.81818182e-06 5.00013314e+07 4.50179250e+02 -8.54976936e+02
-8.83838384e-06 -6.81818182e-06 5.00014693e+07 4.40066825e+02 -9.17941105e+02
-8.33333333e-06 -6.81818182e-06 5.00015906e+07 4.26320577e+02 -9.77254359e+02
-7.82828283e-06 -6.81818182e-06 5.00016806e+07 3.89889146e+02 -1.02621098e+03
-7.32323232e-06 -6.81818182e-06 5.00017157e+07 2.95607670e+02 -1.05972143e+03
-6.81818182e-06 -6.81818182e-06 5.00016752e+07 9.18996026e+01 -1.08955569e+03
-6.31313131e-06 -6.81818182e-06 5.00015654e+07 -2.68463831e+02 -1.16673112e+03
-5.80808081e-06 -6.81818182e-06 5.00014374e+07 -7.74853125e+02 -1.38697623e+03
-5.30303030e-06 -6.81818182e-06 5.00013547e+07 -1.31142085e+03 -1.84290279e+03
-4.79797980e-06 -6.81818182e-06 5.00013166e+07 -1.69922148e+03 -2.55351522e+03
-4.29292929e-06 -6.81818182e-06 5.00012139e+07 -1.81090660e+03 -3.48570482e+03
-3.78787879e-06 -6.81818182e-06 5.00007365e+07 -1.57898160e+03 -4.67418509e+03
-3.28282828e-06 -6.81818182e-06 5.00010701e+07 1.75658930e+03 -8.26107093e+03
-2.77777778e-06 -6.81818182e-06 4.99771210e+07 2.58221386e+04 -1.01722421e+04
-2.27272727e-06 -6.81818182e-06 4.99917412e+07 4.28445390e+03 1.36286274e+04
-1.76767677e-06 -6.81818182e-06 4.99989881e+07 -7.68061713e+01 4.43064605e+03
-1.26262626e-06 -6.81818182e-06 5.00001577e+07 -4.51786893e+02 2.02967727e+03
-7.57575758e-07 -6.81818182e-06 5.00004474e+07 -4.66082068e+02 1.05126046e+03
-2.52525253e-07 -6.81818182e-06 5.00005148e+07 -4.18359759e+02 5.55020226e+02
2.52525253e-07 -6.81818182e-06 5.00005086e+07 -3.62684478e+02 2.72886251e+02
7.57575758e-07 -6.81818182e-06 5.00004758e+07 -3.12106260e+02 1.01378218e+02
1.26262626e-06 -6.81818182e-06 5.00004343e+07 -2.69468985e+02 -7.30696514e+00
1.76767677e-06 -6.81818182e-06 5.00003915e+07 -2.34634057e+02 -7.79488799e+01
2.27272727e-06 -6.81818182e-06 5.00003507e+07 -2.06614465e+02 -1.24453179e+02
2.77777778e-06 -6.81818182e-06 5.00003132e+07 -1.84277429e+02 -1.55088720e+02
3.28282828e-06 -6.81818182e-06 5.00002793e+07 -1.66576648e+02 -1.74995357e+02
3.78787879e-06 -6.81818182e-06 5.00002492e+07 -1.52616742e+02 -1.87482312e+02
4.29292929e-06 -6.81818182e-06 5.00002225e+07 -1.41656695e+02 -1.94741882e+02
4.79797980e-06 -6.81818182e-06 5.00001990e+07 -1.33092617e+02 -1.98260785e+02
5.30303030e-06 -6.81818182e-06 5.00001784e+07 -1.26435353e+02 -1.99066531e+02
5.80808081e-06 -6.81818182e-06 5.00001605e+07 -1.21288748e+02 -1.97879777e+02
6.31313131e-06 -6.81818182e-06 5.00001451e+07 -1.17330441e+02 -1.95211167e+02
6.81818182e-06 -6.81818182e-06 5.00001318e+07 -1.14295508e+02 -1.91424434e+02
7.32323232e-06 -6.81818182e-06 5.00001205e+07 -1.11962697e+02 -1.86778502e+02
7.82828283e-06 -6.81818182e-06 5.00001111e+07 -1.10142826e+02 -1.81456356e+02
8.33333333e-06 -6.81818182e-06 5.00001034e+07 -1.08668965e+02 -1.75585522e+02
8.83838384e-06 -6.81818182e-06 5.00000973e+07 -1.07388120e+02 -1.69253317e+02
9.34343434e-06 -6.81818182e-06 5.00000927e+07 -1.06154298e+02 -1.62519026e+02
9.84848485e-06 -6.81818182e-06 5.00000895e+07 -1.04823021e+02 -1.55424496e+02
1.03535354e-05 -6.81818182e-06 5.00000876e+07 -1.03247595e+02 -1.48004221e+02
1.08585859e-05 -6.81818182e-06 5.00000869e+07 -1.01277683e+02 -1.40295626e+02
1.13636364e-05 -6.81818182e-06 5.00000872e+07 -9.87609776e+01 -1.32349868e+02
1.18686869e-05 -6.81818182e-06 5.00000885e+07 -9.55489511e+01 -1.24243010e+02
1.23737374e-05 -6.81818182e-06 5.00000905e+07 -9.15077049e+01 -1.16086801e+02
1.28787879e-05 -6.81818182e-06 5.00000930e+07 -8.65346352e+01 -1.08037515e+02
1.33838384e-05 -6.81818182e-06 5.00000956e+07 -8.05809152e+01 -1.00300484e+02
1.38888889e-05 -6.81818182e-06 5.00000982e+07 -7.36784348e+01 -9.31272710e+01
1.43939394e-05 -6.81818182e-06 5.00001003e+07 -6.59678866e+01 -8.68022427e+01
1.48989899e-05 -6.81818182e-06 5.00001016e+07 -5.77223482e+01 -8.16160149e+01
1.54040404e-05 -6.81818182e-06 5.00001020e+07 -4.93585841e+01 -7.78253471e+01
1.59090909e-05 -6.81818182e-06 5.00001011e+07 -4.14273262e+01 -7.56025725e+01
1.64141414e-05 -6.81818182e-06 5.00000992e+07 -3.45751353e+01 -7.49822396e+01
1.69191919e-05 -6.81818182e-06 5.00000962e+07 -2.94750079e+01 -7.58171096e+01
1.74242424e-05 -6.81818182e-06 5.00000925e+07 -2.67307503e+01 -7.77581334e+01
1.79292929e-05 -6.81818182e-06 5.00000885e+07 -2.67699121e+01 -8.02714403e+01
1.84343434e-05 -6.81818182e-06 5.00000847e+07 -2.97486646e+01 -8.26983169e+01
1.89393939e-05 -6.81818182e-06 5.00000815e+07 -3.54952157e+01 -8.43522486e+01
1.94444444e-05 -6.81818182e-06 5.00000792e+07 -4.35126569e+01 -8.46337441e+01
1.99494949e-05 -6.81818182e-06 5.00000780e+07 -5.30471844e+01 -8.31345079e+01
2.04545455e-05 -6.81818182e-06 5.00000778e+07 -6.32079048e+01 -7.97028505e+01
2.09595960e-05 -6.81818182e-06 5.00000783e+07 -7.31080530e+01 -7.44534668e+01
2.14646465e-05 -6.81818182e-06 5.00000792e+07 -8.19919535e+01 -6.77225865e+01
2.19696970e-05 -6.81818182e-06 5.00000801e+07 -8.93197222e+01 -5.99860229e+01
2.24747475e-05 -6.81818182e-06 5.00000808e+07 -9.47981013e+01 -5.17658284e+01
2.29797980e-05 -6.81818182e-06 5.00000810e+07 -9.83628920e+01 -4.35490938e+01
2.34848485e-05 -6.81818182e-06 5.00000805e+07 -1.00129492e+02 -3.57331211e+01
2.39898990e-05 -6.81818182e-06 5.00000794e+07 -1.00330795e+02 -2.86002763e+01
2.44949495e-05 -6.81818182e-06 5.00000777e+07 -9.92580330e+01 -2.23176595e+01
2.50000000e-05 -6.81818182e-06 5.00000756e+07 -9.72137291e+01 -1.69529652e+01
-2.50000000e-05 -6.31313131e-06 5.00000873e+07 -8.68186476e+01 1.47189157e+02
-2.44949495e-05 -6.31313131e-06 5.00001056e+07 -7.45567877e+01 1.54939981e+02
-2.39898990e-05 -6.31313131e-06 5.00001255e+07 -6.11450970e+01 1.62389120e+02
-2.34848485e-05 -6.31313131e-06 5.00001471e+07 -4.66261607e+01 1.69479716e+02
-2.29797980e-05 -6.31313131e-06 5.00001706e+07 -3.10687369e+01 1.76180539e+02
-2.24747475e-05 -6.31313131e-06 5.00001961e+07 -1.45700904e+01 1.82503636e+02
-2.19696970e-05 -6.31313131e-06 5.00002238e+07 2.74316165e+00 1.88531245e+02
-2.14646465e-05 -6.31313131e-06 5.00002539e+07 2.07175459e+01 1.94457865e+02
-2.09595960e-05 -6.31313131e-06 5.00002869e+07 3.91826470e+01 2.00657978e+02
-2.04545455e-05 -6.31313131e-06 5.00003230e+07 5.79777751e+01 2.07798672e+02
-1.99494949e-05 -6.31313131e-06 5.00003627e+07 7.70176376e+01 2.17033409e+02
-1.94444444e-05 -6.31313131e-06 5.00004063e+07 9.64525341e+01 2.30346212e+02
-1.89393939e-05 -6.31313131e-06 5.00004538e+07 1.17068753e+02 2.51177024e+02
-1.84343434e-05 -6.31313131e-06 5.00005034e+07 1.41331053e+02 2.85548476e+02
-1.79292929e-05 -6.31313131e-06 5.00005482e+07 1.76211230e+02 3.43862611e+02
-1.74242424e-05 -6.31313131e-06 5.00005660e+07 2.40860880e+02 4.41900152e+02
-1.69191919e-05 -6.31313131e-06 5.00004925e+07 3.82903977e+02 5.86943399e+02
-1.64141414e-05 -6.31313131e-06 5.00002078e+07 6.51849928e+02 6.79045361e+02
-1.59090909e-05 -6.31313131e-06 4.99998386e+07 6.90112712e+02 4.47875852e+02
-1.54040404e-05 -6.31313131e-06 4.99995501e+07 4.05121348e+02 3.81771325e+02
-1.48989899e-05 -6.31313131e-06 4.99993793e+07 5.08127960e+02 2.20678111e+02
-1.43939394e-05 -6.31313131e-06 4.99994575e+07 5.71362589e+02 -2.08063386e+01
-1.38888889e-05 -6.31313131e-06 4.99996168e+07 5.63076385e+02 -2.29821155e+02
-1.33838384e-05 -6.31313131e-06 4.99998072e+07 5.09604380e+02 -4.03194301e+02
-1.28787879e-05 -6.31313131e-06 5.00000300e+07 4.26969133e+02 -5.33164354e+02
-1.23737374e-05 -6.31313131e-06 5.00002722e+07 3.62142148e+02 -5.91236336e+02
-1.18686869e-05 -6.31313131e-06 5.00004857e+07 4.02038393e+02 -5.94298178e+02
-1.13636364e-05 -6.31313131e-06 5.00006783e+07 5.14208779e+02 -6.40733928e+02
-1.08585859e-05 -6.31313131e-06 5.00008809e+07 5.56130773e+02 -7.20021360e+02
-1.03535354e-05 -6.31313131e-06 5.00010472e+07 5.34590680e+02 -7.66661946e+02
-9.84848485e-06 -6.31313131e-06 5.00011594e+07 5.06980547e+02 -7.87683051e+02
-9.34343434e-06 -6.31313131e-06 5.00012332e+07 4.90097285e+02 -8.03475022e+02
-8.83838384e-06 -6.31313131e-06 5.00012801e+07 4.78082288e+02 -8.19686017e+02
-8.33333333e-06 -6.31313131e-06 5.00012986e+07 4.57257221e+02 -8.32452248e+02
-7.82828283e-06 -6.31313131e-06 5.00012769e+07 4.07916029e+02 -8.35868491e+02
-7.32323232e-06 -6.31313131e-06 5.00011993e+07 3.03609019e+02 -8.29099381e+02
-6.81818182e-06 -6.31313131e-06 5.00010547e+07 1.15690614e+02 -8.24936636e+02
-6.31313131e-06 -6.31313131e-06 5.00008456e+07 -1.70857069e+02 -8.55915427e+02
-5.80808081e-06 -6.31313131e-06 5.00005841e+07 -5.33030015e+02 -9.66021076e+02
-5.30303030e-06 -6.31313131e-06 5.00002619e+07 -8.98271316e+02 -1.17892138e+03
-4.79797980e-06 -6.31313131e-06 4.99997934e+07 -1.17230193e+03 -1.45659494e+03
-4.29292929e-06 -6.31313131e-06 4.99989376e+07 -1.30309717e+03 -1.67154607e+03
-3.78787879e-06 -6.31313131e-06 4.99971488e+07 -1.37867387e+03 -1.58129241e+03
-3.28282828e-06 -6.31313131e-06 4.99938898e+07 -1.82394057e+03 -1.23159506e+03
-2.77777778e-06 -6.31313131e-06 4.99946681e+07 4.31788148e+03 -2.54699829e+03
-2.27272727e-06 -6.31313131e-06 4.99935252e+07 8.21752197e+03 4.69333138e+03
-1.76767677e-06 -6.31313131e-06 4.99958425e+07 3.38717379e+03 4.77434318e+03
-1.26262626e-06 -6.31313131e-06 4.99979244e+07 1.18666593e+03 3.02664122e+03
-7.57575758e-07 -6.31313131e-06 4.99990013e+07 3.78004583e+02 1.85109266e+03
-2.52525253e-07 -6.31313131e-06 4.99995450e+07 5.95017255e+01 1.14431041e+03
2.52525253e-07 -6.31313131e-06 4.99998294e+07 -7.28998111e+01 7.08565775e+02
7.57575758e-07 -6.31313131e-06 4.99999820e+07 -1.27702905e+02 4.29399929e+02
1.26262626e-06 -6.31313131e-06 5.00000641e+07 -1.48113589e+02 2.44509036e+02
1.76767677e-06 -6.31313131e-06 5.00001070e+07 -1.52924646e+02 1.18853496e+02
2.27272727e-06 -6.31313131e-06 5.00001273e+07 -1.50819487e+02 3.18194727e+01
2.77777778e-06 -6.31313131e-06 5.00001346e+07 -1.45952022e+02 -2.92411746e+01
3.28282828e-06 -6.31313131e-06 5.00001343e+07 -1.40327156e+02 -7.23769973e+01
3.78787879e-06 -6.31313131e-06 5.00001297e+07 -1.34889859e+02 -1.02870998e+02
4.29292929e-06 -6.31313131e-06 5.00001229e+07 -1.30050584e+02 -1.24283509e+02
4.79797980e-06 -6.31313131e-06 5.00001150e+07 -1.25948763e+02 -1.39068162e+02
5.30303030e-06 -6.31313131e-06 5.00001069e+07 -1.22588406e+02 -1.48947956e+02
5.80808081e-06 -6.31313131e-06 5.00000990e+07 -1.19908696e+02 -1.55151555e+02
6.31313131e-06 -6.31313131e-06 5.00000916e+07 -1.17820494e+02 -1.58565557e+02
6.81818182e-06 -6.31313131e-06 5.00000851e+07 -1.16224487e+02 -1.59834834e+02
7.32323232e-06 -6.31313131e-06 5.00000793e+07 -1.15019227e+02 -1.59430074e+02
7.82828283e-06 -6.31313131e-06 5.00000746e+07 -1.14103496e+02 -1.57694218e+02
8.33333333e-06 -6.31313131e-06 5.00000708e+07 -1.13375426e+02 -1.54875237e+02
8.83838384e-06 -6.31313131e-06 5.00000681e+07 -1.12729776e+02 -1.51150075e+02
9.34343434e-06 -6.31313131e-06 5.00000665e+07 -1.12054285e+02 -1.46643110e+02
9.84848485e-06 -6.31313131e-06 5.00000659e+07 -1.11225797e+02 -1.41441467e+02
1.03535354e-05 -6.31313131e-06 5.00000665e+07 -1.10106930e+02 -1.35608970e+02
1.08585859e-05 -6.31313131e-06 5.00000681e+07 -1.08544239e+02 -1.29200031e+02
1.13636364e-05 -6.31313131e-06 5.00000707e+07 -1.06369112e+02 -1.22274344e+02
1.18686869e-05 -6.31313131e-06 5.00000742e+07 -1.03403005e+02 -1.14912710e+02
1.23737374e-05 -6.31313131e-06 5.00000785e+07 -9.94688265e+01 -1.07233515e+02
1.28787879e-05 -6.31313131e-06 5.00000832e+07 -9.44102385e+01 -9.94083179e+01
1.33838384e-05 -6.31313131e-06 5.00000882e+07 -8.81199577e+01 -9.16736415e+01
1.38888889e-05 -6.31313131e-06 5.00000931e+07 -8.05765652e+01 -8.43346753e+01
1.43939394e-05 -6.31313131e-06 5.00000974e+07 -7.18866270e+01 -7.77556397e+01
1.48989899e-05 -6.31313131e-06 5.00001008e+07 -6.23252294e+01 -7.23317558e+01
1.54040404e-05 -6.31313131e-06 5.00001029e+07 -5.23640143e+01 -6.84399539e+01
1.59090909e-05 -6.31313131e-06 5.00001035e+07 -4.26728937e+01 -6.63701975e+01
1.64141414e-05 -6.31313131e-06 5.00001025e+07 -3.40818007e+01 -6.62463975e+01
1.69191919e-05 -6.31313131e-06 5.00001000e+07 -2.74941041e+01 -6.79538975e+01
1.74242424e-05 -6.31313131e-06 5.00000964e+07 -2.37546475e+01 -7.10965160e+01
1.79292929e-05 -6.31313131e-06 5.00000922e+07 -2.34914615e+01 -7.50062867e+01
1.84343434e-05 -6.31313131e-06 5.00000882e+07 -2.69664688e+01 -7.88199508e+01
1.89393939e-05 -6.31313131e-06 5.00000849e+07 -3.39794002e+01 -8.16174376e+01
1.94444444e-05 -6.31313131e-06 5.00000827e+07 -4.38628780e+01 -8.25938770e+01
1.99494949e-05 -6.31313131e-06 5.00000817e+07 -5.55824541e+01 -8.12184364e+01
2.04545455e-05 -6.31313131e-06 5.00000820e+07 -6.79202987e+01 -7.73317284e+01
2.09595960e-05 -6.31313131e-06 5.00000830e+07 -7.96910403e+01 -7.11529584e+01
2.14646465e-05 -6.31313131e-06 5.00000844e+07 -8.99287007e+01 -6.32004937e+01
2.19696970e-05 -6.31313131e-06 5.00000856e+07 -9.79994314e+01 -5.41587997e+01
2.24747475e-05 -6.31313131e-06 5.00000863e+07 -1.03626006e+02 -4.47368354e+01
2.29797980e-05 -6.31313131e-06 5.00000863e+07 -1.06839900e+02 -3.55554131e+01
2.34848485e-05 -6.31313131e-06 5.00000854e+07 -1.07892893e+02 -2.70819344e+01
2.39898990e-05 -6.31313131e-06 5.00000837e+07 -1.07160399e+02 -1.96117532e+01
2.44949495e-05 -6.31313131e-06 5.00000813e+07 -1.05058827e+02 -1.32835756e+01
2.50000000e-05 -6.31313131e-06 5.00000784e+07 -1.01987040e+02 -8.11304066e+00
-2.50000000e-05 -5.80808081e-06 5.00000847e+07 -9.46932080e+01 1.44235947e+02
-2.44949495e-05 -5.80808081e-06 5.00001038e+07 -8.21041979e+01 1.51928023e+02
-2.39898990e-05 -5.80808081e-06 5.00001248e+07 -6.82761863e+01 1.59174628e+02
-2.34848485e-05 -5.80808081e-06 5.00001478e+07 -5.32638357e+01 1.65862623e+02
-2.29797980e-05 -5.80808081e-06 5.00001729e+07 -3.71599723e+01 1.71887362e+02
-2.24747475e-05 -5.80808081e-06 5.00002005e+07 -2.01041651e+01 1.77164017e+02
-2.19696970e-05 -5.80808081e-06 5.00002308e+07 -2.29371850e+00 1.81645032e+02
-2.14646465e-05 -5.80808081e-06 5.00002644e+07 1.60016288e+01 1.85347868e+02
-2.09595960e-05 -5.80808081e-06 5.00003019e+07 3.44191984e+01 1.88400818e+02
-2.04545455e-05 -5.80808081e-06 5.00003442e+07 5.24737088e+01 1.91122460e+02
-1.99494949e-05 -5.80808081e-06 5.00003928e+07 6.95134680e+01 1.94167415e+02
-1.94444444e-05 -5.80808081e-06 5.00004498e+07 8.46565351e+01 1.98811770e+02
-1.89393939e-05 -5.80808081e-06 5.00005187e+07 9.67075684e+01 2.07556169e+02
-1.84343434e-05 -5.80808081e-06 5.00006048e+07 1.04105458e+02 2.25520954e+02
-1.79292929e-05 -5.80808081e-06 5.00007164e+07 1.05236164e+02 2.64047731e+02
-1.74242424e-05 -5.80808081e-06 5.00008647e+07 1.01159223e+02 3.51301967e+02
-1.69191919e-05 -5.80808081e-06 5.00010465e+07 1.14995297e+02 5.67858874e+02
-1.64141414e-05 -5.80808081e-06 5.00010567e+07 3.45967015e+02 1.14894425e+03
-1.59090909e-05 -5.80808081e-06 4.99994515e+07 1.50907805e+03 1.45357826e+03
-1.54040404e-05 -5.80808081e-06 4.99979271e+07 8.33361085e+02 1.34033355e+03
-1.48989899e-05 -5.80808081e-06 4.99986025e+07 8.49069091e+02 3.81719625e+02
-1.43939394e-05 -5.80808081e-06 4.99990717e+07 7.83558286e+02 -5.42989593e+01
-1.38888889e-05 -5.80808081e-06 4.99993467e+07 7.36022655e+02 -3.12912154e+02
-1.33838384e-05 -5.80808081e-06 4.99995542e+07 6.73029634e+02 -5.25242970e+02
-1.28787879e-05 -5.80808081e-06 4.99997925e+07 5.53730274e+02 -7.28094908e+02
-1.23737374e-05 -5.80808081e-06 5.00001381e+07 3.73304231e+02 -8.53399030e+02
-1.18686869e-05 -5.80808081e-06 5.00004943e+07 3.66439299e+02 -7.81796952e+02
-1.13636364e-05 -5.80808081e-06 5.00007797e+07 5.99148365e+02 -7.99809330e+02
-1.08585859e-05 -5.80808081e-06 5.00010509e+07 5.88193286e+02 -8.40482413e+02
-1.03535354e-05 -5.80808081e-06 5.00011541e+07 5.22756077e+02 -7.89153498e+02
-9.84848485e-06 -5.80808081e-06 5.00011612e+07 4.94048254e+02 -7.37397651e+02
-9.34343434e-06 -5.80808081e-06 5.00011345e+07 4.85210971e+02 -7.06504778e+02
-8.83838384e-06 -5.80808081e-06 5.00010897e+07 4.75894955e+02 -6.87795021e+02
-8.33333333e-06 -5.80808081e-06 5.00010218e+07 4.49957934e+02 -6.69984280e+02
-7.82828283e-06 -5.80808081e-06 5.00009182e+07 3.91101019e+02 -6.45778104e+02
-7.32323232e-06 -5.80808081e-06 5.00007663e+07 2.81715991e+02 -6.14835559e+02
-6.81818182e-06 -5.80808081e-06 5.00005572e+07 1.06837279e+02 -5.86349785e+02
-6.31313131e-06 -5.80808081e-06 5.00002879e+07 -1.36871381e+02 -5.78469584e+02
-5.80808081e-06 -5.80808081e-06 4.99999544e+07 -4.31715762e+02 -6.09833700e+02
-5.30303030e-06 -5.80808081e-06 4.99995354e+07 -7.39678921e+02 -6.83020923e+02
-4.79797980e-06 -5.80808081e-06 4.99989741e+07 -1.02165144e+03 -7.71774736e+02
-4.29292929e-06 -5.80808081e-06 4.99981944e+07 -1.26380733e+03 -8.40450183e+02
-3.78787879e-06 -5.80808081e-06 4.99972625e+07 -1.42480591e+03 -9.61957943e+02
-3.28282828e-06 -5.80808081e-06 4.99968792e+07 -8.60854173e+02 -1.50790239e+03
-2.77777778e-06 -5.80808081e-06 4.99974035e+07 2.17669608e+03 -1.63468450e+03
-2.27272727e-06 -5.80808081e-06 4.99969491e+07 4.65157044e+03 7.49955337e+02
-1.76767677e-06 -5.80808081e-06 4.99968799e+07 3.70114756e+03 2.40359989e+03
-1.26262626e-06 -5.80808081e-06 4.99976253e+07 2.14486018e+03 2.37791700e+03
-7.57575758e-07 -5.80808081e-06 4.99984054e+07 1.13749236e+03 1.84184418e+03
-2.52525253e-07 -5.80808081e-06 4.99989736e+07 5.81831078e+02 1.32248003e+03
2.52525253e-07 -5.80808081e-06 4.99993501e+07 2.80291289e+02 9.22093718e+02
7.57575758e-07 -5.80808081e-06 4.99995943e+07 1.13732915e+02 6.30431366e+02
1.26262626e-06 -5.80808081e-06 4.99997526e+07 1.96390913e+01 4.20320716e+02
1.76767677e-06 -5.80808081e-06 4.99998556e+07 -3.45627404e+01 2.68486824e+02
2.27272727e-06 -5.80808081e-06 4.99999229e+07 -6.62541179e+01 1.57982024e+02
2.77777778e-06 -5.80808081e-06 4.99999668e+07 -8.49851822e+01 7.69698946e+01
3.28282828e-06 -5.80808081e-06 4.99999952e+07 -9.61459953e+01 1.72350625e+01
3.78787879e-06 -5.80808081e-06 5.00000133e+07 -1.02847257e+02 -2.69617750e+01
4.29292929e-06 -5.80808081e-06 5.00000245e+07 -1.06915404e+02 -5.96750137e+01
4.79797980e-06 -5.80808081e-06 5.00000312e+07 -1.09435813e+02 -8.38044892e+01
5.30303030e-06 -5.80808081e-06 5.00000349e+07 -1.11057640e+02 -1.01449369e+02
5.80808081e-06 -5.80808081e-06 5.00000366e+07 -1.12168864e+02 -1.14145645e+02
6.31313131e-06 -5.80808081e-06 5.00000371e+07 -1.12998562e+02 -1.23027092e+02
6.81818182e-06 -5.80808081e-06 5.00000371e+07 -1.13677258e+02 -1.28935637e+02
7.32323232e-06 -5.80808081e-06 5.00000368e+07 -1.14272480e+02 -1.32497968e+02
7.82828283e-06 -5.80808081e-06 5.00000366e+07 -1.14809248e+02 -1.34179471e+02
8.33333333e-06 -5.80808081e-06 5.00000367e+07 -1.15281165e+02 -1.34322840e+02
8.83838384e-06 -5.80808081e-06 5.00000374e+07 -1.15655470e+02 -1.33176462e+02
9.34343434e-06 -5.80808081e-06 5.00000386e+07 -1.15874150e+02 -1.30916165e+02
9.84848485e-06 -5.80808081e-06 5.00000407e+07 -1.15852592e+02 -1.27663050e+02
1.03535354e-05 -5.80808081e-06 5.00000436e+07 -1.15477013e+02 -1.23499579e+02
1.08585859e-05 -5.80808081e-06 5.00000475e+07 -1.14602010e+02 -1.18485706e+02
1.13636364e-05 -5.80808081e-06 5.00000524e+07 -1.13049923e+02 -1.12676488e+02
1.18686869e-05 -5.80808081e-06 5.00000582e+07 -1.10614278e+02 -1.06142128e+02
1.23737374e-05 -5.80808081e-06 5.00000648e+07 -1.07070120e+02 -9.89905533e+01
1.28787879e-05 -5.80808081e-06 5.00000720e+07 -1.02194465e+02 -9.13912987e+01
1.33838384e-05 -5.80808081e-06 5.00000796e+07 -9.57997622e+01 -8.35974683e+01
1.38888889e-05 -5.80808081e-06 5.00000872e+07 -8.77817290e+01 -7.59601802e+01
1.43939394e-05 -5.80808081e-06 5.00000942e+07 -7.81794985e+01 -6.89275700e+01
1.48989899e-05 -5.80808081e-06 5.00001001e+07 -6.72405691e+01 -6.30193603e+01
1.54040404e-05 -5.80808081e-06 5.00001045e+07 -5.54760975e+01 -5.87696465e+01
1.59090909e-05 -5.80808081e-06 5.00001069e+07 -4.36856099e+01 -5.66363601e+01
1.64141414e-05 -5.80808081e-06 5.00001071e+07 -3.29274224e+01 -5.68863087e+01
1.69191919e-05 -5.80808081e-06 5.00001053e+07 -2.44158553e+01 -5.94782895e+01
1.74242424e-05 -5.80808081e-06 5.00001018e+07 -1.93416563e+01 -6.39793836e+01
1.79292929e-05 -5.80808081e-06 5.00000975e+07 -1.86376883e+01 -6.95545682e+01
1.84343434e-05 -5.80808081e-06 5.00000931e+07 -2.27419807e+01 -7.50598818e+01
1.89393939e-05 -5.80808081e-06 5.00000895e+07 -3.14318224e+01 -7.92405775e+01
1.94444444e-05 -5.80808081e-06 5.00000873e+07 -4.37990862e+01 -8.09935017e+01
1.99494949e-05 -5.80808081e-06 5.00000867e+07 -5.83983825e+01 -7.96157610e+01
2.04545455e-05 -5.80808081e-06 5.00000875e+07 -7.35355722e+01 -7.49540441e+01
2.09595960e-05 -5.80808081e-06 5.00000891e+07 -8.76060571e+01 -6.74031608e+01
2.14646465e-05 -5.80808081e-06 5.00000909e+07 -9.93747038e+01 -5.77637605e+01
2.19696970e-05 -5.80808081e-06 5.00000924e+07 -1.08122608e+02 -4.70228872e+01
2.24747475e-05 -5.80808081e-06 5.00000930e+07 -1.13647327e+02 -3.61381733e+01
2.29797980e-05 -5.80808081e-06 5.00000925e+07 -1.16156094e+02 -2.58850931e+01
2.34848485e-05 -5.80808081e-06 5.00000909e+07 -1.16113023e+02 -1.67876962e+01
2.39898990e-05 -5.80808081e-06 5.00000883e+07 -1.14092766e+02 -9.12039266e+00
2.44949495e-05 -5.80808081e-06 5.00000850e+07 -1.10670098e+02 -2.95309149e+00
2.50000000e-05 -5.80808081e-06 5.00000811e+07 -1.06352881e+02 1.78754891e+00
-2.50000000e-05 -5.30303030e-06 5.00000797e+07 -1.02593418e+02 1.41484246e+02
-2.44949495e-05 -5.30303030e-06 5.00000994e+07 -8.95552130e+01 1.49182838e+02
-2.39898990e-05 -5.30303030e-06 5.00001211e+07 -7.51357091e+01 1.56288744e+02
-2.34848485e-05 -5.30303030e-06 5.00001450e+07 -5.93847120e+01 1.62624363e+02
-2.29797980e-05 -5.30303030e-06 5.00001713e+07 -4.23956338e+01 1.67998585e+02
-2.24747475e-05 -5.30303030e-06 5.00002002e+07 -2.43167798e+01 1.72208641e+02
-2.19696970e-05 -5.30303030e-06 5.00002322e+07 -5.36657895e+00 1.75042411e+02
-2.14646465e-05 -5.30303030e-06 5.00002679e+07 1.41446746e+01 1.76281048e+02
-2.09595960e-05 -5.30303030e-06 5.00003080e+07 3.37818371e+01 1.75701559e+02
-2.04545455e-05 -5.30303030e-06 5.00003539e+07 5.29316574e+01 1.73078542e+02
-1.99494949e-05 -5.30303030e-06 5.00004074e+07 7.07111597e+01 1.68183085e+02
-1.94444444e-05 -5.30303030e-06 5.00004719e+07 8.57992136e+01 1.60773700e+02
-1.89393939e-05 -5.30303030e-06 5.00005526e+07 9.61029753e+01 1.50564443e+02
-1.84343434e-05 -5.30303030e-06 5.00006594e+07 9.80353692e+01 1.37122418e+02
-1.79292929e-05 -5.30303030e-06 5.00008118e+07 8.47579467e+01 1.19516102e+02
-1.74242424e-05 -5.30303030e-06 5.00010544e+07 4.11666916e+01 9.49012324e+01
-1.69191919e-05 -5.30303030e-06 5.00015132e+07 -7.42823045e+01 5.10553144e+01
-1.64141414e-05 -5.30303030e-06 5.00027137e+07 -4.28378335e+02 -9.84604728e+01
-1.59090909e-05 -5.30303030e-06 5.00104748e+07 -2.57543671e+03 -2.56298611e+03
-1.54040404e-05 -5.30303030e-06 5.00261315e+07 -7.81966387e+03 1.00022264e+04
-1.48989899e-05 -5.30303030e-06 5.00268522e+07 -5.31149085e+03 -6.34453001e+03
-1.43939394e-05 -5.30303030e-06 5.00034010e+07 4.80977644e+03 -4.18475063e+03
-1.38888889e-05 -5.30303030e-06 4.99975301e+07 3.21139853e+03 8.07311685e+02
-1.33838384e-05 -5.30303030e-06 4.99981543e+07 1.31675389e+03 9.43763873e+02
-1.28787879e-05 -5.30303030e-06 4.99989457e+07 6.85810835e+02 2.45844212e+01
-1.23737374e-05 -5.30303030e-06 4.99995496e+07 3.56476348e+02 -8.93064220e+02
-1.18686869e-05 -5.30303030e-06 5.00006058e+07 -8.91897379e+01 -1.15797062e+03
-1.13636364e-05 -5.30303030e-06 5.00013793e+07 6.67651509e+02 -1.24136860e+03
-1.08585859e-05 -5.30303030e-06 5.00015311e+07 4.35408642e+02 -9.15319441e+02
-1.03535354e-05 -5.30303030e-06 5.00013340e+07 4.14141730e+02 -6.96404596e+02
-9.84848485e-06 -5.30303030e-06 5.00011602e+07 4.37506267e+02 -6.02081372e+02
-9.34343434e-06 -5.30303030e-06 5.00010238e+07 4.54791927e+02 -5.58949958e+02
-8.83838384e-06 -5.30303030e-06 5.00009011e+07 4.52843358e+02 -5.32015013e+02
-8.33333333e-06 -5.30303030e-06 5.00007706e+07 4.23465921e+02 -5.05290533e+02
-7.82828283e-06 -5.30303030e-06 5.00006154e+07 3.57388004e+02 -4.72376709e+02
-7.32323232e-06 -5.30303030e-06 5.00004234e+07 2.44719793e+02 -4.33985934e+02
-6.81818182e-06 -5.30303030e-06 5.00001874e+07 7.83999371e+01 -3.97393195e+02
-6.31313131e-06 -5.30303030e-06 4.99999046e+07 -1.40744709e+02 -3.74640490e+02
-5.80808081e-06 -5.30303030e-06 4.99995735e+07 -4.00112276e+02 -3.77994440e+02
-5.30303030e-06 -5.30303030e-06 4.99991908e+07 -6.75965335e+02 -4.15136107e+02
-4.79797980e-06 -5.30303030e-06 4.99987593e+07 -9.36234271e+02 -4.92809914e+02
-4.29292929e-06 -5.30303030e-06 4.99983265e+07 -1.12406438e+03 -6.40331222e+02
-3.78787879e-06 -5.30303030e-06 4.99980578e+07 -1.06656433e+03 -9.34018880e+02
-3.28282828e-06 -5.30303030e-06 4.99981724e+07 -3.27915775e+02 -1.34610508e+03
-2.77777778e-06 -5.30303030e-06 4.99984180e+07 1.32842553e+03 -1.28679600e+03
-2.27272727e-06 -5.30303030e-06 4.99982343e+07 2.76147588e+03 -2.47193319e+02
-1.76767677e-06 -5.30303030e-06 4.99979758e+07 2.88343919e+03 9.03868293e+02
-1.26262626e-06 -5.30303030e-06 4.99980789e+07 2.21658489e+03 1.40598700e+03
-7.57575758e-07 -5.30303030e-06 4.99984203e+07 1.48816117e+03 1.39268656e+03
-2.52525253e-07 -5.30303030e-06 4.99987944e+07 9.42746753e+02 1.17306017e+03
2.52525253e-07 -5.30303030e-06 4.99991109e+07 5.79109893e+02 9.17795195e+02
7.57575758e-07 -5.30303030e-06 4.99993537e+07 3.44755568e+02 6.89541364e+02
1.26262626e-06 -5.30303030e-06 4.99995325e+07 1.94136422e+02 5.03018353e+02
1.76767677e-06 -5.30303030e-06 4.99996622e+07 9.63985564e+01 3.56094629e+02
2.27272727e-06 -5.30303030e-06 4.99997558e+07 3.20457658e+01 2.42133194e+02
2.77777778e-06 -5.30303030e-06 4.99998234e+07 -1.10340226e+01 1.54276074e+02
3.28282828e-06 -5.30303030e-06 4.99998722e+07 -4.03847014e+01 8.66847782e+01
3.78787879e-06 -5.30303030e-06 4.99999076e+07 -6.07528385e+01 3.47212232e+01
4.29292929e-06 -5.30303030e-06 4.99999334e+07 -7.51636385e+01 -5.19620701e+00
4.79797980e-06 -5.30303030e-06 4.99999522e+07 -8.55714554e+01 -3.58028997e+01
5.30303030e-06 -5.30303030e-06 4.99999660e+07 -9.32556983e+01 -5.91815586e+01
5.80808081e-06 -5.30303030e-06 4.99999761e+07 -9.90644084e+01 -7.69187198e+01
6.31313131e-06 -5.30303030e-06 4.99999838e+07 -1.03565823e+02 -9.02247954e+01
6.81818182e-06 -5.30303030e-06 4.99999897e+07 -1.07143551e+02 -1.00023959e+02
7.32323232e-06 -5.30303030e-06 4.99999944e+07 -1.10056577e+02 -1.07020737e+02
7.82828283e-06 -5.30303030e-06 4.99999984e+07 -1.12476866e+02 -1.11749198e+02
8.33333333e-06 -5.30303030e-06 5.00000021e+07 -1.14512325e+02 -1.14609406e+02
8.83838384e-06 -5.30303030e-06 5.00000058e+07 -1.16219915e+02 -1.15894784e+02
9.34343434e-06 -5.30303030e-06 5.00000098e+07 -1.17611908e+02 -1.15813277e+02
9.84848485e-06 -5.30303030e-06 5.00000143e+07 -1.18657294e+02 -1.14504753e+02
1.03535354e-05 -5.30303030e-06 5.00000194e+07 -1.19279919e+02 -1.12056796e+02
1.08585859e-05 -5.30303030e-06 5.00000254e+07 -1.19354884e+02 -1.08520990e+02
1.13636364e-05 -5.30303030e-06 5.00000323e+07 -1.18705203e+02 -1.03931658e+02
1.18686869e-05 -5.30303030e-06 5.00000403e+07 -1.17101484e+02 -9.83288462e+01
1.23737374e-05 -5.30303030e-06 5.00000493e+07 -1.14268534e+02 -9.17866234e+01
1.28787879e-05 -5.30303030e-06 5.00000591e+07 -1.09903925e+02 -8.44463535e+01
1.33838384e-05 -5.30303030e-06 5.00000695e+07 -1.03714101e+02 -7.65520498e+01
1.38888889e-05 -5.30303030e-06 5.00000801e+07 -9.54727239e+01 -6.84811817e+01
1.43939394e-05 -5.30303030e-06 5.00000903e+07 -8.51022152e+01 -6.07599066e+01
1.48989899e-05 -5.30303030e-06 5.00000994e+07 -7.27720382e+01 -5.40480901e+01
1.54040404e-05 -5.30303030e-06 5.00001066e+07 -5.89961561e+01 -4.90792041e+01
1.59090909e-05 -5.30303030e-06 5.00001115e+07 -4.46995679e+01 -4.65462192e+01
1.64141414e-05 -5.30303030e-06 5.00001135e+07 -3.12148231e+01 -4.69389541e+01
1.69191919e-05 -5.30303030e-06 5.00001126e+07 -2.01708336e+01 -5.03601646e+01
1.74242424e-05 -5.30303030e-06 5.00001095e+07 -1.32548617e+01 -5.63717330e+01
1.79292929e-05 -5.30303030e-06 5.00001048e+07 -1.18673327e+01 -6.39384377e+01
1.84343434e-05 -5.30303030e-06 5.00000999e+07 -1.67426444e+01 -7.15307327e+01
1.89393939e-05 -5.30303030e-06 5.00000959e+07 -2.76577876e+01 -7.74068996e+01
1.94444444e-05 -5.30303030e-06 5.00000936e+07 -4.33605444e+01 -8.00203986e+01
1.99494949e-05 -5.30303030e-06 5.00000934e+07 -6.17900067e+01 -7.84209376e+01
2.04545455e-05 -5.30303030e-06 5.00000948e+07 -8.05421213e+01 -7.24916404e+01
2.09595960e-05 -5.30303030e-06 5.00000971e+07 -9.74154915e+01 -6.29256633e+01
2.14646465e-05 -5.30303030e-06 5.00000994e+07 -1.10838088e+02 -5.09668398e+01
2.19696970e-05 -5.30303030e-06 5.00001009e+07 -1.20048714e+02 -3.80414949e+01
2.24747475e-05 -5.30303030e-06 5.00001010e+07 -1.25032175e+02 -2.54295449e+01
2.29797980e-05 -5.30303030e-06 5.00000997e+07 -1.26301081e+02 -1.40669026e+01
2.34848485e-05 -5.30303030e-06 5.00000969e+07 -1.24639334e+02 -4.49185224e+00
2.39898990e-05 -5.30303030e-06 5.00000930e+07 -1.20888985e+02 3.10567132e+00
2.44949495e-05 -5.30303030e-06 5.00000884e+07 -1.15812990e+02 8.78725786e+00
2.50000000e-05 -5.30303030e-06 5.00000833e+07 -1.10029835e+02 1.27648612e+01
-2.50000000e-05 -4.79797980e-06 5.00000723e+07 -1.10612535e+02 1.39122060e+02
-2.44949495e-05 -4.79797980e-06 5.00000922e+07 -9.70125656e+01 1.46958311e+02
-2.39898990e-05 -4.79797980e-06 5.00001143e+07 -8.18334450e+01 1.54075068e+02
-2.34848485e-05 -4.79797980e-06 5.00001385e+07 -6.51014416e+01 1.60232117e+02
-2.29797980e-05 -4.79797980e-06 5.00001653e+07 -4.68843212e+01 1.65154313e+02
-2.24747475e-05 -4.79797980e-06 5.00001947e+07 -2.73010302e+01 1.68524508e+02
-2.19696970e-05 -4.79797980e-06 5.00002273e+07 -6.53372062e+00 1.69971725e+02
-2.14646465e-05 -4.79797980e-06 5.00002634e+07 1.51567546e+01 1.69050573e+02
-2.09595960e-05 -4.79797980e-06 5.00003040e+07 3.74100950e+01 1.65204317e+02
-2.04545455e-05 -4.79797980e-06 5.00003500e+07 5.97379122e+01 1.57696642e+02
-1.99494949e-05 -4.79797980e-06 5.00004033e+07 8.14839201e+01 1.45480984e+02
-1.94444444e-05 -4.79797980e-06 5.00004664e+07 1.01771567e+02 1.26938966e+02
-1.89393939e-05 -4.79797980e-06 5.00005438e+07 1.19452403e+02 9.93267277e+01
-1.84343434e-05 -4.79797980e-06 5.00006422e+07 1.33142038e+02 5.75206146e+01
-1.79292929e-05 -4.79797980e-06 5.00007733e+07 1.41782966e+02 -9.05093718e+00
-1.74242424e-05 -4.79797980e-06 5.00009544e+07 1.47964378e+02 -1.24420158e+02
-1.69191919e-05 -4.79797980e-06 5.00011940e+07 1.75982605e+02 -3.45668436e+02
-1.64141414e-05 -4.79797980e-06 5.00013259e+07 3.53580284e+02 -7.52285536e+02
-1.59090909e-05 -4.79797980e-06 5.00005125e+07 3.61131224e+02 -7.44034078e+02
-1.54040404e-05 -4.79797980e-06 4.99994820e+07 6.90970327e+02 -1.27577254e+03
-1.48989899e-05 -4.79797980e-06 4.99989954e+07 1.61359014e+03 -1.15092102e+03
-1.43939394e-05 -4.79797980e-06 4.99992172e+07 2.42915811e+03 -1.44583979e+03
-1.38888889e-05 -4.79797980e-06 5.00001568e+07 3.29915085e+03 -1.66129825e+03
-1.33838384e-05 -4.79797980e-06 5.00016220e+07 4.51079637e+03 1.01605371e+03
-1.28787879e-05 -4.79797980e-06 5.00067162e+07 4.59256118e+03 1.26111500e+04
-1.23737374e-05 -4.79797980e-06 5.00398924e+07 -1.24487623e+04 1.28970568e+04
-1.18686869e-05 -4.79797980e-06 5.00220973e+07 6.46384787e+02 -2.08033935e+04
-1.13636364e-05 -4.79797980e-06 5.00038591e+07 -4.70608539e+02 -7.15626345e+02
-1.08585859e-05 -4.79797980e-06 5.00019574e+07 1.26023022e+02 -3.89605787e+02
-1.03535354e-05 -4.79797980e-06 5.00013602e+07 3.19562471e+02 -3.63060752e+02
-9.84848485e-06 -4.79797980e-06 5.00010633e+07 4.03609721e+02 -3.67690483e+02
-9.34343434e-06 -4.79797980e-06 5.00008674e+07 4.36597830e+02 -3.71755761e+02
-8.83838384e-06 -4.79797980e-06 5.00007046e+07 4.33787123e+02 -3.67300692e+02
-8.33333333e-06 -4.79797980e-06 5.00005436e+07 3.97152733e+02 -3.51886173e+02
-7.82828283e-06 -4.79797980e-06 5.00003668e+07 3.23445007e+02 -3.26335011e+02
-7.32323232e-06 -4.79797980e-06 5.00001646e+07 2.08154401e+02 -2.94959995e+02
-6.81818182e-06 -4.79797980e-06 4.99999330e+07 4.90051186e+01 -2.65829499e+02
-6.31313131e-06 -4.79797980e-06 4.99996734e+07 -1.50533544e+02 -2.50139217e+02
-5.80808081e-06 -4.79797980e-06 4.99993924e+07 -3.78330519e+02 -2.60814413e+02
-5.30303030e-06 -4.79797980e-06 4.99991037e+07 -6.11100035e+02 -3.12121593e+02
-4.79797980e-06 -4.79797980e-06 4.99988373e+07 -8.08173853e+02 -4.22587355e+02
-4.29292929e-06 -4.79797980e-06 4.99986531e+07 -8.91920752e+02 -6.16785206e+02
-3.78787879e-06 -4.79797980e-06 4.99986319e+07 -7.16336325e+02 -8.97944515e+02
-3.28282828e-06 -4.79797980e-06 4.99987809e+07 -1.03505651e+02 -1.14959539e+03
-2.77777778e-06 -4.79797980e-06 4.99989115e+07 8.97069987e+02 -1.08148466e+03
-2.27272727e-06 -4.79797980e-06 4.99988256e+07 1.79386737e+03 -5.41196532e+02
-1.76767677e-06 -4.79797980e-06 4.99986354e+07 2.12015736e+03 1.73685562e+02
-1.26262626e-06 -4.79797980e-06 4.99985634e+07 1.92440441e+03 6.81657983e+02
-7.57575758e-07 -4.79797980e-06 4.99986573e+07 1.51222236e+03 8.86714911e+02
-2.52525253e-07 -4.79797980e-06 4.99988451e+07 1.09997664e+03 8.81603450e+02
2.52525253e-07 -4.79797980e-06 4.99990541e+07 7.66748232e+02 7.75725591e+02
7.57575758e-07 -4.79797980e-06 4.99992454e+07 5.19661167e+02 6.38242828e+02
1.26262626e-06 -4.79797980e-06 4.99994054e+07 3.42756461e+02 5.02914883e+02
1.76767677e-06 -4.79797980e-06 4.99995336e+07 2.17489115e+02 3.83079391e+02
2.27272727e-06 -4.79797980e-06 4.99996340e+07 1.28703275e+02 2.82187022e+02
2.77777778e-06 -4.79797980e-06 4.99997118e+07 6.53247982e+01 1.99467196e+02
3.28282828e-06 -4.79797980e-06 4.99997718e+07 1.96101018e+01 1.32640890e+02
3.78787879e-06 -4.79797980e-06 4.99998180e+07 -1.37681072e+01 7.91214129e+01
4.29292929e-06 -4.79797980e-06 4.99998537e+07 -3.84632638e+01 3.64976869e+01
4.79797980e-06 -4.79797980e-06 4.99998814e+07 -5.69899043e+01 2.69370492e+00
5.30303030e-06 -4.79797980e-06 4.99999030e+07 -7.10913151e+01 -2.40100886e+01
5.80808081e-06 -4.79797980e-06 4.99999200e+07 -8.19873598e+01 -4.50085499e+01
6.31313131e-06 -4.79797980e-06 4.99999335e+07 -9.05403753e+01 -6.14191586e+01
6.81818182e-06 -4.79797980e-06 4.99999444e+07 -9.73660047e+01 -7.41292186e+01
7.32323232e-06 -4.79797980e-06 4.99999534e+07 -1.02907100e+02 -8.38371514e+01
7.82828283e-06 -4.79797980e-06 4.99999611e+07 -1.07482652e+02 -9.10864452e+01
8.33333333e-06 -4.79797980e-06 4.99999679e+07 -1.11319534e+02 -9.62926541e+01
8.83838384e-06 -4.79797980e-06 4.99999742e+07 -1.14572076e+02 -9.97645577e+01
9.34343434e-06 -4.79797980e-06 4.99999805e+07 -1.17332698e+02 -1.01720878e+02
9.84848485e-06 -4.79797980e-06 4.99999870e+07 -1.19635690e+02 -1.02304127e+02
1.03535354e-05 -4.79797980e-06 4.99999940e+07 -1.21455670e+02 -1.01593366e+02
1.08585859e-05 -4.79797980e-06 5.00000018e+07 -1.22702134e+02 -9.96179920e+01
1.13636364e-05 -4.79797980e-06 5.00000105e+07 -1.23211969e+02 -9.63749983e+01
1.18686869e-05 -4.79797980e-06 5.00000205e+07 -1.22742875e+02 -9.18524804e+01
1.23737374e-05 -4.79797980e-06 5.00000317e+07 -1.20972383e+02 -8.60619568e+01
1.28787879e-05 -4.79797980e-06 5.00000441e+07 -1.17509460e+02 -7.90809726e+01
1.33838384e-05 -4.79797980e-06 5.00000575e+07 -1.11927862e+02 -7.11046130e+01
1.38888889e-05 -4.79797980e-06 5.00000715e+07 -1.03831189e+02 -6.24994145e+01
1.43939394e-05 -4.79797980e-06 5.00000854e+07 -9.29567392e+01 -5.38457616e+01
1.48989899e-05 -4.79797980e-06 5.00000983e+07 -7.93162863e+01 -4.59468518e+01
1.54040404e-05 -4.79797980e-06 5.00001093e+07 -6.33553968e+01 -3.97775192e+01
1.59090909e-05 -4.79797980e-06 5.00001175e+07 -4.60908048e+01 -3.63502491e+01
1.64141414e-05 -4.79797980e-06 5.00001220e+07 -2.91646610e+01 -3.64936331e+01
1.69191919e-05 -4.79797980e-06 5.00001227e+07 -1.47467047e+01 -4.05713984e+01
1.74242424e-05 -4.79797980e-06 5.00001200e+07 -5.23342453e+00 -4.82123762e+01
1.79292929e-05 -4.79797980e-06 5.00001150e+07 -2.74698033e+00 -5.81597192e+01
1.84343434e-05 -4.79797980e-06 5.00001093e+07 -8.52665248e+00 -6.83578617e+01
1.89393939e-05 -4.79797980e-06 5.00001047e+07 -2.24088920e+01 -7.63463112e+01
1.94444444e-05 -4.79797980e-06 5.00001022e+07 -4.26455934e+01 -7.99019246e+01
1.99494949e-05 -4.79797980e-06 5.00001024e+07 -6.62304536e+01 -7.77078798e+01
2.04545455e-05 -4.79797980e-06 5.00001047e+07 -8.96733517e+01 -6.97473213e+01
2.09595960e-05 -4.79797980e-06 5.00001078e+07 -1.09911461e+02 -5.72285597e+01
2.14646465e-05 -4.79797980e-06 5.00001104e+07 -1.24971768e+02 -4.21008491e+01
2.19696970e-05 -4.79797980e-06 5.00001115e+07 -1.34167991e+02 -2.64251260e+01
2.24747475e-05 -4.79797980e-06 5.00001107e+07 -1.37880074e+02 -1.18773781e+01
2.29797980e-05 -4.79797980e-06 5.00001078e+07 -1.37129492e+02 4.81520430e-01
2.34848485e-05 -4.79797980e-06 5.00001033e+07 -1.33162896e+02 1.01955243e+01
2.39898990e-05 -4.79797980e-06 5.00000975e+07 -1.27160130e+02 1.72678292e+01
2.44949495e-05 -4.79797980e-06 5.00000912e+07 -1.20085266e+02 2.19815758e+01
2.50000000e-05 -4.79797980e-06 5.00000846e+07 -1.12646183e+02 2.47475236e+01
-2.50000000e-05 -4.29292929e-06 5.00000624e+07 -1.18899068e+02 1.37315603e+02
-2.44949495e-05 -4.29292929e-06 5.00000822e+07 -1.04654202e+02 1.45482615e+02
-2.39898990e-05 -4.29292929e-06 5.00001042e+07 -8.85824009e+01 1.52846552e+02
-2.34848485e-05 -4.29292929e-06 5.00001284e+07 -7.06701529e+01 1.59115876e+02
-2.29797980e-05 -4.29292929e-06 5.00001549e+07 -5.09375110e+01 1.63948301e+02
-2.24747475e-05 -4.29292929e-06 5.00001841e+07 -2.94432188e+01 1.66938709e+02
-2.19696970e-05 -4.29292929e-06 5.00002161e+07 -6.28869240e+00 1.67600219e+02
-2.14646465e-05 -4.29292929e-06 5.00002513e+07 1.83808109e+01 1.65333491e+02
-2.09595960e-05 -4.29292929e-06 5.00002901e+07 4.43813880e+01 1.59375778e+02
-2.04545455e-05 -4.29292929e-06 5.00003333e+07 7.15099579e+01 1.48714726e+02
-1.99494949e-05 -4.29292929e-06 5.00003815e+07 9.95963030e+01 1.31940580e+02
-1.94444444e-05 -4.29292929e-06 5.00004360e+07 1.28631548e+02 1.06991742e+02
-1.89393939e-05 -4.29292929e-06 5.00004977e+07 1.59081135e+02 7.07257899e+01
-1.84343434e-05 -4.29292929e-06 5.00005673e+07 1.92649530e+02 1.82654911e+01
-1.79292929e-05 -4.29292929e-06 5.00006417e+07 2.34106716e+02 -5.75972356e+01
-1.74242424e-05 -4.29292929e-06 5.00007057e+07 2.94965612e+02 -1.64589127e+02
-1.69191919e-05 -4.29292929e-06 5.00007091e+07 3.94059031e+02 -2.95173397e+02
-1.64141414e-05 -4.29292929e-06 5.00005549e+07 5.01174428e+02 -3.75665633e+02
-1.59090909e-05 -4.29292929e-06 5.00003055e+07 3.81834458e+02 -3.81779458e+02
-1.54040404e-05 -4.29292929e-06 5.00000387e+07 3.04927588e+02 -5.53742514e+02
-1.48989899e-05 -4.29292929e-06 4.99997062e+07 5.27629309e+02 -5.70362986e+02
-1.43939394e-05 -4.29292929e-06 4.99994752e+07 7.34472420e+02 -4.59530350e+02
-1.38888889e-05 -4.29292929e-06 4.99992984e+07 8.87923038e+02 -3.46728483e+02
-1.33838384e-05 -4.29292929e-06 4.99990824e+07 1.04252939e+03 -2.50325624e+02
-1.28787879e-05 -4.29292929e-06 4.99987389e+07 1.24730616e+03 -1.38577991e+02
-1.23737374e-05 -4.29292929e-06 4.99982183e+07 1.46928136e+03 1.34924921e+02
-1.18686869e-05 -4.29292929e-06 4.99989983e+07 1.06799159e+03 5.05583647e+02
-1.13636364e-05 -4.29292929e-06 5.00009291e+07 9.08755917e+02 1.22255822e+03
-1.08585859e-05 -4.29292929e-06 5.00011945e+07 4.55829346e+02 3.72252717e+02
-1.03535354e-05 -4.29292929e-06 5.00010004e+07 4.41457424e+02 2.64261937e+01
-9.84848485e-06 -4.29292929e-06 5.00008131e+07 4.59305871e+02 -1.20887299e+02
-9.34343434e-06 -4.29292929e-06 5.00006505e+07 4.60269437e+02 -1.89551070e+02
-8.83838384e-06 -4.29292929e-06 5.00004966e+07 4.36575830e+02 -2.18641611e+02
-8.33333333e-06 -4.29292929e-06 5.00003378e+07 3.84710437e+02 -2.23923773e+02
-7.82828283e-06 -4.29292929e-06 5.00001655e+07 3.01308514e+02 -2.14581586e+02
-7.32323232e-06 -4.29292929e-06 4.99999759e+07 1.83900086e+02 -1.98958367e+02
-6.81818182e-06 -4.29292929e-06 4.99997698e+07 3.28705638e+01 -1.86729936e+02
-6.31313131e-06 -4.29292929e-06 4.99995531e+07 -1.46101041e+02 -1.89466154e+02
-5.80808081e-06 -4.29292929e-06 4.99993376e+07 -3.39350268e+02 -2.20395899e+02
-5.30303030e-06 -4.29292929e-06 4.99991431e+07 -5.21752031e+02 -2.93892302e+02
-4.79797980e-06 -4.29292929e-06 4.99989989e+07 -6.50971413e+02 -4.23687620e+02
-4.29292929e-06 -4.29292929e-06 4.99989413e+07 -6.60009854e+02 -6.14293077e+02
-3.78787879e-06 -4.29292929e-06 4.99989907e+07 -4.61450597e+02 -8.36049558e+02
-3.28282828e-06 -4.29292929e-06 4.99991086e+07 1.62551956e+00 -9.91976007e+02
-2.77777778e-06 -4.29292929e-06 4.99991870e+07 6.51867412e+02 -9.41043371e+02
-2.27272727e-06 -4.29292929e-06 4.99991433e+07 1.25045516e+03 -6.28738265e+02
-1.76767677e-06 -4.29292929e-06 4.99990190e+07 1.57068872e+03 -1.77105819e+02
-1.26262626e-06 -4.29292929e-06 4.99989222e+07 1.57545806e+03 2.25721598e+02
-7.57575758e-07 -4.29292929e-06 4.99989130e+07 1.37809128e+03 4.77409073e+02
-2.52525253e-07 -4.29292929e-06 4.99989839e+07 1.10834666e+03 5.79678867e+02
2.52525253e-07 -4.29292929e-06 4.99990997e+07 8.46293008e+02 5.79422966e+02
7.57575758e-07 -4.29292929e-06 4.99992291e+07 6.24498137e+02 5.23678388e+02
1.26262626e-06 -4.29292929e-06 4.99993531e+07 4.48778429e+02 4.44941976e+02
1.76767677e-06 -4.29292929e-06 4.99994629e+07 3.13957306e+02 3.61886492e+02
2.27272727e-06 -4.29292929e-06 4.99995560e+07 2.11960905e+02 2.83839380e+02
2.77777778e-06 -4.29292929e-06 4.99996331e+07 1.35105554e+02 2.14688327e+02
3.28282828e-06 -4.29292929e-06 4.99996960e+07 7.70902727e+01 1.55439761e+02
3.78787879e-06 -4.29292929e-06 4.99997469e+07 3.30690538e+01 1.05703959e+02
4.29292929e-06 -4.29292929e-06 4.99997880e+07 -5.74927736e-01 6.44996601e+01
4.79797980e-06 -4.29292929e-06 4.99998212e+07 -2.65058505e+01 3.06671745e+01
5.30303030e-06 -4.29292929e-06 4.99998481e+07 -4.66787370e+01 3.06782746e+00
5.80808081e-06 -4.29292929e-06 4.99998699e+07 -6.25307958e+01 -1.93289388e+01
6.31313131e-06 -4.29292929e-06 4.99998878e+07 -7.51241271e+01 -3.74153449e+01
6.81818182e-06 -4.29292929e-06 4.99999025e+07 -8.52492664e+01 -5.19423257e+01
7.32323232e-06 -4.29292929e-06 4.99999149e+07 -9.34990266e+01 -6.35283739e+01
7.82828283e-06 -4.29292929e-06 4.99999255e+07 -1.00320325e+02 -7.26722968e+01
8.33333333e-06 -4.29292929e-06 4.99999348e+07 -1.06049686e+02 -7.97660571e+01
8.83838384e-06 -4.29292929e-06 4.99999433e+07 -1.10936407e+02 -8.51060474e+01
9.34343434e-06 -4.29292929e-06 4.99999513e+07 -1.15156009e+02 -8.89023713e+01
9.84848485e-06 -4.29292929e-06 4.99999594e+07 -1.18815626e+02 -9.12865113e+01
1.03535354e-05 -4.29292929e-06 4.99999677e+07 -1.21952372e+02 -9.23184463e+01
1.08585859e-05 -4.29292929e-06 4.99999768e+07 -1.24525489e+02 -9.19950515e+01
1.13636364e-05 -4.29292929e-06 4.99999870e+07 -1.26403499e+02 -9.02625328e+01
1.18686869e-05 -4.29292929e-06 4.99999985e+07 -1.27348745e+02 -8.70366741e+01
1.23737374e-05 -4.29292929e-06 5.00000116e+07 -1.27004092e+02 -8.22354851e+01
1.28787879e-05 -4.29292929e-06 5.00000264e+07 -1.24890273e+02 -7.58287133e+01
1.33838384e-05 -4.29292929e-06 5.00000428e+07 -1.20427051e+02 -6.79063775e+01
1.38888889e-05 -4.29292929e-06 5.00000604e+07 -1.12995634e+02 -5.87623957e+01
1.43939394e-05 -4.29292929e-06 5.00000786e+07 -1.02060094e+02 -4.89783607e+01
1.48989899e-05 -4.29292929e-06 5.00000963e+07 -8.73570302e+01 -3.94775497e+01
1.54040404e-05 -4.29292929e-06 5.00001122e+07 -6.91402591e+01 -3.15055108e+01
1.59090909e-05 -4.29292929e-06 5.00001249e+07 -4.84310412e+01 -2.64909075e+01
1.64141414e-05 -4.29292929e-06 5.00001331e+07 -2.71833030e+01 -2.57596488e+01
1.69191919e-05 -4.29292929e-06 5.00001363e+07 -8.24629628e+00 -3.01217106e+01
1.74242424e-05 -4.29292929e-06 5.00001345e+07 4.98411288e+00 -3.94178633e+01
1.79292929e-05 -4.29292929e-06 5.00001292e+07 9.27039757e+00 -5.21878840e+01
1.84343434e-05 -4.29292929e-06 5.00001225e+07 2.50311755e+00 -6.56742427e+01
1.89393939e-05 -4.29292929e-06 5.00001169e+07 -1.53597910e+01 -7.63435988e+01
1.94444444e-05 -4.29292929e-06 5.00001141e+07 -4.18552679e+01 -8.09091940e+01
1.99494949e-05 -4.29292929e-06 5.00001149e+07 -7.24834368e+01 -7.74894775e+01
2.04545455e-05 -4.29292929e-06 5.00001181e+07 -1.02040940e+02 -6.62986363e+01
2.09595960e-05 -4.29292929e-06 5.00001220e+07 -1.26205369e+02 -4.94539506e+01
2.14646465e-05 -4.29292929e-06 5.00001246e+07 -1.42582145e+02 -3.00429806e+01
2.19696970e-05 -4.29292929e-06 5.00001247e+07 -1.50835730e+02 -1.10278364e+01
2.24747475e-05 -4.29292929e-06 5.00001219e+07 -1.52114544e+02 5.48302638e+00
2.29797980e-05 -4.29292929e-06 5.00001166e+07 -1.48253653e+02 1.84334237e+01
2.34848485e-05 -4.29292929e-06 5.00001094e+07 -1.41131838e+02 2.76393934e+01
2.39898990e-05 -4.29292929e-06 5.00001013e+07 -1.32314132e+02 3.34675057e+01
2.44949495e-05 -4.29292929e-06 5.00000927e+07 -1.22936999e+02 3.65385104e+01
2.50000000e-05 -4.29292929e-06 5.00000844e+07 -1.13736734e+02 3.75227225e+01
-2.50000000e-05 -3.78787879e-06 5.00000500e+07 -1.27649616e+02 1.36188261e+02
-2.44949495e-05 -3.78787879e-06 5.00000694e+07 -1.12723568e+02 1.44928579e+02
-2.39898990e-05 -3.78787879e-06 5.00000909e+07 -9.56850806e+01 1.52843044e+02
-2.34848485e-05 -3.78787879e-06 5.00001146e+07 -7.64701977e+01 1.59606367e+02
-2.29797980e-05 -3.78787879e-06 5.00001405e+07 -5.50383773e+01 1.64835045e+02
-2.24747475e-05 -3.78787879e-06 5.00001687e+07 -3.13727730e+01 1.68075570e+02
-2.19696970e-05 -3.78787879e-06 5.00001993e+07 -5.47625955e+00 1.68787514e+02
-2.14646465e-05 -3.78787879e-06 5.00002324e+07 2.26403520e+01 1.66318820e+02
-2.09595960e-05 -3.78787879e-06 5.00002680e+07 5.29843204e+01 1.59869800e+02
-2.04545455e-05 -3.78787879e-06 5.00003062e+07 8.56329028e+01 1.48442462e+02
-1.99494949e-05 -3.78787879e-06 5.00003468e+07 1.20832450e+02 1.30775959e+02
-1.94444444e-05 -3.78787879e-06 5.00003891e+07 1.59181236e+02 1.05287335e+02
-1.89393939e-05 -3.78787879e-06 5.00004316e+07 2.01947578e+02 7.01002551e+01
-1.84343434e-05 -3.78787879e-06 5.00004703e+07 2.51537180e+02 2.34396037e+01
-1.79292929e-05 -3.78787879e-06 5.00004965e+07 3.11766522e+02 -3.48114299e+01
-1.74242424e-05 -3.78787879e-06 5.00004931e+07 3.85885435e+02 -9.87138035e+01
-1.69191919e-05 -3.78787879e-06 5.00004363e+07 4.65195643e+02 -1.49104047e+02
-1.64141414e-05 -3.78787879e-06 5.00003227e+07 5.03315528e+02 -1.63560282e+02
-1.59090909e-05 -3.78787879e-06 5.00001991e+07 4.51298709e+02 -1.81273844e+02
-1.54040404e-05 -3.78787879e-06 5.00000649e+07 4.16490110e+02 -2.59227268e+02
-1.48989899e-05 -3.78787879e-06 4.99998844e+07 5.00710353e+02 -3.11136426e+02
-1.43939394e-05 -3.78787879e-06 4.99997013e+07 6.30804951e+02 -2.82659094e+02
-1.38888889e-05 -3.78787879e-06 4.99995435e+07 7.39388926e+02 -1.99497987e+02
-1.33838384e-05 -3.78787879e-06 4.99994069e+07 8.06080315e+02 -7.78337762e+01
-1.28787879e-05 -3.78787879e-06 4.99993125e+07 8.10558741e+02 8.66095846e+01
-1.23737374e-05 -3.78787879e-06 4.99993924e+07 7.31914828e+02 2.41750321e+02
-1.18686869e-05 -3.78787879e-06 4.99997266e+07 8.76235835e+02 2.07573659e+02
-1.13636364e-05 -3.78787879e-06 5.00000491e+07 1.09201579e+03 4.18426365e+02
-1.08585859e-05 -3.78787879e-06 5.00004134e+07 8.29174699e+02 3.63098929e+02
-1.03535354e-05 -3.78787879e-06 5.00005275e+07 6.54218231e+02 1.69194486e+02
-9.84848485e-06 -3.78787879e-06 5.00004965e+07 5.72086045e+02 2.43876278e+01
-9.34343434e-06 -3.78787879e-06 5.00004073e+07 5.18104433e+02 -6.30229533e+01
-8.83838384e-06 -3.78787879e-06 5.00002908e+07 4.61874621e+02 -1.10722326e+02
-8.33333333e-06 -3.78787879e-06 5.00001556e+07 3.90013951e+02 -1.32926335e+02
-7.82828283e-06 -3.78787879e-06 5.00000050e+07 2.96048350e+02 -1.40314576e+02
-7.32323232e-06 -3.78787879e-06 4.99998418e+07 1.77509183e+02 -1.42475610e+02
-6.81818182e-06 -3.78787879e-06 4.99996712e+07 3.60156038e+01 -1.49423469e+02
-6.31313131e-06 -3.78787879e-06 4.99995022e+07 -1.21391245e+02 -1.72087142e+02
-5.80808081e-06 -3.78787879e-06 4.99993480e+07 -2.80284015e+02 -2.21904489e+02
-5.30303030e-06 -3.78787879e-06 4.99992260e+07 -4.16447404e+02 -3.09277648e+02
-4.79797980e-06 -3.78787879e-06 4.99991563e+07 -4.93643933e+02 -4.39674980e+02
-4.29292929e-06 -3.78787879e-06 4.99991541e+07 -4.64720278e+02 -6.05172555e+02
-3.78787879e-06 -3.78787879e-06 4.99992152e+07 -2.84312573e+02 -7.71717211e+02
-3.28282828e-06 -3.78787879e-06 4.99993019e+07 5.86261707e+01 -8.73712933e+02
-2.77777778e-06 -3.78787879e-06 4.99993536e+07 5.02908561e+02 -8.39224599e+02
-2.27272727e-06 -3.78787879e-06 4.99993307e+07 9.20884457e+02 -6.45611966e+02
-1.76767677e-06 -3.78787879e-06 4.99992503e+07 1.19090201e+03 -3.49771751e+02
-1.26262626e-06 -3.78787879e-06 4.99991666e+07 1.27005958e+03 -4.89431517e+01
-7.57575758e-07 -3.78787879e-06 4.99991238e+07 1.19546849e+03 1.83446544e+02
-2.52525253e-07 -3.78787879e-06 4.99991343e+07 1.03525539e+03 3.23496975e+02
2.52525253e-07 -3.78787879e-06 4.99991872e+07 8.47524006e+02 3.82820349e+02
7.57575758e-07 -3.78787879e-06 4.99992647e+07 6.67254465e+02 3.85800334e+02
1.26262626e-06 -3.78787879e-06 4.99993511e+07 5.10076472e+02 3.55522235e+02
1.76767677e-06 -3.78787879e-06 4.99994364e+07 3.79967757e+02 3.08940388e+02
2.27272727e-06 -3.78787879e-06 4.99995148e+07 2.75284857e+02 2.56874712e+02
2.77777778e-06 -3.78787879e-06 4.99995841e+07 1.92304468e+02 2.05540061e+02
3.28282828e-06 -3.78787879e-06 4.99996438e+07 1.26970161e+02 1.58124657e+02
3.78787879e-06 -3.78787879e-06 4.99996944e+07 7.56185034e+01 1.15983483e+02
4.29292929e-06 -3.78787879e-06 4.99997370e+07 3.51995170e+01 7.94313434e+01
4.79797980e-06 -3.78787879e-06 4.99997725e+07 3.27533251e+00 4.82339421e+01
5.30303030e-06 -3.78787879e-06 4.99998022e+07 -2.20626299e+01 2.18979927e+01
5.80808081e-06 -3.78787879e-06 4.99998270e+07 -4.22945278e+01 -1.63970316e-01
6.31313131e-06 -3.78787879e-06 4.99998477e+07 -5.85654562e+01 -1.85437912e+01
6.81818182e-06 -3.78787879e-06 4.99998651e+07 -7.17631145e+01 -3.37913857e+01
7.32323232e-06 -3.78787879e-06 4.99998798e+07 -8.25789189e+01 -4.63928118e+01
7.82828283e-06 -3.78787879e-06 4.99998925e+07 -9.15543342e+01 -5.67613480e+01
8.33333333e-06 -3.78787879e-06 4.99999035e+07 -9.91147582e+01 -6.52349161e+01
8.83838384e-06 -3.78787879e-06 4.99999135e+07 -1.05592991e+02 -7.20760151e+01
9.34343434e-06 -3.78787879e-06 4.99999227e+07 -1.11243720e+02 -7.74720828e+01
9.84848485e-06 -3.78787879e-06 4.99999317e+07 -1.16249770e+02 -8.15353889e+01
1.03535354e-05 -3.78787879e-06 4.99999409e+07 -1.20720281e+02 -8.43025615e+01
1.08585859e-05 -3.78787879e-06 4.99999507e+07 -1.24680580e+02 -8.57349489e+01
1.13636364e-05 -3.78787879e-06 4.99999616e+07 -1.28053618e+02 -8.57224553e+01
1.18686869e-05 -3.78787879e-06 4.99999741e+07 -1.30633815e+02 -8.40953857e+01
1.23737374e-05 -3.78787879e-06 4.99999885e+07 -1.32056769e+02 -8.06510805e+01
1.28787879e-05 -3.78787879e-06 5.00000052e+07 -1.31773317e+02 -7.52039872e+01
1.33838384e-05 -3.78787879e-06 5.00000243e+07 -1.29044351e+02 -6.76676095e+01
1.38888889e-05 -3.78787879e-06 5.00000457e+07 -1.22982862e+02 -5.81714365e+01
1.43939394e-05 -3.78787879e-06 5.00000687e+07 -1.12677449e+02 -4.72017972e+01
1.48989899e-05 -3.78787879e-06 5.00000921e+07 -9.74284212e+01 -3.57308899e+01
1.54040404e-05 -3.78787879e-06 5.00001144e+07 -7.71013249e+01 -2.52683337e+01
1.59090909e-05 -3.78787879e-06 5.00001333e+07 -5.25467053e+01 -1.77508650e+01
1.64141414e-05 -3.78787879e-06 5.00001471e+07 -2.59596007e+01 -1.52012692e+01
1.69191919e-05 -3.78787879e-06 5.00001542e+07 -9.90158409e-01 -1.91502591e+01
1.74242424e-05 -3.78787879e-06 5.00001545e+07 1.75963315e+01 -2.99149818e+01
1.79292929e-05 -3.78787879e-06 5.00001491e+07 2.48537579e+01 -4.59481736e+01
1.84343434e-05 -3.78787879e-06 5.00001411e+07 1.71615709e+01 -6.36048217e+01
1.89393939e-05 -3.78787879e-06 5.00001340e+07 -6.07214438e+00 -7.77447854e+01
1.94444444e-05 -3.78787879e-06 5.00001308e+07 -4.13713806e+01 -8.33527749e+01
1.99494949e-05 -3.78787879e-06 5.00001322e+07 -8.17999848e+01 -7.76300561e+01
2.04545455e-05 -3.78787879e-06 5.00001366e+07 -1.19349972e+02 -6.12933984e+01
2.09595960e-05 -3.78787879e-06 5.00001411e+07 -1.47839092e+02 -3.81094690e+01
2.14646465e-05 -3.78787879e-06 5.00001429e+07 -1.64586951e+02 -1.30243220e+01
2.19696970e-05 -3.78787879e-06 5.00001407e+07 -1.70216630e+02 9.77552749e+00
2.24747475e-05 -3.78787879e-06 5.00001345e+07 -1.67292370e+02 2.78500578e+01
2.29797980e-05 -3.78787879e-06 5.00001254e+07 -1.58881402e+02 4.04708839e+01
2.34848485e-05 -3.78787879e-06 5.00001146e+07 -1.47646035e+02 4.80613168e+01
2.39898990e-05 -3.78787879e-06 5.00001033e+07 -1.35506730e+02 5.15890301e+01
2.44949495e-05 -3.78787879e-06 5.00000923e+07 -1.23663148e+02 5.21356847e+01
2.50000000e-05 -3.78787879e-06 5.00000821e+07 -1.12760007e+02 5.06681880e+01
-2.50000000e-05 -3.28282828e-06 5.00000353e+07 -1.37095469e+02 1.35804145e+02
-2.44949495e-05 -3.28282828e-06 5.00000540e+07 -1.21510866e+02 1.45391043e+02
-2.39898990e-05 -3.28282828e-06 5.00000747e+07 -1.03506372e+02 1.54199807e+02
-2.34848485e-05 -3.28282828e-06 5.00000975e+07 -8.29635962e+01 1.61890772e+02
-2.29797980e-05 -3.28282828e-06 5.00001223e+07 -5.97790642e+01 1.68066654e+02
-2.24747475e-05 -3.28282828e-06 5.00001491e+07 -3.38618600e+01 1.72265416e+02
-2.19696970e-05 -3.28282828e-06 5.00001778e+07 -5.12600102e+00 1.73952205e+02
-2.14646465e-05 -3.28282828e-06 5.00002082e+07 2.65257842e+01 1.72511130e+02
-2.09595960e-05 -3.28282828e-06 5.00002400e+07 6.12317403e+01 1.67239780e+02
-2.04545455e-05 -3.28282828e-06 5.00002727e+07 9.92206034e+01 1.57354865e+02
-1.99494949e-05 -3.28282828e-06 5.00003052e+07 1.40886624e+02 1.42030412e+02
-1.94444444e-05 -3.28282828e-06 5.00003361e+07 1.86884822e+02 1.20519359e+02
-1.89393939e-05 -3.28282828e-06 5.00003624e+07 2.38194348e+02 9.24689980e+01
-1.84343434e-05 -3.28282828e-06 5.00003795e+07 2.95943656e+02 5.86332780e+01
-1.79292929e-05 -3.28282828e-06 5.00003802e+07 3.60383281e+02 2.21980426e+01
-1.74242424e-05 -3.28282828e-06 5.00003559e+07 4.27717110e+02 -9.74414603e+00
-1.69191919e-05 -3.28282828e-06 5.00003025e+07 4.84278340e+02 -2.79890961e+01
-1.64141414e-05 -3.28282828e-06 5.00002300e+07 5.06677989e+02 -3.33542703e+01
-1.59090909e-05 -3.28282828e-06 5.00001556e+07 4.90394257e+02 -4.94644717e+01
-1.54040404e-05 -3.28282828e-06 5.00000737e+07 4.80649827e+02 -9.18509760e+01
-1.48989899e-05 -3.28282828e-06 4.99999686e+07 5.19360283e+02 -1.30315069e+02
-1.43939394e-05 -3.28282828e-06 4.99998518e+07 5.91264304e+02 -1.31081290e+02
-1.38888889e-05 -3.28282828e-06 4.99997480e+07 6.59233079e+02 -9.14783121e+01
-1.33838384e-05 -3.28282828e-06 4.99996801e+07 6.98282246e+02 -2.63925082e+01
-1.28787879e-05 -3.28282828e-06 4.99996776e+07 7.02934009e+02 3.70716550e+01
-1.23737374e-05 -3.28282828e-06 4.99997622e+07 7.17080292e+02 5.46147525e+01
-1.18686869e-05 -3.28282828e-06 4.99998731e+07 8.41977691e+02 4.65448357e+01
-1.13636364e-05 -3.28282828e-06 4.99999734e+07 9.63050877e+02 1.25091088e+02
-1.08585859e-05 -3.28282828e-06 5.00001126e+07 9.01841280e+02 1.76388161e+02
-1.03535354e-05 -3.28282828e-06 5.00002112e+07 7.74995119e+02 1.32947673e+02
-9.84848485e-06 -3.28282828e-06 5.00002307e+07 6.67232530e+02 5.79449701e+01
-9.34343434e-06 -3.28282828e-06 5.00001892e+07 5.79999752e+02 -7.31142736e+00
-8.83838384e-06 -3.28282828e-06 5.00001087e+07 4.97820011e+02 -5.33334892e+01
-8.33333333e-06 -3.28282828e-06 5.00000028e+07 4.08850238e+02 -8.28820100e+01
-7.82828283e-06 -3.28282828e-06 4.99998803e+07 3.06491317e+02 -1.02349490e+02
-7.32323232e-06 -3.28282828e-06 4.99997484e+07 1.88623661e+02 -1.19457486e+02
-6.81818182e-06 -3.28282828e-06 4.99996149e+07 5.75668723e+01 -1.42752275e+02
-6.31313131e-06 -3.28282828e-06 4.99994897e+07 -7.92121917e+01 -1.81190895e+02
-5.80808081e-06 -3.28282828e-06 4.99993845e+07 -2.08030656e+02 -2.43159902e+02
-5.30303030e-06 -3.28282828e-06 4.99993122e+07 -3.08103571e+02 -3.34431165e+02
-4.79797980e-06 -3.28282828e-06 4.99992840e+07 -3.51978082e+02 -4.54475388e+02
-4.29292929e-06 -3.28282828e-06 4.99993033e+07 -3.09666571e+02 -5.91078865e+02
-3.78787879e-06 -3.28282828e-06 4.99993590e+07 -1.59588365e+02 -7.15688357e+02
-3.28282828e-06 -3.28282828e-06 4.99994227e+07 9.40615747e+01 -7.86157173e+02
-2.77777778e-06 -3.28282828e-06 4.99994594e+07 4.08115601e+02 -7.63564768e+02
-2.27272727e-06 -3.28282828e-06 4.99994478e+07 7.09070072e+02 -6.37233544e+02
-1.76767677e-06 -3.28282828e-06 4.99993953e+07 9.26406357e+02 -4.36271373e+02
-1.26262626e-06 -3.28282828e-06 4.99993305e+07 1.02568499e+03 -2.13797361e+02
-7.57575758e-07 -3.28282828e-06 4.99992825e+07 1.01517161e+03 -1.81919311e+01
-2.52525253e-07 -3.28282828e-06 4.99992663e+07 9.28233834e+02 1.24596339e+02
2.52525253e-07 -3.28282828e-06 4.99992824e+07 8.01846267e+02 2.10867294e+02
7.57575758e-07 -3.28282828e-06 4.99993230e+07 6.64409661e+02 2.49951370e+02
1.26262626e-06 -3.28282828e-06 4.99993782e+07 5.33170950e+02 2.55310179e+02
1.76767677e-06 -3.28282828e-06 4.99994395e+07 4.16453893e+02 2.39397227e+02
2.27272727e-06 -3.28282828e-06 4.99995010e+07 3.16900217e+02 2.11771038e+02
2.77777778e-06 -3.28282828e-06 4.99995591e+07 2.34085593e+02 1.78991526e+02
3.28282828e-06 -3.28282828e-06 4.99996120e+07 1.66206670e+02 1.45196172e+02
3.78787879e-06 -3.28282828e-06 4.99996589e+07 1.11028255e+02 1.12787427e+02
4.29292929e-06 -3.28282828e-06 4.99996999e+07 6.63545292e+01 8.30138779e+01
4.79797980e-06 -3.28282828e-06 4.99997353e+07 3.02287879e+01 5.63982117e+01
5.30303030e-06 -3.28282828e-06 4.99997657e+07 9.91886415e-01 3.30297622e+01
5.80808081e-06 -3.28282828e-06 4.99997917e+07 -2.27259768e+01 1.27553391e+01
6.31313131e-06 -3.28282828e-06 4.99998138e+07 -4.20403965e+01 -4.70037439e+00
6.81818182e-06 -3.28282828e-06 4.99998327e+07 -5.78550180e+01 -1.96608365e+01
7.32323232e-06 -3.28282828e-06 4.99998488e+07 -7.09018271e+01 -3.24531312e+01
7.82828283e-06 -3.28282828e-06 4.99998627e+07 -8.17758072e+01 -4.33814763e+01
8.33333333e-06 -3.28282828e-06 4.99998748e+07 -9.09628224e+01 -5.27111876e+01
8.83838384e-06 -3.28282828e-06 4.99998855e+07 -9.88605626e+01 -6.06581366e+01
9.34343434e-06 -3.28282828e-06 4.99998953e+07 -1.05792538e+02 -6.73804675e+01
9.84848485e-06 -3.28282828e-06 4.99999046e+07 -1.12014799e+02 -7.29705486e+01
1.03535354e-05 -3.28282828e-06 4.99999139e+07 -1.17714488e+02 -7.74461554e+01
1.08585859e-05 -3.28282828e-06 4.99999237e+07 -1.22998683e+02 -8.07410373e+01
1.13636364e-05 -3.28282828e-06 4.99999345e+07 -1.27871472e+02 -8.26967054e+01
1.18686869e-05 -3.28282828e-06 4.99999470e+07 -1.32197436e+02 -8.30599021e+01
1.23737374e-05 -3.28282828e-06 4.99999618e+07 -1.35651615e+02 -8.14940965e+01
1.28787879e-05 -3.28282828e-06 4.99999796e+07 -1.37661437e+02 -7.76182755e+01
1.33838384e-05 -3.28282828e-06 5.00000008e+07 -1.37357058e+02 -7.10905878e+01
1.38888889e-05 -3.28282828e-06 5.00000256e+07 -1.33564496e+02 -6.17536088e+01
1.43939394e-05 -3.28282828e-06 5.00000537e+07 -1.24897762e+02 -4.98441634e+01
1.48989899e-05 -3.28282828e-06 5.00000838e+07 -1.10019155e+02 -3.62350696e+01
1.54040404e-05 -3.28282828e-06 5.00001141e+07 -8.81157935e+01 -2.26192546e+01
1.59090909e-05 -3.28282828e-06 5.00001417e+07 -5.95597227e+01 -1.14929850e+01
1.64141414e-05 -3.28282828e-06 5.00001638e+07 -2.65843270e+01 -5.79421938e+00
1.69191919e-05 -3.28282828e-06 5.00001775e+07 6.31540329e+00 -8.14047532e+00
1.74242424e-05 -3.28282828e-06 5.00001817e+07 3.25911019e+01 -1.97564318e+01
1.79292929e-05 -3.28282828e-06 5.00001774e+07 4.47500147e+01 -3.93271278e+01
1.84343434e-05 -3.28282828e-06 5.00001679e+07 3.65549125e+01 -6.22264953e+01
1.89393939e-05 -3.28282828e-06 5.00001587e+07 6.06458558e+00 -8.09442958e+01
1.94444444e-05 -3.28282828e-06 5.00001545e+07 -4.18983742e+01 -8.75531430e+01
1.99494949e-05 -3.28282828e-06 5.00001568e+07 -9.62754805e+01 -7.76540627e+01
2.04545455e-05 -3.28282828e-06 5.00001625e+07 -1.44249501e+02 -5.30434152e+01
2.09595960e-05 -3.28282828e-06 5.00001670e+07 -1.76890472e+02 -2.05900301e+01
2.14646465e-05 -3.28282828e-06 5.00001663e+07 -1.91833832e+02 1.17107914e+01
2.19696970e-05 -3.28282828e-06 5.00001594e+07 -1.91951422e+02 3.81893399e+01
2.24747475e-05 -3.28282828e-06 5.00001476e+07 -1.82280788e+02 5.65518024e+01
2.29797980e-05 -3.28282828e-06 5.00001329e+07 -1.67595242e+02 6.70783365e+01
2.34848485e-05 -3.28282828e-06 5.00001173e+07 -1.51351864e+02 7.13216176e+01
2.39898990e-05 -3.28282828e-06 5.00001022e+07 -1.35623535e+02 7.11214252e+01
2.44949495e-05 -3.28282828e-06 5.00000886e+07 -1.21435724e+02 6.80964333e+01
2.50000000e-05 -3.28282828e-06 5.00000767e+07 -1.09150905e+02 6.34787815e+01
-2.50000000e-05 -2.77777778e-06 5.00000183e+07 -1.47485354e+02 1.36158524e+02
-2.44949495e-05 -2.77777778e-06 5.00000362e+07 -1.31329118e+02 1.46874604e+02
-2.39898990e-05 -2.77777778e-06 5.00000559e+07 -1.12439439e+02 1.56932137e+02
-2.34848485e-05 -2.77777778e-06 5.00000776e+07 -9.06451040e+01 1.65994037e+02
-2.29797980e-05 -2.77777778e-06 5.00001011e+07 -6.57856226e+01 1.73671512e+02
-2.24747475e-05 -2.77777778e-06 5.00001263e+07 -3.77096430e+01 1.79523541e+02
-2.19696970e-05 -2.77777778e-06 5.00001529e+07 -6.26945889e+00 1.83059852e+02
-2.14646465e-05 -2.77777778e-06 5.00001805e+07 2.86898378e+01 1.83750719e+02
-2.09595960e-05 -2.77777778e-06 5.00002086e+07 6.73473084e+01 1.81050081e+02
-2.04545455e-05 -2.77777778e-06 5.00002363e+07 1.09926932e+02 1.74444522e+02
-1.99494949e-05 -2.77777778e-06 5.00002622e+07 1.56710749e+02 1.63550973e+02
-1.94444444e-05 -2.77777778e-06 5.00002845e+07 2.08009206e+02 1.48300714e+02
-1.89393939e-05 -2.77777778e-06 5.00003005e+07 2.63999420e+02 1.29256907e+02
-1.84343434e-05 -2.77777778e-06 5.00003065e+07 3.24241959e+02 1.08073983e+02
-1.79292929e-05 -2.77777778e-06 5.00002986e+07 3.86588319e+02 8.78902993e+01
-1.74242424e-05 -2.77777778e-06 5.00002743e+07 4.45439789e+02 7.28382154e+01
-1.69191919e-05 -2.77777778e-06 5.00002353e+07 4.90889481e+02 6.51269295e+01
-1.64141414e-05 -2.77777778e-06 5.00001891e+07 5.13379419e+02 5.98833747e+01
-1.59090909e-05 -2.77777778e-06 5.00001417e+07 5.16069306e+02 4.53894701e+01
-1.54040404e-05 -2.77777778e-06 5.00000900e+07 5.19686438e+02 1.68172335e+01
-1.48989899e-05 -2.77777778e-06 5.00000276e+07 5.43087970e+02 -1.34432154e+01
-1.43939394e-05 -2.77777778e-06 4.99999591e+07 5.84127538e+02 -2.87556782e+01
-1.38888889e-05 -2.77777778e-06 4.99998997e+07 6.26870363e+02 -2.46872423e+01
-1.33838384e-05 -2.77777778e-06 4.99998665e+07 6.59056561e+02 -1.08490687e+01
-1.28787879e-05 -2.77777778e-06 4.99998705e+07 6.85151845e+02 -4.93665347e+00
-1.23737374e-05 -2.77777778e-06 4.99999032e+07 7.32505632e+02 -1.69738323e+01
-1.18686869e-05 -2.77777778e-06 4.99999346e+07 8.20074235e+02 -2.14928788e+01
-1.13636364e-05 -2.77777778e-06 4.99999607e+07 8.93293151e+02 1.37013876e+01
-1.08585859e-05 -2.77777778e-06 5.00000018e+07 8.85110053e+02 5.46969198e+01
-1.03535354e-05 -2.77777778e-06 5.00000411e+07 8.12735759e+02 5.93582333e+01
-9.84848485e-06 -2.77777778e-06 5.00000508e+07 7.20157040e+02 3.26666135e+01
-9.34343434e-06 -2.77777778e-06 5.00000235e+07 6.26607816e+02 -4.62791162e+00
-8.83838384e-06 -2.77777778e-06 4.99999647e+07 5.32842584e+02 -3.98179545e+01
-8.33333333e-06 -2.77777778e-06 4.99998833e+07 4.34523741e+02 -6.94496989e+01
-7.82828283e-06 -2.77777778e-06 4.99997874e+07 3.28218280e+02 -9.55126266e+01
-7.32323232e-06 -2.77777778e-06 4.99996852e+07 2.13337449e+02 -1.22786015e+02
-6.81818182e-06 -2.77777778e-06 4.99995849e+07 9.29277542e+01 -1.57376105e+02
-6.31313131e-06 -2.77777778e-06 4.99994955e+07 -2.57321372e+01 -2.05612533e+02
-5.80808081e-06 -2.77777778e-06 4.99994265e+07 -1.30697057e+02 -2.72700455e+02
-5.30303030e-06 -2.77777778e-06 4.99993863e+07 -2.05513571e+02 -3.60755286e+02
-4.79797980e-06 -2.77777778e-06 4.99993801e+07 -2.30823110e+02 -4.66133697e+02
-4.29292929e-06 -2.77777778e-06 4.99994060e+07 -1.88572684e+02 -5.76681872e+02
-3.78787879e-06 -2.77777778e-06 4.99994529e+07 -6.94339002e+01 -6.70850652e+02
-3.28282828e-06 -2.77777778e-06 4.99995008e+07 1.18493167e+02 -7.21671200e+02
-2.77777778e-06 -2.77777778e-06 4.99995284e+07 3.45442062e+02 -7.06880699e+02
-2.27272727e-06 -2.77777778e-06 4.99995234e+07 5.66526444e+02 -6.20877391e+02
-1.76767677e-06 -2.77777778e-06 4.99994890e+07 7.38335643e+02 -4.79632804e+02
-1.26262626e-06 -2.77777778e-06 4.99994411e+07 8.35327848e+02 -3.13690429e+02
-7.57575758e-07 -2.77777778e-06 4.99993979e+07 8.55421905e+02 -1.54453331e+02
-2.52525253e-07 -2.77777778e-06 4.99993726e+07 8.13886044e+02 -2.34626779e+01
2.52525253e-07 -2.77777778e-06 4.99993695e+07 7.32705142e+02 7.05499984e+01
7.57575758e-07 -2.77777778e-06 4.99993866e+07 6.32273791e+02 1.28747134e+02
1.26262626e-06 -2.77777778e-06 4.99994188e+07 5.27619195e+02 1.57517102e+02
1.76767677e-06 -2.77777778e-06 4.99994602e+07 4.28037977e+02 1.64722573e+02
2.27272727e-06 -2.77777778e-06 4.99995058e+07 3.38302744e+02 1.57572245e+02
2.77777778e-06 -2.77777778e-06 4.99995521e+07 2.60170184e+02 1.41785596e+02
3.28282828e-06 -2.77777778e-06 4.99995966e+07 1.93629751e+02 1.21501660e+02
3.78787879e-06 -2.77777778e-06 4.99996379e+07 1.37766210e+02 9.95122468e+01
4.29292929e-06 -2.77777778e-06 4.99996754e+07 9.12908739e+01 7.75805982e+01
4.79797980e-06 -2.77777778e-06 4.99997088e+07 5.28392827e+01 5.67367724e+01
5.30303030e-06 -2.77777778e-06 4.99997383e+07 2.11212995e+01 3.75137171e+01
5.80808081e-06 -2.77777778e-06 4.99997640e+07 -5.01506231e+00 2.01216649e+01
6.31313131e-06 -2.77777778e-06 4.99997864e+07 -2.65668301e+01 4.57091065e+00
6.81818182e-06 -2.77777778e-06 4.99998056e+07 -4.43828154e+01 -9.24442698e+00
7.32323232e-06 -2.77777778e-06 4.99998223e+07 -5.91806008e+01 -2.14903589e+01
7.82828283e-06 -2.77777778e-06 4.99998366e+07 -7.15665588e+01 -3.23557258e+01
8.33333333e-06 -2.77777778e-06 4.99998490e+07 -8.20551334e+01 -4.20269000e+01
8.83838384e-06 -2.77777778e-06 4.99998599e+07 -9.10853874e+01 -5.06694995e+01
9.34343434e-06 -2.77777778e-06 4.99998696e+07 -9.90335434e+01 -5.84133871e+01
9.84848485e-06 -2.77777778e-06 4.99998785e+07 -1.06220262e+02 -6.53381164e+01
1.03535354e-05 -2.77777778e-06 4.99998871e+07 -1.12910868e+02 -7.14566932e+01
1.08585859e-05 -2.77777778e-06 4.99998960e+07 -1.19305751e+02 -7.66963472e+01
1.13636364e-05 -2.77777778e-06 4.99999057e+07 -1.25516816e+02 -8.08764139e+01
1.18686869e-05 -2.77777778e-06 4.99999172e+07 -1.31524618e+02 -8.36861593e+01
1.23737374e-05 -2.77777778e-06 4.99999312e+07 -1.37110615e+02 -8.46704338e+01
1.28787879e-05 -2.77777778e-06 4.99999487e+07 -1.41762462e+02 -8.32394220e+01
1.33838384e-05 -2.77777778e-06 4.99999708e+07 -1.44561730e+02 -7.87301978e+01
1.38888889e-05 -2.77777778e-06 4.99999981e+07 -1.44089096e+02 -7.05579791e+01
1.43939394e-05 -2.77777778e-06 5.00000308e+07 -1.38425218e+02 -5.84911887e+01
1.48989899e-05 -2.77777778e-06 5.00000682e+07 -1.25374403e+02 -4.30439285e+01
1.54040404e-05 -2.77777778e-06 5.00001083e+07 -1.03048947e+02 -2.58828581e+01
1.59090909e-05 -2.77777778e-06 5.00001476e+07 -7.08513607e+01 -1.00168438e+01
1.64141414e-05 -2.77777778e-06 5.00001818e+07 -3.06471464e+01 5.16088678e-01
1.69191919e-05 -2.77777778e-06 5.00002066e+07 1.23416912e+01 1.60508110e+00
1.74242424e-05 -2.77777778e-06 5.00002187e+07 4.94366099e+01 -9.46469723e+00
1.79292929e-05 -2.77777778e-06 5.00002178e+07 6.95801545e+01 -3.22653966e+01
1.84343434e-05 -2.77777778e-06 5.00002074e+07 6.21234521e+01 -6.14764453e+01
1.89393939e-05 -2.77777778e-06 5.00001952e+07 2.19376721e+01 -8.63057754e+01
1.94444444e-05 -2.77777778e-06 5.00001894e+07 -4.47248235e+01 -9.37431129e+01
1.99494949e-05 -2.77777778e-06 5.00001925e+07 -1.19529514e+02 -7.63156272e+01
2.04545455e-05 -2.77777778e-06 5.00001995e+07 -1.80900815e+02 -3.81846775e+01
2.09595960e-05 -2.77777778e-06 5.00002020e+07 -2.15957954e+02 7.67493724e+00
2.14646465e-05 -2.77777778e-06 5.00001953e+07 -2.24570780e+02 4.83402408e+01
2.19696970e-05 -2.77777778e-06 5.00001798e+07 -2.14496295e+02 7.69352506e+01
2.24747475e-05 -2.77777778e-06 5.00001590e+07 -1.94763723e+02 9.26838698e+01
2.29797980e-05 -2.77777778e-06 5.00001366e+07 -1.72109041e+02 9.81141530e+01
2.34848485e-05 -2.77777778e-06 5.00001152e+07 -1.50396440e+02 9.65652463e+01
2.39898990e-05 -2.77777778e-06 5.00000962e+07 -1.31344145e+02 9.09216033e+01
2.44949495e-05 -2.77777778e-06 5.00000802e+07 -1.15408283e+02 8.32581190e+01
2.50000000e-05 -2.77777778e-06 5.00000671e+07 -1.02425427e+02 7.49094695e+01
-2.50000000e-05 -2.27272727e-06 4.99999994e+07 -1.59067172e+02 1.37175895e+02
-2.44949495e-05 -2.27272727e-06 5.00000161e+07 -1.42489564e+02 1.49292554e+02
-2.39898990e-05 -2.27272727e-06 5.00000348e+07 -1.22871903e+02 1.60936732e+02
-2.34848485e-05 -2.27272727e-06 5.00000552e+07 -9.99948420e+01 1.71785712e+02
-2.29797980e-05 -2.27272727e-06 5.00000773e+07 -7.36506002e+01 1.81472508e+02
-2.24747475e-05 -2.27272727e-06 5.00001009e+07 -4.36452620e+01 1.89591329e+02
-2.19696970e-05 -2.27272727e-06 5.00001255e+07 -9.79999185e+00 1.95709551e+02
-2.14646465e-05 -2.27272727e-06 5.00001508e+07 2.80481084e+01 1.99390172e+02
-2.09595960e-05 -2.27272727e-06 5.00001758e+07 7.00425292e+01 2.00231109e+02
-2.04545455e-05 -2.27272727e-06 5.00001998e+07 1.16293249e+02 1.97930753e+02
-1.99494949e-05 -2.27272727e-06 5.00002212e+07 1.66833662e+02 1.92391745e+02
-1.94444444e-05 -2.27272727e-06 5.00002385e+07 2.21511675e+02 1.83871853e+02
-1.89393939e-05 -2.27272727e-06 5.00002495e+07 2.79752216e+02 1.73167840e+02
-1.84343434e-05 -2.27272727e-06 5.00002520e+07 3.40116442e+02 1.61745355e+02
-1.79292929e-05 -2.27272727e-06 5.00002443e+07 3.99667394e+02 1.51571684e+02
-1.74242424e-05 -2.27272727e-06 5.00002266e+07 4.53514611e+02 1.44232736e+02
-1.69191919e-05 -2.27272727e-06 5.00002012e+07 4.95640151e+02 1.39148461e+02
-1.64141414e-05 -2.27272727e-06 5.00001725e+07 5.22325763e+02 1.32115439e+02
-1.59090909e-05 -2.27272727e-06 5.00001428e+07 5.36847582e+02 1.17202867e+02
-1.54040404e-05 -2.27272727e-06 5.00001106e+07 5.49458594e+02 9.25526191e+01
-1.48989899e-05 -2.27272727e-06 5.00000736e+07 5.69577129e+02 6.35291671e+01
-1.43939394e-05 -2.27272727e-06 5.00000340e+07 5.98448761e+02 3.78847625e+01
-1.38888889e-05 -2.27272727e-06 4.99999994e+07 6.30902000e+02 1.85523575e+01
-1.33838384e-05 -2.27272727e-06 4.99999776e+07 6.63225111e+02 1.69998525e+00
-1.28787879e-05 -2.27272727e-06 4.99999705e+07 6.99584381e+02 -1.86016088e+01
-1.23737374e-05 -2.27272727e-06 4.99999701e+07 7.49765024e+02 -4.07927721e+01
-1.18686869e-05 -2.27272727e-06 4.99999649e+07 8.12144514e+02 -5.06643100e+01
-1.13636364e-05 -2.27272727e-06 4.99999559e+07 8.59356911e+02 -3.77432037e+01
-1.08585859e-05 -2.27272727e-06 4.99999521e+07 8.61499253e+02 -1.51128544e+01
-1.03535354e-05 -2.27272727e-06 4.99999507e+07 8.17029716e+02 -4.01110046e+00
-9.84848485e-06 -2.27272727e-06 4.99999395e+07 7.43642267e+02 -1.11893313e+01
-9.34343434e-06 -2.27272727e-06 4.99999100e+07 6.56525003e+02 -3.10650768e+01
-8.83838384e-06 -2.27272727e-06 4.99998609e+07 5.62237381e+02 -5.64591950e+01
-8.33333333e-06 -2.27272727e-06 4.99997962e+07 4.62168802e+02 -8.36089835e+01
-7.82828283e-06 -2.27272727e-06 4.99997217e+07 3.56533629e+02 -1.12433307e+02
-7.32323232e-06 -2.27272727e-06 4.99996440e+07 2.46733186e+02 -1.45381718e+02
-6.81818182e-06 -2.27272727e-06 4.99995705e+07 1.36570525e+02 -1.86193444e+02
-6.31313131e-06 -2.27272727e-06 4.99995085e+07 3.28527212e+01 -2.38695500e+02
-5.80808081e-06 -2.27272727e-06 4.99994649e+07 -5.45039300e+01 -3.05465039e+02
-5.30303030e-06 -2.27272727e-06 4.99994447e+07 -1.13093252e+02 -3.86244145e+02
-4.79797980e-06 -2.27272727e-06 4.99994496e+07 -1.29798650e+02 -4.76257435e+02
-4.29292929e-06 -2.27272727e-06 4.99994761e+07 -9.41061948e+01 -5.65050710e+02
-3.78787879e-06 -2.27272727e-06 4.99995148e+07 -2.68783283e+00 -6.36996738e+02
-3.28282828e-06 -2.27272727e-06 4.99995518e+07 1.36345837e+02 -6.74614357e+02
-2.77777778e-06 -2.27272727e-06 4.99995738e+07 3.02379442e+02 -6.64534185e+02
-2.27272727e-06 -2.27272727e-06 4.99995730e+07 4.66676497e+02 -6.03555131e+02
-1.76767677e-06 -2.27272727e-06 4.99995509e+07 6.01207859e+02 -5.00939772e+02
-1.26262626e-06 -2.27272727e-06 4.99995162e+07 6.87358603e+02 -3.75059363e+02
-7.57575758e-07 -2.27272727e-06 4.99994809e+07 7.19853536e+02 -2.46467398e+02
-2.52525253e-07 -2.27272727e-06 4.99994548e+07 7.04863130e+02 -1.31577248e+02
2.52525253e-07 -2.27272727e-06 4.99994430e+07 6.54860868e+02 -3.97044920e+01
7.57575758e-07 -2.27272727e-06 4.99994466e+07 5.83540267e+02 2.65463664e+01
1.26262626e-06 -2.27272727e-06 4.99994633e+07 5.02601171e+02 6.91571548e+01
1.76767677e-06 -2.27272727e-06 4.99994896e+07 4.20528728e+02 9.23837741e+01
2.27272727e-06 -2.27272727e-06 4.99995221e+07 3.42678549e+02 1.01044616e+02
2.77777778e-06 -2.27272727e-06 4.99995575e+07 2.71936337e+02 9.95461848e+01
3.28282828e-06 -2.27272727e-06 4.99995935e+07 2.09477944e+02 9.14760873e+01
3.78787879e-06 -2.27272727e-06 4.99996285e+07 1.55412162e+02 7.95372570e+01
4.29292929e-06 -2.27272727e-06 4.99996615e+07 1.09248470e+02 6.56470141e+01
4.79797980e-06 -2.27272727e-06 4.99996918e+07 7.02057477e+01 5.10924817e+01
5.30303030e-06 -2.27272727e-06 4.99997192e+07 3.74006683e+01 3.66865744e+01
5.80808081e-06 -2.27272727e-06 4.99997436e+07 9.95384918e+00 2.29013899e+01
6.31313131e-06 -2.27272727e-06 4.99997652e+07 -1.29564321e+01 9.97315138e+00
6.81818182e-06 -2.27272727e-06 4.99997841e+07 -3.20721362e+01 -2.01925864e+00
7.32323232e-06 -2.27272727e-06 4.99998005e+07 -4.80513801e+01 -1.30972982e+01
7.82828283e-06 -2.27272727e-06 4.99998146e+07 -6.14739185e+01 -2.33419743e+01
8.33333333e-06 -2.27272727e-06 4.99998267e+07 -7.28510844e+01 -3.28644191e+01
8.83838384e-06 -2.27272727e-06 4.99998371e+07 -8.26371072e+01 -4.17836838e+01
9.34343434e-06 -2.27272727e-06 4.99998460e+07 -9.12397643e+01 -5.02081793e+01
9.84848485e-06 -2.27272727e-06 4.99998539e+07 -9.90286019e+01 -5.82175431e+01
1.03535354e-05 -2.27272727e-06 4.99998612e+07 -1.06338525e+02 -6.58418600e+01
1.08585859e-05 -2.27272727e-06 4.99998683e+07 -1.13465344e+02 -7.30352591e+01
1.13636364e-05 -2.27272727e-06 4.99998759e+07 -1.20647686e+02 -7.96413582e+01
1.18686869e-05 -2.27272727e-06 4.99998849e+07 -1.28026505e+02 -8.53497054e+01
1.23737374e-05 -2.27272727e-06 4.99998964e+07 -1.35569662e+02 -8.96469679e+01
1.28787879e-05 -2.27272727e-06 4.99999117e+07 -1.42947006e+02 -9.17769325e+01
1.33838384e-05 -2.27272727e-06 4.99999325e+07 -1.49347103e+02 -9.07427319e+01
1.38888889e-05 -2.27272727e-06 4.99999603e+07 -1.53253194e+02 -8.54134014e+01
1.43939394e-05 -2.27272727e-06 4.99999963e+07 -1.52261826e+02 -7.48223317e+01
1.48989899e-05 -2.27272727e-06 5.00000406e+07 -1.43140803e+02 -5.87259168e+01
1.54040404e-05 -2.27272727e-06 5.00000919e+07 -1.22431366e+02 -3.83550827e+01
1.59090909e-05 -2.27272727e-06 5.00001461e+07 -8.78332470e+01 -1.70116627e+01
1.64141414e-05 -2.27272727e-06 5.00001978e+07 -4.01691298e+01 7.55175375e-02
1.69191919e-05 -2.27272727e-06 5.00002403e+07 1.49268253e+01 6.98461241e+00
1.74242424e-05 -2.27272727e-06 5.00002676e+07 6.65217426e+01 -9.73453725e-01
1.79292929e-05 -2.27272727e-06 5.00002763e+07 9.91985969e+01 -2.51970503e+01
1.84343434e-05 -2.27272727e-06 5.00002677e+07 9.54688125e+01 -6.09742123e+01
1.89393939e-05 -2.27272727e-06 5.00002515e+07 4.29095864e+01 -9.38713183e+01
1.94444444e-05 -2.27272727e-06 5.00002423e+07 -5.22116757e+01 -1.01791734e+02
1.99494949e-05 -2.27272727e-06 5.00002462e+07 -1.58087552e+02 -7.05787254e+01
2.04545455e-05 -2.27272727e-06 5.00002531e+07 -2.35851090e+02 -9.85504092e+00
2.09595960e-05 -2.27272727e-06 5.00002488e+07 -2.67623549e+02 5.46948381e+01
2.14646465e-05 -2.27272727e-06 5.00002289e+07 -2.61104258e+02 1.02783271e+02
2.19696970e-05 -2.27272727e-06 5.00001982e+07 -2.33938414e+02 1.28648388e+02
2.24747475e-05 -2.27272727e-06 5.00001643e+07 -2.00625717e+02 1.36211233e+02
2.29797980e-05 -2.27272727e-06 5.00001323e+07 -1.69142037e+02 1.32049252e+02
2.34848485e-05 -2.27272727e-06 5.00001050e+07 -1.42565826e+02 1.21732998e+02
2.39898990e-05 -2.27272727e-06 5.00000829e+07 -1.21364804e+02 1.08965941e+02
2.44949495e-05 -2.27272727e-06 5.00000656e+07 -1.04927573e+02 9.58833827e+01
2.50000000e-05 -2.27272727e-06 5.00000525e+07 -9.23466820e+01 8.35744639e+01
-2.50000000e-05 -1.76767677e-06 4.99999787e+07 -1.72071328e+02 1.38714918e+02
-2.44949495e-05 -1.76767677e-06 4.99999942e+07 -1.55280282e+02 1.52475399e+02
-2.39898990e-05 -1.76767677e-06 5.00000116e+07 -1.35158200e+02 1.66006535e+02
-2.34848485e-05 -1.76767677e-06 5.00000308e+07 -1.11442433e+02 1.79005831e+02
-2.29797980e-05 -1.76767677e-06 5.00000516e+07 -8.38867593e+01 1.91131992e+02
-2.24747475e-05 -1.76767677e-06 5.00000737e+07 -5.22694463e+01 2.02014066e+02
-2.19696970e-05 -1.76767677e-06 5.00000968e+07 -1.64032260e+01 2.11268095e+02
-2.14646465e-05 -1.76767677e-06 5.00001202e+07 2.38506749e+01 2.18524444e+02
-2.09595960e-05 -1.76767677e-06 5.00001432e+07 6.85599006e+01 2.23469687e+02
-2.04545455e-05 -1.76767677e-06 5.00001648e+07 1.17680909e+02 2.25906616e+02
-1.99494949e-05 -1.76767677e-06 5.00001840e+07 1.70986305e+02 2.25832526e+02
-1.94444444e-05 -1.76767677e-06 5.00001992e+07 2.27937562e+02 2.23524667e+02
-1.89393939e-05 -1.76767677e-06 5.00002091e+07 2.87482045e+02 2.19595058e+02
-1.84343434e-05 -1.76767677e-06 5.00002125e+07 3.47784553e+02 2.14929165e+02
-1.79292929e-05 -1.76767677e-06 5.00002089e+07 4.06007196e+02 2.10372561e+02
-1.74242424e-05 -1.76767677e-06 5.00001989e+07 4.58452216e+02 2.06067500e+02
-1.69191919e-05 -1.76767677e-06 5.00001846e+07 5.01542556e+02 2.00646233e+02
-1.64141414e-05 -1.76767677e-06 5.00001682e+07 5.33755474e+02 1.91078273e+02
-1.59090909e-05 -1.76767677e-06 5.00001507e+07 5.57353461e+02 1.74111052e+02
-1.54040404e-05 -1.76767677e-06 5.00001313e+07 5.77763329e+02 1.48784124e+02
-1.48989899e-05 -1.76767677e-06 5.00001091e+07 6.00227262e+02 1.17495122e+02
-1.43939394e-05 -1.76767677e-06 5.00000848e+07 6.26804239e+02 8.40570695e+01
-1.38888889e-05 -1.76767677e-06 5.00000613e+07 6.56783532e+02 5.07328142e+01
-1.33838384e-05 -1.76767677e-06 5.00000412e+07 6.89717082e+02 1.74498158e+01
-1.28787879e-05 -1.76767677e-06 5.00000239e+07 7.27438575e+02 -1.57331420e+01
-1.23737374e-05 -1.76767677e-06 5.00000049e+07 7.71512307e+02 -4.49262187e+01
-1.18686869e-05 -1.76767677e-06 4.99999805e+07 8.16420375e+02 -6.26213198e+01
-1.13636364e-05 -1.76767677e-06 4.99999525e+07 8.46983733e+02 -6.50195140e+01
-1.08585859e-05 -1.76767677e-06 4.99999256e+07 8.47836779e+02 -5.82432307e+01
-1.03535354e-05 -1.76767677e-06 4.99999005e+07 8.14868944e+02 -5.33613625e+01
-9.84848485e-06 -1.76767677e-06 4.99998726e+07 7.54640648e+02 -5.72773333e+01
-9.34343434e-06 -1.76767677e-06 4.99998367e+07 6.76350198e+02 -7.05526141e+01
-8.83838384e-06 -1.76767677e-06 4.99997910e+07 5.86739436e+02 -9.07976525e+01
-8.33333333e-06 -1.76767677e-06 4.99997368e+07 4.89727349e+02 -1.15970199e+02
-7.82828283e-06 -1.76767677e-06 4.99996776e+07 3.87985785e+02 -1.45668980e+02
-7.32323232e-06 -1.76767677e-06 4.99996186e+07 2.84513627e+02 -1.81037360e+02
-6.81818182e-06 -1.76767677e-06 4.99995652e+07 1.83675675e+02 -2.24065937e+02
-6.31313131e-06 -1.76767677e-06 4.99995229e+07 9.16971585e+01 -2.76654137e+02
-5.80808081e-06 -1.76767677e-06 4.99994963e+07 1.66136955e+01 -3.39534721e+02
-5.30303030e-06 -1.76767677e-06 4.99994882e+07 -3.24349232e+01 -4.11143409e+02
-4.79797980e-06 -1.76767677e-06 4.99994985e+07 -4.67215213e+01 -4.86656646e+02
-4.29292929e-06 -1.76767677e-06 4.99995234e+07 -2.02618059e+01 -5.57643008e+02
-3.78787879e-06 -1.76767677e-06 4.99995554e+07 4.74733779e+01 -6.12912309e+02
-3.28282828e-06 -1.76767677e-06 4.99995851e+07 1.49511832e+02 -6.40919428e+02
-2.77777778e-06 -1.76767677e-06 4.99996035e+07 2.71381017e+02 -6.33299581e+02
-2.27272727e-06 -1.76767677e-06 4.99996057e+07 3.93957372e+02 -5.88102573e+02
-1.76767677e-06 -1.76767677e-06 4.99995920e+07 4.98428360e+02 -5.10954573e+02
-1.26262626e-06 -1.76767677e-06 4.99995677e+07 5.71190998e+02 -4.13349303e+02
-7.57575758e-07 -1.76767677e-06 4.99995404e+07 6.06485325e+02 -3.08967812e+02
-2.52525253e-07 -1.76767677e-06 4.99995171e+07 6.06026202e+02 -2.09934016e+02
2.52525253e-07 -1.76767677e-06 4.99995028e+07 5.76552700e+02 -1.24527145e+02
7.57575758e-07 -1.76767677e-06 4.99994993e+07 5.26862329e+02 -5.67128249e+01
1.26262626e-06 -1.76767677e-06 4.99995064e+07 4.65489690e+02 -6.94192627e+00
1.76767677e-06 -1.76767677e-06 4.99995222e+07 3.99423453e+02 2.65753389e+01
2.27272727e-06 -1.76767677e-06 4.99995444e+07 3.33708276e+02 4.66907144e+01
2.77777778e-06 -1.76767677e-06 4.99995707e+07 2.71586065e+02 5.64789106e+01
3.28282828e-06 -1.76767677e-06 4.99995991e+07 2.14868455e+02 5.87536752e+01
3.78787879e-06 -1.76767677e-06 4.99996279e+07 1.64345494e+02 5.58537050e+01
4.29292929e-06 -1.76767677e-06 4.99996560e+07 1.20137372e+02 4.95973115e+01
4.79797980e-06 -1.76767677e-06 4.99996827e+07 8.19609274e+01 4.13254127e+01
5.30303030e-06 -1.76767677e-06 4.99997074e+07 4.93151513e+01 3.19803093e+01
5.80808081e-06 -1.76767677e-06 4.99997299e+07 2.16018507e+01 2.21906364e+01
6.31313131e-06 -1.76767677e-06 4.99997501e+07 -1.80089771e+00 1.23482642e+01
6.81818182e-06 -1.76767677e-06 4.99997679e+07 -2.14975750e+01 2.67196262e+00
7.32323232e-06 -1.76767677e-06 4.99997834e+07 -3.80551367e+01 -6.74261164e+00
7.82828283e-06 -1.76767677e-06 4.99997968e+07 -5.19962107e+01 -1.58848677e+01
8.33333333e-06 -1.76767677e-06 4.99998081e+07 -6.38003903e+01 -2.48006043e+01
8.83838384e-06 -1.76767677e-06 4.99998176e+07 -7.39102683e+01 -3.35699073e+01
9.34343434e-06 -1.76767677e-06 4.99998253e+07 -8.27399931e+01 -4.22887494e+01
9.84848485e-06 -1.76767677e-06 4.99998317e+07 -9.06846270e+01 -5.10512293e+01
1.03535354e-05 -1.76767677e-06 4.99998369e+07 -9.81283924e+01 -5.99289171e+01
1.08585859e-05 -1.76767677e-06 4.99998414e+07 -1.05448787e+02 -6.89429526e+01
1.13636364e-05 -1.76767677e-06 4.99998457e+07 -1.13011027e+02 -7.80234720e+01
1.18686869e-05 -1.76767677e-06 4.99998508e+07 -1.21142566e+02 -8.69502064e+01
1.23737374e-05 -1.76767677e-06 4.99998578e+07 -1.30069598e+02 -9.52694264e+01
1.28787879e-05 -1.76767677e-06 4.99998684e+07 -1.39786604e+02 -1.02189975e+02
1.33838384e-05 -1.76767677e-06 4.99998848e+07 -1.49820350e+02 -1.06483198e+02
1.38888889e-05 -1.76767677e-06 4.99999095e+07 -1.58857974e+02 -1.06460111e+02
1.43939394e-05 -1.76767677e-06 4.99999454e+07 -1.64276125e+02 -1.00178665e+02
1.48989899e-05 -1.76767677e-06 4.99999945e+07 -1.61800363e+02 -8.61016381e+01
1.54040404e-05 -1.76767677e-06 5.00000567e+07 -1.45854433e+02 -6.43225238e+01
1.59090909e-05 -1.76767677e-06 5.00001287e+07 -1.11355102e+02 -3.79542235e+01
1.64141414e-05 -1.76767677e-06 5.00002037e+07 -5.70493017e+01 -1.34495295e+01
1.69191919e-05 -1.76767677e-06 5.00002733e+07 1.13092474e+01 1.29607589e+00
1.74242424e-05 -1.76767677e-06 5.00003287e+07 8.04447273e+01 -2.35808800e-02
1.79292929e-05 -1.76767677e-06 5.00003610e+07 1.30991576e+02 -2.07557833e+01
1.84343434e-05 -1.76767677e-06 5.00003637e+07 1.37234147e+02 -5.98506788e+01
1.89393939e-05 -1.76767677e-06 5.00003435e+07 7.11966514e+01 -1.02395386e+02
1.94444444e-05 -1.76767677e-06 5.00003268e+07 -6.87077802e+01 -1.10453332e+02
1.99494949e-05 -1.76767677e-06 5.00003299e+07 -2.24456609e+02 -5.29858248e+01
2.04545455e-05 -1.76767677e-06 5.00003321e+07 -3.19059255e+02 4.64784032e+01
2.09595960e-05 -1.76767677e-06 5.00003086e+07 -3.32094019e+02 1.34122137e+02
2.14646465e-05 -1.76767677e-06 5.00002614e+07 -2.94755958e+02 1.81974028e+02
2.19696970e-05 -1.76767677e-06 5.00002063e+07 -2.42249150e+02 1.93858739e+02
2.24747475e-05 -1.76767677e-06 5.00001555e+07 -1.93567299e+02 1.84158683e+02
2.29797980e-05 -1.76767677e-06 5.00001142e+07 -1.54748274e+02 1.64862742e+02
2.34848485e-05 -1.76767677e-06 5.00000827e+07 -1.25803302e+02 1.43065425e+02
2.39898990e-05 -1.76767677e-06 5.00000597e+07 -1.04856995e+02 1.22222636e+02
2.44949495e-05 -1.76767677e-06 5.00000434e+07 -8.98644383e+01 1.03708550e+02
2.50000000e-05 -1.76767677e-06 5.00000320e+07 -7.91380707e+01 8.78579285e+01
-2.50000000e-05 -1.26262626e-06 4.99999563e+07 -1.86697398e+02 1.40578396e+02
-2.44949495e-05 -1.26262626e-06 4.99999706e+07 -1.69950420e+02 1.56185793e+02
-2.39898990e-05 -1.26262626e-06 4.99999867e+07 -1.49601275e+02 1.71853592e+02
-2.34848485e-05 -1.26262626e-06 5.00000047e+07 -1.25346539e+02 1.87300330e+02
-2.29797980e-05 -1.26262626e-06 5.00000243e+07 -9.69060661e+01 2.02206951e+02
-2.24747475e-05 -1.26262626e-06 5.00000452e+07 -6.40372442e+01 2.16226732e+02
-2.19696970e-05 -1.26262626e-06 5.00000671e+07 -2.65534947e+01 2.29002163e+02
-2.14646465e-05 -1.26262626e-06 5.00000894e+07 1.56506081e+01 2.40190507e+02
-2.09595960e-05 -1.26262626e-06 5.00001113e+07 6.25635371e+01 2.49499142e+02
-2.04545455e-05 -1.26262626e-06 5.00001321e+07 1.14004167e+02 2.56729487e+02
-1.99494949e-05 -1.26262626e-06 5.00001507e+07 1.69544521e+02 2.61822862e+02
-1.94444444e-05 -1.26262626e-06 5.00001662e+07 2.28402205e+02 2.64890959e+02
-1.89393939e-05 -1.26262626e-06 5.00001775e+07 2.89309525e+02 2.66196791e+02
-1.84343434e-05 -1.26262626e-06 5.00001840e+07 3.50401016e+02 2.66035146e+02
-1.79292929e-05 -1.26262626e-06 5.00001857e+07 4.09225029e+02 2.64468079e+02
-1.74242424e-05 -1.26262626e-06 5.00001832e+07 4.63051652e+02 2.60947312e+02
-1.69191919e-05 -1.26262626e-06 5.00001776e+07 5.09613329e+02 2.54032315e+02
-1.64141414e-05 -1.26262626e-06 5.00001701e+07 5.48122207e+02 2.41584308e+02
-1.59090909e-05 -1.26262626e-06 5.00001611e+07 5.79918786e+02 2.21662256e+02
-1.54040404e-05 -1.26262626e-06 5.00001499e+07 6.07994178e+02 1.93685766e+02
-1.48989899e-05 -1.26262626e-06 5.00001359e+07 6.35471006e+02 1.58873135e+02
-1.43939394e-05 -1.26262626e-06 5.00001189e+07 6.64258308e+02 1.19482064e+02
-1.38888889e-05 -1.26262626e-06 5.00000994e+07 6.94990391e+02 7.76482393e+01
-1.33838384e-05 -1.26262626e-06 5.00000779e+07 7.27920504e+02 3.50988386e+01
-1.28787879e-05 -1.26262626e-06 5.00000533e+07 7.63232613e+02 -5.90109046e+00
-1.23737374e-05 -1.26262626e-06 5.00000238e+07 7.99549486e+02 -4.15642328e+01
-1.18686869e-05 -1.26262626e-06 4.99999886e+07 8.31563855e+02 -6.75683275e+01
-1.13636364e-05 -1.26262626e-06 4.99999497e+07 8.50107135e+02 -8.22765906e+01
-1.08585859e-05 -1.26262626e-06 4.99999102e+07 8.46413119e+02 -8.88985635e+01
-1.03535354e-05 -1.26262626e-06 4.99998715e+07 8.16922864e+02 -9.35887647e+01
-9.84848485e-06 -1.26262626e-06 4.99998326e+07 7.63961995e+02 -1.01555941e+02
-9.34343434e-06 -1.26262626e-06 4.99997912e+07 6.92851345e+02 -1.15136589e+02
-8.83838384e-06 -1.26262626e-06 4.99997463e+07 6.09032924e+02 -1.34497389e+02
-8.33333333e-06 -1.26262626e-06 4.99996983e+07 5.16991966e+02 -1.59178874e+02
-7.82828283e-06 -1.26262626e-06 4.99996498e+07 4.20547803e+02 -1.89118694e+02
-7.32323232e-06 -1.26262626e-06 4.99996039e+07 3.23593830e+02 -2.24896761e+02
-6.81818182e-06 -1.26262626e-06 4.99995648e+07 2.30728095e+02 -2.67429612e+02
-6.31313131e-06 -1.26262626e-06 4.99995360e+07 1.47550061e+02 -3.17360179e+02
-5.80808081e-06 -1.26262626e-06 4.99995204e+07 8.05279092e+01 -3.74312311e+02
-5.30303030e-06 -1.26262626e-06 4.99995194e+07 3.63690973e+01 -4.36164107e+02
-4.79797980e-06 -1.26262626e-06 4.99995319e+07 2.08730771e+01 -4.98551309e+02
-4.29292929e-06 -1.26262626e-06 4.99995545e+07 3.73872186e+01 -5.54885751e+02
-3.78787879e-06 -1.26262626e-06 4.99995815e+07 8.52384321e+01 -5.97161067e+02
-3.28282828e-06 -1.26262626e-06 4.99996062e+07 1.58771244e+02 -6.17604254e+02
-2.77777778e-06 -1.26262626e-06 4.99996224e+07 2.47658690e+02 -6.10804712e+02
-2.27272727e-06 -1.26262626e-06 4.99996269e+07 3.38756067e+02 -5.75523177e+02
-1.76767677e-06 -1.26262626e-06 4.99996194e+07 4.19023305e+02 -5.15320743e+02
-1.26262626e-06 -1.26262626e-06 4.99996031e+07 4.78417198e+02 -4.37644313e+02
-7.57575758e-07 -1.26262626e-06 4.99995829e+07 5.11647775e+02 -3.51783301e+02
-2.52525253e-07 -1.26262626e-06 4.99995640e+07 5.18327742e+02 -2.66616482e+02
2.52525253e-07 -1.26262626e-06 4.99995503e+07 5.01831442e+02 -1.88984589e+02
7.57575758e-07 -1.26262626e-06 4.99995439e+07 4.67604865e+02 -1.23034470e+02
1.26262626e-06 -1.26262626e-06 4.99995456e+07 4.21608014e+02 -7.03928831e+01
1.76767677e-06 -1.26262626e-06 4.99995545e+07 3.69248388e+02 -3.07974063e+01
2.27272727e-06 -1.26262626e-06 4.99995693e+07 3.14851135e+02 -2.83248889e+00
2.77777778e-06 -1.26262626e-06 4.99995885e+07 2.61537542e+02 1.54442600e+01
3.28282828e-06 -1.26262626e-06 4.99996104e+07 2.11342376e+02 2.60641264e+01
3.78787879e-06 -1.26262626e-06 4.99996337e+07 1.65431925e+02 3.08901797e+01
4.29292929e-06 -1.26262626e-06 4.99996572e+07 1.24335805e+02 3.14973057e+01
4.79797980e-06 -1.26262626e-06 4.99996802e+07 8.81493703e+01 2.91409643e+01
5.30303030e-06 -1.26262626e-06 4.99997019e+07 5.66920636e+01 2.47754341e+01
5.80808081e-06 -1.26262626e-06 4.99997221e+07 2.96223370e+01 1.90946314e+01
6.31313131e-06 -1.26262626e-06 4.99997405e+07 6.51612363e+00 1.25792080e+01
6.81818182e-06 -1.26262626e-06 4.99997569e+07 -1.30826838e+01 5.54122693e+00
7.32323232e-06 -1.26262626e-06 4.99997712e+07 -2.96321120e+01 -1.83744304e+00
7.82828283e-06 -1.26262626e-06 4.99997834e+07 -4.35763024e+01 -9.47406683e+00
8.33333333e-06 -1.26262626e-06 4.99997936e+07 -5.53396336e+01 -1.73608430e+01
8.83838384e-06 -1.26262626e-06 4.99998018e+07 -6.53277891e+01 -2.55462919e+01
9.34343434e-06 -1.26262626e-06 4.99998081e+07 -7.39338583e+01 -3.41204545e+01
9.84848485e-06 -1.26262626e-06 4.99998125e+07 -8.15482538e+01 -4.32015883e+01
1.03535354e-05 -1.26262626e-06 4.99998152e+07 -8.85714548e+01 -5.29211845e+01
1.08585859e-05 -1.26262626e-06 4.99998165e+07 -9.54280776e+01 -6.34026156e+01
1.13636364e-05 -1.26262626e-06 4.99998167e+07 -1.02578881e+02 -7.47261807e+01
1.18686869e-05 -1.26262626e-06 4.99998165e+07 -1.10522685e+02 -8.68695005e+01
1.23737374e-05 -1.26262626e-06 4.99998169e+07 -1.19770283e+02 -9.96075861e+01
1.28787879e-05 -1.26262626e-06 4.99998197e+07 -1.30753252e+02 -1.12354543e+02
1.33838384e-05 -1.26262626e-06 4.99998275e+07 -1.43598530e+02 -1.23939092e+02
1.38888889e-05 -1.26262626e-06 4.99998438e+07 -1.57661106e+02 -1.32354949e+02
1.43939394e-05 -1.26262626e-06 4.99998734e+07 -1.70710116e+02 -1.34662228e+02
1.48989899e-05 -1.26262626e-06 4.99999215e+07 -1.77861236e+02 -1.27468442e+02
1.54040404e-05 -1.26262626e-06 4.99999911e+07 -1.71012585e+02 -1.08611204e+02
1.59090909e-05 -1.26262626e-06 5.00000811e+07 -1.40627416e+02 -8.00597087e+01
1.64141414e-05 -1.26262626e-06 5.00001843e+07 -8.15426311e+01 -4.97646463e+01
1.69191919e-05 -1.26262626e-06 5.00002912e+07 -8.71627059e-03 -2.83287331e+01
1.74242424e-05 -1.26262626e-06 5.00003934e+07 8.63306356e+01 -2.15538060e+01
1.79292929e-05 -1.26262626e-06 5.00004788e+07 1.56247930e+02 -2.97898451e+01
1.84343434e-05 -1.26262626e-06 5.00005227e+07 1.82285546e+02 -5.78870123e+01
1.89393939e-05 -1.26262626e-06 5.00005066e+07 1.10312292e+02 -1.06158114e+02
1.94444444e-05 -1.26262626e-06 5.00004715e+07 -1.02214283e+02 -1.15285940e+02
1.99494949e-05 -1.26262626e-06 5.00004682e+07 -3.44883653e+02 -3.84893220e+00
2.04545455e-05 -1.26262626e-06 5.00004482e+07 -4.43035377e+02 1.62915215e+02
2.09595960e-05 -1.26262626e-06 5.00003733e+07 -3.99142495e+02 2.66547270e+02
2.14646465e-05 -1.26262626e-06 5.00002749e+07 -3.08150977e+02 2.89040078e+02
2.19696970e-05 -1.26262626e-06 5.00001868e+07 -2.25934327e+02 2.66083043e+02
2.24747475e-05 -1.26262626e-06 5.00001205e+07 -1.66004595e+02 2.27805795e+02
2.29797980e-05 -1.26262626e-06 5.00000747e+07 -1.25666010e+02 1.88990849e+02
2.34848485e-05 -1.26262626e-06 5.00000444e+07 -9.92883420e+01 1.54980199e+02
2.39898990e-05 -1.26262626e-06 5.00000250e+07 -8.21615403e+01 1.26885768e+02
2.44949495e-05 -1.26262626e-06 5.00000129e+07 -7.10082848e+01 1.04251886e+02
2.50000000e-05 -1.26262626e-06 5.00000057e+07 -6.36862341e+01 8.61875930e+01
-2.50000000e-05 -7.57575758e-07 4.99999326e+07 -2.03104841e+02 1.42526072e+02
-2.44949495e-05 -7.57575758e-07 4.99999455e+07 -1.86700680e+02 1.60136299e+02
-2.39898990e-05 -7.57575758e-07 4.99999604e+07 -1.66443857e+02 1.78134194e+02
-2.34848485e-05 -7.57575758e-07 4.99999772e+07 -1.41988946e+02 1.96257004e+02
-2.29797980e-05 -7.57575758e-07 4.99999957e+07 -1.13020327e+02 2.14200398e+02
-2.24747475e-05 -7.57575758e-07 5.00000157e+07 -7.92720636e+01 2.31626603e+02
-2.19696970e-05 -7.57575758e-07 5.00000369e+07 -4.05533366e+01 2.48178126e+02
-2.14646465e-05 -7.57575758e-07 5.00000587e+07 3.21874346e+00 2.63497588e+02
-2.09595960e-05 -7.57575758e-07 5.00000805e+07 5.19765686e+01 2.77252862e+02
-2.04545455e-05 -7.57575758e-07 5.00001015e+07 1.05447239e+02 2.89164036e+02
-1.99494949e-05 -7.57575758e-07 5.00001210e+07 1.63084690e+02 2.99024008e+02
-1.94444444e-05 -7.57575758e-07 5.00001382e+07 2.23993596e+02 3.06697887e+02
-1.89393939e-05 -7.57575758e-07 5.00001524e+07 2.86863169e+02 3.12079840e+02
-1.84343434e-05 -7.57575758e-07 5.00001631e+07 3.49952055e+02 3.14986766e+02
-1.79292929e-05 -7.57575758e-07 5.00001704e+07 4.11192348e+02 3.14989858e+02
-1.74242424e-05 -7.57575758e-07 5.00001745e+07 4.68485151e+02 3.11240848e+02
-1.69191919e-05 -7.57575758e-07 5.00001759e+07 5.20194372e+02 3.02426215e+02
-1.64141414e-05 -7.57575758e-07 5.00001752e+07 5.65683740e+02 2.87005959e+02
-1.59090909e-05 -7.57575758e-07 5.00001721e+07 6.05575076e+02 2.63757360e+02
-1.54040404e-05 -7.57575758e-07 5.00001661e+07 6.41457129e+02 2.32367252e+02
-1.48989899e-05 -7.57575758e-07 5.00001564e+07 6.75150023e+02 1.93668660e+02
-1.43939394e-05 -7.57575758e-07 5.00001424e+07 7.08018624e+02 1.49370583e+02
-1.38888889e-05 -7.57575758e-07 5.00001236e+07 7.40744819e+02 1.01601128e+02
-1.33838384e-05 -7.57575758e-07 5.00000998e+07 7.73419935e+02 5.27389814e+01
-1.28787879e-05 -7.57575758e-07 5.00000703e+07 8.05390817e+02 5.60348787e+00
-1.23737374e-05 -7.57575758e-07 5.00000345e+07 8.34546693e+02 -3.65407374e+01
-1.18686869e-05 -7.57575758e-07 4.99999930e+07 8.56634151e+02 -7.08255317e+01
-1.13636364e-05 -7.57575758e-07 4.99999475e+07 8.65803761e+02 -9.62654454e+01
-1.08585859e-05 -7.57575758e-07 4.99999007e+07 8.56726686e+02 -1.14577666e+02
-1.03535354e-05 -7.57575758e-07 4.99998543e+07 8.26845962e+02 -1.29344963e+02
-9.84848485e-06 -7.57575758e-07 4.99998087e+07 7.77029589e+02 -1.44220948e+02
-9.34343434e-06 -7.57575758e-07 4.99997635e+07 7.10545332e+02 -1.61681103e+02
-8.83838384e-06 -7.57575758e-07 4.99997186e+07 6.31600531e+02 -1.82920079e+02
-8.33333333e-06 -7.57575758e-07 4.99996745e+07 5.44446220e+02 -2.08416669e+02
-7.82828283e-06 -7.57575758e-07 4.99996329e+07 4.53194088e+02 -2.38494931e+02
-7.32323232e-06 -7.57575758e-07 4.99995960e+07 3.62029025e+02 -2.73553570e+02
-6.81818182e-06 -7.57575758e-07 4.99995664e+07 2.75475327e+02 -3.13946647e+02
-6.31313131e-06 -7.57575758e-07 4.99995464e+07 1.98497437e+02 -3.59625033e+02
-5.80808081e-06 -7.57575758e-07 4.99995378e+07 1.36319066e+02 -4.09673355e+02
-5.30303030e-06 -7.57575758e-07 4.99995407e+07 9.39126386e+01 -4.61887391e+02
-4.79797980e-06 -7.57575758e-07 4.99995539e+07 7.51834618e+01 -5.12557088e+02
-4.29292929e-06 -7.57575758e-07 4.99995743e+07 8.19814922e+01 -5.56627209e+02
-3.78787879e-06 -7.57575758e-07 4.99995975e+07 1.13209426e+02 -5.88352886e+02
-3.28282828e-06 -7.57575758e-07 4.99996188e+07 1.64393734e+02 -6.02413578e+02
-2.77777778e-06 -7.57575758e-07 4.99996338e+07 2.28042365e+02 -5.95221298e+02
-2.27272727e-06 -7.57575758e-07 4.99996401e+07 2.94867355e+02 -5.65974103e+02
-1.76767677e-06 -7.57575758e-07 4.99996374e+07 3.55577428e+02 -5.17016586e+02
-1.26262626e-06 -7.57575758e-07 4.99996274e+07 4.02657743e+02 -4.53330046e+02
-7.57575758e-07 -7.57575758e-07 4.99996135e+07 4.31551744e+02 -3.81354124e+02
-2.52525253e-07 -7.57575758e-07 4.99995992e+07 4.40951704e+02 -3.07603949e+02
2.52525253e-07 -7.57575758e-07 4.99995877e+07 4.32293425e+02 -2.37547881e+02
7.57575758e-07 -7.57575758e-07 4.99995810e+07 4.08807502e+02 -1.75001191e+02
1.26262626e-06 -7.57575758e-07 4.99995801e+07 3.74513482e+02 -1.22037026e+02
1.76767677e-06 -7.57575758e-07 4.99995849e+07 3.33418191e+02 -7.92535764e+01
2.27272727e-06 -7.57575758e-07 4.99995947e+07 2.89014828e+02 -4.61985405e+01
2.77777778e-06 -7.57575758e-07 4.99996087e+07 2.44058550e+02 -2.17969585e+01
3.28282828e-06 -7.57575758e-07 4.99996255e+07 2.00539198e+02 -4.69860627e+00
3.78787879e-06 -7.57575758e-07 4.99996441e+07 1.59766565e+02 6.48054028e+00
4.29292929e-06 -7.57575758e-07 4.99996635e+07 1.22502531e+02 1.30136704e+01
4.79797980e-06 -7.57575758e-07 4.99996829e+07 8.90986079e+01 1.59921439e+01
5.30303030e-06 -7.57575758e-07 4.99997018e+07 5.96174970e+01 1.63035185e+01
5.80808081e-06 -7.57575758e-07 4.99997196e+07 3.39306933e+01 1.46383073e+01
6.31313131e-06 -7.57575758e-07 4.99997359e+07 1.17917111e+01 1.15109664e+01
6.81818182e-06 -7.57575758e-07 4.99997507e+07 -7.11200520e+00 7.28578661e+00
7.32323232e-06 -7.57575758e-07 4.99997636e+07 -2.31243640e+01 2.20226614e+00
7.82828283e-06 -7.57575758e-07 4.99997745e+07 -3.65991841e+01 -3.60282612e+00
8.33333333e-06 -7.57575758e-07 4.99997835e+07 -4.78888444e+01 -1.00778342e+01
8.83838384e-06 -7.57575758e-07 4.99997903e+07 -5.73407487e+01 -1.72431923e+01
9.34343434e-06 -7.57575758e-07 4.99997949e+07 -6.53002274e+01 -2.51825094e+01
9.84848485e-06 -7.57575758e-07 4.99997973e+07 -7.21193264e+01 -3.40367202e+01
1.03535354e-05 -7.57575758e-07 4.99997974e+07 -7.81716445e+01 -4.39994553e+01
1.08585859e-05 -7.57575758e-07 4.99997951e+07 -8.38738398e+01 -5.53102754e+01
1.13636364e-05 -7.57575758e-07 4.99997907e+07 -8.97141974e+01 -6.82394368e+01
1.18686869e-05 -7.57575758e-07 4.99997842e+07 -9.62865109e+01 -8.30521463e+01
1.23737374e-05 -7.57575758e-07 4.99997764e+07 -1.04320404e+02 -9.99299384e+01
1.28787879e-05 -7.57575758e-07 4.99997685e+07 -1.14679886e+02 -1.18810161e+02
1.33838384e-05 -7.57575758e-07 4.99997627e+07 -1.28255462e+02 -1.39084424e+02
1.38888889e-05 -7.57575758e-07 4.99997633e+07 -1.45577664e+02 -1.59096658e+02
1.43939394e-05 -7.57575758e-07 4.99997768e+07 -1.65824003e+02 -1.75488209e+02
1.48989899e-05 -7.57575758e-07 4.99998123e+07 -1.84821504e+02 -1.82865950e+02
1.54040404e-05 -7.57575758e-07 4.99998793e+07 -1.92343631e+02 -1.75234930e+02
1.59090909e-05 -7.57575758e-07 4.99999819e+07 -1.71852663e+02 -1.51212138e+02
1.64141414e-05 -7.57575758e-07 5.00001136e+07 -1.09688025e+02 -1.20962097e+02
1.69191919e-05 -7.57575758e-07 5.00002631e+07 -1.36424037e+01 -1.02308329e+02
1.74242424e-05 -7.57575758e-07 5.00004297e+07 8.38972949e+01 -9.87363143e+01
1.79292929e-05 -7.57575758e-07 5.00006173e+07 1.56771397e+02 -8.96597779e+01
1.84343434e-05 -7.57575758e-07 5.00007878e+07 2.02392103e+02 -6.76477908e+01
1.89393939e-05 -7.57575758e-07 5.00008314e+07 1.61671557e+02 -8.47557084e+01
1.94444444e-05 -7.57575758e-07 5.00007473e+07 -1.66691351e+02 -1.02385854e+02
1.99494949e-05 -7.57575758e-07 5.00007154e+07 -5.81979161e+02 1.37847600e+02
2.04545455e-05 -7.57575758e-07 5.00006029e+07 -6.06015900e+02 4.10089710e+02
2.09595960e-05 -7.57575758e-07 5.00003998e+07 -4.25727311e+02 4.68330579e+02
2.14646465e-05 -7.57575758e-07 5.00002258e+07 -2.67473683e+02 4.07310469e+02
2.19696970e-05 -7.57575758e-07 5.00001121e+07 -1.69020388e+02 3.23495726e+02
2.24747475e-05 -7.57575758e-07 5.00000453e+07 -1.13132287e+02 2.50368535e+02
2.29797980e-05 -7.57575758e-07 5.00000080e+07 -8.21110602e+01 1.93581011e+02
2.34848485e-05 -7.57575758e-07 4.99999882e+07 -6.49580341e+01 1.50990961e+02
2.39898990e-05 -7.57575758e-07 4.99999786e+07 -5.55053810e+01 1.19245538e+02
2.44949495e-05 -7.57575758e-07 4.99999750e+07 -5.03563224e+01 9.54628505e+01
2.50000000e-05 -7.57575758e-07 4.99999747e+07 -4.76260272e+01 7.74749980e+01
-2.50000000e-05 -2.52525253e-07 4.99999076e+07 -2.21407472e+02 1.44288149e+02
-2.44949495e-05 -2.52525253e-07 4.99999191e+07 -2.05679210e+02 1.64006908e+02
-2.39898990e-05 -2.52525253e-07 4.99999326e+07 -1.85867428e+02 1.84471854e+02
-2.34848485e-05 -2.52525253e-07 4.99999483e+07 -1.61579253e+02 2.05435700e+02
-2.29797980e-05 -2.52525253e-07 4.99999659e+07 -1.32455835e+02 2.26600602e+02
-2.24747475e-05 -2.52525253e-07 4.99999853e+07 -9.81967620e+01 2.47622607e+02
-2.19696970e-05 -2.52525253e-07 5.00000062e+07 -5.85905686e+01 2.68120251e+02
-2.14646465e-05 -2.52525253e-07 5.00000281e+07 -1.35522325e+01 2.87687175e+02
-2.09595960e-05 -2.52525253e-07 5.00000504e+07 3.68318312e+01 3.05907266e+02
-2.04545455e-05 -2.52525253e-07 5.00000727e+07 9.22519539e+01 3.22368692e+02
-1.99494949e-05 -2.52525253e-07 5.00000941e+07 1.52120173e+02 3.36670228e+02
-1.94444444e-05 -2.52525253e-07 5.00001140e+07 2.15521342e+02 3.48410421e+02
-1.89393939e-05 -2.52525253e-07 5.00001318e+07 2.81189172e+02 3.57149732e+02
-1.84343434e-05 -2.52525253e-07 5.00001472e+07 3.47537315e+02 3.62342427e+02
-1.79292929e-05 -2.52525253e-07 5.00001599e+07 4.12781548e+02 3.63253704e+02
-1.74242424e-05 -2.52525253e-07 5.00001700e+07 4.75174714e+02 3.58907990e+02
-1.69191919e-05 -2.52525253e-07 5.00001773e+07 5.33325912e+02 3.48139884e+02
-1.64141414e-05 -2.52525253e-07 5.00001818e+07 5.86497475e+02 3.29804290e+02
-1.59090909e-05 -2.52525253e-07 5.00001831e+07 6.34722612e+02 3.03119783e+02
-1.54040404e-05 -2.52525253e-07 5.00001804e+07 6.78642040e+02 2.68005517e+02
-1.48989899e-05 -2.52525253e-07 5.00001729e+07 7.19123477e+02 2.25236557e+02
-1.43939394e-05 -2.52525253e-07 5.00001598e+07 7.56868502e+02 1.76359112e+02
-1.38888889e-05 -2.52525253e-07 5.00001404e+07 7.92168094e+02 1.23485176e+02
-1.33838384e-05 -2.52525253e-07 5.00001142e+07 8.24766528e+02 6.91313778e+01
-1.28787879e-05 -2.52525253e-07 5.00000812e+07 8.53661443e+02 1.61034186e+01
-1.23737374e-05 -2.52525253e-07 5.00000413e+07 8.76806536e+02 -3.27798631e+01
-1.18686869e-05 -2.52525253e-07 4.99999957e+07 8.91012299e+02 -7.52957055e+01
-1.13636364e-05 -2.52525253e-07 4.99999461e+07 8.92463064e+02 -1.10565069e+02
-1.08585859e-05 -2.52525253e-07 4.99998949e+07 8.77860454e+02 -1.39398484e+02
-1.03535354e-05 -2.52525253e-07 4.99998439e+07 8.45580145e+02 -1.63887593e+02
-9.84848485e-06 -2.52525253e-07 4.99997943e+07 7.96137326e+02 -1.86510519e+02
-9.34343434e-06 -2.52525253e-07 4.99997467e+07 7.31835274e+02 -2.09364684e+02
-8.83838384e-06 -2.52525253e-07 4.99997017e+07 6.56040056e+02 -2.33885630e+02
-8.33333333e-06 -2.52525253e-07 4.99996599e+07 5.72573786e+02 -2.60963317e+02
-7.82828283e-06 -2.52525253e-07 4.99996227e+07 4.85422502e+02 -2.91169331e+02
-7.32323232e-06 -2.52525253e-07 4.99995916e+07 3.98688175e+02 -3.24877285e+02
-6.81818182e-06 -2.52525253e-07 4.99995682e+07 3.16618304e+02 -3.62204811e+02
-6.31313131e-06 -2.52525253e-07 4.99995538e+07 2.43565378e+02 -4.02810066e+02
-5.80808081e-06 -2.52525253e-07 4.99995493e+07 1.83783642e+02 -4.45626793e+02
-5.30303030e-06 -2.52525253e-07 4.99995542e+07 1.41030220e+02 -4.88644530e+02
-4.79797980e-06 -2.52525253e-07 4.99995672e+07 1.18002629e+02 -5.28848071e+02
-4.29292929e-06 -2.52525253e-07 4.99995857e+07 1.15719484e+02 -5.62415551e+02
-3.78787879e-06 -2.52525253e-07 4.99996063e+07 1.33022454e+02 -5.85220184e+02
-3.28282828e-06 -2.52525253e-07 4.99996254e+07 1.66409067e+02 -5.93580212e+02
-2.77777778e-06 -2.52525253e-07 4.99996399e+07 2.10354718e+02 -5.85080524e+02
-2.27272727e-06 -2.52525253e-07 4.99996479e+07 2.58135093e+02 -5.59208715e+02
-1.76767677e-06 -2.52525253e-07 4.99996489e+07 3.02966552e+02 -5.17572159e+02
-1.26262626e-06 -2.52525253e-07 4.99996441e+07 3.39141862e+02 -4.63604308e+02
-7.57575758e-07 -2.52525253e-07 4.99996356e+07 3.62837555e+02 -4.01862727e+02
-2.52525253e-07 -2.52525253e-07 4.99996258e+07 3.72410270e+02 -3.37163060e+02
2.52525253e-07 -2.52525253e-07 4.99996173e+07 3.68198518e+02 -2.73812816e+02
7.57575758e-07 -2.52525253e-07 4.99996116e+07 3.51997872e+02 -2.15118365e+02
1.26262626e-06 -2.52525253e-07 4.99996100e+07 3.26425700e+02 -1.63207064e+02
1.76767677e-06 -2.52525253e-07 4.99996127e+07 2.94349659e+02 -1.19103388e+02
2.27272727e-06 -2.52525253e-07 4.99996194e+07 2.58472493e+02 -8.29534687e+01
2.77777778e-06 -2.52525253e-07 4.99996297e+07 2.21090736e+02 -5.42984663e+01
3.28282828e-06 -2.52525253e-07 4.99996427e+07 1.83998706e+02 -3.23284983e+01
3.78787879e-06 -2.52525253e-07 4.99996575e+07 1.48492093e+02 -1.60833513e+01
4.29292929e-06 -2.52525253e-07 4.99996735e+07 1.15427581e+02 -4.59211707e+00
4.79797980e-06 -2.52525253e-07 4.99996899e+07 8.53055957e+01 3.04132354e+00
5.30303030e-06 -2.52525253e-07 4.99997060e+07 5.83552130e+01 7.59417648e+00
5.80808081e-06 -2.52525253e-07 4.99997215e+07 3.46100251e+01 9.70876509e+00
6.31313131e-06 -2.52525253e-07 4.99997359e+07 1.39704040e+01 9.89365242e+00
6.81818182e-06 -2.52525253e-07 4.99997490e+07 -3.74846381e+00 8.53364463e+00
7.32323232e-06 -2.52525253e-07 4.99997604e+07 -1.87814638e+01 5.90308608e+00
7.82828283e-06 -2.52525253e-07 4.99997701e+07 -3.13893637e+01 2.17889239e+00
8.33333333e-06 -2.52525253e-07 4.99997778e+07 -4.18435848e+01 -2.54881870e+00
8.83838384e-06 -2.52525253e-07 4.99997832e+07 -5.04183921e+01 -8.26975102e+00
9.34343434e-06 -2.52525253e-07 4.99997864e+07 -5.73895984e+01 -1.50508537e+01
9.84848485e-06 -2.52525253e-07 4.99997869e+07 -6.30396817e+01 -2.30386057e+01
1.03535354e-05 -2.52525253e-07 4.99997845e+07 -6.76702345e+01 -3.24663491e+01
1.08585859e-05 -2.52525253e-07 4.99997790e+07 -7.16239856e+01 -4.36662582e+01
1.13636364e-05 -2.52525253e-07 4.99997701e+07 -7.53203384e+01 -5.70838793e+01
1.18686869e-05 -2.52525253e-07 4.99997572e+07 -7.93102379e+01 -7.32889119e+01
1.23737374e-05 -2.52525253e-07 4.99997404e+07 -8.43567880e+01 -9.29655424e+01
1.28787879e-05 -2.52525253e-07 4.99997198e+07 -9.15419781e+01 -1.16841920e+02
1.33838384e-05 -2.52525253e-07 4.99996965e+07 -1.02369498e+02 -1.45467975e+02
1.38888889e-05 -2.52525253e-07 4.99996734e+07 -1.18727866e+02 -1.78658737e+02
1.43939394e-05 -2.52525253e-07 4.99996573e+07 -1.42273098e+02 -2.14316539e+02
1.48989899e-05 -2.52525253e-07 4.99996606e+07 -1.72105987e+02 -2.46520795e+02
1.54040404e-05 -2.52525253e-07 4.99997026e+07 -1.98939939e+02 -2.64362264e+02
1.59090909e-05 -2.52525253e-07 4.99998010e+07 -1.97102218e+02 -2.57725119e+02
1.64141414e-05 -2.52525253e-07 4.99999535e+07 -1.31707999e+02 -2.37220614e+02
1.69191919e-05 -2.52525253e-07 5.00001373e+07 -7.32588950e+00 -2.42960849e+02
1.74242424e-05 -2.52525253e-07 5.00003615e+07 9.87531231e+01 -2.87142340e+02
1.79292929e-05 -2.52525253e-07 5.00006872e+07 1.23052757e+02 -3.00100178e+02
1.84343434e-05 -2.52525253e-07 5.00011520e+07 1.10716075e+02 -1.89417394e+02
1.89393939e-05 -2.52525253e-07 5.00015726e+07 1.65262393e+02 8.39413528e+00
1.94444444e-05 -2.52525253e-07 5.00013902e+07 -2.73289307e+02 -2.55664504e+01
1.99494949e-05 -2.52525253e-07 5.00012066e+07 -1.09638871e+03 6.25885117e+02
2.04545455e-05 -2.52525253e-07 5.00006765e+07 -6.82992808e+02 8.93358016e+02
2.09595960e-05 -2.52525253e-07 5.00002464e+07 -3.03689301e+02 6.82870442e+02
2.14646465e-05 -2.52525253e-07 5.00000410e+07 -1.35849542e+02 4.69716277e+02
2.19696970e-05 -2.52525253e-07 4.99999552e+07 -6.78516545e+01 3.24317833e+02
2.24747475e-05 -2.52525253e-07 4.99999232e+07 -4.09215779e+01 2.30003612e+02
2.29797980e-05 -2.52525253e-07 4.99999150e+07 -3.11255406e+01 1.68033083e+02
2.34848485e-05 -2.52525253e-07 4.99999173e+07 -2.86352846e+01 1.26227315e+02
2.39898990e-05 -2.52525253e-07 4.99999241e+07 -2.92316795e+01 9.72390949e+01
2.44949495e-05 -2.52525253e-07 4.99999325e+07 -3.10326569e+01 7.66223830e+01
2.50000000e-05 -2.52525253e-07 4.99999412e+07 -3.31815465e+01 6.16249648e+01
-2.50000000e-05 2.52525253e-07 4.99998816e+07 -2.41670762e+02 1.45578043e+02
-2.44949495e-05 2.52525253e-07 4.99998915e+07 -2.26981235e+02 1.67460280e+02
-2.39898990e-05 2.52525253e-07 4.99999037e+07 -2.07995931e+02 1.90475517e+02
-2.34848485e-05 2.52525253e-07 4.99999182e+07 -1.84265222e+02 2.14389779e+02
-2.29797980e-05 2.52525253e-07 4.99999350e+07 -1.55373910e+02 2.38905425e+02
-2.24747475e-05 2.52525253e-07 4.99999540e+07 -1.20969061e+02 2.63660699e+02
-2.19696970e-05 2.52525253e-07 4.99999749e+07 -8.07941138e+01 2.88232324e+02
-2.14646465e-05 2.52525253e-07 4.99999973e+07 -3.47292626e+01 3.12140930e+02
-2.09595960e-05 2.52525253e-07 5.00000208e+07 1.71628497e+01 3.34858112e+02
-2.04545455e-05 2.52525253e-07 5.00000448e+07 7.45888266e+01 3.55812591e+02
-1.99494949e-05 2.52525253e-07 5.00000688e+07 1.36979286e+02 3.74391525e+02
-1.94444444e-05 2.52525253e-07 5.00000921e+07 2.03456799e+02 3.89932517e+02
-1.89393939e-05 2.52525253e-07 5.00001142e+07 2.72832427e+02 4.01703819e+02
-1.84343434e-05 2.52525253e-07 5.00001345e+07 3.43650112e+02 4.08876710e+02
-1.79292929e-05 2.52525253e-07 5.00001525e+07 4.14295538e+02 4.10505839e+02
-1.74242424e-05 2.52525253e-07 5.00001680e+07 4.83170375e+02 4.05546897e+02
-1.69191919e-05 2.52525253e-07 5.00001804e+07 5.48901671e+02 3.92945516e+02
-1.64141414e-05 2.52525253e-07 5.00001894e+07 6.10520569e+02 3.71812758e+02
-1.59090909e-05 2.52525253e-07 5.00001941e+07 6.67531893e+02 3.41657476e+02
-1.54040404e-05 2.52525253e-07 5.00001937e+07 7.19832229e+02 3.02598480e+02
-1.48989899e-05 2.52525253e-07 5.00001873e+07 7.67508317e+02 2.55472676e+02
-1.43939394e-05 2.52525253e-07 5.00001742e+07 8.10603184e+02 2.01807707e+02
-1.38888889e-05 2.52525253e-07 5.00001536e+07 8.48921763e+02 1.43697165e+02
-1.33838384e-05 2.52525253e-07 5.00001253e+07 8.81879184e+02 8.36326362e+01
-1.28787879e-05 2.52525253e-07 5.00000894e+07 9.08360091e+02 2.42906357e+01
-1.23737374e-05 2.52525253e-07 5.00000465e+07 9.26619335e+02 -3.17843646e+01
-1.18686869e-05 2.52525253e-07 4.99999978e+07 9.34360495e+02 -8.26161096e+01
-1.13636364e-05 2.52525253e-07 4.99999453e+07 9.29128643e+02 -1.27219189e+02
-1.08585859e-05 2.52525253e-07 4.99998911e+07 9.08966095e+02 -1.65772414e+02
-1.03535354e-05 2.52525253e-07 4.99998372e+07 8.73047481e+02 -1.99409064e+02
-9.84848485e-06 2.52525253e-07 4.99997850e+07 8.21983628e+02 -2.29739325e+02
-9.34343434e-06 2.52525253e-07 4.99997359e+07 7.57706664e+02 -2.58374090e+02
-8.83838384e-06 2.52525253e-07 4.99996907e+07 6.83098693e+02 -2.86647537e+02
-8.33333333e-06 2.52525253e-07 4.99996504e+07 6.01598129e+02 -3.15551687e+02
-7.82828283e-06 2.52525253e-07 4.99996159e+07 5.16922743e+02 -3.45773544e+02
-7.32323232e-06 2.52525253e-07 4.99995884e+07 4.32918050e+02 -3.77718005e+02
-6.81818182e-06 2.52525253e-07 4.99995688e+07 3.53462870e+02 -4.11457264e+02
-6.31313131e-06 2.52525253e-07 4.99995579e+07 2.82349810e+02 -4.46610341e+02
-5.80808081e-06 2.52525253e-07 4.99995557e+07 2.23081690e+02 -4.82199396e+02
-5.30303030e-06 2.52525253e-07 4.99995616e+07 1.78564701e+02 -5.16551280e+02
-4.79797980e-06 2.52525253e-07 4.99995741e+07 1.50725935e+02 -5.47316095e+02
-4.29292929e-06 2.52525253e-07 4.99995912e+07 1.40130859e+02 -5.71657253e+02
-3.78787879e-06 2.52525253e-07 4.99996100e+07 1.45712927e+02 -5.86625742e+02
-3.28282828e-06 2.52525253e-07 4.99996278e+07 1.64733842e+02 -5.89668676e+02
-2.77777778e-06 2.52525253e-07 4.99996423e+07 1.93051769e+02 -5.79157341e+02
-2.27272727e-06 2.52525253e-07 4.99996518e+07 2.25687478e+02 -5.54784351e+02
-1.76767677e-06 2.52525253e-07 4.99996561e+07 2.57574582e+02 -5.17700676e+02
-1.26262626e-06 2.52525253e-07 4.99996556e+07 2.84308492e+02 -4.70342407e+02
-7.57575758e-07 2.52525253e-07 4.99996517e+07 3.02707958e+02 -4.16001259e+02
-2.52525253e-07 2.52525253e-07 4.99996462e+07 3.11074347e+02 -3.58271965e+02
2.52525253e-07 2.52525253e-07 4.99996408e+07 3.09139333e+02 -3.00529541e+02
7.57575758e-07 2.52525253e-07 4.99996370e+07 2.97780834e+02 -2.45550420e+02
1.26262626e-06 2.52525253e-07 4.99996359e+07 2.78627699e+02 -1.95323342e+02
1.76767677e-06 2.52525253e-07 4.99996378e+07 2.53664632e+02 -1.51033351e+02
2.27272727e-06 2.52525253e-07 4.99996429e+07 2.24910504e+02 -1.13166134e+02
2.77777778e-06 2.52525253e-07 4.99996508e+07 1.94199673e+02 -8.16722512e+01
3.28282828e-06 2.52525253e-07 4.99996611e+07 1.63062975e+02 -5.61420142e+01
3.78787879e-06 2.52525253e-07 4.99996731e+07 1.32687273e+02 -3.59600456e+01
4.29292929e-06 2.52525253e-07 4.99996863e+07 1.03927591e+02 -2.04256010e+01
4.79797980e-06 2.52525253e-07 4.99997000e+07 7.73486009e+01 -8.83672488e+00
5.30303030e-06 2.52525253e-07 4.99997139e+07 5.32781724e+01 -5.42999078e-01
5.80808081e-06 2.52525253e-07 4.99997273e+07 3.18618347e+01 5.02577460e+00
6.31313131e-06 2.52525253e-07 4.99997399e+07 1.31119815e+01 8.34751398e+00
6.81818182e-06 2.52525253e-07 4.99997514e+07 -3.05088764e+00 9.80607416e+00
7.32323232e-06 2.52525253e-07 4.99997615e+07 -1.67654663e+01 9.69484414e+00
7.82828283e-06 2.52525253e-07 4.99997700e+07 -2.82049425e+01 8.22215862e+00
8.33333333e-06 2.52525253e-07 4.99997766e+07 -3.75593295e+01 5.51598231e+00
8.83838384e-06 2.52525253e-07 4.99997810e+07 -4.50238514e+01 1.62597367e+00
9.34343434e-06 2.52525253e-07 4.99997829e+07 -5.07927104e+01 -3.47868906e+00
9.84848485e-06 2.52525253e-07 4.99997821e+07 -5.50581150e+01 -9.91742128e+00
1.03535354e-05 2.52525253e-07 4.99997779e+07 -5.80153569e+01 -1.79144299e+01
1.08585859e-05 2.52525253e-07 4.99997700e+07 -5.98762010e+01 -2.78259296e+01
1.13636364e-05 2.52525253e-07 4.99997574e+07 -6.08954253e+01 -4.01823258e+01
1.18686869e-05 2.52525253e-07 4.99997393e+07 -6.14198957e+01 -5.57499836e+01
1.23737374e-05 2.52525253e-07 4.99997146e+07 -6.19775710e+01 -7.56154911e+01
1.28787879e-05 2.52525253e-07 4.99996817e+07 -6.34368589e+01 -1.01284660e+02
1.33838384e-05 2.52525253e-07 4.99996395e+07 -6.72824077e+01 -1.34749034e+02
1.38888889e-05 2.52525253e-07 4.99995875e+07 -7.60447024e+01 -1.78348341e+02
1.43939394e-05 2.52525253e-07 4.99995281e+07 -9.37467904e+01 -2.33910671e+02
1.48989899e-05 2.52525253e-07 4.99994716e+07 -1.25314466e+02 -2.99887234e+02
1.54040404e-05 2.52525253e-07 4.99994452e+07 -1.70530816e+02 -3.64714645e+02
1.59090909e-05 2.52525253e-07 4.99994961e+07 -2.01934780e+02 -4.01606867e+02
1.64141414e-05 2.52525253e-07 4.99996511e+07 -1.37142012e+02 -4.01880296e+02
1.69191919e-05 2.52525253e-07 4.99998510e+07 6.50695099e+01 -4.57373707e+02
1.74242424e-05 2.52525253e-07 5.00000792e+07 2.13802256e+02 -6.39378476e+02
1.79292929e-05 2.52525253e-07 5.00004711e+07 1.35563910e+02 -8.03737912e+02
1.84343434e-05 2.52525253e-07 5.00011964e+07 -1.08962599e+02 -7.93492693e+02
1.89393939e-05 2.52525253e-07 5.00027237e+07 -3.71983099e+02 -3.75013705e+02
1.94444444e-05 2.52525253e-07 5.00039681e+07 6.59362441e+01 2.34702546e+02
1.99494949e-05 2.52525253e-07 5.00016295e+07 -1.57103010e+03 2.65034362e+03
2.04545455e-05 2.52525253e-07 4.99999312e+07 -1.50448690e+02 1.26964046e+03
2.09595960e-05 2.52525253e-07 4.99996835e+07 4.31254013e+01 6.33334720e+02
2.14646465e-05 2.52525253e-07 4.99996842e+07 5.84680844e+01 3.62270836e+02
2.19696970e-05 2.52525253e-07 4.99997262e+07 4.47129253e+01 2.28133878e+02
2.24747475e-05 2.52525253e-07 4.99997705e+07 2.78106068e+01 1.53857396e+02
2.29797980e-05 2.52525253e-07 4.99998092e+07 1.29125026e+01 1.09312196e+02
2.34848485e-05 2.52525253e-07 4.99998415e+07 7.50254546e-01 8.09807088e+01
2.39898990e-05 2.52525253e-07 4.99998682e+07 -8.94811548e+00 6.21303435e+01
2.44949495e-05 2.52525253e-07 4.99998903e+07 -1.66285977e+01 4.91310745e+01
2.50000000e-05 2.52525253e-07 4.99999087e+07 -2.27037258e+01 3.99009858e+01
-2.50000000e-05 7.57575758e-07 4.99998546e+07 -2.63910750e+02 1.46103585e+02
-2.44949495e-05 7.57575758e-07 4.99998628e+07 -2.50650429e+02 1.70153845e+02
-2.39898990e-05 7.57575758e-07 4.99998735e+07 -2.32901173e+02 1.95752253e+02
-2.34848485e-05 7.57575758e-07 4.99998869e+07 -2.10144242e+02 2.22678642e+02
-2.29797980e-05 7.57575758e-07 4.99999029e+07 -1.81890898e+02 2.50633086e+02
-2.24747475e-05 7.57575758e-07 4.99999215e+07 -1.47712734e+02 2.79229815e+02
-2.19696970e-05 7.57575758e-07 4.99999426e+07 -1.07278531e+02 3.07993461e+02
-2.14646465e-05 7.57575758e-07 4.99999659e+07 -6.03970051e+01 3.36357852e+02
-2.09595960e-05 7.57575758e-07 4.99999909e+07 -7.06360684e+00 3.63666988e+02
-2.04545455e-05 7.57575758e-07 5.00000172e+07 5.24923324e+01 3.89177258e+02
-1.99494949e-05 7.57575758e-07 5.00000443e+07 1.17766331e+02 4.12059558e+02
-1.94444444e-05 7.57575758e-07 5.00000715e+07 1.87952581e+02 4.31400452e+02
-1.89393939e-05 7.57575758e-07 5.00000981e+07 2.61944620e+02 4.46203674e+02
-1.84343434e-05 7.57575758e-07 5.00001234e+07 3.38374770e+02 4.55397605e+02
-1.79292929e-05 7.57575758e-07 5.00001468e+07 4.15699429e+02 4.57860324e+02
-1.74242424e-05 7.57575758e-07 5.00001675e+07 4.92325128e+02 4.52478178e+02
-1.69191919e-05 7.57575758e-07 5.00001848e+07 5.66752247e+02 4.38251136e+02
-1.64141414e-05 7.57575758e-07 5.00001977e+07 6.37697022e+02 4.14443708e+02
-1.59090909e-05 7.57575758e-07 5.00002055e+07 7.04150654e+02 3.80756154e+02
-1.54040404e-05 7.57575758e-07 5.00002070e+07 7.65354647e+02 3.37470218e+02
-1.48989899e-05 7.57575758e-07 5.00002013e+07 8.20705915e+02 2.85523442e+02
-1.43939394e-05 7.57575758e-07 5.00001877e+07 8.69630120e+02 2.26490249e+02
-1.38888889e-05 7.57575758e-07 5.00001658e+07 9.11459328e+02 1.62478001e+02
-1.33838384e-05 7.57575758e-07 5.00001354e+07 9.45329959e+02 9.59567208e+01
-1.28787879e-05 7.57575758e-07 5.00000969e+07 9.70110112e+02 2.95283384e+01
-1.23737374e-05 7.57575758e-07 5.00000513e+07 9.84389040e+02 -3.43662309e+01
-1.18686869e-05 7.57575758e-07 5.00000000e+07 9.86589092e+02 -9.37741095e+01
-1.13636364e-05 7.57575758e-07 4.99999450e+07 9.75238675e+02 -1.47505954e+02
-1.08585859e-05 7.57575758e-07 4.99998884e+07 9.49357310e+02 -1.95248545e+02
-1.03535354e-05 7.57575758e-07 4.99998322e+07 9.08812619e+02 -2.37459442e+02
-9.84848485e-06 7.57575758e-07 4.99997782e+07 8.54502984e+02 -2.75098090e+02
-9.34343434e-06 7.57575758e-07 4.99997278e+07 7.88313141e+02 -3.09320306e+02
-8.83838384e-06 7.57575758e-07 4.99996824e+07 7.12903906e+02 -3.41244971e+02
-8.33333333e-06 7.57575758e-07 4.99996428e+07 6.31447460e+02 -3.71825272e+02
-7.82828283e-06 7.57575758e-07 4.99996099e+07 5.47392904e+02 -4.01790423e+02
-7.32323232e-06 7.57575758e-07 4.99995846e+07 4.64287535e+02 -4.31604050e+02
-6.81818182e-06 7.57575758e-07 4.99995674e+07 3.85632076e+02 -4.61404062e+02
-6.31313131e-06 7.57575758e-07 4.99995585e+07 3.14730438e+02 -4.90921159e+02
-5.80808081e-06 7.57575758e-07 4.99995576e+07 2.54502266e+02 -5.19400819e+02
-5.30303030e-06 7.57575758e-07 4.99995640e+07 2.07249643e+02 -5.45569158e+02
-4.79797980e-06 7.57575758e-07 4.99995761e+07 1.74399162e+02 -5.67684312e+02
-4.29292929e-06 7.57575758e-07 4.99995922e+07 1.56269342e+02 -5.83700932e+02
-3.78787879e-06 7.57575758e-07 4.99996100e+07 1.51931769e+02 -5.91546634e+02
-3.28282828e-06 7.57575758e-07 4.99996272e+07 1.59232071e+02 -5.89471208e+02
-2.77777778e-06 7.57575758e-07 4.99996421e+07 1.75007724e+02 -5.76394404e+02
-2.27272727e-06 7.57575758e-07 4.99996533e+07 1.95487760e+02 -5.52162421e+02
-1.76767677e-06 7.57575758e-07 4.99996603e+07 2.16802283e+02 -5.17638931e+02
-1.26262626e-06 7.57575758e-07 4.99996635e+07 2.35491652e+02 -4.74601927e+02
-7.57575758e-07 7.57575758e-07 4.99996637e+07 2.48904665e+02 -4.25475621e+02
-2.52525253e-07 7.57575758e-07 4.99996621e+07 2.55412528e+02 -3.72972329e+02
2.52525253e-07 7.57575758e-07 4.99996599e+07 2.54423129e+02 -3.19734856e+02
7.57575758e-07 7.57575758e-07 4.99996585e+07 2.46233043e+02 -2.68053595e+02
1.26262626e-06 7.57575758e-07 4.99996585e+07 2.31784545e+02 -2.19697028e+02
1.76767677e-06 7.57575758e-07 4.99996607e+07 2.12397618e+02 -1.75857206e+02
2.27272727e-06 7.57575758e-07 4.99996650e+07 1.89530207e+02 -1.37185880e+02
2.77777778e-06 7.57575758e-07 4.99996716e+07 1.64595840e+02 -1.03886334e+02
3.28282828e-06 7.57575758e-07 4.99996801e+07 1.38846052e+02 -7.58278481e+01
3.78787879e-06 7.57575758e-07 4.99996901e+07 1.13310572e+02 -5.26583043e+01
4.29292929e-06 7.57575758e-07 4.99997011e+07 8.87814441e+01 -3.39005941e+01
4.79797980e-06 7.57575758e-07 4.99997128e+07 6.58261314e+01 -1.90270657e+01
5.30303030e-06 7.57575758e-07 4.99997246e+07 4.48167936e+01 -7.51202870e+00
5.80808081e-06 7.57575758e-07 4.99997363e+07 2.59662373e+01 1.13450301e+00
6.31313131e-06 7.57575758e-07 4.99997473e+07 9.36434071e+00 7.34745445e+00
6.81818182e-06 7.57575758e-07 4.99997575e+07 -4.98858832e+00 1.14973408e+01
7.32323232e-06 7.57575758e-07 4.99997665e+07 -1.71531520e+01 1.38871204e+01
7.82828283e-06 7.57575758e-07 4.99997740e+07 -2.72273135e+01 1.47521769e+01
8.33333333e-06 7.57575758e-07 4.99997798e+07 -3.53276741e+01 1.42610062e+01
8.83838384e-06 7.57575758e-07 4.99997835e+07 -4.15749685e+01 1.25146080e+01
9.34343434e-06 7.57575758e-07 4.99997848e+07 -4.60831000e+01 9.54270033e+00
9.84848485e-06 7.57575758e-07 4.99997833e+07 -4.89511698e+01 5.29459100e+00
1.03535354e-05 7.57575758e-07 4.99997784e+07 -5.02583046e+01 -3.78305648e-01
1.08585859e-05 7.57575758e-07 4.99997693e+07 -5.00618243e+01 -7.75302478e+00
1.13636364e-05 7.57575758e-07 4.99997550e+07 -4.84008186e+01 -1.72865417e+01
1.18686869e-05 7.57575758e-07 4.99997340e+07 -4.53105550e+01 -2.97016755e+01
1.23737374e-05 7.57575758e-07 4.99997045e+07 -4.08607620e+01 -4.61307180e+01
1.28787879e-05 7.57575758e-07 4.99996634e+07 -3.52487072e+01 -6.83564522e+01
1.33838384e-05 7.57575758e-07 4.99996068e+07 -2.90206350e+01 -9.92130422e+01
1.38888889e-05 7.57575758e-07 4.99995288e+07 -2.35957455e+01 -1.43218607e+02
1.43939394e-05 7.57575758e-07 4.99994227e+07 -2.24811750e+01 -2.07379840e+02
1.48989899e-05 7.57575758e-07 4.99992830e+07 -3.38087892e+01 -3.01205205e+02
1.54040404e-05 7.57575758e-07 4.99991207e+07 -7.31938213e+01 -4.30711134e+02
1.59090909e-05 7.57575758e-07 4.99990072e+07 -1.47831406e+02 -5.69106553e+02
1.64141414e-05 7.57575758e-07 4.99991022e+07 -1.31090467e+02 -6.23084472e+02
1.69191919e-05 7.57575758e-07 4.99993346e+07 2.70761767e+02 -7.29626915e+02
1.74242424e-05 7.57575758e-07 4.99995268e+07 5.52303936e+02 -1.18174468e+03
1.79292929e-05 7.57575758e-07 4.99998594e+07 3.61711130e+02 -1.57182276e+03
1.84343434e-05 7.57575758e-07 4.99996105e+07 -4.02053542e+02 -2.63660594e+03
1.89393939e-05 7.57575758e-07 4.99883275e+07 -1.21348524e+04 -1.09775317e+04
1.94444444e-05 7.57575758e-07 5.00664323e+07 5.26483977e+04 1.91763727e+04
1.99494949e-05 7.57575758e-07 4.99946077e+07 1.30316781e+03 -5.05022584e+02
2.04545455e-05 7.57575758e-07 4.99980751e+07 5.45920073e+02 1.09980579e+02
2.09595960e-05 7.57575758e-07 4.99989348e+07 2.90918174e+02 9.91949707e+01
2.14646465e-05 7.57575758e-07 4.99993045e+07 1.71571188e+02 6.99843845e+01
2.19696970e-05 7.57575758e-07 4.99995061e+07 1.04416226e+02 4.96794937e+01
2.24747475e-05 7.57575758e-07 4.99996313e+07 6.24223176e+01 3.66785118e+01
2.29797980e-05 7.57575758e-07 4.99997157e+07 3.43422911e+01 2.83200430e+01
2.34848485e-05 7.57575758e-07 4.99997758e+07 1.46868245e+01 2.28389748e+01
2.39898990e-05 7.57575758e-07 4.99998204e+07 4.70264411e-01 1.91653791e+01
2.44949495e-05 7.57575758e-07 4.99998545e+07 -1.00628661e+01 1.66520040e+01
2.50000000e-05 7.57575758e-07 4.99998812e+07 -1.80071458e+01 1.49001286e+01
-2.50000000e-05 1.26262626e-06 4.99998268e+07 -2.88093335e+02 1.45576576e+02
-2.44949495e-05 1.26262626e-06 4.99998331e+07 -2.76680252e+02 1.71748896e+02
-2.39898990e-05 1.26262626e-06 4.99998422e+07 -2.60607392e+02 1.99915056e+02
-2.34848485e-05 1.26262626e-06 4.99998543e+07 -2.39272549e+02 2.29872912e+02
-2.29797980e-05 1.26262626e-06 4.99998694e+07 -2.12093513e+02 2.61322694e+02
-2.24747475e-05 1.26262626e-06 4.99998877e+07 -1.78540214e+02 2.93854688e+02
-2.19696970e-05 1.26262626e-06 4.99999091e+07 -1.38174006e+02 3.26938886e+02
-2.14646465e-05 1.26262626e-06 4.99999333e+07 -9.06932245e+01 3.59917448e+02
-2.09595960e-05 1.26262626e-06 4.99999601e+07 -3.59828151e+01 3.92000775e+02
-2.04545455e-05 1.26262626e-06 4.99999891e+07 2.58359248e+01 4.22267865e+02
-1.99494949e-05 1.26262626e-06 5.00000196e+07 9.43615395e+01 4.49671832e+02
-1.94444444e-05 1.26262626e-06 5.00000510e+07 1.68882624e+02 4.73052078e+02
-1.89393939e-05 1.26262626e-06 5.00000825e+07 2.48371244e+02 4.91156047e+02
-1.84343434e-05 1.26262626e-06 5.00001131e+07 3.31507743e+02 5.02675632e+02
-1.79292929e-05 1.26262626e-06 5.00001420e+07 4.16740637e+02 5.06305167e+02
-1.74242424e-05 1.26262626e-06 5.00001680e+07 5.02376935e+02 5.00827783e+02
-1.69191919e-05 1.26262626e-06 5.00001900e+07 5.86687757e+02 4.85232121e+02
-1.64141414e-05 1.26262626e-06 5.00002070e+07 6.68006095e+02 4.58851143e+02
-1.59090909e-05 1.26262626e-06 5.00002177e+07 7.44793592e+02 4.21501576e+02
-1.54040404e-05 1.26262626e-06 5.00002210e+07 8.15663608e+02 3.73593269e+02
-1.48989899e-05 1.26262626e-06 5.00002159e+07 8.79364026e+02 3.16179103e+02
-1.43939394e-05 1.26262626e-06 5.00002018e+07 9.34735670e+02 2.50928706e+02
-1.38888889e-05 1.26262626e-06 5.00001785e+07 9.80664472e+02 1.80025184e+02
-1.33838384e-05 1.26262626e-06 5.00001459e+07 1.01604167e+03 1.05994036e+02
-1.28787879e-05 1.26262626e-06 5.00001049e+07 1.03974642e+03 3.14764143e+01
-1.23737374e-05 1.26262626e-06 5.00000565e+07 1.05067316e+03 -4.10350182e+01
-1.18686869e-05 1.26262626e-06 5.00000025e+07 1.04782922e+03 -1.09461827e+02
-1.13636364e-05 1.26262626e-06 4.99999449e+07 1.03050999e+03 -1.72350043e+02
-1.08585859e-05 1.26262626e-06 4.99998858e+07 9.98516924e+02 -2.28966077e+02
-1.03535354e-05 1.26262626e-06 4.99998274e+07 9.52347001e+02 -2.79252562e+02
-9.84848485e-06 1.26262626e-06 4.99997717e+07 8.93282171e+02 -3.23671496e+02
-9.34343434e-06 1.26262626e-06 4.99997202e+07 8.23349441e+02 -3.62999213e+02
-8.83838384e-06 1.26262626e-06 4.99996742e+07 7.45176233e+02 -3.98135871e+02
-8.33333333e-06 1.26262626e-06 4.99996349e+07 6.61795503e+02 -4.29960375e+02
-7.82828283e-06 1.26262626e-06 4.99996030e+07 5.76449900e+02 -4.59227602e+02
-7.32323232e-06 1.26262626e-06 4.99995790e+07 4.92418240e+02 -4.86488508e+02
-6.81818182e-06 1.26262626e-06 4.99995633e+07 4.12861578e+02 -5.12017325e+02
-6.31313131e-06 1.26262626e-06 4.99995557e+07 3.40672966e+02 -5.35744462e+02
-5.80808081e-06 1.26262626e-06 4.99995557e+07 2.78316430e+02 -5.57208749e+02
-5.30303030e-06 1.26262626e-06 4.99995624e+07 2.27653118e+02 -5.75551516e+02
-4.79797980e-06 1.26262626e-06 4.99995743e+07 1.89770044e+02 -5.89574799e+02
-4.29292929e-06 1.26262626e-06 4.99995899e+07 1.64843136e+02 -5.97875661e+02
-3.78787879e-06 1.26262626e-06 4.99996073e+07 1.52075126e+02 -5.99049915e+02
-3.28282828e-06 1.26262626e-06 4.99996246e+07 1.49744480e+02 -5.91935838e+02
-2.77777778e-06 1.26262626e-06 4.99996402e+07 1.55382009e+02 -5.75849494e+02
-2.27272727e-06 1.26262626e-06 4.99996531e+07 1.66060908e+02 -5.50756590e+02
-1.76767677e-06 1.26262626e-06 4.99996628e+07 1.78753639e+02 -5.17336803e+02
-1.26262626e-06 1.26262626e-06 4.99996693e+07 1.90688260e+02 -4.76923308e+02
-7.57575758e-07 1.26262626e-06 4.99996731e+07 1.99636430e+02 -4.31333654e+02
-2.52525253e-07 1.26262626e-06 4.99996750e+07 2.04085717e+02 -3.82635251e+02
2.52525253e-07 1.26262626e-06 4.99996760e+07 2.03281430e+02 -3.32900106e+02
7.57575758e-07 1.26262626e-06 4.99996770e+07 1.97154904e+02 -2.83997080e+02
1.26262626e-06 1.26262626e-06 4.99996787e+07 1.86176007e+02 -2.37451350e+02
1.76767677e-06 1.26262626e-06 4.99996816e+07 1.71173467e+02 -1.94378939e+02
2.27272727e-06 1.26262626e-06 4.99996860e+07 1.53160241e+02 -1.55486638e+02
2.77777778e-06 1.26262626e-06 4.99996920e+07 1.33188300e+02 -1.21118091e+02
3.28282828e-06 1.26262626e-06 4.99996994e+07 1.12243644e+02 -9.13249049e+01
3.78787879e-06 1.26262626e-06 4.99997080e+07 9.11817613e+01 -6.59449488e+01
4.29292929e-06 1.26262626e-06 4.99997175e+07 7.06973476e+01 -4.46755456e+01
4.79797980e-06 1.26262626e-06 4.99997276e+07 5.13195080e+01 -2.71348306e+01
5.30303030e-06 1.26262626e-06 4.99997379e+07 3.34236641e+01 -1.29089495e+01
5.80808081e-06 1.26262626e-06 4.99997481e+07 1.72528312e+01 -1.58565813e+00
6.31313131e-06 1.26262626e-06 4.99997578e+07 2.94283400e+00 7.22357941e+00
6.81818182e-06 1.26262626e-06 4.99997669e+07 -9.45212758e+00 1.38703380e+01
7.32323232e-06 1.26262626e-06 4.99997750e+07 -1.99356379e+01 1.86621985e+01
7.82828283e-06 1.26262626e-06 4.99997819e+07 -2.85478984e+01 2.18596283e+01
8.33333333e-06 1.26262626e-06 4.99997872e+07 -3.53473991e+01 2.36748503e+01
8.83838384e-06 1.26262626e-06 4.99997907e+07 -4.03950713e+01 2.42710877e+01
9.34343434e-06 1.26262626e-06 4.99997920e+07 -4.37401965e+01 2.37607054e+01
9.84848485e-06 1.26262626e-06 4.99997907e+07 -4.54070620e+01 2.22006359e+01
1.03535354e-05 1.26262626e-06 4.99997861e+07 -4.53810472e+01 1.95829087e+01
1.08585859e-05 1.26262626e-06 4.99997775e+07 -4.35924309e+01 1.58168030e+01
1.13636364e-05 1.26262626e-06 4.99997639e+07 -3.98956512e+01 1.06964422e+01
1.18686869e-05 1.26262626e-06 4.99997436e+07 -3.40410250e+01 3.84210453e+00
1.23737374e-05 1.26262626e-06 4.99997143e+07 -2.56353354e+01 -5.40821671e+00
1.28787879e-05 1.26262626e-06 4.99996725e+07 -1.40887698e+01 -1.82064705e+01
1.33838384e-05 1.26262626e-06 4.99996125e+07 1.44519905e+00 -3.66116141e+01
1.38888889e-05 1.26262626e-06 4.99995250e+07 2.20874443e+01 -6.44761534e+01
1.43939394e-05 1.26262626e-06 4.99993939e+07 4.89739559e+01 -1.09449416e+02
1.48989899e-05 1.26262626e-06 4.99991898e+07 8.16784667e+01 -1.87738825e+02
1.54040404e-05 1.26262626e-06 4.99988616e+07 1.10644973e+02 -3.35135680e+02
1.59090909e-05 1.26262626e-06 4.99983524e+07 8.51771433e+01 -6.19905123e+02
1.64141414e-05 1.26262626e-06 4.99979233e+07 -9.66062145e+01 -9.82602027e+02
1.69191919e-05 1.26262626e-06 4.99983374e+07 7.95515218e+02 -1.10885016e+03
1.74242424e-05 1.26262626e-06 4.99982896e+07 7.56957483e+02 -2.74885164e+03
1.79292929e-05 1.26262626e-06 4.99922907e+07 -1.04928704e+04 -7.78823833e+03
1.84343434e-05 1.26262626e-06 5.01037889e+07 8.78866354e+04 2.45800336e+04
1.89393939e-05 1.26262626e-06 5.00009833e+07 -1.23181510e+03 -1.17646797e+03
1.94444444e-05 1.26262626e-06 4.99982963e+07 1.17083257e+03 -1.55870976e+03
1.99494949e-05 1.26262626e-06 4.99978406e+07 -8.87764346e+01 -1.05163649e+03
2.04545455e-05 1.26262626e-06 4.99981477e+07 9.47300730e+01 -7.30227738e+02
2.09595960e-05 1.26262626e-06 4.99987593e+07 1.44789732e+02 -3.85659145e+02
2.14646465e-05 1.26262626e-06 4.99991555e+07 1.14516428e+02 -2.13768863e+02
2.19696970e-05 1.26262626e-06 4.99993986e+07 7.81267010e+01 -1.27484815e+02
2.24747475e-05 1.26262626e-06 4.99995546e+07 4.86102292e+01 -8.04681108e+01
2.29797980e-05 1.26262626e-06 4.99996600e+07 2.62989802e+01 -5.27482753e+01
2.34848485e-05 1.26262626e-06 4.99997345e+07 9.60923563e+00 -3.53017658e+01
2.39898990e-05 1.26262626e-06 4.99997891e+07 -2.94414732e+00 -2.37265257e+01
2.44949495e-05 1.26262626e-06 4.99998304e+07 -1.24750459e+01 -1.57130909e+01
2.50000000e-05 1.26262626e-06 4.99998623e+07 -1.97782162e+01 -9.97071233e+00
-2.50000000e-05 1.76767677e-06 4.99997984e+07 -3.14132966e+02 1.43721141e+02
-2.44949495e-05 1.76767677e-06 4.99998025e+07 -3.05013853e+02 1.71917497e+02
-2.39898990e-05 1.76767677e-06 4.99998097e+07 -2.91093202e+02 2.02587174e+02
-2.34848485e-05 1.76767677e-06 4.99998203e+07 -2.71670107e+02 2.35554675e+02
-2.29797980e-05 1.76767677e-06 4.99998344e+07 -2.46047441e+02 2.70528384e+02
-2.24747475e-05 1.76767677e-06 4.99998522e+07 -2.13565240e+02 3.07081387e+02
-2.19696970e-05 1.76767677e-06 4.99998738e+07 -1.73642408e+02 3.44633958e+02
-2.14646465e-05 1.76767677e-06 4.99998991e+07 -1.25826018e+02 3.82439365e+02
-2.09595960e-05 1.76767677e-06 4.99999278e+07 -6.98461106e+01 4.19574991e+02
-2.04545455e-05 1.76767677e-06 4.99999596e+07 -5.67221118e+00 4.54941052e+02
-1.99494949e-05 1.76767677e-06 4.99999938e+07 6.64340703e+01 4.87269598e+02
-1.94444444e-05 1.76767677e-06 5.00000297e+07 1.45877665e+02 5.15146961e+02
-1.89393939e-05 1.76767677e-06 5.00000663e+07 2.31707948e+02 5.37053311e+02
-1.84343434e-05 1.76767677e-06 5.00001026e+07 3.22623071e+02 5.51423302e+02
-1.79292929e-05 1.76767677e-06 5.00001373e+07 4.17004622e+02 5.56731065e+02
-1.74242424e-05 1.76767677e-06 5.00001689e+07 5.12981035e+02 5.51600285e+02
-1.69191919e-05 1.76767677e-06 5.00001961e+07 6.08511681e+02 5.34934823e+02
-1.64141414e-05 1.76767677e-06 5.00002174e+07 7.01478650e+02 5.06057778e+02
-1.59090909e-05 1.76767677e-06 5.00002313e+07 7.89772320e+02 4.64839087e+02
-1.54040404e-05 1.76767677e-06 5.00002365e+07 8.71360876e+02 4.11787482e+02
-1.48989899e-05 1.76767677e-06 5.00002322e+07 9.44340796e+02 3.48084702e+02
-1.43939394e-05 1.76767677e-06 5.00002176e+07 1.00697126e+03 2.75548363e+02
-1.38888889e-05 1.76767677e-06 5.00001927e+07 1.05769830e+03 1.96521274e+02
-1.33838384e-05 1.76767677e-06 5.00001577e+07 1.09517525e+03 1.13695263e+02
-1.28787879e-05 1.76767677e-06 5.00001138e+07 1.11828840e+03 2.98857753e+01
-1.23737374e-05 1.76767677e-06 5.00000623e+07 1.12619919e+03 -5.22178604e+01
-1.18686869e-05 1.76767677e-06 5.00000051e+07 1.11841365e+03 -1.30291616e+02
-1.13636364e-05 1.76767677e-06 4.99999444e+07 1.09487815e+03 -2.02563775e+02
-1.08585859e-05 1.76767677e-06 4.99998825e+07 1.05608165e+03 -2.67913549e+02
-1.03535354e-05 1.76767677e-06 4.99998217e+07 1.00312946e+03 -3.25866427e+02
-9.84848485e-06 1.76767677e-06 4.99997640e+07 9.37755087e+02 -3.76500696e+02
-9.34343434e-06 1.76767677e-06 4.99997112e+07 8.62256619e+02 -4.20301107e+02
-8.83838384e-06 1.76767677e-06 4.99996646e+07 7.79369764e+02 -4.57998932e+02
-8.33333333e-06 1.76767677e-06 4.99996252e+07 6.92106170e+02 -4.90425025e+02
-7.82828283e-06 1.76767677e-06 4.99995938e+07 6.03585589e+02 -5.18385435e+02
-7.32323232e-06 1.76767677e-06 4.99995707e+07 5.16879029e+02 -5.42558044e+02
-6.81818182e-06 1.76767677e-06 4.99995561e+07 4.34866304e+02 -5.63407000e+02
-6.31313131e-06 1.76767677e-06 4.99995494e+07 3.60102966e+02 -5.81116653e+02
-5.80808081e-06 1.76767677e-06 4.99995502e+07 2.94691179e+02 -5.95553234e+02
-5.30303030e-06 1.76767677e-06 4.99995574e+07 2.40155425e+02 -6.06266310e+02
-4.79797980e-06 1.76767677e-06 4.99995696e+07 1.97333620e+02 -6.12540607e+02
-4.29292929e-06 1.76767677e-06 4.99995853e+07 1.66303057e+02 -6.13501496e+02
-3.78787879e-06 1.76767677e-06 4.99996028e+07 1.46364484e+02 -6.08265520e+02
-3.28282828e-06 1.76767677e-06 4.99996207e+07 1.36103472e+02 -5.96113959e+02
-2.77777778e-06 1.76767677e-06 4.99996374e+07 1.33535548e+02 -5.76657166e+02
-2.27272727e-06 1.76767677e-06 4.99996522e+07 1.36322961e+02 -5.49954909e+02
-1.76767677e-06 1.76767677e-06 4.99996644e+07 1.42032447e+02 -5.16565478e+02
-1.26262626e-06 1.76767677e-06 4.99996739e+07 1.48391615e+02 -4.77512655e+02
-7.57575758e-07 1.76767677e-06 4.99996809e+07 1.53501370e+02 -4.34179484e+02
-2.52525253e-07 1.76767677e-06 4.99996861e+07 1.55973375e+02 -3.88154343e+02
2.52525253e-07 1.76767677e-06 4.99996901e+07 1.54980317e+02 -3.41062893e+02
7.57575758e-07 1.76767677e-06 4.99996935e+07 1.50226227e+02 -2.94417409e+02
1.26262626e-06 1.76767677e-06 4.99996971e+07 1.41858149e+02 -2.49505336e+02
1.76767677e-06 1.76767677e-06 4.99997011e+07 1.30346362e+02 -2.07326071e+02
2.27272727e-06 1.76767677e-06 4.99997060e+07 1.16358695e+02 -1.68573537e+02
2.77777778e-06 1.76767677e-06 4.99997119e+07 1.00647875e+02 -1.33654581e+02
3.28282828e-06 1.76767677e-06 4.99997188e+07 8.39627241e+01 -1.02730291e+02
3.78787879e-06 1.76767677e-06 4.99997266e+07 6.69866491e+01 -7.57679451e+01
4.29292929e-06 1.76767677e-06 4.99997350e+07 5.03016987e+01 -5.25940280e+01
4.79797980e-06 1.76767677e-06 4.99997439e+07 3.43735685e+01 -3.29420926e+01
5.30303030e-06 1.76767677e-06 4.99997530e+07 1.95519681e+01 -1.64922970e+01
5.80808081e-06 1.76767677e-06 4.99997621e+07 6.08103777e+00 -2.90173896e+00
6.31313131e-06 1.76767677e-06 4.99997709e+07 -5.88456493e+00 8.17384243e+00
6.81818182e-06 1.76767677e-06 4.99997792e+07 -1.62611481e+01 1.70656836e+01
7.32323232e-06 1.76767677e-06 4.99997867e+07 -2.50171839e+01 2.40833906e+01
7.82828283e-06 1.76767677e-06 4.99997932e+07 -3.21554412e+01 2.95106493e+01
8.33333333e-06 1.76767677e-06 4.99997985e+07 -3.76965367e+01 3.36040361e+01
8.83838384e-06 1.76767677e-06 4.99998022e+07 -4.16638149e+01 3.65940190e+01
9.34343434e-06 1.76767677e-06 4.99998041e+07 -4.40689867e+01 3.86875492e+01
9.84848485e-06 1.76767677e-06 4.99998038e+07 -4.48974862e+01 4.00719503e+01
1.03535354e-05 1.76767677e-06 4.99998008e+07 -4.40919105e+01 4.09201109e+01
1.08585859e-05 1.76767677e-06 4.99997944e+07 -4.15310008e+01 4.13973306e+01
1.13636364e-05 1.76767677e-06 4.99997839e+07 -3.70000342e+01 4.16705995e+01
1.18686869e-05 1.76767677e-06 4.99997678e+07 -3.01455168e+01 4.19216984e+01
1.23737374e-05 1.76767677e-06 4.99997444e+07 -2.04011581e+01 4.23663304e+01
1.28787879e-05 1.76767677e-06 4.99997109e+07 -6.85966305e+00 4.32823271e+01
1.33838384e-05 1.76767677e-06 4.99996626e+07 1.19631023e+01 4.50491935e+01
1.38888889e-05 1.76767677e-06 4.99995918e+07 3.85934118e+01 4.81905972e+01
1.43939394e-05 1.76767677e-06 4.99994840e+07 7.76014016e+01 5.33493308e+01
1.48989899e-05 1.76767677e-06 4.99993091e+07 1.38015680e+02 6.07833926e+01
1.54040404e-05 1.76767677e-06 4.99989943e+07 2.40081189e+02 6.68593392e+01
1.59090909e-05 1.76767677e-06 4.99983101e+07 4.38077064e+02 3.78234276e+01
1.64141414e-05 1.76767677e-06 4.99961219e+07 8.95433518e+02 -3.96362268e+02
1.69191919e-05 1.76767677e-06 4.99897634e+07 -4.68401307e+03 -7.28896410e+03
1.74242424e-05 1.76767677e-06 5.01603143e+07 1.66923688e+05 4.35371209e+03
1.79292929e-05 1.76767677e-06 5.00026271e+07 -2.61507264e+03 -6.99194744e+02
1.84343434e-05 1.76767677e-06 4.99999305e+07 1.48891344e+02 -1.75607751e+03
1.89393939e-05 1.76767677e-06 4.99995647e+07 5.65030668e+02 -1.36523541e+03
1.94444444e-05 1.76767677e-06 4.99993428e+07 4.46101298e+02 -8.59806190e+02
1.99494949e-05 1.76767677e-06 4.99991329e+07 -4.89745673e+01 -6.43594682e+02
2.04545455e-05 1.76767677e-06 4.99989814e+07 -1.46739616e+02 -6.11670278e+02
2.09595960e-05 1.76767677e-06 4.99990836e+07 -6.58160165e+01 -4.74747554e+02
2.14646465e-05 1.76767677e-06 4.99992674e+07 -1.58816010e+01 -3.32418031e+02
2.19696970e-05 1.76767677e-06 4.99994317e+07 -2.87790369e-02 -2.28689104e+02
2.24747475e-05 1.76767677e-06 4.99995587e+07 3.51486338e-01 -1.59069860e+02
2.29797980e-05 1.76767677e-06 4.99996537e+07 -4.75700135e+00 -1.12554873e+02
2.34848485e-05 1.76767677e-06 4.99997250e+07 -1.11900479e+01 -8.08824865e+01
2.39898990e-05 1.76767677e-06 4.99997792e+07 -1.73746352e+01 -5.87721018e+01
2.44949495e-05 1.76767677e-06 4.99998212e+07 -2.27952599e+01 -4.29468230e+01
2.50000000e-05 1.76767677e-06 4.99998542e+07 -2.73520946e+01 -3.13565512e+01
-2.50000000e-05 2.27272727e-06 4.99997694e+07 -3.41890067e+02 1.40281686e+02
-2.44949495e-05 2.27272727e-06 4.99997711e+07 -3.35541666e+02 1.70348438e+02
-2.39898990e-05 2.27272727e-06 4.99997761e+07 -3.24289866e+02 2.03404801e+02
-2.34848485e-05 2.27272727e-06 4.99997848e+07 -3.07320098e+02 2.39315359e+02
-2.29797980e-05 2.27272727e-06 4.99997976e+07 -2.83798479e+02 2.77810617e+02
-2.24747475e-05 2.27272727e-06 4.99998147e+07 -2.52905753e+02 3.18460126e+02
-2.19696970e-05 2.27272727e-06 4.99998364e+07 -2.13881407e+02 3.60646782e+02
-2.14646465e-05 2.27272727e-06 4.99998626e+07 -1.66077705e+02 4.03544782e+02
-2.09595960e-05 2.27272727e-06 4.99998931e+07 -1.09022063e+02 4.46104469e+02
-2.04545455e-05 2.27272727e-06 4.99999278e+07 -4.24844602e+01 4.87047888e+02
-1.99494949e-05 2.27272727e-06 4.99999659e+07 3.34553382e+01 5.24879472e+02
-1.94444444e-05 2.27272727e-06 5.00000066e+07 1.18347765e+02 5.57916492e+02
-1.89393939e-05 2.27272727e-06 5.00000488e+07 2.11328800e+02 5.84343647e+02
-1.84343434e-05 2.27272727e-06 5.00000912e+07 3.11098745e+02 6.02295072e+02
-1.79292929e-05 2.27272727e-06 5.00001322e+07 4.15930720e+02 6.09964600e+02
-1.74242424e-05 2.27272727e-06 5.00001701e+07 5.23711672e+02 6.05741025e+02
-1.69191919e-05 2.27272727e-06 5.00002029e+07 6.32014246e+02 5.88359445e+02
-1.64141414e-05 2.27272727e-06 5.00002290e+07 7.38193537e+02 5.57053341e+02
-1.59090909e-05 2.27272727e-06 5.00002466e+07 8.39500052e+02 5.11686693e+02
-1.54040404e-05 2.27272727e-06 5.00002542e+07 9.33199483e+02 4.52843411e+02
-1.48989899e-05 2.27272727e-06 5.00002507e+07 1.01669086e+03 3.81854265e+02
-1.43939394e-05 2.27272727e-06 5.00002357e+07 1.08761617e+03 3.00749156e+02
-1.38888889e-05 2.27272727e-06 5.00002090e+07 1.14395606e+03 2.12133254e+02
-1.33838384e-05 2.27272727e-06 5.00001714e+07 1.18410836e+03 1.18996641e+02
-1.28787879e-05 2.27272727e-06 5.00001240e+07 1.20694927e+03 2.44772540e+01
-1.23737374e-05 2.27272727e-06 5.00000687e+07 1.21188053e+03 -6.83945714e+01
-1.18686869e-05 2.27272727e-06 5.00000075e+07 1.19886641e+03 -1.56935792e+02
-1.13636364e-05 2.27272727e-06 4.99999431e+07 1.16846091e+03 -2.38999845e+02
-1.08585859e-05 2.27272727e-06 4.99998777e+07 1.12181792e+03 -3.13088283e+02
-1.03535354e-05 2.27272727e-06 4.99998140e+07 1.06067216e+03 -3.78373798e+02
-9.84848485e-06 2.27272727e-06 4.99997540e+07 9.87279759e+02 -4.34642816e+02
-9.34343434e-06 2.27272727e-06 4.99996995e+07 9.04316586e+02 -4.82180727e+02
-8.83838384e-06 2.27272727e-06 4.99996520e+07 8.14743785e+02 -5.21627879e+02
-8.33333333e-06 2.27272727e-06 4.99996124e+07 7.21657455e+02 -5.53830279e+02
-7.82828283e-06 2.27272727e-06 4.99995814e+07 6.28139427e+02 -5.79700346e+02
-7.32323232e-06 2.27272727e-06 4.99995591e+07 5.37120226e+02 -6.00095598e+02
-6.81818182e-06 2.27272727e-06 4.99995454e+07 4.51257839e+02 -6.15719583e+02
-6.31313131e-06 2.27272727e-06 4.99995399e+07 3.72830865e+02 -6.27049376e+02
-5.80808081e-06 2.27272727e-06 4.99995417e+07 3.03643907e+02 -6.34295300e+02
-5.30303030e-06 2.27272727e-06 4.99995496e+07 2.44946364e+02 -6.37398938e+02
-4.79797980e-06 2.27272727e-06 4.99995625e+07 1.97371121e+02 -6.36073251e+02
-4.29292929e-06 2.27272727e-06 4.99995789e+07 1.60904326e+02 -6.29883305e+02
-3.78787879e-06 2.27272727e-06 4.99995972e+07 1.34899078e+02 -6.18358577e+02
-3.28282828e-06 2.27272727e-06 4.99996161e+07 1.18142590e+02 -6.01119983e+02
-2.77777778e-06 2.27272727e-06 4.99996344e+07 1.08978261e+02 -5.77999366e+02
-2.27272727e-06 2.27272727e-06 4.99996511e+07 1.05472974e+02 -5.49128580e+02
-1.76767677e-06 2.27272727e-06 4.99996657e+07 1.05609065e+02 -5.14980609e+02
-1.26262626e-06 2.27272727e-06 4.99996781e+07 1.07473758e+02 -4.76355354e+02
-7.57575758e-07 2.27272727e-06 4.99996881e+07 1.09418790e+02 -4.34314949e+02
-2.52525253e-07 2.27272727e-06 4.99996963e+07 1.10169654e+02 -3.90083851e+02
2.52525253e-07 2.27272727e-06 4.99997031e+07 1.08875136e+02 -3.44934628e+02
7.57575758e-07 2.27272727e-06 4.99997089e+07 1.05099836e+02 -3.00080145e+02
1.26262626e-06 2.27272727e-06 4.99997144e+07 9.87718577e+01 -2.56587862e+02
1.76767677e-06 2.27272727e-06 4.99997198e+07 9.01028001e+01 -2.15324466e+02
2.27272727e-06 2.27272727e-06 4.99997255e+07 7.94974418e+01 -1.76931703e+02
2.77777778e-06 2.27272727e-06 4.99997317e+07 6.74673852e+01 -1.41828772e+02
3.28282828e-06 2.27272727e-06 4.99997384e+07 5.45580907e+01 -1.10233785e+02
3.78787879e-06 2.27272727e-06 4.99997457e+07 4.12938581e+01 -8.21962494e+01
4.29292929e-06 2.27272727e-06 4.99997535e+07 2.81413626e+01 -5.76335950e+01
4.79797980e-06 2.27272727e-06 4.99997616e+07 1.54897461e+01 -3.63666525e+01
5.30303030e-06 2.27272727e-06 4.99997698e+07 3.64394133e+00 -1.81509059e+01
5.80808081e-06 2.27272727e-06 4.99997781e+07 -7.17243857e+00 -2.70200979e+00
6.31313131e-06 2.27272727e-06 4.99997862e+07 -1.68080159e+01 1.02847778e+01
6.81818182e-06 2.27272727e-06 4.99997939e+07 -2.51711288e+01 2.11208894e+01
7.32323232e-06 2.27272727e-06 4.99998011e+07 -3.22159162e+01 3.01158087e+01
7.82828283e-06 2.27272727e-06 4.99998075e+07 -3.79283592e+01 3.75728178e+01
8.33333333e-06 2.27272727e-06 4.99998130e+07 -4.23130407e+01 4.37886386e+01
8.83838384e-06 2.27272727e-06 4.99998174e+07 -4.53809031e+01 4.90568196e+01
9.34343434e-06 2.27272727e-06 4.99998204e+07 -4.71379024e+01 5.36752310e+01
9.84848485e-06 2.27272727e-06 4.99998218e+07 -4.75741533e+01 5.79587857e+01
1.03535354e-05 2.27272727e-06 4.99998213e+07 -4.66528971e+01 6.22597125e+01
1.08585859e-05 2.27272727e-06 4.99998185e+07 -4.42983847e+01 6.69997803e+01
1.13636364e-05 2.27272727e-06 4.99998130e+07 -4.03815644e+01 7.27226919e+01
1.18686869e-05 2.27272727e-06 4.99998040e+07 -3.47024169e+01 8.01823287e+01
1.23737374e-05 2.27272727e-06 4.99997910e+07 -2.69684028e+01 9.04979680e+01
1.28787879e-05 2.27272727e-06 4.99997727e+07 -1.67715254e+01 1.05441583e+02
1.33838384e-05 2.27272727e-06 4.99997481e+07 -3.57818773e+00 1.28002712e+02
1.38888889e-05 2.27272727e-06 4.99997155e+07 1.32103395e+01 1.63583568e+02
1.43939394e-05 2.27272727e-06 4.99996740e+07 3.38959314e+01 2.22770590e+02
1.48989899e-05 2.27272727e-06 4.99996255e+07 5.68121528e+01 3.28568291e+02
1.54040404e-05 2.27272727e-06 4.99995880e+07 7.00910949e+01 5.38428041e+02
1.59090909e-05 2.27272727e-06 4.99996691e+07 5.74556380e-01 1.02496526e+03
1.64141414e-05 2.27272727e-06 5.00006223e+07 -7.41218155e+02 2.35115553e+03
1.69191919e-05 2.27272727e-06 5.00041620e+07 -2.88688071e+03 1.09236977e+03
1.74242424e-05 2.27272727e-06 5.00035981e+07 -7.10340051e+02 -2.24264203e+02
1.79292929e-05 2.27272727e-06 5.00014632e+07 -2.11568743e+02 -8.18555038e+02
1.84343434e-05 2.27272727e-06 5.00005996e+07 8.76870681e+01 -8.66155277e+02
1.89393939e-05 2.27272727e-06 5.00001427e+07 2.38024211e+02 -7.21026691e+02
1.94444444e-05 2.27272727e-06 4.99998938e+07 1.46848045e+02 -5.07508237e+02
1.99494949e-05 2.27272727e-06 4.99996991e+07 -7.78342671e+01 -4.08509581e+02
2.04545455e-05 2.27272727e-06 4.99995288e+07 -1.84660435e+02 -4.06742888e+02
2.09595960e-05 2.27272727e-06 4.99994614e+07 -1.64028521e+02 -3.78913374e+02
2.14646465e-05 2.27272727e-06 4.99994870e+07 -1.14337012e+02 -3.15101144e+02
2.19696970e-05 2.27272727e-06 4.99995528e+07 -7.70854167e+01 -2.45969739e+02
2.24747475e-05 2.27272727e-06 4.99996250e+07 -5.55870390e+01 -1.87130812e+02
2.29797980e-05 2.27272727e-06 4.99996903e+07 -4.47011036e+01 -1.41367467e+02
2.34848485e-05 2.27272727e-06 4.99997452e+07 -3.98726893e+01 -1.06870593e+02
2.39898990e-05 2.27272727e-06 4.99997903e+07 -3.82561187e+01 -8.10266828e+01
2.44949495e-05 2.27272727e-06 4.99998270e+07 -3.82462251e+01 -6.15713562e+01
2.50000000e-05 2.27272727e-06 4.99998570e+07 -3.89727298e+01 -4.67854689e+01
-2.50000000e-05 2.77777778e-06 4.99997402e+07 -3.71166918e+02 1.35031452e+02
-2.44949495e-05 2.77777778e-06 4.99997390e+07 -3.68096298e+02 1.66753642e+02
-2.39898990e-05 2.77777778e-06 4.99997414e+07 -3.60075436e+02 2.02020028e+02
-2.34848485e-05 2.77777778e-06 4.99997478e+07 -3.46162655e+02 2.40753714e+02
-2.29797980e-05 2.77777778e-06 4.99997589e+07 -3.25366206e+02 2.82727571e+02
-2.24747475e-05 2.77777778e-06 4.99997749e+07 -2.96677768e+02 3.27528605e+02
-2.19696970e-05 2.77777778e-06 4.99997963e+07 -2.59118585e+02 3.74522501e+02
-2.14646465e-05 2.77777778e-06 4.99998231e+07 -2.11798898e+02 4.22821640e+02
-2.09595960e-05 2.77777778e-06 4.99998554e+07 -1.53989964e+02 4.71261025e+02
-2.04545455e-05 2.77777778e-06 4.99998929e+07 -8.52061435e+01 5.18387579e+02
-1.99494949e-05 2.77777778e-06 4.99999350e+07 -5.29228442e+00 5.62469065e+02
-1.94444444e-05 2.77777778e-06 4.99999808e+07 8.54907231e+01 6.01529053e+02
-1.89393939e-05 2.77777778e-06 5.00000291e+07 1.86391425e+02 6.33413570e+02
-1.84343434e-05 2.77777778e-06 5.00000782e+07 2.96114729e+02 6.55892926e+02
-1.79292929e-05 2.77777778e-06 5.00001262e+07 4.12800525e+02 6.66798370e+02
-1.74242424e-05 2.77777778e-06 5.00001711e+07 5.34042361e+02 6.64187735e+02
-1.69191919e-05 2.77777778e-06 5.00002105e+07 6.56950999e+02 6.46527573e+02
-1.64141414e-05 2.77777778e-06 5.00002422e+07 7.78262926e+02 6.12872643e+02
-1.59090909e-05 2.77777778e-06 5.00002641e+07 8.94488633e+02 5.63018789e+02
-1.54040404e-05 2.77777778e-06 5.00002746e+07 1.00209050e+03 4.97604129e+02
-1.48989899e-05 2.77777778e-06 5.00002723e+07 1.09767600e+03 4.18137248e+02
-1.43939394e-05 2.77777778e-06 5.00002568e+07 1.17818933e+03 3.26939720e+02
-1.38888889e-05 2.77777778e-06 5.00002281e+07 1.24108413e+03 2.27002273e+02
-1.33838384e-05 2.77777778e-06 5.00001872e+07 1.28446229e+03 1.21767058e+02
-1.28787879e-05 2.77777778e-06 5.00001356e+07 1.30716878e+03 1.48602819e+01
-1.23737374e-05 2.77777778e-06 5.00000755e+07 1.30883891e+03 -9.01918473e+01
-1.18686869e-05 2.77777778e-06 5.00000095e+07 1.28989985e+03 -1.90227263e+02
-1.13636364e-05 2.77777778e-06 4.99999403e+07 1.25153133e+03 -2.82658298e+02
-1.08585859e-05 2.77777778e-06 4.99998707e+07 1.19559074e+03 -3.65603462e+02
-1.03535354e-05 2.77777778e-06 4.99998033e+07 1.12450708e+03 -4.37930713e+02
-9.84848485e-06 2.77777778e-06 4.99997405e+07 1.04114926e+03 -4.99218033e+02
-9.34343434e-06 2.77777778e-06 4.99996841e+07 9.48676528e+02 -5.49649695e+02
-8.83838384e-06 2.77777778e-06 4.99996355e+07 8.50381900e+02 -5.89872637e+02
-8.33333333e-06 2.77777778e-06 4.99995957e+07 7.49540564e+02 -6.20836828e+02
-7.82828283e-06 2.77777778e-06 4.99995651e+07 6.49273166e+02 -6.43638773e+02
-7.32323232e-06 2.77777778e-06 4.99995437e+07 5.52429611e+02 -6.59381554e+02
-6.81818182e-06 2.77777778e-06 4.99995313e+07 4.61494293e+02 -6.69060179e+02
-6.31313131e-06 2.77777778e-06 4.99995272e+07 3.78510714e+02 -6.73478239e+02
-5.80808081e-06 2.77777778e-06 4.99995303e+07 3.05023067e+02 -6.73200060e+02
-5.30303030e-06 2.77777778e-06 4.99995397e+07 2.42034458e+02 -6.68540840e+02
-4.79797980e-06 2.77777778e-06 4.99995538e+07 1.89984667e+02 -6.59594507e+02
-4.29292929e-06 2.77777778e-06 4.99995714e+07 1.48753148e+02 -6.46295058e+02
-3.78787879e-06 2.77777778e-06 4.99995911e+07 1.17693733e+02 -6.28502378e+02
-3.28282828e-06 2.77777778e-06 4.99996115e+07 9.57052954e+01 -6.06099084e+02
-2.77777778e-06 2.77777778e-06 4.99996316e+07 8.13375988e+01 -5.79082229e+02
-2.27272727e-06 2.77777778e-06 4.99996505e+07 7.29248408e+01 -5.47634088e+02
-1.76767677e-06 2.77777778e-06 4.99996675e+07 6.87330235e+01 -5.12160080e+02
-1.26262626e-06 2.77777778e-06 4.99996825e+07 6.71034241e+01 -4.73288495e+02
-7.57575758e-07 2.77777778e-06 4.99996954e+07 6.65744520e+01 -4.31834479e+02
-2.52525253e-07 2.77777778e-06 4.99997064e+07 6.59682220e+01 -3.88737455e+02
2.52525253e-07 2.77777778e-06 4.99997158e+07 6.44350042e+01 -3.44985141e+02
7.57575758e-07 2.77777778e-06 4.99997239e+07 6.14563231e+01 -3.01537886e+02
1.26262626e-06 2.77777778e-06 4.99997312e+07 5.68138507e+01 -2.59264478e+02
1.76767677e-06 2.77777778e-06 4.99997380e+07 5.05350764e+01 -2.18896314e+02
2.27272727e-06 2.77777778e-06 4.99997447e+07 4.28277065e+01 -1.81002104e+02
2.77777778e-06 2.77777778e-06 4.99997514e+07 3.40133618e+01 -1.45981489e+02
3.28282828e-06 2.77777778e-06 4.99997582e+07 2.44683540e+01 -1.14073529e+02
3.78787879e-06 2.77777778e-06 4.99997653e+07 1.45761103e+01 -8.53750841e+01
4.29292929e-06 2.77777778e-06 4.99997727e+07 4.69292495e+00 -5.98643368e+01
4.79797980e-06 2.77777778e-06 4.99997802e+07 -4.87345640e+00 -3.74255865e+01
5.30303030e-06 2.77777778e-06 4.99997879e+07 -1.38742664e+01 -1.78725873e+01
5.80808081e-06 2.77777778e-06 4.99997956e+07 -2.21216298e+01 -9.68774078e-01
6.31313131e-06 2.77777778e-06 4.99998031e+07 -2.94845191e+01 1.35564415e+01
6.81818182e-06 2.77777778e-06 4.99998105e+07 -3.58810528e+01 2.59955645e+01
7.32323232e-06 2.77777778e-06 4.99998176e+07 -4.12690238e+01 3.66550854e+01
7.82828283e-06 2.77777778e-06 4.99998242e+07 -4.56360819e+01 4.58516558e+01
8.33333333e-06 2.77777778e-06 4.99998302e+07 -4.89905918e+01 5.39124593e+01
8.83838384e-06 2.77777778e-06 4.99998355e+07 -5.13538885e+01 6.11801977e+01
9.34343434e-06 2.77777778e-06 4.99998400e+07 -5.27545157e+01 6.80236875e+01
9.84848485e-06 2.77777778e-06 4.99998435e+07 -5.32251365e+01 7.48559750e+01
1.03535354e-05 2.77777778e-06 4.99998461e+07 -5.28032810e+01 8.21633904e+01
1.08585859e-05 2.77777778e-06 4.99998476e+07 -5.15382780e+01 9.05515401e+01
1.13636364e-05 2.77777778e-06 4.99998480e+07 -4.95093011e+01 1.00818805e+02
1.18686869e-05 2.77777778e-06 4.99998475e+07 -4.68651426e+01 1.14076253e+02
1.23737374e-05 2.77777778e-06 4.99998465e+07 -4.39091834e+01 1.31948576e+02
1.28787879e-05 2.77777778e-06 4.99998460e+07 -4.12835006e+01 1.56920662e+02
1.33838384e-05 2.77777778e-06 4.99998479e+07 -4.03824439e+01 1.92951828e+02
1.38888889e-05 2.77777778e-06 4.99998569e+07 -4.43295132e+01 2.46581880e+02
1.43939394e-05 2.77777778e-06 4.99998833e+07 -6.04270228e+01 3.28875211e+02
1.48989899e-05 2.77777778e-06 4.99999505e+07 -1.06671704e+02 4.58230271e+02
1.54040404e-05 2.77777778e-06 5.00001134e+07 -2.29330095e+02 6.59537249e+02
1.59090909e-05 2.77777778e-06 5.00004847e+07 -5.38120056e+02 9.20175694e+02
1.64141414e-05 2.77777778e-06 5.00011048e+07 -1.08120583e+03 9.08865810e+02
1.69191919e-05 2.77777778e-06 5.00013988e+07 -6.61251073e+02 1.13818601e+02
1.74242424e-05 2.77777778e-06 5.00016943e+07 1.62031182e+02 7.55519708e+01
1.79292929e-05 2.77777778e-06 5.00013377e+07 1.02631813e+02 -1.22435908e+02
1.84343434e-05 2.77777778e-06 5.00008142e+07 1.18104038e+02 -2.85996282e+02
1.89393939e-05 2.77777778e-06 5.00004417e+07 1.25138808e+02 -2.96810216e+02
1.94444444e-05 2.77777778e-06 5.00001984e+07 4.23157227e+01 -2.45242584e+02
1.99494949e-05 2.77777778e-06 5.00000114e+07 -8.84208874e+01 -2.23791576e+02
2.04545455e-05 2.77777778e-06 4.99998528e+07 -1.73344353e+02 -2.41716513e+02
2.09595960e-05 2.77777778e-06 4.99997452e+07 -1.86093743e+02 -2.54501399e+02
2.14646465e-05 2.77777778e-06 4.99996988e+07 -1.60069843e+02 -2.41671917e+02
2.19696970e-05 2.77777778e-06 4.99996977e+07 -1.26992688e+02 -2.11220504e+02
2.24747475e-05 2.77777778e-06 4.99997206e+07 -9.98777676e+01 -1.75526642e+02
2.29797980e-05 2.77777778e-06 4.99997528e+07 -8.08164407e+01 -1.41885822e+02
2.34848485e-05 2.77777778e-06 4.99997863e+07 -6.83081679e+01 -1.13044430e+02
2.39898990e-05 2.77777778e-06 4.99998176e+07 -6.03744081e+01 -8.93802569e+01
2.44949495e-05 2.77777778e-06 4.99998454e+07 -5.54324050e+01 -7.03399055e+01
2.50000000e-05 2.77777778e-06 4.99998696e+07 -5.23847157e+01 -5.51273736e+01
-2.50000000e-05 3.28282828e-06 4.99997109e+07 -4.01702075e+02 1.27782717e+02
-2.44949495e-05 3.28282828e-06 4.99997065e+07 -4.02444739e+02 1.60876484e+02
-2.39898990e-05 3.28282828e-06 4.99997057e+07 -3.98264774e+02 1.98105908e+02
-2.34848485e-05 3.28282828e-06 4.99997094e+07 -3.88082890e+02 2.39476085e+02
-2.29797980e-05 3.28282828e-06 4.99997181e+07 -3.70730437e+02 2.84829066e+02
-2.24747475e-05 3.28282828e-06 4.99997325e+07 -3.44980843e+02 3.33798235e+02
-2.19696970e-05 3.28282828e-06 4.99997530e+07 -3.09596714e+02 3.85761047e+02
-2.14646465e-05 3.28282828e-06 4.99997801e+07 -2.63394568e+02 4.39794131e+02
-2.09595960e-05 3.28282828e-06 4.99998138e+07 -2.05327860e+02 4.94636377e+02
-2.04545455e-05 3.28282828e-06 4.99998540e+07 -1.34586988e+02 5.48667242e+02
-1.99494949e-05 3.28282828e-06 4.99999002e+07 -5.07122142e+01 5.99908738e+02
-1.94444444e-05 3.28282828e-06 4.99999514e+07 4.62878963e+01 6.46059991e+02
-1.89393939e-05 3.28282828e-06 5.00000061e+07 1.55823348e+02 6.84572287e+02
-1.84343434e-05 3.28282828e-06 5.00000627e+07 2.76628818e+02 7.12769633e+02
-1.79292929e-05 3.28282828e-06 5.00001187e+07 4.06704688e+02 7.28014746e+02
-1.74242424e-05 3.28282828e-06 5.00001716e+07 5.43308457e+02 7.27913154e+02
-1.69191919e-05 3.28282828e-06 5.00002186e+07 6.83009074e+02 7.10539520e+02
-1.64141414e-05 3.28282828e-06 5.00002570e+07 8.21810873e+02 6.74662067e+02
-1.59090909e-05 3.28282828e-06 5.00002842e+07 9.55345415e+02 6.19935040e+02
-1.54040404e-05 3.28282828e-06 5.00002982e+07 1.07911961e+03 5.47027865e+02
-1.48989899e-05 3.28282828e-06 5.00002974e+07 1.18879881e+03 4.57664358e+02
-1.43939394e-05 3.28282828e-06 5.00002814e+07 1.28049602e+03 3.54556144e+02
-1.38888889e-05 3.28282828e-06 5.00002503e+07 1.35103531e+03 2.41229731e+02
-1.33838384e-05 3.28282828e-06 5.00002053e+07 1.39816000e+03 1.21763574e+02
-1.28787879e-05 3.28282828e-06 5.00001486e+07 1.42066377e+03 4.66407552e-01
-1.23737374e-05 3.28282828e-06 5.00000825e+07 1.41843504e+03 -1.18462002e+02
-1.18686869e-05 3.28282828e-06 5.00000104e+07 1.39241656e+03 -2.31243954e+02
-1.13636364e-05 3.28282828e-06 4.99999352e+07 1.34449285e+03 -3.34772394e+02
-1.08585859e-05 3.28282828e-06 4.99998604e+07 1.27732395e+03 -4.26768833e+02
-1.03535354e-05 3.28282828e-06 4.99997886e+07 1.19414636e+03 -5.05840686e+02
-9.84848485e-06 3.28282828e-06 4.99997225e+07 1.09856121e+03 -5.71444512e+02
-9.34343434e-06 3.28282828e-06 4.99996639e+07 9.94327328e+02 -6.23774343e+02
-8.83838384e-06 3.28282828e-06 4.99996143e+07 8.85173144e+02 -6.63601167e+02
-8.33333333e-06 3.28282828e-06 4.99995744e+07 7.74637170e+02 -6.92090332e+02
-7.82828283e-06 3.28282828e-06 4.99995444e+07 6.65941638e+02 -7.10620001e+02
-7.32323232e-06 3.28282828e-06 4.99995244e+07 5.61899320e+02 -7.20617995e+02
-6.81818182e-06 3.28282828e-06 4.99995137e+07 4.64849893e+02 -7.23428541e+02
-6.31313131e-06 3.28282828e-06 4.99995115e+07 3.76620540e+02 -7.20215568e+02
-5.80808081e-06 3.28282828e-06 4.99995167e+07 2.98505872e+02 -7.11905433e+02
-5.30303030e-06 3.28282828e-06 4.99995280e+07 2.31264258e+02 -6.99168859e+02
-4.79797980e-06 3.28282828e-06 4.99995441e+07 1.75130331e+02 -6.82438979e+02
-4.29292929e-06 3.28282828e-06 4.99995636e+07 1.29845619e+02 -6.61959382e+02
-3.78787879e-06 3.28282828e-06 4.99995851e+07 9.47100450e+01 -6.37853079e+02
-3.28282828e-06 3.28282828e-06 4.99996075e+07 6.86557998e+01 -6.10201030e+02
-2.77777778e-06 3.28282828e-06 4.99996297e+07 5.03421445e+01 -5.79117763e+02
-2.27272727e-06 3.28282828e-06 4.99996508e+07 3.82656389e+01 -5.44812556e+02
-1.76767677e-06 3.28282828e-06 4.99996703e+07 3.08765321e+01 -5.07627543e+02
-1.26262626e-06 3.28282828e-06 4.99996879e+07 2.66897506e+01 -4.68048647e+02
-7.57575758e-07 3.28282828e-06 4.99997034e+07 2.43789583e+01 -4.26690347e+02
-2.52525253e-07 3.28282828e-06 4.99997170e+07 2.28446499e+01 -3.84259771e+02
2.52525253e-07 3.28282828e-06 4.99997287e+07 2.12514882e+01 -3.41508467e+02
7.57575758e-07 3.28282828e-06 4.99997390e+07 1.90349918e+01 -2.99180963e+02
1.26262626e-06 3.28282828e-06 4.99997480e+07 1.58819884e+01 -2.57968046e+02
1.76767677e-06 3.28282828e-06 4.99997563e+07 1.16921251e+01 -2.18470233e+02
2.27272727e-06 3.28282828e-06 4.99997639e+07 6.52881818e+00 -1.81174034e+02
2.77777778e-06 3.28282828e-06 4.99997712e+07 5.67510659e-01 -1.46441003e+02
3.28282828e-06 3.28282828e-06 4.99997783e+07 -5.95250800e+00 -1.14507761e+02
3.78787879e-06 3.28282828e-06 4.99997854e+07 -1.27685947e+01 -8.54942019e+01
4.29292929e-06 3.28282828e-06 4.99997925e+07 -1.96255407e+01 -5.94168663e+01
4.79797980e-06 3.28282828e-06 4.99997997e+07 -2.62963940e+01 -3.62048324e+01
5.30303030e-06 3.28282828e-06 4.99998069e+07 -3.25942951e+01 -1.57159767e+01
5.80808081e-06 3.28282828e-06 4.99998142e+07 -3.83770247e+01 2.24789180e+00
6.31313131e-06 3.28282828e-06 4.99998215e+07 -4.35462443e+01 1.79280156e+01
6.81818182e-06 3.28282828e-06 4.99998287e+07 -4.80433782e+01 3.15984014e+01
7.32323232e-06 3.28282828e-06 4.99998357e+07 -5.18438762e+01 4.35586621e+01
7.82828283e-06 3.28282828e-06 4.99998426e+07 -5.49513203e+01 5.41303311e+01
8.33333333e-06 3.28282828e-06 4.99998492e+07 -5.73926017e+01 6.36570779e+01
8.83838384e-06 3.28282828e-06 4.99998556e+07 -5.92152798e+01 7.25094884e+01
9.34343434e-06 3.28282828e-06 4.99998617e+07 -6.04883501e+01 8.10954829e+01
9.84848485e-06 3.28282828e-06 4.99998676e+07 -6.13081330e+01 8.98780918e+01
1.03535354e-05 3.28282828e-06 4.99998733e+07 -6.18121046e+01 9.94032986e+01
1.08585859e-05 3.28282828e-06 4.99998791e+07 -6.22057282e+01 1.10342124e+02
1.13636364e-05 3.28282828e-06 4.99998854e+07 -6.28116983e+01 1.23553169e+02
1.18686869e-05 3.28282828e-06 4.99998929e+07 -6.41595042e+01 1.40174257e+02
1.23737374e-05 3.28282828e-06 4.99999028e+07 -6.71499985e+01 1.61753062e+02
1.28787879e-05 3.28282828e-06 4.99999173e+07 -7.33629589e+01 1.90420380e+02
1.33838384e-05 3.28282828e-06 4.99999399e+07 -8.56402886e+01 2.29072531e+02
1.38888889e-05 3.28282828e-06 4.99999772e+07 -1.09189802e+02 2.81379593e+02
1.43939394e-05 3.28282828e-06 5.00000400e+07 -1.53563100e+02 3.50894180e+02
1.48989899e-05 3.28282828e-06 5.00001453e+07 -2.35384159e+02 4.36722473e+02
1.54040404e-05 3.28282828e-06 5.00003131e+07 -3.77076107e+02 5.18227318e+02
1.59090909e-05 3.28282828e-06 5.00005360e+07 -5.73462974e+02 5.17470487e+02
1.64141414e-05 3.28282828e-06 5.00007103e+07 -6.58344006e+02 2.98426140e+02
1.69191919e-05 3.28282828e-06 5.00007558e+07 -3.18348108e+02 -1.86104680e+01
1.74242424e-05 3.28282828e-06 5.00008489e+07 1.13163740e+02 -5.65616575e+01
1.79292929e-05 3.28282828e-06 5.00008539e+07 2.10936319e+02 -2.75711547e+01
1.84343434e-05 3.28282828e-06 5.00006946e+07 1.77568241e+02 -5.54182379e+01
1.89393939e-05 3.28282828e-06 5.00004981e+07 1.16308911e+02 -7.30724528e+01
1.94444444e-05 3.28282828e-06 5.00003247e+07 2.65894759e+01 -7.56616063e+01
1.99494949e-05 3.28282828e-06 5.00001734e+07 -7.28809600e+01 -8.94128683e+01
2.04545455e-05 3.28282828e-06 5.00000394e+07 -1.45120099e+02 -1.19124712e+02
2.09595960e-05 3.28282828e-06 4.99999329e+07 -1.73543047e+02 -1.47363572e+02
2.14646465e-05 3.28282828e-06 4.99998631e+07 -1.68688052e+02 -1.60081844e+02
2.19696970e-05 3.28282828e-06 4.99998281e+07 -1.48706082e+02 -1.56354000e+02
2.24747475e-05 3.28282828e-06 4.99998184e+07 -1.26100303e+02 -1.42049102e+02
2.29797980e-05 3.28282828e-06 4.99998241e+07 -1.06411473e+02 -1.23211101e+02
2.34848485e-05 3.28282828e-06 4.99998378e+07 -9.10394569e+01 -1.03792326e+02
2.39898990e-05 3.28282828e-06 4.99998548e+07 -7.96437015e+01 -8.58031353e+01
2.44949495e-05 3.28282828e-06 4.99998724e+07 -7.13921218e+01 -7.00205880e+01
2.50000000e-05 3.28282828e-06 4.99998893e+07 -6.54615008e+01 -5.65705795e+01
-2.50000000e-05 3.78787879e-06 4.99996822e+07 -4.33163786e+02 1.18399677e+02
-2.44949495e-05 3.78787879e-06 4.99996738e+07 -4.38278308e+02 1.52503404e+02
-2.39898990e-05 3.78787879e-06 4.99996693e+07 -4.38595814e+02 1.91365413e+02
-2.34848485e-05 3.78787879e-06 4.99996695e+07 -4.32893543e+02 2.35101074e+02
-2.29797980e-05 3.78787879e-06 4.99996752e+07 -4.19810702e+02 2.83655211e+02
-2.24747475e-05 3.78787879e-06 4.99996872e+07 -3.97875364e+02 3.36745222e+02
-2.19696970e-05 3.78787879e-06 4.99997062e+07 -3.65550403e+02 3.93799630e+02
-2.14646465e-05 3.78787879e-06 4.99997329e+07 -3.21302224e+02 4.53896510e+02
-2.09595960e-05 3.78787879e-06 4.99997675e+07 -2.63695022e+02 5.15708533e+02
-2.04545455e-05 3.78787879e-06 4.99998102e+07 -1.91511085e+02 5.77463766e+02
-1.99494949e-05 3.78787879e-06 4.99998603e+07 -1.03894384e+02 6.36933467e+02
-1.94444444e-05 3.78787879e-06 4.99999171e+07 -5.10095805e-01 6.91459190e+02
-1.89393939e-05 3.78787879e-06 4.99999789e+07 1.18292677e+02 7.38030914e+02
-1.84343434e-05 3.78787879e-06 5.00000437e+07 2.51333278e+02 7.73424618e+02
-1.79292929e-05 3.78787879e-06 5.00001088e+07 3.96489791e+02 7.94401325e+02
-1.74242424e-05 3.78787879e-06 5.00001711e+07 5.50652096e+02 7.97960146e+02
-1.69191919e-05 3.78787879e-06 5.00002271e+07 7.09760489e+02 7.81626178e+02
-1.64141414e-05 3.78787879e-06 5.00002736e+07 8.68945498e+02 7.43742415e+02
-1.59090909e-05 3.78787879e-06 5.00003072e+07 1.02277216e+03 6.83726003e+02
-1.54040404e-05 3.78787879e-06 5.00003255e+07 1.16557576e+03 6.02246336e+02
-1.48989899e-05 3.78787879e-06 5.00003267e+07 1.29185870e+03 5.01287996e+02
-1.43939394e-05 3.78787879e-06 5.00003100e+07 1.39670424e+03 3.84075822e+02
-1.38888889e-05 3.78787879e-06 5.00002760e+07 1.47615535e+03 2.54860397e+02
-1.33838384e-05 3.78787879e-06 5.00002260e+07 1.52750991e+03 1.18585783e+02
-1.28787879e-05 3.78787879e-06 5.00001627e+07 1.54949557e+03 -1.95180564e+01
-1.23737374e-05 3.78787879e-06 5.00000893e+07 1.54230743e+03 -1.54362879e+02
-1.18686869e-05 3.78787879e-06 5.00000095e+07 1.50751330e+03 -2.81392676e+02
-1.13636364e-05 3.78787879e-06 4.99999271e+07 1.44785021e+03 -3.96888941e+02
-1.08585859e-05 3.78787879e-06 4.99998458e+07 1.36694807e+03 -4.98160000e+02
-1.03535354e-05 3.78787879e-06 4.99997689e+07 1.26902007e+03 -5.83604906e+02
-9.84848485e-06 3.78787879e-06 4.99996990e+07 1.15855631e+03 -6.52662367e+02
-9.34343434e-06 3.78787879e-06 4.99996381e+07 1.04004864e+03 -7.05669898e+02
-8.83838384e-06 3.78787879e-06 4.99995875e+07 9.17764731e+02 -7.43665798e+02
-8.33333333e-06 3.78787879e-06 4.99995478e+07 7.95578809e+02 -7.68167010e+02
-7.82828283e-06 3.78787879e-06 4.99995191e+07 6.76858105e+02 -7.80951097e+02
-7.32323232e-06 3.78787879e-06 4.99995010e+07 5.64398169e+02 -7.83863205e+02
-6.81818182e-06 3.78787879e-06 4.99994928e+07 4.60396946e+02 -7.78661029e+02
-6.31313131e-06 3.78787879e-06 4.99994932e+07 3.66457134e+02 -7.66903966e+02
-5.80808081e-06 3.78787879e-06 4.99995012e+07 2.83607943e+02 -7.49887387e+02
-5.30303030e-06 3.78787879e-06 4.99995152e+07 2.12340216e+02 -7.28619063e+02
-4.79797980e-06 3.78787879e-06 4.99995339e+07 1.52651977e+02 -7.03831999e+02
-4.29292929e-06 3.78787879e-06 4.99995559e+07 1.04103943e+02 -6.76025817e+02
-3.78787879e-06 3.78787879e-06 4.99995798e+07 6.58857653e+01 -6.45527245e+02
-3.28282828e-06 3.78787879e-06 4.99996046e+07 3.68934254e+01 -6.12559464e+02
-2.77777778e-06 3.78787879e-06 4.99996291e+07 1.58165979e+01 -5.77310091e+02
-2.27272727e-06 3.78787879e-06 4.99996527e+07 1.23235848e+00 -5.39988867e+02
-1.76767677e-06 3.78787879e-06 4.99996747e+07 -8.30069189e+00 -5.00868465e+02
-1.26262626e-06 3.78787879e-06 4.99996947e+07 -1.41552662e+01 -4.60305121e+02
-7.57575758e-07 3.78787879e-06 4.99997127e+07 -1.75625798e+01 -4.18739258e+02
-2.52525253e-07 3.78787879e-06 4.99997286e+07 -1.95597515e+01 -3.76679348e+02
2.52525253e-07 3.78787879e-06 4.99997425e+07 -2.09605773e+01 -3.34674310e+02
7.57575758e-07 3.78787879e-06 4.99997547e+07 -2.23496351e+01 -2.93280515e+02
1.26262626e-06 3.78787879e-06 4.99997654e+07 -2.40967142e+01 -2.53028992e+02
1.76767677e-06 3.78787879e-06 4.99997749e+07 -2.63864409e+01 -2.14397133e+02
2.27272727e-06 3.78787879e-06 4.99997834e+07 -2.92569790e+01 -1.77787451e+02
2.77777778e-06 3.78787879e-06 4.99997913e+07 -3.26418093e+01 -1.43514309e+02
3.28282828e-06 3.78787879e-06 4.99997988e+07 -3.64095728e+01 -1.11798226e+02
3.78787879e-06 3.78787879e-06 4.99998059e+07 -4.03984289e+01 -8.27665264e+01
4.29292929e-06 3.78787879e-06 4.99998129e+07 -4.44429720e+01 -5.64587439e+01
4.79797980e-06 3.78787879e-06 4.99998198e+07 -4.83931770e+01 -3.28351479e+01
5.30303030e-06 3.78787879e-06 4.99998268e+07 -5.21259408e+01 -1.17869174e+01
5.80808081e-06 3.78787879e-06 4.99998337e+07 -5.55505078e+01 6.85325320e+00
6.31313131e-06 3.78787879e-06 4.99998408e+07 -5.86094171e+01 2.33010947e+01
6.81818182e-06 3.78787879e-06 4.99998479e+07 -6.12766918e+01 3.78120239e+01
7.32323232e-06 3.78787879e-06 4.99998550e+07 -6.35548900e+01 5.06743645e+01
7.82828283e-06 3.78787879e-06 4.99998623e+07 -6.54724699e+01 6.22050906e+01
8.33333333e-06 3.78787879e-06 4.99998696e+07 -6.70827822e+01 7.27486438e+01
8.83838384e-06 3.78787879e-06 4.99998770e+07 -6.84659981e+01 8.26794079e+01
9.34343434e-06 3.78787879e-06 4.99998846e+07 -6.97355110e+01 9.24085011e+01
9.84848485e-06 3.78787879e-06 4.99998926e+07 -7.10509598e+01 1.02395618e+02
1.03535354e-05 3.78787879e-06 4.99999011e+07 -7.26412249e+01 1.13166600e+02
1.08585859e-05 3.78787879e-06 4.99999106e+07 -7.48428845e+01 1.25336932e+02
1.13636364e-05 3.78787879e-06 4.99999218e+07 -7.81632081e+01 1.39639619e+02
1.18686869e-05 3.78787879e-06 4.99999355e+07 -8.33824687e+01 1.56950849e+02
1.23737374e-05 3.78787879e-06 4.99999532e+07 -9.17184186e+01 1.78293452e+02
1.28787879e-05 3.78787879e-06 4.99999772e+07 -1.05083482e+02 2.04763949e+02
1.33838384e-05 3.78787879e-06 5.00000108e+07 -1.26456828e+02 2.37244821e+02
1.38888889e-05 3.78787879e-06 5.00000586e+07 -1.60304573e+02 2.75567278e+02
1.43939394e-05 3.78787879e-06 5.00001260e+07 -2.12584891e+02 3.16389678e+02
1.48989899e-05 3.78787879e-06 5.00002170e+07 -2.88503234e+02 3.48561409e+02
1.54040404e-05 3.78787879e-06 5.00003260e+07 -3.82683700e+02 3.45887288e+02
1.59090909e-05 3.78787879e-06 5.00004247e+07 -4.53923071e+02 2.67692046e+02
1.64141414e-05 3.78787879e-06 5.00004708e+07 -4.05626377e+02 1.03653742e+02
1.69191919e-05 3.78787879e-06 5.00004780e+07 -1.81651931e+02 -4.60137514e+01
1.74242424e-05 3.78787879e-06 5.00005136e+07 7.06876488e+01 -6.87410052e+01
1.79292929e-05 3.78787879e-06 5.00005480e+07 1.85120841e+02 -2.25488219e+01
1.84343434e-05 3.78787879e-06 5.00005210e+07 1.79915938e+02 9.25751298e+00
1.89393939e-05 3.78787879e-06 5.00004433e+07 1.19699491e+02 1.91306933e+01
1.94444444e-05 3.78787879e-06 5.00003446e+07 3.69495565e+01 1.46064423e+01
1.99494949e-05 3.78787879e-06 5.00002401e+07 -4.69030763e+01 -4.54980789e+00
2.04545455e-05 3.78787879e-06 5.00001380e+07 -1.11828188e+02 -3.49941586e+01
2.09595960e-05 3.78787879e-06 5.00000477e+07 -1.47648407e+02 -6.64987484e+01
2.14646465e-05 3.78787879e-06 4.99999776e+07 -1.57300388e+02 -8.95175923e+01
2.19696970e-05 3.78787879e-06 4.99999304e+07 -1.50395162e+02 -1.00551929e+02
2.24747475e-05 3.78787879e-06 4.99999035e+07 -1.36102583e+02 -1.01187762e+02
2.29797980e-05 3.78787879e-06 4.99998920e+07 -1.20313001e+02 -9.49220838e+01
2.34848485e-05 3.78787879e-06 4.99998906e+07 -1.05895743e+02 -8.50219116e+01
2.39898990e-05 3.78787879e-06 4.99998955e+07 -9.38366258e+01 -7.37972431e+01
2.44949495e-05 3.78787879e-06 4.99999037e+07 -8.41874025e+01 -6.26332245e+01
2.50000000e-05 3.78787879e-06 4.99999134e+07 -7.66306363e+01 -5.22496272e+01
-2.50000000e-05 4.29292929e-06 4.99996543e+07 -4.65143246e+02 1.06814861e+02
-2.44949495e-05 4.29292929e-06 4.99996415e+07 -4.75201183e+02 1.41480128e+02
-2.39898990e-05 4.29292929e-06 4.99996326e+07 -4.80712812e+02 1.81545988e+02
-2.34848485e-05 4.29292929e-06 4.99996285e+07 -4.80312777e+02 2.27270625e+02
-2.29797980e-05 4.29292929e-06 4.99996302e+07 -4.72439014e+02 2.78741965e+02
-2.24747475e-05 4.29292929e-06 4.99996389e+07 -4.55351509e+02 3.35808557e+02
-2.19696970e-05 4.29292929e-06 4.99996555e+07 -4.27173440e+02 3.98001452e+02
-2.14646465e-05 4.29292929e-06 4.99996809e+07 -3.85960920e+02 4.64451630e+02
-2.09595960e-05 4.29292929e-06 4.99997158e+07 -3.29806907e+02 5.33810544e+02
-2.04545455e-05 4.29292929e-06 4.99997603e+07 -2.56982747e+02 6.04184911e+02
-1.99494949e-05 4.29292929e-06 4.99998142e+07 -1.66116951e+02 6.73100311e+02
-1.94444444e-05 4.29292929e-06 4.99998767e+07 -5.64048126e+01 7.37510652e+02
-1.89393939e-05 4.29292929e-06 4.99999461e+07 7.21653993e+01 7.93870993e+02
-1.84343434e-05 4.29292929e-06 5.00000201e+07 2.18592995e+02 8.38288159e+02
-1.79292929e-05 4.29292929e-06 5.00000957e+07 3.80683999e+02 8.66756067e+02
-1.74242424e-05 4.29292929e-06 5.00001689e+07 5.54946373e+02 8.75470201e+02
-1.69191919e-05 4.29292929e-06 5.00002358e+07 7.36598777e+02 8.61199349e+02
-1.64141414e-05 4.29292929e-06 5.00002920e+07 9.19722062e+02 8.21675097e+02
-1.59090909e-05 4.29292929e-06 5.00003336e+07 1.09756529e+03 7.55945093e+02
-1.54040404e-05 4.29292929e-06 5.00003573e+07 1.26299298e+03 6.64629633e+02
-1.48989899e-05 4.29292929e-06 5.00003608e+07 1.40903209e+03 5.50026887e+02
-1.43939394e-05 4.29292929e-06 5.00003434e+07 1.52945258e+03 4.16031397e+02
-1.38888889e-05 4.29292929e-06 5.00003056e+07 1.61930208e+03 2.67860840e+02
-1.33838384e-05 4.29292929e-06 5.00002493e+07 1.67531744e+03 1.11620760e+02
-1.28787879e-05 4.29292929e-06 5.00001778e+07 1.69615577e+03 -4.62324525e+01
-1.23737374e-05 4.29292929e-06 5.00000951e+07 1.68241904e+03 -1.99451955e+02
-1.18686869e-05 4.29292929e-06 5.00000059e+07 1.63648274e+03 -3.42504527e+02
-1.13636364e-05 4.29292929e-06 4.99999147e+07 1.56216969e+03 -4.70953839e+02
-1.08585859e-05 4.29292929e-06 4.99998258e+07 1.46432957e+03 -5.81685064e+02
-1.03535354e-05 4.29292929e-06 4.99997429e+07 1.34838889e+03 -6.72963397e+02
-9.84848485e-06 4.29292929e-06 4.99996688e+07 1.21992808e+03 -7.44345894e+02
-9.34343434e-06 4.29292929e-06 4.99996056e+07 1.08432585e+03 -7.96484104e+02
-8.83838384e-06 4.29292929e-06 4.99995544e+07 9.46491989e+02 -8.30862512e+02
-8.33333333e-06 4.29292929e-06 4.99995156e+07 8.10692020e+02 -8.49515978e+02
-7.82828283e-06 4.29292929e-06 4.99994889e+07 6.80454999e+02 -8.54761219e+02
-7.32323232e-06 4.29292929e-06 4.99994737e+07 5.58547796e+02 -8.48966431e+02
-6.81818182e-06 4.29292929e-06 4.99994688e+07 4.46997169e+02 -8.34372250e+02
-6.31313131e-06 4.29292929e-06 4.99994729e+07 3.47142160e+02 -8.12968230e+02
-5.80808081e-06 4.29292929e-06 4.99994845e+07 2.59702995e+02 -7.86422473e+02
-5.30303030e-06 4.29292929e-06 4.99995020e+07 1.84857224e+02 -7.56057903e+02
-4.79797980e-06 4.29292929e-06 4.99995241e+07 1.22318084e+02 -7.22866345e+02
-4.29292929e-06 4.29292929e-06 4.99995492e+07 7.14134294e+01 -6.87550480e+02
-3.78787879e-06 4.29292929e-06 4.99995760e+07 3.11653788e+01 -6.50583512e+02
-3.28282828e-06 4.29292929e-06 4.99996035e+07 3.71274550e-01 -6.12276784e+02
-2.77777778e-06 4.29292929e-06 4.99996306e+07 -2.23143027e+01 -5.72846496e+02
-2.27272727e-06 4.29292929e-06 4.99996567e+07 -3.82982200e+01 -5.32472341e+02
-1.76767677e-06 4.29292929e-06 4.99996811e+07 -4.89715314e+01 -4.91342887e+02
-1.26262626e-06 4.29292929e-06 4.99997035e+07 -5.56406831e+01 -4.49685050e+02
-7.57575758e-07 4.29292929e-06 4.99997237e+07 -5.94717378e+01 -4.07777428e+02
-2.52525253e-07 4.29292929e-06 4.99997417e+07 -6.14512752e+01 -3.65949365e+02
2.52525253e-07 4.29292929e-06 4.99997576e+07 -6.23658837e+01 -3.24569090e+02
7.57575758e-07 4.29292929e-06 4.99997714e+07 -6.27999910e+01 -2.84024931e+02
1.26262626e-06 4.29292929e-06 4.99997835e+07 -6.31496811e+01 -2.44703525e+02
1.76767677e-06 4.29292929e-06 4.99997942e+07 -6.36485512e+01 -2.06968336e+02
2.27272727e-06 4.29292929e-06 4.99998035e+07 -6.44008306e+01 -1.71140861e+02
2.77777778e-06 4.29292929e-06 4.99998120e+07 -6.54169744e+01 -1.37485953e+02
3.28282828e-06 4.29292929e-06 4.99998197e+07 -6.66476211e+01 -1.06201840e+02
3.78787879e-06 4.29292929e-06 4.99998269e+07 -6.80129278e+01 -7.74148118e+01
4.29292929e-06 4.29292929e-06 4.99998337e+07 -6.94255850e+01 -5.11780956e+01
4.79797980e-06 4.29292929e-06 4.99998404e+07 -7.08070351e+01 -2.74742242e+01
5.30303030e-06 4.29292929e-06 4.99998471e+07 -7.20973960e+01 -6.22005562e+00
5.80808081e-06 4.29292929e-06 4.99998538e+07 -7.32602597e+01 1.27264323e+01
6.31313131e-06 4.29292929e-06 4.99998607e+07 -7.42838816e+01 2.95584510e+01
6.81818182e-06 4.29292929e-06 4.99998677e+07 -7.51803706e+01 4.45126517e+01
7.32323232e-06 4.29292929e-06 4.99998750e+07 -7.59844044e+01 5.78620888e+01
7.82828283e-06 4.29292929e-06 4.99998825e+07 -7.67528418e+01 6.99105640e+01
8.33333333e-06 4.29292929e-06 4.99998904e+07 -7.75664708e+01 8.09888831e+01
8.83838384e-06 4.29292929e-06 4.99998988e+07 -7.85351087e+01 9.14533525e+01
9.34343434e-06 4.29292929e-06 4.99999077e+07 -7.98074313e+01 1.01686539e+02
9.84848485e-06 4.29292929e-06 4.99999173e+07 -8.15873211e+01 1.12099771e+02
1.03535354e-05 4.29292929e-06 4.99999281e+07 -8.41592375e+01 1.23135830e+02
1.08585859e-05 4.29292929e-06 4.99999403e+07 -8.79260759e+01 1.35268208e+02
1.13636364e-05 4.29292929e-06 4.99999548e+07 -9.34639182e+01 1.48989074e+02
1.18686869e-05 4.29292929e-06 4.99999723e+07 -1.01597822e+02 1.64769493e+02
1.23737374e-05 4.29292929e-06 4.99999942e+07 -1.13497868e+02 1.82958372e+02
1.28787879e-05 4.29292929e-06 5.00000221e+07 -1.30775194e+02 2.03554169e+02
1.33838384e-05 4.29292929e-06 5.00000579e+07 -1.55497879e+02 2.25728406e+02
1.38888889e-05 4.29292929e-06 5.00001035e+07 -1.89886272e+02 2.46912055e+02
1.43939394e-05 4.29292929e-06 5.00001595e+07 -2.35079759e+02 2.61277529e+02
1.48989899e-05 4.29292929e-06 5.00002226e+07 -2.87761615e+02 2.57985760e+02
1.54040404e-05 4.29292929e-06 5.00002826e+07 -3.33431108e+02 2.21698972e+02
1.59090909e-05 4.29292929e-06 5.00003225e+07 -3.39662520e+02 1.42023482e+02
1.64141414e-05 4.29292929e-06 5.00003330e+07 -2.66909565e+02 3.60105141e+01
1.69191919e-05 4.29292929e-06 5.00003325e+07 -1.15243132e+02 -4.28497740e+01
1.74242424e-05 4.29292929e-06 5.00003498e+07 4.50086791e+01 -5.35678320e+01
1.79292929e-05 4.29292929e-06 5.00003779e+07 1.38123444e+02 -1.63294480e+01
1.84343434e-05 4.29292929e-06 5.00003872e+07 1.51107317e+02 2.52839096e+01
1.89393939e-05 4.29292929e-06 5.00003653e+07 1.10799944e+02 4.99483401e+01
1.94444444e-05 4.29292929e-06 5.00003175e+07 4.54544757e+01 5.47234541e+01
1.99494949e-05 4.29292929e-06 5.00002534e+07 -2.36663878e+01 4.21957176e+01
2.04545455e-05 4.29292929e-06 5.00001821e+07 -8.12405940e+01 1.79008380e+01
2.09595960e-05 4.29292929e-06 5.00001122e+07 -1.19262820e+02 -1.02871542e+01
2.14646465e-05 4.29292929e-06 5.00000515e+07 -1.37480762e+02 -3.50994064e+01
2.19696970e-05 4.29292929e-06 5.00000041e+07 -1.40617060e+02 -5.24618400e+01
2.24747475e-05 4.29292929e-06 4.99999709e+07 -1.34640540e+02 -6.17006526e+01
2.29797980e-05 4.29292929e-06 4.99999502e+07 -1.24431113e+02 -6.42038268e+01
2.34848485e-05 4.29292929e-06 4.99999392e+07 -1.13130281e+02 -6.20170636e+01
2.39898990e-05 4.29292929e-06 4.99999351e+07 -1.02411316e+02 -5.70175109e+01
2.44949495e-05 4.29292929e-06 4.99999356e+07 -9.29839657e+01 -5.06172577e+01
2.50000000e-05 4.29292929e-06 4.99999390e+07 -8.50202521e+01 -4.37573600e+01
-2.50000000e-05 4.79797980e-06 4.99996281e+07 -4.97148940e+02 9.30497644e+01
-2.44949495e-05 4.79797980e-06 4.99996102e+07 -5.12718775e+02 1.27733605e+02
-2.39898990e-05 4.79797980e-06 4.99995960e+07 -5.24147747e+02 1.68461342e+02
-2.34848485e-05 4.79797980e-06 4.99995867e+07 -5.29938026e+02 2.15669644e+02
-2.29797980e-05 4.79797980e-06 4.99995835e+07 -5.28326304e+02 2.69636101e+02
-2.24747475e-05 4.79797980e-06 4.99995877e+07 -5.17289469e+02 3.30397496e+02
-2.19696970e-05 4.79797980e-06 4.99996007e+07 -4.94575458e+02 3.97652931e+02
-2.14646465e-05 4.79797980e-06 4.99996237e+07 -4.57768613e+02 4.70655702e+02
-2.09595960e-05 4.79797980e-06 4.99996577e+07 -4.04399055e+02 5.48101828e+02
-2.04545455e-05 4.79797980e-06 4.99997033e+07 -3.32103946e+02 6.28028130e+02
-1.99494949e-05 4.79797980e-06 4.99997605e+07 -2.38844452e+02 7.07738183e+02
-1.94444444e-05 4.79797980e-06 4.99998286e+07 -1.23174778e+02 7.83779368e+02
-1.89393939e-05 4.79797980e-06 4.99999062e+07 1.54512615e+01 8.51996893e+02
-1.84343434e-05 4.79797980e-06 4.99999905e+07 1.76364404e+02 9.07688925e+02
-1.79292929e-05 4.79797980e-06 5.00000779e+07 3.57397705e+02 9.45878862e+02
-1.74242424e-05 4.79797980e-06 5.00001642e+07 5.54692567e+02 9.61704857e+02
-1.69191919e-05 4.79797980e-06 5.00002440e+07 7.62651913e+02 9.50903567e+02
-1.64141414e-05 4.79797980e-06 5.00003122e+07 9.74091254e+02 9.10338132e+02
-1.59090909e-05 4.79797980e-06 5.00003636e+07 1.18061490e+03 8.38495850e+02
-1.54040404e-05 4.79797980e-06 5.00003940e+07 1.37320703e+03 7.35867193e+02
-1.48989899e-05 4.79797980e-06 5.00004006e+07 1.54298198e+03 6.05122303e+02
-1.43939394e-05 4.79797980e-06 5.00003822e+07 1.68199693e+03 4.51027544e+02
-1.38888889e-05 4.79797980e-06 5.00003396e+07 1.78400529e+03 2.80089789e+02
-1.33838384e-05 4.79797980e-06 5.00002753e+07 1.84503091e+03 9.99697044e+01
-1.28787879e-05 4.79797980e-06 5.00001935e+07 1.86367396e+03 -8.12474043e+01
-1.23737374e-05 4.79797980e-06 5.00000993e+07 1.84111061e+03 -2.55807228e+02
-1.18686869e-05 4.79797980e-06 4.99999985e+07 1.78080730e+03 -4.16952678e+02
-1.13636364e-05 4.79797980e-06 4.99998967e+07 1.68801945e+03 -5.59410805e+02
-1.08585859e-05 4.79797980e-06 4.99997989e+07 1.56917227e+03 -6.79653067e+02
-1.03535354e-05 4.79797980e-06 4.99997092e+07 1.43122493e+03 -7.75927651e+02
-9.84848485e-06 4.79797980e-06 4.99996308e+07 1.28110112e+03 -8.48100303e+02
-9.34343434e-06 4.79797980e-06 4.99995656e+07 1.12523987e+03 -8.97362629e+02
-8.83838384e-06 4.79797980e-06 4.99995144e+07 9.69288432e+02 -9.25872886e+02
-8.33333333e-06 4.79797980e-06 4.99994775e+07 8.17932664e+02 -9.36387310e+02
-7.82828283e-06 4.79797980e-06 4.99994540e+07 6.74842764e+02 -9.31925363e+02
-7.32323232e-06 4.79797980e-06 4.99994428e+07 5.42704152e+02 -9.15495385e+02
-6.81818182e-06 4.79797980e-06 4.99994424e+07 4.23302920e+02 -8.89891889e+02
-6.31313131e-06 4.79797980e-06 4.99994512e+07 3.17639743e+02 -8.57564203e+02
-5.80808081e-06 4.79797980e-06 4.99994674e+07 2.26053016e+02 -8.20548731e+02
-5.30303030e-06 4.79797980e-06 4.99994894e+07 1.48339097e+02 -7.80453302e+02
-4.79797980e-06 4.79797980e-06 4.99995155e+07 8.38636774e+01 -7.38480802e+02
-4.29292929e-06 4.79797980e-06 4.99995442e+07 3.16626852e+01 -6.95479652e+02
-3.78787879e-06 4.79797980e-06 4.99995744e+07 -9.46633857e+00 -6.52009905e+02
-3.28282828e-06 4.79797980e-06 4.99996049e+07 -4.08805936e+01 -6.08415366e+02
-2.77777778e-06 4.79797980e-06 4.99996348e+07 -6.40147817e+01 -5.64893952e+02
-2.27272727e-06 4.79797980e-06 4.99996634e+07 -8.03101298e+01 -5.21560440e+02
-1.76767677e-06 4.79797980e-06 4.99996901e+07 -9.11509033e+01 -4.78497696e+02
-1.26262626e-06 4.79797980e-06 4.99997147e+07 -9.78106670e+01 -4.35794386e+02
-7.57575758e-07 4.79797980e-06 4.99997370e+07 -1.01410911e+02 -3.93568878e+02
-2.52525253e-07 4.79797980e-06 4.99997568e+07 -1.02894209e+02 -3.51980431e+02
2.52525253e-07 4.79797980e-06 4.99997743e+07 -1.03012928e+02 -3.11229686e+02
7.57575758e-07 4.79797980e-06 4.99997896e+07 -1.02332949e+02 -2.71551016e+02
1.26262626e-06 4.79797980e-06 4.99998029e+07 -1.01250235e+02 -2.33199379e+02
1.76767677e-06 4.79797980e-06 4.99998144e+07 -1.00016847e+02 -1.96434159e+02
2.27272727e-06 4.79797980e-06 4.99998244e+07 -9.87722785e+01 -1.61502168e+02
2.77777778e-06 4.79797980e-06 4.99998332e+07 -9.75759837e+01 -1.28621569e+02
3.28282828e-06 4.79797980e-06 4.99998411e+07 -9.64375740e+01 -9.79680702e+01
3.78787879e-06 4.79797980e-06 4.99998482e+07 -9.53421583e+01 -6.96643422e+01
4.29292929e-06 4.79797980e-06 4.99998549e+07 -9.42695023e+01 -4.37731597e+01
4.79797980e-06 4.79797980e-06 4.99998614e+07 -9.32068095e+01 -2.02944197e+01
5.30303030e-06 4.79797980e-06 4.99998678e+07 -9.21558417e+01 8.34214059e-01
5.80808081e-06 4.79797980e-06 4.99998743e+07 -9.11356908e+01 1.97335837e+01
6.31313131e-06 4.79797980e-06 4.99998809e+07 -9.01827966e+01 3.65769981e+01
6.81818182e-06 4.79797980e-06 4.99998879e+07 -8.93498200e+01 5.15827710e+01
7.32323232e-06 4.79797980e-06 4.99998952e+07 -8.87048233e+01 6.50062213e+01
7.82828283e-06 4.79797980e-06 4.99999030e+07 -8.83319695e+01 7.71318872e+01
8.33333333e-06 4.79797980e-06 4.99999114e+07 -8.83347331e+01 8.82664485e+01
8.83838384e-06 4.79797980e-06 4.99999204e+07 -8.88424580e+01 9.87324384e+01
9.34343434e-06 4.79797980e-06 4.99999302e+07 -9.00210538e+01 1.08862212e+02
9.84848485e-06 4.79797980e-06 4.99999410e+07 -9.20886304e+01 1.18990695e+02
1.03535354e-05 4.79797980e-06 4.99999532e+07 -9.53368129e+01 1.29443891e+02
1.08585859e-05 4.79797980e-06 4.99999671e+07 -1.00157967e+02 1.40517577e+02
1.13636364e-05 4.79797980e-06 4.99999832e+07 -1.07076742e+02 1.52436235e+02
1.18686869e-05 4.79797980e-06 5.00000024e+07 -1.16779229e+02 1.65275189e+02
1.23737374e-05 4.79797980e-06 5.00000252e+07 -1.30120450e+02 1.78818200e+02
1.28787879e-05 4.79797980e-06 5.00000527e+07 -1.48062407e+02 1.92310118e+02
1.33838384e-05 4.79797980e-06 5.00000853e+07 -1.71436679e+02 2.04060643e+02
1.38888889e-05 4.79797980e-06 5.00001230e+07 -2.00324574e+02 2.10900489e+02
1.43939394e-05 4.79797980e-06 5.00001639e+07 -2.32735276e+02 2.07690093e+02
1.48989899e-05 4.79797980e-06 5.00002034e+07 -2.62362734e+02 1.87616420e+02
1.54040404e-05 4.79797980e-06 5.00002342e+07 -2.76211574e+02 1.44883402e+02
1.59090909e-05 4.79797980e-06 5.00002494e+07 -2.55698793e+02 8.13054789e+01
1.64141414e-05 4.79797980e-06 5.00002498e+07 -1.87285002e+02 1.35955408e+01
1.69191919e-05 4.79797980e-06 5.00002485e+07 -8.07229229e+01 -3.06660196e+01
1.74242424e-05 4.79797980e-06 5.00002592e+07 2.69916223e+01 -3.43510153e+01
1.79292929e-05 4.79797980e-06 5.00002800e+07 9.72077905e+01 -6.32798003e+00
1.84343434e-05 4.79797980e-06 5.00002966e+07 1.16054045e+02 3.03316431e+01
1.89393939e-05 4.79797980e-06 5.00002969e+07 9.30414914e+01 5.78679341e+01
1.94444444e-05 4.79797980e-06 5.00002776e+07 4.60172921e+01 6.92625198e+01
1.99494949e-05 4.79797980e-06 5.00002417e+07 -8.25432263e+00 6.47364483e+01
2.04545455e-05 4.79797980e-06 5.00001950e+07 -5.72531071e+01 4.84296710e+01
2.09595960e-05 4.79797980e-06 5.00001443e+07 -9.38138468e+01 2.62709453e+01
2.14646465e-05 4.79797980e-06 5.00000958e+07 -1.16021605e+02 3.95373775e+00
2.19696970e-05 4.79797980e-06 5.00000539e+07 -1.25719789e+02 -1.46087833e+01
2.24747475e-05 4.79797980e-06 5.00000208e+07 -1.26424009e+02 -2.77168366e+01
2.29797980e-05 4.79797980e-06 4.99999967e+07 -1.21676867e+02 -3.53896074e+01
2.34848485e-05 4.79797980e-06 4.99999806e+07 -1.14239010e+02 -3.85689727e+01
2.39898990e-05 4.79797980e-06 4.99999708e+07 -1.05933969e+02 -3.84730765e+01
2.44949495e-05 4.79797980e-06 4.99999658e+07 -9.78112292e+01 -3.62287063e+01
2.50000000e-05 4.79797980e-06 4.99999643e+07 -9.03871619e+01 -3.27274529e+01
-2.50000000e-05 5.30303030e-06 4.99996043e+07 -5.28603782e+02 7.72399597e+01
-2.44949495e-05 5.30303030e-06 4.99995807e+07 -5.50227801e+02 1.11300495e+02
-2.39898990e-05 5.30303030e-06 4.99995604e+07 -5.68301676e+02 1.52021958e+02
-2.34848485e-05 5.30303030e-06 4.99995448e+07 -5.81217346e+02 2.00056394e+02
-2.29797980e-05 5.30303030e-06 4.99995354e+07 -5.87023293e+02 2.55922452e+02
-2.24747475e-05 5.30303030e-06 4.99995338e+07 -5.83410697e+02 3.19911916e+02
-2.19696970e-05 5.30303030e-06 4.99995417e+07 -5.67726224e+02 3.91972952e+02
-2.14646465e-05 5.30303030e-06 4.99995608e+07 -5.37024488e+02 4.71572371e+02
-2.09595960e-05 5.30303030e-06 4.99995925e+07 -4.88174870e+02 5.57544036e+02
-2.04545455e-05 5.30303030e-06 4.99996380e+07 -4.18037041e+02 6.47937344e+02
-1.99494949e-05 5.30303030e-06 4.99996977e+07 -3.23715897e+02 7.39887906e+02
-1.94444444e-05 5.30303030e-06 4.99997712e+07 -2.02898212e+02 8.29541121e+02
-1.89393939e-05 5.30303030e-06 4.99998571e+07 -5.42590749e+01 9.12065994e+02
-1.84343434e-05 5.30303030e-06 4.99999528e+07 1.22093782e+02 9.81798187e+02
-1.79292929e-05 5.30303030e-06 5.00000540e+07 3.24193183e+02 1.03254398e+03
-1.74242424e-05 5.30303030e-06 5.00001555e+07 5.47880725e+02 1.05805747e+03
-1.69191919e-05 5.30303030e-06 5.00002511e+07 7.86660451e+02 1.05267115e+03
-1.64141414e-05 5.30303030e-06 5.00003340e+07 1.03182338e+03 1.01201830e+03
-1.59090909e-05 5.30303030e-06 5.00003976e+07 1.27289833e+03 9.33744273e+02
-1.54040404e-05 5.30303030e-06 5.00004366e+07 1.49842908e+03 8.18075306e+02
-1.48989899e-05 5.30303030e-06 5.00004470e+07 1.69700586e+03 6.68113557e+02
-1.43939394e-05 5.30303030e-06 5.00004273e+07 1.85840953e+03 4.89762417e+02
-1.38888889e-05 5.30303030e-06 5.00003785e+07 1.97468163e+03 2.91255139e+02
-1.33838384e-05 5.30303030e-06 5.00003041e+07 2.04093317e+03 8.23447770e+01
-1.28787879e-05 5.30303030e-06 5.00002093e+07 2.05575267e+03 -1.26710456e+02
-1.23737374e-05 5.30303030e-06 5.00001008e+07 2.02115853e+03 -3.26189379e+02
-1.18686869e-05 5.30303030e-06 4.99999859e+07 1.94213609e+03 -5.07803734e+02
-1.13636364e-05 5.30303030e-06 4.99998714e+07 1.82587679e+03 -6.65319438e+02
-1.08585859e-05 5.30303030e-06 4.99997632e+07 1.68087678e+03 -7.94844994e+02
-1.03535354e-05 5.30303030e-06 4.99996662e+07 1.51604949e+03 -8.94800536e+02
-9.84848485e-06 5.30303030e-06 4.99995835e+07 1.33997132e+03 -9.65635005e+02
-9.34343434e-06 5.30303030e-06 4.99995169e+07 1.16032792e+03 -1.00938599e+03
-8.83838384e-06 5.30303030e-06 4.99994670e+07 9.83578101e+02 -1.02917776e+03
-8.33333333e-06 5.30303030e-06 4.99994333e+07 8.14813628e+02 -1.02873569e+03
-7.82828283e-06 5.30303030e-06 4.99994144e+07 6.57771553e+02 -1.01196940e+03
-7.32323232e-06 5.30303030e-06 4.99994088e+07 5.14948640e+02 -9.82651053e+02
-6.81818182e-06 5.30303030e-06 4.99994144e+07 3.87771779e+02 -9.44194210e+02
-6.31313131e-06 5.30303030e-06 4.99994291e+07 2.76788216e+02 -8.99524632e+02
-5.80808081e-06 5.30303030e-06 4.99994511e+07 1.81851150e+02 -8.51026963e+02
-5.30303030e-06 5.30303030e-06 4.99994783e+07 1.02287047e+02 -8.00548718e+02
-4.79797980e-06 5.30303030e-06 4.99995091e+07 3.70393214e+01 -7.49443778e+02
-4.29292929e-06 5.30303030e-06 4.99995421e+07 -1.52113477e+01 -6.98640017e+02
-3.78787879e-06 5.30303030e-06 4.99995759e+07 -5.59468851e+01 -6.48718697e+02
-3.28282828e-06 5.30303030e-06 4.99996096e+07 -8.67277801e+01 -5.99996286e+02
-2.77777778e-06 5.30303030e-06 4.99996423e+07 -1.09121628e+02 -5.52601995e+02
-2.27272727e-06 5.30303030e-06 4.99996733e+07 -1.24642105e+02 -5.06546644e+02
-1.76767677e-06 5.30303030e-06 4.99997023e+07 -1.34697803e+02 -4.61780275e+02
-1.26262626e-06 5.30303030e-06 4.99997288e+07 -1.40551645e+02 -4.18237424e+02
-7.57575758e-07 5.30303030e-06 4.99997528e+07 -1.43292277e+02 -3.75869993e+02
-2.52525253e-07 5.30303030e-06 4.99997742e+07 -1.43818735e+02 -3.34668408e+02
2.52525253e-07 5.30303030e-06 4.99997930e+07 -1.42838862e+02 -2.94672161e+02
7.57575758e-07 5.30303030e-06 4.99998094e+07 -1.40880690e+02 -2.55971124e+02
1.26262626e-06 5.30303030e-06 4.99998236e+07 -1.38314541e+02 -2.18699196e+02
1.76767677e-06 5.30303030e-06 4.99998357e+07 -1.35382476e+02 -1.83022042e+02
2.27272727e-06 5.30303030e-06 4.99998461e+07 -1.32231065e+02 -1.49120857e+02
2.77777778e-06 5.30303030e-06 4.99998551e+07 -1.28943532e+02 -1.17174220e+02
3.28282828e-06 5.30303030e-06 4.99998629e+07 -1.25567987e+02 -8.73401282e+01
3.78787879e-06 5.30303030e-06 4.99998700e+07 -1.22139589e+02 -5.97400574e+01
4.29292929e-06 5.30303030e-06 4.99998764e+07 -1.18695744e+02 -3.44465720e+01
4.79797980e-06 5.30303030e-06 4.99998825e+07 -1.15284645e+02 -1.14753958e+01
5.30303030e-06 5.30303030e-06 4.99998886e+07 -1.11968340e+02 9.21772346e+00
5.80808081e-06 5.30303030e-06 4.99998948e+07 -1.08822042e+02 2.77356307e+01
6.31313131e-06 5.30303030e-06 4.99999012e+07 -1.05931563e+02 4.42345905e+01
6.81818182e-06 5.30303030e-06 4.99999080e+07 -1.03390572e+02 5.89163349e+01
7.32323232e-06 5.30303030e-06 4.99999154e+07 -1.01299094e+02 7.20184030e+01
7.82828283e-06 5.30303030e-06 4.99999233e+07 -9.97642236e+01 8.38036834e+01
8.33333333e-06 5.30303030e-06 4.99999319e+07 -9.89036332e+01 9.45497103e+01
8.83838384e-06 5.30303030e-06 4.99999413e+07 -9.88521495e+01 1.04537700e+02
9.34343434e-06 5.30303030e-06 4.99999516e+07 -9.97713176e+01 1.14040532e+02
9.84848485e-06 5.30303030e-06 4.99999631e+07 -1.01861525e+02 1.23307830e+02
1.03535354e-05 5.30303030e-06 4.99999759e+07 -1.05375521e+02 1.32544792e+02
1.08585859e-05 5.30303030e-06 4.99999904e+07 -1.10630636e+02 1.41879411e+02
1.13636364e-05 5.30303030e-06 5.00000070e+07 -1.18013733e+02 1.51309976e+02
1.18686869e-05 5.30303030e-06 5.00000259e+07 -1.27966298e+02 1.60621709e+02
1.23737374e-05 5.30303030e-06 5.00000475e+07 -1.40924729e+02 1.69259795e+02
1.28787879e-05 5.30303030e-06 5.00000721e+07 -1.57169902e+02 1.76151446e+02
1.33838384e-05 5.30303030e-06 5.00000992e+07 -1.76511411e+02 1.79495779e+02
1.38888889e-05 5.30303030e-06 5.00001279e+07 -1.97712309e+02 1.76614676e+02
1.43939394e-05 5.30303030e-06 5.00001558e+07 -2.17614262e+02 1.64115618e+02
1.48989899e-05 5.30303030e-06 5.00001793e+07 -2.30204332e+02 1.38840745e+02
1.54040404e-05 5.30303030e-06 5.00001946e+07 -2.26558173e+02 1.00104319e+02
1.59090909e-05 5.30303030e-06 5.00001997e+07 -1.97431263e+02 5.28405935e+01
1.64141414e-05 5.30303030e-06 5.00001978e+07 -1.39567041e+02 9.00347927e+00
1.69191919e-05 5.30303030e-06 5.00001972e+07 -6.23623077e+01 -1.68059765e+01
1.74242424e-05 5.30303030e-06 5.00002049e+07 1.31294287e+01 -1.67925717e+01
1.79292929e-05 5.30303030e-06 5.00002206e+07 6.54769410e+01 4.31329296e+00
1.84343434e-05 5.30303030e-06 5.00002366e+07 8.44195512e+01 3.36047406e+01
1.89393939e-05 5.30303030e-06 5.00002446e+07 7.27086040e+01 5.87200628e+01
1.94444444e-05 5.30303030e-06 5.00002395e+07 4.05210715e+01 7.26706058e+01
1.99494949e-05 5.30303030e-06 5.00002211e+07 -4.68250982e-01 7.39037741e+01
2.04545455e-05 5.30303030e-06 5.00001921e+07 -4.05439668e+01 6.45715537e+01
2.09595960e-05 5.30303030e-06 5.00001569e+07 -7.34242618e+01 4.86881605e+01
2.14646465e-05 5.30303030e-06 5.00001202e+07 -9.64281242e+01 3.05268802e+01
2.19696970e-05 5.30303030e-06 5.00000857e+07 -1.09710963e+02 1.34736132e+01
2.24747475e-05 5.30303030e-06 5.00000559e+07 -1.15062218e+02 -4.62523626e-01
2.29797980e-05 5.30303030e-06 5.00000320e+07 -1.14800216e+02 -1.05527224e+01
2.34848485e-05 5.30303030e-06 5.00000139e+07 -1.11061269e+02 -1.69502977e+01
2.39898990e-05 5.30303030e-06 5.00000011e+07 -1.05493740e+02 -2.02629032e+01
2.44949495e-05 5.30303030e-06 4.99999927e+07 -9.92220165e+01 -2.12356554e+01
2.50000000e-05 5.30303030e-06 4.99999876e+07 -9.29367362e+01 -2.05693219e+01
-2.50000000e-05 5.80808081e-06 4.99995840e+07 -5.58847248e+02 5.96644269e+01
-2.44949495e-05 5.80808081e-06 4.99995540e+07 -5.87010552e+02 9.23625491e+01
-2.39898990e-05 5.80808081e-06 4.99995268e+07 -6.12428634e+02 1.32275508e+02
-2.34848485e-05 5.80808081e-06 4.99995038e+07 -6.33420658e+02 1.80305840e+02
-2.29797980e-05 5.80808081e-06 4.99994869e+07 -6.47877493e+02 2.37266821e+02
-2.24747475e-05 5.80808081e-06 4.99994778e+07 -6.53220519e+02 3.03779984e+02
-2.19696970e-05 5.80808081e-06 4.99994789e+07 -6.46386019e+02 3.80139347e+02
-2.14646465e-05 5.80808081e-06 4.99994921e+07 -6.23852327e+02 4.66141479e+02
-2.09595960e-05 5.80808081e-06 4.99995197e+07 -5.81730865e+02 5.60886081e+02
-2.04545455e-05 5.80808081e-06 4.99995633e+07 -5.15944315e+02 6.62560376e+02
-1.99494949e-05 5.80808081e-06 4.99996241e+07 -4.22513385e+02 7.68232302e+02
-1.94444444e-05 5.80808081e-06 4.99997023e+07 -2.97965420e+02 8.73691360e+02
-1.89393939e-05 5.80808081e-06 4.99997967e+07 -1.39860873e+02 9.73389308e+02
-1.84343434e-05 5.80808081e-06 4.99999047e+07 5.25939045e+01 1.06054121e+03
-1.79292929e-05 5.80808081e-06 5.00000216e+07 2.77915379e+02 1.12744413e+03
-1.74242424e-05 5.80808081e-06 5.00001412e+07 5.31799718e+02 1.16604931e+03
-1.69191919e-05 5.80808081e-06 5.00002559e+07 8.06804144e+02 1.16878032e+03
-1.64141414e-05 5.80808081e-06 5.00003570e+07 1.09239384e+03 1.12952619e+03
-1.59090909e-05 5.80808081e-06 5.00004361e+07 1.37546070e+03 1.04466827e+03
-1.54040404e-05 5.80808081e-06 5.00004859e+07 1.64133997e+03 9.13944696e+02
-1.48989899e-05 5.80808081e-06 5.00005012e+07 1.87523634e+03 7.40942612e+02
-1.43939394e-05 5.80808081e-06 5.00004799e+07 2.06385200e+03 5.33055518e+02
-1.38888889e-05 5.80808081e-06 5.00004232e+07 2.19692723e+03 3.00849357e+02
-1.33838384e-05 5.80808081e-06 5.00003357e+07 2.26839610e+03 5.69196028e+01
-1.28787879e-05 5.80808081e-06 5.00002245e+07 2.27693614e+03 -1.85552110e+02
-1.23737374e-05 5.80808081e-06 5.00000982e+07 2.22583192e+03 -4.14263986e+02
-1.18686869e-05 5.80808081e-06 4.99999660e+07 2.12222959e+03 -6.19015281e+02
-1.13636364e-05 5.80808081e-06 4.99998364e+07 1.97598200e+03 -7.92496820e+02
-1.08585859e-05 5.80808081e-06 4.99997166e+07 1.79833810e+03 -9.30583304e+02
-1.03535354e-05 5.80808081e-06 4.99996119e+07 1.60071211e+03 -1.03217328e+03
-9.84848485e-06 5.80808081e-06 4.99995255e+07 1.39369889e+03 -1.09869977e+03
-9.34343434e-06 5.80808081e-06 4.99994588e+07 1.18641338e+03 -1.13346357e+03
-8.83838384e-06 5.80808081e-06 4.99994118e+07 9.86153433e+02 -1.14092961e+03
-8.33333333e-06 5.80808081e-06 4.99993832e+07 7.98332452e+02 -1.12608945e+03
-7.82828283e-06 5.80808081e-06 4.99993709e+07 6.26603533e+02 -1.09394968e+03
-7.32323232e-06 5.80808081e-06 4.99993727e+07 4.73096321e+02 -1.04916657e+03
-6.81818182e-06 5.80808081e-06 4.99993859e+07 3.38700727e+02 -9.95820011e+02
-6.31313131e-06 5.80808081e-06 4.99994080e+07 2.23350808e+02 -9.37304095e+02
-5.80808081e-06 5.80808081e-06 4.99994367e+07 1.26280799e+02 -8.76305843e+02
-5.30303030e-06 5.80808081e-06 4.99994701e+07 4.62406211e+01 -8.14844246e+02
-4.79797980e-06 5.80808081e-06 4.99995063e+07 -1.83311718e+01 -7.54345879e+02
-4.29292929e-06 5.80808081e-06 4.99995438e+07 -6.91726361e+01 -6.95738726e+02
-3.78787879e-06 5.80808081e-06 4.99995815e+07 -1.08094693e+02 -6.39551097e+02
-3.28282828e-06 5.80808081e-06 4.99996184e+07 -1.36900865e+02 -5.86007007e+02
-2.77777778e-06 5.80808081e-06 4.99996538e+07 -1.57324213e+02 -5.35112933e+02
-2.27272727e-06 5.80808081e-06 4.99996871e+07 -1.70977239e+02 -4.86733417e+02
-1.76767677e-06 5.80808081e-06 4.99997180e+07 -1.79312683e+02 -4.40654685e+02
-1.26262626e-06 5.80808081e-06 4.99997462e+07 -1.83594989e+02 -3.96636417e+02
-7.57575758e-07 5.80808081e-06 4.99997716e+07 -1.84883302e+02 -3.54452201e+02
-2.52525253e-07 5.80808081e-06 4.99997942e+07 -1.84027074e+02 -3.13919149e+02
2.52525253e-07 5.80808081e-06 4.99998139e+07 -1.81674655e+02 -2.74917041e+02
7.57575758e-07 5.80808081e-06 4.99998311e+07 -1.78293943e+02 -2.37397228e+02
1.26262626e-06 5.80808081e-06 4.99998458e+07 -1.74202587e+02 -2.01381767e+02
1.76767677e-06 5.80808081e-06 4.99998582e+07 -1.69603943e+02 -1.66953747e+02
2.27272727e-06 5.80808081e-06 4.99998688e+07 -1.64624308e+02 -1.34240514e+02
2.77777778e-06 5.80808081e-06 4.99998777e+07 -1.59347123e+02 -1.03392215e+02
3.28282828e-06 5.80808081e-06 4.99998853e+07 -1.53840783e+02 -7.45585668e+01
3.78787879e-06 5.80808081e-06 4.99998920e+07 -1.48178121e+02 -4.78667967e+01
4.29292929e-06 5.80808081e-06 4.99998980e+07 -1.42447221e+02 -2.34033079e+01
4.79797980e-06 5.80808081e-06 4.99999037e+07 -1.36754588e+02 -1.20084711e+00
5.30303030e-06 5.80808081e-06 4.99999094e+07 -1.31222663e+02 1.87679838e+01
5.80808081e-06 5.80808081e-06 4.99999151e+07 -1.25984080e+02 3.65909626e+01
6.31313131e-06 5.80808081e-06 4.99999213e+07 -1.21175037e+02 5.24110632e+01
6.81818182e-06 5.80808081e-06 4.99999279e+07 -1.16929726e+02 6.64171418e+01
7.32323232e-06 5.80808081e-06 4.99999351e+07 -1.13377172e+02 7.88319080e+01
7.82828283e-06 5.80808081e-06 4.99999430e+07 -1.10641182e+02 8.98984067e+01
8.33333333e-06 5.80808081e-06 4.99999517e+07 -1.08843457e+02 9.98657780e+01
8.83838384e-06 5.80808081e-06 4.99999613e+07 -1.08109423e+02 1.08974401e+02
9.34343434e-06 5.80808081e-06 4.99999718e+07 -1.08575795e+02 1.17439697e+02
9.84848485e-06 5.80808081e-06 4.99999834e+07 -1.10398308e+02 1.25432917e+02
1.03535354e-05 5.80808081e-06 4.99999962e+07 -1.13757013e+02 1.33056180e+02
1.08585859e-05 5.80808081e-06 5.00000105e+07 -1.18854780e+02 1.40307988e+02
1.13636364e-05 5.80808081e-06 5.00000264e+07 -1.25901455e+02 1.47034788e+02
1.18686869e-05 5.80808081e-06 5.00000439e+07 -1.35070944e+02 1.52864888e+02
1.23737374e-05 5.80808081e-06 5.00000631e+07 -1.46410927e+02 1.57125583e+02
1.28787879e-05 5.80808081e-06 5.00000838e+07 -1.59676683e+02 1.58757425e+02
1.33838384e-05 5.80808081e-06 5.00001051e+07 -1.74058927e+02 1.56268911e+02
1.38888889e-05 5.80808081e-06 5.00001259e+07 -1.87800837e+02 1.47827641e+02
1.43939394e-05 5.80808081e-06 5.00001443e+07 -1.97791666e+02 1.31651125e+02
1.48989899e-05 5.80808081e-06 5.00001580e+07 -1.99428265e+02 1.06876875e+02
1.54040404e-05 5.80808081e-06 5.00001653e+07 -1.87309250e+02 7.48920046e+01
1.59090909e-05 5.80808081e-06 5.00001664e+07 -1.57345667e+02 4.05062543e+01
1.64141414e-05 5.80808081e-06 5.00001645e+07 -1.10009043e+02 1.16058934e+01
1.69191919e-05 5.80808081e-06 5.00001647e+07 -5.26393305e+01 -3.80759321e+00
1.74242424e-05 5.80808081e-06 5.00001709e+07 2.04535049e+00 -2.01505917e+00
1.79292929e-05 5.80808081e-06 5.00001829e+07 4.14066002e+01 1.40881169e+01
1.84343434e-05 5.80808081e-06 5.00001966e+07 5.84197737e+01 3.68533733e+01
1.89393939e-05 5.80808081e-06 5.00002064e+07 5.33977511e+01 5.80397459e+01
1.94444444e-05 5.80808081e-06 5.00002079e+07 3.19539300e+01 7.19720289e+01
1.99494949e-05 5.80808081e-06 5.00001996e+07 1.75325126e+00 7.64630737e+01
2.04545455e-05 5.80808081e-06 5.00001824e+07 -3.00631211e+01 7.22155363e+01
2.09595960e-05 5.80808081e-06 5.00001588e+07 -5.82993130e+01 6.16683828e+01
2.14646465e-05 5.80808081e-06 5.00001319e+07 -8.01257969e+01 4.78375644e+01
2.19696970e-05 5.80808081e-06 5.00001047e+07 -9.47880751e+01 3.34312158e+01
2.24747475e-05 5.80808081e-06 5.00000795e+07 -1.02941393e+02 2.03717302e+01
2.29797980e-05 5.80808081e-06 5.00000577e+07 -1.05937400e+02 9.70360611e+00
2.34848485e-05 5.80808081e-06 5.00000398e+07 -1.05275504e+02 1.75059723e+00
2.39898990e-05 5.80808081e-06 5.00000259e+07 -1.02283828e+02 -3.63598535e+00
2.44949495e-05 5.80808081e-06 5.00000156e+07 -9.79925632e+01 -6.84741488e+00
2.50000000e-05 5.80808081e-06 5.00000083e+07 -9.31273517e+01 -8.35259510e+00
-2.50000000e-05 6.31313131e-06 4.99995684e+07 -5.87145198e+02 4.07779873e+01
-2.44949495e-05 6.31313131e-06 4.99995315e+07 -6.22236633e+02 7.12883846e+01
-2.39898990e-05 6.31313131e-06 4.99994965e+07 -6.55625759e+02 1.09457670e+02
-2.34848485e-05 6.31313131e-06 4.99994650e+07 -6.85614563e+02 1.56467864e+02
-2.29797980e-05 6.31313131e-06 4.99994390e+07 -7.09989464e+02 2.13478115e+02
-2.24747475e-05 6.31313131e-06 4.99994207e+07 -7.25943912e+02 2.81518629e+02
-2.19696970e-05 6.31313131e-06 4.99994127e+07 -7.30021555e+02 3.61339842e+02
-2.14646465e-05 6.31313131e-06 4.99994178e+07 -7.18101156e+02 4.53210845e+02
-2.09595960e-05 6.31313131e-06 4.99994387e+07 -6.85451805e+02 5.56666592e+02
-2.04545455e-05 6.31313131e-06 4.99994782e+07 -6.26893157e+02 6.70213563e+02
-1.99494949e-05 6.31313131e-06 4.99995381e+07 -5.37097871e+02 7.91019101e+02
-1.94444444e-05 6.31313131e-06 4.99996196e+07 -4.11067814e+02 9.14630569e+02
-1.89393939e-05 6.31313131e-06 4.99997221e+07 -2.44797147e+02 1.03479403e+03
-1.84343434e-05 6.31313131e-06 4.99998431e+07 -3.60998015e+01 1.14346259e+03
-1.79292929e-05 6.31313131e-06 4.99999778e+07 2.14474623e+02 1.23109149e+03
-1.74242424e-05 6.31313131e-06 5.00001188e+07 5.02777596e+02 1.28729859e+03
-1.69191919e-05 6.31313131e-06 5.00002568e+07 8.20452168e+02 1.30191305e+03
-1.64141414e-05 6.31313131e-06 5.00003807e+07 1.15480690e+03 1.26634116e+03
-1.59090909e-05 6.31313131e-06 5.00004795e+07 1.48937021e+03 1.17506039e+03
-1.54040404e-05 6.31313131e-06 5.00005432e+07 1.80520938e+03 1.02694753e+03
-1.48989899e-05 6.31313131e-06 5.00005648e+07 2.08291625e+03 8.26102114e+02
-1.43939394e-05 6.31313131e-06 5.00005414e+07 2.30495580e+03 5.81883987e+02
-1.38888889e-05 6.31313131e-06 5.00004744e+07 2.45792268e+03 3.08050198e+02
-1.33838384e-05 6.31313131e-06 5.00003701e+07 2.53422248e+03 2.11081796e+01
-1.28787879e-05 6.31313131e-06 5.00002379e+07 2.53282016e+03 -2.61782131e+02
-1.23737374e-05 6.31313131e-06 5.00000893e+07 2.45893749e+03 -5.24909363e+02
-1.18686869e-05 6.31313131e-06 4.99999361e+07 2.32284717e+03 -7.55694145e+02
-1.13636364e-05 6.31313131e-06 4.99997890e+07 2.13810768e+03 -9.45683500e+02
-1.08585859e-05 6.31313131e-06 4.99996564e+07 1.91965225e+03 -1.09078871e+03
-1.03535354e-05 6.31313131e-06 4.99995441e+07 1.68208995e+03 -1.19088040e+03
-9.84848485e-06 6.31313131e-06 4.99994552e+07 1.43844417e+03 -1.24896189e+03
-9.34343434e-06 6.31313131e-06 4.99993904e+07 1.19940407e+03 -1.27016456e+03
-8.83838384e-06 6.31313131e-06 4.99993487e+07 9.73045561e+02 -1.26076782e+03
-8.33333333e-06 6.31313131e-06 4.99993277e+07 7.64909847e+02 -1.22737477e+03
-7.82828283e-06 6.31313131e-06 4.99993246e+07 5.78307833e+02 -1.17630240e+03
-7.32323232e-06 6.31313131e-06 4.99993359e+07 4.14732194e+02 -1.11318982e+03
-6.81818182e-06 6.31313131e-06 4.99993585e+07 2.74288756e+02 -1.04279392e+03
-6.31313131e-06 6.31313131e-06 4.99993895e+07 1.56091697e+02 -9.68927858e+02
-5.80808081e-06 6.31313131e-06 4.99994262e+07 5.85950744e+01 -8.94496584e+02
-5.30303030e-06 6.31313131e-06 4.99994664e+07 -2.01465732e+01 -8.21590381e+02
-4.79797980e-06 6.31313131e-06 4.99995084e+07 -8.22833836e+01 -7.51606333e+02
-4.29292929e-06 6.31313131e-06 4.99995508e+07 -1.30029704e+02 -6.85377144e+02
-3.78787879e-06 6.31313131e-06 4.99995923e+07 -1.65564871e+02 -6.23294432e+02
-3.28282828e-06 6.31313131e-06 4.99996323e+07 -1.90963126e+02 -5.65419682e+02
-2.77777778e-06 6.31313131e-06 4.99996701e+07 -2.08143160e+02 -5.11580293e+02
-2.27272727e-06 6.31313131e-06 4.99997054e+07 -2.18830938e+02 -4.61450813e+02
-1.76767677e-06 6.31313131e-06 4.99997378e+07 -2.24532667e+02 -4.14620913e+02
-1.26262626e-06 6.31313131e-06 4.99997672e+07 -2.26517382e+02 -3.70651968e+02
-7.57575758e-07 6.31313131e-06 4.99997936e+07 -2.25810313e+02 -3.29123667e+02
-2.52525253e-07 6.31313131e-06 4.99998169e+07 -2.23198662e+02 -2.89671130e+02
2.52525253e-07 6.31313131e-06 4.99998372e+07 -2.19250664e+02 -2.52012013e+02
7.57575758e-07 6.31313131e-06 4.99998548e+07 -2.14347100e+02 -2.15962515e+02
1.26262626e-06 6.31313131e-06 4.99998696e+07 -2.08722314e+02 -1.81441304e+02
1.76767677e-06 6.31313131e-06 4.99998820e+07 -2.02509979e+02 -1.48461340e+02
2.27272727e-06 6.31313131e-06 4.99998924e+07 -1.95788004e+02 -1.17110994e+02
2.77777778e-06 6.31313131e-06 4.99999009e+07 -1.88617285e+02 -8.75274192e+01
3.28282828e-06 6.31313131e-06 4.99999080e+07 -1.81070421e+02 -5.98661968e+01
3.78787879e-06 6.31313131e-06 4.99999142e+07 -1.73248626e+02 -3.42715992e+01
4.29292929e-06 6.31313131e-06 4.99999196e+07 -1.65287187e+02 -1.08513376e+01
4.79797980e-06 6.31313131e-06 4.99999247e+07 -1.57351601e+02 1.03414729e+01
5.30303030e-06 6.31313131e-06 4.99999298e+07 -1.49627571e+02 2.93178135e+01
5.80808081e-06 6.31313131e-06 4.99999352e+07 -1.42308315e+02 4.61537968e+01
6.31313131e-06 6.31313131e-06 4.99999409e+07 -1.35582311e+02 6.09844064e+01
6.81818182e-06 6.31313131e-06 4.99999473e+07 -1.29623773e+02 7.39917614e+01
7.32323232e-06 6.31313131e-06 4.99999543e+07 -1.24587168e+02 8.53899061e+01
7.82828283e-06 6.31313131e-06 4.99999621e+07 -1.20606093e+02 9.54078692e+01
8.33333333e-06 6.31313131e-06 4.99999707e+07 -1.17795943e+02 1.04272162e+02
8.83838384e-06 6.31313131e-06 4.99999801e+07 -1.16259132e+02 1.12189121e+02
9.34343434e-06 6.31313131e-06 4.99999905e+07 -1.16091040e+02 1.19326665e+02
9.84848485e-06 6.31313131e-06 5.00000019e+07 -1.17384241e+02 1.25794283e+02
1.03535354e-05 6.31313131e-06 5.00000143e+07 -1.20227728e+02 1.31619498e+02
1.08585859e-05 6.31313131e-06 5.00000278e+07 -1.24696441e+02 1.36718968e+02
1.13636364e-05 6.31313131e-06 5.00000423e+07 -1.30824383e+02 1.40863278e+02
1.18686869e-05 6.31313131e-06 5.00000579e+07 -1.38552007e+02 1.43637258e+02
1.23737374e-05 6.31313131e-06 5.00000742e+07 -1.47636343e+02 1.44404169e+02
1.28787879e-05 6.31313131e-06 5.00000909e+07 -1.57513787e+02 1.42294336e+02
1.33838384e-05 6.31313131e-06 5.00001071e+07 -1.67117221e+02 1.36258472e+02
1.38888889e-05 6.31313131e-06 5.00001218e+07 -1.74683383e+02 1.25248771e+02
1.43939394e-05 6.31313131e-06 5.00001336e+07 -1.77655362e+02 1.08598008e+02
1.48989899e-05 6.31313131e-06 5.00001414e+07 -1.72880769e+02 8.66134692e+01
1.54040404e-05 6.31313131e-06 5.00001447e+07 -1.57355601e+02 6.12309289e+01
1.59090909e-05 6.31313131e-06 5.00001445e+07 -1.29599676e+02 3.62975148e+01
1.64141414e-05 6.31313131e-06 5.00001431e+07 -9.12301754e+01 1.69023846e+01
1.69191919e-05 6.31313131e-06 5.00001439e+07 -4.76669839e+01 7.56768233e+00
1.74242424e-05 6.31313131e-06 5.00001490e+07 -6.95209673e+00 1.00976086e+01
1.79292929e-05 6.31313131e-06 5.00001584e+07 2.30971411e+01 2.25577471e+01
1.84343434e-05 6.31313131e-06 5.00001697e+07 3.77391072e+01 4.01797970e+01
1.89393939e-05 6.31313131e-06 5.00001790e+07 3.65012728e+01 5.74797241e+01
1.94444444e-05 6.31313131e-06 5.00001832e+07 2.24584895e+01 7.01814837e+01
1.99494949e-05 6.31313131e-06 5.00001805e+07 5.22887040e-01 7.61227360e+01
2.04545455e-05 6.31313131e-06 5.00001708e+07 -2.42378079e+01 7.51893646e+01
2.09595960e-05 6.31313131e-06 5.00001553e+07 -4.77342687e+01 6.87062047e+01
2.14646465e-05 6.31313131e-06 5.00001361e+07 -6.73521866e+01 5.86792530e+01
2.19696970e-05 6.31313131e-06 5.00001152e+07 -8.19337317e+01 4.71447915e+01
2.24747475e-05 6.31313131e-06 5.00000947e+07 -9.14469291e+01 3.57518118e+01
2.29797980e-05 6.31313131e-06 5.00000757e+07 -9.65491627e+01 2.55942019e+01
2.34848485e-05 6.31313131e-06 5.00000592e+07 -9.81960199e+01 1.72321090e+01
2.39898990e-05 6.31313131e-06 5.00000455e+07 -9.73672887e+01 1.08137446e+01
2.44949495e-05 6.31313131e-06 5.00000345e+07 -9.49159559e+01 6.22208576e+00
2.50000000e-05 6.31313131e-06 5.00000260e+07 -9.15111884e+01 3.20173249e+00
-2.50000000e-05 6.81818182e-06 4.99995591e+07 -6.12710459e+02 2.12445893e+01
-2.44949495e-05 6.81818182e-06 4.99995148e+07 -6.54976231e+02 4.86799406e+01
-2.39898990e-05 6.81818182e-06 4.99994713e+07 -6.96834596e+02 8.40526473e+01
-2.34848485e-05 6.81818182e-06 4.99994302e+07 -7.36646255e+02 1.28841285e+02
-2.29797980e-05 6.81818182e-06 4.99993936e+07 -7.72173717e+02 1.84593050e+02
-2.24747475e-05 6.81818182e-06 4.99993641e+07 -8.00458656e+02 2.52823009e+02
-2.19696970e-05 6.81818182e-06 4.99993446e+07 -8.17709119e+02 3.34856762e+02
-2.14646465e-05 6.81818182e-06 4.99993386e+07 -8.19220738e+02 4.31603070e+02
-2.09595960e-05 6.81818182e-06 4.99993498e+07 -7.99367867e+02 5.43247158e+02
-2.04545455e-05 6.81818182e-06 4.99993818e+07 -7.51713072e+02 6.68865869e+02
-1.99494949e-05 6.81818182e-06 4.99994380e+07 -6.69293377e+02 8.05984802e+02
-1.94444444e-05 6.81818182e-06 4.99995204e+07 -5.45143233e+02 9.50126782e+02
-1.89393939e-05 6.81818182e-06 4.99996298e+07 -3.73098861e+02 1.09443912e+03
-1.84343434e-05 6.81818182e-06 4.99997641e+07 -1.48887119e+02 1.22952746e+03
-1.79292929e-05 6.81818182e-06 4.99999186e+07 1.28572311e+02 1.34365269e+03
-1.74242424e-05 6.81818182e-06 5.00000849e+07 4.55826666e+02 1.42344210e+03
-1.69191919e-05 6.81818182e-06 5.00002513e+07 8.23800014e+02 1.45520321e+03
-1.64141414e-05 6.81818182e-06 5.00004039e+07 1.21732117e+03 1.42679361e+03
-1.59090909e-05 6.81818182e-06 5.00005280e+07 1.61562648e+03 1.32980649e+03
-1.54040404e-05 6.81818182e-06 5.00006099e+07 1.99404475e+03 1.16163306e+03
-1.48989899e-05 6.81818182e-06 5.00006399e+07 2.32678164e+03 9.26848930e+02
-1.43939394e-05 6.81818182e-06 5.00006136e+07 2.59036233e+03 6.37429965e+02
-1.38888889e-05 6.81818182e-06 5.00005332e+07 2.76700329e+03 3.11565242e+02
-1.33838384e-05 6.81818182e-06 5.00004070e+07 2.84711051e+03 -2.87678247e+01
-1.28787879e-05 6.81818182e-06 5.00002479e+07 2.83030915e+03 -3.60921374e+02
-1.23737374e-05 6.81818182e-06 5.00000714e+07 2.72482939e+03 -6.64645706e+02
-1.18686869e-05 6.81818182e-06 4.99998928e+07 2.54553458e+03 -9.24431295e+02
-1.13636364e-05 6.81818182e-06 4.99997254e+07 2.31119531e+03 -1.13072762e+03
-1.08585859e-05 6.81818182e-06 4.99995792e+07 2.04169113e+03 -1.28000045e+03
-1.03535354e-05 6.81818182e-06 4.99994602e+07 1.75568168e+03 -1.37387968e+03
-9.84848485e-06 6.81818182e-06 4.99993710e+07 1.46903674e+03 -1.41779107e+03
-9.34343434e-06 6.81818182e-06 4.99993112e+07 1.19406417e+03 -1.41945818e+03
-8.83838384e-06 6.81818182e-06 4.99992781e+07 9.39401201e+02 -1.38755834e+03
-8.33333333e-06 6.81818182e-06 4.99992681e+07 7.10357168e+02 -1.33068574e+03
-7.82828283e-06 6.81818182e-06 4.99992770e+07 5.09496018e+02 -1.25666118e+03
-7.32323232e-06 6.81818182e-06 4.99993004e+07 3.37290690e+02 -1.17215379e+03
-6.81818182e-06 6.81818182e-06 4.99993345e+07 1.92739228e+02 -1.08254435e+03
-6.31313131e-06 6.81818182e-06 4.99993758e+07 7.38848141e+01 -9.91953274e+02
-5.80808081e-06 6.81818182e-06 4.99994214e+07 -2.17793144e+01 -9.03365675e+02
-5.30303030e-06 6.81818182e-06 4.99994692e+07 -9.70148347e+01 -8.18801998e+02
-4.79797980e-06 6.81818182e-06 4.99995172e+07 -1.54635573e+02 -7.39499403e+02
-4.29292929e-06 6.81818182e-06 4.99995643e+07 -1.97375191e+02 -6.66082766e+02
-3.78787879e-06 6.81818182e-06 4.99996095e+07 -2.27804294e+02 -5.98714761e+02
-3.28282828e-06 6.81818182e-06 4.99996522e+07 -2.48279376e+02 -5.37221668e+02
-2.77777778e-06 6.81818182e-06 4.99996920e+07 -2.60910567e+02 -4.81196139e+02
-2.27272727e-06 6.81818182e-06 4.99997286e+07 -2.67540000e+02 -4.30080740e+02
-1.76767677e-06 6.81818182e-06 4.99997620e+07 -2.69727102e+02 -3.83236968e+02
-1.26262626e-06 6.81818182e-06 4.99997921e+07 -2.68740855e+02 -3.40004016e+02
-7.57575758e-07 6.81818182e-06 4.99998190e+07 -2.65561517e+02 -2.99749999e+02
-2.52525253e-07 6.81818182e-06 4.99998425e+07 -2.60895096e+02 -2.61916144e+02
2.52525253e-07 6.81818182e-06 4.99998630e+07 -2.55202775e+02 -2.26052301e+02
7.57575758e-07 6.81818182e-06 4.99998804e+07 -2.48744974e+02 -1.91840672e+02
1.26262626e-06 6.81818182e-06 4.99998950e+07 -2.41636410e+02 -1.59104716e+02
1.76767677e-06 6.81818182e-06 4.99999070e+07 -2.33905759e+02 -1.27801657e+02
2.27272727e-06 6.81818182e-06 4.99999168e+07 -2.25552118e+02 -9.79996477e+01
2.77777778e-06 6.81818182e-06 4.99999247e+07 -2.16591114e+02 -6.98433223e+01
3.28282828e-06 6.81818182e-06 4.99999310e+07 -2.07085747e+02 -4.35134782e+01
3.78787879e-06 6.81818182e-06 4.99999363e+07 -1.97160257e+02 -1.91872267e+01
4.29292929e-06 6.81818182e-06 4.99999410e+07 -1.86998474e+02 2.99577274e+00
4.79797980e-06 6.81818182e-06 4.99999454e+07 -1.76830402e+02 2.29571218e+01
5.30303030e-06 6.81818182e-06 4.99999499e+07 -1.66912024e+02 4.06918109e+01
5.80808081e-06 6.81818182e-06 4.99999547e+07 -1.57503325e+02 5.62689757e+01
6.31313131e-06 6.81818182e-06 4.99999600e+07 -1.48848703e+02 6.98231332e+01
6.81818182e-06 6.81818182e-06 4.99999660e+07 -1.41162526e+02 8.15386208e+01
7.32323232e-06 6.81818182e-06 4.99999728e+07 -1.34621074e+02 9.16301383e+01
7.82828283e-06 6.81818182e-06 4.99999803e+07 -1.29360655e+02 1.00321903e+02
8.33333333e-06 6.81818182e-06 4.99999887e+07 -1.25480539e+02 1.07827144e+02
8.83838384e-06 6.81818182e-06 4.99999980e+07 -1.23048604e+02 1.14328738e+02
9.34343434e-06 6.81818182e-06 5.00000080e+07 -1.22107084e+02 1.19960884e+02
9.84848485e-06 6.81818182e-06 5.00000188e+07 -1.22675403e+02 1.24791127e+02
1.03535354e-05 6.81818182e-06 5.00000304e+07 -1.24746707e+02 1.28801834e+02
1.08585859e-05 6.81818182e-06 5.00000428e+07 -1.28274084e+02 1.31870752e+02
1.13636364e-05 6.81818182e-06 5.00000557e+07 -1.33141807e+02 1.33751869e+02
1.18686869e-05 6.81818182e-06 5.00000691e+07 -1.39116701e+02 1.34061045e+02
1.23737374e-05 6.81818182e-06 5.00000826e+07 -1.45776193e+02 1.32276404e+02
1.28787879e-05 6.81818182e-06 5.00000956e+07 -1.52415371e+02 1.27771461e+02
1.33838384e-05 6.81818182e-06 5.00001077e+07 -1.57949381e+02 1.19907686e+02
1.38888889e-05 6.81818182e-06 5.00001178e+07 -1.60853557e+02 1.08216233e+02
1.43939394e-05 6.81818182e-06 5.00001254e+07 -1.59220103e+02 9.26821977e+01
1.48989899e-05 6.81818182e-06 5.00001297e+07 -1.51037792e+02 7.40898511e+01
1.54040404e-05 6.81818182e-06 5.00001311e+07 -1.34772939e+02 5.42877828e+01
1.59090909e-05 6.81818182e-06 5.00001304e+07 -1.10185950e+02 3.61342378e+01
1.64141414e-05 6.81818182e-06 5.00001295e+07 -7.90626698e+01 2.29067621e+01
1.69191919e-05 6.81818182e-06 5.00001306e+07 -4.53458000e+01 1.72249226e+01
1.74242424e-05 6.81818182e-06 5.00001349e+07 -1.43071353e+01 1.99502460e+01
1.79292929e-05 6.81818182e-06 5.00001423e+07 9.02867255e+00 2.97186278e+01
1.84343434e-05 6.81818182e-06 5.00001513e+07 2.14402057e+01 4.34276293e+01
1.89393939e-05 6.81818182e-06 5.00001595e+07 2.22781291e+01 5.73797884e+01
1.94444444e-05 6.81818182e-06 5.00001645e+07 1.32305077e+01 6.84415169e+01
1.99494949e-05 6.81818182e-06 5.00001647e+07 -2.57280837e+00 7.47373663e+01
2.04545455e-05 6.81818182e-06 5.00001595e+07 -2.16014697e+01 7.57773711e+01
2.09595960e-05 6.81818182e-06 5.00001496e+07 -4.07441042e+01 7.21771491e+01
2.14646465e-05 6.81818182e-06 5.00001360e+07 -5.77627393e+01 6.51992151e+01
2.19696970e-05 6.81818182e-06 5.00001204e+07 -7.14021484e+01 5.63016535e+01
2.24747475e-05 6.81818182e-06 5.00001040e+07 -8.12576752e+01 4.68041966e+01
2.29797980e-05 6.81818182e-06 5.00000880e+07 -8.75264804e+01 3.77075746e+01
2.34848485e-05 6.81818182e-06 5.00000734e+07 -9.07460176e+01 2.96470646e+01
2.39898990e-05 6.81818182e-06 5.00000606e+07 -9.15820140e+01 2.29340703e+01
2.44949495e-05 6.81818182e-06 5.00000497e+07 -9.06875580e+01 1.76377616e+01
2.50000000e-05 6.81818182e-06 5.00000408e+07 -8.86276232e+01 1.36716059e+01
-2.50000000e-05 7.32323232e-06 4.99995576e+07 -6.34737414e+02 1.96765693e+00
-2.44949495e-05 7.32323232e-06 4.99995058e+07 -6.84229636e+02 2.54200170e+01
-2.39898990e-05 7.32323232e-06 4.99994532e+07 -7.34859848e+02 5.68606993e+01
-2.34848485e-05 7.32323232e-06 4.99994016e+07 -7.85144186e+02 9.80627909e+01
-2.29797980e-05 7.32323232e-06 4.99993530e+07 -8.32932725e+02 1.50985380e+02
-2.24747475e-05 7.32323232e-06 4.99993101e+07 -8.75233905e+02 2.17691024e+02
-2.19696970e-05 7.32323232e-06 4.99992764e+07 -9.08030662e+02 3.00196500e+02
-2.14646465e-05 7.32323232e-06 4.99992560e+07 -9.26112838e+02 4.00233451e+02
-2.09595960e-05 7.32323232e-06 4.99992536e+07 -9.22967358e+02 5.18896377e+02
-2.04545455e-05 7.32323232e-06 4.99992740e+07 -8.90788746e+02 6.56163565e+02
-1.99494949e-05 7.32323232e-06 4.99993222e+07 -8.20694619e+02 8.10296822e+02
-1.94444444e-05 7.32323232e-06 4.99994020e+07 -7.03246621e+02 9.77163044e+02
-1.89393939e-05 7.32323232e-06 4.99995158e+07 -5.29374042e+02 1.14957702e+03
-1.84343434e-05 7.32323232e-06 4.99996630e+07 -2.91757502e+02 1.31683586e+03
-1.79292929e-05 7.32323232e-06 4.99998389e+07 1.33645145e+01 1.46468346e+03
-1.74242424e-05 7.32323232e-06 5.00000346e+07 3.84160692e+02 1.57597461e+03
-1.69191919e-05 7.32323232e-06 5.00002359e+07 8.11338339e+02 1.63225459e+03
-1.64141414e-05 7.32323232e-06 5.00004249e+07 1.27701768e+03 1.61628968e+03
-1.59090909e-05 7.32323232e-06 5.00005818e+07 1.75498365e+03 1.51527233e+03
-1.54040404e-05 7.32323232e-06 5.00006879e+07 2.21277352e+03 1.32405723e+03
-1.48989899e-05 7.32323232e-06 5.00007291e+07 2.61560371e+03 1.04751847e+03
-1.43939394e-05 7.32323232e-06 5.00006992e+07 2.93150501e+03 7.01142500e+02
-1.38888889e-05 7.32323232e-06 5.00006009e+07 3.13647719e+03 3.09383971e+02
-1.33838384e-05 7.32323232e-06 5.00004459e+07 3.21829171e+03 -9.79885456e+01
-1.28787879e-05 7.32323232e-06 5.00002521e+07 3.17792168e+03 -4.90639068e+02
-1.23737374e-05 7.32323232e-06 5.00000404e+07 3.02833877e+03 -8.42235195e+02
-1.18686869e-05 7.32323232e-06 4.99998312e+07 2.79123971e+03 -1.13372786e+03
-1.13636364e-05 7.32323232e-06 4.99996409e+07 2.49278538e+03 -1.35476617e+03
-1.08585859e-05 7.32323232e-06 4.99994811e+07 2.15948940e+03 -1.50331462e+03
-1.03535354e-05 7.32323232e-06 4.99993576e+07 1.81506665e+03 -1.58400314e+03
-9.84848485e-06 7.32323232e-06 4.99992717e+07 1.47857540e+03 -1.60590295e+03
-9.34343434e-06 7.32323232e-06 4.99992211e+07 1.16377605e+03 -1.58032778e+03
-8.83838384e-06 7.32323232e-06 4.99992012e+07 8.79392658e+02 -1.51903790e+03
-8.33333333e-06 7.32323232e-06 4.99992063e+07 6.29901519e+02 -1.43299477e+03
-7.82828283e-06 7.32323232e-06 4.99992308e+07 4.16523515e+02 -1.33164782e+03
-7.32323232e-06 7.32323232e-06 4.99992691e+07 2.38197880e+02 -1.22264572e+03
-6.81818182e-06 7.32323232e-06 4.99993167e+07 9.24149847e+01 -1.11183952e+03
-6.31313131e-06 7.32323232e-06 4.99993697e+07 -2.41373313e+01 -1.00345720e+03
-5.80808081e-06 7.32323232e-06 4.99994250e+07 -1.15110942e+02 -9.00357635e+02
-5.30303030e-06 7.32323232e-06 4.99994805e+07 -1.84190341e+02 -8.04302250e+02
-4.79797980e-06 7.32323232e-06 4.99995346e+07 -2.34904886e+02 -7.16208010e+02
-4.29292929e-06 7.32323232e-06 4.99995861e+07 -2.70524718e+02 -6.36364230e+02
-3.78787879e-06 7.32323232e-06 4.99996344e+07 -2.94009989e+02 -5.64607853e+02
-3.28282828e-06 7.32323232e-06 4.99996791e+07 -3.07989955e+02 -5.00459559e+02
-2.77777778e-06 7.32323232e-06 4.99997201e+07 -3.14755590e+02 -4.43227340e+02
-2.27272727e-06 7.32323232e-06 4.99997574e+07 -3.16256136e+02 -3.92086184e+02
-1.76767677e-06 7.32323232e-06 4.99997911e+07 -3.14096105e+02 -3.46142718e+02
-1.26262626e-06 7.32323232e-06 4.99998212e+07 -3.09534370e+02 -3.04492284e+02
-7.57575758e-07 7.32323232e-06 4.99998478e+07 -3.03490577e+02 -2.66273000e+02
-2.52525253e-07 7.32323232e-06 4.99998711e+07 -2.96565348e+02 -2.30717416e+02
2.52525253e-07 7.32323232e-06 4.99998911e+07 -2.89079198e+02 -1.97198338e+02
7.57575758e-07 7.32323232e-06 4.99999080e+07 -2.81130993e+02 -1.65262642e+02
1.26262626e-06 7.32323232e-06 4.99999219e+07 -2.72671399e+02 -1.34646621e+02
1.76767677e-06 7.32323232e-06 4.99999331e+07 -2.63582018e+02 -1.05268863e+02
2.27272727e-06 7.32323232e-06 4.99999419e+07 -2.53748687e+02 -7.72011078e+01
2.77777778e-06 7.32323232e-06 4.99999487e+07 -2.43118483e+02 -5.06222245e+01
3.28282828e-06 7.32323232e-06 4.99999540e+07 -2.31733772e+02 -2.57637430e+01
3.78787879e-06 7.32323232e-06 4.99999583e+07 -2.19741772e+02 -2.85631829e+00
4.29292929e-06 7.32323232e-06 4.99999620e+07 -2.07382793e+02 1.79148185e+01
4.79797980e-06 7.32323232e-06 4.99999655e+07 -1.94963509e+02 3.64401782e+01
5.30303030e-06 7.32323232e-06 4.99999692e+07 -1.82822885e+02 5.27001333e+01
5.80808081e-06 7.32323232e-06 4.99999734e+07 -1.71297956e+02 6.67638031e+01
6.31313131e-06 7.32323232e-06 4.99999783e+07 -1.60695023e+02 7.87757600e+01
6.81818182e-06 7.32323232e-06 4.99999839e+07 -1.51269582e+02 8.89346861e+01
7.32323232e-06 7.32323232e-06 4.99999904e+07 -1.43215980e+02 9.74681970e+01
7.82828283e-06 7.32323232e-06 4.99999978e+07 -1.36665820e+02 1.04607368e+02
8.33333333e-06 7.32323232e-06 5.00000059e+07 -1.31692707e+02 1.10563356e+02
8.83838384e-06 7.32323232e-06 5.00000148e+07 -1.28320169e+02 1.15507267e+02
9.34343434e-06 7.32323232e-06 5.00000243e+07 -1.26529317e+02 1.19553361e+02
9.84848485e-06 7.32323232e-06 5.00000345e+07 -1.26262905e+02 1.22745096e+02
1.03535354e-05 7.32323232e-06 5.00000452e+07 -1.27422616e+02 1.25043531e+02
1.08585859e-05 7.32323232e-06 5.00000562e+07 -1.29856723e+02 1.26318351e+02
1.13636364e-05 7.32323232e-06 5.00000674e+07 -1.33335728e+02 1.26343513e+02
1.18686869e-05 7.32323232e-06 5.00000787e+07 -1.37514869e+02 1.24802134e+02
1.23737374e-05 7.32323232e-06 5.00000895e+07 -1.41885420e+02 1.21308938e+02
1.28787879e-05 7.32323232e-06 5.00000996e+07 -1.45722934e+02 1.15462235e+02
1.33838384e-05 7.32323232e-06 5.00001083e+07 -1.48051437e+02 1.06938894e+02
1.38888889e-05 7.32323232e-06 5.00001152e+07 -1.47657492e+02 9.56401421e+01
1.43939394e-05 7.32323232e-06 5.00001199e+07 -1.43201554e+02 8.18767493e+01
1.48989899e-05 7.32323232e-06 5.00001222e+07 -1.33471541e+02 6.65447706e+01
1.54040404e-05 7.32323232e-06 5.00001225e+07 -1.17783242e+02 5.11964672e+01
1.59090909e-05 7.32323232e-06 5.00001218e+07 -9.64411784e+01 3.78885641e+01
1.64141414e-05 7.32323232e-06 5.00001212e+07 -7.10610409e+01 2.87429777e+01
1.69191919e-05 7.32323232e-06 5.00001223e+07 -4.45108485e+01 2.53051289e+01
1.74242424e-05 7.32323232e-06 5.00001259e+07 -2.03496757e+01 2.79597156e+01
1.79292929e-05 7.32323232e-06 5.00001318e+07 -1.91192601e+00 3.57111072e+01
1.84343434e-05 7.32323232e-06 5.00001390e+07 8.58294876e+00 4.64673513e+01
1.89393939e-05 7.32323232e-06 5.00001458e+07 1.05183209e+01 5.76895245e+01
1.94444444e-05 7.32323232e-06 5.00001506e+07 4.82361549e+00 6.70971177e+01
1.99494949e-05 7.32323232e-06 5.00001521e+07 -6.49922444e+00 7.31584251e+01
2.04545455e-05 7.32323232e-06 5.00001497e+07 -2.10082898e+01 7.52598360e+01
2.09595960e-05 7.32323232e-06 5.00001434e+07 -3.63842952e+01 7.36003902e+01
2.14646465e-05 7.32323232e-06 5.00001339e+07 -5.07984193e+01 6.89301641e+01
2.19696970e-05 7.32323232e-06 5.00001222e+07 -6.30624756e+01 6.22523267e+01
2.24747475e-05 7.32323232e-06 5.00001093e+07 -7.26046641e+01 5.45732163e+01
2.29797980e-05 7.32323232e-06 5.00000962e+07 -7.93413766e+01 4.67399962e+01
2.34848485e-05 7.32323232e-06 5.00000836e+07 -8.35127512e+01 3.93678172e+01
2.39898990e-05 7.32323232e-06 5.00000720e+07 -8.55300159e+01 3.28357170e+01
2.44949495e-05 7.32323232e-06 5.00000617e+07 -8.58589472e+01 2.73231722e+01
2.50000000e-05 7.32323232e-06 5.00000529e+07 -8.49447060e+01 2.28626154e+01
-2.50000000e-05 7.82828283e-06 4.99995660e+07 -6.52453521e+02 -1.58881672e+01
-2.44949495e-05 7.82828283e-06 4.99995067e+07 -7.08977957e+02 2.71485289e+00
-2.39898990e-05 7.82828283e-06 4.99994449e+07 -7.68412987e+02 2.90669499e+01
-2.34848485e-05 7.82828283e-06 4.99993820e+07 -8.29545505e+02 6.52065744e+01
-2.29797980e-05 7.82828283e-06 4.99993201e+07 -8.90456332e+02 1.13498612e+02
-2.24747475e-05 7.82828283e-06 4.99992619e+07 -9.48287612e+02 1.76586959e+02
-2.19696970e-05 7.82828283e-06 4.99992112e+07 -9.98975121e+02 2.57274978e+02
-2.14646465e-05 7.82828283e-06 4.99991726e+07 -1.03696589e+03 3.58298784e+02
-2.09595960e-05 7.82828283e-06 4.99991518e+07 -1.05496343e+03 4.81952832e+02
-2.04545455e-05 7.82828283e-06 4.99991553e+07 -1.04377399e+03 6.29528946e+02
-1.99494949e-05 7.82828283e-06 4.99991898e+07 -9.92366816e+02 8.00546402e+02
-1.94444444e-05 7.82828283e-06 4.99992618e+07 -8.88301005e+02 9.91791820e+02
-1.89393939e-05 7.82828283e-06 4.99993758e+07 -7.18696071e+02 1.19626314e+03
-1.84343434e-05 7.82828283e-06 4.99995335e+07 -4.71902993e+02 1.40222452e+03
-1.79292929e-05 7.82828283e-06 4.99997319e+07 -1.39929486e+02 1.59271317e+03
-1.74242424e-05 7.82828283e-06 4.99999613e+07 2.78546199e+02 1.74594773e+03
-1.69191919e-05 7.82828283e-06 5.00002051e+07 7.75073588e+02 1.83708709e+03
-1.64141414e-05 7.82828283e-06 5.00004405e+07 1.32911422e+03 1.84157716e+03
-1.59090909e-05 7.82828283e-06 5.00006407e+07 1.90761889e+03 1.73984365e+03
-1.54040404e-05 7.82828283e-06 5.00007793e+07 2.46745763e+03 1.52241848e+03
-1.48989899e-05 7.82828283e-06 5.00008361e+07 2.96096959e+03 1.19399799e+03
-1.43939394e-05 7.82828283e-06 5.00008014e+07 3.34376740e+03 7.74818498e+02
-1.38888889e-05 7.82828283e-06 5.00006790e+07 3.58282239e+03 2.98374418e+02
-1.33838384e-05 7.82828283e-06 5.00004855e+07 3.66241404e+03 -1.94230885e+02
-1.28787879e-05 7.82828283e-06 5.00002464e+07 3.58613051e+03 -6.61705144e+02
-1.23737374e-05 7.82828283e-06 4.99999906e+07 3.37453577e+03 -1.06952048e+03
-1.18686869e-05 7.82828283e-06 4.99997447e+07 3.05963507e+03 -1.39451702e+03
-1.13636364e-05 7.82828283e-06 4.99995294e+07 2.67812888e+03 -1.62635207e+03
-1.08585859e-05 7.82828283e-06 4.99993574e+07 2.26537020e+03 -1.76615788e+03
-1.03535354e-05 7.82828283e-06 4.99992335e+07 1.85120355e+03 -1.82349294e+03
-9.84848485e-06 7.82828283e-06 4.99991566e+07 1.45797233e+03 -1.81279233e+03
-9.34343434e-06 7.82828283e-06 4.99991213e+07 1.10032964e+03 -1.75021616e+03
-8.83838384e-06 7.82828283e-06 4.99991204e+07 7.86206964e+02 -1.65134668e+03
-8.33333333e-06 7.82828283e-06 4.99991457e+07 5.18311532e+02 -1.52980722e+03
-7.82828283e-06 7.82828283e-06 4.99991897e+07 2.95690893e+02 -1.39665220e+03
-7.32323232e-06 7.82828283e-06 4.99992458e+07 1.15099366e+02 -1.26029640e+03
-6.81818182e-06 7.82828283e-06 4.99993088e+07 -2.79407999e+01 -1.12676153e+03
-6.31313131e-06 7.82828283e-06 4.99993745e+07 -1.38389602e+02 -1.00006867e+03
-5.80808081e-06 7.82828283e-06 4.99994399e+07 -2.21205466e+02 -8.82663264e+02
-5.30303030e-06 7.82828283e-06 4.99995030e+07 -2.81064544e+02 -7.75807851e+02
-4.79797980e-06 7.82828283e-06 4.99995625e+07 -3.22221629e+02 -6.79912468e+02
-4.29292929e-06 7.82828283e-06 4.99996176e+07 -3.48460912e+02 -5.94794342e+02
-3.78787879e-06 7.82828283e-06 4.99996681e+07 -3.63096693e+02 -5.19871011e+02
-3.28282828e-06 7.82828283e-06 4.99997139e+07 -3.68995434e+02 -4.54297352e+02
-2.77777778e-06 7.82828283e-06 4.99997551e+07 -3.68600296e+02 -3.97059998e+02
-2.27272727e-06 7.82828283e-06 4.99997921e+07 -3.63947933e+02 -3.47043640e+02
-1.76767677e-06 7.82828283e-06 4.99998251e+07 -3.56674983e+02 -3.03083239e+02
-1.26262626e-06 7.82828283e-06 4.99998543e+07 -3.48018717e+02 -2.64013865e+02
-7.57575758e-07 7.82828283e-06 4.99998800e+07 -3.38821540e+02 -2.28725490e+02
-2.52525253e-07 7.82828283e-06 4.99999023e+07 -3.29551359e+02 -1.96223618e+02
2.52525253e-07 7.82828283e-06 4.99999213e+07 -3.20347648e+02 -1.65689702e+02
7.57575758e-07 7.82828283e-06 4.99999372e+07 -3.11096493e+02 -1.36530128e+02
1.26262626e-06 7.82828283e-06 4.99999499e+07 -3.01528681e+02 -1.08401566e+02
1.76767677e-06 7.82828283e-06 4.99999599e+07 -2.91326674e+02 -8.12045870e+01
2.27272727e-06 7.82828283e-06 4.99999674e+07 -2.80222462e+02 -5.50450700e+01
2.77777778e-06 7.82828283e-06 4.99999728e+07 -2.68070241e+02 -3.01710323e+01
3.28282828e-06 7.82828283e-06 4.99999768e+07 -2.54884564e+02 -6.89784238e+00
3.78787879e-06 7.82828283e-06 4.99999797e+07 -2.40842965e+02 1.44640799e+01
4.29292929e-06 7.82828283e-06 4.99999822e+07 -2.26259245e+02 3.36675857e+01
4.79797980e-06 7.82828283e-06 4.99999847e+07 -2.11537830e+02 5.05663255e+01
5.30303030e-06 7.82828283e-06 4.99999877e+07 -1.97120744e+02 6.51296466e+01
5.80808081e-06 7.82828283e-06 4.99999912e+07 -1.83437403e+02 7.74371527e+01
6.31313131e-06 7.82828283e-06 4.99999957e+07 -1.70864569e+02 8.76579391e+01
6.81818182e-06 7.82828283e-06 5.00000010e+07 -1.59700304e+02 9.60207270e+01
7.32323232e-06 7.82828283e-06 5.00000073e+07 -1.50152416e+02 1.02780948e+02
7.82828283e-06 7.82828283e-06 5.00000144e+07 -1.42339135e+02 1.08189624e+02
8.33333333e-06 7.82828283e-06 5.00000223e+07 -1.36298118e+02 1.12467138e+02
8.83838384e-06 7.82828283e-06 5.00000308e+07 -1.31999195e+02 1.15783186e+02
9.34343434e-06 7.82828283e-06 5.00000399e+07 -1.29356485e+02 1.18242854e+02
9.84848485e-06 7.82828283e-06 5.00000493e+07 -1.28236214e+02 1.19878039e+02
1.03535354e-05 7.82828283e-06 5.00000589e+07 -1.28457517e+02 1.20643533e+02
1.08585859e-05 7.82828283e-06 5.00000686e+07 -1.29784537e+02 1.20417904e+02
1.13636364e-05 7.82828283e-06 5.00000782e+07 -1.31909409e+02 1.19010792e+02
1.18686869e-05 7.82828283e-06 5.00000874e+07 -1.34427637e+02 1.16180165e+02
1.23737374e-05 7.82828283e-06 5.00000960e+07 -1.36810416e+02 1.11664971e+02
1.28787879e-05 7.82828283e-06 5.00001036e+07 -1.38383401e+02 1.05239472e+02
1.33838384e-05 7.82828283e-06 5.00001098e+07 -1.38327905e+02 9.67936010e+01
1.38888889e-05 7.82828283e-06 5.00001144e+07 -1.35727004e+02 8.64363412e+01
1.43939394e-05 7.82828283e-06 5.00001172e+07 -1.29680489e+02 7.46042829e+01
1.48989899e-05 7.82828283e-06 5.00001182e+07 -1.19501227e+02 6.21367423e+01
1.54040404e-05 7.82828283e-06 5.00001179e+07 -1.04973472e+02 5.02612062e+01
1.59090909e-05 7.82828283e-06 5.00001171e+07 -8.66035171e+01 4.04368545e+01
1.64141414e-05 7.82828283e-06 5.00001167e+07 -6.57478948e+01 3.40476241e+01
1.69191919e-05 7.82828283e-06 5.00001177e+07 -4.45057395e+01 3.20161263e+01
1.74242424e-05 7.82828283e-06 5.00001205e+07 -2.53402407e+01 3.44834823e+01
1.79292929e-05 7.82828283e-06 5.00001251e+07 -1.05252473e+01 4.07057135e+01
1.84343434e-05 7.82828283e-06 5.00001307e+07 -1.61542925e+00 4.92293290e+01
1.89393939e-05 7.82828283e-06 5.00001363e+07 8.64841216e-01 5.82766000e+01
1.94444444e-05 7.82828283e-06 5.00001406e+07 -2.57369908e+00 6.61828994e+01
1.99494949e-05 7.82828283e-06 5.00001425e+07 -1.06393975e+01 7.17329553e+01
2.04545455e-05 7.82828283e-06 5.00001416e+07 -2.16430357e+01 7.43161555e+01
2.09595960e-05 7.82828283e-06 5.00001376e+07 -3.38744411e+01 7.39048891e+01
2.14646465e-05 7.82828283e-06 5.00001310e+07 -4.58811868e+01 7.09131751e+01
2.19696970e-05 7.82828283e-06 5.00001222e+07 -5.66158090e+01 6.60073113e+01
2.24747475e-05 7.82828283e-06 5.00001121e+07 -6.54634753e+01 5.99275957e+01
2.29797980e-05 7.82828283e-06 5.00001014e+07 -7.21866022e+01 5.33557944e+01
2.34848485e-05 7.82828283e-06 5.00000907e+07 -7.68281984e+01 4.68389127e+01
2.39898990e-05 7.82828283e-06 5.00000805e+07 -7.96082020e+01 4.07626774e+01
2.44949495e-05 7.82828283e-06 5.00000710e+07 -8.08342616e+01 3.53598545e+01
2.50000000e-05 7.82828283e-06 5.00000626e+07 -8.08361134e+01 3.07375249e+01
-2.50000000e-05 8.33333333e-06 4.99995860e+07 -6.65189638e+02 -3.08916333e+01
-2.44949495e-05 8.33333333e-06 4.99995200e+07 -7.28259415e+02 -1.78773887e+01
-2.39898990e-05 8.33333333e-06 4.99994492e+07 -7.96188481e+02 2.30162455e+00
-2.34848485e-05 8.33333333e-06 4.99993749e+07 -8.68162211e+02 3.18853436e+01
-2.29797980e-05 8.33333333e-06 4.99992988e+07 -9.42663005e+02 7.35955457e+01
-2.24747475e-05 8.33333333e-06 4.99992236e+07 -1.01718309e+03 1.30643260e+02
-2.19696970e-05 8.33333333e-06 4.99991530e+07 -1.08786688e+03 2.06667450e+02
-2.14646465e-05 8.33333333e-06 4.99990923e+07 -1.14909213e+03 3.05558290e+02
-2.09595960e-05 8.33333333e-06 4.99990479e+07 -1.19302411e+03 4.31103171e+02
-2.04545455e-05 8.33333333e-06 4.99990279e+07 -1.20921777e+03 5.86382780e+02
-1.99494949e-05 8.33333333e-06 4.99990413e+07 -1.18440345e+03 7.72848174e+02
-1.94444444e-05 8.33333333e-06 4.99990975e+07 -1.10266711e+03 9.89044498e+02
-1.89393939e-05 8.33333333e-06 4.99992049e+07 -9.46311063e+02 1.22903446e+03
-1.84343434e-05 8.33333333e-06 4.99993687e+07 -6.97714504e+02 1.48073481e+03
-1.79292929e-05 8.33333333e-06 4.99995885e+07 -3.42438144e+02 1.72461141e+03
-1.74242424e-05 8.33333333e-06 4.99998556e+07 1.26451971e+02 1.93343307e+03
-1.69191919e-05 8.33333333e-06 5.00001512e+07 7.03385475e+02 2.07392998e+03
-1.64141414e-05 8.33333333e-06 5.00004460e+07 1.36586752e+03 2.11103272e+03
-1.59090909e-05 8.33333333e-06 5.00007038e+07 2.07251976e+03 2.01468288e+03
-1.54040404e-05 8.33333333e-06 5.00008870e+07 2.76552432e+03 1.76801728e+03
-1.48989899e-05 8.33333333e-06 5.00009655e+07 3.37842903e+03 1.37445768e+03
-1.43939394e-05 8.33333333e-06 5.00009246e+07 3.84824021e+03 8.60708288e+02
-1.38888889e-05 8.33333333e-06 5.00007693e+07 4.12847608e+03 2.73611802e+02
-1.33838384e-05 8.33333333e-06 5.00005238e+07 4.19877169e+03 -3.28834840e+02
-1.28787879e-05 8.33333333e-06 5.00002250e+07 4.06768613e+03 -8.89430749e+02
-1.23737374e-05 8.33333333e-06 4.99999134e+07 3.76815645e+03 -1.36258790e+03
-1.18686869e-05 8.33333333e-06 4.99996244e+07 3.34794278e+03 -1.72075636e+03
-1.13636364e-05 8.33333333e-06 4.99993833e+07 2.85881474e+03 -1.95541598e+03
-1.08585859e-05 8.33333333e-06 4.99992029e+07 2.34772260e+03 -2.07375091e+03
-1.03535354e-05 8.33333333e-06 4.99990856e+07 1.85156090e+03 -2.09318985e+03
-9.84848485e-06 8.33333333e-06 4.99990261e+07 1.39548980e+03 -2.03586575e+03
-9.34343434e-06 8.33333333e-06 4.99990145e+07 9.93813130e+02 -1.92425985e+03
-8.83838384e-06 8.33333333e-06 4.99990398e+07 6.52188516e+02 -1.77844668e+03
-8.33333333e-06 8.33333333e-06 4.99990910e+07 3.70184349e+02 -1.61478308e+03
-7.82828283e-06 8.33333333e-06 4.99991588e+07 1.43586535e+02 -1.44563613e+03
-7.32323232e-06 8.33333333e-06 4.99992354e+07 -3.38025986e+01 -1.27972602e+03
-6.81818182e-06 8.33333333e-06 4.99993152e+07 -1.68908537e+02 -1.12275038e+03
-6.31313131e-06 8.33333333e-06 4.99993941e+07 -2.68594924e+02 -9.78072301e+02
-5.80808081e-06 8.33333333e-06 4.99994694e+07 -3.39225799e+02 -8.47351732e+02
-5.30303030e-06 8.33333333e-06 4.99995393e+07 -3.86469043e+02 -7.31068054e+02
-4.79797980e-06 8.33333333e-06 4.99996032e+07 -4.15250475e+02 -6.28921875e+02
-4.29292929e-06 8.33333333e-06 4.99996607e+07 -4.29791293e+02 -5.40125105e+02
-3.78787879e-06 8.33333333e-06 4.99997119e+07 -4.33681711e+02 -4.63597213e+02
-3.28282828e-06 8.33333333e-06 4.99997573e+07 -4.29959253e+02 -3.98088308e+02
-2.77777778e-06 8.33333333e-06 4.99997975e+07 -4.21171911e+02 -3.42250133e+02
-2.27272727e-06 8.33333333e-06 4.99998328e+07 -4.09416021e+02 -2.94675760e+02
-1.76767677e-06 8.33333333e-06 4.99998640e+07 -3.96347750e+02 -2.53928028e+02
-1.26262626e-06 8.33333333e-06 4.99998914e+07 -3.83176327e+02 -2.18574236e+02
-7.57575758e-07 8.33333333e-06 4.99999154e+07 -3.70655388e+02 -1.87238839e+02
-2.52525253e-07 8.33333333e-06 4.99999360e+07 -3.59093442e+02 -1.58676187e+02
2.52525253e-07 8.33333333e-06 4.99999534e+07 -3.48402124e+02 -1.31853511e+02
7.57575758e-07 8.33333333e-06 4.99999676e+07 -3.38190414e+02 -1.06024669e+02
1.26262626e-06 8.33333333e-06 4.99999788e+07 -3.27897045e+02 -8.07725665e+01
1.76767677e-06 8.33333333e-06 4.99999870e+07 -3.16938543e+02 -5.60049113e+01
2.27272727e-06 8.33333333e-06 4.99999928e+07 -3.04843487e+02 -3.19015011e+01
2.77777778e-06 8.33333333e-06 4.99999965e+07 -2.91347584e+02 -8.82530646e+00
3.28282828e-06 8.33333333e-06 4.99999988e+07 -2.76436198e+02 1.27818346e+01
3.78787879e-06 8.33333333e-06 5.00000002e+07 -2.60335106e+02 3.24973462e+01
4.29292929e-06 8.33333333e-06 5.00000014e+07 -2.43461073e+02 4.99936573e+01
4.79797980e-06 8.33333333e-06 5.00000028e+07 -2.26349113e+02 6.50832217e+01
5.30303030e-06 8.33333333e-06 5.00000049e+07 -2.09573611e+02 7.77319239e+01
5.80808081e-06 8.33333333e-06 5.00000080e+07 -1.93677460e+02 8.80455423e+01
6.31313131e-06 8.33333333e-06 5.00000121e+07 -1.79118684e+02 9.62372837e+01
6.81818182e-06 8.33333333e-06 5.00000173e+07 -1.66238747e+02 1.02585614e+02
7.32323232e-06 8.33333333e-06 5.00000235e+07 -1.55251928e+02 1.07390933e+02
7.82828283e-06 8.33333333e-06 5.00000305e+07 -1.46251509e+02 1.10937552e+02
8.33333333e-06 8.33333333e-06 5.00000382e+07 -1.39226536e+02 1.13464681e+02
8.83838384e-06 8.33333333e-06 5.00000463e+07 -1.34082633e+02 1.15147504e+02
9.34343434e-06 8.33333333e-06 5.00000549e+07 -1.30661256e+02 1.16087517e+02
9.84848485e-06 8.33333333e-06 5.00000635e+07 -1.28753412e+02 1.16310484e+02
1.03535354e-05 8.33333333e-06 5.00000721e+07 -1.28105620e+02 1.15770476e+02
1.08585859e-05 8.33333333e-06 5.00000806e+07 -1.28417604e+02 1.14359398e+02
1.13636364e-05 8.33333333e-06 5.00000886e+07 -1.29332864e+02 1.11922698e+02
1.18686869e-05 8.33333333e-06 5.00000961e+07 -1.30425159e+02 1.08283278e+02
1.23737374e-05 8.33333333e-06 5.00001027e+07 -1.31186375e+02 1.03276450e+02
1.28787879e-05 8.33333333e-06 5.00001083e+07 -1.31024253e+02 9.67982207e+01
1.33838384e-05 8.33333333e-06 5.00001125e+07 -1.29281547e+02 8.88663400e+01
1.38888889e-05 8.33333333e-06 5.00001153e+07 -1.25289562e+02 7.96873709e+01
1.43939394e-05 8.33333333e-06 5.00001167e+07 -1.18465820e+02 6.97136778e+01
1.48989899e-05 8.33333333e-06 5.00001169e+07 -1.08454090e+02 5.96642834e+01
1.54040404e-05 8.33333333e-06 5.00001162e+07 -9.52840296e+01 5.04793451e+01
1.59090909e-05 8.33333333e-06 5.00001153e+07 -7.95022013e+01 4.31881466e+01
1.64141414e-05 8.33333333e-06 5.00001149e+07 -6.22103421e+01 3.86999361e+01
1.69191919e-05 8.33333333e-06 5.00001156e+07 -4.49586268e+01 3.75683881e+01
1.74242424e-05 8.33333333e-06 5.00001177e+07 -2.94889306e+01 3.98114955e+01
1.79292929e-05 8.33333333e-06 5.00001211e+07 -1.73891546e+01 4.48636808e+01
1.84343434e-05 8.33333333e-06 5.00001255e+07 -9.76709359e+00 5.16892251e+01
1.89393939e-05 8.33333333e-06 5.00001298e+07 -7.04943507e+00 5.90195719e+01
1.94444444e-05 8.33333333e-06 5.00001334e+07 -8.95895821e+00 6.56302736e+01
1.99494949e-05 8.33333333e-06 5.00001353e+07 -1.46532596e+01 7.05697785e+01
2.04545455e-05 8.33333333e-06 5.00001351e+07 -2.29585441e+01 7.32855574e+01
2.09595960e-05 8.33333333e-06 5.00001326e+07 -3.26191592e+01 7.36384231e+01
2.14646465e-05 8.33333333e-06 5.00001279e+07 -4.25011387e+01 7.18308145e+01
2.19696970e-05 8.33333333e-06 5.00001213e+07 -5.17188416e+01 6.82900545e+01
2.24747475e-05 8.33333333e-06 5.00001133e+07 -5.96826585e+01 6.35455274e+01
2.29797980e-05 8.33333333e-06 5.00001046e+07 -6.60846692e+01 5.81267466e+01
2.34848485e-05 8.33333333e-06 5.00000956e+07 -7.08466393e+01 5.24947993e+01
2.39898990e-05 8.33333333e-06 5.00000866e+07 -7.40533779e+01 4.70076869e+01
2.44949495e-05 8.33333333e-06 5.00000782e+07 -7.58882674e+01 4.19128219e+01
2.50000000e-05 8.33333333e-06 5.00000703e+07 -7.65804057e+01 3.73572951e+01
-2.50000000e-05 8.83838384e-06 4.99996198e+07 -6.72468897e+02 -4.13655721e+01
-2.44949495e-05 8.83838384e-06 4.99995482e+07 -7.41273678e+02 -3.44447473e+01
-2.39898990e-05 8.83838384e-06 4.99994694e+07 -8.16979308e+02 -2.13233429e+01
-2.34848485e-05 8.83838384e-06 4.99993842e+07 -8.99298540e+02 3.36217635e-01
-2.29797980e-05 8.83838384e-06 4.99992938e+07 -9.87302798e+02 3.35089904e+01
-2.24747475e-05 8.83838384e-06 4.99992005e+07 -1.07909260e+03 8.18896139e+01
-2.19696970e-05 8.83838384e-06 4.99991078e+07 -1.17135593e+03 1.49922311e+02
-2.14646465e-05 8.83838384e-06 4.99990210e+07 -1.25880378e+03 2.42723791e+02
-2.09595960e-05 8.83838384e-06 4.99989472e+07 -1.33349535e+03 3.65816372e+02
-2.04545455e-05 8.83838384e-06 4.99988960e+07 -1.38411133e+03 5.24558259e+02
-1.99494949e-05 8.83838384e-06 4.99988788e+07 -1.39531423e+03 7.23135539e+02
-1.94444444e-05 8.83838384e-06 4.99989087e+07 -1.34745566e+03 9.62988687e+02
-1.89393939e-05 8.83838384e-06 4.99989989e+07 -1.21704334e+03 1.24062321e+03
-1.84343434e-05 8.83838384e-06 4.99991602e+07 -9.78524281e+02 1.54494978e+03
-1.79292929e-05 8.83838384e-06 4.99993974e+07 -6.07971612e+02 1.85465495e+03
-1.74242424e-05 8.83838384e-06 4.99997047e+07 -8.90149485e+01 2.13659891e+03
-1.69191919e-05 8.83838384e-06 5.00000620e+07 5.79364686e+02 2.34670826e+03
-1.64141414e-05 8.83838384e-06 5.00004332e+07 1.37480222e+03 2.43490527e+03
-1.59090909e-05 8.83838384e-06 5.00007687e+07 2.24635386e+03 2.35478509e+03
-1.54040404e-05 8.83838384e-06 5.00010143e+07 3.11596020e+03 2.07673401e+03
-1.48989899e-05 8.83838384e-06 5.00011242e+07 3.88921362e+03 1.60051319e+03
-1.43939394e-05 8.83838384e-06 5.00010750e+07 4.47446107e+03 9.61651716e+02
-1.38888889e-05 8.83838384e-06 5.00008738e+07 4.80457210e+03 2.27231152e+02
-1.33838384e-05 8.83838384e-06 5.00005567e+07 4.85301770e+03 -5.18867114e+02
-1.28787879e-05 8.83838384e-06 5.00001784e+07 4.63778414e+03 -1.19587119e+03
-1.23737374e-05 8.83838384e-06 4.99997966e+07 4.21237410e+03 -1.74335039e+03
-1.18686869e-05 8.83838384e-06 4.99994584e+07 3.64892150e+03 -2.12998814e+03
-1.13636364e-05 8.83838384e-06 4.99991934e+07 3.02067938e+03 -2.35283611e+03
-1.08585859e-05 8.83838384e-06 4.99990128e+07 2.38934927e+03 -2.43001376e+03
-1.03535354e-05 8.83838384e-06 4.99989134e+07 1.79912461e+03 -2.39118259e+03
-9.84848485e-06 8.83838384e-06 4.99988831e+07 1.27638442e+03 -2.26916792e+03
-9.34343434e-06 8.83838384e-06 4.99989060e+07 8.32735440e+02 -2.09428723e+03
-8.83838384e-06 8.83838384e-06 4.99989661e+07 4.69246602e+02 -1.89145545e+03
-8.33333333e-06 8.83838384e-06 4.99990495e+07 1.80471557e+02 -1.67938241e+03
-7.82828283e-06 8.83838384e-06 4.99991449e+07 -4.23851797e+01 -1.47102351e+03
-7.32323232e-06 8.83838384e-06 4.99992442e+07 -2.09285119e+02 -1.27460198e+03
-6.81818182e-06 8.83838384e-06 4.99993414e+07 -3.30020763e+02 -1.09476108e+03
-6.31313131e-06 8.83838384e-06 4.99994331e+07 -4.13509237e+02 -9.33612277e+02
-5.80808081e-06 8.83838384e-06 4.99995170e+07 -4.67504207e+02 -7.91585649e+02
-5.30303030e-06 8.83838384e-06 4.99995923e+07 -4.98560147e+02 -6.68068269e+02
-4.79797980e-06 8.83838384e-06 4.99996587e+07 -5.12131787e+02 -5.61853569e+02
-4.29292929e-06 8.83838384e-06 4.99997167e+07 -5.12731659e+02 -4.71436720e+02
-3.78787879e-06 8.83838384e-06 4.99997669e+07 -5.04097184e+02 -3.95191320e+02
-3.28282828e-06 8.83838384e-06 4.99998101e+07 -4.89337122e+02 -3.31458681e+02
-2.77777778e-06 8.83838384e-06 4.99998474e+07 -4.71038916e+02 -2.78577446e+02
-2.27272727e-06 8.83838384e-06 4.99998797e+07 -4.51327239e+02 -2.34879808e+02
-1.76767677e-06 8.83838384e-06 4.99999077e+07 -4.31873423e+02 -1.98680790e+02
-1.26262626e-06 8.83838384e-06 4.99999321e+07 -4.13867453e+02 -1.68286110e+02
-7.57575758e-07 8.83838384e-06 4.99999533e+07 -3.97977735e+02 -1.42038187e+02
-2.52525253e-07 8.83838384e-06 4.99999715e+07 -3.84333947e+02 -1.18406018e+02
2.52525253e-07 8.83838384e-06 4.99999866e+07 -3.72567534e+02 -9.61045456e+01
7.57575758e-07 8.83838384e-06 4.99999987e+07 -3.61928115e+02 -7.42104516e+01
1.26262626e-06 8.83838384e-06 5.00000078e+07 -3.51465881e+02 -5.22346702e+01
1.76767677e-06 8.83838384e-06 5.00000139e+07 -3.40242514e+02 -3.01232193e+01
2.27272727e-06 8.83838384e-06 5.00000176e+07 -3.27520773e+02 -8.18264971e+00
2.77777778e-06 8.83838384e-06 5.00000192e+07 -3.12891328e+02 1.30484972e+01
3.28282828e-06 8.83838384e-06 5.00000195e+07 -2.96318268e+02 3.29473823e+01
3.78787879e-06 8.83838384e-06 5.00000192e+07 -2.78108911e+02 5.09403421e+01
4.29292929e-06 8.83838384e-06 5.00000190e+07 -2.58829485e+02 6.65999433e+01
4.79797980e-06 8.83838384e-06 5.00000194e+07 -2.39193609e+02 7.96966547e+01
5.30303030e-06 8.83838384e-06 5.00000208e+07 -2.19948438e+02 9.02067838e+01
5.80808081e-06 8.83838384e-06 5.00000235e+07 -2.01777522e+02 9.82852332e+01
6.31313131e-06 8.83838384e-06 5.00000275e+07 -1.85232152e+02 1.04215407e+02
6.81818182e-06 8.83838384e-06 5.00000327e+07 -1.70695410e+02 1.08349650e+02
7.32323232e-06 8.83838384e-06 5.00000390e+07 -1.58376270e+02 1.11052127e+02
7.82828283e-06 8.83838384e-06 5.00000460e+07 -1.48326222e+02 1.12652581e+02
8.33333333e-06 8.83838384e-06 5.00000537e+07 -1.40468658e+02 1.13415038e+02
8.83838384e-06 8.83838384e-06 5.00000616e+07 -1.34631669e+02 1.13521623e+02
9.34343434e-06 8.83838384e-06 5.00000697e+07 -1.30577107e+02 1.13069089e+02
9.84848485e-06 8.83838384e-06 5.00000776e+07 -1.28021641e+02 1.12074708e+02
1.03535354e-05 8.83838384e-06 5.00000853e+07 -1.26648301e+02 1.10488625e+02
1.08585859e-05 8.83838384e-06 5.00000925e+07 -1.26109259e+02 1.08210931e+02
1.13636364e-05 8.83838384e-06 5.00000991e+07 -1.26022313e+02 1.05113132e+02
1.18686869e-05 8.83838384e-06 5.00001050e+07 -1.25965060e+02 1.01064763e+02
1.23737374e-05 8.83838384e-06 5.00001099e+07 -1.25472175e+02 9.59662058e+01
1.28787879e-05 8.83838384e-06 5.00001138e+07 -1.24042630e+02 8.97878115e+01
1.33838384e-05 8.83838384e-06 5.00001165e+07 -1.21164402e+02 8.26128693e+01
1.38888889e-05 8.83838384e-06 5.00001180e+07 -1.16363232e+02 7.46776234e+01
1.43939394e-05 8.83838384e-06 5.00001183e+07 -1.09277663e+02 6.63963482e+01
1.48989899e-05 8.83838384e-06 5.00001178e+07 -9.97537442e+01 5.83555558e+01
1.54040404e-05 8.83838384e-06 5.00001167e+07 -8.79402394e+01 5.12624017e+01
1.59090909e-05 8.83838384e-06 5.00001156e+07 -7.43531101e+01 4.58417910e+01
1.64141414e-05 8.83838384e-06 5.00001150e+07 -5.98740993e+01 4.26949476e+01
1.69191919e-05 8.83838384e-06 5.00001153e+07 -4.56598463e+01 4.21534803e+01
1.74242424e-05 8.83838384e-06 5.00001167e+07 -3.29660035e+01 4.41757894e+01
1.79292929e-05 8.83838384e-06 5.00001192e+07 -2.29251202e+01 4.83262635e+01
1.84343434e-05 8.83838384e-06 5.00001224e+07 -1.63399408e+01 5.38510131e+01
1.89393939e-05 8.83838384e-06 5.00001257e+07 -1.35514327e+01 5.98287964e+01
1.94444444e-05 8.83838384e-06 5.00001284e+07 -1.44137905e+01 6.53502006e+01
1.99494949e-05 8.83838384e-06 5.00001301e+07 -1.83713432e+01 6.96737249e+01
2.04545455e-05 8.83838384e-06 5.00001302e+07 -2.46026812e+01 7.23228985e+01
2.09595960e-05 8.83838384e-06 5.00001285e+07 -3.21857542e+01 7.31131251e+01
2.14646465e-05 8.83838384e-06 5.00001250e+07 -4.02436048e+01 7.21187239e+01
2.19696970e-05 8.83838384e-06 5.00001199e+07 -4.80463100e+01 6.96028670e+01
2.24747475e-05 8.83838384e-06 5.00001136e+07 -5.50621774e+01 6.59351100e+01
2.29797980e-05 8.83838384e-06 5.00001065e+07 -6.09645749e+01 6.15160531e+01
2.34848485e-05 8.83838384e-06 5.00000988e+07 -6.56078050e+01 5.67204813e+01
2.39898990e-05 8.83838384e-06 5.00000911e+07 -6.89867409e+01 5.18624795e+01
2.44949495e-05 8.83838384e-06 5.00000835e+07 -7.11924665e+01 4.71804044e+01
2.50000000e-05 8.83838384e-06 5.00000764e+07 -7.23720764e+01 4.28367016e+01
-2.50000000e-05 9.34343434e-06 4.99996692e+07 -6.74110430e+02 -4.54446585e+01
-2.44949495e-05 9.34343434e-06 4.99995938e+07 -7.47512908e+02 -4.47617789e+01
-2.39898990e-05 9.34343434e-06 4.99995087e+07 -8.29834861e+02 -3.92220048e+01
-2.34848485e-05 9.34343434e-06 4.99994141e+07 -9.21429890e+02 -2.65339799e+01
-2.29797980e-05 9.34343434e-06 4.99993103e+07 -1.02214275e+03 -3.63478563e+00
-2.24747475e-05 9.34343434e-06 4.99991990e+07 -1.13096205e+03 3.34821852e+01
-2.19696970e-05 9.34343434e-06 4.99990829e+07 -1.24551852e+03 8.99206758e+01
-2.14646465e-05 9.34343434e-06 4.99989668e+07 -1.36138915e+03 1.71961063e+02
-2.09595960e-05 9.34343434e-06 4.99988581e+07 -1.47118006e+03 2.86969910e+02
-2.04545455e-05 9.34343434e-06 4.99987672e+07 -1.56340221e+03 4.42988067e+02
-1.99494949e-05 9.34343434e-06 4.99987079e+07 -1.62124372e+03 6.47782124e+02
-1.94444444e-05 9.34343434e-06 4.99986974e+07 -1.62150667e+03 9.07095553e+02
-1.89393939e-05 9.34343434e-06 4.99987551e+07 -1.53423194e+03 1.22185541e+03
-1.84343434e-05 9.34343434e-06 4.99988997e+07 -1.32386081e+03 1.58427078e+03
-1.79292929e-05 9.34343434e-06 4.99991444e+07 -9.53062699e+02 1.97322260e+03
-1.74242424e-05 9.34343434e-06 4.99994906e+07 -3.90319555e+02 2.35017661e+03
-1.69191919e-05 9.34343434e-06 4.99999198e+07 3.78440029e+02 2.65793681e+03
-1.64141414e-05 9.34343434e-06 5.00003888e+07 1.33583943e+03 2.82534480e+03
-1.59090909e-05 9.34343434e-06 5.00008304e+07 2.42137341e+03 2.78042683e+03
-1.54040404e-05 9.34343434e-06 5.00011650e+07 3.52932226e+03 2.47135448e+03
-1.48989899e-05 9.34343434e-06 5.00013215e+07 4.52287117e+03 1.88913597e+03
-1.43939394e-05 9.34343434e-06 5.00012613e+07 5.26482136e+03 1.08124872e+03
-1.38888889e-05 9.34343434e-06 5.00009944e+07 5.65523758e+03 1.46405347e+02
-1.33838384e-05 9.34343434e-06 5.00005769e+07 5.65952397e+03 -7.90568824e+02
-1.28787879e-05 9.34343434e-06 5.00000917e+07 5.31373240e+03 -1.61322141e+03
-1.23737374e-05 9.34343434e-06 4.99996223e+07 4.70630254e+03 -2.24160901e+03
-1.18686869e-05 9.34343434e-06 4.99992307e+07 3.94745894e+03 -2.64358239e+03
-1.13636364e-05 9.34343434e-06 4.99989493e+07 3.14069951e+03 -2.82917423e+03
-1.08585859e-05 9.34343434e-06 4.99987832e+07 2.36536409e+03 -2.83550977e+03
-1.03535354e-05 9.34343434e-06 4.99987190e+07 1.67144726e+03 -2.71066317e+03
-9.84848485e-06 9.34343434e-06 4.99987342e+07 1.08289033e+03 -2.50161139e+03
-9.34343434e-06 9.34343434e-06 4.99988048e+07 6.04592407e+02 -2.24761074e+03
-8.83838384e-06 9.34343434e-06 4.99989093e+07 2.29679519e+02 -1.97798948e+03
-8.33333333e-06 9.34343434e-06 4.99990308e+07 -5.46694837e+01 -1.71264584e+03
-7.82828283e-06 9.34343434e-06 4.99991569e+07 -2.63255978e+02 -1.46377654e+03
-7.32323232e-06 9.34343434e-06 4.99992794e+07 -4.10513683e+02 -1.23788497e+03
-6.81818182e-06 9.34343434e-06 4.99993933e+07 -5.09333253e+02 -1.03758534e+03
-6.31313131e-06 9.34343434e-06 4.99994960e+07 -5.70635353e+02 -8.63027944e+02
-5.80808081e-06 9.34343434e-06 4.99995864e+07 -6.03370908e+02 -7.12934748e+02
-5.30303030e-06 9.34343434e-06 4.99996645e+07 -6.14734420e+02 -5.85304337e+02
-4.79797980e-06 9.34343434e-06 4.99997310e+07 -6.10460313e+02 -4.77861415e+02
-4.29292929e-06 9.34343434e-06 4.99997870e+07 -5.95128755e+02 -3.88318902e+02
-3.78787879e-06 9.34343434e-06 4.99998338e+07 -5.72441165e+02 -3.14505812e+02
-3.28282828e-06 9.34343434e-06 4.99998727e+07 -5.45443050e+02 -2.54400234e+02
-2.77777778e-06 9.34343434e-06 4.99999051e+07 -5.16679712e+02 -2.06098111e+02
-2.27272727e-06 9.34343434e-06 4.99999324e+07 -4.88274895e+02 -1.67746394e+02
-1.76767677e-06 9.34343434e-06 4.99999557e+07 -4.61929710e+02 -1.37472722e+02
-1.26262626e-06 9.34343434e-06 4.99999757e+07 -4.38854149e+02 -1.13348287e+02
-7.57575758e-07 9.34343434e-06 4.99999931e+07 -4.19666213e+02 -9.34179422e+01
-2.52525253e-07 9.34343434e-06 5.00000080e+07 -4.04316087e+02 -7.58136370e+01
2.52525253e-07 9.34343434e-06 5.00000202e+07 -3.92099092e+02 -5.89330492e+01
7.57575758e-07 9.34343434e-06 5.00000297e+07 -3.81797213e+02 -4.16281550e+01
1.26262626e-06 9.34343434e-06 5.00000362e+07 -3.71937848e+02 -2.33315482e+01
1.76767677e-06 9.34343434e-06 5.00000398e+07 -3.61105088e+02 -4.06743876e+00
2.27272727e-06 9.34343434e-06 5.00000409e+07 -3.48215433e+02 1.56587663e+01
2.77777778e-06 9.34343434e-06 5.00000402e+07 -3.32688899e+02 3.50520205e+01
3.28282828e-06 9.34343434e-06 5.00000383e+07 -3.14491593e+02 5.32396381e+01
3.78787879e-06 9.34343434e-06 5.00000362e+07 -2.94068046e+02 6.94520361e+01
4.29292929e-06 9.34343434e-06 5.00000346e+07 -2.72203262e+02 8.31439705e+01
4.79797980e-06 9.34343434e-06 5.00000341e+07 -2.49856473e+02 9.40497055e+01
5.30303030e-06 9.34343434e-06 5.00000351e+07 -2.28000848e+02 1.02179096e+02
5.80808081e-06 9.34343434e-06 5.00000377e+07 -2.07493541e+02 1.07768760e+02
6.31313131e-06 9.34343434e-06 5.00000419e+07 -1.88990271e+02 1.11206322e+02
6.81818182e-06 9.34343434e-06 5.00000475e+07 -1.72908171e+02 1.12946753e+02
7.32323232e-06 9.34343434e-06 5.00000541e+07 -1.59430864e+02 1.13437339e+02
7.82828283e-06 9.34343434e-06 5.00000614e+07 -1.48542922e+02 1.13062172e+02
8.33333333e-06 9.34343434e-06 5.00000692e+07 -1.40078485e+02 1.12110078e+02
8.83838384e-06 9.34343434e-06 5.00000770e+07 -1.33770703e+02 1.10764062e+02
9.34343434e-06 9.34343434e-06 5.00000847e+07 -1.29292971e+02 1.09106971e+02
9.84848485e-06 9.34343434e-06 5.00000920e+07 -1.26287763e+02 1.07137415e+02
1.03535354e-05 9.34343434e-06 5.00000987e+07 -1.24382808e+02 1.04791107e+02
1.08585859e-05 9.34343434e-06 5.00001048e+07 -1.23197002e+02 1.01964717e+02
1.13636364e-05 9.34343434e-06 5.00001101e+07 -1.22339942e+02 9.85411413e+01
1.18686869e-05 9.34343434e-06 5.00001145e+07 -1.21409773e+02 9.44162613e+01
1.23737374e-05 9.34343434e-06 5.00001180e+07 -1.19994482e+02 8.95274308e+01
1.28787879e-05 9.34343434e-06 5.00001204e+07 -1.17681840e+02 8.38830817e+01
1.33838384e-05 9.34343434e-06 5.00001217e+07 -1.14082609e+02 7.75908235e+01
1.38888889e-05 9.34343434e-06 5.00001221e+07 -1.08869722e+02 7.08787073e+01
1.43939394e-05 9.34343434e-06 5.00001215e+07 -1.01832202e+02 6.41016921e+01
1.48989899e-05 9.34343434e-06 5.00001204e+07 -9.29365814e+01 5.77243357e+01
1.54040404e-05 9.34343434e-06 5.00001189e+07 -8.23815072e+01 5.22731646e+01
1.59090909e-05 9.34343434e-06 5.00001175e+07 -7.06260025e+01 4.82592572e+01
1.64141414e-05 9.34343434e-06 5.00001166e+07 -5.83722744e+01 4.60824526e+01
1.69191919e-05 9.34343434e-06 5.00001164e+07 -4.64929341e+01 4.59394442e+01
1.74242424e-05 9.34343434e-06 5.00001171e+07 -3.59090848e+01 4.77630263e+01
1.79292929e-05 9.34343434e-06 5.00001187e+07 -2.74440607e+01 5.12143970e+01
1.84343434e-05 9.34343434e-06 5.00001208e+07 -2.16890207e+01 5.57350219e+01
1.89393939e-05 9.34343434e-06 5.00001232e+07 -1.89148213e+01 6.06453123e+01
1.94444444e-05 9.34343434e-06 5.00001252e+07 -1.90499749e+01 6.52629771e+01
1.99494949e-05 9.34343434e-06 5.00001264e+07 -2.17238765e+01 6.90103472e+01
2.04545455e-05 9.34343434e-06 5.00001265e+07 -2.63568206e+01 7.14873294e+01
2.09595960e-05 9.34343434e-06 5.00001252e+07 -3.22696588e+01 7.25000811e+01
2.14646465e-05 9.34343434e-06 5.00001225e+07 -3.87871534e+01 7.20487950e+01
2.19696970e-05 9.34343434e-06 5.00001185e+07 -4.53170517e+01 7.02868248e+01
2.24747475e-05 9.34343434e-06 5.00001134e+07 -5.13971689e+01 6.74664046e+01
2.29797980e-05 9.34343434e-06 5.00001074e+07 -5.67116759e+01 6.38844918e+01
2.34848485e-05 9.34343434e-06 5.00001010e+07 -6.10834374e+01 5.98379054e+01
2.39898990e-05 9.34343434e-06 5.00000943e+07 -6.44513940e+01 5.55920356e+01
2.44949495e-05 9.34343434e-06 5.00000875e+07 -6.68414453e+01 5.13633779e+01
2.50000000e-05 9.34343434e-06 5.00000810e+07 -6.83372479e+01 4.73136132e+01
-2.50000000e-05 9.84848485e-06 4.99997357e+07 -6.70339360e+02 -4.11810208e+01
-2.44949495e-05 9.84848485e-06 4.99996590e+07 -7.46912030e+02 -4.63892660e+01
-2.39898990e-05 9.84848485e-06 4.99995704e+07 -8.34257299e+02 -4.84118490e+01
-2.34848485e-05 9.84848485e-06 4.99994690e+07 -9.33446701e+02 -4.51790518e+01
-2.29797980e-05 9.84848485e-06 4.99993542e+07 -1.04525084e+03 -3.37643562e+01
-2.24747475e-05 9.84848485e-06 4.99992265e+07 -1.16981204e+03 -1.01178098e+01
-2.19696970e-05 9.84848485e-06 4.99990873e+07 -1.30612889e+03 3.12327666e+01
-2.14646465e-05 9.84848485e-06 4.99989404e+07 -1.45127723e+03 9.74704939e+01
-2.09595960e-05 9.84848485e-06 4.99987924e+07 -1.59928374e+03 1.97676233e+02
-2.04545455e-05 9.84848485e-06 4.99986535e+07 -1.73958637e+03 3.42741215e+02
-1.99494949e-05 9.84848485e-06 4.99985394e+07 -1.85508914e+03 5.44717087e+02
-1.94444444e-05 9.84848485e-06 4.99984711e+07 -1.92000109e+03 8.15174778e+02
-1.89393939e-05 9.84848485e-06 4.99984749e+07 -1.89800208e+03 1.16203230e+03
-1.84343434e-05 9.84848485e-06 4.99985801e+07 -1.74185096e+03 1.58436076e+03
-1.79292929e-05 9.84848485e-06 4.99988136e+07 -1.39628151e+03 2.06512934e+03
-1.74242424e-05 9.84848485e-06 4.99991896e+07 -8.06586531e+02 2.56302156e+03
-1.69191919e-05 9.84848485e-06 4.99996979e+07 6.51279663e+01 3.00651282e+03
-1.64141414e-05 9.84848485e-06 5.00002906e+07 1.21664246e+03 3.29580914e+03
-1.59090909e-05 9.84848485e-06 5.00008783e+07 2.58149360e+03 3.31906489e+03
-1.54040404e-05 9.84848485e-06 5.00013429e+07 4.01719074e+03 2.98530709e+03
-1.48989899e-05 9.84848485e-06 5.00015706e+07 5.32139499e+03 2.26591293e+03
-1.43939394e-05 9.84848485e-06 5.00014960e+07 6.28191339e+03 1.22405891e+03
-1.38888889e-05 9.84848485e-06 5.00011328e+07 6.74452994e+03 9.65230487e+00
-1.33838384e-05 9.84848485e-06 5.00005711e+07 6.66452507e+03 -1.18527290e+03
-1.28787879e-05 9.84848485e-06 4.99999410e+07 6.11329949e+03 -2.18905479e+03
-1.23737374e-05 9.84848485e-06 4.99993643e+07 5.24006541e+03 -2.89747164e+03
-1.18686869e-05 9.84848485e-06 4.99989210e+07 4.21489979e+03 -3.28596883e+03
-1.13636364e-05 9.84848485e-06 4.99986409e+07 3.18256879e+03 -3.39175289e+03
-1.08585859e-05 9.84848485e-06 4.99985144e+07 2.24081746e+03 -3.28381755e+03
-1.03535354e-05 9.84848485e-06 4.99985107e+07 1.44014487e+03 -3.03670983e+03
-9.84848485e-06 9.84848485e-06 4.99985925e+07 7.94956612e+02 -2.71470744e+03
-9.34343434e-06 9.84848485e-06 4.99987257e+07 2.97186082e+02 -2.36576880e+03
-8.83838384e-06 9.84848485e-06 4.99988837e+07 -7.24066747e+01 -2.02172233e+03
-8.33333333e-06 9.84848485e-06 4.99990475e+07 -3.36628889e+02 -1.70129782e+03
-7.82828283e-06 9.84848485e-06 4.99992051e+07 -5.17525810e+02 -1.41380009e+03
-7.32323232e-06 9.84848485e-06 4.99993494e+07 -6.34359501e+02 -1.16235593e+03
-6.81818182e-06 9.84848485e-06 4.99994773e+07 -7.02985823e+02 -9.46389595e+02
-6.31313131e-06 9.84848485e-06 4.99995876e+07 -7.35971005e+02 -7.63343532e+02
-5.80808081e-06 9.84848485e-06 4.99996809e+07 -7.43036520e+02 -6.09793204e+02
-5.30303030e-06 9.84848485e-06 4.99997583e+07 -7.31603197e+02 -4.82123420e+02
-4.79797980e-06 9.84848485e-06 4.99998216e+07 -7.07321026e+02 -3.76905687e+02
-4.29292929e-06 9.84848485e-06 4.99998725e+07 -6.74536187e+02 -2.91077668e+02
-3.78787879e-06 9.84848485e-06 4.99999130e+07 -6.36678355e+02 -2.21990997e+02
-3.28282828e-06 9.84848485e-06 4.99999450e+07 -5.96561950e+02 -1.67367938e+02
-2.77777778e-06 9.84848485e-06 4.99999702e+07 -5.56593770e+02 -1.25192903e+02
-2.27272727e-06 9.84848485e-06 4.99999904e+07 -5.18874337e+02 -9.35628141e+01
-1.76767677e-06 9.84848485e-06 5.00000071e+07 -4.85180662e+02 -7.05306539e+01
-1.26262626e-06 9.84848485e-06 5.00000212e+07 -4.56834156e+02 -5.39935880e+01
-7.57575758e-07 9.84848485e-06 5.00000336e+07 -4.34494946e+02 -4.16865891e+01
-2.52525253e-07 9.84848485e-06 5.00000443e+07 -4.17972589e+02 -3.13239996e+01
2.52525253e-07 9.84848485e-06 5.00000530e+07 -4.06171306e+02 -2.08741076e+01
7.57575758e-07 9.84848485e-06 5.00000593e+07 -3.97257149e+02 -8.87567444e+00
1.26262626e-06 9.84848485e-06 5.00000629e+07 -3.89039208e+02 5.33812791e+00
1.76767677e-06 9.84848485e-06 5.00000636e+07 -3.79448304e+02 2.16106506e+01
2.27272727e-06 9.84848485e-06 5.00000618e+07 -3.66950113e+02 3.91357309e+01
2.77777778e-06 9.84848485e-06 5.00000584e+07 -3.50774988e+02 5.67532631e+01
3.28282828e-06 9.84848485e-06 5.00000543e+07 -3.30940344e+02 7.32564774e+01
3.78787879e-06 9.84848485e-06 5.00000504e+07 -3.08115573e+02 8.76323260e+01
4.29292929e-06 9.84848485e-06 5.00000476e+07 -2.83403042e+02 9.92055903e+01
4.79797980e-06 9.84848485e-06 5.00000465e+07 -2.58097153e+02 1.07690403e+02
5.30303030e-06 9.84848485e-06 5.00000475e+07 -2.33464368e+02 1.13165514e+02
5.80808081e-06 9.84848485e-06 5.00000505e+07 -2.10573062e+02 1.15993790e+02
6.31313131e-06 9.84848485e-06 5.00000554e+07 -1.90190406e+02 1.16710286e+02
6.81818182e-06 9.84848485e-06 5.00000618e+07 -1.72749541e+02 1.15905620e+02
7.32323232e-06 9.84848485e-06 5.00000692e+07 -1.58375645e+02 1.14128112e+02
7.82828283e-06 9.84848485e-06 5.00000771e+07 -1.46949272e+02 1.11818810e+02
8.33333333e-06 9.84848485e-06 5.00000851e+07 -1.38183167e+02 1.09282119e+02
8.83838384e-06 9.84848485e-06 5.00000930e+07 -1.31693599e+02 1.06685881e+02
9.34343434e-06 9.84848485e-06 5.00001003e+07 -1.27055353e+02 1.04080755e+02
9.84848485e-06 9.84848485e-06 5.00001069e+07 -1.23837252e+02 1.01429081e+02
1.03535354e-05 9.84848485e-06 5.00001128e+07 -1.21620338e+02 9.86361902e+01
1.08585859e-05 9.84848485e-06 5.00001177e+07 -1.20003620e+02 9.55803768e+01
1.13636364e-05 9.84848485e-06 5.00001217e+07 -1.18603011e+02 9.21403169e+01
1.18686869e-05 9.84848485e-06 5.00001248e+07 -1.17048915e+02 8.82201232e+01
1.23737374e-05 9.84848485e-06 5.00001268e+07 -1.14987270e+02 8.37724226e+01
1.28787879e-05 9.84848485e-06 5.00001279e+07 -1.12087919e+02 7.88190658e+01
1.33838384e-05 9.84848485e-06 5.00001281e+07 -1.08062915e+02 7.34676011e+01
1.38888889e-05 9.84848485e-06 5.00001274e+07 -1.02695281e+02 6.79199474e+01
1.43939394e-05 9.84848485e-06 5.00001260e+07 -9.58756960e+01 6.24684813e+01
1.48989899e-05 9.84848485e-06 5.00001243e+07 -8.76407327e+01 5.74749093e+01
1.54040404e-05 9.84848485e-06 5.00001223e+07 -7.82025422e+01 5.33296827e+01
1.59090909e-05 9.84848485e-06 5.00001205e+07 -6.79579492e+01 5.03945534e+01
1.64141414e-05 9.84848485e-06 5.00001192e+07 -5.74666562e+01 4.89372013e+01
1.69191919e-05 9.84848485e-06 5.00001184e+07 -4.73946162e+01 4.90723526e+01
1.74242424e-05 9.84848485e-06 5.00001185e+07 -3.84285245e+01 5.07255153e+01
1.79292929e-05 9.84848485e-06 5.00001192e+07 -3.11774405e+01 5.36314597e+01
1.84343434e-05 9.84848485e-06 5.00001205e+07 -2.60834056e+01 5.73704590e+01
1.89393939e-05 9.84848485e-06 5.00001219e+07 -2.33616209e+01 6.14343774e+01
1.94444444e-05 9.84848485e-06 5.00001231e+07 -2.29825220e+01 6.53063859e+01
1.99494949e-05 9.84848485e-06 5.00001239e+07 -2.46963493e+01 6.85355381e+01
2.04545455e-05 9.84848485e-06 5.00001238e+07 -2.80901686e+01 7.07910025e+01
2.09595960e-05 9.84848485e-06 5.00001227e+07 -3.26612257e+01 7.18881996e+01
2.14646465e-05 9.84848485e-06 5.00001204e+07 -3.78900249e+01 7.17871693e+01
2.19696970e-05 9.84848485e-06 5.00001171e+07 -4.33003818e+01 7.05695676e+01
2.24747475e-05 9.84848485e-06 5.00001129e+07 -4.84996171e+01 6.84035413e+01
2.29797980e-05 9.84848485e-06 5.00001079e+07 -5.31978108e+01 6.55055756e+01
2.34848485e-05 9.84848485e-06 5.00001023e+07 -5.72092249e+01 6.21062594e+01
2.39898990e-05 9.84848485e-06 5.00000965e+07 -6.04411471e+01 5.84239888e+01
2.44949495e-05 9.84848485e-06 5.00000905e+07 -6.28757568e+01 5.46479010e+01
2.50000000e-05 9.84848485e-06 5.00000846e+07 -6.45497607e+01 5.09293428e+01
-2.50000000e-05 1.03535354e-05 4.99998201e+07 -6.61888497e+02 -2.67056692e+01
-2.44949495e-05 1.03535354e-05 4.99997456e+07 -7.40002254e+02 -3.68491402e+01
-2.39898990e-05 1.03535354e-05 4.99996572e+07 -8.30421233e+02 -4.56881744e+01
-2.34848485e-05 1.03535354e-05 4.99995530e+07 -9.34953326e+02 -5.15618061e+01
-2.29797980e-05 1.03535354e-05 4.99994313e+07 -1.05538078e+03 -5.19441692e+01
-2.24747475e-05 1.03535354e-05 4.99992908e+07 -1.19320053e+03 -4.30964544e+01
-2.19696970e-05 1.03535354e-05 4.99991315e+07 -1.34916354e+03 -1.96232119e+01
-2.14646465e-05 1.03535354e-05 4.99989550e+07 -1.52250198e+03 2.60548016e+01
-2.09595960e-05 1.03535354e-05 4.99987657e+07 -1.70969419e+03 1.04251372e+02
-2.04545455e-05 1.03535354e-05 4.99985726e+07 -1.90258792e+03 2.28435596e+02
-1.99494949e-05 1.03535354e-05 4.99983912e+07 -2.08571910e+03 4.15204631e+02
-1.94444444e-05 1.03535354e-05 4.99982450e+07 -2.23279838e+03 6.83235839e+02
-1.89393939e-05 1.03535354e-05 4.99981672e+07 -2.30272192e+03 1.05031922e+03
-1.84343434e-05 1.03535354e-05 4.99982000e+07 -2.23627115e+03 1.52729845e+03
-1.79292929e-05 1.03535354e-05 4.99983889e+07 -1.95603584e+03 2.10788053e+03
-1.74242424e-05 1.03535354e-05 4.99987714e+07 -1.37384229e+03 2.75449176e+03
-1.69191919e-05 1.03535354e-05 4.99993569e+07 -4.11037738e+02 3.38354990e+03
-1.64141414e-05 1.03535354e-05 5.00001017e+07 9.65157698e+02 3.85892630e+03
-1.59090909e-05 1.03535354e-05 5.00008916e+07 2.69486983e+03 4.00754200e+03
-1.54040404e-05 1.03535354e-05 5.00015505e+07 4.59011596e+03 3.66878237e+03
-1.48989899e-05 1.03535354e-05 5.00018913e+07 6.34584274e+03 2.77085529e+03
-1.43939394e-05 1.03535354e-05 5.00017977e+07 7.62130383e+03 1.39579451e+03
-1.38888889e-05 1.03535354e-05 5.00012884e+07 8.16798950e+03 -2.20198279e+02
-1.33838384e-05 1.03535354e-05 5.00005147e+07 7.92992803e+03 -1.76985299e+03
-1.28787879e-05 1.03535354e-05 4.99996872e+07 7.04982603e+03 -2.99429416e+03
-1.23737374e-05 1.03535354e-05 4.99989855e+07 5.78523978e+03 -3.76341769e+03
-1.18686869e-05 1.03535354e-05 4.99985059e+07 4.39987290e+03 -4.08128658e+03
-1.13636364e-05 1.03535354e-05 4.99982622e+07 3.09090314e+03 -4.03862206e+03
-1.08585859e-05 1.03535354e-05 4.99982154e+07 1.96871858e+03 -3.75552266e+03
-1.03535354e-05 1.03535354e-05 4.99983066e+07 1.07167749e+03 -3.34184087e+03
-9.84848485e-06 1.03535354e-05 4.99984796e+07 3.92401625e+02 -2.88004695e+03
-9.34343434e-06 1.03535354e-05 4.99986902e+07 -9.89152736e+01 -2.42361109e+03
-8.83838384e-06 1.03535354e-05 4.99989082e+07 -4.38932651e+02 -2.00252874e+03
-8.33333333e-06 1.03535354e-05 4.99991151e+07 -6.62700418e+02 -1.63044996e+03
-7.82828283e-06 1.03535354e-05 4.99993013e+07 -8.00046788e+02 -1.31084839e+03
-7.32323232e-06 1.03535354e-05 4.99994629e+07 -8.74718639e+02 -1.04151493e+03
-6.81818182e-06 1.03535354e-05 4.99995992e+07 -9.04839952e+02 -8.17503555e+02
-6.31313131e-06 1.03535354e-05 4.99997117e+07 -9.03860339e+02 -6.32913097e+02
-5.80808081e-06 1.03535354e-05 4.99998028e+07 -8.81577572e+02 -4.81885153e+02
-5.30303030e-06 1.03535354e-05 4.99998750e+07 -8.45057733e+02 -3.59110889e+02
-4.79797980e-06 1.03535354e-05 4.99999310e+07 -7.99400622e+02 -2.60045653e+02
-4.29292929e-06 1.03535354e-05 4.99999734e+07 -7.48353900e+02 -1.80954001e+02
-3.78787879e-06 1.03535354e-05 5.00000046e+07 -6.94797486e+02 -1.18852517e+02
-3.28282828e-06 1.03535354e-05 5.00000268e+07 -6.41116592e+02 -7.13808140e+01
-2.77777778e-06 1.03535354e-05 5.00000423e+07 -5.89466021e+02 -3.66103201e+01
-2.27272727e-06 1.03535354e-05 5.00000530e+07 -5.41906728e+02 -1.27978993e+01
-1.76767677e-06 1.03535354e-05 5.00000610e+07 -5.00379431e+02 1.88904310e+00
-1.26262626e-06 1.03535354e-05 5.00000675e+07 -4.66489346e+02 9.60894728e+00
-7.57575758e-07 1.03535354e-05 5.00000734e+07 -4.41132503e+02 1.29359165e+01
-2.52525253e-07 1.03535354e-05 5.00000789e+07 -4.24095411e+02 1.46981120e+01
2.52525253e-07 1.03535354e-05 5.00000835e+07 -4.13848224e+02 1.75509701e+01
7.57575758e-07 1.03535354e-05 5.00000862e+07 -4.07727753e+02 2.34310298e+01
1.26262626e-06 1.03535354e-05 5.00000863e+07 -4.02525178e+02 3.31502804e+01
1.76767677e-06 1.03535354e-05 5.00000838e+07 -3.95258102e+02 4.63381447e+01
2.27272727e-06 1.03535354e-05 5.00000789e+07 -3.83808069e+02 6.17375562e+01
2.77777778e-06 1.03535354e-05 5.00000727e+07 -3.67218232e+02 7.76790002e+01
3.28282828e-06 1.03535354e-05 5.00000663e+07 -3.45650619e+02 9.25261236e+01
3.78787879e-06 1.03535354e-05 5.00000609e+07 -3.20130514e+02 1.04980888e+02
4.29292929e-06 1.03535354e-05 5.00000574e+07 -2.92210315e+02 1.14238154e+02
4.79797980e-06 1.03535354e-05 5.00000563e+07 -2.63633635e+02 1.20021222e+02
5.30303030e-06 1.03535354e-05 5.00000579e+07 -2.36042134e+02 1.22526843e+02
5.80808081e-06 1.03535354e-05 5.00000621e+07 -2.10756044e+02 1.22302111e+02
6.31313131e-06 1.03535354e-05 5.00000684e+07 -1.88652173e+02 1.20082708e+02
6.81818182e-06 1.03535354e-05 5.00000761e+07 -1.70144437e+02 1.16631001e+02
7.32323232e-06 1.03535354e-05 5.00000847e+07 -1.55246944e+02 1.12609292e+02
7.82828283e-06 1.03535354e-05 5.00000935e+07 -1.43682901e+02 1.08507084e+02
8.33333333e-06 1.03535354e-05 5.00001021e+07 -1.35001616e+02 1.04621433e+02
8.83838384e-06 1.03535354e-05 5.00001099e+07 -1.28677053e+02 1.01076074e+02
9.34343434e-06 1.03535354e-05 5.00001169e+07 -1.24176308e+02 9.78611819e+01
9.84848485e-06 1.03535354e-05 5.00001229e+07 -1.20998218e+02 9.48788072e+01
1.03535354e-05 1.03535354e-05 5.00001277e+07 -1.18688798e+02 9.19849137e+01
1.08585859e-05 1.03535354e-05 5.00001315e+07 -1.16842140e+02 8.90243037e+01
1.13636364e-05 1.03535354e-05 5.00001342e+07 -1.15094664e+02 8.58582080e+01
1.18686869e-05 1.03535354e-05 5.00001359e+07 -1.13118932e+02 8.23858214e+01
1.23737374e-05 1.03535354e-05 5.00001366e+07 -1.10621426e+02 7.85610977e+01
1.28787879e-05 1.03535354e-05 5.00001364e+07 -1.07347030e+02 7.44052396e+01
1.33838384e-05 1.03535354e-05 5.00001354e+07 -1.03091353e+02 7.00140525e+01
1.38888889e-05 1.03535354e-05 5.00001337e+07 -9.77201825e+01 6.55581587e+01
1.43939394e-05 1.03535354e-05 5.00001316e+07 -9.11931644e+01 6.12734785e+01
1.48989899e-05 1.03535354e-05 5.00001291e+07 -8.35865575e+01 5.74398748e+01
1.54040404e-05 1.03535354e-05 5.00001266e+07 -7.51080406e+01 5.43477360e+01
1.59090909e-05 1.03535354e-05 5.00001243e+07 -6.60961901e+01 5.22554226e+01
1.64141414e-05 1.03535354e-05 5.00001225e+07 -5.69990983e+01 5.13441384e+01
1.69191919e-05 1.03535354e-05 5.00001212e+07 -4.83309655e+01 5.16795328e+01
1.74242424e-05 1.03535354e-05 5.00001205e+07 -4.06114702e+01 5.31897000e+01
1.79292929e-05 1.03535354e-05 5.00001205e+07 -3.42983806e+01 5.56664028e+01
1.84343434e-05 1.03535354e-05 5.00001209e+07 -2.97269447e+01 5.87908314e+01
1.89393939e-05 1.03535354e-05 5.00001215e+07 -2.70686614e+01 6.21788214e+01
1.94444444e-05 1.03535354e-05 5.00001221e+07 -2.63172403e+01 6.54355446e+01
1.99494949e-05 1.03535354e-05 5.00001223e+07 -2.73026884e+01 6.82079476e+01
2.04545455e-05 1.03535354e-05 5.00001219e+07 -2.97279596e+01 7.02249663e+01
2.09595960e-05 1.03535354e-05 5.00001208e+07 -3.32184734e+01 7.13197448e+01
2.14646465e-05 1.03535354e-05 5.00001188e+07 -3.73738486e+01 7.14330112e+01
2.19696970e-05 1.03535354e-05 5.00001159e+07 -4.18129852e+01 7.06008203e+01
2.24747475e-05 1.03535354e-05 5.00001122e+07 -4.62069845e+01 6.89321979e+01
2.29797980e-05 1.03535354e-05 5.00001079e+07 -5.02980388e+01 6.65826774e+01
2.34848485e-05 1.03535354e-05 5.00001031e+07 -5.39053809e+01 6.37287796e+01
2.39898990e-05 1.03535354e-05 5.00000979e+07 -5.69212013e+01 6.05468103e+01
2.44949495e-05 1.03535354e-05 5.00000926e+07 -5.93001086e+01 5.71975790e+01
2.50000000e-05 1.03535354e-05 5.00000873e+07 -6.10454965e+01 5.38171768e+01
-2.50000000e-05 1.08585859e-05 4.99999225e+07 -6.50070905e+02 -4.47334706e-01
-2.44949495e-05 1.08585859e-05 4.99998542e+07 -7.28041847e+02 -1.38841329e+01
-2.39898990e-05 1.08585859e-05 4.99997707e+07 -8.19386558e+02 -2.79181295e+01
-2.34848485e-05 1.08585859e-05 4.99996691e+07 -9.26590993e+02 -4.14635949e+01
-2.29797980e-05 1.08585859e-05 4.99995465e+07 -1.05243366e+03 -5.26603844e+01
-2.24747475e-05 1.08585859e-05 4.99993998e+07 -1.19984366e+03 -5.84797160e+01
-2.19696970e-05 1.08585859e-05 4.99992266e+07 -1.37157712e+03 -5.41700054e+01
-2.14646465e-05 1.08585859e-05 4.99990255e+07 -1.56957728e+03 -3.25089912e+01
-2.09595960e-05 1.08585859e-05 4.99987976e+07 -1.79380835e+03 1.71431224e+01
-2.04545455e-05 1.08585859e-05 4.99985483e+07 -2.04025771e+03 1.09914422e+02
-1.99494949e-05 1.08585859e-05 4.99982903e+07 -2.29770903e+03 2.66360864e+02
-1.94444444e-05 1.08585859e-05 4.99980467e+07 -2.54287643e+03 5.12670840e+02
-1.89393939e-05 1.08585859e-05 4.99978549e+07 -2.73373593e+03 8.78944089e+02
-1.84343434e-05 1.08585859e-05 4.99977697e+07 -2.80174201e+03 1.39354415e+03
-1.79292929e-05 1.08585859e-05 4.99978607e+07 -2.64559623e+03 2.07080326e+03
-1.74242424e-05 1.08585859e-05 4.99982011e+07 -2.13277751e+03 2.88973573e+03
-1.69191919e-05 1.08585859e-05 4.99988406e+07 -1.11955019e+03 3.76499736e+03
-1.64141414e-05 1.08585859e-05 4.99997608e+07 4.98064048e+02 4.52082132e+03
-1.59090909e-05 1.08585859e-05 5.00008288e+07 2.69971687e+03 4.89374699e+03
-1.54040404e-05 1.08585859e-05 5.00017849e+07 5.25164708e+03 4.59887060e+03
-1.48989899e-05 1.08585859e-05 5.00023128e+07 7.68714978e+03 3.46928420e+03
-1.43939394e-05 1.08585859e-05 5.00021948e+07 9.43487649e+03 1.60338160e+03
-1.38888889e-05 1.08585859e-05 5.00014553e+07 1.00725359e+04 -6.10082576e+02
-1.33838384e-05 1.08585859e-05 5.00003612e+07 9.53663404e+03 -2.65570414e+03
-1.28787879e-05 1.08585859e-05 4.99992666e+07 8.11960724e+03 -4.13475178e+03
-1.23737374e-05 1.08585859e-05 4.99984343e+07 6.27669882e+03 -4.90360386e+03
-1.18686869e-05 1.08585859e-05 4.99979630e+07 4.41426849e+03 -5.04410729e+03
-1.13636364e-05 1.08585859e-05 4.99978199e+07 2.78494870e+03 -4.74710622e+03
-1.08585859e-05 1.08585859e-05 4.99979120e+07 1.49016413e+03 -4.20907686e+03
-1.03535354e-05 1.08585859e-05 4.99981411e+07 5.30909561e+02 -3.58068558e+03
-9.84848485e-06 1.08585859e-05 4.99984300e+07 -1.40617961e+02 -2.95731710e+03
-9.34343434e-06 1.08585859e-05 4.99987280e+07 -5.86424635e+02 -2.38950169e+03
-8.83838384e-06 1.08585859e-05 4.99990061e+07 -8.64926708e+02 -1.89778538e+03
-8.33333333e-06 1.08585859e-05 4.99992507e+07 -1.02419329e+03 -1.48524837e+03
-7.82828283e-06 1.08585859e-05 4.99994575e+07 -1.10095159e+03 -1.14610076e+03
-7.32323232e-06 1.08585859e-05 4.99996273e+07 -1.12200576e+03 -8.70903968e+02
-6.81818182e-06 1.08585859e-05 4.99997637e+07 -1.10632521e+03 -6.49448234e+02
-6.31313131e-06 1.08585859e-05 4.99998709e+07 -1.06703895e+03 -4.72180974e+02
-5.80808081e-06 1.08585859e-05 4.99999533e+07 -1.01308022e+03 -3.30811129e+02
-5.30303030e-06 1.08585859e-05 5.00000148e+07 -9.50453917e+02 -2.18479643e+02
-4.79797980e-06 1.08585859e-05 5.00000591e+07 -8.83185653e+02 -1.29720868e+02
-4.29292929e-06 1.08585859e-05 5.00000893e+07 -8.14031890e+02 -6.03329626e+01
-3.78787879e-06 1.08585859e-05 5.00001079e+07 -7.45023098e+02 -7.20803010e+00
-3.28282828e-06 1.08585859e-05 5.00001175e+07 -6.77890571e+02 3.18709192e+01
-2.77777778e-06 1.08585859e-05 5.00001205e+07 -6.14394984e+02 5.84865503e+01
-2.27272727e-06 1.08585859e-05 5.00001193e+07 -5.56530216e+02 7.39261620e+01
-1.76767677e-06 1.08585859e-05 5.00001161e+07 -5.06527139e+02 7.96069720e+01
-1.26262626e-06 1.08585859e-05 5.00001128e+07 -4.66560817e+02 7.75175483e+01
-7.57575758e-07 1.08585859e-05 5.00001107e+07 -4.38130023e+02 7.04950630e+01
-2.52525253e-07 1.08585859e-05 5.00001100e+07 -4.21272295e+02 6.20957396e+01
2.52525253e-07 1.08585859e-05 5.00001096e+07 -4.14021329e+02 5.59372835e+01
7.57575758e-07 1.08585859e-05 5.00001082e+07 -4.12560357e+02 5.47287693e+01
1.26262626e-06 1.08585859e-05 5.00001046e+07 -4.12176788e+02 5.95121075e+01
1.76767677e-06 1.08585859e-05 5.00000984e+07 -4.08578876e+02 6.95634334e+01
2.27272727e-06 1.08585859e-05 5.00000902e+07 -3.98907593e+02 8.29434025e+01
2.77777778e-06 1.08585859e-05 5.00000812e+07 -3.82079275e+02 9.72889781e+01
3.28282828e-06 1.08585859e-05 5.00000729e+07 -3.58566618e+02 1.10446756e+02
3.78787879e-06 1.08585859e-05 5.00000666e+07 -3.29933012e+02 1.20817560e+02
4.29292929e-06 1.08585859e-05 5.00000632e+07 -2.98344632e+02 1.27485139e+02
4.79797980e-06 1.08585859e-05 5.00000632e+07 -2.66131040e+02 1.30221697e+02
5.30303030e-06 1.08585859e-05 5.00000666e+07 -2.35406968e+02 1.29401561e+02
5.80808081e-06 1.08585859e-05 5.00000729e+07 -2.07787534e+02 1.25827400e+02
6.31313131e-06 1.08585859e-05 5.00000814e+07 -1.84242478e+02 1.20499353e+02
6.81818182e-06 1.08585859e-05 5.00000913e+07 -1.65104282e+02 1.14388434e+02
7.32323232e-06 1.08585859e-05 5.00001016e+07 -1.50194940e+02 1.08272961e+02
7.82828283e-06 1.08585859e-05 5.00001115e+07 -1.39006197e+02 1.02663795e+02
8.33333333e-06 1.08585859e-05 5.00001206e+07 -1.30872300e+02 9.78078435e+01
8.83838384e-06 1.08585859e-05 5.00001285e+07 -1.25099616e+02 9.37397239e+01
9.34343434e-06 1.08585859e-05 5.00001351e+07 -1.21044330e+02 9.03508243e+01
9.84848485e-06 1.08585859e-05 5.00001402e+07 -1.18146550e+02 8.74547814e+01
1.03535354e-05 1.08585859e-05 5.00001439e+07 -1.15935463e+02 8.48396591e+01
1.08585859e-05 1.08585859e-05 5.00001463e+07 -1.14019428e+02 8.23051894e+01
1.13636364e-05 1.08585859e-05 5.00001476e+07 -1.12071383e+02 7.96874943e+01
1.18686869e-05 1.08585859e-05 5.00001479e+07 -1.09816161e+02 7.68747467e+01
1.23737374e-05 1.08585859e-05 5.00001472e+07 -1.07023336e+02 7.38165749e+01
1.28787879e-05 1.08585859e-05 5.00001457e+07 -1.03507088e+02 7.05286893e+01
1.33838384e-05 1.08585859e-05 5.00001435e+07 -9.91329536e+01 6.70928385e+01
1.38888889e-05 1.08585859e-05 5.00001408e+07 -9.38299380e+01 6.36511979e+01
1.43939394e-05 1.08585859e-05 5.00001378e+07 -8.76050731e+01 6.03939219e+01
1.48989899e-05 1.08585859e-05 5.00001347e+07 -8.05562795e+01 5.75390662e+01
1.54040404e-05 1.08585859e-05 5.00001316e+07 -7.28786847e+01 5.53054334e+01
1.59090909e-05 1.08585859e-05 5.00001287e+07 -6.48598097e+01 5.38808951e+01
1.64141414e-05 1.08585859e-05 5.00001263e+07 -5.68606757e+01 5.33908243e+01
1.69191919e-05 1.08585859e-05 5.00001244e+07 -4.92828341e+01 5.38726258e+01
1.74242424e-05 1.08585859e-05 5.00001230e+07 -4.25249865e+01 5.52622113e+01
1.79292929e-05 1.08585859e-05 5.00001223e+07 -3.69361139e+01 5.73963015e+01
1.84343434e-05 1.08585859e-05 5.00001219e+07 -3.27736921e+01 6.00310302e+01
1.89393939e-05 1.08585859e-05 5.00001218e+07 -3.01748924e+01 6.28734998e+01
1.94444444e-05 1.08585859e-05 5.00001217e+07 -2.91457955e+01 6.56199716e+01
1.99494949e-05 1.08585859e-05 5.00001213e+07 -2.95695191e+01 6.79932098e+01
2.04545455e-05 1.08585859e-05 5.00001206e+07 -3.12301237e+01 6.97723724e+01
2.09595960e-05 1.08585859e-05 5.00001194e+07 -3.38463852e+01 7.08112517e+01
2.14646465e-05 1.08585859e-05 5.00001174e+07 -3.71085645e+01 7.10436850e+01
2.19696970e-05 1.08585859e-05 5.00001148e+07 -4.07120618e+01 7.04776470e+01
2.24747475e-05 1.08585859e-05 5.00001116e+07 -4.43837288e+01 6.91812881e+01
2.29797980e-05 1.08585859e-05 5.00001078e+07 -4.78988813e+01 6.72648170e+01
2.34848485e-05 1.08585859e-05 5.00001035e+07 -5.10890856e+01 6.48618008e+01
2.39898990e-05 1.08585859e-05 5.00000989e+07 -5.38422113e+01 6.21125484e+01
2.44949495e-05 1.08585859e-05 5.00000941e+07 -5.60969511e+01 5.91511254e+01
2.50000000e-05 1.08585859e-05 5.00000892e+07 -5.78341095e+01 5.60965250e+01
-2.50000000e-05 1.13636364e-05 5.00000417e+07 -6.36797746e+02 3.86003019e+01
-2.44949495e-05 1.13636364e-05 4.99999842e+07 -7.13088550e+02 2.42012386e+01
-2.39898990e-05 1.13636364e-05 4.99999111e+07 -8.03257411e+02 7.53691023e+00
-2.34848485e-05 1.13636364e-05 4.99998189e+07 -9.10326838e+02 -1.09859450e+01
-2.29797980e-05 1.13636364e-05 4.99997034e+07 -1.03793234e+03 -3.03795376e+01
-2.24747475e-05 1.13636364e-05 4.99995597e+07 -1.19033771e+03 -4.86907137e+01
-2.19696970e-05 1.13636364e-05 4.99993827e+07 -1.37232697e+03 -6.24098495e+01
-2.14646465e-05 1.13636364e-05 4.99991675e+07 -1.58883953e+03 -6.55861769e+01
-2.09595960e-05 1.13636364e-05 4.99989104e+07 -1.84411103e+03 -4.85531407e+01
-2.04545455e-05 1.13636364e-05 4.99986108e+07 -2.13991725e+03 3.80409605e+00
-1.99494949e-05 1.13636364e-05 4.99982749e+07 -2.47228300e+03 1.14178581e+02
-1.94444444e-05 1.13636364e-05 4.99979200e+07 -2.82574416e+03 3.14960550e+02
-1.89393939e-05 1.13636364e-05 4.99975821e+07 -3.16409829e+03 6.49170761e+02
-1.84343434e-05 1.13636364e-05 4.99973236e+07 -3.41700021e+03 1.16760441e+03
-1.79292929e-05 1.13636364e-05 4.99972387e+07 -3.46374901e+03 1.91742398e+03
-1.74242424e-05 1.13636364e-05 4.99974490e+07 -3.12084509e+03 2.91535900e+03
-1.69191919e-05 1.13636364e-05 4.99980747e+07 -2.14994877e+03 4.09982396e+03
-1.64141414e-05 1.13636364e-05 4.99991671e+07 -3.15601453e+02 5.26792131e+03
-1.59090909e-05 1.13636364e-05 5.00006073e+07 2.47721276e+03 6.03468421e+03
-1.54040404e-05 1.13636364e-05 5.00020272e+07 5.98217312e+03 5.89622414e+03
-1.48989899e-05 1.13636364e-05 5.00028797e+07 9.48392989e+03 4.47346012e+03
-1.43939394e-05 1.13636364e-05 5.00027333e+07 1.19761534e+04 1.85450739e+03
-1.38888889e-05 1.13636364e-05 5.00016131e+07 1.26919434e+04 -1.28660890e+03
-1.33838384e-05 1.13636364e-05 5.00000210e+07 1.15825550e+04 -4.03406280e+03
-1.28787879e-05 1.13636364e-05 4.99985755e+07 9.27105859e+03 -5.76542834e+03
-1.23737374e-05 1.13636364e-05 4.99976475e+07 6.57928618e+03 -6.38350007e+03
-1.18686869e-05 1.13636364e-05 4.99972857e+07 4.11427905e+03 -6.15767697e+03
-1.13636364e-05 1.13636364e-05 4.99973500e+07 2.15520984e+03 -5.45400152e+03
-1.08585859e-05 1.13636364e-05 4.99976600e+07 7.40146725e+02 -4.56874731e+03
-1.03535354e-05 1.13636364e-05 4.99980712e+07 -2.10314659e+02 -3.68540741e+03
-9.84848485e-06 1.13636364e-05 4.99984924e+07 -8.07949838e+02 -2.89457949e+03
-9.34343434e-06 1.13636364e-05 4.99988762e+07 -1.15586950e+03 -2.22789242e+03
-8.83838384e-06 1.13636364e-05 4.99992035e+07 -1.33519834e+03 -1.68554397e+03
-8.33333333e-06 1.13636364e-05 4.99994710e+07 -1.40471713e+03 -1.25377857e+03
-7.82828283e-06 1.13636364e-05 4.99996833e+07 -1.40498169e+03 -9.14477926e+02
-7.32323232e-06 1.13636364e-05 4.99998478e+07 -1.36307949e+03 -6.49805033e+02
-6.81818182e-06 1.13636364e-05 4.99999726e+07 -1.29666082e+03 -4.44109524e+02
-6.31313131e-06 1.13636364e-05 5.00000650e+07 -1.21696931e+03 -2.84457891e+02
-5.80808081e-06 1.13636364e-05 5.00001311e+07 -1.13099046e+03 -1.60546908e+02
-5.30303030e-06 1.13636364e-05 5.00001762e+07 -1.04293248e+03 -6.43910473e+01
-4.79797980e-06 1.13636364e-05 5.00002043e+07 -9.55242444e+02 1.00299660e+01
-4.29292929e-06 1.13636364e-05 5.00002186e+07 -8.69321419e+02 6.70870018e+01
-3.78787879e-06 1.13636364e-05 5.00002217e+07 -7.86062004e+02 1.09765060e+02
-3.28282828e-06 1.13636364e-05 5.00002162e+07 -7.06295278e+02 1.39899112e+02
-2.77777778e-06 1.13636364e-05 5.00002042e+07 -6.31190871e+02 1.58441565e+02
-2.27272727e-06 1.13636364e-05 5.00001884e+07 -5.62587462e+02 1.65848156e+02
-1.76767677e-06 1.13636364e-05 5.00001713e+07 -5.03129756e+02 1.62661597e+02
-1.26262626e-06 1.13636364e-05 5.00001557e+07 -4.55982066e+02 1.50272124e+02
-7.57575758e-07 1.13636364e-05 5.00001434e+07 -4.23900802e+02 1.31598962e+02
-2.52525253e-07 1.13636364e-05 5.00001349e+07 -4.07766516e+02 1.11173631e+02
2.52525253e-07 1.13636364e-05 5.00001288e+07 -4.05292134e+02 9.41715432e+01
7.57575758e-07 1.13636364e-05 5.00001228e+07 -4.10983758e+02 8.46316228e+01
1.26262626e-06 1.13636364e-05 5.00001149e+07 -4.17784658e+02 8.39686913e+01
1.76767677e-06 1.13636364e-05 5.00001046e+07 -4.19475343e+02 9.08329388e+01
2.27272727e-06 1.13636364e-05 5.00000930e+07 -4.12320382e+02 1.02231416e+02
2.77777778e-06 1.13636364e-05 5.00000817e+07 -3.95312838e+02 1.14902508e+02
3.28282828e-06 1.13636364e-05 5.00000725e+07 -3.69513425e+02 1.26154421e+02
3.78787879e-06 1.13636364e-05 5.00000666e+07 -3.37242806e+02 1.34132164e+02
4.29292929e-06 1.13636364e-05 5.00000648e+07 -3.01450954e+02 1.37842287e+02
4.79797980e-06 1.13636364e-05 5.00000673e+07 -2.65206627e+02 1.37134747e+02
5.30303030e-06 1.13636364e-05 5.00000738e+07 -2.31219978e+02 1.32617595e+02
5.80808081e-06 1.13636364e-05 5.00000836e+07 -2.01451448e+02 1.25432907e+02
6.31313131e-06 1.13636364e-05 5.00000955e+07 -1.76924353e+02 1.16922296e+02
6.81818182e-06 1.13636364e-05 5.00001082e+07 -1.57785246e+02 1.08299751e+02
7.32323232e-06 1.13636364e-05 5.00001207e+07 -1.43541953e+02 1.00440599e+02
7.82828283e-06 1.13636364e-05 5.00001320e+07 -1.33355877e+02 9.38197149e+01
8.33333333e-06 1.13636364e-05 5.00001416e+07 -1.26289005e+02 8.85632298e+01
8.83838384e-06 1.13636364e-05 5.00001494e+07 -1.21462891e+02 8.45532578e+01
9.34343434e-06 1.13636364e-05 5.00001551e+07 -1.18133499e+02 8.15364450e+01
9.84848485e-06 1.13636364e-05 5.00001591e+07 -1.15707151e+02 7.92106393e+01
1.03535354e-05 1.13636364e-05 5.00001614e+07 -1.13724707e+02 7.72833082e+01
1.08585859e-05 1.13636364e-05 5.00001623e+07 -1.11834176e+02 7.55057113e+01
1.13636364e-05 1.13636364e-05 5.00001620e+07 -1.09763831e+02 7.36900514e+01
1.18686869e-05 1.13636364e-05 5.00001606e+07 -1.07301673e+02 7.17161411e+01
1.23737374e-05 1.13636364e-05 5.00001584e+07 -1.04283206e+02 6.95320394e+01
1.28787879e-05 1.13636364e-05 5.00001556e+07 -1.00587339e+02 6.71509516e+01
1.33838384e-05 1.13636364e-05 5.00001522e+07 -9.61389935e+01 6.46450269e+01
1.38888889e-05 1.13636364e-05 5.00001485e+07 -9.09162037e+01 6.21356865e+01
1.43939394e-05 1.13636364e-05 5.00001445e+07 -8.49588340e+01 5.97798220e+01
1.48989899e-05 1.13636364e-05 5.00001406e+07 -7.83755848e+01 5.77515874e+01
1.54040404e-05 1.13636364e-05 5.00001368e+07 -7.13458608e+01 5.62204597e+01
1.59090909e-05 1.13636364e-05 5.00001334e+07 -6.41136241e+01 5.53275219e+01
1.64141414e-05 1.13636364e-05 5.00001303e+07 -5.69716714e+01 5.51631327e+01
1.69191919e-05 1.13636364e-05 5.00001278e+07 -5.02367857e+01 5.57498099e+01
1.74242424e-05 1.13636364e-05 5.00001258e+07 -4.42184899e+01 5.70338779e+01
1.79292929e-05 1.13636364e-05 5.00001243e+07 -3.91860470e+01 5.88880913e+01
1.84343434e-05 1.13636364e-05 5.00001232e+07 -3.53392532e+01 6.11253054e+01
1.89393939e-05 1.13636364e-05 5.00001224e+07 -3.27880886e+01 6.35209274e+01
1.94444444e-05 1.13636364e-05 5.00001217e+07 -3.15445195e+01 6.58400536e+01
1.99494949e-05 1.13636364e-05 5.00001209e+07 -3.15272070e+01 6.78644248e+01
2.04545455e-05 1.13636364e-05 5.00001198e+07 -3.25773312e+01 6.94147711e+01
2.09595960e-05 1.13636364e-05 5.00001183e+07 -3.44818767e+01 7.03655241e+01
2.14646465e-05 1.13636364e-05 5.00001164e+07 -3.69999155e+01 7.06507426e+01
2.19696970e-05 1.13636364e-05 5.00001139e+07 -3.98876892e+01 7.02618755e+01
2.24747475e-05 1.13636364e-05 5.00001109e+07 -4.29193335e+01 6.92392618e+01
2.29797980e-05 1.13636364e-05 5.00001075e+07 -4.59014930e+01 6.76598771e+01
2.34848485e-05 1.13636364e-05 5.00001036e+07 -4.86814404e+01 6.56238155e+01
2.39898990e-05 1.13636364e-05 5.00000994e+07 -5.11493658e+01 6.32415290e+01
2.44949495e-05 1.13636364e-05 5.00000951e+07 -5.32361428e+01 6.06231700e+01
2.50000000e-05 1.13636364e-05 5.00000906e+07 -5.49080938e+01 5.78706885e+01
-2.50000000e-05 1.18686869e-05 5.00001752e+07 -6.24514673e+02 9.05865258e+01
-2.44949495e-05 1.18686869e-05 5.00001330e+07 -6.97972357e+02 7.81418380e+01
-2.39898990e-05 1.18686869e-05 5.00000764e+07 -7.85226145e+02 6.22881955e+01
-2.34848485e-05 1.18686869e-05 5.00000012e+07 -8.89623052e+02 4.27561084e+01
-2.29797980e-05 1.18686869e-05 4.99999024e+07 -1.01539506e+03 1.95835674e+01
-2.24747475e-05 1.18686869e-05 4.99997735e+07 -1.16784640e+03 -6.57605983e+00
-2.19696970e-05 1.18686869e-05 4.99996071e+07 -1.35351001e+03 -3.39295764e+01
-2.14646465e-05 1.18686869e-05 4.99993944e+07 -1.58017498e+03 -5.86731644e+01
-2.09595960e-05 1.18686869e-05 4.99991260e+07 -1.85657680e+03 -7.35866815e+01
-2.04545455e-05 1.18686869e-05 4.99987936e+07 -2.19133505e+03 -6.58458696e+01
-1.99494949e-05 1.18686869e-05 4.99983924e+07 -2.59035893e+03 -1.37964036e+01
-1.94444444e-05 1.18686869e-05 4.99979275e+07 -3.05135258e+03 1.17391698e+02
-1.89393939e-05 1.18686869e-05 4.99974229e+07 -3.55324716e+03 3.80607935e+02
-1.84343434e-05 1.18686869e-05 4.99969361e+07 -4.03767713e+03 8.49903966e+02
-1.79292929e-05 1.18686869e-05 4.99965757e+07 -4.38018077e+03 1.61580912e+03
-1.74242424e-05 1.18686869e-05 4.99965148e+07 -4.35368667e+03 2.76063750e+03
-1.69191919e-05 1.18686869e-05 4.99969780e+07 -3.60194261e+03 4.29488525e+03
-1.64141414e-05 1.18686869e-05 4.99981638e+07 -1.67244719e+03 6.03949553e+03
-1.59090909e-05 1.18686869e-05 5.00000623e+07 1.80101594e+03 7.48166955e+03
-1.54040404e-05 1.18686869e-05 5.00022123e+07 6.69586030e+03 7.75074851e+03
-1.48989899e-05 1.18686869e-05 5.00036598e+07 1.19509516e+04 5.98857759e+03
-1.43939394e-05 1.18686869e-05 5.00034910e+07 1.56951888e+04 2.15551263e+03
-1.38888889e-05 1.18686869e-05 5.00017024e+07 1.64120591e+04 -2.50435672e+03
-1.33838384e-05 1.18686869e-05 4.99993153e+07 1.41579126e+04 -6.24227874e+03
-1.28787879e-05 1.18686869e-05 4.99974523e+07 1.03316771e+04 -8.09857490e+03
-1.23737374e-05 1.18686869e-05 4.99965694e+07 6.43121390e+03 -8.23189331e+03
-1.18686869e-05 1.18686869e-05 4.99965182e+07 3.28234301e+03 -7.32873209e+03
-1.13636364e-05 1.18686869e-05 4.99969472e+07 1.07203692e+03 -6.02603203e+03
-1.08585859e-05 1.18686869e-05 4.99975607e+07 -3.34888508e+02 -4.71318021e+03
-1.03535354e-05 1.18686869e-05 4.99981817e+07 -1.15721977e+03 -3.56604336e+03
-9.84848485e-06 1.18686869e-05 4.99987283e+07 -1.59054259e+03 -2.63377519e+03
-9.34343434e-06 1.18686869e-05 4.99991750e+07 -1.77946306e+03 -1.90584477e+03
-8.83838384e-06 1.18686869e-05 4.99995239e+07 -1.82156892e+03 -1.35017660e+03
-8.33333333e-06 1.18686869e-05 4.99997881e+07 -1.77940563e+03 -9.31293444e+02
-7.82828283e-06 1.18686869e-05 4.99999834e+07 -1.69172888e+03 -6.17535697e+02
-7.32323232e-06 1.18686869e-05 5.00001245e+07 -1.58190565e+03 -3.83089112e+02
-6.81818182e-06 1.18686869e-05 5.00002235e+07 -1.46361572e+03 -2.07846896e+02
-6.31313131e-06 1.18686869e-05 5.00002903e+07 -1.34454082e+03 -7.65412715e+01
-5.80808081e-06 1.18686869e-05 5.00003324e+07 -1.22869255e+03 2.22359960e+01
-5.30303030e-06 1.18686869e-05 5.00003554e+07 -1.11786548e+03 9.68888146e+01
-4.79797980e-06 1.18686869e-05 5.00003632e+07 -1.01255002e+03 1.53480326e+02
-4.29292929e-06 1.18686869e-05 5.00003588e+07 -9.12531820e+02 1.96205400e+02
-3.78787879e-06 1.18686869e-05 5.00003444e+07 -8.17336716e+02 2.27700937e+02
-3.28282828e-06 1.18686869e-05 5.00003219e+07 -7.26641054e+02 2.49245036e+02
-2.77777778e-06 1.18686869e-05 5.00002929e+07 -6.40733479e+02 2.60934404e+02
-2.27272727e-06 1.18686869e-05 5.00002600e+07 -5.61048451e+02 2.61994324e+02
-1.76767677e-06 1.18686869e-05 5.00002260e+07 -4.90635478e+02 2.51440892e+02
-1.26262626e-06 1.18686869e-05 5.00001946e+07 -4.34150215e+02 2.29264309e+02
-7.57575758e-07 1.18686869e-05 5.00001690e+07 -3.96711888e+02 1.97918997e+02
-2.52525253e-07 1.18686869e-05 5.00001506e+07 -3.81298734e+02 1.63144545e+02
2.52525253e-07 1.18686869e-05 5.00001375e+07 -3.85757300e+02 1.32734395e+02
7.57575758e-07 1.18686869e-05 5.00001260e+07 -4.02018756e+02 1.13152368e+02
1.26262626e-06 1.18686869e-05 5.00001131e+07 -4.19113691e+02 1.06408698e+02
1.76767677e-06 1.18686869e-05 5.00000982e+07 -4.27915683e+02 1.09929011e+02
2.27272727e-06 1.18686869e-05 5.00000835e+07 -4.23864144e+02 1.19057213e+02
2.77777778e-06 1.18686869e-05 5.00000711e+07 -4.06565127e+02 1.29508339e+02
3.28282828e-06 1.18686869e-05 5.00000630e+07 -3.78079993e+02 1.38244493e+02
3.78787879e-06 1.18686869e-05 5.00000597e+07 -3.41654481e+02 1.43312118e+02
4.29292929e-06 1.18686869e-05 5.00000618e+07 -3.01126904e+02 1.43641817e+02
4.79797980e-06 1.18686869e-05 5.00000691e+07 -2.60473607e+02 1.39111352e+02
5.30303030e-06 1.18686869e-05 5.00000808e+07 -2.23182825e+02 1.30584586e+02
5.80808081e-06 1.18686869e-05 5.00000957e+07 -1.91638376e+02 1.19645131e+02
6.31313131e-06 1.18686869e-05 5.00001123e+07 -1.66842342e+02 1.08076984e+02
6.81818182e-06 1.18686869e-05 5.00001287e+07 -1.48581147e+02 9.73636588e+01
7.32323232e-06 1.18686869e-05 5.00001436e+07 -1.35867123e+02 8.84191474e+01
7.82828283e-06 1.18686869e-05 5.00001562e+07 -1.27407152e+02 8.15767156e+01
8.33333333e-06 1.18686869e-05 5.00001660e+07 -1.21939976e+02 7.67345371e+01
8.83838384e-06 1.18686869e-05 5.00001730e+07 -1.18408103e+02 7.35418378e+01
9.34343434e-06 1.18686869e-05 5.00001776e+07 -1.16003731e+02 7.15544237e+01
9.84848485e-06 1.18686869e-05 5.00001799e+07 -1.14144921e+02 7.03369358e+01
1.03535354e-05 1.18686869e-05 5.00001803e+07 -1.12425762e+02 6.95174153e+01
1.08585859e-05 1.18686869e-05 5.00001793e+07 -1.10565710e+02 6.88091208e+01
1.13636364e-05 1.18686869e-05 5.00001771e+07 -1.08369098e+02 6.80136447e+01
1.18686869e-05 1.18686869e-05 5.00001740e+07 -1.05697603e+02 6.70150728e+01
1.23737374e-05 1.18686869e-05 5.00001702e+07 -1.02454627e+02 6.57706608e+01
1.28787879e-05 1.18686869e-05 5.00001658e+07 -9.85791721e+01 6.43003805e+01
1.33838384e-05 1.18686869e-05 5.00001612e+07 -9.40464231e+01 6.26757908e+01
1.38888889e-05 1.18686869e-05 5.00001563e+07 -8.88722224e+01 6.10077834e+01
1.43939394e-05 1.18686869e-05 5.00001515e+07 -8.31186598e+01 5.94325751e+01
1.48989899e-05 1.18686869e-05 5.00001467e+07 -7.68980646e+01 5.80956953e+01
1.54040404e-05 1.18686869e-05 5.00001422e+07 -7.03729671e+01 5.71344390e+01
1.59090909e-05 1.18686869e-05 5.00001381e+07 -6.37502085e+01 5.66601298e+01
1.64141414e-05 1.18686869e-05 5.00001344e+07 -5.72684191e+01 5.67422736e+01
1.69191919e-05 1.18686869e-05 5.00001312e+07 -5.11794449e+01 5.73970249e+01
1.74242424e-05 1.18686869e-05 5.00001286e+07 -4.57257480e+01 5.85821190e+01
1.79292929e-05 1.18686869e-05 5.00001265e+07 -4.11169501e+01 6.01995223e+01
1.84343434e-05 1.18686869e-05 5.00001247e+07 -3.75091835e+01 6.21056897e+01
1.89393939e-05 1.18686869e-05 5.00001233e+07 -3.49905701e+01 6.41278651e+01
1.94444444e-05 1.18686869e-05 5.00001220e+07 -3.35750261e+01 6.60837126e+01
1.99494949e-05 1.18686869e-05 5.00001207e+07 -3.32049921e+01 6.78010558e+01
2.04545455e-05 1.18686869e-05 5.00001193e+07 -3.37620593e+01 6.91347179e+01
2.09595960e-05 1.18686869e-05 5.00001176e+07 -3.50832004e+01 6.99782982e+01
2.14646465e-05 1.18686869e-05 5.00001155e+07 -3.69796829e+01 7.02698826e+01
2.19696970e-05 1.18686869e-05 5.00001131e+07 -3.92557771e+01 6.99918655e+01
2.24747475e-05 1.18686869e-05 5.00001102e+07 -4.17249400e+01 6.91659695e+01
2.29797980e-05 1.18686869e-05 5.00001070e+07 -4.42220175e+01 6.78450689e+01
2.34848485e-05 1.18686869e-05 5.00001035e+07 -4.66109120e+01 6.61035263e+01
2.39898990e-05 1.18686869e-05 5.00000997e+07 -4.87879288e+01 6.40275432e+01
2.44949495e-05 1.18686869e-05 5.00000956e+07 -5.06815310e+01 6.17066236e+01
2.50000000e-05 1.18686869e-05 5.00000915e+07 -5.22494862e+01 5.92267958e+01
-2.50000000e-05 1.23737374e-05 5.00003188e+07 -6.16035361e+02 1.54526660e+02
-2.44949495e-05 1.23737374e-05 5.00002964e+07 -6.86130073e+02 1.47304295e+02
-2.39898990e-05 1.23737374e-05 5.00002620e+07 -7.69437212e+02 1.36331307e+02
-2.34848485e-05 1.23737374e-05 5.00002117e+07 -8.69381868e+02 1.20803032e+02
-2.29797980e-05 1.23737374e-05 5.00001398e+07 -9.90450231e+02 9.99224328e+01
-2.24747475e-05 1.23737374e-05 5.00000395e+07 -1.13852839e+03 7.30748361e+01
-2.19696970e-05 1.23737374e-05 4.99999013e+07 -1.32131855e+03 4.01801738e+01
-2.14646465e-05 1.23737374e-05 4.99997134e+07 -1.54880156e+03 2.36546765e+00
-2.09595960e-05 1.23737374e-05 4.99994613e+07 -1.83363274e+03 -3.67995785e+01
-2.04545455e-05 1.23737374e-05 4.99991276e+07 -2.19117060e+03 -6.91080843e+01
-1.99494949e-05 1.23737374e-05 4.99986945e+07 -2.63843574e+03 -7.79635662e+01
-1.94444444e-05 1.23737374e-05 4.99981475e+07 -3.19049035e+03 -3.22881040e+01
-1.89393939e-05 1.23737374e-05 4.99974857e+07 -3.85123924e+03 1.22576929e+02
-1.84343434e-05 1.23737374e-05 4.99967401e+07 -4.59326426e+03 4.76460705e+02
-1.79292929e-05 1.23737374e-05 4.99960054e+07 -5.31849720e+03 1.16389392e+03
-1.74242424e-05 1.23737374e-05 4.99954821e+07 -5.79138522e+03 2.35696965e+03
-1.69191919e-05 1.23737374e-05 4.99955112e+07 -5.54856973e+03 4.20748677e+03
-1.64141414e-05 1.23737374e-05 4.99965376e+07 -3.83687968e+03 6.67992826e+03
-1.59090909e-05 1.23737374e-05 4.99988737e+07 2.51783145e+02 9.22772905e+03
-1.54040404e-05 1.23737374e-05 5.00021453e+07 7.12557663e+03 1.04513544e+04
-1.48989899e-05 1.23737374e-05 5.00047501e+07 1.54175463e+04 8.41834297e+03
-1.43939394e-05 1.23737374e-05 5.00046100e+07 2.14575943e+04 2.50416925e+03
-1.38888889e-05 1.23737374e-05 5.00015538e+07 2.18916870e+04 -4.81636639e+03
-1.33838384e-05 1.23737374e-05 4.99978806e+07 1.72365804e+04 -9.88264469e+03
-1.28787879e-05 1.23737374e-05 4.99956772e+07 1.08424092e+04 -1.13644213e+04
-1.23737374e-05 1.23737374e-05 4.99952260e+07 5.36598147e+03 -1.03342431e+04
-1.18686869e-05 1.23737374e-05 4.99958301e+07 1.63388980e+03 -8.30756773e+03
-1.13636364e-05 1.23737374e-05 4.99968063e+07 -5.75523803e+02 -6.22821464e+03
-1.08585859e-05 1.23737374e-05 4.99977726e+07 -1.74065777e+03 -4.47567555e+03
-1.03535354e-05 1.23737374e-05 4.99985805e+07 -2.26864837e+03 -3.12347083e+03
-9.84848485e-06 1.23737374e-05 4.99992019e+07 -2.43461507e+03 -2.12518649e+03
-9.34343434e-06 1.23737374e-05 4.99996575e+07 -2.40672011e+03 -1.40464698e+03
-8.83838384e-06 1.23737374e-05 4.99999807e+07 -2.28240258e+03 -8.90400302e+02
-8.33333333e-06 1.23737374e-05 5.00002039e+07 -2.11613579e+03 -5.25246847e+02
-7.82828283e-06 1.23737374e-05 5.00003535e+07 -1.93735097e+03 -2.66378891e+02
-7.32323232e-06 1.23737374e-05 5.00004500e+07 -1.76121577e+03 -8.27577217e+01
-6.81818182e-06 1.23737374e-05 5.00005082e+07 -1.59489855e+03 4.77983574e+01
-6.31313131e-06 1.23737374e-05 5.00005391e+07 -1.44114376e+03 1.41052506e+02
-5.80808081e-06 1.23737374e-05 5.00005500e+07 -1.30028794e+03 2.08186408e+02
-5.30303030e-06 1.23737374e-05 5.00005461e+07 -1.17138483e+03 2.57107792e+02
-4.79797980e-06 1.23737374e-05 5.00005309e+07 -1.05283028e+03 2.93337306e+02
-4.29292929e-06 1.23737374e-05 5.00005063e+07 -9.42722913e+02 3.20567324e+02
-3.78787879e-06 1.23737374e-05 5.00004737e+07 -8.39119592e+02 3.40958945e+02
-3.28282828e-06 1.23737374e-05 5.00004337e+07 -7.40321057e+02 3.55229897e+02
-2.77777778e-06 1.23737374e-05 5.00003871e+07 -6.45330124e+02 3.62610646e+02
-2.27272727e-06 1.23737374e-05 5.00003352e+07 -5.54618974e+02 3.60848889e+02
-1.76767677e-06 1.23737374e-05 5.00002809e+07 -4.71203981e+02 3.46656569e+02
-1.26262626e-06 1.23737374e-05 5.00002291e+07 -4.01534608e+02 3.17213735e+02
-7.57575758e-07 1.23737374e-05 5.00001853e+07 -3.54776003e+02 2.73049844e+02
-2.52525253e-07 1.23737374e-05 5.00001532e+07 -3.38655339e+02 2.20957892e+02
2.52525253e-07 1.23737374e-05 5.00001310e+07 -3.52608593e+02 1.73242636e+02
7.57575758e-07 1.23737374e-05 5.00001125e+07 -3.84366427e+02 1.41111209e+02
1.26262626e-06 1.23737374e-05 5.00000929e+07 -4.15837249e+02 1.27478968e+02
1.76767677e-06 1.23737374e-05 5.00000727e+07 -4.33455753e+02 1.27110019e+02
2.27272727e-06 1.23737374e-05 5.00000558e+07 -4.32617189e+02 1.32713867e+02
2.77777778e-06 1.23737374e-05 5.00000454e+07 -4.14791924e+02 1.39298529e+02
3.28282828e-06 1.23737374e-05 5.00000421e+07 -3.83485712e+02 1.44208580e+02
3.78787879e-06 1.23737374e-05 5.00000456e+07 -3.42699842e+02 1.45676245e+02
4.29292929e-06 1.23737374e-05 5.00000551e+07 -2.97051966e+02 1.42343318e+02
4.79797980e-06 1.23737374e-05 5.00000701e+07 -2.51658043e+02 1.33822275e+02
5.30303030e-06 1.23737374e-05 5.00000896e+07 -2.11141626e+02 1.21178727e+02
5.80808081e-06 1.23737374e-05 5.00001117e+07 -1.78464389e+02 1.06597375e+02
6.31313131e-06 1.23737374e-05 5.00001342e+07 -1.54462968e+02 9.24608833e+01
6.81818182e-06 1.23737374e-05 5.00001548e+07 -1.38264772e+02 8.05279350e+01
7.32323232e-06 1.23737374e-05 5.00001721e+07 -1.28121367e+02 7.16174586e+01
7.82828283e-06 1.23737374e-05 5.00001854e+07 -1.22146894e+02 6.57405398e+01
8.33333333e-06 1.23737374e-05 5.00001946e+07 -1.18739383e+02 6.24187953e+01
8.83838384e-06 1.23737374e-05 5.00002002e+07 -1.16715833e+02 6.09825918e+01
9.34343434e-06 1.23737374e-05 5.00002026e+07 -1.15281575e+02 6.07678238e+01
9.84848485e-06 1.23737374e-05 5.00002026e+07 -1.13937728e+02 6.12139113e+01
1.03535354e-05 1.23737374e-05 5.00002006e+07 -1.12385553e+02 6.18952516e+01
1.08585859e-05 1.23737374e-05 5.00001973e+07 -1.10451011e+02 6.25174433e+01
1.13636364e-05 1.23737374e-05 5.00001929e+07 -1.08033579e+02 6.28992773e+01
1.18686869e-05 1.23737374e-05 5.00001877e+07 -1.05075702e+02 6.29517288e+01
1.23737374e-05 1.23737374e-05 5.00001821e+07 -1.01547418e+02 6.26586532e+01
1.28787879e-05 1.23737374e-05 5.00001762e+07 -9.74411818e+01 6.20602728e+01
1.33838384e-05 1.23737374e-05 5.00001702e+07 -9.27728844e+01 6.12388672e+01
1.38888889e-05 1.23737374e-05 5.00001642e+07 -8.75859189e+01 6.03055659e+01
1.43939394e-05 1.23737374e-05 5.00001583e+07 -8.19557295e+01 5.93872653e+01
1.48989899e-05 1.23737374e-05 5.00001527e+07 -7.59927152e+01 5.86131816e+01
1.54040404e-05 1.23737374e-05 5.00001475e+07 -6.98418020e+01 5.81012007e+01
1.59090909e-05 1.23737374e-05 5.00001427e+07 -6.36775839e+01 5.79448486e+01
1.64141414e-05 1.23737374e-05 5.00001384e+07 -5.76947092e+01 5.82022035e+01
1.69191919e-05 1.23737374e-05 5.00001346e+07 -5.20941207e+01 5.88882692e+01
1.74242424e-05 1.23737374e-05 5.00001313e+07 -4.70666685e+01 5.99721125e+01
1.79292929e-05 1.23737374e-05 5.00001286e+07 -4.27763045e+01 6.13794698e+01
1.84343434e-05 1.23737374e-05 5.00001263e+07 -3.93453380e+01 6.30006478e+01
1.89393939e-05 1.23737374e-05 5.00001242e+07 -3.68439770e+01 6.47026235e+01
1.94444444e-05 1.23737374e-05 5.00001224e+07 -3.52856503e+01 6.63435175e+01
1.99494949e-05 1.23737374e-05 5.00001207e+07 -3.46285808e+01 6.77872725e+01
2.04545455e-05 1.23737374e-05 5.00001189e+07 -3.47830146e+01 6.89164754e+01
2.09595960e-05 1.23737374e-05 5.00001169e+07 -3.56226527e+01 6.96417688e+01
2.14646465e-05 1.23737374e-05 5.00001148e+07 -3.69983557e+01 6.99070365e+01
2.19696970e-05 1.23737374e-05 5.00001123e+07 -3.87521294e+01 6.96903247e+01
2.24747475e-05 1.23737374e-05 5.00001095e+07 -4.07297021e+01 6.90011101e+01
2.29797980e-05 1.23737374e-05 5.00001065e+07 -4.27905276e+01 6.78749308e+01
2.34848485e-05 1.23737374e-05 5.00001032e+07 -4.48146474e+01 6.63665525e+01
2.39898990e-05 1.23737374e-05 5.00000996e+07 -4.67063839e+01 6.45427584e+01
2.44949495e-05 1.23737374e-05 5.00000959e+07 -4.83952424e+01 6.24756344e+01
2.50000000e-05 1.23737374e-05 5.00000920e+07 -4.98346350e+01 6.02369222e+01
-2.50000000e-05 1.28787879e-05 5.00004669e+07 -6.14264414e+02 2.28094895e+02
-2.44949495e-05 1.28787879e-05 5.00004677e+07 -6.81278478e+02 2.29345684e+02
-2.39898990e-05 1.28787879e-05 5.00004605e+07 -7.60620117e+02 2.27502435e+02
-2.34848485e-05 1.28787879e-05 5.00004419e+07 -8.55568563e+02 2.21507594e+02
-2.29797980e-05 1.28787879e-05 5.00004070e+07 -9.70518383e+02 2.10063340e+02
-2.24747475e-05 1.28787879e-05 5.00003488e+07 -1.11141508e+03 1.91651264e+02
-2.19696970e-05 1.28787879e-05 5.00002580e+07 -1.28636337e+03 1.64648278e+02
-2.14646465e-05 1.28787879e-05 5.00001212e+07 -1.50645784e+03 1.27652604e+02
-2.09595960e-05 1.28787879e-05 4.99999204e+07 -1.78686473e+03 8.02444313e+01
-2.04545455e-05 1.28787879e-05 4.99996317e+07 -2.14808841e+03 2.46121715e+01
-1.99494949e-05 1.28787879e-05 4.99992240e+07 -2.61707143e+03 -3.11582455e+01
-1.94444444e-05 1.28787879e-05 4.99986605e+07 -3.22703129e+03 -6.67380372e+01
-1.89393939e-05 1.28787879e-05 4.99979042e+07 -4.01316956e+03 -3.79666139e+01
-1.84343434e-05 1.28787879e-05 4.99969344e+07 -4.99756960e+03 1.42670077e+02
-1.79292929e-05 1.28787879e-05 4.99957842e+07 -6.14937449e+03 6.34447275e+02
-1.74242424e-05 1.28787879e-05 4.99946120e+07 -7.29569630e+03 1.69721565e+03
-1.69191919e-05 1.28787879e-05 4.99938113e+07 -7.95234253e+03 3.68335664e+03
-1.64141414e-05 1.28787879e-05 4.99941127e+07 -7.07366149e+03 6.89029334e+03
-1.59090909e-05 1.28787879e-05 4.99964774e+07 -2.88435938e+03 1.10660373e+04
-1.54040404e-05 1.28787879e-05 5.00012628e+07 6.52017702e+03 1.43672844e+04
-1.48989899e-05 1.28787879e-05 5.00062414e+07 2.03309979e+04 1.26264779e+04
-1.43939394e-05 1.28787879e-05 5.00063783e+07 3.11213692e+04 2.86649896e+03
-1.38888889e-05 1.28787879e-05 5.00006562e+07 3.02657284e+04 -9.54877210e+03
-1.33838384e-05 1.28787879e-05 4.99949903e+07 2.02683037e+04 -1.59822710e+04
-1.28787879e-05 1.28787879e-05 4.99931015e+07 9.72478850e+03 -1.55745098e+04
-1.23737374e-05 1.28787879e-05 4.99939340e+07 2.67425511e+03 -1.21887266e+04
-1.18686869e-05 1.28787879e-05 4.99956369e+07 -1.08820211e+03 -8.58803122e+03
-1.13636364e-05 1.28787879e-05 4.99972513e+07 -2.78637838e+03 -5.72372499e+03
-1.08585859e-05 1.28787879e-05 4.99984958e+07 -3.37977147e+03 -3.67871409e+03
-1.03535354e-05 1.28787879e-05 4.99993712e+07 -3.43324491e+03 -2.28452083e+03
-9.84848485e-06 1.28787879e-05 4.99999562e+07 -3.24546614e+03 -1.35288198e+03
-9.34343434e-06 1.28787879e-05 5.00003328e+07 -2.96602672e+03 -7.35572607e+02
-8.83838384e-06 1.28787879e-05 5.00005661e+07 -2.66666465e+03 -3.28053582e+02
-8.33333333e-06 1.28787879e-05 5.00007033e+07 -2.37973864e+03 -5.97041680e+01
-7.82828283e-06 1.28787879e-05 5.00007766e+07 -2.11810617e+03 1.16432998e+02
-7.32323232e-06 1.28787879e-05 5.00008080e+07 -1.88520411e+03 2.31493551e+02
-6.81818182e-06 1.28787879e-05 5.00008120e+07 -1.68010484e+03 3.06207679e+02
-6.31313131e-06 1.28787879e-05 5.00007983e+07 -1.50001606e+03 3.54489733e+02
-5.80808081e-06 1.28787879e-05 5.00007729e+07 -1.34148043e+03 3.85774515e+02
-5.30303030e-06 1.28787879e-05 5.00007397e+07 -1.20091296e+03 4.06520260e+02
-4.79797980e-06 1.28787879e-05 5.00007005e+07 -1.07480177e+03 4.21154111e+02
-4.29292929e-06 1.28787879e-05 5.00006563e+07 -9.59746258e+02 4.32624803e+02
-3.78787879e-06 1.28787879e-05 5.00006068e+07 -8.52443401e+02 4.42643867e+02
-3.28282828e-06 1.28787879e-05 5.00005512e+07 -7.49734241e+02 4.51634703e+02
-2.77777778e-06 1.28787879e-05 5.00004882e+07 -6.48890057e+02 4.58381406e+02
-2.27272727e-06 1.28787879e-05 5.00004174e+07 -5.48451246e+02 4.59442746e+02
-1.76767677e-06 1.28787879e-05 5.00003400e+07 -4.50032735e+02 4.48741462e+02
-1.26262626e-06 1.28787879e-05 5.00002614e+07 -3.61104752e+02 4.18561373e+02
-7.57575758e-07 1.28787879e-05 5.00001910e+07 -2.96770888e+02 3.64010248e+02
-2.52525253e-07 1.28787879e-05 5.00001379e+07 -2.74983887e+02 2.90978459e+02
2.52525253e-07 1.28787879e-05 5.00001023e+07 -3.01332888e+02 2.19490028e+02
7.57575758e-07 1.28787879e-05 5.00000736e+07 -3.56322174e+02 1.70936303e+02
1.26262626e-06 1.28787879e-05 5.00000438e+07 -4.07394323e+02 1.49459809e+02
1.76767677e-06 1.28787879e-05 5.00000171e+07 -4.34394351e+02 1.43468555e+02
2.27272727e-06 1.28787879e-05 5.00000013e+07 -4.35844561e+02 1.41792526e+02
2.77777778e-06 1.28787879e-05 4.99999994e+07 -4.17628441e+02 1.40580355e+02
3.28282828e-06 1.28787879e-05 5.00000085e+07 -3.84555276e+02 1.39364171e+02
3.78787879e-06 1.28787879e-05 5.00000250e+07 -3.40166219e+02 1.36747248e+02
4.29292929e-06 1.28787879e-05 5.00000469e+07 -2.89326657e+02 1.30154435e+02
4.79797980e-06 1.28787879e-05 5.00000735e+07 -2.38825736e+02 1.18074662e+02
5.30303030e-06 1.28787879e-05 5.00001038e+07 -1.95255664e+02 1.01643903e+02
5.80808081e-06 1.28787879e-05 5.00001354e+07 -1.62464528e+02 8.40072312e+01
6.31313131e-06 1.28787879e-05 5.00001649e+07 -1.40799928e+02 6.84232497e+01
6.81818182e-06 1.28787879e-05 5.00001897e+07 -1.28194494e+02 5.68626065e+01
7.32323232e-06 1.28787879e-05 5.00002086e+07 -1.21769022e+02 4.97664582e+01
7.82828283e-06 1.28787879e-05 5.00002213e+07 -1.18937548e+02 4.65360882e+01
8.33333333e-06 1.28787879e-05 5.00002285e+07 -1.17828308e+02 4.61399091e+01
8.83838384e-06 1.28787879e-05 5.00002311e+07 -1.17268963e+02 4.75315080e+01
9.34343434e-06 1.28787879e-05 5.00002303e+07 -1.16607472e+02 4.98471269e+01
9.84848485e-06 1.28787879e-05 5.00002270e+07 -1.15523039e+02 5.24563515e+01
1.03535354e-05 1.28787879e-05 5.00002220e+07 -1.13882695e+02 5.49417848e+01
1.08585859e-05 1.28787879e-05 5.00002158e+07 -1.11648981e+02 5.70555502e+01
1.13636364e-05 1.28787879e-05 5.00002088e+07 -1.08827356e+02 5.86756341e+01
1.18686869e-05 1.28787879e-05 5.00002015e+07 -1.05440094e+02 5.97701758e+01
1.23737374e-05 1.28787879e-05 5.00001939e+07 -1.01516351e+02 6.03706691e+01
1.28787879e-05 1.28787879e-05 5.00001864e+07 -9.70913420e+01 6.05523096e+01
1.33838384e-05 1.28787879e-05 5.00001789e+07 -9.22101077e+01 6.04191255e+01
1.38888889e-05 1.28787879e-05 5.00001717e+07 -8.69328684e+01 6.00918238e+01
1.43939394e-05 1.28787879e-05 5.00001649e+07 -8.13399162e+01 5.96968981e+01
1.48989899e-05 1.28787879e-05 5.00001584e+07 -7.55345564e+01 5.93562392e+01
1.54040404e-05 1.28787879e-05 5.00001524e+07 -6.96430615e+01 5.91771547e+01
1.59090909e-05 1.28787879e-05 5.00001469e+07 -6.38110730e+01 5.92432554e+01
1.64141414e-05 1.28787879e-05 5.00001420e+07 -5.81964380e+01 5.96070428e+01
1.69191919e-05 1.28787879e-05 5.00001376e+07 -5.29590804e+01 6.02851573e+01
1.74242424e-05 1.28787879e-05 5.00001338e+07 -4.82490755e+01 6.12570934e+01
1.79292929e-05 1.28787879e-05 5.00001305e+07 -4.41945095e+01 6.24677823e+01
1.84343434e-05 1.28787879e-05 5.00001276e+07 -4.08908386e+01 6.38338684e+01
1.89393939e-05 1.28787879e-05 5.00001251e+07 -3.83932738e+01 6.52529125e+01
1.94444444e-05 1.28787879e-05 5.00001228e+07 -3.67132319e+01 6.66142787e+01
1.99494949e-05 1.28787879e-05 5.00001207e+07 -3.58192159e+01 6.78102275e+01
2.04545455e-05 1.28787879e-05 5.00001185e+07 -3.56417827e+01 6.87457907e+01
2.09595960e-05 1.28787879e-05 5.00001164e+07 -3.60816692e+01 6.93463123e+01
2.14646465e-05 1.28787879e-05 5.00001140e+07 -3.70197867e+01 6.95620107e+01
2.19696970e-05 1.28787879e-05 5.00001115e+07 -3.83277063e+01 6.93694361e+01
2.24747475e-05 1.28787879e-05 5.00001088e+07 -3.98774082e+01 6.87701548e+01
2.29797980e-05 1.28787879e-05 5.00001058e+07 -4.15493844e+01 6.77873020e+01
2.34848485e-05 1.28787879e-05 5.00001027e+07 -4.32385792e+01 6.64607994e+01
2.39898990e-05 1.28787879e-05 5.00000993e+07 -4.48580256e+01 6.48420230e+01
2.44949495e-05 1.28787879e-05 5.00000958e+07 -4.63403445e+01 6.29885917e+01
2.50000000e-05 1.28787879e-05 5.00000922e+07 -4.76374750e+01 6.09597615e+01
-2.50000000e-05 1.33838384e-05 5.00006125e+07 -6.21824008e+02 3.07548606e+02
-2.44949495e-05 1.33838384e-05 5.00006384e+07 -6.86933138e+02 3.20031411e+02
-2.39898990e-05 1.33838384e-05 5.00006617e+07 -7.63479710e+02 3.31116531e+02
-2.34848485e-05 1.33838384e-05 5.00006799e+07 -8.54460404e+02 3.39877154e+02
-2.29797980e-05 1.33838384e-05 5.00006894e+07 -9.63930728e+02 3.45031538e+02
-2.24747475e-05 1.33838384e-05 5.00006850e+07 -1.09746537e+03 3.44839364e+02
-2.19696970e-05 1.33838384e-05 5.00006588e+07 -1.26284631e+03 3.37000336e+02
-2.14646465e-05 1.33838384e-05 5.00005989e+07 -1.47109542e+03 3.18606700e+02
-2.09595960e-05 1.33838384e-05 5.00004876e+07 -1.73801834e+03 2.86281124e+02
-2.04545455e-05 1.33838384e-05 5.00002988e+07 -2.08647036e+03 2.36810457e+02
-1.99494949e-05 1.33838384e-05 4.99999943e+07 -2.54952704e+03 1.68975578e+02
-1.94444444e-05 1.33838384e-05 4.99995200e+07 -3.17442353e+03 8.80923236e+01
-1.89393939e-05 1.33838384e-05 4.99988028e+07 -4.02589634e+03 1.63727382e+01
-1.84343434e-05 1.33838384e-05 4.99977553e+07 -5.18380479e+03 1.49491026e+01
-1.79292929e-05 1.33838384e-05 4.99963005e+07 -6.71997719e+03 2.26715671e+02
-1.74242424e-05 1.33838384e-05 4.99944462e+07 -8.61672746e+03 9.48185157e+02
-1.69191919e-05 1.33838384e-05 4.99924540e+07 -1.05496010e+04 2.71603919e+03
-1.64141414e-05 1.33838384e-05 4.99911362e+07 -1.14170434e+04 6.30964564e+03
-1.59090909e-05 1.33838384e-05 4.99922053e+07 -8.54807105e+03 1.23505521e+04
-1.54040404e-05 1.33838384e-05 4.99980404e+07 2.94811094e+03 1.96148372e+04
-1.48989899e-05 1.33838384e-05 5.00078601e+07 2.68623990e+04 2.06007449e+04
-1.43939394e-05 1.33838384e-05 5.00094835e+07 4.93771681e+04 3.10406898e+03
-1.38888889e-05 1.33838384e-05 4.99972887e+07 4.32296162e+04 -2.02953254e+04
-1.33838384e-05 1.33838384e-05 4.99894572e+07 2.07627829e+04 -2.58022406e+04
-1.28787879e-05 1.33838384e-05 4.99903037e+07 4.86769563e+03 -1.96636169e+04
-1.23737374e-05 1.33838384e-05 4.99937258e+07 -2.33895142e+03 -1.25266117e+04
-1.18686869e-05 1.33838384e-05 4.99966872e+07 -4.83287569e+03 -7.40818620e+03
-1.13636364e-05 1.33838384e-05 4.99986783e+07 -5.30188970e+03 -4.18172386e+03
-1.08585859e-05 1.33838384e-05 4.99998935e+07 -5.00308113e+03 -2.22896601e+03
-1.03535354e-05 1.33838384e-05 5.00005945e+07 -4.46509554e+03 -1.06139882e+03
-9.84848485e-06 1.33838384e-05 5.00009762e+07 -3.89765385e+03 -3.66233319e+02
-9.34343434e-06 1.33838384e-05 5.00011655e+07 -3.37682966e+03 4.54261879e+01
-8.83838384e-06 1.33838384e-05 5.00012407e+07 -2.92406440e+03 2.86136769e+02
-8.33333333e-06 1.33838384e-05 5.00012496e+07 -2.53941674e+03 4.23209050e+02
-7.82828283e-06 1.33838384e-05 5.00012211e+07 -2.21545021e+03 4.97323809e+02
-7.32323232e-06 1.33838384e-05 5.00011723e+07 -1.94291044e+03 5.33405541e+02
-6.81818182e-06 1.33838384e-05 5.00011136e+07 -1.71290897e+03 5.46964333e+02
-6.31313131e-06 1.33838384e-05 5.00010510e+07 -1.51762737e+03 5.47826584e+02
-5.80808081e-06 1.33838384e-05 5.00009877e+07 -1.35040724e+03 5.42357727e+02
-5.30303030e-06 1.33838384e-05 5.00009251e+07 -1.20559488e+03 5.34802521e+02
-4.79797980e-06 1.33838384e-05 5.00008636e+07 -1.07829214e+03 5.28093414e+02
-4.29292929e-06 1.33838384e-05 5.00008025e+07 -9.64069524e+02 5.24312951e+02
-3.78787879e-06 1.33838384e-05 5.00007399e+07 -8.58662741e+02 5.24883767e+02
-3.28282828e-06 1.33838384e-05 5.00006733e+07 -7.57686033e+02 5.30458977e+02
-2.77777778e-06 1.33838384e-05 5.00005992e+07 -6.56487033e+02 5.40370350e+02
-2.27272727e-06 1.33838384e-05 5.00005134e+07 -5.50537049e+02 5.51383010e+02
-1.76767677e-06 1.33838384e-05 5.00004132e+07 -4.37348563e+02 5.55633838e+02
-1.26262626e-06 1.33838384e-05 5.00003008e+07 -3.21642471e+02 5.38850396e+02
-7.57575758e-07 1.33838384e-05 5.00001890e+07 -2.23976655e+02 4.83742445e+02
-2.52525253e-07 1.33838384e-05 5.00000993e+07 -1.82581254e+02 3.86817619e+02
2.52525253e-07 1.33838384e-05 5.00000407e+07 -2.23879252e+02 2.79674514e+02
7.57575758e-07 1.33838384e-05 4.99999944e+07 -3.15944214e+02 2.08384262e+02
1.26262626e-06 1.33838384e-05 4.99999466e+07 -3.92493270e+02 1.78171263e+02
1.76767677e-06 1.33838384e-05 4.99999125e+07 -4.25478462e+02 1.61105842e+02
2.27272727e-06 1.33838384e-05 4.99999073e+07 -4.26837787e+02 1.42402031e+02
2.77777778e-06 1.33838384e-05 4.99999279e+07 -4.10629102e+02 1.25425585e+02
3.28282828e-06 1.33838384e-05 4.99999625e+07 -3.80179198e+02 1.15027416e+02
3.78787879e-06 1.33838384e-05 5.00000016e+07 -3.35001556e+02 1.09283039e+02
4.29292929e-06 1.33838384e-05 5.00000421e+07 -2.79165107e+02 1.01695163e+02
4.79797980e-06 1.33838384e-05 5.00000849e+07 -2.22721353e+02 8.77066142e+01
5.30303030e-06 1.33838384e-05 5.00001296e+07 -1.76227920e+02 6.85315956e+01
5.80808081e-06 1.33838384e-05 5.00001726e+07 -1.44907827e+02 4.92268870e+01
6.31313131e-06 1.33838384e-05 5.00002095e+07 -1.27777526e+02 3.43984239e+01
6.81818182e-06 1.33838384e-05 5.00002373e+07 -1.20600314e+02 2.59276531e+01
7.32323232e-06 1.33838384e-05 5.00002555e+07 -1.18929111e+02 2.33094109e+01
7.82828283e-06 1.33838384e-05 5.00002651e+07 -1.19526992e+02 2.49325969e+01
8.33333333e-06 1.33838384e-05 5.00002679e+07 -1.20503876e+02 2.90750027e+01
8.83838384e-06 1.33838384e-05 5.00002658e+07 -1.20950142e+02 3.43572437e+01
9.34343434e-06 1.33838384e-05 5.00002603e+07 -1.20533706e+02 3.98347901e+01
9.84848485e-06 1.33838384e-05 5.00002527e+07 -1.19211925e+02 4.49335207e+01
1.03535354e-05 1.33838384e-05 5.00002438e+07 -1.17062016e+02 4.93482877e+01
1.08585859e-05 1.33838384e-05 5.00002343e+07 -1.14194145e+02 5.29532689e+01
1.13636364e-05 1.33838384e-05 5.00002245e+07 -1.10713388e+02 5.57362236e+01
1.18686869e-05 1.33838384e-05 5.00002147e+07 -1.06707787e+02 5.77544673e+01
1.23737374e-05 1.33838384e-05 5.00002051e+07 -1.02249150e+02 5.91066823e+01
1.28787879e-05 1.33838384e-05 5.00001959e+07 -9.73993399e+01 5.99149668e+01
1.33838384e-05 1.33838384e-05 5.00001870e+07 -9.22181830e+01 6.03128790e+01
1.38888889e-05 1.33838384e-05 5.00001787e+07 -8.67709223e+01 6.04366189e+01
1.43939394e-05 1.33838384e-05 5.00001708e+07 -8.11340030e+01 6.04176280e+01
1.48989899e-05 1.33838384e-05 5.00001635e+07 -7.53984438e+01 6.03757678e+01
1.54040404e-05 1.33838384e-05 5.00001568e+07 -6.96703497e+01 6.04128984e+01
1.59090909e-05 1.33838384e-05 5.00001507e+07 -6.40684296e+01 6.06071492e+01
1.64141414e-05 1.33838384e-05 5.00001452e+07 -5.87187239e+01 6.10084537e+01
1.69191919e-05 1.33838384e-05 5.00001403e+07 -5.37471268e+01 6.16359971e+01
1.74242424e-05 1.33838384e-05 5.00001360e+07 -4.92706268e+01 6.24781100e+01
1.79292929e-05 1.33838384e-05 5.00001322e+07 -4.53884233e+01 6.34948591e+01
1.84343434e-05 1.33838384e-05 5.00001288e+07 -4.21741365e+01 6.46231962e+01
1.89393939e-05 1.33838384e-05 5.00001258e+07 -3.96701787e+01 6.57841357e+01
1.94444444e-05 1.33838384e-05 5.00001231e+07 -3.78850210e+01 6.68911100e+01
1.99494949e-05 1.33838384e-05 5.00001206e+07 -3.67936408e+01 6.78584913e+01
2.04545455e-05 1.33838384e-05 5.00001182e+07 -3.63409528e+01 6.86092876e+01
2.09595960e-05 1.33838384e-05 5.00001157e+07 -3.64476229e+01 6.90812112e+01
2.14646465e-05 1.33838384e-05 5.00001133e+07 -3.70173966e+01 6.92306212e+01
2.19696970e-05 1.33838384e-05 5.00001107e+07 -3.79449820e+01 6.90341906e+01
2.24747475e-05 1.33838384e-05 5.00001079e+07 -3.91235961e+01 6.84884652e+01
2.29797980e-05 1.33838384e-05 5.00001051e+07 -4.04514753e+01 6.76077201e+01
2.34848485e-05 1.33838384e-05 5.00001020e+07 -4.18369051e+01 6.64206520e+01
2.39898990e-05 1.33838384e-05 5.00000988e+07 -4.32015883e+01 6.49664711e+01
2.44949495e-05 1.33838384e-05 5.00000955e+07 -4.44823934e+01 6.32908985e+01
2.50000000e-05 1.33838384e-05 5.00000921e+07 -4.56316941e+01 6.14424676e+01
-2.50000000e-05 1.38888889e-05 5.00007478e+07 -6.40626324e+02 3.87839699e+02
-2.44949495e-05 1.38888889e-05 5.00007989e+07 -7.05822191e+02 4.13304320e+02
-2.39898990e-05 1.38888889e-05 5.00008532e+07 -7.81895232e+02 4.39937457e+02
-2.34848485e-05 1.38888889e-05 5.00009099e+07 -8.71560793e+02 4.67342353e+02
-2.29797980e-05 1.38888889e-05 5.00009676e+07 -9.78478454e+02 4.94837866e+02
-2.24747475e-05 1.38888889e-05 5.00010237e+07 -1.10767739e+03 5.21315430e+02
-2.19696970e-05 1.38888889e-05 5.00010737e+07 -1.26621497e+03 5.45035198e+02
-2.14646465e-05 1.38888889e-05 5.00011101e+07 -1.46421594e+03 5.63349235e+02
-2.09595960e-05 1.38888889e-05 5.00011203e+07 -1.71653999e+03 5.72362805e+02
-2.04545455e-05 1.38888889e-05 5.00010834e+07 -2.04549197e+03 5.66625279e+02
-1.99494949e-05 1.38888889e-05 5.00009651e+07 -2.48524404e+03 5.39179112e+02
-1.94444444e-05 1.38888889e-05 5.00007096e+07 -3.08895695e+03 4.82940586e+02
-1.89393939e-05 1.38888889e-05 5.00002273e+07 -3.93967857e+03 3.96050520e+02
-1.84343434e-05 1.38888889e-05 4.99993804e+07 -5.16468363e+03 2.97861711e+02
-1.79292929e-05 1.38888889e-05 4.99979746e+07 -6.94547000e+03 2.70939742e+02
-1.74242424e-05 1.38888889e-05 4.99957875e+07 -9.48882310e+03 5.58860588e+02
-1.69191919e-05 1.38888889e-05 4.99927133e+07 -1.28490706e+04 1.75547219e+03
-1.64141414e-05 1.38888889e-05 4.99891494e+07 -1.63418257e+04 5.05111491e+03
-1.59090909e-05 1.38888889e-05 4.99867232e+07 -1.71335240e+04 1.22417204e+04
-1.54040404e-05 1.38888889e-05 4.99896427e+07 -7.32685168e+03 2.47521231e+04
-1.48989899e-05 1.38888889e-05 5.00061783e+07 3.15502198e+04 3.65117342e+04
-1.43939394e-05 1.38888889e-05 5.00161436e+07 9.17804783e+04 2.80727150e+03
-1.38888889e-05 1.38888889e-05 4.99848723e+07 5.97657299e+04 -4.78194048e+04
-1.33838384e-05 1.38888889e-05 4.99817517e+07 1.05475885e+04 -3.74421538e+04
-1.28787879e-05 1.38888889e-05 4.99905455e+07 -6.07790771e+03 -1.96075797e+04
-1.23737374e-05 1.38888889e-05 4.99966351e+07 -9.29647308e+03 -9.35372244e+03
-1.18686869e-05 1.38888889e-05 4.99997951e+07 -8.80642087e+03 -4.16549998e+03
-1.13636364e-05 1.38888889e-05 5.00012901e+07 -7.51759176e+03 -1.56827154e+03
-1.08585859e-05 1.38888889e-05 5.00019311e+07 -6.23415837e+03 -2.63097859e+02
-1.03535354e-05 1.38888889e-05 5.00021458e+07 -5.14690807e+03 3.87492667e+02
-9.84848485e-06 1.38888889e-05 5.00021520e+07 -4.27033296e+03 6.99610366e+02
-9.34343434e-06 1.38888889e-05 5.00020608e+07 -3.57368067e+03 8.34096535e+02
-8.83838384e-06 1.38888889e-05 5.00019287e+07 -3.02021812e+03 8.75007538e+02
-8.33333333e-06 1.38888889e-05 5.00017845e+07 -2.57796077e+03 8.67324170e+02
-7.82828283e-06 1.38888889e-05 5.00016423e+07 -2.22152984e+03 8.35590708e+02
-7.32323232e-06 1.38888889e-05 5.00015089e+07 -1.93145498e+03 7.93410281e+02
-6.81818182e-06 1.38888889e-05 5.00013869e+07 -1.69294817e+03 7.48426152e+02
-6.31313131e-06 1.38888889e-05 5.00012769e+07 -1.49475474e+03 7.05010197e+02
-5.80808081e-06 1.38888889e-05 5.00011784e+07 -1.32821726e+03 6.65757006e+02
-5.30303030e-06 1.38888889e-05 5.00010901e+07 -1.18653947e+03 6.32342767e+02
-4.79797980e-06 1.38888889e-05 5.00010104e+07 -1.06419427e+03 6.06040064e+02
-4.29292929e-06 1.38888889e-05 5.00009372e+07 -9.56408601e+02 5.88038023e+02
-3.78787879e-06 1.38888889e-05 5.00008677e+07 -8.58650334e+02 5.79627366e+02
-3.28282828e-06 1.38888889e-05 5.00007981e+07 -7.66034710e+02 5.82217995e+02
-2.77777778e-06 1.38888889e-05 5.00007228e+07 -6.72585623e+02 5.96993251e+02
-2.27272727e-06 1.38888889e-05 5.00006335e+07 -5.70460259e+02 6.23646808e+02
-1.76767677e-06 1.38888889e-05 5.00005197e+07 -4.50048812e+02 6.56962068e+02
-1.26262626e-06 1.38888889e-05 5.00003719e+07 -3.04587090e+02 6.79556640e+02
-7.57575758e-07 1.38888889e-05 5.00001962e+07 -1.48331965e+02 6.53826938e+02
-2.52525253e-07 1.38888889e-05 5.00000331e+07 -4.96178447e+01 5.39396738e+02
2.52525253e-07 1.38888889e-05 4.99999273e+07 -1.03487406e+02 3.72065111e+02
7.57575758e-07 1.38888889e-05 4.99998453e+07 -2.62422341e+02 2.66883080e+02
1.26262626e-06 1.38888889e-05 4.99997613e+07 -3.66514270e+02 2.26912377e+02
1.76767677e-06 1.38888889e-05 4.99997265e+07 -3.91831817e+02 1.80926877e+02
2.27272727e-06 1.38888889e-05 4.99997582e+07 -3.91583884e+02 1.23009219e+02
2.77777778e-06 1.38888889e-05 4.99998294e+07 -3.87243791e+02 7.73763304e+01
3.28282828e-06 1.38888889e-05 4.99999102e+07 -3.71039623e+02 5.59847387e+01
3.78787879e-06 1.38888889e-05 4.99999841e+07 -3.31290509e+02 5.23195024e+01
4.29292929e-06 1.38888889e-05 5.00000500e+07 -2.70036993e+02 4.99392003e+01
4.79797980e-06 1.38888889e-05 5.00001136e+07 -2.05101882e+02 3.76134884e+01
5.30303030e-06 1.38888889e-05 5.00001763e+07 -1.55592616e+02 1.76521923e+01
5.80808081e-06 1.38888889e-05 5.00002323e+07 -1.28367461e+02 -5.46095036e-01
6.31313131e-06 1.38888889e-05 5.00002749e+07 -1.18827612e+02 -1.05117212e+01
6.81818182e-06 1.38888889e-05 5.00003020e+07 -1.18928408e+02 -1.14890704e+01
7.32323232e-06 1.38888889e-05 5.00003151e+07 -1.22425884e+02 -5.95342623e+00
7.82828283e-06 1.38888889e-05 5.00003175e+07 -1.25910787e+02 3.08232885e+00
8.33333333e-06 1.38888889e-05 5.00003126e+07 -1.28012170e+02 1.32936310e+01
8.83838384e-06 1.38888889e-05 5.00003033e+07 -1.28441103e+02 2.32370674e+01
9.34343434e-06 1.38888889e-05 5.00002915e+07 -1.27362495e+02 3.21564186e+01
9.84848485e-06 1.38888889e-05 5.00002785e+07 -1.25071706e+02 3.97385384e+01
1.03535354e-05 1.38888889e-05 5.00002652e+07 -1.21855686e+02 4.59261102e+01
1.08585859e-05 1.38888889e-05 5.00002519e+07 -1.17946870e+02 5.07973155e+01
1.13636364e-05 1.38888889e-05 5.00002391e+07 -1.13517974e+02 5.44955530e+01
1.18686869e-05 1.38888889e-05 5.00002268e+07 -1.08692265e+02 5.71909705e+01
1.23737374e-05 1.38888889e-05 5.00002152e+07 -1.03557977e+02 5.90604265e+01
1.28787879e-05 1.38888889e-05 5.00002043e+07 -9.81822645e+01 6.02773317e+01
1.33838384e-05 1.38888889e-05 5.00001941e+07 -9.26230128e+01 6.10062880e+01
1.38888889e-05 1.38888889e-05 5.00001846e+07 -8.69379757e+01 6.13996830e+01
1.43939394e-05 1.38888889e-05 5.00001759e+07 -8.11911183e+01 6.15947912e+01
1.48989899e-05 1.38888889e-05 5.00001678e+07 -7.54561523e+01 6.17108089e+01
1.54040404e-05 1.38888889e-05 5.00001604e+07 -6.98173303e+01 6.18458030e+01
1.59090909e-05 1.38888889e-05 5.00001538e+07 -6.43676775e+01 6.20738898e+01
1.64141414e-05 1.38888889e-05 5.00001478e+07 -5.92050071e+01 6.24431351e+01
1.69191919e-05 1.38888889e-05 5.00001424e+07 -5.44262687e+01 6.29746872e+01
1.74242424e-05 1.38888889e-05 5.00001376e+07 -5.01209715e+01 6.36635459e+01
1.79292929e-05 1.38888889e-05 5.00001334e+07 -4.63645421e+01 6.44811584e+01
1.84343434e-05 1.38888889e-05 5.00001296e+07 -4.32124954e+01 6.53797576e+01
1.89393939e-05 1.38888889e-05 5.00001262e+07 -4.06961762e+01 6.62980861e+01
1.94444444e-05 1.38888889e-05 5.00001232e+07 -3.88205988e+01 6.71679276e+01
1.99494949e-05 1.38888889e-05 5.00001203e+07 -3.75646030e+01 6.79207510e+01
2.04545455e-05 1.38888889e-05 5.00001176e+07 -3.68832146e+01 6.84937731e+01
2.09595960e-05 1.38888889e-05 5.00001150e+07 -3.67118178e+01 6.88348652e+01
2.14646465e-05 1.38888889e-05 5.00001124e+07 -3.69715476e+01 6.89059221e+01
2.19696970e-05 1.38888889e-05 5.00001097e+07 -3.75752286e+01 6.86845494e+01
2.24747475e-05 1.38888889e-05 5.00001070e+07 -3.84332105e+01 6.81641457e+01
2.29797980e-05 1.38888889e-05 5.00001041e+07 -3.94585683e+01 6.73526331e+01
2.34848485e-05 1.38888889e-05 5.00001012e+07 -4.05712970e+01 6.62702003e+01
2.39898990e-05 1.38888889e-05 5.00000981e+07 -4.17013137e+01 6.49464602e+01
2.44949495e-05 1.38888889e-05 5.00000950e+07 -4.27902449e+01 6.34174020e+01
2.50000000e-05 1.38888889e-05 5.00000917e+07 -4.37921069e+01 6.17224537e+01
-2.50000000e-05 1.43939394e-05 5.00008647e+07 -6.71460382e+02 4.62944962e+02
-2.44949495e-05 1.43939394e-05 5.00009387e+07 -7.39289403e+02 5.01668540e+02
-2.39898990e-05 1.43939394e-05 5.00010217e+07 -8.18054761e+02 5.44599996e+02
-2.34848485e-05 1.43939394e-05 5.00011148e+07 -9.10341538e+02 5.92171315e+02
-2.29797980e-05 1.43939394e-05 5.00012189e+07 -1.01958581e+03 6.44776861e+02
-2.24747475e-05 1.43939394e-05 5.00013348e+07 -1.15044663e+03 7.02697316e+02
-2.19696970e-05 1.43939394e-05 5.00014630e+07 -1.30938509e+03 7.65964954e+02
-2.14646465e-05 1.43939394e-05 5.00016022e+07 -1.50559147e+03 8.34131803e+02
-2.09595960e-05 1.43939394e-05 5.00017493e+07 -1.75251566e+03 9.05882503e+02
-2.04545455e-05 1.43939394e-05 5.00018959e+07 -2.07047271e+03 9.78415931e+02
-1.99494949e-05 1.43939394e-05 5.00020247e+07 -2.49121761e+03 1.04654030e+03
-1.94444444e-05 1.43939394e-05 5.00021006e+07 -3.06619840e+03 1.10162410e+03
-1.89393939e-05 1.43939394e-05 5.00020558e+07 -3.88171147e+03 1.13140049e+03
-1.84343434e-05 1.43939394e-05 5.00017612e+07 -5.08658456e+03 1.12470454e+03
-1.79292929e-05 1.43939394e-05 5.00009814e+07 -6.93964587e+03 1.09529765e+03
-1.74242424e-05 1.43939394e-05 4.99993220e+07 -9.87292653e+03 1.16828302e+03
-1.69191919e-05 1.43939394e-05 4.99962488e+07 -1.44868629e+04 1.83869668e+03
-1.64141414e-05 1.43939394e-05 4.99914368e+07 -2.10806851e+04 4.55469570e+03
-1.59090909e-05 1.43939394e-05 4.99856748e+07 -2.76833592e+04 1.23144638e+04
-1.54040404e-05 1.43939394e-05 4.99808873e+07 -2.57965547e+04 2.85660040e+04
-1.48989899e-05 1.43939394e-05 4.99814177e+07 1.17118815e+04 5.78186321e+04
-1.43939394e-05 1.43939394e-05 5.00411803e+07 2.52376818e+05 4.73109109e+03
-1.38888889e-05 1.43939394e-05 4.99493893e+07 3.21116573e+04 -1.05413988e+05
-1.33838384e-05 1.43939394e-05 4.99878808e+07 -2.14525213e+04 -3.15527020e+04
-1.28787879e-05 1.43939394e-05 5.00005225e+07 -2.01420738e+04 -9.34845975e+03
-1.23737374e-05 1.43939394e-05 5.00040555e+07 -1.53301122e+04 -2.03841695e+03
-1.18686869e-05 1.43939394e-05 5.00048026e+07 -1.14635657e+04 5.84945455e+02
-1.13636364e-05 1.43939394e-05 5.00046427e+07 -8.69446901e+03 1.50656966e+03
-1.08585859e-05 1.43939394e-05 5.00042080e+07 -6.73423512e+03 1.76237422e+03
-1.03535354e-05 1.43939394e-05 5.00037239e+07 -5.32886110e+03 1.75204354e+03
-9.84848485e-06 1.43939394e-05 5.00032699e+07 -4.30156290e+03 1.63989771e+03
-9.34343434e-06 1.43939394e-05 5.00028698e+07 -3.53502955e+03 1.49576968e+03
-8.83838384e-06 1.43939394e-05 5.00025264e+07 -2.95164964e+03 1.34941584e+03
-8.33333333e-06 1.43939394e-05 5.00022349e+07 -2.49946459e+03 1.21299342e+03
-7.82828283e-06 1.43939394e-05 5.00019885e+07 -2.14308854e+03 1.09081905e+03
-7.32323232e-06 1.43939394e-05 5.00017804e+07 -1.85796671e+03 9.83764008e+02
-6.81818182e-06 1.43939394e-05 5.00016045e+07 -1.62673523e+03 8.91287155e+02
-6.31313131e-06 1.43939394e-05 5.00014555e+07 -1.43688216e+03 8.12395465e+02
-5.80808081e-06 1.43939394e-05 5.00013292e+07 -1.27921375e+03 7.46111688e+02
-5.30303030e-06 1.43939394e-05 5.00012218e+07 -1.14681843e+03 6.91722182e+02
-4.79797980e-06 1.43939394e-05 5.00011302e+07 -1.03433047e+03 6.48942214e+02
-4.29292929e-06 1.43939394e-05 5.00010515e+07 -9.37352197e+02 6.18076743e+02
-3.78787879e-06 1.43939394e-05 5.00009826e+07 -8.51908160e+02 6.00229570e+02
-3.28282828e-06 1.43939394e-05 5.00009199e+07 -7.73771222e+02 5.97595195e+02
-2.77777778e-06 1.43939394e-05 5.00008575e+07 -6.97393399e+02 6.13805318e+02
-2.27272727e-06 1.43939394e-05 5.00007858e+07 -6.13957517e+02 6.54023415e+02
-1.76767677e-06 1.43939394e-05 5.00006868e+07 -5.07880940e+02 7.23357058e+02
-1.26262626e-06 1.43939394e-05 5.00005297e+07 -3.52619293e+02 8.18202922e+02
-7.57575758e-07 1.43939394e-05 5.00002774e+07 -1.19916848e+02 8.95938626e+02
-2.52525253e-07 1.43939394e-05 4.99999534e+07 1.32038937e+02 8.26257533e+02
2.52525253e-07 1.43939394e-05 4.99997201e+07 1.04993926e+02 5.44140738e+02
7.57575758e-07 1.43939394e-05 4.99995499e+07 -2.02950980e+02 3.82267419e+02
1.26262626e-06 1.43939394e-05 4.99993964e+07 -3.05950341e+02 3.19906298e+02
1.76767677e-06 1.43939394e-05 4.99994145e+07 -2.96346590e+02 1.87480846e+02
2.27272727e-06 1.43939394e-05 4.99995476e+07 -3.08079495e+02 5.29353163e+01
2.77777778e-06 1.43939394e-05 4.99997129e+07 -3.41863280e+02 -3.34171023e+01
3.28282828e-06 1.43939394e-05 4.99998661e+07 -3.63274091e+02 -6.16138217e+01
3.78787879e-06 1.43939394e-05 4.99999884e+07 -3.39683352e+02 -4.93773276e+01
4.29292929e-06 1.43939394e-05 5.00000852e+07 -2.69134737e+02 -3.33906053e+01
4.79797980e-06 1.43939394e-05 5.00001746e+07 -1.88702076e+02 -3.83038673e+01
5.30303030e-06 1.43939394e-05 5.00002596e+07 -1.36227262e+02 -5.61147679e+01
5.80808081e-06 1.43939394e-05 5.00003276e+07 -1.17943313e+02 -6.75682230e+01
6.31313131e-06 1.43939394e-05 5.00003698e+07 -1.19825086e+02 -6.51122708e+01
6.81818182e-06 1.43939394e-05 5.00003877e+07 -1.28067786e+02 -5.19746191e+01
7.32323232e-06 1.43939394e-05 5.00003879e+07 -1.35515470e+02 -3.39236839e+01
7.82828283e-06 1.43939394e-05 5.00003772e+07 -1.39885591e+02 -1.52130254e+01
8.33333333e-06 1.43939394e-05 5.00003608e+07 -1.41130244e+02 1.90024232e+00
8.83838384e-06 1.43939394e-05 5.00003418e+07 -1.39906032e+02 1.65282495e+01
9.34343434e-06 1.43939394e-05 5.00003222e+07 -1.36933155e+02 2.85233721e+01
9.84848485e-06 1.43939394e-05 5.00003030e+07 -1.32794395e+02 3.80770692e+01
1.03535354e-05 1.43939394e-05 5.00002847e+07 -1.27907682e+02 4.55055981e+01
1.08585859e-05 1.43939394e-05 5.00002676e+07 -1.22553523e+02 5.11480999e+01
1.13636364e-05 1.43939394e-05 5.00002518e+07 -1.16912273e+02 5.53238948e+01
1.18686869e-05 1.43939394e-05 5.00002371e+07 -1.11097007e+02 5.83183600e+01
1.23737374e-05 1.43939394e-05 5.00002236e+07 -1.05179043e+02 6.03813332e+01
1.28787879e-05 1.43939394e-05 5.00002112e+07 -9.92067445e+01 6.17300915e+01
1.33838384e-05 1.43939394e-05 5.00001998e+07 -9.32189215e+01 6.25531799e+01
1.38888889e-05 1.43939394e-05 5.00001894e+07 -8.72540105e+01 6.30135082e+01
1.43939394e-05 1.43939394e-05 5.00001798e+07 -8.13558674e+01 6.32502146e+01
1.48989899e-05 1.43939394e-05 5.00001711e+07 -7.55767243e+01 6.33793534e+01
1.54040404e-05 1.43939394e-05 5.00001632e+07 -6.99777037e+01 6.34937497e+01
1.59090909e-05 1.43939394e-05 5.00001560e+07 -6.46272368e+01 6.36625105e+01
1.64141414e-05 1.43939394e-05 5.00001496e+07 -5.95977796e+01 6.39307135e+01
1.69191919e-05 1.43939394e-05 5.00001438e+07 -5.49613091e+01 6.43197530e+01
1.74242424e-05 1.43939394e-05 5.00001387e+07 -5.07841829e+01 6.48286957e+01
1.79292929e-05 1.43939394e-05 5.00001341e+07 -4.71220005e+01 6.54368265e+01
1.84343434e-05 1.43939394e-05 5.00001300e+07 -4.40150994e+01 6.61073524e+01
1.89393939e-05 1.43939394e-05 5.00001263e+07 -4.14852268e+01 6.67920363e+01
1.94444444e-05 1.43939394e-05 5.00001229e+07 -3.95337653e+01 6.74363715e+01
1.99494949e-05 1.43939394e-05 5.00001198e+07 -3.81416753e+01 6.79848186e+01
2.04545455e-05 1.43939394e-05 5.00001169e+07 -3.72710926e+01 6.83856208e+01
2.09595960e-05 1.43939394e-05 5.00001141e+07 -3.68683168e+01 6.85947815e+01
2.14646465e-05 1.43939394e-05 5.00001114e+07 -3.68677836e+01 6.85789177e+01
2.19696970e-05 1.43939394e-05 5.00001087e+07 -3.71965425e+01 6.83168610e+01
2.24747475e-05 1.43939394e-05 5.00001059e+07 -3.77787659e+01 6.78000322e+01
2.29797980e-05 1.43939394e-05 5.00001031e+07 -3.85398839e+01 6.70317481e+01
2.34848485e-05 1.43939394e-05 5.00001002e+07 -3.94100424e+01 6.60257053e+01
2.39898990e-05 1.43939394e-05 5.00000972e+07 -4.03267133e+01 6.48039269e+01
2.44949495e-05 1.43939394e-05 5.00000942e+07 -4.12363987e+01 6.33944555e+01
2.50000000e-05 1.43939394e-05 5.00000911e+07 -4.20954753e+01 6.18290394e+01
-2.50000000e-05 1.48989899e-05 5.00009557e+07 -7.13678216e+02 5.26407301e+02
-2.44949495e-05 1.48989899e-05 5.00010481e+07 -7.86813486e+02 5.76893545e+02
-2.39898990e-05 1.48989899e-05 5.00011544e+07 -8.71714645e+02 6.34521407e+02
-2.34848485e-05 1.48989899e-05 5.00012772e+07 -9.71094708e+02 7.00636429e+02
-2.29797980e-05 1.48989899e-05 5.00014199e+07 -1.08851890e+03 7.76886029e+02
-2.24747475e-05 1.48989899e-05 5.00015866e+07 -1.22875629e+03 8.65287692e+02
-2.19696970e-05 1.48989899e-05 5.00017824e+07 -1.39831758e+03 9.68304288e+02
-2.14646465e-05 1.48989899e-05 5.00020135e+07 -1.60630306e+03 1.08891572e+03
-2.09595960e-05 1.48989899e-05 5.00022873e+07 -1.86578756e+03 1.23065970e+03
-2.04545455e-05 1.48989899e-05 5.00026117e+07 -2.19617453e+03 1.39758074e+03
-1.99494949e-05 1.48989899e-05 5.00029948e+07 -2.62738317e+03 1.59396277e+03
-1.94444444e-05 1.48989899e-05 5.00034407e+07 -3.20768303e+03 1.82362274e+03
-1.89393939e-05 1.48989899e-05 5.00039416e+07 -4.01918097e+03 2.08849976e+03
-1.84343434e-05 1.48989899e-05 5.00044558e+07 -5.21019133e+03 2.38691932e+03
-1.79292929e-05 1.48989899e-05 5.00048578e+07 -7.06618507e+03 2.71662496e+03
-1.74242424e-05 1.48989899e-05 5.00048268e+07 -1.01675973e+04 3.11276946e+03
-1.69191919e-05 1.48989899e-05 5.00036668e+07 -1.57084855e+04 3.86742334e+03
-1.64141414e-05 1.48989899e-05 5.00003874e+07 -2.58224432e+04 6.50780747e+03
-1.59090909e-05 1.48989899e-05 4.99958620e+07 -4.19293118e+04 1.67628334e+04
-1.54040404e-05 1.48989899e-05 4.99989381e+07 -5.58392665e+04 4.72050986e+04
-1.48989899e-05 1.48989899e-05 5.00303649e+07 -4.95731714e+04 1.20294197e+05
-1.43939394e-05 1.48989899e-05 5.89886720e+07 4.93142991e+07 1.06761816e+06
-1.38888889e-05 1.48989899e-05 5.00514217e+07 -9.84784297e+04 -1.26739387e+04
-1.33838384e-05 1.48989899e-05 5.00247106e+07 -4.50776878e+04 2.88430854e+03
-1.28787879e-05 1.48989899e-05 5.00168976e+07 -2.62979099e+04 5.60252849e+03
-1.23737374e-05 1.48989899e-05 5.00124689e+07 -1.69883508e+04 5.42526865e+03
-1.18686869e-05 1.48989899e-05 5.00095298e+07 -1.17373649e+04 4.65582143e+03
-1.13636364e-05 1.48989899e-05 5.00074731e+07 -8.52892771e+03 3.87360681e+03
-1.08585859e-05 1.48989899e-05 5.00059888e+07 -6.44794191e+03 3.20935542e+03
-1.03535354e-05 1.48989899e-05 5.00048911e+07 -5.03256719e+03 2.67323539e+03
-9.84848485e-06 1.48989899e-05 5.00040620e+07 -4.03177801e+03 2.24622744e+03
-9.34343434e-06 1.48989899e-05 5.00034239e+07 -3.30092345e+03 1.90588049e+03
-8.83838384e-06 1.48989899e-05 5.00029247e+07 -2.75251861e+03 1.63291012e+03
-8.33333333e-06 1.48989899e-05 5.00025287e+07 -2.33144132e+03 1.41218848e+03
-7.82828283e-06 1.48989899e-05 5.00022106e+07 -2.00172151e+03 1.23223167e+03
-7.32323232e-06 1.48989899e-05 5.00019527e+07 -1.73916768e+03 1.08442734e+03
-6.81818182e-06 1.48989899e-05 5.00017418e+07 -1.52708075e+03 9.62350491e+02
-6.31313131e-06 1.48989899e-05 5.00015686e+07 -1.35367201e+03 8.61238646e+02
-5.80808081e-06 1.48989899e-05 5.00014260e+07 -1.21045668e+03 7.77619206e+02
-5.30303030e-06 1.48989899e-05 5.00013087e+07 -1.09122302e+03 7.09068605e+02
-4.79797980e-06 1.48989899e-05 5.00012128e+07 -9.91346023e+02 6.54091682e+02
-4.29292929e-06 1.48989899e-05 5.00011353e+07 -9.07301867e+02 6.12129750e+02
-3.78787879e-06 1.48989899e-05 5.00010741e+07 -8.36273550e+02 5.83740280e+02
-3.28282828e-06 1.48989899e-05 5.00010270e+07 -7.75722040e+02 5.71055159e+02
-2.77777778e-06 1.48989899e-05 5.00009916e+07 -7.22683907e+02 5.78752821e+02
-2.27272727e-06 1.48989899e-05 5.00009630e+07 -6.72172789e+02 6.16032273e+02
-1.76767677e-06 1.48989899e-05 5.00009287e+07 -6.12802057e+02 7.00436782e+02
-1.26262626e-06 1.48989899e-05 5.00008526e+07 -5.13605830e+02 8.63527571e+02
-7.57575758e-07 1.48989899e-05 5.00006304e+07 -2.85819014e+02 1.14304032e+03
-2.52525253e-07 1.48989899e-05 5.00000395e+07 2.51119835e+02 1.42622149e+03
2.52525253e-07 1.48989899e-05 4.99992832e+07 5.94701082e+02 9.84534966e+02
7.57575758e-07 1.48989899e-05 4.99988017e+07 -1.83072785e+02 6.98846064e+02
1.26262626e-06 1.48989899e-05 4.99986713e+07 -9.36884284e+01 4.30527621e+02
1.76767677e-06 1.48989899e-05 4.99989791e+07 -8.20759428e+01 9.35405384e+01
2.27272727e-06 1.48989899e-05 4.99993110e+07 -1.63744885e+02 -1.26971633e+02
2.77777778e-06 1.48989899e-05 4.99996048e+07 -2.76950197e+02 -2.46091397e+02
3.28282828e-06 1.48989899e-05 4.99998524e+07 -3.71510689e+02 -2.69626008e+02
3.78787879e-06 1.48989899e-05 5.00000374e+07 -3.82193171e+02 -2.16509647e+02
4.29292929e-06 1.48989899e-05 5.00001704e+07 -2.88791570e+02 -1.57624339e+02
4.79797980e-06 1.48989899e-05 5.00002937e+07 -1.76195702e+02 -1.48477367e+02
5.30303030e-06 1.48989899e-05 5.00004062e+07 -1.24271057e+02 -1.59224278e+02
5.80808081e-06 1.48989899e-05 5.00004775e+07 -1.24069735e+02 -1.50961632e+02
6.31313131e-06 1.48989899e-05 5.00005023e+07 -1.40108860e+02 -1.22723658e+02
6.81818182e-06 1.48989899e-05 5.00004949e+07 -1.53801500e+02 -8.71769045e+01
7.32323232e-06 1.48989899e-05 5.00004709e+07 -1.60823243e+02 -5.31882513e+01
7.82828283e-06 1.48989899e-05 5.00004403e+07 -1.62102099e+02 -2.43094910e+01
8.33333333e-06 1.48989899e-05 5.00004084e+07 -1.59510791e+02 -1.14139085e+00
8.83838384e-06 1.48989899e-05 5.00003778e+07 -1.54596968e+02 1.68893122e+01
9.34343434e-06 1.48989899e-05 5.00003496e+07 -1.48407660e+02 3.06680371e+01
9.84848485e-06 1.48989899e-05 5.00003240e+07 -1.41591969e+02 4.10539376e+01
1.03535354e-05 1.48989899e-05 5.00003010e+07 -1.34530601e+02 4.87766654e+01
1.08585859e-05 1.48989899e-05 5.00002803e+07 -1.27435422e+02 5.44251009e+01
1.13636364e-05 1.48989899e-05 5.00002617e+07 -1.20416614e+02 5.84663520e+01
1.18686869e-05 1.48989899e-05 5.00002450e+07 -1.13525981e+02 6.12707692e+01
1.23737374e-05 1.48989899e-05 5.00002299e+07 -1.06784515e+02 6.31344654e+01
1.28787879e-05 1.48989899e-05 5.00002162e+07 -1.00199921e+02 6.42970590e+01
1.33838384e-05 1.48989899e-05 5.00002038e+07 -9.37777046e+01 6.49546382e+01
1.38888889e-05 1.48989899e-05 5.00001926e+07 -8.75279830e+01 6.52686757e+01
1.43939394e-05 1.48989899e-05 5.00001824e+07 -8.14692542e+01 6.53717802e+01
1.48989899e-05 1.48989899e-05 5.00001732e+07 -7.56298664e+01 6.53711408e+01
1.54040404e-05 1.48989899e-05 5.00001649e+07 -7.00476309e+01 6.53504449e+01
1.59090909e-05 1.48989899e-05 5.00001573e+07 -6.47679231e+01 6.53709589e+01
1.64141414e-05 1.48989899e-05 5.00001506e+07 -5.98406077e+01 6.54723651e+01
1.69191919e-05 1.48989899e-05 5.00001445e+07 -5.53161623e+01 6.56738317e+01
1.74242424e-05 1.48989899e-05 5.00001391e+07 -5.12414305e+01 6.59756502e+01
1.79292929e-05 1.48989899e-05 5.00001342e+07 -4.76554631e+01 6.63616208e+01
1.84343434e-05 1.48989899e-05 5.00001298e+07 -4.45858944e+01 6.68021946e+01
1.89393939e-05 1.48989899e-05 5.00001259e+07 -4.20462362e+01 6.72582349e+01
1.94444444e-05 1.48989899e-05 5.00001223e+07 -4.00343539e+01 6.76851356e+01
1.99494949e-05 1.48989899e-05 5.00001190e+07 -3.85322454e+01 6.80369695e+01
2.04545455e-05 1.48989899e-05 5.00001160e+07 -3.75070825e+01 6.82703227e+01
2.09595960e-05 1.48989899e-05 5.00001130e+07 -3.69133356e+01 6.83475175e+01
2.14646465e-05 1.48989899e-05 5.00001102e+07 -3.66956946e+01 6.82390051e+01
2.19696970e-05 1.48989899e-05 5.00001074e+07 -3.67924448e+01 6.79248212e+01
2.24747475e-05 1.48989899e-05 5.00001046e+07 -3.71389466e+01 6.73951023e+01
2.29797980e-05 1.48989899e-05 5.00001018e+07 -3.76709103e+01 6.66497613e+01
2.34848485e-05 1.48989899e-05 5.00000990e+07 -3.83272252e+01 6.56974857e+01
2.39898990e-05 1.48989899e-05 5.00000961e+07 -3.90521870e+01 6.45542626e+01
2.44949495e-05 1.48989899e-05 5.00000932e+07 -3.97970562e+01 6.32416389e+01
2.50000000e-05 1.48989899e-05 5.00000903e+07 -4.05209549e+01 6.17849078e+01
-2.50000000e-05 1.54040404e-05 5.00010149e+07 -7.65062570e+02 5.72030198e+02
-2.44949495e-05 1.54040404e-05 5.00011191e+07 -8.45774400e+02 6.30965765e+02
-2.39898990e-05 1.54040404e-05 5.00012405e+07 -9.39793772e+02 6.99216465e+02
-2.34848485e-05 1.54040404e-05 5.00013826e+07 -1.05023341e+03 7.78845284e+02
-2.29797980e-05 1.54040404e-05 5.00015506e+07 -1.18118193e+03 8.72509569e+02
-2.24747475e-05 1.54040404e-05 5.00017509e+07 -1.33809830e+03 9.83672596e+02
-2.19696970e-05 1.54040404e-05 5.00019920e+07 -1.52840697e+03 1.11690468e+03
-2.14646465e-05 1.54040404e-05 5.00022855e+07 -1.76242105e+03 1.27831695e+03
-2.09595960e-05 1.54040404e-05 5.00026471e+07 -2.05481989e+03 1.47619314e+03
-2.04545455e-05 1.54040404e-05 5.00030986e+07 -2.42710303e+03 1.72191637e+03
-1.99494949e-05 1.54040404e-05 5.00036703e+07 -2.91184758e+03 2.03132930e+03
-1.94444444e-05 1.54040404e-05 5.00044053e+07 -3.56049101e+03 2.42670056e+03
-1.89393939e-05 1.54040404e-05 5.00053639e+07 -4.45849399e+03 2.93943271e+03
-1.84343434e-05 1.54040404e-05 5.00066286e+07 -5.75728464e+03 3.61332028e+03
-1.79292929e-05 1.54040404e-05 5.00082978e+07 -7.74834854e+03 4.50707441e+03
-1.74242424e-05 1.54040404e-05 5.00104313e+07 -1.10560258e+04 5.69384491e+03
-1.69191919e-05 1.54040404e-05 5.00127943e+07 -1.72050630e+04 7.28098233e+03
-1.64141414e-05 1.54040404e-05 5.00139761e+07 -3.04152805e+04 9.83490655e+03
-1.59090909e-05 1.54040404e-05 5.00107410e+07 -6.17682669e+04 1.87907580e+04
-1.54040404e-05 1.54040404e-05 5.00139888e+07 -1.18424574e+05 6.28936517e+04
-1.48989899e-05 1.54040404e-05 4.99847504e+07 -1.54184140e+05 5.15766717e+04
-1.43939394e-05 1.54040404e-05 4.99956337e+07 -2.18746407e+05 7.18880758e+04
-1.38888889e-05 1.54040404e-05 5.00154080e+07 -1.17416667e+05 1.64547981e+04
-1.33838384e-05 1.54040404e-05 5.00264731e+07 -4.64814940e+04 1.24542152e+04
-1.28787879e-05 1.54040404e-05 5.00206510e+07 -2.45330670e+04 1.03652184e+04
-1.23737374e-05 1.54040404e-05 5.00149724e+07 -1.52235204e+04 7.87741813e+03
-1.18686869e-05 1.54040404e-05 5.00110468e+07 -1.03686935e+04 5.96703663e+03
-1.13636364e-05 1.54040404e-05 5.00083964e+07 -7.51337799e+03 4.60399720e+03
-1.08585859e-05 1.54040404e-05 5.00065654e+07 -5.69425412e+03 3.63104405e+03
-1.03535354e-05 1.54040404e-05 5.00052620e+07 -4.46591660e+03 2.92347634e+03
-9.84848485e-06 1.54040404e-05 5.00043077e+07 -3.59869192e+03 2.39728109e+03
-9.34343434e-06 1.54040404e-05 5.00035914e+07 -2.96437747e+03 1.99737566e+03
-8.83838384e-06 1.54040404e-05 5.00030422e+07 -2.48690100e+03 1.68737579e+03
-8.33333333e-06 1.54040404e-05 5.00026135e+07 -2.11886207e+03 1.44281579e+03
-7.82828283e-06 1.54040404e-05 5.00022740e+07 -1.82952129e+03 1.24690755e+03
-7.32323232e-06 1.54040404e-05 5.00020020e+07 -1.59827468e+03 1.08790421e+03
-6.81818182e-06 1.54040404e-05 5.00017822e+07 -1.41093122e+03 9.57444924e+02
-6.31313131e-06 1.54040404e-05 5.00016038e+07 -1.25750217e+03 8.49501482e+02
-5.80808081e-06 1.54040404e-05 5.00014590e+07 -1.13084500e+03 7.59701850e+02
-5.30303030e-06 1.54040404e-05 5.00013422e+07 -1.02581199e+03 6.84899475e+02
-4.79797980e-06 1.54040404e-05 5.00012498e+07 -9.38711058e+02 6.22915533e+02
-4.29292929e-06 1.54040404e-05 5.00011793e+07 -8.66972049e+02 5.72423483e+02
-3.78787879e-06 1.54040404e-05 5.00011299e+07 -8.08962045e+02 5.32987166e+02
-3.28282828e-06 1.54040404e-05 5.00011022e+07 -7.63927089e+02 5.05329517e+02
-2.77777778e-06 1.54040404e-05 5.00010991e+07 -7.32062911e+02 4.92056518e+02
-2.27272727e-06 1.54040404e-05 5.00011261e+07 -7.14722064e+02 4.99469219e+02
-1.76767677e-06 1.54040404e-05 5.00011935e+07 -7.14621536e+02 5.42426939e+02
-1.26262626e-06 1.54040404e-05 5.00013176e+07 -7.34630835e+02 6.59396370e+02
-7.57575758e-07 1.54040404e-05 5.00015072e+07 -7.62073797e+02 9.69627355e+02
-2.52525253e-07 1.54040404e-05 5.00015453e+07 -5.82968009e+02 1.94218108e+03
2.52525253e-07 1.54040404e-05 4.99983455e+07 2.36863690e+03 4.04731017e+03
7.57575758e-07 1.54040404e-05 4.99946059e+07 4.44033599e+02 2.60187109e+03
1.26262626e-06 1.54040404e-05 4.99976632e+07 2.90266293e+02 3.27175200e+02
1.76767677e-06 1.54040404e-05 4.99986583e+07 1.50462545e+02 -2.35119083e+02
2.27272727e-06 1.54040404e-05 4.99991510e+07 -9.45223617e+00 -4.49129622e+02
2.77777778e-06 1.54040404e-05 4.99995253e+07 -2.01838959e+02 -5.74155511e+02
3.28282828e-06 1.54040404e-05 4.99998737e+07 -4.07217998e+02 -6.04306893e+02
3.78787879e-06 1.54040404e-05 5.00001577e+07 -4.99056394e+02 -4.86650391e+02
4.29292929e-06 1.54040404e-05 5.00003430e+07 -3.48150186e+02 -3.36596987e+02
4.79797980e-06 1.54040404e-05 5.00005255e+07 -1.68279264e+02 -3.10719671e+02
5.30303030e-06 1.54040404e-05 5.00006661e+07 -1.37803744e+02 -2.97167841e+02
5.80808081e-06 1.54040404e-05 5.00007033e+07 -1.67542819e+02 -2.37200082e+02
6.31313131e-06 1.54040404e-05 5.00006719e+07 -1.91413698e+02 -1.64289953e+02
6.81818182e-06 1.54040404e-05 5.00006149e+07 -1.99868504e+02 -1.01239544e+02
7.32323232e-06 1.54040404e-05 5.00005542e+07 -1.97931517e+02 -5.28994638e+01
7.82828283e-06 1.54040404e-05 5.00004982e+07 -1.90610444e+02 -1.74366135e+01
8.33333333e-06 1.54040404e-05 5.00004491e+07 -1.80942102e+02 8.19452113e+00
8.83838384e-06 1.54040404e-05 5.00004068e+07 -1.70529781e+02 2.66407053e+01
9.34343434e-06 1.54040404e-05 5.00003705e+07 -1.60159055e+02 3.98899707e+01
9.84848485e-06 1.54040404e-05 5.00003392e+07 -1.50182568e+02 4.93686347e+01
1.03535354e-05 1.54040404e-05 5.00003122e+07 -1.40731277e+02 5.60899784e+01
1.08585859e-05 1.54040404e-05 5.00002886e+07 -1.31826283e+02 6.07785200e+01
1.13636364e-05 1.54040404e-05 5.00002679e+07 -1.23437734e+02 6.39601462e+01
1.18686869e-05 1.54040404e-05 5.00002496e+07 -1.15516101e+02 6.60242202e+01
1.23737374e-05 1.54040404e-05 5.00002334e+07 -1.08008972e+02 6.72654778e+01
1.28787879e-05 1.54040404e-05 5.00002188e+07 -1.00870115e+02 6.79119650e+01
1.33838384e-05 1.54040404e-05 5.00002058e+07 -9.40642579e+01 6.81434574e+01
1.38888889e-05 1.54040404e-05 5.00001940e+07 -8.75693206e+01 6.81034038e+01
1.43939394e-05 1.54040404e-05 5.00001835e+07 -8.13769602e+01 6.79064817e+01
1.48989899e-05 1.54040404e-05 5.00001739e+07 -7.54918703e+01 6.76432319e+01
1.54040404e-05 1.54040404e-05 5.00001653e+07 -6.99300659e+01 6.73828384e+01
1.59090909e-05 1.54040404e-05 5.00001576e+07 -6.47163392e+01 6.71748545e+01
1.64141414e-05 1.54040404e-05 5.00001506e+07 -5.98810750e+01 6.70504844e+01
1.69191919e-05 1.54040404e-05 5.00001444e+07 -5.54566630e+01 6.70238715e+01
1.74242424e-05 1.54040404e-05 5.00001387e+07 -5.14737874e+01 6.70936982e+01
1.79292929e-05 1.54040404e-05 5.00001337e+07 -4.79579023e+01 6.72452629e+01
1.84343434e-05 1.54040404e-05 5.00001292e+07 -4.49261955e+01 6.74530663e+01
1.89393939e-05 1.54040404e-05 5.00001251e+07 -4.23853006e+01 6.76838191e+01
1.94444444e-05 1.54040404e-05 5.00001213e+07 -4.03299382e+01 6.78996972e+01
1.99494949e-05 1.54040404e-05 5.00001179e+07 -3.87425682e+01 6.80616119e+01
2.04545455e-05 1.54040404e-05 5.00001147e+07 -3.75940251e+01 6.81322517e+01
2.09595960e-05 1.54040404e-05 5.00001117e+07 -3.68450079e+01 6.80786768e+01
2.14646465e-05 1.54040404e-05 5.00001087e+07 -3.64482199e+01 6.78743003e+01
2.19696970e-05 1.54040404e-05 5.00001059e+07 -3.63509102e+01 6.75001662e+01
2.24747475e-05 1.54040404e-05 5.00001031e+07 -3.64975558e+01 6.69455096e+01
2.29797980e-05 1.54040404e-05 5.00001004e+07 -3.68324485e+01 6.62076565e+01
2.34848485e-05 1.54040404e-05 5.00000976e+07 -3.73019944e+01 6.52913730e+01
2.39898990e-05 1.54040404e-05 5.00000948e+07 -3.78565908e+01 6.42078075e+01
2.44949495e-05 1.54040404e-05 5.00000920e+07 -3.84520130e+01 6.29731799e+01
2.50000000e-05 1.54040404e-05 5.00000892e+07 -3.90502940e+01 6.16073638e+01
-2.50000000e-05 1.59090909e-05 5.00010382e+07 -8.21931726e+02 5.94622021e+02
-2.44949495e-05 1.59090909e-05 5.00011466e+07 -9.11561756e+02 6.57138007e+02
-2.39898990e-05 1.59090909e-05 5.00012730e+07 -1.01646695e+03 7.29798509e+02
-2.34848485e-05 1.59090909e-05 5.00014216e+07 -1.14032859e+03 8.14920500e+02
-2.29797980e-05 1.59090909e-05 5.00015977e+07 -1.28800908e+03 9.15514456e+02
-2.24747475e-05 1.59090909e-05 5.00018087e+07 -1.46603617e+03 1.03554430e+03
-2.19696970e-05 1.59090909e-05 5.00020640e+07 -1.68333418e+03 1.18030581e+03
-2.14646465e-05 1.59090909e-05 5.00023769e+07 -1.95235687e+03 1.35698759e+03
-2.09595960e-05 1.59090909e-05 5.00027657e+07 -2.29089347e+03 1.57551858e+03
-2.04545455e-05 1.59090909e-05 5.00032566e+07 -2.72504347e+03 1.84987385e+03
-1.99494949e-05 1.59090909e-05 5.00038877e+07 -3.29430458e+03 2.20012480e+03
-1.94444444e-05 1.59090909e-05 5.00047163e+07 -4.06066424e+03 2.65570919e+03
-1.89393939e-05 1.59090909e-05 5.00058314e+07 -5.12570937e+03 3.26067953e+03
-1.84343434e-05 1.59090909e-05 5.00073755e+07 -6.66490795e+03 4.08195484e+03
-1.79292929e-05 1.59090909e-05 5.00095847e+07 -9.00188691e+03 5.22093924e+03
-1.74242424e-05 1.59090909e-05 5.00128608e+07 -1.27868397e+04 6.82184241e+03
-1.69191919e-05 1.59090909e-05 5.00178632e+07 -1.94936749e+04 9.02430208e+03
-1.64141414e-05 1.59090909e-05 5.00252463e+07 -3.31908560e+04 1.15182052e+04
-1.59090909e-05 1.59090909e-05 5.00302482e+07 -7.02845792e+04 1.09995536e+04
-1.54040404e-05 1.59090909e-05 4.99971007e+07 -2.12069313e+05 3.31938127e+04
-1.48989899e-05 1.59090909e-05 5.61440369e+07 -9.12560598e+06 2.06943200e+06
-1.43939394e-05 1.59090909e-05 5.00315036e+07 -1.24740317e+05 1.04858848e+05
-1.38888889e-05 1.59090909e-05 5.00074370e+07 -8.01399086e+04 3.45129517e+04
-1.33838384e-05 1.59090909e-05 5.00097926e+07 -4.12211059e+04 1.23469140e+04
-1.28787879e-05 1.59090909e-05 5.00114518e+07 -2.20378087e+04 7.59269160e+03
-1.23737374e-05 1.59090909e-05 5.00103493e+07 -1.33611918e+04 5.83300501e+03
-1.18686869e-05 1.59090909e-05 5.00085954e+07 -8.99073525e+03 4.65917523e+03
-1.13636364e-05 1.59090909e-05 5.00069973e+07 -6.50562850e+03 3.76209683e+03
-1.08585859e-05 1.59090909e-05 5.00057111e+07 -4.95190924e+03 3.06957298e+03
-1.03535354e-05 1.59090909e-05 5.00047099e+07 -3.91045784e+03 2.53399135e+03
-9.84848485e-06 1.59090909e-05 5.00039339e+07 -3.17548336e+03 2.11687717e+03
-9.34343434e-06 1.59090909e-05 5.00033285e+07 -2.63609388e+03 1.78855233e+03
-8.83838384e-06 1.59090909e-05 5.00028516e+07 -2.22794710e+03 1.52695316e+03
-8.33333333e-06 1.59090909e-05 5.00024721e+07 -1.91146451e+03 1.31591274e+03
-7.82828283e-06 1.59090909e-05 5.00021672e+07 -1.66114427e+03 1.14359740e+03
-7.32323232e-06 1.59090909e-05 5.00019205e+07 -1.45993465e+03 1.00129292e+03
-6.81818182e-06 1.59090909e-05 5.00017198e+07 -1.29609501e+03 8.82520171e+02
-6.31313131e-06 1.59090909e-05 5.00015564e+07 -1.16136072e+03 7.82406132e+02
-5.80808081e-06 1.59090909e-05 5.00014241e+07 -1.04983167e+03 6.97238890e+02
-5.30303030e-06 1.59090909e-05 5.00013182e+07 -9.57284775e+02 6.24150495e+02
-4.79797980e-06 1.59090909e-05 5.00012360e+07 -8.80751774e+02 5.60886294e+02
-4.29292929e-06 1.59090909e-05 5.00011763e+07 -8.18280695e+02 5.05629176e+02
-3.78787879e-06 1.59090909e-05 5.00011393e+07 -7.68849984e+02 4.56850352e+02
-3.28282828e-06 1.59090909e-05 5.00011278e+07 -7.32452871e+02 4.13149771e+02
-2.77777778e-06 1.59090909e-05 5.00011479e+07 -7.10445385e+02 3.73011514e+02
-2.27272727e-06 1.59090909e-05 5.00012124e+07 -7.06424194e+02 3.34266575e+02
-1.76767677e-06 1.59090909e-05 5.00013478e+07 -7.28386958e+02 2.92548138e+02
-1.26262626e-06 1.59090909e-05 5.00016157e+07 -7.94543951e+02 2.35701683e+02
-7.57575758e-07 1.59090909e-05 5.00021865e+07 -9.51399094e+02 1.17046477e+02
-2.52525253e-07 1.59090909e-05 5.00037059e+07 -1.33376988e+03 -3.43157824e+02
2.52525253e-07 1.59090909e-05 5.00091952e+07 -1.17655802e+03 -4.80059279e+03
7.57575758e-07 1.59090909e-05 5.00081205e+07 3.57124821e+03 1.55974648e+04
1.26262626e-06 1.59090909e-05 5.00337615e+07 -8.07233657e+03 1.34589354e+03
1.76767677e-06 1.59090909e-05 5.00001114e+07 5.68250216e+03 -2.03872050e+03
2.27272727e-06 1.59090909e-05 4.99979897e+07 1.64213085e+03 -2.34587236e+02
2.77777778e-06 1.59090909e-05 4.99990864e+07 1.74746008e+02 -7.02526526e+02
3.28282828e-06 1.59090909e-05 4.99997627e+07 -3.74186410e+02 -1.03319005e+03
3.78787879e-06 1.59090909e-05 5.00003521e+07 -7.55890737e+02 -9.72904970e+02
4.29292929e-06 1.59090909e-05 5.00006929e+07 -4.79300581e+02 -6.04875112e+02
4.79797980e-06 1.59090909e-05 5.00010348e+07 -1.77675831e+02 -5.77869529e+02
5.30303030e-06 1.59090909e-05 5.00011192e+07 -2.36597314e+02 -4.43049311e+02
5.80808081e-06 1.59090909e-05 5.00009997e+07 -2.77869914e+02 -2.73018223e+02
6.31313131e-06 1.59090909e-05 5.00008500e+07 -2.77574453e+02 -1.50663841e+02
6.81818182e-06 1.59090909e-05 5.00007213e+07 -2.60771546e+02 -7.18967120e+01
7.32323232e-06 1.59090909e-05 5.00006190e+07 -2.39923099e+02 -2.16466321e+01
7.82828283e-06 1.59090909e-05 5.00005386e+07 -2.19545482e+02 1.09180396e+01
8.33333333e-06 1.59090909e-05 5.00004749e+07 -2.00998574e+02 3.24141888e+01
8.83838384e-06 1.59090909e-05 5.00004235e+07 -1.84503724e+02 4.68017372e+01
9.34343434e-06 1.59090909e-05 5.00003814e+07 -1.69902276e+02 5.64903581e+01
9.84848485e-06 1.59090909e-05 5.00003464e+07 -1.56933589e+02 6.29879799e+01
1.03535354e-05 1.59090909e-05 5.00003169e+07 -1.45334053e+02 6.72682382e+01
1.08585859e-05 1.59090909e-05 5.00002916e+07 -1.34869373e+02 6.99803501e+01
1.13636364e-05 1.59090909e-05 5.00002697e+07 -1.25342282e+02 7.15714961e+01
1.18686869e-05 1.59090909e-05 5.00002506e+07 -1.16591687e+02 7.23598494e+01
1.23737374e-05 1.59090909e-05 5.00002338e+07 -1.08489282e+02 7.25790607e+01
1.28787879e-05 1.59090909e-05 5.00002188e+07 -1.00935782e+02 7.24057613e+01
1.33838384e-05 1.59090909e-05 5.00002055e+07 -9.38574321e+01 7.19766806e+01
1.38888889e-05 1.59090909e-05 5.00001936e+07 -8.72028297e+01 7.13992620e+01
1.43939394e-05 1.59090909e-05 5.00001828e+07 -8.09399482e+01 7.07581507e+01
1.48989899e-05 1.59090909e-05 5.00001732e+07 -7.50531782e+01 7.01190687e+01
1.54040404e-05 1.59090909e-05 5.00001645e+07 -6.95402645e+01 6.95310969e+01
1.59090909e-05 1.59090909e-05 5.00001567e+07 -6.44090740e+01 6.90280758e+01
1.64141414e-05 1.59090909e-05 5.00001497e+07 -5.96742127e+01 6.86296375e+01
1.69191919e-05 1.59090909e-05 5.00001433e+07 -5.53535797e+01 6.83422314e+01
1.74242424e-05 1.59090909e-05 5.00001376e+07 -5.14650100e+01 6.81603830e+01
1.79292929e-05 1.59090909e-05 5.00001325e+07 -4.80231900e+01 6.80683104e+01
1.84343434e-05 1.59090909e-05 5.00001279e+07 -4.50370371e+01 6.80419236e+01
1.89393939e-05 1.59090909e-05 5.00001237e+07 -4.25077125e+01 6.80511455e+01
1.94444444e-05 1.59090909e-05 5.00001199e+07 -4.04273842e+01 6.80624248e+01
1.99494949e-05 1.59090909e-05 5.00001163e+07 -3.87787923e+01 6.80412735e+01
2.04545455e-05 1.59090909e-05 5.00001131e+07 -3.75355912e+01 6.79546485e+01
2.09595960e-05 1.59090909e-05 5.00001100e+07 -3.66633763e+01 6.77730116e+01
2.14646465e-05 1.59090909e-05 5.00001070e+07 -3.61212438e+01 6.74719420e+01
2.19696970e-05 1.59090909e-05 5.00001042e+07 -3.58637017e+01 6.70332224e+01
2.24747475e-05 1.59090909e-05 5.00001014e+07 -3.58427363e+01 6.64453792e+01
2.29797980e-05 1.59090909e-05 5.00000987e+07 -3.60098517e+01 6.57037073e+01
2.34848485e-05 1.59090909e-05 5.00000960e+07 -3.63179311e+01 6.48098519e+01
2.39898990e-05 1.59090909e-05 5.00000933e+07 -3.67228051e+01 6.37710471e+01
2.44949495e-05 1.59090909e-05 5.00000906e+07 -3.71844619e+01 6.25991260e+01
2.50000000e-05 1.59090909e-05 5.00000879e+07 -3.76678729e+01 6.13094106e+01
-2.50000000e-05 1.64141414e-05 5.00010246e+07 -8.79490105e+02 5.90660340e+02
-2.44949495e-05 1.64141414e-05 5.00011289e+07 -9.78048131e+02 6.50878309e+02
-2.39898990e-05 1.64141414e-05 5.00012499e+07 -1.09380965e+03 7.20358607e+02
-2.34848485e-05 1.64141414e-05 5.00013911e+07 -1.23099452e+03 8.01042936e+02
-2.29797980e-05 1.64141414e-05 5.00015572e+07 -1.39518867e+03 8.95381140e+02
-2.24747475e-05 1.64141414e-05 5.00017543e+07 -1.59390346e+03 1.00648414e+03
-2.19696970e-05 1.64141414e-05 5.00019902e+07 -1.83741683e+03 1.13832324e+03
-2.14646465e-05 1.64141414e-05 5.00022753e+07 -2.14006784e+03 1.29598311e+03
-2.09595960e-05 1.64141414e-05 5.00026236e+07 -2.52230027e+03 1.48596443e+03
-2.04545455e-05 1.64141414e-05 5.00030540e+07 -3.01398210e+03 1.71649348e+03
-1.99494949e-05 1.64141414e-05 5.00035929e+07 -3.65997072e+03 1.99768502e+03
-1.94444444e-05 1.64141414e-05 5.00042764e+07 -4.52978155e+03 2.34109138e+03
-1.89393939e-05 1.64141414e-05 5.00051559e+07 -5.73507329e+03 2.75728642e+03
-1.84343434e-05 1.64141414e-05 5.00063026e+07 -7.46275155e+03 3.24756031e+03
-1.79292929e-05 1.64141414e-05 5.00078150e+07 -1.00410872e+04 3.77793785e+03
-1.74242424e-05 1.64141414e-05 5.00098214e+07 -1.40808488e+04 4.19792630e+03
-1.69191919e-05 1.64141414e-05 5.00124689e+07 -2.08067705e+04 3.97239017e+03
-1.64141414e-05 1.64141414e-05 5.00159072e+07 -3.29905932e+04 1.18728428e+03
-1.59090909e-05 1.64141414e-05 5.00208791e+07 -5.90955239e+04 -1.22520903e+04
-1.54040404e-05 1.64141414e-05 5.00384833e+07 -1.95338358e+05 -1.19269569e+05
-1.48989899e-05 1.64141414e-05 5.00694168e+07 3.73338755e+04 1.85834442e+05
-1.43939394e-05 1.64141414e-05 4.99980434e+07 -4.33167636e+04 6.43776746e+04
-1.38888889e-05 1.64141414e-05 4.99919310e+07 -4.48689879e+04 2.61447716e+04
-1.33838384e-05 1.64141414e-05 4.99954854e+07 -3.14233666e+04 9.37950750e+03
-1.28787879e-05 1.64141414e-05 5.00003139e+07 -1.95996705e+04 4.16815109e+03
-1.23737374e-05 1.64141414e-05 5.00030146e+07 -1.24290549e+04 2.85633305e+03
-1.18686869e-05 1.64141414e-05 5.00039791e+07 -8.37354465e+03 2.45841458e+03
-1.13636364e-05 1.64141414e-05 5.00040689e+07 -6.00483727e+03 2.21344437e+03
-1.08585859e-05 1.64141414e-05 5.00038037e+07 -4.53481864e+03 1.98405427e+03
-1.03535354e-05 1.64141414e-05 5.00034284e+07 -3.56507220e+03 1.76255398e+03
-9.84848485e-06 1.64141414e-05 5.00030462e+07 -2.89075091e+03 1.55743709e+03
-9.34343434e-06 1.64141414e-05 5.00026963e+07 -2.40126413e+03 1.37375922e+03
-8.83838384e-06 1.64141414e-05 5.00023901e+07 -2.03348792e+03 1.21245340e+03
-8.33333333e-06 1.64141414e-05 5.00021278e+07 -1.74942701e+03 1.07212440e+03
-7.82828283e-06 1.64141414e-05 5.00019054e+07 -1.52510866e+03 9.50404403e+02
-7.32323232e-06 1.64141414e-05 5.00017181e+07 -1.34478767e+03 8.44691385e+02
-6.81818182e-06 1.64141414e-05 5.00015613e+07 -1.19777373e+03 7.52487942e+02
-6.31313131e-06 1.64141414e-05 5.00014309e+07 -1.07661629e+03 6.71521815e+02
-5.80808081e-06 1.64141414e-05 5.00013238e+07 -9.76025807e+02 5.99753794e+02
-5.30303030e-06 1.64141414e-05 5.00012377e+07 -8.92213679e+02 5.35324854e+02
-4.79797980e-06 1.64141414e-05 5.00011712e+07 -8.22481959e+02 4.76460320e+02
-4.29292929e-06 1.64141414e-05 5.00011242e+07 -7.64969877e+02 4.21323242e+02
-3.78787879e-06 1.64141414e-05 5.00010975e+07 -7.18503178e+02 3.67779258e+02
-3.28282828e-06 1.64141414e-05 5.00010940e+07 -6.82506263e+02 3.12981770e+02
-2.77777778e-06 1.64141414e-05 5.00011191e+07 -6.56915105e+02 2.52567651e+02
-2.27272727e-06 1.64141414e-05 5.00011823e+07 -6.41898495e+02 1.78967571e+02
-1.76767677e-06 1.64141414e-05 5.00012998e+07 -6.36640788e+02 7.76464858e+01
-1.26262626e-06 1.64141414e-05 5.00014942e+07 -6.34101896e+02 -8.11500718e+01
-7.57575758e-07 1.64141414e-05 5.00017700e+07 -5.99858675e+02 -3.53705537e+02
-2.52525253e-07 1.64141414e-05 5.00019055e+07 -4.35941140e+02 -7.45521309e+02
2.52525253e-07 1.64141414e-05 5.00012073e+07 -8.08401341e+02 -7.64872948e+02
7.57575758e-07 1.64141414e-05 5.00002306e+07 -7.41396045e+02 -1.41442906e+03
1.26262626e-06 1.64141414e-05 4.99987820e+07 1.29756055e+03 -1.12478708e+03
1.76767677e-06 1.64141414e-05 5.00011005e+07 5.15591710e+03 -2.51126345e+03
2.27272727e-06 1.64141414e-05 5.00270905e+07 -5.30177272e+03 3.83572621e+03
2.77777778e-06 1.64141414e-05 5.00141592e+07 -1.33024397e+02 1.66759029e+04
3.28282828e-06 1.64141414e-05 5.00036645e+07 4.00424957e+03 -3.59215783e+03
3.78787879e-06 1.64141414e-05 5.00005725e+07 6.50671374e+02 -3.19600737e+03
4.29292929e-06 1.64141414e-05 5.00015478e+07 -3.73414759e+02 -1.18956477e+03
4.79797980e-06 1.64141414e-05 5.00023645e+07 -4.84749563e+02 -9.31288956e+02
5.30303030e-06 1.64141414e-05 5.00017123e+07 -5.20800570e+02 -3.74087491e+02
5.80808081e-06 1.64141414e-05 5.00012456e+07 -4.41032318e+02 -1.39519567e+02
6.31313131e-06 1.64141414e-05 5.00009572e+07 -3.68733400e+02 -3.50692663e+01
6.81818182e-06 1.64141414e-05 5.00007703e+07 -3.13646555e+02 1.68872105e+01
7.32323232e-06 1.64141414e-05 5.00006416e+07 -2.71907504e+02 4.50071887e+01
7.82828283e-06 1.64141414e-05 5.00005486e+07 -2.39549525e+02 6.10918631e+01
8.33333333e-06 1.64141414e-05 5.00004784e+07 -2.13781416e+02 7.05610466e+01
8.83838384e-06 1.64141414e-05 5.00004237e+07 -1.92737083e+02 7.61412727e+01
9.34343434e-06 1.64141414e-05 5.00003799e+07 -1.75159850e+02 7.93109396e+01
9.84848485e-06 1.64141414e-05 5.00003440e+07 -1.60184484e+02 8.09238159e+01
1.03535354e-05 1.64141414e-05 5.00003140e+07 -1.47200307e+02 8.15008661e+01
1.08585859e-05 1.64141414e-05 5.00002885e+07 -1.35766332e+02 8.13764259e+01
1.13636364e-05 1.64141414e-05 5.00002666e+07 -1.25558116e+02 8.07756309e+01
1.18686869e-05 1.64141414e-05 5.00002475e+07 -1.16333891e+02 7.98573000e+01
1.23737374e-05 1.64141414e-05 5.00002308e+07 -1.07912519e+02 7.87384800e+01
1.28787879e-05 1.64141414e-05 5.00002160e+07 -1.00158773e+02 7.75087642e+01
1.33838384e-05 1.64141414e-05 5.00002028e+07 -9.29732116e+01 7.62386652e+01
1.38888889e-05 1.64141414e-05 5.00001910e+07 -8.62848909e+01 7.49844168e+01
1.43939394e-05 1.64141414e-05 5.00001805e+07 -8.00458155e+01 7.37905942e+01
1.48989899e-05 1.64141414e-05 5.00001709e+07 -7.42264117e+01 7.26914239e+01
1.54040404e-05 1.64141414e-05 5.00001624e+07 -6.88115768e+01 7.17113573e+01
1.59090909e-05 1.64141414e-05 5.00001546e+07 -6.37970432e+01 7.08653156e+01
1.64141414e-05 1.64141414e-05 5.00001477e+07 -5.91859363e+01 7.01588975e+01
1.69191919e-05 1.64141414e-05 5.00001414e+07 -5.49855069e+01 6.95887547e+01
1.74242424e-05 1.64141414e-05 5.00001357e+07 -5.12040905e+01 6.91432664e+01
1.79292929e-05 1.64141414e-05 5.00001306e+07 -4.78483919e+01 6.88035712e+01
1.84343434e-05 1.64141414e-05 5.00001260e+07 -4.49212065e+01 6.85449525e+01
1.89393939e-05 1.64141414e-05 5.00001218e+07 -4.24196831e+01 6.83385129e+01
1.94444444e-05 1.64141414e-05 5.00001179e+07 -4.03342012e+01 6.81530328e+01
1.99494949e-05 1.64141414e-05 5.00001144e+07 -3.86478925e+01 6.79568789e+01
2.04545455e-05 1.64141414e-05 5.00001111e+07 -3.73367849e+01 6.77198244e+01
2.09595960e-05 1.64141414e-05 5.00001080e+07 -3.63704964e+01 6.74146496e+01
2.14646465e-05 1.64141414e-05 5.00001051e+07 -3.57133706e+01 6.70184217e+01
2.19696970e-05 1.64141414e-05 5.00001022e+07 -3.53259134e+01 6.65133882e+01
2.24747475e-05 1.64141414e-05 5.00000995e+07 -3.51663874e+01 6.58874565e+01
2.29797980e-05 1.64141414e-05 5.00000968e+07 -3.51924208e+01 6.51342770e+01
2.34848485e-05 1.64141414e-05 5.00000942e+07 -3.53625103e+01 6.42529717e+01
2.39898990e-05 1.64141414e-05 5.00000916e+07 -3.56373253e+01 6.32475821e+01
2.44949495e-05 1.64141414e-05 5.00000890e+07 -3.59807510e+01 6.21263135e+01
2.50000000e-05 1.64141414e-05 5.00000864e+07 -3.63606414e+01 6.09006635e+01
-2.50000000e-05 1.69191919e-05 5.00009755e+07 -9.32377274e+02 5.58750895e+02
-2.44949495e-05 1.69191919e-05 5.00010681e+07 -1.03835977e+03 6.10522015e+02
-2.39898990e-05 1.69191919e-05 5.00011739e+07 -1.16289761e+03 6.68909198e+02
-2.34848485e-05 1.69191919e-05 5.00012953e+07 -1.31048574e+03 7.34845479e+02
-2.29797980e-05 1.69191919e-05 5.00014350e+07 -1.48702767e+03 8.09309587e+02
-2.24747475e-05 1.69191919e-05 5.00015965e+07 -1.70037960e+03 8.93226992e+02
-2.19696970e-05 1.69191919e-05 5.00017835e+07 -1.96114404e+03 9.87255796e+02
-2.14646465e-05 1.69191919e-05 5.00020003e+07 -2.28384380e+03 1.09134396e+03
-2.09595960e-05 1.69191919e-05 5.00022515e+07 -2.68868118e+03 1.20382760e+03
-2.04545455e-05 1.69191919e-05 5.00025405e+07 -3.20420073e+03 1.31959077e+03
-1.99494949e-05 1.69191919e-05 5.00028683e+07 -3.87133372e+03 1.42625588e+03
-1.94444444e-05 1.69191919e-05 5.00032275e+07 -4.74947122e+03 1.49610272e+03
-1.89393939e-05 1.69191919e-05 5.00035917e+07 -5.92514625e+03 1.46833451e+03
-1.84343434e-05 1.69191919e-05 5.00038876e+07 -7.52248541e+03 1.20839586e+03
-1.79292929e-05 1.69191919e-05 5.00039288e+07 -9.70694131e+03 4.09154853e+02
-1.74242424e-05 1.69191919e-05 5.00032429e+07 -1.26374401e+04 -1.66777988e+03
-1.69191919e-05 1.69191919e-05 5.00005854e+07 -1.61372982e+04 -6.94042281e+03
-1.64141414e-05 1.69191919e-05 4.99924751e+07 -1.77149195e+04 -2.09509416e+04
-1.59090909e-05 1.69191919e-05 4.99704101e+07 1.68898914e+03 -6.03318669e+04
-1.54040404e-05 1.69191919e-05 4.99749937e+07 1.49506517e+05 -9.75650096e+04
-1.48989899e-05 1.69191919e-05 5.00168690e+07 9.28034161e+04 6.49298681e+04
-1.43939394e-05 1.69191919e-05 4.99819747e+07 -9.68539749e+03 3.92028354e+04
-1.38888889e-05 1.69191919e-05 4.99828217e+07 -2.55963227e+04 1.86387366e+04
-1.33838384e-05 1.69191919e-05 4.99877323e+07 -2.32307724e+04 7.47519569e+03
-1.28787879e-05 1.69191919e-05 4.99930212e+07 -1.70763317e+04 2.68006279e+03
-1.23737374e-05 1.69191919e-05 4.99970338e+07 -1.18350496e+04 1.15099889e+03
-1.18686869e-05 1.69191919e-05 4.99995201e+07 -8.25533903e+03 8.41137176e+02
-1.13636364e-05 1.69191919e-05 5.00008763e+07 -5.94963716e+03 8.60289894e+02
-1.08585859e-05 1.69191919e-05 5.00015383e+07 -4.45899584e+03 9.15661276e+02
-1.03535354e-05 1.69191919e-05 5.00018103e+07 -3.46721671e+03 9.37493026e+02
-9.84848485e-06 1.69191919e-05 5.00018747e+07 -2.78272307e+03 9.22838900e+02
-9.34343434e-06 1.69191919e-05 5.00018342e+07 -2.29265915e+03 8.83085036e+02
-8.83838384e-06 1.69191919e-05 5.00017448e+07 -1.92988712e+03 8.29225385e+02
-8.33333333e-06 1.69191919e-05 5.00016367e+07 -1.65344169e+03 7.68996894e+02
-7.82828283e-06 1.69191919e-05 5.00015258e+07 -1.43754074e+03 7.07181761e+02
-7.32323232e-06 1.69191919e-05 5.00014203e+07 -1.26543362e+03 6.46458437e+02
-6.81818182e-06 1.69191919e-05 5.00013243e+07 -1.12590380e+03 5.88128277e+02
-6.31313131e-06 1.69191919e-05 5.00012396e+07 -1.01123191e+03 5.32613374e+02
-5.80808081e-06 1.69191919e-05 5.00011671e+07 -9.15974986e+02 4.79760315e+02
-5.30303030e-06 1.69191919e-05 5.00011071e+07 -8.36210782e+02 4.28999798e+02
-4.79797980e-06 1.69191919e-05 5.00010601e+07 -7.69049143e+02 3.79396357e+02
-4.29292929e-06 1.69191919e-05 5.00010265e+07 -7.12290589e+02 3.29601081e+02
-3.78787879e-06 1.69191919e-05 5.00010074e+07 -6.64144286e+02 2.77698038e+02
-3.28282828e-06 1.69191919e-05 5.00010043e+07 -6.22911923e+02 2.20913858e+02
-2.77777778e-06 1.69191919e-05 5.00010190e+07 -5.86487482e+02 1.55155865e+02
-2.27272727e-06 1.69191919e-05 5.00010527e+07 -5.51386233e+02 7.44496525e+01
-1.76767677e-06 1.69191919e-05 5.00011025e+07 -5.10860199e+02 -2.90144025e+01
-1.26262626e-06 1.69191919e-05 5.00011498e+07 -4.52609310e+02 -1.60693188e+02
-7.57575758e-07 1.69191919e-05 5.00011331e+07 -3.67071382e+02 -3.03412763e+02
-2.52525253e-07 1.69191919e-05 5.00009425e+07 -3.25135482e+02 -3.82176104e+02
2.52525253e-07 1.69191919e-05 5.00006439e+07 -5.57431854e+02 -4.43455117e+02
7.57575758e-07 1.69191919e-05 5.00003445e+07 -7.14023045e+02 -7.31089595e+02
1.26262626e-06 1.69191919e-05 4.99998901e+07 -4.53782502e+02 -8.64036651e+02
1.76767677e-06 1.69191919e-05 4.99994307e+07 -1.56510782e+02 -7.49818655e+02
2.27272727e-06 1.69191919e-05 4.99988752e+07 5.44540365e+01 -4.20829878e+02
2.77777778e-06 1.69191919e-05 4.99974451e+07 4.91958743e+02 5.68116456e+02
3.28282828e-06 1.69191919e-05 4.99937016e+07 3.52042318e+03 1.79183016e+03
3.78787879e-06 1.69191919e-05 5.00370802e+07 1.44261128e+03 -2.45895404e+04
4.29292929e-06 1.69191919e-05 5.00098190e+07 -3.75840469e+03 2.79613262e+03
4.79797980e-06 1.69191919e-05 5.00030257e+07 -1.19297782e+03 5.52220520e+02
5.30303030e-06 1.69191919e-05 5.00017097e+07 -7.01821494e+02 3.04366845e+02
5.80808081e-06 1.69191919e-05 5.00011805e+07 -5.01860490e+02 2.17795104e+02
6.31313131e-06 1.69191919e-05 5.00008984e+07 -3.93131404e+02 1.75686827e+02
6.81818182e-06 1.69191919e-05 5.00007239e+07 -3.24379786e+02 1.51493307e+02
7.32323232e-06 1.69191919e-05 5.00006058e+07 -2.76664511e+02 1.35984935e+02
7.82828283e-06 1.69191919e-05 5.00005204e+07 -2.41376793e+02 1.25189852e+02
8.33333333e-06 1.69191919e-05 5.00004560e+07 -2.14041711e+02 1.17160445e+02
8.83838384e-06 1.69191919e-05 5.00004055e+07 -1.92101730e+02 1.10852858e+02
9.34343434e-06 1.69191919e-05 5.00003648e+07 -1.73987625e+02 1.05670625e+02
9.84848485e-06 1.69191919e-05 5.00003313e+07 -1.58681936e+02 1.01256707e+02
1.03535354e-05 1.69191919e-05 5.00003032e+07 -1.45495439e+02 9.73904279e+01
1.08585859e-05 1.69191919e-05 5.00002792e+07 -1.33944784e+02 9.39328939e+01
1.13636364e-05 1.69191919e-05 5.00002585e+07 -1.23681834e+02 9.07964029e+01
1.18686869e-05 1.69191919e-05 5.00002404e+07 -1.14451045e+02 8.79263811e+01
1.23737374e-05 1.69191919e-05 5.00002245e+07 -1.06062761e+02 8.52901383e+01
1.28787879e-05 1.69191919e-05 5.00002104e+07 -9.83758844e+01 8.28694628e+01
1.33838384e-05 1.69191919e-05 5.00001978e+07 -9.12862096e+01 8.06554460e+01
1.38888889e-05 1.69191919e-05 5.00001865e+07 -8.47182183e+01 7.86446516e+01
1.43939394e-05 1.69191919e-05 5.00001764e+07 -7.86190093e+01 7.68361478e+01
1.48989899e-05 1.69191919e-05 5.00001672e+07 -7.29535251e+01 7.52291478e+01
1.54040404e-05 1.69191919e-05 5.00001589e+07 -6.77005658e+01 7.38211455e+01
1.59090909e-05 1.69191919e-05 5.00001514e+07 -6.28492851e+01 7.26065023e+01
1.64141414e-05 1.69191919e-05 5.00001447e+07 -5.83960081e+01 7.15754853e+01
1.69191919e-05 1.69191919e-05 5.00001386e+07 -5.43413114e+01 7.07137624e+01
1.74242424e-05 1.69191919e-05 5.00001330e+07 -5.06873724e+01 7.00023543e+01
1.79292929e-05 1.69191919e-05 5.00001280e+07 -4.74356393e+01 6.94180207e+01
1.84343434e-05 1.69191919e-05 5.00001235e+07 -4.45848886e+01 6.89340291e+01
1.89393939e-05 1.69191919e-05 5.00001193e+07 -4.21297351e+01 6.85212298e+01
1.94444444e-05 1.69191919e-05 5.00001155e+07 -4.00596421e+01 6.81493326e+01
1.99494949e-05 1.69191919e-05 5.00001120e+07 -3.83584479e+01 6.77882739e+01
2.04545455e-05 1.69191919e-05 5.00001087e+07 -3.70043898e+01 6.74095541e+01
2.09595960e-05 1.69191919e-05 5.00001057e+07 -3.59705717e+01 6.69874428e+01
2.14646465e-05 1.69191919e-05 5.00001028e+07 -3.52257942e+01 6.64999616e+01
2.19696970e-05 1.69191919e-05 5.00001000e+07 -3.47356414e+01 6.59295905e+01
2.24747475e-05 1.69191919e-05 5.00000973e+07 -3.44637163e+01 6.52636669e+01
2.29797980e-05 1.69191919e-05 5.00000947e+07 -3.43729143e+01 6.44944807e+01
2.34848485e-05 1.69191919e-05 5.00000922e+07 -3.44266389e+01 6.36190927e+01
2.39898990e-05 1.69191919e-05 5.00000897e+07 -3.45898833e+01 6.26389240e+01
2.44949495e-05 1.69191919e-05 5.00000872e+07 -3.48301237e+01 6.15591733e+01
2.50000000e-05 1.69191919e-05 5.00000847e+07 -3.51179939e+01 6.03881253e+01
-2.50000000e-05 1.74242424e-05 5.00008949e+07 -9.75320042e+02 4.99793602e+02
-2.44949495e-05 1.74242424e-05 5.00009697e+07 -1.08579815e+03 5.37489795e+02
-2.39898990e-05 1.74242424e-05 5.00010528e+07 -1.21513166e+03 5.77672151e+02
-2.34848485e-05 1.74242424e-05 5.00011447e+07 -1.36763760e+03 6.19795407e+02
-2.29797980e-05 1.74242424e-05 5.00012459e+07 -1.54885374e+03 6.62728144e+02
-2.24747475e-05 1.74242424e-05 5.00013562e+07 -1.76593083e+03 7.04337625e+02
-2.19696970e-05 1.74242424e-05 5.00014747e+07 -2.02814880e+03 7.40777655e+02
-2.14646465e-05 1.74242424e-05 5.00015984e+07 -2.34757418e+03 7.65248426e+02
-2.09595960e-05 1.74242424e-05 5.00017206e+07 -2.73983621e+03 7.65797945e+02
-2.04545455e-05 1.74242424e-05 5.00018287e+07 -3.22486958e+03 7.21344114e+02
-1.99494949e-05 1.74242424e-05 5.00018979e+07 -3.82709641e+03 5.94312830e+02
-1.94444444e-05 1.74242424e-05 5.00018817e+07 -4.57346479e+03 3.16679553e+02
-1.89393939e-05 1.74242424e-05 5.00016924e+07 -5.48478129e+03 -2.37149069e+02
-1.84343434e-05 1.74242424e-05 5.00011657e+07 -6.54714989e+03 -1.30413290e+03
-1.79292929e-05 1.74242424e-05 4.99999936e+07 -7.62438235e+03 -3.34010233e+03
-1.74242424e-05 1.74242424e-05 4.99976203e+07 -8.19090181e+03 -7.22605167e+03
-1.69191919e-05 1.74242424e-05 4.99931868e+07 -6.50802820e+03 -1.45733914e+04
-1.64141414e-05 1.74242424e-05 4.99863240e+07 2.77712217e+03 -2.74149904e+04
-1.59090909e-05 1.74242424e-05 4.99827910e+07 3.22945821e+04 -4.16284855e+04
-1.54040404e-05 1.74242424e-05 5.00018461e+07 7.76358571e+04 -2.41758695e+04
-1.48989899e-05 1.74242424e-05 5.00155235e+07 5.93633515e+04 2.47278239e+04
-1.43939394e-05 1.74242424e-05 4.99981584e+07 9.39823876e+03 2.99850708e+04
-1.38888889e-05 1.74242424e-05 4.99887147e+07 -1.19225845e+04 1.76786398e+04
-1.33838384e-05 1.74242424e-05 4.99881721e+07 -1.59961042e+04 8.29063272e+03
-1.28787879e-05 1.74242424e-05 4.99908565e+07 -1.40488253e+04 3.24230609e+03
-1.23737374e-05 1.74242424e-05 4.99939992e+07 -1.08644953e+04 1.04350404e+03
-1.18686869e-05 1.74242424e-05 4.99965659e+07 -8.07682394e+03 2.94268948e+02
-1.13636364e-05 1.74242424e-05 4.99983695e+07 -6.00380601e+03 1.50780760e+02
-1.08585859e-05 1.74242424e-05 4.99995372e+07 -4.54394358e+03 2.08856193e+02
-1.03535354e-05 1.74242424e-05 5.00002542e+07 -3.52586601e+03 3.04977345e+02
-9.84848485e-06 1.74242424e-05 5.00006745e+07 -2.80796857e+03 3.84365814e+02
-9.34343434e-06 1.74242424e-05 5.00009074e+07 -2.29125730e+03 4.35133432e+02
-8.83838384e-06 1.74242424e-05 5.00010247e+07 -1.91033920e+03 4.59901398e+02
-8.33333333e-06 1.74242424e-05 5.00010722e+07 -1.62264652e+03 4.64788096e+02
-7.82828283e-06 1.74242424e-05 5.00010787e+07 -1.40033962e+03 4.55627829e+02
-7.32323232e-06 1.74242424e-05 5.00010621e+07 -1.22495030e+03 4.36964503e+02
-6.81818182e-06 1.74242424e-05 5.00010338e+07 -1.08399203e+03 4.12006420e+02
-6.31313131e-06 1.74242424e-05 5.00010008e+07 -9.68838021e+02 3.82847654e+02
-5.80808081e-06 1.74242424e-05 5.00009677e+07 -8.73383410e+02 3.50709832e+02
-5.30303030e-06 1.74242424e-05 5.00009373e+07 -7.93183299e+02 3.16129017e+02
-4.79797980e-06 1.74242424e-05 5.00009117e+07 -7.24873247e+02 2.79073435e+02
-4.29292929e-06 1.74242424e-05 5.00008920e+07 -6.65746287e+02 2.38998861e+02
-3.78787879e-06 1.74242424e-05 5.00008791e+07 -6.13395961e+02 1.94861687e+02
-3.28282828e-06 1.74242424e-05 5.00008730e+07 -5.65351856e+02 1.45140048e+02
-2.77777778e-06 1.74242424e-05 5.00008724e+07 -5.18660135e+02 8.80039821e+01
-2.27272727e-06 1.74242424e-05 5.00008727e+07 -4.69496805e+02 2.20198795e+01
-1.76767677e-06 1.74242424e-05 5.00008633e+07 -4.13522384e+02 -5.16994803e+01
-1.26262626e-06 1.74242424e-05 5.00008222e+07 -3.49880623e+02 -1.24600748e+02
-7.57575758e-07 1.74242424e-05 5.00007188e+07 -2.96031828e+02 -1.75955675e+02
-2.52525253e-07 1.74242424e-05 5.00005449e+07 -3.09283125e+02 -1.93074921e+02
2.52525253e-07 1.74242424e-05 5.00003530e+07 -4.26204935e+02 -2.36036105e+02
7.57575758e-07 1.74242424e-05 5.00001509e+07 -5.04432875e+02 -3.64249202e+02
1.26262626e-06 1.74242424e-05 4.99998696e+07 -4.07879498e+02 -4.68103031e+02
1.76767677e-06 1.74242424e-05 4.99995185e+07 -2.10656824e+02 -4.57109920e+02
2.27272727e-06 1.74242424e-05 4.99991199e+07 -5.84650226e+00 -3.47709383e+02
2.77777778e-06 1.74242424e-05 4.99986244e+07 1.77450763e+02 -1.43237088e+02
3.28282828e-06 1.74242424e-05 4.99979134e+07 2.84036521e+02 2.79542876e+02
3.78787879e-06 1.74242424e-05 4.99972709e+07 -1.52272698e+02 1.26894295e+03
4.29292929e-06 1.74242424e-05 4.99985820e+07 1.62976885e+03 1.96727063e+03
4.79797980e-06 1.74242424e-05 5.00004407e+07 1.21167761e+02 1.69863854e+03
5.30303030e-06 1.74242424e-05 5.00008143e+07 -2.93370601e+02 9.21138353e+02
5.80808081e-06 1.74242424e-05 5.00007721e+07 -3.33527631e+02 5.57096312e+02
6.31313131e-06 1.74242424e-05 5.00006765e+07 -3.09069363e+02 3.79702569e+02
6.81818182e-06 1.74242424e-05 5.00005887e+07 -2.76576661e+02 2.83203459e+02
7.32323232e-06 1.74242424e-05 5.00005164e+07 -2.46806142e+02 2.25603240e+02
7.82828283e-06 1.74242424e-05 5.00004578e+07 -2.21328578e+02 1.88602948e+02
8.33333333e-06 1.74242424e-05 5.00004100e+07 -1.99768716e+02 1.63387968e+02
8.83838384e-06 1.74242424e-05 5.00003705e+07 -1.81430393e+02 1.45341834e+02
9.34343434e-06 1.74242424e-05 5.00003374e+07 -1.65670756e+02 1.31878695e+02
9.84848485e-06 1.74242424e-05 5.00003093e+07 -1.51968061e+02 1.21469981e+02
1.03535354e-05 1.74242424e-05 5.00002852e+07 -1.39914434e+02 1.13172218e+02
1.08585859e-05 1.74242424e-05 5.00002642e+07 -1.29194172e+02 1.06382616e+02
1.13636364e-05 1.74242424e-05 5.00002458e+07 -1.19563145e+02 1.00705413e+02
1.18686869e-05 1.74242424e-05 5.00002296e+07 -1.10832449e+02 9.58752150e+01
1.23737374e-05 1.74242424e-05 5.00002151e+07 -1.02856128e+02 9.17111233e+01
1.28787879e-05 1.74242424e-05 5.00002022e+07 -9.55220782e+01 8.80881768e+01
1.33838384e-05 1.74242424e-05 5.00001905e+07 -8.87452478e+01 8.49189076e+01
1.38888889e-05 1.74242424e-05 5.00001801e+07 -8.24624197e+01 8.21409970e+01
1.43939394e-05 1.74242424e-05 5.00001706e+07 -7.66280543e+01 7.97087472e+01
1.48989899e-05 1.74242424e-05 5.00001620e+07 -7.12108213e+01 7.75870347e+01
1.54040404e-05 1.74242424e-05 5.00001542e+07 -6.61905715e+01 7.57469602e+01
1.59090909e-05 1.74242424e-05 5.00001471e+07 -6.15555961e+01 7.41627259e+01
1.64141414e-05 1.74242424e-05 5.00001407e+07 -5.73000966e+01 7.28094552e+01
1.69191919e-05 1.74242424e-05 5.00001349e+07 -5.34218436e+01 7.16617773e+01
1.74242424e-05 1.74242424e-05 5.00001296e+07 -4.99200447e+01 7.06930487e+01
1.79292929e-05 1.74242424e-05 5.00001247e+07 -4.67934641e+01 6.98751119e+01
1.84343434e-05 1.74242424e-05 5.00001203e+07 -4.40388494e+01 6.91784937e+01
1.89393939e-05 1.74242424e-05 5.00001163e+07 -4.16497142e+01 6.85729441e+01
1.94444444e-05 1.74242424e-05 5.00001126e+07 -3.96155129e+01 6.80282105e+01
1.99494949e-05 1.74242424e-05 5.00001092e+07 -3.79212207e+01 6.75149419e+01
2.04545455e-05 1.74242424e-05 5.00001060e+07 -3.65473061e+01 6.70056187e+01
2.09595960e-05 1.74242424e-05 5.00001030e+07 -3.54700562e+01 6.64754181e+01
2.14646465e-05 1.74242424e-05 5.00001002e+07 -3.46621959e+01 6.59029390e+01
2.19696970e-05 1.74242424e-05 5.00000975e+07 -3.40937225e+01 6.52707339e+01
2.24747475e-05 1.74242424e-05 5.00000949e+07 -3.37328726e+01 6.45656184e+01
2.29797980e-05 1.74242424e-05 5.00000924e+07 -3.35471379e+01 6.37787528e+01
2.34848485e-05 1.74242424e-05 5.00000900e+07 -3.35042535e+01 6.29055095e+01
2.39898990e-05 1.74242424e-05 5.00000875e+07 -3.35730972e+01 6.19451578e+01
2.44949495e-05 1.74242424e-05 5.00000852e+07 -3.37244520e+01 6.09004054e+01
2.50000000e-05 1.74242424e-05 5.00000828e+07 -3.39316053e+01 5.97768441e+01
-2.50000000e-05 1.79292929e-05 5.00007890e+07 -1.00376783e+03 4.16829494e+02
-2.44949495e-05 1.79292929e-05 5.00008419e+07 -1.11472641e+03 4.36034335e+02
-2.39898990e-05 1.79292929e-05 5.00008973e+07 -1.24349258e+03 4.52657389e+02
-2.34848485e-05 1.79292929e-05 5.00009541e+07 -1.39367108e+03 4.64486920e+02
-2.29797980e-05 1.79292929e-05 5.00010103e+07 -1.56965560e+03 4.68089963e+02
-2.24747475e-05 1.79292929e-05 5.00010626e+07 -1.77674476e+03 4.58128400e+02
-2.19696970e-05 1.79292929e-05 5.00011054e+07 -2.02118866e+03 4.26260746e+02
-2.14646465e-05 1.79292929e-05 5.00011297e+07 -2.31003451e+03 3.59356515e+02
-2.09595960e-05 1.79292929e-05 5.00011205e+07 -2.65047584e+03 2.36557927e+02
-2.04545455e-05 1.79292929e-05 5.00010541e+07 -3.04804711e+03 2.43958845e+01
-1.99494949e-05 1.79292929e-05 5.00008916e+07 -3.50219684e+03 -3.31374525e+02
-1.94444444e-05 1.79292929e-05 5.00005711e+07 -3.99594668e+03 -9.19368218e+02
-1.89393939e-05 1.79292929e-05 4.99999948e+07 -4.47219259e+03 -1.88462761e+03
-1.84343434e-05 1.79292929e-05 4.99990150e+07 -4.77984381e+03 -3.46158527e+03
-1.79292929e-05 1.79292929e-05 4.99974327e+07 -4.55306031e+03 -6.01103307e+03
-1.74242424e-05 1.79292929e-05 4.99950700e+07 -2.95337672e+03 -1.00066850e+04
-1.69191919e-05 1.79292929e-05 4.99921129e+07 1.78963527e+03 -1.57299457e+04
-1.64141414e-05 1.79292929e-05 4.99901566e+07 1.26359202e+04 -2.19057919e+04
-1.59090909e-05 1.79292929e-05 4.99935003e+07 3.09070379e+04 -2.24763465e+04
-1.54040404e-05 1.79292929e-05 5.00041488e+07 4.56485650e+04 -8.23423761e+03
-1.48989899e-05 1.79292929e-05 5.00098994e+07 3.70389405e+04 1.27296495e+04
-1.43939394e-05 1.79292929e-05 5.00034346e+07 1.38324243e+04 1.99868504e+04
-1.38888889e-05 1.79292929e-05 4.99955525e+07 -2.79688636e+03 1.55214874e+04
-1.33838384e-05 1.79292929e-05 4.99920750e+07 -9.51650642e+03 9.09024164e+03
-1.28787879e-05 1.79292929e-05 4.99920279e+07 -1.05360202e+04 4.44350707e+03
-1.23737374e-05 1.79292929e-05 4.99935050e+07 -9.28524276e+03 1.81621381e+03
-1.18686869e-05 1.79292929e-05 4.99953070e+07 -7.50635905e+03 5.63571205e+02
-1.13636364e-05 1.79292929e-05 4.99969007e+07 -5.88052793e+03 7.15083503e+01
-1.08585859e-05 1.79292929e-05 4.99981346e+07 -4.58570016e+03 -5.63874937e+01
-1.03535354e-05 1.79292929e-05 4.99990254e+07 -3.60865236e+03 -3.44859622e+01
-9.84848485e-06 1.79292929e-05 4.99996423e+07 -2.88442425e+03 3.42857701e+01
-9.34343434e-06 1.79292929e-05 5.00000575e+07 -2.34741916e+03 1.05771688e+02
-8.83838384e-06 1.79292929e-05 5.00003307e+07 -1.94530362e+03 1.63951824e+02
-8.33333333e-06 1.79292929e-05 5.00005063e+07 -1.63975669e+03 2.05163799e+02
-7.82828283e-06 1.79292929e-05 5.00006158e+07 -1.40366400e+03 2.30574741e+02
-7.32323232e-06 1.79292929e-05 5.00006812e+07 -1.21804156e+03 2.42811873e+02
-6.81818182e-06 1.79292929e-05 5.00007177e+07 -1.06956725e+03 2.44565994e+02
-6.31313131e-06 1.79292929e-05 5.00007356e+07 -9.48794534e+02 2.38085022e+02
-5.80808081e-06 1.79292929e-05 5.00007420e+07 -8.48909483e+02 2.25046091e+02
-5.30303030e-06 1.79292929e-05 5.00007417e+07 -7.64872498e+02 2.06574900e+02
-4.79797980e-06 1.79292929e-05 5.00007379e+07 -6.92815788e+02 1.83315878e+02
-4.29292929e-06 1.79292929e-05 5.00007325e+07 -6.29603931e+02 1.55525095e+02
-3.78787879e-06 1.79292929e-05 5.00007261e+07 -5.72498671e+02 1.23202346e+02
-3.28282828e-06 1.79292929e-05 5.00007182e+07 -5.18912825e+02 8.63265459e+01
-2.77777778e-06 1.79292929e-05 5.00007062e+07 -4.66328057e+02 4.53264617e+01
-2.27272727e-06 1.79292929e-05 5.00006847e+07 -4.12670635e+02 1.98698611e+00
-1.76767677e-06 1.79292929e-05 5.00006445e+07 -3.57902230e+02 -3.91385485e+01
-1.26262626e-06 1.79292929e-05 5.00005740e+07 -3.08037030e+02 -6.98276395e+01
-7.57575758e-07 1.79292929e-05 5.00004659e+07 -2.80753941e+02 -8.21304134e+01
-2.52525253e-07 1.79292929e-05 5.00003302e+07 -3.00720929e+02 -8.30134055e+01
2.52525253e-07 1.79292929e-05 5.00001880e+07 -3.63642434e+02 -1.03615242e+02
7.57575758e-07 1.79292929e-05 5.00000344e+07 -4.06602229e+02 -1.58963694e+02
1.26262626e-06 1.79292929e-05 4.99998383e+07 -3.71532344e+02 -2.05902736e+02
1.76767677e-06 1.79292929e-05 4.99995914e+07 -2.71915880e+02 -1.90105274e+02
2.27272727e-06 1.79292929e-05 4.99993112e+07 -1.58990506e+02 -9.13490444e+01
2.77777778e-06 1.79292929e-05 4.99990305e+07 -8.15520027e+01 8.97946625e+01
3.28282828e-06 1.79292929e-05 4.99988576e+07 -7.71027615e+01 3.17526463e+02
3.78787879e-06 1.79292929e-05 4.99990333e+07 1.49368074e+01 4.14153332e+02
4.29292929e-06 1.79292929e-05 4.99992914e+07 5.80377665e+02 6.49755919e+02
4.79797980e-06 1.79292929e-05 4.99997195e+07 4.67603538e+02 9.91636827e+02
5.30303030e-06 1.79292929e-05 5.00001495e+07 9.63456889e+01 8.66215242e+02
5.80808081e-06 1.79292929e-05 5.00003500e+07 -9.63185529e+01 6.44785553e+02
6.31313131e-06 1.79292929e-05 5.00004126e+07 -1.69593058e+02 4.76418598e+02
6.81818182e-06 1.79292929e-05 5.00004170e+07 -1.91092183e+02 3.63459891e+02
7.32323232e-06 1.79292929e-05 5.00003993e+07 -1.91653868e+02 2.88112626e+02
7.82828283e-06 1.79292929e-05 5.00003745e+07 -1.83996452e+02 2.36625122e+02
8.33333333e-06 1.79292929e-05 5.00003485e+07 -1.73401375e+02 2.00333796e+02
8.83838384e-06 1.79292929e-05 5.00003237e+07 -1.62098630e+02 1.73946477e+02
9.34343434e-06 1.79292929e-05 5.00003008e+07 -1.51023566e+02 1.54193936e+02
9.84848485e-06 1.79292929e-05 5.00002800e+07 -1.40544293e+02 1.39009697e+02
1.03535354e-05 1.79292929e-05 5.00002613e+07 -1.30775992e+02 1.27054349e+02
1.08585859e-05 1.79292929e-05 5.00002444e+07 -1.21722123e+02 1.17438810e+02
1.13636364e-05 1.79292929e-05 5.00002292e+07 -1.13339802e+02 1.09560172e+02
1.18686869e-05 1.79292929e-05 5.00002154e+07 -1.05570634e+02 1.03001874e+02
1.23737374e-05 1.79292929e-05 5.00002029e+07 -9.83552606e+01 9.74713513e+01
1.28787879e-05 1.79292929e-05 5.00001916e+07 -9.16400238e+01 9.27600482e+01
1.33838384e-05 1.79292929e-05 5.00001813e+07 -8.53796993e+01 8.87170830e+01
1.38888889e-05 1.79292929e-05 5.00001719e+07 -7.95382285e+01 8.52314641e+01
1.43939394e-05 1.79292929e-05 5.00001633e+07 -7.40883889e+01 8.22197959e+01
1.48989899e-05 1.79292929e-05 5.00001555e+07 -6.90108792e+01 7.96176121e+01
1.54040404e-05 1.79292929e-05 5.00001483e+07 -6.42930687e+01 7.73731832e+01
1.59090909e-05 1.79292929e-05 5.00001418e+07 -5.99275543e+01 7.54430773e+01
1.64141414e-05 1.79292929e-05 5.00001358e+07 -5.59106239e+01 7.37890108e+01
1.69191919e-05 1.79292929e-05 5.00001303e+07 -5.22407057e+01 7.23756871e+01
1.74242424e-05 1.79292929e-05 5.00001254e+07 -4.89168784e+01 7.11694110e+01
1.79292929e-05 1.79292929e-05 5.00001208e+07 -4.59375131e+01 7.01373216e+01
1.84343434e-05 1.79292929e-05 5.00001166e+07 -4.32991113e+01 6.92471148e+01
1.89393939e-05 1.79292929e-05 5.00001128e+07 -4.09953918e+01 6.84671379e+01
1.94444444e-05 1.79292929e-05 5.00001093e+07 -3.90166645e+01 6.77667499e+01
1.99494949e-05 1.79292929e-05 5.00001060e+07 -3.73495068e+01 6.71168454e+01
2.04545455e-05 1.79292929e-05 5.00001029e+07 -3.59767406e+01 6.64904487e+01
2.09595960e-05 1.79292929e-05 5.00001001e+07 -3.48776822e+01 6.58632971e+01
2.14646465e-05 1.79292929e-05 5.00000973e+07 -3.40286244e+01 6.52143455e+01
2.19696970e-05 1.79292929e-05 5.00000948e+07 -3.34034950e+01 6.45261448e+01
2.24747475e-05 1.79292929e-05 5.00000923e+07 -3.29746275e+01 6.37850636e+01
2.29797980e-05 1.79292929e-05 5.00000899e+07 -3.27135824e+01 6.29813417e+01
2.34848485e-05 1.79292929e-05 5.00000875e+07 -3.25919584e+01 6.21089822e+01
2.39898990e-05 1.79292929e-05 5.00000852e+07 -3.25821438e+01 6.11654984e+01
2.44949495e-05 1.79292929e-05 5.00000829e+07 -3.26579704e+01 6.01515460e+01
2.50000000e-05 1.79292929e-05 5.00000807e+07 -3.27952422e+01 5.90704718e+01
-2.50000000e-05 1.84343434e-05 5.00006652e+07 -1.01439839e+03 3.14609753e+02
-2.44949495e-05 1.84343434e-05 5.00006942e+07 -1.12124826e+03 3.12587195e+02
-2.39898990e-05 1.84343434e-05 5.00007202e+07 -1.24345840e+03 3.02658424e+02
-2.34848485e-05 1.84343434e-05 5.00007405e+07 -1.38343782e+03 2.81071186e+02
-2.29797980e-05 1.84343434e-05 5.00007512e+07 -1.54377560e+03 2.42375290e+02
-2.24747475e-05 1.84343434e-05 5.00007467e+07 -1.72702229e+03 1.78607383e+02
-2.19696970e-05 1.84343434e-05 5.00007184e+07 -1.93520485e+03 7.80598815e+01
-2.14646465e-05 1.84343434e-05 5.00006538e+07 -2.16882507e+03 -7.65808812e+01
-2.09595960e-05 1.84343434e-05 5.00005347e+07 -2.42486271e+03 -3.11037800e+02
-2.04545455e-05 1.84343434e-05 5.00003342e+07 -2.69286566e+03 -6.63597029e+02
-1.99494949e-05 1.84343434e-05 5.00000144e+07 -2.94737488e+03 -1.19102985e+03
-1.94444444e-05 1.84343434e-05 4.99995229e+07 -3.13338919e+03 -1.97628693e+03
-1.89393939e-05 1.84343434e-05 4.99987938e+07 -3.13893868e+03 -3.13613327e+03
-1.84343434e-05 1.84343434e-05 4.99977594e+07 -2.74527558e+03 -4.82079463e+03
-1.79292929e-05 1.84343434e-05 4.99963972e+07 -1.54463392e+03 -7.18015432e+03
-1.74242424e-05 1.84343434e-05 4.99948563e+07 1.16188698e+03 -1.02283219e+04
-1.69191919e-05 1.84343434e-05 4.99937222e+07 6.35647646e+03 -1.34691460e+04
-1.64141414e-05 1.84343434e-05 4.99943000e+07 1.47038774e+04 -1.52030723e+04
-1.59090909e-05 1.84343434e-05 4.99980425e+07 2.45521777e+04 -1.23013862e+04
-1.54040404e-05 1.84343434e-05 5.00038409e+07 2.98965642e+04 -3.05693472e+03
-1.48989899e-05 1.84343434e-05 5.00067059e+07 2.49476383e+04 7.88203320e+03
-1.43939394e-05 1.84343434e-05 5.00040470e+07 1.28898640e+04 1.33183401e+04
-1.38888889e-05 1.84343434e-05 4.99991733e+07 1.77393761e+03 1.24020733e+04
-1.33838384e-05 1.84343434e-05 4.99956319e+07 -4.70126170e+03 8.76713972e+03
-1.28787879e-05 1.84343434e-05 4.99942462e+07 -7.17221802e+03 5.20818954e+03
-1.23737374e-05 1.84343434e-05 4.99943908e+07 -7.35175106e+03 2.68109107e+03
-1.18686869e-05 1.84343434e-05 4.99952746e+07 -6.54666364e+03 1.17044091e+03
-1.13636364e-05 1.84343434e-05 4.99963612e+07 -5.47791884e+03 3.79211983e+02
-1.08585859e-05 1.84343434e-05 4.99973779e+07 -4.46493909e+03 2.13810431e+01
-1.03535354e-05 1.84343434e-05 4.99982225e+07 -3.61373236e+03 -1.03005307e+02
-9.84848485e-06 1.84343434e-05 4.99988805e+07 -2.93540062e+03 -1.14439827e+02
-9.34343434e-06 1.84343434e-05 4.99993742e+07 -2.40685151e+03 -7.89842115e+01
-8.83838384e-06 1.84343434e-05 4.99997356e+07 -1.99760123e+03 -3.01370211e+01
-8.33333333e-06 1.84343434e-05 4.99999960e+07 -1.67981066e+03 1.65547425e+01
-7.82828283e-06 1.84343434e-05 5.00001812e+07 -1.43100061e+03 5.48440171e+01
-7.32323232e-06 1.84343434e-05 5.00003116e+07 -1.23396672e+03 8.30068297e+01
-6.81818182e-06 1.84343434e-05 5.00004023e+07 -1.07584414e+03 1.01331022e+02
-6.31313131e-06 1.84343434e-05 5.00004647e+07 -9.47076311e+02 1.10853382e+02
-5.80808081e-06 1.84343434e-05 5.00005068e+07 -8.40531504e+02 1.12759925e+02
-5.30303030e-06 1.84343434e-05 5.00005344e+07 -7.50811989e+02 1.08131903e+02
-4.79797980e-06 1.84343434e-05 5.00005514e+07 -6.73735257e+02 9.78756698e+01
-4.29292929e-06 1.84343434e-05 5.00005603e+07 -6.05956591e+02 8.27645560e+01
-3.78787879e-06 1.84343434e-05 5.00005619e+07 -5.44719155e+02 6.35761792e+01
-3.28282828e-06 1.84343434e-05 5.00005558e+07 -4.87758191e+02 4.13440877e+01
-2.77777778e-06 1.84343434e-05 5.00005399e+07 -4.33460011e+02 1.77503927e+01
-2.27272727e-06 1.84343434e-05 5.00005104e+07 -3.81484023e+02 -4.39023173e+00
-1.76767677e-06 1.84343434e-05 5.00004624e+07 -3.34092143e+02 -2.09100462e+01
-1.26262626e-06 1.84343434e-05 5.00003922e+07 -2.97926591e+02 -2.73692713e+01
-7.57575758e-07 1.84343434e-05 5.00003011e+07 -2.83957026e+02 -2.29262537e+01
-2.52525253e-07 1.84343434e-05 5.00001979e+07 -3.00412161e+02 -1.56876927e+01
2.52525253e-07 1.84343434e-05 5.00000912e+07 -3.38144897e+02 -2.02113082e+01
7.57575758e-07 1.84343434e-05 4.99999774e+07 -3.66986424e+02 -4.00013676e+01
1.26262626e-06 1.84343434e-05 4.99998443e+07 -3.60253544e+02 -5.54529999e+01
1.76767677e-06 1.84343434e-05 4.99996908e+07 -3.19587219e+02 -3.95749386e+01
2.27272727e-06 1.84343434e-05 4.99995369e+07 -2.68830517e+02 1.88994906e+01
2.77777778e-06 1.84343434e-05 4.99994257e+07 -2.29281227e+02 1.04956594e+02
3.28282828e-06 1.84343434e-05 4.99994154e+07 -1.80932377e+02 1.73918828e+02
3.78787879e-06 1.84343434e-05 4.99995057e+07 -1.76113203e+01 2.06147391e+02
4.29292929e-06 1.84343434e-05 4.99995919e+07 2.56880145e+02 3.34028580e+02
4.79797980e-06 1.84343434e-05 4.99997248e+07 3.30849517e+02 5.39694857e+02
5.30303030e-06 1.84343434e-05 4.99999304e+07 1.95092501e+02 6.09522717e+02
5.80808081e-06 1.84343434e-05 5.00001048e+07 4.45733764e+01 5.54722300e+02
6.31313131e-06 1.84343434e-05 5.00002106e+07 -5.30560688e+01 4.63869408e+02
6.81818182e-06 1.84343434e-05 5.00002633e+07 -1.05408705e+02 3.79747500e+02
7.32323232e-06 1.84343434e-05 5.00002841e+07 -1.30111272e+02 3.12544610e+02
7.82828283e-06 1.84343434e-05 5.00002874e+07 -1.39482719e+02 2.61219646e+02
8.33333333e-06 1.84343434e-05 5.00002816e+07 -1.40634446e+02 2.22343287e+02
8.83838384e-06 1.84343434e-05 5.00002713e+07 -1.37470460e+02 1.92700455e+02
9.34343434e-06 1.84343434e-05 5.00002591e+07 -1.32115197e+02 1.69807446e+02
9.84848485e-06 1.84343434e-05 5.00002463e+07 -1.25728248e+02 1.51858829e+02
1.03535354e-05 1.84343434e-05 5.00002335e+07 -1.18944457e+02 1.37566742e+02
1.08585859e-05 1.84343434e-05 5.00002212e+07 -1.12110190e+02 1.26014465e+02
1.13636364e-05 1.84343434e-05 5.00002096e+07 -1.05411621e+02 1.16546143e+02
1.18686869e-05 1.84343434e-05 5.00001987e+07 -9.89455881e+01 1.08688692e+02
1.23737374e-05 1.84343434e-05 5.00001885e+07 -9.27594206e+01 1.02097606e+02
1.28787879e-05 1.84343434e-05 5.00001791e+07 -8.68736642e+01 9.65194053e+01
1.33838384e-05 1.84343434e-05 5.00001703e+07 -8.12951471e+01 9.17654578e+01
1.38888889e-05 1.84343434e-05 5.00001622e+07 -7.60244700e+01 8.76935215e+01
1.43939394e-05 1.84343434e-05 5.00001547e+07 -7.10601852e+01 8.41945764e+01
1.48989899e-05 1.84343434e-05 5.00001478e+07 -6.64009650e+01 8.11833215e+01
1.54040404e-05 1.84343434e-05 5.00001414e+07 -6.20465180e+01 7.85912624e+01
1.59090909e-05 1.84343434e-05 5.00001355e+07 -5.79977198e+01 7.63616712e+01
1.64141414e-05 1.84343434e-05 5.00001301e+07 -5.42562561e+01 7.44459381e+01
1.69191919e-05 1.84343434e-05 5.00001251e+07 -5.08239824e+01 7.28009806e+01
1.74242424e-05 1.84343434e-05 5.00001205e+07 -4.77021501e+01 7.13874755e+01
1.79292929e-05 1.84343434e-05 5.00001163e+07 -4.48906132e+01 7.01687363e+01
1.84343434e-05 1.84343434e-05 5.00001124e+07 -4.23871042e+01 6.91100949e+01
1.89393939e-05 1.84343434e-05 5.00001088e+07 -4.01866482e+01 6.81786687e+01
1.94444444e-05 1.84343434e-05 5.00001055e+07 -3.82811586e+01 6.73434065e+01
1.99494949e-05 1.84343434e-05 5.00001024e+07 -3.66592444e+01 6.65753199e+01
2.04545455e-05 1.84343434e-05 5.00000995e+07 -3.53062314e+01 6.58478143e+01
2.09595960e-05 1.84343434e-05 5.00000968e+07 -3.42043882e+01 6.51370474e+01
2.14646465e-05 1.84343434e-05 5.00000942e+07 -3.33333283e+01 6.44222556e+01
2.19696970e-05 1.84343434e-05 5.00000917e+07 -3.26705499e+01 6.36860027e+01
2.24747475e-05 1.84343434e-05 5.00000894e+07 -3.21920675e+01 6.29143235e+01
2.29797980e-05 1.84343434e-05 5.00000871e+07 -3.18730884e+01 6.20967455e+01
2.34848485e-05 1.84343434e-05 5.00000849e+07 -3.16886886e+01 6.12261899e+01
2.39898990e-05 1.84343434e-05 5.00000827e+07 -3.16144474e+01 6.02987616e+01
2.44949495e-05 1.84343434e-05 5.00000805e+07 -3.16270107e+01 5.93134461e+01
2.50000000e-05 1.84343434e-05 5.00000784e+07 -3.17045589e+01 5.82717372e+01
-2.50000000e-05 1.89393939e-05 5.00005311e+07 -1.00541610e+03 1.98981001e+02
-2.44949495e-05 1.89393939e-05 5.00005366e+07 -1.10356812e+03 1.74859879e+02
-2.39898990e-05 1.89393939e-05 5.00005342e+07 -1.21342400e+03 1.37921392e+02
-2.34848485e-05 1.89393939e-05 5.00005204e+07 -1.33587559e+03 8.32601317e+01
-2.29797980e-05 1.89393939e-05 5.00004901e+07 -1.47132831e+03 4.05751976e+00
-2.24747475e-05 1.89393939e-05 5.00004366e+07 -1.61917727e+03 -1.09194644e+02
-2.19696970e-05 1.89393939e-05 5.00003504e+07 -1.77688236e+03 -2.69777751e+02
-2.14646465e-05 1.89393939e-05 5.00002186e+07 -1.93835185e+03 -4.96226223e+02
-2.09595960e-05 1.89393939e-05 5.00000241e+07 -2.09113946e+03 -8.14262442e+02
-2.04545455e-05 1.89393939e-05 4.99997447e+07 -2.21163011e+03 -1.25910348e+03
-1.99494949e-05 1.89393939e-05 4.99993534e+07 -2.25689816e+03 -1.87762316e+03
-1.94444444e-05 1.89393939e-05 4.99988213e+07 -2.15133948e+03 -2.72871888e+03
-1.89393939e-05 1.89393939e-05 4.99981272e+07 -1.76600311e+03 -3.87753831e+03
-1.84343434e-05 1.89393939e-05 4.99972815e+07 -8.90694922e+02 -5.37346752e+03
-1.79292929e-05 1.89393939e-05 4.99963759e+07 7.90845560e+02 -7.19163848e+03
-1.74242424e-05 1.89393939e-05 4.99956659e+07 3.68071594e+03 -9.10792602e+03
-1.69191919e-05 1.89393939e-05 4.99956511e+07 8.09082478e+03 -1.05004606e+04
-1.64141414e-05 1.89393939e-05 4.99969822e+07 1.37417286e+04 -1.02227138e+04
-1.59090909e-05 1.89393939e-05 4.99998813e+07 1.90196535e+04 -7.03440679e+03
-1.54040404e-05 1.89393939e-05 5.00032280e+07 2.10418877e+04 -1.00705399e+03
-1.48989899e-05 1.89393939e-05 5.00048261e+07 1.78747086e+04 5.42902251e+03
-1.43939394e-05 1.89393939e-05 5.00035999e+07 1.09238988e+04 9.24046240e+03
-1.38888889e-05 1.89393939e-05 5.00007066e+07 3.63193493e+03 9.58750553e+03
-1.33838384e-05 1.89393939e-05 4.99979519e+07 -1.63072895e+03 7.75952459e+03
-1.28787879e-05 1.89393939e-05 4.99962726e+07 -4.44813213e+03 5.34281502e+03
-1.23737374e-05 1.89393939e-05 4.99956993e+07 -5.44147339e+03 3.24929019e+03
-1.18686869e-05 1.89393939e-05 4.99958809e+07 -5.38395198e+03 1.75692868e+03
-1.13636364e-05 1.89393939e-05 4.99964484e+07 -4.84649609e+03 8.18351489e+02
-1.08585859e-05 1.89393939e-05 4.99971422e+07 -4.16295155e+03 2.85577882e+02
-1.03535354e-05 1.89393939e-05 4.99978166e+07 -3.49717563e+03 1.49831537e+01
-9.84848485e-06 1.89393939e-05 4.99984060e+07 -2.91412328e+03 -1.00674827e+02
-9.34343434e-06 1.89393939e-05 4.99988916e+07 -2.42892311e+03 -1.31882468e+02
-8.83838384e-06 1.89393939e-05 4.99992773e+07 -2.03503144e+03 -1.21407150e+02
-8.33333333e-06 1.89393939e-05 4.99995769e+07 -1.71852498e+03 -9.36621072e+01
-7.82828283e-06 1.89393939e-05 4.99998060e+07 -1.46458408e+03 -6.17935059e+01
-7.32323232e-06 1.89393939e-05 4.99999793e+07 -1.26001245e+03 -3.23847852e+01
-6.81818182e-06 1.89393939e-05 5.00001093e+07 -1.09391729e+03 -8.36062217e+00
-6.31313131e-06 1.89393939e-05 5.00002060e+07 -9.57623431e+02 9.30521829e+00
-5.80808081e-06 1.89393939e-05 5.00002770e+07 -8.44325804e+02 2.06266996e+01
-5.30303030e-06 1.89393939e-05 5.00003283e+07 -7.48700920e+02 2.60918337e+01
-4.79797980e-06 1.89393939e-05 5.00003640e+07 -6.66566189e+02 2.64206269e+01
-4.29292929e-06 1.89393939e-05 5.00003866e+07 -5.94623482e+02 2.24949884e+01
-3.78787879e-06 1.89393939e-05 5.00003975e+07 -5.30312513e+02 1.54081109e+01
-3.28282828e-06 1.89393939e-05 5.00003969e+07 -4.71812906e+02 6.59933401e+00
-2.77777778e-06 1.89393939e-05 5.00003839e+07 -4.18255829e+02 -1.98087585e+00
-2.27272727e-06 1.89393939e-05 5.00003567e+07 -3.70196722e+02 -7.82002408e+00
-1.76767677e-06 1.89393939e-05 5.00003139e+07 -3.30250181e+02 -8.22268246e+00
-1.26262626e-06 1.89393939e-05 5.00002559e+07 -3.03307201e+02 -1.55925481e+00
-7.57575758e-07 1.89393939e-05 5.00001862e+07 -2.94976505e+02 1.06354423e+01
-2.52525253e-07 1.89393939e-05 5.00001106e+07 -3.07018386e+02 2.24738078e+01
2.52525253e-07 1.89393939e-05 5.00000339e+07 -3.31976121e+02 2.68396151e+01
7.57575758e-07 1.89393939e-05 4.99999553e+07 -3.54085197e+02 2.27286856e+01
1.26262626e-06 1.89393939e-05 4.99998716e+07 -3.59477702e+02 1.87483403e+01
1.76767677e-06 1.89393939e-05 4.99997860e+07 -3.45656852e+02 2.63128119e+01
2.27272727e-06 1.89393939e-05 4.99997131e+07 -3.18788922e+02 4.85173038e+01
2.77777778e-06 1.89393939e-05 4.99996751e+07 -2.79327664e+02 7.50406702e+01
3.28282828e-06 1.89393939e-05 4.99996847e+07 -2.05502802e+02 9.21746382e+01
3.78787879e-06 1.89393939e-05 4.99997204e+07 -6.56753784e+01 1.15598170e+02
4.29292929e-06 1.89393939e-05 4.99997514e+07 1.04191614e+02 1.94805894e+02
4.79797980e-06 1.89393939e-05 4.99998012e+07 1.92457566e+02 3.18125537e+02
5.30303030e-06 1.89393939e-05 4.99998938e+07 1.66044634e+02 4.05237691e+02
5.80808081e-06 1.89393939e-05 5.00000010e+07 8.74213187e+01 4.23502059e+02
6.31313131e-06 1.89393939e-05 5.00000905e+07 1.15071601e+01 3.95687468e+02
6.81818182e-06 1.89393939e-05 5.00001522e+07 -4.34052285e+01 3.50413725e+02
7.32323232e-06 1.89393939e-05 5.00001896e+07 -7.80185019e+01 3.03970520e+02
7.82828283e-06 1.89393939e-05 5.00002096e+07 -9.77934757e+01 2.62775820e+02
8.33333333e-06 1.89393939e-05 5.00002181e+07 -1.07776243e+02 2.28331595e+02
8.83838384e-06 1.89393939e-05 5.00002195e+07 -1.11580556e+02 2.00208915e+02
9.34343434e-06 1.89393939e-05 5.00002164e+07 -1.11578137e+02 1.77410869e+02
9.84848485e-06 1.89393939e-05 5.00002109e+07 -1.09274266e+02 1.58906203e+02
1.03535354e-05 1.89393939e-05 5.00002039e+07 -1.05613175e+02 1.43803421e+02
1.08585859e-05 1.89393939e-05 5.00001962e+07 -1.01185754e+02 1.31383923e+02
1.13636364e-05 1.89393939e-05 5.00001882e+07 -9.63623201e+01 1.21086261e+02
1.18686869e-05 1.89393939e-05 5.00001803e+07 -9.13756811e+01 1.12477720e+02
1.23737374e-05 1.89393939e-05 5.00001726e+07 -8.63728426e+01 1.05226338e+02
1.28787879e-05 1.89393939e-05 5.00001651e+07 -8.14472893e+01 9.90772662e+01
1.33838384e-05 1.89393939e-05 5.00001580e+07 -7.66592195e+01 9.38339954e+01
1.38888889e-05 1.89393939e-05 5.00001513e+07 -7.20482624e+01 8.93438463e+01
1.43939394e-05 1.89393939e-05 5.00001450e+07 -6.76414414e+01 8.54868870e+01
1.48989899e-05 1.89393939e-05 5.00001391e+07 -6.34580926e+01 8.21675152e+01
1.54040404e-05 1.89393939e-05 5.00001335e+07 -5.95128057e+01 7.93080834e+01
1.59090909e-05 1.89393939e-05 5.00001284e+07 -5.58170699e+01 7.68440957e+01
1.64141414e-05 1.89393939e-05 5.00001236e+07 -5.23800737e+01 7.47206242e+01
1.69191919e-05 1.89393939e-05 5.00001191e+07 -4.92089640e+01 7.28896798e+01
1.74242424e-05 1.89393939e-05 5.00001150e+07 -4.63087787e+01 7.13083404e+01
1.79292929e-05 1.89393939e-05 5.00001112e+07 -4.36822108e+01 6.99374793e+01
1.84343434e-05 1.89393939e-05 5.00001076e+07 -4.13293171e+01 6.87409674e+01
1.89393939e-05 1.89393939e-05 5.00001043e+07 -3.92472577e+01 6.76852415e+01
1.94444444e-05 1.89393939e-05 5.00001013e+07 -3.74301231e+01 6.67391435e+01
1.99494949e-05 1.89393939e-05 5.00000984e+07 -3.58688876e+01 6.58739480e+01
2.04545455e-05 1.89393939e-05 5.00000957e+07 -3.45515032e+01 6.50635035e+01
2.09595960e-05 1.89393939e-05 5.00000932e+07 -3.34631351e+01 6.42844243e+01
2.14646465e-05 1.89393939e-05 5.00000908e+07 -3.25865251e+01 6.35162799e+01
2.19696970e-05 1.89393939e-05 5.00000885e+07 -3.19024554e+01 6.27417436e+01
2.24747475e-05 1.89393939e-05 5.00000862e+07 -3.13902849e+01 6.19466706e+01
2.29797980e-05 1.89393939e-05 5.00000841e+07 -3.10285200e+01 6.11200920e+01
2.34848485e-05 1.89393939e-05 5.00000820e+07 -3.07953873e+01 6.02541188e+01
2.39898990e-05 1.89393939e-05 5.00000800e+07 -3.06693783e+01 5.93437608e+01
2.44949495e-05 1.89393939e-05 5.00000780e+07 -3.06297384e+01 5.83866728e+01
2.50000000e-05 1.89393939e-05 5.00000760e+07 -3.06568831e+01 5.73828440e+01
-2.50000000e-05 1.94444444e-05 5.00003943e+07 -9.76615674e+02 7.62062094e+01
-2.44949495e-05 1.94444444e-05 5.00003783e+07 -1.06200474e+03 3.08864357e+01
-2.39898990e-05 1.94444444e-05 5.00003509e+07 -1.15460419e+03 -3.12142476e+01
-2.34848485e-05 1.94444444e-05 5.00003081e+07 -1.25368758e+03 -1.15614858e+02
-2.29797980e-05 1.94444444e-05 5.00002447e+07 -1.35744504e+03 -2.29679797e+02
-2.24747475e-05 1.94444444e-05 5.00001540e+07 -1.46225503e+03 -3.83214323e+02
-2.19696970e-05 1.94444444e-05 5.00000274e+07 -1.56151763e+03 -5.89197263e+02
-2.14646465e-05 1.94444444e-05 4.99998541e+07 -1.64380153e+03 -8.64606664e+02
-2.09595960e-05 1.94444444e-05 4.99996214e+07 -1.68994034e+03 -1.23117327e+03
-2.04545455e-05 1.94444444e-05 4.99993155e+07 -1.66858672e+03 -1.71562574e+03
-1.99494949e-05 1.94444444e-05 4.99989242e+07 -1.52968178e+03 -2.34842570e+03
-1.94444444e-05 1.94444444e-05 4.99984424e+07 -1.19560051e+03 -3.15889593e+03
-1.89393939e-05 1.94444444e-05 4.99978850e+07 -5.51115647e+02 -4.16276091e+03
-1.84343434e-05 1.94444444e-05 4.99973069e+07 5.62596033e+02 -5.33558774e+03
-1.79292929e-05 1.94444444e-05 4.99968340e+07 2.33514394e+03 -6.56454038e+03
-1.74242424e-05 1.94444444e-05 4.99966905e+07 4.92388059e+03 -7.57913719e+03
-1.69191919e-05 1.94444444e-05 4.99971796e+07 8.29633957e+03 -7.89719284e+03
-1.64141414e-05 1.94444444e-05 4.99985369e+07 1.19753656e+04 -6.89781296e+03
-1.59090909e-05 1.94444444e-05 5.00006203e+07 1.48663065e+04 -4.17679470e+03
-1.54040404e-05 1.94444444e-05 5.00026714e+07 1.55828556e+04 -1.08720414e+02
-1.48989899e-05 1.94444444e-05 5.00036376e+07 1.34145593e+04 3.99846892e+03
-1.43939394e-05 1.94444444e-05 5.00030165e+07 9.06955984e+03 6.69225817e+03
-1.38888889e-05 1.94444444e-05 5.00012632e+07 4.18483232e+03 7.40465019e+03
-1.33838384e-05 1.94444444e-05 4.99992870e+07 1.54561086e+02 6.58232392e+03
-1.28787879e-05 1.94444444e-05 4.99977670e+07 -2.46803747e+03 5.05239601e+03
-1.23737374e-05 1.94444444e-05 4.99969311e+07 -3.79731906e+03 3.46991602e+03
-1.18686869e-05 1.94444444e-05 4.99966956e+07 -4.21442665e+03 2.16479131e+03
-1.13636364e-05 1.94444444e-05 4.99968644e+07 -4.09816906e+03 1.22196697e+03
-1.08585859e-05 1.94444444e-05 4.99972495e+07 -3.72504578e+03 6.02228929e+02
-1.03535354e-05 1.94444444e-05 4.99977154e+07 -3.26456071e+03 2.26370870e+02
-9.84848485e-06 1.94444444e-05 4.99981800e+07 -2.80704687e+03 1.70693271e+01
-9.34343434e-06 1.94444444e-05 4.99986014e+07 -2.39338894e+03 -8.64538217e+01
-8.83838384e-06 1.94444444e-05 4.99989632e+07 -2.03702229e+03 -1.26956324e+02
-8.33333333e-06 1.94444444e-05 4.99992633e+07 -1.73774082e+03 -1.32485637e+02
-7.82828283e-06 1.94444444e-05 4.99995065e+07 -1.48949741e+03 -1.20515581e+02
-7.32323232e-06 1.94444444e-05 4.99997006e+07 -1.28444295e+03 -1.01451817e+02
-6.81818182e-06 1.94444444e-05 4.99998536e+07 -1.11482510e+03 -8.11934058e+01
-6.31313131e-06 1.94444444e-05 4.99999729e+07 -9.73755502e+02 -6.28602297e+01
-5.80808081e-06 1.94444444e-05 5.00000648e+07 -8.55421348e+02 -4.78963877e+01
-5.30303030e-06 1.94444444e-05 5.00001343e+07 -7.55052775e+02 -3.67412693e+01
-4.79797980e-06 1.94444444e-05 5.00001853e+07 -6.68809157e+02 -2.92116842e+01
-4.29292929e-06 1.94444444e-05 5.00002203e+07 -5.93671156e+02 -2.46939755e+01
-3.78787879e-06 1.94444444e-05 5.00002412e+07 -5.27390432e+02 -2.22161028e+01
-3.28282828e-06 1.94444444e-05 5.00002486e+07 -4.68533300e+02 -2.04619524e+01
-2.77777778e-06 1.94444444e-05 5.00002428e+07 -4.16635830e+02 -1.78089468e+01
-2.27272727e-06 1.94444444e-05 5.00002238e+07 -3.72431085e+02 -1.25141049e+01
-1.76767677e-06 1.94444444e-05 5.00001923e+07 -3.37967151e+02 -3.20725865e+00
-1.26262626e-06 1.94444444e-05 5.00001501e+07 -3.16203239e+02 1.02463054e+01
-7.57575758e-07 1.94444444e-05 5.00001010e+07 -3.09558693e+02 2.58636315e+01
-2.52525253e-07 1.94444444e-05 5.00000492e+07 -3.17450981e+02 3.96443076e+01
2.52525253e-07 1.94444444e-05 4.99999981e+07 -3.34381825e+02 4.76239492e+01
7.57575758e-07 1.94444444e-05 4.99999484e+07 -3.51070020e+02 4.89786901e+01
1.26262626e-06 1.94444444e-05 4.99999007e+07 -3.58796826e+02 4.70134902e+01
1.76767677e-06 1.94444444e-05 4.99998578e+07 -3.52938586e+02 4.61411652e+01
2.27272727e-06 1.94444444e-05 4.99998272e+07 -3.31432219e+02 4.75024352e+01
2.77777778e-06 1.94444444e-05 4.99998161e+07 -2.88960185e+02 4.85613174e+01
3.28282828e-06 1.94444444e-05 4.99998231e+07 -2.14450443e+02 5.04514626e+01
3.78787879e-06 1.94444444e-05 4.99998357e+07 -1.04037035e+02 6.78407499e+01
4.29292929e-06 1.94444444e-05 4.99998455e+07 1.51482612e+01 1.19783978e+02
4.79797980e-06 1.94444444e-05 4.99998645e+07 9.39408696e+01 1.98911564e+02
5.30303030e-06 1.94444444e-05 4.99999069e+07 1.09378874e+02 2.70656962e+02
5.80808081e-06 1.94444444e-05 4.99999671e+07 7.94673052e+01 3.09709792e+02
6.31313131e-06 1.94444444e-05 5.00000292e+07 3.36569668e+01 3.15549018e+02
6.81818182e-06 1.94444444e-05 5.00000816e+07 -9.20340662e+00 3.00018819e+02
7.32323232e-06 1.94444444e-05 5.00001206e+07 -4.22400097e+01 2.74730637e+02
7.82828283e-06 1.94444444e-05 5.00001469e+07 -6.50574873e+01 2.47082648e+02
8.33333333e-06 1.94444444e-05 5.00001632e+07 -7.95336921e+01 2.20806377e+02
8.83838384e-06 1.94444444e-05 5.00001722e+07 -8.78565152e+01 1.97393972e+02
9.34343434e-06 1.94444444e-05 5.00001760e+07 -9.18641411e+01 1.77186365e+02
9.84848485e-06 1.94444444e-05 5.00001763e+07 -9.29318331e+01 1.60008534e+02
1.03535354e-05 1.94444444e-05 5.00001742e+07 -9.20365567e+01 1.45496093e+02
1.08585859e-05 1.94444444e-05 5.00001706e+07 -8.98556719e+01 1.33248623e+02
1.13636364e-05 1.94444444e-05 5.00001661e+07 -8.68538894e+01 1.22894388e+02
1.18686869e-05 1.94444444e-05 5.00001610e+07 -8.33491247e+01 1.14112468e+02
1.23737374e-05 1.94444444e-05 5.00001557e+07 -7.95593340e+01 1.06635696e+02
1.28787879e-05 1.94444444e-05 5.00001502e+07 -7.56348642e+01 1.00245756e+02
1.33838384e-05 1.94444444e-05 5.00001448e+07 -7.16804781e+01 9.47657466e+01
1.38888889e-05 1.94444444e-05 5.00001396e+07 -6.77702336e+01 9.00525565e+01
1.43939394e-05 1.94444444e-05 5.00001345e+07 -6.39574698e+01 8.59899920e+01
1.48989899e-05 1.94444444e-05 5.00001296e+07 -6.02814537e+01 8.24829426e+01
1.54040404e-05 1.94444444e-05 5.00001250e+07 -5.67717422e+01 7.94525996e+01
1.59090909e-05 1.94444444e-05 5.00001206e+07 -5.34509809e+01 7.68326319e+01
1.64141414e-05 1.94444444e-05 5.00001165e+07 -5.03366369e+01 7.45661924e+01
1.69191919e-05 1.94444444e-05 5.00001126e+07 -4.74420118e+01 7.26036293e+01
1.74242424e-05 1.94444444e-05 5.00001090e+07 -4.47767858e+01 7.09007864e+01
1.79292929e-05 1.94444444e-05 5.00001056e+07 -4.23472720e+01 6.94177919e+01
1.84343434e-05 1.94444444e-05 5.00001024e+07 -4.01565143e+01 6.81182424e+01
1.89393939e-05 1.94444444e-05 5.00000995e+07 -3.82043248e+01 6.69687023e+01
1.94444444e-05 1.94444444e-05 5.00000967e+07 -3.64873297e+01 6.59384415e+01
1.99494949e-05 1.94444444e-05 5.00000941e+07 -3.49990676e+01 6.49993462e+01
2.04545455e-05 1.94444444e-05 5.00000916e+07 -3.37301679e+01 6.41259398e+01
2.09595960e-05 1.94444444e-05 5.00000893e+07 -3.26686156e+01 6.32954645e+01
2.14646465e-05 1.94444444e-05 5.00000871e+07 -3.18001019e+01 6.24879758e+01
2.19696970e-05 1.94444444e-05 5.00000849e+07 -3.11084440e+01 6.16864191e+01
2.24747475e-05 1.94444444e-05 5.00000829e+07 -3.05760549e+01 6.08766614e+01
2.29797980e-05 1.94444444e-05 5.00000809e+07 -3.01844394e+01 6.00474636e+01
2.34848485e-05 1.94444444e-05 5.00000790e+07 -2.99146895e+01 5.91903873e+01
2.39898990e-05 1.94444444e-05 5.00000771e+07 -2.97479584e+01 5.82996368e+01
2.44949495e-05 1.94444444e-05 5.00000752e+07 -2.96658908e+01 5.73718435e+01
2.50000000e-05 1.94444444e-05 5.00000734e+07 -2.96509960e+01 5.64058041e+01
-2.50000000e-05 1.99494949e-05 5.00002610e+07 -9.29234073e+02 -4.76653171e+01
-2.44949495e-05 1.99494949e-05 5.00002270e+07 -9.98709106e+02 -1.11823770e+02
-2.39898990e-05 1.99494949e-05 5.00001794e+07 -1.07052541e+03 -1.95452013e+02
-2.34848485e-05 1.99494949e-05 5.00001145e+07 -1.14245466e+03 -3.04115185e+02
-2.29797980e-05 1.99494949e-05 5.00000276e+07 -1.21075335e+03 -4.44922924e+02
-2.24747475e-05 1.99494949e-05 4.99999129e+07 -1.26936295e+03 -6.26866585e+02
-2.19696970e-05 1.99494949e-05 4.99997639e+07 -1.30872549e+03 -8.61123363e+02
-2.14646465e-05 1.99494949e-05 4.99995734e+07 -1.31406131e+03 -1.16119029e+03
-2.09595960e-05 1.99494949e-05 4.99993343e+07 -1.26293988e+03 -1.54256322e+03
-2.04545455e-05 1.99494949e-05 4.99990417e+07 -1.12202954e+03 -2.02141056e+03
-1.99494949e-05 1.99494949e-05 4.99986964e+07 -8.43163498e+02 -2.61125245e+03
-1.94444444e-05 1.99494949e-05 4.99983109e+07 -3.59570146e+02 -3.31602416e+03
-1.89393939e-05 1.99494949e-05 4.99979190e+07 4.15243061e+02 -4.11725845e+03
-1.84343434e-05 1.99494949e-05 4.99975885e+07 1.58028018e+03 -4.95325999e+03
-1.79292929e-05 1.99494949e-05 4.99974321e+07 3.22108826e+03 -5.69123982e+03
-1.74242424e-05 1.99494949e-05 4.99976026e+07 5.35125239e+03 -6.10349714e+03
-1.69191919e-05 1.99494949e-05 4.99982495e+07 7.81647957e+03 -5.87887359e+03
-1.64141414e-05 1.99494949e-05 4.99994142e+07 1.01969359e+04 -4.71951830e+03
-1.59090909e-05 1.99494949e-05 5.00008960e+07 1.18163282e+04 -2.54480102e+03
-1.54040404e-05 1.99494949e-05 5.00022192e+07 1.19860390e+04 3.02000948e+02
-1.48989899e-05 1.99494949e-05 5.00028401e+07 1.04298319e+04 3.08218750e+03
-1.43939394e-05 1.99494949e-05 5.00025015e+07 7.53945509e+03 5.03113051e+03
-1.38888889e-05 1.99494949e-05 5.00014010e+07 4.16510304e+03 5.78601782e+03
-1.33838384e-05 1.99494949e-05 5.00000111e+07 1.12701001e+03 5.48983588e+03
-1.28787879e-05 1.99494949e-05 4.99987714e+07 -1.11873312e+03 4.56444282e+03
-1.23737374e-05 1.99494949e-05 4.99979173e+07 -2.49825582e+03 3.43218593e+03
-1.18686869e-05 1.99494949e-05 4.99974852e+07 -3.16401032e+03 2.37354958e+03
-1.13636364e-05 1.99494949e-05 4.99973974e+07 -3.33723754e+03 1.51725699e+03
-1.08585859e-05 1.99494949e-05 4.99975412e+07 -3.21695885e+03 8.88170419e+02
-1.03535354e-05 1.99494949e-05 4.99978141e+07 -2.94851454e+03 4.58658389e+02
-9.84848485e-06 1.99494949e-05 4.99981403e+07 -2.62464257e+03 1.83633176e+02
-9.34343434e-06 1.99494949e-05 4.99984713e+07 -2.29816550e+03 1.88855490e+01
-8.83838384e-06 1.99494949e-05 4.99987797e+07 -1.99553573e+03 -7.17408932e+01
-8.33333333e-06 1.99494949e-05 4.99990529e+07 -1.72741101e+03 -1.15071044e+02
-7.82828283e-06 1.99494949e-05 4.99992868e+07 -1.49578298e+03 -1.29798425e+02
-7.32323232e-06 1.99494949e-05 4.99994826e+07 -1.29835589e+03 -1.28363273e+02
-6.81818182e-06 1.99494949e-05 4.99996436e+07 -1.13104972e+03 -1.18722248e+02
-6.31313131e-06 1.99494949e-05 4.99997742e+07 -9.89336646e+02 -1.05753040e+02
-5.80808081e-06 1.99494949e-05 4.99998784e+07 -8.68899544e+02 -9.22726908e+01
-5.30303030e-06 1.99494949e-05 4.99999602e+07 -7.65922272e+02 -7.97324883e+01
-4.79797980e-06 1.99494949e-05 5.00000225e+07 -6.77198646e+02 -6.86692322e+01
-4.29292929e-06 1.99494949e-05 5.00000679e+07 -6.00170715e+02 -5.89862227e+01
-3.78787879e-06 1.99494949e-05 5.00000982e+07 -5.32960756e+02 -5.01285256e+01
-3.28282828e-06 1.99494949e-05 5.00001146e+07 -4.74429089e+02 -4.12154144e+01
-2.77777778e-06 1.99494949e-05 5.00001180e+07 -4.24254481e+02 -3.11999195e+01
-2.27272727e-06 1.99494949e-05 5.00001097e+07 -3.82978063e+02 -1.91308333e+01
-1.76767677e-06 1.99494949e-05 5.00000913e+07 -3.51870050e+02 -4.56450457e+00
-1.26262626e-06 1.99494949e-05 5.00000651e+07 -3.32412998e+02 1.19401124e+01
-7.57575758e-07 1.99494949e-05 5.00000344e+07 -3.25277098e+02 2.85263953e+01
-2.52525253e-07 1.99494949e-05 5.00000026e+07 -3.29048402e+02 4.23923469e+01
2.52525253e-07 1.99494949e-05 4.99999722e+07 -3.39528573e+02 5.09787809e+01
7.57575758e-07 1.99494949e-05 4.99999448e+07 -3.50455651e+02 5.33620899e+01
1.26262626e-06 1.99494949e-05 4.99999213e+07 -3.55393099e+02 5.06210166e+01
1.76767677e-06 1.99494949e-05 4.99999035e+07 -3.49156659e+02 4.47071692e+01
2.27272727e-06 1.99494949e-05 4.99998936e+07 -3.27391444e+02 3.71257966e+01
2.77777778e-06 1.99494949e-05 4.99998925e+07 -2.85255911e+02 2.95972049e+01
3.28282828e-06 1.99494949e-05 4.99998969e+07 -2.18806344e+02 2.71471288e+01
3.78787879e-06 1.99494949e-05 4.99999006e+07 -1.31786142e+02 3.95541479e+01
4.29292929e-06 1.99494949e-05 4.99999021e+07 -4.20511603e+01 7.48097357e+01
4.79797980e-06 1.99494949e-05 4.99999085e+07 2.52465196e+01 1.28297304e+02
5.30303030e-06 1.99494949e-05 4.99999279e+07 5.55407745e+01 1.83155204e+02
5.80808081e-06 1.99494949e-05 4.99999610e+07 5.27879165e+01 2.23402285e+02
6.31313131e-06 1.99494949e-05 5.00000009e+07 3.10193352e+01 2.43244400e+02
6.81818182e-06 1.99494949e-05 5.00000400e+07 3.34699891e+00 2.45566819e+02
7.32323232e-06 1.99494949e-05 5.00000736e+07 -2.24186660e+01 2.36403668e+02
7.82828283e-06 1.99494949e-05 5.00000998e+07 -4.31076162e+01 2.21250308e+02
8.33333333e-06 1.99494949e-05 5.00001188e+07 -5.82273111e+01 2.03897466e+02
8.83838384e-06 1.99494949e-05 5.00001317e+07 -6.84445087e+01 1.86563560e+02
9.34343434e-06 1.99494949e-05 5.00001397e+07 -7.47529655e+01 1.70374215e+02
9.84848485e-06 1.99494949e-05 5.00001442e+07 -7.81076548e+01 1.55795330e+02
1.03535354e-05 1.99494949e-05 5.00001459e+07 -7.93021699e+01 1.42931365e+02
1.08585859e-05 1.99494949e-05 5.00001457e+07 -7.89530652e+01 1.31706892e+02
1.13636364e-05 1.99494949e-05 5.00001441e+07 -7.75230761e+01 1.21969048e+02
1.18686869e-05 1.99494949e-05 5.00001416e+07 -7.53533894e+01 1.13541901e+02
1.23737374e-05 1.99494949e-05 5.00001384e+07 -7.26935990e+01 1.06253306e+02
1.28787879e-05 1.99494949e-05 5.00001349e+07 -6.97260448e+01 9.99466970e+01
1.33838384e-05 1.99494949e-05 5.00001311e+07 -6.65843892e+01 9.44849624e+01
1.38888889e-05 1.99494949e-05 5.00001272e+07 -6.33673196e+01 8.97503747e+01
1.43939394e-05 1.99494949e-05 5.00001234e+07 -6.01484410e+01 8.56427370e+01
1.48989899e-05 1.99494949e-05 5.00001196e+07 -5.69833071e+01 8.20768808e+01
1.54040404e-05 1.99494949e-05 5.00001159e+07 -5.39143444e+01 7.89800974e+01
1.59090909e-05 1.99494949e-05 5.00001123e+07 -5.09742487e+01 7.62897823e+01
1.64141414e-05 1.99494949e-05 5.00001089e+07 -4.81882846e+01 7.39514125e+01
1.69191919e-05 1.99494949e-05 5.00001056e+07 -4.55758082e+01 7.19168887e+01
1.74242424e-05 1.99494949e-05 5.00001025e+07 -4.31512551e+01 7.01432351e+01
1.79292929e-05 1.99494949e-05 5.00000996e+07 -4.09247699e+01 6.85916255e+01
1.84343434e-05 1.99494949e-05 5.00000969e+07 -3.89026132e+01 6.72266909e+01
1.89393939e-05 1.99494949e-05 5.00000943e+07 -3.70874440e+01 6.60160646e+01
1.94444444e-05 1.99494949e-05 5.00000918e+07 -3.54785507e+01 6.49301132e+01
1.99494949e-05 1.99494949e-05 5.00000895e+07 -3.40720798e+01 6.39418083e+01
2.04545455e-05 1.99494949e-05 5.00000873e+07 -3.28612927e+01 6.30266920e+01
2.09595960e-05 1.99494949e-05 5.00000852e+07 -3.18368687e+01 6.21628973e+01
2.14646465e-05 1.99494949e-05 5.00000832e+07 -3.09872556e+01 6.13311889e+01
2.19696970e-05 1.99494949e-05 5.00000812e+07 -3.02990646e+01 6.05149951e+01
2.24747475e-05 1.99494949e-05 5.00000794e+07 -2.97574954e+01 5.97004112e+01
2.29797980e-05 1.99494949e-05 5.00000775e+07 -2.93467774e+01 5.88761615e+01
2.34848485e-05 1.99494949e-05 5.00000758e+07 -2.90506078e+01 5.80335105e+01
2.39898990e-05 1.99494949e-05 5.00000740e+07 -2.88525698e+01 5.71661263e+01
2.44949495e-05 1.99494949e-05 5.00000723e+07 -2.87365169e+01 5.62698967e+01
2.50000000e-05 1.99494949e-05 5.00000706e+07 -2.86869089e+01 5.53427089e+01
-2.50000000e-05 2.04545455e-05 5.00001366e+07 -8.65649443e+02 -1.67295281e+02
-2.44949495e-05 2.04545455e-05 5.00000886e+07 -9.17188361e+02 -2.46909933e+02
-2.39898990e-05 2.04545455e-05 5.00000264e+07 -9.66280584e+02 -3.47302737e+02
-2.34848485e-05 2.04545455e-05 4.99999467e+07 -1.00947979e+03 -4.73592827e+02
-2.29797980e-05 2.04545455e-05 4.99998458e+07 -1.04160226e+03 -6.32000587e+02
-2.24747475e-05 2.04545455e-05 4.99997196e+07 -1.05497875e+03 -8.29919900e+02
-2.19696970e-05 2.04545455e-05 4.99995641e+07 -1.03843328e+03 -1.07583105e+03
-2.14646465e-05 2.04545455e-05 4.99993758e+07 -9.75940425e+02 -1.37888273e+03
-2.09595960e-05 2.04545455e-05 4.99991531e+07 -8.44968995e+02 -1.74784913e+03
-2.04545455e-05 2.04545455e-05 4.99988984e+07 -6.14675440e+02 -2.18899006e+03
-1.99494949e-05 2.04545455e-05 4.99986212e+07 -2.44459525e+02 -2.70212521e+03
-1.94444444e-05 2.04545455e-05 4.99983431e+07 3.15918640e+02 -3.27407861e+03
-1.89393939e-05 2.04545455e-05 4.99981032e+07 1.12229803e+03 -3.86885493e+03
-1.84343434e-05 2.04545455e-05 4.99979630e+07 2.22424321e+03 -4.41514439e+03
-1.79292929e-05 2.04545455e-05 4.99980054e+07 3.64042803e+03 -4.79510055e+03
-1.74242424e-05 2.04545455e-05 4.99983200e+07 5.31870792e+03 -4.84457439e+03
-1.69191919e-05 2.04545455e-05 4.99989645e+07 7.08894881e+03 -4.38190302e+03
-1.64141414e-05 2.04545455e-05 4.99999056e+07 8.63831920e+03 -3.28018529e+03
-1.59090909e-05 2.04545455e-05 5.00009697e+07 9.55853621e+03 -1.57063553e+03
-1.54040404e-05 2.04545455e-05 5.00018606e+07 9.49446970e+03 4.87158394e+02
-1.48989899e-05 2.04545455e-05 5.00022789e+07 8.33720990e+03 2.45557323e+03
-1.43939394e-05 2.04545455e-05 5.00020836e+07 6.31909269e+03 3.90164702e+03
-1.38888889e-05 2.04545455e-05 5.00013672e+07 3.91465462e+03 4.59280676e+03
-1.33838384e-05 2.04545455e-05 5.00003861e+07 1.61855394e+03 4.56223968e+03
-1.28787879e-05 2.04545455e-05 4.99994165e+07 -2.35425271e+02 4.02509203e+03
-1.23737374e-05 2.04545455e-05 4.99986479e+07 -1.52450741e+03 3.24207461e+03
-1.18686869e-05 2.04545455e-05 4.99981552e+07 -2.28536123e+03 2.42276316e+03
-1.13636364e-05 2.04545455e-05 4.99979263e+07 -2.63290061e+03 1.69318041e+03
-1.08585859e-05 2.04545455e-05 4.99979048e+07 -2.69690763e+03 1.10630975e+03
-1.03535354e-05 2.04545455e-05 4.99980238e+07 -2.58844266e+03 6.67512836e+02
-9.84848485e-06 2.04545455e-05 4.99982237e+07 -2.38916545e+03 3.58004414e+02
-9.34343434e-06 2.04545455e-05 4.99984599e+07 -2.15300641e+03 1.50751337e+02
-8.83838384e-06 2.04545455e-05 4.99987024e+07 -1.91240332e+03 1.91611095e+01
-8.33333333e-06 2.04545455e-05 4.99989328e+07 -1.68494010e+03 -5.91929593e+01
-7.82828283e-06 2.04545455e-05 4.99991417e+07 -1.47875085e+03 -1.01655762e+02
-7.32323232e-06 2.04545455e-05 4.99993249e+07 -1.29637743e+03 -1.20895761e+02
-6.81818182e-06 2.04545455e-05 4.99994818e+07 -1.13730465e+03 -1.25774913e+02
-6.31313131e-06 2.04545455e-05 4.99996137e+07 -9.99528342e+02 -1.22259569e+02
-5.80808081e-06 2.04545455e-05 4.99997225e+07 -8.80478335e+02 -1.14200027e+02
-5.30303030e-06 2.04545455e-05 4.99998107e+07 -7.77539312e+02 -1.03934654e+02
-4.79797980e-06 2.04545455e-05 4.99998804e+07 -6.88337071e+02 -9.27321148e+01
-4.29292929e-06 2.04545455e-05 4.99999335e+07 -6.10898664e+02 -8.11077350e+01
-3.78787879e-06 2.04545455e-05 4.99999718e+07 -5.43751432e+02 -6.90577615e+01
-3.28282828e-06 2.04545455e-05 4.99999967e+07 -4.85990805e+02 -5.62582606e+01
-2.77777778e-06 2.04545455e-05 5.00000097e+07 -4.37311942e+02 -4.22748875e+01
-2.27272727e-06 2.04545455e-05 5.00000122e+07 -3.97961272e+02 -2.68182210e+01
-1.76767677e-06 2.04545455e-05 5.00000064e+07 -3.68529096e+02 -1.00414375e+01
-1.26262626e-06 2.04545455e-05 4.99999946e+07 -3.49506693e+02 7.19853100e+00
-7.57575758e-07 2.04545455e-05 4.99999796e+07 -3.40624399e+02 2.32836308e+01
-2.52525253e-07 2.04545455e-05 4.99999640e+07 -3.40186285e+02 3.61557987e+01
2.52525253e-07 2.04545455e-05 4.99999500e+07 -3.44795385e+02 4.40036274e+01
7.57575758e-07 2.04545455e-05 4.99999388e+07 -3.49758658e+02 4.59717714e+01
1.26262626e-06 2.04545455e-05 4.99999311e+07 -3.49981981e+02 4.24198828e+01
1.76767677e-06 2.04545455e-05 4.99999276e+07 -3.40731276e+02 3.46444594e+01
2.27272727e-06 2.04545455e-05 4.99999281e+07 -3.17883390e+02 2.46246362e+01
2.77777778e-06 2.04545455e-05 4.99999316e+07 -2.78243740e+02 1.54623284e+01
3.28282828e-06 2.04545455e-05 4.99999352e+07 -2.21160848e+02 1.21743190e+01
3.78787879e-06 2.04545455e-05 4.99999363e+07 -1.51483046e+02 2.09750106e+01
4.29292929e-06 2.04545455e-05 4.99999352e+07 -8.08467618e+01 4.56036865e+01
4.79797980e-06 2.04545455e-05 4.99999366e+07 -2.35808142e+01 8.31847371e+01
5.30303030e-06 2.04545455e-05 4.99999454e+07 1.09005203e+01 1.24668302e+02
5.80808081e-06 2.04545455e-05 4.99999635e+07 2.22111212e+01 1.60195005e+02
6.31313131e-06 2.04545455e-05 4.99999885e+07 1.66374631e+01 1.84021996e+02
6.81818182e-06 2.04545455e-05 5.00000161e+07 2.14831460e+00 1.95410453e+02
7.32323232e-06 2.04545455e-05 5.00000425e+07 -1.49646885e+01 1.96708081e+02
7.82828283e-06 2.04545455e-05 5.00000655e+07 -3.09642935e+01 1.91173412e+02
8.33333333e-06 2.04545455e-05 5.00000840e+07 -4.41742103e+01 1.81706608e+02
8.83838384e-06 2.04545455e-05 5.00000982e+07 -5.41816083e+01 1.70428469e+02
9.34343434e-06 2.04545455e-05 5.00001084e+07 -6.12051652e+01 1.58710034e+02
9.84848485e-06 2.04545455e-05 5.00001154e+07 -6.57080143e+01 1.47352849e+02
1.03535354e-05 2.04545455e-05 5.00001198e+07 -6.81967651e+01 1.36775274e+02
1.08585859e-05 2.04545455e-05 5.00001221e+07 -6.91328459e+01 1.27157531e+02
1.13636364e-05 2.04545455e-05 5.00001229e+07 -6.89029855e+01 1.18541241e+02
1.18686869e-05 2.04545455e-05 5.00001225e+07 -6.78173671e+01 1.10892920e+02
1.23737374e-05 2.04545455e-05 5.00001213e+07 -6.61188284e+01 1.04142448e+02
1.28787879e-05 2.04545455e-05 5.00001194e+07 -6.39950794e+01 9.82053255e+01
1.33838384e-05 2.04545455e-05 5.00001172e+07 -6.15904416e+01 9.29949035e+01
1.38888889e-05 2.04545455e-05 5.00001147e+07 -5.90158393e+01 8.84285922e+01
1.43939394e-05 2.04545455e-05 5.00001120e+07 -5.63567889e+01 8.44305866e+01
1.48989899e-05 2.04545455e-05 5.00001092e+07 -5.36795509e+01 8.09326461e+01
1.54040404e-05 2.04545455e-05 5.00001064e+07 -5.10357434e+01 7.78738538e+01
1.59090909e-05 2.04545455e-05 5.00001036e+07 -4.84657326e+01 7.51999017e+01
1.64141414e-05 2.04545455e-05 5.00001009e+07 -4.60010802e+01 7.28622147e+01
1.69191919e-05 2.04545455e-05 5.00000983e+07 -4.36662846e+01 7.08170888e+01
1.74242424e-05 2.04545455e-05 5.00000957e+07 -4.14800051e+01 6.90249329e+01
1.79292929e-05 2.04545455e-05 5.00000933e+07 -3.94559208e+01 6.74496540e+01
1.84343434e-05 2.04545455e-05 5.00000910e+07 -3.76033430e+01 6.60581943e+01
1.89393939e-05 2.04545455e-05 5.00000888e+07 -3.59276706e+01 6.48202102e+01
1.94444444e-05 2.04545455e-05 5.00000866e+07 -3.44307582e+01 6.37078731e+01
1.99494949e-05 2.04545455e-05 5.00000846e+07 -3.31112440e+01 6.26957655e+01
2.04545455e-05 2.04545455e-05 5.00000827e+07 -3.19648715e+01 6.17608448e+01
2.09595960e-05 2.04545455e-05 5.00000808e+07 -3.09848249e+01 6.08824475e+01
2.14646465e-05 2.04545455e-05 5.00000790e+07 -3.01620847e+01 6.00423085e+01
2.19696970e-05 2.04545455e-05 5.00000773e+07 -2.94858063e+01 5.92245755e+01
2.24747475e-05 2.04545455e-05 5.00000756e+07 -2.89437139e+01 5.84158021e+01
2.29797980e-05 2.04545455e-05 5.00000740e+07 -2.85225006e+01 5.76049083e+01
2.34848485e-05 2.04545455e-05 5.00000724e+07 -2.82082214e+01 5.67831036e+01
2.39898990e-05 2.04545455e-05 5.00000708e+07 -2.79866695e+01 5.59437695e+01
2.44949495e-05 2.04545455e-05 5.00000693e+07 -2.78437205e+01 5.50823061e+01
2.50000000e-05 2.04545455e-05 5.00000678e+07 -2.77656398e+01 5.41959465e+01
-2.50000000e-05 2.09595960e-05 5.00000247e+07 -7.89001283e+02 -2.78378616e+02
-2.44949495e-05 2.09595960e-05 4.99999671e+07 -8.21752201e+02 -3.69515589e+02
-2.39898990e-05 2.09595960e-05 4.99998957e+07 -8.47729511e+02 -4.81441482e+02
-2.34848485e-05 2.09595960e-05 4.99998080e+07 -8.62646639e+02 -6.18475336e+02
-2.29797980e-05 2.09595960e-05 4.99997018e+07 -8.60461175e+02 -7.85549359e+02
-2.24747475e-05 2.09595960e-05 4.99995745e+07 -8.32764799e+02 -9.88062388e+02
-2.19696970e-05 2.09595960e-05 4.99994247e+07 -7.68029102e+02 -1.23150918e+03
-2.14646465e-05 2.09595960e-05 4.99992521e+07 -6.50741341e+02 -1.52072836e+03
-2.09595960e-05 2.09595960e-05 4.99990594e+07 -4.60552673e+02 -1.85853845e+03
-2.04545455e-05 2.09595960e-05 4.99988538e+07 -1.71733615e+02 -2.24345660e+03
-1.99494949e-05 2.09595960e-05 4.99986491e+07 2.46467476e+02 -2.66616649e+03
-1.94444444e-05 2.09595960e-05 4.99984695e+07 8.27507278e+02 -3.10453841e+03
-1.89393939e-05 2.09595960e-05 4.99983506e+07 1.60165813e+03 -3.51753071e+03
-1.84343434e-05 2.09595960e-05 4.99983406e+07 2.58459717e+03 -3.83954421e+03
-1.79292929e-05 2.09595960e-05 4.99984934e+07 3.75924519e+03 -3.97898923e+03
-1.74242424e-05 2.09595960e-05 4.99988543e+07 5.05284016e+03 -3.82743831e+03
-1.69191919e-05 2.09595960e-05 4.99994338e+07 6.31811990e+03 -3.28638594e+03
-1.64141414e-05 2.09595960e-05 5.00001781e+07 7.33612887e+03 -2.31267206e+03
-1.59090909e-05 2.09595960e-05 5.00009546e+07 7.85982133e+03 -9.67789108e+02
-1.54040404e-05 2.09595960e-05 5.00015762e+07 7.69955089e+03 5.61973272e+02
-1.48989899e-05 2.09595960e-05 5.00018691e+07 6.81454730e+03 2.00597062e+03
-1.43939394e-05 2.09595960e-05 5.00017512e+07 5.35022166e+03 3.10443499e+03
-1.38888889e-05 2.09595960e-05 5.00012689e+07 3.58753134e+03 3.70524368e+03
-1.33838384e-05 2.09595960e-05 5.00005673e+07 1.83426729e+03 3.80317186e+03
-1.28787879e-05 2.09595960e-05 4.99998202e+07 3.25825186e+02 3.50845265e+03
-1.23737374e-05 2.09595960e-05 4.99991674e+07 -8.18301843e+02 2.97964083e+03
-1.18686869e-05 2.09595960e-05 4.99986861e+07 -1.58304484e+03 2.36421651e+03
-1.13636364e-05 2.09595960e-05 4.99983946e+07 -2.01930534e+03 1.76783009e+03
-1.08585859e-05 2.09595960e-05 4.99982722e+07 -2.20503184e+03 1.24972634e+03
-1.03535354e-05 2.09595960e-05 4.99982805e+07 -2.21850047e+03 8.32412134e+02
-9.84848485e-06 2.09595960e-05 4.99983778e+07 -2.12498848e+03 5.15043112e+02
-9.34343434e-06 2.09595960e-05 4.99985282e+07 -1.97297213e+03 2.84856485e+02
-8.83838384e-06 2.09595960e-05 4.99987039e+07 -1.79543922e+03 1.24925008e+02
-8.33333333e-06 2.09595960e-05 4.99988856e+07 -1.61315215e+03 1.85602311e+01
-7.82828283e-06 2.09595960e-05 4.99990607e+07 -1.43810993e+03 -4.86495786e+01
-7.32323232e-06 2.09595960e-05 4.99992221e+07 -1.27646173e+03 -8.82176626e+01
-6.81818182e-06 2.09595960e-05 4.99993662e+07 -1.13068736e+03 -1.08864591e+02
-6.31313131e-06 2.09595960e-05 4.99994916e+07 -1.00111327e+03 -1.16926304e+02
-5.80808081e-06 2.09595960e-05 4.99995986e+07 -8.86914323e+02 -1.16833803e+02
-5.30303030e-06 2.09595960e-05 4.99996880e+07 -7.86751923e+02 -1.11557287e+02
-4.79797980e-06 2.09595960e-05 4.99997611e+07 -6.99171532e+02 -1.02978011e+02
-4.29292929e-06 2.09595960e-05 4.99998191e+07 -6.22847766e+02 -9.21881349e+01
-3.78787879e-06 2.09595960e-05 4.99998635e+07 -5.56733831e+02 -7.97369249e+01
-3.28282828e-06 2.09595960e-05 4.99998956e+07 -5.00143120e+02 -6.58486048e+01
-2.77777778e-06 2.09595960e-05 4.99999170e+07 -4.52764171e+02 -5.06353105e+01
-2.27272727e-06 2.09595960e-05 4.99999294e+07 -4.14587173e+02 -3.43152119e+01
-1.76767677e-06 2.09595960e-05 4.99999347e+07 -3.85709624e+02 -1.74173356e+01
-1.26262626e-06 2.09595960e-05 4.99999350e+07 -3.66007696e+02 -9.14672465e-01
-7.57575758e-07 2.09595960e-05 4.99999327e+07 -3.54723047e+02 1.38010084e+01
-2.52525253e-07 2.09595960e-05 4.99999299e+07 -3.50106006e+02 2.51632969e+01
2.52525253e-07 2.09595960e-05 4.99999282e+07 -3.49304556e+02 3.18500360e+01
7.57575758e-07 2.09595960e-05 4.99999285e+07 -3.48606585e+02 3.32041243e+01
1.26262626e-06 2.09595960e-05 4.99999312e+07 -3.43944008e+02 2.94662265e+01
1.76767677e-06 2.09595960e-05 4.99999361e+07 -3.31435121e+02 2.17986648e+01
2.27272727e-06 2.09595960e-05 4.99999423e+07 -3.07874519e+02 1.22869965e+01
2.77777778e-06 2.09595960e-05 4.99999485e+07 -2.71396083e+02 4.04699832e+00
3.28282828e-06 2.09595960e-05 4.99999527e+07 -2.22579592e+02 1.12889495e+00
3.78787879e-06 2.09595960e-05 4.99999539e+07 -1.65614290e+02 7.54326024e+00
4.29292929e-06 2.09595960e-05 4.99999529e+07 -1.08197329e+02 2.52692122e+01
4.79797980e-06 2.09595960e-05 4.99999528e+07 -5.91366803e+01 5.25306952e+01
5.30303030e-06 2.09595960e-05 4.99999569e+07 -2.47306901e+01 8.41303931e+01
5.80808081e-06 2.09595960e-05 4.99999670e+07 -6.55797241e+00 1.13892167e+02
6.31313131e-06 2.09595960e-05 4.99999827e+07 -2.02857920e+00 1.37266662e+02
6.81818182e-06 2.09595960e-05 5.00000018e+07 -6.60225191e+00 1.52409026e+02
7.32323232e-06 2.09595960e-05 5.00000218e+07 -1.58480847e+01 1.59718152e+02
7.82828283e-06 2.09595960e-05 5.00000407e+07 -2.64791259e+01 1.60779155e+02
8.33333333e-06 2.09595960e-05 5.00000573e+07 -3.65017143e+01 1.57465113e+02
8.83838384e-06 2.09595960e-05 5.00000711e+07 -4.49391429e+01 1.51435680e+02
9.34343434e-06 2.09595960e-05 5.00000821e+07 -5.14717293e+01 1.43959823e+02
9.84848485e-06 2.09595960e-05 5.00000903e+07 -5.61442943e+01 1.35918564e+02
1.03535354e-05 2.09595960e-05 5.00000963e+07 -5.91719535e+01 1.27878581e+02
1.08585859e-05 2.09595960e-05 5.00001004e+07 -6.08269983e+01 1.20177774e+02
1.13636364e-05 2.09595960e-05 5.00001030e+07 -6.13802041e+01 1.12998663e+02
1.18686869e-05 2.09595960e-05 5.00001043e+07 -6.10745732e+01 1.06423606e+02
1.23737374e-05 2.09595960e-05 5.00001047e+07 -6.01167282e+01 1.00473387e+02
1.28787879e-05 2.09595960e-05 5.00001043e+07 -5.86770488e+01 9.51328625e+01
1.33838384e-05 2.09595960e-05 5.00001034e+07 -5.68935751e+01 9.03673823e+01
1.38888889e-05 2.09595960e-05 5.00001021e+07 -5.48770790e+01 8.61329327e+01
1.43939394e-05 2.09595960e-05 5.00001005e+07 -5.27160541e+01 8.23821606e+01
1.48989899e-05 2.09595960e-05 5.00000987e+07 -5.04810953e+01 7.90677746e+01
1.54040404e-05 2.09595960e-05 5.00000967e+07 -4.82285114e+01 7.61443192e+01
1.59090909e-05 2.09595960e-05 5.00000947e+07 -4.60031915e+01 7.35689762e+01
1.64141414e-05 2.09595960e-05 5.00000927e+07 -4.38408160e+01 7.13018117e+01
1.69191919e-05 2.09595960e-05 5.00000907e+07 -4.17695304e+01 6.93057360e+01
1.74242424e-05 2.09595960e-05 5.00000887e+07 -3.98111978e+01 6.75463356e+01
1.79292929e-05 2.09595960e-05 5.00000867e+07 -3.79823334e+01 6.59916764e+01
1.84343434e-05 2.09595960e-05 5.00000849e+07 -3.62948092e+01 6.46121281e+01
1.89393939e-05 2.09595960e-05 5.00000830e+07 -3.47564018e+01 6.33802347e+01
1.94444444e-05 2.09595960e-05 5.00000813e+07 -3.33712397e+01 6.22706365e+01
1.99494949e-05 2.09595960e-05 5.00000796e+07 -3.21401936e+01 6.12600380e+01
2.04545455e-05 2.09595960e-05 5.00000779e+07 -3.10612382e+01 6.03272104e+01
2.09595960e-05 2.09595960e-05 5.00000763e+07 -3.01298076e+01 5.94530133e+01
2.14646465e-05 2.09595960e-05 5.00000748e+07 -2.93391527e+01 5.86204218e+01
2.19696970e-05 2.09595960e-05 5.00000733e+07 -2.86807058e+01 5.78145438e+01
2.24747475e-05 2.09595960e-05 5.00000718e+07 -2.81444486e+01 5.70226183e+01
2.29797980e-05 2.09595960e-05 5.00000703e+07 -2.77192794e+01 5.62339853e+01
2.34848485e-05 2.09595960e-05 5.00000689e+07 -2.73933708e+01 5.54400248e+01
2.39898990e-05 2.09595960e-05 5.00000675e+07 -2.71545095e+01 5.46340615e+01
2.44949495e-05 2.09595960e-05 5.00000661e+07 -2.69904099e+01 5.38112390e+01
2.50000000e-05 2.09595960e-05 5.00000647e+07 -2.68889937e+01 5.29683664e+01
-2.50000000e-05 2.14646465e-05 4.99999275e+07 -7.02802277e+02 -3.77787709e+02
-2.44949495e-05 2.14646465e-05 4.99998643e+07 -7.16983563e+02 -4.76391529e+02
-2.39898990e-05 2.14646465e-05 4.99997887e+07 -7.20788267e+02 -5.94710846e+02
-2.34848485e-05 2.14646465e-05 4.99996992e+07 -7.09487874e+02 -7.36068179e+02
-2.29797980e-05 2.14646465e-05 4.99995944e+07 -6.76742408e+02 -9.03945859e+02
-2.24747475e-05 2.14646465e-05 4.99994739e+07 -6.14169520e+02 -1.10169299e+03
-2.19696970e-05 2.14646465e-05 4.99993379e+07 -5.10883775e+02 -1.33199937e+03
-2.14646465e-05 2.14646465e-05 4.99991890e+07 -3.53088064e+02 -1.59602070e+03
-2.09595960e-05 2.14646465e-05 4.99990322e+07 -1.23885745e+02 -1.89201407e+03
-2.04545455e-05 2.14646465e-05 4.99988772e+07 1.96379591e+02 -2.21334551e+03
-1.99494949e-05 2.14646465e-05 4.99987392e+07 6.28755135e+02 -2.54581068e+03
-1.94444444e-05 2.14646465e-05 4.99986402e+07 1.19255976e+03 -2.86444787e+03
-1.89393939e-05 2.14646465e-05 4.99986094e+07 1.89967011e+03 -3.13052837e+03
-1.84343434e-05 2.14646465e-05 4.99986805e+07 2.74561822e+03 -3.29025810e+03
-1.79292929e-05 2.14646465e-05 4.99988852e+07 3.69799896e+03 -3.27777396e+03
-1.74242424e-05 2.14646465e-05 4.99992418e+07 4.68507503e+03 -3.02560526e+03
-1.69191919e-05 2.14646465e-05 4.99997396e+07 5.59091943e+03 -2.48449359e+03
-1.64141414e-05 2.14646465e-05 5.00003252e+07 6.26590882e+03 -1.64977128e+03
-1.59090909e-05 2.14646465e-05 5.00009018e+07 6.55873096e+03 -5.83848067e+02
-1.54040404e-05 2.14646465e-05 5.00013488e+07 6.36505280e+03 5.81122859e+02
-1.48989899e-05 2.14646465e-05 5.00015604e+07 5.67265393e+03 1.67133884e+03
-1.43939394e-05 2.14646465e-05 5.00014867e+07 4.57654145e+03 2.52343140e+03
-1.38888889e-05 2.14646465e-05 5.00011521e+07 3.25137964e+03 3.03544802e+03
-1.33838384e-05 2.14646465e-05 5.00006421e+07 1.89483412e+03 3.19045615e+03
-1.28787879e-05 2.14646465e-05 5.00000677e+07 6.71727113e+02 3.04492895e+03
-1.23737374e-05 2.14646465e-05 4.99995284e+07 -3.17299251e+02 2.69513864e+03
-1.18686869e-05 2.14646465e-05 4.99990910e+07 -1.03799861e+03 2.24197325e+03
-1.13636364e-05 2.14646465e-05 4.99987845e+07 -1.50579448e+03 1.76763967e+03
-1.08585859e-05 2.14646465e-05 4.99986082e+07 -1.76358156e+03 1.32689361e+03
-1.03535354e-05 2.14646465e-05 4.99985436e+07 -1.86309427e+03 9.48679708e+02
-9.84848485e-06 2.14646465e-05 4.99985643e+07 -1.85306821e+03 6.42604697e+02
-9.34343434e-06 2.14646465e-05 4.99986438e+07 -1.77362769e+03 4.06143357e+02
-8.83838384e-06 2.14646465e-05 4.99987592e+07 -1.65491071e+03 2.30528352e+02
-8.33333333e-06 2.14646465e-05 4.99988926e+07 -1.51797443e+03 1.04770353e+02
-7.82828283e-06 2.14646465e-05 4.99990311e+07 -1.37659596e+03 1.80207524e+01
-7.32323232e-06 2.14646465e-05 4.99991659e+07 -1.23917720e+03 -3.92618201e+01
-6.81818182e-06 2.14646465e-05 4.99992918e+07 -1.11039260e+03 -7.48957184e+01
-6.31313131e-06 2.14646465e-05 4.99994055e+07 -9.92472321e+02 -9.49753437e+01
-5.80808081e-06 2.14646465e-05 4.99995058e+07 -8.86138007e+02 -1.04065848e+02
-5.30303030e-06 2.14646465e-05 4.99995922e+07 -7.91255673e+02 -1.05466376e+02
-4.79797980e-06 2.14646465e-05 4.99996651e+07 -7.07276926e+02 -1.01477558e+02
-4.29292929e-06 2.14646465e-05 4.99997252e+07 -6.33528889e+02 -9.36477849e+01
-3.78787879e-06 2.14646465e-05 4.99997734e+07 -5.69395691e+02 -8.29946158e+01
-3.28282828e-06 2.14646465e-05 4.99998110e+07 -5.14415740e+02 -7.02073846e+01
-2.77777778e-06 2.14646465e-05 4.99998392e+07 -4.68301904e+02 -5.58371501e+01
-2.27272727e-06 2.14646465e-05 4.99998596e+07 -4.30879905e+02 -4.04711333e+01
-1.76767677e-06 2.14646465e-05 4.99998739e+07 -4.01939493e+02 -2.48721737e+01
-1.26262626e-06 2.14646465e-05 4.99998841e+07 -3.81010374e+02 -1.00460337e+01
-7.57575758e-07 2.14646465e-05 4.99998918e+07 -3.67111026e+02 2.80526968e+00
-2.52525253e-07 2.14646465e-05 4.99998988e+07 -3.58557718e+02 1.24613001e+01
2.52525253e-07 2.14646465e-05 4.99999061e+07 -3.52930021e+02 1.79550397e+01
7.57575758e-07 2.14646465e-05 4.99999145e+07 -3.47241521e+02 1.88497438e+01
1.26262626e-06 2.14646465e-05 4.99999240e+07 -3.38281158e+02 1.54324791e+01
1.76767677e-06 2.14646465e-05 4.99999340e+07 -3.23045146e+02 8.80002659e+00
2.27272727e-06 2.14646465e-05 4.99999438e+07 -2.99225253e+02 8.69548848e-01
2.77777778e-06 2.14646465e-05 4.99999520e+07 -2.65792782e+02 -5.70392998e+00
3.28282828e-06 2.14646465e-05 4.99999575e+07 -2.23649782e+02 -7.86598987e+00
3.78787879e-06 2.14646465e-05 4.99999599e+07 -1.76034546e+02 -2.94790172e+00
4.29292929e-06 2.14646465e-05 4.99999601e+07 -1.28135155e+02 1.02329800e+01
4.79797980e-06 2.14646465e-05 4.99999602e+07 -8.56633254e+01 3.05924215e+01
5.30303030e-06 2.14646465e-05 4.99999626e+07 -5.29670674e+01 5.50029662e+01
5.80808081e-06 2.14646465e-05 4.99999688e+07 -3.17799155e+01 7.95074193e+01
6.31313131e-06 2.14646465e-05 4.99999790e+07 -2.12415625e+01 1.00740222e+02
6.81818182e-06 2.14646465e-05 4.99999923e+07 -1.88797248e+01 1.16758721e+02
7.32323232e-06 2.14646465e-05 5.00000073e+07 -2.17798922e+01 1.27085560e+02
7.82828283e-06 2.14646465e-05 5.00000225e+07 -2.73930415e+01 1.32269040e+02
8.33333333e-06 2.14646465e-05 5.00000367e+07 -3.38670560e+01 1.33352155e+02
8.83838384e-06 2.14646465e-05 5.00000493e+07 -4.00453603e+01 1.31472740e+02
9.34343434e-06 2.14646465e-05 5.00000600e+07 -4.53162594e+01 1.27641968e+02
9.84848485e-06 2.14646465e-05 5.00000687e+07 -4.94361740e+01 1.22660565e+02
1.03535354e-05 2.14646465e-05 5.00000756e+07 -5.23826027e+01 1.17115056e+02
1.08585859e-05 2.14646465e-05 5.00000808e+07 -5.42503459e+01 1.11409662e+02
1.13636364e-05 2.14646465e-05 5.00000846e+07 -5.51857461e+01 1.05807770e+02
1.18686869e-05 2.14646465e-05 5.00000872e+07 -5.53485812e+01 1.00470509e+02
1.23737374e-05 2.14646465e-05 5.00000889e+07 -5.48920180e+01 9.54880205e+01
1.28787879e-05 2.14646465e-05 5.00000897e+07 -5.39534799e+01 9.09029248e+01
1.33838384e-05 2.14646465e-05 5.00000899e+07 -5.26516699e+01 8.67270894e+01
1.38888889e-05 2.14646465e-05 5.00000897e+07 -5.10867944e+01 8.29531829e+01
1.43939394e-05 2.14646465e-05 5.00000890e+07 -4.93422580e+01 7.95624130e+01
1.48989899e-05 2.14646465e-05 5.00000881e+07 -4.74868653e+01 7.65295732e+01
1.54040404e-05 2.14646465e-05 5.00000870e+07 -4.55770340e+01 7.38262516e+01
1.59090909e-05 2.14646465e-05 5.00000857e+07 -4.36587855e+01 7.14228129e+01
1.64141414e-05 2.14646465e-05 5.00000844e+07 -4.17694317e+01 6.92895868e+01
1.69191919e-05 2.14646465e-05 5.00000829e+07 -3.99389513e+01 6.73975570e+01
1.74242424e-05 2.14646465e-05 5.00000815e+07 -3.81910901e+01 6.57187477e+01
1.79292929e-05 2.14646465e-05 5.00000800e+07 -3.65442310e+01 6.42264395e+01
1.84343434e-05 2.14646465e-05 5.00000786e+07 -3.50120861e+01 6.28952947e+01
1.89393939e-05 2.14646465e-05 5.00000771e+07 -3.36042563e+01 6.17014416e+01
1.94444444e-05 2.14646465e-05 5.00000757e+07 -3.23267007e+01 6.06225454e+01
1.99494949e-05 2.14646465e-05 5.00000743e+07 -3.11821460e+01 5.96378752e+01
2.04545455e-05 2.14646465e-05 5.00000730e+07 -3.01704623e+01 5.87283722e+01
2.09595960e-05 2.14646465e-05 5.00000716e+07 -2.92890208e+01 5.78767129e+01
2.14646465e-05 2.14646465e-05 5.00000703e+07 -2.85330441e+01 5.70673631e+01
2.19696970e-05 2.14646465e-05 5.00000690e+07 -2.78959533e+01 5.62866162e+01
2.24747475e-05 2.14646465e-05 5.00000678e+07 -2.73697120e+01 5.55226077e+01
2.29797980e-05 2.14646465e-05 5.00000665e+07 -2.69451642e+01 5.47653036e+01
2.34848485e-05 2.14646465e-05 5.00000653e+07 -2.66123607e+01 5.40064591e+01
2.39898990e-05 2.14646465e-05 5.00000641e+07 -2.63608683e+01 5.32395479e+01
2.44949495e-05 2.14646465e-05 5.00000628e+07 -2.61800555e+01 5.24596638e+01
2.50000000e-05 2.14646465e-05 5.00000616e+07 -2.60593490e+01 5.16633966e+01
-2.50000000e-05 2.19696970e-05 4.99998460e+07 -6.10595407e+02 -4.63564945e+02
-2.44949495e-05 2.19696970e-05 4.99997809e+07 -6.07302619e+02 -5.65800125e+02
-2.39898990e-05 2.19696970e-05 4.99997052e+07 -5.90891417e+02 -6.85873155e+02
-2.34848485e-05 2.19696970e-05 4.99996184e+07 -5.56552950e+02 -8.26057448e+02
-2.29797980e-05 2.19696970e-05 4.99995203e+07 -4.98117396e+02 -9.88417815e+02
-2.24747475e-05 2.19696970e-05 4.99994116e+07 -4.07803927e+02 -1.17444542e+03
-2.19696970e-05 2.19696970e-05 4.99992942e+07 -2.76023677e+02 -1.38448925e+03
-2.14646465e-05 2.19696970e-05 4.99991721e+07 -9.13332275e+01 -1.61691644e+03
-2.09595960e-05 2.19696970e-05 4.99990518e+07 1.59297477e+02 -1.86694212e+03
-2.04545455e-05 2.19696970e-05 4.99989435e+07 4.89651381e+02 -2.12511398e+03
-1.99494949e-05 2.19696970e-05 4.99988612e+07 9.12520650e+02 -2.37555038e+03
-1.94444444e-05 2.19696970e-05 4.99988236e+07 1.43665958e+03 -2.59425347e+03
-1.89393939e-05 2.19696970e-05 4.99988522e+07 2.06213730e+03 -2.74817625e+03
-1.84343434e-05 2.19696970e-05 4.99989689e+07 2.77420251e+03 -2.79617246e+03
-1.79292929e-05 2.19696970e-05 4.99991902e+07 3.53667233e+03 -2.69329341e+03
-1.74242424e-05 2.19696970e-05 4.99995194e+07 4.28725609e+03 -2.39966457e+03
-1.69191919e-05 2.19696970e-05 4.99999378e+07 4.93862723e+03 -1.89376511e+03
-1.64141414e-05 2.19696970e-05 5.00003998e+07 5.38920010e+03 -1.18708059e+03
-1.59090909e-05 2.19696970e-05 5.00008354e+07 5.54483623e+03 -3.33782758e+02
-1.54040404e-05 2.19696970e-05 5.00011650e+07 5.34675600e+03 5.72019188e+02
-1.48989899e-05 2.19696970e-05 5.00013220e+07 4.79464777e+03 1.41498720e+03
-1.43939394e-05 2.19696970e-05 5.00012746e+07 3.95281529e+03 2.08828515e+03
-1.38888889e-05 2.19696970e-05 5.00010363e+07 2.93436912e+03 2.52190156e+03
-1.33838384e-05 2.19696970e-05 5.00006592e+07 1.87008167e+03 2.69708546e+03
-1.28787879e-05 2.19696970e-05 5.00002155e+07 8.75993837e+02 2.64239592e+03
-1.23737374e-05 2.19696970e-05 4.99997756e+07 3.21390994e+01 2.41653129e+03
-1.18686869e-05 2.19696970e-05 4.99993928e+07 -6.23272574e+02 2.08768419e+03
-1.13636364e-05 2.19696970e-05 4.99990975e+07 -1.08751429e+03 1.71736164e+03
-1.08585859e-05 2.19696970e-05 4.99988988e+07 -1.38134640e+03 1.35182675e+03
-1.03535354e-05 2.19696970e-05 4.99987904e+07 -1.53695904e+03 1.02030925e+03
-9.84848485e-06 2.19696970e-05 4.99987576e+07 -1.58885106e+03 7.37386984e+02
-9.34343434e-06 2.19696970e-05 4.99987825e+07 -1.56833331e+03 5.07011980e+02
-8.83838384e-06 2.19696970e-05 4.99988474e+07 -1.50104746e+03 3.26510369e+02
-8.33333333e-06 2.19696970e-05 4.99989373e+07 -1.40648614e+03 1.89770555e+02
-7.82828283e-06 2.19696970e-05 4.99990402e+07 -1.29859680e+03 8.94391926e+01
-7.32323232e-06 2.19696970e-05 4.99991473e+07 -1.18682277e+03 1.82518451e+01
-6.81818182e-06 2.19696970e-05 4.99992523e+07 -1.07720186e+03 -3.02736892e+01
-6.31313131e-06 2.19696970e-05 4.99993511e+07 -9.73338492e+02 -6.15609296e+01
-5.80808081e-06 2.19696970e-05 4.99994413e+07 -8.77186083e+02 -7.99438197e+01
-5.30303030e-06 2.19696970e-05 4.99995216e+07 -7.89639699e+02 -8.87647218e+01
-4.79797980e-06 2.19696970e-05 4.99995915e+07 -7.10965533e+02 -9.05299948e+01
-4.29292929e-06 2.19696970e-05 4.99996512e+07 -6.41099378e+02 -8.70842847e+01
-3.78787879e-06 2.19696970e-05 4.99997011e+07 -5.79841549e+02 -7.97851594e+01
-3.28282828e-06 2.19696970e-05 4.99997421e+07 -5.26966859e+02 -6.96703435e+01
-2.77777778e-06 2.19696970e-05 4.99997751e+07 -4.82259533e+02 -5.76123499e+01
-2.27272727e-06 2.19696970e-05 4.99998016e+07 -4.45478007e+02 -4.44514290e+01
-1.76767677e-06 2.19696970e-05 4.99998229e+07 -4.16257078e+02 -3.10902299e+01
-1.26262626e-06 2.19696970e-05 4.99998404e+07 -3.93966946e+02 -1.85276625e+01
-7.57575758e-07 2.19696970e-05 4.99998557e+07 -3.77567772e+02 -7.81258931e+00
-2.52525253e-07 2.19696970e-05 4.99998699e+07 -3.65514474e+02 8.43671702e-02
2.52525253e-07 2.19696970e-05 4.99998838e+07 -3.55764955e+02 4.45414273e+00
7.57575758e-07 2.19696970e-05 4.99998978e+07 -3.45918866e+02 5.03754241e+00
1.26262626e-06 2.19696970e-05 4.99999118e+07 -3.33475777e+02 2.16784303e+00
1.76767677e-06 2.19696970e-05 4.99999253e+07 -3.16178638e+02 -3.16218816e+00
2.27272727e-06 2.19696970e-05 4.99999374e+07 -2.92412198e+02 -9.32484055e+00
2.77777778e-06 2.19696970e-05 4.99999474e+07 -2.61625510e+02 -1.42093152e+01
3.28282828e-06 2.19696970e-05 4.99999544e+07 -2.24691149e+02 -1.55658199e+01
3.78787879e-06 2.19696970e-05 4.99999584e+07 -1.84009628e+02 -1.15636317e+01
4.29292929e-06 2.19696970e-05 4.99999603e+07 -1.43140234e+02 -1.42101291e+00
4.79797980e-06 2.19696970e-05 4.99999614e+07 -1.05930180e+02 1.42099588e+01
5.30303030e-06 2.19696970e-05 4.99999636e+07 -7.54564958e+01 3.33851326e+01
5.80808081e-06 2.19696970e-05 4.99999680e+07 -5.32808158e+01 5.35135502e+01
6.31313131e-06 2.19696970e-05 4.99999752e+07 -3.93307655e+01 7.21623885e+01
6.81818182e-06 2.19696970e-05 4.99999849e+07 -3.23289261e+01 8.76322315e+01
7.32323232e-06 2.19696970e-05 4.99999963e+07 -3.04372839e+01 9.91345111e+01
7.82828283e-06 2.19696970e-05 5.00000084e+07 -3.18085090e+01 1.06650377e+02
8.33333333e-06 2.19696970e-05 5.00000204e+07 -3.49082176e+01 1.10652019e+02
8.83838384e-06 2.19696970e-05 5.00000316e+07 -3.86236681e+01 1.11833566e+02
9.34343434e-06 2.19696970e-05 5.00000416e+07 -4.22379242e+01 1.10919458e+02
9.84848485e-06 2.19696970e-05 5.00000502e+07 -4.53458920e+01 1.08557310e+02
1.03535354e-05 2.19696970e-05 5.00000574e+07 -4.77613327e+01 1.05274621e+02
1.08585859e-05 2.19696970e-05 5.00000633e+07 -4.94379022e+01 1.01474169e+02
1.13636364e-05 2.19696970e-05 5.00000679e+07 -5.04106888e+01 9.74484009e+01
1.18686869e-05 2.19696970e-05 5.00000714e+07 -5.07566914e+01 9.34004219e+01
1.23737374e-05 2.19696970e-05 5.00000740e+07 -5.05699770e+01 8.94649816e+01
1.28787879e-05 2.19696970e-05 5.00000758e+07 -4.99471270e+01 8.57265814e+01
1.33838384e-05 2.19696970e-05 5.00000770e+07 -4.89794117e+01 8.22338968e+01
1.38888889e-05 2.19696970e-05 5.00000776e+07 -4.77491209e+01 7.90106999e+01
1.43939394e-05 2.19696970e-05 5.00000778e+07 -4.63283152e+01 7.60638454e+01
1.48989899e-05 2.19696970e-05 5.00000777e+07 -4.47788970e+01 7.33889593e+01
1.54040404e-05 2.19696970e-05 5.00000773e+07 -4.31533220e+01 7.09744108e+01
1.59090909e-05 2.19696970e-05 5.00000767e+07 -4.14955624e+01 6.88040404e+01
1.64141414e-05 2.19696970e-05 5.00000760e+07 -3.98421057e+01 6.68590118e+01
1.69191919e-05 2.19696970e-05 5.00000751e+07 -3.82228838e+01 6.51190597e+01
1.74242424e-05 2.19696970e-05 5.00000742e+07 -3.66620893e+01 6.35633306e+01
1.79292929e-05 2.19696970e-05 5.00000732e+07 -3.51788738e+01 6.21709561e+01
1.84343434e-05 2.19696970e-05 5.00000721e+07 -3.37879388e+01 6.09214536e+01
1.89393939e-05 2.19696970e-05 5.00000711e+07 -3.25000388e+01 5.97950172e+01
1.94444444e-05 2.19696970e-05 5.00000700e+07 -3.13224188e+01 5.87727407e+01
1.99494949e-05 2.19696970e-05 5.00000690e+07 -3.02592053e+01 5.78367943e+01
2.04545455e-05 2.19696970e-05 5.00000679e+07 -2.93117663e+01 5.69705704e+01
2.09595960e-05 2.19696970e-05 5.00000668e+07 -2.84790536e+01 5.61588022e+01
2.14646465e-05 2.19696970e-05 5.00000658e+07 -2.77579337e+01 5.53876578e+01
2.19696970e-05 2.19696970e-05 5.00000647e+07 -2.71435120e+01 5.46448087e+01
2.24747475e-05 2.19696970e-05 5.00000637e+07 -2.66294504e+01 5.39194697e+01
2.29797980e-05 2.19696970e-05 5.00000626e+07 -2.62082763e+01 5.32024118e+01
2.34848485e-05 2.19696970e-05 5.00000616e+07 -2.58716800e+01 5.24859440e+01
2.39898990e-05 2.19696970e-05 5.00000605e+07 -2.56107955e+01 5.17638687e+01
2.44949495e-05 2.19696970e-05 5.00000595e+07 -2.54164610e+01 5.10314094e+01
2.50000000e-05 2.19696970e-05 5.00000584e+07 -2.52794536e+01 5.02851162e+01
-2.50000000e-05 2.24747475e-05 4.99997802e+07 -5.15687843e+02 -5.34805474e+02
-2.44949495e-05 2.24747475e-05 4.99997160e+07 -4.96656860e+02 -6.37291054e+02
-2.39898990e-05 2.24747475e-05 4.99996435e+07 -4.62652776e+02 -7.55224180e+02
-2.34848485e-05 2.24747475e-05 4.99995628e+07 -4.09076509e+02 -8.89887383e+02
-2.29797980e-05 2.24747475e-05 4.99994747e+07 -3.30268473e+02 -1.04209204e+03
-2.24747475e-05 2.24747475e-05 4.99993806e+07 -2.19414723e+02 -1.21180285e+03
-2.19696970e-05 2.24747475e-05 4.99992837e+07 -6.85541705e+01 -1.39760717e+03
-2.14646465e-05 2.24747475e-05 4.99991884e+07 1.31222508e+02 -1.59600298e+03
-2.09595960e-05 2.24747475e-05 4.99991018e+07 3.89250256e+02 -1.80050442e+03
-2.04545455e-05 2.24747475e-05 4.99990332e+07 7.14269604e+02 -2.00062071e+03
-1.99494949e-05 2.24747475e-05 4.99989949e+07 1.11271443e+03 -2.18086885e+03
-1.94444444e-05 2.24747475e-05 4.99990012e+07 1.58615318e+03 -2.32014166e+03
-1.89393939e-05 2.24747475e-05 4.99990671e+07 2.12789555e+03 -2.39195777e+03
-1.84343434e-05 2.24747475e-05 4.99992056e+07 2.71914160e+03 -2.36629663e+03
-1.79292929e-05 2.24747475e-05 4.99994237e+07 3.32564061e+03 -2.21371396e+03
-1.74242424e-05 2.24747475e-05 4.99997169e+07 3.89652033e+03 -1.91200287e+03
-1.69191919e-05 2.24747475e-05 5.00000654e+07 4.36735509e+03 -1.45462226e+03
-1.64141414e-05 2.24747475e-05 5.00004319e+07 4.66903023e+03 -8.58578927e+02
-1.59090909e-05 2.24747475e-05 5.00007664e+07 4.74201798e+03 -1.68154802e+02
-1.54040404e-05 2.24747475e-05 5.00010149e+07 4.55262342e+03 5.48950260e+02
-1.48989899e-05 2.24747475e-05 5.00011340e+07 4.10521230e+03 1.21396973e+03
-1.43939394e-05 2.24747475e-05 5.00011028e+07 3.44461268e+03 1.75469636e+03
-1.38888889e-05 2.24747475e-05 5.00009290e+07 2.64665033e+03 2.12194021e+03
-1.33838384e-05 2.24747475e-05 5.00006456e+07 1.80022502e+03 2.29855328e+03
-1.28787879e-05 2.24747475e-05 5.00003003e+07 9.87940761e+02 2.29843660e+03
-1.23737374e-05 2.24747475e-05 4.99999429e+07 2.71914862e+02 2.15758905e+03
-1.18686869e-05 2.24747475e-05 4.99996147e+07 -3.12102602e+02 1.92195505e+03
-1.13636364e-05 2.24747475e-05 4.99993432e+07 -7.53080234e+02 1.63661003e+03
-1.08585859e-05 2.24747475e-05 4.99991414e+07 -1.05855167e+03 1.33877643e+03
-1.03535354e-05 2.24747475e-05 4.99990102e+07 -1.24718470e+03 1.05496839e+03
-9.84848485e-06 2.24747475e-05 4.99989428e+07 -1.34228531e+03 8.01228797e+02
-9.34343434e-06 2.24747475e-05 4.99989278e+07 -1.36719754e+03 5.85059695e+02
-8.83838384e-06 2.24747475e-05 4.99989528e+07 -1.34264147e+03 4.07890228e+02
-8.33333333e-06 2.24747475e-05 4.99990058e+07 -1.28557407e+03 2.67370147e+02
-7.82828283e-06 2.24747475e-05 4.99990767e+07 -1.20904664e+03 1.59172016e+02
-7.32323232e-06 2.24747475e-05 4.99991571e+07 -1.12260629e+03 7.82451350e+01
-6.81818182e-06 2.24747475e-05 4.99992408e+07 -1.03292278e+03 1.95955278e+01
-6.31313131e-06 2.24747475e-05 4.99993233e+07 -9.44448089e+02 -2.12900273e+01
-5.80808081e-06 2.24747475e-05 4.99994016e+07 -8.60010426e+02 -4.82617921e+01
-5.30303030e-06 2.24747475e-05 4.99994737e+07 -7.81303908e+02 -6.44757652e+01
-4.79797980e-06 2.24747475e-05 4.99995385e+07 -7.09268421e+02 -7.24489288e+01
-4.29292929e-06 2.24747475e-05 4.99995957e+07 -6.44368745e+02 -7.41593540e+01
-3.78787879e-06 2.24747475e-05 4.99996452e+07 -5.86786199e+02 -7.11657507e+01
-3.28282828e-06 2.24747475e-05 4.99996877e+07 -5.36534745e+02 -6.47308152e+01
-2.77777778e-06 2.24747475e-05 4.99997237e+07 -4.93511013e+02 -5.59368026e+01
-2.27272727e-06 2.24747475e-05 4.99997542e+07 -4.57486906e+02 -4.57816391e+01
-1.76767677e-06 2.24747475e-05 4.99997804e+07 -4.28056685e+02 -3.52419948e+01
-1.26262626e-06 2.24747475e-05 4.99998033e+07 -4.04558104e+02 -2.52895074e+01
-7.57575758e-07 2.24747475e-05 4.99998240e+07 -3.85996814e+02 -1.68514410e+01
-2.52525253e-07 2.24747475e-05 4.99998433e+07 -3.71009393e+02 -1.07190659e+01
2.52525253e-07 2.24747475e-05 4.99998617e+07 -3.57896703e+02 -7.42292514e+00
7.57575758e-07 2.24747475e-05 4.99998796e+07 -3.44744128e+02 -7.10652849e+00
1.26262626e-06 2.24747475e-05 4.99998967e+07 -3.29624607e+02 -9.43244632e+00
1.76767677e-06 2.24747475e-05 4.99999125e+07 -3.10863947e+02 -1.35488492e+01
2.27272727e-06 2.24747475e-05 4.99999265e+07 -2.87337726e+02 -1.81397134e+01
2.77777778e-06 2.24747475e-05 4.99999379e+07 -2.58754021e+02 -2.15829388e+01
3.28282828e-06 2.24747475e-05 4.99999464e+07 -2.25845146e+02 -2.22330595e+01
3.78787879e-06 2.24747475e-05 4.99999522e+07 -1.90361631e+02 -1.88025599e+01
4.29292929e-06 2.24747475e-05 4.99999557e+07 -1.54783682e+02 -1.07371595e+01
4.79797980e-06 2.24747475e-05 4.99999582e+07 -1.21775152e+02 1.57801246e+00
5.30303030e-06 2.24747475e-05 4.99999609e+07 -9.35552630e+01 1.69051825e+01
5.80808081e-06 2.24747475e-05 4.99999649e+07 -7.14340830e+01 3.35150775e+01
6.31313131e-06 2.24747475e-05 4.99999706e+07 -5.56753210e+01 4.96592166e+01
6.81818182e-06 2.24747475e-05 4.99999781e+07 -4.56753195e+01 6.39552477e+01
7.32323232e-06 2.24747475e-05 4.99999871e+07 -4.03128822e+01 7.55715793e+01
7.82828283e-06 2.24747475e-05 4.99999970e+07 -3.83036255e+01 8.42164014e+01
8.33333333e-06 2.24747475e-05 5.00000071e+07 -3.84558825e+01 9.00083148e+01
8.83838384e-06 2.24747475e-05 5.00000169e+07 -3.98036215e+01 9.33132742e+01
9.34343434e-06 2.24747475e-05 5.00000260e+07 -4.16412345e+01 9.46032394e+01
9.84848485e-06 2.24747475e-05 5.00000343e+07 -4.34998715e+01 9.43580629e+01
1.03535354e-05 2.24747475e-05 5.00000415e+07 -4.50990514e+01 9.30096889e+01
1.08585859e-05 2.24747475e-05 5.00000476e+07 -4.62948767e+01 9.09181420e+01
1.13636364e-05 2.24747475e-05 5.00000527e+07 -4.70352602e+01 8.83675286e+01
1.18686869e-05 2.24747475e-05 5.00000568e+07 -4.73254682e+01 8.55726615e+01
1.23737374e-05 2.24747475e-05 5.00000601e+07 -4.72036016e+01 8.26900605e+01
1.28787879e-05 2.24747475e-05 5.00000627e+07 -4.67241798e+01 7.98297150e+01
1.33838384e-05 2.24747475e-05 5.00000646e+07 -4.59477378e+01 7.70658076e+01
1.38888889e-05 2.24747475e-05 5.00000660e+07 -4.49346064e+01 7.44457034e+01
1.43939394e-05 2.24747475e-05 5.00000670e+07 -4.37414609e+01 7.19971017e+01
1.48989899e-05 2.24747475e-05 5.00000675e+07 -4.24196205e+01 6.97335314e+01
1.54040404e-05 2.24747475e-05 5.00000678e+07 -4.10144033e+01 6.76584704e+01
1.59090909e-05 2.24747475e-05 5.00000678e+07 -3.95650838e+01 6.57683805e+01
1.64141414e-05 2.24747475e-05 5.00000676e+07 -3.81051649e+01 6.40549187e+01
1.69191919e-05 2.24747475e-05 5.00000673e+07 -3.66627945e+01 6.25065366e+01
1.74242424e-05 2.24747475e-05 5.00000668e+07 -3.52612267e+01 6.11096396e+01
1.79292929e-05 2.24747475e-05 5.00000663e+07 -3.39192778e+01 5.98494294e+01
1.84343434e-05 2.24747475e-05 5.00000657e+07 -3.26517546e+01 5.87105268e+01
1.89393939e-05 2.24747475e-05 5.00000650e+07 -3.14698490e+01 5.76774386e+01
1.94444444e-05 2.24747475e-05 5.00000643e+07 -3.03815014e+01 5.67349171e+01
1.99494949e-05 2.24747475e-05 5.00000635e+07 -2.93917392e+01 5.58682416e+01
2.04545455e-05 2.24747475e-05 5.00000627e+07 -2.85029969e+01 5.50634418e+01
2.09595960e-05 2.24747475e-05 5.00000619e+07 -2.77154251e+01 5.43074762e+01
2.14646465e-05 2.24747475e-05 5.00000611e+07 -2.70271898e+01 5.35883710e+01
2.19696970e-05 2.24747475e-05 5.00000603e+07 -2.64347666e+01 5.28953238e+01
2.24747475e-05 2.24747475e-05 5.00000595e+07 -2.59332280e+01 5.22187746e+01
2.29797980e-05 2.24747475e-05 5.00000586e+07 -2.55165223e+01 5.15504443e+01
2.34848485e-05 2.24747475e-05 5.00000578e+07 -2.51777418e+01 5.08833439e+01
2.39898990e-05 2.24747475e-05 5.00000569e+07 -2.49093767e+01 5.02117544e+01
2.44949495e-05 2.24747475e-05 5.00000560e+07 -2.47035507e+01 4.95311815e+01
2.50000000e-05 2.24747475e-05 5.00000551e+07 -2.45522356e+01 4.88382880e+01
-2.50000000e-05 2.29797980e-05 4.99997292e+07 -4.20972316e+02 -5.91475216e+02
-2.44949495e-05 2.29797980e-05 4.99996682e+07 -3.88339607e+02 -6.91415467e+02
-2.39898990e-05 2.29797980e-05 4.99996012e+07 -3.39708165e+02 -8.04164635e+02
-2.34848485e-05 2.29797980e-05 4.99995288e+07 -2.70893892e+02 -9.30144244e+02
-2.29797980e-05 2.29797980e-05 4.99994523e+07 -1.76957013e+02 -1.06914641e+03
-2.24747475e-05 2.29797980e-05 4.99993740e+07 -5.22270857e+01 -1.21999006e+03
-2.19696970e-05 2.29797980e-05 4.99992973e+07 1.09552407e+02 -1.38007389e+03
-2.14646465e-05 2.29797980e-05 4.99992269e+07 3.14887627e+02 -1.54482861e+03
-2.09595960e-05 2.29797980e-05 4.99991695e+07 5.69914127e+02 -1.70710108e+03
-2.04545455e-05 2.29797980e-05 4.99991331e+07 8.79391201e+02 -1.85655427e+03
-1.99494949e-05 2.29797980e-05 4.99991277e+07 1.24522744e+03 -1.97924458e+03
-1.94444444e-05 2.29797980e-05 4.99991636e+07 1.66452663e+03 -2.05763643e+03
-1.89393939e-05 2.29797980e-05 4.99992508e+07 2.12730110e+03 -2.07140643e+03
-1.84343434e-05 2.29797980e-05 4.99993961e+07 2.61426105e+03 -1.99941788e+03
-1.79292929e-05 2.29797980e-05 4.99996007e+07 3.09542343e+03 -1.82311705e+03
-1.74242424e-05 2.29797980e-05 4.99998569e+07 3.53057003e+03 -1.53121602e+03
-1.69191919e-05 2.29797980e-05 5.00001462e+07 3.87258562e+03 -1.12486539e+03
-1.64141414e-05 2.29797980e-05 5.00004394e+07 4.07414878e+03 -6.21758129e+02
-1.59090909e-05 2.29797980e-05 5.00006999e+07 4.09702993e+03 -5.71783139e+01
-1.54040404e-05 2.29797980e-05 5.00008909e+07 3.92171517e+03 5.19553995e+02
-1.48989899e-05 2.29797980e-05 5.00009829e+07 3.55406396e+03 1.05327708e+03
-1.43939394e-05 2.29797980e-05 5.00009621e+07 3.02612395e+03 1.49379328e+03
-1.38888889e-05 2.29797980e-05 5.00008327e+07 2.39025273e+03 1.80580875e+03
-1.33838384e-05 2.29797980e-05 5.00006163e+07 1.70838608e+03 1.97470642e+03
-1.28787879e-05 2.29797980e-05 5.00003451e+07 1.04011530e+03 2.00664704e+03
-1.23737374e-05 2.29797980e-05 5.00000546e+07 4.33226657e+02 1.92382049e+03
-1.18686869e-05 2.29797980e-05 4.99997762e+07 -8.12165924e+01 1.75722668e+03
-1.13636364e-05 2.29797980e-05 4.99995333e+07 -4.89184454e+02 1.53956237e+03
-1.08585859e-05 2.29797980e-05 4.99993396e+07 -7.90734923e+02 1.29994643e+03
-1.03535354e-05 2.29797980e-05 4.99991997e+07 -9.95602833e+02 1.06106394e+03
-9.84848485e-06 2.29797980e-05 4.99991117e+07 -1.11879764e+03 8.38429895e+02
-9.34343434e-06 2.29797980e-05 4.99990694e+07 -1.17706486e+03 6.41068351e+02
-8.83838384e-06 2.29797980e-05 4.99990643e+07 -1.18649284e+03 4.72883926e+02
-8.33333333e-06 2.29797980e-05 4.99990876e+07 -1.16117528e+03 3.34184242e+02
-7.82828283e-06 2.29797980e-05 4.99991310e+07 -1.11267396e+03 2.23036587e+02
-7.32323232e-06 2.29797980e-05 4.99991873e+07 -1.05000135e+03 1.36325564e+02
-6.81818182e-06 2.29797980e-05 4.99992508e+07 -9.79889652e+02 7.04960192e+01
-6.31313131e-06 2.29797980e-05 4.99993170e+07 -9.07180901e+02 2.20249223e+01
-5.80808081e-06 2.29797980e-05 4.99993826e+07 -8.35235590e+02 -1.23142249e+01
-5.30303030e-06 2.29797980e-05 4.99994452e+07 -7.66304305e+02 -3.53327988e+01
-4.79797980e-06 2.29797980e-05 4.99995035e+07 -7.01837856e+02 -4.94038428e+01
-4.29292929e-06 2.29797980e-05 4.99995566e+07 -6.42729055e+02 -5.64967860e+01
-3.78787879e-06 2.29797980e-05 4.99996042e+07 -5.89488077e+02 -5.82437244e+01
-3.28282828e-06 2.29797980e-05 4.99996465e+07 -5.42356953e+02 -5.60186485e+01
-2.77777778e-06 2.29797980e-05 4.99996837e+07 -5.01370176e+02 -5.10154109e+01
-2.27272727e-06 2.29797980e-05 4.99997166e+07 -4.66370106e+02 -4.43121706e+01
-1.76767677e-06 2.29797980e-05 4.99997458e+07 -4.36989077e+02 -3.69111265e+01
-1.26262626e-06 2.29797980e-05 4.99997722e+07 -4.12614937e+02 -2.97445660e+01
-7.57575758e-07 2.29797980e-05 4.99997965e+07 -3.92361547e+02 -2.36433474e+01
-2.52525253e-07 2.29797980e-05 4.99998192e+07 -3.75067702e+02 -1.92722220e+01
2.52525253e-07 2.29797980e-05 4.99998407e+07 -3.59344198e+02 -1.70460027e+01
7.57575758e-07 2.29797980e-05 4.99998611e+07 -3.43679100e+02 -1.70480390e+01
1.26262626e-06 2.29797980e-05 4.99998802e+07 -3.26598189e+02 -1.89750793e+01
1.76767677e-06 2.29797980e-05 4.99998977e+07 -3.06864778e+02 -2.21307432e+01
2.27272727e-06 2.29797980e-05 4.99999130e+07 -2.83691394e+02 -2.54858609e+01
2.77777778e-06 2.29797980e-05 4.99999257e+07 -2.56922865e+02 -2.78176117e+01
3.28282828e-06 2.29797980e-05 4.99999356e+07 -2.27136584e+02 -2.79245712e+01
3.78787879e-06 2.29797980e-05 4.99999430e+07 -1.95602676e+02 -2.48852174e+01
4.29292929e-06 2.29797980e-05 4.99999482e+07 -1.64073208e+02 -1.82905082e+01
4.79797980e-06 2.29797980e-05 4.99999521e+07 -1.34431401e+02 -8.36349632e+00
5.30303030e-06 2.29797980e-05 4.99999557e+07 -1.08301350e+02 4.09217769e+00
5.80808081e-06 2.29797980e-05 4.99999598e+07 -8.67473852e+01 1.79021832e+01
6.31313131e-06 2.29797980e-05 4.99999649e+07 -7.01528818e+01 3.18072179e+01
6.81818182e-06 2.29797980e-05 4.99999713e+07 -5.82856640e+01 4.47193834e+01
7.32323232e-06 2.29797980e-05 4.99999788e+07 -5.04854466e+01 5.58769730e+01
7.82828283e-06 2.29797980e-05 4.99999870e+07 -4.58846602e+01 6.48827849e+01
8.33333333e-06 2.29797980e-05 4.99999957e+07 -4.35943693e+01 7.16555306e+01
8.83838384e-06 2.29797980e-05 5.00000044e+07 -4.28249356e+01 7.63393891e+01
9.34343434e-06 2.29797980e-05 5.00000127e+07 -4.29425927e+01 7.92093544e+01
9.84848485e-06 2.29797980e-05 5.00000204e+07 -4.34790274e+01 8.05938229e+01
1.03535354e-05 2.29797980e-05 5.00000274e+07 -4.41138329e+01 8.08213744e+01
1.08585859e-05 2.29797980e-05 5.00000336e+07 -4.46456216e+01 8.01898613e+01
1.13636364e-05 2.29797980e-05 5.00000390e+07 -4.49617660e+01 7.89523044e+01
1.18686869e-05 2.29797980e-05 5.00000435e+07 -4.50118169e+01 7.73137356e+01
1.23737374e-05 2.29797980e-05 5.00000473e+07 -4.47863862e+01 7.54342333e+01
1.28787879e-05 2.29797980e-05 5.00000505e+07 -4.43014761e+01 7.34348463e+01
1.33838384e-05 2.29797980e-05 5.00000530e+07 -4.35874444e+01 7.14043593e+01
1.38888889e-05 2.29797980e-05 5.00000550e+07 -4.26815727e+01 6.94057814e+01
1.43939394e-05 2.29797980e-05 5.00000565e+07 -4.16232723e+01 6.74820367e+01
1.48989899e-05 2.29797980e-05 5.00000577e+07 -4.04511352e+01 6.56606932e+01
1.54040404e-05 2.29797980e-05 5.00000585e+07 -3.92012275e+01 6.39577561e+01
1.59090909e-05 2.29797980e-05 5.00000591e+07 -3.79061899e+01 6.23806381e+01
1.64141414e-05 2.29797980e-05 5.00000594e+07 -3.65948457e+01 6.09304497e+01
1.69191919e-05 2.29797980e-05 5.00000596e+07 -3.52921146e+01 5.96037468e+01
1.74242424e-05 2.29797980e-05 5.00000596e+07 -3.40191014e+01 5.83938605e+01
1.79292929e-05 2.29797980e-05 5.00000594e+07 -3.27932809e+01 5.72919082e+01
1.84343434e-05 2.29797980e-05 5.00000592e+07 -3.16287304e+01 5.62875688e+01
1.89393939e-05 2.29797980e-05 5.00000589e+07 -3.05363820e+01 5.53696804e+01
1.94444444e-05 2.29797980e-05 5.00000585e+07 -2.95242837e+01 5.45267081e+01
1.99494949e-05 2.29797980e-05 5.00000580e+07 -2.85978606e+01 5.37471125e+01
2.04545455e-05 2.29797980e-05 5.00000575e+07 -2.77601761e+01 5.30196431e+01
2.09595960e-05 2.29797980e-05 5.00000570e+07 -2.70121921e+01 5.23335710e+01
2.14646465e-05 2.29797980e-05 5.00000564e+07 -2.63530272e+01 5.16788723e+01
2.19696970e-05 2.29797980e-05 5.00000559e+07 -2.57802129e+01 5.10463672e+01
2.24747475e-05 2.29797980e-05 5.00000552e+07 -2.52899467e+01 5.04278223e+01
2.29797980e-05 2.29797980e-05 5.00000546e+07 -2.48773388e+01 4.98160166e+01
2.34848485e-05 2.29797980e-05 5.00000539e+07 -2.45366504e+01 4.92047761e+01
2.39898990e-05 2.29797980e-05 5.00000532e+07 -2.42615203e+01 4.85889798e+01
2.44949495e-05 2.29797980e-05 5.00000525e+07 -2.40451762e+01 4.79645389e+01
2.50000000e-05 2.29797980e-05 5.00000518e+07 -2.38806288e+01 4.73283548e+01
-2.50000000e-05 2.34848485e-05 4.99996916e+07 -3.28830940e+02 -6.34203620e+02
-2.44949495e-05 2.34848485e-05 4.99996354e+07 -2.84919225e+02 -7.29431791e+02
-2.39898990e-05 2.34848485e-05 4.99995753e+07 -2.24700493e+02 -8.34797245e+02
-2.34848485e-05 2.34848485e-05 4.99995124e+07 -1.44528650e+02 -9.50026006e+02
-2.29797980e-05 2.34848485e-05 4.99994483e+07 -4.02799476e+01 -1.07414538e+03
-2.24747475e-05 2.34848485e-05 4.99993855e+07 9.25424024e+01 -1.20519534e+03
-2.19696970e-05 2.34848485e-05 4.99993276e+07 2.58586341e+02 -1.33988225e+03
-2.14646465e-05 2.34848485e-05 4.99992790e+07 4.62260974e+02 -1.47319431e+03
-2.09595960e-05 2.34848485e-05 4.99992457e+07 7.07123139e+02 -1.59802469e+03
-2.04545455e-05 2.34848485e-05 4.99992343e+07 9.94993795e+02 -1.70488771e+03
-1.99494949e-05 2.34848485e-05 4.99992523e+07 1.32479110e+03 -1.78186265e+03
-1.94444444e-05 2.34848485e-05 4.99993071e+07 1.69113945e+03 -1.81494918e+03
-1.89393939e-05 2.34848485e-05 4.99994045e+07 2.08293520e+03 -1.78904423e+03
-1.84343434e-05 2.34848485e-05 4.99995476e+07 2.48221355e+03 -1.68971376e+03
-1.79292929e-05 2.34848485e-05 4.99997342e+07 2.86382804e+03 -1.50578800e+03
-1.74242424e-05 2.34848485e-05 4.99999557e+07 3.19653535e+03 -1.23252684e+03
-1.69191919e-05 2.34848485e-05 5.00001960e+07 3.44595111e+03 -8.74717178e+02
-1.64141414e-05 2.34848485e-05 5.00004324e+07 3.57940424e+03 -4.48713788e+02
-1.59090909e-05 2.34848485e-05 5.00006383e+07 3.57199580e+03 1.76503595e+01
-1.54040404e-05 2.34848485e-05 5.00007874e+07 3.41240495e+03 4.87961935e+02
-1.48989899e-05 2.34848485e-05 5.00008598e+07 3.10660330e+03 9.22722873e+02
-1.43939394e-05 2.34848485e-05 5.00008456e+07 2.67800521e+03 1.28617503e+03
-1.38888889e-05 2.34848485e-05 5.00007475e+07 2.16369996e+03 1.55250747e+03
-1.33838384e-05 2.34848485e-05 5.00005799e+07 1.60780037e+03 1.70963328e+03
-1.28787879e-05 2.34848485e-05 5.00003648e+07 1.05390352e+03 1.75964176e+03
-1.23737374e-05 2.34848485e-05 5.00001279e+07 5.38736223e+02 1.71624521e+03
-1.18686869e-05 2.34848485e-05 4.99998929e+07 8.83292142e+01 1.60043922e+03
-1.13636364e-05 2.34848485e-05 4.99996791e+07 -2.82989802e+02 1.43584523e+03
-1.08585859e-05 2.34848485e-05 4.99994991e+07 -5.71352624e+02 1.24487671e+03
-1.03535354e-05 2.34848485e-05 4.99993595e+07 -7.80822794e+02 1.04628035e+03
-9.84848485e-06 2.34848485e-05 4.99992611e+07 -9.20514481e+02 8.54063947e+02
-9.34343434e-06 2.34848485e-05 4.99992012e+07 -1.00200923e+03 6.77495787e+02
-8.83838384e-06 2.34848485e-05 4.99991745e+07 -1.03739223e+03 5.21757030e+02
-8.33333333e-06 2.34848485e-05 4.99991748e+07 -1.03796962e+03 3.88874701e+02
-7.82828283e-06 2.34848485e-05 4.99991957e+07 -1.01357488e+03 2.78674274e+02
-7.32323232e-06 2.34848485e-05 4.99992313e+07 -9.72311275e+02 1.89605312e+02
-6.81818182e-06 2.34848485e-05 4.99992765e+07 -9.20576844e+02 1.19382207e+02
-6.31313131e-06 2.34848485e-05 4.99993273e+07 -8.63245901e+02 6.54377913e+01
-5.80808081e-06 2.34848485e-05 4.99993802e+07 -8.03917488e+02 2.52159060e+01
-5.30303030e-06 2.34848485e-05 4.99994330e+07 -7.45173318e+02 -3.66133561e+00
-4.79797980e-06 2.34848485e-05 4.99994840e+07 -6.88812569e+02 -2.33166198e+01
-4.29292929e-06 2.34848485e-05 4.99995319e+07 -6.36047503e+02 -3.56011579e+01
-3.78787879e-06 2.34848485e-05 4.99995763e+07 -5.87654140e+02 -4.21156231e+01
-3.28282828e-06 2.34848485e-05 4.99996170e+07 -5.44078187e+02 -4.42501713e+01
-2.77777778e-06 2.34848485e-05 4.99996540e+07 -5.05500090e+02 -4.32292623e+01
-2.27272727e-06 2.34848485e-05 4.99996876e+07 -4.71866034e+02 -4.01496491e+01
-1.76767677e-06 2.34848485e-05 4.99997184e+07 -4.42894784e+02 -3.60022146e+01
-1.26262626e-06 2.34848485e-05 4.99997467e+07 -4.18073470e+02 -3.16713460e+01
-7.57575758e-07 2.34848485e-05 4.99997731e+07 -3.96657832e+02 -2.79100230e+01
-2.52525253e-07 2.34848485e-05 4.99997979e+07 -3.77692616e+02 -2.52947009e+01
2.52525253e-07 2.34848485e-05 4.99998213e+07 -3.60064571e+02 -2.41702758e+01
7.57575758e-07 2.34848485e-05 4.99998433e+07 -3.42593740e+02 -2.46001858e+01
1.26262626e-06 2.34848485e-05 4.99998637e+07 -3.24159732e+02 -2.63386577e+01
1.76767677e-06 2.34848485e-05 4.99998822e+07 -3.03850004e+02 -2.88409273e+01
2.27272727e-06 2.34848485e-05 4.99998985e+07 -2.81107965e+02 -3.13231860e+01
2.77777778e-06 2.34848485e-05 4.99999122e+07 -2.55850415e+02 -3.28763514e+01
3.28282828e-06 2.34848485e-05 4.99999234e+07 -2.28519194e+02 -3.26247366e+01
3.78787879e-06 2.34848485e-05 4.99999321e+07 -2.00036762e+02 -2.99023952e+01
4.29292929e-06 2.34848485e-05 4.99999387e+07 -1.71656201e+02 -2.44027072e+01
4.79797980e-06 2.34848485e-05 4.99999440e+07 -1.44730943e+02 -1.62529943e+01
5.30303030e-06 2.34848485e-05 4.99999486e+07 -1.20463559e+02 -5.98507583e+00
5.80808081e-06 2.34848485e-05 4.99999532e+07 -9.97051947e+01 5.59007219e+00
6.31313131e-06 2.34848485e-05 4.99999583e+07 -8.28573190e+01 1.75595708e+01
6.81818182e-06 2.34848485e-05 4.99999641e+07 -6.98861730e+01 2.90797396e+01
7.32323232e-06 2.34848485e-05 4.99999708e+07 -6.04211626e+01 3.94958787e+01
7.82828283e-06 2.34848485e-05 4.99999780e+07 -5.38899109e+01 4.83936254e+01
8.33333333e-06 2.34848485e-05 4.99999857e+07 -4.96471071e+01 5.55908030e+01
8.83838384e-06 2.34848485e-05 4.99999934e+07 -4.70716762e+01 6.10922619e+01
9.34343434e-06 2.34848485e-05 5.00000010e+07 -4.56251095e+01 6.50310177e+01
9.84848485e-06 2.34848485e-05 5.00000083e+07 -4.48760679e+01 6.76124334e+01
1.03535354e-05 2.34848485e-05 5.00000150e+07 -4.45014470e+01 6.90700345e+01
1.08585859e-05 2.34848485e-05 5.00000211e+07 -4.42740908e+01 6.96351511e+01
1.13636364e-05 2.34848485e-05 5.00000266e+07 -4.40449579e+01 6.95188817e+01
1.18686869e-05 2.34848485e-05 5.00000314e+07 -4.37246940e+01 6.89034035e+01
1.23737374e-05 2.34848485e-05 5.00000355e+07 -4.32672155e+01 6.79395591e+01
1.28787879e-05 2.34848485e-05 5.00000390e+07 -4.26563152e+01 6.67481897e+01
1.33838384e-05 2.34848485e-05 5.00000420e+07 -4.18953700e+01 6.54233868e+01
1.38888889e-05 2.34848485e-05 5.00000445e+07 -4.09997847e+01 6.40364730e+01
1.43939394e-05 2.34848485e-05 5.00000466e+07 -3.99916505e+01 6.26400060e+01
1.48989899e-05 2.34848485e-05 5.00000482e+07 -3.88960930e+01 6.12714411e+01
1.54040404e-05 2.34848485e-05 5.00000496e+07 -3.77388591e+01 5.99562956e+01
1.59090909e-05 2.34848485e-05 5.00000506e+07 -3.65447823e+01 5.87107865e+01
1.64141414e-05 2.34848485e-05 5.00000514e+07 -3.53368518e+01 5.75439778e+01
1.69191919e-05 2.34848485e-05 5.00000520e+07 -3.41356903e+01 5.64594999e+01
1.74242424e-05 2.34848485e-05 5.00000524e+07 -3.29592985e+01 5.54569160e+01
1.79292929e-05 2.34848485e-05 5.00000526e+07 -3.18229739e+01 5.45328015e+01
1.84343434e-05 2.34848485e-05 5.00000527e+07 -3.07393389e+01 5.36815985e+01
1.89393939e-05 2.34848485e-05 5.00000528e+07 -2.97184400e+01 5.28962929e+01
1.94444444e-05 2.34848485e-05 5.00000527e+07 -2.87678890e+01 5.21689543e+01
1.99494949e-05 2.34848485e-05 5.00000525e+07 -2.78930342e+01 5.14911683e+01
2.04545455e-05 2.34848485e-05 5.00000523e+07 -2.70971492e+01 5.08543833e+01
2.09595960e-05 2.34848485e-05 5.00000520e+07 -2.63816334e+01 5.02501884e+01
2.14646465e-05 2.34848485e-05 5.00000517e+07 -2.57462218e+01 4.96705345e+01
2.19696970e-05 2.34848485e-05 5.00000513e+07 -2.51891977e+01 4.91079061e+01
2.24747475e-05 2.34848485e-05 5.00000509e+07 -2.47076075e+01 4.85554516e+01
2.29797980e-05 2.34848485e-05 5.00000505e+07 -2.42974731e+01 4.80070754e+01
2.34848485e-05 2.34848485e-05 5.00000500e+07 -2.39539992e+01 4.74574971e+01
2.39898990e-05 2.34848485e-05 5.00000495e+07 -2.36717721e+01 4.69022806e+01
2.44949495e-05 2.34848485e-05 5.00000490e+07 -2.34449466e+01 4.63378370e+01
2.50000000e-05 2.34848485e-05 5.00000484e+07 -2.32674194e+01 4.57614053e+01
-2.50000000e-05 2.39898990e-05 4.99996660e+07 -2.41107041e+02 -6.64080756e+02
-2.44949495e-05 2.39898990e-05 4.99996156e+07 -1.88251757e+02 -7.53038620e+02
-2.39898990e-05 2.39898990e-05 4.99995631e+07 -1.19360716e+02 -8.49587896e+02
-2.34848485e-05 2.39898990e-05 4.99995100e+07 -3.13790689e+01 -9.52932099e+02
-2.29797980e-05 2.39898990e-05 4.99994580e+07 7.89917242e+01 -1.06157441e+03
-2.24747475e-05 2.39898990e-05 4.99994097e+07 2.15144269e+02 -1.17309254e+03
-2.19696970e-05 2.39898990e-05 4.99993684e+07 3.80312786e+02 -1.28389124e+03
-2.14646465e-05 2.39898990e-05 4.99993383e+07 5.77186443e+02 -1.38895874e+03
-2.09595960e-05 2.39898990e-05 4.99993241e+07 8.07361436e+02 -1.48167400e+03
-2.04545455e-05 2.39898990e-05 4.99993313e+07 1.07062115e+03 -1.55373776e+03
-1.99494949e-05 2.39898990e-05 4.99993653e+07 1.36406862e+03 -1.59532693e+03
-1.94444444e-05 2.39898990e-05 4.99994310e+07 1.68119456e+03 -1.59559040e+03
-1.89393939e-05 2.39898990e-05 4.99995314e+07 2.01104624e+03 -1.54359600e+03
-1.84343434e-05 2.39898990e-05 4.99996671e+07 2.33775511e+03 -1.42978407e+03
-1.79292929e-05 2.39898990e-05 4.99998344e+07 2.64075009e+03 -1.24786176e+03
-1.74242424e-05 2.39898990e-05 5.00000250e+07 2.89597627e+03 -9.96887548e+02
-1.69191919e-05 2.39898990e-05 5.00002252e+07 3.07829628e+03 -6.83084496e+02
-1.64141414e-05 2.39898990e-05 5.00004175e+07 3.16494769e+03 -3.20775343e+02
-1.59090909e-05 2.39898990e-05 5.00005821e+07 3.13951388e+03 6.81338642e+01
-1.54040404e-05 2.39898990e-05 5.00007003e+07 2.99548970e+03 4.56399968e+02
-1.48989899e-05 2.39898990e-05 5.00007580e+07 2.73839613e+03 8.15177928e+02
-1.43939394e-05 2.39898990e-05 5.00007482e+07 2.38566784e+03 1.11844705e+03
-1.38888889e-05 2.39898990e-05 5.00006727e+07 1.96417076e+03 1.34700267e+03
-1.33838384e-05 2.39898990e-05 5.00005410e+07 1.50595283e+03 1.49098002e+03
-1.28787879e-05 2.39898990e-05 5.00003688e+07 1.04335665e+03 1.55036782e+03
-1.23737374e-05 2.39898990e-05 5.00001746e+07 6.04702955e+02 1.53362460e+03
-1.18686869e-05 2.39898990e-05 4.99999766e+07 2.11407225e+02 1.45503650e+03
-1.13636364e-05 2.39898990e-05 4.99997900e+07 -1.23169049e+02 1.33166229e+03
-1.08585859e-05 2.39898990e-05 4.99996264e+07 -3.93343279e+02 1.18060028e+03
-1.03535354e-05 2.39898990e-05 4.99994923e+07 -5.99722868e+02 1.01701515e+03
-9.84848485e-06 2.39898990e-05 4.99993905e+07 -7.47371071e+02 8.53044325e+02
-9.34343434e-06 2.39898990e-05 4.99993203e+07 -8.43986908e+02 6.97470958e+02
-8.83838384e-06 2.39898990e-05 4.99992789e+07 -8.98381200e+02 5.55938310e+02
-8.33333333e-06 2.39898990e-05 4.99992621e+07 -9.19363394e+02 4.31467190e+02
-7.82828283e-06 2.39898990e-05 4.99992652e+07 -9.15034711e+02 3.25082559e+02
-7.32323232e-06 2.39898990e-05 4.99992836e+07 -8.92418310e+02 2.36419560e+02
-6.81818182e-06 2.39898990e-05 4.99993130e+07 -8.57335084e+02 1.64238816e+02
-6.31313131e-06 2.39898990e-05 4.99993497e+07 -8.14438029e+02 1.06825153e+02
-5.80808081e-06 2.39898990e-05 4.99993908e+07 -7.67334770e+02 6.22716228e+01
-5.30303030e-06 2.39898990e-05 4.99994339e+07 -7.18747392e+02 2.86649065e+01
-4.79797980e-06 2.39898990e-05 4.99994771e+07 -6.70676229e+02 4.19324443e+00
-4.29292929e-06 2.39898990e-05 4.99995193e+07 -6.24547813e+02 -1.28020246e+01
-3.78787879e-06 2.39898990e-05 4.99995596e+07 -5.81336844e+02 -2.38126663e+01
-3.28282828e-06 2.39898990e-05 4.99995977e+07 -5.41658581e+02 -3.01718623e+01
-2.77777778e-06 2.39898990e-05 4.99996333e+07 -5.05832593e+02 -3.30718282e+01
-2.27272727e-06 2.39898990e-05 4.99996665e+07 -4.73922252e+02 -3.35804566e+01
-1.76767677e-06 2.39898990e-05 4.99996975e+07 -4.45757205e+02 -3.26492360e+01
-1.26262626e-06 2.39898990e-05 4.99997265e+07 -4.20948416e+02 -3.11076823e+01
-7.57575758e-07 2.39898990e-05 4.99997539e+07 -3.98906598e+02 -2.96432467e+01
-2.52525253e-07 2.39898990e-05 4.99997797e+07 -3.78874465e+02 -2.87699543e+01
2.52525253e-07 2.39898990e-05 4.99998040e+07 -3.59980530e+02 -2.87932075e+01
7.57575758e-07 2.39898990e-05 4.99998268e+07 -3.41317314e+02 -2.97812744e+01
1.26262626e-06 2.39898990e-05 4.99998479e+07 -3.22040442e+02 -3.15551446e+01
1.76767677e-06 2.39898990e-05 4.99998670e+07 -3.01478227e+02 -3.37072249e+01
2.27272727e-06 2.39898990e-05 4.99998839e+07 -2.79234999e+02 -3.56555606e+01
2.77777778e-06 2.39898990e-05 4.99998985e+07 -2.55266893e+02 -3.67336359e+01
3.28282828e-06 2.39898990e-05 4.99999106e+07 -2.29908181e+02 -3.63063289e+01
3.78787879e-06 2.39898990e-05 4.99999204e+07 -2.03832301e+02 -3.38917755e+01
4.29292929e-06 2.39898990e-05 4.99999283e+07 -1.77946136e+02 -2.92609214e+01
4.79797980e-06 2.39898990e-05 4.99999348e+07 -1.53236010e+02 -2.24870889e+01
5.30303030e-06 2.39898990e-05 4.99999404e+07 -1.30601388e+02 -1.39301129e+01
5.80808081e-06 2.39898990e-05 4.99999456e+07 -1.10717791e+02 -4.16010089e+00
6.31313131e-06 2.39898990e-05 4.99999510e+07 -9.39599146e+01 6.15475839e+00
6.81818182e-06 2.39898990e-05 4.99999567e+07 -8.03943163e+01 1.63631384e+01
7.32323232e-06 2.39898990e-05 4.99999629e+07 -6.98291115e+01 2.59199648e+01
7.82828283e-06 2.39898990e-05 4.99999696e+07 -6.18953530e+01 3.44358923e+01
8.33333333e-06 2.39898990e-05 4.99999765e+07 -5.61338603e+01 4.16874493e+01
8.83838384e-06 2.39898990e-05 4.99999836e+07 -5.20687105e+01 4.75982997e+01
9.34343434e-06 2.39898990e-05 4.99999906e+07 -4.92586710e+01 5.22051938e+01
9.84848485e-06 2.39898990e-05 4.99999974e+07 -4.73261314e+01 5.56202846e+01
1.03535354e-05 2.39898990e-05 5.00000039e+07 -4.59678509e+01 5.79974033e+01
1.08585859e-05 2.39898990e-05 5.00000099e+07 -4.49533910e+01 5.95058430e+01
1.13636364e-05 2.39898990e-05 5.00000153e+07 -4.41166271e+01 6.03122615e+01
1.18686869e-05 2.39898990e-05 5.00000202e+07 -4.33443890e+01 6.05696786e+01
1.23737374e-05 2.39898990e-05 5.00000246e+07 -4.25648276e+01 6.04119012e+01
1.28787879e-05 2.39898990e-05 5.00000284e+07 -4.17369230e+01 5.99516972e+01
1.33838384e-05 2.39898990e-05 5.00000318e+07 -4.08417246e+01 5.92813105e+01
1.38888889e-05 2.39898990e-05 5.00000347e+07 -3.98754206e+01 5.84742680e+01
1.43939394e-05 2.39898990e-05 5.00000371e+07 -3.88440695e+01 5.75877667e+01
1.48989899e-05 2.39898990e-05 5.00000392e+07 -3.77597240e+01 5.66651924e+01
1.54040404e-05 2.39898990e-05 5.00000409e+07 -3.66376574e+01 5.57385144e+01
1.59090909e-05 2.39898990e-05 5.00000424e+07 -3.54944316e+01 5.48304322e+01
1.64141414e-05 2.39898990e-05 5.00000436e+07 -3.43465864e+01 5.39562281e+01
1.69191919e-05 2.39898990e-05 5.00000446e+07 -3.32097792e+01 5.31253264e+01
1.74242424e-05 2.39898990e-05 5.00000453e+07 -3.20982441e+01 5.23425869e+01
1.79292929e-05 2.39898990e-05 5.00000459e+07 -3.10244753e+01 5.16093657e+01
1.84343434e-05 2.39898990e-05 5.00000464e+07 -2.99990666e+01 5.09243810e+01
1.89393939e-05 2.39898990e-05 5.00000467e+07 -2.90306580e+01 5.02844192e+01
1.94444444e-05 2.39898990e-05 5.00000469e+07 -2.81259578e+01 4.96849093e+01
1.99494949e-05 2.39898990e-05 5.00000471e+07 -2.72898168e+01 4.91203920e+01
2.04545455e-05 2.39898990e-05 5.00000471e+07 -2.65253391e+01 4.85849001e+01
2.09595960e-05 2.39898990e-05 5.00000471e+07 -2.58340186e+01 4.80722689e+01
2.14646465e-05 2.39898990e-05 5.00000470e+07 -2.52158943e+01 4.75763854e+01
2.19696970e-05 2.39898990e-05 5.00000468e+07 -2.46697164e+01 4.70913857e+01
2.24747475e-05 2.39898990e-05 5.00000466e+07 -2.41931208e+01 4.66118097e+01
2.29797980e-05 2.39898990e-05 5.00000464e+07 -2.37828050e+01 4.61327150e+01
2.34848485e-05 2.39898990e-05 5.00000461e+07 -2.34347035e+01 4.56497574e+01
2.39898990e-05 2.39898990e-05 5.00000457e+07 -2.31441587e+01 4.51592413e+01
2.44949495e-05 2.39898990e-05 5.00000454e+07 -2.29060832e+01 4.46581434e+01
2.50000000e-05 2.39898990e-05 5.00000449e+07 -2.27151120e+01 4.41441133e+01
-2.50000000e-05 2.44949495e-05 4.99996505e+07 -1.59126815e+02 -6.82477586e+02
-2.44949495e-05 2.44949495e-05 4.99996064e+07 -9.95483167e+01 -7.64153615e+02
-2.39898990e-05 2.44949495e-05 4.99995618e+07 -2.46423162e+01 -8.51105514e+02
-2.34848485e-05 2.44949495e-05 4.99995182e+07 6.80547737e+01 -9.42175797e+02
-2.29797980e-05 2.44949495e-05 4.99994775e+07 1.81066508e+02 -1.03555107e+03
-2.24747475e-05 2.44949495e-05 4.99994422e+07 3.16808732e+02 -1.12859850e+03
-2.19696970e-05 2.44949495e-05 4.99994152e+07 4.77338764e+02 -1.21770434e+03
-2.14646465e-05 2.44949495e-05 4.99994001e+07 6.64005313e+02 -1.29814125e+03
-2.09595960e-05 2.44949495e-05 4.99994007e+07 8.76991334e+02 -1.36400541e+03
-2.04545455e-05 2.44949495e-05 4.99994213e+07 1.11475970e+03 -1.40827959e+03
-1.99494949e-05 2.44949495e-05 4.99994655e+07 1.37344129e+03 -1.42308947e+03
-1.94444444e-05 2.44949495e-05 4.99995363e+07 1.64624759e+03 -1.40022178e+03
-1.89393939e-05 2.44949495e-05 4.99996352e+07 1.92304077e+03 -1.33195127e+03
-1.84343434e-05 2.44949495e-05 4.99997609e+07 2.19024017e+03 -1.21217205e+03
-1.79292929e-05 2.44949495e-05 4.99999095e+07 2.43126300e+03 -1.03773987e+03
-1.74242424e-05 2.44949495e-05 5.00000731e+07 2.62765877e+03 -8.09818141e+02
-1.69191919e-05 2.44949495e-05 5.00002406e+07 2.76097791e+03 -5.34911710e+02
-1.64141414e-05 2.44949495e-05 5.00003983e+07 2.81521567e+03 -2.25222557e+02
-1.59090909e-05 2.44949495e-05 5.00005313e+07 2.77943666e+03 1.01974610e+02
-1.54040404e-05 2.44949495e-05 5.00006263e+07 2.65000200e+03 4.26035407e+02
-1.48989899e-05 2.44949495e-05 5.00006728e+07 2.43179277e+03 7.25520857e+02
-1.43939394e-05 2.44949495e-05 5.00006661e+07 2.13801022e+03 9.81137189e+02
-1.38888889e-05 2.44949495e-05 5.00006070e+07 1.78850014e+03 1.17836999e+03
-1.33838384e-05 2.44949495e-05 5.00005023e+07 1.40696463e+03 1.30920453e+03
-1.28787879e-05 2.44949495e-05 5.00003632e+07 1.01772084e+03 1.37259593e+03
-1.23737374e-05 2.44949495e-05 5.00002031e+07 6.42730726e+02 1.37371891e+03
-1.18686869e-05 2.44949495e-05 5.00000360e+07 2.99456853e+02 1.32233882e+03
-1.13636364e-05 2.44949495e-05 4.99998741e+07 -2.04551069e-01 1.23079711e+03
-1.08585859e-05 2.44949495e-05 4.99997271e+07 -2.49967416e+02 1.11208016e+03
-1.03535354e-05 2.44949495e-05 4.99996016e+07 -4.48438784e+02 9.78294269e+02
-9.84848485e-06 2.44949495e-05 4.99995009e+07 -5.97980756e+02 8.39685816e+02
-9.34343434e-06 2.44949495e-05 4.99994258e+07 -7.03461265e+02 7.04190414e+02
-8.83838384e-06 2.44949495e-05 4.99993750e+07 -7.71114615e+02 5.77400778e+02
-8.33333333e-06 2.44949495e-05 4.99993460e+07 -8.07631437e+02 4.62809375e+02
-7.82828283e-06 2.44949495e-05 4.99993356e+07 -8.19513619e+02 3.62191567e+02
-7.32323232e-06 2.44949495e-05 4.99993401e+07 -8.12674427e+02 2.76026419e+02
-6.81818182e-06 2.44949495e-05 4.99993562e+07 -7.92236120e+02 2.03888861e+02
-6.31313131e-06 2.44949495e-05 4.99993807e+07 -7.62469802e+02 1.44778611e+02
-5.80808081e-06 2.44949495e-05 4.99994110e+07 -7.26826719e+02 9.73743114e+01
-5.30303030e-06 2.44949495e-05 4.99994449e+07 -6.88020163e+02 6.02157475e+01
-4.79797980e-06 2.44949495e-05 4.99994805e+07 -6.48128217e+02 3.18245485e+01
-4.29292929e-06 2.44949495e-05 4.99995167e+07 -6.08697493e+02 1.07766468e+01
-3.78787879e-06 2.44949495e-05 4.99995524e+07 -5.70835989e+02 -4.26004051e+00
-3.28282828e-06 2.44949495e-05 4.99995871e+07 -5.35289224e+02 -1.45104290e+01
-2.77777778e-06 2.44949495e-05 4.99996204e+07 -5.02498307e+02 -2.10890332e+01
-2.27272727e-06 2.44949495e-05 4.99996522e+07 -4.72642026e+02 -2.50001214e+01
-1.76767677e-06 2.44949495e-05 4.99996825e+07 -4.45667648e+02 -2.71349256e+01
-1.26262626e-06 2.44949495e-05 4.99997112e+07 -4.21316907e+02 -2.82621548e+01
-7.57575758e-07 2.44949495e-05 4.99997386e+07 -3.99154468e+02 -2.90110235e+01
-2.52525253e-07 2.44949495e-05 4.99997645e+07 -3.78605581e+02 -2.98491359e+01
2.52525253e-07 2.44949495e-05 4.99997891e+07 -3.59007522e+02 -3.10604291e+01
7.57575758e-07 2.44949495e-05 4.99998121e+07 -3.39675953e+02 -3.27303548e+01
1.26262626e-06 2.44949495e-05 4.99998333e+07 -3.19982799e+02 -3.47460397e+01
1.76767677e-06 2.44949495e-05 4.99998527e+07 -2.99437592e+02 -3.68179450e+01
2.27272727e-06 2.44949495e-05 4.99998700e+07 -2.77760205e+02 -3.85263841e+01
2.77777778e-06 2.44949495e-05 4.99998851e+07 -2.54930658e+02 -3.93912141e+01
3.28282828e-06 2.44949495e-05 4.99998979e+07 -2.31202604e+02 -3.89566342e+01
3.78787879e-06 2.44949495e-05 4.99999087e+07 -2.07072255e+02 -3.68767538e+01
4.29292929e-06 2.44949495e-05 4.99999176e+07 -1.83204081e+02 -3.29839301e+01
4.79797980e-06 2.44949495e-05 4.99999251e+07 -1.60326187e+02 -2.73234580e+01
5.30303030e-06 2.44949495e-05 4.99999316e+07 -1.39117743e+02 -2.01459417e+01
5.80808081e-06 2.44949495e-05 4.99999375e+07 -1.20113473e+02 -1.18604110e+01
6.31313131e-06 2.44949495e-05 4.99999433e+07 -1.03644471e+02 -2.96220426e+00
6.81818182e-06 2.44949495e-05 4.99999491e+07 -8.98227933e+01 6.04481216e+00
7.32323232e-06 2.44949495e-05 4.99999552e+07 -7.85646827e+01 1.47137799e+01
7.82828283e-06 2.44949495e-05 4.99999615e+07 -6.96388421e+01 2.26972513e+01
8.33333333e-06 2.44949495e-05 4.99999680e+07 -6.27238648e+01 2.97641102e+01
8.83838384e-06 2.44949495e-05 4.99999746e+07 -5.74617877e+01 3.57953043e+01
9.34343434e-06 2.44949495e-05 4.99999812e+07 -5.35000130e+01 4.07658996e+01
9.84848485e-06 2.44949495e-05 4.99999877e+07 -5.05190477e+01 4.47210610e+01
1.03535354e-05 2.44949495e-05 4.99999939e+07 -4.82471789e+01 4.77518126e+01
1.08585859e-05 2.44949495e-05 4.99999997e+07 -4.64650572e+01 4.99741076e+01
1.13636364e-05 2.44949495e-05 5.00000051e+07 -4.50035687e+01 5.15127073e+01
1.18686869e-05 2.44949495e-05 5.00000101e+07 -4.37379508e+01 5.24899669e+01
1.23737374e-05 2.44949495e-05 5.00000146e+07 -4.25803468e+01 5.30188577e+01
1.28787879e-05 2.44949495e-05 5.00000186e+07 -4.14722261e+01 5.31992665e+01
1.33838384e-05 2.44949495e-05 5.00000222e+07 -4.03774713e+01 5.31166124e+01
1.38888889e-05 2.44949495e-05 5.00000254e+07 -3.92764939e+01 5.28419714e+01
1.43939394e-05 2.44949495e-05 5.00000282e+07 -3.81614587e+01 5.24330851e+01
1.48989899e-05 2.44949495e-05 5.00000306e+07 -3.70325472e+01 5.19358160e+01
1.54040404e-05 2.44949495e-05 5.00000327e+07 -3.58951150e+01 5.13857591e+01
1.59090909e-05 2.44949495e-05 5.00000345e+07 -3.47575832e+01 5.08098337e+01
1.64141414e-05 2.44949495e-05 5.00000360e+07 -3.36299071e+01 5.02277598e+01
1.69191919e-05 2.44949495e-05 5.00000374e+07 -3.25224894e+01 4.96533729e+01
1.74242424e-05 2.44949495e-05 5.00000385e+07 -3.14454281e+01 4.90957654e+01
1.79292929e-05 2.44949495e-05 5.00000394e+07 -3.04080120e+01 4.85602612e+01
1.84343434e-05 2.44949495e-05 5.00000401e+07 -2.94183998e+01 4.80492376e+01
1.89393939e-05 2.44949495e-05 5.00000408e+07 -2.84834317e+01 4.75628152e+01
1.94444444e-05 2.44949495e-05 5.00000413e+07 -2.76085396e+01 4.70994320e+01
1.99494949e-05 2.44949495e-05 5.00000417e+07 -2.67977280e+01 4.66563216e+01
2.04545455e-05 2.44949495e-05 5.00000419e+07 -2.60536070e+01 4.62299088e+01
2.09595960e-05 2.44949495e-05 5.00000422e+07 -2.53774647e+01 4.58161362e+01
2.14646465e-05 2.44949495e-05 5.00000423e+07 -2.47693654e+01 4.54107303e+01
2.19696970e-05 2.44949495e-05 5.00000423e+07 -2.42282698e+01 4.50094178e+01
2.24747475e-05 2.44949495e-05 5.00000423e+07 -2.37521661e+01 4.46080965e+01
2.29797980e-05 2.44949495e-05 5.00000423e+07 -2.33382103e+01 4.42029670e+01
2.34848485e-05 2.44949495e-05 5.00000421e+07 -2.29828693e+01 4.37906312e+01
2.39898990e-05 2.44949495e-05 5.00000420e+07 -2.26820630e+01 4.33681594e+01
2.44949495e-05 2.44949495e-05 5.00000418e+07 -2.24313021e+01 4.29331318e+01
2.50000000e-05 2.44949495e-05 5.00000415e+07 -2.22258198e+01 4.24836569e+01
-2.50000000e-05 2.50000000e-05 4.99996435e+07 -8.37529436e+01 -6.90898816e+02
-2.44949495e-05 2.50000000e-05 4.99996058e+07 -1.94721123e+01 -7.64744526e+02
-2.39898990e-05 2.50000000e-05 4.99995689e+07 5.91238330e+01 -8.41839244e+02
-2.34848485e-05 2.50000000e-05 4.99995343e+07 1.53943699e+02 -9.20803770e+02
-2.29797980e-05 2.50000000e-05 4.99995038e+07 2.66821400e+02 -9.99674642e+02
-2.24747475e-05 2.50000000e-05 4.99994797e+07 3.99349097e+02 -1.07579459e+03
-2.19696970e-05 2.50000000e-05 4.99994645e+07 5.52647509e+02 -1.14571988e+03
-2.14646465e-05 2.50000000e-05 4.99994613e+07 7.27067967e+02 -1.20516840e+03
-2.09595960e-05 2.50000000e-05 4.99994730e+07 9.21830003e+02 -1.24904090e+03
-2.04545455e-05 2.50000000e-05 4.99995026e+07 1.13461391e+03 -1.27155525e+03
-1.99494949e-05 2.50000000e-05 4.99995528e+07 1.36115029e+03 -1.26653574e+03
-1.94444444e-05 2.50000000e-05 4.99996250e+07 1.59487684e+03 -1.22789202e+03
-1.89393939e-05 2.50000000e-05 4.99997195e+07 1.82676111e+03 -1.15029950e+03
-1.84343434e-05 2.50000000e-05 4.99998344e+07 2.04540708e+03 -1.03005040e+03
-1.79292929e-05 2.50000000e-05 4.99999656e+07 2.23755904e+03 -8.65985397e+02
-1.74242424e-05 2.50000000e-05 5.00001060e+07 2.38907330e+03 -6.60347890e+02
-1.69191919e-05 2.50000000e-05 5.00002468e+07 2.48633904e+03 -4.19351388e+02
-1.64141414e-05 2.50000000e-05 5.00003771e+07 2.51800347e+03 -1.53242068e+02
-1.59090909e-05 2.50000000e-05 5.00004858e+07 2.47672359e+03 1.24299733e+02
-1.54040404e-05 2.50000000e-05 5.00005629e+07 2.36057916e+03 3.97439500e+02
-1.48989899e-05 2.50000000e-05 5.00006009e+07 2.17378912e+03 6.49989356e+02
-1.43939394e-05 2.50000000e-05 5.00005962e+07 1.92649905e+03 8.67402830e+02
-1.38888889e-05 2.50000000e-05 5.00005494e+07 1.63362571e+03 1.03855365e+03
-1.33838384e-05 2.50000000e-05 5.00004652e+07 1.31298328e+03 1.15693001e+03
-1.28787879e-05 2.50000000e-05 5.00003517e+07 9.83088602e+02 1.22103141e+03
-1.23737374e-05 2.50000000e-05 5.00002190e+07 6.61089576e+02 1.23396605e+03
-1.18686869e-05 2.50000000e-05 5.00000776e+07 3.61177076e+02 1.20243455e+03
-1.13636364e-05 2.50000000e-05 4.99999375e+07 9.36729984e+01 1.13539198e+03
-1.08585859e-05 2.50000000e-05 4.99998066e+07 -1.35195670e+02 1.04268712e+03
-1.03535354e-05 2.50000000e-05 4.99996910e+07 -3.22966757e+02 9.33908211e+02
-9.84848485e-06 2.50000000e-05 4.99995942e+07 -4.70256554e+02 8.17559926e+02
-9.34343434e-06 2.50000000e-05 4.99995179e+07 -5.79920451e+02 7.00596531e+02
-8.83838384e-06 2.50000000e-05 4.99994618e+07 -6.56223354e+02 5.88265151e+02
-8.33333333e-06 2.50000000e-05 4.99994246e+07 -7.04124483e+02 4.84177316e+02
-7.82828283e-06 2.50000000e-05 4.99994042e+07 -7.28725400e+02 3.90520620e+02
-7.32323232e-06 2.50000000e-05 4.99993979e+07 -7.34887755e+02 3.08334522e+02
-6.81818182e-06 2.50000000e-05 4.99994031e+07 -7.27001093e+02 2.37794691e+02
-6.31313131e-06 2.50000000e-05 4.99994172e+07 -7.08868944e+02 1.78471149e+02
-5.80808081e-06 2.50000000e-05 4.99994380e+07 -6.83679236e+02 1.29542809e+02
-5.30303030e-06 2.50000000e-05 4.99994634e+07 -6.54028626e+02 8.99634965e+01
-4.79797980e-06 2.50000000e-05 4.99994918e+07 -6.21976424e+02 5.85823124e+01
-4.29292929e-06 2.50000000e-05 4.99995220e+07 -5.89110386e+02 3.42254148e+01
-3.78787879e-06 2.50000000e-05 4.99995528e+07 -5.56612585e+02 1.57479553e+01
-3.28282828e-06 2.50000000e-05 4.99995837e+07 -5.25318583e+02 2.06503503e+00
-2.77777778e-06 2.50000000e-05 4.99996142e+07 -4.95767083e+02 -7.83024236e+00
-2.27272727e-06 2.50000000e-05 4.99996439e+07 -4.68240303e+02 -1.48548773e+01
-1.76767677e-06 2.50000000e-05 4.99996727e+07 -4.42797640e+02 -1.98252176e+01
-1.26262626e-06 2.50000000e-05 4.99997004e+07 -4.19306604e+02 -2.34443512e+01
-7.57575758e-07 2.50000000e-05 4.99997271e+07 -3.97475643e+02 -2.62869175e+01
-2.52525253e-07 2.50000000e-05 4.99997525e+07 -3.76892928e+02 -2.87828689e+01
2.52525253e-07 2.50000000e-05 4.99997767e+07 -3.57073691e+02 -3.12036701e+01
7.57575758e-07 2.50000000e-05 4.99997994e+07 -3.37516145e+02 -3.36556652e+01
1.26262626e-06 2.50000000e-05 4.99998205e+07 -3.17763009e+02 -3.60855329e+01
1.76767677e-06 2.50000000e-05 4.99998398e+07 -2.97462552e+02 -3.83016433e+01
2.27272727e-06 2.50000000e-05 4.99998572e+07 -2.76420676e+02 -4.00126829e+01
2.77777778e-06 2.50000000e-05 4.99998725e+07 -2.54634626e+02 -4.08813274e+01
3.28282828e-06 2.50000000e-05 4.99998859e+07 -2.32300194e+02 -4.05866058e+01
3.78787879e-06 2.50000000e-05 4.99998973e+07 -2.09788227e+02 -3.88849927e+01
4.29292929e-06 2.50000000e-05 4.99999070e+07 -1.87592428e+02 -3.56586318e+01
4.79797980e-06 2.50000000e-05 4.99999153e+07 -1.66257382e+02 -3.09406434e+01
5.30303030e-06 2.50000000e-05 4.99999226e+07 -1.46301007e+02 -2.49123962e+01
5.80808081e-06 2.50000000e-05 4.99999292e+07 -1.28147009e+02 -1.78745648e+01
6.31313131e-06 2.50000000e-05 4.99999354e+07 -1.12079680e+02 -1.02002458e+01
6.81818182e-06 2.50000000e-05 4.99999414e+07 -9.82266998e+01 -2.28196845e+00
7.32323232e-06 2.50000000e-05 4.99999475e+07 -8.65681910e+01 5.51592562e+00
7.82828283e-06 2.50000000e-05 4.99999537e+07 -7.69647588e+01 1.28916269e+01
8.33333333e-06 2.50000000e-05 4.99999600e+07 -6.91949430e+01 1.96239038e+01
8.83838384e-06 2.50000000e-05 4.99999663e+07 -6.29933206e+01 2.55751459e+01
9.34343434e-06 2.50000000e-05 4.99999726e+07 -5.80831389e+01 3.06833271e+01
9.84848485e-06 2.50000000e-05 4.99999788e+07 -5.42004767e+01 3.49476092e+01
1.03535354e-05 2.50000000e-05 4.99999847e+07 -5.11095074e+01 3.84117529e+01
1.08585859e-05 2.50000000e-05 4.99999904e+07 -4.86100714e+01 4.11483092e+01
1.13636364e-05 2.50000000e-05 4.99999958e+07 -4.65394745e+01 4.32452729e+01
1.18686869e-05 2.50000000e-05 5.00000007e+07 -4.47704910e+01 4.47958424e+01
1.23737374e-05 2.50000000e-05 5.00000053e+07 -4.32072416e+01 4.58912257e+01
1.28787879e-05 2.50000000e-05 5.00000095e+07 -4.17801852e+01 4.66160642e+01
1.33838384e-05 2.50000000e-05 5.00000133e+07 -4.04410400e+01 4.70459009e+01
1.38888889e-05 2.50000000e-05 5.00000167e+07 -3.91581056e+01 4.72461287e+01
1.43939394e-05 2.50000000e-05 5.00000198e+07 -3.79122133e+01 4.72719347e+01
1.48989899e-05 2.50000000e-05 5.00000225e+07 -3.66933682e+01 4.71688607e+01
1.54040404e-05 2.50000000e-05 5.00000249e+07 -3.54980560e+01 4.69737023e+01
1.59090909e-05 2.50000000e-05 5.00000270e+07 -3.43271374e+01 4.67155571e+01
1.64141414e-05 2.50000000e-05 5.00000288e+07 -3.31842387e+01 4.64168999e+01
1.69191919e-05 2.50000000e-05 5.00000304e+07 -3.20745454e+01 4.60946111e+01
1.74242424e-05 2.50000000e-05 5.00000318e+07 -3.10039162e+01 4.57609203e+01
1.79292929e-05 2.50000000e-05 5.00000330e+07 -2.99782458e+01 4.54242483e+01
1.84343434e-05 2.50000000e-05 5.00000341e+07 -2.90030206e+01 4.50899442e+01
1.89393939e-05 2.50000000e-05 5.00000349e+07 -2.80830201e+01 4.47609219e+01
1.94444444e-05 2.50000000e-05 5.00000357e+07 -2.72221308e+01 4.44382062e+01
1.99494949e-05 2.50000000e-05 5.00000363e+07 -2.64232433e+01 4.41213953e+01
2.04545455e-05 2.50000000e-05 5.00000368e+07 -2.56882143e+01 4.38090528e+01
2.09595960e-05 2.50000000e-05 5.00000373e+07 -2.50178761e+01 4.34990355e+01
2.14646465e-05 2.50000000e-05 5.00000376e+07 -2.44120823e+01 4.31887660e+01
2.19696970e-05 2.50000000e-05 5.00000379e+07 -2.38697803e+01 4.28754573e+01
2.24747475e-05 2.50000000e-05 5.00000381e+07 -2.33891021e+01 4.25562941e+01
2.29797980e-05 2.50000000e-05 5.00000382e+07 -2.29674683e+01 4.22285770e+01
2.34848485e-05 2.50000000e-05 5.00000382e+07 -2.26016994e+01 4.18898324e+01
2.39898990e-05 2.50000000e-05 5.00000382e+07 -2.22881299e+01 4.15378945e+01
2.44949495e-05 2.50000000e-05 5.00000382e+07 -2.20227223e+01 4.11709600e+01
2.50000000e-05 2.50000000e-05 5.00000380e+07 -2.18011770e+01 4.07876219e+01
-999 -999 -999 -999 -999
-1.47717082e-05 1.56061885e-05 2.11927849e-06 5.19265136e+00
1.82523990e-05 1.28311666e-06 3.38577892e-06 5.80401800e+00
-1.38010658e-05 -5.04315291e-06 4.67703118e-06 1.68324823e-01
-4.05023856e-06 -8.33990445e-06 4.42186612e-06 3.94014983e+00
2.25589208e-06 1.63169959e-05 4.51975776e-06 3.17225189e-01
-998 -998 -998 -998
-1.51514325e-05 1.63375311e-05 2.21718433e-10 1.15502972e-10 1
-1.51535309e-05 1.63367045e-05 -2.21718433e-10 -1.15502972e-10 -1
-1.50426401e-05 1.61286942e-05 2.21718433e-10 1.15502972e-10 1
-1.50447385e-05 1.61278676e-05 -2.21718433e-10 -1.15502972e-10 -1
-1.49338477e-05 1.59198572e-05 2.21718433e-10 1.15502972e-10 1
-1.49359461e-05 1.59190306e-05 -2.21718433e-10 -1.15502972e-10 -1
-1.48250553e-05 1.57110203e-05 2.21718433e-10 1.15502972e-10 1
-1.48271536e-05 1.57101937e-05 -2.21718433e-10 -1.15502972e-10 -1
-1.47162628e-05 1.55021834e-05 2.21718433e-10 1.15502972e-10 1
-1.47183612e-05 1.55013568e-05 -2.21718433e-10 -1.15502972e-10 -1
-1.46074704e-05 1.52933464e-05 2.21718433e-10 1.15502972e-10 1
-1.46095688e-05 1.52925198e-05 -2.21718433e-10 -1.15502972e-10 -1
-1.44986780e-05 1.50845095e-05 2.21718433e-10 1.15502972e-10 1
-1.45007764e-05 1.50836829e-05 -2.21718433e-10 -1.15502972e-10 -1
-1.43898855e-05 1.48756725e-05 2.21718433e-10 1.15502972e-10 1
-1.43919839e-05 1.48748460e-05 -2.21718433e-10 -1.15502972e-10 -1
1.70839999e-05 1.89012415e-06 1.15260104e-10 2.21844784e-10 1
1.70839884e-05 1.89020545e-06 -1.15260104e-10 -2.21844784e-10 -1
1.74178299e-05 1.71668182e-06 1.15260104e-10 2.21844784e-10 1
1.74178183e-05 1.71676313e-06 -1.15260104e-10 -2.21844784e-10 -1
1.77516598e-05 1.54323949e-06 1.15260104e-10 2.21844784e-10 1
1.77516483e-05 1.54332081e-06 -1.15260104e-10 -2.21844784e-10 -1
1.80854898e-05 1.36979717e-06 1.15260104e-10 2.21844784e-10 1
1.80854782e-05 1.36987848e-06 -1.15260104e-10 -2.21844784e-10 -1
1.84193197e-05 1.19635484e-06 1.15260104e-10 2.21844784e-10 1
1.84193082e-05 1.19643616e-06 -1.15260104e-10 -2.21844784e-10 -1
1.87531497e-05 1.02291252e-06 1.15260104e-10 2.21844784e-10 1
1.87531381e-05 1.02299383e-06 -1.15260104e-10 -2.21844784e-10 -1
1.90869796e-05 8.49470193e-07 1.15260104e-10 2.21844784e-10 1
1.90869681e-05 8.49551505e-07 -1.15260104e-10 -2.21844784e-10 -1
1.94208096e-05 6.76027871e-07 1.15260104e-10 2.21844784e-10 1
1.94207981e-05 6.76109177e-07 -1.15260104e-10 -2.21844784e-10 -1
-1.55942072e-05 -5.34783494e-06 -4.18827709e-11 2.46466699e-10 1
-1.55942030e-05 -5.34789718e-06 4.18827709e-11 -2.46466699e-10 -1
-1.50818817e-05 -5.26077404e-06 -4.18827709e-11 2.46466699e-10 1
-1.50818775e-05 -5.26083628e-06 4.18827709e-11 -2.46466699e-10 -1
-1.45695562e-05 -5.17371314e-06 -4.18827709e-11 2.46466699e-10 1
-1.45695520e-05 -5.17377538e-06 4.18827709e-11 -2.46466699e-10 -1
-1.40572306e-05 -5.08665224e-06 -4.18827709e-11 2.46466699e-10 1
-1.40572264e-05 -5.08671448e-06 4.18827709e-11 -2.46466699e-10 -1
-1.35449051e-05 -4.99959134e-06 -4.18827709e-11 2.46466699e-10 1
-1.35449009e-05 -4.99965358e-06 4.18827709e-11 -2.46466699e-10 -1
-1.30325796e-05 -4.91253044e-06 -4.18827709e-11 2.46466699e-10 1
-1.30325754e-05 -4.91259268e-06 4.18827709e-11 -2.46466699e-10 -1
-1.25202541e-05 -4.82546953e-06 -4.18827709e-11 2.46466699e-10 1
-1.25202499e-05 -4.82553178e-06 4.18827709e-11 -2.46466699e-10 -1
-1.20079285e-05 -4.73840863e-06 -4.18827709e-11 2.46466699e-10 1
-1.20079243e-05 -4.73847088e-06 4.18827709e-11 -2.46466699e-10 -1
-2.85038982e-06 -7.10829775e-06 1.79087531e-10 -1.74435250e-10 1
-2.85039607e-06 -7.10781889e-06 -1.79087531e-10 1.74435250e-10 -1
-3.19320286e-06 -7.46025378e-06 1.79087531e-10 -1.74435250e-10 1
-3.19320910e-06 -7.45977494e-06 -1.79087531e-10 1.74435250e-10 -1
-3.53601589e-06 -7.81220981e-06 1.79087531e-10 -1.74435250e-10 1
-3.53602214e-06 -7.81173098e-06 -1.79087531e-10 1.74435250e-10 -1
-3.87882892e-06 -8.16416585e-06 1.79087531e-10 -1.74435250e-10 1
-3.87883517e-06 -8.16368702e-06 -1.79087531e-10 1.74435250e-10 -1
-4.22164195e-06 -8.51612189e-06 1.79087531e-10 -1.74435250e-10 1
-4.22164820e-06 -8.51564306e-06 -1.79087531e-10 1.74435250e-10 -1
-4.56445498e-06 -8.86807793e-06 1.79087531e-10 -1.74435250e-10 1
-4.56446123e-06 -8.86759909e-06 -1.79087531e-10 1.74435250e-10 -1
-4.90726802e-06 -9.22003397e-06 1.79087531e-10 -1.74435250e-10 1
-4.90727426e-06 -9.21955513e-06 -1.79087531e-10 1.74435250e-10 -1
-5.25008105e-06 -9.57199001e-06 1.79087531e-10 -1.74435250e-10 1
-5.25008729e-06 -9.57151116e-06 -1.79087531e-10 1.74435250e-10 -1
5.85904886e-07 1.57687661e-05 -7.79828510e-11 2.37526156e-10 1
5.85912691e-07 1.57686723e-05 7.79828510e-11 -2.37526156e-10 -1
1.06304297e-06 1.59254166e-05 -7.79828510e-11 2.37526156e-10 1
1.06305078e-06 1.59253228e-05 7.79828510e-11 -2.37526156e-10 -1
1.54018105e-06 1.60820670e-05 -7.79828510e-11 2.37526156e-10 1
1.54018886e-06 1.60819733e-05 7.79828510e-11 -2.37526156e-10 -1
2.01731913e-06 1.62387175e-05 -7.79828510e-11 2.37526156e-10 1
2.01732695e-06 1.62386238e-05 7.79828510e-11 -2.37526156e-10 -1
2.49445722e-06 1.63953680e-05 -7.79828510e-11 2.37526156e-10 1
2.49446503e-06 1.63952743e-05 7.79828510e-11 -2.37526156e-10 -1
2.97159530e-06 1.65520185e-05 -7.79828510e-11 2.37526156e-10 1
2.97160311e-06 1.65519248e-05 7.79828510e-11 -2.37526156e-10 -1
3.44873339e-06 1.67086690e-05 -7.79828510e-11 2.37526156e-10 1
3.44874120e-06 1.67085752e-05 7.79828510e-11 -2.37526156e-10 -1
3.92587147e-06 1.68653195e-05 -7.79828510e-11 2.37526156e-10 1
3.92587928e-06 1.68652257e-05 7.79828510e-11 -2.37526156e-10 -1
