-2.50000000e-05 -2.50000000e-05 2.49999658e+08 7.54643645e+02 1.04515350e+03
-2.44949495e-05 -2.50000000e-05 2.49999646e+08 8.12264688e+02 1.06058108e+03
-2.39898990e-05 -2.50000000e-05 2.49999633e+08 8.72014277e+02 1.07439921e+03
-2.34848485e-05 -2.50000000e-05 2.49999620e+08 9.33856733e+02 1.08636970e+03
-2.29797980e-05 -2.50000000e-05 2.49999607e+08 9.97733775e+02 1.09623133e+03
-2.24747475e-05 -2.50000000e-05 2.49999593e+08 1.06356010e+03 1.10369869e+03
-2.19696970e-05 -2.50000000e-05 2.49999579e+08 1.13121836e+03 1.10846148e+03
-2.14646465e-05 -2.50000000e-05 2.49999566e+08 1.20055350e+03 1.11018421e+03
-2.09595960e-05 -2.50000000e-05 2.49999553e+08 1.27136653e+03 1.10850658e+03
-2.04545455e-05 -2.50000000e-05 2.49999540e+08 1.34340763e+03 1.10304473e+03
-1.99494949e-05 -2.50000000e-05 2.49999529e+08 1.41636882e+03 1.09339352e+03
-1.94444444e-05 -2.50000000e-05 2.49999518e+08 1.48987629e+03 1.07913012e+03
-1.89393939e-05 -2.50000000e-05 2.49999509e+08 1.56348251e+03 1.05981923e+03
-1.84343434e-05 -2.50000000e-05 2.49999501e+08 1.63665850e+03 1.03502015e+03
-1.79292929e-05 -2.50000000e-05 2.49999495e+08 1.70878664e+03 1.00429593e+03
-1.74242424e-05 -2.50000000e-05 2.49999492e+08 1.77915443e+03 9.67224947e+02
-1.69191919e-05 -2.50000000e-05 2.49999491e+08 1.84694988e+03 9.23415076e+02
-1.64141414e-05 -2.50000000e-05 2.49999493e+08 1.91125917e+03 8.72520498e+02
-1.59090909e-05 -2.50000000e-05 2.49999498e+08 1.97106752e+03 8.14261212e+02
-1.54040404e-05 -2.50000000e-05 2.49999506e+08 2.02526402e+03 7.48445023e+02
-1.48989899e-05 -2.50000000e-05 2.49999517e+08 2.07265152e+03 6.74991610e+02
-1.43939394e-05 -2.50000000e-05 2.49999532e+08 2.11196250e+03 5.93957999e+02
-1.38888889e-05 -2.50000000e-05 2.49999550e+08 2.14188176e+03 5.05564444e+02
-1.33838384e-05 -2.50000000e-05 2.49999571e+08 2.16107662e+03 4.10219396e+02
-1.28787879e-05 -2.50000000e-05 2.49999595e+08 2.16823511e+03 3.08541873e+02
-1.23737374e-05 -2.50000000e-05 2.49999621e+08 2.16211189e+03 2.01379261e+02
-1.18686869e-05 -2.50000000e-05 2.49999649e+08 2.14158142e+03 8.98182998e+01
-1.13636364e-05 -2.50000000e-05 2.49999678e+08 2.10569683e+03 -2.48130450e+01
-1.08585859e-05 -2.50000000e-05 2.49999707e+08 2.05375238e+03 -1.40955087e+02
-1.03535354e-05 -2.50000000e-05 2.49999735e+08 1.98534634e+03 -2.56839198e+02
-9.84848485e-06 -2.50000000e-05 2.49999761e+08 1.90044055e+03 -3.70525161e+02
-9.34343434e-06 -2.50000000e-05 2.49999783e+08 1.79941196e+03 -4.79953499e+02
-8.83838384e-06 -2.50000000e-05 2.49999800e+08 1.68309153e+03 -5.83012008e+02
-8.33333333e-06 -2.50000000e-05 2.49999812e+08 1.55278564e+03 -6.77614358e+02
-7.82828283e-06 -2.50000000e-05 2.49999816e+08 1.41027580e+03 -7.61787243e+02
-7.32323232e-06 -2.50000000e-05 2.49999813e+08 1.25779371e+03 -8.33761199e+02
-6.81818182e-06 -2.50000000e-05 2.49999802e+08 1.09797020e+03 -8.92059218e+02
-6.31313131e-06 -2.50000000e-05 2.49999782e+08 9.33758715e+02 -9.35576716e+02
-5.80808081e-06 -2.50000000e-05 2.49999753e+08 7.68336176e+02 -9.63646485e+02
-5.30303030e-06 -2.50000000e-05 2.49999717e+08 6.04986305e+02 -9.76082993e+02
-4.79797980e-06 -2.50000000e-05 2.49999673e+08 4.46972285e+02 -9.73201826e+02
-4.29292929e-06 -2.50000000e-05 2.49999622e+08 2.97406921e+02 -9.55812003e+02
-3.78787879e-06 -2.50000000e-05 2.49999567e+08 1.59128930e+02 -9.25181170e+02
-3.28282828e-06 -2.50000000e-05 2.49999508e+08 3.45936100e+01 -8.82976014e+02
-2.77777778e-06 -2.50000000e-05 2.49999448e+08 -7.42151070e+01 -8.31182303e+02
-2.27272727e-06 -2.50000000e-05 2.49999388e+08 -1.65846094e+02 -7.72010571e+02
-1.76767677e-06 -2.50000000e-05 2.49999331e+08 -2.39413184e+02 -7.07794392e+02
-1.26262626e-06 -2.50000000e-05 2.49999277e+08 -2.94597738e+02 -6.40888371e+02
-7.57575758e-07 -2.50000000e-05 2.49999229e+08 -3.31623623e+02 -5.73572480e+02
-2.52525253e-07 -2.50000000e-05 2.49999187e+08 -3.51208549e+02 -5.07968229e+02
2.52525253e-07 -2.50000000e-05 2.49999153e+08 -3.54497044e+02 -4.45970713e+02
7.57575758e-07 -2.50000000e-05 2.49999127e+08 -3.42981058e+02 -3.89198839e+02
1.26262626e-06 -2.50000000e-05 2.49999110e+08 -3.18414320e+02 -3.38964431e+02
1.76767677e-06 -2.50000000e-05 2.49999102e+08 -2.82726065e+02 -2.96259397e+02
2.27272727e-06 -2.50000000e-05 2.49999102e+08 -2.37938979e+02 -2.61759023e+02
2.77777778e-06 -2.50000000e-05 2.49999111e+08 -1.86095054e+02 -2.35838640e+02
3.28282828e-06 -2.50000000e-05 2.49999128e+08 -1.29191921e+02 -2.18600508e+02
3.78787879e-06 -2.50000000e-05 2.49999152e+08 -6.91310528e+01 -2.09907664e+02
4.29292929e-06 -2.50000000e-05 2.49999182e+08 -7.67821128e+00 -2.09421675e+02
4.79797980e-06 -2.50000000e-05 2.49999217e+08 5.35642979e+01 -2.16641598e+02
5.30303030e-06 -2.50000000e-05 2.49999256e+08 1.13174628e+02 -2.30941960e+02
5.80808081e-06 -2.50000000e-05 2.49999299e+08 1.69919109e+02 -2.51608104e+02
6.31313131e-06 -2.50000000e-05 2.49999345e+08 2.22752343e+02 -2.77867759e+02
6.81818182e-06 -2.50000000e-05 2.49999392e+08 2.70811387e+02 -3.08918207e+02
7.32323232e-06 -2.50000000e-05 2.49999440e+08 3.13405660e+02 -3.43948792e+02
7.82828283e-06 -2.50000000e-05 2.49999488e+08 3.50004029e+02 -3.82158865e+02
8.33333333e-06 -2.50000000e-05 2.49999536e+08 3.80220347e+02 -4.22771482e+02
8.83838384e-06 -2.50000000e-05 2.49999583e+08 4.03798445e+02 -4.65043336e+02
9.34343434e-06 -2.50000000e-05 2.49999629e+08 4.20597366e+02 -5.08271489e+02
9.84848485e-06 -2.50000000e-05 2.49999674e+08 4.30577397e+02 -5.51797505e+02
1.03535354e-05 -2.50000000e-05 2.49999717e+08 4.33787253e+02 -5.95009571e+02
1.08585859e-05 -2.50000000e-05 2.49999759e+08 4.30352612e+02 -6.37343148e+02
1.13636364e-05 -2.50000000e-05 2.49999799e+08 4.20466037e+02 -6.78280644e+02
1.18686869e-05 -2.50000000e-05 2.49999837e+08 4.04378257e+02 -7.17350493e+02
1.23737374e-05 -2.50000000e-05 2.49999874e+08 3.82390652e+02 -7.54125992e+02
1.28787879e-05 -2.50000000e-05 2.49999909e+08 3.54848786e+02 -7.88224114e+02
1.33838384e-05 -2.50000000e-05 2.49999942e+08 3.22136777e+02 -8.19304486e+02
1.38888889e-05 -2.50000000e-05 2.49999975e+08 2.84672276e+02 -8.47068613e+02
1.43939394e-05 -2.50000000e-05 2.50000006e+08 2.42901876e+02 -8.71259398e+02
1.48989899e-05 -2.50000000e-05 2.50000036e+08 1.97296740e+02 -8.91660945e+02
1.54040404e-05 -2.50000000e-05 2.50000066e+08 1.48348300e+02 -9.08098582e+02
1.59090909e-05 -2.50000000e-05 2.50000095e+08 9.65638996e+01 -9.20439030e+02
1.64141414e-05 -2.50000000e-05 2.50000123e+08 4.24622986e+01 -9.28590609e+02
1.69191919e-05 -2.50000000e-05 2.50000151e+08 -1.34310214e+01 -9.32503381e+02
1.74242424e-05 -2.50000000e-05 2.50000179e+08 -7.05887459e+01 -9.32169090e+02
1.79292929e-05 -2.50000000e-05 2.50000207e+08 -1.28486796e+02 -9.27620817e+02
1.84343434e-05 -2.50000000e-05 2.50000234e+08 -1.86609516e+02 -9.18932245e+02
1.89393939e-05 -2.50000000e-05 2.50000261e+08 -2.44454895e+02 -9.06216454e+02
1.94444444e-05 -2.50000000e-05 2.50000288e+08 -3.01539733e+02 -8.89624212e+02
1.99494949e-05 -2.50000000e-05 2.50000315e+08 -3.57404622e+02 -8.69341711e+02
2.04545455e-05 -2.50000000e-05 2.50000341e+08 -4.11618638e+02 -8.45587780e+02
2.09595960e-05 -2.50000000e-05 2.50000367e+08 -4.63783617e+02 -8.18610576e+02
2.14646465e-05 -2.50000000e-05 2.50000392e+08 -5.13537921e+02 -7.88683817e+02
2.19696970e-05 -2.50000000e-05 2.50000417e+08 -5.60559583e+02 -7.56102635e+02
2.24747475e-05 -2.50000000e-05 2.50000441e+08 -6.04568774e+02 -7.21179127e+02
2.29797980e-05 -2.50000000e-05 2.50000464e+08 -6.45329528e+02 -6.84237713e+02
2.34848485e-05 -2.50000000e-05 2.50000486e+08 -6.82650702e+02 -6.45610407e+02
2.39898990e-05 -2.50000000e-05 2.50000506e+08 -7.16386168e+02 -6.05632124e+02
2.44949495e-05 -2.50000000e-05 2.50000526e+08 -7.46434253e+02 -5.64636106e+02
2.50000000e-05 -2.50000000e-05 2.50000544e+08 -7.72736475e+02 -5.22949593e+02
-2.50000000e-05 -2.44949495e-05 2.49999655e+08 7.37201375e+02 1.07344347e+03
-2.44949495e-05 -2.44949495e-05 2.49999641e+08 7.96255844e+02 1.09152319e+03
-2.39898990e-05 -2.44949495e-05 2.49999626e+08 8.57667330e+02 1.10812504e+03
-2.34848485e-05 -2.44949495e-05 2.49999611e+08 9.21423932e+02 1.12300723e+03
-2.29797980e-05 -2.44949495e-05 2.49999596e+08 9.87492670e+02 1.13590193e+03
-2.24747475e-05 -2.44949495e-05 2.49999580e+08 1.05581482e+03 1.14651357e+03
-2.19696970e-05 -2.44949495e-05 2.49999564e+08 1.12630051e+03 1.15451731e+03
-2.14646465e-05 -2.44949495e-05 2.49999548e+08 1.19882257e+03 1.15955802e+03
-2.09595960e-05 -2.44949495e-05 2.49999532e+08 1.27320947e+03 1.16124980e+03
-2.04545455e-05 -2.44949495e-05 2.49999517e+08 1.34923761e+03 1.15917635e+03
-1.99494949e-05 -2.44949495e-05 2.49999502e+08 1.42662271e+03 1.15289240e+03
-1.94444444e-05 -2.44949495e-05 2.49999488e+08 1.50501064e+03 1.14192648e+03
-1.89393939e-05 -2.44949495e-05 2.49999475e+08 1.58396774e+03 1.12578546e+03
-1.84343434e-05 -2.44949495e-05 2.49999464e+08 1.66297103e+03 1.10396111e+03
-1.79292929e-05 -2.44949495e-05 2.49999455e+08 1.74139847e+03 1.07593904e+03
-1.74242424e-05 -2.44949495e-05 2.49999448e+08 1.81852013e+03 1.04121048e+03
-1.69191919e-05 -2.44949495e-05 2.49999444e+08 1.89349054e+03 9.99287106e+02
-1.64141414e-05 -2.44949495e-05 2.49999443e+08 1.96534335e+03 9.49719289e+02
-1.59090909e-05 -2.44949495e-05 2.49999444e+08 2.03298914e+03 8.92117692e+02
-1.54040404e-05 -2.44949495e-05 2.49999450e+08 2.09521749e+03 8.26178362e+02
-1.48989899e-05 -2.44949495e-05 2.49999459e+08 2.15070457e+03 7.51710865e+02
-1.43939394e-05 -2.44949495e-05 2.49999472e+08 2.19802753e+03 6.68668892e+02
-1.38888889e-05 -2.44949495e-05 2.49999490e+08 2.23568692e+03 5.77182299e+02
-1.33838384e-05 -2.44949495e-05 2.49999510e+08 2.26213829e+03 4.77589133e+02
-1.28787879e-05 -2.44949495e-05 2.49999535e+08 2.27583360e+03 3.70465698e+02
-1.23737374e-05 -2.44949495e-05 2.49999562e+08 2.27527294e+03 2.56652292e+02
-1.18686869e-05 -2.44949495e-05 2.49999592e+08 2.25906596e+03 1.37271809e+02
-1.13636364e-05 -2.44949495e-05 2.49999623e+08 2.22600173e+03 1.37381870e+01
-1.08585859e-05 -2.44949495e-05 2.49999655e+08 2.17512472e+03 -1.12248352e+02
-1.03535354e-05 -2.44949495e-05 2.49999686e+08 2.10581327e+03 -2.38722056e+02
-9.84848485e-06 -2.44949495e-05 2.49999715e+08 2.01785597e+03 -3.63490502e+02
-9.34343434e-06 -2.44949495e-05 2.49999741e+08 1.91152010e+03 -4.84192612e+02
-8.83838384e-06 -2.44949495e-05 2.49999762e+08 1.78760617e+03 -5.98375419e+02
-8.33333333e-06 -2.44949495e-05 2.49999777e+08 1.64748179e+03 -7.03587383e+02
-7.82828283e-06 -2.44949495e-05 2.49999784e+08 1.49308938e+03 -7.97484164e+02
-7.32323232e-06 -2.44949495e-05 2.49999783e+08 1.32692304e+03 -8.77940861e+02
-6.81818182e-06 -2.44949495e-05 2.49999773e+08 1.15197218e+03 -9.43163224e+02
-6.31313131e-06 -2.44949495e-05 2.49999753e+08 9.71632182e+02 -9.91789440e+02
-5.80808081e-06 -2.44949495e-05 2.49999723e+08 7.89585367e+02 -1.02297398e+03
-5.30303030e-06 -2.44949495e-05 2.49999684e+08 6.09658490e+02 -1.03644590e+03
-4.79797980e-06 -2.44949495e-05 2.49999637e+08 4.35665654e+02 -1.03253577e+03
-4.29292929e-06 -2.44949495e-05 2.49999583e+08 2.71247312e+02 -1.01216809e+03
-3.78787879e-06 -2.44949495e-05 2.49999524e+08 1.19716719e+02 -9.76818943e+02
-3.28282828e-06 -2.44949495e-05 2.49999461e+08 -1.60752889e+01 -9.28442021e+02
-2.77777778e-06 -2.44949495e-05 2.49999396e+08 -1.33847977e+02 -8.69368857e+02
-2.27272727e-06 -2.44949495e-05 2.49999332e+08 -2.31964267e+02 -8.02191212e+02
-1.76767677e-06 -2.44949495e-05 2.49999271e+08 -3.09466762e+02 -7.29634865e+02
-1.26262626e-06 -2.44949495e-05 2.49999214e+08 -3.66076193e+02 -6.54434126e+02
-7.57575758e-07 -2.44949495e-05 2.49999164e+08 -4.02155321e+02 -5.79215614e+02
-2.52525253e-07 -2.44949495e-05 2.49999122e+08 -4.18643841e+02 -5.06398235e+02
2.52525253e-07 -2.44949495e-05 2.49999089e+08 -4.16971479e+02 -4.38114186e+02
7.57575758e-07 -2.44949495e-05 2.49999065e+08 -3.98957271e+02 -3.76153542e+02
1.26262626e-06 -2.44949495e-05 2.49999051e+08 -3.66702947e+02 -3.21932749e+02
1.76767677e-06 -2.44949495e-05 2.49999048e+08 -3.22487537e+02 -2.76485509e+02
2.27272727e-06 -2.44949495e-05 2.49999054e+08 -2.68669113e+02 -2.40473099e+02
2.77777778e-06 -2.44949495e-05 2.49999069e+08 -2.07597979e+02 -2.14210280e+02
3.28282828e-06 -2.44949495e-05 2.49999093e+08 -1.41544095e+02 -1.97702556e+02
3.78787879e-06 -2.44949495e-05 2.49999124e+08 -7.26399680e+01 -1.90690589e+02
4.29292929e-06 -2.44949495e-05 2.49999162e+08 -2.83902776e+00 -1.92697937e+02
4.79797980e-06 -2.44949495e-05 2.49999205e+08 6.61115307e+01 -2.03078887e+02
5.30303030e-06 -2.44949495e-05 2.49999252e+08 1.32685106e+02 -2.21063834e+02
5.80808081e-06 -2.44949495e-05 2.49999302e+08 1.95579337e+02 -2.45800417e+02
6.31313131e-06 -2.44949495e-05 2.49999354e+08 2.53711287e+02 -2.76389276e+02
6.81818182e-06 -2.44949495e-05 2.49999408e+08 3.06206343e+02 -3.11913897e+02
7.32323232e-06 -2.44949495e-05 2.49999462e+08 3.52382892e+02 -3.51464507e+02
7.82828283e-06 -2.44949495e-05 2.49999515e+08 3.91734496e+02 -3.94156330e+02
8.33333333e-06 -2.44949495e-05 2.49999568e+08 4.23911055e+02 -4.39142758e+02
8.83838384e-06 -2.44949495e-05 2.49999620e+08 4.48700062e+02 -4.85624169e+02
9.34343434e-06 -2.44949495e-05 2.49999669e+08 4.66008791e+02 -5.32853158e+02
9.84848485e-06 -2.44949495e-05 2.49999717e+08 4.75847961e+02 -5.80136972e+02
1.03535354e-05 -2.44949495e-05 2.49999762e+08 4.78317194e+02 -6.26837883e+02
1.08585859e-05 -2.44949495e-05 2.49999805e+08 4.73592379e+02 -6.72372162e+02
1.13636364e-05 -2.44949495e-05 2.49999847e+08 4.61914917e+02 -7.16208221e+02
1.18686869e-05 -2.44949495e-05 2.49999885e+08 4.43582697e+02 -7.57864378e+02
1.23737374e-05 -2.44949495e-05 2.49999922e+08 4.18942586e+02 -7.96906612e+02
1.28787879e-05 -2.44949495e-05 2.49999957e+08 3.88384164e+02 -8.32946560e+02
1.33838384e-05 -2.44949495e-05 2.49999991e+08 3.52334423e+02 -8.65639913e+02
1.38888889e-05 -2.44949495e-05 2.50000023e+08 3.11253144e+02 -8.94685308e+02
1.43939394e-05 -2.44949495e-05 2.50000053e+08 2.65628687e+02 -9.19823712e+02
1.48989899e-05 -2.44949495e-05 2.50000083e+08 2.15973951e+02 -9.40838263e+02
1.54040404e-05 -2.44949495e-05 2.50000112e+08 1.62822326e+02 -9.57554475e+02
1.59090909e-05 -2.44949495e-05 2.50000140e+08 1.06723464e+02 -9.69840677e+02
1.64141414e-05 -2.44949495e-05 2.50000168e+08 4.82387863e+01 -9.77608560e+02
1.69191919e-05 -2.44949495e-05 2.50000195e+08 -1.20633409e+01 -9.80813658e+02
1.74242424e-05 -2.44949495e-05 2.50000223e+08 -7.36127519e+01 -9.79455633e+02
1.79292929e-05 -2.44949495e-05 2.50000249e+08 -1.35842926e+02 -9.73578216e+02
1.84343434e-05 -2.44949495e-05 2.50000276e+08 -1.98196644e+02 -9.63268679e+02
1.89393939e-05 -2.44949495e-05 2.50000303e+08 -2.60131755e+02 -9.48656755e+02
1.94444444e-05 -2.44949495e-05 2.50000330e+08 -3.21126925e+02 -9.29912941e+02
1.99494949e-05 -2.44949495e-05 2.50000356e+08 -3.80687216e+02 -9.07246132e+02
2.04545455e-05 -2.44949495e-05 2.50000382e+08 -4.38349363e+02 -8.80900624e+02
2.09595960e-05 -2.44949495e-05 2.50000407e+08 -4.93686589e+02 -8.51152479e+02
2.14646465e-05 -2.44949495e-05 2.50000433e+08 -5.46312835e+02 -8.18305352e+02
2.19696970e-05 -2.44949495e-05 2.50000457e+08 -5.95886282e+02 -7.82685850e+02
2.24747475e-05 -2.44949495e-05 2.50000481e+08 -6.42112091e+02 -7.44638532e+02
2.29797980e-05 -2.44949495e-05 2.50000503e+08 -6.84744276e+02 -7.04520686e+02
2.34848485e-05 -2.44949495e-05 2.50000525e+08 -7.23586695e+02 -6.62697008e+02
2.39898990e-05 -2.44949495e-05 2.50000546e+08 -7.58493152e+02 -6.19534316e+02
2.44949495e-05 -2.44949495e-05 2.50000565e+08 -7.89366630e+02 -5.75396428e+02
2.50000000e-05 -2.44949495e-05 2.50000582e+08 -8.16157722e+02 -5.30639326e+02
-2.50000000e-05 -2.39898990e-05 2.49999653e+08 7.17121626e+02 1.10061793e+03
-2.44949495e-05 -2.39898990e-05 2.49999638e+08 7.77465066e+02 1.12146226e+03
-2.39898990e-05 -2.39898990e-05 2.49999622e+08 8.40394808e+02 1.14098574e+03
-2.34848485e-05 -2.39898990e-05 2.49999605e+08 9.05925308e+02 1.15894622e+03
-2.29797980e-05 -2.39898990e-05 2.49999587e+08 9.74052112e+02 1.17507266e+03
-2.24747475e-05 -2.39898990e-05 2.49999569e+08 1.04474703e+03 1.18906273e+03
-2.19696970e-05 -2.39898990e-05 2.49999550e+08 1.11795247e+03 1.20058049e+03
-2.14646465e-05 -2.39898990e-05 2.49999532e+08 1.19357477e+03 1.20925438e+03
-2.09595960e-05 -2.39898990e-05 2.49999513e+08 1.27147656e+03 1.21467577e+03
-2.04545455e-05 -2.39898990e-05 2.49999494e+08 1.35146804e+03 1.21639820e+03
-1.99494949e-05 -2.39898990e-05 2.49999476e+08 1.43329724e+03 1.21393774e+03
-1.94444444e-05 -2.39898990e-05 2.49999458e+08 1.51663925e+03 1.20677460e+03
-1.89393939e-05 -2.39898990e-05 2.49999442e+08 1.60108463e+03 1.19435665e+03
-1.84343434e-05 -2.39898990e-05 2.49999427e+08 1.68612722e+03 1.17610507e+03
-1.79292929e-05 -2.39898990e-05 2.49999414e+08 1.77115174e+03 1.15142269e+03
-1.74242424e-05 -2.39898990e-05 2.49999403e+08 1.85542168e+03 1.11970554e+03
-1.69191919e-05 -2.39898990e-05 2.49999395e+08 1.93806814e+03 1.08035799e+03
-1.64141414e-05 -2.39898990e-05 2.49999390e+08 2.01808067e+03 1.03281203e+03
-1.59090909e-05 -2.39898990e-05 2.49999388e+08 2.09430110e+03 9.76550822e+02
-1.54040404e-05 -2.39898990e-05 2.49999390e+08 2.16542180e+03 9.11136822e+02
-1.48989899e-05 -2.39898990e-05 2.49999397e+08 2.22998971e+03 8.36244200e+02
-1.43939394e-05 -2.39898990e-05 2.49999408e+08 2.28641816e+03 7.51695094e+02
-1.38888889e-05 -2.39898990e-05 2.49999423e+08 2.33300775e+03 6.57498706e+02
-1.33838384e-05 -2.39898990e-05 2.49999443e+08 2.36797831e+03 5.53891699e+02
-1.28787879e-05 -2.39898990e-05 2.49999467e+08 2.38951303e+03 4.41377737e+02
-1.23737374e-05 -2.39898990e-05 2.49999495e+08 2.39581563e+03 3.20763337e+02
-1.18686869e-05 -2.39898990e-05 2.49999526e+08 2.38518065e+03 1.93186615e+02
-1.13636364e-05 -2.39898990e-05 2.49999560e+08 2.35607572e+03 6.01350194e+01
-1.08585859e-05 -2.39898990e-05 2.49999595e+08 2.30723344e+03 -7.65520427e+01
-1.03535354e-05 -2.39898990e-05 2.49999629e+08 2.23774882e+03 -2.14699653e+02
-9.84848485e-06 -2.39898990e-05 2.49999663e+08 2.14717679e+03 -3.51836175e+02
-9.34343434e-06 -2.39898990e-05 2.49999692e+08 2.03562268e+03 -4.85256462e+02
-8.83838384e-06 -2.39898990e-05 2.49999718e+08 1.90381751e+03 -6.12109737e+02
-8.33333333e-06 -2.39898990e-05 2.49999736e+08 1.75316956e+03 -7.29510077e+02
-7.82828283e-06 -2.39898990e-05 2.49999747e+08 1.58578414e+03 -8.34664840e+02
-7.32323232e-06 -2.39898990e-05 2.49999748e+08 1.40444488e+03 -9.25013724e+02
-6.81818182e-06 -2.39898990e-05 2.49999739e+08 1.21255261e+03 -9.98368911e+02
-6.31313131e-06 -2.39898990e-05 2.49999720e+08 1.01402128e+03 -1.05304526e+03
-5.80808081e-06 -2.39898990e-05 2.49999689e+08 8.13134666e+02 -1.08796916e+03
-5.30303030e-06 -2.39898990e-05 2.49999648e+08 6.14371414e+02 -1.10275565e+03
-4.79797980e-06 -2.39898990e-05 2.49999598e+08 4.22210120e+02 -1.09774576e+03
-4.29292929e-06 -2.39898990e-05 2.49999539e+08 2.40928336e+02 -1.07399945e+03
-3.78787879e-06 -2.39898990e-05 2.49999475e+08 7.44106801e+01 -1.03324389e+03
-3.28282828e-06 -2.39898990e-05 2.49999407e+08 -7.40194795e+01 -9.77780868e+02
-2.77777778e-06 -2.39898990e-05 2.49999337e+08 -2.01732596e+02 -9.10361372e+02
-2.27272727e-06 -2.39898990e-05 2.49999269e+08 -3.06881209e+02 -8.34037943e+02
-1.76767677e-06 -2.39898990e-05 2.49999204e+08 -3.88439769e+02 -7.52007105e+02
-1.26262626e-06 -2.39898990e-05 2.49999144e+08 -4.46196446e+02 -6.67454232e+02
-7.57575758e-07 -2.39898990e-05 2.49999093e+08 -4.80701513e+02 -5.83411885e+02
-2.52525253e-07 -2.39898990e-05 2.49999050e+08 -4.93180113e+02 -5.02640361e+02
2.52525253e-07 -2.39898990e-05 2.49999018e+08 -4.85419278e+02 -4.27536218e+02
7.57575758e-07 -2.39898990e-05 2.49998998e+08 -4.59639844e+02 -3.60071419e+02
1.26262626e-06 -2.39898990e-05 2.49998988e+08 -4.18363544e+02 -3.01762824e+02
1.76767677e-06 -2.39898990e-05 2.49998990e+08 -3.64284282e+02 -2.53669355e+02
2.27272727e-06 -2.39898990e-05 2.49999003e+08 -3.00150714e+02 -2.16412478e+02
2.77777778e-06 -2.39898990e-05 2.49999026e+08 -2.28665117e+02 -1.90214643e+02
3.28282828e-06 -2.39898990e-05 2.49999058e+08 -1.52401397e+02 -1.74950051e+02
3.78787879e-06 -2.39898990e-05 2.49999098e+08 -7.37431361e+01 -1.70202346e+02
4.29292929e-06 -2.39898990e-05 2.49999144e+08 5.15895426e+00 -1.75324528e+02
4.79797980e-06 -2.39898990e-05 2.49999196e+08 8.24119777e+01 -1.89497210e+02
5.30303030e-06 -2.39898990e-05 2.49999252e+08 1.56390734e+02 -2.11782393e+02
5.80808081e-06 -2.39898990e-05 2.49999310e+08 2.25735429e+02 -2.41170841e+02
6.31313131e-06 -2.39898990e-05 2.49999370e+08 2.89340182e+02 -2.76622031e+02
6.81818182e-06 -2.39898990e-05 2.49999431e+08 3.46335112e+02 -3.17096385e+02
7.32323232e-06 -2.39898990e-05 2.49999491e+08 3.96064481e+02 -3.61579996e+02
7.82828283e-06 -2.39898990e-05 2.49999551e+08 4.38062973e+02 -4.09102513e+02
8.33333333e-06 -2.39898990e-05 2.49999608e+08 4.72031746e+02 -4.58749062e+02
8.83838384e-06 -2.39898990e-05 2.49999664e+08 4.97815480e+02 -5.09667212e+02
9.34343434e-06 -2.39898990e-05 2.49999717e+08 5.15381264e+02 -5.61070018e+02
9.84848485e-06 -2.39898990e-05 2.49999767e+08 5.24799814e+02 -6.12236156e+02
1.03535354e-05 -2.39898990e-05 2.49999814e+08 5.26229263e+02 -6.62508028e+02
1.08585859e-05 -2.39898990e-05 2.49999859e+08 5.19901524e+02 -7.11288645e+02
1.13636364e-05 -2.39898990e-05 2.49999901e+08 5.06111083e+02 -7.58037925e+02
1.18686869e-05 -2.39898990e-05 2.49999940e+08 4.85205947e+02 -8.02268917e+02
1.23737374e-05 -2.39898990e-05 2.49999977e+08 4.57580425e+02 -8.43544348e+02
1.28787879e-05 -2.39898990e-05 2.50000012e+08 4.23669356e+02 -8.81473730e+02
1.33838384e-05 -2.39898990e-05 2.50000045e+08 3.83943413e+02 -9.15711190e+02
1.38888889e-05 -2.39898990e-05 2.50000076e+08 3.38905111e+02 -9.45954074e+02
1.43939394e-05 -2.39898990e-05 2.50000106e+08 2.89085195e+02 -9.71942293e+02
1.48989899e-05 -2.39898990e-05 2.50000134e+08 2.35039103e+02 -9.93458333e+02
1.54040404e-05 -2.39898990e-05 2.50000162e+08 1.77343286e+02 -1.01032778e+03
1.59090909e-05 -2.39898990e-05 2.50000189e+08 1.16591193e+02 -1.02242018e+03
1.64141414e-05 -2.39898990e-05 2.50000216e+08 5.33888156e+01 -1.02965009e+03
1.69191919e-05 -2.39898990e-05 2.50000242e+08 -1.16502644e+01 -1.03197806e+03
1.74242424e-05 -2.39898990e-05 2.50000268e+08 -7.79103282e+01 -1.02941134e+03
1.79292929e-05 -2.39898990e-05 2.50000294e+08 -1.44779406e+02 -1.02200429e+03
1.84343434e-05 -2.39898990e-05 2.50000321e+08 -2.11655503e+02 -1.00985810e+03
1.89393939e-05 -2.39898990e-05 2.50000347e+08 -2.77953023e+02 -9.93119944e+02
1.94444444e-05 -2.39898990e-05 2.50000373e+08 -3.43109226e+02 -9.71981259e+02
1.99494949e-05 -2.39898990e-05 2.50000398e+08 -4.06590539e+02 -9.46675349e+02
2.04545455e-05 -2.39898990e-05 2.50000424e+08 -4.67898533e+02 -9.17474113e+02
2.09595960e-05 -2.39898990e-05 2.50000449e+08 -5.26575391e+02 -8.84684058e+02
2.14646465e-05 -2.39898990e-05 2.50000474e+08 -5.82208701e+02 -8.48641638e+02
2.19696970e-05 -2.39898990e-05 2.50000499e+08 -6.34435430e+02 -8.09708032e+02
2.24747475e-05 -2.39898990e-05 2.50000522e+08 -6.82944979e+02 -7.68263509e+02
2.29797980e-05 -2.39898990e-05 2.50000545e+08 -7.27481241e+02 -7.24701510e+02
2.34848485e-05 -2.39898990e-05 2.50000566e+08 -7.67843613e+02 -6.79422637e+02
2.39898990e-05 -2.39898990e-05 2.50000586e+08 -8.03886989e+02 -6.32828677e+02
2.44949495e-05 -2.39898990e-05 2.50000605e+08 -8.35520740e+02 -5.85316845e+02
2.50000000e-05 -2.39898990e-05 2.50000622e+08 -8.62706771e+02 -5.37274360e+02
-2.50000000e-05 -2.34848485e-05 2.49999654e+08 6.94312332e+02 1.12639046e+03
-2.44949495e-05 -2.34848485e-05 2.49999637e+08 7.55776144e+02 1.15009392e+03
-2.39898990e-05 -2.34848485e-05 2.49999619e+08 8.20052952e+02 1.17265971e+03
-2.34848485e-05 -2.34848485e-05 2.49999601e+08 8.87185926e+02 1.19384906e+03
-2.29797980e-05 -2.34848485e-05 2.49999581e+08 9.57202191e+02 1.21339182e+03
-2.24747475e-05 -2.34848485e-05 2.49999560e+08 1.03010798e+03 1.23098315e+03
-2.19696970e-05 -2.34848485e-05 2.49999539e+08 1.10588276e+03 1.24628037e+03
-2.14646465e-05 -2.34848485e-05 2.49999517e+08 1.18447229e+03 1.25889981e+03
-2.09595960e-05 -2.34848485e-05 2.49999495e+08 1.26578035e+03 1.26841424e+03
-2.04545455e-05 -2.34848485e-05 2.49999473e+08 1.34965924e+03 1.27435073e+03
-1.99494949e-05 -2.34848485e-05 2.49999451e+08 1.43589881e+03 1.27618962e+03
-1.94444444e-05 -2.34848485e-05 2.49999430e+08 1.52421421e+03 1.27336469e+03
-1.89393939e-05 -2.34848485e-05 2.49999409e+08 1.61423222e+03 1.26526519e+03
-1.84343434e-05 -2.34848485e-05 2.49999390e+08 1.70547659e+03 1.25124018e+03
-1.79292929e-05 -2.34848485e-05 2.49999372e+08 1.79735251e+03 1.23060567e+03
-1.74242424e-05 -2.34848485e-05 2.49999356e+08 1.88913086e+03 1.20265543e+03
-1.69191919e-05 -2.34848485e-05 2.49999344e+08 1.97993293e+03 1.16667591e+03
-1.64141414e-05 -2.34848485e-05 2.49999334e+08 2.06871651e+03 1.12196600e+03
-1.59090909e-05 -2.34848485e-05 2.49999328e+08 2.15426474e+03 1.06786219e+03
-1.54040404e-05 -2.34848485e-05 2.49999327e+08 2.23517916e+03 1.00376943e+03
-1.48989899e-05 -2.34848485e-05 2.49999330e+08 2.30987894e+03 9.29197868e+02
-1.43939394e-05 -2.34848485e-05 2.49999337e+08 2.37660825e+03 8.43805168e+02
-1.38888889e-05 -2.34848485e-05 2.49999350e+08 2.43345419e+03 7.47443455e+02
-1.33838384e-05 -2.34848485e-05 2.49999369e+08 2.47837751e+03 6.40209503e+02
-1.28787879e-05 -2.34848485e-05 2.49999392e+08 2.50925820e+03 5.22495722e+02
-1.23737374e-05 -2.34848485e-05 2.49999420e+08 2.52395756e+03 3.95038738e+02
-1.18686869e-05 -2.34848485e-05 2.49999453e+08 2.52039750e+03 2.58961423e+02
-1.13636364e-05 -2.34848485e-05 2.49999488e+08 2.49665640e+03 1.15803442e+02
-1.08585859e-05 -2.34848485e-05 2.49999526e+08 2.45107946e+03 -3.24651230e+01
-1.03535354e-05 -2.34848485e-05 2.49999565e+08 2.38239905e+03 -1.83452575e+02
-9.84848485e-06 -2.34848485e-05 2.49999602e+08 2.28985869e+03 -3.34381783e+02
-9.34343434e-06 -2.34848485e-05 2.49999637e+08 2.17333183e+03 -4.82157310e+02
-8.83838384e-06 -2.34848485e-05 2.49999667e+08 2.03342508e+03 -6.23464899e+02
-8.33333333e-06 -2.34848485e-05 2.49999690e+08 1.87155437e+03 -7.54901723e+02
-7.82828283e-06 -2.34848485e-05 2.49999704e+08 1.68998268e+03 -8.73132259e+02
-7.32323232e-06 -2.34848485e-05 2.49999709e+08 1.49180991e+03 -9.75060968e+02
-6.81818182e-06 -2.34848485e-05 2.49999701e+08 1.28090832e+03 -1.05800960e+03
-6.31313131e-06 -2.34848485e-05 2.49999682e+08 1.06180184e+03 -1.11988461e+03
-5.80808081e-06 -2.34848485e-05 2.49999651e+08 8.39493008e+02 -1.15931931e+03
-5.30303030e-06 -2.34848485e-05 2.49999607e+08 6.19247230e+02 -1.17577649e+03
-4.79797980e-06 -2.34848485e-05 2.49999553e+08 4.06349263e+02 -1.16960019e+03
-4.29292929e-06 -2.34848485e-05 2.49999490e+08 2.05850511e+02 -1.14201010e+03
-3.78787879e-06 -2.34848485e-05 2.49999420e+08 2.23274743e+01 -1.09503782e+03
-3.28282828e-06 -2.34848485e-05 2.49999346e+08 -1.40329216e+02 -1.03141012e+03
-2.77777778e-06 -2.34848485e-05 2.49999271e+08 -2.79078928e+02 -9.54390067e+02
-2.27272727e-06 -2.34848485e-05 2.49999197e+08 -3.91837155e+02 -8.67590201e+02
-1.76767677e-06 -2.34848485e-05 2.49999128e+08 -4.77518639e+02 -7.74774658e+02
-1.26262626e-06 -2.34848485e-05 2.49999066e+08 -5.36018780e+02 -6.79666372e+02
-7.57575758e-07 -2.34848485e-05 2.49999013e+08 -5.68140228e+02 -5.85773870e+02
-2.52525253e-07 -2.34848485e-05 2.49998971e+08 -5.75475741e+02 -4.96248622e+02
2.52525253e-07 -2.34848485e-05 2.49998941e+08 -5.60260878e+02 -4.13779718e+02
7.57575758e-07 -2.34848485e-05 2.49998924e+08 -5.25210756e+02 -3.40528413e+02
1.26262626e-06 -2.34848485e-05 2.49998921e+08 -4.73354225e+02 -2.78101165e+02
1.76767677e-06 -2.34848485e-05 2.49998930e+08 -4.07876769e+02 -2.27556802e+02
2.27272727e-06 -2.34848485e-05 2.49998951e+08 -3.31980661e+02 -1.89441435e+02
2.77777778e-06 -2.34848485e-05 2.49998983e+08 -2.48767944e+02 -1.63843741e+02
3.28282828e-06 -2.34848485e-05 2.49999024e+08 -1.61148933e+02 -1.50463163e+02
3.78787879e-06 -2.34848485e-05 2.49999074e+08 -7.17764822e+01 -1.48684173e+02
4.29292929e-06 -2.34848485e-05 2.49999131e+08 1.69956115e+01 -1.57650828e+02
4.79797980e-06 -2.34848485e-05 2.49999193e+08 1.03133035e+02 -1.76337145e+02
5.30303030e-06 -2.34848485e-05 2.49999258e+08 1.84923881e+02 -2.03610161e+02
5.80808081e-06 -2.34848485e-05 2.49999325e+08 2.60968027e+02 -2.38283816e+02
6.31313131e-06 -2.34848485e-05 2.49999394e+08 3.30156796e+02 -2.79162859e+02
6.81818182e-06 -2.34848485e-05 2.49999462e+08 3.91646395e+02 -3.25076838e+02
7.32323232e-06 -2.34848485e-05 2.49999529e+08 4.44828074e+02 -3.74904834e+02
7.82828283e-06 -2.34848485e-05 2.49999595e+08 4.89297422e+02 -4.27592033e+02
8.33333333e-06 -2.34848485e-05 2.49999657e+08 5.24824583e+02 -4.82159415e+02
8.83838384e-06 -2.34848485e-05 2.49999717e+08 5.51326671e+02 -5.37707955e+02
9.34343434e-06 -2.34848485e-05 2.49999773e+08 5.68843181e+02 -5.93418657e+02
9.84848485e-06 -2.34848485e-05 2.49999826e+08 5.77514796e+02 -6.48549667e+02
1.03535354e-05 -2.34848485e-05 2.49999875e+08 5.77565678e+02 -7.02431542e+02
1.08585859e-05 -2.34848485e-05 2.49999921e+08 5.69289116e+02 -7.54461586e+02
1.13636364e-05 -2.34848485e-05 2.49999963e+08 5.53036194e+02 -8.04097981e+02
1.18686869e-05 -2.34848485e-05 2.50000002e+08 5.29207100e+02 -8.50854267e+02
1.23737374e-05 -2.34848485e-05 2.50000039e+08 4.98244558e+02 -8.94294554e+02
1.28787879e-05 -2.34848485e-05 2.50000073e+08 4.60628918e+02 -9.34029723e+02
1.33838384e-05 -2.34848485e-05 2.50000104e+08 4.16874395e+02 -9.69714728e+02
1.38888889e-05 -2.34848485e-05 2.50000134e+08 3.67526003e+02 -1.00104701e+03
1.43939394e-05 -2.34848485e-05 2.50000163e+08 3.13156783e+02 -1.02776595e+03
1.48989899e-05 -2.34848485e-05 2.50000190e+08 2.54364959e+02 -1.04965322e+03
1.54040404e-05 -2.34848485e-05 2.50000216e+08 1.91770770e+02 -1.06653380e+03
1.59090909e-05 -2.34848485e-05 2.50000242e+08 1.26012750e+02 -1.07827749e+03
1.64141414e-05 -2.34848485e-05 2.50000267e+08 5.77433419e+01 -1.08480061e+03
1.69191919e-05 -2.34848485e-05 2.50000292e+08 -1.23762078e+01 -1.08606768e+03
1.74242424e-05 -2.34848485e-05 2.50000317e+08 -8.36816586e+01 -1.08209281e+03
1.79292929e-05 -2.34848485e-05 2.50000342e+08 -1.55512210e+02 -1.07294052e+03
1.84343434e-05 -2.34848485e-05 2.50000367e+08 -2.27217420e+02 -1.05872600e+03
1.89393939e-05 -2.34848485e-05 2.50000392e+08 -2.98164434e+02 -1.03961444e+03
1.94444444e-05 -2.34848485e-05 2.50000418e+08 -3.67745309e+02 -1.01581943e+03
1.99494949e-05 -2.34848485e-05 2.50000443e+08 -4.35384214e+02 -9.87600443e+02
2.04545455e-05 -2.34848485e-05 2.50000468e+08 -5.00544261e+02 -9.55259297e+02
2.09595960e-05 -2.34848485e-05 2.50000493e+08 -5.62733765e+02 -9.19135755e+02
2.14646465e-05 -2.34848485e-05 2.50000518e+08 -6.21511712e+02 -8.79602272e+02
2.19696970e-05 -2.34848485e-05 2.50000542e+08 -6.76492277e+02 -8.37058105e+02
2.24747475e-05 -2.34848485e-05 2.50000565e+08 -7.27348256e+02 -7.91922899e+02
2.29797980e-05 -2.34848485e-05 2.50000587e+08 -7.73813326e+02 -7.44629971e+02
2.34848485e-05 -2.34848485e-05 2.50000608e+08 -8.15683089e+02 -6.95619468e+02
2.39898990e-05 -2.34848485e-05 2.50000628e+08 -8.52814911e+02 -6.45331597e+02
2.44949495e-05 -2.34848485e-05 2.50000647e+08 -8.85126595e+02 -5.94200120e+02
2.50000000e-05 -2.34848485e-05 2.50000664e+08 -9.12593981e+02 -5.42646263e+02
-2.50000000e-05 -2.29797980e-05 2.49999658e+08 6.68701628e+02 1.15045327e+03
-2.44949495e-05 -2.29797980e-05 2.49999639e+08 7.31092898e+02 1.17708798e+03
-2.39898990e-05 -2.29797980e-05 2.49999620e+08 7.96517365e+02 1.20279442e+03
-2.34848485e-05 -2.29797980e-05 2.49999599e+08 8.65048917e+02 1.22734160e+03
-2.29797980e-05 -2.29797980e-05 2.49999577e+08 9.36749011e+02 1.25046497e+03
-2.24747475e-05 -2.29797980e-05 2.49999554e+08 1.01166193e+03 1.27186235e+03
-2.19696970e-05 -2.29797980e-05 2.49999530e+08 1.08980892e+03 1.29118966e+03
-2.14646465e-05 -2.29797980e-05 2.49999506e+08 1.17118100e+03 1.30805673e+03
-2.09595960e-05 -2.29797980e-05 2.49999480e+08 1.25573037e+03 1.32202322e+03
-2.04545455e-05 -2.29797980e-05 2.49999454e+08 1.34336016e+03 1.33259505e+03
-1.99494949e-05 -2.29797980e-05 2.49999428e+08 1.43391244e+03 1.33922157e+03
-1.94444444e-05 -2.29797980e-05 2.49999402e+08 1.52715443e+03 1.34129396e+03
-1.89393939e-05 -2.29797980e-05 2.49999377e+08 1.62276286e+03 1.33814527e+03
-1.84343434e-05 -2.29797980e-05 2.49999353e+08 1.72030664e+03 1.32905289e+03
-1.79292929e-05 -2.29797980e-05 2.49999330e+08 1.81922801e+03 1.31324394e+03
-1.74242424e-05 -2.29797980e-05 2.49999309e+08 1.91882275e+03 1.28990455e+03
-1.69191919e-05 -2.29797980e-05 2.49999291e+08 2.01822002e+03 1.25819383e+03
-1.64141414e-05 -2.29797980e-05 2.49999276e+08 2.11636290e+03 1.21726345e+03
-1.59090909e-05 -2.29797980e-05 2.49999265e+08 2.21199105e+03 1.16628359e+03
-1.54040404e-05 -2.29797980e-05 2.49999259e+08 2.30362708e+03 1.10447619e+03
-1.48989899e-05 -2.29797980e-05 2.49999257e+08 2.38956910e+03 1.03115566e+03
-1.43939394e-05 -2.29797980e-05 2.49999261e+08 2.46789173e+03 9.45777381e+02
-1.38888889e-05 -2.29797980e-05 2.49999271e+08 2.53645880e+03 8.47993241e+02
-1.33838384e-05 -2.29797980e-05 2.49999287e+08 2.59295066e+03 7.37712944e+02
-1.28787879e-05 -2.29797980e-05 2.49999309e+08 2.63490938e+03 6.15168594e+02
-1.23737374e-05 -2.29797980e-05 2.49999336e+08 2.65980426e+03 4.80979030e+02
-1.18686869e-05 -2.29797980e-05 2.49999369e+08 2.66511969e+03 3.36208975e+02
-1.13636364e-05 -2.29797980e-05 2.49999407e+08 2.64846554e+03 1.82416924e+02
-1.08585859e-05 -2.29797980e-05 2.49999448e+08 2.60770840e+03 2.16846439e+01
-1.03535354e-05 -2.29797980e-05 2.49999490e+08 2.54111929e+03 -1.43379239e+02
-9.84848485e-06 -2.29797980e-05 2.49999532e+08 2.44753046e+03 -3.09668815e+02
-9.34343434e-06 -2.29797980e-05 2.49999572e+08 2.32649067e+03 -4.73649456e+02
-8.83838384e-06 -2.29797980e-05 2.49999607e+08 2.17840554e+03 -6.31468652e+02
-8.33333333e-06 -2.29797980e-05 2.49999636e+08 2.00464780e+03 -7.79108552e+02
-7.82828283e-06 -2.29797980e-05 2.49999655e+08 1.80762167e+03 -9.12574907e+02
-7.32323232e-06 -2.29797980e-05 2.49999663e+08 1.59076744e+03 -1.02811188e+03
-6.81818182e-06 -2.29797980e-05 2.49999658e+08 1.35849627e+03 -1.12242728e+03
-6.31313131e-06 -2.29797980e-05 2.49999639e+08 1.11605103e+03 -1.19290897e+03
-5.80808081e-06 -2.29797980e-05 2.49999607e+08 8.69297079e+02 -1.23781175e+03
-5.30303030e-06 -2.29797980e-05 2.49999561e+08 6.24454690e+02 -1.25639471e+03
-4.79797980e-06 -2.29797980e-05 2.49999502e+08 3.87792758e+02 -1.24899330e+03
-4.29292929e-06 -2.29797980e-05 2.49999434e+08 1.65308664e+02 -1.21701647e+03
-3.78787879e-06 -2.29797980e-05 2.49999358e+08 -3.75781671e+01 -1.16286760e+03
-3.28282828e-06 -2.29797980e-05 2.49999277e+08 -2.16292626e+02 -1.08979605e+03
-2.77777778e-06 -2.29797980e-05 2.49999195e+08 -3.67308314e+02 -1.00169408e+03
-2.27272727e-06 -2.29797980e-05 2.49999116e+08 -4.88275317e+02 -9.02858832e+02
-1.76767677e-06 -2.29797980e-05 2.49999042e+08 -5.78065386e+02 -7.97742051e+02
-1.26262626e-06 -2.29797980e-05 2.49998977e+08 -6.36737304e+02 -6.90709285e+02
-7.57575758e-07 -2.29797980e-05 2.49998923e+08 -6.65432817e+02 -5.85827541e+02
-2.52525253e-07 -2.29797980e-05 2.49998882e+08 -6.66218930e+02 -4.86695095e+02
2.52525253e-07 -2.29797980e-05 2.49998856e+08 -6.41895301e+02 -3.96321307e+02
7.57575758e-07 -2.29797980e-05 2.49998844e+08 -5.95785786e+02 -3.17058386e+02
1.26262626e-06 -2.29797980e-05 2.49998848e+08 -5.31531480e+02 -2.50581968e+02
1.76767677e-06 -2.29797980e-05 2.49998865e+08 -4.52899326e+02 -1.97913580e+02
2.27272727e-06 -2.29797980e-05 2.49998896e+08 -3.63616373e+02 -1.59475770e+02
2.77777778e-06 -2.29797980e-05 2.49998939e+08 -2.67235623e+02 -1.35169818e+02
3.28282828e-06 -2.29797980e-05 2.49998992e+08 -1.67035643e+02 -1.24466256e+02
3.78787879e-06 -2.29797980e-05 2.49999054e+08 -6.59530254e+01 -1.26499589e+02
4.29292929e-06 -2.29797980e-05 2.49999122e+08 3.34554355e+01 -1.40160263e+02
4.79797980e-06 -2.29797980e-05 2.49999195e+08 1.29025409e+02 -1.64178819e+02
5.30303030e-06 -2.29797980e-05 2.49999271e+08 2.18977733e+02 -1.97198965e+02
5.80808081e-06 -2.29797980e-05 2.49999349e+08 3.01896427e+02 -2.37837898e+02
6.31313131e-06 -2.29797980e-05 2.49999427e+08 3.76696894e+02 -2.84733525e+02
6.81818182e-06 -2.29797980e-05 2.49999503e+08 4.42588577e+02 -3.36579203e+02
7.32323232e-06 -2.29797980e-05 2.49999577e+08 4.99035543e+02 -3.92147268e+02
7.82828283e-06 -2.29797980e-05 2.49999649e+08 5.45717666e+02 -4.50303013e+02
8.33333333e-06 -2.29797980e-05 2.49999716e+08 5.82494328e+02 -5.10010913e+02
8.83838384e-06 -2.29797980e-05 2.49999780e+08 6.09371881e+02 -5.70334936e+02
9.34343434e-06 -2.29797980e-05 2.49999839e+08 6.26475547e+02 -6.30434580e+02
9.84848485e-06 -2.29797980e-05 2.49999894e+08 6.34025990e+02 -6.89558175e+02
1.03535354e-05 -2.29797980e-05 2.49999944e+08 6.32320437e+02 -7.47034678e+02
1.08585859e-05 -2.29797980e-05 2.49999991e+08 6.21718022e+02 -8.02264997e+02
1.13636364e-05 -2.29797980e-05 2.50000033e+08 6.02628819e+02 -8.54713640e+02
1.18686869e-05 -2.29797980e-05 2.50000072e+08 5.75505974e+02 -9.03901262e+02
1.23737374e-05 -2.29797980e-05 2.50000107e+08 5.40840279e+02 -9.49398476e+02
1.28787879e-05 -2.29797980e-05 2.50000140e+08 4.99156560e+02 -9.90821167e+02
1.33838384e-05 -2.29797980e-05 2.50000170e+08 4.51011244e+02 -1.02782736e+03
1.38888889e-05 -2.29797980e-05 2.50000198e+08 3.96990569e+02 -1.06011560e+03
1.43939394e-05 -2.29797980e-05 2.50000224e+08 3.37708924e+02 -1.08742470e+03
1.48989899e-05 -2.29797980e-05 2.50000250e+08 2.73806923e+02 -1.10953466e+03
1.54040404e-05 -2.29797980e-05 2.50000274e+08 2.05948889e+02 -1.12626843e+03
1.59090909e-05 -2.29797980e-05 2.50000298e+08 1.34819515e+02 -1.13749431e+03
1.64141414e-05 -2.29797980e-05 2.50000321e+08 6.11195735e+01 -1.14312855e+03
1.69191919e-05 -2.29797980e-05 2.50000345e+08 -1.44393769e+01 -1.14313794e+03
1.74242424e-05 -2.29797980e-05 2.50000368e+08 -9.11412523e+01 -1.13754198e+03
1.79292929e-05 -2.29797980e-05 2.50000392e+08 -1.68272549e+02 -1.12641452e+03
1.84343434e-05 -2.29797980e-05 2.50000416e+08 -2.45130121e+02 -1.10988444e+03
1.89393939e-05 -2.29797980e-05 2.50000440e+08 -3.21029398e+02 -1.08813535e+03
1.94444444e-05 -2.29797980e-05 2.50000465e+08 -3.95312778e+02 -1.06140411e+03
1.99494949e-05 -2.29797980e-05 2.50000489e+08 -4.67357906e+02 -1.02997823e+03
2.04545455e-05 -2.29797980e-05 2.50000514e+08 -5.36585562e+02 -9.94192018e+02
2.09595960e-05 -2.29797980e-05 2.50000538e+08 -6.02466866e+02 -9.54421614e+02
2.14646465e-05 -2.29797980e-05 2.50000563e+08 -6.64529570e+02 -9.11079115e+02
2.19696970e-05 -2.29797980e-05 2.50000586e+08 -7.22363223e+02 -8.64605832e+02
2.24747475e-05 -2.29797980e-05 2.50000609e+08 -7.75623048e+02 -8.15464979e+02
2.29797980e-05 -2.29797980e-05 2.50000631e+08 -8.24032436e+02 -7.64133984e+02
2.34848485e-05 -2.29797980e-05 2.50000652e+08 -8.67384010e+02 -7.11096682e+02
2.39898990e-05 -2.29797980e-05 2.50000672e+08 -9.05539265e+02 -6.56835600e+02
2.44949495e-05 -2.29797980e-05 2.50000690e+08 -9.38426860e+02 -6.01824581e+02
2.50000000e-05 -2.29797980e-05 2.50000706e+08 -9.66039661e+02 -5.46521930e+02
-2.50000000e-05 -2.24747475e-05 2.49999664e+08 6.40242215e+02 1.17247924e+03
-2.44949495e-05 -2.24747475e-05 2.49999644e+08 7.03344151e+02 1.20209005e+03
-2.39898990e-05 -2.24747475e-05 2.49999623e+08 7.69688625e+02 1.23100768e+03
-2.34848485e-05 -2.24747475e-05 2.49999601e+08 8.39381750e+02 1.25901375e+03
-2.29797980e-05 -2.24747475e-05 2.49999577e+08 9.12521597e+02 1.28585479e+03
-2.24747475e-05 -2.24747475e-05 2.49999552e+08 9.89193721e+02 1.31123722e+03
-2.19696970e-05 -2.24747475e-05 2.49999525e+08 1.06946547e+03 1.33482208e+03
-2.14646465e-05 -2.24747475e-05 2.49999497e+08 1.15337884e+03 1.35621951e+03
-2.09595960e-05 -2.24747475e-05 2.49999468e+08 1.24094169e+03 1.37498323e+03
-2.04545455e-05 -2.24747475e-05 2.49999438e+08 1.33211696e+03 1.39060510e+03
-1.99494949e-05 -2.24747475e-05 2.49999408e+08 1.42680993e+03 1.40251034e+03
-1.94444444e-05 -2.24747475e-05 2.49999377e+08 1.52485297e+03 1.41005368e+03
-1.89393939e-05 -2.24747475e-05 2.49999347e+08 1.62598806e+03 1.41251694e+03
-1.84343434e-05 -2.24747475e-05 2.49999317e+08 1.72984674e+03 1.40910899e+03
-1.79292929e-05 -2.24747475e-05 2.49999289e+08 1.83592788e+03 1.39896860e+03
-1.74242424e-05 -2.24747475e-05 2.49999262e+08 1.94357338e+03 1.38117141e+03
-1.69191919e-05 -2.24747475e-05 2.49999238e+08 2.05194265e+03 1.35474193e+03
-1.64141414e-05 -2.24747475e-05 2.49999217e+08 2.15998662e+03 1.31867194e+03
-1.59090909e-05 -2.24747475e-05 2.49999200e+08 2.26642297e+03 1.27194630e+03
-1.54040404e-05 -2.24747475e-05 2.49999187e+08 2.36971416e+03 1.21357756e+03
-1.48989899e-05 -2.24747475e-05 2.49999180e+08 2.46805111e+03 1.14265009e+03
-1.43939394e-05 -2.24747475e-05 2.49999179e+08 2.55934541e+03 1.05837456e+03
-1.38888889e-05 -2.24747475e-05 2.49999184e+08 2.64123389e+03 9.60152328e+02
-1.33838384e-05 -2.24747475e-05 2.49999196e+08 2.71109955e+03 8.47649120e+02
-1.28787879e-05 -2.24747475e-05 2.49999216e+08 2.76611342e+03 7.20875391e+02
-1.23737374e-05 -2.24747475e-05 2.49999242e+08 2.80330114e+03 5.80269772e+02
-1.18686869e-05 -2.24747475e-05 2.49999275e+08 2.81963800e+03 4.26779951e+02
-1.13636364e-05 -2.24747475e-05 2.49999314e+08 2.81217384e+03 2.61933573e+02
-1.08585859e-05 -2.24747475e-05 2.49999358e+08 2.77818746e+03 8.78900992e+01
-1.03535354e-05 -2.24747475e-05 2.49999404e+08 2.71536643e+03 -9.25365543e+01
-9.84848485e-06 -2.24747475e-05 2.49999452e+08 2.62200420e+03 -2.75894963e+02
-9.34343434e-06 -2.24747475e-05 2.49999497e+08 2.49720202e+03 -4.58161848e+02
-8.83838384e-06 -2.24747475e-05 2.49999539e+08 2.34105863e+03 -6.34862646e+02
-8.33333333e-06 -2.24747475e-05 2.49999573e+08 2.15482757e+03 -8.01248455e+02
-7.82828283e-06 -2.24747475e-05 2.49999598e+08 1.94102049e+03 -9.52524419e+02
-7.32323232e-06 -2.24747475e-05 2.49999610e+08 1.70343599e+03 -1.08411728e+03
-6.81818182e-06 -2.24747475e-05 2.49999608e+08 1.44709865e+03 -1.19196256e+03
-6.31313131e-06 -2.24747475e-05 2.49999590e+08 1.17810033e+03 -1.27278600e+03
-5.80808081e-06 -2.24747475e-05 2.49999557e+08 9.03346784e+02 -1.32435075e+03
-5.30303030e-06 -2.24747475e-05 2.49999508e+08 6.30224112e+02 -1.34564261e+03
-4.79797980e-06 -2.24747475e-05 2.49999445e+08 3.66210656e+02 -1.33697068e+03
-4.29292929e-06 -2.24747475e-05 2.49999370e+08 1.18468116e+02 -1.29996943e+03
-3.78787879e-06 -2.24747475e-05 2.49999287e+08 -1.06550462e+02 -1.23749974e+03
-3.28282828e-06 -2.24747475e-05 2.49999198e+08 -3.03439605e+02 -1.15345845e+03
-2.77777778e-06 -2.24747475e-05 2.49999109e+08 -4.68097512e+02 -1.05251641e+03
-2.27272727e-06 -2.24747475e-05 2.49999024e+08 -5.97879949e+02 -9.39812751e+02
-1.76767677e-06 -2.24747475e-05 2.49998945e+08 -6.91644976e+02 -8.20636124e+02
-1.26262626e-06 -2.24747475e-05 2.49998877e+08 -7.49693819e+02 -7.00122487e+02
-7.57575758e-07 -2.24747475e-05 2.49998823e+08 -7.73623520e+02 -5.82994154e+02
-2.52525253e-07 -2.24747475e-05 2.49998784e+08 -7.66114029e+02 -4.73357275e+02
2.52525253e-07 -2.24747475e-05 2.49998762e+08 -7.30675669e+02 -3.74566487e+02
7.57575758e-07 -2.24747475e-05 2.49998757e+08 -6.71382558e+02 -2.89157345e+02
1.26262626e-06 -2.24747475e-05 2.49998769e+08 -5.92614408e+02 -2.18840511e+02
1.76767677e-06 -2.24747475e-05 2.49998798e+08 -4.98824069e+02 -1.64546984e+02
2.27272727e-06 -2.24747475e-05 2.49998841e+08 -3.94342434e+02 -1.26511221e+02
2.77777778e-06 -2.24747475e-05 2.49998897e+08 -2.83226614e+02 -1.04378448e+02
3.28282828e-06 -2.24747475e-05 2.49998963e+08 -1.69152381e+02 -9.73234848e+01
3.78787879e-06 -2.24747475e-05 2.49999038e+08 -5.53481171e+01 -1.04170399e+02
4.29292929e-06 -2.24747475e-05 2.49999120e+08 5.54351004e+01 -1.23504847e+02
4.79797980e-06 -2.24747475e-05 2.49999206e+08 1.60923995e+02 -1.53773517e+02
5.30303030e-06 -2.24747475e-05 2.49999294e+08 2.59301349e+02 -1.93367543e+02
5.80808081e-06 -2.24747475e-05 2.49999383e+08 3.49168904e+02 -2.40688688e+02
6.31313131e-06 -2.24747475e-05 2.49999470e+08 4.29501008e+02 -2.94198695e+02
6.81818182e-06 -2.24747475e-05 2.49999555e+08 4.99594106e+02 -3.52453243e+02
7.32323232e-06 -2.24747475e-05 2.49999637e+08 5.59016037e+02 -4.14122571e+02
7.82828283e-06 -2.24747475e-05 2.49999714e+08 6.07558034e+02 -4.78001201e+02
8.33333333e-06 -2.24747475e-05 2.49999787e+08 6.45191346e+02 -5.43009169e+02
8.83838384e-06 -2.24747475e-05 2.49999854e+08 6.72029600e+02 -6.08187085e+02
9.34343434e-06 -2.24747475e-05 2.49999916e+08 6.88297350e+02 -6.72687082e+02
9.84848485e-06 -2.24747475e-05 2.49999973e+08 6.94304790e+02 -7.35761405e+02
1.03535354e-05 -2.24747475e-05 2.50000024e+08 6.90428233e+02 -7.96750073e+02
1.08585859e-05 -2.24747475e-05 2.50000070e+08 6.77095742e+02 -8.55068744e+02
1.13636364e-05 -2.24747475e-05 2.50000112e+08 6.54777141e+02 -9.10197591e+02
1.18686869e-05 -2.24747475e-05 2.50000150e+08 6.23977595e+02 -9.61671779e+02
1.23737374e-05 -2.24747475e-05 2.50000183e+08 5.85233904e+02 -1.00907387e+03
1.28787879e-05 -2.24747475e-05 2.50000214e+08 5.39112707e+02 -1.05202832e+03
1.33838384e-05 -2.24747475e-05 2.50000242e+08 4.86209860e+02 -1.09019810e+03
1.38888889e-05 -2.24747475e-05 2.50000267e+08 4.27150291e+02 -1.12328323e+03
1.43939394e-05 -2.24747475e-05 2.50000291e+08 3.62587784e+02 -1.15102111e+03
1.48989899e-05 -2.24747475e-05 2.50000314e+08 2.93204199e+02 -1.17318830e+03
1.54040404e-05 -2.24747475e-05 2.50000336e+08 2.19707770e+02 -1.18960330e+03
1.59090909e-05 -2.24747475e-05 2.50000357e+08 1.42830225e+02 -1.20013014e+03
1.64141414e-05 -2.24747475e-05 2.50000379e+08 6.33226011e+01 -1.20468219e+03
1.69191919e-05 -2.24747475e-05 2.50000400e+08 -1.80503066e+01 -1.20322591e+03
1.74242424e-05 -2.24747475e-05 2.50000422e+08 -1.00516766e+02 -1.19578412e+03
1.79292929e-05 -2.24747475e-05 2.50000444e+08 -1.83306061e+02 -1.18243846e+03
1.84343434e-05 -2.24747475e-05 2.50000466e+08 -2.65657336e+02 -1.16333079e+03
1.89393939e-05 -2.24747475e-05 2.50000490e+08 -3.46829038e+02 -1.13866332e+03
1.94444444e-05 -2.24747475e-05 2.50000513e+08 -4.26108621e+02 -1.10869730e+03
1.99494949e-05 -2.24747475e-05 2.50000537e+08 -5.02822157e+02 -1.07375025e+03
2.04545455e-05 -2.24747475e-05 2.50000561e+08 -5.76343495e+02 -1.03419178e+03
2.09595960e-05 -2.24747475e-05 2.50000585e+08 -6.46102632e+02 -9.90438001e+02
2.14646465e-05 -2.24747475e-05 2.50000609e+08 -7.11592991e+02 -9.42944795e+02
2.19696970e-05 -2.24747475e-05 2.50000633e+08 -7.72377351e+02 -8.92200107e+02
2.24747475e-05 -2.24747475e-05 2.50000655e+08 -8.28092261e+02 -8.38715532e+02
2.29797980e-05 -2.24747475e-05 2.50000677e+08 -8.78450789e+02 -7.83017478e+02
2.34848485e-05 -2.24747475e-05 2.50000698e+08 -9.23243586e+02 -7.25638197e+02
2.39898990e-05 -2.24747475e-05 2.50000717e+08 -9.62338277e+02 -6.67106967e+02
2.44949495e-05 -2.24747475e-05 2.50000734e+08 -9.95677263e+02 -6.07941701e+02
2.50000000e-05 -2.24747475e-05 2.50000750e+08 -1.02327409e+03 -5.48641199e+02
-2.50000000e-05 -2.19696970e-05 2.49999674e+08 6.08915917e+02 1.19212465e+03
-2.44949495e-05 -2.19696970e-05 2.49999653e+08 6.72489027e+02 1.22472418e+03
-2.39898990e-05 -2.19696970e-05 2.49999631e+08 7.39498367e+02 1.25688985e+03
-2.34848485e-05 -2.19696970e-05 2.49999606e+08 8.10083151e+02 1.28842126e+03
-2.29797980e-05 -2.19696970e-05 2.49999580e+08 8.84379678e+02 1.31908206e+03
-2.24747475e-05 -2.19696970e-05 2.49999553e+08 9.62517356e+02 1.34859409e+03
-2.19696970e-05 -2.19696970e-05 2.49999523e+08 1.04461341e+03 1.37663107e+03
-2.14646465e-05 -2.19696970e-05 2.49999492e+08 1.13076602e+03 1.40281172e+03
-2.09595960e-05 -2.19696970e-05 2.49999460e+08 1.22104563e+03 1.42669255e+03
-2.04545455e-05 -2.19696970e-05 2.49999426e+08 1.31548398e+03 1.44776055e+03
-1.99494949e-05 -2.19696970e-05 2.49999391e+08 1.41406078e+03 1.46542605e+03
-1.94444444e-05 -2.19696970e-05 2.49999355e+08 1.51668742e+03 1.47901619e+03
-1.89393939e-05 -2.19696970e-05 2.49999320e+08 1.62318775e+03 1.48776964e+03
-1.84343434e-05 -2.19696970e-05 2.49999284e+08 1.73327556e+03 1.49083321e+03
-1.79292929e-05 -2.19696970e-05 2.49999249e+08 1.84652880e+03 1.48726144e+03
-1.74242424e-05 -2.19696970e-05 2.49999216e+08 1.96236072e+03 1.47602011e+03
-1.69191919e-05 -2.19696970e-05 2.49999185e+08 2.07998841e+03 1.45599521e+03
-1.64141414e-05 -2.19696970e-05 2.49999156e+08 2.19839955e+03 1.42600872e+03
-1.59090909e-05 -2.19696970e-05 2.49999132e+08 2.31631874e+03 1.38484296e+03
-1.54040404e-05 -2.19696970e-05 2.49999112e+08 2.43217556e+03 1.33127517e+03
-1.48989899e-05 -2.19696970e-05 2.49999098e+08 2.54407687e+03 1.26412392e+03
-1.43939394e-05 -2.19696970e-05 2.49999090e+08 2.64978721e+03 1.18230863e+03
-1.38888889e-05 -2.19696970e-05 2.49999090e+08 2.74672163e+03 1.08492284e+03
-1.33838384e-05 -2.19696970e-05 2.49999097e+08 2.83195626e+03 9.71320859e+02
-1.28787879e-05 -2.19696970e-05 2.49999113e+08 2.90226258e+03 8.41216017e+02
-1.23737374e-05 -2.19696970e-05 2.49999137e+08 2.95417141e+03 6.94786808e+02
-1.18686869e-05 -2.19696970e-05 2.49999169e+08 2.98407201e+03 5.32784766e+02
-1.13636364e-05 -2.19696970e-05 2.49999209e+08 2.98835050e+03 3.56635401e+02
-1.08585859e-05 -2.19696970e-05 2.49999255e+08 2.96356877e+03 1.68520854e+02
-1.03535354e-05 -2.19696970e-05 2.49999306e+08 2.90668100e+03 -2.85692330e+01
-9.84848485e-06 -2.19696970e-05 2.49999358e+08 2.81527978e+03 -2.30833142e+02
-9.34343434e-06 -2.19696970e-05 2.49999410e+08 2.68785712e+03 -4.33712639e+02
-8.83838384e-06 -2.19696970e-05 2.49999459e+08 2.52405937e+03 -6.32019435e+02
-8.33333333e-06 -2.19696970e-05 2.49999500e+08 2.32490940e+03 -8.20137513e+02
-7.82828283e-06 -2.19696970e-05 2.49999531e+08 2.09296623e+03 -9.92297862e+02
-7.32323232e-06 -2.19696970e-05 2.49999549e+08 1.83239264e+03 -1.14291185e+03
-6.81818182e-06 -2.19696970e-05 2.49999551e+08 1.54890687e+03 -1.26693877e+03
-6.31313131e-06 -2.19696970e-05 2.49999535e+08 1.24960457e+03 -1.36025388e+03
-5.80808081e-06 -2.19696970e-05 2.49999500e+08 9.42651908e+02 -1.41997779e+03
-5.30303030e-06 -2.19696970e-05 2.49999448e+08 6.36867399e+02 -1.44472821e+03
-4.79797980e-06 -2.19696970e-05 2.49999379e+08 3.41226390e+02 -1.43476117e+03
-4.29292929e-06 -2.19696970e-05 2.49999297e+08 6.43342003e+01 -1.39198144e+03
-3.78787879e-06 -2.19696970e-05 2.49999206e+08 -1.86079842e+02 -1.31981764e+03
-3.28282828e-06 -2.19696970e-05 2.49999109e+08 -4.03597255e+02 -1.22297530e+03
-2.77777778e-06 -2.19696970e-05 2.49999011e+08 -5.83433278e+02 -1.10709591e+03
-2.27272727e-06 -2.19696970e-05 2.49998919e+08 -7.22622049e+02 -9.78360691e+02
-1.76767677e-06 -2.19696970e-05 2.49998835e+08 -8.20056243e+02 -8.43081800e+02
-1.26262626e-06 -2.19696970e-05 2.49998765e+08 -8.76390746e+02 -7.07321138e+02
-7.57575758e-07 -2.19696970e-05 2.49998710e+08 -8.93833991e+02 -5.76569183e+02
-2.52525253e-07 -2.19696970e-05 2.49998675e+08 -8.75859638e+02 -4.55505140e+02
2.52525253e-07 -2.19696970e-05 2.49998659e+08 -8.26874636e+02 -3.47847536e+02
7.57575758e-07 -2.19696970e-05 2.49998663e+08 -7.51877988e+02 -2.56293284e+02
1.26262626e-06 -2.19696970e-05 2.49998686e+08 -6.56139063e+02 -1.82534551e+02
1.76767677e-06 -2.19696970e-05 2.49998727e+08 -5.44916603e+02 -1.27337221e+02
2.27272727e-06 -2.19696970e-05 2.49998785e+08 -4.23231262e+02 -9.06623353e+01
2.77777778e-06 -2.19696970e-05 2.49998856e+08 -2.95696841e+02 -7.18120851e+01
3.28282828e-06 -2.19696970e-05 2.49998938e+08 -1.66409026e+02 -6.95841172e+01
3.78787879e-06 -2.19696970e-05 2.49999029e+08 -3.88859400e+01 -8.24211509e+01
4.29292929e-06 -2.19696970e-05 2.49999126e+08 8.39479642e+01 -1.08546594e+02
4.79797980e-06 -2.19696970e-05 2.49999226e+08 1.99744358e+02 -1.46080399e+02
5.30303030e-06 -2.19696970e-05 2.49999328e+08 3.06689483e+02 -1.93132480e+02
5.80808081e-06 -2.19696970e-05 2.49999428e+08 4.03447409e+02 -2.47873451e+02
6.31313131e-06 -2.19696970e-05 2.49999526e+08 4.89095569e+02 -3.08584161e+02
6.81818182e-06 -2.19696970e-05 2.49999620e+08 5.63058498e+02 -3.73686629e+02
7.32323232e-06 -2.19696970e-05 2.49999710e+08 6.25044145e+02 -4.41759535e+02
7.82828283e-06 -2.19696970e-05 2.49999793e+08 6.74985751e+02 -5.11541562e+02
8.33333333e-06 -2.19696970e-05 2.49999870e+08 7.12991058e+02 -5.81925773e+02
8.83838384e-06 -2.19696970e-05 2.49999941e+08 7.39299682e+02 -6.51947884e+02
9.34343434e-06 -2.19696970e-05 2.50000005e+08 7.54248756e+02 -7.20770873e+02
9.84848485e-06 -2.19696970e-05 2.50000063e+08 7.58246417e+02 -7.87667940e+02
1.03535354e-05 -2.19696970e-05 2.50000114e+08 7.51752398e+02 -8.52005384e+02
1.08585859e-05 -2.19696970e-05 2.50000160e+08 7.35264740e+02 -9.13226578e+02
1.13636364e-05 -2.19696970e-05 2.50000200e+08 7.09311585e+02 -9.70837864e+02
1.18686869e-05 -2.19696970e-05 2.50000236e+08 6.74446946e+02 -1.02439690e+03
1.23737374e-05 -2.19696970e-05 2.50000267e+08 6.31249411e+02 -1.07350371e+03
1.28787879e-05 -2.19696970e-05 2.50000295e+08 5.80322795e+02 -1.11779458e+03
1.33838384e-05 -2.19696970e-05 2.50000320e+08 5.22297834e+02 -1.15693859e+03
1.38888889e-05 -2.19696970e-05 2.50000342e+08 4.57834148e+02 -1.19063672e+03
1.43939394e-05 -2.19696970e-05 2.50000363e+08 3.87621803e+02 -1.21862299e+03
1.48989899e-05 -2.19696970e-05 2.50000383e+08 3.12381932e+02 -1.24066748e+03
1.54040404e-05 -2.19696970e-05 2.50000402e+08 2.32866012e+02 -1.25658056e+03
1.59090909e-05 -2.19696970e-05 2.50000420e+08 1.49853515e+02 -1.26621799e+03
1.64141414e-05 -2.19696970e-05 2.50000439e+08 6.41478076e+01 -1.26948627e+03
1.69191919e-05 -2.19696970e-05 2.50000458e+08 -2.34297368e+01 -1.26634789e+03
1.74242424e-05 -2.19696970e-05 2.50000478e+08 -1.12047293e+02 -1.25682593e+03
1.79292929e-05 -2.19696970e-05 2.50000498e+08 -2.00871602e+02 -1.24100764e+03
1.84343434e-05 -2.19696970e-05 2.50000519e+08 -2.89078142e+02 -1.21904668e+03
1.89393939e-05 -2.19696970e-05 2.50000541e+08 -3.75862092e+02 -1.19116376e+03
1.94444444e-05 -2.19696970e-05 2.50000563e+08 -4.60449655e+02 -1.15764558e+03
1.99494949e-05 -2.19696970e-05 2.50000587e+08 -5.42109296e+02 -1.11884187e+03
2.04545455e-05 -2.19696970e-05 2.50000610e+08 -6.20162465e+02 -1.07516074e+03
2.09595960e-05 -2.19696970e-05 2.50000634e+08 -6.93993370e+02 -1.02706235e+03
2.14646465e-05 -2.19696970e-05 2.50000657e+08 -7.63057447e+02 -9.75051194e+02
2.19696970e-05 -2.19696970e-05 2.50000680e+08 -8.26888211e+02 -9.19667148e+02
2.24747475e-05 -2.19696970e-05 2.50000703e+08 -8.85102280e+02 -8.61475771e+02
2.29797980e-05 -2.19696970e-05 2.50000724e+08 -9.37402418e+02 -8.01058067e+02
2.34848485e-05 -2.19696970e-05 2.50000745e+08 -9.83578566e+02 -7.39000148e+02
2.39898990e-05 -2.19696970e-05 2.50000763e+08 -1.02350690e+03 -6.75883103e+02
2.44949495e-05 -2.19696970e-05 2.50000780e+08 -1.05714701e+03 -6.12273417e+02
2.50000000e-05 -2.19696970e-05 2.50000796e+08 -1.08453746e+03 -5.48714198e+02
-2.50000000e-05 -2.14646465e-05 2.49999687e+08 5.74738330e+02 1.20903306e+03
-2.44949495e-05 -2.14646465e-05 2.49999665e+08 6.38522450e+02 1.24459654e+03
-2.39898990e-05 -2.14646465e-05 2.49999642e+08 7.05915745e+02 1.28000737e+03
-2.34848485e-05 -2.14646465e-05 2.49999616e+08 7.77090580e+02 1.31508880e+03
-2.29797980e-05 -2.14646465e-05 2.49999588e+08 8.52222257e+02 1.34962817e+03
-2.24747475e-05 -2.14646465e-05 2.49999558e+08 9.31485734e+02 1.38337035e+03
-2.19696970e-05 -2.14646465e-05 2.49999526e+08 1.01505102e+03 1.41601031e+03
-2.14646465e-05 -2.14646465e-05 2.49999492e+08 1.10307689e+03 1.44718492e+03
-2.09595960e-05 -2.14646465e-05 2.49999456e+08 1.19570264e+03 1.47646407e+03
-2.04545455e-05 -2.14646465e-05 2.49999418e+08 1.29303733e+03 1.50334115e+03
-1.99494949e-05 -2.14646465e-05 2.49999378e+08 1.39514621e+03 1.52722346e+03
-1.94444444e-05 -2.14646465e-05 2.49999337e+08 1.50203390e+03 1.54742260e+03
-1.89393939e-05 -2.14646465e-05 2.49999296e+08 1.61362369e+03 1.56314569e+03
-1.84343434e-05 -2.14646465e-05 2.49999254e+08 1.72973293e+03 1.57348812e+03
-1.79292929e-05 -2.14646465e-05 2.49999212e+08 1.85004391e+03 1.57742870e+03
-1.74242424e-05 -2.14646465e-05 2.49999171e+08 1.97407041e+03 1.57382876e+03
-1.69191919e-05 -2.14646465e-05 2.49999132e+08 2.10111999e+03 1.56143649e+03
-1.64141414e-05 -2.14646465e-05 2.49999096e+08 2.23025281e+03 1.53889858e+03
-1.59090909e-05 -2.14646465e-05 2.49999063e+08 2.36023797e+03 1.50478119e+03
-1.54040404e-05 -2.14646465e-05 2.49999034e+08 2.48950955e+03 1.45760259e+03
-1.48989899e-05 -2.14646465e-05 2.49999012e+08 2.61612509e+03 1.39587989e+03
-1.43939394e-05 -2.14646465e-05 2.49998996e+08 2.73773055e+03 1.31819215e+03
-1.38888889e-05 -2.14646465e-05 2.49998988e+08 2.85153703e+03 1.22326136e+03
-1.33838384e-05 -2.14646465e-05 2.49998989e+08 2.95431579e+03 1.11005225e+03
-1.28787879e-05 -2.14646465e-05 2.49999000e+08 3.04241927e+03 9.77889931e+02
-1.23737374e-05 -2.14646465e-05 2.49999020e+08 3.11183654e+03 8.26592153e+02
-1.18686869e-05 -2.14646465e-05 2.49999050e+08 3.15829175e+03 6.56610079e+02
-1.13636364e-05 -2.14646465e-05 2.49999090e+08 3.17739261e+03 4.69167624e+02
-1.08585859e-05 -2.14646465e-05 2.49999137e+08 3.16483363e+03 2.66385641e+02
-1.03535354e-05 -2.14646465e-05 2.49999192e+08 3.11665343e+03 5.13734801e+01
-9.84848485e-06 -2.14646465e-05 2.49999250e+08 3.02953913e+03 -1.71732073e+02
-9.34343434e-06 -2.14646465e-05 2.49999309e+08 2.90116156e+03 -3.97800915e+02
-8.83838384e-06 -2.14646465e-05 2.49999365e+08 2.73051588e+03 -6.20834447e+02
-8.33333333e-06 -2.14646465e-05 2.49999415e+08 2.51823276e+03 -8.34191992e+02
-7.82828283e-06 -2.14646465e-05 2.49999454e+08 2.26681923e+03 -1.03091874e+03
-7.32323232e-06 -2.14646465e-05 2.49999478e+08 1.98078686e+03 -1.20416079e+03
-6.81818182e-06 -2.14646465e-05 2.49999484e+08 1.66663027e+03 -1.34763710e+03
-6.31313131e-06 -2.14646465e-05 2.49999470e+08 1.33263255e+03 -1.45612360e+03
-5.80808081e-06 -2.14646465e-05 2.49999435e+08 9.88493979e+02 -1.52589554e+03
-5.30303030e-06 -2.14646465e-05 2.49999380e+08 6.44804993e+02 -1.55507230e+03
-4.79797980e-06 -2.14646465e-05 2.49999305e+08 3.12408149e+02 -1.54381700e+03
-4.29292929e-06 -2.14646465e-05 2.49999214e+08 1.71289831e+00 -1.49436046e+03
-3.78787879e-06 -2.14646465e-05 2.49999113e+08 -2.77963797e+02 -1.41084219e+03
-3.28282828e-06 -2.14646465e-05 2.49999006e+08 -5.18960351e+02 -1.29898666e+03
-2.77777778e-06 -2.14646465e-05 2.49998899e+08 -7.15680233e+02 -1.16565488e+03
-2.27272727e-06 -2.14646465e-05 2.49998799e+08 -8.64814086e+02 -1.01832631e+03
-1.76767677e-06 -2.14646465e-05 2.49998710e+08 -9.65366115e+02 -8.64570741e+02
-1.26262626e-06 -2.14646465e-05 2.49998637e+08 -1.01850137e+03 -7.11565164e+02
-7.57575758e-07 -2.14646465e-05 2.49998584e+08 -1.02724990e+03 -5.65698387e+02
-2.52525253e-07 -2.14646465e-05 2.49998553e+08 -9.96115064e+02 -4.32289166e+02
2.52525253e-07 -2.14646465e-05 2.49998545e+08 -9.30636287e+02 -3.15426411e+02
7.57575758e-07 -2.14646465e-05 2.49998561e+08 -8.36952154e+02 -2.17924695e+02
1.26262626e-06 -2.14646465e-05 2.49998598e+08 -7.21400748e+02 -1.41377211e+02
1.76767677e-06 -2.14646465e-05 2.49998655e+08 -5.90182308e+02 -8.62819595e+01
2.27272727e-06 -2.14646465e-05 2.49998730e+08 -4.49097605e+02 -5.22150670e+01
2.77777778e-06 -2.14646465e-05 2.49998819e+08 -3.03365102e+02 -3.80267843e+01
3.28282828e-06 -2.14646465e-05 2.49998920e+08 -1.57511997e+02 -4.20396519e+01
3.78787879e-06 -2.14646465e-05 2.49999029e+08 -1.53290747e+01 -6.22334034e+01
4.29292929e-06 -2.14646465e-05 2.49999143e+08 1.20123470e+02 -9.64064228e+01
4.79797980e-06 -2.14646465e-05 2.49999259e+08 2.46472763e+02 -1.42308312e+02
5.30303030e-06 -2.14646465e-05 2.49999375e+08 3.61965238e+02 -1.97741990e+02
5.80808081e-06 -2.14646465e-05 2.49999488e+08 4.65384935e+02 -2.60636577e+02
6.31313131e-06 -2.14646465e-05 2.49999597e+08 5.55966974e+02 -3.29094201e+02
6.81818182e-06 -2.14646465e-05 2.49999701e+08 6.33312884e+02 -4.01414860e+02
7.32323232e-06 -2.14646465e-05 2.49999797e+08 6.97312401e+02 -4.76103843e+02
7.82828283e-06 -2.14646465e-05 2.49999887e+08 7.48074568e+02 -5.51866119e+02
8.33333333e-06 -2.14646465e-05 2.49999968e+08 7.85869550e+02 -6.27591689e+02
8.83838384e-06 -2.14646465e-05 2.50000042e+08 8.11081528e+02 -7.02335336e+02
9.34343434e-06 -2.14646465e-05 2.50000108e+08 8.24172212e+02 -7.75293593e+02
9.84848485e-06 -2.14646465e-05 2.50000166e+08 8.25654085e+02 -8.45781151e+02
1.03535354e-05 -2.14646465e-05 2.50000216e+08 8.16072118e+02 -9.13208351e+02
1.08585859e-05 -2.14646465e-05 2.50000261e+08 7.95992607e+02 -9.77060946e+02
1.13636364e-05 -2.14646465e-05 2.50000299e+08 7.65997709e+02 -1.03688289e+03
1.18686869e-05 -2.14646465e-05 2.50000331e+08 7.26684313e+02 -1.09226259e+03
1.23737374e-05 -2.14646465e-05 2.50000359e+08 6.78665956e+02 -1.14282283e+03
1.28787879e-05 -2.14646465e-05 2.50000384e+08 6.22576608e+02 -1.18821426e+03
1.33838384e-05 -2.14646465e-05 2.50000405e+08 5.59075291e+02 -1.22811223e+03
1.38888889e-05 -2.14646465e-05 2.50000423e+08 4.88850623e+02 -1.26221680e+03
1.43939394e-05 -2.14646465e-05 2.50000440e+08 4.12624538e+02 -1.29025519e+03
1.48989899e-05 -2.14646465e-05 2.50000456e+08 3.31154572e+02 -1.31198643e+03
1.54040404e-05 -2.14646465e-05 2.50000472e+08 2.45234280e+02 -1.32720747e+03
1.59090909e-05 -2.14646465e-05 2.50000487e+08 1.55691480e+02 -1.33576022e+03
1.64141414e-05 -2.14646465e-05 2.50000502e+08 6.33841897e+01 -1.33753888e+03
1.69191919e-05 -2.14646465e-05 2.50000519e+08 -3.08057266e+01 -1.33249706e+03
1.74242424e-05 -2.14646465e-05 2.50000536e+08 -1.25981059e+02 -1.32065398e+03
1.79292929e-05 -2.14646465e-05 2.50000554e+08 -2.21239614e+02 -1.30209948e+03
1.84343434e-05 -2.14646465e-05 2.50000573e+08 -3.15686049e+02 -1.27699729e+03
1.89393939e-05 -2.14646465e-05 2.50000594e+08 -4.08444721e+02 -1.24558627e+03
1.94444444e-05 -2.14646465e-05 2.50000615e+08 -4.98672999e+02 -1.20817962e+03
1.99494949e-05 -2.14646465e-05 2.50000637e+08 -5.85574511e+02 -1.16516170e+03
2.04545455e-05 -2.14646465e-05 2.50000660e+08 -6.68411767e+02 -1.11698283e+03
2.09595960e-05 -2.14646465e-05 2.50000683e+08 -7.46517636e+02 -1.06415200e+03
2.14646465e-05 -2.14646465e-05 2.50000706e+08 -8.19305247e+02 -1.00722791e+03
2.19696970e-05 -2.14646465e-05 2.50000729e+08 -8.86275935e+02 -9.46808590e+02
2.24747475e-05 -2.14646465e-05 2.50000751e+08 -9.47024973e+02 -8.83520071e+02
2.29797980e-05 -2.14646465e-05 2.50000773e+08 -1.00124493e+03 -8.18004488e+02
2.34848485e-05 -2.14646465e-05 2.50000793e+08 -1.04872663e+03 -7.50908095e+02
2.39898990e-05 -2.14646465e-05 2.50000811e+08 -1.08935774e+03 -6.82869588e+02
2.44949495e-05 -2.14646465e-05 2.50000828e+08 -1.12311923e+03 -6.14509130e+02
2.50000000e-05 -2.14646465e-05 2.50000842e+08 -1.15007979e+03 -5.46418394e+02
-2.50000000e-05 -2.09595960e-05 2.49999704e+08 5.37763417e+02 1.22284011e+03
-2.44949495e-05 -2.09595960e-05 2.49999682e+08 6.01480717e+02 1.26130041e+03
-2.39898990e-05 -2.09595960e-05 2.49999657e+08 6.68954086e+02 1.29990769e+03
-2.34848485e-05 -2.09595960e-05 2.49999630e+08 7.40388126e+02 1.33851468e+03
-2.29797980e-05 -2.09595960e-05 2.49999601e+08 8.15996839e+02 1.37693941e+03
-2.24747475e-05 -2.09595960e-05 2.49999569e+08 8.96001303e+02 1.41495796e+03
-2.19696970e-05 -2.09595960e-05 2.49999534e+08 9.80626030e+02 1.45229608e+03
-2.14646465e-05 -2.09595960e-05 2.49999497e+08 1.07009365e+03 1.48861967e+03
-2.09595960e-05 -2.09595960e-05 2.49999457e+08 1.16461745e+03 1.52352420e+03
-2.04545455e-05 -2.09595960e-05 2.49999415e+08 1.26439137e+03 1.55652304e+03
-1.99494949e-05 -2.09595960e-05 2.49999371e+08 1.36957670e+03 1.58703508e+03
-1.94444444e-05 -2.09595960e-05 2.49999324e+08 1.48028517e+03 1.61437184e+03
-1.89393939e-05 -2.09595960e-05 2.49999277e+08 1.59655751e+03 1.63772468e+03
-1.84343434e-05 -2.09595960e-05 2.49999228e+08 1.71833712e+03 1.65615290e+03
-1.79292929e-05 -2.09595960e-05 2.49999179e+08 1.84543817e+03 1.66857364e+03
-1.74242424e-05 -2.09595960e-05 2.49999130e+08 1.97750775e+03 1.67375513e+03
-1.69191919e-05 -2.09595960e-05 2.49999082e+08 2.11398208e+03 1.67031490e+03
-1.64141414e-05 -2.09595960e-05 2.49999036e+08 2.25403683e+03 1.65672520e+03
-1.59090909e-05 -2.09595960e-05 2.49998993e+08 2.39653262e+03 1.63132826e+03
-1.54040404e-05 -2.09595960e-05 2.49998955e+08 2.53995733e+03 1.59236442e+03
-1.48989899e-05 -2.09595960e-05 2.49998922e+08 2.68236793e+03 1.53801646e+03
-1.43939394e-05 -2.09595960e-05 2.49998897e+08 2.82133625e+03 1.46647347e+03
-1.38888889e-05 -2.09595960e-05 2.49998879e+08 2.95390437e+03 1.37601761e+03
-1.33838384e-05 -2.09595960e-05 2.49998872e+08 3.07655755e+03 1.26513581e+03
-1.28787879e-05 -2.09595960e-05 2.49998875e+08 3.18522447e+03 1.13265733e+03
-1.23737374e-05 -2.09595960e-05 2.49998890e+08 3.27531596e+03 9.77915037e+02
-1.18686869e-05 -2.09595960e-05 2.49998916e+08 3.34181470e+03 8.00925094e+02
-1.13636364e-05 -2.09595960e-05 2.49998954e+08 3.37942763e+03 6.02574275e+02
-1.08585859e-05 -2.09595960e-05 2.49999003e+08 3.38281030e+03 3.84799047e+02
-1.03535354e-05 -2.09595960e-05 2.49999060e+08 3.34686728e+03 1.50734308e+02
-9.84848485e-06 -2.09595960e-05 2.49999124e+08 3.26712409e+03 -9.51951176e+01
-9.34343434e-06 -2.09595960e-05 2.49999191e+08 3.14015421e+03 -3.47269716e+02
-8.83838384e-06 -2.09595960e-05 2.49999256e+08 2.96403134e+03 -5.98585126e+02
-8.33333333e-06 -2.09595960e-05 2.49999315e+08 2.73876221e+03 -8.41297118e+02
-7.82828283e-06 -2.09595960e-05 2.49999363e+08 2.46664410e+03 -1.06700837e+03
-7.32323232e-06 -2.09595960e-05 2.49999395e+08 2.15248616e+03 -1.26728388e+03
-6.81818182e-06 -2.09595960e-05 2.49999407e+08 1.80363816e+03 -1.43425850e+03
-6.31313131e-06 -2.09595960e-05 2.49999397e+08 1.42978696e+03 -1.56127771e+03
-5.80808081e-06 -2.09595960e-05 2.49999361e+08 1.04250905e+03 -1.64349628e+03
-5.30303030e-06 -2.09595960e-05 2.49999301e+08 6.54602450e+02 -1.67835492e+03
-4.79797980e-06 -2.09595960e-05 2.49999219e+08 2.79258106e+02 -1.66586458e+03
-4.29292929e-06 -2.09595960e-05 2.49999119e+08 -7.08405544e+01 -1.60865223e+03
-3.78787879e-06 -2.09595960e-05 2.49999007e+08 -3.84385861e+02 -1.51175622e+03
-3.28282828e-06 -2.09595960e-05 2.49998888e+08 -6.52181454e+02 -1.38219688e+03
-2.77777778e-06 -2.09595960e-05 2.49998771e+08 -8.67665454e+02 -1.22838032e+03
-2.27272727e-06 -2.09595960e-05 2.49998661e+08 -1.02717520e+03 -1.05941430e+03
-1.76767677e-06 -2.09595960e-05 2.49998567e+08 -1.12994631e+03 -8.84420921e+02
-1.26262626e-06 -2.09595960e-05 2.49998492e+08 -1.17787454e+03 -7.11921787e+02
-7.57575758e-07 -2.09595960e-05 2.49998442e+08 -1.17509539e+03 -5.49351699e+02
-2.52525253e-07 -2.09595960e-05 2.49998418e+08 -1.12745036e+03 -4.02731572e+02
2.52525253e-07 -2.09595960e-05 2.49998421e+08 -1.04190998e+03 -2.76506263e+02
7.57575758e-07 -2.09595960e-05 2.49998451e+08 -9.26014967e+02 -1.73532254e+02
1.26262626e-06 -2.09595960e-05 2.49998505e+08 -7.87381900e+02 -9.51862181e+01
1.76767677e-06 -2.09595960e-05 2.49998582e+08 -6.33302264e+02 -4.15587625e+01
2.27272727e-06 -2.09595960e-05 2.49998678e+08 -4.70447259e+02 -1.16972080e+01
2.77777778e-06 -2.09595960e-05 2.49998788e+08 -3.04677161e+02 -3.86536094e+00
3.28282828e-06 -2.09595960e-05 2.49998910e+08 -1.40944393e+02 -1.57949465e+01
3.78787879e-06 -2.09595960e-05 2.49999040e+08 1.67262050e+01 -4.49110056e+01
4.29292929e-06 -2.09595960e-05 2.49999173e+08 1.65198656e+02 -8.85208419e+01
4.79797980e-06 -2.09595960e-05 2.49999306e+08 3.02147066e+02 -1.43962257e+02
5.30303030e-06 -2.09595960e-05 2.49999438e+08 4.25953159e+02 -2.08711486e+02
5.80808081e-06 -2.09595960e-05 2.49999565e+08 5.35593556e+02 -2.80454411e+02
6.31313131e-06 -2.09595960e-05 2.49999686e+08 6.30527036e+02 -3.57126455e+02
6.81818182e-06 -2.09595960e-05 2.49999798e+08 7.10588962e+02 -4.36927308e+02
7.32323232e-06 -2.09595960e-05 2.49999903e+08 7.75897386e+02 -5.18316654e+02
7.82828283e-06 -2.09595960e-05 2.49999997e+08 8.26773224e+02 -5.99996532e+02
8.33333333e-06 -2.09595960e-05 2.50000083e+08 8.63675238e+02 -6.80885219e+02
8.83838384e-06 -2.09595960e-05 2.50000158e+08 8.87149429e+02 -7.60086619e+02
9.34343434e-06 -2.09595960e-05 2.50000225e+08 8.97791695e+02 -8.36858295e+02
9.84848485e-06 -2.09595960e-05 2.50000282e+08 8.96222157e+02 -9.10580479e+02
1.03535354e-05 -2.09595960e-05 2.50000331e+08 8.83069357e+02 -9.80727705e+02
1.08585859e-05 -2.09595960e-05 2.50000373e+08 8.58962477e+02 -1.04684417e+03
1.13636364e-05 -2.09595960e-05 2.50000408e+08 8.24529794e+02 -1.10852344e+03
1.18686869e-05 -2.09595960e-05 2.50000436e+08 7.80401686e+02 -1.16539283e+03
1.23737374e-05 -2.09595960e-05 2.50000460e+08 7.27216663e+02 -1.21710246e+03
1.28787879e-05 -2.09595960e-05 2.50000480e+08 6.65629067e+02 -1.26331871e+03
1.33838384e-05 -2.09595960e-05 2.50000496e+08 5.96317261e+02 -1.30372191e+03
1.38888889e-05 -2.09595960e-05 2.50000510e+08 5.19991266e+02 -1.33800760e+03
1.43939394e-05 -2.09595960e-05 2.50000523e+08 4.37399040e+02 -1.36589088e+03
1.48989899e-05 -2.09595960e-05 2.50000534e+08 3.49330708e+02 -1.38711318e+03
1.54040404e-05 -2.09595960e-05 2.50000545e+08 2.56620270e+02 -1.40145077e+03
1.59090909e-05 -2.09595960e-05 2.50000557e+08 1.60144476e+02 -1.40872427e+03
1.64141414e-05 -2.09595960e-05 2.50000569e+08 6.08187315e+01 -1.40880844e+03
1.69191919e-05 -2.09595960e-05 2.50000582e+08 -4.04099065e+01 -1.40164152e+03
1.74242424e-05 -2.09595960e-05 2.50000596e+08 -1.42572448e+02 -1.38723353e+03
1.79292929e-05 -2.09595960e-05 2.50000612e+08 -2.44690029e+02 -1.36567295e+03
1.84343434e-05 -2.09595960e-05 2.50000629e+08 -3.45787826e+02 -1.33713117e+03
1.89393939e-05 -2.09595960e-05 2.50000648e+08 -4.44910233e+02 -1.30186460e+03
1.94444444e-05 -2.09595960e-05 2.50000668e+08 -5.41136641e+02 -1.26021401e+03
1.99494949e-05 -2.09595960e-05 2.50000690e+08 -6.33597142e+02 -1.21260123e+03
2.04545455e-05 -2.09595960e-05 2.50000712e+08 -7.21487462e+02 -1.15952309e+03
2.09595960e-05 -2.09595960e-05 2.50000734e+08 -8.04082518e+02 -1.10154306e+03
2.14646465e-05 -2.09595960e-05 2.50000757e+08 -8.80748030e+02 -1.03928067e+03
2.19696970e-05 -2.09595960e-05 2.50000780e+08 -9.50949759e+02 -9.73399430e+02
2.24747475e-05 -2.09595960e-05 2.50000802e+08 -1.01426006e+03 -9.04593481e+02
2.29797980e-05 -2.09595960e-05 2.50000823e+08 -1.07036156e+03 -8.33573728e+02
2.34848485e-05 -2.09595960e-05 2.50000842e+08 -1.11904798e+03 -7.61053862e+02
2.39898990e-05 -2.09595960e-05 2.50000860e+08 -1.16022213e+03 -6.87736851e+02
2.44949495e-05 -2.09595960e-05 2.50000876e+08 -1.19389134e+03 -6.14302332e+02
2.50000000e-05 -2.09595960e-05 2.50000890e+08 -1.22016065e+03 -5.41395292e+02
-2.50000000e-05 -2.04545455e-05 2.49999726e+08 4.98087872e+02 1.23317956e+03
-2.44949495e-05 -2.04545455e-05 2.49999703e+08 5.61446931e+02 1.27442246e+03
-2.39898990e-05 -2.04545455e-05 2.49999678e+08 6.28677577e+02 1.31612568e+03
-2.34848485e-05 -2.04545455e-05 2.49999650e+08 7.00014597e+02 1.35817731e+03
-2.29797980e-05 -2.04545455e-05 2.49999619e+08 7.75709124e+02 1.40043322e+03
-2.24747475e-05 -2.04545455e-05 2.49999585e+08 8.56027513e+02 1.44270930e+03
-2.19696970e-05 -2.04545455e-05 2.49999548e+08 9.41248994e+02 1.48477232e+03
-2.14646465e-05 -2.04545455e-05 2.49999508e+08 1.03166169e+03 1.52632917e+03
-2.09595960e-05 -2.04545455e-05 2.49999464e+08 1.12755647e+03 1.56701474e+03
-2.04545455e-05 -2.04545455e-05 2.49999418e+08 1.22921813e+03 1.60637806e+03
-1.99494949e-05 -2.04545455e-05 2.49999369e+08 1.33691317e+03 1.64386711e+03
-1.94444444e-05 -2.04545455e-05 2.49999318e+08 1.45087335e+03 1.67881239e+03
-1.89393939e-05 -2.04545455e-05 2.49999264e+08 1.57127435e+03 1.71040981e+03
-1.84343434e-05 -2.04545455e-05 2.49999208e+08 1.69820850e+03 1.73770341e+03
-1.79292929e-05 -2.04545455e-05 2.49999150e+08 1.83165085e+03 1.75956913e+03
-1.74242424e-05 -2.04545455e-05 2.49999092e+08 1.97141764e+03 1.77470087e+03
-1.69191919e-05 -2.04545455e-05 2.49999035e+08 2.11711675e+03 1.78160076e+03
-1.64141414e-05 -2.04545455e-05 2.49998979e+08 2.26808972e+03 1.77857616e+03
-1.59090909e-05 -2.04545455e-05 2.49998925e+08 2.42334582e+03 1.76374634e+03
-1.54040404e-05 -2.04545455e-05 2.49998875e+08 2.58148916e+03 1.73506274e+03
-1.48989899e-05 -2.04545455e-05 2.49998830e+08 2.74064151e+03 1.69034707e+03
-1.43939394e-05 -2.04545455e-05 2.49998793e+08 2.89836470e+03 1.62735215e+03
-1.38888889e-05 -2.04545455e-05 2.49998764e+08 3.05158898e+03 1.54385049e+03
-1.33838384e-05 -2.04545455e-05 2.49998745e+08 3.19655607e+03 1.43775510e+03
-1.28787879e-05 -2.04545455e-05 2.49998739e+08 3.32878885e+03 1.30727567e+03
-1.23737374e-05 -2.04545455e-05 2.49998745e+08 3.44310219e+03 1.15111048e+03
-1.18686869e-05 -2.04545455e-05 2.49998766e+08 3.53367205e+03 9.68670269e+02
-1.13636364e-05 -2.04545455e-05 2.49998801e+08 3.59418078e+03 7.60324019e+02
-1.08585859e-05 -2.04545455e-05 2.49998849e+08 3.61805522e+03 5.27648803e+02
-1.03535354e-05 -2.04545455e-05 2.49998908e+08 3.59880861e+03 2.73657053e+02
-9.84848485e-06 -2.04545455e-05 2.49998977e+08 3.53048774e+03 2.96584859e+00
-9.34343434e-06 -2.04545455e-05 2.49999052e+08 3.40821144e+03 -2.78133329e+02
-8.83838384e-06 -2.04545455e-05 2.49999127e+08 3.22876650e+03 -5.61747090e+02
-8.33333333e-06 -2.04545455e-05 2.49999197e+08 2.99120568e+03 -8.38630715e+02
-7.82828283e-06 -2.04545455e-05 2.49999256e+08 2.69737221e+03 -1.09863581e+03
-7.32323232e-06 -2.04545455e-05 2.49999298e+08 2.35226321e+03 -1.33134703e+03
-6.81818182e-06 -2.04545455e-05 2.49999318e+08 1.96414649e+03 -1.52686563e+03
-6.31313131e-06 -2.04545455e-05 2.49999311e+08 1.54436469e+03 -1.67666249e+03
-5.80808081e-06 -2.04545455e-05 2.49999276e+08 1.10679948e+03 -1.77439536e+03
-5.30303030e-06 -2.04545455e-05 2.49999212e+08 6.67020501e+02 -1.81657418e+03
-4.79797980e-06 -2.04545455e-05 2.49999121e+08 2.41198776e+02 -1.80296958e+03
-4.29292929e-06 -2.04545455e-05 2.49999010e+08 -1.55089468e+02 -1.73669361e+03
-3.78787879e-06 -2.04545455e-05 2.49998884e+08 -5.08019070e+02 -1.62393335e+03
-3.28282828e-06 -2.04545455e-05 2.49998752e+08 -8.06486879e+02 -1.47337390e+03
-2.77777778e-06 -2.04545455e-05 2.49998622e+08 -1.04278409e+03 -1.29539613e+03
-2.27272727e-06 -2.04545455e-05 2.49998503e+08 -1.21290815e+03 -1.10116433e+03
-1.76767677e-06 -2.04545455e-05 2.49998403e+08 -1.31651062e+03 -9.01724868e+02
-1.26262626e-06 -2.04545455e-05 2.49998328e+08 -1.35652930e+03 -7.07220972e+02
-7.57575758e-07 -2.04545455e-05 2.49998282e+08 -1.33858929e+03 -5.26296644e+02
-2.52525253e-07 -2.04545455e-05 2.49998267e+08 -1.27027345e+03 -3.65724613e+02
2.52525253e-07 -2.04545455e-05 2.49998285e+08 -1.16036040e+03 -2.30257078e+02
7.57575758e-07 -2.04545455e-05 2.49998333e+08 -1.01811142e+03 -1.22670146e+02
1.26262626e-06 -2.04545455e-05 2.49998409e+08 -8.52663276e+02 -4.39560972e+01
1.76767677e-06 -2.04545455e-05 2.49998510e+08 -6.72558475e+02 6.38852520e+00
2.27272727e-06 -2.04545455e-05 2.49998630e+08 -4.85421353e+02 3.00283540e+01
2.77777778e-06 -2.04545455e-05 2.49998766e+08 -2.97771188e+02 2.94494098e+01
3.28282828e-06 -2.04545455e-05 2.49998913e+08 -1.14952206e+02 7.64446030e+00
3.78787879e-06 -2.04545455e-05 2.49999065e+08 5.88451209e+01 -3.21571948e+01
4.29292929e-06 -2.04545455e-05 2.49999219e+08 2.20498030e+02 -8.67060655e+01
4.79797980e-06 -2.04545455e-05 2.49999372e+08 3.67825077e+02 -1.52893215e+02
5.30303030e-06 -2.04545455e-05 2.49999520e+08 4.99439879e+02 -2.27859077e+02
5.80808081e-06 -2.04545455e-05 2.49999662e+08 6.14600843e+02 -3.09057283e+02
6.31313131e-06 -2.04545455e-05 2.49999794e+08 7.13068150e+02 -3.94281948e+02
6.81818182e-06 -2.04545455e-05 2.49999916e+08 7.94975255e+02 -4.81667097e+02
7.32323232e-06 -2.04545455e-05 2.50000027e+08 8.60718822e+02 -5.69666302e+02
7.82828283e-06 -2.04545455e-05 2.50000127e+08 9.10868571e+02 -6.57019535e+02
8.33333333e-06 -2.04545455e-05 2.50000215e+08 9.46096696e+02 -7.42712959e+02
8.83838384e-06 -2.04545455e-05 2.50000292e+08 9.67125424e+02 -8.25936126e+02
9.34343434e-06 -2.04545455e-05 2.50000358e+08 9.74690598e+02 -9.06039891e+02
9.84848485e-06 -2.04545455e-05 2.50000413e+08 9.69518876e+02 -9.82497358e+02
1.03535354e-05 -2.04545455e-05 2.50000459e+08 9.52316079e+02 -1.05486940e+03
1.08585859e-05 -2.04545455e-05 2.50000497e+08 9.23764324e+02 -1.12277562e+03
1.13636364e-05 -2.04545455e-05 2.50000527e+08 8.84525732e+02 -1.18587125e+03
1.18686869e-05 -2.04545455e-05 2.50000551e+08 8.35250728e+02 -1.24382996e+03
1.23737374e-05 -2.04545455e-05 2.50000570e+08 7.76589194e+02 -1.29633251e+03
1.28787879e-05 -2.04545455e-05 2.50000584e+08 7.09202909e+02 -1.34306076e+03
1.33838384e-05 -2.04545455e-05 2.50000595e+08 6.33777988e+02 -1.38369666e+03
1.38888889e-05 -2.04545455e-05 2.50000603e+08 5.51036175e+02 -1.41792542e+03
1.43939394e-05 -2.04545455e-05 2.50000610e+08 4.61744081e+02 -1.44544233e+03
1.48989899e-05 -2.04545455e-05 2.50000616e+08 3.66719638e+02 -1.46596228e+03
1.54040404e-05 -2.04545455e-05 2.50000622e+08 2.66835251e+02 -1.47923124e+03
1.59090909e-05 -2.04545455e-05 2.50000629e+08 1.63017311e+02 -1.48503885e+03
1.64141414e-05 -2.04545455e-05 2.50000637e+08 5.62419670e+01 -1.48323120e+03
1.69191919e-05 -2.04545455e-05 2.50000647e+08 -5.24727748e+01 -1.47372293e+03
1.74242424e-05 -2.04545455e-05 2.50000658e+08 -1.62078326e+02 -1.45650807e+03
1.79292929e-05 -2.04545455e-05 2.50000671e+08 -2.71509717e+02 -1.43166863e+03
1.84343434e-05 -2.04545455e-05 2.50000687e+08 -3.79702100e+02 -1.39938064e+03
1.89393939e-05 -2.04545455e-05 2.50000704e+08 -4.85608812e+02 -1.35991710e+03
1.94444444e-05 -2.04545455e-05 2.50000722e+08 -5.88220199e+02 -1.31364766e+03
1.99494949e-05 -2.04545455e-05 2.50000743e+08 -6.86582318e+02 -1.26103486e+03
2.04545455e-05 -2.04545455e-05 2.50000764e+08 -7.79814707e+02 -1.20262724e+03
2.09595960e-05 -2.04545455e-05 2.50000786e+08 -8.67126444e+02 -1.13904943e+03
2.14646465e-05 -2.04545455e-05 2.50000809e+08 -9.47829813e+02 -1.07098973e+03
2.19696970e-05 -2.04545455e-05 2.50000831e+08 -1.02135107e+03 -9.99185791e+02
2.24747475e-05 -2.04545455e-05 2.50000853e+08 -1.08723793e+03 -9.24408929e+02
2.29797980e-05 -2.04545455e-05 2.50000874e+08 -1.14516357e+03 -8.47447774e+02
2.34848485e-05 -2.04545455e-05 2.50000893e+08 -1.19492720e+03 -7.69091952e+02
2.39898990e-05 -2.04545455e-05 2.50000911e+08 -1.23645125e+03 -6.90116384e+02
2.44949495e-05 -2.04545455e-05 2.50000927e+08 -1.26977552e+03 -6.11266771e+02
2.50000000e-05 -2.04545455e-05 2.50000940e+08 -1.29504879e+03 -5.33246707e+02
-2.50000000e-05 -1.99494949e-05 2.49999752e+08 4.55855038e+02 1.23969042e+03
-2.44949495e-05 -1.99494949e-05 2.49999729e+08 5.18556068e+02 1.28355043e+03
-2.39898990e-05 -1.99494949e-05 2.49999704e+08 5.85207680e+02 1.32819184e+03
-2.34848485e-05 -1.99494949e-05 2.49999675e+08 6.56071530e+02 1.37354372e+03
-2.29797980e-05 -1.99494949e-05 2.49999643e+08 7.31432838e+02 1.41950684e+03
-2.24747475e-05 -1.99494949e-05 2.49999607e+08 8.11600729e+02 1.46594566e+03
-2.19696970e-05 -1.99494949e-05 2.49999568e+08 8.96907500e+02 1.51267857e+03
-2.14646465e-05 -1.99494949e-05 2.49999525e+08 9.87706382e+02 1.55946631e+03
-2.09595960e-05 -1.99494949e-05 2.49999479e+08 1.08436724e+03 1.60599829e+03
-2.04545455e-05 -1.99494949e-05 2.49999429e+08 1.18726960e+03 1.65187685e+03
-1.99494949e-05 -1.99494949e-05 2.49999375e+08 1.29679207e+03 1.69659927e+03
-1.94444444e-05 -1.99494949e-05 2.49999318e+08 1.41329752e+03 1.73953779e+03
-1.89393939e-05 -1.99494949e-05 2.49999258e+08 1.53711255e+03 1.77991786e+03
-1.84343434e-05 -1.99494949e-05 2.49999194e+08 1.66850058e+03 1.81679510e+03
-1.79292929e-05 -1.99494949e-05 2.49999129e+08 1.80762684e+03 1.84903202e+03
-1.74242424e-05 -1.99494949e-05 2.49999061e+08 1.95451439e+03 1.87527566e+03
-1.69191919e-05 -1.99494949e-05 2.49998993e+08 2.10898974e+03 1.89393818e+03
-1.64141414e-05 -1.99494949e-05 2.49998925e+08 2.27061729e+03 1.90318284e+03
-1.59090909e-05 -1.99494949e-05 2.49998859e+08 2.43862203e+03 1.90091895e+03
-1.54040404e-05 -1.99494949e-05 2.49998796e+08 2.61180092e+03 1.88481013e+03
-1.48989899e-05 -1.99494949e-05 2.49998737e+08 2.78842447e+03 1.85230132e+03
-1.43939394e-05 -1.99494949e-05 2.49998686e+08 2.96613216e+03 1.80067100e+03
-1.38888889e-05 -1.99494949e-05 2.49998643e+08 3.14182759e+03 1.72711587e+03
-1.33838384e-05 -1.99494949e-05 2.49998610e+08 3.31158290e+03 1.62887533e+03
-1.28787879e-05 -1.99494949e-05 2.49998591e+08 3.47056595e+03 1.50340233e+03
-1.23737374e-05 -1.99494949e-05 2.49998587e+08 3.61300847e+03 1.34858485e+03
-1.18686869e-05 -1.99494949e-05 2.49998598e+08 3.73223766e+03 1.16301764e+03
-1.13636364e-05 -1.99494949e-05 2.49998627e+08 3.82079732e+03 9.46316366e+02
-1.08585859e-05 -1.99494949e-05 2.49998672e+08 3.87068485e+03 6.99456421e+02
-1.03535354e-05 -1.99494949e-05 2.49998733e+08 3.87372683e+03 4.25105288e+02
-9.84848485e-06 -1.99494949e-05 2.49998807e+08 3.82210490e+03 1.27903817e+02
-9.34343434e-06 -1.99494949e-05 2.49998889e+08 3.70902504e+03 -1.85360832e+02
-8.83838384e-06 -1.99494949e-05 2.49998975e+08 3.52949593e+03 -5.05754236e+02
-8.33333333e-06 -1.99494949e-05 2.49999058e+08 3.28114940e+03 -8.22425349e+02
-7.82828283e-06 -1.99494949e-05 2.49999130e+08 2.96500265e+03 -1.12310924e+03
-7.32323232e-06 -1.99494949e-05 2.49999184e+08 2.58603739e+03 -1.39490657e+03
-6.81818182e-06 -1.99494949e-05 2.49999213e+08 2.15346547e+03 -1.62529459e+03
-6.31313131e-06 -1.99494949e-05 2.49999212e+08 1.68057295e+03 -1.80326913e+03
-5.80808081e-06 -1.99494949e-05 2.49999177e+08 1.18408660e+03 -1.92047031e+03
-5.30303030e-06 -1.99494949e-05 2.49999108e+08 6.83084175e+02 -1.97212123e+03
-4.79797980e-06 -1.99494949e-05 2.49999008e+08 1.97555468e+02 -1.95762070e+03
-4.29292929e-06 -1.99494949e-05 2.49998883e+08 -2.53206215e+02 -1.88068010e+03
-3.78787879e-06 -1.99494949e-05 2.49998742e+08 -6.52162757e+02 -1.74897181e+03
-3.28282828e-06 -1.99494949e-05 2.49998594e+08 -9.85826834e+02 -1.57334294e+03
-2.77777778e-06 -1.99494949e-05 2.49998450e+08 -1.24513123e+03 -1.36672192e+03
-2.27272727e-06 -1.99494949e-05 2.49998321e+08 -1.42578881e+03 -1.14288869e+03
-1.76767677e-06 -1.99494949e-05 2.49998215e+08 -1.52814897e+03 -9.15284013e+02
-1.26262626e-06 -1.99494949e-05 2.49998141e+08 -1.55663228e+03 -6.96004056e+02
-7.57575758e-07 -1.99494949e-05 2.49998102e+08 -1.51887421e+03 -4.95074792e+02
-2.52525253e-07 -1.99494949e-05 2.49998101e+08 -1.42472560e+03 -3.20042360e+02
2.52525253e-07 -1.99494949e-05 2.49998137e+08 -1.28524665e+03 -1.75863850e+02
7.57575758e-07 -1.99494949e-05 2.49998209e+08 -1.11180075e+03 -6.50462555e+01
1.26262626e-06 -1.99494949e-05 2.49998312e+08 -9.15316635e+02 1.20377429e+01
1.76767677e-06 -1.99494949e-05 2.49998441e+08 -7.05749237e+02 5.67317366e+01
2.27272727e-06 -1.99494949e-05 2.49998591e+08 -4.91739187e+02 7.16416674e+01
2.77777778e-06 -1.99494949e-05 2.49998756e+08 -2.80448942e+02 6.01977290e+01
3.28282828e-06 -1.99494949e-05 2.49998931e+08 -7.75417314e+01 2.62670560e+01
3.78787879e-06 -1.99494949e-05 2.49999109e+08 1.12734833e+02 -2.61635149e+01
4.29292929e-06 -1.99494949e-05 2.49999287e+08 2.87396966e+02 -9.32281476e+01
4.79797980e-06 -1.99494949e-05 2.49999460e+08 4.44536208e+02 -1.71348979e+02
5.30303030e-06 -1.99494949e-05 2.49999626e+08 5.83118997e+02 -2.57338007e+02
5.80808081e-06 -1.99494949e-05 2.49999782e+08 7.02792243e+02 -3.48445473e+02
6.31313131e-06 -1.99494949e-05 2.49999926e+08 8.03706571e+02 -4.42367098e+02
6.81818182e-06 -1.99494949e-05 2.50000057e+08 8.86363817e+02 -5.37221860e+02
7.32323232e-06 -1.99494949e-05 2.50000174e+08 9.51491404e+02 -6.31510491e+02
7.82828283e-06 -1.99494949e-05 2.50000277e+08 9.99943504e+02 -7.24063047e+02
8.33333333e-06 -1.99494949e-05 2.50000367e+08 1.03262714e+03 -8.13981990e+02
8.83838384e-06 -1.99494949e-05 2.50000443e+08 1.05045033e+03 -9.00585538e+02
9.34343434e-06 -1.99494949e-05 2.50000507e+08 1.05428904e+03 -9.83354544e+02
9.84848485e-06 -1.99494949e-05 2.50000560e+08 1.04496947e+03 -1.06188505e+03
1.03535354e-05 -1.99494949e-05 2.50000602e+08 1.02326258e+03 -1.13584770e+03
1.08585859e-05 -1.99494949e-05 2.50000634e+08 9.89887881e+02 -1.20495470e+03
1.13636364e-05 -1.99494949e-05 2.50000659e+08 9.45523886e+02 -1.26893422e+03
1.18686869e-05 -1.99494949e-05 2.50000676e+08 8.90822967e+02 -1.32751235e+03
1.23737374e-05 -1.99494949e-05 2.50000688e+08 8.26428659e+02 -1.38040190e+03
1.28787879e-05 -1.99494949e-05 2.50000696e+08 7.52993736e+02 -1.42729762e+03
1.33838384e-05 -1.99494949e-05 2.50000700e+08 6.71197596e+02 -1.46787713e+03
1.38888889e-05 -1.99494949e-05 2.50000701e+08 5.81761771e+02 -1.50180675e+03
1.43939394e-05 -1.99494949e-05 2.50000702e+08 4.85462553e+02 -1.52875138e+03
1.48989899e-05 -1.99494949e-05 2.50000702e+08 3.83139954e+02 -1.54838753e+03
1.54040404e-05 -1.99494949e-05 2.50000703e+08 2.75702428e+02 -1.56041845e+03
1.59090909e-05 -1.99494949e-05 2.50000705e+08 1.64127027e+02 -1.56459047e+03
1.64141414e-05 -1.99494949e-05 2.50000708e+08 4.94548680e+01 -1.56070937e+03
1.69191919e-05 -1.99494949e-05 2.50000714e+08 -6.72179478e+01 -1.54865591e+03
1.74242424e-05 -1.99494949e-05 2.50000721e+08 -1.84753608e+02 -1.52839957e+03
1.79292929e-05 -1.99494949e-05 2.50000732e+08 -3.01989471e+02 -1.50000963e+03
1.84343434e-05 -1.99494949e-05 2.50000745e+08 -4.17757784e+02 -1.46366294e+03
1.89393939e-05 -1.99494949e-05 2.50000760e+08 -5.30907332e+02 -1.41964797e+03
1.94444444e-05 -1.99494949e-05 2.50000777e+08 -6.40325983e+02 -1.36836468e+03
1.99494949e-05 -1.99494949e-05 2.50000797e+08 -7.44963089e+02 -1.31032034e+03
2.04545455e-05 -1.99494949e-05 2.50000818e+08 -8.43850704e+02 -1.24612143e+03
2.09595960e-05 -1.99494949e-05 2.50000839e+08 -9.36122666e+02 -1.17646182e+03
2.14646465e-05 -1.99494949e-05 2.50000862e+08 -1.02103073e+03 -1.10210809e+03
2.19696970e-05 -1.99494949e-05 2.50000884e+08 -1.09795713e+03 -1.02388242e+03
2.24747475e-05 -1.99494949e-05 2.50000906e+08 -1.16642309e+03 -9.42644042e+02
2.29797980e-05 -1.99494949e-05 2.50000926e+08 -1.22609317e+03 -8.59269875e+02
2.34848485e-05 -1.99494949e-05 2.50000946e+08 -1.27677542e+03 -7.74635409e+02
2.39898990e-05 -1.99494949e-05 2.50000963e+08 -1.31841743e+03 -6.89596391e+02
2.44949495e-05 -1.99494949e-05 2.50000978e+08 -1.35109899e+03 -6.04972075e+02
2.50000000e-05 -1.99494949e-05 2.50000990e+08 -1.37502152e+03 -5.21530545e+02
-2.50000000e-05 -1.94444444e-05 2.49999783e+08 4.11258147e+02 1.24202535e+03
-2.44949495e-05 -1.94444444e-05 2.49999761e+08 4.72999393e+02 1.28828229e+03
-2.39898990e-05 -1.94444444e-05 2.49999735e+08 5.38728996e+02 1.33564219e+03
-2.34848485e-05 -1.94444444e-05 2.49999706e+08 6.08730773e+02 1.38408015e+03
-2.29797980e-05 -1.94444444e-05 2.49999673e+08 6.83319358e+02 1.43354848e+03
-2.24747475e-05 -1.94444444e-05 2.49999636e+08 7.62842229e+02 1.48396869e+03
-2.19696970e-05 -1.94444444e-05 2.49999596e+08 8.47680905e+02 1.53522152e+03
-2.14646465e-05 -1.94444444e-05 2.49999551e+08 9.38250881e+02 1.58713467e+03
-2.09595960e-05 -1.94444444e-05 2.49999502e+08 1.03499971e+03 1.63946817e+03
-2.04545455e-05 -1.94444444e-05 2.49999448e+08 1.13840250e+03 1.69189686e+03
-1.99494949e-05 -1.94444444e-05 2.49999390e+08 1.24895400e+03 1.74398994e+03
-1.94444444e-05 -1.94444444e-05 2.49999328e+08 1.36715613e+03 1.79518758e+03
-1.89393939e-05 -1.94444444e-05 2.49999261e+08 1.49349974e+03 1.84477446e+03
-1.84343434e-05 -1.94444444e-05 2.49999190e+08 1.62843916e+03 1.89185083e+03
-1.79292929e-05 -1.94444444e-05 2.49999116e+08 1.77235784e+03 1.93530148e+03
-1.74242424e-05 -1.94444444e-05 2.49999039e+08 1.92552345e+03 1.97376401e+03
-1.69191919e-05 -1.94444444e-05 2.49998959e+08 2.08803037e+03 2.00559792e+03
-1.64141414e-05 -1.94444444e-05 2.49998879e+08 2.25972800e+03 2.02885717e+03
-1.59090909e-05 -1.94444444e-05 2.49998799e+08 2.44013325e+03 2.04126988e+03
-1.54040404e-05 -1.94444444e-05 2.49998720e+08 2.62832642e+03 2.04022986e+03
-1.48989899e-05 -1.94444444e-05 2.49998646e+08 2.82283073e+03 2.02280656e+03
-1.43939394e-05 -1.94444444e-05 2.49998577e+08 3.02147763e+03 1.98578145e+03
-1.38888889e-05 -1.94444444e-05 2.49998517e+08 3.22126316e+03 1.92572043e+03
-1.33838384e-05 -1.94444444e-05 2.49998468e+08 3.41820425e+03 1.83909333e+03
-1.28787879e-05 -1.94444444e-05 2.49998433e+08 3.60720967e+03 1.72245168e+03
-1.23737374e-05 -1.94444444e-05 2.49998413e+08 3.78198692e+03 1.57267442e+03
-1.18686869e-05 -1.94444444e-05 2.49998412e+08 3.93501344e+03 1.38728727e+03
-1.13636364e-05 -1.94444444e-05 2.49998431e+08 4.05760785e+03 1.16485320e+03
-1.08585859e-05 -1.94444444e-05 2.49998471e+08 4.14014106e+03 9.05418740e+02
-1.03535354e-05 -1.94444444e-05 2.49998530e+08 4.17242668e+03 6.10983305e+02
-9.84848485e-06 -1.94444444e-05 2.49998607e+08 4.14432017e+03 2.85937255e+02
-9.34343434e-06 -1.94444444e-05 2.49998697e+08 4.04653465e+03 -6.26074268e+01
-8.83838384e-06 -1.94444444e-05 2.49998795e+08 3.87164537e+03 -4.24686244e+02
-8.33333333e-06 -1.94444444e-05 2.49998892e+08 3.61520633e+03 -7.87646615e+02
-7.82828283e-06 -1.94444444e-05 2.49998980e+08 3.27684913e+03 -1.13668451e+03
-7.32323232e-06 -1.94444444e-05 2.49999049e+08 2.86118754e+03 -1.45578426e+03
-6.81818182e-06 -1.94444444e-05 2.49999090e+08 2.37833019e+03 -1.72902071e+03
-6.31313131e-06 -1.94444444e-05 2.49999096e+08 1.84382393e+03 -1.94209621e+03
-5.80808081e-06 -1.94444444e-05 2.49999062e+08 1.27792122e+03 -2.08390573e+03
-5.30303030e-06 -1.94444444e-05 2.49998988e+08 7.04179225e+02 -2.14787666e+03
-4.79797980e-06 -1.94444444e-05 2.49998877e+08 1.47533267e+02 -2.13283892e+03
-4.29292929e-06 -1.94444444e-05 2.49998736e+08 -3.67894619e+02 -2.04325188e+03
-3.78787879e-06 -1.94444444e-05 2.49998576e+08 -8.20925174e+02 -1.88873331e+03
-3.28282828e-06 -1.94444444e-05 2.49998409e+08 -1.19507088e+03 -1.68297117e+03
-2.77777778e-06 -1.94444444e-05 2.49998249e+08 -1.47966612e+03 -1.44221272e+03
-2.27272727e-06 -1.94444444e-05 2.49998109e+08 -1.67026760e+03 -1.18358824e+03
-1.76767677e-06 -1.94444444e-05 2.49997999e+08 -1.76835164e+03 -9.23526728e+02
-1.26262626e-06 -1.94444444e-05 2.49997927e+08 -1.78044686e+03 -6.76467558e+02
-7.57575758e-07 -1.94444444e-05 2.49997900e+08 -1.71690592e+03 -4.53987894e+02
-2.52525253e-07 -1.94444444e-05 2.49997917e+08 -1.59053380e+03 -2.64376331e+02
2.52525253e-07 -1.94444444e-05 2.49997978e+08 -1.41526190e+03 -1.12609846e+02
7.57575758e-07 -1.94444444e-05 2.49998079e+08 -1.20500505e+03 -6.44173660e-01
1.26262626e-06 -1.94444444e-05 2.49998215e+08 -9.72778387e+02 7.20912716e+01
1.76767677e-06 -1.94444444e-05 2.49998379e+08 -7.30097589e+02 1.08099241e+02
2.27272727e-06 -1.94444444e-05 2.49998564e+08 -4.86645066e+02 1.11208505e+02
2.77777778e-06 -1.94444444e-05 2.49998763e+08 -2.50159594e+02 8.60183322e+01
3.28282828e-06 -1.94444444e-05 2.49998969e+08 -2.64955264e+01 3.74313139e+01
3.78787879e-06 -1.94444444e-05 2.49999176e+08 1.80203136e+02 -2.97091065e+01
4.29292929e-06 -1.94444444e-05 2.49999380e+08 3.67262490e+02 -1.10876079e+02
4.79797980e-06 -1.94444444e-05 2.49999575e+08 5.33211492e+02 -2.02021908e+02
5.30303030e-06 -1.94444444e-05 2.49999759e+08 6.77516545e+02 -2.99661533e+02
5.80808081e-06 -1.94444444e-05 2.49999929e+08 8.00336992e+02 -4.00894628e+02
6.31313131e-06 -1.94444444e-05 2.50000084e+08 9.02312473e+02 -5.03383475e+02
6.81818182e-06 -1.94444444e-05 2.50000223e+08 9.84386921e+02 -6.05301650e+02
7.32323232e-06 -1.94444444e-05 2.50000345e+08 1.04766954e+03 -7.05265862e+02
7.82828283e-06 -1.94444444e-05 2.50000451e+08 1.09333040e+03 -8.02260446e+02
8.33333333e-06 -1.94444444e-05 2.50000540e+08 1.12252653e+03 -8.95561379e+02
8.83838384e-06 -1.94444444e-05 2.50000615e+08 1.13635411e+03 -9.84664532e+02
9.34343434e-06 -1.94444444e-05 2.50000675e+08 1.13582179e+03 -1.06922110e+03
9.84848485e-06 -1.94444444e-05 2.50000723e+08 1.12184080e+03 -1.14898184e+03
1.03535354e-05 -1.94444444e-05 2.50000759e+08 1.09522798e+03 -1.22375095e+03
1.08585859e-05 -1.94444444e-05 2.50000785e+08 1.05671814e+03 -1.29334948e+03
1.13636364e-05 -1.94444444e-05 2.50000802e+08 1.00698279e+03 -1.35758828e+03
1.18686869e-05 -1.94444444e-05 2.50000812e+08 9.46652917e+02 -1.41624962e+03
1.23737374e-05 -1.94444444e-05 2.50000816e+08 8.76343481e+02 -1.46907707e+03
1.28787879e-05 -1.94444444e-05 2.50000815e+08 7.96677990e+02 -1.51577266e+03
1.33838384e-05 -1.94444444e-05 2.50000811e+08 7.08311567e+02 -1.55600052e+03
1.38888889e-05 -1.94444444e-05 2.50000805e+08 6.11951238e+02 -1.58939611e+03
1.43939394e-05 -1.94444444e-05 2.50000798e+08 5.08372367e+02 -1.61558000e+03
1.48989899e-05 -1.94444444e-05 2.50000792e+08 3.98430412e+02 -1.63417507e+03
1.54040404e-05 -1.94444444e-05 2.50000786e+08 2.83067349e+02 -1.64482616e+03
1.59090909e-05 -1.94444444e-05 2.50000782e+08 1.63312438e+02 -1.64722084e+03
1.64141414e-05 -1.94444444e-05 2.50000781e+08 4.02771837e+01 -1.64111019e+03
1.69191919e-05 -1.94444444e-05 2.50000782e+08 -8.48552933e+01 -1.62632835e+03
1.74242424e-05 -1.94444444e-05 2.50000786e+08 -2.10846053e+02 -1.60280985e+03
1.79292929e-05 -1.94444444e-05 2.50000793e+08 -3.36420564e+02 -1.57060353e+03
1.84343434e-05 -1.94444444e-05 2.50000804e+08 -4.60292415e+02 -1.52988249e+03
1.89393939e-05 -1.94444444e-05 2.50000817e+08 -5.81189374e+02 -1.48094926e+03
1.94444444e-05 -1.94444444e-05 2.50000833e+08 -6.97880533e+02 -1.42423602e+03
1.99494949e-05 -1.94444444e-05 2.50000851e+08 -8.09203229e+02 -1.36029971e+03
2.04545455e-05 -1.94444444e-05 2.50000872e+08 -9.14088461e+02 -1.28981232e+03
2.09595960e-05 -1.94444444e-05 2.50000893e+08 -1.01158364e+03 -1.21354685e+03
2.14646465e-05 -1.94444444e-05 2.50000915e+08 -1.10087166e+03 -1.13235963e+03
2.19696970e-05 -1.94444444e-05 2.50000938e+08 -1.18128556e+03 -1.04716985e+03
2.24747475e-05 -1.94444444e-05 2.50000959e+08 -1.25231819e+03 -9.58937457e+02
2.29797980e-05 -1.94444444e-05 2.50000980e+08 -1.31362685e+03 -8.68640182e+02
2.34848485e-05 -1.94444444e-05 2.50000999e+08 -1.36503271e+03 -7.77251001e+02
2.39898990e-05 -1.94444444e-05 2.50001016e+08 -1.40651557e+03 -6.85716738e+02
2.44949495e-05 -1.94444444e-05 2.50001031e+08 -1.43820431e+03 -5.94938709e+02
2.50000000e-05 -1.94444444e-05 2.50001042e+08 -1.46036382e+03 -5.05755998e+02
-2.50000000e-05 -1.89393939e-05 2.49999819e+08 3.64542597e+02 1.23986001e+03
-2.44949495e-05 -1.89393939e-05 2.49999798e+08 4.25027921e+02 1.28823682e+03
-2.39898990e-05 -1.89393939e-05 2.49999772e+08 4.89494175e+02 1.33803000e+03
-2.34848485e-05 -1.89393939e-05 2.49999743e+08 5.58241203e+02 1.38926489e+03
-2.29797980e-05 -1.89393939e-05 2.49999710e+08 6.31606621e+02 1.44195117e+03
-2.24747475e-05 -1.89393939e-05 2.49999673e+08 7.09969733e+02 1.49607522e+03
-2.19696970e-05 -1.89393939e-05 2.49999632e+08 7.93754956e+02 1.55159027e+03
-2.14646465e-05 -1.89393939e-05 2.49999585e+08 8.83434313e+02 1.60840408e+03
-2.09595960e-05 -1.89393939e-05 2.49999534e+08 9.79528428e+02 1.66636363e+03
-2.04545455e-05 -1.89393939e-05 2.49999477e+08 1.08260526e+03 1.72523640e+03
-1.99494949e-05 -1.89393939e-05 2.49999415e+08 1.19327561e+03 1.78468796e+03
-1.94444444e-05 -1.89393939e-05 2.49999348e+08 1.31218430e+03 1.84425547e+03
-1.89393939e-05 -1.89393939e-05 2.49999275e+08 1.43999540e+03 1.90331693e+03
-1.84343434e-05 -1.89393939e-05 2.49999197e+08 1.57737003e+03 1.96105627e+03
-1.79292929e-05 -1.89393939e-05 2.49999114e+08 1.72493452e+03 2.01642452e+03
-1.74242424e-05 -1.89393939e-05 2.49999026e+08 1.88323673e+03 2.06809785e+03
-1.69191919e-05 -1.89393939e-05 2.49998935e+08 2.05268786e+03 2.11443393e+03
-1.64141414e-05 -1.89393939e-05 2.49998841e+08 2.23348713e+03 2.15342880e+03
-1.59090909e-05 -1.89393939e-05 2.49998746e+08 2.42552636e+03 2.18267774e+03
-1.54040404e-05 -1.89393939e-05 2.49998651e+08 2.62827221e+03 2.19934519e+03
-1.48989899e-05 -1.89393939e-05 2.49998558e+08 2.84062426e+03 2.20015067e+03
-1.43939394e-05 -1.89393939e-05 2.49998470e+08 3.06074905e+03 2.18138031e+03
-1.38888889e-05 -1.89393939e-05 2.49998390e+08 3.28589308e+03 2.13893601e+03
-1.33838384e-05 -1.89393939e-05 2.49998320e+08 3.51218217e+03 2.06843728e+03
-1.28787879e-05 -1.89393939e-05 2.49998264e+08 3.73442140e+03 1.96539273e+03
-1.23737374e-05 -1.89393939e-05 2.49998225e+08 3.94591865e+03 1.82545849e+03
-1.18686869e-05 -1.89393939e-05 2.49998207e+08 4.13836585e+03 1.64479839e+03
-1.13636364e-05 -1.89393939e-05 2.49998212e+08 4.30182412e+03 1.42055297e+03
-1.08585859e-05 -1.89393939e-05 2.49998242e+08 4.42486976e+03 1.15140975e+03
-1.03535354e-05 -1.89393939e-05 2.49998297e+08 4.49496379e+03 8.38244602e+02
-9.84848485e-06 -1.89393939e-05 2.49998374e+08 4.49910262e+03 4.84772960e+02
-9.34343434e-06 -1.89393939e-05 2.49998471e+08 4.42478532e+03 9.81138551e+01
-8.83838384e-06 -1.89393939e-05 2.49998581e+08 4.26128820e+03 -3.10863234e+02
-8.33333333e-06 -1.89393939e-05 2.49998694e+08 4.00116922e+03 -7.27557071e+02
-7.82828283e-06 -1.89393939e-05 2.49998800e+08 3.64183970e+03 -1.13415544e+03
-7.32323232e-06 -1.89393939e-05 2.49998888e+08 3.18695795e+03 -1.51073975e+03
-6.81818182e-06 -1.89393939e-05 2.49998944e+08 2.64734615e+03 -1.83695368e+03
-6.31313131e-06 -1.89393939e-05 2.49998960e+08 2.04114072e+03 -2.09408112e+03
-5.80808081e-06 -1.89393939e-05 2.49998929e+08 1.39297793e+03 -2.26724332e+03
-5.30303030e-06 -1.89393939e-05 2.49998849e+08 7.32188102e+02 -2.34733555e+03
-4.79797980e-06 -1.89393939e-05 2.49998725e+08 9.01861090e+01 -2.33232119e+03
-4.29292929e-06 -1.89393939e-05 2.49998565e+08 -5.02557716e+02 -2.22760407e+03
-3.78787879e-06 -1.89393939e-05 2.49998382e+08 -1.01946978e+03 -2.04538649e+03
-3.28282828e-06 -1.89393939e-05 2.49998193e+08 -1.44026366e+03 -1.80313695e+03
-2.77777778e-06 -1.89393939e-05 2.49998014e+08 -1.75241567e+03 -1.52147102e+03
-2.27272727e-06 -1.89393939e-05 2.49997862e+08 -1.95157979e+03 -1.22183994e+03
-1.76767677e-06 -1.89393939e-05 2.49997749e+08 -2.04101163e+03 -9.24408575e+02
-1.26262626e-06 -1.89393939e-05 2.49997684e+08 -2.03023718e+03 -6.46407575e+02
-7.57575758e-07 -1.89393939e-05 2.49997672e+08 -1.93328554e+03 -4.01105609e+02
-2.52525253e-07 -1.89393939e-05 2.49997715e+08 -1.76680517e+03 -1.97411553e+02
2.52525253e-07 -1.89393939e-05 2.49997808e+08 -1.54832403e+03 -4.00134986e+01
7.57575758e-07 -1.89393939e-05 2.49997947e+08 -1.29482363e+03 7.00950937e+01
1.26262626e-06 -1.89393939e-05 2.49998123e+08 -1.02170631e+03 1.34865337e+02
1.76767677e-06 -1.89393939e-05 2.49998329e+08 -7.42159297e+02 1.58364628e+02
2.27272727e-06 -1.89393939e-05 2.49998555e+08 -4.66868313e+02 1.45981309e+02
2.77777778e-06 -1.89393939e-05 2.49998793e+08 -2.04006509e+02 1.03734305e+02
3.28282828e-06 -1.89393939e-05 2.49999034e+08 4.05829326e+01 3.77240863e+01
3.78787879e-06 -1.89393939e-05 2.49999273e+08 2.63086363e+02 -4.62665497e+01
4.29292929e-06 -1.89393939e-05 2.49999504e+08 4.61364078e+02 -1.43032345e+02
4.79797980e-06 -1.89393939e-05 2.49999722e+08 6.34586447e+02 -2.48087301e+02
5.30303030e-06 -1.89393939e-05 2.49999924e+08 7.82893355e+02 -3.57713801e+02
5.80808081e-06 -1.89393939e-05 2.50000108e+08 9.07095503e+02 -4.68944550e+02
6.31313131e-06 -1.89393939e-05 2.50000273e+08 1.00842606e+03 -5.79499960e+02
6.81818182e-06 -1.89393939e-05 2.50000418e+08 1.08834400e+03 -6.87699516e+02
7.32323232e-06 -1.89393939e-05 2.50000543e+08 1.14838604e+03 -7.92361366e+02
7.82828283e-06 -1.89393939e-05 2.50000649e+08 1.19006142e+03 -8.92700321e+02
8.33333333e-06 -1.89393939e-05 2.50000737e+08 1.21478290e+03 -9.88231088e+02
8.83838384e-06 -1.89393939e-05 2.50000808e+08 1.22382716e+03 -1.07868091e+03
9.34343434e-06 -1.89393939e-05 2.50000862e+08 1.21831830e+03 -1.16391381e+03
9.84848485e-06 -1.89393939e-05 2.50000903e+08 1.19922895e+03 -1.24386735e+03
1.03535354e-05 -1.89393939e-05 2.50000931e+08 1.16739420e+03 -1.31850181e+03
1.08585859e-05 -1.89393939e-05 2.50000949e+08 1.12353454e+03 -1.38776134e+03
1.13636364e-05 -1.89393939e-05 2.50000957e+08 1.06828459e+03 -1.45154628e+03
1.18686869e-05 -1.89393939e-05 2.50000957e+08 1.00222492e+03 -1.50969568e+03
1.23737374e-05 -1.89393939e-05 2.50000952e+08 9.25914859e+02 -1.56197902e+03
1.28787879e-05 -1.89393939e-05 2.50000942e+08 8.39924361e+02 -1.60809625e+03
1.33838384e-05 -1.89393939e-05 2.50000929e+08 7.44863488e+02 -1.64768497e+03
1.38888889e-05 -1.89393939e-05 2.50000914e+08 6.41408022e+02 -1.68033389e+03
1.43939394e-05 -1.89393939e-05 2.50000899e+08 5.30320161e+02 -1.70560126e+03
1.48989899e-05 -1.89393939e-05 2.50000885e+08 4.12463351e+02 -1.72303720e+03
1.54040404e-05 -1.89393939e-05 2.50000872e+08 2.88810561e+02 -1.73220863e+03
1.59090909e-05 -1.89393939e-05 2.50000862e+08 1.60445600e+02 -1.73272539e+03
1.64141414e-05 -1.89393939e-05 2.50000854e+08 2.85573466e+01 -1.72426623e+03
1.69191919e-05 -1.89393939e-05 2.50000851e+08 -1.05572884e+02 -1.70660322e+03
1.74242424e-05 -1.89393939e-05 2.50000851e+08 -2.40590286e+02 -1.67962329e+03
1.79292929e-05 -1.89393939e-05 2.50000855e+08 -3.75090950e+02 -1.64334563e+03
1.84343434e-05 -1.89393939e-05 2.50000863e+08 -5.07650506e+02 -1.59793413e+03
1.89393939e-05 -1.89393939e-05 2.50000874e+08 -6.36855631e+02 -1.54370394e+03
1.94444444e-05 -1.89393939e-05 2.50000889e+08 -7.61336839e+02 -1.48112189e+03
1.99494949e-05 -1.89393939e-05 2.50000907e+08 -8.79800948e+02 -1.41080075e+03
2.04545455e-05 -1.89393939e-05 2.50000926e+08 -9.91061617e+02 -1.33348745e+03
2.09595960e-05 -1.89393939e-05 2.50000948e+08 -1.09406653e+03 -1.25004617e+03
2.14646465e-05 -1.89393939e-05 2.50000970e+08 -1.18791996e+03 -1.16143694e+03
2.19696970e-05 -1.89393939e-05 2.50000993e+08 -1.27189990e+03 -1.06869104e+03
2.24747475e-05 -1.89393939e-05 2.50001015e+08 -1.34546902e+03 -9.72884461e+02
2.29797980e-05 -1.89393939e-05 2.50001035e+08 -1.40827939e+03 -8.75110599e+02
2.34848485e-05 -1.89393939e-05 2.50001054e+08 -1.46017101e+03 -7.76453545e+02
2.39898990e-05 -1.89393939e-05 2.50001071e+08 -1.50116462e+03 -6.77963052e+02
2.44949495e-05 -1.89393939e-05 2.50001085e+08 -1.53144947e+03 -5.80632139e+02
2.50000000e-05 -1.89393939e-05 2.50001096e+08 -1.55136705e+03 -4.85378042e+02
-2.50000000e-05 -1.84343434e-05 2.49999861e+08 3.16006991e+02 1.23290353e+03
-2.44949495e-05 -1.84343434e-05 2.49999840e+08 3.74954541e+02 1.28306542e+03
-2.39898990e-05 -1.84343434e-05 2.49999816e+08 4.37827480e+02 1.33493915e+03
-2.34848485e-05 -1.84343434e-05 2.49999788e+08 5.04934094e+02 1.38860328e+03
-2.29797980e-05 -1.84343434e-05 2.49999755e+08 5.76626746e+02 1.44412942e+03
-2.24747475e-05 -1.84343434e-05 2.49999718e+08 6.53307817e+02 1.50157537e+03
-2.19696970e-05 -1.84343434e-05 2.49999676e+08 7.35435581e+02 1.56097599e+03
-2.14646465e-05 -1.84343434e-05 2.49999629e+08 8.23529619e+02 1.62233129e+03
-2.09595960e-05 -1.84343434e-05 2.49999576e+08 9.18175220e+02 1.68559105e+03
-2.04545455e-05 -1.84343434e-05 2.49999517e+08 1.02002602e+03 1.75063569e+03
-1.99494949e-05 -1.84343434e-05 2.49999452e+08 1.12980390e+03 1.81725247e+03
-1.94444444e-05 -1.84343434e-05 2.49999380e+08 1.24829486e+03 1.88510666e+03
-1.89393939e-05 -1.84343434e-05 2.49999302e+08 1.37633937e+03 1.95370712e+03
-1.84343434e-05 -1.84343434e-05 2.49999217e+08 1.51481515e+03 2.02236598e+03
-1.79292929e-05 -1.84343434e-05 2.49999125e+08 1.66461017e+03 2.09015220e+03
-1.74242424e-05 -1.84343434e-05 2.49999028e+08 1.82658287e+03 2.15583936e+03
-1.69191919e-05 -1.84343434e-05 2.49998924e+08 2.00150654e+03 2.21784856e+03
-1.64141414e-05 -1.84343434e-05 2.49998816e+08 2.18999387e+03 2.27418781e+03
-1.59090909e-05 -1.84343434e-05 2.49998705e+08 2.39239758e+03 2.32239123e+03
-1.54040404e-05 -1.84343434e-05 2.49998591e+08 2.60868262e+03 2.35946232e+03
-1.48989899e-05 -1.84343434e-05 2.49998478e+08 2.83826595e+03 2.38182862e+03
-1.43939394e-05 -1.84343434e-05 2.49998368e+08 3.07982067e+03 2.38531800e+03
-1.38888889e-05 -1.84343434e-05 2.49998264e+08 3.33104394e+03 2.36517085e+03
-1.33838384e-05 -1.84343434e-05 2.49998169e+08 3.58839264e+03 2.31610709e+03
-1.28787879e-05 -1.84343434e-05 2.49998088e+08 3.84679807e+03 2.23247151e+03
-1.23737374e-05 -1.84343434e-05 2.49998024e+08 4.09938214e+03 2.10848453e+03
-1.18686869e-05 -1.84343434e-05 2.49997983e+08 4.33721253e+03 1.93862599e+03
-1.13636364e-05 -1.84343434e-05 2.49997968e+08 4.54915345e+03 1.71817440e+03
-1.08585859e-05 -1.84343434e-05 2.49997982e+08 4.72188827e+03 1.44390978e+03
-1.03535354e-05 -1.84343434e-05 2.49998027e+08 4.84020773e+03 1.11496099e+03
-9.84848485e-06 -1.84343434e-05 2.49998102e+08 4.88766276e+03 7.33736615e+02
-9.34343434e-06 -1.84343434e-05 2.49998203e+08 4.84766445e+03 3.06823311e+02
-8.83838384e-06 -1.84343434e-05 2.49998325e+08 4.70506331e+03 -1.54324275e+02
-8.33333333e-06 -1.84343434e-05 2.49998456e+08 4.44814790e+03 -6.33124825e+02
-7.82828283e-06 -1.84343434e-05 2.49998584e+08 4.07087328e+03 -1.10827467e+03
-7.32323232e-06 -1.84343434e-05 2.49998693e+08 3.57498543e+03 -1.55498998e+03
-6.81818182e-06 -1.84343434e-05 2.49998769e+08 2.97159449e+03 -1.94712301e+03
-6.31313131e-06 -1.84343434e-05 2.49998798e+08 2.28172360e+03 -2.25997964e+03
-5.80808081e-06 -1.84343434e-05 2.49998772e+08 1.53547158e+03 -2.47343495e+03
-5.30303030e-06 -1.84343434e-05 2.49998686e+08 7.69683973e+02 -2.57477126e+03
-4.79797980e-06 -1.84343434e-05 2.49998546e+08 2.43741103e+01 -2.56063143e+03
-4.29292929e-06 -1.84343434e-05 2.49998363e+08 -6.61531164e+02 -2.43762847e+03
-3.78787879e-06 -1.84343434e-05 2.49998153e+08 -1.25435087e+03 -2.22145294e+03
-3.28282828e-06 -1.84343434e-05 2.49997938e+08 -1.72896055e+03 -1.93467408e+03
-2.77777778e-06 -1.84343434e-05 2.49997738e+08 -2.07072347e+03 -1.60371918e+03
-2.27272727e-06 -1.84343434e-05 2.49997574e+08 -2.27585599e+03 -1.25564824e+03
-1.76767677e-06 -1.84343434e-05 2.49997460e+08 -2.35038523e+03 -9.15295993e+02
-1.26262626e-06 -1.84343434e-05 2.49997407e+08 -2.30810178e+03 -6.03176489e+02
-7.57575758e-07 -1.84343434e-05 2.49997419e+08 -2.16801015e+03 -3.34315490e+02
-2.52525253e-07 -1.84343434e-05 2.49997495e+08 -1.95174558e+03 -1.17968933e+02
2.52525253e-07 -1.84343434e-05 2.49997630e+08 -1.68130785e+03 4.19542280e+01
7.57575758e-07 -1.84343434e-05 2.49997816e+08 -1.37731283e+03 1.46007715e+02
1.26262626e-06 -1.84343434e-05 2.49998042e+08 -1.05782621e+03 1.98101785e+02
1.76767677e-06 -1.84343434e-05 2.49998297e+08 -7.37742305e+02 2.04371182e+02
2.27272727e-06 -1.84343434e-05 2.49998571e+08 -4.28610942e+02 1.72152830e+02
2.77777778e-06 -1.84343434e-05 2.49998853e+08 -1.38791824e+02 1.09149393e+02
3.28282828e-06 -1.84343434e-05 2.49999134e+08 1.26182360e+02 2.28060227e+01
3.78787879e-06 -1.84343434e-05 2.49999407e+08 3.63135258e+02 -8.01068016e+01
4.29292929e-06 -1.84343434e-05 2.49999666e+08 5.70745982e+02 -1.93731997e+02
4.79797980e-06 -1.84343434e-05 2.49999906e+08 7.49071070e+02 -3.13223064e+02
5.30303030e-06 -1.84343434e-05 2.50000126e+08 8.99121083e+02 -4.34737866e+02
5.80808081e-06 -1.84343434e-05 2.50000323e+08 1.02250703e+03 -5.55363508e+02
6.31313131e-06 -1.84343434e-05 2.50000496e+08 1.12116004e+03 -6.73000733e+02
6.81818182e-06 -1.84343434e-05 2.50000645e+08 1.19712025e+03 -7.86229557e+02
7.32323232e-06 -1.84343434e-05 2.50000771e+08 1.25238668e+03 -8.94171565e+02
7.82828283e-06 -1.84343434e-05 2.50000875e+08 1.28881816e+03 -9.96358993e+02
8.33333333e-06 -1.84343434e-05 2.50000958e+08 1.30807538e+03 -1.09261658e+03
8.83838384e-06 -1.84343434e-05 2.50001022e+08 1.31159492e+03 -1.18295918e+03
9.34343434e-06 -1.84343434e-05 2.50001069e+08 1.30058717e+03 -1.26750612e+03
9.84848485e-06 -1.84343434e-05 2.50001101e+08 1.27605172e+03 -1.34641194e+03
1.03535354e-05 -1.84343434e-05 2.50001120e+08 1.23880487e+03 -1.41981263e+03
1.08585859e-05 -1.84343434e-05 2.50001126e+08 1.18951513e+03 -1.48778594e+03
1.13636364e-05 -1.84343434e-05 2.50001124e+08 1.12874328e+03 -1.55032451e+03
1.18686869e-05 -1.84343434e-05 2.50001113e+08 1.05698453e+03 -1.60732038e+03
1.23737374e-05 -1.84343434e-05 2.50001097e+08 9.74710482e+02 -1.65855972e+03
1.28787879e-05 -1.84343434e-05 2.50001076e+08 8.82409153e+02 -1.70372655e+03
1.33838384e-05 -1.84343434e-05 2.50001052e+08 7.80621448e+02 -1.74241440e+03
1.38888889e-05 -1.84343434e-05 2.50001028e+08 6.69972706e+02 -1.77414476e+03
1.43939394e-05 -1.84343434e-05 2.50001003e+08 5.51198106e+02 -1.79839111e+03
1.48989899e-05 -1.84343434e-05 2.50000980e+08 4.25160904e+02 -1.81460718e+03
1.54040404e-05 -1.84343434e-05 2.50000960e+08 2.92862719e+02 -1.82225816e+03
1.59090909e-05 -1.84343434e-05 2.50000942e+08 1.55445358e+02 -1.82085312e+03
1.64141414e-05 -1.84343434e-05 2.50000929e+08 1.41840427e+01 -1.80997721e+03
1.69191919e-05 -1.84343434e-05 2.50000920e+08 -1.29527735e+02 -1.78932180e+03
1.74242424e-05 -1.84343434e-05 2.50000916e+08 -2.74201074e+02 -1.75871110e+03
1.79292929e-05 -1.84343434e-05 2.50000916e+08 -4.18281180e+02 -1.71812371e+03
1.84343434e-05 -1.84343434e-05 2.50000922e+08 -5.60182094e+02 -1.66770796e+03
1.89393939e-05 -1.84343434e-05 2.50000931e+08 -6.98324907e+02 -1.60779012e+03
1.94444444e-05 -1.84343434e-05 2.50000945e+08 -8.31177505e+02 -1.53887504e+03
1.99494949e-05 -1.84343434e-05 2.50000962e+08 -9.57293823e+02 -1.46163906e+03
2.04545455e-05 -1.84343434e-05 2.50000981e+08 -1.07535064e+03 -1.37691580e+03
2.09595960e-05 -1.84343434e-05 2.50001003e+08 -1.18418011e+03 -1.28567543e+03
2.14646465e-05 -1.84343434e-05 2.50001025e+08 -1.28279655e+03 -1.18899874e+03
2.19696970e-05 -1.84343434e-05 2.50001048e+08 -1.37041636e+03 -1.08804736e+03
2.24747475e-05 -1.84343434e-05 2.50001071e+08 -1.44647040e+03 -9.84031755e+02
2.29797980e-05 -1.84343434e-05 2.50001092e+08 -1.51060863e+03 -8.78178617e+02
2.34848485e-05 -1.84343434e-05 2.50001111e+08 -1.56269729e+03 -7.71699164e+02
2.39898990e-05 -1.84343434e-05 2.50001127e+08 -1.60280911e+03 -6.65759771e+02
2.44949495e-05 -1.84343434e-05 2.50001141e+08 -1.63120770e+03 -5.61456038e+02
2.50000000e-05 -1.84343434e-05 2.50001151e+08 -1.64832711e+03 -4.59791136e+02
-2.50000000e-05 -1.79292929e-05 2.49999908e+08 2.66002632e+02 1.22090965e+03
-2.44949495e-05 -1.79292929e-05 2.49999889e+08 3.23154470e+02 1.27246506e+03
-2.39898990e-05 -1.79292929e-05 2.49999866e+08 3.84126516e+02 1.32599907e+03
-2.34848485e-05 -1.79292929e-05 2.49999840e+08 4.49226562e+02 1.38164476e+03
-2.29797980e-05 -1.79292929e-05 2.49999808e+08 5.18811715e+02 1.43953848e+03
-2.24747475e-05 -1.79292929e-05 2.49999772e+08 5.93296421e+02 1.49981424e+03
-2.19696970e-05 -1.79292929e-05 2.49999730e+08 6.73160944e+02 1.56259585e+03
-2.14646465e-05 -1.79292929e-05 2.49999683e+08 7.58959968e+02 1.62798601e+03
-2.09595960e-05 -1.79292929e-05 2.49999629e+08 8.51330826e+02 1.69605184e+03
-2.04545455e-05 -1.79292929e-05 2.49999569e+08 9.51000658e+02 1.76680594e+03
-1.99494949e-05 -1.79292929e-05 2.49999501e+08 1.05879153e+03 1.84018231e+03
-1.94444444e-05 -1.79292929e-05 2.49999426e+08 1.17562227e+03 1.91600617e+03
-1.89393939e-05 -1.79292929e-05 2.49999343e+08 1.30250530e+03 1.99395693e+03
-1.84343434e-05 -1.79292929e-05 2.49999252e+08 1.44053652e+03 2.07352345e+03
-1.79292929e-05 -1.79292929e-05 2.49999152e+08 1.59087554e+03 2.15395099e+03
-1.74242424e-05 -1.79292929e-05 2.49999045e+08 1.75471310e+03 2.23417941e+03
-1.69191919e-05 -1.79292929e-05 2.49998930e+08 1.93322174e+03 2.31277271e+03
-1.64141414e-05 -1.79292929e-05 2.49998807e+08 2.12748505e+03 2.38784043e+03
-1.59090909e-05 -1.79292929e-05 2.49998679e+08 2.33839971e+03 2.45695306e+03
-1.54040404e-05 -1.79292929e-05 2.49998546e+08 2.56654382e+03 2.51705473e+03
-1.48989899e-05 -1.79292929e-05 2.49998411e+08 2.81200448e+03 2.56437969e+03
-1.43939394e-05 -1.79292929e-05 2.49998275e+08 3.07415717e+03 2.59438245e+03
-1.38888889e-05 -1.79292929e-05 2.49998144e+08 3.35139148e+03 2.60169719e+03
-1.33838384e-05 -1.79292929e-05 2.49998019e+08 3.64078070e+03 2.58014827e+03
-1.28787879e-05 -1.79292929e-05 2.49997907e+08 3.93770068e+03 2.52284210e+03
-1.23737374e-05 -1.79292929e-05 2.49997813e+08 4.23541531e+03 2.42237841e+03
-1.18686869e-05 -1.79292929e-05 2.49997742e+08 4.52466540e+03 2.27122533e+03
-1.13636364e-05 -1.79292929e-05 2.49997699e+08 4.79332423e+03 2.06230312e+03
-1.08585859e-05 -1.79292929e-05 2.49997690e+08 5.02621593e+03 1.78981134e+03
-1.03535354e-05 -1.79292929e-05 2.49997718e+08 5.20522724e+03 1.45030569e+03
-9.84848485e-06 -1.79292929e-05 2.49997784e+08 5.30986954e+03 1.04397901e+03
-9.34343434e-06 -1.79292929e-05 2.49997886e+08 5.31844833e+03 5.76021272e+02
-8.83838384e-06 -1.79292929e-05 2.49998018e+08 5.20995132e+03 5.78340676e+01
-8.33333333e-06 -1.79292929e-05 2.49998168e+08 4.96665105e+03 -4.92222777e+02
-7.82828283e-06 -1.79292929e-05 2.49998321e+08 4.57722846e+03 -1.04893077e+03
-7.32323232e-06 -1.79292929e-05 2.49998458e+08 4.03998211e+03 -1.58149787e+03
-6.81818182e-06 -1.79292929e-05 2.49998559e+08 3.36546083e+03 -2.05619099e+03
-6.31313131e-06 -1.79292929e-05 2.49998606e+08 2.57774999e+03 -2.44015864e+03
-5.80808081e-06 -1.79292929e-05 2.49998586e+08 1.71375567e+03 -2.70589301e+03
-5.30303030e-06 -1.79292929e-05 2.49998494e+08 8.20211202e+02 -2.83545216e+03
-4.79797980e-06 -1.79292929e-05 2.49998335e+08 -5.12972980e+01 -2.82345756e+03
-4.29292929e-06 -1.79292929e-05 2.49998123e+08 -8.50413293e+02 -2.67809629e+03
-3.78787879e-06 -1.79292929e-05 2.49997881e+08 -1.53397570e+03 -2.41985065e+03
-3.28282828e-06 -1.79292929e-05 2.49997635e+08 -2.07066914e+03 -2.07827520e+03
-2.77777778e-06 -1.79292929e-05 2.49997412e+08 -2.44354847e+03 -1.68761549e+03
-2.27272727e-06 -1.79292929e-05 2.49997236e+08 -2.65021471e+03 -1.28225284e+03
-1.76767677e-06 -1.79292929e-05 2.49997125e+08 -2.70097769e+03 -8.92841148e+02
-1.26262626e-06 -1.79292929e-05 2.49997091e+08 -2.61569922e+03 -5.43675411e+02
-7.57575758e-07 -1.79292929e-05 2.49997137e+08 -2.42010996e+03 -2.51450085e+02
-2.52525253e-07 -1.79292929e-05 2.49997258e+08 -2.14228174e+03 -2.52536954e+01
2.52525253e-07 -1.79292929e-05 2.49997447e+08 -1.80971228e+03 1.32534010e+02
7.57575758e-07 -1.79292929e-05 2.49997692e+08 -1.44723694e+03 2.24826751e+02
1.26262626e-06 -1.79292929e-05 2.49997978e+08 -1.07578356e+03 2.58240646e+02
1.76767677e-06 -1.79292929e-05 2.49998293e+08 -7.11857885e+02 2.41580838e+02
2.27272727e-06 -1.79292929e-05 2.49998621e+08 -3.67584760e+02 1.84560372e+02
2.77777778e-06 -1.79292929e-05 2.49998952e+08 -5.11192554e+01 9.68199655e+01
3.28282828e-06 -1.79292929e-05 2.49999276e+08 2.32737273e+02 -1.27459054e+01
3.78787879e-06 -1.79292929e-05 2.49999585e+08 4.81845633e+02 -1.36390441e+02
4.29292929e-06 -1.79292929e-05 2.49999872e+08 6.96052080e+02 -2.67696596e+02
4.79797980e-06 -1.79292929e-05 2.50000135e+08 8.76581776e+02 -4.01597585e+02
5.30303030e-06 -1.79292929e-05 2.50000371e+08 1.02552989e+03 -5.34289212e+02
5.80808081e-06 -1.79292929e-05 2.50000577e+08 1.14545797e+03 -6.63078357e+02
6.31313131e-06 -1.79292929e-05 2.50000756e+08 1.23909056e+03 -7.86201457e+02
6.81818182e-06 -1.79292929e-05 2.50000906e+08 1.30909996e+03 -9.02636793e+02
7.32323232e-06 -1.79292929e-05 2.50001030e+08 1.35796433e+03 -1.01192597e+03
7.82828283e-06 -1.79292929e-05 2.50001129e+08 1.38788398e+03 -1.11401340e+03
8.33333333e-06 -1.79292929e-05 2.50001205e+08 1.40074218e+03 -1.20910789e+03
8.83838384e-06 -1.79292929e-05 2.50001260e+08 1.39809879e+03 -1.29756732e+03
9.34343434e-06 -1.79292929e-05 2.50001297e+08 1.38120732e+03 -1.37980561e+03
9.84848485e-06 -1.79292929e-05 2.50001317e+08 1.35104795e+03 -1.45622001e+03
1.03535354e-05 -1.79292929e-05 2.50001323e+08 1.30837110e+03 -1.52713660e+03
1.08585859e-05 -1.79292929e-05 2.50001318e+08 1.25374704e+03 -1.59277178e+03
1.13636364e-05 -1.79292929e-05 2.50001302e+08 1.18761874e+03 -1.65320781e+03
1.18686869e-05 -1.79292929e-05 2.50001279e+08 1.11035513e+03 -1.70838061e+03
1.23737374e-05 -1.79292929e-05 2.50001250e+08 1.02230305e+03 -1.75807855e+03
1.28787879e-05 -1.79292929e-05 2.50001216e+08 9.23836033e+02 -1.80195075e+03
1.33838384e-05 -1.79292929e-05 2.50001181e+08 8.15398450e+02 -1.83952407e+03
1.38888889e-05 -1.79292929e-05 2.50001146e+08 6.97543539e+02 -1.87022727e+03
1.43939394e-05 -1.79292929e-05 2.50001111e+08 5.70964031e+02 -1.89342154e+03
1.48989899e-05 -1.79292929e-05 2.50001078e+08 4.36514189e+02 -1.90843564e+03
1.54040404e-05 -1.79292929e-05 2.50001049e+08 2.95222314e+02 -1.91460436e+03
1.59090909e-05 -1.79292929e-05 2.50001024e+08 1.48293091e+02 -1.91130839e+03
1.64141414e-05 -1.79292929e-05 2.50001004e+08 -2.90047586e+00 -1.89801379e+03
1.69191919e-05 -1.79292929e-05 2.50000989e+08 -1.56835307e+02 -1.87430901e+03
1.74242424e-05 -1.79292929e-05 2.50000980e+08 -3.11865905e+02 -1.83993758e+03
1.79292929e-05 -1.79292929e-05 2.50000977e+08 -4.66260179e+02 -1.79482460e+03
1.84343434e-05 -1.79292929e-05 2.50000980e+08 -6.18241664e+02 -1.73909560e+03
1.89393939e-05 -1.79292929e-05 2.50000988e+08 -7.66035991e+02 -1.67308665e+03
1.94444444e-05 -1.79292929e-05 2.50001000e+08 -9.07919191e+02 -1.59734506e+03
1.99494949e-05 -1.79292929e-05 2.50001017e+08 -1.04226529e+03 -1.51262072e+03
2.04545455e-05 -1.79292929e-05 2.50001037e+08 -1.16759076e+03 -1.41984855e+03
2.09595960e-05 -1.79292929e-05 2.50001058e+08 -1.28259351e+03 -1.32012306e+03
2.14646465e-05 -1.79292929e-05 2.50001082e+08 -1.38618473e+03 -1.21466673e+03
2.19696970e-05 -1.79292929e-05 2.50001105e+08 -1.47751203e+03 -1.10479368e+03
2.24747475e-05 -1.79292929e-05 2.50001128e+08 -1.55597328e+03 -9.91871056e+02
2.29797980e-05 -1.79292929e-05 2.50001150e+08 -1.62122093e+03 -8.77279850e+02
2.34848485e-05 -1.79292929e-05 2.50001169e+08 -1.67315716e+03 -7.62377203e+02
2.39898990e-05 -1.79292929e-05 2.50001185e+08 -1.71192073e+03 -6.48461896e+02
2.44949495e-05 -1.79292929e-05 2.50001198e+08 -1.73786689e+03 -5.36744332e+02
2.50000000e-05 -1.79292929e-05 2.50001207e+08 -1.75154180e+03 -4.28321976e+02
-2.50000000e-05 -1.74242424e-05 2.49999960e+08 2.14931193e+02 1.20368835e+03
-2.44949495e-05 -1.74242424e-05 2.49999944e+08 2.70063634e+02 1.25619204e+03
-2.39898990e-05 -1.74242424e-05 2.49999923e+08 3.28861684e+02 1.31090084e+03
-2.34848485e-05 -1.74242424e-05 2.49999899e+08 3.91622521e+02 1.36800164e+03
-2.29797980e-05 -1.74242424e-05 2.49999869e+08 4.58696365e+02 1.42769608e+03
-2.24747475e-05 -1.74242424e-05 2.49999835e+08 5.30496560e+02 1.49019676e+03
-2.19696970e-05 -1.74242424e-05 2.49999795e+08 6.07510687e+02 1.55572115e+03
-2.14646465e-05 -1.74242424e-05 2.49999748e+08 6.90312499e+02 1.62448256e+03
-2.09595960e-05 -1.74242424e-05 2.49999694e+08 7.79574284e+02 1.69667732e+03
-2.04545455e-05 -1.74242424e-05 2.49999634e+08 8.76079034e+02 1.77246719e+03
-1.99494949e-05 -1.74242424e-05 2.49999565e+08 9.80731540e+02 1.85195613e+03
-1.94444444e-05 -1.74242424e-05 2.49999487e+08 1.09456719e+03 1.93516012e+03
-1.89393939e-05 -1.74242424e-05 2.49999400e+08 1.21875686e+03 2.02196898e+03
-1.84343434e-05 -1.74242424e-05 2.49999304e+08 1.35460572e+03 2.11209886e+03
-1.79292929e-05 -1.74242424e-05 2.49999198e+08 1.50354339e+03 2.20503418e+03
-1.74242424e-05 -1.74242424e-05 2.49999081e+08 1.66710184e+03 2.29995788e+03
-1.69191919e-05 -1.74242424e-05 2.49998955e+08 1.84687690e+03 2.39566906e+03
-1.64141414e-05 -1.74242424e-05 2.49998818e+08 2.04446773e+03 2.49048720e+03
-1.59090909e-05 -1.74242424e-05 2.49998673e+08 2.26138735e+03 2.58214354e+03
-1.54040404e-05 -1.74242424e-05 2.49998520e+08 2.49893570e+03 2.66766105e+03
-1.48989899e-05 -1.74242424e-05 2.49998361e+08 2.75802464e+03 2.74322736e+03
-1.43939394e-05 -1.74242424e-05 2.49998198e+08 3.03894311e+03 2.80406896e+03
-1.38888889e-05 -1.74242424e-05 2.49998035e+08 3.34104967e+03 2.84434121e+03
-1.33838384e-05 -1.74242424e-05 2.49997877e+08 3.66238154e+03 2.85705758e+03
-1.28787879e-05 -1.74242424e-05 2.49997728e+08 3.99917455e+03 2.83409308e+03
-1.23737374e-05 -1.74242424e-05 2.49997595e+08 4.34530066e+03 2.76631117e+03
-1.18686869e-05 -1.74242424e-05 2.49997485e+08 4.69165091e+03 2.64387781e+03
-1.13636364e-05 -1.74242424e-05 2.49997406e+08 5.02552621e+03 2.45683740e+03
-1.08585859e-05 -1.74242424e-05 2.49997364e+08 5.33014593e+03 2.19602572e+03
-1.03535354e-05 -1.74242424e-05 2.49997365e+08 5.58444418e+03 1.85437327e+03
-9.84848485e-06 -1.74242424e-05 2.49997414e+08 5.76338350e+03 1.42859526e+03
-9.34343434e-06 -1.74242424e-05 2.49997511e+08 5.83905391e+03 9.21160374e+02
-8.83838384e-06 -1.74242424e-05 2.49997649e+08 5.78280509e+03 3.42276338e+02
-8.33333333e-06 -1.74242424e-05 2.49997818e+08 5.56853541e+03 -2.88550314e+02
-7.82828283e-06 -1.74242424e-05 2.49997999e+08 5.17700039e+03 -9.41973958e+02
-7.32323232e-06 -1.74242424e-05 2.49998169e+08 4.60061315e+03 -1.57990925e+03
-6.81818182e-06 -1.74242424e-05 2.49998303e+08 3.84777965e+03 -2.15869107e+03
-6.31313131e-06 -1.74242424e-05 2.49998374e+08 2.94552066e+03 -2.63424218e+03
-5.80808081e-06 -1.74242424e-05 2.49998365e+08 1.93919579e+03 -2.96852606e+03
-5.30303030e-06 -1.74242424e-05 2.49998266e+08 8.88696624e+02 -3.13593170e+03
-4.79797980e-06 -1.74242424e-05 2.49998085e+08 -1.38567433e+02 -3.12796148e+03
-4.29292929e-06 -1.74242424e-05 2.49997838e+08 -1.07654004e+03 -2.95489362e+03
-3.78787879e-06 -1.74242424e-05 2.49997555e+08 -1.86924739e+03 -2.64392406e+03
-3.28282828e-06 -1.74242424e-05 2.49997272e+08 -2.47742825e+03 -2.23432947e+03
-2.77777778e-06 -1.74242424e-05 2.49997023e+08 -2.88180951e+03 -1.77099186e+03
-2.27272727e-06 -1.74242424e-05 2.49996837e+08 -3.08280082e+03 -1.29788894e+03
-1.76767677e-06 -1.74242424e-05 2.49996737e+08 -3.09730004e+03 -8.52869363e+02
-1.26262626e-06 -1.74242424e-05 2.49996733e+08 -2.95381185e+03 -4.64426444e+02
-7.57575758e-07 -1.74242424e-05 2.49996826e+08 -2.68713157e+03 -1.50548712e+02
-2.52525253e-07 -1.74242424e-05 2.49997008e+08 -2.33356720e+03 8.07304792e+01
2.52525253e-07 -1.74242424e-05 2.49997267e+08 -1.92726336e+03 2.29671880e+02
7.57575758e-07 -1.74242424e-05 2.49997585e+08 -1.49780777e+03 3.02648719e+02
1.26262626e-06 -1.74242424e-05 2.49997944e+08 -1.06902793e+03 3.09916068e+02
1.76767677e-06 -1.74242424e-05 2.49998327e+08 -6.58735567e+02 2.63640348e+02
2.27272727e-06 -1.74242424e-05 2.49998718e+08 -2.79129073e+02 1.76345590e+02
2.77777778e-06 -1.74242424e-05 2.49999103e+08 6.24179817e+01 5.98161246e+01
3.28282828e-06 -1.74242424e-05 2.49999472e+08 3.62401262e+02 -7.55803748e+01
3.78787879e-06 -1.74242424e-05 2.49999817e+08 6.20219423e+02 -2.21225044e+02
4.29292929e-06 -1.74242424e-05 2.50000133e+08 8.37294882e+02 -3.70323422e+02
4.79797980e-06 -1.74242424e-05 2.50000415e+08 1.01633190e+03 -5.17808291e+02
5.30303030e-06 -1.74242424e-05 2.50000664e+08 1.16072813e+03 -6.60140148e+02
5.80808081e-06 -1.74242424e-05 2.50000877e+08 1.27413383e+03 -7.95059017e+02
6.31313131e-06 -1.74242424e-05 2.50001057e+08 1.36014103e+03 -9.21325248e+02
6.81818182e-06 -1.74242424e-05 2.50001205e+08 1.42207966e+03 -1.03847318e+03
7.32323232e-06 -1.74242424e-05 2.50001323e+08 1.46289774e+03 -1.14659102e+03
7.82828283e-06 -1.74242424e-05 2.50001413e+08 1.48510438e+03 -1.24613273e+03
8.33333333e-06 -1.74242424e-05 2.50001478e+08 1.49075820e+03 -1.33776281e+03
8.83838384e-06 -1.74242424e-05 2.50001521e+08 1.48148718e+03 -1.42223214e+03
9.34343434e-06 -1.74242424e-05 2.50001545e+08 1.45852930e+03 -1.50028142e+03
9.84848485e-06 -1.74242424e-05 2.50001551e+08 1.42278640e+03 -1.57256857e+03
1.03535354e-05 -1.74242424e-05 2.50001542e+08 1.37488562e+03 -1.63961643e+03
1.08585859e-05 -1.74242424e-05 2.50001522e+08 1.31524456e+03 -1.70177775e+03
1.13636364e-05 -1.74242424e-05 2.50001491e+08 1.24413752e+03 -1.75921490e+03
1.18686869e-05 -1.74242424e-05 2.50001453e+08 1.16176059e+03 -1.81189228e+03
1.23737374e-05 -1.74242424e-05 2.50001410e+08 1.06829405e+03 -1.85958006e+03
1.28787879e-05 -1.74242424e-05 2.50001363e+08 9.63960457e+02 -1.90186792e+03
1.33838384e-05 -1.74242424e-05 2.50001315e+08 8.49077026e+02 -1.93818791e+03
1.38888889e-05 -1.74242424e-05 2.50001267e+08 7.24100787e+02 -1.96784517e+03
1.43939394e-05 -1.74242424e-05 2.50001220e+08 5.89665019e+02 -1.99005561e+03
1.48989899e-05 -1.74242424e-05 2.50001177e+08 4.46605609e+02 -2.00398896e+03
1.54040404e-05 -1.74242424e-05 2.50001138e+08 2.95976130e+02 -2.00881554e+03
1.59090909e-05 -1.74242424e-05 2.50001105e+08 1.39050770e+02 -2.00375484e+03
1.64141414e-05 -1.74242424e-05 2.50001078e+08 -2.26852730e+01 -1.98812358e+03
1.69191919e-05 -1.74242424e-05 2.50001058e+08 -1.87557767e+02 -1.96138095e+03
1.74242424e-05 -1.74242424e-05 2.50001044e+08 -3.53736947e+02 -1.92316855e+03
1.79292929e-05 -1.74242424e-05 2.50001037e+08 -5.19281051e+02 -1.87334289e+03
1.84343434e-05 -1.74242424e-05 2.50001037e+08 -6.82187740e+02 -1.81199850e+03
1.89393939e-05 -1.74242424e-05 2.50001044e+08 -8.40450752e+02 -1.73948019e+03
1.94444444e-05 -1.74242424e-05 2.50001055e+08 -9.92118751e+02 -1.65638385e+03
1.99494949e-05 -1.74242424e-05 2.50001072e+08 -1.13535320e+03 -1.56354560e+03
2.04545455e-05 -1.74242424e-05 2.50001092e+08 -1.26848215e+03 -1.46201999e+03
2.09595960e-05 -1.74242424e-05 2.50001114e+08 -1.39004718e+03 -1.35304870e+03
2.14646465e-05 -1.74242424e-05 2.50001138e+08 -1.49884109e+03 -1.23802153e+03
2.19696970e-05 -1.74242424e-05 2.50001163e+08 -1.59393494e+03 -1.11843217e+03
2.24747475e-05 -1.74242424e-05 2.50001187e+08 -1.67469326e+03 -9.95831196e+02
2.29797980e-05 -1.74242424e-05 2.50001209e+08 -1.74077762e+03 -8.71778914e+02
2.34848485e-05 -1.74242424e-05 2.50001228e+08 -1.79213889e+03 -7.47800464e+02
2.39898990e-05 -1.74242424e-05 2.50001245e+08 -1.82899967e+03 -6.25345183e+02
2.44949495e-05 -1.74242424e-05 2.50001257e+08 -1.85182841e+03 -5.05751892e+02
2.50000000e-05 -1.74242424e-05 2.50001265e+08 -1.86130723e+03 -3.90221159e+02
-2.50000000e-05 -1.69191919e-05 2.50000018e+08 1.63240299e+02 1.18111750e+03
-2.44949495e-05 -1.69191919e-05 2.50000004e+08 2.16174643e+02 1.23407603e+03
-2.39898990e-05 -1.69191919e-05 2.49999987e+08 2.72572870e+02 1.28941403e+03
-2.34848485e-05 -1.69191919e-05 2.49999966e+08 3.32710514e+02 1.34736912e+03
-2.29797980e-05 -1.69191919e-05 2.49999939e+08 3.96917937e+02 1.40820609e+03
-2.24747475e-05 -1.69191919e-05 2.49999907e+08 4.65592292e+02 1.47221540e+03
-2.19696970e-05 -1.69191919e-05 2.49999869e+08 5.39211187e+02 1.53970956e+03
-2.14646465e-05 -1.69191919e-05 2.49999824e+08 6.18347948e+02 1.61101673e+03
-2.09595960e-05 -1.69191919e-05 2.49999772e+08 7.03688237e+02 1.68647055e+03
-2.04545455e-05 -1.69191919e-05 2.49999712e+08 7.96047557e+02 1.76639510e+03
-1.99494949e-05 -1.69191919e-05 2.49999643e+08 8.96388873e+02 1.85108387e+03
-1.94444444e-05 -1.69191919e-05 2.49999565e+08 1.00583926e+03 1.94077123e+03
-1.89393939e-05 -1.69191919e-05 2.49999476e+08 1.12570404e+03 2.03559493e+03
-1.84343434e-05 -1.69191919e-05 2.49999376e+08 1.25747637e+03 2.13554803e+03
-1.79292929e-05 -1.69191919e-05 2.49999264e+08 1.40283968e+03 2.24041820e+03
-1.74242424e-05 -1.69191919e-05 2.49999140e+08 1.56365949e+03 2.34971281e+03
-1.69191919e-05 -1.69191919e-05 2.49999004e+08 1.74196018e+03 2.46256738e+03
-1.64141414e-05 -1.69191919e-05 2.49998854e+08 1.93988094e+03 2.57763557e+03
-1.59090909e-05 -1.69191919e-05 2.49998693e+08 2.15960311e+03 2.69295869e+03
-1.54040404e-05 -1.69191919e-05 2.49998519e+08 2.40323864e+03 2.80581374e+03
-1.48989899e-05 -1.69191919e-05 2.49998335e+08 2.67266629e+03 2.91254090e+03
-1.43939394e-05 -1.69191919e-05 2.49998143e+08 2.96929859e+03 3.00835491e+03
-1.38888889e-05 -1.69191919e-05 2.49997947e+08 3.29375896e+03 3.08715130e+03
-1.33838384e-05 -1.69191919e-05 2.49997750e+08 3.64544657e+03 3.14132881e+03
-1.28787879e-05 -1.69191919e-05 2.49997558e+08 4.02196797e+03 3.16166424e+03
-1.23737374e-05 -1.69191919e-05 2.49997378e+08 4.41842274e+03 3.13729705e+03
-1.18686869e-05 -1.69191919e-05 2.49997220e+08 4.82655128e+03 3.05590649e+03
-1.13636364e-05 -1.69191919e-05 2.49997092e+08 5.23379103e+03 2.90419123e+03
-1.08585859e-05 -1.69191919e-05 2.49997004e+08 5.62235059e+03 2.66878157e+03
-1.03535354e-05 -1.69191919e-05 2.49996966e+08 5.96850146e+03 2.33771297e+03
-9.84848485e-06 -1.69191919e-05 2.49996986e+08 6.24239797e+03 1.90254241e+03
-9.34343434e-06 -1.69191919e-05 2.49997066e+08 6.40884297e+03 1.36106835e+03
-8.83838384e-06 -1.69191919e-05 2.49997204e+08 6.42946499e+03 7.20398263e+02
-8.33333333e-06 -1.69191919e-05 2.49997389e+08 6.26668162e+03 -1.98065914e-01
-7.82828283e-06 -1.69191919e-05 2.49997602e+08 5.88949975e+03 -7.67536648e+02
-7.32323232e-06 -1.69191919e-05 2.49997812e+08 5.28060676e+03 -1.53494909e+03
-6.81818182e-06 -1.69191919e-05 2.49997987e+08 4.44342516e+03 -2.24582179e+03
-6.31313131e-06 -1.69191919e-05 2.49998091e+08 3.40712703e+03 -2.84050686e+03
-5.80808081e-06 -1.69191919e-05 2.49998098e+08 2.22746799e+03 -3.26573449e+03
-5.30303030e-06 -1.69191919e-05 2.49997993e+08 9.82062221e+02 -3.48444143e+03
-4.79797980e-06 -1.69191919e-05 2.49997784e+08 -2.39659294e+02 -3.48326178e+03
-4.29292929e-06 -1.69191919e-05 2.49997493e+08 -1.34968148e+03 -3.27532278e+03
-3.78787879e-06 -1.69191919e-05 2.49997161e+08 -2.27446786e+03 -2.89743839e+03
-3.28282828e-06 -1.69191919e-05 2.49996834e+08 -2.96456168e+03 -2.40265500e+03
-2.77777778e-06 -1.69191919e-05 2.49996557e+08 -3.39875388e+03 -1.85048629e+03
-2.27272727e-06 -1.69191919e-05 2.49996367e+08 -3.58270236e+03 -1.29750833e+03
-1.76767677e-06 -1.69191919e-05 2.49996288e+08 -3.54341196e+03 -7.90328435e+02
-1.26262626e-06 -1.69191919e-05 2.49996330e+08 -3.32167310e+03 -3.61804868e+02
-7.57575758e-07 -1.69191919e-05 2.49996489e+08 -2.96442119e+03 -3.03464321e+01
-2.52525253e-07 -1.69191919e-05 2.49996752e+08 -2.51835999e+03 1.98514948e+02
2.52525253e-07 -1.69191919e-05 2.49997100e+08 -2.02547068e+03 3.29274653e+02
7.57575758e-07 -1.69191919e-05 2.49997508e+08 -1.52045076e+03 3.73204090e+02
1.26262626e-06 -1.69191919e-05 2.49997954e+08 -1.02977785e+03 3.45312948e+02
1.76767677e-06 -1.69191919e-05 2.49998416e+08 -5.71949897e+02 2.61867493e+02
2.27272727e-06 -1.69191919e-05 2.49998876e+08 -1.58451414e+02 1.38587669e+02
2.77777778e-06 -1.69191919e-05 2.49999319e+08 2.04930768e+02 -1.05013181e+01
3.28282828e-06 -1.69191919e-05 2.49999735e+08 5.16716658e+02 -1.73667889e+02
3.78787879e-06 -1.69191919e-05 2.50000115e+08 7.78442412e+02 -3.41658829e+02
4.29292929e-06 -1.69191919e-05 2.50000456e+08 9.93562915e+02 -5.07603140e+02
4.79797980e-06 -1.69191919e-05 2.50000754e+08 1.16658105e+03 -6.66748551e+02
5.30303030e-06 -1.69191919e-05 2.50001011e+08 1.30239851e+03 -8.16117707e+02
5.80808081e-06 -1.69191919e-05 2.50001227e+08 1.40586163e+03 -9.54144706e+02
6.31313131e-06 -1.69191919e-05 2.50001403e+08 1.48146680e+03 -1.08033007e+03
6.81818182e-06 -1.69191919e-05 2.50001543e+08 1.53318930e+03 -1.19493487e+03
7.32323232e-06 -1.69191919e-05 2.50001651e+08 1.56440265e+03 -1.29872246e+03
7.82828283e-06 -1.69191919e-05 2.50001728e+08 1.57786158e+03 -1.39274846e+03
8.33333333e-06 -1.69191919e-05 2.50001779e+08 1.57572754e+03 -1.47819530e+03
8.83838384e-06 -1.69191919e-05 2.50001806e+08 1.55962102e+03 -1.55624535e+03
9.34343434e-06 -1.69191919e-05 2.50001812e+08 1.53068993e+03 -1.62798640e+03
9.84848485e-06 -1.69191919e-05 2.50001801e+08 1.48968642e+03 -1.69434360e+03
1.03535354e-05 -1.69191919e-05 2.50001776e+08 1.43704749e+03 -1.75603289e+03
1.08585859e-05 -1.69191919e-05 2.50001738e+08 1.37297612e+03 -1.81353193e+03
1.13636364e-05 -1.69191919e-05 2.50001691e+08 1.29752113e+03 -1.86706573e+03
1.18686869e-05 -1.69191919e-05 2.50001636e+08 1.21065421e+03 -1.91660474e+03
1.23737374e-05 -1.69191919e-05 2.50001577e+08 1.11234300e+03 -1.96187434e+03
1.28787879e-05 -1.69191919e-05 2.50001515e+08 1.00261885e+03 -2.00237439e+03
1.33838384e-05 -1.69191919e-05 2.50001452e+08 8.81638090e+02 -2.03740838e+03
1.38888889e-05 -1.69191919e-05 2.50001390e+08 7.49734918e+02 -2.06612125e+03
1.43939394e-05 -1.69191919e-05 2.50001331e+08 6.07464503e+02 -2.08754491e+03
1.48989899e-05 -1.69191919e-05 2.50001277e+08 4.55634360e+02 -2.10065005e+03
1.54040404e-05 -1.69191919e-05 2.50001228e+08 2.95322543e+02 -2.10440250e+03
1.59090909e-05 -1.69191919e-05 2.50001186e+08 1.27881401e+02 -2.09782185e+03
1.64141414e-05 -1.69191919e-05 2.50001151e+08 -4.50737564e+01 -2.08003980e+03
1.69191919e-05 -1.69191919e-05 2.50001124e+08 -2.21691037e+02 -2.05035509e+03
1.74242424e-05 -1.69191919e-05 2.50001106e+08 -3.99922505e+02 -2.00828241e+03
1.79292929e-05 -1.69191919e-05 2.50001095e+08 -5.77577115e+02 -1.95359205e+03
1.84343434e-05 -1.69191919e-05 2.50001093e+08 -7.52383443e+02 -1.88633822e+03
1.89393939e-05 -1.69191919e-05 2.50001098e+08 -9.22058892e+02 -1.80687404e+03
1.94444444e-05 -1.69191919e-05 2.50001109e+08 -1.08438159e+03 -1.71585217e+03
1.99494949e-05 -1.69191919e-05 2.50001126e+08 -1.23726093e+03 -1.61421118e+03
2.04545455e-05 -1.69191919e-05 2.50001146e+08 -1.37880289e+03 -1.50314836e+03
2.09595960e-05 -1.69191919e-05 2.50001170e+08 -1.50736654e+03 -1.38408085e+03
2.14646465e-05 -1.69191919e-05 2.50001196e+08 -1.62160889e+03 -1.25859749e+03
2.19696970e-05 -1.69191919e-05 2.50001222e+08 -1.72051622e+03 -1.12840451e+03
2.24747475e-05 -1.69191919e-05 2.50001247e+08 -1.80342068e+03 -9.95268252e+02
2.29797980e-05 -1.69191919e-05 2.50001270e+08 -1.87000236e+03 -8.60958204e+02
2.34848485e-05 -1.69191919e-05 2.50001290e+08 -1.92027767e+03 -7.27193363e+02
2.39898990e-05 -1.69191919e-05 2.50001306e+08 -1.95457571e+03 -5.95594406e+02
2.44949495e-05 -1.69191919e-05 2.50001317e+08 -1.97350495e+03 -4.67643595e+02
2.50000000e-05 -1.69191919e-05 2.50001324e+08 -1.97791275e+03 -3.44653626e+02
-2.50000000e-05 -1.64141414e-05 2.50000081e+08 1.11416823e+02 1.15315421e+03
-2.44949495e-05 -1.64141414e-05 2.50000071e+08 1.62030061e+02 1.20603397e+03
-2.39898990e-05 -1.64141414e-05 2.50000058e+08 2.15862963e+02 1.26140368e+03
-2.34848485e-05 -1.64141414e-05 2.50000040e+08 2.73157881e+02 1.31954594e+03
-2.29797980e-05 -1.64141414e-05 2.50000017e+08 3.34211405e+02 1.38078339e+03
-2.24747475e-05 -1.64141414e-05 2.49999989e+08 3.99387922e+02 1.44547995e+03
-2.19696970e-05 -1.64141414e-05 2.49999954e+08 4.69135558e+02 1.51404040e+03
-2.14646465e-05 -1.64141414e-05 2.49999913e+08 5.44004586e+02 1.58690734e+03
-2.09595960e-05 -1.64141414e-05 2.49999864e+08 6.24668230e+02 1.66455472e+03
-2.04545455e-05 -1.64141414e-05 2.49999806e+08 7.11945581e+02 1.74747661e+03
-1.99494949e-05 -1.64141414e-05 2.49999739e+08 8.06826054e+02 1.83616992e+03
-1.94444444e-05 -1.64141414e-05 2.49999661e+08 9.10494460e+02 1.93110935e+03
-1.89393939e-05 -1.64141414e-05 2.49999572e+08 1.02435533e+03 2.03271280e+03
-1.84343434e-05 -1.64141414e-05 2.49999470e+08 1.15005467e+03 2.14129520e+03
-1.79292929e-05 -1.64141414e-05 2.49999355e+08 1.28949671e+03 2.25700852e+03
-1.74242424e-05 -1.64141414e-05 2.49999226e+08 1.44485246e+03 2.37976518e+03
-1.69191919e-05 -1.64141414e-05 2.49999081e+08 1.61855607e+03 2.50914195e+03
-1.64141414e-05 -1.64141414e-05 2.49998920e+08 1.81328326e+03 2.64426055e+03
-1.59090909e-05 -1.64141414e-05 2.49998743e+08 2.03190410e+03 2.78364073e+03
-1.54040404e-05 -1.64141414e-05 2.49998550e+08 2.27739938e+03 2.92502147e+03
-1.48989899e-05 -1.64141414e-05 2.49998342e+08 2.55272479e+03 3.06514613e+03
-1.43939394e-05 -1.64141414e-05 2.49998120e+08 2.86060184e+03 3.19951028e+03
-1.38888889e-05 -1.64141414e-05 2.49997887e+08 3.20320702e+03 3.32207569e+03
-1.33838384e-05 -1.64141414e-05 2.49997648e+08 3.58172337e+03 3.42496465e+03
-1.28787879e-05 -1.64141414e-05 2.49997407e+08 3.99571374e+03 3.49816589e+03
-1.23737374e-05 -1.64141414e-05 2.49997173e+08 4.44227504e+03 3.52931021e+03
-1.18686869e-05 -1.64141414e-05 2.49996955e+08 4.91494629e+03 3.50361153e+03
-1.13636364e-05 -1.64141414e-05 2.49996765e+08 5.40237857e+03 3.40411776e+03
-1.08585859e-05 -1.64141414e-05 2.49996615e+08 5.88684704e+03 3.21246740e+03
-1.03535354e-05 -1.64141414e-05 2.49996520e+08 6.34280546e+03 2.91038701e+03
-9.84848485e-06 -1.64141414e-05 2.49996492e+08 6.73586120e+03 2.48215641e+03
-9.34343434e-06 -1.64141414e-05 2.49996540e+08 7.02276362e+03 1.91816135e+03
-8.83838384e-06 -1.64141414e-05 2.49996666e+08 7.15318938e+03 1.21938487e+03
-8.33333333e-06 -1.64141414e-05 2.49996862e+08 7.07414139e+03 4.02219866e+02
-7.82828283e-06 -1.64141414e-05 2.49997107e+08 6.73746131e+03 -4.97633716e+02
-7.32323232e-06 -1.64141414e-05 2.49997365e+08 6.11011230e+03 -1.42397816e+03
-6.81818182e-06 -1.64141414e-05 2.49997593e+08 5.18553409e+03 -2.30351009e+03
-6.31313131e-06 -1.64141414e-05 2.49997742e+08 3.99291680e+03 -3.05484139e+03
-5.80808081e-06 -1.64141414e-05 2.49997772e+08 2.60052770e+03 -3.60231564e+03
-5.30303030e-06 -1.64141414e-05 2.49997663e+08 1.11015394e+03 -3.89143116e+03
-4.79797980e-06 -1.64141414e-05 2.49997419e+08 -3.57503778e+02 -3.90110865e+03
-4.29292929e-06 -1.64141414e-05 2.49997073e+08 -1.68308447e+03 -3.64848180e+03
-3.78787879e-06 -1.64141414e-05 2.49996680e+08 -2.76861575e+03 -3.18449428e+03
-3.28282828e-06 -1.64141414e-05 2.49996301e+08 -3.55164038e+03 -2.58206527e+03
-2.77777778e-06 -1.64141414e-05 2.49995996e+08 -4.01028901e+03 -1.92104407e+03
-2.27272727e-06 -1.64141414e-05 2.49995810e+08 -4.15962361e+03 -1.27450131e+03
-1.76767677e-06 -1.64141414e-05 2.49995770e+08 -4.04212004e+03 -6.99403454e+02
-1.26262626e-06 -1.64141414e-05 2.49995881e+08 -3.71596142e+03 -2.32572133e+02
-7.57575758e-07 -1.64141414e-05 2.49996132e+08 -3.24416532e+03 1.08865348e+02
-2.52525253e-07 -1.64141414e-05 2.49996502e+08 -2.68628228e+03 3.24126641e+02
2.52525253e-07 -1.64141414e-05 2.49996962e+08 -2.09318681e+03 4.24145280e+02
7.57575758e-07 -1.64141414e-05 2.49997480e+08 -1.50466792e+03 4.26891645e+02
1.26262626e-06 -1.64141414e-05 2.49998027e+08 -9.49140906e+02 3.53380494e+02
1.76767677e-06 -1.64141414e-05 2.49998579e+08 -4.44727004e+02 2.24680245e+02
2.27272727e-06 -1.64141414e-05 2.49999114e+08 -1.04556257e+00 5.99490282e+01
2.77777778e-06 -1.64141414e-05 2.49999617e+08 3.78770966e+02 -1.24641821e+02
3.28282828e-06 -1.64141414e-05 2.50000078e+08 6.96157760e+02 -3.16304910e+02
3.78787879e-06 -1.64141414e-05 2.50000490e+08 9.55468734e+02 -5.05568846e+02
4.29292929e-06 -1.64141414e-05 2.50000851e+08 1.16266641e+03 -6.85931225e+02
4.79797980e-06 -1.64141414e-05 2.50001160e+08 1.32434982e+03 -8.53376099e+02
5.30303030e-06 -1.64141414e-05 2.50001418e+08 1.44708104e+03 -1.00585581e+03
5.80808081e-06 -1.64141414e-05 2.50001629e+08 1.53695476e+03 -1.14279936e+03
6.31313131e-06 -1.64141414e-05 2.50001796e+08 1.59935290e+03 -1.26468041e+03
6.81818182e-06 -1.64141414e-05 2.50001923e+08 1.63883264e+03 -1.37265769e+03
7.32323232e-06 -1.64141414e-05 2.50002014e+08 1.65910504e+03 -1.46828803e+03
7.82828283e-06 -1.64141414e-05 2.50002074e+08 1.66307195e+03 -1.55330483e+03
8.33333333e-06 -1.64141414e-05 2.50002105e+08 1.65289761e+03 -1.62945214e+03
8.83838384e-06 -1.64141414e-05 2.50002112e+08 1.63009886e+03 -1.69836379e+03
9.34343434e-06 -1.64141414e-05 2.50002099e+08 1.59564391e+03 -1.76147773e+03
9.84848485e-06 -1.64141414e-05 2.50002068e+08 1.55005311e+03 -1.81997780e+03
1.03535354e-05 -1.64141414e-05 2.50002023e+08 1.49349859e+03 -1.87475656e+03
1.08585859e-05 -1.64141414e-05 2.50001965e+08 1.42590098e+03 -1.92639455e+03
1.13636364e-05 -1.64141414e-05 2.50001899e+08 1.34702222e+03 -1.97515329e+03
1.18686869e-05 -1.64141414e-05 2.50001826e+08 1.25655411e+03 -2.02097974e+03
1.23737374e-05 -1.64141414e-05 2.50001750e+08 1.15420196e+03 -2.06352166e+03
1.28787879e-05 -1.64141414e-05 2.50001671e+08 1.03976236e+03 -2.10215309e+03
1.33838384e-05 -1.64141414e-05 2.50001592e+08 9.13193814e+02 -2.13600982e+03
1.38888889e-05 -1.64141414e-05 2.50001516e+08 7.74678466e+02 -2.16403439e+03
1.43939394e-05 -1.64141414e-05 2.50001443e+08 6.24672789e+02 -2.18503003e+03
1.48989899e-05 -1.64141414e-05 2.50001376e+08 4.63945093e+02 -2.19772208e+03
1.54040404e-05 -1.64141414e-05 2.50001316e+08 2.93597681e+02 -2.20082526e+03
1.59090909e-05 -1.64141414e-05 2.50001265e+08 1.15071931e+02 -2.19311402e+03
1.64141414e-05 -1.64141414e-05 2.50001222e+08 -6.98647979e+01 -2.17349292e+03
1.69191919e-05 -1.64141414e-05 2.50001189e+08 -2.59150621e+02 -2.14106358e+03
1.74242424e-05 -1.64141414e-05 2.50001165e+08 -4.50478066e+02 -2.09518418e+03
1.79292929e-05 -1.64141414e-05 2.50001151e+08 -6.41358435e+02 -2.03551825e+03
1.84343434e-05 -1.64141414e-05 2.50001147e+08 -8.29198427e+02 -1.96206924e+03
1.89393939e-05 -1.64141414e-05 2.50001150e+08 -1.01138488e+03 -1.87519885e+03
1.94444444e-05 -1.64141414e-05 2.50001161e+08 -1.18537284e+03 -1.77562748e+03
1.99494949e-05 -1.64141414e-05 2.50001179e+08 -1.34877184e+03 -1.66441693e+03
2.04545455e-05 -1.64141414e-05 2.50001201e+08 -1.49942539e+03 -1.54293632e+03
2.09595960e-05 -1.64141414e-05 2.50001226e+08 -1.63547920e+03 -1.41281354e+03
2.14646465e-05 -1.64141414e-05 2.50001254e+08 -1.75543463e+03 -1.27587564e+03
2.19696970e-05 -1.64141414e-05 2.50001281e+08 -1.85818482e+03 -1.13408177e+03
2.24747475e-05 -1.64141414e-05 2.50001308e+08 -1.94303248e+03 -9.89453131e+02
2.29797980e-05 -1.64141414e-05 2.50001332e+08 -2.00968957e+03 -8.44003997e+02
2.34848485e-05 -1.64141414e-05 2.50001353e+08 -2.05826010e+03 -6.99677497e+02
2.39898990e-05 -1.64141414e-05 2.50001369e+08 -2.08920859e+03 -5.58289311e+02
2.44949495e-05 -1.64141414e-05 2.50001380e+08 -2.10331705e+03 -4.21481488e+02
2.50000000e-05 -1.64141414e-05 2.50001385e+08 -2.10163405e+03 -2.90687730e+02
-2.50000000e-05 -1.59090909e-05 2.50000149e+08 5.99777693e+01 1.11984508e+03
-2.44949495e-05 -1.59090909e-05 2.50000144e+08 1.08212740e+02 1.17208302e+03
-2.39898990e-05 -1.59090909e-05 2.50000135e+08 1.59387855e+02 1.22684660e+03
-2.34848485e-05 -1.59090909e-05 2.50000122e+08 2.13700735e+02 1.28445468e+03
-2.29797980e-05 -1.59090909e-05 2.50000104e+08 2.71399910e+02 1.34527894e+03
-2.24747475e-05 -1.59090909e-05 2.50000080e+08 3.32799524e+02 1.40974831e+03
-2.19696970e-05 -1.59090909e-05 2.50000051e+08 3.98297124e+02 1.47835210e+03
-2.14646465e-05 -1.59090909e-05 2.50000014e+08 4.68394804e+02 1.55164133e+03
-2.09595960e-05 -1.59090909e-05 2.49999969e+08 5.43723877e+02 1.63022686e+03
-2.04545455e-05 -1.59090909e-05 2.49999915e+08 6.25073022e+02 1.71477331e+03
-1.99494949e-05 -1.59090909e-05 2.49999852e+08 7.13419568e+02 1.80598711e+03
-1.94444444e-05 -1.59090909e-05 2.49999777e+08 8.09963217e+02 1.90459685e+03
-1.89393939e-05 -1.59090909e-05 2.49999690e+08 9.16161072e+02 2.01132401e+03
-1.84343434e-05 -1.59090909e-05 2.49999589e+08 1.03376239e+03 2.12684163e+03
-1.79292929e-05 -1.59090909e-05 2.49999473e+08 1.16484096e+03 2.25171846e+03
-1.74242424e-05 -1.59090909e-05 2.49999340e+08 1.31182252e+03 2.38634540e+03
-1.69191919e-05 -1.59090909e-05 2.49999190e+08 1.47750371e+03 2.53084052e+03
-1.64141414e-05 -1.59090909e-05 2.49999020e+08 1.66505808e+03 2.68492759e+03
-1.59090909e-05 -1.59090909e-05 2.49998831e+08 1.87802240e+03 2.84778162e+03
-1.54040404e-05 -1.59090909e-05 2.49998621e+08 2.12025310e+03 3.01783318e+03
-1.48989899e-05 -1.59090909e-05 2.49998389e+08 2.39583732e+03 3.19252182e+03
-1.43939394e-05 -1.59090909e-05 2.49998138e+08 2.70893466e+03 3.36798856e+03
-1.38888889e-05 -1.59090909e-05 2.49997869e+08 3.06351514e+03 3.53870019e+03
-1.33838384e-05 -1.59090909e-05 2.49997584e+08 3.46294482e+03 3.69700587e+03
-1.28787879e-05 -1.59090909e-05 2.49997290e+08 3.90935601e+03 3.83264282e+03
-1.23737374e-05 -1.59090909e-05 2.49996993e+08 4.40272607e+03 3.93223749e+03
-1.18686869e-05 -1.59090909e-05 2.49996704e+08 4.93958600e+03 3.97889674e+03
-1.13636364e-05 -1.59090909e-05 2.49996436e+08 5.51129968e+03 3.95205421e+03
-1.08585859e-05 -1.59090909e-05 2.49996206e+08 6.10191853e+03 3.82783169e+03
-1.03535354e-05 -1.59090909e-05 2.49996031e+08 6.68575432e+03 3.58027966e+03
-9.84848485e-06 -1.59090909e-05 2.49995932e+08 7.22505664e+03 3.18393862e+03
-9.34343434e-06 -1.59090909e-05 2.49995924e+08 7.66854505e+03 2.61813470e+03
-8.83838384e-06 -1.59090909e-05 2.49996018e+08 7.95198151e+03 1.87316451e+03
-8.33333333e-06 -1.59090909e-05 2.49996212e+08 8.00230450e+03 9.57894195e+02
-7.82828283e-06 -1.59090909e-05 2.49996485e+08 7.74673521e+03 -9.27573897e+01
-7.32323232e-06 -1.59090909e-05 2.49996799e+08 7.12725062e+03 -1.21323812e+03
-6.81818182e-06 -1.59090909e-05 2.49997094e+08 6.11861559e+03 -2.30925030e+03
-6.31313131e-06 -1.59090909e-05 2.49997304e+08 4.74520576e+03 -3.26893283e+03
-5.80808081e-06 -1.59090909e-05 2.49997370e+08 3.08966497e+03 -3.98317572e+03
-5.30303030e-06 -1.59090909e-05 2.49997257e+08 1.28717778e+03 -4.37032307e+03
-4.79797980e-06 -1.59090909e-05 2.49996971e+08 -4.96119200e+02 -4.39684103e+03
-4.29292929e-06 -1.59090909e-05 2.49996555e+08 -2.09506766e+03 -4.08572525e+03
-3.78787879e-06 -1.59090909e-05 2.49996084e+08 -3.37716292e+03 -3.50927809e+03
-3.28282828e-06 -1.59090909e-05 2.49995646e+08 -4.26366253e+03 -2.76967976e+03
-2.77777778e-06 -1.59090909e-05 2.49995317e+08 -4.73513462e+03 -1.97528235e+03
-2.27272727e-06 -1.59090909e-05 2.49995152e+08 -4.82310153e+03 -1.22053304e+03
-1.76767677e-06 -1.59090909e-05 2.49995176e+08 -4.59364066e+03 -5.74003393e+02
-1.26262626e-06 -1.59090909e-05 2.49995389e+08 -4.12935105e+03 -7.49494954e+01
-7.57575758e-07 -1.59090909e-05 2.49995768e+08 -3.51417299e+03 2.63790650e+02
-2.52525253e-07 -1.59090909e-05 2.49996278e+08 -2.82302237e+03 4.49519473e+02
2.52525253e-07 -1.59090909e-05 2.49996878e+08 -2.11627427e+03 5.02513201e+02
7.57575758e-07 -1.59090909e-05 2.49997528e+08 -1.43811666e+03 4.49556283e+02
1.26262626e-06 -1.59090909e-05 2.49998192e+08 -8.17500048e+02 3.18930745e+02
1.76767677e-06 -1.59090909e-05 2.49998842e+08 -2.70520693e+02 1.37026977e+02
2.27272727e-06 -1.59090909e-05 2.49999455e+08 1.96649396e+02 -7.35946556e+01
2.77777778e-06 -1.59090909e-05 2.50000017e+08 5.84873183e+02 -2.95010996e+02
3.28282828e-06 -1.59090909e-05 2.50000518e+08 8.99530627e+02 -5.13959820e+02
3.78787879e-06 -1.59090909e-05 2.50000956e+08 1.14851135e+03 -7.21388909e+02
4.29292929e-06 -1.59090909e-05 2.50001328e+08 1.34073138e+03 -9.11771116e+02
4.79797980e-06 -1.59090909e-05 2.50001638e+08 1.48511620e+03 -1.08235326e+03
5.30303030e-06 -1.59090909e-05 2.50001890e+08 1.58996173e+03 -1.23244267e+03
5.80808081e-06 -1.59090909e-05 2.50002087e+08 1.66257946e+03 -1.36278581e+03
6.31313131e-06 -1.59090909e-05 2.50002237e+08 1.70914216e+03 -1.47505915e+03
6.81818182e-06 -1.59090909e-05 2.50002344e+08 1.73466182e+03 -1.57147132e+03
7.32323232e-06 -1.59090909e-05 2.50002413e+08 1.74304873e+03 -1.65446397e+03
7.82828283e-06 -1.59090909e-05 2.50002449e+08 1.73721547e+03 -1.72649460e+03
8.33333333e-06 -1.59090909e-05 2.50002456e+08 1.71920189e+03 -1.78988355e+03
8.83838384e-06 -1.59090909e-05 2.50002440e+08 1.69030648e+03 -1.84670967e+03
9.34343434e-06 -1.59090909e-05 2.50002403e+08 1.65121590e+03 -1.89874158e+03
9.84848485e-06 -1.59090909e-05 2.50002349e+08 1.60212884e+03 -1.94739473e+03
1.03535354e-05 -1.59090909e-05 2.50002281e+08 1.54287311e+03 -1.99370710e+03
1.08585859e-05 -1.59090909e-05 2.50002202e+08 1.47301596e+03 -2.03832880e+03
1.13636364e-05 -1.59090909e-05 2.50002115e+08 1.39196848e+03 -2.08152308e+03
1.18686869e-05 -1.59090909e-05 2.50002023e+08 1.29908461e+03 -2.12317718e+03
1.23737374e-05 -1.59090909e-05 2.50001927e+08 1.19375490e+03 -2.16282303e+03
1.28787879e-05 -1.59090909e-05 2.50001830e+08 1.07549449e+03 -2.19966803e+03
1.33838384e-05 -1.59090909e-05 2.50001734e+08 9.44024006e+02 -2.23263621e+03
1.38888889e-05 -1.59090909e-05 2.50001641e+08 7.99341179e+02 -2.26042032e+03
1.43939394e-05 -1.59090909e-05 2.50001554e+08 6.41780765e+02 -2.28154430e+03
1.48989899e-05 -1.59090909e-05 2.50001474e+08 4.72059680e+02 -2.29443525e+03
1.54040404e-05 -1.59090909e-05 2.50001403e+08 2.91304487e+02 -2.29750288e+03
1.59090909e-05 -1.59090909e-05 2.50001341e+08 1.01058695e+02 -2.28922363e+03
1.64141414e-05 -1.59090909e-05 2.50001290e+08 -9.67318703e+01 -2.26822558e+03
1.69191919e-05 -1.59090909e-05 2.50001250e+08 -2.99756222e+02 -2.23336969e+03
1.74242424e-05 -1.59090909e-05 2.50001221e+08 -5.05397084e+02 -2.18382278e+03
1.79292929e-05 -1.59090909e-05 2.50001204e+08 -7.10809120e+02 -2.11911736e+03
1.84343434e-05 -1.59090909e-05 2.50001197e+08 -9.13012658e+02 -2.03919434e+03
1.89393939e-05 -1.59090909e-05 2.50001200e+08 -1.10899771e+03 -1.94442535e+03
1.94444444e-05 -1.59090909e-05 2.50001212e+08 -1.29583221e+03 -1.83561306e+03
1.99494949e-05 -1.59090909e-05 2.50001231e+08 -1.47076785e+03 -1.71396905e+03
2.04545455e-05 -1.59090909e-05 2.50001255e+08 -1.63133719e+03 -1.58107092e+03
2.09595960e-05 -1.59090909e-05 2.50001283e+08 -1.77543629e+03 -1.43880151e+03
2.14646465e-05 -1.59090909e-05 2.50001313e+08 -1.90138831e+03 -1.28927450e+03
2.19696970e-05 -1.59090909e-05 2.50001342e+08 -2.00798521e+03 -1.13475147e+03
2.24747475e-05 -1.59090909e-05 2.50001371e+08 -2.09450623e+03 -9.77555869e+02
2.29797980e-05 -1.59090909e-05 2.50001396e+08 -2.16071377e+03 -8.19989185e+02
2.34848485e-05 -1.59090909e-05 2.50001418e+08 -2.20682852e+03 -6.64254012e+02
2.39898990e-05 -1.59090909e-05 2.50001434e+08 -2.23348734e+03 -5.12387777e+02
2.44949495e-05 -1.59090909e-05 2.50001444e+08 -2.24168776e+03 -3.66209760e+02
2.50000000e-05 -1.59090909e-05 2.50001448e+08 -2.23272366e+03 -2.27282808e+02
-2.50000000e-05 -1.54040404e-05 2.50000222e+08 9.45872353e+00 1.08133489e+03
-2.44949495e-05 -1.54040404e-05 2.50000222e+08 5.53331529e+01 1.13235203e+03
-2.39898990e-05 -1.54040404e-05 2.50000219e+08 1.03842733e+02 1.18584612e+03
-2.34848485e-05 -1.54040404e-05 2.50000211e+08 1.55129411e+02 1.24216070e+03
-2.29797980e-05 -1.54040404e-05 2.50000199e+08 2.09379697e+02 1.30170401e+03
-2.24747475e-05 -1.54040404e-05 2.50000181e+08 2.66839917e+02 1.36495689e+03
-2.19696970e-05 -1.54040404e-05 2.50000157e+08 3.27835209e+02 1.43248014e+03
-2.14646465e-05 -1.54040404e-05 2.50000127e+08 3.92792771e+02 1.50492064e+03
-2.09595960e-05 -1.54040404e-05 2.50000088e+08 4.62269810e+02 1.58301523e+03
-2.04545455e-05 -1.54040404e-05 2.50000040e+08 5.36986442e+02 1.66759091e+03
-1.99494949e-05 -1.54040404e-05 2.49999982e+08 6.17863455e+02 1.75955987e+03
-1.94444444e-05 -1.54040404e-05 2.49999912e+08 7.06064535e+02 1.85990717e+03
-1.89393939e-05 -1.54040404e-05 2.49999830e+08 8.03042018e+02 1.96966909e+03
-1.84343434e-05 -1.54040404e-05 2.49999733e+08 9.10584861e+02 2.08989961e+03
-1.79292929e-05 -1.54040404e-05 2.49999619e+08 1.03086709e+03 2.22162239e+03
-1.74242424e-05 -1.54040404e-05 2.49999487e+08 1.16649477e+03 2.36576515e+03
-1.69191919e-05 -1.54040404e-05 2.49999335e+08 1.32054904e+03 2.52307243e+03
-1.64141414e-05 -1.54040404e-05 2.49999160e+08 1.49662259e+03 2.69399108e+03
-1.59090909e-05 -1.54040404e-05 2.49998962e+08 1.69884493e+03 2.87852038e+03
-1.54040404e-05 -1.54040404e-05 2.49998738e+08 1.93188937e+03 3.07601514e+03
-1.48989899e-05 -1.54040404e-05 2.49998488e+08 2.20094845e+03 3.28492603e+03
-1.43939394e-05 -1.54040404e-05 2.49998210e+08 2.51165529e+03 3.50245743e+03
-1.38888889e-05 -1.54040404e-05 2.49997905e+08 2.86991392e+03 3.72412098e+03
-1.33838384e-05 -1.54040404e-05 2.49997575e+08 3.28158118e+03 3.94316515e+03
-1.28787879e-05 -1.54040404e-05 2.49997224e+08 3.75191693e+03 4.14987207e+03
-1.23737374e-05 -1.54040404e-05 2.49996858e+08 4.28468882e+03 4.33073870e+03
-1.18686869e-05 -1.54040404e-05 2.49996487e+08 4.88078858e+03 4.46761012e+03
-1.13636364e-05 -1.54040404e-05 2.49996126e+08 5.53620286e+03 4.53692068e+03
-1.08585859e-05 -1.54040404e-05 2.49995793e+08 6.23920886e+03 4.50933691e+03
-1.03535354e-05 -1.54040404e-05 2.49995511e+08 6.96678247e+03 4.35028817e+03
-9.84848485e-06 -1.54040404e-05 2.49995308e+08 7.68048504e+03 4.02209338e+03
-9.34343434e-06 -1.54040404e-05 2.49995210e+08 8.32261381e+03 3.48855512e+03
-8.83838384e-06 -1.54040404e-05 2.49995240e+08 8.81419294e+03 2.72279999e+03
-8.33333333e-06 -1.54040404e-05 2.49995407e+08 9.05730230e+03 1.71847855e+03
-7.82828283e-06 -1.54040404e-05 2.49995698e+08 8.94478753e+03 5.02868214e+02
-7.32323232e-06 -1.54040404e-05 2.49996071e+08 8.37960741e+03 -8.52042894e+02
-6.81818182e-06 -1.54040404e-05 2.49996451e+08 7.30287586e+03 -2.22685194e+03
-6.31313131e-06 -1.54040404e-05 2.49996745e+08 5.72397353e+03 -3.46704640e+03
-5.80808081e-06 -1.54040404e-05 2.49996865e+08 3.74037146e+03 -4.41263903e+03
-5.30303030e-06 -1.54040404e-05 2.49996753e+08 1.53397028e+03 -4.93858524e+03
-4.79797980e-06 -1.54040404e-05 2.49996412e+08 -6.61286314e+02 -4.99076256e+03
-4.29292929e-06 -1.54040404e-05 2.49995904e+08 -2.61151805e+03 -4.60117857e+03
-3.78787879e-06 -1.54040404e-05 2.49995338e+08 -4.13464971e+03 -3.87548627e+03
-3.28282828e-06 -1.54040404e-05 2.49994833e+08 -5.13237762e+03 -2.95985977e+03
-2.77777778e-06 -1.54040404e-05 2.49994491e+08 -5.59449163e+03 -2.00278765e+03
-2.27272727e-06 -1.54040404e-05 2.49994375e+08 -5.58090938e+03 -1.12577057e+03
-1.76767677e-06 -1.54040404e-05 2.49994506e+08 -5.19347309e+03 -4.09012801e+02
-1.26262626e-06 -1.54040404e-05 2.49994868e+08 -4.54853072e+03 1.09376239e+02
-7.57575758e-07 -1.54040404e-05 2.49995420e+08 -3.75646086e+03 4.25790560e+02
-2.52525253e-07 -1.54040404e-05 2.49996110e+08 -2.90963517e+03 5.60298642e+02
2.52525253e-07 -1.54040404e-05 2.49996883e+08 -2.07757290e+03 5.46100346e+02
7.57575758e-07 -1.54040404e-05 2.49997687e+08 -1.30708924e+03 4.21041553e+02
1.26262626e-06 -1.54040404e-05 2.49998482e+08 -6.25317435e+02 2.21709997e+02
1.76767677e-06 -1.54040404e-05 2.49999235e+08 -4.39661618e+01 -2.00679120e+01
2.27272727e-06 -1.54040404e-05 2.49999925e+08 4.36283597e+02 -2.78822067e+02
2.77777778e-06 -1.54040404e-05 2.50000539e+08 8.21872139e+02 -5.35694343e+02
3.28282828e-06 -1.54040404e-05 2.50001072e+08 1.12322729e+03 -7.77872378e+02
3.78787879e-06 -1.54040404e-05 2.50001523e+08 1.35245436e+03 -9.97610164e+02
4.29292929e-06 -1.54040404e-05 2.50001896e+08 1.52176792e+03 -1.19112235e+03
4.79797980e-06 -1.54040404e-05 2.50002195e+08 1.64252359e+03 -1.35752970e+03
5.30303030e-06 -1.54040404e-05 2.50002429e+08 1.72469669e+03 -1.49794800e+03
5.80808081e-06 -1.54040404e-05 2.50002603e+08 1.77666956e+03 -1.61475341e+03
6.31313131e-06 -1.54040404e-05 2.50002726e+08 1.80521660e+03 -1.71102149e+03
6.81818182e-06 -1.54040404e-05 2.50002804e+08 1.81560454e+03 -1.79011812e+03
7.32323232e-06 -1.54040404e-05 2.50002844e+08 1.81175143e+03 -1.85541335e+03
7.82828283e-06 -1.54040404e-05 2.50002851e+08 1.79640774e+03 -1.91008937e+03
8.33333333e-06 -1.54040404e-05 2.50002830e+08 1.77133854e+03 -1.95701690e+03
8.83838384e-06 -1.54040404e-05 2.50002786e+08 1.73749563e+03 -1.99867938e+03
9.34343434e-06 -1.54040404e-05 2.50002722e+08 1.69517542e+03 -2.03712933e+03
9.84848485e-06 -1.54040404e-05 2.50002642e+08 1.64416244e+03 -2.07396576e+03
1.03535354e-05 -1.54040404e-05 2.50002549e+08 1.58386011e+03 -2.11032543e+03
1.08585859e-05 -1.54040404e-05 2.50002447e+08 1.51341162e+03 -2.14688375e+03
1.13636364e-05 -1.54040404e-05 2.50002337e+08 1.43181327e+03 -2.18386336e+03
1.18686869e-05 -1.54040404e-05 2.50002223e+08 1.33802238e+03 -2.22105035e+03
1.23737374e-05 -1.54040404e-05 2.50002106e+08 1.23106047e+03 -2.25781878e+03
1.28787879e-05 -1.54040404e-05 2.50001990e+08 1.11011172e+03 -2.29316516e+03
1.33838384e-05 -1.54040404e-05 2.50001876e+08 9.74615103e+02 -2.32575413e+03
1.38888889e-05 -1.54040404e-05 2.50001767e+08 8.24347800e+02 -2.35397671e+03
1.43939394e-05 -1.54040404e-05 2.50001664e+08 6.59496379e+02 -2.37602132e+03
1.48989899e-05 -1.54040404e-05 2.50001570e+08 4.80711884e+02 -2.38995692e+03
1.54040404e-05 -1.54040404e-05 2.50001486e+08 2.89144691e+02 -2.39382638e+03
1.59090909e-05 -1.54040404e-05 2.50001414e+08 8.64555305e+01 -2.38574661e+03
1.64141414e-05 -1.54040404e-05 2.50001354e+08 -1.25200062e+02 -2.36401093e+03
1.69191919e-05 -1.54040404e-05 2.50001307e+08 -3.43215081e+02 -2.32718810e+03
1.74242424e-05 -1.54040404e-05 2.50001274e+08 -5.64601581e+02 -2.27421196e+03
1.79292929e-05 -1.54040404e-05 2.50001253e+08 -7.86085724e+02 -2.20445534e+03
1.84343434e-05 -1.54040404e-05 2.50001245e+08 -1.00422260e+03 -2.11778302e+03
1.89393939e-05 -1.54040404e-05 2.50001248e+08 -1.21552430e+03 -2.01457939e+03
1.94444444e-05 -1.54040404e-05 2.50001261e+08 -1.41659338e+03 -1.89574835e+03
1.99494949e-05 -1.54040404e-05 2.50001281e+08 -1.60425325e+03 -1.76268522e+03
2.04545455e-05 -1.54040404e-05 2.50001308e+08 -1.77566726e+03 -1.61722244e+03
2.09595960e-05 -1.54040404e-05 2.50001339e+08 -1.92843900e+03 -1.46155305e+03
2.14646465e-05 -1.54040404e-05 2.50001372e+08 -2.06068821e+03 -1.29813753e+03
2.19696970e-05 -1.54040404e-05 2.50001405e+08 -2.17109861e+03 -1.12960071e+03
2.24747475e-05 -1.54040404e-05 2.50001436e+08 -2.25893631e+03 -9.58625689e+02
2.29797980e-05 -1.54040404e-05 2.50001463e+08 -2.32403989e+03 -7.87851759e+02
2.34848485e-05 -1.54040404e-05 2.50001485e+08 -2.36678499e+03 -6.19782051e+02
2.39898990e-05 -1.54040404e-05 2.50001501e+08 -2.38802805e+03 -4.56705661e+02
2.44949495e-05 -1.54040404e-05 2.50001510e+08 -2.38903463e+03 -3.00637197e+02
2.50000000e-05 -1.54040404e-05 2.50001512e+08 -2.37139814e+03 -1.53275185e+02
-2.50000000e-05 -1.48989899e-05 2.50000300e+08 -3.95999896e+01 1.03787299e+03
-2.44949495e-05 -1.48989899e-05 2.50000306e+08 4.01375868e+00 1.08709034e+03
-2.39898990e-05 -1.48989899e-05 2.50000308e+08 4.99446104e+01 1.13864428e+03
-2.34848485e-05 -1.48989899e-05 2.50000307e+08 9.82692023e+01 1.19288850e+03
-2.29797980e-05 -1.48989899e-05 2.50000302e+08 1.49099230e+02 1.25025167e+03
-2.24747475e-05 -1.48989899e-05 2.50000291e+08 2.02596498e+02 1.31124888e+03
-2.19696970e-05 -1.48989899e-05 2.50000275e+08 2.58992271e+02 1.37649346e+03
-2.14646465e-05 -1.48989899e-05 2.50000251e+08 3.18611753e+02 1.44670860e+03
-2.09595960e-05 -1.48989899e-05 2.50000220e+08 3.81904436e+02 1.52273762e+03
-2.04545455e-05 -1.48989899e-05 2.50000181e+08 4.49480933e+02 1.60555177e+03
-1.99494949e-05 -1.48989899e-05 2.50000130e+08 5.22156563e+02 1.69625354e+03
-1.94444444e-05 -1.48989899e-05 2.50000069e+08 6.01001532e+02 1.79607358e+03
-1.89393939e-05 -1.48989899e-05 2.49999994e+08 6.87397016e+02 1.90635880e+03
-1.84343434e-05 -1.48989899e-05 2.49999903e+08 7.83095944e+02 2.02854929e+03
-1.79292929e-05 -1.48989899e-05 2.49999795e+08 8.90286988e+02 2.16414146e+03
-1.74242424e-05 -1.48989899e-05 2.49999668e+08 1.01166027e+03 2.31463489e+03
-1.69191919e-05 -1.48989899e-05 2.49999519e+08 1.15047369e+03 2.48145938e+03
-1.64141414e-05 -1.48989899e-05 2.49999345e+08 1.31061924e+03 2.66587720e+03
-1.59090909e-05 -1.48989899e-05 2.49999143e+08 1.49668864e+03 2.86885210e+03
-1.54040404e-05 -1.48989899e-05 2.49998911e+08 1.71403600e+03 3.09087141e+03
-1.48989899e-05 -1.48989899e-05 2.49998646e+08 1.96883051e+03 3.33170063e+03
-1.43939394e-05 -1.48989899e-05 2.49998347e+08 2.26808259e+03 3.59004098e+03
-1.38888889e-05 -1.48989899e-05 2.49998011e+08 2.61961072e+03 3.86305198e+03
-1.33838384e-05 -1.48989899e-05 2.49997638e+08 3.03189072e+03 4.14569436e+03
-1.28787879e-05 -1.48989899e-05 2.49997231e+08 3.51369251e+03 4.42984816e+03
-1.23737374e-05 -1.48989899e-05 2.49996793e+08 4.07335967e+03 4.70317400e+03
-1.18686869e-05 -1.48989899e-05 2.49996333e+08 4.71752414e+03 4.94772465e+03
-1.13636364e-05 -1.48989899e-05 2.49995863e+08 5.44898125e+03 5.13840065e+03
-1.08585859e-05 -1.48989899e-05 2.49995404e+08 6.26340167e+03 5.24150850e+03
-1.03535354e-05 -1.48989899e-05 2.49994983e+08 7.14458678e+03 5.21395931e+03
-9.84848485e-06 -1.48989899e-05 2.49994634e+08 8.05819374e+03 5.00406059e+03
-9.34343434e-06 -1.48989899e-05 2.49994398e+08 8.94444973e+03 4.55535633e+03
-8.83838384e-06 -1.48989899e-05 2.49994315e+08 9.71155681e+03 3.81533633e+03
-8.33333333e-06 -1.48989899e-05 2.49994412e+08 1.02333326e+04 2.75052923e+03
-7.82828283e-06 -1.48989899e-05 2.49994695e+08 1.03566609e+04 1.36764088e+03
-7.32323232e-06 -1.48989899e-05 2.49995123e+08 9.92493958e+03 -2.63778611e+02
-6.81818182e-06 -1.48989899e-05 2.49995608e+08 8.82010453e+03 -1.99754279e+03
-6.31313131e-06 -1.48989899e-05 2.49996018e+08 7.01578145e+03 -3.62016952e+03
-5.80808081e-06 -1.48989899e-05 2.49996218e+08 4.62033394e+03 -4.89291582e+03
-5.30303030e-06 -1.48989899e-05 2.49996114e+08 1.88168097e+03 -5.61929578e+03
-4.79797980e-06 -1.48989899e-05 2.49995702e+08 -8.61811456e+02 -5.71014552e+03
-4.29292929e-06 -1.48989899e-05 2.49995073e+08 -3.26988951e+03 -5.21219239e+03
-3.78787879e-06 -1.48989899e-05 2.49994387e+08 -5.08827584e+03 -4.28512300e+03
-3.28282828e-06 -1.48989899e-05 2.49993814e+08 -6.19745746e+03 -3.14265484e+03
-2.77777778e-06 -1.48989899e-05 2.49993484e+08 -6.61061672e+03 -1.98963535e+03
-2.27272727e-06 -1.48989899e-05 2.49993466e+08 -6.43608988e+03 -9.80120185e+02
-1.76767677e-06 -1.48989899e-05 2.49993766e+08 -5.82920273e+03 -2.03025723e+02
-1.26262626e-06 -1.48989899e-05 2.49994343e+08 -4.95171396e+03 3.11714298e+02
-7.57575758e-07 -1.48989899e-05 2.49995129e+08 -3.94587403e+03 5.77277278e+02
-2.52525253e-07 -1.48989899e-05 2.49996047e+08 -2.92226315e+03 6.32588512e+02
2.52525253e-07 -1.48989899e-05 2.49997027e+08 -1.95748574e+03 5.27750082e+02
7.57575758e-07 -1.48989899e-05 2.49998007e+08 -1.09765517e+03 3.13653988e+02
1.26262626e-06 -1.48989899e-05 2.49998940e+08 -3.64542607e+02 3.56311310e+01
1.76767677e-06 -1.48989899e-05 2.49999795e+08 2.37676177e+02 -2.69646916e+02
2.27272727e-06 -1.48989899e-05 2.50000554e+08 7.16274161e+02 -5.74954049e+02
2.77777778e-06 -1.48989899e-05 2.50001208e+08 1.08499140e+03 -8.61853540e+02
3.28282828e-06 -1.48989899e-05 2.50001756e+08 1.36036023e+03 -1.11929766e+03
3.78787879e-06 -1.48989899e-05 2.50002205e+08 1.55922946e+03 -1.34197970e+03
4.29292929e-06 -1.48989899e-05 2.50002561e+08 1.69726143e+03 -1.52874825e+03
4.79797980e-06 -1.48989899e-05 2.50002835e+08 1.78814800e+03 -1.68124506e+03
5.30303030e-06 -1.48989899e-05 2.50003036e+08 1.84331425e+03 -1.80282374e+03
5.80808081e-06 -1.48989899e-05 2.50003175e+08 1.87192515e+03 -1.89774369e+03
6.31313131e-06 -1.48989899e-05 2.50003261e+08 1.88106012e+03 -1.97060147e+03
6.81818182e-06 -1.48989899e-05 2.50003302e+08 1.87596489e+03 -2.02595057e+03
7.32323232e-06 -1.48989899e-05 2.50003305e+08 1.86032426e+03 -2.06806118e+03
7.82828283e-06 -1.48989899e-05 2.50003277e+08 1.83652454e+03 -2.10077844e+03
8.33333333e-06 -1.48989899e-05 2.50003222e+08 1.80589090e+03 -2.12744624e+03
8.83838384e-06 -1.48989899e-05 2.50003146e+08 1.76889526e+03 -2.15087185e+03
9.34343434e-06 -1.48989899e-05 2.50003052e+08 1.72533623e+03 -2.17331465e+03
9.84848485e-06 -1.48989899e-05 2.50002944e+08 1.67449580e+03 -2.19648755e+03
1.03535354e-05 -1.48989899e-05 2.50002825e+08 1.61527816e+03 -2.22156496e+03
1.08585859e-05 -1.48989899e-05 2.50002697e+08 1.54633635e+03 -2.24919419e+03
1.13636364e-05 -1.48989899e-05 2.50002563e+08 1.46619110e+03 -2.27950991e+03
1.18686869e-05 -1.48989899e-05 2.50002426e+08 1.37334545e+03 -2.31215309e+03
1.23737374e-05 -1.48989899e-05 2.50002288e+08 1.26639661e+03 -2.34629663e+03
1.28787879e-05 -1.48989899e-05 2.50002151e+08 1.14414523e+03 -2.38068086e+03
1.33838384e-05 -1.48989899e-05 2.50002018e+08 1.00570046e+03 -2.41366152e+03
1.38888889e-05 -1.48989899e-05 2.50001891e+08 8.50577543e+02 -2.44327272e+03
1.43939394e-05 -1.48989899e-05 2.50001771e+08 6.78783359e+02 -2.46730590e+03
1.48989899e-05 -1.48989899e-05 2.50001663e+08 4.90884737e+02 -2.48340493e+03
1.54040404e-05 -1.48989899e-05 2.50001566e+08 2.88053742e+02 -2.48917498e+03
1.59090909e-05 -1.48989899e-05 2.50001482e+08 7.20847601e+01 -2.48230165e+03
1.64141414e-05 -1.48989899e-05 2.50001413e+08 -1.54620722e+02 -2.46067467e+03
1.69191919e-05 -1.48989899e-05 2.50001360e+08 -3.89103876e+02 -2.42250897e+03
1.74242424e-05 -1.48989899e-05 2.50001321e+08 -6.27932622e+02 -2.36645533e+03
1.79292929e-05 -1.48989899e-05 2.50001298e+08 -8.67317067e+02 -2.29169248e+03
1.84343434e-05 -1.48989899e-05 2.50001288e+08 -1.10325047e+03 -2.19799328e+03
1.89393939e-05 -1.48989899e-05 2.50001292e+08 -1.33166744e+03 -2.08575933e+03
1.94444444e-05 -1.48989899e-05 2.50001307e+08 -1.54860923e+03 -1.95602054e+03
1.99494949e-05 -1.48989899e-05 2.50001331e+08 -1.75038510e+03 -1.81039929e+03
2.04545455e-05 -1.48989899e-05 2.50001361e+08 -1.93371893e+03 -1.65104151e+03
2.09595960e-05 -1.48989899e-05 2.50001396e+08 -2.09587149e+03 -1.48051983e+03
2.14646465e-05 -1.48989899e-05 2.50001433e+08 -2.23473112e+03 -1.30171643e+03
2.19696970e-05 -1.48989899e-05 2.50001469e+08 -2.34886825e+03 -1.11769421e+03
2.24747475e-05 -1.48989899e-05 2.50001503e+08 -2.43755252e+03 -9.31565637e+02
2.29797980e-05 -1.48989899e-05 2.50001532e+08 -2.50073418e+03 -7.46367963e+02
2.34848485e-05 -1.48989899e-05 2.50001555e+08 -2.53899414e+03 -5.64952395e+02
2.39898990e-05 -1.48989899e-05 2.50001571e+08 -2.55346891e+03 -3.89892711e+02
2.44949495e-05 -1.48989899e-05 2.50001579e+08 -2.54575790e+03 -2.23416840e+02
2.50000000e-05 -1.48989899e-05 2.50001579e+08 -2.51782065e+03 -6.73626341e+01
-2.50000000e-05 -1.43939394e-05 2.50000381e+08 -8.66691660e+01 9.89816679e+02
-2.44949495e-05 -1.43939394e-05 2.50000393e+08 -4.51293059e+01 1.03667335e+03
-2.39898990e-05 -1.43939394e-05 2.50000403e+08 -1.58867266e+00 1.08563018e+03
-2.34848485e-05 -1.43939394e-05 2.50000409e+08 4.39564958e+01 1.13703400e+03
-2.29797980e-05 -1.43939394e-05 2.50000412e+08 9.15323969e+01 1.19131431e+03
-2.24747475e-05 -1.43939394e-05 2.50000409e+08 1.41201605e+02 1.24899825e+03
-2.19696970e-05 -1.43939394e-05 2.50000402e+08 1.93081748e+02 1.31072696e+03
-2.14646465e-05 -1.43939394e-05 2.50000388e+08 2.47370056e+02 1.37727295e+03
-2.09595960e-05 -1.43939394e-05 2.50000366e+08 3.04374922e+02 1.44955751e+03
-2.04545455e-05 -1.43939394e-05 2.50000336e+08 3.64555532e+02 1.52866692e+03
-1.99494949e-05 -1.43939394e-05 2.50000296e+08 4.28570254e+02 1.61586548e+03
-1.94444444e-05 -1.43939394e-05 2.50000245e+08 4.97333957e+02 1.71260319e+03
-1.89393939e-05 -1.43939394e-05 2.50000181e+08 5.72083700e+02 1.82051549e+03
-1.84343434e-05 -1.43939394e-05 2.50000101e+08 6.54451530e+02 1.94141255e+03
-1.79292929e-05 -1.43939394e-05 2.50000003e+08 7.46542710e+02 2.07725606e+03
-1.74242424e-05 -1.43939394e-05 2.49999886e+08 8.51017958e+02 2.23012172e+03
-1.69191919e-05 -1.43939394e-05 2.49999744e+08 9.71179453e+02 2.40214584e+03
-1.64141414e-05 -1.43939394e-05 2.49999576e+08 1.11106236e+03 2.59545292e+03
-1.59090909e-05 -1.43939394e-05 2.49999378e+08 1.27553584e+03 2.81205806e+03
-1.54040404e-05 -1.43939394e-05 2.49999145e+08 1.47041854e+03 3.05373089e+03
-1.48989899e-05 -1.43939394e-05 2.49998875e+08 1.70261149e+03 3.32179813e+03
-1.43939394e-05 -1.43939394e-05 2.49998561e+08 1.98024398e+03 3.61684809e+03
-1.38888889e-05 -1.43939394e-05 2.49998203e+08 2.31281200e+03 3.93828414e+03
-1.33838384e-05 -1.43939394e-05 2.49997795e+08 2.71126214e+03 4.28365669e+03
-1.28787879e-05 -1.43939394e-05 2.49997337e+08 3.18793050e+03 4.64768640e+03
-1.23737374e-05 -1.43939394e-05 2.49996829e+08 3.75618063e+03 5.02088107e+03
-1.18686869e-05 -1.43939394e-05 2.49996276e+08 4.42948904e+03 5.38765779e+03
-1.13636364e-05 -1.43939394e-05 2.49995688e+08 5.21959468e+03 5.72393441e+03
-1.08585859e-05 -1.43939394e-05 2.49995082e+08 6.13316794e+03 5.99429973e+03
-1.03535354e-05 -1.43939394e-05 2.49994487e+08 7.16630701e+03 6.14918687e+03
-9.84848485e-06 -1.43939394e-05 2.49993944e+08 8.29616361e+03 6.12306656e+03
-9.34343434e-06 -1.43939394e-05 2.49993505e+08 9.46941952e+03 5.83563150e+03
-8.83838384e-06 -1.43939394e-05 2.49993235e+08 1.05886862e+04 5.19916818e+03
-8.33333333e-06 -1.43939394e-05 2.49993192e+08 1.15008152e+04 4.13619248e+03
-7.82828283e-06 -1.43939394e-05 2.49993410e+08 1.19957573e+04 2.61034891e+03
-7.32323232e-06 -1.43939394e-05 2.49993872e+08 1.18292095e+04 6.67919954e+02
-6.81818182e-06 -1.43939394e-05 2.49994478e+08 1.07812413e+04 -1.52459731e+03
-6.31313131e-06 -1.43939394e-05 2.49995048e+08 8.74802081e+03 -3.67503863e+03
-5.80808081e-06 -1.43939394e-05 2.49995371e+08 5.83304444e+03 -5.42077691e+03
-5.30303030e-06 -1.43939394e-05 2.49995287e+08 2.37792577e+03 -6.44349284e+03
-4.79797980e-06 -1.43939394e-05 2.49994779e+08 -1.11201691e+03 -6.59217439e+03
-4.29292929e-06 -1.43939394e-05 2.49993988e+08 -4.12574572e+03 -5.93939671e+03
-3.78787879e-06 -1.43939394e-05 2.49993156e+08 -6.30267370e+03 -4.73613408e+03
-3.28282828e-06 -1.43939394e-05 2.49992525e+08 -7.50666461e+03 -3.30180611e+03
-2.77777778e-06 -1.43939394e-05 2.49992260e+08 -7.80314394e+03 -1.91899422e+03
-2.27272727e-06 -1.43939394e-05 2.49992423e+08 -7.38184612e+03 -7.76784787e+02
-1.76767677e-06 -1.43939394e-05 2.49992985e+08 -6.47608816e+03 3.62068441e+01
-1.26262626e-06 -1.43939394e-05 2.49993866e+08 -5.30597993e+03 5.10470599e+02
-7.57575758e-07 -1.43939394e-05 2.49994959e+08 -4.04930502e+03 6.86476697e+02
-2.52525253e-07 -1.43939394e-05 2.49996159e+08 -2.83285200e+03 6.29045930e+02
2.52525253e-07 -1.43939394e-05 2.49997379e+08 -1.73565466e+03 4.08843384e+02
7.57575758e-07 -1.43939394e-05 2.49998548e+08 -7.97796725e+02 9.08624073e+01
1.26262626e-06 -1.43939394e-05 2.49999619e+08 -3.08202637e+01 -2.71495785e+02
1.76767677e-06 -1.43939394e-05 2.50000565e+08 5.72501133e+02 -6.38348411e+02
2.27272727e-06 -1.43939394e-05 2.50001374e+08 1.03011991e+03 -9.82717183e+02
2.77777778e-06 -1.43939394e-05 2.50002045e+08 1.36474783e+03 -1.28855485e+03
3.28282828e-06 -1.43939394e-05 2.50002586e+08 1.59984849e+03 -1.54827361e+03
3.78787879e-06 -1.43939394e-05 2.50003009e+08 1.75723705e+03 -1.76032596e+03
4.29292929e-06 -1.43939394e-05 2.50003328e+08 1.85586425e+03 -1.92712996e+03
4.79797980e-06 -1.43939394e-05 2.50003557e+08 1.91139271e+03 -2.05344472e+03
5.30303030e-06 -1.43939394e-05 2.50003710e+08 1.93625080e+03 -2.14518839e+03
5.80808081e-06 -1.43939394e-05 2.50003799e+08 1.93993811e+03 -2.20863335e+03
6.31313131e-06 -1.43939394e-05 2.50003836e+08 1.92943380e+03 -2.24989475e+03
6.81818182e-06 -1.43939394e-05 2.50003831e+08 1.90961927e+03 -2.27463107e+03
7.32323232e-06 -1.43939394e-05 2.50003790e+08 1.88366860e+03 -2.28788847e+03
7.82828283e-06 -1.43939394e-05 2.50003720e+08 1.85338701e+03 -2.29403615e+03
8.33333333e-06 -1.43939394e-05 2.50003628e+08 1.81949406e+03 -2.29675453e+03
8.83838384e-06 -1.43939394e-05 2.50003516e+08 1.78185633e+03 -2.29905041e+03
9.34343434e-06 -1.43939394e-05 2.50003390e+08 1.73967892e+03 -2.30328265e+03
9.84848485e-06 -1.43939394e-05 2.50003251e+08 1.69166584e+03 -2.31118881e+03
1.03535354e-05 -1.43939394e-05 2.50003104e+08 1.63615915e+03 -2.32390850e+03
1.08585859e-05 -1.43939394e-05 2.50002949e+08 1.57126521e+03 -2.34200242e+03
1.13636364e-05 -1.43939394e-05 2.50002790e+08 1.49497485e+03 -2.36546894e+03
1.18686869e-05 -1.43939394e-05 2.50002629e+08 1.40528213e+03 -2.39376148e+03
1.23737374e-05 -1.43939394e-05 2.50002469e+08 1.30030409e+03 -2.42581104e+03
1.28787879e-05 -1.43939394e-05 2.50002311e+08 1.17840173e+03 -2.46005868e+03
1.33838384e-05 -1.43939394e-05 2.50002157e+08 1.03830019e+03 -2.49450247e+03
1.38888889e-05 -1.43939394e-05 2.50002012e+08 8.79204022e+02 -2.52676283e+03
1.43939394e-05 -1.43939394e-05 2.50001875e+08 7.00901419e+02 -2.55416845e+03
1.48989899e-05 -1.43939394e-05 2.50001751e+08 5.03850376e+02 -2.57386362e+03
1.54040404e-05 -1.43939394e-05 2.50001641e+08 2.89238837e+02 -2.58293483e+03
1.59090909e-05 -1.43939394e-05 2.50001546e+08 5.90114326e+01 -2.57855250e+03
1.64141414e-05 -1.43939394e-05 2.50001467e+08 -1.84143292e+02 -2.55812072e+03
1.69191919e-05 -1.43939394e-05 2.50001406e+08 -4.36848865e+02 -2.51942618e+03
1.74242424e-05 -1.43939394e-05 2.50001363e+08 -6.95140614e+02 -2.46077575e+03
1.79292929e-05 -1.43939394e-05 2.50001337e+08 -9.54605840e+02 -2.38111206e+03
1.84343434e-05 -1.43939394e-05 2.50001328e+08 -1.21055733e+03 -2.28009712e+03
1.89393939e-05 -1.43939394e-05 2.50001333e+08 -1.45822956e+03 -2.15815621e+03
1.94444444e-05 -1.43939394e-05 2.50001351e+08 -1.69298440e+03 -2.01647729e+03
1.99494949e-05 -1.43939394e-05 2.50001378e+08 -1.91051182e+03 -1.85696520e+03
2.04545455e-05 -1.43939394e-05 2.50001414e+08 -2.10701134e+03 -1.68215368e+03
2.09595960e-05 -1.43939394e-05 2.50001454e+08 -2.27934164e+03 -1.49508239e+03
2.14646465e-05 -1.43939394e-05 2.50001495e+08 -2.42512910e+03 -1.29914865e+03
2.19696970e-05 -1.43939394e-05 2.50001536e+08 -2.54282937e+03 -1.09794579e+03
2.24747475e-05 -1.43939394e-05 2.50001573e+08 -2.63174128e+03 -8.95100256e+02
2.29797980e-05 -1.43939394e-05 2.50001605e+08 -2.69197542e+03 -6.94118789e+02
2.34848485e-05 -1.43939394e-05 2.50001629e+08 -2.72438419e+03 -4.98255273e+02
2.39898990e-05 -1.43939394e-05 2.50001644e+08 -2.73046171e+03 -3.10403913e+02
2.44949495e-05 -1.43939394e-05 2.50001651e+08 -2.71222374e+03 -1.33022610e+02
2.50000000e-05 -1.43939394e-05 2.50001647e+08 -2.67207768e+03 3.19125707e+01
-2.50000000e-05 -1.38888889e-05 2.50000465e+08 -1.31248110e+02 9.37631001e+02
-2.44949495e-05 -1.38888889e-05 2.50000485e+08 -9.15067269e+01 9.81603784e+02
-2.39898990e-05 -1.38888889e-05 2.50000503e+08 -5.00625023e+01 1.02734357e+03
-2.34848485e-05 -1.38888889e-05 2.50000517e+08 -6.98926225e+00 1.07517130e+03
-2.29797980e-05 -1.38888889e-05 2.50000528e+08 3.76461230e+01 1.12549488e+03
-2.24747475e-05 -1.38888889e-05 2.50000535e+08 8.37955547e+01 1.17882724e+03
-2.19696970e-05 -1.38888889e-05 2.50000537e+08 1.31446469e+02 1.23580711e+03
-2.14646465e-05 -1.38888889e-05 2.50000534e+08 1.80645028e+02 1.29722214e+03
-2.09595960e-05 -1.38888889e-05 2.50000524e+08 2.31527360e+02 1.36403378e+03
-2.04545455e-05 -1.38888889e-05 2.50000506e+08 2.84360470e+02 1.43740266e+03
-1.99494949e-05 -1.38888889e-05 2.50000479e+08 3.39594093e+02 1.51871247e+03
-1.94444444e-05 -1.38888889e-05 2.50000441e+08 3.97924102e+02 1.60958979e+03
-1.89393939e-05 -1.38888889e-05 2.50000390e+08 4.60367041e+02 1.71191691e+03
-1.84343434e-05 -1.38888889e-05 2.50000325e+08 5.28344122e+02 1.82783483e+03
-1.79292929e-05 -1.38888889e-05 2.50000243e+08 6.03772222e+02 1.95973453e+03
-1.74242424e-05 -1.38888889e-05 2.50000140e+08 6.89159512e+02 2.11023622e+03
-1.69191919e-05 -1.38888889e-05 2.50000013e+08 7.87705245e+02 2.28215735e+03
-1.64141414e-05 -1.38888889e-05 2.49999858e+08 9.03407168e+02 2.47847097e+03
-1.59090909e-05 -1.38888889e-05 2.49999672e+08 1.04118537e+03 2.70225270e+03
-1.54040404e-05 -1.38888889e-05 2.49999448e+08 1.20703668e+03 2.95660805e+03
-1.48989899e-05 -1.38888889e-05 2.49999181e+08 1.40823621e+03 3.24455891e+03
-1.43939394e-05 -1.38888889e-05 2.49998866e+08 1.65359946e+03 3.56885013e+03
-1.38888889e-05 -1.38888889e-05 2.49998497e+08 1.95380662e+03 3.93161379e+03
-1.33838384e-05 -1.38888889e-05 2.49998066e+08 2.32176639e+03 4.33379980e+03
-1.28787879e-05 -1.38888889e-05 2.49997570e+08 2.77295525e+03 4.77424722e+03
-1.23737374e-05 -1.38888889e-05 2.49997003e+08 3.32559819e+03 5.24823041e+03
-1.18686869e-05 -1.38888889e-05 2.49996363e+08 4.00044231e+03 5.74527441e+03
-1.13636364e-05 -1.38888889e-05 2.49995654e+08 4.81968957e+03 6.24601388e+03
-1.08585859e-05 -1.38888889e-05 2.49994888e+08 5.80437031e+03 6.71791856e+03
-1.03535354e-05 -1.38888889e-05 2.49994089e+08 6.96904284e+03 7.10993692e+03
-9.84848485e-06 -1.38888889e-05 2.49993297e+08 8.31226231e+03 7.34672156e+03
-9.34343434e-06 -1.38888889e-05 2.49992578e+08 9.80105798e+03 7.32442185e+03
-8.83838384e-06 -1.38888889e-05 2.49992017e+08 1.13484549e+04 6.91239484e+03
-8.33333333e-06 -1.38888889e-05 2.49991717e+08 1.27864103e+04 5.96845437e+03
-7.82828283e-06 -1.38888889e-05 2.49991768e+08 1.38444760e+04 4.37756640e+03
-7.32323232e-06 -1.38888889e-05 2.49992202e+08 1.41573490e+04 2.11974060e+03
-6.81818182e-06 -1.38888889e-05 2.49992931e+08 1.33346426e+04 -6.46300281e+02
-6.31313131e-06 -1.38888889e-05 2.49993718e+08 1.11120864e+04 -3.53280922e+03
-5.80808081e-06 -1.38888889e-05 2.49994230e+08 7.54199596e+03 -5.98026792e+03
-5.30303030e-06 -1.38888889e-05 2.49994190e+08 3.09743847e+03 -7.45385401e+03
-4.79797980e-06 -1.38888889e-05 2.49993549e+08 -1.43692508e+03 -7.68826251e+03
-4.29292929e-06 -1.38888889e-05 2.49992536e+08 -5.26363686e+03 -6.80543395e+03
-3.78787879e-06 -1.38888889e-05 2.49991532e+08 -7.86546625e+03 -5.21801646e+03
-3.28282828e-06 -1.38888889e-05 2.49990887e+08 -9.11288938e+03 -3.41306605e+03
-2.77777778e-06 -1.38888889e-05 2.49990791e+08 -9.18113964e+03 -1.77509180e+03
-2.27272727e-06 -1.38888889e-05 2.49991269e+08 -8.39352080e+03 -5.20742967e+02
-1.76767677e-06 -1.38888889e-05 2.49992229e+08 -7.09186224e+03 2.81700329e+02
-1.26262626e-06 -1.38888889e-05 2.49993528e+08 -5.56548313e+03 6.61977279e+02
-7.57575758e-07 -1.38888889e-05 2.49995011e+08 -4.02661780e+03 7.00471453e+02
-2.52525253e-07 -1.38888889e-05 2.49996546e+08 -2.61175313e+03 4.94414203e+02
2.52525253e-07 -1.38888889e-05 2.49998028e+08 -1.39432789e+03 1.37093937e+02
7.57575758e-07 -1.38888889e-05 2.49999387e+08 -4.00878605e+02 -2.93159649e+02
1.26262626e-06 -1.38888889e-05 2.50000580e+08 3.73361071e+02 -7.37201992e+02
1.76767677e-06 -1.38888889e-05 2.50001590e+08 9.51359729e+02 -1.15490103e+03
2.27272727e-06 -1.38888889e-05 2.50002417e+08 1.36443389e+03 -1.52247942e+03
2.77777778e-06 -1.38888889e-05 2.50003072e+08 1.64559566e+03 -1.82883136e+03
3.28282828e-06 -1.38888889e-05 2.50003573e+08 1.82559181e+03 -2.07179974e+03
3.78787879e-06 -1.38888889e-05 2.50003940e+08 1.93094143e+03 -2.25496276e+03
4.29292929e-06 -1.38888889e-05 2.50004195e+08 1.98329937e+03 -2.38514208e+03
4.79797980e-06 -1.38888889e-05 2.50004356e+08 1.99959947e+03 -2.47063075e+03
5.30303030e-06 -1.38888889e-05 2.50004442e+08 1.99258718e+03 -2.52003082e+03
5.80808081e-06 -1.38888889e-05 2.50004467e+08 1.97149176e+03 -2.54155546e+03
6.31313131e-06 -1.38888889e-05 2.50004444e+08 1.94269505e+03 -2.54265750e+03
6.81818182e-06 -1.38888889e-05 2.50004382e+08 1.91032668e+03 -2.52987034e+03
7.32323232e-06 -1.38888889e-05 2.50004290e+08 1.87676041e+03 -2.50877629e+03
7.82828283e-06 -1.38888889e-05 2.50004174e+08 1.84301154e+03 -2.48404297e+03
8.33333333e-06 -1.38888889e-05 2.50004040e+08 1.80904732e+03 -2.45948880e+03
8.83838384e-06 -1.38888889e-05 2.50003891e+08 1.77402763e+03 -2.43815390e+03
9.34343434e-06 -1.38888889e-05 2.50003729e+08 1.73649313e+03 -2.42236316e+03
9.84848485e-06 -1.38888889e-05 2.50003559e+08 1.69451737e+03 -2.41377544e+03
1.03535354e-05 -1.38888889e-05 2.50003382e+08 1.64583663e+03 -2.41341783e+03
1.08585859e-05 -1.38888889e-05 2.50003201e+08 1.58796885e+03 -2.42170693e+03
1.13636364e-05 -1.38888889e-05 2.50003016e+08 1.51833025e+03 -2.43846150e+03
1.18686869e-05 -1.38888889e-05 2.50002831e+08 1.43435566e+03 -2.46291218e+03
1.23737374e-05 -1.38888889e-05 2.50002648e+08 1.33362558e+03 -2.49371489e+03
1.28787879e-05 -1.38888889e-05 2.50002468e+08 1.21400025e+03 -2.52897482e+03
1.33838384e-05 -1.38888889e-05 2.50002294e+08 1.07375823e+03 -2.56628779e+03
1.38888889e-05 -1.38888889e-05 2.50002129e+08 9.11734067e+02 -2.60280445e+03
1.43939394e-05 -1.38888889e-05 2.50001975e+08 7.27447135e+02 -2.63532155e+03
1.48989899e-05 -1.38888889e-05 2.50001834e+08 5.21212128e+02 -2.66040166e+03
1.54040404e-05 -1.38888889e-05 2.50001710e+08 2.94220360e+02 -2.67451995e+03
1.59090909e-05 -1.38888889e-05 2.50001603e+08 4.85814386e+01 -2.67423284e+03
1.64141414e-05 -1.38888889e-05 2.50001515e+08 -2.12683609e+02 -2.65636029e+03
1.69191919e-05 -1.38888889e-05 2.50001447e+08 -4.85703699e+02 -2.61816995e+03
1.74242424e-05 -1.38888889e-05 2.50001399e+08 -7.65875217e+02 -2.55754965e+03
1.79292929e-05 -1.38888889e-05 2.50001371e+08 -1.04803228e+03 -2.47315381e+03
1.84343434e-05 -1.38888889e-05 2.50001362e+08 -1.32666095e+03 -2.36451025e+03
1.89393939e-05 -1.38888889e-05 2.50001370e+08 -1.59614374e+03 -2.23207673e+03
1.94444444e-05 -1.38888889e-05 2.50001392e+08 -1.85101703e+03 -2.07724047e+03
1.99494949e-05 -1.38888889e-05 2.50001425e+08 -2.08622218e+03 -1.90225957e+03
2.04545455e-05 -1.38888889e-05 2.50001466e+08 -2.29733132e+03 -1.71015026e+03
2.09595960e-05 -1.38888889e-05 2.50001512e+08 -2.48073139e+03 -1.50452965e+03
2.14646465e-05 -1.38888889e-05 2.50001560e+08 -2.63375398e+03 -1.28942728e+03
2.19696970e-05 -1.38888889e-05 2.50001605e+08 -2.75474443e+03 -1.06908110e+03
2.24747475e-05 -1.38888889e-05 2.50001646e+08 -2.84306906e+03 -8.47734390e+02
2.29797980e-05 -1.38888889e-05 2.50001681e+08 -2.89906544e+03 -6.29448159e+02
2.34848485e-05 -1.38888889e-05 2.50001706e+08 -2.92394463e+03 -4.17941149e+02
2.39898990e-05 -1.38888889e-05 2.50001721e+08 -2.91965775e+03 -2.16465594e+02
2.44949495e-05 -1.38888889e-05 2.50001725e+08 -2.88874035e+03 -2.77227666e+01
2.50000000e-05 -1.38888889e-05 2.50001718e+08 -2.83414784e+03 1.46181584e+02
-2.50000000e-05 -1.33838384e-05 2.50000552e+08 -1.72882875e+02 8.81884312e+02
-2.44949495e-05 -1.33838384e-05 2.50000580e+08 -1.34577939e+02 9.22507999e+02
-2.39898990e-05 -1.33838384e-05 2.50000606e+08 -9.48317828e+01 9.64472437e+02
-2.34848485e-05 -1.33838384e-05 2.50000629e+08 -5.37969445e+01 1.00805253e+03
-2.29797980e-05 -1.33838384e-05 2.50000650e+08 -1.16368061e+01 1.05361016e+03
-2.24747475e-05 -1.33838384e-05 2.50000667e+08 3.14830073e+01 1.10161474e+03
-2.19696970e-05 -1.33838384e-05 2.50000681e+08 7.54080695e+01 1.15266767e+03
-2.14646465e-05 -1.33838384e-05 2.50000689e+08 1.20015276e+02 1.20753098e+03
-2.09595960e-05 -1.33838384e-05 2.50000692e+08 1.65241834e+02 1.26715958e+03
-2.04545455e-05 -1.33838384e-05 2.50000688e+08 2.11125483e+02 1.33273635e+03
-1.99494949e-05 -1.33838384e-05 2.50000676e+08 2.57858076e+02 1.40570779e+03
-1.94444444e-05 -1.33838384e-05 2.50000654e+08 3.05853864e+02 1.48781734e+03
-1.89393939e-05 -1.33838384e-05 2.50000621e+08 3.55832293e+02 1.58113259e+03
-1.84343434e-05 -1.33838384e-05 2.50000574e+08 4.08913068e+02 1.68806253e+03
-1.79292929e-05 -1.33838384e-05 2.50000512e+08 4.66719261e+02 1.81136275e+03
-1.74242424e-05 -1.33838384e-05 2.50000429e+08 5.31483552e+02 1.95412907e+03
-1.69191919e-05 -1.33838384e-05 2.50000324e+08 6.06154758e+02 2.11978432e+03
-1.64141414e-05 -1.33838384e-05 2.50000191e+08 6.94507761e+02 2.31206605e+03
-1.59090909e-05 -1.33838384e-05 2.50000025e+08 8.01269645e+02 2.53502242e+03
-1.54040404e-05 -1.33838384e-05 2.49999821e+08 9.32286131e+02 2.79301768e+03
-1.48989899e-05 -1.33838384e-05 2.49999571e+08 1.09476165e+03 3.09073385e+03
-1.43939394e-05 -1.33838384e-05 2.49999269e+08 1.29760964e+03 3.43313410e+03
-1.38888889e-05 -1.33838384e-05 2.49998906e+08 1.55194409e+03 3.82532411e+03
-1.33838384e-05 -1.33838384e-05 2.49998472e+08 1.87172664e+03 4.27221151e+03
-1.28787879e-05 -1.33838384e-05 2.49997958e+08 2.27455271e+03 4.77781556e+03
-1.23737374e-05 -1.33838384e-05 2.49997351e+08 2.78250391e+03 5.34401188e+03
-1.18686869e-05 -1.33838384e-05 2.49996644e+08 3.42289023e+03 5.96840340e+03
-1.13636364e-05 -1.33838384e-05 2.49995829e+08 4.22851051e+03 6.64088556e+03
-1.08585859e-05 -1.33838384e-05 2.49994905e+08 5.23670010e+03 7.33834773e+03
-1.03535354e-05 -1.33838384e-05 2.49993885e+08 6.48580744e+03 8.01691179e+03
-9.84848485e-06 -1.33838384e-05 2.49992800e+08 8.00673794e+03 8.60139961e+03
-9.34343434e-06 -1.33838384e-05 2.49991713e+08 9.80586207e+03 8.97290060e+03
-8.83838384e-06 -1.33838384e-05 2.49990729e+08 1.18345181e+04 8.95841902e+03
-8.33333333e-06 -1.33838384e-05 2.49989998e+08 1.39417467e+04 8.33298411e+03
-7.82828283e-06 -1.33838384e-05 2.49989694e+08 1.58159888e+04 6.85433007e+03
-7.32323232e-06 -1.33838384e-05 2.49989954e+08 1.69459424e+04 4.35670325e+03
-6.81818182e-06 -1.33838384e-05 2.49990760e+08 1.66701451e+04 9.12109262e+02
-6.31313131e-06 -1.33838384e-05 2.49991831e+08 1.44014022e+04 -3.00573398e+03
-5.80808081e-06 -1.33838384e-05 2.49992642e+08 1.00160132e+04 -6.52619976e+03
-5.30303030e-06 -1.33838384e-05 2.49992687e+08 4.16131698e+03 -8.71080689e+03
-4.79797980e-06 -1.33838384e-05 2.49991852e+08 -1.88369152e+03 -9.07018989e+03
-4.29292929e-06 -1.33838384e-05 2.49990530e+08 -6.81518091e+03 -7.82998132e+03
-3.78787879e-06 -1.33838384e-05 2.49989353e+08 -9.89110054e+03 -5.70446165e+03
-3.28282828e-06 -1.33838384e-05 2.49988808e+08 -1.10631782e+04 -3.44606174e+03
-2.77777778e-06 -1.33838384e-05 2.49989077e+08 -1.07279670e+04 -1.55606457e+03
-2.27272727e-06 -1.33838384e-05 2.49990084e+08 -9.41783885e+03 -2.46863452e+02
-1.76767677e-06 -1.33838384e-05 2.49991628e+08 -7.61276306e+03 4.70095439e+02
-1.26262626e-06 -1.33838384e-05 2.49993479e+08 -5.67286215e+03 6.87654496e+02
-7.57575758e-07 -1.33838384e-05 2.49995436e+08 -3.83510526e+03 5.37292617e+02
-2.52525253e-07 -1.33838384e-05 2.49997341e+08 -2.23336613e+03 1.51798901e+02
2.52525253e-07 -1.33838384e-05 2.49999088e+08 -9.24016583e+02 -3.54110358e+02
7.57575758e-07 -1.33838384e-05 2.50000612e+08 8.93324953e+01 -8.92171346e+02
1.26262626e-06 -1.33838384e-05 2.50001888e+08 8.34602010e+02 -1.40182572e+03
1.76767677e-06 -1.33838384e-05 2.50002915e+08 1.35483926e+03 -1.84706506e+03
2.27272727e-06 -1.33838384e-05 2.50003711e+08 1.69691638e+03 -2.21113007e+03
2.77777778e-06 -1.33838384e-05 2.50004302e+08 1.90474719e+03 -2.49080152e+03
3.28282828e-06 -1.33838384e-05 2.50004719e+08 2.01595268e+03 -2.69135903e+03
3.78787879e-06 -1.33838384e-05 2.50004994e+08 2.06082520e+03 -2.82267620e+03
4.29292929e-06 -1.33838384e-05 2.50005154e+08 2.06262045e+03 -2.89649690e+03
4.79797980e-06 -1.33838384e-05 2.50005223e+08 2.03848139e+03 -2.92471496e+03
5.30303030e-06 -1.33838384e-05 2.50005222e+08 2.00055728e+03 -2.91840527e+03
5.80808081e-06 -1.33838384e-05 2.50005167e+08 1.95707941e+03 -2.88736624e+03
6.31313131e-06 -1.33838384e-05 2.50005071e+08 1.91328584e+03 -2.83998033e+03
6.81818182e-06 -1.33838384e-05 2.50004945e+08 1.87216461e+03 -2.78325317e+03
7.32323232e-06 -1.33838384e-05 2.50004796e+08 1.83502478e+03 -2.72293844e+03
7.82828283e-06 -1.33838384e-05 2.50004630e+08 1.80192157e+03 -2.66369038e+03
8.33333333e-06 -1.33838384e-05 2.50004451e+08 1.77196701e+03 -2.60921087e+03
8.83838384e-06 -1.33838384e-05 2.50004262e+08 1.74355570e+03 -2.56237391e+03
9.34343434e-06 -1.33838384e-05 2.50004065e+08 1.71453190e+03 -2.52532046e+03
9.84848485e-06 -1.33838384e-05 2.50003863e+08 1.68231941e+03 -2.49952283e+03
1.03535354e-05 -1.33838384e-05 2.50003657e+08 1.64403172e+03 -2.48582182e+03
1.08585859e-05 -1.33838384e-05 2.50003449e+08 1.59657610e+03 -2.48444197e+03
1.13636364e-05 -1.33838384e-05 2.50003239e+08 1.53676185e+03 -2.49499200e+03
1.18686869e-05 -1.33838384e-05 2.50003030e+08 1.46141965e+03 -2.51645879e+03
1.23737374e-05 -1.33838384e-05 2.50002823e+08 1.36753576e+03 -2.54720392e+03
1.28787879e-05 -1.33838384e-05 2.50002622e+08 1.25240138e+03 -2.58497208e+03
1.33838384e-05 -1.33838384e-05 2.50002427e+08 1.11377396e+03 -2.62692057e+03
1.38888889e-05 -1.33838384e-05 2.50002242e+08 9.50043593e+02 -2.66967790e+03
1.43939394e-05 -1.33838384e-05 2.50002069e+08 7.60394522e+02 -2.70943762e+03
1.48989899e-05 -1.33838384e-05 2.50001912e+08 5.44948738e+02 -2.74209045e+03
1.54040404e-05 -1.33838384e-05 2.50001772e+08 3.04877280e+02 -2.76339378e+03
1.59090909e-05 -1.33838384e-05 2.50001653e+08 4.24645128e+01 -2.76917298e+03
1.64141414e-05 -1.33838384e-05 2.50001555e+08 -2.38887532e+02 -2.75554423e+03
1.69191919e-05 -1.33838384e-05 2.50001480e+08 -5.34723940e+02 -2.71914392e+03
1.74242424e-05 -1.33838384e-05 2.50001428e+08 -8.39674424e+02 -2.65734677e+03
1.79292929e-05 -1.33838384e-05 2.50001399e+08 -1.14766021e+03 -2.56845308e+03
1.84343434e-05 -1.33838384e-05 2.50001391e+08 -1.45215952e+03 -2.45182682e+03
1.89393939e-05 -1.33838384e-05 2.50001403e+08 -1.74651387e+03 -2.30796952e+03
1.94444444e-05 -1.33838384e-05 2.50001430e+08 -2.02425226e+03 -2.13852060e+03
1.99494949e-05 -1.33838384e-05 2.50001470e+08 -2.27940740e+03 -1.94618218e+03
2.04545455e-05 -1.33838384e-05 2.50001519e+08 -2.50679857e+03 -1.73457385e+03
2.09595960e-05 -1.33838384e-05 2.50001572e+08 -2.70225891e+03 -1.50803042e+03
2.14646465e-05 -1.33838384e-05 2.50001627e+08 -2.86279128e+03 -1.27136075e+03
2.19696970e-05 -1.33838384e-05 2.50001678e+08 -2.98664426e+03 -1.02958908e+03
2.24747475e-05 -1.33838384e-05 2.50001724e+08 -3.07330809e+03 -7.87700656e+02
2.29797980e-05 -1.33838384e-05 2.50001761e+08 -3.12343811e+03 -5.50410830e+02
2.34848485e-05 -1.33838384e-05 2.50001787e+08 -3.13871887e+03 -3.21973110e+02
2.39898990e-05 -1.33838384e-05 2.50001801e+08 -3.12168609e+03 -1.06035662e+02
2.44949495e-05 -1.33838384e-05 2.50001802e+08 -3.07552466e+03 9.44496714e+01
2.50000000e-05 -1.33838384e-05 2.50001791e+08 -3.00386042e+03 2.77267157e+02
-2.50000000e-05 -1.28787879e-05 2.50000641e+08 -2.11184478e+02 8.23239375e+02
-2.44949495e-05 -1.28787879e-05 2.50000677e+08 -1.73873449e+02 8.60126655e+02
-2.39898990e-05 -1.28787879e-05 2.50000711e+08 -1.35328290e+02 8.97843730e+02
-2.34848485e-05 -1.28787879e-05 2.50000745e+08 -9.57771702e+01 9.36599325e+02
-2.29797980e-05 -1.28787879e-05 2.50000776e+08 -5.54783788e+01 9.76684204e+02
-2.24747475e-05 -1.28787879e-05 2.50000805e+08 -1.47160175e+01 1.01849315e+03
-2.19696970e-05 -1.28787879e-05 2.50000830e+08 2.62086021e+01 1.06255215e+03
-2.14646465e-05 -1.28787879e-05 2.50000852e+08 6.69920251e+01 1.10955151e+03
-2.09595960e-05 -1.28787879e-05 2.50000869e+08 1.07352996e+02 1.16038512e+03
-2.04545455e-05 -1.28787879e-05 2.50000881e+08 1.47069413e+02 1.21619518e+03
-1.99494949e-05 -1.28787879e-05 2.50000886e+08 1.86031304e+02 1.27842061e+03
-1.94444444e-05 -1.28787879e-05 2.50000883e+08 2.24312463e+02 1.34884536e+03
-1.89393939e-05 -1.28787879e-05 2.50000870e+08 2.62261347e+02 1.42964152e+03
-1.84343434e-05 -1.28787879e-05 2.50000846e+08 3.00608425e+02 1.52340153e+03
-1.79292929e-05 -1.28787879e-05 2.50000808e+08 3.40583116e+02 1.63315521e+03
-1.74242424e-05 -1.28787879e-05 2.50000752e+08 3.84030434e+02 1.76237222e+03
-1.69191919e-05 -1.28787879e-05 2.50000674e+08 4.33518455e+02 1.91495815e+03
-1.64141414e-05 -1.28787879e-05 2.50000571e+08 4.92435377e+02 2.09526064e+03
-1.59090909e-05 -1.28787879e-05 2.50000437e+08 5.65090167e+02 2.30810672e+03
-1.54040404e-05 -1.28787879e-05 2.50000265e+08 6.56850748e+02 2.55888835e+03
-1.48989899e-05 -1.28787879e-05 2.50000048e+08 7.74372417e+02 2.85369814e+03
-1.43939394e-05 -1.28787879e-05 2.49999777e+08 9.25980312e+02 3.19949192e+03
-1.38888889e-05 -1.28787879e-05 2.49999441e+08 1.12227059e+03 3.60422280e+03
-1.33838384e-05 -1.28787879e-05 2.49999029e+08 1.37698719e+03 4.07685377e+03
-1.28787879e-05 -1.28787879e-05 2.49998525e+08 1.70821716e+03 4.62710639e+03
-1.23737374e-05 -1.28787879e-05 2.49997913e+08 2.13992349e+03 5.26472581e+03
-1.18686869e-05 -1.28787879e-05 2.49997173e+08 2.70378019e+03 5.99791189e+03
-1.13636364e-05 -1.28787879e-05 2.49996287e+08 3.44114141e+03 6.83035127e+03
-1.08585859e-05 -1.28787879e-05 2.49995234e+08 4.40466631e+03 7.75595167e+03
-1.03535354e-05 -1.28787879e-05 2.49994007e+08 5.65844197e+03 8.74992390e+03
-9.84848485e-06 -1.28787879e-05 2.49992610e+08 7.27405847e+03 9.75439662e+03
-9.34343434e-06 -1.28787879e-05 2.49991086e+08 9.31748751e+03 1.06567956e+04
-8.83838384e-06 -1.28787879e-05 2.49989532e+08 1.18174100e+04 1.12612907e+04
-8.33333333e-06 -1.28787879e-05 2.49988130e+08 1.47009301e+04 1.12612864e+04
-7.82828283e-06 -1.28787879e-05 2.49987158e+08 1.76841847e+04 1.02401805e+04
-7.32323232e-06 -1.28787879e-05 2.49986935e+08 2.01335431e+04 7.76074875e+03
-6.81818182e-06 -1.28787879e-05 2.49987644e+08 2.10012067e+04 3.62293051e+03
-6.31313131e-06 -1.28787879e-05 2.49989048e+08 1.90726409e+04 -1.72458951e+03
-5.80808081e-06 -1.28787879e-05 2.49990336e+08 1.37198491e+04 -6.94451242e+03
-5.30303030e-06 -1.28787879e-05 2.49990545e+08 5.77371024e+03 -1.03035873e+04
-4.79797980e-06 -1.28787879e-05 2.49989406e+08 -2.54844256e+03 -1.08377861e+04
-4.29292929e-06 -1.28787879e-05 2.49987660e+08 -8.98781696e+03 -9.01507509e+03
-3.78787879e-06 -1.28787879e-05 2.49986387e+08 -1.25136642e+04 -6.14418592e+03
-3.28282828e-06 -1.28787879e-05 2.49986223e+08 -1.33698179e+04 -3.38056839e+03
-2.77777778e-06 -1.28787879e-05 2.49987211e+08 -1.23767268e+04 -1.30792860e+03
-2.27272727e-06 -1.28787879e-05 2.49989063e+08 -1.03633201e+04 -5.47980814e+01
-1.76767677e-06 -1.28787879e-05 2.49991416e+08 -7.95622152e+03 4.75900471e+02
-1.26262626e-06 -1.28787879e-05 2.49993954e+08 -5.56802735e+03 4.59160585e+02
-7.57575758e-07 -1.28787879e-05 2.49996442e+08 -3.43986492e+03 7.96908515e+01
-2.52525253e-07 -1.28787879e-05 2.49998719e+08 -1.68586281e+03 -4.97894423e+02
2.52525253e-07 -1.28787879e-05 2.50000692e+08 -3.31700097e+02 -1.14292986e+03
7.57575758e-07 -1.28787879e-05 2.50002321e+08 6.52242682e+02 -1.76334149e+03
1.26262626e-06 -1.28787879e-05 2.50003606e+08 1.32394568e+03 -2.30331614e+03
1.76767677e-06 -1.28787879e-05 2.50004576e+08 1.75023868e+03 -2.73648267e+03
2.27272727e-06 -1.28787879e-05 2.50005270e+08 1.99468930e+03 -3.05742880e+03
2.77777778e-06 -1.28787879e-05 2.50005735e+08 2.11154931e+03 -3.27375495e+03
3.28282828e-06 -1.28787879e-05 2.50006017e+08 2.14385818e+03 -3.39981374e+03
3.78787879e-06 -1.28787879e-05 2.50006156e+08 2.12393996e+03 -3.45239231e+03
4.29292929e-06 -1.28787879e-05 2.50006187e+08 2.07499538e+03 -3.44808267e+03
4.79797980e-06 -1.28787879e-05 2.50006137e+08 2.01298607e+03 -3.40190177e+03
5.30303030e-06 -1.28787879e-05 2.50006030e+08 1.94839229e+03 -3.32673350e+03
5.80808081e-06 -1.28787879e-05 2.50005880e+08 1.88767375e+03 -3.23325534e+03
6.31313131e-06 -1.28787879e-05 2.50005703e+08 1.83440084e+03 -3.13011528e+03
6.81818182e-06 -1.28787879e-05 2.50005505e+08 1.79008899e+03 -3.02421126e+03
7.32323232e-06 -1.28787879e-05 2.50005295e+08 1.75479162e+03 -2.92098732e+03
7.82828283e-06 -1.28787879e-05 2.50005076e+08 1.72750938e+03 -2.82470160e+03
8.33333333e-06 -1.28787879e-05 2.50004851e+08 1.70646655e+03 -2.73864632e+03
8.83838384e-06 -1.28787879e-05 2.50004622e+08 1.68929611e+03 -2.66531377e+03
9.34343434e-06 -1.28787879e-05 2.50004391e+08 1.67316639e+03 -2.60651011e+03
9.84848485e-06 -1.28787879e-05 2.50004158e+08 1.65487465e+03 -2.56342262e+03
1.03535354e-05 -1.28787879e-05 2.50003924e+08 1.63092735e+03 -2.53664808e+03
1.08585859e-05 -1.28787879e-05 2.50003690e+08 1.59762221e+03 -2.52619119e+03
1.13636364e-05 -1.28787879e-05 2.50003456e+08 1.55114344e+03 -2.53144251e+03
1.18686869e-05 -1.28787879e-05 2.50003223e+08 1.48767802e+03 -2.55114695e+03
1.23737374e-05 -1.28787879e-05 2.50002994e+08 1.40355732e+03 -2.58337389e+03
1.28787879e-05 -1.28787879e-05 2.50002771e+08 1.29542467e+03 -2.62550121e+03
1.33838384e-05 -1.28787879e-05 2.50002555e+08 1.16042500e+03 -2.67422512e+03
1.38888889e-05 -1.28787879e-05 2.50002350e+08 9.96408343e+02 -2.72560687e+03
1.43939394e-05 -1.28787879e-05 2.50002158e+08 8.02134293e+02 -2.77516533e+03
1.48989899e-05 -1.28787879e-05 2.50001984e+08 5.77460777e+02 -2.81802075e+03
1.54040404e-05 -1.28787879e-05 2.50001829e+08 3.23497474e+02 -2.84908995e+03
1.59090909e-05 -1.28787879e-05 2.50001696e+08 4.27036631e+01 -2.86332719e+03
1.64141414e-05 -1.28787879e-05 2.50001588e+08 -2.61088152e+02 -2.85599795e+03
1.69191919e-05 -1.28787879e-05 2.50001506e+08 -5.82736815e+02 -2.82296690e+03
1.74242424e-05 -1.28787879e-05 2.50001450e+08 -9.15951982e+02 -2.76097599e+03
1.79292929e-05 -1.28787879e-05 2.50001420e+08 -1.25354565e+03 -2.66788655e+03
1.84343434e-05 -1.28787879e-05 2.50001415e+08 -1.58776256e+03 -2.54285984e+03
1.89393939e-05 -1.28787879e-05 2.50001431e+08 -1.91066632e+03 -2.38645510e+03
1.94444444e-05 -1.28787879e-05 2.50001466e+08 -2.21455053e+03 -2.20063181e+03
1.99494949e-05 -1.28787879e-05 2.50001514e+08 -2.49233998e+03 -1.98865286e+03
2.04545455e-05 -1.28787879e-05 2.50001572e+08 -2.73794730e+03 -1.75489639e+03
2.09595960e-05 -1.28787879e-05 2.50001635e+08 -2.94655551e+03 -1.50459375e+03
2.14646465e-05 -1.28787879e-05 2.50001697e+08 -3.11480512e+03 -1.24351896e+03
2.19696970e-05 -1.28787879e-05 2.50001756e+08 -3.24087569e+03 -9.77658761e+02
2.24747475e-05 -1.28787879e-05 2.50001807e+08 -3.32446317e+03 -7.12892513e+02
2.29797980e-05 -1.28787879e-05 2.50001846e+08 -3.36666449e+03 -4.54707582e+02
2.34848485e-05 -1.28787879e-05 2.50001873e+08 -3.36978904e+03 -2.07969392e+02
2.39898990e-05 -1.28787879e-05 2.50001886e+08 -3.33712082e+03 2.32425091e+01
2.44949495e-05 -1.28787879e-05 2.50001883e+08 -3.27265625e+03 2.35729063e+02
2.50000000e-05 -1.28787879e-05 2.50001865e+08 -3.18084071e+03 4.27200716e+02
-2.50000000e-05 -1.23737374e-05 2.50000730e+08 -2.45846033e+02 7.62439825e+02
-2.44949495e-05 -1.23737374e-05 2.50000774e+08 -2.09016273e+02 7.95299546e+02
-2.39898990e-05 -1.23737374e-05 2.50000819e+08 -1.71087546e+02 8.28406692e+02
-2.34848485e-05 -1.23737374e-05 2.50000862e+08 -1.32355996e+02 8.61885028e+02
-2.29797980e-05 -1.23737374e-05 2.50000904e+08 -9.31674522e+01 8.95930113e+02
-2.24747475e-05 -1.23737374e-05 2.50000945e+08 -5.39183654e+01 9.30831236e+02
-2.19696970e-05 -1.23737374e-05 2.50000984e+08 -1.50535611e+01 9.66999697e+02
-2.14646465e-05 -1.23737374e-05 2.50001020e+08 2.29415651e+01 1.00500484e+03
-2.09595960e-05 -1.23737374e-05 2.50001053e+08 5.95578223e+01 1.04561896e+03
-2.04545455e-05 -1.23737374e-05 2.50001082e+08 9.42924885e+01 1.08987135e+03
-1.99494949e-05 -1.23737374e-05 2.50001106e+08 1.26698320e+02 1.13910997e+03
-1.94444444e-05 -1.23737374e-05 2.50001124e+08 1.56456248e+02 1.19506683e+03
-1.89393939e-05 -1.23737374e-05 2.50001134e+08 1.83474375e+02 1.25991978e+03
-1.84343434e-05 -1.23737374e-05 2.50001136e+08 2.08010837e+02 1.33634148e+03
-1.79292929e-05 -1.23737374e-05 2.50001126e+08 2.30810503e+02 1.42752659e+03
-1.74242424e-05 -1.23737374e-05 2.50001102e+08 2.53237740e+02 1.53719455e+03
-1.69191919e-05 -1.23737374e-05 2.50001060e+08 2.77384484e+02 1.66957799e+03
-1.64141414e-05 -1.23737374e-05 2.50000996e+08 3.06140779e+02 1.82942366e+03
-1.59090909e-05 -1.23737374e-05 2.50000903e+08 3.43237242e+02 2.02204657e+03
-1.54040404e-05 -1.23737374e-05 2.50000777e+08 3.93302097e+02 2.25347901e+03
-1.48989899e-05 -1.23737374e-05 2.50000608e+08 4.62008286e+02 2.53073922e+03
-1.43939394e-05 -1.23737374e-05 2.50000388e+08 5.56406341e+02 2.86221284e+03
-1.38888889e-05 -1.23737374e-05 2.50000105e+08 6.85541919e+02 3.25810513e+03
-1.33838384e-05 -1.23737374e-05 2.49999745e+08 8.61451801e+02 3.73089024e+03
-1.28787879e-05 -1.23737374e-05 2.49999289e+08 1.10063366e+03 4.29565093e+03
-1.23737374e-05 -1.23737374e-05 2.49998717e+08 1.42610226e+03 4.97014460e+03
-1.18686869e-05 -1.23737374e-05 2.49997999e+08 1.87017090e+03 5.77431102e+03
-1.13636364e-05 -1.23737374e-05 2.49997102e+08 2.47810012e+03 6.72869467e+03
-1.08585859e-05 -1.23737374e-05 2.49995988e+08 3.31265509e+03 7.85079624e+03
-1.03535354e-05 -1.23737374e-05 2.49994615e+08 4.45921536e+03 9.14754262e+03
-9.84848485e-06 -1.23737374e-05 2.49992948e+08 6.02992204e+03 1.06006761e+04
-9.34343434e-06 -1.23737374e-05 2.49990975e+08 8.16238877e+03 1.21398301e+04
-8.83838384e-06 -1.23737374e-05 2.49988739e+08 1.10016707e+04 1.35961418e+04
-8.33333333e-06 -1.23737374e-05 2.49986397e+08 1.46404037e+04 1.46314225e+04
-7.82828283e-06 -1.23737374e-05 2.49984289e+08 1.89711509e+04 1.46572045e+04
-7.32323232e-06 -1.23737374e-05 2.49982981e+08 2.33991253e+04 1.28237932e+04
-6.81818182e-06 -1.23737374e-05 2.49983095e+08 2.64672213e+04 8.29382678e+03
-6.31313131e-06 -1.23737374e-05 2.49984745e+08 2.58333750e+04 1.07017130e+03
-5.80808081e-06 -1.23737374e-05 2.49986805e+08 1.95103254e+04 -6.94850677e+03
-5.30303030e-06 -1.23737374e-05 2.49987337e+08 8.29674656e+03 -1.23729306e+04
-4.79797980e-06 -1.23737374e-05 2.49985679e+08 -3.64366386e+03 -1.31233866e+04
-4.29292929e-06 -1.23737374e-05 2.49983385e+08 -1.21020310e+04 -1.03070193e+04
-3.78787879e-06 -1.23737374e-05 2.49982352e+08 -1.58397514e+04 -6.46439466e+03
-3.28282828e-06 -1.23737374e-05 2.49983194e+08 -1.59480475e+04 -3.26942158e+03
-2.77777778e-06 -1.23737374e-05 2.49985495e+08 -1.39824609e+04 -1.20275995e+03
-2.27272727e-06 -1.23737374e-05 2.49988601e+08 -1.11057750e+04 -1.67010573e+02
-1.76767677e-06 -1.23737374e-05 2.49991983e+08 -8.04112413e+03 8.09828845e+01
-1.26262626e-06 -1.23737374e-05 2.49995290e+08 -5.20987872e+03 -2.11835434e+02
-7.57575758e-07 -1.23737374e-05 2.49998299e+08 -2.83189716e+03 -8.23725618e+02
-2.52525253e-07 -1.23737374e-05 2.50000881e+08 -9.85010337e+02 -1.56944010e+03
2.52525253e-07 -1.23737374e-05 2.50002982e+08 3.49043415e+02 -2.31038360e+03
7.57575758e-07 -1.23737374e-05 2.50004602e+08 1.24339612e+03 -2.95806472e+03
1.26262626e-06 -1.23737374e-05 2.50005785e+08 1.79246246e+03 -3.46852425e+03
1.76767677e-06 -1.23737374e-05 2.50006591e+08 2.08929766e+03 -3.83103311e+03
2.27272727e-06 -1.23737374e-05 2.50007092e+08 2.21365117e+03 -4.05572693e+03
2.77777778e-06 -1.23737374e-05 2.50007356e+08 2.22794609e+03 -4.16330304e+03
3.28282828e-06 -1.23737374e-05 2.50007441e+08 2.17791494e+03 -4.17787666e+03
3.78787879e-06 -1.23737374e-05 2.50007398e+08 2.09532111e+03 -4.12276360e+03
4.29292929e-06 -1.23737374e-05 2.50007265e+08 2.00117823e+03 -4.01842778e+03
4.79797980e-06 -1.23737374e-05 2.50007072e+08 1.90867754e+03 -3.88180370e+03
5.30303030e-06 -1.23737374e-05 2.50006840e+08 1.82553736e+03 -3.72637851e+03
5.80808081e-06 -1.23737374e-05 2.50006584e+08 1.75575120e+03 -3.56262569e+03
6.31313131e-06 -1.23737374e-05 2.50006317e+08 1.70082167e+03 -3.39854886e+03
6.81818182e-06 -1.23737374e-05 2.50006044e+08 1.66059551e+03 -3.24020910e+03
7.32323232e-06 -1.23737374e-05 2.50005771e+08 1.63380785e+03 -3.09217805e+03
7.82828283e-06 -1.23737374e-05 2.50005499e+08 1.61842350e+03 -2.95789827e+03
8.33333333e-06 -1.23737374e-05 2.50005229e+08 1.61184223e+03 -2.83995116e+03
8.83838384e-06 -1.23737374e-05 2.50004963e+08 1.61101759e+03 -2.74024147e+03
9.34343434e-06 -1.23737374e-05 2.50004699e+08 1.61252545e+03 -2.66011023e+03
9.84848485e-06 -1.23737374e-05 2.50004438e+08 1.61260890e+03 -2.60038799e+03
1.03535354e-05 -1.23737374e-05 2.50004178e+08 1.60721995e+03 -2.56140024e+03
1.08585859e-05 -1.23737374e-05 2.50003920e+08 1.59207334e+03 -2.54293625e+03
1.13636364e-05 -1.23737374e-05 2.50003664e+08 1.56272486e+03 -2.54419318e+03
1.18686869e-05 -1.23737374e-05 2.50003410e+08 1.51468262e+03 -2.56370775e+03
1.23737374e-05 -1.23737374e-05 2.50003160e+08 1.44355687e+03 -2.59928919e+03
1.28787879e-05 -1.23737374e-05 2.50002915e+08 1.34524922e+03 -2.64796818e+03
1.33838384e-05 -1.23737374e-05 2.50002678e+08 1.21617760e+03 -2.70597713e+03
1.38888889e-05 -1.23737374e-05 2.50002453e+08 1.05352703e+03 -2.76877679e+03
1.43939394e-05 -1.23737374e-05 2.50002242e+08 8.55510695e+02 -2.83114193e+03
1.48989899e-05 -1.23737374e-05 2.50002049e+08 6.21619504e+02 -2.88731490e+03
1.54040404e-05 -1.23737374e-05 2.50001878e+08 3.52834407e+02 -2.93122956e+03
1.59090909e-05 -1.23737374e-05 2.50001731e+08 5.17732947e+01 -2.95679988e+03
1.64141414e-05 -1.23737374e-05 2.50001613e+08 -2.77254031e+02 -2.95825826e+03
1.69191919e-05 -1.23737374e-05 2.50001523e+08 -6.28303969e+02 -2.93051940e+03
1.74242424e-05 -1.23737374e-05 2.50001464e+08 -9.93981857e+02 -2.86953820e+03
1.79292929e-05 -1.23737374e-05 2.50001434e+08 -1.36574796e+03 -2.77262585e+03
1.84343434e-05 -1.23737374e-05 2.50001432e+08 -1.73433061e+03 -2.63868867e+03
1.89393939e-05 -1.23737374e-05 2.50001455e+08 -2.09021632e+03 -2.46836012e+03
1.94444444e-05 -1.23737374e-05 2.50001499e+08 -2.42417515e+03 -2.26400679e+03
1.99494949e-05 -1.23737374e-05 2.50001558e+08 -2.72777382e+03 -2.02960334e+03
2.04545455e-05 -1.23737374e-05 2.50001627e+08 -2.99382903e+03 -1.77048674e+03
2.09595960e-05 -1.23737374e-05 2.50001700e+08 -3.21676059e+03 -1.49301441e+03
2.14646465e-05 -1.23737374e-05 2.50001773e+08 -3.39281624e+03 -1.20416138e+03
2.19696970e-05 -1.23737374e-05 2.50001839e+08 -3.52015581e+03 -9.11096715e+02
2.24747475e-05 -1.23737374e-05 2.50001896e+08 -3.59879850e+03 -6.20779004e+02
2.29797980e-05 -1.23737374e-05 2.50001938e+08 -3.63045158e+03 -3.39604847e+02
2.34848485e-05 -1.23737374e-05 2.50001965e+08 -3.61824892e+03 -7.31344614e+01
2.39898990e-05 -1.23737374e-05 2.50001975e+08 -3.56643293e+03 1.74092696e+02
2.44949495e-05 -1.23737374e-05 2.50001967e+08 -3.48001405e+03 3.98650710e+02
2.50000000e-05 -1.23737374e-05 2.50001942e+08 -3.36443793e+03 5.98236185e+02
-2.50000000e-05 -1.18686869e-05 2.50000818e+08 -2.76657642e+02 7.00292279e+02
-2.44949495e-05 -1.18686869e-05 2.50000872e+08 -2.39740964e+02 7.28944679e+02
-2.39898990e-05 -1.18686869e-05 2.50000926e+08 -2.01773320e+02 7.57208597e+02
-2.34848485e-05 -1.18686869e-05 2.50000980e+08 -1.63106570e+02 7.85107033e+02
-2.29797980e-05 -1.18686869e-05 2.50001034e+08 -1.24160613e+02 8.12719297e+02
-2.24747475e-05 -1.18686869e-05 2.50001088e+08 -8.54302061e+01 8.40201054e+02
-2.19696970e-05 -1.18686869e-05 2.50001140e+08 -4.74903732e+01 8.67811428e+02
-2.14646465e-05 -1.18686869e-05 2.50001191e+08 -1.09981129e+01 8.95949457e+02
-2.09595960e-05 -1.18686869e-05 2.50001241e+08 2.33133857e+01 9.25202301e+02
-2.04545455e-05 -1.18686869e-05 2.50001288e+08 5.46537745e+01 9.56406972e+02
-1.99494949e-05 -1.18686869e-05 2.50001332e+08 8.22155196e+01 9.90725494e+02
-1.94444444e-05 -1.18686869e-05 2.50001373e+08 1.05243509e+02 1.02972982e+03
-1.89393939e-05 -1.18686869e-05 2.50001409e+08 1.23141295e+02 1.07548735e+03
-1.84343434e-05 -1.18686869e-05 2.50001439e+08 1.35614505e+02 1.13063213e+03
-1.79292929e-05 -1.18686869e-05 2.50001462e+08 1.42839399e+02 1.19840377e+03
-1.74242424e-05 -1.18686869e-05 2.50001475e+08 1.45628045e+02 1.28264192e+03
-1.69191919e-05 -1.18686869e-05 2.50001474e+08 1.45548877e+02 1.38774284e+03
-1.64141414e-05 -1.18686869e-05 2.50001456e+08 1.44965273e+02 1.51861550e+03
-1.59090909e-05 -1.18686869e-05 2.50001416e+08 1.46985850e+02 1.68070554e+03
-1.54040404e-05 -1.18686869e-05 2.50001347e+08 1.55375365e+02 1.88016689e+03
-1.48989899e-05 -1.18686869e-05 2.50001242e+08 1.74532636e+02 2.12423887e+03
-1.43939394e-05 -1.18686869e-05 2.50001093e+08 2.09673464e+02 2.42183931e+03
-1.38888889e-05 -1.18686869e-05 2.50000889e+08 2.67351753e+02 2.78433759e+03
-1.33838384e-05 -1.18686869e-05 2.50000615e+08 3.56431283e+02 3.22645145e+03
-1.28787879e-05 -1.18686869e-05 2.50000253e+08 4.89621834e+02 3.76721485e+03
-1.23737374e-05 -1.18686869e-05 2.49999776e+08 6.85745629e+02 4.43096341e+03
-1.18686869e-05 -1.18686869e-05 2.49999152e+08 9.73011562e+02 5.24823161e+03
-1.13636364e-05 -1.18686869e-05 2.49998335e+08 1.39374170e+03 6.25629280e+03
-1.08585859e-05 -1.18686869e-05 2.49997269e+08 2.01120432e+03 7.49868872e+03
-1.03535354e-05 -1.18686869e-05 2.49995879e+08 2.91939689e+03 9.02224938e+03
-9.84848485e-06 -1.18686869e-05 2.49994078e+08 4.25651768e+03 1.08682851e+04
-9.34343434e-06 -1.18686869e-05 2.49991769e+08 6.22152901e+03 1.30508439e+04
-8.83838384e-06 -1.18686869e-05 2.49988879e+08 9.08780224e+03 1.55075746e+04
-8.33333333e-06 -1.18686869e-05 2.49985416e+08 1.31905382e+04 1.79968001e+04
-7.82828283e-06 -1.18686869e-05 2.49981624e+08 1.88175294e+04 1.99055422e+04
-7.32323232e-06 -1.18686869e-05 2.49978207e+08 2.58329516e+04 1.99767042e+04
-6.81818182e-06 -1.18686869e-05 2.49976484e+08 3.27799571e+04 1.62278166e+04
-6.31313131e-06 -1.18686869e-05 2.49977730e+08 3.56990886e+04 7.02048665e+03
-5.80808081e-06 -1.18686869e-05 2.49980987e+08 2.91044237e+04 -5.77119256e+03
-5.30303030e-06 -1.18686869e-05 2.49982198e+08 1.24184041e+04 -1.51667490e+04
-4.79797980e-06 -1.18686869e-05 2.49979553e+08 -5.67922849e+03 -1.60649314e+04
-4.29292929e-06 -1.18686869e-05 2.49976774e+08 -1.65915959e+04 -1.15142814e+04
-3.78787879e-06 -1.18686869e-05 2.49977091e+08 -1.97855311e+04 -6.66319359e+03
-3.28282828e-06 -1.18686869e-05 2.49980216e+08 -1.85179627e+04 -3.42976720e+03
-2.77777778e-06 -1.18686869e-05 2.49984671e+08 -1.53295585e+04 -1.68944080e+03
-2.27272727e-06 -1.18686869e-05 2.49989408e+08 -1.15417664e+04 -1.00057505e+03
-1.76767677e-06 -1.18686869e-05 2.49993909e+08 -7.84073881e+03 -1.04164763e+03
-1.26262626e-06 -1.18686869e-05 2.49997925e+08 -4.61403899e+03 -1.56420120e+03
-7.57575758e-07 -1.18686869e-05 2.50001321e+08 -2.05231619e+03 -2.34107996e+03
-2.52525253e-07 -1.18686869e-05 2.50004040e+08 -1.89674182e+02 -3.17504813e+03
2.52525253e-07 -1.18686869e-05 2.50006087e+08 1.04804127e+03 -3.92339018e+03
7.57575758e-07 -1.18686869e-05 2.50007522e+08 1.78847801e+03 -4.50693080e+03
1.26262626e-06 -1.18686869e-05 2.50008440e+08 2.16843240e+03 -4.90048109e+03
1.76767677e-06 -1.18686869e-05 2.50008946e+08 2.30781610e+03 -5.11465181e+03
2.27272727e-06 -1.18686869e-05 2.50009144e+08 2.29975171e+03 -5.17831663e+03
2.77777778e-06 -1.18686869e-05 2.50009120e+08 2.21068185e+03 -5.12600580e+03
3.28282828e-06 -1.18686869e-05 2.50008945e+08 2.08496781e+03 -4.99061286e+03
3.78787879e-06 -1.18686869e-05 2.50008674e+08 1.95051600e+03 -4.80009960e+03
4.29292929e-06 -1.18686869e-05 2.50008346e+08 1.82378782e+03 -4.57664889e+03
4.79797980e-06 -1.18686869e-05 2.50007988e+08 1.71366993e+03 -4.33706893e+03
5.30303030e-06 -1.18686869e-05 2.50007619e+08 1.62422401e+03 -4.09369613e+03
5.80808081e-06 -1.18686869e-05 2.50007250e+08 1.55653039e+03 -3.85538821e+03
6.31313131e-06 -1.18686869e-05 2.50006890e+08 1.50986764e+03 -3.62841863e+03
6.81818182e-06 -1.18686869e-05 2.50006542e+08 1.48243355e+03 -3.41720568e+03
7.32323232e-06 -1.18686869e-05 2.50006207e+08 1.47176198e+03 -3.22486950e+03
7.82828283e-06 -1.18686869e-05 2.50005885e+08 1.47494491e+03 -3.05363528e+03
8.33333333e-06 -1.18686869e-05 2.50005575e+08 1.48873437e+03 -2.90510779e+03
8.83838384e-06 -1.18686869e-05 2.50005275e+08 1.50957485e+03 -2.78044184e+03
9.34343434e-06 -1.18686869e-05 2.50004983e+08 1.53360099e+03 -2.68042899e+03
9.84848485e-06 -1.18686869e-05 2.50004697e+08 1.55662558e+03 -2.60551764e+03
1.03535354e-05 -1.18686869e-05 2.50004415e+08 1.57413641e+03 -2.55578013e+03
1.08585859e-05 -1.18686869e-05 2.50004137e+08 1.58131746e+03 -2.53083940e+03
1.13636364e-05 -1.18686869e-05 2.50003861e+08 1.57310676e+03 -2.52976726e+03
1.18686869e-05 -1.18686869e-05 2.50003588e+08 1.54430107e+03 -2.55096786e+03
1.23737374e-05 -1.18686869e-05 2.50003319e+08 1.48971426e+03 -2.59206126e+03
1.28787879e-05 -1.18686869e-05 2.50003054e+08 1.40439207e+03 -2.64978491e+03
1.33838384e-05 -1.18686869e-05 2.50002797e+08 1.28388004e+03 -2.71993215e+03
1.38888889e-05 -1.18686869e-05 2.50002551e+08 1.12453404e+03 -2.79734762e+03
1.43939394e-05 -1.18686869e-05 2.50002320e+08 9.23854723e+02 -2.87599784e+03
1.48989899e-05 -1.18686869e-05 2.50002108e+08 6.80818700e+02 -2.94913099e+03
1.54040404e-05 -1.18686869e-05 2.50001920e+08 3.96172263e+02 -3.00953197e+03
1.59090909e-05 -1.18686869e-05 2.50001759e+08 7.26492528e+01 -3.04986848e+03
1.64141414e-05 -1.18686869e-05 2.50001629e+08 -2.84924793e+02 -3.06311085e+03
1.69191919e-05 -1.18686869e-05 2.50001532e+08 -6.69673911e+02 -3.04299511e+03
1.74242424e-05 -1.18686869e-05 2.50001469e+08 -1.07287768e+03 -2.98448744e+03
1.79292929e-05 -1.18686869e-05 2.50001441e+08 -1.48434349e+03 -2.88420093e+03
1.84343434e-05 -1.18686869e-05 2.50001444e+08 -1.89292587e+03 -2.74071525e+03
1.89393939e-05 -1.18686869e-05 2.50001475e+08 -2.28715310e+03 -2.55475675e+03
1.94444444e-05 -1.18686869e-05 2.50001530e+08 -2.65590443e+03 -2.32921124e+03
1.99494949e-05 -1.18686869e-05 2.50001602e+08 -2.98907207e+03 -2.06896145e+03
2.04545455e-05 -1.18686869e-05 2.50001684e+08 -3.27814217e+03 -1.78056366e+03
2.09595960e-05 -1.18686869e-05 2.50001771e+08 -3.51663913e+03 -1.47179784e+03
2.14646465e-05 -1.18686869e-05 2.50001855e+08 -3.70039548e+03 -1.15114093e+03
2.19696970e-05 -1.18686869e-05 2.50001930e+08 -3.82763280e+03 -8.27219512e+02
2.24747475e-05 -1.18686869e-05 2.50001992e+08 -3.89886179e+03 -5.08296283e+02
2.29797980e-05 -1.18686869e-05 2.50002037e+08 -3.91663015e+03 -2.01835437e+02
2.34848485e-05 -1.18686869e-05 2.50002064e+08 -3.88515975e+03 8.58227715e+01
2.39898990e-05 -1.18686869e-05 2.50002069e+08 -3.80992096e+03 3.49664488e+02
2.44949495e-05 -1.18686869e-05 2.50002055e+08 -3.69719037e+03 5.86083720e+02
2.50000000e-05 -1.18686869e-05 2.50002021e+08 -3.55363135e+03 7.92857175e+02
-2.50000000e-05 -1.13636364e-05 2.50000905e+08 -3.03517820e+02 6.37644804e+02
-2.44949495e-05 -1.13636364e-05 2.50000968e+08 -2.65908627e+02 6.62032303e+02
-2.39898990e-05 -1.13636364e-05 2.50001032e+08 -2.27197614e+02 6.85363534e+02
-2.34848485e-05 -1.13636364e-05 2.50001098e+08 -1.87775975e+02 7.07549544e+02
-2.29797980e-05 -1.13636364e-05 2.50001164e+08 -1.48118368e+02 7.28537694e+02
-2.24747475e-05 -1.13636364e-05 2.50001230e+08 -1.08795674e+02 7.48327679e+02
-2.19696970e-05 -1.13636364e-05 2.50001297e+08 -7.04888109e+01 7.66994572e+02
-2.14646465e-05 -1.13636364e-05 2.50001364e+08 -3.40018880e+01 7.84722118e+02
-2.09595960e-05 -1.13636364e-05 2.50001430e+08 -2.71066238e-01 8.01850281e+02
-2.04545455e-05 -1.13636364e-05 2.50001496e+08 2.96374592e+01 8.18941229e+02
-1.99494949e-05 -1.13636364e-05 2.50001562e+08 5.45507597e+01 8.36866550e+02
-1.94444444e-05 -1.13636364e-05 2.50001626e+08 7.32478515e+01 8.56914274e+02
-1.89393939e-05 -1.13636364e-05 2.50001689e+08 8.45688770e+01 8.80905989e+02
-1.84343434e-05 -1.13636364e-05 2.50001750e+08 8.75838914e+01 9.11302431e+02
-1.79292929e-05 -1.13636364e-05 2.50001808e+08 8.18123716e+01 9.51264733e+02
-1.74242424e-05 -1.13636364e-05 2.50001861e+08 6.74536701e+01 1.00463813e+03
-1.69191919e-05 -1.13636364e-05 2.50001907e+08 4.55549886e+01 1.07584838e+03
-1.64141414e-05 -1.13636364e-05 2.50001941e+08 1.80319966e+01 1.16975421e+03
-1.59090909e-05 -1.13636364e-05 2.50001961e+08 -1.25032391e+01 1.29156352e+03
-1.54040404e-05 -1.13636364e-05 2.50001961e+08 -4.30574954e+01 1.44695643e+03
-1.48989899e-05 -1.13636364e-05 2.50001936e+08 -7.05576291e+01 1.64252565e+03
-1.43939394e-05 -1.13636364e-05 2.50001877e+08 -9.19282903e+01 1.88655612e+03
-1.38888889e-05 -1.13636364e-05 2.50001777e+08 -1.03770640e+02 2.19008437e+03
-1.33838384e-05 -1.13636364e-05 2.50001623e+08 -1.01541833e+02 2.56816780e+03
-1.28787879e-05 -1.13636364e-05 2.50001398e+08 -7.81660655e+01 3.04135821e+03
-1.23737374e-05 -1.13636364e-05 2.50001078e+08 -2.19394166e+01 3.63746106e+03
-1.18686869e-05 -1.13636364e-05 2.50000630e+08 8.65830937e+01 4.39371826e+03
-1.13636364e-05 -1.13636364e-05 2.50000005e+08 2.79312213e+02 5.35955133e+03
-1.08585859e-05 -1.13636364e-05 2.49999136e+08 6.08007976e+02 6.59990386e+03
-1.03535354e-05 -1.13636364e-05 2.49997928e+08 1.15613665e+03 8.19886731e+03
-9.84848485e-06 -1.13636364e-05 2.49996246e+08 2.05829363e+03 1.02621746e+04
-9.34343434e-06 -1.13636364e-05 2.49993908e+08 3.53215179e+03 1.29139862e+04
-8.83838384e-06 -1.13636364e-05 2.49990677e+08 5.92949368e+03 1.62747226e+04
-8.33333333e-06 -1.13636364e-05 2.49986283e+08 9.80874438e+03 2.03837576e+04
-7.82828283e-06 -1.13636364e-05 2.49980543e+08 1.59966133e+04 2.49746767e+04
-7.32323232e-06 -1.13636364e-05 2.49973752e+08 2.54463244e+04 2.89052215e+04
-6.81818182e-06 -1.13636364e-05 2.49967563e+08 3.81590457e+04 2.90510512e+04
-6.31313131e-06 -1.13636364e-05 2.49965726e+08 4.95725252e+04 1.97804991e+04
-5.80808081e-06 -1.13636364e-05 2.49970326e+08 4.63222551e+04 -1.07836983e+03
-5.30303030e-06 -1.13636364e-05 2.49973147e+08 1.95810194e+04 -1.92149224e+04
-4.79797980e-06 -1.13636364e-05 2.49968377e+08 -9.96756865e+03 -1.95958834e+04
-4.29292929e-06 -1.13636364e-05 2.49966483e+08 -2.26909982e+04 -1.22524133e+04
-3.78787879e-06 -1.13636364e-05 2.49971369e+08 -2.36772528e+04 -7.30272790e+03
-3.28282828e-06 -1.13636364e-05 2.49978897e+08 -2.05816841e+04 -4.90447455e+03
-2.77777778e-06 -1.13636364e-05 2.49986217e+08 -1.62894740e+04 -3.69411349e+03
-2.27272727e-06 -1.13636364e-05 2.49992568e+08 -1.17382568e+04 -3.18971243e+03
-1.76767677e-06 -1.13636364e-05 2.49997925e+08 -7.47308865e+03 -3.28415805e+03
-1.26262626e-06 -1.13636364e-05 2.50002339e+08 -3.89740394e+03 -3.83576080e+03
-7.57575758e-07 -1.13636364e-05 2.50005816e+08 -1.21358866e+03 -4.61496331e+03
-2.52525253e-07 -1.13636364e-05 2.50008374e+08 5.86818242e+02 -5.39159624e+03
2.52525253e-07 -1.13636364e-05 2.50010088e+08 1.65213432e+03 -6.00861393e+03
7.57575758e-07 -1.13636364e-05 2.50011089e+08 2.18072606e+03 -6.39860141e+03
1.26262626e-06 -1.13636364e-05 2.50011535e+08 2.35799212e+03 -6.56188467e+03
1.76767677e-06 -1.13636364e-05 2.50011578e+08 2.32864693e+03 -6.53521378e+03
2.27272727e-06 -1.13636364e-05 2.50011350e+08 2.19326769e+03 -6.36722984e+03
2.77777778e-06 -1.13636364e-05 2.50010951e+08 2.01593918e+03 -6.10434351e+03
3.28282828e-06 -1.13636364e-05 2.50010457e+08 1.83447684e+03 -5.78475850e+03
3.78787879e-06 -1.13636364e-05 2.50009920e+08 1.66937204e+03 -5.43728226e+03
4.29292929e-06 -1.13636364e-05 2.50009373e+08 1.53039803e+03 -5.08236450e+03
4.79797980e-06 -1.13636364e-05 2.50008838e+08 1.42104308e+03 -4.73386056e+03
5.30303030e-06 -1.13636364e-05 2.50008327e+08 1.34129848e+03 -4.40079053e+03
5.80808081e-06 -1.13636364e-05 2.50007846e+08 1.28932071e+03 -4.08881345e+03
6.31313131e-06 -1.13636364e-05 2.50007396e+08 1.26236877e+03 -3.80135733e+03
6.81818182e-06 -1.13636364e-05 2.50006977e+08 1.25729335e+03 -3.54043755e+03
7.32323232e-06 -1.13636364e-05 2.50006586e+08 1.27075766e+03 -3.30722329e+03
7.82828283e-06 -1.13636364e-05 2.50006220e+08 1.29930274e+03 -3.10241047e+03
8.33333333e-06 -1.13636364e-05 2.50005876e+08 1.33932686e+03 -2.92644949e+03
8.83838384e-06 -1.13636364e-05 2.50005549e+08 1.38702247e+03 -2.77966346e+03
9.34343434e-06 -1.13636364e-05 2.50005234e+08 1.43829877e+03 -2.66228260e+03
9.84848485e-06 -1.13636364e-05 2.50004930e+08 1.48870991e+03 -2.57441262e+03
1.03535354e-05 -1.13636364e-05 2.50004632e+08 1.53340471e+03 -2.51595014e+03
1.08585859e-05 -1.13636364e-05 2.50004338e+08 1.56711203e+03 -2.48645614e+03
1.13636364e-05 -1.13636364e-05 2.50004047e+08 1.58417518e+03 -2.48499814e+03
1.18686869e-05 -1.13636364e-05 2.50003758e+08 1.57864745e+03 -2.50997417e+03
1.23737374e-05 -1.13636364e-05 2.50003472e+08 1.54445864e+03 -2.55893443e+03
1.28787879e-05 -1.13636364e-05 2.50003189e+08 1.47565826e+03 -2.62842099e+03
1.33838384e-05 -1.13636364e-05 2.50002913e+08 1.36673442e+03 -2.71384915e+03
1.38888889e-05 -1.13636364e-05 2.50002646e+08 1.21299818e+03 -2.80945703e+03
1.43939394e-05 -1.13636364e-05 2.50002395e+08 1.01101221e+03 -2.90834887e+03
1.48989899e-05 -1.13636364e-05 2.50002163e+08 7.59030185e+02 -3.00265416e+03
1.54040404e-05 -1.13636364e-05 2.50001956e+08 4.57402367e+02 -3.08381485e+03
1.59090909e-05 -1.13636364e-05 2.50001779e+08 1.08895236e+02 -3.14299974e+03
1.64141414e-05 -1.13636364e-05 2.50001637e+08 -2.81128889e+02 -3.17162715e+03
1.69191919e-05 -1.13636364e-05 2.50001532e+08 -7.04719456e+02 -3.16195773e+03
1.74242424e-05 -1.13636364e-05 2.50001466e+08 -1.15156410e+03 -3.10770209e+03
1.79292929e-05 -1.13636364e-05 2.50001439e+08 -1.60944120e+03 -3.00457569e+03
1.84343434e-05 -1.13636364e-05 2.50001449e+08 -2.06487625e+03 -2.85073140e+03
1.89393939e-05 -1.13636364e-05 2.50001491e+08 -2.50394938e+03 -2.64700842e+03
1.94444444e-05 -1.13636364e-05 2.50001560e+08 -2.91317639e+03 -2.39695670e+03
1.99494949e-05 -1.13636364e-05 2.50001647e+08 -3.28037099e+03 -2.10662441e+03
2.04545455e-05 -1.13636364e-05 2.50001746e+08 -3.59539625e+03 -1.78412845e+03
2.09595960e-05 -1.13636364e-05 2.50001848e+08 -3.85072734e+03 -1.43905710e+03
2.14646465e-05 -1.13636364e-05 2.50001944e+08 -4.04177497e+03 -1.08177549e+03
2.19696970e-05 -1.13636364e-05 2.50002030e+08 -4.16695232e+03 -7.22713271e+02
2.24747475e-05 -1.13636364e-05 2.50002098e+08 -4.22750168e+03 -3.71709769e+02
2.29797980e-05 -1.13636364e-05 2.50002145e+08 -4.22712510e+03 -3.74765897e+01
2.34848485e-05 -1.13636364e-05 2.50002169e+08 -4.17148069e+03 2.72784680e+02
2.39898990e-05 -1.13636364e-05 2.50002169e+08 -4.06761212e+03 5.53596457e+02
2.44949495e-05 -1.13636364e-05 2.50002146e+08 -3.92337462e+03 8.01259469e+02
2.50000000e-05 -1.13636364e-05 2.50002100e+08 -3.74690828e+03 1.01377236e+03
-2.50000000e-05 -1.08585859e-05 2.50000989e+08 -3.26440378e+02 5.75362895e+02
-2.44949495e-05 -1.08585859e-05 2.50001061e+08 -2.87516311e+02 5.95555224e+02
-2.39898990e-05 -1.08585859e-05 2.50001136e+08 -2.47333853e+02 6.14015619e+02
-2.34848485e-05 -1.08585859e-05 2.50001213e+08 -2.06304150e+02 6.30538090e+02
-2.29797980e-05 -1.08585859e-05 2.50001291e+08 -1.64932548e+02 6.44929984e+02
-2.24747475e-05 -1.08585859e-05 2.50001371e+08 -1.23836501e+02 6.57021850e+02
-2.19696970e-05 -1.08585859e-05 2.50001452e+08 -8.37675137e+01 6.66683132e+02
-2.14646465e-05 -1.08585859e-05 2.50001535e+08 -4.56366867e+01 6.73847628e+02
-2.09595960e-05 -1.08585859e-05 2.50001618e+08 -1.05413884e+01 6.78554402e+02
-2.04545455e-05 -1.08585859e-05 2.50001703e+08 2.02131570e+01 6.81011531e+02
-1.99494949e-05 -1.08585859e-05 2.50001790e+08 4.51097081e+01 6.81690450e+02
-1.94444444e-05 -1.08585859e-05 2.50001878e+08 6.24527314e+01 6.81455375e+02
-1.89393939e-05 -1.08585859e-05 2.50001968e+08 7.04679255e+01 6.81721948e+02
-1.84343434e-05 -1.08585859e-05 2.50002061e+08 6.74951084e+01 6.84619143e+02
-1.79292929e-05 -1.08585859e-05 2.50002155e+08 5.22819583e+01 6.93101192e+02
-1.74242424e-05 -1.08585859e-05 2.50002251e+08 2.43354010e+01 7.10937065e+02
-1.69191919e-05 -1.08585859e-05 2.50002346e+08 -1.57873221e+01 7.42523717e+02
-1.64141414e-05 -1.08585859e-05 2.50002438e+08 -6.64211397e+01 7.92553356e+02
-1.59090909e-05 -1.08585859e-05 2.50002524e+08 -1.25105110e+02 8.65698188e+02
-1.54040404e-05 -1.08585859e-05 2.50002601e+08 -1.89231652e+02 9.66571131e+02
-1.48989899e-05 -1.08585859e-05 2.50002665e+08 -2.56779652e+02 1.10017310e+03
-1.43939394e-05 -1.08585859e-05 2.50002712e+08 -3.26773591e+02 1.27284861e+03
-1.38888889e-05 -1.08585859e-05 2.50002737e+08 -3.99217524e+02 1.49359396e+03
-1.33838384e-05 -1.08585859e-05 2.50002732e+08 -4.74464569e+02 1.77555678e+03
-1.28787879e-05 -1.08585859e-05 2.50002686e+08 -5.52095830e+02 2.13773262e+03
-1.23737374e-05 -1.08585859e-05 2.50002581e+08 -6.29301951e+02 2.60706949e+03
-1.18686869e-05 -1.08585859e-05 2.50002391e+08 -6.98541280e+02 3.22134177e+03
-1.13636364e-05 -1.08585859e-05 2.50002074e+08 -7.43953193e+02 4.03328939e+03
-1.08585859e-05 -1.08585859e-05 2.50001571e+08 -7.35550332e+02 5.11675037e+03
-1.03535354e-05 -1.08585859e-05 2.50000786e+08 -6.19308197e+02 6.57591792e+03
-9.84848485e-06 -1.08585859e-05 2.49999578e+08 -2.99345113e+02 8.55937132e+03
-9.34343434e-06 -1.08585859e-05 2.49997721e+08 3.95696973e+02 1.12807694e+04
-8.83838384e-06 -1.08585859e-05 2.49994864e+08 1.77867779e+03 1.50463613e+04
-8.33333333e-06 -1.08585859e-05 2.49990448e+08 4.43743643e+03 2.02785746e+04
-7.82828283e-06 -1.08585859e-05 2.49983627e+08 9.50491932e+03 2.74749334e+04
-7.32323232e-06 -1.08585859e-05 2.49973310e+08 1.91533790e+04 3.68315028e+04
-6.81818182e-06 -1.08585859e-05 2.49959118e+08 3.70074158e+04 4.64770098e+04
-6.31313131e-06 -1.08585859e-05 2.49945638e+08 6.47771107e+04 4.66362593e+04
-5.80808081e-06 -1.08585859e-05 2.49947212e+08 8.05119009e+04 1.58884325e+04
-5.30303030e-06 -1.08585859e-05 2.49954616e+08 3.33170105e+04 -2.61067087e+04
-4.79797980e-06 -1.08585859e-05 2.49944961e+08 -1.97725096e+04 -2.22364221e+04
-4.29292929e-06 -1.08585859e-05 2.49952844e+08 -2.86530266e+04 -1.30699672e+04
-3.78787879e-06 -1.08585859e-05 2.49969490e+08 -2.59195808e+04 -1.12644066e+04
-3.28282828e-06 -1.08585859e-05 2.49982935e+08 -2.19681834e+04 -1.01342719e+04
-2.77777778e-06 -1.08585859e-05 2.49992405e+08 -1.73064395e+04 -8.61673552e+03
-2.27272727e-06 -1.08585859e-05 2.49999340e+08 -1.21776766e+04 -7.40088607e+03
-1.76767677e-06 -1.08585859e-05 2.50004733e+08 -7.28577485e+03 -6.93878861e+03
-1.26262626e-06 -1.08585859e-05 2.50008937e+08 -3.29560861e+03 -7.15594302e+03
-7.57575758e-07 -1.08585859e-05 2.50012001e+08 -5.00276323e+02 -7.69672283e+03
-2.52525253e-07 -1.08585859e-05 2.50013965e+08 1.17685138e+03 -8.21622756e+03
2.52525253e-07 -1.08585859e-05 2.50014966e+08 2.00591603e+03 -8.51871600e+03
7.57575758e-07 -1.08585859e-05 2.50015220e+08 2.28433152e+03 -8.55363221e+03
1.26262626e-06 -1.08585859e-05 2.50014951e+08 2.25148894e+03 -8.35603983e+03
1.76767677e-06 -1.08585859e-05 2.50014356e+08 2.06981077e+03 -7.99204135e+03
2.27272727e-06 -1.08585859e-05 2.50013583e+08 1.83720721e+03 -7.52712511e+03
2.77777778e-06 -1.08585859e-05 2.50012735e+08 1.60697387e+03 -7.01349927e+03
3.28282828e-06 -1.08585859e-05 2.50011878e+08 1.40486816e+03 -6.48801964e+03
3.78787879e-06 -1.08585859e-05 2.50011053e+08 1.24100122e+03 -5.97450566e+03
4.29292929e-06 -1.08585859e-05 2.50010279e+08 1.11724537e+03 -5.48713546e+03
4.79797980e-06 -1.08585859e-05 2.50009568e+08 1.03151618e+03 -5.03353693e+03
5.30303030e-06 -1.08585859e-05 2.50008920e+08 9.80095630e+02 -4.61717497e+03
5.80808081e-06 -1.08585859e-05 2.50008334e+08 9.58803279e+02 -4.23904472e+03
6.31313131e-06 -1.08585859e-05 2.50007804e+08 9.63519653e+02 -3.89880949e+03
6.81818182e-06 -1.08585859e-05 2.50007325e+08 9.90358606e+02 -3.59553363e+03
7.32323232e-06 -1.08585859e-05 2.50006889e+08 1.03565669e+03 -3.32813317e+03
7.82828283e-06 -1.08585859e-05 2.50006490e+08 1.09587220e+03 -3.09563360e+03
8.33333333e-06 -1.08585859e-05 2.50006121e+08 1.16744453e+03 -2.89729490e+03
8.83838384e-06 -1.08585859e-05 2.50005775e+08 1.24664193e+03 -2.73264265e+03
9.34343434e-06 -1.08585859e-05 2.50005448e+08 1.32941509e+03 -2.60142855e+03
9.84848485e-06 -1.08585859e-05 2.50005132e+08 1.41126937e+03 -2.50353424e+03
1.03535354e-05 -1.08585859e-05 2.50004825e+08 1.48716819e+03 -2.43882674e+03
1.08585859e-05 -1.08585859e-05 2.50004522e+08 1.55148071e+03 -2.40697210e+03
1.13636364e-05 -1.08585859e-05 2.50004221e+08 1.59798884e+03 -2.40721431e+03
1.18686869e-05 -1.08585859e-05 2.50003920e+08 1.61996916e+03 -2.43813037e+03
1.23737374e-05 -1.08585859e-05 2.50003620e+08 1.61036448e+03 -2.49737736e+03
1.28787879e-05 -1.08585859e-05 2.50003321e+08 1.56205617e+03 -2.58145401e+03
1.33838384e-05 -1.08585859e-05 2.50003027e+08 1.46824076e+03 -2.68550609e+03
1.38888889e-05 -1.08585859e-05 2.50002740e+08 1.32290330e+03 -2.80321000e+03
1.43939394e-05 -1.08585859e-05 2.50002468e+08 1.12136480e+03 -2.92677100e+03
1.48989899e-05 -1.08585859e-05 2.50002215e+08 8.60863779e+02 -3.04706946e+03
1.54040404e-05 -1.08585859e-05 2.50001988e+08 5.41114525e+02 -3.15397806e+03
1.59090909e-05 -1.08585859e-05 2.50001793e+08 1.64771565e+02 -3.23685552e+03
1.64141414e-05 -1.08585859e-05 2.50001637e+08 -2.62276367e+02 -3.28519825e+03
1.69191919e-05 -1.08585859e-05 2.50001523e+08 -7.30853378e+02 -3.28940314e+03
1.74242424e-05 -1.08585859e-05 2.50001454e+08 -1.22873545e+03 -3.24156840e+03
1.79292929e-05 -1.08585859e-05 2.50001430e+08 -1.74119931e+03 -3.13623948e+03
1.84343434e-05 -1.08585859e-05 2.50001449e+08 -2.25185647e+03 -2.97100069e+03
1.89393939e-05 -1.08585859e-05 2.50001504e+08 -2.74370288e+03 -2.74682354e+03
1.94444444e-05 -1.08585859e-05 2.50001589e+08 -3.20027631e+03 -2.46811076e+03
1.99494949e-05 -1.08585859e-05 2.50001696e+08 -3.60679135e+03 -2.14241622e+03
2.04545455e-05 -1.08585859e-05 2.50001814e+08 -3.95112070e+03 -1.77986881e+03
2.09595960e-05 -1.08585859e-05 2.50001933e+08 -4.22451320e+03 -1.39237122e+03
2.14646465e-05 -1.08585859e-05 2.50002045e+08 -4.42197963e+03 -9.92675738e+02
2.19696970e-05 -1.08585859e-05 2.50002141e+08 -4.54232704e+03 -5.93450216e+02
2.24747475e-05 -1.08585859e-05 2.50002215e+08 -4.58787152e+03 -2.06439376e+02
2.29797980e-05 -1.08585859e-05 2.50002264e+08 -4.56389868e+03 1.58198638e+02
2.34848485e-05 -1.08585859e-05 2.50002284e+08 -4.47796311e+03 4.92334716e+02
2.39898990e-05 -1.08585859e-05 2.50002275e+08 -4.33912326e+03 7.90080422e+02
2.44949495e-05 -1.08585859e-05 2.50002240e+08 -4.15719764e+03 1.04778956e+03
2.50000000e-05 -1.08585859e-05 2.50002179e+08 -3.94210733e+03 1.26389127e+03
-2.50000000e-05 -1.03535354e-05 2.50001069e+08 -3.45555937e+02 5.14304647e+02
-2.44949495e-05 -1.03535354e-05 2.50001151e+08 -3.04699463e+02 5.30497488e+02
-2.39898990e-05 -1.03535354e-05 2.50001236e+08 -2.62321219e+02 5.44299133e+02
-2.34848485e-05 -1.03535354e-05 2.50001324e+08 -2.18831736e+02 5.55388543e+02
-2.29797980e-05 -1.03535354e-05 2.50001414e+08 -1.74740351e+02 5.63434503e+02
-2.24747475e-05 -1.03535354e-05 2.50001508e+08 -1.30676371e+02 5.68097646e+02
-2.19696970e-05 -1.03535354e-05 2.50001603e+08 -8.74173292e+01 5.69035679e+02
-2.14646465e-05 -1.03535354e-05 2.50001702e+08 -4.59258860e+01 5.65915693e+02
-2.09595960e-05 -1.03535354e-05 2.50001802e+08 -7.39557126e+00 5.58440386e+02
-2.04545455e-05 -1.03535354e-05 2.50001906e+08 2.66981944e+01 5.46398876e+02
-1.99494949e-05 -1.03535354e-05 2.50002013e+08 5.45532528e+01 5.29756751e+02
-1.94444444e-05 -1.03535354e-05 2.50002125e+08 7.40271907e+01 5.08801000e+02
-1.89393939e-05 -1.03535354e-05 2.50002241e+08 8.26991300e+01 4.84347172e+02
-1.84343434e-05 -1.03535354e-05 2.50002364e+08 7.80666989e+01 4.57988994e+02
-1.79292929e-05 -1.03535354e-05 2.50002494e+08 5.79292196e+01 4.32318456e+02
-1.74242424e-05 -1.03535354e-05 2.50002632e+08 2.09402141e+01 4.10981009e+02
-1.69191919e-05 -1.03535354e-05 2.50002777e+08 -3.28338936e+01 3.98412161e+02
-1.64141414e-05 -1.03535354e-05 2.50002929e+08 -1.01678542e+02 3.99215427e+02
-1.59090909e-05 -1.03535354e-05 2.50003084e+08 -1.82664877e+02 4.17411090e+02
-1.54040404e-05 -1.03535354e-05 2.50003243e+08 -2.72801556e+02 4.56043044e+02
-1.48989899e-05 -1.03535354e-05 2.50003403e+08 -3.70458848e+02 5.17580494e+02
-1.43939394e-05 -1.03535354e-05 2.50003564e+08 -4.76363637e+02 6.05124067e+02
-1.38888889e-05 -1.03535354e-05 2.50003728e+08 -5.93744118e+02 7.23998399e+02
-1.33838384e-05 -1.03535354e-05 2.50003892e+08 -7.27746162e+02 8.83317107e+02
-1.28787879e-05 -1.03535354e-05 2.50004055e+08 -8.84512623e+02 1.09749924e+03
-1.23737374e-05 -1.03535354e-05 2.50004208e+08 -1.07014705e+03 1.38809913e+03
-1.18686869e-05 -1.03535354e-05 2.50004341e+08 -1.28944991e+03 1.78646195e+03
-1.13636364e-05 -1.03535354e-05 2.50004430e+08 -1.54409017e+03 2.33779534e+03
-1.08585859e-05 -1.03535354e-05 2.50004442e+08 -1.82970851e+03 3.10758363e+03
-1.03535354e-05 -1.03535354e-05 2.50004315e+08 -2.13099120e+03 4.19214752e+03
-9.84848485e-06 -1.03535354e-05 2.50003950e+08 -2.41245490e+03 5.73687106e+03
-9.34343434e-06 -1.03535354e-05 2.50003179e+08 -2.59952945e+03 7.96891949e+03
-8.83838384e-06 -1.03535354e-05 2.50001699e+08 -2.53672949e+03 1.12581645e+04
-8.33333333e-06 -1.03535354e-05 2.49998951e+08 -1.88831104e+03 1.62353082e+04
-7.82828283e-06 -1.03535354e-05 2.49993829e+08 1.19272500e+02 2.40292497e+04
-7.32323232e-06 -1.03535354e-05 2.49984009e+08 5.44252146e+03 3.67359465e+04
-6.81818182e-06 -1.03535354e-05 2.49964435e+08 1.96356066e+04 5.80402885e+04
-6.31313131e-06 -1.03535354e-05 2.49926209e+08 5.94900485e+04 9.00014515e+04
-5.80808081e-06 -1.03535354e-05 2.49884216e+08 1.47735512e+05 8.67558060e+04
-5.30303030e-06 -1.03535354e-05 2.49904047e+08 6.54518561e+04 -4.46514167e+04
-4.79797980e-06 -1.03535354e-05 2.49893601e+08 -3.51633941e+04 -1.75195131e+04
-4.29292929e-06 -1.03535354e-05 2.49952880e+08 -2.74384059e+04 -2.52795070e+04
-3.78787879e-06 -1.03535354e-05 2.49983356e+08 -2.66795480e+04 -2.64898191e+04
-3.28282828e-06 -1.03535354e-05 2.49997628e+08 -2.46809497e+04 -2.24571159e+04
-2.77777778e-06 -1.03535354e-05 2.50005304e+08 -2.00813608e+04 -1.74927551e+04
-2.27272727e-06 -1.03535354e-05 2.50010516e+08 -1.38921136e+04 -1.37784471e+04
-1.76767677e-06 -1.03535354e-05 2.50014679e+08 -7.81011666e+03 -1.19113237e+04
-1.26262626e-06 -1.03535354e-05 2.50017888e+08 -3.10021243e+03 -1.14143597e+04
-7.57575758e-07 -1.03535354e-05 2.50019916e+08 -1.34555978e+02 -1.14798138e+04
-2.52525253e-07 -1.03535354e-05 2.50020730e+08 1.37234429e+03 -1.15196895e+04
2.52525253e-07 -1.03535354e-05 2.50020548e+08 1.92086244e+03 -1.12939878e+04
7.57575758e-07 -1.03535354e-05 2.50019691e+08 1.94637313e+03 -1.07951644e+04
1.26262626e-06 -1.03535354e-05 2.50018456e+08 1.73826140e+03 -1.01078357e+04
1.76767677e-06 -1.03535354e-05 2.50017064e+08 1.45963821e+03 -9.32602004e+03
2.27272727e-06 -1.03535354e-05 2.50015658e+08 1.19072832e+03 -8.52201264e+03
2.77777778e-06 -1.03535354e-05 2.50014318e+08 9.64861939e+02 -7.74210349e+03
3.28282828e-06 -1.03535354e-05 2.50013085e+08 7.91545658e+02 -7.01184032e+03
3.78787879e-06 -1.03535354e-05 2.50011975e+08 6.69443992e+02 -6.34277372e+03
4.29292929e-06 -1.03535354e-05 2.50010988e+08 5.93069518e+02 -5.73796298e+03
4.79797980e-06 -1.03535354e-05 2.50010118e+08 5.55960167e+02 -5.19580006e+03
5.30303030e-06 -1.03535354e-05 2.50009352e+08 5.52026219e+02 -4.71244575e+03
5.80808081e-06 -1.03535354e-05 2.50008680e+08 5.75994757e+02 -4.28329226e+03
6.31313131e-06 -1.03535354e-05 2.50008089e+08 6.23434166e+02 -3.90379564e+03
6.81818182e-06 -1.03535354e-05 2.50007565e+08 6.90598471e+02 -3.56991835e+03
7.32323232e-06 -1.03535354e-05 2.50007100e+08 7.74205157e+02 -3.27833698e+03
7.82828283e-06 -1.03535354e-05 2.50006681e+08 8.71197302e+02 -3.02650912e+03
8.33333333e-06 -1.03535354e-05 2.50006300e+08 9.78511202e+02 -2.81265358e+03
8.83838384e-06 -1.03535354e-05 2.50005947e+08 1.09285814e+03 -2.63567262e+03
9.34343434e-06 -1.03535354e-05 2.50005616e+08 1.21052527e+03 -2.49502937e+03
9.84848485e-06 -1.03535354e-05 2.50005300e+08 1.32720156e+03 -2.39058463e+03
1.03535354e-05 -1.03535354e-05 2.50004992e+08 1.43783783e+03 -2.32239281e+03
1.08585859e-05 -1.03535354e-05 2.50004687e+08 1.53655449e+03 -2.29045608e+03
1.13636364e-05 -1.03535354e-05 2.50004382e+08 1.61661474e+03 -2.29443804e+03
1.18686869e-05 -1.03535354e-05 2.50004075e+08 1.67048447e+03 -2.33334351e+03
1.23737374e-05 -1.03535354e-05 2.50003765e+08 1.69000107e+03 -2.40517890e+03
1.28787879e-05 -1.03535354e-05 2.50003453e+08 1.66667074e+03 -2.50661756e+03
1.33838384e-05 -1.03535354e-05 2.50003142e+08 1.59210647e+03 -2.63270524e+03
1.38888889e-05 -1.03535354e-05 2.50002836e+08 1.45860485e+03 -2.77665062e+03
1.43939394e-05 -1.03535354e-05 2.50002542e+08 1.25984051e+03 -2.92975186e+03
1.48989899e-05 -1.03535354e-05 2.50002266e+08 9.91632099e+02 -3.08150937e+03
1.54040404e-05 -1.03535354e-05 2.50002017e+08 6.52707643e+02 -3.21996453e+03
1.59090909e-05 -1.03535354e-05 2.50001802e+08 2.45374147e+02 -3.33228233e+03
1.64141414e-05 -1.03535354e-05 2.50001631e+08 -2.24016804e+02 -3.40556303e+03
1.69191919e-05 -1.03535354e-05 2.50001507e+08 -7.44912770e+02 -3.42782745e+03
1.74242424e-05 -1.03535354e-05 2.50001434e+08 -1.30279513e+03 -3.38907983e+03
1.79292929e-05 -1.03535354e-05 2.50001414e+08 -1.87984145e+03 -3.28231961e+03
1.84343434e-05 -1.03535354e-05 2.50001442e+08 -2.45599081e+03 -3.10435963e+03
1.89393939e-05 -1.03535354e-05 2.50001514e+08 -3.01032033e+03 -2.85631954e+03
1.94444444e-05 -1.03535354e-05 2.50001620e+08 -3.52258197e+03 -2.54370229e+03
1.99494949e-05 -1.03535354e-05 2.50001749e+08 -3.97471320e+03 -2.17602192e+03
2.04545455e-05 -1.03535354e-05 2.50001890e+08 -4.35213213e+03 -1.76602216e+03
2.09595960e-05 -1.03535354e-05 2.50002030e+08 -4.64466069e+03 -1.32859009e+03
2.14646465e-05 -1.03535354e-05 2.50002158e+08 -4.84698081e+03 -8.79513910e+02
2.19696970e-05 -1.03535354e-05 2.50002266e+08 -4.95860419e+03 -4.34248846e+02
2.24747475e-05 -1.03535354e-05 2.50002346e+08 -4.98340904e+03 -6.83863628e+00
2.29797980e-05 -1.03535354e-05 2.50002393e+08 -4.92885216e+03 3.90900455e+02
2.34848485e-05 -1.03535354e-05 2.50002407e+08 -4.80499296e+03 7.49879557e+02
2.39898990e-05 -1.03535354e-05 2.50002387e+08 -4.62346696e+03 1.06392041e+03
2.44949495e-05 -1.03535354e-05 2.50002336e+08 -4.39652480e+03 1.32966355e+03
2.50000000e-05 -1.03535354e-05 2.50002256e+08 -4.13621856e+03 1.54626920e+03
-2.50000000e-05 -9.84848485e-06 2.50001144e+08 -3.61107786e+02 4.55297153e+02
-2.44949495e-05 -9.84848485e-06 2.50001235e+08 -3.17726712e+02 4.67804175e+02
-2.39898990e-05 -9.84848485e-06 2.50001330e+08 -2.72458634e+02 4.77299132e+02
-2.34848485e-05 -9.84848485e-06 2.50001430e+08 -2.25694160e+02 4.83355067e+02
-2.29797980e-05 -9.84848485e-06 2.50001532e+08 -1.77920525e+02 4.85513968e+02
-2.24747475e-05 -9.84848485e-06 2.50001639e+08 -1.29743020e+02 4.83280466e+02
-2.19696970e-05 -9.84848485e-06 2.50001749e+08 -8.19157584e+01 4.76114579e+02
-2.14646465e-05 -9.84848485e-06 2.50001862e+08 -3.53858953e+01 4.63426192e+02
-2.09595960e-05 -9.84848485e-06 2.50001980e+08 8.64437360e+00 4.44577513e+02
-2.04545455e-05 -9.84848485e-06 2.50002101e+08 4.86356446e+01 4.18905914e+02
-1.99494949e-05 -9.84848485e-06 2.50002228e+08 8.26138825e+01 3.85788663e+02
-1.94444444e-05 -9.84848485e-06 2.50002361e+08 1.08080331e+02 3.44781222e+02
-1.89393939e-05 -9.84848485e-06 2.50002502e+08 1.21984888e+02 2.95863959e+02
-1.84343434e-05 -9.84848485e-06 2.50002653e+08 1.20866840e+02 2.39809399e+02
-1.79292929e-05 -9.84848485e-06 2.50002816e+08 1.01301816e+02 1.78604224e+02
-1.74242424e-05 -9.84848485e-06 2.50002994e+08 6.07417298e+01 1.15714695e+02
-1.69191919e-05 -9.84848485e-06 2.50003187e+08 -1.40751978e+00 5.58442116e+01
-1.64141414e-05 -9.84848485e-06 2.50003396e+08 -8.30467777e+01 3.91489900e+00
-1.59090909e-05 -9.84848485e-06 2.50003620e+08 -1.79813215e+02 -3.64782889e+01
-1.54040404e-05 -9.84848485e-06 2.50003859e+08 -2.87032339e+02 -6.41879941e+01
-1.48989899e-05 -9.84848485e-06 2.50004115e+08 -4.02368281e+02 -8.01953927e+01
-1.43939394e-05 -9.84848485e-06 2.50004392e+08 -5.27620755e+02 -8.58433414e+01
-1.38888889e-05 -9.84848485e-06 2.50004698e+08 -6.68835808e+02 -8.07105075e+01
-1.33838384e-05 -9.84848485e-06 2.50005039e+08 -8.35297753e+02 -6.11370604e+01
-1.28787879e-05 -9.84848485e-06 2.50005422e+08 -1.03850213e+03 -1.93990521e+01
-1.23737374e-05 -9.84848485e-06 2.50005855e+08 -1.29162405e+03 5.71912168e+01
-1.18686869e-05 -9.84848485e-06 2.50006343e+08 -1.60926894e+03 1.87906823e+02
-1.13636364e-05 -9.84848485e-06 2.50006892e+08 -2.00716254e+03 4.01244167e+02
-1.08585859e-05 -9.84848485e-06 2.50007505e+08 -2.50179583e+03 7.38937202e+02
-1.03535354e-05 -9.84848485e-06 2.50008183e+08 -3.11032032e+03 1.26250509e+03
-9.84848485e-06 -9.84848485e-06 2.50008916e+08 -3.85075914e+03 2.06503341e+03
-9.34343434e-06 -9.84848485e-06 2.50009683e+08 -4.74182180e+03 3.29357765e+03
-8.83838384e-06 -9.84848485e-06 2.50010432e+08 -5.80024114e+03 5.19346891e+03
-8.33333333e-06 -9.84848485e-06 2.50011038e+08 -7.03037346e+03 8.20150494e+03
-7.82828283e-06 -9.84848485e-06 2.50011205e+08 -8.39024318e+03 1.31626706e+04
-7.32323232e-06 -9.84848485e-06 2.50010147e+08 -9.67399121e+03 2.19153187e+04
-6.81818182e-06 -9.84848485e-06 2.50005329e+08 -1.00025313e+04 3.92642278e+04
-6.31313131e-06 -9.84848485e-06 2.49985163e+08 -4.34592695e+03 8.24140534e+04
-5.80808081e-06 -9.84848485e-06 2.49850581e+08 7.41956065e+04 2.55957448e+05
-5.30303030e-06 -9.84848485e-06 2.49573625e+08 3.46685524e+05 -2.59212103e+05
-4.79797980e-06 -9.84848485e-06 2.50038841e+08 1.66639897e+04 -1.54586390e+05
-4.29292929e-06 -9.84848485e-06 2.50017083e+08 -3.19493967e+04 -8.00478553e+04
-3.78787879e-06 -9.84848485e-06 2.50023379e+08 -3.60825140e+04 -5.83418257e+04
-3.28282828e-06 -9.84848485e-06 2.50024328e+08 -3.41207771e+04 -4.17107938e+04
-2.77777778e-06 -9.84848485e-06 2.50024492e+08 -2.73457665e+04 -2.91763482e+04
-2.27272727e-06 -9.84848485e-06 2.50025588e+08 -1.80594220e+04 -2.12523618e+04
-1.76767677e-06 -9.84848485e-06 2.50027500e+08 -9.44740839e+03 -1.75005336e+04
-1.26262626e-06 -9.84848485e-06 2.50029047e+08 -3.49752062e+03 -1.62070923e+04
-7.57575758e-07 -9.84848485e-06 2.50029349e+08 -3.23090363e+02 -1.56683374e+04
-2.52525253e-07 -9.84848485e-06 2.50028337e+08 9.40477966e+02 -1.50026901e+04
2.52525253e-07 -9.84848485e-06 2.50026426e+08 1.19217667e+03 -1.40189186e+04
7.57575758e-07 -9.84848485e-06 2.50024093e+08 1.02144116e+03 -1.28189811e+04
1.26262626e-06 -9.84848485e-06 2.50021684e+08 7.33594406e+02 -1.15497692e+04
1.76767677e-06 -9.84848485e-06 2.50019400e+08 4.60638282e+02 -1.03175672e+04
2.27272727e-06 -9.84848485e-06 2.50017334e+08 2.47581751e+02 -9.17994946e+03
2.77777778e-06 -9.84848485e-06 2.50015516e+08 1.01495835e+02 -8.15966973e+03
3.28282828e-06 -9.84848485e-06 2.50013939e+08 1.54498690e+01 -7.25920895e+03
3.78787879e-06 -9.84848485e-06 2.50012583e+08 -2.10006172e+01 -6.47093347e+03
4.29292929e-06 -9.84848485e-06 2.50011422e+08 -1.77436406e+01 -5.78314735e+03
4.79797980e-06 -9.84848485e-06 2.50010430e+08 1.71334246e+01 -5.18336037e+03
5.30303030e-06 -9.84848485e-06 2.50009580e+08 7.74442514e+01 -4.65989743e+03
5.80808081e-06 -9.84848485e-06 2.50008852e+08 1.58600210e+02 -4.20259168e+03
6.31313131e-06 -9.84848485e-06 2.50008224e+08 2.57207245e+02 -3.80300088e+03
6.81818182e-06 -9.84848485e-06 2.50007679e+08 3.70674475e+02 -3.45439099e+03
7.32323232e-06 -9.84848485e-06 2.50007203e+08 4.96865425e+02 -3.15161591e+03
7.82828283e-06 -9.84848485e-06 2.50006782e+08 6.33792014e+02 -2.89095600e+03
8.33333333e-06 -9.84848485e-06 2.50006404e+08 7.79342190e+02 -2.66994214e+03
8.83838384e-06 -9.84848485e-06 2.50006059e+08 9.31032170e+02 -2.48717182e+03
9.34343434e-06 -9.84848485e-06 2.50005737e+08 1.08577818e+03 -2.34211306e+03
9.84848485e-06 -9.84848485e-06 2.50005430e+08 1.23968849e+03 -2.23488639e+03
1.03535354e-05 -9.84848485e-06 2.50005130e+08 1.38788334e+03 -2.16601339e+03
1.08585859e-05 -9.84848485e-06 2.50004833e+08 1.52435792e+03 -2.13612092e+03
1.13636364e-05 -9.84848485e-06 2.50004532e+08 1.64191089e+03 -2.14559440e+03
1.18686869e-05 -9.84848485e-06 2.50004225e+08 1.73216739e+03 -2.19418051e+03
1.23737374e-05 -9.84848485e-06 2.50003911e+08 1.78572948e+03 -2.28055037e+03
1.28787879e-05 -9.84848485e-06 2.50003589e+08 1.79248672e+03 -2.40184839e+03
1.33838384e-05 -9.84848485e-06 2.50003264e+08 1.74211225e+03 -2.55326825e+03
1.38888889e-05 -9.84848485e-06 2.50002938e+08 1.62475445e+03 -2.72771351e+03
1.43939394e-05 -9.84848485e-06 2.50002621e+08 1.43190867e+03 -2.91561336e+03
1.48989899e-05 -9.84848485e-06 2.50002320e+08 1.15741944e+03 -3.10496797e+03
1.54040404e-05 -9.84848485e-06 2.50002046e+08 7.98524445e+02 -3.28168932e+03
1.59090909e-05 -9.84848485e-06 2.50001809e+08 3.56813643e+02 -3.43027719e+03
1.64141414e-05 -9.84848485e-06 2.50001619e+08 -1.61049086e+02 -3.53482607e+03
1.69191919e-05 -9.84848485e-06 2.50001483e+08 -7.42998606e+02 -3.58030088e+03
1.74242424e-05 -9.84848485e-06 2.50001406e+08 -1.37176585e+03 -3.55395633e+03
1.79292929e-05 -9.84848485e-06 2.50001389e+08 -2.02566959e+03 -3.44672171e+03
1.84343434e-05 -9.84848485e-06 2.50001431e+08 -2.67998368e+03 -3.25434494e+03
1.89393939e-05 -9.84848485e-06 2.50001522e+08 -3.30875896e+03 -2.97810034e+03
1.94444444e-05 -9.84848485e-06 2.50001653e+08 -3.88688717e+03 -2.62491870e+03
1.99494949e-05 -9.84848485e-06 2.50001809e+08 -4.39213602e+03 -2.20688803e+03
2.04545455e-05 -9.84848485e-06 2.50001977e+08 -4.80687833e+03 -1.74018104e+03
2.09595960e-05 -9.84848485e-06 2.50002141e+08 -5.11928824e+03 -1.24356455e+03
2.14646465e-05 -9.84848485e-06 2.50002289e+08 -5.32387263e+03 -7.36712133e+02
2.19696970e-05 -9.84848485e-06 2.50002408e+08 -5.42132203e+03 -2.38560257e+02
2.24747475e-05 -9.84848485e-06 2.50002492e+08 -5.41777468e+03 2.34083037e+02
2.29797980e-05 -9.84848485e-06 2.50002537e+08 -5.32366467e+03 6.67534529e+02
2.34848485e-05 -9.84848485e-06 2.50002540e+08 -5.15235958e+03 1.05177849e+03
2.39898990e-05 -9.84848485e-06 2.50002504e+08 -4.91878385e+03 1.38057503e+03
2.44949495e-05 -9.84848485e-06 2.50002432e+08 -4.63818361e+03 1.65121142e+03
2.50000000e-05 -9.84848485e-06 2.50002330e+08 -4.32513233e+03 1.86400468e+03
-2.50000000e-05 -9.34343434e-06 2.50001212e+08 -3.73442489e+02 3.99116374e+02
-2.44949495e-05 -9.34343434e-06 2.50001313e+08 -3.26987183e+02 4.08355488e+02
-2.39898990e-05 -9.34343434e-06 2.50001418e+08 -2.78188069e+02 4.14017031e+02
-2.34848485e-05 -9.34343434e-06 2.50001528e+08 -2.27400533e+02 4.15583088e+02
-2.29797980e-05 -9.34343434e-06 2.50001643e+08 -1.75068329e+02 4.12489945e+02
-2.24747475e-05 -9.34343434e-06 2.50001762e+08 -1.21741498e+02 4.04114833e+02
-2.19696970e-05 -9.34343434e-06 2.50001886e+08 -6.81040495e+01 3.89756715e+02
-2.14646465e-05 -9.34343434e-06 2.50002015e+08 -1.50177954e+01 3.68611031e+02
-2.09595960e-05 -9.34343434e-06 2.50002148e+08 3.64084939e+01 3.39741293e+02
-2.04545455e-05 -9.34343434e-06 2.50002287e+08 8.47132621e+01 3.02057409e+02
-1.99494949e-05 -9.34343434e-06 2.50002432e+08 1.27930227e+02 2.54324327e+02
-1.94444444e-05 -9.34343434e-06 2.50002584e+08 1.63395261e+02 1.95247615e+02
-1.89393939e-05 -9.34343434e-06 2.50002746e+08 1.87559723e+02 1.23711465e+02
-1.84343434e-05 -9.34343434e-06 2.50002920e+08 1.95948632e+02 3.92561209e+01
-1.79292929e-05 -9.34343434e-06 2.50003112e+08 1.83536384e+02 -5.71883402e+01
-1.74242424e-05 -9.34343434e-06 2.50003324e+08 1.45885871e+02 -1.62545759e+02
-1.69191919e-05 -9.34343434e-06 2.50003560e+08 8.11222145e+01 -2.71483154e+02
-1.64141414e-05 -9.34343434e-06 2.50003821e+08 -8.09887924e+00 -3.77828015e+02
-1.59090909e-05 -9.34343434e-06 2.50004108e+08 -1.14542198e+02 -4.77560317e+02
-1.54040404e-05 -9.34343434e-06 2.50004420e+08 -2.29686766e+02 -5.71516594e+02
-1.48989899e-05 -9.34343434e-06 2.50004764e+08 -3.48864254e+02 -6.65199089e+02
-1.43939394e-05 -9.34343434e-06 2.50005150e+08 -4.74440820e+02 -7.65541018e+02
-1.38888889e-05 -9.34343434e-06 2.50005591e+08 -6.15162293e+02 -8.77516324e+02
-1.33838384e-05 -9.34343434e-06 2.50006101e+08 -7.83604682e+02 -1.00299874e+03
-1.28787879e-05 -9.34343434e-06 2.50006698e+08 -9.94539035e+02 -1.14141269e+03
-1.23737374e-05 -9.34343434e-06 2.50007400e+08 -1.26494522e+03 -1.29034346e+03
-1.18686869e-05 -9.34343434e-06 2.50008235e+08 -1.61463308e+03 -1.44517224e+03
-1.13636364e-05 -9.34343434e-06 2.50009234e+08 -2.06651097e+03 -1.59820995e+03
-1.08585859e-05 -9.34343434e-06 2.50010443e+08 -2.64680048e+03 -1.73826427e+03
-1.03535354e-05 -9.34343434e-06 2.50011924e+08 -3.38652593e+03 -1.85089738e+03
-9.84848485e-06 -9.34343434e-06 2.50013770e+08 -4.32557080e+03 -1.91874952e+03
-9.34343434e-06 -9.34343434e-06 2.50016131e+08 -5.52001238e+03 -1.92143332e+03
-8.83838384e-06 -9.34343434e-06 2.50019252e+08 -7.05362802e+03 -1.83635846e+03
-8.33333333e-06 -9.34343434e-06 2.50023580e+08 -9.05621073e+03 -1.64711140e+03
-7.82828283e-06 -9.34343434e-06 2.50030008e+08 -1.17344509e+04 -1.38406201e+03
-7.32323232e-06 -9.34343434e-06 2.50040569e+08 -1.54204612e+04 -1.29818800e+03
-6.81818182e-06 -9.34343434e-06 2.50060828e+08 -2.05710755e+04 -2.65151786e+03
-6.31313131e-06 -9.34343434e-06 2.50110285e+08 -2.65482221e+04 -1.19152990e+04
-5.80808081e-06 -9.34343434e-06 2.50267723e+08 -7.47658328e+03 -5.85465175e+04
-5.30303030e-06 -9.34343434e-06 2.49210218e+08 -9.45763501e+05 1.87242627e+05
-4.79797980e-06 -9.34343434e-06 2.49230194e+08 2.27446773e+04 5.31761181e+05
-4.29292929e-06 -9.34343434e-06 2.50068853e+08 -1.16556619e+05 -1.09720594e+05
-3.78787879e-06 -9.34343434e-06 2.50070900e+08 -6.37071597e+04 -8.96399402e+04
-3.28282828e-06 -9.34343434e-06 2.50054768e+08 -5.40430461e+04 -6.05089005e+04
-2.77777778e-06 -9.34343434e-06 2.50046090e+08 -4.08499170e+04 -3.97888677e+04
-2.27272727e-06 -9.34343434e-06 2.50042814e+08 -2.50092914e+04 -2.75593080e+04
-1.76767677e-06 -9.34343434e-06 2.50042589e+08 -1.19585039e+04 -2.25823298e+04
-1.26262626e-06 -9.34343434e-06 2.50042075e+08 -4.41927416e+03 -2.09666660e+04
-7.57575758e-07 -9.34343434e-06 2.50039773e+08 -1.25936576e+03 -1.97752750e+04
-2.52525253e-07 -9.34343434e-06 2.50036077e+08 -3.77663557e+02 -1.81311471e+04
2.52525253e-07 -9.34343434e-06 2.50031870e+08 -3.68790542e+02 -1.61666142e+04
7.57575758e-07 -9.34343434e-06 2.50027786e+08 -5.80807927e+02 -1.41698925e+04
1.26262626e-06 -9.34343434e-06 2.50024129e+08 -7.77433939e+02 -1.23236717e+04
1.76767677e-06 -9.34343434e-06 2.50020985e+08 -8.97901109e+02 -1.07010870e+04
2.27272727e-06 -9.34343434e-06 2.50018339e+08 -9.42595574e+02 -9.31104583e+03
2.77777778e-06 -9.34343434e-06 2.50016134e+08 -9.27765481e+02 -8.13342052e+03
3.28282828e-06 -9.34343434e-06 2.50014302e+08 -8.70062785e+02 -7.13855612e+03
3.78787879e-06 -9.34343434e-06 2.50012780e+08 -7.82433948e+02 -6.29642950e+03
4.29292929e-06 -9.34343434e-06 2.50011513e+08 -6.73851150e+02 -5.58030642e+03
4.79797980e-06 -9.34343434e-06 2.50010455e+08 -5.50097486e+02 -4.96778861e+03
5.30303030e-06 -9.34343434e-06 2.50009568e+08 -4.14667946e+02 -4.44074422e+03
5.80808081e-06 -9.34343434e-06 2.50008822e+08 -2.69525527e+02 -3.98483407e+03
6.31313131e-06 -9.34343434e-06 2.50008190e+08 -1.15680944e+02 -3.58895055e+03
6.81818182e-06 -9.34343434e-06 2.50007652e+08 4.63697324e+01 -3.24469606e+03
7.32323232e-06 -9.34343434e-06 2.50007188e+08 2.16305025e+02 -2.94594060e+03
7.82828283e-06 -9.34343434e-06 2.50006785e+08 3.93697532e+02 -2.68845905e+03
8.33333333e-06 -9.34343434e-06 2.50006427e+08 5.77764809e+02 -2.46963295e+03
8.83838384e-06 -9.34343434e-06 2.50006104e+08 7.67133149e+02 -2.28819469e+03
9.34343434e-06 -9.34343434e-06 2.50005805e+08 9.59604659e+02 -2.14399002e+03
9.84848485e-06 -9.34343434e-06 2.50005520e+08 1.15192673e+03 -2.03773429e+03
1.03535354e-05 -9.34343434e-06 2.50005241e+08 1.33957211e+03 -1.97073862e+03
1.08585859e-05 -9.34343434e-06 2.50004961e+08 1.51654768e+03 -1.94458444e+03
1.13636364e-05 -9.34343434e-06 2.50004673e+08 1.67526041e+03 -1.96072967e+03
1.18686869e-05 -9.34343434e-06 2.50004374e+08 1.80647959e+03 -2.02003856e+03
1.23737374e-05 -9.34343434e-06 2.50004061e+08 1.89944226e+03 -2.12224011e+03
1.28787879e-05 -9.34343434e-06 2.50003735e+08 1.94215278e+03 -2.26533886e+03
1.33838384e-05 -9.34343434e-06 2.50003397e+08 1.92192264e+03 -2.44502478e+03
1.38888889e-05 -9.34343434e-06 2.50003053e+08 1.82618039e+03 -2.65415474e+03
1.43939394e-05 -9.34343434e-06 2.50002712e+08 1.64355019e+03 -2.88240053e+03
1.48989899e-05 -9.34343434e-06 2.50002384e+08 1.36515153e+03 -3.11617278e+03
1.54040404e-05 -9.34343434e-06 2.50002081e+08 9.86014811e+02 -3.33892566e+03
1.59090909e-05 -9.34343434e-06 2.50001817e+08 5.06447199e+02 -3.53191931e+03
1.64141414e-05 -9.34343434e-06 2.50001604e+08 -6.68650892e+01 -3.67545889e+03
1.69191919e-05 -9.34343434e-06 2.50001453e+08 -7.20251534e+02 -3.75054704e+03
1.74242424e-05 -9.34343434e-06 2.50001370e+08 -1.43315637e+03 -3.74078967e+03
1.79292929e-05 -9.34343434e-06 2.50001359e+08 -2.17906934e+03 -3.63430803e+03
1.84343434e-05 -9.34343434e-06 2.50001415e+08 -2.92728685e+03 -3.42535657e+03
1.89393939e-05 -9.34343434e-06 2.50001530e+08 -3.64534664e+03 -3.11535158e+03
1.94444444e-05 -9.34343434e-06 2.50001691e+08 -4.30183319e+03 -2.71308996e+03
1.99494949e-05 -9.34343434e-06 2.50001880e+08 -4.86915535e+03 -2.23407292e+03
2.04545455e-05 -9.34343434e-06 2.50002080e+08 -5.32588388e+03 -1.69901478e+03
2.09595960e-05 -9.34343434e-06 2.50002272e+08 -5.65831409e+03 -1.13177116e+03
2.14646465e-05 -9.34343434e-06 2.50002440e+08 -5.86106880e+03 -5.57020866e+02
2.19696970e-05 -9.34343434e-06 2.50002571e+08 -5.93673863e+03 1.94205263e+00
2.24747475e-05 -9.34343434e-06 2.50002658e+08 -5.89472213e+03 5.25006792e+02
2.29797980e-05 -9.34343434e-06 2.50002695e+08 -5.74953820e+03 9.96447073e+02
2.34848485e-05 -9.34343434e-06 2.50002683e+08 -5.51892089e+03 1.40546889e+03
2.39898990e-05 -9.34343434e-06 2.50002625e+08 -5.22197655e+03 1.74616419e+03
2.44949495e-05 -9.34343434e-06 2.50002527e+08 -4.87760922e+03 2.01700760e+03
2.50000000e-05 -9.34343434e-06 2.50002395e+08 -4.50332843e+03 2.22006631e+03
-2.50000000e-05 -8.83838384e-06 2.50001272e+08 -3.82996551e+02 3.46472516e+02
-2.44949495e-05 -8.83838384e-06 2.50001382e+08 -3.32971841e+02 3.52948339e+02
-2.39898990e-05 -8.83838384e-06 2.50001497e+08 -2.80068629e+02 3.55346043e+02
-2.34848485e-05 -8.83838384e-06 2.50001618e+08 -2.24598267e+02 3.53074651e+02
-2.29797980e-05 -8.83838384e-06 2.50001745e+08 -1.66948560e+02 3.45491661e+02
-2.24747475e-05 -8.83838384e-06 2.50001877e+08 -1.07594570e+02 3.31886572e+02
-2.19696970e-05 -8.83838384e-06 2.50002014e+08 -4.71168508e+01 3.11454025e+02
-2.14646465e-05 -8.83838384e-06 2.50002158e+08 1.37656148e+01 2.83252502e+02
-2.09595960e-05 -8.83838384e-06 2.50002306e+08 7.41351934e+01 2.46145130e+02
-2.04545455e-05 -8.83838384e-06 2.50002461e+08 1.32767545e+02 1.98723339e+02
-1.99494949e-05 -8.83838384e-06 2.50002622e+08 1.87946105e+02 1.39227442e+02
-1.94444444e-05 -8.83838384e-06 2.50002791e+08 2.37166687e+02 6.55101367e+01
-1.89393939e-05 -8.83838384e-06 2.50002970e+08 2.76727073e+02 -2.48479839e+01
-1.84343434e-05 -8.83838384e-06 2.50003162e+08 3.01308612e+02 -1.34070147e+02
-1.79292929e-05 -8.83838384e-06 2.50003374e+08 3.03934198e+02 -2.63116376e+02
-1.74242424e-05 -8.83838384e-06 2.50003611e+08 2.77113832e+02 -4.10024408e+02
-1.69191919e-05 -8.83838384e-06 2.50003880e+08 2.16074931e+02 -5.68595845e+02
-1.64141414e-05 -8.83838384e-06 2.50004184e+08 1.23473571e+02 -7.29690861e+02
-1.59090909e-05 -8.83838384e-06 2.50004523e+08 1.15254029e+01 -8.86775632e+02
-1.54040404e-05 -8.83838384e-06 2.50004897e+08 -1.03497907e+02 -1.04243085e+03
-1.48989899e-05 -8.83838384e-06 2.50005314e+08 -2.12159718e+02 -1.20854196e+03
-1.43939394e-05 -8.83838384e-06 2.50005792e+08 -3.17869402e+02 -1.39908232e+03
-1.38888889e-05 -8.83838384e-06 2.50006350e+08 -4.33279644e+02 -1.62367677e+03
-1.33838384e-05 -8.83838384e-06 2.50007010e+08 -5.73646050e+02 -1.88768853e+03
-1.28787879e-05 -8.83838384e-06 2.50007793e+08 -7.54198916e+02 -2.19601931e+03
-1.23737374e-05 -8.83838384e-06 2.50008728e+08 -9.91646568e+02 -2.55571329e+03
-1.18686869e-05 -8.83838384e-06 2.50009856e+08 -1.30610208e+03 -2.97599075e+03
-1.13636364e-05 -8.83838384e-06 2.50011231e+08 -1.72078851e+03 -3.46778877e+03
-1.08585859e-05 -8.83838384e-06 2.50012928e+08 -2.26009202e+03 -4.04582822e+03
-1.03535354e-05 -8.83838384e-06 2.50015053e+08 -2.94874900e+03 -4.73462181e+03
-9.84848485e-06 -8.83838384e-06 2.50017764e+08 -3.81389438e+03 -5.57798091e+03
-9.34343434e-06 -8.83838384e-06 2.50021311e+08 -4.88842717e+03 -6.65261984e+03
-8.83838384e-06 -8.83838384e-06 2.50026094e+08 -6.21113913e+03 -8.09084512e+03
-8.33333333e-06 -8.83838384e-06 2.50032785e+08 -7.81452856e+03 -1.01235107e+04
-7.82828283e-06 -8.83838384e-06 2.50042545e+08 -9.67608319e+03 -1.31591583e+04
-7.32323232e-06 -8.83838384e-06 2.50057374e+08 -1.15661511e+04 -1.78843384e+04
-6.81818182e-06 -8.83838384e-06 2.50080174e+08 -1.27218414e+04 -2.50122197e+04
-6.31313131e-06 -8.83838384e-06 2.50110086e+08 -1.31888606e+04 -3.17865215e+04
-5.80808081e-06 -8.83838384e-06 2.50118772e+08 -4.10126699e+04 -2.27929310e+04
-5.30303030e-06 -8.83838384e-06 2.50100178e+08 -1.16127982e+05 -3.54605851e+04
-4.79797980e-06 -8.83838384e-06 2.51366703e+08 3.68354539e+04 -6.71397501e+05
-4.29292929e-06 -8.83838384e-06 2.50367958e+08 -2.06568560e+04 -1.22521776e+05
-3.78787879e-06 -8.83838384e-06 2.50115241e+08 -5.90870403e+04 -1.10564318e+05
-3.28282828e-06 -8.83838384e-06 2.50078899e+08 -8.15408844e+04 -7.21590468e+04
-2.77777778e-06 -8.83838384e-06 2.50066224e+08 -6.03227777e+04 -4.57481651e+04
-2.27272727e-06 -8.83838384e-06 2.50060992e+08 -3.34894263e+04 -3.04080338e+04
-1.76767677e-06 -8.83838384e-06 2.50059991e+08 -1.41342074e+04 -2.63382303e+04
-1.26262626e-06 -8.83838384e-06 2.50056582e+08 -5.69748611e+03 -2.51775718e+04
-7.57575758e-07 -8.83838384e-06 2.50050069e+08 -3.27482851e+03 -2.29947524e+04
-2.52525253e-07 -8.83838384e-06 2.50042610e+08 -2.85791768e+03 -1.99839236e+04
2.52525253e-07 -8.83838384e-06 2.50035713e+08 -2.84668109e+03 -1.69367129e+04
7.57575758e-07 -8.83838384e-06 2.50029899e+08 -2.80733719e+03 -1.42506364e+04
1.26262626e-06 -8.83838384e-06 2.50025185e+08 -2.67829623e+03 -1.20194176e+04
1.76767677e-06 -8.83838384e-06 2.50021415e+08 -2.48425344e+03 -1.02076640e+04
2.27272727e-06 -8.83838384e-06 2.50018408e+08 -2.25649537e+03 -8.74360779e+03
2.77777778e-06 -8.83838384e-06 2.50016000e+08 -2.01676719e+03 -7.55560927e+03
3.28282828e-06 -8.83838384e-06 2.50014062e+08 -1.77737005e+03 -6.58325265e+03
3.78787879e-06 -8.83838384e-06 2.50012491e+08 -1.54407909e+03 -5.77879705e+03
4.29292929e-06 -8.83838384e-06 2.50011211e+08 -1.31868722e+03 -5.10556409e+03
4.79797980e-06 -8.83838384e-06 2.50010161e+08 -1.10072981e+03 -4.53572645e+03
5.30303030e-06 -8.83838384e-06 2.50009295e+08 -8.88558149e+02 -4.04830891e+03
5.80808081e-06 -8.83838384e-06 2.50008577e+08 -6.79988569e+02 -3.62759610e+03
6.31313131e-06 -8.83838384e-06 2.50007978e+08 -4.72699004e+02 -3.26193238e+03
6.81818182e-06 -8.83838384e-06 2.50007476e+08 -2.64486379e+02 -2.94284173e+03
7.32323232e-06 -8.83838384e-06 2.50007050e+08 -5.34562654e+01 -2.66439081e+03
7.82828283e-06 -8.83838384e-06 2.50006685e+08 1.61810718e+02 -2.42272861e+03
8.33333333e-06 -8.83838384e-06 2.50006366e+08 3.82088168e+02 -2.21574794e+03
8.83838384e-06 -8.83838384e-06 2.50006082e+08 6.07312507e+02 -2.04282309e+03
9.34343434e-06 -8.83838384e-06 2.50005820e+08 8.36363290e+02 -1.90458412e+03
9.84848485e-06 -8.83838384e-06 2.50005570e+08 1.06681583e+03 -1.80269178e+03
1.03535354e-05 -8.83838384e-06 2.50005324e+08 1.29467610e+03 -1.73957877e+03
1.08585859e-05 -8.83838384e-06 2.50005072e+08 1.51411935e+03 -1.71812550e+03
1.13636364e-05 -8.83838384e-06 2.50004807e+08 1.71726719e+03 -1.74124225e+03
1.18686869e-05 -8.83838384e-06 2.50004525e+08 1.89405333e+03 -1.81133837e+03
1.23737374e-05 -8.83838384e-06 2.50004221e+08 2.03224231e+03 -1.92967335e+03
1.28787879e-05 -8.83838384e-06 2.50003895e+08 2.11767628e+03 -2.09560804e+03
1.33838384e-05 -8.83838384e-06 2.50003549e+08 2.13482587e+03 -2.30580526e+03
1.38888889e-05 -8.83838384e-06 2.50003188e+08 2.06770677e+03 -2.55346700e+03
1.43939394e-05 -8.83838384e-06 2.50002822e+08 1.90118815e+03 -2.82773421e+03
1.48989899e-05 -8.83838384e-06 2.50002463e+08 1.62265835e+03 -3.11340478e+03
1.54040404e-05 -8.83838384e-06 2.50002127e+08 1.22393058e+03 -3.39113382e+03
1.59090909e-05 -8.83838384e-06 2.50001831e+08 7.03177379e+02 -3.63825304e+03
1.64141414e-05 -8.83838384e-06 2.50001590e+08 6.65965946e+01 -3.83027432e+03
1.69191919e-05 -8.83838384e-06 2.50001419e+08 -6.70536998e+02 -3.94302570e+03
1.74242424e-05 -8.83838384e-06 2.50001328e+08 -1.48376354e+03 -3.95522187e+03
1.79292929e-05 -8.83838384e-06 2.50001322e+08 -2.34050034e+03 -3.85112713e+03
1.84343434e-05 -8.83838384e-06 2.50001395e+08 -3.20231514e+03 -3.62287011e+03
1.89393939e-05 -8.83838384e-06 2.50001539e+08 -4.02821140e+03 -3.27195947e+03
1.94444444e-05 -8.83838384e-06 2.50001737e+08 -4.77849112e+03 -2.80965103e+03
1.99494949e-05 -8.83838384e-06 2.50001966e+08 -5.41860009e+03 -2.25602214e+03
2.04545455e-05 -8.83838384e-06 2.50002204e+08 -5.92233120e+03 -1.63786909e+03
2.09595960e-05 -8.83838384e-06 2.50002428e+08 -6.27388291e+03 -9.85787068e+02
2.14646465e-05 -8.83838384e-06 2.50002618e+08 -6.46851141e+03 -3.30946435e+02
2.19696970e-05 -8.83838384e-06 2.50002760e+08 -6.51180447e+03 2.97897776e+02
2.24747475e-05 -8.83838384e-06 2.50002845e+08 -6.41785942e+03 8.76731109e+02
2.29797980e-05 -8.83838384e-06 2.50002869e+08 -6.20680304e+03 1.38769632e+03
2.34848485e-05 -8.83838384e-06 2.50002835e+08 -5.90212376e+03 1.81956634e+03
2.39898990e-05 -8.83838384e-06 2.50002748e+08 -5.52821430e+03 2.16740940e+03
2.44949495e-05 -8.83838384e-06 2.50002616e+08 -5.10838989e+03 2.43168252e+03
2.50000000e-05 -8.83838384e-06 2.50002448e+08 -4.66350024e+03 2.61701655e+03
-2.50000000e-05 -8.33333333e-06 2.50001324e+08 -3.90281333e+02 2.98002307e+02
-2.44949495e-05 -8.33333333e-06 2.50001442e+08 -3.36251765e+02 3.02287912e+02
-2.39898990e-05 -8.33333333e-06 2.50001566e+08 -2.78745078e+02 3.02060820e+02
-2.34848485e-05 -8.33333333e-06 2.50001698e+08 -2.18027612e+02 2.96673486e+02
-2.29797980e-05 -8.33333333e-06 2.50001836e+08 -1.54430677e+02 2.85431204e+02
-2.24747475e-05 -8.33333333e-06 2.50001980e+08 -8.83521714e+01 2.67578225e+02
-2.19696970e-05 -8.33333333e-06 2.50002131e+08 -2.02605023e+01 2.42271664e+02
-2.14646465e-05 -8.33333333e-06 2.50002288e+08 4.92936134e+01 2.08535473e+02
-2.09595960e-05 -8.33333333e-06 2.50002452e+08 1.19645545e+02 1.65183404e+02
-2.04545455e-05 -8.33333333e-06 2.50002622e+08 1.89941148e+02 1.10697111e+02
-1.99494949e-05 -8.33333333e-06 2.50002799e+08 2.58971264e+02 4.30483538e+01
-1.94444444e-05 -8.33333333e-06 2.50002982e+08 3.24837363e+02 -4.05232329e+01
-1.89393939e-05 -8.33333333e-06 2.50003174e+08 3.84338281e+02 -1.43689535e+02
-1.84343434e-05 -8.33333333e-06 2.50003377e+08 4.32008237e+02 -2.70895058e+02
-1.79292929e-05 -8.33333333e-06 2.50003599e+08 4.59060352e+02 -4.26292600e+02
-1.74242424e-05 -8.33333333e-06 2.50003847e+08 4.53481646e+02 -6.10948907e+02
-1.69191919e-05 -8.33333333e-06 2.50004135e+08 4.04089781e+02 -8.18645278e+02
-1.64141414e-05 -8.33333333e-06 2.50004467e+08 3.10622981e+02 -1.03465336e+03
-1.59090909e-05 -8.33333333e-06 2.50004842e+08 1.93125604e+02 -1.24504428e+03
-1.54040404e-05 -8.33333333e-06 2.50005258e+08 8.37115256e+01 -1.45321315e+03
-1.48989899e-05 -8.33333333e-06 2.50005726e+08 6.83533476e-01 -1.68196005e+03
-1.43939394e-05 -8.33333333e-06 2.50006272e+08 -6.41735259e+01 -1.95491357e+03
-1.38888889e-05 -8.33333333e-06 2.50006924e+08 -1.31935767e+02 -2.28304944e+03
-1.33838384e-05 -8.33333333e-06 2.50007704e+08 -2.20095386e+02 -2.66978072e+03
-1.28787879e-05 -8.33333333e-06 2.50008634e+08 -3.40060008e+02 -3.12176484e+03
-1.23737374e-05 -8.33333333e-06 2.50009743e+08 -5.03545456e+02 -3.65361314e+03
-1.18686869e-05 -8.33333333e-06 2.50011079e+08 -7.27650699e+02 -4.28580343e+03
-1.13636364e-05 -8.33333333e-06 2.50012706e+08 -1.03292961e+03 -5.04119622e+03
-1.08585859e-05 -8.33333333e-06 2.50014710e+08 -1.43598561e+03 -5.94689176e+03
-1.03535354e-05 -8.33333333e-06 2.50017205e+08 -1.94369828e+03 -7.04357191e+03
-9.84848485e-06 -8.33333333e-06 2.50020357e+08 -2.55303565e+03 -8.39782476e+03
-9.34343434e-06 -8.33333333e-06 2.50024406e+08 -3.25196240e+03 -1.01127846e+04
-8.83838384e-06 -8.33333333e-06 2.50029700e+08 -4.01383136e+03 -1.23357251e+04
-8.33333333e-06 -8.33333333e-06 2.50036717e+08 -4.78164495e+03 -1.52551025e+04
-7.82828283e-06 -8.33333333e-06 2.50046031e+08 -5.45507724e+03 -1.90466004e+04
-7.32323232e-06 -8.33333333e-06 2.50057989e+08 -5.98623911e+03 -2.36272285e+04
-6.81818182e-06 -8.33333333e-06 2.50071476e+08 -7.16461668e+03 -2.78977031e+04
-6.31313131e-06 -8.33333333e-06 2.50081328e+08 -1.41542642e+04 -2.89598119e+04
-5.80808081e-06 -8.33333333e-06 2.50081874e+08 -4.14473480e+04 -2.89149381e+04
-5.30303030e-06 -8.33333333e-06 2.50086645e+08 -8.72442389e+04 -4.90498774e+04
-4.79797980e-06 -8.33333333e-06 2.50108424e+08 -1.41873517e+05 -9.69894706e+04
-4.29292929e-06 -8.33333333e-06 2.48514967e+08 -9.95721534e+05 5.52064014e+05
-3.78787879e-06 -8.33333333e-06 2.48552643e+08 -7.53708790e+05 7.14301642e+05
-3.28282828e-06 -8.33333333e-06 2.50096678e+08 -1.44660504e+05 -8.63351339e+04
-2.77777778e-06 -8.33333333e-06 2.50086764e+08 -8.69956602e+04 -4.78872622e+04
-2.27272727e-06 -8.33333333e-06 2.50082568e+08 -4.04808680e+04 -2.87155849e+04
-1.76767677e-06 -8.33333333e-06 2.50081711e+08 -1.42355861e+04 -2.92093246e+04
-1.26262626e-06 -8.33333333e-06 2.50071262e+08 -7.94233365e+03 -2.79548361e+04
-7.57575758e-07 -8.33333333e-06 2.50057546e+08 -7.00433636e+03 -2.35770595e+04
-2.52525253e-07 -8.33333333e-06 2.50045590e+08 -6.58408299e+03 -1.90103167e+04
2.52525253e-07 -8.33333333e-06 2.50036359e+08 -6.00312621e+03 -1.52784270e+04
7.57575758e-07 -8.33333333e-06 2.50029450e+08 -5.32902269e+03 -1.24298390e+04
1.26262626e-06 -8.33333333e-06 2.50024277e+08 -4.65943657e+03 -1.02807774e+04
1.76767677e-06 -8.33333333e-06 2.50020360e+08 -4.04295885e+03 -8.64468902e+03
2.27272727e-06 -8.33333333e-06 2.50017351e+08 -3.49469953e+03 -7.37801843e+03
2.77777778e-06 -8.33333333e-06 2.50015008e+08 -3.01346682e+03 -6.37822611e+03
3.28282828e-06 -8.33333333e-06 2.50013159e+08 -2.59145675e+03 -5.57345021e+03
3.78787879e-06 -8.33333333e-06 2.50011686e+08 -2.21889909e+03 -4.91326989e+03
4.29292929e-06 -8.33333333e-06 2.50010500e+08 -1.88608070e+03 -4.36200220e+03
4.79797980e-06 -8.33333333e-06 2.50009539e+08 -1.58412215e+03 -3.89413680e+03
5.30303030e-06 -8.33333333e-06 2.50008756e+08 -1.30519672e+03 -3.49128910e+03
5.80808081e-06 -8.33333333e-06 2.50008115e+08 -1.04252184e+03 -3.14017583e+03
6.31313131e-06 -8.33333333e-06 2.50007587e+08 -7.90278261e+02 -2.83126906e+03
6.81818182e-06 -8.33333333e-06 2.50007151e+08 -5.43529346e+02 -2.55790098e+03
7.32323232e-06 -8.33333333e-06 2.50006788e+08 -2.98174943e+02 -2.31566975e+03
7.82828283e-06 -8.33333333e-06 2.50006482e+08 -5.09568997e+01 -2.10204645e+03
8.33333333e-06 -8.33333333e-06 2.50006221e+08 2.00474315e+02 -1.91611318e+03
8.83838384e-06 -8.33333333e-06 2.50005991e+08 4.57426491e+02 -1.75838018e+03
9.34343434e-06 -8.33333333e-06 2.50005781e+08 7.19964033e+02 -1.63063839e+03
9.84848485e-06 -8.33333333e-06 2.50005581e+08 9.86640693e+02 -1.53580743e+03
1.03535354e-05 -8.33333333e-06 2.50005380e+08 1.25417742e+03 -1.47773881e+03
1.08585859e-05 -8.33333333e-06 2.50005169e+08 1.51710803e+03 -1.46093370e+03
1.13636364e-05 -8.33333333e-06 2.50004939e+08 1.76743203e+03 -1.49013470e+03
1.18686869e-05 -8.33333333e-06 2.50004684e+08 1.99433505e+03 -1.56975719e+03
1.23737374e-05 -8.33333333e-06 2.50004398e+08 2.18406046e+03 -1.70313922e+03
1.28787879e-05 -8.33333333e-06 2.50004079e+08 2.32003744e+03 -1.89161518e+03
1.33838384e-05 -8.33333333e-06 2.50003729e+08 2.38338260e+03 -2.13345856e+03
1.38888889e-05 -8.33333333e-06 2.50003353e+08 2.35388582e+03 -2.42279274e+03
1.43939394e-05 -8.33333333e-06 2.50002961e+08 2.21155428e+03 -2.74863033e+03
1.48989899e-05 -8.33333333e-06 2.50002568e+08 1.93871362e+03 -3.09425796e+03
1.54040404e-05 -8.33333333e-06 2.50002193e+08 1.52255025e+03 -3.43721534e+03
1.59090909e-05 -8.33333333e-06 2.50001857e+08 9.57834445e+02 -3.75010170e+03
1.64141414e-05 -8.33333333e-06 2.50001581e+08 2.49418289e+02 -4.00235822e+03
1.69191919e-05 -8.33333333e-06 2.50001385e+08 -5.86001648e+02 -4.16301445e+03
1.74242424e-05 -8.33333333e-06 2.50001282e+08 -1.51937787e+03 -4.20416598e+03
1.79292929e-05 -8.33333333e-06 2.50001280e+08 -2.51045992e+03 -4.10471408e+03
1.84343434e-05 -8.33333333e-06 2.50001374e+08 -3.51072724e+03 -3.85371789e+03
1.89393939e-05 -8.33333333e-06 2.50001553e+08 -4.46786529e+03 -3.45266087e+03
1.94444444e-05 -8.33333333e-06 2.50001795e+08 -5.33115808e+03 -2.91606878e+03
1.99494949e-05 -8.33333333e-06 2.50002072e+08 -6.05689427e+03 -2.27022990e+03
2.04545455e-05 -8.33333333e-06 2.50002355e+08 -6.61282296e+03 -1.55018514e+03
2.09595960e-05 -8.33333333e-06 2.50002615e+08 -6.98088875e+03 -7.95549733e+02
2.14646465e-05 -8.33333333e-06 2.50002829e+08 -7.15787191e+03 -4.59708042e+01
2.19696970e-05 -8.33333333e-06 2.50002979e+08 -7.15403025e+03 6.62956512e+02
2.24747475e-05 -8.33333333e-06 2.50003057e+08 -6.99023607e+03 1.30268700e+03
2.29797980e-05 -8.33333333e-06 2.50003060e+08 -6.69431799e+03 1.85333174e+03
2.34848485e-05 -8.33333333e-06 2.50002995e+08 -6.29732469e+03 2.30390066e+03
2.39898990e-05 -8.33333333e-06 2.50002868e+08 -5.83027139e+03 2.65145824e+03
2.44949495e-05 -8.33333333e-06 2.50002693e+08 -5.32169529e+03 2.89959123e+03
2.50000000e-05 -8.33333333e-06 2.50002482e+08 -4.79611445e+03 3.05658849e+03
-2.50000000e-05 -7.82828283e-06 2.50001365e+08 -3.95869066e+02 2.54268347e+02
-2.44949495e-05 -7.82828283e-06 2.50001491e+08 -3.37457524e+02 2.56990064e+02
-2.39898990e-05 -7.82828283e-06 2.50001624e+08 -2.74916759e+02 2.54823622e+02
-2.34848485e-05 -7.82828283e-06 2.50001765e+08 -2.08474286e+02 2.47074992e+02
-2.29797980e-05 -7.82828283e-06 2.50001914e+08 -1.38416472e+02 2.33015572e+02
-2.24747475e-05 -7.82828283e-06 2.50002070e+08 -6.50818226e+01 2.11877337e+02
-2.19696970e-05 -7.82828283e-06 2.50002234e+08 1.11500217e+01 1.82838335e+02
-2.14646465e-05 -7.82828283e-06 2.50002406e+08 8.98722823e+01 1.44989678e+02
-2.09595960e-05 -7.82828283e-06 2.50002585e+08 1.70662384e+02 9.72683984e+01
-2.04545455e-05 -7.82828283e-06 2.50002770e+08 2.53074044e+02 3.83293139e+01
-1.99494949e-05 -7.82828283e-06 2.50002962e+08 3.36567649e+02 -3.36871220e+01
-1.94444444e-05 -7.82828283e-06 2.50003159e+08 4.20279092e+02 -1.21548863e+02
-1.89393939e-05 -7.82828283e-06 2.50003362e+08 5.02413161e+02 -2.29526548e+02
-1.84343434e-05 -7.82828283e-06 2.50003571e+08 5.78874295e+02 -3.64056900e+02
-1.79292929e-05 -7.82828283e-06 2.50003790e+08 6.40708643e+02 -5.33731261e+02
-1.74242424e-05 -7.82828283e-06 2.50004032e+08 6.70974373e+02 -7.46452976e+02
-1.69191919e-05 -7.82828283e-06 2.50004314e+08 6.46034479e+02 -1.00061330e+03
-1.64141414e-05 -7.82828283e-06 2.50004652e+08 5.52902254e+02 -1.27384129e+03
-1.59090909e-05 -7.82828283e-06 2.50005042e+08 4.21342901e+02 -1.53308634e+03
-1.54040404e-05 -7.82828283e-06 2.50005470e+08 3.18884381e+02 -1.77900145e+03
-1.48989899e-05 -7.82828283e-06 2.50005955e+08 2.80929711e+02 -2.05821413e+03
-1.43939394e-05 -7.82828283e-06 2.50006544e+08 2.80235793e+02 -2.40899957e+03
-1.38888889e-05 -7.82828283e-06 2.50007269e+08 2.76202187e+02 -2.83341555e+03
-1.33838384e-05 -7.82828283e-06 2.50008143e+08 2.51747557e+02 -3.32219405e+03
-1.28787879e-05 -7.82828283e-06 2.50009174e+08 2.07530726e+02 -3.87928482e+03
-1.23737374e-05 -7.82828283e-06 2.50010388e+08 1.42955818e+02 -4.52646509e+03
-1.18686869e-05 -7.82828283e-06 2.50011829e+08 4.42545226e+01 -5.29455409e+03
-1.13636364e-05 -7.82828283e-06 2.50013562e+08 -1.10868120e+02 -6.21087488e+03
-1.08585859e-05 -7.82828283e-06 2.50015664e+08 -3.34267732e+02 -7.29748392e+03
-1.03535354e-05 -7.82828283e-06 2.50018224e+08 -6.13960974e+02 -8.58517599e+03
-9.84848485e-06 -7.82828283e-06 2.50021360e+08 -9.18407285e+02 -1.01271016e+04
-9.34343434e-06 -7.82828283e-06 2.50025229e+08 -1.20706305e+03 -1.19972542e+04
-8.83838384e-06 -7.82828283e-06 2.50030011e+08 -1.43746133e+03 -1.42720465e+04
-8.33333333e-06 -7.82828283e-06 2.50035855e+08 -1.58305550e+03 -1.69869451e+04
-7.82828283e-06 -7.82828283e-06 2.50042728e+08 -1.71658450e+03 -2.00396585e+04
-7.32323232e-06 -7.82828283e-06 2.50050073e+08 -2.30847188e+03 -2.30183005e+04
-6.81818182e-06 -7.82828283e-06 2.50056354e+08 -5.03510129e+03 -2.51429580e+04
-6.31313131e-06 -7.82828283e-06 2.50059507e+08 -1.39534641e+04 -2.63490347e+04
-5.80808081e-06 -7.82828283e-06 2.50060509e+08 -3.37024226e+04 -3.07898771e+04
-5.30303030e-06 -7.82828283e-06 2.50066023e+08 -6.03472125e+04 -4.66295868e+04
-4.79797980e-06 -7.82828283e-06 2.50078844e+08 -8.13322622e+04 -7.31629490e+04
-4.29292929e-06 -7.82828283e-06 2.50103388e+08 -5.77854348e+04 -1.01023859e+05
-3.78787879e-06 -7.82828283e-06 2.50654763e+08 -2.18213535e+04 -2.05458224e+05
-3.28282828e-06 -7.82828283e-06 2.51037178e+08 -3.94596011e+04 -5.08491959e+05
-2.77777778e-06 -7.82828283e-06 2.50111255e+08 -1.11182210e+05 -4.16693940e+04
-2.27272727e-06 -7.82828283e-06 2.50120544e+08 -3.83387560e+04 -2.33542241e+04
-1.76767677e-06 -7.82828283e-06 2.50109539e+08 -1.37797861e+04 -3.19941888e+04
-1.26262626e-06 -7.82828283e-06 2.50078918e+08 -1.36739705e+04 -2.47550254e+04
-7.57575758e-07 -7.82828283e-06 2.50056319e+08 -1.25356833e+04 -1.77261349e+04
-2.52525253e-07 -7.82828283e-06 2.50041764e+08 -1.07083981e+04 -1.31617090e+04
2.52525253e-07 -7.82828283e-06 2.50032227e+08 -8.94088164e+03 -1.02600095e+04
7.57575758e-07 -7.82828283e-06 2.50025717e+08 -7.43923677e+03 -8.33495106e+03
1.26262626e-06 -7.82828283e-06 2.50021093e+08 -6.21236567e+03 -6.98935286e+03
1.76767677e-06 -7.82828283e-06 2.50017697e+08 -5.21813586e+03 -6.00182025e+03
2.27272727e-06 -7.82828283e-06 2.50015134e+08 -4.40881063e+03 -5.24566191e+03
2.77777778e-06 -7.82828283e-06 2.50013159e+08 -3.74303475e+03 -4.64530686e+03
3.28282828e-06 -7.82828283e-06 2.50011612e+08 -3.18762986e+03 -4.15369638e+03
3.78787879e-06 -7.82828283e-06 2.50010384e+08 -2.71659862e+03 -3.74034201e+03
4.29292929e-06 -7.82828283e-06 2.50009401e+08 -2.30962152e+03 -3.38480735e+03
4.79797980e-06 -7.82828283e-06 2.50008608e+08 -1.95069821e+03 -3.07302380e+03
5.30303030e-06 -7.82828283e-06 2.50007967e+08 -1.62707129e+03 -2.79514143e+03
5.80808081e-06 -7.82828283e-06 2.50007448e+08 -1.32842020e+03 -2.54424465e+03
6.31313131e-06 -7.82828283e-06 2.50007027e+08 -1.04627847e+03 -2.31557523e+03
6.81818182e-06 -7.82828283e-06 2.50006685e+08 -7.73630370e+02 -2.10606500e+03
7.32323232e-06 -7.82828283e-06 2.50006408e+08 -5.04653572e+02 -1.91406469e+03
7.82828283e-06 -7.82828283e-06 2.50006181e+08 -2.34586512e+02 -1.73919975e+03
8.33333333e-06 -7.82828283e-06 2.50005993e+08 4.02914857e+01 -1.58230750e+03
8.83838384e-06 -7.82828283e-06 2.50005833e+08 3.22572321e+02 -1.44542045e+03
9.34343434e-06 -7.82828283e-06 2.50005690e+08 6.13524893e+02 -1.33176358e+03
9.84848485e-06 -7.82828283e-06 2.50005552e+08 9.12796291e+02 -1.24573131e+03
1.03535354e-05 -7.82828283e-06 2.50005410e+08 1.21801561e+03 -1.19280384e+03
1.08585859e-05 -7.82828283e-06 2.50005253e+08 1.52431944e+03 -1.17935540e+03
1.13636364e-05 -7.82828283e-06 2.50005071e+08 1.82383790e+03 -1.21230095e+03
1.18686869e-05 -7.82828283e-06 2.50004855e+08 2.10520799e+03 -1.29852668e+03
1.23737374e-05 -7.82828283e-06 2.50004598e+08 2.35321647e+03 -1.44405917e+03
1.28787879e-05 -7.82828283e-06 2.50004296e+08 2.54871201e+03 -1.65295385e+03
1.33838384e-05 -7.82828283e-06 2.50003948e+08 2.66895791e+03 -1.92593129e+03
1.38888889e-05 -7.82828283e-06 2.50003560e+08 2.68860708e+03 -2.25886271e+03
1.43939394e-05 -7.82828283e-06 2.50003143e+08 2.58145259e+03 -2.64129868e+03
1.48989899e-05 -7.82828283e-06 2.50002712e+08 2.32302112e+03 -3.05533341e+03
1.54040404e-05 -7.82828283e-06 2.50002290e+08 1.89392292e+03 -3.47517219e+03
1.59090909e-05 -7.82828283e-06 2.50001905e+08 1.28365747e+03 -3.86778392e+03
1.64141414e-05 -7.82828283e-06 2.50001584e+08 4.94332613e+02 -4.19493392e+03
1.69191919e-05 -7.82828283e-06 2.50001354e+08 -4.56447072e+02 -4.41667925e+03
1.74242424e-05 -7.82828283e-06 2.50001234e+08 -1.53434479e+03 -4.49607899e+03
1.79292929e-05 -7.82828283e-06 2.50001235e+08 -2.68940006e+03 -4.40448702e+03
1.84343434e-05 -7.82828283e-06 2.50001353e+08 -3.85979478e+03 -4.12646684e+03
1.89393939e-05 -7.82828283e-06 2.50001574e+08 -4.97800932e+03 -3.66323514e+03
1.94444444e-05 -7.82828283e-06 2.50001870e+08 -5.97846142e+03 -3.03371014e+03
1.99494949e-05 -7.82828283e-06 2.50002205e+08 -6.80523631e+03 -2.27272507e+03
2.04545455e-05 -7.82828283e-06 2.50002541e+08 -7.41838819e+03 -1.42664832e+03
2.09595960e-05 -7.82828283e-06 2.50002842e+08 -7.79760604e+03 -5.47304854e+02
2.14646465e-05 -7.82828283e-06 2.50003080e+08 -7.94270263e+03 3.14515064e+02
2.19696970e-05 -7.82828283e-06 2.50003234e+08 -7.87116789e+03 1.11467734e+03
2.24747475e-05 -7.82828283e-06 2.50003296e+08 -7.61365622e+03 1.81953926e+03
2.29797980e-05 -7.82828283e-06 2.50003267e+08 -7.20857060e+03 2.40763962e+03
2.34848485e-05 -7.82828283e-06 2.50003157e+08 -6.69683893e+03 2.86942075e+03
2.39898990e-05 -7.82828283e-06 2.50002980e+08 -6.11765861e+03 3.20551660e+03
2.44949495e-05 -7.82828283e-06 2.50002751e+08 -5.50557731e+03 3.42426757e+03
2.50000000e-05 -7.82828283e-06 2.50002487e+08 -4.88892008e+03 3.53905854e+03
-2.50000000e-05 -7.32323232e-06 2.50001395e+08 -4.00382945e+02 2.15764138e+02
-2.44949495e-05 -7.32323232e-06 2.50001528e+08 -3.37264394e+02 2.17593054e+02
-2.39898990e-05 -7.32323232e-06 2.50001669e+08 -2.69314313e+02 2.14205825e+02
-2.34848485e-05 -7.32323232e-06 2.50001820e+08 -1.96731591e+02 2.04861389e+02
-2.29797980e-05 -7.32323232e-06 2.50001978e+08 -1.19777385e+02 1.88799716e+02
-2.24747475e-05 -7.32323232e-06 2.50002146e+08 -3.87643892e+01 1.65250561e+02
-2.19696970e-05 -7.32323232e-06 2.50002323e+08 4.59635840e+01 1.33439674e+02
-2.14646465e-05 -7.32323232e-06 2.50002508e+08 1.34065502e+02 9.25867154e+01
-2.09595960e-05 -7.32323232e-06 2.50002702e+08 2.25254554e+02 4.18823898e+01
-2.04545455e-05 -7.32323232e-06 2.50002903e+08 3.19368589e+02 -1.95819538e+01
-1.99494949e-05 -7.32323232e-06 2.50003112e+08 4.16448318e+02 -9.29887404e+01
-1.94444444e-05 -7.32323232e-06 2.50003326e+08 5.16767906e+02 -1.80188337e+02
-1.89393939e-05 -7.32323232e-06 2.50003541e+08 6.20626909e+02 -2.84532230e+02
-1.84343434e-05 -7.32323232e-06 2.50003756e+08 7.27336823e+02 -4.12475200e+02
-1.79292929e-05 -7.32323232e-06 2.50003966e+08 8.31968281e+02 -5.76041644e+02
-1.74242424e-05 -7.32323232e-06 2.50004179e+08 9.17364627e+02 -7.94122436e+02
-1.69191919e-05 -7.32323232e-06 2.50004418e+08 9.42658076e+02 -1.08309437e+03
-1.64141414e-05 -7.32323232e-06 2.50004721e+08 8.55501958e+02 -1.42141671e+03
-1.59090909e-05 -7.32323232e-06 2.50005093e+08 6.82931145e+02 -1.72950687e+03
-1.54040404e-05 -7.32323232e-06 2.50005488e+08 5.82721095e+02 -1.98857583e+03
-1.48989899e-05 -7.32323232e-06 2.50005946e+08 6.26643391e+02 -2.31038062e+03
-1.43939394e-05 -7.32323232e-06 2.50006560e+08 7.18478565e+02 -2.75196090e+03
-1.38888889e-05 -7.32323232e-06 2.50007353e+08 7.80164627e+02 -3.27553550e+03
-1.33838384e-05 -7.32323232e-06 2.50008305e+08 8.09544746e+02 -3.84438225e+03
-1.28787879e-05 -7.32323232e-06 2.50009402e+08 8.34813641e+02 -4.45920007e+03
-1.23737374e-05 -7.32323232e-06 2.50010652e+08 8.75248212e+02 -5.15258189e+03
-1.18686869e-05 -7.32323232e-06 2.50012098e+08 9.17595804e+02 -5.97085383e+03
-1.13636364e-05 -7.32323232e-06 2.50013798e+08 9.21546818e+02 -6.94208334e+03
-1.08585859e-05 -7.32323232e-06 2.50015808e+08 8.66775972e+02 -8.06401261e+03
-1.03535354e-05 -7.32323232e-06 2.50018166e+08 7.82718223e+02 -9.33599132e+03
-9.84848485e-06 -7.32323232e-06 2.50020918e+08 7.22814557e+02 -1.07822243e+04
-9.34343434e-06 -7.32323232e-06 2.50024119e+08 7.29039538e+02 -1.24338462e+04
-8.83838384e-06 -7.32323232e-06 2.50027788e+08 8.09743119e+02 -1.42925414e+04
-8.33333333e-06 -7.32323232e-06 2.50031837e+08 8.98984647e+02 -1.62887030e+04
-7.82828283e-06 -7.32323232e-06 2.50035959e+08 7.44676374e+02 -1.82384775e+04
-7.32323232e-06 -7.32323232e-06 2.50039516e+08 -3.30992780e+02 -1.98583362e+04
-6.81818182e-06 -7.32323232e-06 2.50041643e+08 -3.75571305e+03 -2.10478327e+04
-6.31313131e-06 -7.32323232e-06 2.50042019e+08 -1.15954750e+04 -2.27561971e+04
-5.80808081e-06 -7.32323232e-06 2.50042229e+08 -2.48293046e+04 -2.79652478e+04
-5.30303030e-06 -7.32323232e-06 2.50045568e+08 -4.05860467e+04 -4.04571600e+04
-4.79797980e-06 -7.32323232e-06 2.50054257e+08 -5.35403407e+04 -6.13273800e+04
-4.29292929e-06 -7.32323232e-06 2.50070540e+08 -6.28756813e+04 -9.07436461e+04
-3.78787879e-06 -7.32323232e-06 2.50079911e+08 -1.20606700e+05 -1.21846913e+05
-3.28282828e-06 -7.32323232e-06 2.48386552e+08 -7.06301717e+05 8.26498923e+05
-2.77777778e-06 -7.32323232e-06 2.49058656e+08 -9.93598702e+05 3.57119666e+05
-2.27272727e-06 -7.32323232e-06 2.50262483e+08 -1.28194942e+04 -5.73708068e+04
-1.76767677e-06 -7.32323232e-06 2.50105308e+08 -2.74398094e+04 -1.00080364e+04
-1.26262626e-06 -7.32323232e-06 2.50058377e+08 -2.11385774e+04 -2.07610605e+03
-7.57575758e-07 -7.32323232e-06 2.50039133e+08 -1.61116839e+04 -1.24494697e+03
-2.52525253e-07 -7.32323232e-06 2.50029064e+08 -1.25863554e+04 -1.58108417e+03
2.52525253e-07 -7.32323232e-06 2.50022925e+08 -1.00562988e+04 -1.99242501e+03
7.57575758e-07 -7.32323232e-06 2.50018798e+08 -8.18268564e+03 -2.28700845e+03
1.26262626e-06 -7.32323232e-06 2.50015842e+08 -6.75694233e+03 -2.45883813e+03
1.76767677e-06 -7.32323232e-06 2.50013632e+08 -5.64658087e+03 -2.53561998e+03
2.27272727e-06 -7.32323232e-06 2.50011929e+08 -4.76389414e+03 -2.54478694e+03
2.77777778e-06 -7.32323232e-06 2.50010591e+08 -4.04863179e+03 -2.50728995e+03
3.28282828e-06 -7.32323232e-06 2.50009525e+08 -3.45806654e+03 -2.43790850e+03
3.78787879e-06 -7.32323232e-06 2.50008668e+08 -2.96103566e+03 -2.34675266e+03
4.29292929e-06 -7.32323232e-06 2.50007976e+08 -2.53421702e+03 -2.24066465e+03
4.79797980e-06 -7.32323232e-06 2.50007416e+08 -2.15971995e+03 -2.12428989e+03
5.30303030e-06 -7.32323232e-06 2.50006965e+08 -1.82348337e+03 -2.00085148e+03
5.80808081e-06 -7.32323232e-06 2.50006604e+08 -1.51418954e+03 -1.87270843e+03
6.31313131e-06 -7.32323232e-06 2.50006317e+08 -1.22252141e+03 -1.74176944e+03
6.81818182e-06 -7.32323232e-06 2.50006093e+08 -9.40660613e+02 -1.60981630e+03
7.32323232e-06 -7.32323232e-06 2.50005920e+08 -6.61964980e+02 -1.47877400e+03
7.82828283e-06 -7.32323232e-06 2.50005788e+08 -3.80791864e+02 -1.35095194e+03
8.33333333e-06 -7.32323232e-06 2.50005689e+08 -9.24511353e+01 -1.22926945e+03
8.83838384e-06 -7.32323232e-06 2.50005611e+08 2.06715734e+02 -1.11746890e+03
9.34343434e-06 -7.32323232e-06 2.50005547e+08 5.19126537e+02 -1.02030883e+03
9.84848485e-06 -7.32323232e-06 2.50005486e+08 8.45612162e+02 -9.43717017e+02
1.03535354e-05 -7.32323232e-06 2.50005416e+08 1.18492945e+03 -8.94868976e+02
1.08585859e-05 -7.32323232e-06 2.50005327e+08 1.53314029e+03 -8.82140538e+02
1.13636364e-05 -7.32323232e-06 2.50005206e+08 1.88288635e+03 -9.14866975e+02
1.18686869e-05 -7.32323232e-06 2.50005043e+08 2.22262449e+03 -1.00282888e+03
1.23737374e-05 -7.32323232e-06 2.50004829e+08 2.53593742e+03 -1.15538404e+03
1.28787879e-05 -7.32323232e-06 2.50004555e+08 2.80109550e+03 -1.38018427e+03
1.33838384e-05 -7.32323232e-06 2.50004219e+08 2.99110643e+03 -1.68146792e+03
1.38888889e-05 -7.32323232e-06 2.50003825e+08 3.07453382e+03 -2.05801086e+03
1.43939394e-05 -7.32323232e-06 2.50003382e+08 3.01736129e+03 -2.50095246e+03
1.48989899e-05 -7.32323232e-06 2.50002909e+08 2.78609499e+03 -2.99187306e+03
1.54040404e-05 -7.32323232e-06 2.50002433e+08 2.35210327e+03 -3.50164945e+03
1.59090909e-05 -7.32323232e-06 2.50001988e+08 1.69688418e+03 -3.99069404e+03
1.64141414e-05 -7.32323232e-06 2.50001609e+08 8.17563800e+02 -4.41112057e+03
1.69191919e-05 -7.32323232e-06 2.50001333e+08 -2.68444639e+02 -4.71111349e+03
1.74242424e-05 -7.32323232e-06 2.50001188e+08 -1.52090888e+03 -4.84129677e+03
1.79292929e-05 -7.32323232e-06 2.50001189e+08 -2.87756401e+03 -4.76227555e+03
1.84343434e-05 -7.32323232e-06 2.50001335e+08 -4.25889173e+03 -4.45193288e+03
1.89393939e-05 -7.32323232e-06 2.50001607e+08 -5.57666005e+03 -3.91075113e+03
1.94444444e-05 -7.32323232e-06 2.50001970e+08 -6.74491343e+03 -3.16361213e+03
1.99494949e-05 -7.32323232e-06 2.50002376e+08 -7.69123326e+03 -2.25728256e+03
2.04545455e-05 -7.32323232e-06 2.50002775e+08 -8.36581601e+03 -1.25392611e+03
2.09595960e-05 -7.32323232e-06 2.50003122e+08 -8.74642975e+03 -2.22098350e+02
2.14646465e-05 -7.32323232e-06 2.50003380e+08 -8.83845728e+03 7.72671643e+02
2.19696970e-05 -7.32323232e-06 2.50003530e+08 -8.67056716e+03 1.67567445e+03
2.24747475e-05 -7.32323232e-06 2.50003563e+08 -8.28756408e+03 2.44784704e+03
2.29797980e-05 -7.32323232e-06 2.50003487e+08 -7.74234447e+03 3.06727233e+03
2.34848485e-05 -7.32323232e-06 2.50003317e+08 -7.08862891e+03 3.52785555e+03
2.39898990e-05 -7.32323232e-06 2.50003072e+08 -6.37550923e+03 3.83617252e+03
2.44949495e-05 -7.32323232e-06 2.50002776e+08 -5.64414949e+03 4.00756475e+03
2.50000000e-05 -7.32323232e-06 2.50002450e+08 -4.92644360e+03 4.06234360e+03
-2.50000000e-05 -6.81818182e-06 2.50001412e+08 -4.04493638e+02 1.82921693e+02
-2.44949495e-05 -6.81818182e-06 2.50001551e+08 -3.36387489e+02 1.84574277e+02
-2.39898990e-05 -6.81818182e-06 2.50001700e+08 -2.62691298e+02 1.80719000e+02
-2.34848485e-05 -6.81818182e-06 2.50001858e+08 -1.83584240e+02 1.70554906e+02
-2.29797980e-05 -6.81818182e-06 2.50002026e+08 -9.93222112e+01 1.53273104e+02
-2.24747475e-05 -6.81818182e-06 2.50002205e+08 -1.02297445e+01 1.28079240e+02
-2.19696970e-05 -6.81818182e-06 2.50002393e+08 8.33191984e+01 9.42226659e+01
-2.14646465e-05 -6.81818182e-06 2.50002591e+08 1.80938241e+02 5.10330627e+01
-2.09595960e-05 -6.81818182e-06 2.50002800e+08 2.82294523e+02 -2.03664937e+00
-2.04545455e-05 -6.81818182e-06 2.50003019e+08 3.87221970e+02 -6.53688371e+01
-1.99494949e-05 -6.81818182e-06 2.50003247e+08 4.95911257e+02 -1.39168529e+02
-1.94444444e-05 -6.81818182e-06 2.50003482e+08 6.09215788e+02 -2.23563839e+02
-1.89393939e-05 -6.81818182e-06 2.50003719e+08 7.29090945e+02 -3.19063033e+02
-1.84343434e-05 -6.81818182e-06 2.50003951e+08 8.58977073e+02 -4.28041308e+02
-1.79292929e-05 -6.81818182e-06 2.50004163e+08 1.00289661e+03 -5.58945834e+02
-1.74242424e-05 -6.81818182e-06 2.50004339e+08 1.15785993e+03 -7.36191144e+02
-1.69191919e-05 -6.81818182e-06 2.50004480e+08 1.28306032e+03 -1.01210522e+03
-1.64141414e-05 -6.81818182e-06 2.50004659e+08 1.24304436e+03 -1.42338040e+03
-1.59090909e-05 -6.81818182e-06 2.50004952e+08 9.57470205e+02 -1.80478750e+03
-1.54040404e-05 -6.81818182e-06 2.50005225e+08 8.48292903e+02 -2.02570724e+03
-1.48989899e-05 -6.81818182e-06 2.50005605e+08 1.06842925e+03 -2.41861610e+03
-1.43939394e-05 -6.81818182e-06 2.50006276e+08 1.27562776e+03 -3.00845125e+03
-1.38888889e-05 -6.81818182e-06 2.50007170e+08 1.37162792e+03 -3.64312324e+03
-1.33838384e-05 -6.81818182e-06 2.50008201e+08 1.41570866e+03 -4.26549076e+03
-1.28787879e-05 -6.81818182e-06 2.50009338e+08 1.47883711e+03 -4.88551580e+03
-1.23737374e-05 -6.81818182e-06 2.50010574e+08 1.61145355e+03 -5.54819787e+03
-1.18686869e-05 -6.81818182e-06 2.50011939e+08 1.80216550e+03 -6.33053341e+03
-1.13636364e-05 -6.81818182e-06 2.50013503e+08 1.95334748e+03 -7.26958640e+03
-1.08585859e-05 -6.81818182e-06 2.50015285e+08 2.00832145e+03 -8.30886720e+03
-1.03535354e-05 -6.81818182e-06 2.50017252e+08 2.03132356e+03 -9.39995880e+03
-9.84848485e-06 -6.81818182e-06 2.50019383e+08 2.10258366e+03 -1.05532452e+04
-9.34343434e-06 -6.81818182e-06 2.50021665e+08 2.24350480e+03 -1.17775529e+04
-8.83838384e-06 -6.81818182e-06 2.50024023e+08 2.40670529e+03 -1.30330157e+04
-8.33333333e-06 -6.81818182e-06 2.50026270e+08 2.44726934e+03 -1.42180873e+04
-7.82828283e-06 -6.81818182e-06 2.50028062e+08 2.04459483e+03 -1.51871830e+04
-7.32323232e-06 -6.81818182e-06 2.50028930e+08 5.96656115e+02 -1.58459611e+04
-6.81818182e-06 -6.81818182e-06 2.50028481e+08 -2.79292939e+03 -1.64063266e+04
-6.31313131e-06 -6.81818182e-06 2.50026812e+08 -8.94981156e+03 -1.77748999e+04
-5.80808081e-06 -6.81818182e-06 2.50024814e+08 -1.76842134e+04 -2.16473768e+04
-5.30303030e-06 -6.81818182e-06 2.50023606e+08 -2.69540214e+04 -2.96647734e+04
-4.79797980e-06 -6.81818182e-06 2.50023180e+08 -3.36063430e+04 -4.21703268e+04
-4.29292929e-06 -6.81818182e-06 2.50021620e+08 -3.54002931e+04 -5.85894377e+04
-3.78787879e-06 -6.81818182e-06 2.50013488e+08 -3.11548700e+04 -7.95499397e+04
-3.28282828e-06 -6.81818182e-06 2.50019796e+08 2.77278412e+04 -1.42902883e+05
-2.77777778e-06 -6.81818182e-06 2.49597083e+08 4.50705548e+05 -1.77396265e+05
-2.27272727e-06 -6.81818182e-06 2.49855035e+08 7.31256068e+04 2.43011991e+05
-1.76767677e-06 -6.81818182e-06 2.49983032e+08 -3.65659451e+03 8.09215719e+04
-1.26262626e-06 -6.81818182e-06 2.50003823e+08 -1.00934343e+04 3.85885597e+04
-7.57575758e-07 -6.81818182e-06 2.50009078e+08 -1.01550287e+04 2.13215067e+04
-2.52525253e-07 -6.81818182e-06 2.50010402e+08 -9.11839358e+03 1.25471011e+04
2.52525253e-07 -6.81818182e-06 2.50010420e+08 -7.94061236e+03 7.54158279e+03
7.57575758e-07 -6.81818182e-06 2.50009963e+08 -6.85358177e+03 4.48209635e+03
1.26262626e-06 -6.81818182e-06 2.50009349e+08 -5.90834243e+03 2.52706728e+03
1.76767677e-06 -6.81818182e-06 2.50008711e+08 -5.10280811e+03 1.24069826e+03
2.27272727e-06 -6.81818182e-06 2.50008106e+08 -4.41954173e+03 3.78838774e+02
2.77777778e-06 -6.81818182e-06 2.50007560e+08 -3.83821381e+03 -2.03327091e+02
3.28282828e-06 -6.81818182e-06 2.50007080e+08 -3.33973185e+03 -5.95497885e+02
3.78787879e-06 -6.81818182e-06 2.50006668e+08 -2.90739334e+03 -8.55163177e+02
4.29292929e-06 -6.81818182e-06 2.50006320e+08 -2.52695473e+03 -1.02021478e+03
4.79797980e-06 -6.81818182e-06 2.50006033e+08 -2.18633241e+03 -1.11623763e+03
5.30303030e-06 -6.81818182e-06 2.50005802e+08 -1.87521395e+03 -1.16090404e+03
5.80808081e-06 -6.81818182e-06 2.50005622e+08 -1.58468701e+03 -1.16672510e+03
6.31313131e-06 -6.81818182e-06 2.50005488e+08 -1.30692483e+03 -1.14284114e+03
6.81818182e-06 -6.81818182e-06 2.50005396e+08 -1.03494188e+03 -1.09623817e+03
7.32323232e-06 -6.81818182e-06 2.50005339e+08 -7.62425606e+02 -1.03261838e+03
7.82828283e-06 -6.81818182e-06 2.50005314e+08 -4.83650573e+02 -9.57062122e+02
8.33333333e-06 -6.81818182e-06 2.50005313e+08 -1.93485896e+02 -8.74565895e+02
8.83838384e-06 -6.81818182e-06 2.50005329e+08 1.12487938e+02 -7.90505108e+02
9.34343434e-06 -6.81818182e-06 2.50005355e+08 4.37730887e+02 -7.11044777e+02
9.84848485e-06 -6.81818182e-06 2.50005381e+08 7.84338330e+02 -6.43497734e+02
1.03535354e-05 -6.81818182e-06 2.50005397e+08 1.15245453e+03 -5.96605741e+02
1.08585859e-05 -6.81818182e-06 2.50005389e+08 1.53948914e+03 -5.80691793e+02
1.13636364e-05 -6.81818182e-06 2.50005346e+08 1.93914378e+03 -6.07602235e+02
1.18686869e-05 -6.81818182e-06 2.50005253e+08 2.34029746e+03 -6.90328771e+02
1.23737374e-05 -6.81818182e-06 2.50005096e+08 2.72586494e+03 -8.42181115e+02
1.28787879e-05 -6.81818182e-06 2.50004866e+08 3.07183235e+03 -1.07538468e+03
1.33838384e-05 -6.81818182e-06 2.50004555e+08 3.34678017e+03 -1.39902308e+03
1.38888889e-05 -6.81818182e-06 2.50004163e+08 3.51230301e+03 -1.81635209e+03
1.43939394e-05 -6.81818182e-06 2.50003699e+08 3.52478656e+03 -2.32169296e+03
1.48989899e-05 -6.81818182e-06 2.50003182e+08 3.33894714e+03 -2.89735975e+03
1.54040404e-05 -6.81818182e-06 2.50002643e+08 2.91331809e+03 -3.51134553e+03
1.59090909e-05 -6.81818182e-06 2.50002123e+08 2.21744368e+03 -4.11669722e+03
1.64141414e-05 -6.81818182e-06 2.50001670e+08 1.23993915e+03 -4.65352642e+03
1.69191919e-05 -6.81818182e-06 2.50001332e+08 -4.08483592e+00 -5.05430738e+03
1.74242424e-05 -6.81818182e-06 2.50001149e+08 -1.46822976e+03 -5.25243562e+03
1.79292929e-05 -6.81818182e-06 2.50001146e+08 -3.07468526e+03 -5.19302791e+03
1.84343434e-05 -6.81818182e-06 2.50001324e+08 -4.72014796e+03 -4.84388969e+03
1.89393939e-05 -6.81818182e-06 2.50001659e+08 -6.28775121e+03 -4.20388670e+03
1.94444444e-05 -6.81818182e-06 2.50002104e+08 -7.66313645e+03 -3.30608637e+03
1.99494949e-05 -6.81818182e-06 2.50002596e+08 -8.75119606e+03 -2.21419757e+03
2.04545455e-05 -6.81818182e-06 2.50003070e+08 -9.48942832e+03 -1.01277268e+03
2.09595960e-05 -6.81818182e-06 2.50003467e+08 -9.85469725e+03 2.06404026e+02
2.14646465e-05 -6.81818182e-06 2.50003742e+08 -9.86222450e+03 1.35820838e+03
2.19696970e-05 -6.81818182e-06 2.50003873e+08 -9.55797787e+03 2.37504049e+03
2.24747475e-05 -6.81818182e-06 2.50003859e+08 -9.00726709e+03 3.21270498e+03
2.29797980e-05 -6.81818182e-06 2.50003714e+08 -8.28277142e+03 3.85110609e+03
2.34848485e-05 -6.81818182e-06 2.50003461e+08 -7.45453079e+03 4.29094636e+03
2.39898990e-05 -6.81818182e-06 2.50003131e+08 -6.58319925e+03 4.54824013e+03
2.44949495e-05 -6.81818182e-06 2.50002754e+08 -5.71668615e+03 4.64835101e+03
2.50000000e-05 -6.81818182e-06 2.50002354e+08 -4.88954692e+03 4.62074209e+03
-2.50000000e-05 -6.31313131e-06 2.50001415e+08 -4.08923054e+02 1.56117401e+02
-2.44949495e-05 -6.31313131e-06 2.50001560e+08 -3.35588790e+02 1.58365346e+02
-2.39898990e-05 -6.31313131e-06 2.50001715e+08 -2.55834957e+02 1.54845434e+02
-2.34848485e-05 -6.31313131e-06 2.50001880e+08 -1.69822636e+02 1.44673841e+02
-2.29797980e-05 -6.31313131e-06 2.50002056e+08 -7.78126788e+01 1.26957756e+02
-2.24747475e-05 -6.31313131e-06 2.50002244e+08 1.98334434e+01 1.00826152e+02
-2.19696970e-05 -6.31313131e-06 2.50002443e+08 1.22660510e+02 6.54741313e+01
-2.14646465e-05 -6.31313131e-06 2.50002654e+08 2.30139457e+02 2.02277426e+01
-2.09595960e-05 -6.31313131e-06 2.50002877e+08 3.41710167e+02 -3.53593183e+01
-2.04545455e-05 -6.31313131e-06 2.50003113e+08 4.56866588e+02 -1.01358297e+02
-1.99494949e-05 -6.31313131e-06 2.50003363e+08 5.75324605e+02 -1.77237242e+02
-1.94444444e-05 -6.31313131e-06 2.50003624e+08 6.97360689e+02 -2.61510097e+02
-1.89393939e-05 -6.31313131e-06 2.50003896e+08 8.24519147e+02 -3.51232654e+02
-1.84343434e-05 -6.31313131e-06 2.50004169e+08 9.61131055e+02 -4.41482162e+02
-1.79292929e-05 -6.31313131e-06 2.50004426e+08 1.11750762e+03 -5.25928039e+02
-1.74242424e-05 -6.31313131e-06 2.50004622e+08 1.31507618e+03 -6.04436247e+02
-1.69191919e-05 -6.31313131e-06 2.50004667e+08 1.57828853e+03 -7.23946911e+02
-1.64141414e-05 -6.31313131e-06 2.50004504e+08 1.77569122e+03 -1.09750352e+03
-1.59090909e-05 -6.31313131e-06 2.50004500e+08 1.21705191e+03 -1.70623417e+03
-1.54040404e-05 -6.31313131e-06 2.50004371e+08 1.12556430e+03 -1.73467473e+03
-1.48989899e-05 -6.31313131e-06 2.50004789e+08 1.73581526e+03 -2.45192658e+03
-1.43939394e-05 -6.31313131e-06 2.50005718e+08 1.98370532e+03 -3.27948428e+03
-1.38888889e-05 -6.31313131e-06 2.50006768e+08 2.02522206e+03 -3.99789222e+03
-1.33838384e-05 -6.31313131e-06 2.50007861e+08 2.02978447e+03 -4.62866557e+03
-1.28787879e-05 -6.31313131e-06 2.50009019e+08 2.07796253e+03 -5.21442465e+03
-1.23737374e-05 -6.31313131e-06 2.50010226e+08 2.26139650e+03 -5.77160119e+03
-1.18686869e-05 -6.31313131e-06 2.50011466e+08 2.62283687e+03 -6.42859781e+03
-1.13636364e-05 -6.31313131e-06 2.50012847e+08 2.90931758e+03 -7.28907898e+03
-1.08585859e-05 -6.31313131e-06 2.50014338e+08 2.96064176e+03 -8.15644230e+03
-1.03535354e-05 -6.31313131e-06 2.50015786e+08 2.97675644e+03 -8.93433730e+03
-9.84848485e-06 -6.31313131e-06 2.50017168e+08 3.07482443e+03 -9.68548716e+03
-9.34343434e-06 -6.31313131e-06 2.50018467e+08 3.22234845e+03 -1.04213480e+04
-8.83838384e-06 -6.31313131e-06 2.50019581e+08 3.31309433e+03 -1.10811511e+04
-8.33333333e-06 -6.31313131e-06 2.50020304e+08 3.16339771e+03 -1.15669797e+04
-7.82828283e-06 -6.31313131e-06 2.50020344e+08 2.47123553e+03 -1.17907170e+04
-7.32323232e-06 -6.31313131e-06 2.50019384e+08 7.97057412e+02 -1.17623349e+04
-6.81818182e-06 -6.31313131e-06 2.50017218e+08 -2.35058622e+03 -1.17293046e+04
-6.31313131e-06 -6.31313131e-06 2.50013883e+08 -7.23095648e+03 -1.22824010e+04
-5.80808081e-06 -6.31313131e-06 2.50009595e+08 -1.34376054e+04 -1.42102368e+04
-5.30303030e-06 -6.31313131e-06 2.50004208e+08 -1.96929091e+04 -1.79402363e+04
-4.79797980e-06 -6.31313131e-06 2.49996221e+08 -2.43377744e+04 -2.28097131e+04
-4.29292929e-06 -6.31313131e-06 2.49981382e+08 -2.64606430e+04 -2.65750889e+04
-3.78787879e-06 -6.31313131e-06 2.49950053e+08 -2.76315387e+04 -2.49565020e+04
-3.28282828e-06 -6.31313131e-06 2.49892693e+08 -3.54321326e+04 -1.87508158e+04
-2.77777778e-06 -6.31313131e-06 2.49906596e+08 7.28328528e+04 -4.21671404e+04
-2.27272727e-06 -6.31313131e-06 2.49886670e+08 1.42179928e+05 8.53991295e+04
-1.76767677e-06 -6.31313131e-06 2.49927623e+08 5.73648178e+04 8.69448615e+04
-1.26262626e-06 -6.31313131e-06 2.49964460e+08 1.87946936e+04 5.61662094e+04
-7.57575758e-07 -6.31313131e-06 2.49983580e+08 4.74630822e+03 3.54344439e+04
-2.52525253e-07 -6.31313131e-06 2.49993295e+08 -6.63912629e+02 2.29491973e+04
2.52525253e-07 -6.31313131e-06 2.49998432e+08 -2.79553638e+03 1.52322808e+04
7.57575758e-07 -6.31313131e-06 2.50001242e+08 -3.56192319e+03 1.02693180e+04
1.26262626e-06 -6.31313131e-06 2.50002806e+08 -3.72521226e+03 6.96404399e+03
1.76767677e-06 -6.31313131e-06 2.50003675e+08 -3.61687552e+03 4.70033234e+03
2.27272727e-06 -6.31313131e-06 2.50004147e+08 -3.38986553e+03 3.11614907e+03
2.77777778e-06 -6.31313131e-06 2.50004390e+08 -3.11699115e+03 1.98977366e+03
3.28282828e-06 -6.31313131e-06 2.50004502e+08 -2.83288985e+03 1.18049550e+03
3.78787879e-06 -6.31313131e-06 2.50004543e+08 -2.55322785e+03 5.96287345e+02
4.29292929e-06 -6.31313131e-06 2.50004549e+08 -2.28395830e+03 1.75407730e+02
4.79797980e-06 -6.31313131e-06 2.50004544e+08 -2.02595908e+03 -1.24485335e+02
5.30303030e-06 -6.31313131e-06 2.50004540e+08 -1.77741476e+03 -3.33006175e+02
5.80808081e-06 -6.31313131e-06 2.50004549e+08 -1.53505557e+03 -4.71266686e+02
6.31313131e-06 -6.31313131e-06 2.50004574e+08 -1.29480330e+03 -5.54641503e+02
6.81818182e-06 -6.31313131e-06 2.50004618e+08 -1.05210931e+03 -5.94644347e+02
7.32323232e-06 -6.31313131e-06 2.50004684e+08 -8.02140860e+02 -6.00257958e+02
7.82828283e-06 -6.31313131e-06 2.50004769e+08 -5.39909323e+02 -5.78929406e+02
8.33333333e-06 -6.31313131e-06 2.50004872e+08 -2.60404108e+02 -5.37364877e+02
8.83838384e-06 -6.31313131e-06 2.50004988e+08 4.12154812e+01 -4.82208741e+02
9.34343434e-06 -6.31313131e-06 2.50005112e+08 3.69320271e+02 -4.20656631e+02
9.84848485e-06 -6.31313131e-06 2.50005236e+08 7.27350726e+02 -3.61022352e+02
1.03535354e-05 -6.31313131e-06 2.50005348e+08 1.11714159e+03 -3.13247381e+02
1.08585859e-05 -6.31313131e-06 2.50005438e+08 1.53798164e+03 -2.89305204e+02
1.13636364e-05 -6.31313131e-06 2.50005488e+08 1.98537682e+03 -3.03408603e+02
1.18686869e-05 -6.31313131e-06 2.50005483e+08 2.44952788e+03 -3.71878037e+02
1.23737374e-05 -6.31313131e-06 2.50005406e+08 2.91361170e+03 -5.12481535e+02
1.28787879e-05 -6.31313131e-06 2.50005239e+08 3.35207804e+03 -7.43028487e+02
1.33838384e-05 -6.31313131e-06 2.50004971e+08 3.72933902e+03 -1.07901997e+03
1.38888889e-05 -6.31313131e-06 2.50004596e+08 3.99941429e+03 -1.53026391e+03
1.43939394e-05 -6.31313131e-06 2.50004118e+08 4.10724803e+03 -2.09658955e+03
1.48989899e-05 -6.31313131e-06 2.50003556e+08 3.99244328e+03 -2.76315514e+03
1.54040404e-05 -6.31313131e-06 2.50002945e+08 3.59595133e+03 -3.49629514e+03
1.59090909e-05 -6.31313131e-06 2.50002334e+08 2.86971037e+03 -4.24128249e+03
1.64141414e-05 -6.31313131e-06 2.50001785e+08 1.78832865e+03 -4.92358937e+03
1.69191919e-05 -6.31313131e-06 2.50001363e+08 3.60784549e+02 -5.45497786e+03
1.74242424e-05 -6.31313131e-06 2.50001126e+08 -1.36089862e+03 -5.74485193e+03
1.79292929e-05 -6.31313131e-06 2.50001111e+08 -3.27944930e+03 -5.71575710e+03
1.84343434e-05 -6.31313131e-06 2.50001324e+08 -5.25932568e+03 -5.32005497e+03
1.89393939e-05 -6.31313131e-06 2.50001736e+08 -7.14344880e+03 -4.55334243e+03
1.94444444e-05 -6.31313131e-06 2.50002284e+08 -8.77710436e+03 -3.46004085e+03
1.99494949e-05 -6.31313131e-06 2.50002884e+08 -1.00334091e+04 -2.12835098e+03
2.04545455e-05 -6.31313131e-06 2.50003447e+08 -1.08334339e+04 -6.75140918e+02
2.09595960e-05 -6.31313131e-06 2.50003894e+08 -1.11554990e+04 7.75095661e+02
2.14646465e-05 -6.31313131e-06 2.50004175e+08 -1.10318828e+04 2.11110050e+03
2.19696970e-05 -6.31313131e-06 2.50004267e+08 -1.05354153e+04 3.25003516e+03
2.24747475e-05 -6.31313131e-06 2.50004178e+08 -9.76114493e+03 4.14418190e+03
2.29797980e-05 -6.31313131e-06 2.50003933e+08 -8.80853121e+03 4.77954679e+03
2.34848485e-05 -6.31313131e-06 2.50003572e+08 -7.76792406e+03 5.16895683e+03
2.39898990e-05 -6.31313131e-06 2.50003135e+08 -6.71272959e+03 5.34288025e+03
2.44949495e-05 -6.31313131e-06 2.50002660e+08 -5.69674840e+03 5.34059893e+03
2.50000000e-05 -6.31313131e-06 2.50002178e+08 -4.75518842e+03 5.20324088e+03
-2.50000000e-05 -5.80808081e-06 2.50001403e+08 -4.14454069e+02 1.35671572e+02
-2.44949495e-05 -5.80808081e-06 2.50001553e+08 -3.35694691e+02 1.39358027e+02
-2.39898990e-05 -5.80808081e-06 2.50001712e+08 -2.49595114e+02 1.37055764e+02
-2.34848485e-05 -5.80808081e-06 2.50001883e+08 -1.56288109e+02 1.27771131e+02
-2.29797980e-05 -5.80808081e-06 2.50002066e+08 -5.60318547e+01 1.10484074e+02
-2.24747475e-05 -5.80808081e-06 2.50002261e+08 5.07775119e+01 8.41778956e+01
-2.19696970e-05 -5.80808081e-06 2.50002469e+08 1.63595024e+02 4.78831127e+01
-2.14646465e-05 -5.80808081e-06 2.50002690e+08 2.81718532e+02 7.43507173e-01
-2.09595960e-05 -5.80808081e-06 2.50002926e+08 4.04284347e+02 -5.78806999e+01
-2.04545455e-05 -5.80808081e-06 2.50003179e+08 5.30270197e+02 -1.28243845e+02
-1.99494949e-05 -5.80808081e-06 2.50003449e+08 6.58514288e+02 -2.09921921e+02
-1.94444444e-05 -5.80808081e-06 2.50003739e+08 7.87776015e+02 -3.01271597e+02
-1.89393939e-05 -5.80808081e-06 2.50004053e+08 9.16917764e+02 -3.98357838e+02
-1.84343434e-05 -5.80808081e-06 2.50004392e+08 1.04547606e+03 -4.92654078e+02
-1.79292929e-05 -5.80808081e-06 2.50004759e+08 1.17563093e+03 -5.65667569e+02
-1.74242424e-05 -5.80808081e-06 2.50005137e+08 1.31994219e+03 -5.75352449e+02
-1.69191919e-05 -5.80808081e-06 2.50005437e+08 1.53701359e+03 -4.23042318e+02
-1.64141414e-05 -5.80808081e-06 2.50005125e+08 2.09885092e+03 2.32669285e+01
-1.59090909e-05 -5.80808081e-06 2.50002875e+08 2.12368872e+03 -1.04815201e+03
-1.54040404e-05 -5.80808081e-06 2.50000742e+08 3.32880401e+03 -7.72668828e+02
-1.48989899e-05 -5.80808081e-06 2.50003387e+08 3.06444892e+03 -2.60090088e+03
-1.43939394e-05 -5.80808081e-06 2.50005015e+08 2.84185615e+03 -3.53272282e+03
-1.38888889e-05 -5.80808081e-06 2.50006235e+08 2.65638024e+03 -4.28203490e+03
-1.33838384e-05 -5.80808081e-06 2.50007280e+08 2.62868922e+03 -4.89943744e+03
-1.28787879e-05 -5.80808081e-06 2.50008424e+08 2.61272688e+03 -5.50823225e+03
-1.23737374e-05 -5.80808081e-06 2.50009682e+08 2.71949154e+03 -5.96192336e+03
-1.18686869e-05 -5.80808081e-06 2.50010855e+08 3.31713856e+03 -6.35495219e+03
-1.13636364e-05 -5.80808081e-06 2.50012137e+08 3.76183784e+03 -7.17976564e+03
-1.08585859e-05 -5.80808081e-06 2.50013303e+08 3.57467830e+03 -7.72463348e+03
-1.03535354e-05 -5.80808081e-06 2.50014058e+08 3.51807108e+03 -8.05258060e+03
-9.84848485e-06 -5.80808081e-06 2.50014614e+08 3.60931024e+03 -8.38815224e+03
-9.34343434e-06 -5.80808081e-06 2.50014993e+08 3.69809350e+03 -8.69508120e+03
-8.83838384e-06 -5.80808081e-06 2.50015070e+08 3.63913947e+03 -8.87918269e+03
-8.33333333e-06 -5.80808081e-06 2.50014645e+08 3.25189817e+03 -8.85376360e+03
-7.82828283e-06 -5.80808081e-06 2.50013486e+08 2.29121372e+03 -8.57420413e+03
-7.32323232e-06 -5.80808081e-06 2.50011379e+08 4.61468972e+02 -8.08909803e+03
-6.81818182e-06 -5.80808081e-06 2.50008185e+08 -2.49805329e+03 -7.59513430e+03
-6.31313131e-06 -5.80808081e-06 2.50003864e+08 -6.64807725e+03 -7.43442384e+03
-5.80808081e-06 -5.80808081e-06 2.49998358e+08 -1.16807394e+04 -7.95002209e+03
-5.30303030e-06 -5.80808081e-06 2.49991297e+08 -1.69309516e+04 -9.19685432e+03
-4.79797980e-06 -5.80808081e-06 2.49981689e+08 -2.17156461e+04 -1.07177218e+04
-4.29292929e-06 -5.80808081e-06 2.49968188e+08 -2.58012239e+04 -1.18867529e+04
-3.78787879e-06 -5.80808081e-06 2.49951956e+08 -2.84787310e+04 -1.39933587e+04
-3.28282828e-06 -5.80808081e-06 2.49945369e+08 -1.84176817e+04 -2.36214746e+04
-2.77777778e-06 -5.80808081e-06 2.49954827e+08 3.53044245e+04 -2.59571929e+04
-2.27272727e-06 -5.80808081e-06 2.49947026e+08 7.92726086e+04 1.60072613e+04
-1.76767677e-06 -5.80808081e-06 2.49945944e+08 6.28498322e+04 4.51749918e+04
-1.26262626e-06 -5.80808081e-06 2.49959208e+08 3.56794660e+04 4.47385812e+04
-7.57575758e-07 -5.80808081e-06 2.49973082e+08 1.81531704e+04 3.52801328e+04
-2.52525253e-07 -5.80808081e-06 2.49983218e+08 8.57644740e+03 2.60973874e+04
2.52525253e-07 -5.80808081e-06 2.49989973e+08 3.47217959e+03 1.89995904e+04
7.57575758e-07 -5.80808081e-06 2.49994390e+08 7.41737969e+02 1.38100829e+04
1.26262626e-06 -5.80808081e-06 2.49997291e+08 -7.16517806e+02 1.00525989e+04
1.76767677e-06 -5.80808081e-06 2.49999216e+08 -1.47656974e+03 7.31890160e+03
2.27272727e-06 -5.80808081e-06 2.50000511e+08 -1.84450670e+03 5.31195732e+03
2.77777778e-06 -5.80808081e-06 2.50001396e+08 -1.98815334e+03 3.82465648e+03
3.28282828e-06 -5.80808081e-06 2.50002013e+08 -2.00174409e+03 2.71361599e+03
3.78787879e-06 -5.80808081e-06 2.50002453e+08 -1.93905102e+03 1.87902482e+03
4.29292929e-06 -5.80808081e-06 2.50002779e+08 -1.83090405e+03 1.25070243e+03
4.79797980e-06 -5.80808081e-06 2.50003033e+08 -1.69474387e+03 7.78737198e+02
5.30303030e-06 -5.80808081e-06 2.50003244e+08 -1.53997071e+03 4.27218834e+02
5.80808081e-06 -5.80808081e-06 2.50003431e+08 -1.37100440e+03 1.70003810e+02
6.31313131e-06 -5.80808081e-06 2.50003608e+08 -1.18906428e+03 -1.21938435e+01
6.81818182e-06 -5.80808081e-06 2.50003786e+08 -9.93219162e+02 -1.33850185e+02
7.32323232e-06 -5.80808081e-06 2.50003971e+08 -7.81019442e+02 -2.06122947e+02
7.82828283e-06 -5.80808081e-06 2.50004166e+08 -5.48898442e+02 -2.37991570e+02
8.33333333e-06 -5.80808081e-06 2.50004373e+08 -2.92465615e+02 -2.37185445e+02
8.83838384e-06 -5.80808081e-06 2.50004591e+08 -6.78327288e+00 -2.10997118e+02
9.34343434e-06 -5.80808081e-06 2.50004818e+08 3.13292061e+02 -1.67045589e+02
9.84848485e-06 -5.80808081e-06 2.50005045e+08 6.72621347e+02 -1.14026629e+02
1.03535354e-05 -5.80808081e-06 2.50005265e+08 1.07505843e+03 -6.24553771e+01
1.08585859e-05 -5.80808081e-06 2.50005464e+08 1.52239429e+03 -2.53647567e+01
1.13636364e-05 -5.80808081e-06 2.50005626e+08 2.01288150e+03 -1.88662912e+01
1.18686869e-05 -5.80808081e-06 2.50005731e+08 2.53928368e+03 -6.24052879e+01
1.23737374e-05 -5.80808081e-06 2.50005756e+08 3.08647534e+03 -1.78455307e+02
1.28787879e-05 -5.80808081e-06 2.50005680e+08 3.62876835e+03 -3.91315790e+02
1.33838384e-05 -5.80808081e-06 2.50005480e+08 4.12737622e+03 -7.24640240e+02
1.38888889e-05 -5.80808081e-06 2.50005144e+08 4.52873716e+03 -1.19739130e+03
1.43939394e-05 -5.80808081e-06 2.50004667e+08 4.76474146e+03 -1.81816753e+03
1.48989899e-05 -5.80808081e-06 2.50004066e+08 4.75611944e+03 -2.57833205e+03
1.54040404e-05 -5.80808081e-06 2.50003376e+08 4.42014721e+03 -3.44508542e+03
1.59090909e-05 -5.80808081e-06 2.50002656e+08 3.68320499e+03 -4.35642687e+03
1.64141414e-05 -5.80808081e-06 2.50001984e+08 2.49744802e+03 -5.22054366e+03
1.69191919e-05 -5.80808081e-06 2.50001448e+08 8.59021048e+02 -5.92213702e+03
1.74242424e-05 -5.80808081e-06 2.50001131e+08 -1.17669459e+03 -6.33711776e+03
1.79292929e-05 -5.80808081e-06 2.50001091e+08 -3.48854462e+03 -6.35479512e+03
1.84343434e-05 -5.80808081e-06 2.50001343e+08 -5.89699253e+03 -5.90347330e+03
1.89393939e-05 -5.80808081e-06 2.50001851e+08 -8.18755468e+03 -4.97237469e+03
1.94444444e-05 -5.80808081e-06 2.50002530e+08 -1.01469565e+04 -3.62181188e+03
1.99494949e-05 -5.80808081e-06 2.50003264e+08 -1.16028587e+04 -1.97610186e+03
2.04545455e-05 -5.80808081e-06 2.50003930e+08 -1.24550334e+04 -1.99713288e+02
2.09595960e-05 -5.80808081e-06 2.50004427e+08 -1.26882409e+04 1.53609787e+03
2.14646465e-05 -5.80808081e-06 2.50004693e+08 -1.23641337e+04 3.08523298e+03
2.19696970e-05 -5.80808081e-06 2.50004713e+08 -1.15974556e+04 4.34790943e+03
2.24747475e-05 -5.80808081e-06 2.50004508e+08 -1.05263299e+04 5.27717080e+03
2.29797980e-05 -5.80808081e-06 2.50004125e+08 -9.28591786e+03 5.87279298e+03
2.34848485e-05 -5.80808081e-06 2.50003621e+08 -7.99080339e+03 6.16800853e+03
2.39898990e-05 -5.80808081e-06 2.50003052e+08 -6.72700457e+03 6.21467220e+03
2.44949495e-05 -5.80808081e-06 2.50002464e+08 -5.55155868e+03 6.07069342e+03
2.50000000e-05 -5.80808081e-06 2.50001894e+08 -4.49662141e+03 5.79134368e+03
-2.50000000e-05 -5.30303030e-06 2.50001377e+08 -4.21942790e+02 1.21838185e+02
-2.44949495e-05 -5.30303030e-06 2.50001529e+08 -3.37618999e+02 1.27894941e+02
-2.39898990e-05 -5.30303030e-06 2.50001692e+08 -2.44923795e+02 1.27802993e+02
-2.34848485e-05 -5.30303030e-06 2.50001867e+08 -1.43938505e+02 1.20436313e+02
-2.29797980e-05 -5.30303030e-06 2.50002054e+08 -3.48907915e+01 1.04609898e+02
-2.24747475e-05 -5.30303030e-06 2.50002255e+08 8.18234437e+01 7.90994188e+01
-2.19696970e-05 -5.30303030e-06 2.50002469e+08 2.05615372e+02 4.26685911e+01
-2.14646465e-05 -5.30303030e-06 2.50002698e+08 3.35673121e+02 -5.89271086e+00
-2.09595960e-05 -5.30303030e-06 2.50002943e+08 4.70920681e+02 -6.77142964e+01
-2.04545455e-05 -5.30303030e-06 2.50003207e+08 6.09954465e+02 -1.43765623e+02
-1.99494949e-05 -5.30303030e-06 2.50003492e+08 7.50933765e+02 -2.34730695e+02
-1.94444444e-05 -5.30303030e-06 2.50003805e+08 8.91373223e+02 -3.40798439e+02
-1.89393939e-05 -5.30303030e-06 2.50004153e+08 1.02771598e+03 -4.61282386e+02
-1.84343434e-05 -5.30303030e-06 2.50004553e+08 1.15437484e+03 -5.93867189e+02
-1.79292929e-05 -5.30303030e-06 2.50005035e+08 1.26132331e+03 -7.32962322e+02
-1.74242424e-05 -5.30303030e-06 2.50005669e+08 1.32700052e+03 -8.65691923e+02
-1.69191919e-05 -5.30303030e-06 2.50006656e+08 1.29161125e+03 -9.61152416e+02
-1.64141414e-05 -5.30303030e-06 2.50008876e+08 9.03167059e+02 -9.50960271e+02
-1.59090909e-05 -5.30303030e-06 2.50023745e+08 -2.59407812e+03 -2.44236191e+03
-1.54040404e-05 -5.30303030e-06 2.50031356e+08 -4.09146732e+03 2.39349950e+04
-1.48989899e-05 -5.30303030e-06 2.50054350e+08 -6.12220163e+03 -5.62467004e+03
-1.43939394e-05 -5.30303030e-06 2.50019616e+08 1.52353968e+04 -1.55601128e+04
-1.38888889e-05 -5.30303030e-06 2.50002997e+08 1.34485655e+04 -5.71715613e+03
-1.33838384e-05 -5.30303030e-06 2.50003264e+08 7.92239889e+03 -3.37923532e+03
-1.28787879e-05 -5.30303030e-06 2.50005641e+08 4.83593806e+03 -4.26335317e+03
-1.23737374e-05 -5.30303030e-06 2.50008003e+08 3.45930463e+03 -5.65299238e+03
-1.18686869e-05 -5.30303030e-06 2.50010319e+08 3.66475838e+03 -5.93638528e+03
-1.13636364e-05 -5.30303030e-06 2.50012400e+08 4.24749609e+03 -7.34132657e+03
-1.08585859e-05 -5.30303030e-06 2.50012460e+08 3.59411551e+03 -6.82792461e+03
-1.03535354e-05 -5.30303030e-06 2.50012144e+08 3.67465739e+03 -6.73328317e+03
-9.84848485e-06 -5.30303030e-06 2.50011899e+08 3.80078511e+03 -6.81596294e+03
-9.34343434e-06 -5.30303030e-06 2.50011537e+08 3.79976697e+03 -6.85207286e+03
-8.83838384e-06 -5.30303030e-06 2.50010857e+08 3.55848448e+03 -6.73119731e+03
-8.33333333e-06 -5.30303030e-06 2.50009670e+08 2.93399689e+03 -6.39514767e+03
-7.82828283e-06 -5.30303030e-06 2.50007799e+08 1.74537670e+03 -5.83694436e+03
-7.32323232e-06 -5.30303030e-06 2.50005107e+08 -1.99193223e+02 -5.12333466e+03
-6.81818182e-06 -5.30303030e-06 2.50001516e+08 -3.03873844e+03 -4.41224941e+03
-6.31313131e-06 -5.30303030e-06 2.49997007e+08 -6.77057509e+03 -3.93312091e+03
-5.80808081e-06 -5.30303030e-06 2.49991575e+08 -1.11825625e+04 -3.91245819e+03
-5.30303030e-06 -5.30303030e-06 2.49985175e+08 -1.58652207e+04 -4.49187553e+03
-4.79797980e-06 -5.30303030e-06 2.49977864e+08 -2.02622038e+04 -5.79411854e+03
-4.29292929e-06 -5.30303030e-06 2.49970486e+08 -2.33813677e+04 -8.33966900e+03
-3.78787879e-06 -5.30303030e-06 2.49965964e+08 -2.21843211e+04 -1.34825366e+04
-3.28282828e-06 -5.30303030e-06 2.49968187e+08 -8.98213545e+03 -2.07515855e+04
-2.77777778e-06 -5.30303030e-06 2.49972723e+08 2.04362094e+04 -1.97548355e+04
-2.27272727e-06 -5.30303030e-06 2.49969677e+08 4.59809724e+04 -1.47801960e+03
-1.76767677e-06 -5.30303030e-06 2.49965272e+08 4.84294188e+04 1.87925332e+04
-1.26262626e-06 -5.30303030e-06 2.49967218e+08 3.69488085e+04 2.76327203e+04
-7.57575758e-07 -5.30303030e-06 2.49973353e+08 2.43578495e+04 2.73772149e+04
-2.52525253e-07 -5.30303030e-06 2.49980059e+08 1.49762856e+04 2.34705834e+04
2.52525253e-07 -5.30303030e-06 2.49985745e+08 8.78783355e+03 1.89236538e+04
7.57575758e-07 -5.30303030e-06 2.49990128e+08 4.86962947e+03 1.48437274e+04
1.26262626e-06 -5.30303030e-06 2.49993382e+08 2.41988768e+03 1.14928997e+04
1.76767677e-06 -5.30303030e-06 2.49995770e+08 8.95343595e+02 8.83582554e+03
2.27272727e-06 -5.30303030e-06 2.49997522e+08 -4.71304131e+01 6.75745929e+03
2.77777778e-06 -5.30303030e-06 2.49998819e+08 -6.20381272e+02 5.13868348e+03
3.28282828e-06 -5.30303030e-06 2.49999790e+08 -9.56522412e+02 3.87824142e+03
3.78787879e-06 -5.30303030e-06 2.50000532e+08 -1.13809666e+03 2.89596468e+03
4.29292929e-06 -5.30303030e-06 2.50001111e+08 -1.21700264e+03 2.13025400e+03
4.79797980e-06 -5.30303030e-06 2.50001579e+08 -1.22592319e+03 1.53437550e+03
5.30303030e-06 -5.30303030e-06 2.50001971e+08 -1.18526233e+03 1.07303548e+03
5.80808081e-06 -5.30303030e-06 2.50002313e+08 -1.10739246e+03 7.19589860e+02
6.31313131e-06 -5.30303030e-06 2.50002625e+08 -9.99275954e+02 4.53872819e+02
6.81818182e-06 -5.30303030e-06 2.50002923e+08 -8.64093122e+02 2.60525379e+02
7.32323232e-06 -5.30303030e-06 2.50003216e+08 -7.02258610e+02 1.27691733e+02
7.82828283e-06 -5.30303030e-06 2.50003514e+08 -5.12064947e+02 4.59655617e+01
8.33333333e-06 -5.30303030e-06 2.50003820e+08 -2.90112483e+02 7.48734291e+00
8.83838384e-06 -5.30303030e-06 2.50004137e+08 -3.16443425e+01 5.11069254e+00
9.34343434e-06 -5.30303030e-06 2.50004465e+08 2.69109730e+02 3.15709771e+01
9.84848485e-06 -5.30303030e-06 2.50004800e+08 6.18473487e+02 7.86062735e+01
1.03535354e-05 -5.30303030e-06 2.50005134e+08 1.02262527e+03 1.36004806e+02
1.08585859e-05 -5.30303030e-06 2.50005455e+08 1.48651516e+03 1.90592193e+02
1.13636364e-05 -5.30303030e-06 2.50005746e+08 2.01223634e+03 2.25235747e+02
1.18686869e-05 -5.30303030e-06 2.50005984e+08 2.59669550e+03 2.18040828e+02
1.23737374e-05 -5.30303030e-06 2.50006141e+08 3.22848925e+03 1.42049054e+02
1.28787879e-05 -5.30303030e-06 2.50006188e+08 3.88405216e+03 -3.40927200e+01
1.33838384e-05 -5.30303030e-06 2.50006092e+08 4.52344309e+03 -3.43883696e+02
1.38888889e-05 -5.30303030e-06 2.50005827e+08 5.08660278e+03 -8.18498712e+02
1.43939394e-05 -5.30303030e-06 2.50005379e+08 5.49150406e+03 -1.47966091e+03
1.48989899e-05 -5.30303030e-06 2.50004753e+08 5.63616541e+03 -2.33001315e+03
1.54040404e-05 -5.30303030e-06 2.50003983e+08 5.40669777e+03 -3.34219063e+03
1.59090909e-05 -5.30303030e-06 2.50003135e+08 4.69299295e+03 -4.44918078e+03
1.64141414e-05 -5.30303030e-06 2.50002307e+08 3.41198455e+03 -5.53986666e+03
1.69191919e-05 -5.30303030e-06 2.50001618e+08 1.53557300e+03 -6.46419697e+03
1.74242424e-05 -5.30303030e-06 2.50001185e+08 -8.83190009e+02 -7.05139741e+03
1.79292929e-05 -5.30303030e-06 2.50001099e+08 -3.69499745e+03 -7.14141704e+03
1.84343434e-05 -5.30303030e-06 2.50001392e+08 -6.66007281e+03 -6.62446062e+03
1.89393939e-05 -5.30303030e-06 2.50002020e+08 -9.48059917e+03 -5.47747349e+03
1.94444444e-05 -5.30303030e-06 2.50002867e+08 -1.18563009e+04 -3.78313436e+03
1.99494949e-05 -5.30303030e-06 2.50003768e+08 -1.35481821e+04 -1.72019540e+03
2.04545455e-05 -5.30303030e-06 2.50004554e+08 -1.44284408e+04 4.75133164e+02
2.09595960e-05 -5.30303030e-06 2.50005090e+08 -1.44984097e+04 2.56365125e+03
2.14646465e-05 -5.30303030e-06 2.50005306e+08 -1.38704060e+04 4.35314545e+03
2.19696970e-05 -5.30303030e-06 2.50005201e+08 -1.27249270e+04 5.72745657e+03
2.24747475e-05 -5.30303030e-06 2.50004824e+08 -1.12621435e+04 6.64988035e+03
2.29797980e-05 -5.30303030e-06 2.50004251e+08 -9.66350668e+03 7.14722553e+03
2.34848485e-05 -5.30303030e-06 2.50003565e+08 -8.07037063e+03 7.28558076e+03
2.39898990e-05 -5.30303030e-06 2.50002838e+08 -6.57834817e+03 7.14724358e+03
2.44949495e-05 -5.30303030e-06 2.50002127e+08 -5.24202982e+03 6.81382174e+03
2.50000000e-05 -5.30303030e-06 2.50001467e+08 -4.08439232e+03 6.35646903e+03
-2.50000000e-05 -4.79797980e-06 2.50001334e+08 -4.32328417e+02 1.14783732e+02
-2.44949495e-05 -4.79797980e-06 2.50001487e+08 -3.42383636e+02 1.24242660e+02
-2.39898990e-05 -4.79797980e-06 2.50001652e+08 -2.42913183e+02 1.27488030e+02
-2.34848485e-05 -4.79797980e-06 2.50001830e+08 -1.33914026e+02 1.23251022e+02
-2.29797980e-05 -4.79797980e-06 2.50002020e+08 -1.55403110e+01 1.10162693e+02
-2.24747475e-05 -4.79797980e-06 2.50002223e+08 1.11871529e+02 8.67590595e+01
-2.19696970e-05 -4.79797980e-06 2.50002441e+08 2.47775388e+02 5.14844336e+01
-2.14646465e-05 -4.79797980e-06 2.50002673e+08 3.91384096e+02 2.68820143e+00
-2.09595960e-05 -4.79797980e-06 2.50002923e+08 5.41630634e+02 -6.13947973e+01
-2.04545455e-05 -4.79797980e-06 2.50003191e+08 6.97115809e+02 -1.42701084e+02
-1.99494949e-05 -4.79797980e-06 2.50003482e+08 8.56032446e+02 -2.43478688e+02
-1.94444444e-05 -4.79797980e-06 2.50003802e+08 1.01605342e+03 -3.66619680e+02
-1.89393939e-05 -4.79797980e-06 2.50004161e+08 1.17418364e+03 -5.16462965e+02
-1.84343434e-05 -4.79797980e-06 2.50004575e+08 1.32668149e+03 -7.00840115e+02
-1.79292929e-05 -4.79797980e-06 2.50005078e+08 1.46977924e+03 -9.36733999e+02
-1.74242424e-05 -4.79797980e-06 2.50005728e+08 1.60567496e+03 -1.26753062e+03
-1.69191919e-05 -4.79797980e-06 2.50006627e+08 1.78342846e+03 -1.81853953e+03
-1.64141414e-05 -4.79797980e-06 2.50007683e+08 2.37407538e+03 -2.89297860e+03
-1.59090909e-05 -4.79797980e-06 2.50006710e+08 3.88942943e+03 -3.18050735e+03
-1.54040404e-05 -4.79797980e-06 2.50005990e+08 2.83943969e+03 -4.57257153e+03
-1.48989899e-05 -4.79797980e-06 2.50005656e+08 3.69525959e+03 -5.73351959e+03
-1.43939394e-05 -4.79797980e-06 2.50006805e+08 3.79240099e+03 -7.35467619e+03
-1.38888889e-05 -4.79797980e-06 2.50009173e+08 3.31632618e+03 -8.80003990e+03
-1.33838384e-05 -4.79797980e-06 2.50009080e+08 3.05364831e+03 -6.28235192e+03
-1.28787879e-05 -4.79797980e-06 2.50003180e+08 9.42159800e+03 1.19175932e+04
-1.23737374e-05 -4.79797980e-06 2.50049180e+08 -7.59286863e+03 3.28686465e+04
-1.18686869e-05 -4.79797980e-06 2.50069086e+08 3.87160916e+03 -3.81336171e+04
-1.13636364e-05 -4.79797980e-06 2.50013794e+08 2.43782770e+03 -4.31220089e+03
-1.08585859e-05 -4.79797980e-06 2.50010687e+08 3.45335614e+03 -4.72495058e+03
-1.03535354e-05 -4.79797980e-06 2.50009737e+08 3.77719028e+03 -5.04141419e+03
-9.84848485e-06 -4.79797980e-06 2.50009067e+08 3.84814821e+03 -5.17059435e+03
-9.34343434e-06 -4.79797980e-06 2.50008268e+08 3.69312959e+03 -5.10770235e+03
-8.83838384e-06 -4.79797980e-06 2.50007139e+08 3.24912563e+03 -4.83973449e+03
-8.33333333e-06 -4.79797980e-06 2.50005537e+08 2.40979421e+03 -4.36510864e+03
-7.82828283e-06 -4.79797980e-06 2.50003352e+08 1.04698072e+03 -3.71530181e+03
-7.32323232e-06 -4.79797980e-06 2.50000518e+08 -9.59135376e+02 -2.97447981e+03
-6.81818182e-06 -4.79797980e-06 2.49997028e+08 -3.67411726e+03 -2.28916572e+03
-6.31313131e-06 -4.79797980e-06 2.49992943e+08 -7.05438673e+03 -1.85906178e+03
-5.80808081e-06 -4.79797980e-06 2.49988401e+08 -1.08992977e+04 -1.91326713e+03
-5.30303030e-06 -4.79797980e-06 2.49983661e+08 -1.48091154e+04 -2.70397730e+03
-4.79797980e-06 -4.79797980e-06 2.49979264e+08 -1.80763012e+04 -4.55863047e+03
-4.29292929e-06 -4.79797980e-06 2.49976272e+08 -1.93402903e+04 -7.91267590e+03
-3.78787879e-06 -4.79797980e-06 2.49976123e+08 -1.60311174e+04 -1.28281674e+04
-3.28282828e-06 -4.79797980e-06 2.49978957e+08 -5.00641213e+03 -1.72577741e+04
-2.77777778e-06 -4.79797980e-06 2.49981454e+08 1.28766334e+04 -1.60809303e+04
-2.27272727e-06 -4.79797980e-06 2.49980117e+08 2.89588668e+04 -6.59206310e+03
-1.76767677e-06 -4.79797980e-06 2.49976914e+08 3.49958828e+04 5.97795968e+03
-1.26262626e-06 -4.79797980e-06 2.49975771e+08 3.18219660e+04 1.49021210e+04
-7.57575758e-07 -4.79797980e-06 2.49977537e+08 2.48167076e+04 1.84801854e+04
-2.52525253e-07 -4.79797980e-06 2.49980950e+08 1.77948003e+04 1.83429231e+04
2.52525253e-07 -4.79797980e-06 2.49984730e+08 1.21527426e+04 1.64186572e+04
7.57575758e-07 -4.79797980e-06 2.49988194e+08 8.01804390e+03 1.39281669e+04
1.26262626e-06 -4.79797980e-06 2.49991107e+08 5.11060364e+03 1.14686733e+04
1.76767677e-06 -4.79797980e-06 2.49993457e+08 3.10434856e+03 9.27741089e+03
2.27272727e-06 -4.79797980e-06 2.49995318e+08 1.73283698e+03 7.41721751e+03
2.77777778e-06 -4.79797980e-06 2.49996785e+08 8.01639629e+02 5.87640795e+03
3.28282828e-06 -4.79797980e-06 2.49997944e+08 1.75201751e+02 4.61662370e+03
3.78787879e-06 -4.79797980e-06 2.49998869e+08 -2.39205619e+02 3.59403009e+03
4.29292929e-06 -4.79797980e-06 2.49999619e+08 -5.04519581e+02 2.76785873e+03
4.79797980e-06 -4.79797980e-06 2.50000240e+08 -6.63263909e+02 2.10323277e+03
5.30303030e-06 -4.79797980e-06 2.50000768e+08 -7.43973263e+02 1.57154693e+03
5.80808081e-06 -4.79797980e-06 2.50001232e+08 -7.65496206e+02 1.14989640e+03
6.31313131e-06 -4.79797980e-06 2.50001653e+08 -7.39843355e+02 8.20210750e+02
6.81818182e-06 -4.79797980e-06 2.50002049e+08 -6.74055027e+02 5.68360578e+02
7.32323232e-06 -4.79797980e-06 2.50002435e+08 -5.71412250e+02 3.83325842e+02
7.82828283e-06 -4.79797980e-06 2.50002820e+08 -4.32211660e+02 2.56433623e+02
8.33333333e-06 -4.79797980e-06 2.50003215e+08 -2.54259903e+02 1.80635041e+02
8.83838384e-06 -4.79797980e-06 2.50003623e+08 -3.32080153e+01 1.49772987e+02
9.34343434e-06 -4.79797980e-06 2.50004047e+08 2.37165192e+02 1.57783194e+02
9.84848485e-06 -4.79797980e-06 2.50004488e+08 5.64602508e+02 1.97768904e+02
1.03535354e-05 -4.79797980e-06 2.50004939e+08 9.57804079e+02 2.60897018e+02
1.08585859e-05 -4.79797980e-06 2.50005391e+08 1.42545877e+03 3.35089646e+02
1.13636364e-05 -4.79797980e-06 2.50005826e+08 1.97462742e+03 4.03543817e+02
1.18686869e-05 -4.79797980e-06 2.50006221e+08 2.60819163e+03 4.43222757e+02
1.23737374e-05 -4.79797980e-06 2.50006543e+08 3.32108878e+03 4.23643890e+02
1.28787879e-05 -4.79797980e-06 2.50006753e+08 4.09517619e+03 3.06547348e+02
1.33838384e-05 -4.79797980e-06 2.50006807e+08 4.89289745e+03 4.73317241e+01
1.38888889e-05 -4.79797980e-06 2.50006662e+08 5.65055384e+03 -4.00615599e+02
1.43939394e-05 -4.79797980e-06 2.50006285e+08 6.27293748e+03 -1.07759728e+03
1.48989899e-05 -4.79797980e-06 2.50005665e+08 6.63220311e+03 -2.00479291e+03
1.54040404e-05 -4.79797980e-06 2.50004826e+08 6.57469734e+03 -3.16786933e+03
1.59090909e-05 -4.79797980e-06 2.50003836e+08 5.93929392e+03 -4.50016016e+03
1.64141414e-05 -4.79797980e-06 2.50002816e+08 4.58881757e+03 -5.87109300e+03
1.69191919e-05 -4.79797980e-06 2.50001921e+08 2.45198182e+03 -7.08730420e+03
1.74242424e-05 -4.79797980e-06 2.50001322e+08 -4.32646888e+02 -7.91346091e+03
1.79292929e-05 -4.79797980e-06 2.50001156e+08 -3.88525267e+03 -8.11583219e+03
1.84343434e-05 -4.79797980e-06 2.50001488e+08 -7.58383144e+03 -7.52332337e+03
1.89393939e-05 -4.79797980e-06 2.50002267e+08 -1.11075957e+04 -6.08920094e+03
1.94444444e-05 -4.79797980e-06 2.50003332e+08 -1.40235603e+04 -3.92756729e+03
1.99494949e-05 -4.79797980e-06 2.50004445e+08 -1.59920609e+04 -1.30122520e+03
2.04545455e-05 -4.79797980e-06 2.50005365e+08 -1.68498819e+04 1.44260570e+03
2.09595960e-05 -4.79797980e-06 2.50005914e+08 -1.66353233e+04 3.96429212e+03
2.14646465e-05 -4.79797980e-06 2.50006019e+08 -1.55487664e+04 6.01182962e+03
2.19696970e-05 -4.79797980e-06 2.50005709e+08 -1.38743397e+04 7.45925662e+03
2.24747475e-05 -4.79797980e-06 2.50005079e+08 -1.19003881e+04 8.29949369e+03
2.29797980e-05 -4.79797980e-06 2.50004252e+08 -9.86534402e+03 8.60857661e+03
2.34848485e-05 -4.79797980e-06 2.50003341e+08 -7.93563282e+03 8.50328339e+03
2.39898990e-05 -4.79797980e-06 2.50002436e+08 -6.20796830e+03 8.10707906e+03
2.44949495e-05 -4.79797980e-06 2.50001598e+08 -4.72412453e+03 7.52946199e+03
2.50000000e-05 -4.79797980e-06 2.50000859e+08 -3.48864945e+03 6.85716170e+03
-2.50000000e-05 -4.29292929e-06 2.50001274e+08 -4.46635657e+02 1.14557070e+02
-2.44949495e-05 -4.29292929e-06 2.50001428e+08 -3.51128832e+02 1.28549862e+02
-2.39898990e-05 -4.29292929e-06 2.50001593e+08 -2.44818300e+02 1.36400460e+02
-2.34848485e-05 -4.29292929e-06 2.50001771e+08 -1.27580204e+02 1.36703078e+02
-2.29797980e-05 -4.29292929e-06 2.50001962e+08 5.52337745e-01 1.27911323e+02
-2.24747475e-05 -4.29292929e-06 2.50002166e+08 1.39367328e+02 1.08331060e+02
-2.19696970e-05 -4.29292929e-06 2.50002383e+08 2.88455121e+02 7.61046737e+01
-2.14646465e-05 -4.29292929e-06 2.50002616e+08 4.47196127e+02 2.91770860e+01
-2.09595960e-05 -4.29292929e-06 2.50002864e+08 6.14761683e+02 -3.47744867e+01
-2.04545455e-05 -4.29292929e-06 2.50003129e+08 7.90143106e+02 -1.18481293e+02
-1.99494949e-05 -4.29292929e-06 2.50003414e+08 9.72245479e+02 -2.25360664e+02
-1.94444444e-05 -4.29292929e-06 2.50003724e+08 1.16014067e+03 -3.60060874e+02
-1.89393939e-05 -4.29292929e-06 2.50004063e+08 1.35373662e+03 -5.29526195e+02
-1.84343434e-05 -4.29292929e-06 2.50004439e+08 1.55559151e+03 -7.45022935e+02
-1.79292929e-05 -4.29292929e-06 2.50004859e+08 1.77596368e+03 -1.02551392e+03
-1.74242424e-05 -4.29292929e-06 2.50005314e+08 2.04650773e+03 -1.39983758e+03
-1.69191919e-05 -4.29292929e-06 2.50005728e+08 2.44740851e+03 -1.88347330e+03
-1.64141414e-05 -4.29292929e-06 2.50005843e+08 3.05266230e+03 -2.32670836e+03
-1.59090909e-05 -4.29292929e-06 2.50005600e+08 3.32063908e+03 -2.38124253e+03
-1.54040404e-05 -4.29292929e-06 2.50005499e+08 2.97086620e+03 -2.72662974e+03
-1.48989899e-05 -4.29292929e-06 2.50005236e+08 3.09391101e+03 -3.20403792e+03
-1.43939394e-05 -4.29292929e-06 2.50005015e+08 3.43365887e+03 -3.50839461e+03
-1.38888889e-05 -4.29292929e-06 2.50004824e+08 3.89994719e+03 -3.75657467e+03
-1.33838384e-05 -4.29292929e-06 2.50004596e+08 4.27188516e+03 -3.97062687e+03
-1.28787879e-05 -4.29292929e-06 2.50004146e+08 4.61669641e+03 -4.27735038e+03
-1.23737374e-05 -4.29292929e-06 2.50003143e+08 4.77991725e+03 -4.29737851e+03
-1.18686869e-05 -4.29292929e-06 2.50003594e+08 1.90740296e+03 -3.20935178e+03
-1.13636364e-05 -4.29292929e-06 2.50005946e+08 4.93884707e+03 -2.19400320e+03
-1.08585859e-05 -4.29292929e-06 2.50007086e+08 4.28410307e+03 -3.07964970e+03
-1.03535354e-05 -4.29292929e-06 2.50006892e+08 4.08612495e+03 -3.60810151e+03
-9.84848485e-06 -4.29292929e-06 2.50006272e+08 3.87749509e+03 -3.75883833e+03
-9.34343434e-06 -4.29292929e-06 2.50005325e+08 3.49788299e+03 -3.64861432e+03
-8.83838384e-06 -4.29292929e-06 2.50004010e+08 2.84835080e+03 -3.32704753e+03
-8.33333333e-06 -4.29292929e-06 2.50002269e+08 1.83355550e+03 -2.83213236e+03
-7.82828283e-06 -4.29292929e-06 2.50000061e+08 3.61706123e+02 -2.22222712e+03
-7.32323232e-06 -4.29292929e-06 2.49997388e+08 -1.63535789e+03 -1.59457964e+03
-6.81818182e-06 -4.29292929e-06 2.49994307e+08 -4.16920730e+03 -1.09357422e+03
-6.31313131e-06 -4.29292929e-06 2.49990951e+08 -7.15387013e+03 -9.08341264e+02
-5.80808081e-06 -4.29292929e-06 2.49987546e+08 -1.03598240e+04 -1.26315490e+03
-5.30303030e-06 -4.29292929e-06 2.49984452e+08 -1.33536184e+04 -2.40586781e+03
-4.79797980e-06 -4.29292929e-06 2.49982199e+08 -1.53968485e+04 -4.57543334e+03
-4.29292929e-06 -4.29292929e-06 2.49981433e+08 -1.53142700e+04 -7.85035923e+03
-3.78787879e-06 -4.29292929e-06 2.49982524e+08 -1.15671273e+04 -1.17083092e+04
-3.28282828e-06 -4.29292929e-06 2.49984800e+08 -3.14934361e+03 -1.44392797e+04
-2.77777778e-06 -4.29292929e-06 2.49986362e+08 8.58072405e+03 -1.35519128e+04
-2.27272727e-06 -4.29292929e-06 2.49985753e+08 1.94136074e+04 -8.07485479e+03
-1.76767677e-06 -4.29292929e-06 2.49983701e+08 2.53451601e+04 -1.50533293e+02
-1.26262626e-06 -4.29292929e-06 2.49982112e+08 2.57106417e+04 6.90718457e+03
-7.57575758e-07 -4.29292929e-06 2.49982052e+08 2.25010532e+04 1.12926311e+04
-2.52525253e-07 -4.29292929e-06 2.49983392e+08 1.80016128e+04 1.30343946e+04
2.52525253e-07 -4.29292929e-06 2.49985518e+08 1.36240078e+04 1.29588709e+04
7.57575758e-07 -4.29292929e-06 2.49987878e+08 9.94325251e+03 1.18962896e+04
1.26262626e-06 -4.29292929e-06 2.49990141e+08 7.06279434e+03 1.04212091e+04
1.76767677e-06 -4.29292929e-06 2.49992153e+08 4.89219864e+03 8.86472117e+03
2.27272727e-06 -4.29292929e-06 2.49993874e+08 3.28992972e+03 7.39320923e+03
2.77777778e-06 -4.29292929e-06 2.49995315e+08 2.12139601e+03 6.07713054e+03
3.28282828e-06 -4.29292929e-06 2.49996513e+08 1.27652398e+03 4.93611046e+03
3.78787879e-06 -4.29292929e-06 2.49997510e+08 6.71095312e+02 3.96513834e+03
4.29292929e-06 -4.29292929e-06 2.49998344e+08 2.42823020e+02 3.14877456e+03
4.79797980e-06 -4.29292929e-06 2.49999054e+08 -5.34655586e+01 2.46845632e+03
5.30303030e-06 -4.29292929e-06 2.49999668e+08 -2.50054823e+02 1.90603273e+03
5.80808081e-06 -4.29292929e-06 2.50000214e+08 -3.69634039e+02 1.44531122e+03
6.31313131e-06 -4.29292929e-06 2.50000712e+08 -4.27715194e+02 1.07258693e+03
6.81818182e-06 -4.29292929e-06 2.50001181e+08 -4.34339733e+02 7.76668469e+02
7.32323232e-06 -4.29292929e-06 2.50001636e+08 -3.95240271e+02 5.48659279e+02
7.82828283e-06 -4.29292929e-06 2.50002091e+08 -3.12596174e+02 3.81614171e+02
8.33333333e-06 -4.29292929e-06 2.50002557e+08 -1.85494219e+02 2.70110413e+02
8.83838384e-06 -4.29292929e-06 2.50003041e+08 -1.01882178e+01 2.09724233e+02
9.34343434e-06 -4.29292929e-06 2.50003551e+08 2.19750642e+02 1.96370125e+02
9.84848485e-06 -4.29292929e-06 2.50004089e+08 5.13283949e+02 2.25435512e+02
1.03535354e-05 -4.29292929e-06 2.50004654e+08 8.81607074e+02 2.90627214e+02
1.08585859e-05 -4.29292929e-06 2.50005240e+08 1.33748229e+03 3.82446459e+02
1.13636364e-05 -4.29292929e-06 2.50005832e+08 1.89388680e+03 4.86243877e+02
1.18686869e-05 -4.29292929e-06 2.50006406e+08 2.56154176e+03 5.79905766e+02
1.23737374e-05 -4.29292929e-06 2.50006928e+08 3.34479076e+03 6.31430841e+02
1.28787879e-05 -4.29292929e-06 2.50007349e+08 4.23530310e+03 5.97016750e+02
1.33838384e-05 -4.29292929e-06 2.50007614e+08 5.20334077e+03 4.20798212e+02
1.38888889e-05 -4.29292929e-06 2.50007656e+08 6.18705854e+03 3.79738213e+01
1.43939394e-05 -4.29292929e-06 2.50007417e+08 7.08169070e+03 -6.16554007e+02
1.48989899e-05 -4.29292929e-06 2.50006859e+08 7.73247679e+03 -1.59223947e+03
1.54040404e-05 -4.29292929e-06 2.50005982e+08 7.93724172e+03 -2.89955982e+03
1.59090909e-05 -4.29292929e-06 2.50004851e+08 7.46544990e+03 -4.48256636e+03
1.64141414e-05 -4.29292929e-06 2.50003601e+08 6.09870638e+03 -6.19510891e+03
1.69191919e-05 -4.29292929e-06 2.50002437e+08 3.69198154e+03 -7.79252279e+03
1.74242424e-05 -4.29292929e-06 2.50001597e+08 2.45500966e+02 -8.95178912e+03
1.79292929e-05 -4.29292929e-06 2.50001299e+08 -4.03407014e+03 -9.32931938e+03
1.84343434e-05 -4.29292929e-06 2.50001658e+08 -8.71421220e+03 -8.65407039e+03
1.89393939e-05 -4.29292929e-06 2.50002628e+08 -1.31900493e+04 -6.83317028e+03
1.94444444e-05 -4.29292929e-06 2.50003980e+08 -1.68200898e+04 -4.02409216e+03
1.99494949e-05 -4.29292929e-06 2.50005362e+08 -1.91070663e+04 -6.22932367e+02
2.04545455e-05 -4.29292929e-06 2.50006424e+08 -1.98432167e+04 2.84593966e+03
2.09595960e-05 -4.29292929e-06 2.50006929e+08 -1.91451928e+04 5.89174693e+03
2.14646465e-05 -4.29292929e-06 2.50006819e+08 -1.73683934e+04 8.18879135e+03
2.19696970e-05 -4.29292929e-06 2.50006183e+08 -1.49605245e+04 9.62223393e+03
2.24747475e-05 -4.29292929e-06 2.50005193e+08 -1.23316207e+04 1.02522837e+04
2.29797980e-05 -4.29292929e-06 2.50004036e+08 -9.78318912e+03 1.02398331e+04
2.34848485e-05 -4.29292929e-06 2.50002860e+08 -7.49523973e+03 9.77588257e+03
2.39898990e-05 -4.29292929e-06 2.50001770e+08 -5.54767177e+03 9.03536832e+03
2.44949495e-05 -4.29292929e-06 2.50000818e+08 -3.95256171e+03 8.15636310e+03
2.50000000e-05 -4.29292929e-06 2.50000028e+08 -2.68339393e+03 7.23671543e+03
-2.50000000e-05 -3.78787879e-06 2.50001199e+08 -4.65965994e+02 1.21054938e+02
-2.44949495e-05 -3.78787879e-06 2.50001351e+08 -3.65106797e+02 1.40797868e+02
-2.39898990e-05 -3.78787879e-06 2.50001515e+08 -2.52054399e+02 1.54646366e+02
-2.34848485e-05 -3.78787879e-06 2.50001692e+08 -1.26530922e+02 1.61078734e+02
-2.29797980e-05 -3.78787879e-06 2.50001881e+08 1.15920657e+01 1.58400844e+02
-2.24747475e-05 -3.78787879e-06 2.50002083e+08 1.62277804e+02 1.44734451e+02
-2.19696970e-05 -3.78787879e-06 2.50002297e+08 3.25318781e+02 1.17996655e+02
-2.14646465e-05 -3.78787879e-06 2.50002526e+08 5.00350129e+02 7.58621072e+01
-2.09595960e-05 -3.78787879e-06 2.50002767e+08 6.86898143e+02 1.56944292e+01
-2.04545455e-05 -3.78787879e-06 2.50003023e+08 8.84495132e+02 -6.55738720e+01
-1.99494949e-05 -3.78787879e-06 2.50003293e+08 1.09292316e+03 -1.71640130e+02
-1.94444444e-05 -3.78787879e-06 2.50003578e+08 1.31271376e+03 -3.07128317e+02
-1.89393939e-05 -3.78787879e-06 2.50003878e+08 1.54615436e+03 -4.77925731e+02
-1.84343434e-05 -3.78787879e-06 2.50004189e+08 1.79922907e+03 -6.91151851e+02
-1.79292929e-05 -3.78787879e-06 2.50004498e+08 2.08480334e+03 -9.53085210e+02
-1.74242424e-05 -3.78787879e-06 2.50004773e+08 2.42466549e+03 -1.25977028e+03
-1.69191919e-05 -3.78787879e-06 2.50004947e+08 2.83368527e+03 -1.57098660e+03
-1.64141414e-05 -3.78787879e-06 2.50004963e+08 3.24009620e+03 -1.79107328e+03
-1.59090909e-05 -3.78787879e-06 2.50004908e+08 3.42243303e+03 -1.91053434e+03
-1.54040404e-05 -3.78787879e-06 2.50004891e+08 3.38556097e+03 -2.14432719e+03
-1.48989899e-05 -3.78787879e-06 2.50004811e+08 3.44741047e+03 -2.49243664e+03
-1.43939394e-05 -3.78787879e-06 2.50004643e+08 3.66966317e+03 -2.79117453e+03
-1.38888889e-05 -3.78787879e-06 2.50004408e+08 3.95880010e+03 -2.97221557e+03
-1.33838384e-05 -3.78787879e-06 2.50004116e+08 4.18666979e+03 -3.01464900e+03
-1.28787879e-05 -3.78787879e-06 2.50003777e+08 4.25388425e+03 -2.90808549e+03
-1.23737374e-05 -3.78787879e-06 2.50003615e+08 3.97548532e+03 -2.67995687e+03
-1.18686869e-05 -3.78787879e-06 2.50004116e+08 3.71650240e+03 -2.98483631e+03
-1.13636364e-05 -3.78787879e-06 2.50004312e+08 4.59900264e+03 -3.00571247e+03
-1.08585859e-05 -3.78787879e-06 2.50004551e+08 4.60380600e+03 -2.78726823e+03
-1.03535354e-05 -3.78787879e-06 2.50004415e+08 4.25997012e+03 -2.80212547e+03
-9.84848485e-06 -3.78787879e-06 2.50003825e+08 3.83100949e+03 -2.76091750e+03
-9.34343434e-06 -3.78787879e-06 2.50002847e+08 3.25282074e+03 -2.57111979e+03
-8.83838384e-06 -3.78787879e-06 2.50001506e+08 2.43660874e+03 -2.23382724e+03
-8.33333333e-06 -3.78787879e-06 2.49999804e+08 1.30386126e+03 -1.78463169e+03
-7.82828283e-06 -3.78787879e-06 2.49997756e+08 -2.06432089e+02 -1.28827786e+03
-7.32323232e-06 -3.78787879e-06 2.49995412e+08 -2.12219893e+03 -8.43705609e+02
-6.81818182e-06 -3.78787879e-06 2.49992869e+08 -4.41324543e+03 -5.86531201e+02
-6.31313131e-06 -3.78787879e-06 2.49990294e+08 -6.95903176e+03 -6.84575153e+02
-5.80808081e-06 -3.78787879e-06 2.49987925e+08 -9.51064255e+03 -1.32379345e+03
-5.30303030e-06 -3.78787879e-06 2.49986080e+08 -1.16469705e+04 -2.67740102e+03
-4.79797980e-06 -3.78787879e-06 2.49985117e+08 -1.27344622e+04 -4.83521541e+03
-4.29292929e-06 -3.78787879e-06 2.49985310e+08 -1.19457945e+04 -7.65336977e+03
-3.78787879e-06 -3.78787879e-06 2.49986591e+08 -8.48302375e+03 -1.05285908e+04
-3.28282828e-06 -3.78787879e-06 2.49988301e+08 -2.15086701e+03 -1.23010745e+04
-2.77777778e-06 -3.78787879e-06 2.49989374e+08 5.97324819e+03 -1.16972019e+04
-2.27272727e-06 -3.78787879e-06 2.49989112e+08 1.36380564e+04 -8.31055876e+03
-1.76767677e-06 -3.78787879e-06 2.49987816e+08 1.86945585e+04 -3.13756754e+03
-1.26262626e-06 -3.78787879e-06 2.49986444e+08 2.03804147e+04 2.11131830e+03
-7.57575758e-07 -3.78787879e-06 2.49985778e+08 1.93449630e+04 6.14286307e+03
-2.52525253e-07 -3.78787879e-06 2.49986040e+08 1.67865630e+04 8.53600649e+03
2.52525253e-07 -3.78787879e-06 2.49987042e+08 1.37286796e+04 9.49599049e+03
7.57575758e-07 -3.78787879e-06 2.49988471e+08 1.07880999e+04 9.45377720e+03
1.26262626e-06 -3.78787879e-06 2.49990056e+08 8.24088687e+03 8.81788153e+03
1.76767677e-06 -3.78787879e-06 2.49991618e+08 6.15784805e+03 7.88896926e+03
2.27272727e-06 -3.78787879e-06 2.49993063e+08 4.51078806e+03 6.85965001e+03
2.77777778e-06 -3.78787879e-06 2.49994351e+08 3.23495134e+03 5.84136527e+03
3.28282828e-06 -3.78787879e-06 2.49995477e+08 2.25985258e+03 4.89219240e+03
3.78787879e-06 -3.78787879e-06 2.49996453e+08 1.52212194e+03 4.03789008e+03
4.29292929e-06 -3.78787879e-06 2.49997299e+08 9.69440553e+02 3.28590184e+03
4.79797980e-06 -3.78787879e-06 2.49998036e+08 5.60573100e+02 2.63404398e+03
5.30303030e-06 -3.78787879e-06 2.49998688e+08 2.63976482e+02 2.07565384e+03
5.80808081e-06 -3.78787879e-06 2.49999275e+08 5.61085607e+01 1.60252865e+03
6.31313131e-06 -3.78787879e-06 2.49999817e+08 -8.01063448e+01 1.20653651e+03
6.81818182e-06 -3.78787879e-06 2.50000329e+08 -1.56504392e+02 8.80447968e+02
7.32323232e-06 -3.78787879e-06 2.50000829e+08 -1.80580227e+02 6.18313279e+02
7.82828283e-06 -3.78787879e-06 2.50001330e+08 -1.56082827e+02 4.15567219e+02
8.33333333e-06 -3.78787879e-06 2.50001845e+08 -8.33501564e+01 2.68949941e+02
8.83838384e-06 -3.78787879e-06 2.50002385e+08 4.05720132e+01 1.76268018e+02
9.34343434e-06 -3.78787879e-06 2.50002962e+08 2.21973678e+02 1.35969272e+02
9.84848485e-06 -3.78787879e-06 2.50003582e+08 4.70610695e+02 1.46459722e+02
1.03535354e-05 -3.78787879e-06 2.50004250e+08 7.99797327e+02 2.05047481e+02
1.08585859e-05 -3.78787879e-06 2.50004964e+08 1.22624924e+03 3.06361242e+02
1.13636364e-05 -3.78787879e-06 2.50005716e+08 1.76932191e+03 4.40077310e+02
1.18686869e-05 -3.78787879e-06 2.50006486e+08 2.44908219e+03 5.87838049e+02
1.23737374e-05 -3.78787879e-06 2.50007240e+08 3.28239608e+03 7.19425881e+02
1.28787879e-05 -3.78787879e-06 2.50007926e+08 4.27599362e+03 7.88673276e+02
1.33838384e-05 -3.78787879e-06 2.50008472e+08 5.41548574e+03 7.30346469e+02
1.38888889e-05 -3.78787879e-06 2.50008792e+08 6.64993082e+03 4.60351111e+02
1.43939394e-05 -3.78787879e-06 2.50008790e+08 7.87328520e+03 -1.17202773e+02
1.48989899e-05 -3.78787879e-06 2.50008387e+08 8.90726367e+03 -1.09206333e+03
1.54040404e-05 -3.78787879e-06 2.50007544e+08 9.49434062e+03 -2.51656433e+03
1.59090909e-05 -3.78787879e-06 2.50006299e+08 9.31293494e+03 -4.36331422e+03
1.64141414e-05 -3.78787879e-06 2.50004796e+08 8.02607800e+03 -6.48179839e+03
1.69191919e-05 -3.78787879e-06 2.50003289e+08 5.36749315e+03 -8.57167742e+03
1.74242424e-05 -3.78787879e-06 2.50002111e+08 1.25517962e+03 -1.01947651e+04
1.79292929e-05 -3.78787879e-06 2.50001594e+08 -4.09570054e+03 -1.08456564e+04
1.84343434e-05 -3.78787879e-06 2.50001952e+08 -1.01100148e+04 -1.00891370e+04
1.89393939e-05 -3.78787879e-06 2.50003160e+08 -1.59048164e+04 -7.74104577e+03
1.94444444e-05 -3.78787879e-06 2.50004893e+08 -2.05000507e+04 -4.01541161e+03
1.99494949e-05 -3.78787879e-06 2.50006619e+08 -2.31403383e+04 4.73920839e+02
2.04545455e-05 -3.78787879e-06 2.50007810e+08 -2.35645594e+04 4.90919363e+03
2.09595960e-05 -3.78787879e-06 2.50008159e+08 -2.20536269e+04 8.56809834e+03
2.14646465e-05 -3.78787879e-06 2.50007656e+08 -1.92403355e+04 1.10454895e+04
2.19696970e-05 -3.78787879e-06 2.50006513e+08 -1.58289883e+04 1.22913406e+04
2.24747475e-05 -3.78787879e-06 2.50005028e+08 -1.23873075e+04 1.25034617e+04
2.29797980e-05 -3.78787879e-06 2.50003464e+08 -9.26984555e+03 1.19811298e+04
2.34848485e-05 -3.78787879e-06 2.50002004e+08 -6.63914959e+03 1.10158626e+04
2.39898990e-05 -3.78787879e-06 2.50000746e+08 -4.52595637e+03 9.83849435e+03
2.44949495e-05 -3.78787879e-06 2.49999724e+08 -2.88819693e+03 8.60815653e+03
2.50000000e-05 -3.78787879e-06 2.49998933e+08 -1.65328423e+03 7.42235864e+03
-2.50000000e-05 -3.28282828e-06 2.50001107e+08 -4.91476606e+02 1.33989290e+02
-2.44949495e-05 -3.28282828e-06 2.50001256e+08 -3.85657060e+02 1.60753373e+02
-2.39898990e-05 -3.28282828e-06 2.50001418e+08 -2.66166322e+02 1.82079271e+02
-2.34848485e-05 -3.28282828e-06 2.50001591e+08 -1.32547249e+02 1.96360237e+02
-2.29797980e-05 -3.28282828e-06 2.50001777e+08 1.55162339e+01 2.01797477e+02
-2.24747475e-05 -3.28282828e-06 2.50001975e+08 1.78187432e+02 1.96393048e+02
-2.19696970e-05 -3.28282828e-06 2.50002185e+08 3.55479907e+02 1.77940211e+02
-2.14646465e-05 -3.28282828e-06 2.50002406e+08 5.47286214e+02 1.44008849e+02
-2.09595960e-05 -3.28282828e-06 2.50002637e+08 7.53450180e+02 9.19246444e+01
-2.04545455e-05 -3.28282828e-06 2.50002879e+08 9.73911734e+02 1.87469923e+01
-1.99494949e-05 -3.28282828e-06 2.50003128e+08 1.20896920e+03 -7.87285634e+01
-1.94444444e-05 -3.28282828e-06 2.50003384e+08 1.45971785e+03 -2.03858176e+02
-1.89393939e-05 -3.28282828e-06 2.50003639e+08 1.72869617e+03 -3.59689573e+02
-1.84343434e-05 -3.28282828e-06 2.50003887e+08 2.02054597e+03 -5.47571233e+02
-1.79292929e-05 -3.28282828e-06 2.50004109e+08 2.34157926e+03 -7.63692118e+02
-1.74242424e-05 -3.28282828e-06 2.50004280e+08 2.69455463e+03 -9.92560823e+02
-1.69191919e-05 -3.28282828e-06 2.50004374e+08 3.06161814e+03 -1.20191435e+03
-1.64141414e-05 -3.28282828e-06 2.50004392e+08 3.38013799e+03 -1.36088481e+03
-1.59090909e-05 -3.28282828e-06 2.50004382e+08 3.57100836e+03 -1.49584426e+03
-1.54040404e-05 -3.28282828e-06 2.50004372e+08 3.65421927e+03 -1.68423562e+03
-1.48989899e-05 -3.28282828e-06 2.50004319e+08 3.74421988e+03 -1.93225269e+03
-1.43939394e-05 -3.28282828e-06 2.50004190e+08 3.89485645e+03 -2.16700514e+03
-1.38888889e-05 -3.28282828e-06 2.50003995e+08 4.06642401e+03 -2.32596218e+03
-1.33838384e-05 -3.28282828e-06 2.50003773e+08 4.17823335e+03 -2.39107142e+03
-1.28787879e-05 -3.28282828e-06 2.50003593e+08 4.15994847e+03 -2.39662162e+03
-1.23737374e-05 -3.28282828e-06 2.50003544e+08 4.02831810e+03 -2.45866617e+03
-1.18686869e-05 -3.28282828e-06 2.50003547e+08 4.06644843e+03 -2.66841122e+03
-1.13636364e-05 -3.28282828e-06 2.50003347e+08 4.37750966e+03 -2.70756623e+03
-1.08585859e-05 -3.28282828e-06 2.50003042e+08 4.43932475e+03 -2.51058564e+03
-1.03535354e-05 -3.28282828e-06 2.50002601e+08 4.15685523e+03 -2.30991825e+03
-9.84848485e-06 -3.28282828e-06 2.50001900e+08 3.65861063e+03 -2.10911544e+03
-9.34343434e-06 -3.28282828e-06 2.50000900e+08 2.97004643e+03 -1.85275077e+03
-8.83838384e-06 -3.28282828e-06 2.49999605e+08 2.05588790e+03 -1.52640442e+03
-8.33333333e-06 -3.28282828e-06 2.49998037e+08 8.71858815e+02 -1.15635582e+03
-7.82828283e-06 -3.28282828e-06 2.49996238e+08 -6.10983442e+02 -8.02264953e+02
-7.32323232e-06 -3.28282828e-06 2.49994280e+08 -2.38769208e+03 -5.54274912e+02
-6.81818182e-06 -3.28282828e-06 2.49992279e+08 -4.39846232e+03 -5.29313656e+02
-6.31313131e-06 -3.28282828e-06 2.49990396e+08 -6.50454144e+03 -8.61587537e+02
-5.80808081e-06 -3.28282828e-06 2.49988835e+08 -8.46343858e+03 -1.68236949e+03
-5.30303030e-06 -3.28282828e-06 2.49987824e+08 -9.91017651e+03 -3.08172455e+03
-4.79797980e-06 -3.28282828e-06 2.49987559e+08 -1.03631562e+04 -5.04197679e+03
-4.29292929e-06 -3.28282828e-06 2.49988104e+08 -9.29587359e+03 -7.34166096e+03
-3.78787879e-06 -3.28282828e-06 2.49989265e+08 -6.32913130e+03 -9.47239454e+03
-3.28282828e-06 -3.28282828e-06 2.49990549e+08 -1.53720961e+03 -1.06862154e+04
-2.77777778e-06 -3.28282828e-06 2.49991333e+08 4.31867048e+03 -1.02913623e+04
-2.27272727e-06 -3.28282828e-06 2.49991248e+08 9.94141821e+03 -8.09347444e+03
-1.76767677e-06 -3.28282828e-06 2.49990425e+08 1.40849935e+04 -4.60011526e+03
-1.26262626e-06 -3.28282828e-06 2.49989368e+08 1.61385396e+04 -7.43642312e+02
-7.57575758e-07 -3.28282828e-06 2.49988591e+08 1.62444170e+04 2.62555996e+03
-2.52525253e-07 -3.28282828e-06 2.49988365e+08 1.49886320e+04 5.05162778e+03
2.52525253e-07 -3.28282828e-06 2.49988699e+08 1.30219435e+04 6.47065714e+03
7.57575758e-07 -3.28282828e-06 2.49989460e+08 1.08448034e+04 7.04855957e+03
1.26262626e-06 -3.28282828e-06 2.49990474e+08 8.76153549e+03 7.02425110e+03
1.76767677e-06 -3.28282828e-06 2.49991596e+08 6.91943959e+03 6.61900253e+03
2.27272727e-06 -3.28282828e-06 2.49992723e+08 5.36582411e+03 6.00310750e+03
2.77777778e-06 -3.28282828e-06 2.49993794e+08 4.09408933e+03 5.29401055e+03
3.28282828e-06 -3.28282828e-06 2.49994781e+08 3.07347227e+03 4.56644864e+03
3.78787879e-06 -3.28282828e-06 2.49995672e+08 2.26576772e+03 3.86457728e+03
4.29292929e-06 -3.28282828e-06 2.49996470e+08 1.63367131e+03 3.21224096e+03
4.79797980e-06 -3.28282828e-06 2.49997186e+08 1.14434881e+03 2.62055497e+03
5.30303030e-06 -3.28282828e-06 2.49997832e+08 7.70530415e+02 2.09310922e+03
5.80808081e-06 -3.28282828e-06 2.49998423e+08 4.90451190e+02 1.62938595e+03
6.31313131e-06 -3.28282828e-06 2.49998974e+08 2.87345959e+02 1.22694018e+03
6.81818182e-06 -3.28282828e-06 2.49999500e+08 1.48857215e+02 8.82762135e+02
7.32323232e-06 -3.28282828e-06 2.50000016e+08 6.65276682e+01 5.94112232e+02
7.82828283e-06 -3.28282828e-06 2.50000536e+08 3.54549984e+01 3.59016285e+02
8.33333333e-06 -3.28282828e-06 2.50001075e+08 5.41419375e+01 1.76529439e+02
8.83838384e-06 -3.28282828e-06 2.50001646e+08 1.24554097e+02 4.68150984e+01
9.34343434e-06 -3.28282828e-06 2.50002265e+08 2.52384236e+02 -2.89707610e+01
9.84848485e-06 -3.28282828e-06 2.50002942e+08 4.47501066e+02 -4.90576519e+01
1.03535354e-05 -3.28282828e-06 2.50003690e+08 7.24517068e+02 -1.18367598e+01
1.08585859e-05 -3.28282828e-06 2.50004515e+08 1.10332038e+03 8.27484011e+01
1.13636364e-05 -3.28282828e-06 2.50005418e+08 1.60924775e+03 2.30895985e+02
1.18686869e-05 -3.28282828e-06 2.50006388e+08 2.27228730e+03 4.21369902e+02
1.23737374e-05 -3.28282828e-06 2.50007397e+08 3.12425811e+03 6.30362109e+02
1.28787879e-05 -3.28282828e-06 2.50008396e+08 4.19234040e+03 8.14847642e+02
1.33838384e-05 -3.28282828e-06 2.50009306e+08 5.48681372e+03 9.05377079e+02
1.38888889e-05 -3.28282828e-06 2.50010015e+08 6.98092428e+03 8.00954112e+02
1.43939394e-05 -3.28282828e-06 2.50010389e+08 8.58244416e+03 3.71132179e+02
1.48989899e-05 -3.28282828e-06 2.50010288e+08 1.01009488e+04 -5.27200643e+02
1.54040404e-05 -3.28282828e-06 2.50009609e+08 1.12225037e+04 -2.01110404e+03
1.59090909e-05 -3.28282828e-06 2.50008335e+08 1.15118011e+04 -4.10972867e+03
1.64141414e-05 -3.28282828e-06 2.50006593e+08 1.04644455e+04 -6.69096529e+03
1.69191919e-05 -3.28282828e-06 2.50004679e+08 7.62261042e+03 -9.40291389e+03
1.74242424e-05 -3.28282828e-06 2.50003037e+08 2.74668793e+03 -1.16644780e+04
1.79292929e-05 -3.28282828e-06 2.50002168e+08 -3.98915507e+03 -1.27393671e+04
1.84343434e-05 -3.28282828e-06 2.50002458e+08 -1.18431406e+04 -1.19241860e+04
1.89393939e-05 -3.28282828e-06 2.50003953e+08 -1.95139391e+04 -8.85117956e+03
1.94444444e-05 -3.28282828e-06 2.50006200e+08 -2.54516488e+04 -3.79603391e+03
1.99494949e-05 -3.28282828e-06 2.50008363e+08 -2.84529623e+04 2.25982021e+03
2.04545455e-05 -3.28282828e-06 2.50009623e+08 -2.82005067e+04 7.98974552e+03
2.09595960e-05 -3.28282828e-06 2.50009590e+08 -2.53245560e+04 1.23114864e+04
2.14646465e-05 -3.28282828e-06 2.50008399e+08 -2.09634957e+04 1.47696928e+04
2.19696970e-05 -3.28282828e-06 2.50006495e+08 -1.62143810e+04 1.55056150e+04
2.24747475e-05 -3.28282828e-06 2.50004359e+08 -1.18206222e+04 1.49792685e+04
2.29797980e-05 -3.28282828e-06 2.50002339e+08 -8.13883115e+03 1.36989192e+04
2.34848485e-05 -3.28282828e-06 2.50000621e+08 -5.24882777e+03 1.20742778e+04
2.39898990e-05 -3.28282828e-06 2.49999265e+08 -3.08145552e+03 1.03794310e+04
2.44949495e-05 -3.28282828e-06 2.49998256e+08 -1.51040796e+03 8.77198918e+03
2.50000000e-05 -3.28282828e-06 2.49997546e+08 -4.03232056e+02 7.32787157e+03
-2.50000000e-05 -2.77777778e-06 2.50000999e+08 -5.24348514e+02 1.52862401e+02
-2.44949495e-05 -2.77777778e-06 2.50001144e+08 -4.14166319e+02 1.87932690e+02
-2.39898990e-05 -2.77777778e-06 2.50001302e+08 -2.88775049e+02 2.18249164e+02
-2.34848485e-05 -2.77777778e-06 2.50001471e+08 -1.47521931e+02 2.42153188e+02
-2.29797980e-05 -2.77777778e-06 2.50001652e+08 1.01077311e+01 2.57784893e+02
-2.24747475e-05 -2.77777778e-06 2.50001844e+08 1.84476673e+02 2.63087223e+02
-2.19696970e-05 -2.77777778e-06 2.50002047e+08 3.75796265e+02 2.55817238e+02
-2.14646465e-05 -2.77777778e-06 2.50002259e+08 5.84150576e+02 2.33568917e+02
-2.09595960e-05 -2.77777778e-06 2.50002479e+08 8.09555671e+02 1.93817493e+02
-2.04545455e-05 -2.77777778e-06 2.50002705e+08 1.05206700e+03 1.34008298e+02
-1.99494949e-05 -2.77777778e-06 2.50002933e+08 1.31194062e+03 5.17407423e+01
-1.94444444e-05 -2.77777778e-06 2.50003159e+08 1.58981984e+03 -5.48485643e+01
-1.89393939e-05 -2.77777778e-06 2.50003376e+08 1.88680863e+03 -1.86314124e+02
-1.84343434e-05 -2.77777778e-06 2.50003574e+08 2.20400726e+03 -3.40480324e+02
-1.79292929e-05 -2.77777778e-06 2.50003740e+08 2.54051859e+03 -5.10311127e+02
-1.74242424e-05 -2.77777778e-06 2.50003859e+08 2.88843365e+03 -6.82255329e+02
-1.69191919e-05 -2.77777778e-06 2.50003924e+08 3.22517113e+03 -8.39390666e+02
-1.64141414e-05 -2.77777778e-06 2.50003945e+08 3.51232462e+03 -9.75079542e+02
-1.59090909e-05 -2.77777778e-06 2.50003941e+08 3.71858824e+03 -1.10849884e+03
-1.54040404e-05 -2.77777778e-06 2.50003920e+08 3.85533604e+03 -1.27041479e+03
-1.48989899e-05 -2.77777778e-06 2.50003862e+08 3.96781074e+03 -1.46288322e+03
-1.43939394e-05 -2.77777778e-06 2.50003748e+08 4.08316444e+03 -1.65313942e+03
-1.38888889e-05 -2.77777778e-06 2.50003583e+08 4.18635879e+03 -1.80680180e+03
-1.33838384e-05 -2.77777778e-06 2.50003396e+08 4.23972410e+03 -1.91629371e+03
-1.28787879e-05 -2.77777778e-06 2.50003217e+08 4.22255410e+03 -2.00988444e+03
-1.23737374e-05 -2.77777778e-06 2.50003049e+08 4.17754932e+03 -2.13228652e+03
-1.18686869e-05 -2.77777778e-06 2.50002812e+08 4.20392998e+03 -2.26286517e+03
-1.13636364e-05 -2.77777778e-06 2.50002423e+08 4.28380555e+03 -2.27782902e+03
-1.08585859e-05 -2.77777778e-06 2.50001903e+08 4.23013170e+03 -2.13724044e+03
-1.03535354e-05 -2.77777778e-06 2.50001263e+08 3.93642399e+03 -1.92136031e+03
-9.84848485e-06 -2.77777778e-06 2.50000458e+08 3.41401542e+03 -1.67882506e+03
-9.34343434e-06 -2.77777778e-06 2.49999450e+08 2.68146843e+03 -1.41315898e+03
-8.83838384e-06 -2.77777778e-06 2.49998235e+08 1.73361294e+03 -1.12949490e+03
-8.33333333e-06 -2.77777778e-06 2.49996839e+08 5.57708040e+02 -8.55525556e+02
-7.82828283e-06 -2.77777778e-06 2.49995311e+08 -8.46487107e+02 -6.44585273e+02
-7.32323232e-06 -2.77777778e-06 2.49993731e+08 -2.44902999e+03 -5.73004227e+02
-6.81818182e-06 -2.77777778e-06 2.49992206e+08 -4.17278097e+03 -7.33635803e+02
-6.31313131e-06 -2.77777778e-06 2.49990875e+08 -5.87718099e+03 -1.22339926e+03
-5.80808081e-06 -2.77777778e-06 2.49989891e+08 -7.34613410e+03 -2.12152420e+03
-5.30303030e-06 -2.77777778e-06 2.49989397e+08 -8.28782209e+03 -3.45512298e+03
-4.79797980e-06 -2.77777778e-06 2.49989480e+08 -8.36105167e+03 -5.15178449e+03
-4.29292929e-06 -2.77777778e-06 2.49990110e+08 -7.24827276e+03 -6.99052770e+03
-3.78787879e-06 -2.77777778e-06 2.49991087e+08 -4.78569904e+03 -8.58559289e+03
-3.28282828e-06 -2.77777778e-06 2.49992063e+08 -1.11660236e+03 -9.45594883e+03
-2.77777778e-06 -2.77777778e-06 2.49992662e+08 3.23366710e+03 -9.20346043e+03
-2.27272727e-06 -2.77777778e-06 2.49992669e+08 7.47262423e+03 -7.72374590e+03
-1.76767677e-06 -2.77777778e-06 2.49992142e+08 1.08330387e+04 -5.29324026e+03
-1.26262626e-06 -2.77777778e-06 2.49991358e+08 1.28622532e+04 -2.44621696e+03
-7.57575758e-07 -2.77777778e-06 2.49990647e+08 1.35213439e+04 2.66854275e+02
-2.52525253e-07 -2.77777778e-06 2.49990237e+08 1.30778361e+04 2.46856979e+03
2.52525253e-07 -2.77777778e-06 2.49990211e+08 1.19183982e+04 4.00691770e+03
7.57575758e-07 -2.77777778e-06 2.49990537e+08 1.04023038e+04 4.90414586e+03
1.26262626e-06 -2.77777778e-06 2.49991124e+08 8.79467009e+03 5.27459748e+03
1.76767677e-06 -2.77777778e-06 2.49991872e+08 7.25990225e+03 5.25860525e+03
2.27272727e-06 -2.77777778e-06 2.49992697e+08 5.88286467e+03 4.98496371e+03
2.77777778e-06 -2.77777778e-06 2.49993537e+08 4.69541682e+03 4.55619205e+03
3.28282828e-06 -2.77777778e-06 2.49994353e+08 3.69840970e+03 4.04692438e+03
3.78787879e-06 -2.77777778e-06 2.49995121e+08 2.87689719e+03 3.50803472e+03
4.29292929e-06 -2.77777778e-06 2.49995833e+08 2.20952263e+03 2.97228285e+03
4.79797980e-06 -2.77777778e-06 2.49996490e+08 1.67380266e+03 2.45956344e+03
5.30303030e-06 -2.77777778e-06 2.49997095e+08 1.24882644e+03 1.98112277e+03
5.80808081e-06 -2.77777778e-06 2.49997657e+08 9.16456251e+02 1.54270137e+03
6.31313131e-06 -2.77777778e-06 2.49998188e+08 6.61729813e+02 1.14678043e+03
6.81818182e-06 -2.77777778e-06 2.49998698e+08 4.72889394e+02 7.94153801e+02
7.32323232e-06 -2.77777778e-06 2.49999202e+08 3.41287726e+02 4.85022571e+02
7.82828283e-06 -2.77777778e-06 2.49999713e+08 2.61318056e+02 2.19763614e+02
8.33333333e-06 -2.77777778e-06 2.50000246e+08 2.30460192e+02 -5.24114658e-01
8.83838384e-06 -2.77777778e-06 2.50000818e+08 2.49507734e+02 -1.73637653e+02
9.34343434e-06 -2.77777778e-06 2.50001445e+08 3.23029959e+02 -2.96042896e+02
9.84848485e-06 -2.77777778e-06 2.50002146e+08 4.60112585e+02 -3.62851375e+02
1.03535354e-05 -2.77777778e-06 2.50002939e+08 6.75398805e+02 -3.68131006e+02
1.08585859e-05 -2.77777778e-06 2.50003842e+08 9.90388970e+02 -3.05797561e+02
1.13636364e-05 -2.77777778e-06 2.50004867e+08 1.43480730e+03 -1.71496298e+02
1.18686869e-05 -2.77777778e-06 2.50006018e+08 2.04752939e+03 3.39168797e+01
1.23737374e-05 -2.77777778e-06 2.50007285e+08 2.87597244e+03 2.98513559e+02
1.28787879e-05 -2.77777778e-06 2.50008631e+08 3.97186714e+03 5.90319671e+02
1.33838384e-05 -2.77777778e-06 2.50009979e+08 5.37997119e+03 8.45201404e+02
1.38888889e-05 -2.77777778e-06 2.50011206e+08 7.11503026e+03 9.53645368e+02
1.43939394e-05 -2.77777778e-06 2.50012135e+08 9.12264944e+03 7.52621479e+02
1.48989899e-05 -2.77777778e-06 2.50012553e+08 1.12246200e+04 3.45841701e+01
1.54040404e-05 -2.77777778e-06 2.50012258e+08 1.30617371e+04 -1.41031793e+03
1.59090909e-05 -2.77777778e-06 2.50011137e+08 1.40657234e+04 -3.70838451e+03
1.64141414e-05 -2.77777778e-06 2.50009255e+08 1.35041784e+04 -6.78424676e+03
1.69191919e-05 -2.77777778e-06 2.50006921e+08 1.06297465e+04 -1.02516481e+04
1.74242424e-05 -2.77777778e-06 2.50004689e+08 4.92730032e+03 -1.33664968e+04
1.79292929e-05 -2.77777778e-06 2.50003274e+08 -3.57599188e+03 -1.50844596e+04
1.84343434e-05 -2.77777778e-06 2.50003351e+08 -1.39917983e+04 -1.42784675e+04
1.89393939e-05 -2.77777778e-06 2.50005160e+08 -2.44113235e+04 -1.02077826e+04
1.94444444e-05 -2.77777778e-06 2.50008103e+08 -3.22895603e+04 -3.17002276e+03
1.99494949e-05 -2.77777778e-06 2.50010815e+08 -3.55844984e+04 5.21021644e+03
2.04545455e-05 -2.77777778e-06 2.50011966e+08 -3.39434021e+04 1.26692879e+04
2.09595960e-05 -2.77777778e-06 2.50011111e+08 -2.87664430e+04 1.75636752e+04
2.14646465e-05 -2.77777778e-06 2.50008751e+08 -2.21281462e+04 1.95341384e+04
2.19696970e-05 -2.77777778e-06 2.50005757e+08 -1.56855760e+04 1.91958800e+04
2.24747475e-05 -2.77777778e-06 2.50002845e+08 -1.02964144e+04 1.74716636e+04
2.29797980e-05 -2.77777778e-06 2.50000402e+08 -6.18145982e+03 1.51445184e+04
2.34848485e-05 -2.77777778e-06 2.49998544e+08 -3.22317986e+03 1.27226123e+04
2.39898990e-05 -2.77777778e-06 2.49997235e+08 -1.18686038e+03 1.04753574e+04
2.44949495e-05 -2.77777778e-06 2.49996378e+08 1.65052354e+02 8.51424458e+03
2.50000000e-05 -2.77777778e-06 2.49995868e+08 1.02999724e+03 6.86214139e+03
-2.50000000e-05 -2.27272727e-06 2.50000876e+08 -5.65747660e+02 1.76953937e+02
-2.44949495e-05 -2.27272727e-06 2.50001016e+08 -4.52019071e+02 2.21583674e+02
-2.39898990e-05 -2.27272727e-06 2.50001168e+08 -3.21512218e+02 2.62378732e+02
-2.34848485e-05 -2.27272727e-06 2.50001332e+08 -1.73368433e+02 2.97657289e+02
-2.29797980e-05 -2.27272727e-06 2.50001507e+08 -6.87308010e+00 3.25531699e+02
-2.24747475e-05 -2.27272727e-06 2.50001693e+08 1.78520615e+02 3.43925621e+02
-2.19696970e-05 -2.27272727e-06 2.50001888e+08 3.83177446e+02 3.50607745e+02
-2.14646465e-05 -2.27272727e-06 2.50002091e+08 6.07280468e+02 3.43250642e+02
-2.09595960e-05 -2.27272727e-06 2.50002299e+08 8.50848491e+02 3.19529593e+02
-2.04545455e-05 -2.27272727e-06 2.50002510e+08 1.11376656e+03 2.77287351e+02
-1.99494949e-05 -2.27272727e-06 2.50002719e+08 1.39580524e+03 2.14807702e+02
-1.94444444e-05 -2.27272727e-06 2.50002920e+08 1.69655788e+03 1.31259745e+02
-1.89393939e-05 -2.27272727e-06 2.50003107e+08 2.01513089e+03 2.73729149e+01
-1.84343434e-05 -2.27272727e-06 2.50003271e+08 2.34927755e+03 -9.36931859e+01
-1.79292929e-05 -2.27272727e-06 2.50003403e+08 2.69357876e+03 -2.25667849e+02
-1.74242424e-05 -2.27272727e-06 2.50003496e+08 3.03669469e+03 -3.59797810e+02
-1.69191919e-05 -2.27272727e-06 2.50003547e+08 3.35948735e+03 -4.88497249e+02
-1.64141414e-05 -2.27272727e-06 2.50003564e+08 3.63860979e+03 -6.11873696e+02
-1.59090909e-05 -2.27272727e-06 2.50003554e+08 3.85857836e+03 -7.40862364e+02
-1.54040404e-05 -2.27272727e-06 2.50003518e+08 4.02331898e+03 -8.88454644e+02
-1.48989899e-05 -2.27272727e-06 2.50003446e+08 4.15067784e+03 -1.05482508e+03
-1.43939394e-05 -2.27272727e-06 2.50003327e+08 4.25287281e+03 -1.22493861e+03
-1.38888889e-05 -2.27272727e-06 2.50003164e+08 4.32543766e+03 -1.38189517e+03
-1.33838384e-05 -2.27272727e-06 2.50002964e+08 4.35549979e+03 -1.52108879e+03
-1.28787879e-05 -2.27272727e-06 2.50002735e+08 4.34162778e+03 -1.65183599e+03
-1.23737374e-05 -2.27272727e-06 2.50002457e+08 4.30719200e+03 -1.77930806e+03
-1.18686869e-05 -2.27272727e-06 2.50002088e+08 4.27803738e+03 -1.87503044e+03
-1.13636364e-05 -2.27272727e-06 2.50001592e+08 4.22513545e+03 -1.88428989e+03
-1.08585859e-05 -2.27272727e-06 2.50000974e+08 4.06177915e+03 -1.78646676e+03
-1.03535354e-05 -2.27272727e-06 2.50000245e+08 3.71784853e+03 -1.61232004e+03
-9.84848485e-06 -2.27272727e-06 2.49999394e+08 3.17266679e+03 -1.40060487e+03
-9.34343434e-06 -2.27272727e-06 2.49998409e+08 2.42865002e+03 -1.17651977e+03
-8.83838384e-06 -2.27272727e-06 2.49997295e+08 1.49007707e+03 -9.62335988e+02
-8.33333333e-06 -2.27272727e-06 2.49996078e+08 3.63738190e+02 -7.90532764e+02
-7.82828283e-06 -2.27272727e-06 2.49994808e+08 -9.30396478e+02 -7.08952788e+02
-7.32323232e-06 -2.27272727e-06 2.49993557e+08 -2.34649881e+03 -7.79319364e+02
-6.81818182e-06 -2.27272727e-06 2.49992420e+08 -3.80091742e+03 -1.07048689e+03
-6.31313131e-06 -2.27272727e-06 2.49991502e+08 -5.16290590e+03 -1.64599324e+03
-5.80808081e-06 -2.27272727e-06 2.49990908e+08 -6.25161670e+03 -2.54485020e+03
-5.30303030e-06 -2.27272727e-06 2.49990719e+08 -6.84547298e+03 -3.75557835e+03
-4.79797980e-06 -2.27272727e-06 2.49990959e+08 -6.71222728e+03 -5.18732711e+03
-4.29292929e-06 -2.27272727e-06 2.49991564e+08 -5.66642456e+03 -6.64959034e+03
-3.78787879e-06 -2.27272727e-06 2.49992365e+08 -3.64963301e+03 -7.86103242e+03
-3.28282828e-06 -2.27272727e-06 2.49993120e+08 -8.05203189e+02 -8.50782972e+03
-2.77777778e-06 -2.27272727e-06 2.49993591e+08 2.50287953e+03 -8.34875429e+03
-2.27272727e-06 -2.27272727e-06 2.49993645e+08 5.76712298e+03 -7.32204257e+03
-1.76767677e-06 -2.27272727e-06 2.49993306e+08 8.49212599e+03 -5.58610652e+03
-1.26262626e-06 -2.27272727e-06 2.49992732e+08 1.03482414e+04 -3.46062292e+03
-7.57575758e-07 -2.27272727e-06 2.49992134e+08 1.12410760e+04 -1.30450337e+03
-2.52525253e-07 -2.27272727e-06 2.49991686e+08 1.12783621e+04 5.95664599e+02
2.52525253e-07 -2.27272727e-06 2.49991485e+08 1.06794220e+04 2.07794914e+03
7.57575758e-07 -2.27272727e-06 2.49991546e+08 9.68555146e+03 3.09843591e+03
1.26262626e-06 -2.27272727e-06 2.49991836e+08 8.50328331e+03 3.69389016e+03
1.76767677e-06 -2.27272727e-06 2.49992294e+08 7.28276691e+03 3.94105460e+03
2.27272727e-06 -2.27272727e-06 2.49992861e+08 6.11919249e+03 3.92650089e+03
2.77777778e-06 -2.27272727e-06 2.49993484e+08 5.06436982e+03 3.72946345e+03
3.28282828e-06 -2.27272727e-06 2.49994123e+08 4.14010132e+03 3.41467597e+03
3.78787879e-06 -2.27272727e-06 2.49994752e+08 3.34950702e+03 3.03123088e+03
4.29292929e-06 -2.27272727e-06 2.49995356e+08 2.68527885e+03 2.61435558e+03
4.79797980e-06 -2.27272727e-06 2.49995928e+08 2.13514554e+03 2.18819476e+03
5.30303030e-06 -2.27272727e-06 2.49996465e+08 1.68523219e+03 1.76861730e+03
5.80808081e-06 -2.27272727e-06 2.49996973e+08 1.32199074e+03 1.36564201e+03
6.31313131e-06 -2.27272727e-06 2.49997457e+08 1.03323452e+03 9.85382195e+02
6.81818182e-06 -2.27272727e-06 2.49997925e+08 8.08655807e+02 6.31549282e+02
7.32323232e-06 -2.27272727e-06 2.49998390e+08 6.40083308e+02 3.06605389e+02
7.82828283e-06 -2.27272727e-06 2.49998863e+08 5.21653125e+02 1.26614756e+01
8.33333333e-06 -2.27272727e-06 2.49999359e+08 4.50017451e+02 -2.47794889e+02
8.83838384e-06 -2.27272727e-06 2.49999896e+08 4.24692428e+02 -4.71279795e+02
9.34343434e-06 -2.27272727e-06 2.50000494e+08 4.48643221e+02 -6.52768815e+02
9.84848485e-06 -2.27272727e-06 2.50001175e+08 5.29213859e+02 -7.85240408e+02
1.03535354e-05 -2.27272727e-06 2.50001965e+08 6.79521500e+02 -8.59392381e+02
1.08585859e-05 -2.27272727e-06 2.50002892e+08 9.20428526e+02 -8.63743539e+02
1.13636364e-05 -2.27272727e-06 2.50003984e+08 1.28313472e+03 -7.85548194e+02
1.18686869e-05 -2.27272727e-06 2.50005269e+08 1.81219694e+03 -6.13296358e+02
1.23737374e-05 -2.27272727e-06 2.50006759e+08 2.56819428e+03 -3.42060905e+02
1.28787879e-05 -2.27272727e-06 2.50008447e+08 3.62799545e+03 1.65261087e+01
1.33838384e-05 -2.27272727e-06 2.50010281e+08 5.07826016e+03 4.17794418e+02
1.38888889e-05 -2.27272727e-06 2.50012147e+08 6.99433955e+03 7.60711201e+02
1.43939394e-05 -2.27272727e-06 2.50013840e+08 9.39351598e+03 8.62695433e+02
1.48989899e-05 -2.27272727e-06 2.50015070e+08 1.21534914e+04 4.48762714e+02
1.54040404e-05 -2.27272727e-06 2.50015502e+08 1.49036639e+04 -8.14377427e+02
1.59090909e-05 -2.27272727e-06 2.50014866e+08 1.69346095e+04 -3.20629070e+03
1.64141414e-05 -2.27272727e-06 2.50013105e+08 1.72118360e+04 -6.76503904e+03
1.69191919e-05 -2.27272727e-06 2.50010487e+08 1.45675852e+04 -1.10963926e+04
1.74242424e-05 -2.27272727e-06 2.50007626e+08 8.05168209e+03 -1.52830903e+04
1.79292929e-05 -2.27272727e-06 2.50005440e+08 -2.63707182e+03 -1.79198367e+04
1.84343434e-05 -2.27272727e-06 2.50005007e+08 -1.66135943e+04 -1.72736660e+04
1.89393939e-05 -2.27272727e-06 2.50007055e+08 -3.11913089e+04 -1.18552391e+04
1.94444444e-05 -2.27272727e-06 2.50010935e+08 -4.20334352e+04 -1.76663067e+03
1.99494949e-05 -2.27272727e-06 2.50014313e+08 -4.53614755e+04 1.01999730e+04
2.04545455e-05 -2.27272727e-06 2.50014888e+08 -4.08922448e+04 1.99114238e+04
2.09595960e-05 -2.27272727e-06 2.50012346e+08 -3.18211370e+04 2.48832431e+04
2.14646465e-05 -2.27272727e-06 2.50008080e+08 -2.19564922e+04 2.53649439e+04
2.19696970e-05 -2.27272727e-06 2.50003664e+08 -1.35960066e+04 2.30375857e+04
2.24747475e-05 -2.27272727e-06 2.50000003e+08 -7.41813965e+03 1.95403062e+04
2.29797980e-05 -2.27272727e-06 2.49997354e+08 -3.22044744e+03 1.59122401e+04
2.34848485e-05 -2.27272727e-06 2.49995626e+08 -5.28259725e+02 1.26484524e+04
2.39898990e-05 -2.27272727e-06 2.49994612e+08 1.11575807e+03 9.91106116e+03
2.44949495e-05 -2.27272727e-06 2.49994106e+08 2.06484231e+03 7.69883788e+03
2.50000000e-05 -2.27272727e-06 2.49993942e+08 2.56688250e+03 5.94610830e+03
-2.50000000e-05 -1.76767677e-06 2.50000738e+08 -6.16783542e+02 2.05321607e+02
-2.44949495e-05 -1.76767677e-06 2.50000872e+08 -5.00546473e+02 2.60687030e+02
-2.39898990e-05 -1.76767677e-06 2.50001018e+08 -3.65954842e+02 3.13368190e+02
-2.34848485e-05 -1.76767677e-06 2.50001176e+08 -2.11934754e+02 3.61680316e+02
-2.29797980e-05 -1.76767677e-06 2.50001345e+08 -3.75711853e+01 4.03725448e+02
-2.24747475e-05 -1.76767677e-06 2.50001524e+08 1.57851466e+02 4.37419982e+02
-2.19696970e-05 -1.76767677e-06 2.50001711e+08 3.74811205e+02 4.60545285e+02
-2.14646465e-05 -1.76767677e-06 2.50001905e+08 6.13513145e+02 4.70830805e+02
-2.09595960e-05 -1.76767677e-06 2.50002103e+08 8.73853313e+02 4.66083164e+02
-2.04545455e-05 -1.76767677e-06 2.50002300e+08 1.15536801e+03 4.44379450e+02
-1.99494949e-05 -1.76767677e-06 2.50002493e+08 1.45713582e+03 4.04345405e+02
-1.94444444e-05 -1.76767677e-06 2.50002676e+08 1.77756661e+03 3.45530146e+02
-1.89393939e-05 -1.76767677e-06 2.50002842e+08 2.11397009e+03 2.68846266e+02
-1.84343434e-05 -1.76767677e-06 2.50002985e+08 2.46178099e+03 1.76929850e+02
-1.79292929e-05 -1.76767677e-06 2.50003097e+08 2.81343772e+03 7.40630970e+01
-1.74242424e-05 -1.76767677e-06 2.50003175e+08 3.15735675e+03 -3.49009847e+01
-1.69191919e-05 -1.76767677e-06 2.50003218e+08 3.47825333e+03 -1.46917581e+02
-1.64141414e-05 -1.76767677e-06 2.50003228e+08 3.76041721e+03 -2.63382181e+02
-1.59090909e-05 -1.76767677e-06 2.50003207e+08 3.99360915e+03 -3.90114766e+02
-1.54040404e-05 -1.76767677e-06 2.50003155e+08 4.17711756e+03 -5.32716451e+02
-1.48989899e-05 -1.76767677e-06 2.50003065e+08 4.31694122e+03 -6.90615200e+02
-1.43939394e-05 -1.76767677e-06 2.50002930e+08 4.41803942e+03 -8.56179116e+02
-1.38888889e-05 -1.76767677e-06 2.50002747e+08 4.47973203e+03 -1.02002267e+03
-1.33838384e-05 -1.76767677e-06 2.50002516e+08 4.49890673e+03 -1.17661923e+03
-1.28787879e-05 -1.76767677e-06 2.50002232e+08 4.47728293e+03 -1.32350850e+03
-1.23737374e-05 -1.76767677e-06 2.50001878e+08 4.42277742e+03 -1.45252623e+03
-1.18686869e-05 -1.76767677e-06 2.50001431e+08 4.33629548e+03 -1.54174631e+03
-1.13636364e-05 -1.76767677e-06 2.50000877e+08 4.19295438e+03 -1.56400832e+03
-1.08585859e-05 -1.76767677e-06 2.50000218e+08 3.94501024e+03 -1.50933307e+03
-1.03535354e-05 -1.76767677e-06 2.49999462e+08 3.54863167e+03 -1.39316198e+03
-9.84848485e-06 -1.76767677e-06 2.49998616e+08 2.98194106e+03 -1.24340339e+03
-9.34343434e-06 -1.76767677e-06 2.49997684e+08 2.24188630e+03 -1.08858347e+03
-8.83838384e-06 -1.76767677e-06 2.49996680e+08 1.33615066e+03 -9.57690483e+02
-8.33333333e-06 -1.76767677e-06 2.49995633e+08 2.81796389e+02 -8.84905728e+02
-7.82828283e-06 -1.76767677e-06 2.49994590e+08 -8.89768033e+02 -9.12247762e+02
-7.32323232e-06 -1.76767677e-06 2.49993612e+08 -2.12529593e+03 -1.08791700e+03
-6.81818182e-06 -1.76767677e-06 2.49992773e+08 -3.34271567e+03 -1.46012572e+03
-6.31313131e-06 -1.76767677e-06 2.49992150e+08 -4.42724010e+03 -2.06641379e+03
-5.80808081e-06 -1.76767677e-06 2.49991810e+08 -5.23369970e+03 -2.91875199e+03
-5.30303030e-06 -1.76767677e-06 2.49991793e+08 -5.59901814e+03 -3.98607131e+03
-4.79797980e-06 -1.76767677e-06 2.49992090e+08 -5.36851758e+03 -5.17866344e+03
-4.29292929e-06 -1.76767677e-06 2.49992631e+08 -4.43652748e+03 -6.34273043e+03
-3.78787879e-06 -1.76767677e-06 2.49993282e+08 -2.79385807e+03 -7.27567076e+03
-3.28282828e-06 -1.76767677e-06 2.49993876e+08 -5.63709264e+02 -7.76859632e+03
-2.77777778e-06 -1.76767677e-06 2.49994255e+08 1.99836626e+03 -7.66875794e+03
-2.27272727e-06 -1.76767677e-06 2.49994331e+08 4.55465591e+03 -6.93670246e+03
-1.76767677e-06 -1.76767677e-06 2.49994113e+08 6.77276659e+03 -5.66692993e+03
-1.26262626e-06 -1.76767677e-06 2.49993694e+08 8.41207412e+03 -4.05792071e+03
-7.57575758e-07 -1.76767677e-06 2.49993209e+08 9.37030426e+03 -2.34732159e+03
-2.52525253e-07 -1.76767677e-06 2.49992786e+08 9.67719026e+03 -7.45899111e+02
2.52525253e-07 -1.76767677e-06 2.49992512e+08 9.45135837e+03 6.02888330e+02
7.57575758e-07 -1.76767677e-06 2.49992424e+08 8.84805889e+03 1.63127148e+03
1.26262626e-06 -1.76767677e-06 2.49992517e+08 8.01820702e+03 2.33318126e+03
1.76767677e-06 -1.76767677e-06 2.49992763e+08 7.08570800e+03 2.74185086e+03
2.27272727e-06 -1.76767677e-06 2.49993122e+08 6.14038443e+03 2.90907433e+03
2.77777778e-06 -1.76767677e-06 2.49993556e+08 5.24042414e+03 2.89043977e+03
3.28282828e-06 -1.76767677e-06 2.49994030e+08 4.41891898e+03 2.73681721e+03
3.78787879e-06 -1.76767677e-06 2.49994519e+08 3.69105581e+03 2.49060560e+03
4.29292929e-06 -1.76767677e-06 2.49995005e+08 3.06031528e+03 2.18496128e+03
4.79797980e-06 -1.76767677e-06 2.49995478e+08 2.52317996e+03 1.84459355e+03
5.30303030e-06 -1.76767677e-06 2.49995931e+08 2.07242731e+03 1.48720441e+03
5.80808081e-06 -1.76767677e-06 2.49996364e+08 1.69929621e+03 1.12505482e+03
6.31313131e-06 -1.76767677e-06 2.49996780e+08 1.39484453e+03 7.66412113e+02
6.81818182e-06 -1.76767677e-06 2.49997185e+08 1.15077157e+03 4.16794652e+02
7.32323232e-06 -1.76767677e-06 2.49997585e+08 9.59918901e+02 8.00153497e+01
7.82828283e-06 -1.76767677e-06 2.49997993e+08 8.16612106e+02 -2.40933688e+02
8.33333333e-06 -1.76767677e-06 2.49998422e+08 7.16971803e+02 -5.43096947e+02
8.83838384e-06 -1.76767677e-06 2.49998888e+08 6.59308765e+02 -8.22810139e+02
9.34343434e-06 -1.76767677e-06 2.49999413e+08 6.44724545e+02 -1.07493765e+03
9.84848485e-06 -1.76767677e-06 2.50000022e+08 6.78067551e+02 -1.29205416e+03
1.03535354e-05 -1.76767677e-06 2.50000746e+08 7.69445207e+02 -1.46357332e+03
1.08585859e-05 -1.76767677e-06 2.50001624e+08 9.36560844e+02 -1.57492066e+03
1.13636364e-05 -1.76767677e-06 2.50002701e+08 1.20820512e+03 -1.60704890e+03
1.18686869e-05 -1.76767677e-06 2.50004026e+08 1.62920773e+03 -1.53699824e+03
1.23737374e-05 -1.76767677e-06 2.50005650e+08 2.26683800e+03 -1.34095428e+03
1.28787879e-05 -1.76767677e-06 2.50007611e+08 3.21755083e+03 -1.00248802e+03
1.33838384e-05 -1.76767677e-06 2.50009912e+08 4.61015778e+03 -5.30249817e+02
1.38888889e-05 -1.76767677e-06 2.50012485e+08 6.59555019e+03 9.81492054e+00
1.43939394e-05 -1.76767677e-06 2.50015143e+08 9.30333492e+03 4.46374831e+02
1.48989899e-05 -1.76767677e-06 2.50017538e+08 1.27368342e+04 4.53187383e+02
1.54040404e-05 -1.76767677e-06 2.50019179e+08 1.65889847e+04 -4.53133952e+02
1.59090909e-05 -1.76767677e-06 2.50019568e+08 2.00271514e+04 -2.78451150e+03
1.64141414e-05 -1.76767677e-06 2.50018447e+08 2.16147775e+04 -6.77584785e+03
1.69191919e-05 -1.76767677e-06 2.50015998e+08 1.95738215e+04 -1.20330576e+04
1.74242424e-05 -1.76767677e-06 2.50012810e+08 1.23447255e+04 -1.74148974e+04
1.79292929e-05 -1.76767677e-06 2.50009782e+08 -8.94494956e+02 -2.11723935e+04
1.84343434e-05 -1.76767677e-06 2.50008314e+08 -1.96722579e+04 -2.09314998e+04
1.89393939e-05 -1.76767677e-06 2.50010173e+08 -4.07251176e+04 -1.38145971e+04
1.94444444e-05 -1.76767677e-06 2.50015255e+08 -5.64879166e+04 1.13583547e+03
1.99494949e-05 -1.76767677e-06 2.50019366e+08 -5.90802329e+04 1.89458307e+04
2.04545455e-05 -1.76767677e-06 2.50018161e+08 -4.87122915e+04 3.13158054e+04
2.09595960e-05 -1.76767677e-06 2.50012252e+08 -3.31022607e+04 3.47700650e+04
2.14646465e-05 -1.76767677e-06 2.50005127e+08 -1.90917865e+04 3.17926127e+04
2.19696970e-05 -1.76767677e-06 2.49999239e+08 -9.11295565e+03 2.61923867e+04
2.24747475e-05 -1.76767677e-06 2.49995267e+08 -2.84853854e+03 2.04041666e+04
2.29797980e-05 -1.76767677e-06 2.49992958e+08 7.76791934e+02 1.54313507e+04
2.34848485e-05 -1.76767677e-06 2.49991831e+08 2.72743251e+03 1.14897811e+04
2.39898990e-05 -1.76767677e-06 2.49991461e+08 3.67439425e+03 8.48102302e+03
2.44949495e-05 -1.76767677e-06 2.49991544e+08 4.04042346e+03 6.22289546e+03
2.50000000e-05 -1.76767677e-06 2.49991880e+08 4.08024673e+03 4.53877973e+03
-2.50000000e-05 -1.26262626e-06 2.50000587e+08 -6.78469548e+02 2.36814411e+02
-2.44949495e-05 -1.26262626e-06 2.50000713e+08 -5.60979805e+02 3.03974566e+02
-2.39898990e-05 -1.26262626e-06 2.50000852e+08 -4.23569926e+02 3.69823371e+02
-2.34848485e-05 -1.26262626e-06 2.50001003e+08 -2.64936704e+02 4.32684389e+02
-2.29797980e-05 -1.26262626e-06 2.50001165e+08 -8.39562520e+01 4.90651178e+02
-2.24747475e-05 -1.26262626e-06 2.50001337e+08 1.20254288e+02 5.41619582e+02
-2.19696970e-05 -1.26262626e-06 2.50001518e+08 3.48269693e+02 5.83346117e+02
-2.14646465e-05 -1.26262626e-06 2.50001704e+08 6.00282384e+02 6.13540495e+02
-2.09595960e-05 -1.26262626e-06 2.50001893e+08 8.76014776e+02 6.30001287e+02
-2.04545455e-05 -1.26262626e-06 2.50002080e+08 1.17460440e+03 6.30802543e+02
-1.99494949e-05 -1.26262626e-06 2.50002262e+08 1.49443621e+03 6.14532185e+02
-1.94444444e-05 -1.26262626e-06 2.50002433e+08 1.83288360e+03 5.80563018e+02
-1.89393939e-05 -1.26262626e-06 2.50002586e+08 2.18591796e+03 5.29293842e+02
-1.84343434e-05 -1.26262626e-06 2.50002716e+08 2.54758661e+03 4.62226106e+02
-1.79292929e-05 -1.26262626e-06 2.50002818e+08 2.90949201e+03 3.81667294e+02
-1.74242424e-05 -1.26262626e-06 2.50002888e+08 3.26065593e+03 2.89880748e+02
-1.69191919e-05 -1.26262626e-06 2.50002924e+08 3.58838410e+03 1.87815343e+02
-1.64141414e-05 -1.26262626e-06 2.50002927e+08 3.88052355e+03 7.41837942e+01
-1.59090909e-05 -1.26262626e-06 2.50002896e+08 4.12841296e+03 -5.39463418e+01
-1.54040404e-05 -1.26262626e-06 2.50002827e+08 4.32852170e+03 -1.98743273e+02
-1.48989899e-05 -1.26262626e-06 2.50002718e+08 4.48117257e+03 -3.59013624e+02
-1.43939394e-05 -1.26262626e-06 2.50002561e+08 4.58737580e+03 -5.29741818e+02
-1.38888889e-05 -1.26262626e-06 2.50002352e+08 4.64680217e+03 -7.04039444e+02
-1.33838384e-05 -1.26262626e-06 2.50002086e+08 4.65856368e+03 -8.75106636e+02
-1.28787879e-05 -1.26262626e-06 2.50001757e+08 4.62295372e+03 -1.03556698e+03
-1.23737374e-05 -1.26262626e-06 2.50001353e+08 4.54006833e+03 -1.17441389e+03
-1.18686869e-05 -1.26262626e-06 2.50000862e+08 4.40348994e+03 -1.27594689e+03
-1.13636364e-05 -1.26262626e-06 2.50000281e+08 4.19423477e+03 -1.32540785e+03
-1.08585859e-05 -1.26262626e-06 2.49999612e+08 3.88362678e+03 -1.31852477e+03
-1.03535354e-05 -1.26262626e-06 2.49998866e+08 3.44477797e+03 -1.26571498e+03
-9.84848485e-06 -1.26262626e-06 2.49998055e+08 2.86234608e+03 -1.18808598e+03
-9.34343434e-06 -1.26262626e-06 2.49997194e+08 2.13471881e+03 -1.11173303e+03
-8.83838384e-06 -1.26262626e-06 2.49996301e+08 1.27236381e+03 -1.06554363e+03
-8.33333333e-06 -1.26262626e-06 2.49995408e+08 2.97512730e+02 -1.08165153e+03
-7.82828283e-06 -1.26262626e-06 2.49994555e+08 -7.53436533e+02 -1.19549995e+03
-7.32323232e-06 -1.26262626e-06 2.49993793e+08 -1.82611452e+03 -1.44352169e+03
-6.81818182e-06 -1.26262626e-06 2.49993177e+08 -2.84503664e+03 -1.85773971e+03
-6.31313131e-06 -1.26262626e-06 2.49992759e+08 -3.71330054e+03 -2.45736927e+03
-5.80808081e-06 -1.26262626e-06 2.49992579e+08 -4.31741431e+03 -3.23823430e+03
-5.30303030e-06 -1.26262626e-06 2.49992652e+08 -4.53942155e+03 -4.16197529e+03
-4.79797980e-06 -1.26262626e-06 2.49992955e+08 -4.27742570e+03 -5.14868427e+03
-4.29292929e-06 -1.26262626e-06 2.49993423e+08 -3.47281433e+03 -6.07811567e+03
-3.78787879e-06 -1.26262626e-06 2.49993954e+08 -2.13784317e+03 -6.80442965e+03
-3.28282828e-06 -1.26262626e-06 2.49994427e+08 -3.72558130e+02 -7.18564030e+03
-2.77777778e-06 -1.26262626e-06 2.49994737e+08 1.64067410e+03 -7.12137884e+03
-2.27272727e-06 -1.26262626e-06 2.49994822e+08 3.66981604e+03 -6.58497262e+03
-1.76767677e-06 -1.26262626e-06 2.49994683e+08 5.48467081e+03 -5.63469937e+03
-1.26262626e-06 -1.26262626e-06 2.49994376e+08 6.90790714e+03 -4.39778921e+03
-7.57575758e-07 -1.26262626e-06 2.49993989e+08 7.84609490e+03 -3.03446646e+03
-2.52525253e-07 -1.26262626e-06 2.49993614e+08 8.29241550e+03 -1.69822559e+03
2.52525253e-07 -1.26262626e-06 2.49993323e+08 8.30659674e+03 -5.07090406e+02
7.57575758e-07 -1.26262626e-06 2.49993156e+08 7.98513357e+03 4.68019760e+02
1.26262626e-06 -1.26262626e-06 2.49993125e+08 7.43381129e+03 1.20029560e+03
1.76767677e-06 -1.26262626e-06 2.49993221e+08 6.74886986e+03 1.69597054e+03
2.27272727e-06 -1.26262626e-06 2.49993421e+08 6.00762550e+03 1.98138411e+03
2.77777778e-06 -1.26262626e-06 2.49993698e+08 5.26629556e+03 2.09196805e+03
3.28282828e-06 -1.26262626e-06 2.49994026e+08 4.56204214e+03 2.06454612e+03
3.78787879e-06 -1.26262626e-06 2.49994384e+08 3.91679955e+03 1.93281992e+03
4.29292929e-06 -1.26262626e-06 2.49994753e+08 3.34135299e+03 1.72527487e+03
4.79797980e-06 -1.26262626e-06 2.49995121e+08 2.83890663e+03 1.46465621e+03
5.30303030e-06 -1.26262626e-06 2.49995480e+08 2.40788420e+03 1.16832720e+03
5.80808081e-06 -1.26262626e-06 2.49995826e+08 2.04397519e+03 8.49039762e+02
6.31313131e-06 -1.26262626e-06 2.49996159e+08 1.74155482e+03 5.15836483e+02
6.81818182e-06 -1.26262626e-06 2.49996481e+08 1.49463494e+03 1.74939217e+02
7.32323232e-06 -1.26262626e-06 2.49996798e+08 1.29749351e+03 -1.69431521e+02
7.82828283e-06 -1.26262626e-06 2.49997117e+08 1.14510977e+03 -5.14307932e+02
8.33333333e-06 -1.26262626e-06 2.49997449e+08 1.03351570e+03 -8.57265217e+02
8.83838384e-06 -1.26262626e-06 2.49997809e+08 9.60168613e+02 -1.19569675e+03
9.34343434e-06 -1.26262626e-06 2.49998217e+08 9.24463503e+02 -1.52600266e+03
9.84848485e-06 -1.26262626e-06 2.49998698e+08 9.28541856e+02 -1.84260569e+03
1.03535354e-05 -1.26262626e-06 2.49999286e+08 9.78630521e+02 -2.13670089e+03
1.08585859e-05 -1.26262626e-06 2.50000025e+08 1.08727424e+03 -2.39466562e+03
1.13636364e-05 -1.26262626e-06 2.50000971e+08 1.27702650e+03 -2.59615185e+03
1.18686869e-05 -1.26262626e-06 2.50002199e+08 1.58642987e+03 -2.71217272e+03
1.23737374e-05 -1.26262626e-06 2.50003796e+08 2.07934771e+03 -2.70422504e+03
1.28787879e-05 -1.26262626e-06 2.50005860e+08 2.85849409e+03 -2.52712776e+03
1.33838384e-05 -1.26262626e-06 2.50008482e+08 4.08211668e+03 -2.14147688e+03
1.38888889e-05 -1.26262626e-06 2.50011701e+08 5.97618898e+03 -1.54668707e+03
1.43939394e-05 -1.26262626e-06 2.50015428e+08 8.81756819e+03 -8.49610124e+02
1.48989899e-05 -1.26262626e-06 2.50019334e+08 1.28321367e+04 -3.73383298e+02
1.54040404e-05 -1.26262626e-06 2.50022787e+08 1.79251060e+04 -7.55119692e+02
1.59090909e-05 -1.26262626e-06 2.50024972e+08 2.32284613e+04 -2.85964602e+03
1.64141414e-05 -1.26262626e-06 2.50025334e+08 2.67470130e+04 -7.28056938e+03
1.69191919e-05 -1.26262626e-06 2.50024025e+08 2.57149676e+04 -1.35712457e+04
1.74242424e-05 -1.26262626e-06 2.50021674e+08 1.77746049e+04 -2.00456373e+04
1.79292929e-05 -1.26262626e-06 2.50018646e+08 1.72696084e+03 -2.45805092e+04
1.84343434e-05 -1.26262626e-06 2.50015588e+08 -2.29167973e+04 -2.47987759e+04
1.89393939e-05 -1.26262626e-06 2.50015736e+08 -5.41132206e+04 -1.59735800e+04
1.94444444e-05 -1.26262626e-06 2.50022057e+08 -7.91777069e+04 7.00018934e+03
1.99494949e-05 -1.26262626e-06 2.50026707e+08 -7.87698666e+04 3.51526353e+04
2.04545455e-05 -1.26262626e-06 2.50020431e+08 -5.54808270e+04 4.93653532e+04
2.09595960e-05 -1.26262626e-06 2.50008141e+08 -2.94943054e+04 4.68522337e+04
2.14646465e-05 -1.26262626e-06 2.49997644e+08 -1.15305122e+04 3.70719999e+04
2.19696970e-05 -1.26262626e-06 2.49991271e+08 -1.52011096e+03 2.69821145e+04
2.24747475e-05 -1.26262626e-06 2.49988227e+08 3.39893389e+03 1.89274609e+04
2.29797980e-05 -1.26262626e-06 2.49987236e+08 5.52228765e+03 1.30644288e+04
2.34848485e-05 -1.26262626e-06 2.49987357e+08 6.21227131e+03 8.94071499e+03
2.39898990e-05 -1.26262626e-06 2.49988021e+08 6.20090280e+03 6.06930923e+03
2.44949495e-05 -1.26262626e-06 2.49988915e+08 5.86712927e+03 4.06886716e+03
2.50000000e-05 -1.26262626e-06 2.49989870e+08 5.40367033e+03 2.66848311e+03
-2.50000000e-05 -7.57575758e-07 2.50000422e+08 -7.51687731e+02 2.70095739e+02
-2.44949495e-05 -7.57575758e-07 2.50000540e+08 -6.34412283e+02 3.49959315e+02
-2.39898990e-05 -7.57575758e-07 2.50000672e+08 -4.95673991e+02 4.30098035e+02
-2.34848485e-05 -7.57575758e-07 2.50000815e+08 -3.33916762e+02 5.08848651e+02
-2.29797980e-05 -7.57575758e-07 2.50000971e+08 -1.47784629e+02 5.84287039e+02
-2.24747475e-05 -7.57575758e-07 2.50001136e+08 6.37934400e+01 6.54258372e+02
-2.19696970e-05 -7.57575758e-07 2.50001310e+08 3.01506593e+02 7.16433765e+02
-2.14646465e-05 -7.57575758e-07 2.50001490e+08 5.65550778e+02 7.68399418e+02
-2.09595960e-05 -7.57575758e-07 2.50001673e+08 8.55498261e+02 8.07782852e+02
-2.04545455e-05 -7.57575758e-07 2.50001854e+08 1.17013947e+03 8.32416285e+02
-1.99494949e-05 -7.57575758e-07 2.50002029e+08 1.50728507e+03 8.40527111e+02
-1.94444444e-05 -7.57575758e-07 2.50002193e+08 1.86351755e+03 8.30926600e+02
-1.89393939e-05 -7.57575758e-07 2.50002340e+08 2.23389696e+03 8.03139203e+02
-1.84343434e-05 -7.57575758e-07 2.50002465e+08 2.61167155e+03 7.57384251e+02
-1.79292929e-05 -7.57575758e-07 2.50002562e+08 2.98812933e+03 6.94318137e+02
-1.74242424e-05 -7.57575758e-07 2.50002628e+08 3.35282731e+03 6.14522136e+02
-1.69191919e-05 -7.57575758e-07 2.50002661e+08 3.69444533e+03 5.17920102e+02
-1.64141414e-05 -7.57575758e-07 2.50002658e+08 4.00226939e+03 4.03552083e+02
-1.59090909e-05 -7.57575758e-07 2.50002617e+08 4.26779718e+03 2.70136055e+02
-1.54040404e-05 -7.57575758e-07 2.50002534e+08 4.48557259e+03 1.17360891e+02
-1.48989899e-05 -7.57575758e-07 2.50002406e+08 4.65270178e+03 -5.28590384e+01
-1.43939394e-05 -7.57575758e-07 2.50002227e+08 4.76752809e+03 -2.36057357e+02
-1.38888889e-05 -7.57575758e-07 2.50001992e+08 4.82860141e+03 -4.25872339e+02
-1.33838384e-05 -7.57575758e-07 2.50001696e+08 4.83449332e+03 -6.14765779e+02
-1.28787879e-05 -7.57575758e-07 2.50001333e+08 4.78367300e+03 -7.93929076e+02
-1.23737374e-05 -7.57575758e-07 2.50000898e+08 4.67307000e+03 -9.52796461e+02
-1.18686869e-05 -7.57575758e-07 2.50000385e+08 4.49527275e+03 -1.07995783e+03
-1.13636364e-05 -7.57575758e-07 2.49999795e+08 4.23678941e+03 -1.16672342e+03
-1.08585859e-05 -7.57575758e-07 2.49999136e+08 3.88026305e+03 -1.21175544e+03
-1.03535354e-05 -7.57575758e-07 2.49998419e+08 3.41022280e+03 -1.22337455e+03
-9.84848485e-06 -7.57575758e-07 2.49997658e+08 2.81868231e+03 -1.21829541e+03
-9.34343434e-06 -7.57575758e-07 2.49996874e+08 2.10795169e+03 -1.21879654e+03
-8.83838384e-06 -7.57575758e-07 2.49996087e+08 1.29131071e+03 -1.25056583e+03
-8.33333333e-06 -7.57575758e-07 2.49995327e+08 3.93487767e+02 -1.34147422e+03
-7.82828283e-06 -7.57575758e-07 2.49994629e+08 -5.48108007e+02 -1.52015850e+03
-7.32323232e-06 -7.57575758e-07 2.49994033e+08 -1.48183387e+03 -1.81328596e+03
-6.81818182e-06 -7.57575758e-07 2.49993578e+08 -2.34115398e+03 -2.24097903e+03
-6.31313131e-06 -7.57575758e-07 2.49993300e+08 -3.04635649e+03 -2.81055605e+03
-5.80808081e-06 -7.57575758e-07 2.49993219e+08 -3.51008779e+03 -3.50945834e+03
-5.30303030e-06 -7.57575758e-07 2.49993334e+08 -3.64771207e+03 -4.29907107e+03
-4.79797980e-06 -7.57575758e-07 2.49993619e+08 -3.39240372e+03 -5.11199431e+03
-4.29292929e-06 -7.57575758e-07 2.49994018e+08 -2.71291862e+03 -5.85570685e+03
-3.78787879e-06 -7.57575758e-07 2.49994452e+08 -1.62949764e+03 -6.42471469e+03
-3.28282828e-06 -7.57575758e-07 2.49994834e+08 -2.21543833e+02 -6.72060190e+03
-2.77777778e-06 -7.57575758e-07 2.49995091e+08 1.37859070e+03 -6.67538863e+03
-2.27272727e-06 -7.57575758e-07 2.49995178e+08 3.00708280e+03 -6.27032382e+03
-1.76767677e-06 -7.57575758e-07 2.49995092e+08 4.50019200e+03 -5.54240742e+03
-1.26262626e-06 -7.57575758e-07 2.49994866e+08 5.72562146e+03 -4.57551893e+03
-7.57575758e-07 -7.57575758e-07 2.49994559e+08 6.60336553e+03 -3.47970727e+03
-2.52525253e-07 -7.57575758e-07 2.49994237e+08 7.11085559e+03 -2.36682525e+03
2.52525253e-07 -7.57575758e-07 2.49993955e+08 7.27407026e+03 -1.33072002e+03
7.57575758e-07 -7.57575758e-07 2.49993752e+08 7.15081328e+03 -4.36498324e+02
1.26262626e-06 -7.57575758e-07 2.49993646e+08 6.81296987e+03 2.81093822e+02
1.76767677e-06 -7.57575758e-07 2.49993639e+08 6.33235210e+03 8.13006227e+02
2.27272727e-06 -7.57575758e-07 2.49993721e+08 5.77184326e+03 1.16843634e+03
2.77777778e-06 -7.57575758e-07 2.49993873e+08 5.18141783e+03 1.36731159e+03
3.28282828e-06 -7.57575758e-07 2.49994079e+08 4.59764109e+03 1.43418184e+03
3.78787879e-06 -7.57575758e-07 2.49994318e+08 4.04515750e+03 1.39397438e+03
4.29292929e-06 -7.57575758e-07 2.49994576e+08 3.53901020e+03 1.26945399e+03
4.79797980e-06 -7.57575758e-07 2.49994841e+08 3.08706048e+03 1.07998227e+03
5.30303030e-06 -7.57575758e-07 2.49995102e+08 2.69213049e+03 8.41145419e+02
5.80808081e-06 -7.57575758e-07 2.49995355e+08 2.35373018e+03 5.64896541e+02
6.31313131e-06 -7.57575758e-07 2.49995595e+08 2.06936389e+03 2.59961867e+02
6.81818182e-06 -7.57575758e-07 2.49995823e+08 1.83547577e+03 -6.76460442e+01
7.32323232e-06 -7.57575758e-07 2.49996041e+08 1.64811528e+03 -4.14092929e+02
7.82828283e-06 -7.57575758e-07 2.49996251e+08 1.50340605e+03 -7.77197830e+02
8.33333333e-06 -7.57575758e-07 2.49996463e+08 1.39789756e+03 -1.15591318e+03
8.83838384e-06 -7.57575758e-07 2.49996687e+08 1.32887963e+03 -1.54977377e+03
9.34343434e-06 -7.57575758e-07 2.49996938e+08 1.29475160e+03 -1.95824724e+03
9.84848485e-06 -7.57575758e-07 2.49997238e+08 1.29557364e+03 -2.37988037e+03
1.03535354e-05 -7.57575758e-07 2.49997617e+08 1.33400280e+03 -2.81108369e+03
1.08585859e-05 -7.57575758e-07 2.49998117e+08 1.41696378e+03 -3.24433014e+03
1.13636364e-05 -7.57575758e-07 2.49998801e+08 1.55867977e+03 -3.66547619e+03
1.18686869e-05 -7.57575758e-07 2.49999751e+08 1.78618088e+03 -4.04991254e+03
1.23737374e-05 -7.57575758e-07 2.50001085e+08 2.14923214e+03 -4.35752806e+03
1.28787879e-05 -7.57575758e-07 2.50002960e+08 2.73779842e+03 -4.52761530e+03
1.33838384e-05 -7.57575758e-07 2.50005571e+08 3.71108852e+03 -4.47830751e+03
1.38888889e-05 -7.57575758e-07 2.50009124e+08 5.33986796e+03 -4.12386083e+03
1.43939394e-05 -7.57575758e-07 2.50013754e+08 8.04780558e+03 -3.44063109e+03
1.48989899e-05 -7.57575758e-07 2.50019338e+08 1.23829135e+04 -2.63256686e+03
1.54040404e-05 -7.57575758e-07 2.50025230e+08 1.87289326e+04 -2.41285441e+03
1.59090909e-05 -7.57575758e-07 2.50030193e+08 2.64801319e+04 -4.16914258e+03
1.64141414e-05 -7.57575758e-07 2.50033127e+08 3.28830615e+04 -9.28773889e+03
1.69191919e-05 -7.57575758e-07 2.50034403e+08 3.32024117e+04 -1.72560586e+04
1.74242424e-05 -7.57575758e-07 2.50035573e+08 2.37053117e+04 -2.47052971e+04
1.79292929e-05 -7.57575758e-07 2.50036338e+08 4.04512891e+03 -2.81368775e+04
1.84343434e-05 -7.57575758e-07 2.50033279e+08 -2.61793201e+04 -2.68950445e+04
1.89393939e-05 -7.57575758e-07 2.50027478e+08 -7.17695580e+04 -1.73942112e+04
1.94444444e-05 -7.57575758e-07 2.50033257e+08 -1.18215908e+05 1.89608284e+04
1.99494949e-05 -7.57575758e-07 2.50036932e+08 -1.06976079e+05 6.80307538e+04
2.04545455e-05 -7.57575758e-07 2.50015890e+08 -5.37930128e+04 7.63492470e+04
2.09595960e-05 -7.57575758e-07 2.49993838e+08 -1.51410259e+04 5.71067366e+04
2.14646465e-05 -7.57575758e-07 2.49982612e+08 2.50502044e+03 3.69786547e+04
2.19696970e-05 -7.57575758e-07 2.49979084e+08 8.89839982e+03 2.28789408e+04
2.24747475e-05 -7.57575758e-07 2.49979219e+08 1.05012678e+04 1.39477455e+04
2.29797980e-05 -7.57575758e-07 2.49980789e+08 1.02453863e+04 8.40282172e+03
2.34848485e-05 -7.57575758e-07 2.49982776e+08 9.34621584e+03 4.94218698e+03
2.39898990e-05 -7.57575758e-07 2.49984757e+08 8.29313740e+03 2.75626072e+03
2.44949495e-05 -7.57575758e-07 2.49986570e+08 7.27564713e+03 1.35915986e+03
2.50000000e-05 -7.57575758e-07 2.49988170e+08 6.35929874e+03 4.58655272e+02
-2.50000000e-05 -2.52525253e-07 2.50000245e+08 -8.37158878e+02 3.03672853e+02
-2.44949495e-05 -2.52525253e-07 2.50000355e+08 -7.21769919e+02 3.96971690e+02
-2.39898990e-05 -2.52525253e-07 2.50000478e+08 -5.83407516e+02 4.92340864e+02
-2.34848485e-05 -2.52525253e-07 2.50000614e+08 -4.20226662e+02 5.88133212e+02
-2.29797980e-05 -2.52525253e-07 2.50000762e+08 -2.30597614e+02 6.82393606e+02
-2.24747475e-05 -2.52525253e-07 2.50000922e+08 -1.32138852e+01 7.72880182e+02
-2.19696970e-05 -2.52525253e-07 2.50001090e+08 2.32781949e+02 8.57111082e+02
-2.14646465e-05 -2.52525253e-07 2.50001266e+08 5.07653547e+02 9.32441314e+02
-2.09595960e-05 -2.52525253e-07 2.50001445e+08 8.10905750e+02 9.96171727e+02
-2.04545455e-05 -2.52525253e-07 2.50001623e+08 1.14109783e+03 1.04568676e+03
-1.99494949e-05 -2.52525253e-07 2.50001796e+08 1.49563588e+03 1.07860838e+03
-1.94444444e-05 -2.52525253e-07 2.50001958e+08 1.87055298e+03 1.09294016e+03
-1.89393939e-05 -2.52525253e-07 2.50002104e+08 2.26030384e+03 1.08716085e+03
-1.84343434e-05 -2.52525253e-07 2.50002229e+08 2.65763326e+03 1.06021956e+03
-1.79292929e-05 -2.52525253e-07 2.50002327e+08 3.05361954e+03 1.01140293e+03
-1.74242424e-05 -2.52525253e-07 2.50002393e+08 3.43801766e+03 9.40106692e+02
-1.69191919e-05 -2.52525253e-07 2.50002425e+08 3.79997986e+03 8.45644696e+02
-1.64141414e-05 -2.52525253e-07 2.50002419e+08 4.12907017e+03 7.27304032e+02
-1.59090909e-05 -2.52525253e-07 2.50002370e+08 4.41626269e+03 5.84792129e+02
-1.54040404e-05 -2.52525253e-07 2.50002276e+08 4.65450824e+03 4.18976133e+02
-1.48989899e-05 -2.52525253e-07 2.50002132e+08 4.83865368e+03 2.32547257e+02
-1.43939394e-05 -2.52525253e-07 2.50001934e+08 4.96490698e+03 3.02423369e+01
-1.38888889e-05 -2.52525253e-07 2.50001676e+08 5.03026871e+03 -1.81407717e+02
-1.33838384e-05 -2.52525253e-07 2.50001356e+08 5.03211995e+03 -3.94488079e+02
-1.28787879e-05 -2.52525253e-07 2.50000970e+08 4.96770359e+03 -6.00024893e+02
-1.23737374e-05 -2.52525253e-07 2.50000516e+08 4.83314890e+03 -7.88482579e+02
-1.18686869e-05 -2.52525253e-07 2.49999994e+08 4.62230486e+03 -9.51071394e+02
-1.13636364e-05 -2.52525253e-07 2.49999409e+08 4.32646802e+03 -1.08209139e+03
-1.08585859e-05 -2.52525253e-07 2.49998769e+08 3.93601360e+03 -1.18146773e+03
-1.03535354e-05 -2.52525253e-07 2.49998089e+08 3.44364841e+03 -1.25609420e+03
-9.84848485e-06 -2.52525253e-07 2.49997384e+08 2.84781821e+03 -1.31939495e+03
-9.34343434e-06 -2.52525253e-07 2.49996674e+08 2.15504273e+03 -1.38973495e+03
-8.83838384e-06 -2.52525253e-07 2.49995982e+08 1.38110973e+03 -1.48860966e+03
-8.33333333e-06 -2.52525253e-07 2.49995334e+08 5.51752011e+02 -1.63891551e+03
-7.82828283e-06 -2.52525253e-07 2.49994760e+08 -2.96781829e+02 -1.86295340e+03
-7.32323232e-06 -2.52525253e-07 2.49994289e+08 -1.11746111e+03 -2.17966931e+03
-6.81818182e-06 -2.52525253e-07 2.49993951e+08 -1.85319927e+03 -2.60090448e+03
-6.31313131e-06 -2.52525253e-07 2.49993765e+08 -2.43946035e+03 -3.12688390e+03
-5.80808081e-06 -2.52525253e-07 2.49993742e+08 -2.80953021e+03 -3.74169618e+03
-5.30303030e-06 -2.52525253e-07 2.49993873e+08 -2.90278824e+03 -4.41004030e+03
-4.79797980e-06 -2.52525253e-07 2.49994131e+08 -2.67545064e+03 -5.07688582e+03
-4.29292929e-06 -2.52525253e-07 2.49994468e+08 -2.11202126e+03 -5.67162422e+03
-3.78787879e-06 -2.52525253e-07 2.49994826e+08 -1.23442322e+03 -6.11744752e+03
-3.28282828e-06 -2.52525253e-07 2.49995139e+08 -1.05193811e+02 -6.34497695e+03
-2.77777778e-06 -2.52525253e-07 2.49995354e+08 1.17800600e+03 -6.30705176e+03
-2.27272727e-06 -2.52525253e-07 2.49995440e+08 2.49674796e+03 -5.99016699e+03
-1.76767677e-06 -2.52525253e-07 2.49995389e+08 3.73183768e+03 -5.41846190e+03
-1.26262626e-06 -2.52525253e-07 2.49995222e+08 4.78327006e+03 -4.64864981e+03
-7.57575758e-07 -2.52525253e-07 2.49994979e+08 5.58442596e+03 -3.75770202e+03
-2.52525253e-07 -2.52525253e-07 2.49994706e+08 6.10727903e+03 -2.82759751e+03
2.52525253e-07 -2.52525253e-07 2.49994446e+08 6.35889191e+03 -1.93180133e+03
7.57575758e-07 -2.52525253e-07 2.49994232e+08 6.37215511e+03 -1.12654067e+03
1.26262626e-06 -2.52525253e-07 2.49994084e+08 6.19457593e+03 -4.47630037e+02
1.76767677e-06 -2.52525253e-07 2.49994009e+08 5.87818847e+03 8.82234395e+01
2.27272727e-06 -2.52525253e-07 2.49994004e+08 5.47221852e+03 4.79490595e+02
2.77777778e-06 -2.52525253e-07 2.49994060e+08 5.01881535e+03 7.35020607e+02
3.28282828e-06 -2.52525253e-07 2.49994164e+08 4.55134710e+03 8.69574859e+02
3.78787879e-06 -2.52525253e-07 2.49994301e+08 4.09445450e+03 9.00291145e+02
4.29292929e-06 -2.52525253e-07 2.49994459e+08 3.66509478e+03 8.44218530e+02
4.79797980e-06 -2.52525253e-07 2.49994626e+08 3.27399550e+03 7.16802641e+02
5.30303030e-06 -2.52525253e-07 2.49994792e+08 2.92714888e+03 5.31097681e+02
5.80808081e-06 -2.52525253e-07 2.49994950e+08 2.62714986e+03 2.97474356e+02
6.31313131e-06 -2.52525253e-07 2.49995094e+08 2.37429922e+03 2.36311075e+01
6.81818182e-06 -2.52525253e-07 2.49995222e+08 2.16746369e+03 -2.85232514e+02
7.32323232e-06 -2.52525253e-07 2.49995331e+08 2.00472066e+03 -6.26173125e+02
7.82828283e-06 -2.52525253e-07 2.49995422e+08 1.88383057e+03 -9.98244342e+02
8.33333333e-06 -2.52525253e-07 2.49995498e+08 1.80258454e+03 -1.40224215e+03
8.83838384e-06 -2.52525253e-07 2.49995564e+08 1.75907738e+03 -1.84044789e+03
9.34343434e-06 -2.52525253e-07 2.49995628e+08 1.75196252e+03 -2.31633212e+03
9.84848485e-06 -2.52525253e-07 2.49995703e+08 1.78076648e+03 -2.83414161e+03
1.03535354e-05 -2.52525253e-07 2.49995810e+08 1.84638895e+03 -3.39822648e+03
1.08585859e-05 -2.52525253e-07 2.49995982e+08 1.95202374e+03 -4.01185334e+03
1.13636364e-05 -2.52525253e-07 2.49996268e+08 2.10496953e+03 -4.67506230e+03
1.18686869e-05 -2.52525253e-07 2.49996744e+08 2.32029715e+03 -5.38082498e+03
1.23737374e-05 -2.52525253e-07 2.49997530e+08 2.62839331e+03 -6.10834873e+03
1.28787879e-05 -2.52525253e-07 2.49998807e+08 3.09057859e+03 -6.81207595e+03
1.33838384e-05 -2.52525253e-07 2.50000850e+08 3.83121167e+03 -7.40585889e+03
1.38888889e-05 -2.52525253e-07 2.50004048e+08 5.10138510e+03 -7.74802110e+03
1.43939394e-05 -2.52525253e-07 2.50008881e+08 7.39283691e+03 -7.65675451e+03
1.48989899e-05 -2.52525253e-07 2.50015745e+08 1.15848859e+04 -7.05257421e+03
1.54040404e-05 -2.52525253e-07 2.50024419e+08 1.88986593e+04 -6.43686822e+03
1.59090909e-05 -2.52525253e-07 2.50033306e+08 2.98375877e+04 -7.77243649e+03
1.64141414e-05 -2.52525253e-07 2.50039953e+08 4.10859495e+04 -1.43632164e+04
1.69191919e-05 -2.52525253e-07 2.50044906e+08 4.34472436e+04 -2.64670380e+04
1.74242424e-05 -2.52525253e-07 2.50053397e+08 2.91884944e+04 -3.63988226e+04
1.79292929e-05 -2.52525253e-07 2.50067269e+08 1.47287173e+03 -3.52537085e+04
1.84343434e-05 -2.52525253e-07 2.50077301e+08 -3.33776217e+04 -2.35586338e+04
1.89393939e-05 -2.52525253e-07 2.50063440e+08 -8.90583320e+04 -1.08393808e+04
1.94444444e-05 -2.52525253e-07 2.50053261e+08 -1.98839112e+05 4.39107169e+04
1.99494949e-05 -2.52525253e-07 2.50044062e+08 -1.37412504e+05 1.44221926e+05
2.04545455e-05 -2.52525253e-07 2.49982249e+08 -2.05948280e+04 1.02594612e+05
2.09595960e-05 -2.52525253e-07 2.49959819e+08 1.54953005e+04 5.18794134e+04
2.14646465e-05 -2.52525253e-07 2.49959352e+08 2.11719894e+04 2.50177941e+04
2.19696970e-05 -2.52525253e-07 2.49964475e+08 1.95032002e+04 1.18455076e+04
2.24747475e-05 -2.52525253e-07 2.49970111e+08 1.65434040e+04 5.20901651e+03
2.29797980e-05 -2.52525253e-07 2.49975026e+08 1.37538840e+04 1.74509284e+03
2.34848485e-05 -2.52525253e-07 2.49979059e+08 1.14217898e+04 -1.05311880e+02
2.39898990e-05 -2.52525253e-07 2.49982312e+08 9.53644060e+03 -1.09760391e+03
2.44949495e-05 -2.52525253e-07 2.49984937e+08 8.02278839e+03 -1.61678869e+03
2.50000000e-05 -2.52525253e-07 2.49987066e+08 6.80389413e+03 -1.86821645e+03
-2.50000000e-05 2.52525253e-07 2.50000056e+08 -9.35417043e+02 3.35929614e+02
-2.44949495e-05 2.52525253e-07 2.50000156e+08 -8.23789547e+02 4.43196728e+02
-2.39898990e-05 2.52525253e-07 2.50000270e+08 -6.87720540e+02 5.54539642e+02
-2.34848485e-05 2.52525253e-07 2.50000398e+08 -5.25026575e+02 6.68333550e+02
-2.29797980e-05 2.52525253e-07 2.50000540e+08 -3.33742913e+02 7.82582285e+02
-2.24747475e-05 2.52525253e-07 2.50000694e+08 -1.12253788e+02 8.94924351e+02
-2.19696970e-05 2.52525253e-07 2.50000859e+08 1.40554443e+02 1.00266322e+03
-2.14646465e-05 2.52525253e-07 2.50001031e+08 4.25117873e+02 1.10282623e+03
-2.09595960e-05 2.52525253e-07 2.50001209e+08 7.40999683e+02 1.19225387e+03
-2.04545455e-05 2.52525253e-07 2.50001387e+08 1.08668006e+03 1.26771640e+03
-1.99494949e-05 2.52525253e-07 2.50001562e+08 1.45934194e+03 1.32604788e+03
-1.94444444e-05 2.52525253e-07 2.50001727e+08 1.85467237e+03 1.36427929e+03
-1.89393939e-05 2.52525253e-07 2.50001877e+08 2.26671393e+03 1.37974629e+03
-1.84343434e-05 2.52525253e-07 2.50002007e+08 2.68781915e+03 1.37014850e+03
-1.79292929e-05 2.52525253e-07 2.50002110e+08 3.10877551e+03 1.33355540e+03
-1.74242424e-05 2.52525253e-07 2.50002182e+08 3.51916192e+03 1.26839062e+03
-1.69191919e-05 2.52525253e-07 2.50002216e+08 3.90794853e+03 1.17347004e+03
-1.64141414e-05 2.52525253e-07 2.50002210e+08 4.26425633e+03 1.04818354e+03
-1.59090909e-05 2.52525253e-07 2.50002158e+08 4.57809153e+03 8.92855979e+02
-1.54040404e-05 2.52525253e-07 2.50002056e+08 4.84084361e+03 7.09204309e+02
-1.48989899e-05 2.52525253e-07 2.50001899e+08 5.04543716e+03 5.00704131e+02
-1.43939394e-05 2.52525253e-07 2.50001685e+08 5.18619767e+03 2.72693305e+02
-1.38888889e-05 2.52525253e-07 2.50001410e+08 5.25858198e+03 3.21764776e+01
-1.33838384e-05 2.52525253e-07 2.50001072e+08 5.25885305e+03 -2.12580873e+02
-1.28787879e-05 2.52525253e-07 2.50000671e+08 5.18365090e+03 -4.52612758e+02
-1.23737374e-05 2.52525253e-07 2.50000206e+08 5.02944145e+03 -6.79074636e+02
-1.18686869e-05 2.52525253e-07 2.49999683e+08 4.79208495e+03 -8.84501750e+02
-1.13636364e-05 2.52525253e-07 2.49999107e+08 4.46701789e+03 -1.06444483e+03
-1.08585859e-05 2.52525253e-07 2.49998492e+08 4.05041443e+03 -1.21901238e+03
-1.03535354e-05 2.52525253e-07 2.49997849e+08 3.54115501e+03 -1.35368794e+03
-9.84848485e-06 2.52525253e-07 2.49997198e+08 2.94295603e+03 -1.47911468e+03
-9.34343434e-06 2.52525253e-07 2.49996556e+08 2.26605111e+03 -1.61003696e+03
-8.83838384e-06 2.52525253e-07 2.49995946e+08 1.52823092e+03 -1.76378654e+03
-8.33333333e-06 2.52525253e-07 2.49995390e+08 7.55369571e+02 -1.95852089e+03
-7.82828283e-06 2.52525253e-07 2.49994912e+08 -1.84575682e+01 -2.21115654e+03
-7.32323232e-06 2.52525253e-07 2.49994536e+08 -7.51407960e+02 -2.53485037e+03
-6.81818182e-06 2.52525253e-07 2.49994280e+08 -1.39524668e+03 -2.93601537e+03
-6.31313131e-06 2.52525253e-07 2.49994155e+08 -1.89814267e+03 -3.41113556e+03
-5.80808081e-06 2.52525253e-07 2.49994165e+08 -2.20924389e+03 -3.94397411e+03
-5.30303030e-06 2.52525253e-07 2.49994297e+08 -2.28502261e+03 -4.50405549e+03
-4.79797980e-06 2.52525253e-07 2.49994526e+08 -2.09678303e+03 -5.04742092e+03
-4.29292929e-06 2.52525253e-07 2.49994812e+08 -1.63799421e+03 -5.52044987e+03
-3.78787879e-06 2.52525253e-07 2.49995109e+08 -9.29505039e+02 -5.86688606e+03
-3.28282828e-06 2.52525253e-07 2.49995369e+08 -2.05901830e+01 -6.03715526e+03
-2.77777778e-06 2.52525253e-07 2.49995553e+08 1.01550824e+03 -5.99794762e+03
-2.27272727e-06 2.52525253e-07 2.49995635e+08 2.09135034e+03 -5.73942148e+03
-1.76767677e-06 2.52525253e-07 2.49995608e+08 3.11836427e+03 -5.27776030e+03
-1.26262626e-06 2.52525253e-07 2.49995486e+08 4.01993351e+03 -4.65220830e+03
-7.57575758e-07 2.52525253e-07 2.49995293e+08 4.74121724e+03 -3.91754447e+03
-2.52525253e-07 2.52525253e-07 2.49995063e+08 5.25367017e+03 -3.13435148e+03
2.52525253e-07 2.52525253e-07 2.49994829e+08 5.55408852e+03 -2.35978543e+03
7.57575758e-07 2.52525253e-07 2.49994618e+08 5.65958203e+03 -1.64086740e+03
1.26262626e-06 2.52525253e-07 2.49994449e+08 5.60059156e+03 -1.01111473e+03
1.76767677e-06 2.52525253e-07 2.49994330e+08 5.41391483e+03 -4.90226689e+02
2.27272727e-06 2.52525253e-07 2.49994265e+08 5.13702875e+03 -8.58992452e+01
2.77777778e-06 2.52525253e-07 2.49994247e+08 4.80423022e+03 2.03294162e+02
3.28282828e-06 2.52525253e-07 2.49994269e+08 4.44453556e+03 3.84823329e+02
3.78787879e-06 2.52525253e-07 2.49994321e+08 4.08096666e+03 4.69469461e+02
4.29292929e-06 2.52525253e-07 2.49994391e+08 3.73076495e+03 4.69187247e+02
4.79797980e-06 2.52525253e-07 2.49994469e+08 3.40612401e+03 3.95595390e+02
5.30303030e-06 2.52525253e-07 2.49994546e+08 3.11513625e+03 2.59012106e+02
5.80808081e-06 2.52525253e-07 2.49994613e+08 2.86275809e+03 6.79058863e+01
6.31313131e-06 2.52525253e-07 2.49994663e+08 2.65168645e+03 -1.71370580e+02
6.81818182e-06 2.52525253e-07 2.49994690e+08 2.48310123e+03 -4.54676666e+02
7.32323232e-06 2.52525253e-07 2.49994690e+08 2.35726669e+03 -7.80098399e+02
7.82828283e-06 2.52525253e-07 2.49994659e+08 2.27400591e+03 -1.14794573e+03
8.33333333e-06 2.52525253e-07 2.49994593e+08 2.23307233e+03 -1.56077713e+03
8.83838384e-06 2.52525253e-07 2.49994491e+08 2.23444636e+03 -2.02348053e+03
9.34343434e-06 2.52525253e-07 2.49994353e+08 2.27858844e+03 -2.54342494e+03
9.84848485e-06 2.52525253e-07 2.49994180e+08 2.36668592e+03 -3.13067829e+03
1.03535354e-05 2.52525253e-07 2.49993977e+08 2.50094928e+03 -3.79825288e+03
1.08585859e-05 2.52525253e-07 2.49993758e+08 2.68505914e+03 -4.56226762e+03
1.13636364e-05 2.52525253e-07 2.49993544e+08 2.92497978e+03 -5.44176083e+03
1.18686869e-05 2.52525253e-07 2.49993379e+08 3.23063832e+03 -6.45754909e+03
1.23737374e-05 2.52525253e-07 2.49993341e+08 3.61968606e+03 -7.62880869e+03
1.28787879e-05 2.52525253e-07 2.49993573e+08 4.12640732e+03 -8.96458472e+03
1.33838384e-05 2.52525253e-07 2.49994332e+08 4.82368389e+03 -1.04447103e+04
1.38888889e-05 2.52525253e-07 2.49996075e+08 5.87852776e+03 -1.19810584e+04
1.43939394e-05 2.52525253e-07 2.49999580e+08 7.69241548e+03 -1.33534234e+04
1.48989899e-05 2.52525253e-07 2.50006027e+08 1.12342609e+04 -1.41697830e+04
1.54040404e-05 2.52525253e-07 2.50016597e+08 1.86460505e+04 -1.41859685e+04
1.59090909e-05 2.52525253e-07 2.50030543e+08 3.32241403e+04 -1.51018581e+04
1.64141414e-05 2.52525253e-07 2.50042507e+08 5.38218635e+04 -2.39944846e+04
1.69191919e-05 2.52525253e-07 2.50050223e+08 6.16712491e+04 -4.65872907e+04
1.74242424e-05 2.52525253e-07 2.50067921e+08 3.54100350e+04 -6.56128923e+04
1.79292929e-05 2.52525253e-07 2.50104858e+08 -1.22308220e+04 -5.96040037e+04
1.84343434e-05 2.52525253e-07 2.50156587e+08 -6.14853453e+04 -2.92505772e+04
1.89393939e-05 2.52525253e-07 2.50216319e+08 -1.20015605e+05 2.43803446e+04
1.94444444e-05 2.52525253e-07 2.50092937e+08 -4.86656805e+05 6.58239673e+04
1.99494949e-05 2.52525253e-07 2.49914428e+08 -1.82168268e+04 2.71723614e+05
2.04545455e-05 2.52525253e-07 2.49876552e+08 6.70565536e+04 5.91282047e+04
2.09595960e-05 2.52525253e-07 2.49912120e+08 4.92210856e+04 1.22291974e+04
2.14646465e-05 2.52525253e-07 2.49937363e+08 3.47443994e+04 -4.54612340e+02
2.19696970e-05 2.52525253e-07 2.49953604e+08 2.53804527e+04 -4.36837641e+03
2.24747475e-05 2.52525253e-07 2.49964414e+08 1.91948519e+04 -5.47304044e+03
2.29797980e-05 2.52525253e-07 2.49971921e+08 1.49412199e+04 -5.56493015e+03
2.34848485e-05 2.52525253e-07 2.49977330e+08 1.19062097e+04 -5.28125933e+03
2.39898990e-05 2.52525253e-07 2.49981350e+08 9.67202191e+03 -4.87141864e+03
2.44949495e-05 2.52525253e-07 2.49984415e+08 7.98372895e+03 -4.43788369e+03
2.50000000e-05 2.52525253e-07 2.49986804e+08 6.67945316e+03 -4.02267080e+03
-2.50000000e-05 7.57575758e-07 2.49999857e+08 -1.04678650e+03 3.65160417e+02
-2.44949495e-05 7.57575758e-07 2.49999946e+08 -9.41000461e+02 4.86709333e+02
-2.39898990e-05 7.57575758e-07 2.50000051e+08 -8.09363589e+02 6.14558314e+02
-2.34848485e-05 7.57575758e-07 2.50000170e+08 -6.49291579e+02 7.47119930e+02
-2.29797980e-05 7.57575758e-07 2.50000305e+08 -4.58404870e+02 8.82357137e+02
-2.24747475e-05 7.57575758e-07 2.50000453e+08 -2.34679825e+02 1.01776832e+03
-2.19696970e-05 7.57575758e-07 2.50000615e+08 2.33717498e+01 1.15039555e+03
-2.14646465e-05 7.57575758e-07 2.50000786e+08 3.16496935e+02 1.27686147e+03
-2.09595960e-05 7.57575758e-07 2.50000965e+08 6.44475372e+02 1.39343822e+03
-2.04545455e-05 7.57575758e-07 2.50001147e+08 1.00588260e+03 1.49614857e+03
-1.99494949e-05 7.57575758e-07 2.50001327e+08 1.39786000e+03 1.58089410e+03
-1.94444444e-05 7.57575758e-07 2.50001499e+08 1.81591738e+03 1.64360094e+03
-1.89393939e-05 7.57575758e-07 2.50001659e+08 2.25380418e+03 1.68036983e+03
-1.84343434e-05 7.57575758e-07 2.50001798e+08 2.70349481e+03 1.68762021e+03
-1.79292929e-05 7.57575758e-07 2.50001911e+08 3.15533431e+03 1.66222815e+03
-1.74242424e-05 7.57575758e-07 2.50001992e+08 3.59837538e+03 1.60167529e+03
-1.69191919e-05 7.57575758e-07 2.50002034e+08 4.02089876e+03 1.50424007e+03
-1.64141414e-05 7.57575758e-07 2.50002032e+08 4.41105214e+03 1.36925736e+03
-1.59090909e-05 7.57575758e-07 2.50001980e+08 4.75749296e+03 1.19743650e+03
-1.54040404e-05 7.57575758e-07 2.50001874e+08 5.04991179e+03 9.91170878e+02
-1.48989899e-05 7.57575758e-07 2.50001709e+08 5.27936077e+03 7.54731913e+02
-1.43939394e-05 7.57575758e-07 2.50001484e+08 5.43838579e+03 4.94252890e+02
-1.38888889e-05 7.57575758e-07 2.50001195e+08 5.52100743e+03 2.17468044e+02
-1.33838384e-05 7.57575758e-07 2.50000844e+08 5.52258799e+03 -6.67736565e+01
-1.28787879e-05 7.57575758e-07 2.50000431e+08 5.43960493e+03 -3.49200546e+02
-1.23737374e-05 7.57575758e-07 2.49999961e+08 5.26939298e+03 -6.21030671e+02
-1.18686869e-05 7.57575758e-07 2.49999439e+08 5.01002387e+03 -8.75102573e+02
-1.13636364e-05 7.57575758e-07 2.49998876e+08 4.66056050e+03 -1.10709949e+03
-1.08585859e-05 7.57575758e-07 2.49998284e+08 4.22182698e+03 -1.31658194e+03
-1.03535354e-05 7.57575758e-07 2.49997678e+08 3.69759437e+03 -1.50750302e+03
-9.84848485e-06 7.57575758e-07 2.49997074e+08 3.09587243e+03 -1.68803088e+03
-9.34343434e-06 7.57575758e-07 2.49996491e+08 2.42998410e+03 -1.86972717e+03
-8.83838384e-06 7.57575758e-07 2.49995949e+08 1.71924625e+03 -2.06625262e+03
-8.33333333e-06 7.57575758e-07 2.49995467e+08 9.89218324e+02 -2.29173959e+03
-7.82828283e-06 7.57575758e-07 2.49995065e+08 2.71492727e+02 -2.55888247e+03
-7.32323232e-06 7.57575758e-07 2.49994759e+08 -3.97091749e+02 -2.87676799e+03
-6.81818182e-06 7.57575758e-07 2.49994561e+08 -9.76031772e+02 -3.24854590e+03
-6.31313131e-06 7.57575758e-07 2.49994477e+08 -1.42377050e+03 -3.66920087e+03
-5.80808081e-06 7.57575758e-07 2.49994504e+08 -1.70145144e+03 -4.12387166e+03
-5.30303030e-06 7.57575758e-07 2.49994630e+08 -1.77765940e+03 -4.58729728e+03
-4.79797980e-06 7.57575758e-07 2.49994831e+08 -1.63360603e+03 -5.02496957e+03
-4.29292929e-06 7.57575758e-07 2.49995075e+08 -1.26780578e+03 -5.39635540e+03
-3.78787879e-06 7.57575758e-07 2.49995326e+08 -6.99016745e+02 -5.66008998e+03
-3.28282828e-06 7.57575758e-07 2.49995546e+08 3.37178557e+01 -5.78040991e+03
-2.77777778e-06 7.57575758e-07 2.49995705e+08 8.74571310e+02 -5.73350287e+03
-2.27272727e-06 7.57575758e-07 2.49995783e+08 1.75770746e+03 -5.51218876e+03
-1.76767677e-06 7.57575758e-07 2.49995774e+08 2.61604938e+03 -5.12763000e+03
-1.26262626e-06 7.57575758e-07 2.49995685e+08 3.39009493e+03 -4.60757279e+03
-7.57575758e-07 7.57575758e-07 2.49995533e+08 4.03482073e+03 -3.99164293e+03
-2.52525253e-07 7.57575758e-07 2.49995341e+08 4.52337607e+03 -3.32502622e+03
2.52525253e-07 7.57575758e-07 2.49995133e+08 4.84728539e+03 -2.65213854e+03
7.57575758e-07 7.57575758e-07 2.49994932e+08 5.01381114e+03 -2.01160309e+03
1.26262626e-06 7.57575758e-07 2.49994755e+08 5.04165709e+03 -1.43322505e+03
1.76767677e-06 7.57575758e-07 2.49994610e+08 4.95624081e+03 -9.36998230e+02
2.27272727e-06 7.57575758e-07 2.49994502e+08 4.78547069e+03 -5.33719074e+02
2.77777778e-06 7.57575758e-07 2.49994430e+08 4.55653819e+03 -2.26594815e+02
3.28282828e-06 7.57575758e-07 2.49994389e+08 4.29385470e+03 -1.32634511e+01
3.78787879e-06 7.57575758e-07 2.49994370e+08 4.01800775e+03 1.12206092e+02
4.29292929e-06 7.57575758e-07 2.49994366e+08 3.74549234e+03 1.57586650e+02
4.79797980e-06 7.57575758e-07 2.49994367e+08 3.48895410e+03 1.31140193e+02
5.30303030e-06 7.57575758e-07 2.49994364e+08 3.25771963e+03 4.06387466e+01
5.80808081e-06 7.57575758e-07 2.49994348e+08 3.05844882e+03 -1.07299178e+02
6.31313131e-06 7.57575758e-07 2.49994310e+08 2.89580246e+03 -3.07637527e+02
6.81818182e-06 7.57575758e-07 2.49994244e+08 2.77306697e+03 -5.57200263e+02
7.32323232e-06 7.57575758e-07 2.49994140e+08 2.69271218e+03 -8.54873630e+02
7.82828283e-06 7.57575758e-07 2.49993992e+08 2.65688147e+03 -1.20180006e+03
8.33333333e-06 7.57575758e-07 2.49993791e+08 2.66782743e+03 -1.60162425e+03
8.83838384e-06 7.57575758e-07 2.49993527e+08 2.72831550e+03 -2.06085081e+03
9.34343434e-06 7.57575758e-07 2.49993192e+08 2.84202402e+03 -2.58937931e+03
9.84848485e-06 7.57575758e-07 2.49992773e+08 3.01397581e+03 -3.20129728e+03
1.03535354e-05 7.57575758e-07 2.49992258e+08 3.25104630e+03 -3.91603641e+03
1.08585859e-05 7.57575758e-07 2.49991633e+08 3.56261077e+03 -4.76003006e+03
1.13636364e-05 7.57575758e-07 2.49990884e+08 3.96143119e+03 -5.76904063e+03
1.18686869e-05 7.57575758e-07 2.49989998e+08 4.46497094e+03 -6.99131480e+03
1.23737374e-05 7.57575758e-07 2.49988973e+08 5.09755767e+03 -8.49154339e+03
1.28787879e-05 7.57575758e-07 2.49987834e+08 5.89449438e+03 -1.03548528e+04
1.33838384e-05 7.57575758e-07 2.49986669e+08 6.91140626e+03 -1.26875326e+04
1.38888889e-05 7.57575758e-07 2.49985728e+08 8.24972773e+03 -1.56033879e+04
1.43939394e-05 7.57575758e-07 2.49985631e+08 1.01375691e+04 -1.91621682e+04
1.48989899e-05 7.57575758e-07 2.49987862e+08 1.32147962e+04 -2.31747139e+04
1.54040404e-05 7.57575758e-07 2.49995590e+08 1.95723326e+04 -2.67873552e+04
1.59090909e-05 7.57575758e-07 2.50013240e+08 3.59257762e+04 -2.89592535e+04
1.64141414e-05 7.57575758e-07 2.50035752e+08 7.40683313e+04 -3.85286187e+04
1.69191919e-05 7.57575758e-07 2.50043148e+08 1.02013005e+05 -8.50849587e+04
1.74242424e-05 7.57575758e-07 2.50070373e+08 4.55416892e+04 -1.25552466e+05
1.79292929e-05 7.57575758e-07 2.50126494e+08 -3.63483971e+04 -1.15406571e+05
1.84343434e-05 7.57575758e-07 2.50239305e+08 -1.86581475e+05 -7.57069467e+04
1.89393939e-05 7.57575758e-07 2.51306855e+08 3.45686316e+04 5.70566020e+05
1.94444444e-05 7.57575758e-07 2.50002942e+08 4.48313356e+06 -4.60888951e+06
1.99494949e-05 7.57575758e-07 2.49642271e+08 1.91844012e+05 -1.82086107e+05
2.04545455e-05 7.57575758e-07 2.49835438e+08 8.60771311e+04 -6.59802387e+04
2.09595960e-05 7.57575758e-07 2.49903647e+08 5.01101893e+04 -3.75559922e+04
2.14646465e-05 7.57575758e-07 2.49935949e+08 3.30721224e+04 -2.53535717e+04
2.19696970e-05 7.57575758e-07 2.49954109e+08 2.35001945e+04 -1.86247135e+04
2.24747475e-05 7.57575758e-07 2.49965442e+08 1.75413230e+04 -1.43873112e+04
2.29797980e-05 7.57575758e-07 2.49973028e+08 1.35661797e+04 -1.14960303e+04
2.34848485e-05 7.57575758e-07 2.49978369e+08 1.07780089e+04 -9.41492674e+03
2.39898990e-05 7.57575758e-07 2.49982279e+08 8.74607153e+03 -7.85841707e+03
2.44949495e-05 7.57575758e-07 2.49985230e+08 7.21968337e+03 -6.65991834e+03
2.50000000e-05 7.57575758e-07 2.49987512e+08 6.04443005e+03 -5.71563457e+03
-2.50000000e-05 1.26262626e-06 2.49999649e+08 -1.17135844e+03 3.89604686e+02
-2.44949495e-05 1.26262626e-06 2.49999726e+08 -1.07370543e+03 5.25506615e+02
-2.39898990e-05 1.26262626e-06 2.49999819e+08 -9.48877531e+02 6.70165908e+02
-2.34848485e-05 1.26262626e-06 2.49999929e+08 -7.93816230e+02 8.22061258e+02
-2.29797980e-05 1.26262626e-06 2.50000056e+08 -6.05630824e+02 9.79131185e+02
-2.24747475e-05 1.26262626e-06 2.50000200e+08 -3.81768938e+02 1.13873232e+03
-2.19696970e-05 1.26262626e-06 2.50000359e+08 -1.20222148e+02 1.29761997e+03
-2.14646465e-05 1.26262626e-06 2.50000530e+08 1.80236303e+02 1.45195865e+03
-2.09595960e-05 1.26262626e-06 2.50000712e+08 5.19789328e+02 1.59736916e+03
-2.04545455e-05 1.26262626e-06 2.50000900e+08 8.97303103e+02 1.72901713e+03
-1.99494949e-05 1.26262626e-06 2.50001089e+08 1.31006477e+03 1.84174409e+03
-1.94444444e-05 1.26262626e-06 2.50001273e+08 1.75356042e+03 1.93023929e+03
-1.89393939e-05 1.26262626e-06 2.50001446e+08 2.22133091e+03 1.98924699e+03
-1.84343434e-05 1.26262626e-06 2.50001601e+08 2.70494679e+03 2.01380386e+03
-1.79292929e-05 1.26262626e-06 2.50001729e+08 3.19414028e+03 1.99950336e+03
-1.74242424e-05 1.26262626e-06 2.50001824e+08 3.67711534e+03 1.94278726e+03
-1.69191919e-05 1.26262626e-06 2.50001878e+08 4.14102742e+03 1.84126421e+03
-1.64141414e-05 1.26262626e-06 2.50001884e+08 4.57258691e+03 1.69404387e+03
-1.59090909e-05 1.26262626e-06 2.50001837e+08 4.95870928e+03 1.50205306e+03
-1.54040404e-05 1.26262626e-06 2.50001731e+08 5.28712605e+03 1.26827311e+03
-1.48989899e-05 1.26262626e-06 2.50001563e+08 5.54688939e+03 9.97825055e+02
-1.43939394e-05 1.26262626e-06 2.50001330e+08 5.72873626e+03 6.97842539e+02
-1.38888889e-05 1.26262626e-06 2.50001031e+08 5.82530660e+03 3.77107326e+02
-1.33838384e-05 1.26262626e-06 2.50000669e+08 5.83122453e+03 4.54576200e+01
-1.28787879e-05 1.26262626e-06 2.50000248e+08 5.74306840e+03 -2.87002214e+02
-1.23737374e-05 1.26262626e-06 2.49999773e+08 5.55929182e+03 -6.10851324e+02
-1.18686869e-05 1.26262626e-06 2.49999254e+08 5.28020595e+03 -9.18391553e+02
-1.13636364e-05 1.26262626e-06 2.49998702e+08 4.90814840e+03 -1.20464423e+03
-1.08585859e-05 1.26262626e-06 2.49998131e+08 4.44790567e+03 -1.46811357e+03
-1.03535354e-05 1.26262626e-06 2.49997555e+08 3.90733934e+03 -1.71112716e+03
-9.84848485e-06 1.26262626e-06 2.49996992e+08 3.29806386e+03 -1.93964719e+03
-9.34343434e-06 1.26262626e-06 2.49996458e+08 2.63599907e+03 -2.16256244e+03
-8.83838384e-06 1.26262626e-06 2.49995971e+08 1.94166593e+03 -2.39055203e+03
-8.33333333e-06 1.26262626e-06 2.49995548e+08 1.24014784e+03 -2.63462797e+03
-7.82828283e-06 1.26262626e-06 2.49995204e+08 5.60651961e+02 -2.90444835e+03
-7.32323232e-06 1.26262626e-06 2.49994949e+08 -6.44232149e+01 -3.20649639e+03
-6.81818182e-06 1.26262626e-06 2.49994793e+08 -6.01034679e+02 -3.54227031e+03
-6.31313131e-06 1.26262626e-06 2.49994736e+08 -1.01575277e+03 -3.90671687e+03
-5.80808081e-06 1.26262626e-06 2.49994773e+08 -1.27872282e+03 -4.28723278e+03
-5.30303030e-06 1.26262626e-06 2.49994891e+08 -1.36713561e+03 -4.66360424e+03
-4.79797980e-06 1.26262626e-06 2.49995068e+08 -1.26877155e+03 -5.00920561e+03
-4.29292929e-06 1.26262626e-06 2.49995279e+08 -9.84960629e+02 -5.29359611e+03
-3.78787879e-06 1.26262626e-06 2.49995494e+08 -5.32191176e+02 -5.48634149e+03
-3.28282828e-06 1.26262626e-06 2.49995684e+08 5.82948042e+01 -5.56150916e+03
-2.77777778e-06 1.26262626e-06 2.49995825e+08 7.43222961e+02 -5.50196904e+03
-2.27272727e-06 1.26262626e-06 2.49995901e+08 1.47207447e+03 -5.30252597e+03
-1.76767677e-06 1.26262626e-06 2.49995905e+08 2.19311769e+03 -4.97111059e+03
-1.26262626e-06 1.26262626e-06 2.49995842e+08 2.85949066e+03 -4.52773149e+03
-7.57575758e-07 1.26262626e-06 2.49995722e+08 3.43413325e+03 -4.00148159e+03
-2.52525253e-07 1.26262626e-06 2.49995562e+08 3.89272643e+03 -3.42637059e+03
2.52525253e-07 1.26262626e-06 2.49995380e+08 4.22436896e+03 -2.83695577e+03
7.57575758e-07 1.26262626e-06 2.49995193e+08 4.43028242e+03 -2.26463024e+03
1.26262626e-06 1.26262626e-06 2.49995016e+08 4.52120191e+03 -1.73509945e+03
1.76767677e-06 1.26262626e-06 2.49994857e+08 4.51421476e+03 -1.26719004e+03
2.27272727e-06 1.26262626e-06 2.49994722e+08 4.42969789e+03 -8.72824320e+02
2.77777778e-06 1.26262626e-06 2.49994611e+08 4.28877909e+03 -5.57823090e+02
3.28282828e-06 1.26262626e-06 2.49994521e+08 4.11150998e+03 -3.23164881e+02
3.78787879e-06 1.26262626e-06 2.49994447e+08 3.91575248e+03 -1.66386617e+02
4.29292929e-06 1.26262626e-06 2.49994382e+08 3.71666961e+03 -8.29082881e+01
4.79797980e-06 1.26262626e-06 2.49994319e+08 3.52666655e+03 -6.71627450e+01
5.30303030e-06 1.26262626e-06 2.49994247e+08 3.35562998e+03 -1.13490428e+02
5.80808081e-06 1.26262626e-06 2.49994159e+08 3.21134003e+03 -2.16811416e+02
6.31313131e-06 1.26262626e-06 2.49994046e+08 3.09996467e+03 -3.73116715e+02
6.81818182e-06 1.26262626e-06 2.49993897e+08 3.02658048e+03 -5.79833908e+02
7.32323232e-06 1.26262626e-06 2.49993703e+08 2.99569248e+03 -8.36126158e+02
7.82828283e-06 1.26262626e-06 2.49993453e+08 3.01174916e+03 -1.14318432e+03
8.33333333e-06 1.26262626e-06 2.49993133e+08 3.07966660e+03 -1.50457424e+03
8.83838384e-06 1.26262626e-06 2.49992730e+08 3.20539269e+03 -1.92670968e+03
9.34343434e-06 1.26262626e-06 2.49992224e+08 3.39655976e+03 -2.41954030e+03
9.84848485e-06 1.26262626e-06 2.49991592e+08 3.66329778e+03 -2.99758055e+03
1.03535354e-05 1.26262626e-06 2.49990804e+08 4.01931538e+03 -3.68147168e+03
1.08585859e-05 1.26262626e-06 2.49989822e+08 4.48341362e+03 -4.50038496e+03
1.13636364e-05 1.26262626e-06 2.49988593e+08 5.08169342e+03 -5.49578170e+03
1.18686869e-05 1.26262626e-06 2.49987045e+08 5.85088399e+03 -6.72741849e+03
1.23737374e-05 1.26262626e-06 2.49985082e+08 6.84351555e+03 -8.28317212e+03
1.28787879e-05 1.26262626e-06 2.49982567e+08 8.13620708e+03 -1.02955308e+04
1.33838384e-05 1.26262626e-06 2.49979315e+08 9.84342008e+03 -1.29699176e+04
1.38888889e-05 1.26262626e-06 2.49975086e+08 1.21414538e+04 -1.66337928e+04
1.43939394e-05 1.26262626e-06 2.49969622e+08 1.53145132e+04 -2.18184747e+04
1.48989899e-05 1.26262626e-06 2.49962914e+08 1.98655840e+04 -2.93641796e+04
1.54040404e-05 1.26262626e-06 2.49956490e+08 2.69415273e+04 -4.03226280e+04
1.59090909e-05 1.26262626e-06 2.49959151e+08 4.12045460e+04 -5.40237013e+04
1.64141414e-05 1.26262626e-06 2.49999221e+08 9.52002977e+04 -6.26533822e+04
1.69191919e-05 1.26262626e-06 2.50011973e+08 2.09387269e+05 -1.68056706e+05
1.74242424e-05 1.26262626e-06 2.50121840e+08 -4.18253596e+04 -2.09884712e+05
1.79292929e-05 1.26262626e-06 2.51115885e+08 7.49506714e+04 5.70099569e+05
1.84343434e-05 1.26262626e-06 2.49453135e+08 4.34108215e+06 -7.59335751e+06
1.89393939e-05 1.26262626e-06 2.50330455e+08 1.54163698e+05 2.55348758e+04
1.94444444e-05 1.26262626e-06 2.50024410e+08 1.83556907e+05 -2.21049791e+05
1.99494949e-05 1.26262626e-06 2.50011185e+08 1.35227903e+05 -7.16870274e+04
2.04545455e-05 1.26262626e-06 2.49957447e+08 4.99280308e+04 -6.06211025e+04
2.09595960e-05 1.26262626e-06 2.49951466e+08 3.08913760e+04 -4.53748063e+04
2.14646465e-05 1.26262626e-06 2.49958982e+08 2.22849541e+04 -3.26876721e+04
2.19696970e-05 1.26262626e-06 2.49966993e+08 1.69056495e+04 -2.41310775e+04
2.24747475e-05 1.26262626e-06 2.49973437e+08 1.32134081e+04 -1.83992852e+04
2.29797980e-05 1.26262626e-06 2.49978370e+08 1.05658230e+04 -1.44427007e+04
2.34848485e-05 1.26262626e-06 2.49982138e+08 8.60785157e+03 -1.16167115e+04
2.39898990e-05 1.26262626e-06 2.49985049e+08 7.12299072e+03 -9.53452267e+03
2.44949495e-05 1.26262626e-06 2.49987331e+08 5.97260514e+03 -7.95859628e+03
2.50000000e-05 1.26262626e-06 2.49989148e+08 5.06479562e+03 -6.73816709e+03
-2.50000000e-05 1.76767677e-06 2.49999431e+08 -1.30896478e+03 4.07482821e+02
-2.44949495e-05 1.76767677e-06 2.49999494e+08 -1.22195699e+03 5.57538517e+02
-2.39898990e-05 1.76767677e-06 2.49999576e+08 -1.10657648e+03 7.19059104e+02
-2.34848485e-05 1.76767677e-06 2.49999675e+08 -9.59209336e+02 8.90636322e+02
-2.29797980e-05 1.76767677e-06 2.49999794e+08 -7.76343837e+02 1.07022234e+03
-2.24747475e-05 1.76767677e-06 2.49999932e+08 -5.54758280e+02 1.25505503e+03
-2.19696970e-05 1.76767677e-06 2.50000089e+08 -2.91752817e+02 1.44160420e+03
-2.14646465e-05 1.76767677e-06 2.50000262e+08 1.45774437e+01 1.62554957e+03
-2.09595960e-05 1.76767677e-06 2.50000449e+08 3.65036471e+02 1.80180166e+03
-2.04545455e-05 1.76767677e-06 2.50000645e+08 7.59004263e+02 1.96457612e+03
-1.99494949e-05 1.76767677e-06 2.50000847e+08 1.19412110e+03 2.10753003e+03
-1.94444444e-05 1.76767677e-06 2.50001047e+08 1.66601234e+03 2.22396548e+03
-1.89393939e-05 1.76767677e-06 2.50001238e+08 2.16809432e+03 2.30710142e+03
-1.84343434e-05 1.76767677e-06 2.50001412e+08 2.69150478e+03 2.35041032e+03
-1.79292929e-05 1.76767677e-06 2.50001562e+08 3.22519657e+03 2.34801100e+03
-1.74242424e-05 1.76767677e-06 2.50001676e+08 3.75621894e+03 2.29510242e+03
-1.69191919e-05 1.76767677e-06 2.50001748e+08 4.27018592e+03 2.18841404e+03
-1.64141414e-05 1.76767677e-06 2.50001769e+08 4.75190189e+03 2.02663500e+03
-1.59090909e-05 1.76767677e-06 2.50001731e+08 5.18608733e+03 1.81076923e+03
-1.54040404e-05 1.76767677e-06 2.50001630e+08 5.55813252e+03 1.54435250e+03
-1.48989899e-05 1.76767677e-06 2.50001461e+08 5.85480724e+03 1.23346917e+03
-1.43939394e-05 1.76767677e-06 2.50001223e+08 6.06486666e+03 8.86524394e+02
-1.38888889e-05 1.76767677e-06 2.50000916e+08 6.17951192e+03 5.13759785e+02
-1.33838384e-05 1.76767677e-06 2.50000545e+08 6.19268478e+03 1.26534411e+02
-1.28787879e-05 1.76767677e-06 2.50000115e+08 6.10120283e+03 -2.63577829e+02
-1.23737374e-05 1.76767677e-06 2.49999636e+08 5.90477614e+03 -6.45799402e+02
-1.18686869e-05 1.76767677e-06 2.49999117e+08 5.60597771e+03 -1.01116754e+03
-1.13636364e-05 1.76767677e-06 2.49998572e+08 5.21024840e+03 -1.35343062e+03
-1.08585859e-05 1.76767677e-06 2.49998016e+08 4.72598686e+03 -1.66967931e+03
-1.03535354e-05 1.76767677e-06 2.49997465e+08 4.16471699e+03 -1.96058958e+03
-9.84848485e-06 1.76767677e-06 2.49996934e+08 3.54126890e+03 -2.23021262e+03
-9.34343434e-06 1.76767677e-06 2.49996439e+08 2.87388372e+03 -2.48532041e+03
-8.83838384e-06 1.76767677e-06 2.49995997e+08 2.18415664e+03 -2.73437458e+03
-8.33333333e-06 1.76767677e-06 2.49995620e+08 1.49674780e+03 -2.98621582e+03
-7.82828283e-06 1.76767677e-06 2.49995320e+08 8.38795234e+02 -3.24858209e+03
-7.32323232e-06 1.76767677e-06 2.49995105e+08 2.38959527e+02 -3.52657771e+03
-6.81818182e-06 1.76767677e-06 2.49994979e+08 -2.73965562e+02 -3.82124558e+03
-6.31313131e-06 1.76767677e-06 2.49994941e+08 -6.72905505e+02 -4.12843789e+03
-5.80808081e-06 1.76767677e-06 2.49994983e+08 -9.34765604e+02 -4.43821566e+03
-5.30303030e-06 1.76767677e-06 2.49995093e+08 -1.04291787e+03 -4.73500832e+03
-4.79797980e-06 1.76767677e-06 2.49995252e+08 -9.89586970e+02 -4.99870059e+03
-4.29292929e-06 1.76767677e-06 2.49995438e+08 -7.77690657e+02 -5.20667388e+03
-3.78787879e-06 1.76767677e-06 2.49995627e+08 -4.21657144e+02 -5.33662241e+03
-3.28282828e-06 1.76767677e-06 2.49995795e+08 5.31581786e+01 -5.36973841e+03
-2.77777778e-06 1.76767677e-06 2.49995923e+08 6.12591860e+02 -5.29369037e+03
-2.27272727e-06 1.76767677e-06 2.49995998e+08 1.21712356e+03 -5.10478098e+03
-1.76767677e-06 1.76767677e-06 2.49996014e+08 1.82612118e+03 -4.80881030e+03
-1.26262626e-06 1.76767677e-06 2.49995972e+08 2.40213057e+03 -4.42045945e+03
-7.57575758e-07 1.76767677e-06 2.49995879e+08 2.91445372e+03 -3.96136150e+03
-2.52525253e-07 1.76767677e-06 2.49995746e+08 3.34146065e+03 -3.45731841e+03
2.52525253e-07 1.76767677e-06 2.49995588e+08 3.67141101e+03 -2.93526463e+03
7.57575758e-07 1.76767677e-06 2.49995417e+08 3.90190328e+03 -2.42054076e+03
1.26262626e-06 1.76767677e-06 2.49995246e+08 4.03831793e+03 -1.93486844e+03
1.76767677e-06 1.76767677e-06 2.49995082e+08 4.09172574e+03 -1.49519018e+03
2.27272727e-06 1.76767677e-06 2.49994930e+08 4.07670370e+03 -1.11333355e+03
2.77777778e-06 1.76767677e-06 2.49994792e+08 4.00938699e+03 -7.96325021e+02
3.28282828e-06 1.76767677e-06 2.49994668e+08 3.90594295e+03 -5.47125086e+02
3.78787879e-06 1.76767677e-06 2.49994552e+08 3.78152571e+03 -3.65566562e+02
4.29292929e-06 1.76767677e-06 2.49994440e+08 3.64968051e+03 -2.49325355e+02
4.79797980e-06 1.76767677e-06 2.49994324e+08 3.52211828e+03 -1.94812554e+02
5.30303030e-06 1.76767677e-06 2.49994198e+08 3.40876562e+03 -1.97931509e+02
5.80808081e-06 1.76767677e-06 2.49994052e+08 3.31800270e+03 -2.54685731e+02
6.31313131e-06 1.76767677e-06 2.49993876e+08 3.25702018e+03 -3.61651449e+02
6.81818182e-06 1.76767677e-06 2.49993661e+08 3.23224904e+03 -5.16344855e+02
7.32323232e-06 1.76767677e-06 2.49993396e+08 3.24984015e+03 -7.17522270e+02
7.82828283e-06 1.76767677e-06 2.49993066e+08 3.31619222e+03 -9.65455639e+02
8.33333333e-06 1.76767677e-06 2.49992656e+08 3.43854756e+03 -1.26222948e+03
8.83838384e-06 1.76767677e-06 2.49992147e+08 3.62569901e+03 -1.61211212e+03
9.34343434e-06 1.76767677e-06 2.49991516e+08 3.88888096e+03 -2.02206770e+03
9.84848485e-06 1.76767677e-06 2.49990731e+08 4.24296255e+03 -2.50250110e+03
1.03535354e-05 1.76767677e-06 2.49989751e+08 4.70813320e+03 -3.06837574e+03
1.08585859e-05 1.76767677e-06 2.49988519e+08 5.31239605e+03 -3.74093065e+03
1.13636364e-05 1.76767677e-06 2.49986960e+08 6.09541019e+03 -4.55038521e+03
1.18686869e-05 1.76767677e-06 2.49984960e+08 7.11464912e+03 -5.54033161e+03
1.23737374e-05 1.76767677e-06 2.49982356e+08 8.45568399e+03 -6.77514893e+03
1.28787879e-05 1.76767677e-06 2.49978896e+08 1.02501595e+04 -8.35314263e+03
1.33838384e-05 1.76767677e-06 2.49974178e+08 1.27089484e+04 -1.04313161e+04
1.38888889e-05 1.76767677e-06 2.49967529e+08 1.61874255e+04 -1.32759187e+04
1.43939394e-05 1.76767677e-06 2.49957735e+08 2.13249589e+04 -1.73767891e+04
1.48989899e-05 1.76767677e-06 2.49942417e+08 2.93765560e+04 -2.37441779e+04
1.54040404e-05 1.76767677e-06 2.49916309e+08 4.31237541e+04 -3.48408101e+04
1.59090909e-05 1.76767677e-06 2.49865664e+08 6.99400349e+04 -5.84409691e+04
1.64141414e-05 1.76767677e-06 2.49749705e+08 1.35519742e+05 -1.31753080e+05
1.69191919e-05 1.76767677e-06 2.50702993e+08 8.54248954e+05 -5.58295549e+04
1.74242424e-05 1.76767677e-06 2.48661477e+08 -7.48471981e+05 -1.51205393e+07
1.79292929e-05 1.76767677e-06 2.50478415e+08 1.15664624e+05 1.82790917e+05
1.84343434e-05 1.76767677e-06 2.50159794e+08 -6.46401615e+04 -1.00823919e+05
1.89393939e-05 1.76767677e-06 2.50085770e+08 2.06576039e+04 -1.32155744e+05
1.94444444e-05 1.76767677e-06 2.50044992e+08 9.92074107e+04 -1.07096863e+05
1.99494949e-05 1.76767677e-06 2.50038604e+08 9.01468666e+04 -4.88963618e+04
2.04545455e-05 1.76767677e-06 2.50017792e+08 4.44720182e+04 -3.16028981e+04
2.09595960e-05 1.76767677e-06 2.49997059e+08 2.28907232e+04 -2.91543198e+04
2.14646465e-05 1.76767677e-06 2.49987628e+08 1.48495297e+04 -2.54736308e+04
2.19696970e-05 1.76767677e-06 2.49984965e+08 1.11636354e+04 -2.11517748e+04
2.24747475e-05 1.76767677e-06 2.49985139e+08 8.96878512e+03 -1.72921052e+04
2.29797980e-05 1.76767677e-06 2.49986314e+08 7.42796193e+03 -1.41598439e+04
2.34848485e-05 1.76767677e-06 2.49987741e+08 6.25569902e+03 -1.16928149e+04
2.39898990e-05 1.76767677e-06 2.49989133e+08 5.32839858e+03 -9.75838946e+03
2.44949495e-05 1.76767677e-06 2.49990394e+08 4.57881954e+03 -8.23280229e+03
2.50000000e-05 1.76767677e-06 2.49991500e+08 3.96410439e+03 -7.01784004e+03
-2.50000000e-05 2.27272727e-06 2.49999206e+08 -1.45914695e+03 4.17035768e+02
-2.44949495e-05 2.27272727e-06 2.49999254e+08 -1.38552551e+03 5.80739701e+02
-2.39898990e-05 2.27272727e-06 2.49999321e+08 -1.28251884e+03 7.58882427e+02
-2.34848485e-05 2.27272727e-06 2.49999409e+08 -1.14587268e+03 9.50237729e+02
-2.29797980e-05 2.27272727e-06 2.49999518e+08 -9.71334579e+02 1.15283612e+03
-2.24747475e-05 2.27272727e-06 2.49999650e+08 -7.54855929e+02 1.36384999e+03
-2.19696970e-05 2.27272727e-06 2.49999804e+08 -4.92849581e+02 1.57949702e+03
-2.14646465e-05 2.27272727e-06 2.49999979e+08 -1.82502169e+02 1.79497660e+03
-2.09595960e-05 2.27272727e-06 2.50000172e+08 1.77866576e+02 2.00445567e+03
-2.04545455e-05 2.27272727e-06 2.50000379e+08 5.88413894e+02 2.20112179e+03
-1.99494949e-05 2.27272727e-06 2.50000596e+08 1.04738015e+03 2.37732009e+03
-1.94444444e-05 2.27272727e-06 2.50000816e+08 1.55072856e+03 2.52478776e+03
-1.89393939e-05 2.27272727e-06 2.50001031e+08 2.09186487e+03 2.63499342e+03
-1.84343434e-05 2.27272727e-06 2.50001231e+08 2.66148839e+03 2.69957984e+03
-1.79292929e-05 2.27272727e-06 2.50001407e+08 3.24762249e+03 2.71089631e+03
-1.74242424e-05 2.27272727e-06 2.50001548e+08 3.83586090e+03 2.66259186e+03
-1.69191919e-05 2.27272727e-06 2.50001644e+08 4.40984352e+03 2.55022396e+03
-1.64141414e-05 2.27272727e-06 2.50001684e+08 4.95194647e+03 2.37182045e+03
-1.59090909e-05 2.27272727e-06 2.50001662e+08 5.44414054e+03 2.12832046e+03
-1.54040404e-05 2.27272727e-06 2.50001569e+08 5.86894642e+03 1.82381718e+03
-1.48989899e-05 2.27272727e-06 2.50001403e+08 6.21040007e+03 1.46553705e+03
-1.43939394e-05 2.27272727e-06 2.50001162e+08 6.45493874e+03 1.06351729e+03
-1.38888889e-05 2.27272727e-06 2.50000849e+08 6.59212845e+03 6.29982060e+02
-1.33838384e-05 2.27272727e-06 2.50000468e+08 6.61517632e+03 1.78459388e+02
-1.28787879e-05 2.27272727e-06 2.50000028e+08 6.52120468e+03 -2.77281786e+02
-1.23737374e-05 2.27272727e-06 2.49999540e+08 6.31130352e+03 -7.24366730e+02
-1.18686869e-05 2.27272727e-06 2.49999018e+08 5.99041337e+03 -1.15189587e+03
-1.13636364e-05 2.27272727e-06 2.49998475e+08 5.56710857e+03 -1.55183917e+03
-1.08585859e-05 2.27272727e-06 2.49997928e+08 5.05334358e+03 -1.91962302e+03
-1.03535354e-05 2.27272727e-06 2.49997393e+08 4.46419677e+03 -2.25432238e+03
-9.84848485e-06 2.27272727e-06 2.49996886e+08 3.81761070e+03 -2.55842309e+03
-9.34343434e-06 2.27272727e-06 2.49996422e+08 3.13410075e+03 -2.83717710e+03
-8.83838384e-06 2.27272727e-06 2.49996014e+08 2.43638864e+03 -3.09762118e+03
-8.33333333e-06 2.27272727e-06 2.49995673e+08 1.74891078e+03 -3.34736009e+03
-7.82828283e-06 2.27272727e-06 2.49995409e+08 1.09714765e+03 -3.59323173e+03
-7.32323232e-06 2.27272727e-06 2.49995225e+08 5.06720786e+02 -3.83998352e+03
-6.81818182e-06 2.27272727e-06 2.49995122e+08 2.21817330e+00 -4.08910321e+03
-6.31313131e-06 2.27272727e-06 2.49995099e+08 -3.94255112e+02 -4.33796191e+03
-5.80808081e-06 2.27272727e-06 2.49995146e+08 -6.64739294e+02 -4.57943053e+03
-5.30303030e-06 2.27272727e-06 2.49995250e+08 -7.97148490e+02 -4.80210919e+03
-4.79797980e-06 2.27272727e-06 2.49995396e+08 -7.86830792e+02 -4.99124787e+03
-4.29292929e-06 2.27272727e-06 2.49995565e+08 -6.37664693e+02 -5.13033210e+03
-3.78787879e-06 2.27272727e-06 2.49995735e+08 -3.62395656e+02 -5.20317186e+03
-3.28282828e-06 2.27272727e-06 2.49995888e+08 1.80024294e+01 -5.19619669e+03
-2.77777778e-06 2.27272727e-06 2.49996009e+08 4.75994200e+02 -5.10056803e+03
-2.27272727e-06 2.27272727e-06 2.49996085e+08 9.80021172e+02 -4.91371238e+03
-1.76767677e-06 2.27272727e-06 2.49996111e+08 1.49755467e+03 -4.63997459e+03
-1.26262626e-06 2.27272727e-06 2.49996087e+08 1.99818229e+03 -4.29027180e+03
-7.57575758e-07 2.27272727e-06 2.49996017e+08 2.45624162e+03 -3.88084325e+03
-2.52525253e-07 2.27272727e-06 2.49995908e+08 2.85263078e+03 -3.43137503e+03
2.52525253e-07 2.27272727e-06 2.49995772e+08 3.17562105e+03 -2.96287721e+03
7.57575758e-07 2.27272727e-06 2.49995618e+08 3.42070859e+03 -2.49568595e+03
1.26262626e-06 2.27272727e-06 2.49995456e+08 3.58970889e+03 -2.04787328e+03
1.76767677e-06 2.27272727e-06 2.49995293e+08 3.68938522e+03 -1.63421314e+03
2.27272727e-06 2.27272727e-06 2.49995133e+08 3.72990858e+03 -1.26572014e+03
2.77777778e-06 2.27272727e-06 2.49994979e+08 3.72339250e+03 -9.49678901e+02
3.28282828e-06 2.27272727e-06 2.49994831e+08 3.68266347e+03 -6.90028790e+02
3.78787879e-06 2.27272727e-06 2.49994685e+08 3.62034431e+03 -4.87958750e+02
4.29292929e-06 2.27272727e-06 2.49994539e+08 3.54826070e+03 -3.42585168e+02
4.79797980e-06 2.27272727e-06 2.49994385e+08 3.47713816e+03 -2.51618794e+02
5.30303030e-06 2.27272727e-06 2.49994218e+08 3.41653624e+03 -2.11961954e+02
5.80808081e-06 2.27272727e-06 2.49994028e+08 3.37496290e+03 -2.20207736e+02
6.31313131e-06 2.27272727e-06 2.49993807e+08 3.36012056e+03 -2.73035202e+02
6.81818182e-06 2.27272727e-06 2.49993545e+08 3.37924890e+03 -3.67508841e+02
7.32323232e-06 2.27272727e-06 2.49993230e+08 3.43954662e+03 -5.01297663e+02
7.82828283e-06 2.27272727e-06 2.49992848e+08 3.54867258e+03 -6.72831231e+02
8.33333333e-06 2.27272727e-06 2.49992383e+08 3.71534705e+03 -8.81407867e+02
8.83838384e-06 2.27272727e-06 2.49991814e+08 3.95009801e+03 -1.12726475e+03
9.34343434e-06 2.27272727e-06 2.49991115e+08 4.26623013e+03 -1.41160981e+03
9.84848485e-06 2.27272727e-06 2.49990255e+08 4.68114274e+03 -1.73659802e+03
1.03535354e-05 2.27272727e-06 2.49989189e+08 5.21820164e+03 -2.10520223e+03
1.08585859e-05 2.27272727e-06 2.49987858e+08 5.90950261e+03 -2.52086374e+03
1.13636364e-05 2.27272727e-06 2.49986181e+08 6.80010020e+03 -2.98667110e+03
1.18686869e-05 2.27272727e-06 2.49984044e+08 7.95470936e+03 -3.50351348e+03
1.23737374e-05 2.27272727e-06 2.49981278e+08 9.46871987e+03 -4.06595335e+03
1.28787879e-05 2.27272727e-06 2.49977632e+08 1.14870327e+04 -4.65283607e+03
1.33838384e-05 2.27272727e-06 2.49972711e+08 1.42377364e+04 -5.20508540e+03
1.38888889e-05 2.27272727e-06 2.49965875e+08 1.80953708e+04 -5.56990438e+03
1.43939394e-05 2.27272727e-06 2.49956024e+08 2.37060373e+04 -5.34756062e+03
1.48989899e-05 2.27272727e-06 2.49941165e+08 3.22434829e+04 -3.41371271e+03
1.54040404e-05 2.27272727e-06 2.49917540e+08 4.58836614e+04 3.87128941e+03
1.59090909e-05 2.27272727e-06 2.49879157e+08 6.74414417e+04 3.14696261e+04
1.64141414e-05 2.27272727e-06 2.49847741e+08 6.67087811e+04 1.66427669e+05
1.69191919e-05 2.27272727e-06 2.50181166e+08 -6.29610619e+05 4.02416751e+05
1.74242424e-05 2.27272727e-06 2.50274726e+08 -1.59845328e+05 6.82098212e+04
1.79292929e-05 2.27272727e-06 2.50181831e+08 -8.00952410e+04 -1.88589697e+04
1.84343434e-05 2.27272727e-06 2.50121236e+08 -2.81372167e+04 -5.63031970e+04
1.89393939e-05 2.27272727e-06 2.50077527e+08 2.32117438e+04 -7.02670076e+04
1.94444444e-05 2.27272727e-06 2.50053446e+08 5.99979137e+04 -5.63075205e+04
1.99494949e-05 2.27272727e-06 2.50044814e+08 6.04078759e+04 -3.04252107e+04
2.04545455e-05 2.27272727e-06 2.50034059e+08 3.93402744e+04 -1.72737275e+04
2.09595960e-05 2.27272727e-06 2.50019484e+08 2.19781748e+04 -1.52164300e+04
2.14646465e-05 2.27272727e-06 2.50007680e+08 1.28935352e+04 -1.52542256e+04
2.19696970e-05 2.27272727e-06 2.50000389e+08 8.60825062e+03 -1.45515809e+04
2.24747475e-05 2.27272727e-06 2.49996483e+08 6.46326721e+03 -1.31969081e+04
2.29797980e-05 2.27272727e-06 2.49994618e+08 5.23516559e+03 -1.16332130e+04
2.34848485e-05 2.27272727e-06 2.49993885e+08 4.42353548e+03 -1.01239324e+04
2.39898990e-05 2.27272727e-06 2.49993753e+08 3.82401284e+03 -8.77555820e+03
2.44949495e-05 2.27272727e-06 2.49993927e+08 3.34854375e+03 -7.61293053e+03
2.50000000e-05 2.27272727e-06 2.49994248e+08 2.95558026e+03 -6.62610518e+03
-2.50000000e-05 2.77777778e-06 2.49998974e+08 -1.62111825e+03 4.16571503e+02
-2.44949495e-05 2.77777778e-06 2.49999005e+08 -1.56385671e+03 5.93067021e+02
-2.39898990e-05 2.77777778e-06 2.49999056e+08 -1.47646288e+03 7.87251575e+02
-2.34848485e-05 2.77777778e-06 2.49999130e+08 -1.35395888e+03 9.98175381e+02
-2.29797980e-05 2.77777778e-06 2.49999228e+08 -1.19122694e+03 1.22404339e+03
-2.24747475e-05 2.77777778e-06 2.49999352e+08 -9.83220338e+02 1.46205208e+03
-2.19696970e-05 2.77777778e-06 2.49999503e+08 -7.25244834e+02 1.70823946e+03
-2.14646465e-05 2.77777778e-06 2.49999679e+08 -4.13313004e+02 1.95736698e+03
-2.09595960e-05 2.77777778e-06 2.49999879e+08 -4.45666412e+01 2.20285630e+03
-2.04545455e-05 2.77777778e-06 2.50000099e+08 3.82248105e+02 2.43680704e+03
-1.99494949e-05 2.77777778e-06 2.50000335e+08 8.66281018e+02 2.65012250e+03
-1.94444444e-05 2.77777778e-06 2.50000579e+08 1.40409589e+03 2.83276730e+03
-1.89393939e-05 2.77777778e-06 2.50000822e+08 1.98926193e+03 2.97417326e+03
-1.84343434e-05 2.77777778e-06 2.50001054e+08 2.61208324e+03 3.06379638e+03
-1.79292929e-05 2.77777778e-06 2.50001264e+08 3.25953250e+03 3.09180835e+03
-1.74242424e-05 2.77777778e-06 2.50001438e+08 3.91544563e+03 3.04988187e+03
-1.69191919e-05 2.77777778e-06 2.50001564e+08 4.56101222e+03 2.93200370e+03
-1.64141414e-05 2.77777778e-06 2.50001632e+08 5.17556355e+03 2.73522564e+03
-1.59090909e-05 2.77777778e-06 2.50001629e+08 5.73761958e+03 2.46025056e+03
-1.54040404e-05 2.77777778e-06 2.50001550e+08 6.22611603e+03 2.11175136e+03
-1.48989899e-05 2.77777778e-06 2.50001390e+08 6.62169959e+03 1.69834196e+03
-1.43939394e-05 2.77777778e-06 2.50001147e+08 6.90796164e+03 1.23215888e+03
-1.38888889e-05 2.77777778e-06 2.50000826e+08 7.07248295e+03 7.28064963e+02
-1.33838384e-05 2.77777778e-06 2.50000434e+08 7.10758608e+03 2.02542621e+02
-1.28787879e-05 2.77777778e-06 2.49999980e+08 7.01073552e+03 -3.27607644e+02
-1.23737374e-05 2.77777778e-06 2.49999479e+08 6.78457928e+03 -8.46615745e+02
-1.18686869e-05 2.77777778e-06 2.49998947e+08 6.43667777e+03 -1.34097881e+03
-1.13636364e-05 2.77777778e-06 2.49998399e+08 5.97900201e+03 -1.80043897e+03
-1.08585859e-05 2.77777778e-06 2.49997854e+08 5.42729577e+03 -2.21858739e+03
-1.03535354e-05 2.77777778e-06 2.49997329e+08 4.80038509e+03 -2.59302875e+03
-9.84848485e-06 2.77777778e-06 2.49996838e+08 4.11949124e+03 -2.92509805e+03
-9.34343434e-06 2.77777778e-06 2.49996397e+08 3.40757074e+03 -3.21917599e+03
-8.83838384e-06 2.77777778e-06 2.49996015e+08 2.68867599e+03 -3.48169211e+03
-8.33333333e-06 2.77777778e-06 2.49995704e+08 1.98730716e+03 -3.71993066e+03
-7.82828283e-06 2.77777778e-06 2.49995467e+08 1.32771144e+03 -3.94076618e+03
-7.32323232e-06 2.77777778e-06 2.49995309e+08 7.33083342e+02 -4.14945914e+03
-6.81818182e-06 2.77777778e-06 2.49995227e+08 2.24632641e+02 -4.34864077e+03
-6.31313131e-06 2.77777778e-06 2.49995217e+08 -1.79482323e+02 -4.53761165e+03
-5.80808081e-06 2.77777778e-06 2.49995269e+08 -4.65309029e+02 -4.71206378e+03
-5.30303030e-06 2.77777778e-06 2.49995372e+08 -6.24237281e+02 -4.86430555e+03
-4.79797980e-06 2.77777778e-06 2.49995511e+08 -6.53957445e+02 -4.98401488e+03
-4.29292929e-06 2.77777778e-06 2.49995668e+08 -5.59048266e+02 -5.05947053e+03
-3.78787879e-06 2.77777778e-06 2.49995827e+08 -3.51011394e+02 -5.07912246e+03
-3.28282828e-06 2.77777778e-06 2.49995972e+08 -4.76302116e+01 -5.03328181e+03
-2.77777778e-06 2.77777778e-06 2.49996089e+08 3.28362107e+02 -4.91566189e+03
-2.27272727e-06 2.77777778e-06 2.49996169e+08 7.51188267e+02 -4.72450662e+03
-1.76767677e-06 2.77777778e-06 2.49996205e+08 1.19426725e+03 -4.46310975e+03
-1.26262626e-06 2.77777778e-06 2.49996197e+08 1.63247541e+03 -4.13964392e+03
-7.57575758e-07 2.77777778e-06 2.49996146e+08 2.04411004e+03 -3.76635439e+03
-2.52525253e-07 2.77777778e-06 2.49996060e+08 2.41230536e+03 -3.35828983e+03
2.52525253e-07 2.77777778e-06 2.49995944e+08 2.72576918e+03 -2.93181163e+03
7.57575758e-07 2.77777778e-06 2.49995807e+08 2.97884110e+03 -2.50313066e+03
1.26262626e-06 2.77777778e-06 2.49995657e+08 3.17098514e+03 -2.08707379e+03
1.76767677e-06 2.77777778e-06 2.49995499e+08 3.30589727e+03 -1.69620384e+03
2.27272727e-06 2.77777778e-06 2.49995337e+08 3.39042662e+03 -1.34033137e+03
2.77777778e-06 2.77777778e-06 2.49995175e+08 3.43348664e+03 -1.02638678e+03
3.28282828e-06 2.77777778e-06 2.49995013e+08 3.44508609e+03 -7.58576453e+02
3.78787879e-06 2.77777778e-06 2.49994849e+08 3.43555631e+03 -5.38728500e+02
4.29292929e-06 2.77777778e-06 2.49994680e+08 3.41500387e+03 -3.66737126e+02
4.79797980e-06 2.77777778e-06 2.49994501e+08 3.39298284e+03 -2.41030061e+02
5.30303030e-06 2.77777778e-06 2.49994306e+08 3.37836038e+03 -1.59004385e+02
5.80808081e-06 2.77777778e-06 2.49994089e+08 3.37934117e+03 -1.17395793e+02
6.31313131e-06 2.77777778e-06 2.49993841e+08 3.40361738e+03 -1.12561816e+02
6.81818182e-06 2.77777778e-06 2.49993552e+08 3.45861793e+03 -1.40669070e+02
7.32323232e-06 2.77777778e-06 2.49993212e+08 3.55184152e+03 -1.97777812e+02
7.82828283e-06 2.77777778e-06 2.49992808e+08 3.69127008e+03 -2.79813504e+02
8.33333333e-06 2.77777778e-06 2.49992324e+08 3.88587374e+03 -3.82403671e+02
8.83838384e-06 2.77777778e-06 2.49991742e+08 4.14623353e+03 -5.00536164e+02
9.34343434e-06 2.77777778e-06 2.49991040e+08 4.48532721e+03 -6.27955424e+02
9.84848485e-06 2.77777778e-06 2.49990187e+08 4.91954568e+03 -7.56143352e+02
1.03535354e-05 2.77777778e-06 2.49989149e+08 5.47003478e+03 -8.72603952e+02
1.08585859e-05 2.77777778e-06 2.49987877e+08 6.16448547e+03 -9.57931339e+02
1.13636364e-05 2.77777778e-06 2.49986309e+08 7.03950718e+03 -9.80672764e+02
1.18686869e-05 2.77777778e-06 2.49984365e+08 8.14365507e+03 -8.88047501e+02
1.23737374e-05 2.77777778e-06 2.49981936e+08 9.54084277e+03 -5.88563216e+02
1.28787879e-05 2.77777778e-06 2.49978884e+08 1.13126145e+04 8.19281867e+01
1.33838384e-05 2.77777778e-06 2.49975038e+08 1.35533957e+04 1.42975778e+03
1.38888889e-05 2.77777778e-06 2.49970227e+08 1.63375993e+04 4.05373027e+03
1.43939394e-05 2.77777778e-06 2.49964405e+08 1.95811434e+04 9.18895191e+03
1.48989899e-05 2.77777778e-06 2.49958176e+08 2.24947143e+04 1.95297569e+04
1.54040404e-05 2.77777778e-06 2.49954731e+08 2.13534625e+04 4.11393726e+04
1.59090909e-05 2.77777778e-06 2.49966427e+08 2.88160144e+02 8.58471703e+04
1.64141414e-05 2.77777778e-06 2.50021453e+08 -9.28143217e+04 1.49091232e+05
1.69191919e-05 2.77777778e-06 2.50062978e+08 -2.21540341e+05 8.89187264e+04
1.74242424e-05 2.77777778e-06 2.50059505e+08 -1.17456553e+05 -4.19335551e+03
1.79292929e-05 2.77777778e-06 2.50082453e+08 -4.61338015e+04 -1.84441385e+04
1.84343434e-05 2.77777778e-06 2.50074623e+08 -8.29548331e+03 -3.32448691e+04
1.89393939e-05 2.77777778e-06 2.50058577e+08 2.27578605e+04 -3.87310173e+04
1.94444444e-05 2.77777778e-06 2.50047475e+08 4.23855419e+04 -3.11384393e+04
1.99494949e-05 2.77777778e-06 2.50041842e+08 4.42553305e+04 -1.80512200e+04
2.04545455e-05 2.77777778e-06 2.50035718e+08 3.38452934e+04 -9.42910684e+03
2.09595960e-05 2.77777778e-06 2.50026923e+08 2.18390599e+04 -7.03885973e+03
2.14646465e-05 2.77777778e-06 2.50017765e+08 1.33645894e+04 -7.48721476e+03
2.19696970e-05 2.77777778e-06 2.50010314e+08 8.43894589e+03 -8.22170325e+03
2.24747475e-05 2.77777778e-06 2.50005043e+08 5.75325178e+03 -8.45939226e+03
2.29797980e-05 2.77777778e-06 2.50001594e+08 4.27311667e+03 -8.22078171e+03
2.34848485e-05 2.77777778e-06 2.49999445e+08 3.40887301e+03 -7.69820410e+03
2.39898990e-05 2.77777778e-06 2.49998160e+08 2.85958955e+03 -7.05201384e+03
2.44949495e-05 2.77777778e-06 2.49997431e+08 2.47695420e+03 -6.38121370e+03
2.50000000e-05 2.77777778e-06 2.49997052e+08 2.18783769e+03 -5.73826849e+03
-2.50000000e-05 3.28282828e-06 2.49998738e+08 -1.79371964e+03 4.04522519e+02
-2.44949495e-05 3.28282828e-06 2.49998748e+08 -1.75601728e+03 5.92548036e+02
-2.39898990e-05 3.28282828e-06 2.49998781e+08 -1.68780432e+03 8.01786718e+02
-2.34848485e-05 3.28282828e-06 2.49998838e+08 -1.58330485e+03 1.03168755e+03
-2.29797980e-05 3.28282828e-06 2.49998922e+08 -1.43641285e+03 1.28076199e+03
-2.24747475e-05 3.28282828e-06 2.49999037e+08 -1.24090377e+03 1.54636333e+03
-2.19696970e-05 3.28282828e-06 2.49999182e+08 -9.90734454e+02 1.82447023e+03
-2.14646465e-05 3.28282828e-06 2.49999359e+08 -6.80439545e+02 2.10949704e+03
-2.09595960e-05 3.28282828e-06 2.49999566e+08 -3.05625082e+02 2.39416101e+03
-2.04545455e-05 3.28282828e-06 2.49999800e+08 1.36452576e+02 2.66944257e+03
-1.99494949e-05 3.28282828e-06 2.50000057e+08 6.46250409e+02 2.92467856e+03
-1.94444444e-05 3.28282828e-06 2.50000329e+08 1.22129233e+03 3.14782674e+03
-1.89393939e-05 3.28282828e-06 2.50000606e+08 1.85558009e+03 3.32593149e+03
-1.84343434e-05 3.28282828e-06 2.50000877e+08 2.53914565e+03 3.44580281e+03
-1.79292929e-05 3.28282828e-06 2.50001128e+08 3.25783793e+03 3.49489366e+03
-1.74242424e-05 3.28282828e-06 2.50001343e+08 3.99343218e+03 3.46232526e+03
-1.69191919e-05 3.28282828e-06 2.50001509e+08 4.72412785e+03 3.33997157e+03
-1.64141414e-05 3.28282828e-06 2.50001610e+08 5.42546083e+03 3.12347925e+03
-1.59090909e-05 3.28282828e-06 2.50001635e+08 6.07159984e+03 2.81307915e+03
-1.54040404e-05 3.28282828e-06 2.50001574e+08 6.63693490e+03 2.41404638e+03
-1.48989899e-05 3.28282828e-06 2.50001421e+08 7.09780862e+03 1.93669676e+03
-1.43939394e-05 3.28282828e-06 2.50001178e+08 7.43420318e+03 1.39586414e+03
-1.38888889e-05 3.28282828e-06 2.50000847e+08 7.63118816e+03 8.09879086e+02
-1.33838384e-05 3.28282828e-06 2.50000439e+08 7.67996221e+03 1.99148829e+02
-1.28787879e-05 3.28282828e-06 2.49999966e+08 7.57838129e+03 -4.15495772e+02
-1.23737374e-05 3.28282828e-06 2.49999446e+08 7.33094560e+03 -1.01448143e+03
-1.18686869e-05 3.28282828e-06 2.49998896e+08 6.94829792e+03 -1.58099358e+03
-1.13636364e-05 3.28282828e-06 2.49998336e+08 6.44634902e+03 -2.10211958e+03
-1.08585859e-05 3.28282828e-06 2.49997785e+08 5.84517826e+03 -2.56951368e+03
-1.03535354e-05 3.28282828e-06 2.49997261e+08 5.16785644e+03 -2.97953418e+03
-9.84848485e-06 3.28282828e-06 2.49996780e+08 4.43930870e+03 -3.33287548e+03
-9.34343434e-06 3.28282828e-06 2.49996354e+08 3.68529088e+03 -3.63377625e+03
-8.83838384e-06 3.28282828e-06 2.49995994e+08 2.93150475e+03 -3.88892511e+03
-8.33333333e-06 3.28282828e-06 2.49995707e+08 2.20283655e+03 -4.10620373e+03
-7.82828283e-06 3.28282828e-06 2.49995495e+08 1.52267617e+03 -4.29340811e+03
-7.32323232e-06 3.28282828e-06 2.49995360e+08 9.12264358e+02 -4.45707940e+03
-6.81818182e-06 3.28282828e-06 2.49995298e+08 3.90024309e+02 -4.60155907e+03
-6.31313131e-06 3.28282828e-06 2.49995302e+08 -2.91402374e+01 -4.72836412e+03
-5.80808081e-06 3.28282828e-06 2.49995362e+08 -3.34558864e+02 -4.83595243e+03
-5.30303030e-06 3.28282828e-06 2.49995468e+08 -5.20455190e+02 -4.91991536e+03
-4.79797980e-06 3.28282828e-06 2.49995605e+08 -5.86451551e+02 -4.97358975e+03
-4.29292929e-06 3.28282828e-06 2.49995758e+08 -5.37795612e+02 -4.98902786e+03
-3.78787879e-06 3.28282828e-06 2.49995912e+08 -3.85196434e+02 -4.95820660e+03
-3.28282828e-06 3.28282828e-06 2.49996053e+08 -1.44200018e+02 -4.87430981e+03
-2.77777778e-06 3.28282828e-06 2.49996171e+08 1.65895028e+02 -4.73289316e+03
-2.27272727e-06 3.28282828e-06 2.49996255e+08 5.23497135e+02 -4.53275094e+03
-1.76767677e-06 3.28282828e-06 2.49996302e+08 9.06396174e+02 -4.27635172e+03
-1.26262626e-06 3.28282828e-06 2.49996308e+08 1.29344545e+03 -3.96978606e+03
-7.57575758e-07 3.28282828e-06 2.49996276e+08 1.66604065e+03 -3.62225750e+03
-2.52525253e-07 3.28282828e-06 2.49996209e+08 2.00922572e+03 -3.24522515e+03
2.52525253e-07 3.28282828e-06 2.49996113e+08 2.31232833e+03 -2.85135488e+03
7.57575758e-07 3.28282828e-06 2.49995993e+08 2.56911202e+03 -2.45344729e+03
1.26262626e-06 3.28282828e-06 2.49995855e+08 2.77750686e+03 -2.06348730e+03
1.76767677e-06 3.28282828e-06 2.49995706e+08 2.93903112e+03 -1.69191350e+03
2.27272727e-06 3.28282828e-06 2.49995549e+08 3.05803664e+03 -1.34715138e+03
2.77777778e-06 3.28282828e-06 2.49995386e+08 3.14090352e+03 -1.03540504e+03
3.28282828e-06 3.28282828e-06 2.49995218e+08 3.19528512e+03 -7.60667080e+02
3.78787879e-06 3.28282828e-06 2.49995044e+08 3.22947052e+03 -5.24887171e+02
4.29292929e-06 3.28282828e-06 2.49994863e+08 3.25189908e+03 -3.28235142e+02
4.79797980e-06 3.28282828e-06 2.49994670e+08 3.27083510e+03 -1.69400037e+02
5.30303030e-06 3.28282828e-06 2.49994462e+08 3.29419216e+03 -4.58767950e+01
5.80808081e-06 3.28282828e-06 2.49994232e+08 3.32948680e+03 4.57963623e+01
6.31313131e-06 3.28282828e-06 2.49993973e+08 3.38389816e+03 1.09877855e+02
6.81818182e-06 3.28282828e-06 2.49993678e+08 3.46441130e+03 1.51363398e+02
7.32323232e-06 3.28282828e-06 2.49993337e+08 3.57802614e+03 1.76052121e+02
7.82828283e-06 3.28282828e-06 2.49992939e+08 3.73201838e+03 1.90771817e+02
8.33333333e-06 3.28282828e-06 2.49992473e+08 3.93424165e+03 2.03816221e+02
8.83838384e-06 3.28282828e-06 2.49991924e+08 4.19345947e+03 2.25681775e+02
9.34343434e-06 3.28282828e-06 2.49991275e+08 4.51968602e+03 2.70250614e+02
9.84848485e-06 3.28282828e-06 2.49990507e+08 4.92448741e+03 3.56667753e+02
1.03535354e-05 3.28282828e-06 2.49989597e+08 5.42112967e+03 5.12335953e+02
1.08585859e-05 3.28282828e-06 2.49988519e+08 6.02431092e+03 7.77761592e+02
1.13636364e-05 3.28282828e-06 2.49987244e+08 6.74887744e+03 1.21454277e+03
1.18686869e-05 3.28282828e-06 2.49985746e+08 7.60614968e+03 1.91881148e+03
1.23737374e-05 3.28282828e-06 2.49984008e+08 8.59466456e+03 3.04432126e+03
1.28787879e-05 3.28282828e-06 2.49982047e+08 9.67773670e+03 4.84278152e+03
1.33838384e-05 3.28282828e-06 2.49979961e+08 1.07292426e+04 7.73477111e+03
1.38888889e-05 3.28282828e-06 2.49978052e+08 1.14008887e+04 1.24315712e+04
1.43939394e-05 3.28282828e-06 2.49977090e+08 1.07925087e+04 2.01216560e+04
1.48989899e-05 3.28282828e-06 2.49978883e+08 6.64247220e+03 3.26246352e+04
1.54040404e-05 3.28282828e-06 2.49987139e+08 -6.43130130e+03 5.17636539e+04
1.59090909e-05 3.28282828e-06 2.50006744e+08 -3.86840988e+04 7.46440178e+04
1.64141414e-05 3.28282828e-06 2.50032757e+08 -9.42648372e+04 7.96433337e+04
1.69191919e-05 3.28282828e-06 2.50037324e+08 -1.27051440e+05 3.70349013e+04
1.74242424e-05 3.28282828e-06 2.50028263e+08 -8.88189756e+04 -1.02913197e+04
1.79292929e-05 3.28282828e-06 2.50033390e+08 -3.73969365e+04 -2.51089046e+04
1.84343434e-05 3.28282828e-06 2.50037914e+08 -2.98468983e+03 -2.81455804e+04
1.89393939e-05 3.28282828e-06 2.50037257e+08 1.98079082e+04 -2.64405379e+04
1.94444444e-05 3.28282828e-06 2.50035552e+08 3.25300794e+04 -1.99092712e+04
1.99494949e-05 3.28282828e-06 2.50034208e+08 3.46807921e+04 -1.15175844e+04
2.04545455e-05 3.28282828e-06 2.50031672e+08 2.91875892e+04 -5.36036921e+03
2.09595960e-05 3.28282828e-06 2.50026997e+08 2.11573746e+04 -2.84365815e+03
2.14646465e-05 3.28282828e-06 2.50021053e+08 1.41491918e+04 -2.79741042e+03
2.19696970e-05 3.28282828e-06 2.50015209e+08 9.23450356e+03 -3.63982163e+03
2.24747475e-05 3.28282828e-06 2.50010291e+08 6.13627872e+03 -4.45961029e+03
2.29797980e-05 3.28282828e-06 2.50006516e+08 4.26815182e+03 -4.95794746e+03
2.34848485e-05 3.28282828e-06 2.50003773e+08 3.14761941e+03 -5.13230105e+03
2.39898990e-05 3.28282828e-06 2.50001844e+08 2.46047299e+03 -5.06966390e+03
2.44949495e-05 3.28282828e-06 2.50000518e+08 2.02091440e+03 -4.85982507e+03
2.50000000e-05 3.28282828e-06 2.49999625e+08 1.72357703e+03 -4.57085998e+03
-2.50000000e-05 3.78787879e-06 2.49998499e+08 -1.97537025e+03 3.79518877e+02
-2.44949495e-05 3.78787879e-06 2.49998486e+08 -1.96062902e+03 5.77346793e+02
-2.39898990e-05 3.78787879e-06 2.49998497e+08 -1.91549519e+03 8.00163656e+02
-2.34848485e-05 3.78787879e-06 2.49998534e+08 -1.83333838e+03 1.04796889e+03
-2.29797980e-05 3.78787879e-06 2.49998601e+08 -1.70695233e+03 1.31975254e+03
-2.24747475e-05 3.78787879e-06 2.49998703e+08 -1.52875437e+03 1.61320799e+03
-2.19696970e-05 3.78787879e-06 2.49998840e+08 -1.29109320e+03 1.92443384e+03
-2.14646465e-05 3.78787879e-06 2.49999015e+08 -9.86682495e+02 2.24765113e+03
-2.09595960e-05 3.78787879e-06 2.49999229e+08 -6.09169594e+02 2.57497332e+03
-2.04545455e-05 3.78787879e-06 2.49999478e+08 -1.53835159e+02 2.89627687e+03
-1.99494949e-05 3.78787879e-06 2.49999758e+08 3.81600891e+02 3.19922885e+03
-1.94444444e-05 3.78787879e-06 2.50000061e+08 9.96118001e+02 3.46952970e+03
-1.89393939e-05 3.78787879e-06 2.50000378e+08 1.68455901e+03 3.69142212e+03
-1.84343434e-05 3.78787879e-06 2.50000695e+08 2.43692925e+03 3.84849585e+03
-1.79292929e-05 3.78787879e-06 2.50000995e+08 3.23796111e+03 3.92478231e+03
-1.74242424e-05 3.78787879e-06 2.50001261e+08 4.06707818e+03 3.90608301e+03
-1.69191919e-05 3.78787879e-06 2.50001476e+08 4.89887250e+03 3.78141830e+03
-1.64141414e-05 3.78787879e-06 2.50001620e+08 5.70415809e+03 3.54442876e+03
-1.59090909e-05 3.78787879e-06 2.50001678e+08 6.45158627e+03 3.19452566e+03
-1.54040404e-05 3.78787879e-06 2.50001640e+08 7.10971397e+03 2.73758385e+03
-1.48989899e-05 3.78787879e-06 2.50001499e+08 7.64932293e+03 2.18601009e+03
-1.43939394e-05 3.78787879e-06 2.50001254e+08 8.04571956e+03 1.55810168e+03
-1.38888889e-05 3.78787879e-06 2.50000910e+08 8.28072258e+03 8.76721713e+02
-1.33838384e-05 3.78787879e-06 2.50000481e+08 8.34407949e+03 1.67434412e+02
-1.28787879e-05 3.78787879e-06 2.49999981e+08 8.23414011e+03 -5.43659858e+02
-1.23737374e-05 3.78787879e-06 2.49999432e+08 7.95773689e+03 -1.23209943e+03
-1.18686869e-05 3.78787879e-06 2.49998856e+08 7.52934738e+03 -1.87696016e+03
-1.13636364e-05 3.78787879e-06 2.49998275e+08 6.96971572e+03 -2.46224958e+03
-1.08585859e-05 3.78787879e-06 2.49997710e+08 6.30416470e+03 -2.97766044e+03
-1.03535354e-05 3.78787879e-06 2.49997181e+08 5.56083303e+03 -3.41865329e+03
-9.84848485e-06 3.78787879e-06 2.49996703e+08 4.76903083e+03 -3.78593281e+03
-9.34343434e-06 3.78787879e-06 2.49996289e+08 3.95783820e+03 -4.08445231e+03
-8.83838384e-06 3.78787879e-06 2.49995946e+08 3.15499746e+03 -4.32211717e+03
-8.33333333e-06 3.78787879e-06 2.49995681e+08 2.38608550e+03 -4.50836487e+03
-7.82828283e-06 3.78787879e-06 2.49995493e+08 1.67390958e+03 -4.65278341e+03
-7.32323232e-06 3.78787879e-06 2.49995380e+08 1.03805190e+03 -4.76390151e+03
-6.81818182e-06 3.78787879e-06 2.49995339e+08 4.94493669e+02 -4.84825172e+03
-6.31313131e-06 3.78787879e-06 2.49995359e+08 5.52739513e+01 -4.90977483e+03
-5.80808081e-06 3.78787879e-06 2.49995432e+08 -2.71826176e+02 -4.94960173e+03
-5.30303030e-06 3.78787879e-06 2.49995546e+08 -4.83545381e+02 -4.96621618e+03
-4.79797980e-06 3.78787879e-06 2.49995686e+08 -5.81289965e+02 -4.95596682e+03
-4.29292929e-06 3.78787879e-06 2.49995840e+08 -5.71092358e+02 -4.91385924e+03
-3.78787879e-06 3.78787879e-06 2.49995995e+08 -4.63310237e+02 -4.83452469e+03
-3.28282828e-06 3.78787879e-06 2.49996138e+08 -2.72024390e+02 -4.71323520e+03
-2.77777778e-06 3.78787879e-06 2.49996259e+08 -1.41395211e+01 -4.54682554e+03
-2.27272727e-06 3.78787879e-06 2.49996350e+08 2.91753707e+02 -4.33439410e+03
-1.76767677e-06 3.78787879e-06 2.49996407e+08 6.26648671e+02 -4.07768990e+03
-1.26262626e-06 3.78787879e-06 2.49996428e+08 9.72388015e+02 -3.78114479e+03
-7.57575758e-07 3.78787879e-06 2.49996412e+08 1.31278407e+03 -3.45156832e+03
-2.52525253e-07 3.78787879e-06 2.49996363e+08 1.63447875e+03 -3.09757466e+03
2.52525253e-07 3.78787879e-06 2.49996285e+08 1.92747219e+03 -2.72884562e+03
7.57575758e-07 3.78787879e-06 2.49996182e+08 2.18530375e+03 -2.35534471e+03
1.26262626e-06 3.78787879e-06 2.49996059e+08 2.40491903e+03 -1.98658651e+03
1.76767677e-06 3.78787879e-06 2.49995921e+08 2.58629334e+03 -1.63103777e+03
2.27272727e-06 3.78787879e-06 2.49995771e+08 2.73190030e+03 -1.29569217e+03
2.77777778e-06 3.78787879e-06 2.49995612e+08 2.84611444e+03 -9.85826484e+02
3.28282828e-06 3.78787879e-06 2.49995445e+08 2.93462391e+03 -7.04919107e+02
3.78787879e-06 3.78787879e-06 2.49995271e+08 3.00390856e+03 -4.54694557e+02
4.29292929e-06 3.78787879e-06 2.49995087e+08 3.06081649e+03 -2.35249639e+02
4.79797980e-06 3.78787879e-06 2.49994892e+08 3.11225202e+03 -4.52165017e+01
5.30303030e-06 3.78787879e-06 2.49994681e+08 3.16497277e+03 1.18078523e+02
5.80808081e-06 3.78787879e-06 2.49994452e+08 3.22548316e+03 2.58496263e+02
6.31313131e-06 3.78787879e-06 2.49994198e+08 3.30000528e+03 3.81038268e+02
6.81818182e-06 3.78787879e-06 2.49993914e+08 3.39450535e+03 4.91903911e+02
7.32323232e-06 3.78787879e-06 2.49993593e+08 3.51475102e+03 5.98686701e+02
7.82828283e-06 3.78787879e-06 2.49993227e+08 3.66637088e+03 7.10756940e+02
8.33333333e-06 3.78787879e-06 2.49992809e+08 3.85487783e+03 8.39899314e+02
8.83838384e-06 3.78787879e-06 2.49992330e+08 4.08559832e+03 1.00131017e+03
9.34343434e-06 3.78787879e-06 2.49991782e+08 4.36340919e+03 1.21511747e+03
9.84848485e-06 3.78787879e-06 2.49991155e+08 4.69210578e+03 1.50867912e+03
1.03535354e-05 3.78787879e-06 2.49990444e+08 5.07307426e+03 1.92006089e+03
1.08585859e-05 3.78787879e-06 2.49989648e+08 5.50264754e+03 2.50332025e+03
1.13636364e-05 3.78787879e-06 2.49988773e+08 5.96694782e+03 3.33655586e+03
1.18686869e-05 3.78787879e-06 2.49987847e+08 6.43187137e+03 4.53412631e+03
1.23737374e-05 3.78787879e-06 2.49986932e+08 6.82357276e+03 6.26485105e+03
1.28787879e-05 3.78787879e-06 2.49986161e+08 6.99022633e+03 8.77767436e+03
1.33838384e-05 3.78787879e-06 2.49985793e+08 6.62708093e+03 1.24325581e+04
1.38888889e-05 3.78787879e-06 2.49986310e+08 5.13222172e+03 1.77184302e+04
1.43939394e-05 3.78787879e-06 2.49988559e+08 1.34761704e+03 2.51851046e+04
1.48989899e-05 3.78787879e-06 2.49993824e+08 -6.80781012e+03 3.50565201e+04
1.54040404e-05 3.78787879e-06 2.50003385e+08 -2.24019417e+04 4.59665182e+04
1.59090909e-05 3.78787879e-06 2.50016369e+08 -4.73684930e+04 5.23372753e+04
1.64141414e-05 3.78787879e-06 2.50026111e+08 -7.49156378e+04 4.37063608e+04
1.69191919e-05 3.78787879e-06 2.50024398e+08 -8.42682949e+04 1.68759334e+04
1.74242424e-05 3.78787879e-06 2.50017126e+08 -6.39735800e+04 -1.04890409e+04
1.79292929e-05 3.78787879e-06 2.50015534e+08 -3.14041356e+04 -2.33406659e+04
1.84343434e-05 3.78787879e-06 2.50018420e+08 -3.84211648e+03 -2.50678658e+04
1.89393939e-05 3.78787879e-06 2.50021586e+08 1.48768786e+04 -2.15132465e+04
1.94444444e-05 3.78787879e-06 2.50024042e+08 2.51290855e+04 -1.53735989e+04
1.99494949e-05 3.78787879e-06 2.50025610e+08 2.78488906e+04 -8.78399646e+03
2.04545455e-05 3.78787879e-06 2.50025664e+08 2.51387503e+04 -3.74024450e+03
2.09595960e-05 3.78787879e-06 2.50023838e+08 1.98956311e+04 -1.09440860e+03
2.14646465e-05 3.78787879e-06 2.50020542e+08 1.44835817e+04 -4.36760686e+02
2.19696970e-05 3.78787879e-06 2.50016608e+08 1.00753433e+04 -8.66942898e+02
2.24747475e-05 3.78787879e-06 2.50012763e+08 6.90617700e+03 -1.64435024e+03
2.29797980e-05 3.78787879e-06 2.50009413e+08 4.77760927e+03 -2.36651331e+03
2.34848485e-05 3.78787879e-06 2.50006691e+08 3.39479952e+03 -2.88688324e+03
2.39898990e-05 3.78787879e-06 2.50004574e+08 2.50554490e+03 -3.19271872e+03
2.44949495e-05 3.78787879e-06 2.50002971e+08 1.92992881e+03 -3.32256433e+03
2.50000000e-05 3.78787879e-06 2.50001779e+08 1.54998146e+03 -3.32509551e+03
-2.50000000e-05 4.29292929e-06 2.49998260e+08 -2.16401576e+03 3.40481490e+02
-2.44949495e-05 4.29292929e-06 2.49998221e+08 -2.17579385e+03 5.45853655e+02
-2.39898990e-05 4.29292929e-06 2.49998206e+08 -2.15794469e+03 7.80191776e+02
-2.34848485e-05 4.29292929e-06 2.49998219e+08 -2.10295670e+03 1.04422615e+03
-2.29797980e-05 4.29292929e-06 2.49998265e+08 -2.00243519e+03 1.33764036e+03
-2.24747475e-05 4.29292929e-06 2.49998349e+08 -1.84727059e+03 1.65870897e+03
-2.19696970e-05 4.29292929e-06 2.49998474e+08 -1.62793632e+03 2.00390162e+03
-2.14646465e-05 4.29292929e-06 2.49998645e+08 -1.33494636e+03 2.36748163e+03
-2.09595960e-05 4.29292929e-06 2.49998862e+08 -9.59495511e+02 2.74114312e+03
-2.04545455e-05 4.29292929e-06 2.49999125e+08 -4.94291693e+02 3.11374773e+03
-1.99494949e-05 4.29292929e-06 2.49999429e+08 6.54355153e+01 3.47123746e+03
-1.94444444e-05 4.29292929e-06 2.49999768e+08 7.20800102e+02 3.79680919e+03
-1.89393939e-05 4.29292929e-06 2.50000130e+08 1.46809255e+03 4.07143350e+03
-1.84343434e-05 4.29292929e-06 2.50000500e+08 2.29772099e+03 4.27477812e+03
-1.79292929e-05 4.29292929e-06 2.50000860e+08 3.19344128e+03 4.38655154e+03
-1.74242424e-05 4.29292929e-06 2.50001188e+08 4.13207655e+03 4.38821320e+03
-1.69191919e-05 4.29292929e-06 2.50001462e+08 5.08391225e+03 4.26491162e+03
-1.64141414e-05 4.29292929e-06 2.50001660e+08 6.01389194e+03 4.00742546e+03
-1.59090909e-05 4.29292929e-06 2.50001761e+08 6.88363130e+03 3.61381820e+03
-1.54040404e-05 4.29292929e-06 2.50001752e+08 7.65412519e+03 3.09050045e+03
-1.48989899e-05 4.29292929e-06 2.50001624e+08 8.28887317e+03 2.45244228e+03
-1.43939394e-05 4.29292929e-06 2.50001376e+08 8.75703157e+03 1.72239514e+03
-1.38888889e-05 4.29292929e-06 2.50001015e+08 9.03615199e+03 9.29149758e+02
-1.33838384e-05 4.29292929e-06 2.50000556e+08 9.11410914e+03 1.05035594e+02
-1.28787879e-05 4.29292929e-06 2.50000021e+08 8.98995271e+03 -7.16987106e+02
-1.23737374e-05 4.29292929e-06 2.49999433e+08 8.67360682e+03 -1.50621895e+03
-1.18686869e-05 4.29292929e-06 2.49998819e+08 8.18453873e+03 -2.23669026e+03
-1.13636364e-05 4.29292929e-06 2.49998207e+08 7.54967586e+03 -2.88889965e+03
-1.08585859e-05 4.29292929e-06 2.49997620e+08 6.80093244e+03 -3.45066361e+03
-1.03535354e-05 4.29292929e-06 2.49997079e+08 5.97270569e+03 -3.91707715e+03
-9.84848485e-06 4.29292929e-06 2.49996600e+08 5.09963086e+03 -4.28971722e+03
-9.34343434e-06 4.29292929e-06 2.49996194e+08 4.21477504e+03 -4.57530423e+03
-8.83838384e-06 4.29292929e-06 2.49995867e+08 3.34833431e+03 -4.78406706e+03
-8.33333333e-06 4.29292929e-06 2.49995623e+08 2.52680314e+03 -4.92804321e+03
-7.82828283e-06 4.29292929e-06 2.49995460e+08 1.77252347e+03 -5.01950379e+03
-7.32323232e-06 4.29292929e-06 2.49995373e+08 1.10349627e+03 -5.06963970e+03
-6.81818182e-06 4.29292929e-06 2.49995355e+08 5.33345348e+02 -5.08759300e+03
-6.31313131e-06 4.29292929e-06 2.49995397e+08 7.13518022e+01 -5.07987195e+03
-5.80808081e-06 4.29292929e-06 2.49995487e+08 -2.77482862e+02 -5.05015172e+03
-5.30303030e-06 4.29292929e-06 2.49995613e+08 -5.12347164e+02 -4.99943265e+03
-4.79797980e-06 4.29292929e-06 2.49995762e+08 -6.36474026e+02 -4.92650254e+03
-4.29292929e-06 4.29292929e-06 2.49995923e+08 -6.56892208e+02 -4.82862658e+03
-3.78787879e-06 4.29292929e-06 2.49996083e+08 -5.84028044e+02 -4.70237064e+03
-3.28282828e-06 4.29292929e-06 2.49996231e+08 -4.31128038e+02 -4.54445198e+03
-2.77777778e-06 4.29292929e-06 2.49996358e+08 -2.13503016e+02 -4.35251139e+03
-2.27272727e-06 4.29292929e-06 2.49996458e+08 5.23698028e+01 -4.12571380e+03
-1.76767677e-06 4.29292929e-06 2.49996526e+08 3.49818220e+02 -3.86511111e+03
-1.26262626e-06 4.29292929e-06 2.49996560e+08 6.62930922e+02 -3.57373745e+03
-7.57575758e-07 4.29292929e-06 2.49996560e+08 9.77405212e+02 -3.25644695e+03
-2.52525253e-07 4.29292929e-06 2.49996528e+08 1.28120826e+03 -2.91953974e+03
2.52525253e-07 4.29292929e-06 2.49996467e+08 1.56500153e+03 -2.57024652e+03
7.57575758e-07 4.29292929e-06 2.49996380e+08 1.82231299e+03 -2.21615167e+03
1.26262626e-06 4.29292929e-06 2.49996272e+08 2.04947537e+03 -1.86463078e+03
1.76767677e-06 4.29292929e-06 2.49996147e+08 2.24537497e+03 -1.52236147e+03
2.27272727e-06 4.29292929e-06 2.49996007e+08 2.41107043e+03 -1.19494492e+03
2.77777778e-06 4.29292929e-06 2.49995857e+08 2.54934388e+03 -8.86651424e+02
3.28282828e-06 4.29292929e-06 2.49995697e+08 2.66424061e+03 -6.00283610e+02
3.78787879e-06 4.29292929e-06 2.49995528e+08 2.76064034e+03 -3.37136031e+02
4.29292929e-06 4.29292929e-06 2.49995349e+08 2.84388835e+03 -9.70211419e+01
4.79797980e-06 4.29292929e-06 2.49995160e+08 2.91949921e+03 1.21671936e+02
5.30303030e-06 4.29292929e-06 2.49994958e+08 2.99293373e+03 3.21919817e+02
5.80808081e-06 4.29292929e-06 2.49994741e+08 3.06943901e+03 5.08041172e+02
6.31313131e-06 4.29292929e-06 2.49994505e+08 3.15393401e+03 6.85738941e+02
6.81818182e-06 4.29292929e-06 2.49994247e+08 3.25091636e+03 8.62241750e+02
7.32323232e-06 4.29292929e-06 2.49993963e+08 3.36435806e+03 1.04658265e+03
7.82828283e-06 4.29292929e-06 2.49993649e+08 3.49754654e+03 1.25006333e+03
8.33333333e-06 4.29292929e-06 2.49993301e+08 3.65280763e+03 1.48696888e+03
8.83838384e-06 4.29292929e-06 2.49992919e+08 3.83101311e+03 1.77562389e+03
9.34343434e-06 4.29292929e-06 2.49992500e+08 4.03071466e+03 2.13991766e+03
9.84848485e-06 4.29292929e-06 2.49992048e+08 4.24664082e+03 2.61147504e+03
1.03535354e-05 4.29292929e-06 2.49991572e+08 4.46710854e+03 3.23270510e+03
1.08585859e-05 4.29292929e-06 2.49991091e+08 4.66957833e+03 4.06100194e+03
1.13636364e-05 4.29292929e-06 2.49990640e+08 4.81302446e+03 5.17433016e+03
1.18686869e-05 4.29292929e-06 2.49990282e+08 4.82484987e+03 6.67811149e+03
1.23737374e-05 4.29292929e-06 2.49990124e+08 4.57858123e+03 8.71223184e+03
1.28787879e-05 4.29292929e-06 2.49990340e+08 3.85656488e+03 1.14538495e+04
1.33838384e-05 4.29292929e-06 2.49991206e+08 2.29053754e+03 1.51035751e+04
1.38888889e-05 4.29292929e-06 2.49993126e+08 -7.22083177e+02 1.98236044e+04
1.43939394e-05 4.29292929e-06 2.49996613e+08 -6.09740899e+03 2.55588686e+04
1.48989899e-05 4.29292929e-06 2.50002092e+08 -1.50019202e+04 3.16270928e+04
1.54040404e-05 4.29292929e-06 2.50009308e+08 -2.82482892e+04 3.60325879e+04
1.59090909e-05 4.29292929e-06 2.50016336e+08 -4.45269557e+04 3.50566312e+04
1.64141414e-05 4.29292929e-06 2.50019498e+08 -5.80152501e+04 2.50396064e+04
1.69191919e-05 4.29292929e-06 2.50016675e+08 -5.98603761e+04 7.38548512e+03
1.74242424e-05 4.29292929e-06 2.50011224e+08 -4.68091179e+04 -9.79233831e+03
1.79292929e-05 4.29292929e-06 2.50008350e+08 -2.56286685e+04 -1.94940936e+04
1.84343434e-05 4.29292929e-06 2.50009213e+08 -5.19457585e+03 -2.14173582e+04
1.89393939e-05 4.29292929e-06 2.50012100e+08 9.99618871e+03 -1.84795781e+04
1.94444444e-05 4.29292929e-06 2.50015407e+08 1.89603196e+04 -1.33139757e+04
1.99494949e-05 4.29292929e-06 2.50018150e+08 2.22817392e+04 -7.85169634e+03
2.04545455e-05 4.29292929e-06 2.50019661e+08 2.14094748e+04 -3.44888755e+03
2.09595960e-05 4.29292929e-06 2.50019635e+08 1.81848138e+04 -7.21678436e+02
2.14646465e-05 4.29292929e-06 2.50018237e+08 1.42297203e+04 4.35886014e+02
2.19696970e-05 4.29292929e-06 2.50015948e+08 1.05643225e+04 5.19689954e+02
2.24747475e-05 4.29292929e-06 2.50013297e+08 7.61498253e+03 5.74149487e+01
2.29797980e-05 4.29292929e-06 2.50010684e+08 5.42860039e+03 -5.72796906e+02
2.34848485e-05 4.29292929e-06 2.50008338e+08 3.88398839e+03 -1.16320899e+03
2.39898990e-05 4.29292929e-06 2.50006348e+08 2.82114944e+03 -1.62877039e+03
2.44949495e-05 4.29292929e-06 2.50004724e+08 2.09806447e+03 -1.95353497e+03
2.50000000e-05 4.29292929e-06 2.50003428e+08 1.60630258e+03 -2.15297359e+03
-2.50000000e-05 4.79797980e-06 2.49998024e+08 -2.35707975e+03 2.86739903e+02
-2.44949495e-05 4.79797980e-06 2.49997956e+08 -2.39901421e+03 4.96806079e+02
-2.39898990e-05 4.79797980e-06 2.49997911e+08 -2.41290540e+03 7.39928577e+02
-2.34848485e-05 4.79797980e-06 2.49997894e+08 -2.39037819e+03 1.01777424e+03
-2.29797980e-05 4.79797980e-06 2.49997913e+08 -2.32180203e+03 1.33097819e+03
-2.24747475e-05 4.79797980e-06 2.49997974e+08 -2.19640141e+03 1.67870108e+03
-2.19696970e-05 4.79797980e-06 2.49998083e+08 -2.00251592e+03 2.05812009e+03
-2.14646465e-05 4.79797980e-06 2.49998244e+08 -1.72805647e+03 2.46388071e+03
-2.09595960e-05 4.79797980e-06 2.49998461e+08 -1.36120133e+03 2.88755783e+03
-2.04545455e-05 4.79797980e-06 2.49998735e+08 -8.91362303e+02 3.31720020e+03
-1.99494949e-05 4.79797980e-06 2.49999064e+08 -3.10424567e+02 3.73705877e+03
-1.94444444e-05 4.79797980e-06 2.49999440e+08 3.85780951e+02 4.12762068e+03
-1.89393939e-05 4.79797980e-06 2.49999853e+08 1.19587466e+03 4.46607752e+03
-1.84343434e-05 4.79797980e-06 2.50000285e+08 2.11136943e+03 4.72733836e+03
-1.79292929e-05 4.79797980e-06 2.50000716e+08 3.11540132e+03 4.88564569e+03
-1.74242424e-05 4.79797980e-06 2.50001118e+08 4.18204482e+03 4.91675958e+03
-1.69191919e-05 4.79797980e-06 2.50001466e+08 5.27650966e+03 4.80055058e+03
-1.64141414e-05 4.79797980e-06 2.50001730e+08 6.35644838e+03 4.52370376e+03
-1.59090909e-05 4.79797980e-06 2.50001885e+08 7.37445646e+03 4.08212213e+03
-1.54040404e-05 4.79797980e-06 2.50001912e+08 8.28163223e+03 3.48256919e+03
-1.48989899e-05 4.79797980e-06 2.50001799e+08 9.03182478e+03 2.74314423e+03
-1.43939394e-05 4.79797980e-06 2.50001546e+08 9.58599794e+03 1.89235078e+03
-1.38888889e-05 4.79797980e-06 2.50001161e+08 9.91604361e+03 9.66773443e+02
-1.33838384e-05 4.79797980e-06 2.50000663e+08 1.00074330e+04 7.65894238e+00
-1.28787879e-05 4.79797980e-06 2.50000079e+08 9.86029693e+03 -9.43073933e+02
-1.23737374e-05 4.79797980e-06 2.49999439e+08 9.48882730e+03 -1.84676149e+03
-1.18686869e-05 4.79797980e-06 2.49998776e+08 8.91920506e+03 -2.67126491e+03
-1.13636364e-05 4.79797980e-06 2.49998122e+08 8.18650391e+03 -3.39315704e+03
-1.08585859e-05 4.79797980e-06 2.49997505e+08 7.33113400e+03 -3.99864165e+03
-1.03535354e-05 4.79797980e-06 2.49996946e+08 6.39536900e+03 -4.48326289e+03
-9.84848485e-06 4.79797980e-06 2.49996462e+08 5.42037201e+03 -4.85064820e+03
-9.34343434e-06 4.79797980e-06 2.49996064e+08 4.44395631e+03 -5.11062632e+03
-8.83838384e-06 4.79797980e-06 2.49995755e+08 3.49913818e+03 -5.27707595e+03
-8.33333333e-06 4.79797980e-06 2.49995535e+08 2.61340166e+03 -5.36581031e+03
-7.82828283e-06 4.79797980e-06 2.49995400e+08 1.80851405e+03 -5.39272062e+03
-7.32323232e-06 4.79797980e-06 2.49995343e+08 1.10070613e+03 -5.37231276e+03
-6.81818182e-06 4.79797980e-06 2.49995354e+08 5.01048182e+02 -5.31669451e+03
-6.31313131e-06 4.79797980e-06 2.49995421e+08 1.58959752e+01 -5.23501335e+03
-5.80808081e-06 4.79797980e-06 2.49995533e+08 -3.52667324e+02 -5.13330578e+03
-5.30303030e-06 4.79797980e-06 2.49995677e+08 -6.06418689e+02 -5.01469595e+03
-4.79797980e-06 4.79797980e-06 2.49995841e+08 -7.50600185e+02 -4.87986639e+03
-4.29292929e-06 4.79797980e-06 2.49996013e+08 -7.93507970e+02 -4.72771580e+03
-3.78787879e-06 4.79797980e-06 2.49996182e+08 -7.46027209e+02 -4.55611401e+03
-3.28282828e-06 4.79797980e-06 2.49996338e+08 -6.21084822e+02 -4.36266517e+03
-2.77777778e-06 4.79797980e-06 2.49996474e+08 -4.33012497e+02 -4.14539631e+03
-2.27272727e-06 4.79797980e-06 2.49996584e+08 -1.96837393e+02 -3.90330290e+03
-1.76767677e-06 4.79797980e-06 2.49996663e+08 7.24590010e+01 -3.63670399e+03
-1.26262626e-06 4.79797980e-06 2.49996710e+08 3.60658042e+02 -3.34738615e+03
-7.57575758e-07 4.79797980e-06 2.49996724e+08 6.54937150e+02 -3.03854282e+03
-2.52525253e-07 4.79797980e-06 2.49996707e+08 9.44366729e+02 -2.71454082e+03
2.52525253e-07 4.79797980e-06 2.49996662e+08 1.22023572e+03 -2.38056270e+03
7.57575758e-07 4.79797980e-06 2.49996591e+08 1.47619315e+03 -2.04218225e+03
1.26262626e-06 4.79797980e-06 2.49996498e+08 1.70821569e+03 -1.70492865e+03
1.76767677e-06 4.79797980e-06 2.49996386e+08 1.91442987e+03 -1.37388545e+03
2.27272727e-06 4.79797980e-06 2.49996260e+08 2.09482860e+03 -1.05335612e+03
2.77777778e-06 4.79797980e-06 2.49996121e+08 2.25092589e+03 -7.46612114e+02
3.28282828e-06 4.79797980e-06 2.49995971e+08 2.38539001e+03 -4.55724185e+02
3.78787879e-06 4.79797980e-06 2.49995813e+08 2.50168737e+03 -1.81465830e+02
4.29292929e-06 4.79797980e-06 2.49995646e+08 2.60375882e+03 7.67306682e+01
4.79797980e-06 4.79797980e-06 2.49995470e+08 2.69573864e+03 3.20790204e+02
5.30303030e-06 4.79797980e-06 2.49995285e+08 2.78171603e+03 5.54009763e+02
5.80808081e-06 4.79797980e-06 2.49995089e+08 2.86552946e+03 7.81100196e+02
6.31313131e-06 4.79797980e-06 2.49994881e+08 2.95057566e+03 1.00828338e+03
6.81818182e-06 4.79797980e-06 2.49994660e+08 3.03960625e+03 1.24347467e+03
7.32323232e-06 4.79797980e-06 2.49994425e+08 3.13447406e+03 1.49658350e+03
7.82828283e-06 4.79797980e-06 2.49994175e+08 3.23577554e+03 1.77997025e+03
8.33333333e-06 4.79797980e-06 2.49993912e+08 3.34231118e+03 2.10910430e+03
8.83838384e-06 4.79797980e-06 2.49993638e+08 3.45024680e+03 2.50347672e+03
9.34343434e-06 4.79797980e-06 2.49993361e+08 3.55179575e+03 2.98782514e+03
9.84848485e-06 4.79797980e-06 2.49993093e+08 3.63314275e+03 3.59372012e+03
1.03535354e-05 4.79797980e-06 2.49992853e+08 3.67117460e+03 4.36151650e+03
1.08585859e-05 4.79797980e-06 2.49992673e+08 3.62835108e+03 5.34253789e+03
1.13636364e-05 4.79797980e-06 2.49992605e+08 3.44472641e+03 6.60102381e+03
1.18686869e-05 4.79797980e-06 2.49992722e+08 3.02576108e+03 8.21459063e+03
1.23737374e-05 4.79797980e-06 2.49993138e+08 2.22438250e+03 1.02702762e+04
1.28787879e-05 4.79797980e-06 2.49994008e+08 8.16569608e+02 1.28498405e+04
1.33838384e-05 4.79797980e-06 2.49995538e+08 -1.52615298e+03 1.59918115e+04
1.38888889e-05 4.79797980e-06 2.49997954e+08 -5.25099415e+03 1.96087742e+04
1.43939394e-05 4.79797980e-06 2.50001421e+08 -1.08766215e+04 2.33332484e+04
1.48989899e-05 4.79797980e-06 2.50005837e+08 -1.87774632e+04 2.62930779e+04
1.54040404e-05 4.79797980e-06 2.50010509e+08 -2.86497977e+04 2.69482313e+04
1.59090909e-05 4.79797980e-06 2.50013963e+08 -3.86898832e+04 2.34037171e+04
1.64141414e-05 4.79797980e-06 2.50014497e+08 -4.52423128e+04 1.47101700e+04
1.69191919e-05 4.79797980e-06 2.50011754e+08 -4.43780981e+04 2.58522192e+03
1.74242424e-05 4.79797980e-06 2.50007684e+08 -3.51355873e+04 -8.81719349e+03
1.79292929e-05 4.79797980e-06 2.50004986e+08 -2.07141989e+04 -1.58892194e+04
1.84343434e-05 4.79797980e-06 2.50004851e+08 -5.83471121e+03 -1.78168453e+04
1.89393939e-05 4.79797980e-06 2.50006774e+08 6.16751930e+03 -1.58932640e+04
1.94444444e-05 4.79797980e-06 2.50009648e+08 1.39585371e+04 -1.19372040e+04
1.99494949e-05 4.79797980e-06 2.50012476e+08 1.76016532e+04 -7.50559603e+03
2.04545455e-05 4.79797980e-06 2.50014549e+08 1.79531905e+04 -3.67915291e+03
2.09595960e-05 4.79797980e-06 2.50015505e+08 1.62025565e+04 -9.99486055e+02
2.14646465e-05 4.79797980e-06 2.50015329e+08 1.34813578e+04 4.76481684e+02
2.19696970e-05 4.79797980e-06 2.50014264e+08 1.06134110e+04 9.96827236e+02
2.24747475e-05 4.79797980e-06 2.50012654e+08 8.05821304e+03 9.07216942e+02
2.29797980e-05 4.79797980e-06 2.50010818e+08 5.98907612e+03 5.11296506e+02
2.34848485e-05 4.79797980e-06 2.50008987e+08 4.40939789e+03 1.83963612e+01
2.39898990e-05 4.79797980e-06 2.50007301e+08 3.24674815e+03 -4.52225088e+02
2.44949495e-05 4.79797980e-06 2.50005824e+08 2.40943075e+03 -8.46024460e+02
2.50000000e-05 4.79797980e-06 2.50004572e+08 1.81316156e+03 -1.14742063e+03
-2.50000000e-05 5.30303030e-06 2.49997797e+08 -2.55142627e+03 2.18177598e+02
-2.44949495e-05 5.30303030e-06 2.49997694e+08 -2.62711701e+03 4.29446640e+02
-2.39898990e-05 5.30303030e-06 2.49997614e+08 -2.67735178e+03 6.77840967e+02
-2.34848485e-05 5.30303030e-06 2.49997563e+08 -2.69297124e+03 9.66186872e+02
-2.29797980e-05 5.30303030e-06 2.49997549e+08 -2.66312446e+03 1.29636791e+03
-2.24747475e-05 5.30303030e-06 2.49997580e+08 -2.57528625e+03 1.66880191e+03
-2.19696970e-05 5.30303030e-06 2.49997664e+08 -2.41543875e+03 2.08180767e+03
-2.14646465e-05 5.30303030e-06 2.49997808e+08 -2.16848455e+03 2.53088199e+03
-2.09595960e-05 5.30303030e-06 2.49998020e+08 -1.81896300e+03 3.00793549e+03
-2.04545455e-05 5.30303030e-06 2.49998301e+08 -1.35213329e+03 3.50057135e+03
-1.99494949e-05 5.30303030e-06 2.49998652e+08 -7.55460965e+02 3.99153377e+03
-1.94444444e-05 5.30303030e-06 2.49999067e+08 -2.04919145e+01 4.45849287e+03
-1.89393939e-05 5.30303030e-06 2.49999536e+08 8.54983933e+02 4.87435948e+03
-1.84343434e-05 5.30303030e-06 2.50000039e+08 1.86468516e+03 5.20831900e+03
-1.79292929e-05 5.30303030e-06 2.50000552e+08 2.99183237e+03 5.42771837e+03
-1.74242424e-05 5.30303030e-06 2.50001045e+08 4.20780814e+03 5.50082270e+03
-1.69191919e-05 5.30303030e-06 2.50001482e+08 5.47194959e+03 5.40027632e+03
-1.64141414e-05 5.30303030e-06 2.50001828e+08 6.73287649e+03 5.10688503e+03
-1.59090909e-05 5.30303030e-06 2.50002050e+08 7.93156179e+03 4.61313407e+03
-1.54040404e-05 5.30303030e-06 2.50002122e+08 9.00603127e+03 3.92574346e+03
-1.48989899e-05 5.30303030e-06 2.50002029e+08 9.89719448e+03 3.06660854e+03
-1.43939394e-05 5.30303030e-06 2.50001768e+08 1.05549658e+04 2.07171026e+03
-1.38888889e-05 5.30303030e-06 2.50001350e+08 1.09436535e+04 9.87974223e+02
-1.33838384e-05 5.30303030e-06 2.50000800e+08 1.10456625e+04 -1.31491012e+02
-1.28787879e-05 5.30303030e-06 2.50000152e+08 1.08628730e+04 -1.23297536e+03
-1.23737374e-05 5.30303030e-06 2.49999444e+08 1.04155483e+04 -2.26759699e+03
-1.18686869e-05 5.30303030e-06 2.49998717e+08 9.73912834e+03 -3.19568967e+03
-1.13636364e-05 5.30303030e-06 2.49998009e+08 8.87964007e+03 -3.98954852e+03
-1.08585859e-05 5.30303030e-06 2.49997353e+08 7.88861426e+03 -4.63433093e+03
-1.03535354e-05 5.30303030e-06 2.49996772e+08 6.81832200e+03 -5.12728442e+03
-9.84848485e-06 5.30303030e-06 2.49996283e+08 5.71791190e+03 -5.47573362e+03
-9.34343434e-06 5.30303030e-06 2.49995894e+08 4.63072955e+03 -5.69436723e+03
-8.83838384e-06 5.30303030e-06 2.49995606e+08 3.59282897e+03 -5.80233914e+03
-8.33333333e-06 5.30303030e-06 2.49995416e+08 2.63249351e+03 -5.82058427e+03
-7.82828283e-06 5.30303030e-06 2.49995316e+08 1.77048864e+03 -5.76960352e+03
-7.32323232e-06 5.30303030e-06 2.49995295e+08 1.02075682e+03 -5.66783449e+03
-6.81818182e-06 5.30303030e-06 2.49995340e+08 3.91308802e+02 -5.53061924e+03
-6.31313131e-06 5.30303030e-06 2.49995439e+08 -1.14864194e+02 -5.36971272e+03
-5.80808081e-06 5.30303030e-06 2.49995579e+08 -4.98958086e+02 -5.19324027e+03
-5.30303030e-06 5.30303030e-06 2.49995746e+08 -7.65640419e+02 -5.00600046e+03
-4.79797980e-06 5.30303030e-06 2.49995929e+08 -9.22443193e+02 -4.81001005e+03
-4.29292929e-06 5.30303030e-06 2.49996116e+08 -9.79229623e+02 -4.60519519e+03
-3.78787879e-06 5.30303030e-06 2.49996298e+08 -9.47692809e+02 -4.39014180e+03
-3.28282828e-06 5.30303030e-06 2.49996465e+08 -8.40850938e+02 -4.16282875e+03
-2.77777778e-06 5.30303030e-06 2.49996611e+08 -6.72519595e+02 -3.92127952e+03
-2.27272727e-06 5.30303030e-06 2.49996730e+08 -4.56761689e+02 -3.66408274e+03
-1.76767677e-06 5.30303030e-06 2.49996821e+08 -2.07334082e+02 -3.39074945e+03
-1.26262626e-06 5.30303030e-06 2.49996879e+08 6.28367889e+01 -3.10189424e+03
-7.57575758e-07 5.30303030e-06 2.49996907e+08 3.42112765e+02 -2.79924683e+03
-2.52525253e-07 5.30303030e-06 2.49996904e+08 6.20501071e+02 -2.48551722e+03
2.52525253e-07 5.30303030e-06 2.49996873e+08 8.89886686e+02 -2.16415012e+03
7.57575758e-07 5.30303030e-06 2.49996816e+08 1.14413055e+03 -1.83901030e+03
1.26262626e-06 5.30303030e-06 2.49996738e+08 1.37903936e+03 -1.51404063e+03
1.76767677e-06 5.30303030e-06 2.49996641e+08 1.59222570e+03 -1.19292924e+03
2.27272727e-06 5.30303030e-06 2.49996528e+08 1.78288546e+03 -8.78812961e+02
2.77777778e-06 5.30303030e-06 2.49996403e+08 1.95152298e+03 -5.74033545e+02
3.28282828e-06 5.30303030e-06 2.49996267e+08 2.09965195e+03 -2.79952036e+02
3.78787879e-06 5.30303030e-06 2.49996123e+08 2.22949533e+03 3.18286191e+00
4.29292929e-06 5.30303030e-06 2.49995972e+08 2.34369891e+03 2.76324190e+02
4.79797980e-06 5.30303030e-06 2.49995815e+08 2.44506522e+03 5.41690987e+02
5.30303030e-06 5.30303030e-06 2.49995652e+08 2.53630542e+03 8.02827724e+02
5.80808081e-06 5.30303030e-06 2.49995483e+08 2.61979855e+03 1.06468094e+03
6.31313131e-06 5.30303030e-06 2.49995310e+08 2.69733944e+03 1.33371580e+03
6.81818182e-06 5.30303030e-06 2.49995133e+08 2.76984699e+03 1.61809531e+03
7.32323232e-06 5.30303030e-06 2.49994954e+08 2.83699345e+03 1.92794453e+03
7.82828283e-06 5.30303030e-06 2.49994774e+08 2.89669900e+03 2.27572067e+03
8.33333333e-06 5.30303030e-06 2.49994599e+08 2.94441300e+03 2.67670575e+03
8.83838384e-06 5.30303030e-06 2.49994437e+08 2.97206964e+03 3.14962761e+03
9.34343434e-06 5.30303030e-06 2.49994299e+08 2.96655742e+03 3.71738968e+03
9.84848485e-06 5.30303030e-06 2.49994203e+08 2.90747575e+03 4.40783414e+03
1.03535354e-05 5.30303030e-06 2.49994174e+08 2.76386928e+03 5.25434742e+03
1.08585859e-05 5.30303030e-06 2.49994250e+08 2.48954759e+03 6.29588696e+03
1.13636364e-05 5.30303030e-06 2.49994482e+08 2.01657115e+03 7.57556887e+03
1.18686869e-05 5.30303030e-06 2.49994941e+08 1.24667257e+03 9.13615727e+03
1.23737374e-05 5.30303030e-06 2.49995719e+08 4.11671952e+01 1.10094442e+04
1.28787879e-05 5.30303030e-06 2.49996922e+08 -1.78787430e+03 1.31945068e+04
1.33838384e-05 5.30303030e-06 2.49998663e+08 -4.47720341e+03 1.56177050e+04
1.38888889e-05 5.30303030e-06 2.50001012e+08 -8.28439459e+03 1.80676837e+04
1.43939394e-05 5.30303030e-06 2.50003916e+08 -1.33983298e+04 2.01092794e+04
1.48989899e-05 5.30303030e-06 2.50007083e+08 -1.97446180e+04 2.10161140e+04
1.54040404e-05 5.30303030e-06 2.50009871e+08 -2.66804153e+04 1.98329504e+04
1.59090909e-05 5.30303030e-06 2.50011376e+08 -3.27296560e+04 1.57352892e+04
1.64141414e-05 5.30303030e-06 2.50010875e+08 -3.57576738e+04 8.71034427e+03
1.69191919e-05 5.30303030e-06 2.50008499e+08 -3.39365990e+04 9.70607324e+01
1.74242424e-05 5.30303030e-06 2.50005434e+08 -2.70407695e+04 -7.79187649e+03
1.79292929e-05 5.30303030e-06 2.50003205e+08 -1.68054678e+04 -1.29520991e+04
1.84343434e-05 5.30303030e-06 2.50002690e+08 -5.88928466e+03 -1.46929646e+04
1.89393939e-05 5.30303030e-06 2.50003833e+08 3.47369682e+03 -1.35670351e+04
1.94444444e-05 5.30303030e-06 2.50006006e+08 1.00911494e+04 -1.06984560e+04
1.99494949e-05 5.30303030e-06 2.50008454e+08 1.37386015e+04 -7.21823683e+03
2.04545455e-05 5.30303030e-06 2.50010556e+08 1.48395324e+04 -3.98346636e+03
2.09595960e-05 5.30303030e-06 2.50011931e+08 1.41339997e+04 -1.48464564e+03
2.14646465e-05 5.30303030e-06 2.50012456e+08 1.24019405e+04 1.29695386e+02
2.19696970e-05 5.30303030e-06 2.50012215e+08 1.02799905e+04 9.51152122e+02
2.24747475e-05 5.30303030e-06 2.50011403e+08 8.18950531e+03 1.18562154e+03
2.29797980e-05 5.30303030e-06 2.50010246e+08 6.35192949e+03 1.05313002e+03
2.34848485e-05 5.30303030e-06 2.50008938e+08 4.84541494e+03 7.33412865e+02
2.39898990e-05 5.30303030e-06 2.50007619e+08 3.66466583e+03 3.50164428e+02
2.44949495e-05 5.30303030e-06 2.50006380e+08 2.76592565e+03 -2.29931179e+01
2.50000000e-05 5.30303030e-06 2.50005265e+08 2.09436337e+03 -3.48993745e+02
-2.50000000e-05 5.80808081e-06 2.49997582e+08 -2.74334457e+03 1.35405617e+02
-2.44949495e-05 5.80808081e-06 2.49997442e+08 -2.85619296e+03 3.43722965e+02
-2.39898990e-05 5.80808081e-06 2.49997322e+08 -2.94736240e+03 5.93022971e+02
-2.34848485e-05 5.80808081e-06 2.49997229e+08 -3.00706981e+03 8.87517461e+02
-2.29797980e-05 5.80808081e-06 2.49997174e+08 -3.02334919e+03 1.23066299e+03
-2.24747475e-05 5.80808081e-06 2.49997167e+08 -2.98193157e+03 1.62456745e+03
-2.19696970e-05 5.80808081e-06 2.49997217e+08 -2.86629229e+03 2.06923008e+03
-2.14646465e-05 5.80808081e-06 2.49997336e+08 -2.65795734e+03 2.56162143e+03
-2.09595960e-05 5.80808081e-06 2.49997532e+08 -2.33717691e+03 3.09464274e+03
-2.04545455e-05 5.80808081e-06 2.49997814e+08 -1.88407716e+03 3.65605214e+03
-1.99494949e-05 5.80808081e-06 2.49998182e+08 -1.28038171e+03 4.22750773e+03
-1.94444444e-05 5.80808081e-06 2.49998636e+08 -5.11737939e+02 4.78394676e+03
-1.89393939e-05 5.80808081e-06 2.49999164e+08 4.29420098e+02 5.29358080e+03
-1.84343434e-05 5.80808081e-06 2.49999747e+08 1.54069414e+03 5.71881318e+03
-1.79292929e-05 5.80808081e-06 2.50000357e+08 2.80664162e+03 6.01834317e+03
-1.74242424e-05 5.80808081e-06 2.50000958e+08 4.19639307e+03 6.15058046e+03
-1.69191919e-05 5.80808081e-06 2.50001505e+08 5.66268653e+03 6.07823983e+03
-1.64141414e-05 5.80808081e-06 2.50001954e+08 7.14300971e+03 5.77364337e+03
-1.59090909e-05 5.80808081e-06 2.50002260e+08 8.56329437e+03 5.22390501e+03
-1.54040404e-05 5.80808081e-06 2.50002389e+08 9.84413378e+03 4.43493115e+03
-1.48989899e-05 5.80808081e-06 2.50002319e+08 1.09088722e+04 3.43317681e+03
-1.43939394e-05 5.80808081e-06 2.50002046e+08 1.16923208e+04 2.26442704e+03
-1.38888889e-05 5.80808081e-06 2.50001584e+08 1.21485088e+04 9.89493558e+02
-1.33838384e-05 5.80808081e-06 2.50000965e+08 1.22559486e+04 -3.22540306e+02
-1.28787879e-05 5.80808081e-06 2.50000232e+08 1.20194072e+04 -1.60227546e+03
-1.23737374e-05 5.80808081e-06 2.49999437e+08 1.14679859e+04 -2.78762926e+03
-1.18686869e-05 5.80808081e-06 2.49998629e+08 1.06501359e+04 -3.82978056e+03
-1.13636364e-05 5.80808081e-06 2.49997855e+08 9.62682737e+03 -4.69657649e+03
-1.08585859e-05 5.80808081e-06 2.49997152e+08 8.46427830e+03 -5.37321117e+03
-1.03535354e-05 5.80808081e-06 2.49996547e+08 7.22746340e+03 -5.86057248e+03
-9.84848485e-06 5.80808081e-06 2.49996054e+08 5.97518800e+03 -6.17201278e+03
-9.34343434e-06 5.80808081e-06 2.49995680e+08 4.75702017e+03 -6.32939546e+03
-8.83838384e-06 5.80808081e-06 2.49995421e+08 3.61196260e+03 -6.35915514e+03
-8.33333333e-06 5.80808081e-06 2.49995270e+08 2.56849296e+03 -6.28888367e+03
-7.82828283e-06 5.80808081e-06 2.49995212e+08 1.64550820e+03 -6.14470926e+03
-7.32323232e-06 5.80808081e-06 2.49995235e+08 8.53736977e+02 -5.94953370e+03
-6.81818182e-06 5.80808081e-06 2.49995323e+08 1.97279624e+02 -5.72205765e+03
-6.31313131e-06 5.80808081e-06 2.49995461e+08 -3.24946694e+02 -5.47645317e+03
-5.80808081e-06 5.80808081e-06 2.49995634e+08 -7.17972469e+02 -5.22252204e+03
-5.30303030e-06 5.80808081e-06 2.49995830e+08 -9.89781147e+02 -4.96618621e+03
-4.79797980e-06 5.80808081e-06 2.49996035e+08 -1.15053233e+03 -4.71017900e+03
-4.29292929e-06 5.80808081e-06 2.49996240e+08 -1.21195211e+03 -4.45483096e+03
-3.78787879e-06 5.80808081e-06 2.49996436e+08 -1.18683287e+03 -4.19886689e+03
-3.28282828e-06 5.80808081e-06 2.49996616e+08 -1.08859271e+03 -3.94015062e+03
-2.77777778e-06 5.80808081e-06 2.49996772e+08 -9.30860450e+02 -3.67632993e+03
-2.27272727e-06 5.80808081e-06 2.49996902e+08 -7.27071586e+02 -3.40534951e+03
-1.76767677e-06 5.80808081e-06 2.49997002e+08 -4.90077865e+02 -3.12581343e+03
-1.26262626e-06 5.80808081e-06 2.49997072e+08 -2.31786467e+02 -2.83719270e+03
-7.57575758e-07 5.80808081e-06 2.49997110e+08 3.71488808e+01 -2.53988608e+03
-2.52525253e-07 5.80808081e-06 2.49997120e+08 3.07562694e+02 -2.23515320e+03
2.52525253e-07 5.80808081e-06 2.49997101e+08 5.71922233e+02 -1.92494701e+03
7.57575758e-07 5.80808081e-06 2.49997058e+08 8.24375051e+02 -1.61167691e+03
1.26262626e-06 5.80808081e-06 2.49996994e+08 1.06070339e+03 -1.29793460e+03
1.76767677e-06 5.80808081e-06 2.49996910e+08 1.27819829e+03 -9.86211775e+02
2.27272727e-06 5.80808081e-06 2.49996812e+08 1.47547224e+03 -6.78633587e+02
2.77777778e-06 5.80808081e-06 2.49996701e+08 1.65223108e+03 -3.76724174e+02
3.28282828e-06 5.80808081e-06 2.49996581e+08 1.80902455e+03 -8.12131460e+01
3.78787879e-06 5.80808081e-06 2.49996454e+08 1.94699027e+03 2.08116117e+02
4.29292929e-06 5.80808081e-06 2.49996322e+08 2.06759999e+03 4.92541943e+02
4.79797980e-06 5.80808081e-06 2.49996186e+08 2.17241031e+03 7.74494462e+02
5.30303030e-06 5.80808081e-06 2.49996049e+08 2.26281294e+03 1.05763457e+03
5.80808081e-06 5.80808081e-06 2.49995912e+08 2.33977315e+03 1.34693768e+03
6.31313131e-06 5.80808081e-06 2.49995778e+08 2.40353761e+03 1.64879805e+03
6.81818182e-06 5.80808081e-06 2.49995647e+08 2.45328531e+03 1.97116776e+03
7.32323232e-06 5.80808081e-06 2.49995525e+08 2.48668502e+03 2.32373996e+03
7.82828283e-06 5.80808081e-06 2.49995416e+08 2.49931032e+03 2.71817865e+03
8.33333333e-06 5.80808081e-06 2.49995327e+08 2.48384632e+03 3.16838306e+03
8.83838384e-06 5.80808081e-06 2.49995269e+08 2.42900107e+03 3.69075034e+03
9.34343434e-06 5.80808081e-06 2.49995255e+08 2.31801053e+03 4.30435536e+03
9.84848485e-06 5.80808081e-06 2.49995306e+08 2.12660437e+03 5.03088824e+03
1.03535354e-05 5.80808081e-06 2.49995448e+08 1.82029696e+03 5.89405331e+03
1.08585859e-05 5.80808081e-06 2.49995717e+08 1.35092224e+03 6.91790460e+03
1.13636364e-05 5.80808081e-06 2.49996157e+08 6.52523886e+02 8.12322828e+03
1.18686869e-05 5.80808081e-06 2.49996822e+08 -3.62789797e+02 9.52055174e+03
1.23737374e-05 5.80808081e-06 2.49997774e+08 -1.80731706e+03 1.10977135e+04
1.28787879e-05 5.80808081e-06 2.49999069e+08 -3.81469527e+03 1.27994955e+04
1.33838384e-05 5.80808081e-06 2.50000740e+08 -6.52378329e+03 1.44975985e+04
1.38888889e-05 5.80808081e-06 2.50002757e+08 -1.00372317e+04 1.59535347e+04
1.43939394e-05 5.80808081e-06 2.50004978e+08 -1.43400652e+04 1.67885719e+04
1.48989899e-05 5.80808081e-06 2.50007099e+08 -1.91737782e+04 1.64960922e+04
1.54040404e-05 5.80808081e-06 2.50008652e+08 -2.39016290e+04 1.45529733e+04
1.59090909e-05 5.80808081e-06 2.50009131e+08 -2.74758810e+04 1.06694505e+04
1.64141414e-05 5.80808081e-06 2.50008264e+08 -2.86669739e+04 5.10658777e+03
1.69191919e-05 5.80808081e-06 2.50006284e+08 -2.65950873e+04 -1.18053710e+03
1.74242424e-05 5.80808081e-06 2.50003948e+08 -2.12827750e+04 -6.82121732e+03
1.79292929e-05 5.80808081e-06 2.50002173e+08 -1.37650000e+04 -1.06368471e+04
1.84343434e-05 5.80808081e-06 2.50001561e+08 -5.62329123e+03 -1.21293068e+04
1.89393939e-05 5.80808081e-06 2.50002196e+08 1.67587886e+03 -1.15286121e+04
1.94444444e-05 5.80808081e-06 2.50003746e+08 7.20137846e+03 -9.50636088e+03
1.99494949e-05 5.80808081e-06 2.50005703e+08 1.06337651e+04 -6.83870293e+03
2.04545455e-05 5.80808081e-06 2.50007584e+08 1.21316389e+04 -4.17763445e+03
2.09595960e-05 5.80808081e-06 2.50009043e+08 1.21302084e+04 -1.94746625e+03
2.14646465e-05 5.80808081e-06 2.50009911e+08 1.11523477e+04 -3.36327102e+02
2.19696970e-05 5.80808081e-06 2.50010173e+08 9.67212742e+03 6.52279337e+02
2.24747475e-05 5.80808081e-06 2.50009922e+08 8.04481174e+03 1.12387327e+03
2.29797980e-05 5.80808081e-06 2.50009299e+08 6.49418415e+03 1.22390065e+03
2.34848485e-05 5.80808081e-06 2.50008448e+08 5.13449435e+03 1.09138580e+03
2.39898990e-05 5.80808081e-06 2.50007491e+08 4.00436614e+03 8.36753558e+02
2.44949495e-05 5.80808081e-06 2.50006517e+08 3.09814177e+03 5.36994941e+02
2.50000000e-05 5.80808081e-06 2.50005586e+08 2.38885002e+03 2.39968501e+02
-2.50000000e-05 6.31313131e-06 2.49997388e+08 -2.92857037e+03 3.99614555e+01
-2.44949495e-05 6.31313131e-06 2.49997206e+08 -3.08156815e+03 2.40530753e+02
-2.39898990e-05 6.31313131e-06 2.49997040e+08 -3.21802392e+03 4.85477199e+02
-2.34848485e-05 6.31313131e-06 2.49996899e+08 -3.32779231e+03 7.80605461e+02
-2.29797980e-05 6.31313131e-06 2.49996795e+08 -3.39801835e+03 1.13127627e+03
-2.24747475e-05 6.31313131e-06 2.49996738e+08 -3.41282800e+03 1.54176667e+03
-2.19696970e-05 6.31313131e-06 2.49996744e+08 -3.35316923e+03 2.01439656e+03
-2.14646465e-05 6.31313131e-06 2.49996824e+08 -3.19692153e+03 2.54840312e+03
-2.09595960e-05 6.31313131e-06 2.49996994e+08 -2.91942553e+03 3.13857956e+03
-2.04545455e-05 6.31313131e-06 2.49997265e+08 -2.49460812e+03 3.77375433e+03
-1.99494949e-05 6.31313131e-06 2.49997643e+08 -1.89687767e+03 4.43527312e+03
-1.94444444e-05 6.31313131e-06 2.49998131e+08 -1.10391567e+03 5.09575562e+03
-1.89393939e-05 6.31313131e-06 2.49998720e+08 -1.00372345e+02 5.71851426e+03
-1.84343434e-05 6.31313131e-06 2.49999391e+08 1.11773299e+03 6.25810814e+03
-1.79292929e-05 6.31313131e-06 2.50000114e+08 2.53839612e+03 6.66250724e+03
-1.74242424e-05 6.31313131e-06 2.50000844e+08 4.12961572e+03 6.87719696e+03
-1.69191919e-05 6.31313131e-06 2.50001527e+08 5.83707484e+03 6.85121399e+03
-1.64141414e-05 6.31313131e-06 2.50002104e+08 7.58467721e+03 6.54457905e+03
-1.59090909e-05 6.31313131e-06 2.50002517e+08 9.27882467e+03 5.93598391e+03
-1.54040404e-05 6.31313131e-06 2.50002719e+08 1.08166340e+04 5.02910113e+03
-1.48989899e-05 6.31313131e-06 2.50002678e+08 1.20972820e+04 3.85577092e+03
-1.43939394e-05 6.31313131e-06 2.50002388e+08 1.30346246e+04 2.47476442e+03
-1.38888889e-05 6.31313131e-06 2.50001867e+08 1.35685656e+04 9.65810998e+02
-1.33838384e-05 6.31313131e-06 2.50001156e+08 1.36727002e+04 -5.80170310e+02
-1.28787879e-05 6.31313131e-06 2.50000314e+08 1.33565977e+04 -2.07263401e+03
-1.23737374e-05 6.31313131e-06 2.49999406e+08 1.26624660e+04 -3.43231360e+03
-1.18686869e-05 6.31313131e-06 2.49998497e+08 1.16573275e+04 -4.59933819e+03
-1.13636364e-05 6.31313131e-06 2.49997643e+08 1.04227612e+04 -5.53735051e+03
-1.08585859e-05 6.31313131e-06 2.49996888e+08 9.04446981e+03 -6.23354038e+03
-1.03535354e-05 6.31313131e-06 2.49996259e+08 7.60348664e+03 -6.69542694e+03
-9.84848485e-06 6.31313131e-06 2.49995769e+08 6.17004381e+03 -6.94570102e+03
-9.34343434e-06 6.31313131e-06 2.49995419e+08 4.80030878e+03 -7.01645946e+03
-8.83838384e-06 6.31313131e-06 2.49995201e+08 3.53559352e+03 -6.94386936e+03
-8.33333333e-06 6.31313131e-06 2.49995099e+08 2.40333534e+03 -6.76388144e+03
-7.82828283e-06 6.31313131e-06 2.49995097e+08 1.41910053e+03 -6.50922173e+03
-7.32323232e-06 6.31313131e-06 2.49995174e+08 5.88980444e+02 -6.20760895e+03
-6.81818182e-06 6.31313131e-06 2.49995313e+08 -8.80627250e+01 -5.88098881e+03
-6.31313131e-06 6.31313131e-06 2.49995497e+08 -6.18154177e+02 -5.54552160e+03
-5.80808081e-06 6.31313131e-06 2.49995709e+08 -1.01087102e+03 -5.21207055e+03
-5.30303030e-06 6.31313131e-06 2.49995936e+08 -1.27801148e+03 -4.88698123e+03
-4.79797980e-06 6.31313131e-06 2.49996168e+08 -1.43270870e+03 -4.57299400e+03
-4.29292929e-06 6.31313131e-06 2.49996393e+08 -1.48880488e+03 -4.27017793e+03
-3.78787879e-06 6.31313131e-06 2.49996604e+08 -1.46040166e+03 -3.97681221e+03
-3.28282828e-06 6.31313131e-06 2.49996796e+08 -1.36151623e+03 -3.69016745e+03
-2.77777778e-06 6.31313131e-06 2.49996962e+08 -1.20579348e+03 -3.40715893e+03
-2.27272727e-06 6.31313131e-06 2.49997101e+08 -1.00624626e+03 -3.12485715e+03
-1.76767677e-06 6.31313131e-06 2.49997210e+08 -7.75014739e+02 -2.84085179e+03
-1.26262626e-06 6.31313131e-06 2.49997288e+08 -5.23150323e+02 -2.55347336e+03
-7.57575758e-07 6.31313131e-06 2.49997336e+08 -2.60437412e+02 -2.26188415e+03
-2.52525253e-07 6.31313131e-06 2.49997356e+08 4.73217754e+00 -1.96605540e+03
2.52525253e-07 6.31313131e-06 2.49997348e+08 2.65420662e+02 -1.66665219e+03
7.57575758e-07 6.31313131e-06 2.49997317e+08 5.16137091e+02 -1.36484979e+03
1.26262626e-06 6.31313131e-06 2.49997265e+08 7.52764752e+02 -1.06210639e+03
1.76767677e-06 6.31313131e-06 2.49997195e+08 9.72433068e+02 -7.59916015e+02
2.27272727e-06 6.31313131e-06 2.49997110e+08 1.17334779e+03 -4.59563102e+02
2.77777778e-06 6.31313131e-06 2.49997014e+08 1.35459402e+03 -1.61895521e+02
3.28282828e-06 6.31313131e-06 2.49996910e+08 1.51592440e+03 1.32872317e+02
3.78787879e-06 6.31313131e-06 2.49996801e+08 1.65754067e+03 4.25321044e+02
4.29292929e-06 6.31313131e-06 2.49996689e+08 1.77987161e+03 7.16953267e+02
4.79797980e-06 6.31313131e-06 2.49996577e+08 1.88334533e+03 1.01029150e+03
5.30303030e-06 6.31313131e-06 2.49996468e+08 1.96814841e+03 1.30895618e+03
5.80808081e-06 6.31313131e-06 2.49996363e+08 2.03396008e+03 1.61773411e+03
6.31313131e-06 6.31313131e-06 2.49996267e+08 2.07964435e+03 1.94264674e+03
6.81818182e-06 6.31313131e-06 2.49996183e+08 2.10287780e+03 2.29102392e+03
7.32323232e-06 6.31313131e-06 2.49996116e+08 2.09968426e+03 2.67158134e+03
7.82828283e-06 6.31313131e-06 2.49996073e+08 2.06384038e+03 3.09448795e+03
8.33333333e-06 6.31313131e-06 2.49996061e+08 1.98610798e+03 3.57139015e+03
8.83838384e-06 6.31313131e-06 2.49996092e+08 1.85324296e+03 4.11532804e+03
9.34343434e-06 6.31313131e-06 2.49996182e+08 1.64673089e+03 4.74043033e+03
9.84848485e-06 6.31313131e-06 2.49996348e+08 1.34121730e+03 5.46119694e+03
1.03535354e-05 6.31313131e-06 2.49996615e+08 9.02657917e+02 6.29106320e+03
1.08585859e-05 6.31313131e-06 2.49997013e+08 2.86349595e+02 7.23977492e+03
1.13636364e-05 6.31313131e-06 2.49997573e+08 -5.64712521e+02 8.30889646e+03
1.18686869e-05 6.31313131e-06 2.49998332e+08 -1.72016733e+03 9.48457344e+03
1.23737374e-05 6.31313131e-06 2.49999321e+08 -3.25939779e+03 1.07266407e+04
1.28787879e-05 6.31313131e-06 2.50000554e+08 -5.26211734e+03 1.19536929e+04
1.33838384e-05 6.31313131e-06 2.50002014e+08 -7.78752835e+03 1.30255698e+04
1.38888889e-05 6.31313131e-06 2.50003625e+08 -1.08364979e+04 1.37289274e+04
1.43939394e-05 6.31313131e-06 2.50005230e+08 -1.42944569e+04 1.37787958e+04
1.48989899e-05 6.31313131e-06 2.50006577e+08 -1.78647804e+04 1.28569857e+04
1.54040404e-05 6.31313131e-06 2.50007361e+08 -2.10263059e+04 1.07076867e+04
1.59090909e-05 6.31313131e-06 2.50007316e+08 -2.30744217e+04 7.28528173e+03
1.64141414e-05 6.31313131e-06 2.50006366e+08 -2.32982513e+04 2.89267221e+03
1.69191919e-05 6.31313131e-06 2.50004741e+08 -2.12677811e+04 -1.80209080e+03
1.74242424e-05 6.31313131e-06 2.50002938e+08 -1.70831325e+04 -5.94692585e+03
1.79292929e-05 6.31313131e-06 2.50001535e+08 -1.14038280e+04 -8.81694295e+03
1.84343434e-05 6.31313131e-06 2.50000942e+08 -5.21645361e+03 -1.00676373e+04
1.89393939e-05 6.31313131e-06 2.50001268e+08 5.09442958e+02 -9.78955450e+03
1.94444444e-05 6.31313131e-06 2.50002346e+08 5.08352965e+03 -8.38289529e+03
1.99494949e-05 6.31313131e-06 2.50003851e+08 8.18999333e+03 -6.36706775e+03
2.04545455e-05 6.31313131e-06 2.50005432e+08 9.84556819e+03 -4.22160512e+03
2.09595960e-05 6.31313131e-06 2.50006802e+08 1.02891186e+04 -2.29526619e+03
2.14646465e-05 6.31313131e-06 2.50007787e+08 9.85999080e+03 -7.80157587e+02
2.19696970e-05 6.31313131e-06 2.50008323e+08 8.89975785e+03 2.68233163e+02
2.24747475e-05 6.31313131e-06 2.50008435e+08 7.69202515e+03 8.88148387e+02
2.29797980e-05 6.31313131e-06 2.50008200e+08 6.43921317e+03 1.16595351e+03
2.34848485e-05 6.31313131e-06 2.50007716e+08 5.26566589e+03 1.20038237e+03
2.39898990e-05 6.31313131e-06 2.50007077e+08 4.23409620e+03 1.08076040e+03
2.44949495e-05 6.31313131e-06 2.50006360e+08 3.36517229e+03 8.77453940e+02
2.50000000e-05 6.31313131e-06 2.50005625e+08 2.65452189e+03 6.40442923e+02
-2.50000000e-05 6.81818182e-06 2.49997222e+08 -3.10236147e+03 -6.54755786e+01
-2.44949495e-05 6.81818182e-06 2.49996994e+08 -3.29782999e+03 1.21995143e+02
-2.39898990e-05 6.81818182e-06 2.49996777e+08 -3.48338257e+03 3.56462213e+02
-2.34848485e-05 6.81818182e-06 2.49996581e+08 -3.64889105e+03 6.45480575e+02
-2.29797980e-05 6.81818182e-06 2.49996418e+08 -3.78099044e+03 9.96618743e+02
-2.24747475e-05 6.81818182e-06 2.49996301e+08 -3.86252365e+03 1.41681597e+03
-2.19696970e-05 6.81818182e-06 2.49996248e+08 -3.87209046e+03 1.91143274e+03
-2.14646465e-05 6.81818182e-06 2.49996275e+08 -3.78384109e+03 2.48293696e+03
-2.09595960e-05 6.81818182e-06 2.49996402e+08 -3.56771284e+03 3.12919974e+03
-2.04545455e-05 6.81818182e-06 2.49996646e+08 -3.19036564e+03 3.84143973e+03
-1.99494949e-05 6.81818182e-06 2.49997020e+08 -2.61710842e+03 4.60196597e+03
-1.94444444e-05 6.81818182e-06 2.49997533e+08 -1.81509053e+03 5.38202837e+03
-1.89393939e-05 6.81818182e-06 2.49998181e+08 -7.57918322e+02 6.14028178e+03
-1.84343434e-05 6.81818182e-06 2.49998948e+08 5.68398939e+02 6.82255928e+03
-1.79292929e-05 6.81818182e-06 2.49999799e+08 2.15868892e+03 7.36375410e+03
-1.74242424e-05 6.81818182e-06 2.50000683e+08 3.98210497e+03 7.69251081e+03
-1.69191919e-05 6.81818182e-06 2.50001534e+08 5.97747320e+03 7.73901026e+03
-1.64141414e-05 6.81818182e-06 2.50002274e+08 8.05241464e+03 7.44535327e+03
-1.59090909e-05 6.81818182e-06 2.50002825e+08 1.00879355e+04 6.77701503e+03
-1.54040404e-05 6.81818182e-06 2.50003121e+08 1.19492157e+04 5.73288063e+03
-1.48989899e-05 6.81818182e-06 2.50003117e+08 1.35016859e+04 4.35095728e+03
-1.43939394e-05 6.81818182e-06 2.50002803e+08 1.46296280e+04 2.70741289e+03
-1.38888889e-05 6.81818182e-06 2.50002203e+08 1.52532185e+04 9.08181543e+02
-1.33838384e-05 6.81818182e-06 2.50001371e+08 1.53398782e+04 -9.25457405e+02
-1.28787879e-05 6.81818182e-06 2.50000386e+08 1.49072064e+04 -2.67404123e+03
-1.23737374e-05 6.81818182e-06 2.49999336e+08 1.40171804e+04 -4.23577406e+03
-1.18686869e-05 6.81818182e-06 2.49998302e+08 1.27636979e+04 -5.53766515e+03
-1.13636364e-05 6.81818182e-06 2.49997356e+08 1.12570037e+04 -6.54025216e+03
-1.08585859e-05 6.81818182e-06 2.49996545e+08 9.60866245e+03 -7.23615113e+03
-1.03535354e-05 6.81818182e-06 2.49995897e+08 7.91976185e+03 -7.64411450e+03
-9.84848485e-06 6.81818182e-06 2.49995422e+08 6.27356954e+03 -7.80085652e+03
-9.34343434e-06 6.81818182e-06 2.49995112e+08 4.73254211e+03 -7.75270180e+03
-8.83838384e-06 6.81818182e-06 2.49994950e+08 3.33874137e+03 -7.54846369e+03
-8.33333333e-06 6.81818182e-06 2.49994914e+08 2.11640743e+03 -7.23422059e+03
-7.82828283e-06 6.81818182e-06 2.49994980e+08 1.07552978e+03 -6.85006619e+03
-7.32323232e-06 6.81818182e-06 2.49995124e+08 2.15551644e+02 -6.42854957e+03
-6.81818182e-06 6.81818182e-06 2.49995323e+08 -4.71320454e+02 -5.99437339e+03
-6.31313131e-06 6.81818182e-06 2.49995559e+08 -9.97444480e+02 -5.56491564e+03
-5.80808081e-06 6.81818182e-06 2.49995814e+08 -1.37775083e+03 -5.15121372e+03
-5.30303030e-06 6.81818182e-06 2.49996077e+08 -1.62835671e+03 -4.75914563e+03
-4.79797980e-06 6.81818182e-06 2.49996335e+08 -1.76566114e+03 -4.39063365e+03
-4.29292929e-06 6.81818182e-06 2.49996581e+08 -1.80578527e+03 -4.04476588e+03
-3.78787879e-06 6.81818182e-06 2.49996807e+08 -1.76423776e+03 -3.71878097e+03
-3.28282828e-06 6.81818182e-06 2.49997010e+08 -1.65571086e+03 -3.40889270e+03
-2.77777778e-06 6.81818182e-06 2.49997185e+08 -1.49394233e+03 -3.11094988e+03
-2.27272727e-06 6.81818182e-06 2.49997331e+08 -1.29160538e+03 -2.82093762e+03
-1.76767677e-06 6.81818182e-06 2.49997446e+08 -1.06021093e+03 -2.53533142e+03
-1.26262626e-06 6.81818182e-06 2.49997531e+08 -8.10022989e+02 -2.25131829e+03
-7.57575758e-07 6.81818182e-06 2.49997586e+08 -5.49996551e+02 -1.96690051e+03
-2.52525253e-07 6.81818182e-06 2.49997613e+08 -2.87750362e+02 -1.68089808e+03
2.52525253e-07 6.81818182e-06 2.49997614e+08 -2.95838139e+01 -1.39286667e+03
7.57575758e-07 6.81818182e-06 2.49997592e+08 2.19458867e+02 -1.10294857e+03
1.26262626e-06 6.81818182e-06 2.49997550e+08 4.55481024e+02 -8.11675544e+02
1.76767677e-06 6.81818182e-06 2.49997492e+08 6.75591897e+02 -5.19743305e+02
2.27272727e-06 6.81818182e-06 2.49997420e+08 8.77742567e+02 -2.27777713e+02
2.77777778e-06 6.81818182e-06 2.49997338e+08 1.06055024e+03 6.38891585e+01
3.28282828e-06 6.81818182e-06 2.49997250e+08 1.22311796e+03 3.55418397e+02
3.78787879e-06 6.81818182e-06 2.49997159e+08 1.36485206e+03 6.47629726e+02
4.29292929e-06 6.81818182e-06 2.49997067e+08 1.48527478e+03 9.42129519e+02
4.79797980e-06 6.81818182e-06 2.49996979e+08 1.58382553e+03 1.24140301e+03
5.30303030e-06 6.81818182e-06 2.49996897e+08 1.65964120e+03 1.54887586e+03
5.80808081e-06 6.81818182e-06 2.49996824e+08 1.71130335e+03 1.86895139e+03
6.31313131e-06 6.81818182e-06 2.49996766e+08 1.73653843e+03 2.20702800e+03
6.81818182e-06 6.81818182e-06 2.49996725e+08 1.73185482e+03 2.56949598e+03
7.32323232e-06 6.81818182e-06 2.49996708e+08 1.69209851e+03 2.96370415e+03
7.82828283e-06 6.81818182e-06 2.49996721e+08 1.60990790e+03 3.39787215e+03
8.33333333e-06 6.81818182e-06 2.49996775e+08 1.47504885e+03 3.88090360e+03
8.83838384e-06 6.81818182e-06 2.49996878e+08 1.27361769e+03 4.42202507e+03
9.34343434e-06 6.81818182e-06 2.49997046e+08 9.87119029e+02 5.03013294e+03
9.84848485e-06 6.81818182e-06 2.49997295e+08 5.91467781e+02 5.71267205e+03
1.03535354e-05 6.81818182e-06 2.49997643e+08 5.60504269e+01 6.47379627e+03
1.08585859e-05 6.81818182e-06 2.49998112e+08 -6.56862196e+02 7.31148120e+03
1.13636364e-05 6.81818182e-06 2.49998723e+08 -1.59179069e+03 8.21320431e+03
1.18686869e-05 6.81818182e-06 2.49999492e+08 -2.79783531e+03 9.14985562e+03
1.23737374e-05 6.81818182e-06 2.50000429e+08 -4.32303445e+03 1.00678484e+04
1.28787879e-05 6.81818182e-06 2.50001520e+08 -6.20316351e+03 1.08802304e+04
1.33838384e-05 6.81818182e-06 2.50002723e+08 -8.44266635e+03 1.14592947e+04
1.38888889e-05 6.81818182e-06 2.50003949e+08 -1.09866113e+04 1.16359333e+04
1.43939394e-05 6.81818182e-06 2.50005058e+08 -1.36866772e+04 1.12141340e+04
1.48989899e-05 6.81818182e-06 2.50005867e+08 -1.62724649e+04 1.00100455e+04
1.54040404e-05 6.81818182e-06 2.50006186e+08 -1.83502414e+04 7.91901729e+03
1.59090909e-05 6.81818182e-06 2.50005885e+08 -1.94562143e+04 4.99644234e+03
1.64141414e-05 6.81818182e-06 2.50004974e+08 -1.91762451e+04 1.51353665e+03
1.69191919e-05 6.81818182e-06 2.50003644e+08 -1.73020653e+04 -2.06165674e+03
1.74242424e-05 6.81818182e-06 2.50002234e+08 -1.39487169e+04 -5.17911213e+03
1.79292929e-05 6.81818182e-06 2.50001122e+08 -9.55697008e+03 -7.37622263e+03
1.84343434e-05 6.81818182e-06 2.50000587e+08 -4.76754646e+03 -8.41614172e+03
1.89393939e-05 6.81818182e-06 2.50000731e+08 -2.32498030e+02 -8.32928210e+03
1.94444444e-05 6.81818182e-06 2.50001474e+08 3.54544400e+03 -7.35675607e+03
1.99494949e-05 6.81818182e-06 2.50002610e+08 6.29176245e+03 -5.84381811e+03
2.04545455e-05 6.81818182e-06 2.50003893e+08 7.95665379e+03 -4.13620468e+03
2.09595960e-05 6.81818182e-06 2.50005101e+08 8.65894359e+03 -2.50984024e+03
2.14646465e-05 6.81818182e-06 2.50006076e+08 8.61151441e+03 -1.14072914e+03
2.19696970e-05 6.81818182e-06 2.50006734e+08 8.05349306e+03 -1.07527233e+02
2.24747475e-05 6.81818182e-06 2.50007062e+08 7.20251725e+03 5.86398017e+02
2.29797980e-05 6.81818182e-06 2.50007092e+08 6.22991222e+03 9.84410624e+02
2.34848485e-05 6.81818182e-06 2.50006883e+08 5.25462261e+03 1.15084886e+03
2.39898990e-05 6.81818182e-06 2.50006501e+08 4.34888690e+03 1.15256656e+03
2.44949495e-05 6.81818182e-06 2.50006010e+08 3.54905287e+03 1.04834183e+03
2.50000000e-05 6.81818182e-06 2.50005462e+08 2.86696286e+03 8.84532371e+02
-2.50000000e-05 7.32323232e-06 2.49997092e+08 -3.25964725e+03 -1.76869429e+02
-2.44949495e-05 7.32323232e-06 2.49996817e+08 -3.49893479e+03 -8.22355641e+00
-2.39898990e-05 7.32323232e-06 2.49996545e+08 -3.73647758e+03 2.08898469e+02
-2.34848485e-05 7.32323232e-06 2.49996287e+08 -3.96267234e+03 4.83868971e+02
-2.29797980e-05 7.32323232e-06 2.49996055e+08 -4.16420356e+03 8.26690592e+02
-2.24747475e-05 7.32323232e-06 2.49995865e+08 -4.32318960e+03 1.24741732e+03
-2.19696970e-05 7.32323232e-06 2.49995737e+08 -4.41634598e+03 1.75519957e+03
-2.14646465e-05 7.32323232e-06 2.49995692e+08 -4.41431723e+03 2.35684149e+03
-2.09595960e-05 7.32323232e-06 2.49995755e+08 -4.28141755e+03 3.05477524e+03
-2.04545455e-05 7.32323232e-06 2.49995950e+08 -3.97612479e+03 3.84441623e+03
-1.99494949e-05 7.32323232e-06 2.49996301e+08 -3.45277199e+03 4.71098935e+03
-1.94444444e-05 7.32323232e-06 2.49996824e+08 -2.66493138e+03 5.62612953e+03
-1.89393939e-05 7.32323232e-06 2.49997523e+08 -1.57091972e+03 6.54486392e+03
-1.84343434e-05 7.32323232e-06 2.49998388e+08 -1.41580603e+02 7.40394037e+03
-1.79292929e-05 7.32323232e-06 2.49999383e+08 1.63006240e+03 8.12277016e+03
-1.74242424e-05 7.32323232e-06 2.50000451e+08 3.71854886e+03 8.60831276e+03
-1.69191919e-05 7.32323232e-06 2.50001509e+08 6.05740739e+03 8.76480477e+03
-1.64141414e-05 7.32323232e-06 2.50002456e+08 8.53536028e+03 8.50813848e+03
-1.59090909e-05 7.32323232e-06 2.50003187e+08 1.10004476e+04 7.78298391e+03
-1.54040404e-05 7.32323232e-06 2.50003607e+08 1.32739621e+04 6.57889439e+03
-1.48989899e-05 7.32323232e-06 2.50003653e+08 1.51734418e+04 4.94052121e+03
-1.43939394e-05 7.32323232e-06 2.50003307e+08 1.65406175e+04 2.96762117e+03
-1.38888889e-05 7.32323232e-06 2.50002599e+08 1.72675856e+04 8.03117126e+02
-1.33838384e-05 7.32323232e-06 2.50001606e+08 1.73140932e+04 -1.38867930e+03
-1.28787879e-05 7.32323232e-06 2.50000436e+08 1.67112576e+04 -3.44813353e+03
-1.23737374e-05 7.32323232e-06 2.49999204e+08 1.55513800e+04 -5.24374580e+03
-1.18686869e-05 7.32323232e-06 2.49998020e+08 1.39677652e+04 -6.68745804e+03
-1.13636364e-05 7.32323232e-06 2.49996968e+08 1.21107865e+04 -7.73948203e+03
-1.08585859e-05 7.32323232e-06 2.49996103e+08 1.01261991e+04 -8.40374307e+03
-1.03535354e-05 7.32323232e-06 2.49995449e+08 8.13958834e+03 -8.71725911e+03
-9.84848485e-06 7.32323232e-06 2.49995007e+08 6.24817524e+03 -8.73731846e+03
-9.34343434e-06 7.32323232e-06 2.49994759e+08 4.51908558e+03 -8.52955626e+03
-8.83838384e-06 7.32323232e-06 2.49994676e+08 2.99211035e+03 -8.15870883e+03
-8.33333333e-06 7.32323232e-06 2.49994726e+08 1.68483699e+03 -7.68258314e+03
-7.82828283e-06 7.32323232e-06 2.49994877e+08 5.98445821e+02 -7.14894000e+03
-7.32323232e-06 7.32323232e-06 2.49995099e+08 -2.76927073e+02 -6.59459294e+03
-6.81818182e-06 7.32323232e-06 2.49995368e+08 -9.57804923e+02 -6.04595742e+03
-6.31313131e-06 7.32323232e-06 2.49995661e+08 -1.46410767e+03 -5.52039828e+03
-5.80808081e-06 7.32323232e-06 2.49995963e+08 -1.81692031e+03 -5.02790130e+03
-5.30303030e-06 7.32323232e-06 2.49996262e+08 -2.03709324e+03 -4.57276604e+03
-4.79797980e-06 7.32323232e-06 2.49996547e+08 -2.14445132e+03 -4.15515179e+03
-4.29292929e-06 7.32323232e-06 2.49996811e+08 -2.15740943e+03 -3.77240114e+03
-3.78787879e-06 7.32323232e-06 2.49997051e+08 -2.09283272e+03 -3.42012191e+03
-3.28282828e-06 7.32323232e-06 2.49997262e+08 -1.96602420e+03 -3.09303901e+03
-2.77777778e-06 7.32323232e-06 2.49997443e+08 -1.79076321e+03 -2.78564163e+03
-2.27272727e-06 7.32323232e-06 2.49997592e+08 -1.57935266e+03 -2.49265522e+03
-1.76767677e-06 7.32323232e-06 2.49997711e+08 -1.34265869e+03 -2.20936672e+03
-1.26262626e-06 7.32323232e-06 2.49997799e+08 -1.09014467e+03 -1.93182775e+03
-7.57575758e-07 7.32323232e-06 2.49997857e+08 -8.29911220e+02 -1.65695531e+03
-2.52525253e-07 7.32323232e-06 2.49997889e+08 -5.68756347e+02 -1.38254500e+03
2.52525253e-07 7.32323232e-06 2.49997896e+08 -3.12265660e+02 -1.10720843e+03
7.57575758e-07 7.32323232e-06 2.49997881e+08 -6.49350629e+01 -8.30245361e+02
1.26262626e-06 7.32323232e-06 2.49997848e+08 1.69680058e+02 -5.51463444e+02
1.76767677e-06 7.32323232e-06 2.49997799e+08 3.88800723e+02 -2.70961834e+02
2.27272727e-06 7.32323232e-06 2.49997738e+08 5.90257922e+02 1.11015138e+01
2.77777778e-06 7.32323232e-06 2.49997670e+08 7.72332990e+02 2.94737811e+02
3.28282828e-06 7.32323232e-06 2.49997596e+08 9.33607795e+02 5.80331771e+02
3.78787879e-06 7.32323232e-06 2.49997522e+08 1.07282114e+03 8.68808555e+02
4.29292929e-06 7.32323232e-06 2.49997450e+08 1.18872276e+03 1.16175613e+03
4.79797980e-06 7.32323232e-06 2.49997384e+08 1.27991356e+03 1.46150204e+03
5.30303030e-06 7.32323232e-06 2.49997328e+08 1.34465969e+03 1.77114760e+03
5.80808081e-06 7.32323232e-06 2.49997285e+08 1.38066910e+03 2.09456404e+03
6.31313131e-06 7.32323232e-06 2.49997260e+08 1.38482004e+03 2.43635239e+03
6.81818182e-06 7.32323232e-06 2.49997257e+08 1.35283306e+03 2.80176354e+03
7.32323232e-06 7.32323232e-06 2.49997283e+08 1.27888004e+03 3.19656476e+03
7.82828283e-06 7.32323232e-06 2.49997344e+08 1.15512756e+03 3.62682482e+03
8.33333333e-06 7.32323232e-06 2.49997449e+08 9.71219545e+02 4.09857126e+03
8.83838384e-06 7.32323232e-06 2.49997606e+08 7.13718629e+02 4.61724858e+03
9.34343434e-06 7.32323232e-06 2.49997829e+08 3.65554653e+02 5.18687627e+03
9.84848485e-06 7.32323232e-06 2.49998129e+08 -9.44205191e+01 5.80877255e+03
1.03535354e-05 7.32323232e-06 2.49998519e+08 -6.91586232e+02 6.47967934e+03
1.08585859e-05 7.32323232e-06 2.49999014e+08 -1.45509347e+03 7.18911599e+03
1.13636364e-05 7.32323232e-06 2.49999623e+08 -2.41627711e+03 7.91583807e+03
1.18686869e-05 7.32323232e-06 2.50000350e+08 -3.60518066e+03 8.62345013e+03
1.23737374e-05 7.32323232e-06 2.50001186e+08 -5.04420361e+03 9.25561885e+03
1.28787879e-05 7.32323232e-06 2.50002105e+08 -6.73783712e+03 9.73207315e+03
1.33838384e-05 7.32323232e-06 2.50003055e+08 -8.65794499e+03 9.94771747e+03
1.38888889e-05 7.32323232e-06 2.50003954e+08 -1.07256099e+04 9.77851786e+03
1.43939394e-05 7.32323232e-06 2.50004689e+08 -1.27936997e+04 9.09856239e+03
1.48989899e-05 7.32323232e-06 2.50005136e+08 -1.46387826e+04 7.81125531e+03
1.54040404e-05 7.32323232e-06 2.50005181e+08 -1.59747156e+04 5.89207230e+03
1.59090909e-05 7.32323232e-06 2.50004768e+08 -1.64985559e+04 3.43049332e+03
1.64141414e-05 7.32323232e-06 2.50003941e+08 -1.59675969e+04 6.49218350e+02
1.69191919e-05 7.32323232e-06 2.50002850e+08 -1.42856910e+04 -2.12080731e+03
1.74242424e-05 7.32323232e-06 2.50001733e+08 -1.15603309e+04 -4.51340249e+03
1.79292929e-05 7.32323232e-06 2.50000844e+08 -8.09681174e+03 -6.22397233e+03
1.84343434e-05 7.32323232e-06 2.50000378e+08 -4.32566167e+03 -7.08845491e+03
1.89393939e-05 7.32323232e-06 2.50000417e+08 -6.94362806e+02 -7.11179316e+03
1.94444444e-05 7.32323232e-06 2.50000926e+08 2.43172665e+03 -6.44168007e+03
1.99494949e-05 7.32323232e-06 2.50001777e+08 4.82744912e+03 -5.30840508e+03
2.04545455e-05 7.32323232e-06 2.50002800e+08 6.41782646e+03 -3.95902471e+03
2.09595960e-05 7.32323232e-06 2.50003828e+08 7.25169945e+03 -2.60651421e+03
2.14646465e-05 7.32323232e-06 2.50004727e+08 7.45767988e+03 -1.40226652e+03
2.19696970e-05 7.32323232e-06 2.50005414e+08 7.19899058e+03 -4.30477300e+02
2.24747475e-05 7.32323232e-06 2.50005853e+08 6.63771411e+03 2.82294076e+02
2.29797980e-05 7.32323232e-06 2.50006051e+08 5.91252022e+03 7.50323961e+02
2.34848485e-05 7.32323232e-06 2.50006037e+08 5.12905421e+03 1.01119029e+03
2.39898990e-05 7.32323232e-06 2.50005855e+08 4.35956323e+03 1.11142927e+03
2.44949495e-05 7.32323232e-06 2.50005551e+08 3.64777823e+03 1.09681838e+03
2.50000000e-05 7.32323232e-06 2.50005167e+08 3.01578370e+03 1.00701577e+03
-2.50000000e-05 7.82828283e-06 2.49997011e+08 -3.39527221e+03 -2.88640189e+02
-2.44949495e-05 7.82828283e-06 2.49996687e+08 -3.67842764e+03 -1.44627042e+02
-2.39898990e-05 7.82828283e-06 2.49996357e+08 -3.96949982e+03 4.78102403e+01
-2.34848485e-05 7.82828283e-06 2.49996031e+08 -4.26004247e+03 2.99790263e+02
-2.29797980e-05 7.82828283e-06 2.49995721e+08 -4.53754516e+03 6.23833349e+02
-2.24747475e-05 7.82828283e-06 2.49995444e+08 -4.78424301e+03 1.03343863e+03
-2.19696970e-05 7.82828283e-06 2.49995223e+08 -4.97580660e+03 1.54223578e+03
-2.14646465e-05 7.82828283e-06 2.49995084e+08 -5.08005171e+03 2.16253232e+03
-2.09595960e-05 7.82828283e-06 2.49995057e+08 -5.05592966e+03 2.90306245e+03
-2.04545455e-05 7.82828283e-06 2.49995176e+08 -4.85322308e+03 3.76577530e+03
-1.99494949e-05 7.82828283e-06 2.49995474e+08 -4.41356583e+03 4.74161715e+03
-1.94444444e-05 7.82828283e-06 2.49995981e+08 -3.67358154e+03 5.80551509e+03
-1.89393939e-05 7.82828283e-06 2.49996715e+08 -2.57099798e+03 6.91119673e+03
-1.84343434e-05 7.82828283e-06 2.49997672e+08 -1.05438873e+03 7.98707804e+03
-1.79292929e-05 7.82828283e-06 2.49998825e+08 9.03469799e+02 8.93510688e+03
-1.74242424e-05 7.82828283e-06 2.50000109e+08 3.28989765e+03 9.63488642e+03
-1.69191919e-05 7.82828283e-06 2.50001424e+08 6.03731677e+03 9.95516906e+03
-1.64141414e-05 7.82828283e-06 2.50002637e+08 9.01381496e+03 9.77341804e+03
-1.59090909e-05 7.82828283e-06 2.50003605e+08 1.20249509e+04 9.00139705e+03
-1.54040404e-05 7.82828283e-06 2.50004193e+08 1.48311307e+04 7.61125031e+03
-1.48989899e-05 7.82828283e-06 2.50004307e+08 1.71807071e+04 5.65384736e+03
-1.43939394e-05 7.82828283e-06 2.50003917e+08 1.88528317e+04 3.26132799e+03
-1.38888889e-05 7.82828283e-06 2.50003063e+08 1.96987373e+04 6.29944135e+02
-1.33838384e-05 7.82828283e-06 2.50001855e+08 1.96688201e+04 -2.01366863e+03
-1.28787879e-05 7.82828283e-06 2.50000441e+08 1.88171911e+04 -4.45311510e+03
-1.23737374e-05 7.82828283e-06 2.49998981e+08 1.72834916e+04 -6.51763426e+03
-1.18686869e-05 7.82828283e-06 2.49997617e+08 1.52595503e+04 -8.10302814e+03
-1.13636364e-05 7.82828283e-06 2.49996452e+08 1.29521408e+04 -9.17516465e+03
-1.08585859e-05 7.82828283e-06 2.49995542e+08 1.05517471e+04 -9.75921128e+03
-1.03535354e-05 7.82828283e-06 2.49994905e+08 8.21273910e+03 -9.92107619e+03
-9.84848485e-06 7.82828283e-06 2.49994526e+08 6.04551462e+03 -9.74757974e+03
-9.34343434e-06 7.82828283e-06 2.49994371e+08 4.11794312e+03 -9.32984129e+03
-8.83838384e-06 7.82828283e-06 2.49994395e+08 2.46231143e+03 -8.75183006e+03
-8.33333333e-06 7.82828283e-06 2.49994555e+08 1.08436057e+03 -8.08406204e+03
-7.82828283e-06 7.82828283e-06 2.49994809e+08 -2.79250542e+01 -7.38136579e+03
-7.32323232e-06 7.82828283e-06 2.49995122e+08 -8.97005673e+02 -6.68334337e+03
-6.81818182e-06 7.82828283e-06 2.49995467e+08 -1.55034537e+03 -6.01630712e+03
-6.31313131e-06 7.82828283e-06 2.49995821e+08 -2.01673794e+03 -5.39580151e+03
-5.80808081e-06 7.82828283e-06 2.49996171e+08 -2.32406665e+03 -4.82915319e+03
-5.30303030e-06 7.82828283e-06 2.49996504e+08 -2.49811163e+03 -4.31775454e+03
-4.79797980e-06 7.82828283e-06 2.49996812e+08 -2.56205523e+03 -3.85896275e+03
-4.29292929e-06 7.82828283e-06 2.49997092e+08 -2.53640818e+03 -3.44760015e+03
-3.78787879e-06 7.82828283e-06 2.49997341e+08 -2.43915594e+03 -3.07709359e+03
-3.28282828e-06 7.82828283e-06 2.49997556e+08 -2.28599192e+03 -2.74031127e+03
-2.77777778e-06 7.82828283e-06 2.49997738e+08 -2.09055784e+03 -2.43015831e+03
-2.27272727e-06 7.82828283e-06 2.49997887e+08 -1.86465246e+03 -2.13998653e+03
-1.76767677e-06 7.82828283e-06 2.49998004e+08 -1.61839897e+03 -1.86386457e+03
-1.26262626e-06 7.82828283e-06 2.49998092e+08 -1.36038104e+03 -1.59674329e+03
-7.57575758e-07 7.82828283e-06 2.49998151e+08 -1.09776743e+03 -1.33453958e+03
-2.52525253e-07 7.82828283e-06 2.49998184e+08 -8.36446281e+02 -1.07415100e+03
2.52525253e-07 7.82828283e-06 2.49998194e+08 -5.81182979e+02 -8.13405131e+02
7.57575758e-07 7.82828283e-06 2.49998184e+08 -3.35803459e+02 -5.50945321e+02
1.26262626e-06 7.82828283e-06 2.49998156e+08 -1.03392553e+02 -2.86057534e+02
1.76767677e-06 7.82828283e-06 2.49998114e+08 1.13510500e+02 -1.84510402e+01
2.27272727e-06 7.82828283e-06 2.49998063e+08 3.12736839e+02 2.51985581e+02
2.77777778e-06 7.82828283e-06 2.49998005e+08 4.92343028e+02 5.25426759e+02
3.28282828e-06 7.82828283e-06 2.49997944e+08 6.50495566e+02 8.02325152e+02
3.78787879e-06 7.82828283e-06 2.49997885e+08 7.85374278e+02 1.08358068e+03
4.29292929e-06 7.82828283e-06 2.49997831e+08 8.95078275e+02 1.37065315e+03
4.79797980e-06 7.82828283e-06 2.49997786e+08 9.77516885e+02 1.66561646e+03
5.30303030e-06 7.82828283e-06 2.49997753e+08 1.03027020e+03 1.97115791e+03
5.80808081e-06 7.82828283e-06 2.49997736e+08 1.05040807e+03 2.29052759e+03
6.31313131e-06 7.82828283e-06 2.49997740e+08 1.03426148e+03 2.62744053e+03
6.81818182e-06 7.82828283e-06 2.49997770e+08 9.77145613e+02 2.98592799e+03
7.32323232e-06 7.82828283e-06 2.49997830e+08 8.73039884e+02 3.37012462e+03
7.82828283e-06 7.82828283e-06 2.49997928e+08 7.14237585e+02 3.78396544e+03
8.33333333e-06 7.82828283e-06 2.49998070e+08 4.90988937e+02 4.23075136e+03
8.83838384e-06 7.82828283e-06 2.49998264e+08 1.91179185e+02 4.71252541e+03
9.34343434e-06 7.82828283e-06 2.49998519e+08 -1.99887027e+02 5.22918582e+03
9.84848485e-06 7.82828283e-06 2.49998844e+08 -6.99477031e+02 5.77725198e+03
1.03535354e-05 7.82828283e-06 2.49999247e+08 -1.32701002e+03 6.34820347e+03
1.08585859e-05 7.82828283e-06 2.49999734e+08 -2.10294446e+03 6.92634906e+03
1.13636364e-05 7.82828283e-06 2.50000307e+08 -3.04658180e+03 7.48628033e+03
1.18686869e-05 7.82828283e-06 2.50000960e+08 -4.17230013e+03 7.99016389e+03
1.23737374e-05 7.82828283e-06 2.50001676e+08 -5.48372434e+03 8.38547138e+03
1.28787879e-05 7.82828283e-06 2.50002422e+08 -6.96555872e+03 8.60425599e+03
1.33838384e-05 7.82828283e-06 2.50003149e+08 -8.57345679e+03 8.56568385e+03
1.38888889e-05 7.82828283e-06 2.50003785e+08 -1.02235855e+04 8.18394877e+03
1.43939394e-05 7.82828283e-06 2.50004249e+08 -1.17854562e+04 7.38338446e+03
1.48989899e-05 7.82828283e-06 2.50004457e+08 -1.30835736e+04 6.12078128e+03
1.54040404e-05 7.82828283e-06 2.50004345e+08 -1.39140358e+04 4.41115976e+03
1.59090909e-05 7.82828283e-06 2.50003898e+08 -1.40793240e+04 2.34837902e+03
1.64141414e-05 7.82828283e-06 2.50003165e+08 -1.34370215e+04 1.08863513e+02
1.69191919e-05 7.82828283e-06 2.50002267e+08 -1.19483375e+04 -2.07056750e+03
1.74242424e-05 7.82828283e-06 2.50001371e+08 -9.70637826e+03 -3.93968356e+03
1.79292929e-05 7.82828283e-06 2.50000654e+08 -6.92861612e+03 -5.29243814e+03
1.84343434e-05 7.82828283e-06 2.50000251e+08 -3.91287345e+03 -6.01371162e+03
1.89393939e-05 7.82828283e-06 2.50000231e+08 -9.72616965e+02 -6.09825788e+03
1.94444444e-05 7.82828283e-06 2.50000579e+08 1.62512814e+03 -5.63822117e+03
1.99494949e-05 7.82828283e-06 2.50001215e+08 3.70071134e+03 -4.78858932e+03
2.04545455e-05 7.82828283e-06 2.50002023e+08 5.17480523e+03 -3.72564900e+03
2.09595960e-05 7.82828283e-06 2.50002880e+08 6.05739251e+03 -2.61145062e+03
2.14646465e-05 7.82828283e-06 2.50003677e+08 6.42251112e+03 -1.57129875e+03
2.19696970e-05 7.82828283e-06 2.50004339e+08 6.37898238e+03 -6.85281715e+02
2.24747475e-05 7.82828283e-06 2.50004823e+08 6.04469532e+03 9.12280561e+00
2.29797980e-05 7.82828283e-06 2.50005117e+08 5.52835095e+03 5.07925842e+02
2.34848485e-05 7.82828283e-06 2.50005234e+08 4.91935178e+03 8.29299813e+02
2.39898990e-05 7.82828283e-06 2.50005197e+08 4.28445789e+03 1.00310180e+03
2.44949495e-05 7.82828283e-06 2.50005040e+08 3.66898952e+03 1.06282030e+03
2.50000000e-05 7.82828283e-06 2.50004794e+08 3.10041960e+03 1.04031592e+03
-2.50000000e-05 8.33333333e-06 2.49996990e+08 -3.50434978e+03 -3.93544677e+02
-2.44949495e-05 8.33333333e-06 2.49996618e+08 -3.82980519e+03 -2.79623644e+02
-2.39898990e-05 8.33333333e-06 2.49996229e+08 -4.17412415e+03 -1.19241302e+02
-2.34848485e-05 8.33333333e-06 2.49995830e+08 -4.53074940e+03 1.00208060e+02
-2.29797980e-05 8.33333333e-06 2.49995435e+08 -4.88891886e+03 3.93625590e+02
-2.24747475e-05 8.33333333e-06 2.49995060e+08 -5.23213297e+03 7.78054739e+02
-2.19696970e-05 8.33333333e-06 2.49994728e+08 -5.53631152e+03 1.27209598e+03
-2.14646465e-05 8.33333333e-06 2.49994469e+08 -5.76773167e+03 1.89463769e+03
-2.09595960e-05 8.33333333e-06 2.49994320e+08 -5.88098401e+03 2.66258570e+03
-2.04545455e-05 8.33333333e-06 2.49994326e+08 -5.81741093e+03 3.58724397e+03
-1.99494949e-05 8.33333333e-06 2.49994531e+08 -5.50480764e+03 4.66906048e+03
-1.94444444e-05 8.33333333e-06 2.49994984e+08 -4.85953786e+03 5.89069556e+03
-1.89393939e-05 8.33333333e-06 2.49995720e+08 -3.79253572e+03 7.20889796e+03
-1.84343434e-05 8.33333333e-06 2.49996755e+08 -2.22070359e+03 8.54656821e+03
-1.79292929e-05 8.33333333e-06 2.49998072e+08 -8.46137105e+01 9.78759739e+03
-1.74242424e-05 8.33333333e-06 2.49999605e+08 2.62822799e+03 1.07782619e+04
-1.69191919e-05 8.33333333e-06 2.50001236e+08 5.85818184e+03 1.13393876e+04
-1.64141414e-05 8.33333333e-06 2.50002794e+08 9.45359035e+03 1.12920922e+04
-1.59090909e-05 8.33333333e-06 2.50004080e+08 1.31662171e+04 1.04958058e+04
-1.54040404e-05 8.33333333e-06 2.50004900e+08 1.66713208e+04 8.89083680e+03
-1.48989899e-05 8.33333333e-06 2.50005110e+08 1.96153732e+04 6.53161301e+03
-1.43939394e-05 8.33333333e-06 2.50004660e+08 2.16831767e+04 3.59526354e+03
-1.38888889e-05 8.33333333e-06 2.50003606e+08 2.26649487e+04 3.56786815e+02
-1.33838384e-05 8.33333333e-06 2.50002105e+08 2.25001464e+04 -2.86469651e+03
-1.28787879e-05 8.33333333e-06 2.50000371e+08 2.12825737e+04 -5.77113042e+03
-1.23737374e-05 8.33333333e-06 2.49998625e+08 1.92271978e+04 -8.14003387e+03
-1.18686869e-05 8.33333333e-06 2.49997051e+08 1.66138364e+04 -9.85260630e+03
-1.13636364e-05 8.33333333e-06 2.49995771e+08 1.37285492e+04 -1.08923546e+04
-1.08585859e-05 8.33333333e-06 2.49994841e+08 1.08191077e+04 -1.13222279e+04
-1.03535354e-05 8.33333333e-06 2.49994259e+08 8.07134919e+03 -1.12527871e+04
-9.84848485e-06 8.33333333e-06 2.49993986e+08 5.60457702e+03 -1.08121769e+04
-9.34343434e-06 8.33333333e-06 2.49993965e+08 3.47966098e+03 -1.01238908e+04
-8.83838384e-06 8.33333333e-06 2.49994131e+08 1.71297818e+03 -9.29372797e+03
-8.33333333e-06 8.33333333e-06 2.49994427e+08 2.91068417e+02 -8.40449641e+03
-7.82828283e-06 8.33333333e-06 2.49994801e+08 -8.16858442e+02 -7.51597299e+03
-7.32323232e-06 8.33333333e-06 2.49995216e+08 -1.64960063e+03 -6.66775379e+03
-6.81818182e-06 8.33333333e-06 2.49995642e+08 -2.24775277e+03 -5.88324356e+03
-6.31313131e-06 8.33333333e-06 2.49996058e+08 -2.65002071e+03 -5.17370618e+03
-5.80808081e-06 8.33333333e-06 2.49996452e+08 -2.89135839e+03 -4.54182915e+03
-5.30303030e-06 8.33333333e-06 2.49996814e+08 -3.00229569e+03 -3.98460401e+03
-4.79797980e-06 8.33333333e-06 2.49997141e+08 -3.00896887e+03 -3.49552040e+03
-4.29292929e-06 8.33333333e-06 2.49997430e+08 -2.93350990e+03 -3.06616214e+03
-3.78787879e-06 8.33333333e-06 2.49997680e+08 -2.79457109e+03 -2.68732317e+03
-3.28282828e-06 8.33333333e-06 2.49997893e+08 -2.60785154e+03 -2.34975849e+03
-2.77777778e-06 8.33333333e-06 2.49998071e+08 -2.38655559e+03 -2.04467030e+03
-2.27272727e-06 8.33333333e-06 2.49998214e+08 -2.14175766e+03 -1.76401081e+03
-1.76767677e-06 8.33333333e-06 2.49998326e+08 -1.88267843e+03 -1.50066480e+03
-1.26262626e-06 8.33333333e-06 2.49998409e+08 -1.61689750e+03 -1.24855636e+03
-7.57575758e-07 8.33333333e-06 2.49998464e+08 -1.35053779e+03 -1.00270545e+03
-2.52525253e-07 8.33333333e-06 2.49998495e+08 -1.08845608e+03 -7.59241261e+02
2.52525253e-07 8.33333333e-06 2.49998504e+08 -8.34461901e+02 -5.15364942e+02
7.57575758e-07 8.33333333e-06 2.49998495e+08 -5.91566171e+02 -2.69248463e+02
1.26262626e-06 8.33333333e-06 2.49998470e+08 -3.62240753e+02 -1.98624516e+01
1.76767677e-06 8.33333333e-06 2.49998434e+08 -1.48657711e+02 2.33258544e+02
2.27272727e-06 8.33333333e-06 2.49998389e+08 4.71200622e+01 4.90287503e+02
2.77777778e-06 8.33333333e-06 2.49998340e+08 2.23010525e+02 7.51376565e+02
3.28282828e-06 8.33333333e-06 2.49998290e+08 3.76840850e+02 1.01689285e+03
3.78787879e-06 8.33333333e-06 2.49998244e+08 5.06311696e+02 1.28759246e+03
4.29292929e-06 8.33333333e-06 2.49998205e+08 6.08969970e+02 1.56472045e+03
4.79797980e-06 8.33333333e-06 2.49998177e+08 6.82164102e+02 1.85003635e+03
5.30303030e-06 8.33333333e-06 2.49998164e+08 7.22962393e+02 2.14577220e+03
5.80808081e-06 8.33333333e-06 2.49998170e+08 7.28023665e+02 2.45453210e+03
6.31313131e-06 8.33333333e-06 2.49998198e+08 6.93418660e+02 2.77913938e+03
6.81818182e-06 8.33333333e-06 2.49998254e+08 6.14409553e+02 3.12243137e+03
7.32323232e-06 8.33333333e-06 2.49998341e+08 4.85203758e+02 3.48699217e+03
7.82828283e-06 8.33333333e-06 2.49998464e+08 2.98707557e+02 3.87480243e+03
8.33333333e-06 8.33333333e-06 2.49998631e+08 4.63166091e+01 4.28677417e+03
8.83838384e-06 8.33333333e-06 2.49998846e+08 -2.82203139e+02 4.72212918e+03
9.34343434e-06 8.33333333e-06 2.49999116e+08 -6.98666303e+02 5.17757571e+03
9.84848485e-06 8.33333333e-06 2.49999445e+08 -1.21613796e+03 5.64624444e+03
1.03535354e-05 8.33333333e-06 2.49999838e+08 -1.84816436e+03 6.11637015e+03
1.08585859e-05 8.33333333e-06 2.50000296e+08 -2.60735511e+03 6.56976152e+03
1.13636364e-05 8.33333333e-06 2.50000813e+08 -3.50306685e+03 6.98020677e+03
1.18686869e-05 8.33333333e-06 2.50001378e+08 -4.53794112e+03 7.31213361e+03
1.23737374e-05 8.33333333e-06 2.50001972e+08 -5.70315386e+03 7.52008447e+03
1.28787879e-05 8.33333333e-06 2.50002560e+08 -6.97252437e+03 7.54985355e+03
1.33838384e-05 8.33333333e-06 2.50003099e+08 -8.29619301e+03 7.34235915e+03
1.38888889e-05 8.33333333e-06 2.50003534e+08 -9.59543618e+03 6.84128492e+03
1.43939394e-05 8.33333333e-06 2.50003804e+08 -1.07611815e+04 6.00491209e+03
1.48989899e-05 8.33333333e-06 2.50003857e+08 -1.16594365e+04 4.82111092e+03
1.54040404e-05 8.33333333e-06 2.50003661e+08 -1.21463393e+04 3.32223568e+03
1.59090909e-05 8.33333333e-06 2.50003218e+08 -1.20930856e+04 1.59446146e+03
1.64141414e-05 8.33333333e-06 2.50002578e+08 -1.14166245e+04 -2.24527779e+02
1.69191919e-05 8.33333333e-06 2.50001833e+08 -1.01073728e+04 -1.96308813e+03
1.74242424e-05 8.33333333e-06 2.50001106e+08 -8.24328759e+03 -3.44632032e+03
1.79292929e-05 8.33333333e-06 2.50000520e+08 -5.98286304e+03 -4.53149581e+03
1.84343434e-05 8.33333333e-06 2.50000175e+08 -3.53734446e+03 -5.13662801e+03
1.89393939e-05 8.33333333e-06 2.50000122e+08 -1.13068604e+03 -5.25301487e+03
1.94444444e-05 8.33333333e-06 2.50000358e+08 1.04011904e+03 -4.93920189e+03
1.99494949e-05 8.33333333e-06 2.50000834e+08 2.83346844e+03 -4.30072808e+03
2.04545455e-05 8.33333333e-06 2.50001470e+08 4.17516226e+03 -3.46380225e+03
2.09595960e-05 8.33333333e-06 2.50002175e+08 5.05492162e+03 -2.55086859e+03
2.14646465e-05 8.33333333e-06 2.50002866e+08 5.51231169e+03 -1.66321784e+03
2.19696970e-05 8.33333333e-06 2.50003475e+08 5.61814530e+03 -8.72345456e+02
2.24747475e-05 8.33333333e-06 2.50003961e+08 5.45650592e+03 -2.19042943e+02
2.29797980e-05 8.33333333e-06 2.50004303e+08 5.11058412e+03 2.82232431e+02
2.34848485e-05 8.33333333e-06 2.50004501e+08 4.65352001e+03 6.36427724e+02
2.39898990e-05 8.33333333e-06 2.50004566e+08 4.14394818e+03 8.60614145e+02
2.44949495e-05 8.33333333e-06 2.50004520e+08 3.62513369e+03 9.77744289e+02
2.50000000e-05 8.33333333e-06 2.50004384e+08 3.12637392e+03 1.01204763e+03
-2.50000000e-05 8.83838384e-06 2.49997040e+08 -3.58273358e+03 -4.82677466e+02
-2.44949495e-05 8.83838384e-06 2.49996624e+08 -3.94704491e+03 -4.03385439e+02
-2.39898990e-05 8.83838384e-06 2.49996178e+08 -4.34206319e+03 -2.81808081e+02
-2.34848485e-05 8.83838384e-06 2.49995708e+08 -4.76389919e+03 -1.04341628e+02
-2.29797980e-05 8.83838384e-06 2.49995222e+08 -5.20462471e+03 1.45859336e+02
-2.24747475e-05 8.83838384e-06 2.49994738e+08 -5.65044252e+03 4.89121415e+02
-2.19696970e-05 8.83838384e-06 2.49994278e+08 -6.07930977e+03 9.49122348e+02
-2.14646465e-05 8.83838384e-06 2.49993873e+08 -6.45800868e+03 1.55207873e+03
-2.09595960e-05 8.83838384e-06 2.49993568e+08 -6.73880480e+03 2.32480274e+03
-2.04545455e-05 8.83838384e-06 2.49993414e+08 -6.85610674e+03 3.29104502e+03
-1.99494949e-05 8.83838384e-06 2.49993475e+08 -6.72398653e+03 4.46547449e+03
-1.94444444e-05 8.83838384e-06 2.49993817e+08 -6.23605420e+03 5.84477602e+03
-1.89393939e-05 8.83838384e-06 2.49994504e+08 -5.26992616e+03 7.39587295e+03
-1.84343434e-05 8.83838384e-06 2.49995580e+08 -3.69911404e+03 9.04244696e+03
-1.79292929e-05 8.83838384e-06 2.49997052e+08 -1.41501830e+03 1.06528827e+04
-1.74242424e-05 8.83838384e-06 2.49998864e+08 1.64003850e+03 1.20352803e+04
-1.69191919e-05 8.83838384e-06 2.50000882e+08 5.43202840e+03 1.29472354e+04
-1.64141414e-05 8.83838384e-06 2.50002889e+08 9.79667069e+03 1.31276342e+04
-1.59090909e-05 8.83838384e-06 2.50004608e+08 1.44200954e+04 1.23522461e+04
-1.54040404e-05 8.83838384e-06 2.50005753e+08 1.88579299e+04 1.05035488e+04
-1.48989899e-05 8.83838384e-06 2.50006104e+08 2.26035190e+04 7.63169189e+03
-1.43939394e-05 8.83838384e-06 2.50005572e+08 2.51953467e+04 3.97694946e+03
-1.38888889e-05 8.83838384e-06 2.50004240e+08 2.63297586e+04 -6.62112471e+01
-1.33838384e-05 8.83838384e-06 2.50002337e+08 2.59345546e+04 -4.03759015e+03
-1.28787879e-05 8.83838384e-06 2.50000178e+08 2.41734224e+04 -7.51939518e+03
-1.23737374e-05 8.83838384e-06 2.49998073e+08 2.13836955e+04 -1.02220064e+04
-1.18686869e-05 8.83838384e-06 2.49996263e+08 1.79789561e+04 -1.20200195e+04
-1.13636364e-05 8.83838384e-06 2.49994885e+08 1.43560316e+04 -1.29376695e+04
-1.08585859e-05 8.83838384e-06 2.49993981e+08 1.08331180e+04 -1.31027910e+04
-1.03535354e-05 8.83838384e-06 2.49993514e+08 7.62551978e+03 -1.26932910e+04
-9.84848485e-06 8.83838384e-06 2.49993408e+08 4.85062801e+03 -1.18931574e+04
-9.34343434e-06 8.83838384e-06 2.49993573e+08 2.54862128e+03 -1.08646956e+04
-8.83838384e-06 8.83838384e-06 2.49993922e+08 7.07340728e+02 -9.73598840e+03
-8.33333333e-06 8.83838384e-06 2.49994380e+08 -7.15607212e+02 -8.59911507e+03
-7.82828283e-06 8.83838384e-06 2.49994891e+08 -1.77629496e+03 -7.51435589e+03
-7.32323232e-06 8.83838384e-06 2.49995414e+08 -2.53360385e+03 -6.51676276e+03
-6.81818182e-06 8.83838384e-06 2.49995920e+08 -3.04297282e+03 -5.62289368e+03
-6.31313131e-06 8.83838384e-06 2.49996393e+08 -3.35341014e+03 -4.83664058e+03
-5.80808081e-06 8.83838384e-06 2.49996823e+08 -3.50657052e+03 -4.15380237e+03
-5.30303030e-06 8.83838384e-06 2.49997205e+08 -3.53700062e+03 -3.56543857e+03
-4.79797980e-06 8.83838384e-06 2.49997540e+08 -3.47294912e+03 -3.06020022e+03
-4.29292929e-06 8.83838384e-06 2.49997829e+08 -3.33736737e+03 -2.62587214e+03
-3.78787879e-06 8.83838384e-06 2.49998073e+08 -3.14888798e+03 -2.25034060e+03
-3.28282828e-06 8.83838384e-06 2.49998276e+08 -2.92267292e+03 -1.92216111e+03
-2.77777778e-06 8.83838384e-06 2.49998441e+08 -2.67108850e+03 -1.63086220e+03
-2.27272727e-06 8.83838384e-06 2.49998573e+08 -2.40420553e+03 -1.36708796e+03
-1.76767677e-06 8.83838384e-06 2.49998673e+08 -2.13015124e+03 -1.12265647e+03
-1.26262626e-06 8.83838384e-06 2.49998746e+08 -1.85535958e+03 -8.90587302e+02
-7.57575758e-07 8.83838384e-06 2.49998793e+08 -1.58477857e+03 -6.65125562e+02
-2.52525253e-07 8.83838384e-06 2.49998819e+08 -1.32209123e+03 -4.41761884e+02
2.52525253e-07 8.83838384e-06 2.49998824e+08 -1.06998755e+03 -2.17222346e+02
7.57575758e-07 8.83838384e-06 2.49998813e+08 -8.30489411e+02 1.06092178e+01
1.26262626e-06 8.83838384e-06 2.49998788e+08 -6.05293245e+02 2.42863817e+02
1.76767677e-06 8.83838384e-06 2.49998753e+08 -3.96073985e+02 4.79952612e+02
2.27272727e-06 8.83838384e-06 2.49998712e+08 -2.04700142e+02 7.21889063e+02
2.77777778e-06 8.83838384e-06 2.49998669e+08 -3.33393220e+01 9.68612074e+02
3.28282828e-06 8.83838384e-06 2.49998628e+08 1.15531593e+02 1.22025645e+03
3.78787879e-06 8.83838384e-06 2.49998593e+08 2.39173457e+02 1.47733570e+03
4.29292929e-06 8.83838384e-06 2.49998567e+08 3.34644516e+02 1.74082534e+03
4.79797980e-06 8.83838384e-06 2.49998554e+08 3.98835245e+02 2.01215216e+03
5.30303030e-06 8.83838384e-06 2.49998558e+08 4.28454044e+02 2.29310387e+03
5.80808081e-06 8.83838384e-06 2.49998581e+08 4.19953730e+02 2.58567539e+03
6.31313131e-06 8.83838384e-06 2.49998629e+08 3.69402200e+02 2.89186456e+03
6.81818182e-06 8.83838384e-06 2.49998703e+08 2.72312932e+02 3.21342323e+03
7.32323232e-06 8.83838384e-06 2.49998809e+08 1.23461918e+02 3.55155986e+03
7.82828283e-06 8.83838384e-06 2.49998950e+08 -8.32727875e+01 3.90657959e+03
8.33333333e-06 8.83838384e-06 2.49999130e+08 -3.55003306e+02 4.27743894e+03
8.83838384e-06 8.83838384e-06 2.49999353e+08 -6.99798942e+02 4.66118851e+03
9.34343434e-06 8.83838384e-06 2.49999623e+08 -1.12645545e+03 5.05228184e+03
9.84848485e-06 8.83838384e-06 2.49999942e+08 -1.64397362e+03 5.44174459e+03
1.03535354e-05 8.83838384e-06 2.50000309e+08 -2.26063143e+03 5.81623245e+03
1.08585859e-05 8.83838384e-06 2.50000723e+08 -2.98251720e+03 6.15706441e+03
1.13636364e-05 8.83838384e-06 2.50001175e+08 -3.81139537e+03 6.43940766e+03
1.18686869e-05 8.83838384e-06 2.50001651e+08 -4.74182994e+03 6.63191270e+03
1.23737374e-05 8.83838384e-06 2.50002130e+08 -5.75762787e+03 6.69724070e+03
1.28787879e-05 8.83838384e-06 2.50002582e+08 -6.82792656e+03 6.59404772e+03
1.33838384e-05 8.83838384e-06 2.50002970e+08 -7.90365264e+03 6.28100962e+03
1.38888889e-05 8.83838384e-06 2.50003252e+08 -8.91557878e+03 5.72325916e+03
1.43939394e-05 8.83838384e-06 2.50003387e+08 -9.77563487e+03 4.90102865e+03
1.48989899e-05 8.83838384e-06 2.50003342e+08 -1.03831772e+04 3.81930162e+03
1.54040404e-05 8.83838384e-06 2.50003104e+08 -1.06371933e+04 2.51606877e+03
1.59090909e-05 8.83838384e-06 2.50002685e+08 -1.04536934e+04 1.06589409e+03
1.64141414e-05 8.83838384e-06 2.50002128e+08 -9.78509767e+03 -4.24304498e+02
1.69191919e-05 8.83838384e-06 2.50001506e+08 -8.63628114e+03 -1.82852115e+03
1.74242424e-05 8.83838384e-06 2.50000909e+08 -7.07149002e+03 -3.02205466e+03
1.79292929e-05 8.83838384e-06 2.50000426e+08 -5.20847537e+03 -3.90393094e+03
1.84343434e-05 8.83838384e-06 2.50000129e+08 -3.20037271e+03 -4.41486200e+03
1.89393939e-05 8.83838384e-06 2.50000059e+08 -1.21015264e+03 -4.54559561e+03
1.94444444e-05 8.83838384e-06 2.50000217e+08 6.15246668e+02 -4.33397358e+03
1.99494949e-05 8.83838384e-06 2.50000575e+08 2.16463916e+03 -3.85279750e+03
2.04545455e-05 8.83838384e-06 2.50001075e+08 3.37254205e+03 -3.19299059e+03
2.09595960e-05 8.83838384e-06 2.50001652e+08 4.21916242e+03 -2.44688760e+03
2.14646465e-05 8.83838384e-06 2.50002240e+08 4.72281016e+03 -1.69522191e+03
2.19696970e-05 8.83838384e-06 2.50002786e+08 4.92826640e+03 -9.99455467e+02
2.24747475e-05 8.83838384e-06 2.50003249e+08 4.89446618e+03 -3.99349006e+02
2.29797980e-05 8.83838384e-06 2.50003607e+08 4.68389739e+03 8.54490977e+01
2.34848485e-05 8.83838384e-06 2.50003850e+08 4.35493194e+03 4.51433202e+02
2.39898990e-05 8.83838384e-06 2.50003983e+08 3.95728851e+03 7.06404028e+02
2.44949495e-05 8.83838384e-06 2.50004016e+08 3.53016662e+03 8.64864745e+02
2.50000000e-05 8.83838384e-06 2.50003966e+08 3.10229901e+03 9.44266797e+02
-2.50000000e-05 9.34343434e-06 2.49997174e+08 -3.62759667e+03 -5.45655826e+02
-2.44949495e-05 9.34343434e-06 2.49996723e+08 -4.02530764e+03 -5.03903537e+02
-2.39898990e-05 9.34343434e-06 2.49996226e+08 -4.46587649e+03 -4.26396731e+02
-2.34848485e-05 9.34343434e-06 2.49995687e+08 -4.94882266e+03 -2.99271025e+02
-2.29797980e-05 9.34343434e-06 2.49995112e+08 -5.47018451e+03 -1.04534592e+02
-2.24747475e-05 9.34343434e-06 2.49994513e+08 -6.02050623e+03 1.80672443e+02
-2.19696970e-05 9.34343434e-06 2.49993911e+08 -6.58202275e+03 5.84605687e+02
-2.14646465e-05 9.34343434e-06 2.49993337e+08 -7.12488217e+03 1.14089531e+03
-2.09595960e-05 9.34343434e-06 2.49992838e+08 -7.60235101e+03 1.88742428e+03
-2.04545455e-05 9.34343434e-06 2.49992473e+08 -7.94521477e+03 2.86327731e+03
-1.99494949e-05 9.34343434e-06 2.49992321e+08 -8.05612020e+03 4.10264500e+03
-1.94444444e-05 9.34343434e-06 2.49992475e+08 -7.80551968e+03 5.62441717e+03
-1.89393939e-05 9.34343434e-06 2.49993034e+08 -7.03221757e+03 7.41648461e+03
-1.84343434e-05 9.34343434e-06 2.49994084e+08 -5.55308649e+03 9.41497887e+03
-1.79292929e-05 9.34343434e-06 2.49995674e+08 -3.18760298e+03 1.14813972e+04
-1.74242424e-05 9.34343434e-06 2.49997779e+08 1.98078639e+02 1.33850523e+04
-1.69191919e-05 9.34343434e-06 2.50000262e+08 4.62797828e+03 1.48036255e+04
-1.64141414e-05 9.34343434e-06 2.50002854e+08 9.94570861e+03 1.53575080e+04
-1.59090909e-05 9.34343434e-06 2.50005171e+08 1.57635601e+04 1.46883193e+04
-1.54040404e-05 9.34343434e-06 2.50006786e+08 2.14694213e+04 1.25733560e+04
-1.48989899e-05 9.34343434e-06 2.50007349e+08 2.63215462e+04 9.03891774e+03
-1.43939394e-05 9.34343434e-06 2.50006707e+08 2.96241058e+04 4.41443594e+03
-1.38888889e-05 9.34343434e-06 2.50004978e+08 3.09238643e+04 -7.18679249e+02
-1.33838384e-05 9.34343434e-06 2.50002514e+08 3.01392096e+04 -5.67811612e+03
-1.28787879e-05 9.34343434e-06 2.49999786e+08 2.75599828e+04 -9.86706707e+03
-1.23737374e-05 9.34343434e-06 2.49997238e+08 2.37268062e+04 -1.29120711e+04
-1.18686869e-05 9.34343434e-06 2.49995180e+08 1.92583333e+04 -1.47039843e+04
-1.13636364e-05 9.34343434e-06 2.49993752e+08 1.47033776e+04 -1.53511607e+04
-1.08585859e-05 9.34343434e-06 2.49992954e+08 1.04598161e+04 -1.50897242e+04
-1.03535354e-05 9.34343434e-06 2.49992692e+08 6.75968700e+03 -1.41959476e+04
-9.84848485e-06 9.34343434e-06 2.49992834e+08 3.69628492e+03 -1.29253445e+04
-9.34343434e-06 9.34343434e-06 2.49993248e+08 1.26682109e+03 -1.14823693e+04
-8.83838384e-06 9.34343434e-06 2.49993821e+08 -5.87010569e+02 -1.00132712e+04
-8.33333333e-06 9.34343434e-06 2.49994466e+08 -1.94828602e+03 -8.61211421e+03
-7.82828283e-06 9.34343434e-06 2.49995121e+08 -2.90498230e+03 -7.33203681e+03
-7.32323232e-06 9.34343434e-06 2.49995750e+08 -3.53896416e+03 -6.19697105e+03
-6.81818182e-06 9.34343434e-06 2.49996328e+08 -3.92106412e+03 -5.21160220e+03
-6.31313131e-06 9.34343434e-06 2.49996845e+08 -4.10985361e+03 -4.36893135e+03
-5.80808081e-06 9.34343434e-06 2.49997297e+08 -4.15237737e+03 -3.65559238e+03
-5.30303030e-06 9.34343434e-06 2.49997686e+08 -4.08575041e+03 -3.05536531e+03
-4.79797980e-06 9.34343434e-06 2.49998016e+08 -3.93898204e+03 -2.55136346e+03
-4.29292929e-06 9.34343434e-06 2.49998292e+08 -3.73469609e+03 -2.12730105e+03
-3.78787879e-06 9.34343434e-06 2.49998518e+08 -3.49059790e+03 -1.76815112e+03
-3.28282828e-06 9.34343434e-06 2.49998702e+08 -3.22063899e+03 -1.46041682e+03
-2.77777778e-06 9.34343434e-06 2.49998847e+08 -2.93588178e+03 -1.19217314e+03
-2.27272727e-06 9.34343434e-06 2.49998959e+08 -2.64509511e+03 -9.52992993e+02
-1.76767677e-06 9.34343434e-06 2.49999042e+08 -2.35513176e+03 -7.33843294e+02
-1.26262626e-06 9.34343434e-06 2.49999100e+08 -2.07115965e+03 -5.27013111e+02
-7.57575758e-07 9.34343434e-06 2.49999135e+08 -1.79683682e+03 -3.26106664e+02
-2.52525253e-07 9.34343434e-06 2.49999150e+08 -1.53452338e+03 -1.26092197e+02
2.52525253e-07 9.34343434e-06 2.49999148e+08 -1.28559630e+03 7.66470614e+01
7.57575758e-07 9.34343434e-06 2.49999132e+08 -1.05087317e+03 2.84339382e+02
1.26262626e-06 9.34343434e-06 2.49999104e+08 -8.31080112e+02 4.97992574e+02
1.76767677e-06 9.34343434e-06 2.49999069e+08 -6.27258259e+02 7.17711655e+02
2.27272727e-06 9.34343434e-06 2.49999029e+08 -4.41017263e+02 9.43108713e+02
2.77777778e-06 9.34343434e-06 2.49998990e+08 -2.74604111e+02 1.17371157e+03
3.28282828e-06 9.34343434e-06 2.49998955e+08 -1.30820750e+02 1.40928735e+03
3.78787879e-06 9.34343434e-06 2.49998927e+08 -1.28607622e+01 1.65003603e+03
4.29292929e-06 9.34343434e-06 2.49998912e+08 7.58635405e+01 1.89664842e+03
4.79797980e-06 9.34343434e-06 2.49998911e+08 1.31851718e+02 2.15024750e+03
5.30303030e-06 9.34343434e-06 2.49998928e+08 1.51575069e+02 2.41223969e+03
5.80808081e-06 9.34343434e-06 2.49998966e+08 1.31457512e+02 2.68410257e+03
6.31313131e-06 9.34343434e-06 2.49999028e+08 6.77865712e+01 2.96713069e+03
6.81818182e-06 9.34343434e-06 2.49999116e+08 -4.34208758e+01 3.26215388e+03
7.32323232e-06 9.34343434e-06 2.49999233e+08 -2.06560604e+02 3.56923108e+03
7.82828283e-06 9.34343434e-06 2.49999383e+08 -4.26544616e+02 3.88731166e+03
8.33333333e-06 9.34343434e-06 2.49999567e+08 -7.08815122e+02 4.21384816e+03
8.83838384e-06 9.34343434e-06 2.49999788e+08 -1.05921406e+03 4.54434367e+03
9.34343434e-06 9.34343434e-06 2.50000048e+08 -1.48364827e+03 4.87182662e+03
9.84848485e-06 9.34343434e-06 2.50000345e+08 -1.98748383e+03 5.18626707e+03
1.03535354e-05 9.34343434e-06 2.50000679e+08 -2.57459811e+03 5.47398364e+03
1.08585859e-05 9.34343434e-06 2.50001042e+08 -3.24602300e+03 5.71714082e+03
1.13636364e-05 9.34343434e-06 2.50001427e+08 -3.99814083e+03 5.89350264e+03
1.18686869e-05 9.34343434e-06 2.50001817e+08 -4.82046278e+03 5.97668418e+03
1.23737374e-05 9.34343434e-06 2.50002194e+08 -5.69314722e+03 5.93721073e+03
1.28787879e-05 9.34343434e-06 2.50002532e+08 -6.58461338e+03 5.74471885e+03
1.33838384e-05 9.34343434e-06 2.50002800e+08 -7.44986052e+03 5.37155969e+03
1.38888889e-05 9.34343434e-06 2.50002969e+08 -8.23035587e+03 4.79782790e+03
1.43939394e-05 9.34343434e-06 2.50003011e+08 -8.85648220e+03 4.01739535e+03
1.48989899e-05 9.34343434e-06 2.50002906e+08 -9.25336111e+03 3.04391587e+03
1.54040404e-05 9.34343434e-06 2.50002652e+08 -9.35022848e+03 1.91515725e+03
1.59090909e-05 9.34343434e-06 2.50002264e+08 -9.09241678e+03 6.93731539e+02
1.64141414e-05 9.34343434e-06 2.50001780e+08 -8.45366499e+03 -5.37309046e+02
1.69191919e-05 9.34343434e-06 2.50001257e+08 -7.44550547e+03 -1.68430663e+03
1.74242424e-05 9.34343434e-06 2.50000761e+08 -6.12052326e+03 -2.65675865e+03
1.79292929e-05 9.34343434e-06 2.50000359e+08 -4.56765913e+03 -3.38186787e+03
1.84343434e-05 9.34343434e-06 2.50000103e+08 -2.90006620e+03 -3.81611467e+03
1.89393939e-05 9.34343434e-06 2.50000024e+08 -1.23836350e+03 -3.95087402e+03
1.94444444e-05 9.34343434e-06 2.50000129e+08 3.06571874e+02 -3.81099052e+03
1.99494949e-05 9.34343434e-06 2.50000397e+08 1.64735604e+03 -3.44735107e+03
2.04545455e-05 9.34343434e-06 2.50000791e+08 2.72793978e+03 -2.92598080e+03
2.09595960e-05 9.34343434e-06 2.50001261e+08 3.52502394e+03 -2.31660346e+03
2.14646465e-05 9.34343434e-06 2.50001759e+08 4.04416870e+03 -1.68306796e+03
2.19696970e-05 9.34343434e-06 2.50002239e+08 4.31261619e+03 -1.07699165e+03
2.24747475e-05 9.34343434e-06 2.50002667e+08 4.37097104e+03 -5.34884461e+02
2.29797980e-05 9.34343434e-06 2.50003018e+08 4.26545622e+03 -7.82147879e+01
2.34848485e-05 9.34343434e-06 2.50003282e+08 4.04178946e+03 2.84526367e+02
2.39898990e-05 9.34343434e-06 2.50003456e+08 3.74106674e+03 5.54757060e+02
2.44949495e-05 9.34343434e-06 2.50003545e+08 3.39754699e+03 7.40546137e+02
2.50000000e-05 9.34343434e-06 2.50003558e+08 3.03795293e+03 8.53703616e+02
-2.50000000e-05 9.84848485e-06 2.49997404e+08 -3.63808379e+03 -5.71056068e+02
-2.44949495e-05 9.84848485e-06 2.49996928e+08 -4.06178964e+03 -5.67342701e+02
-2.39898990e-05 9.84848485e-06 2.49996393e+08 -4.54003712e+03 -5.36643886e+02
-2.34848485e-05 9.84848485e-06 2.49995796e+08 -5.07634058e+03 -4.65796340e+02
-2.29797980e-05 9.84848485e-06 2.49995138e+08 -5.67173437e+03 -3.36835996e+02
-2.24747475e-05 9.84848485e-06 2.49994427e+08 -6.32276970e+03 -1.25697402e+02
-2.19696970e-05 9.84848485e-06 2.49993677e+08 -7.01848259e+03 1.99136418e+02
-2.14646465e-05 9.84848485e-06 2.49992916e+08 -7.73597089e+03 6.77743640e+02
-2.09595960e-05 9.84848485e-06 2.49992187e+08 -8.43422263e+03 1.35906210e+03
-2.04545455e-05 9.84848485e-06 2.49991556e+08 -9.04600364e+03 2.29937332e+03
-1.99494949e-05 9.84848485e-06 2.49991113e+08 -9.46811014e+03 3.55738037e+03
-1.94444444e-05 9.84848485e-06 2.49990978e+08 -9.55138183e+03 5.18364432e+03
-1.89393939e-05 9.84848485e-06 2.49991292e+08 -9.09384718e+03 7.20178079e+03
-1.84343434e-05 9.84848485e-06 2.49992201e+08 -7.84336730e+03 9.57948469e+03
-1.79292929e-05 9.84848485e-06 2.49993826e+08 -5.51962396e+03 1.21904207e+04
-1.74242424e-05 9.84848485e-06 2.49996204e+08 -1.86721591e+03 1.47747759e+04
-1.69191919e-05 9.84848485e-06 2.49999226e+08 3.25239115e+03 1.69171588e+04
-1.64141414e-05 9.84848485e-06 2.50002575e+08 9.73825435e+03 1.80717988e+04
-1.59090909e-05 9.84848485e-06 2.50005728e+08 1.71353095e+04 1.76656209e+04
-1.54040404e-05 9.84848485e-06 2.50008038e+08 2.45999095e+04 1.52835495e+04
-1.48989899e-05 9.84848485e-06 2.50008933e+08 3.10217204e+04 1.08818701e+04
-1.43939394e-05 9.84848485e-06 2.50008140e+08 3.53157009e+04 4.91541007e+03
-1.38888889e-05 9.84848485e-06 2.50005831e+08 3.67801453e+04 -1.73127524e+03
-1.33838384e-05 9.84848485e-06 2.50002567e+08 3.53347069e+04 -8.01315726e+03
-1.28787879e-05 9.84848485e-06 2.49999075e+08 3.15041001e+04 -1.30606910e+04
-1.23737374e-05 9.84848485e-06 2.49995995e+08 2.61747781e+04 -1.64056347e+04
-1.18686869e-05 9.84848485e-06 2.49993712e+08 2.02806156e+04 -1.80110270e+04
-1.13636364e-05 9.84848485e-06 2.49992336e+08 1.45705036e+04 -1.81491274e+04
-1.08585859e-05 9.84848485e-06 2.49991777e+08 9.51623580e+03 -1.72312215e+04
-1.03535354e-05 9.84848485e-06 2.49991848e+08 5.33209538e+03 -1.56703862e+04
-9.84848485e-06 9.84848485e-06 2.49992339e+08 2.04692194e+03 -1.38057093e+04
-9.34343434e-06 9.84848485e-06 2.49993069e+08 -4.18340191e+02 -1.18789581e+04
-8.83838384e-06 9.84848485e-06 2.49993903e+08 -2.19037895e+03 -1.00422464e+04
-8.33333333e-06 9.84848485e-06 2.49994746e+08 -3.40518170e+03 -8.37816750e+03
-7.82828283e-06 9.84848485e-06 2.49995542e+08 -4.18769793e+03 -6.92124827e+03
-7.32323232e-06 9.84848485e-06 2.49996262e+08 -4.64349653e+03 -5.67579547e+03
-6.81818182e-06 9.84848485e-06 2.49996893e+08 -4.85729123e+03 -4.62892712e+03
-6.31313131e-06 9.84848485e-06 2.49997433e+08 -4.89482475e+03 -3.75928425e+03
-5.80808081e-06 9.84848485e-06 2.49997887e+08 -4.80602184e+03 -3.04244919e+03
-5.30303030e-06 9.84848485e-06 2.49998263e+08 -4.62830732e+03 -2.45407695e+03
-4.79797980e-06 9.84848485e-06 2.49998571e+08 -4.38958430e+03 -1.97153768e+03
-4.29292929e-06 9.84848485e-06 2.49998818e+08 -4.11069391e+03 -1.57463660e+03
-3.78787879e-06 9.84848485e-06 2.49999015e+08 -3.80733740e+03 -1.24578691e+03
-3.28282828e-06 9.84848485e-06 2.49999167e+08 -3.49150548e+03 -9.69874371e+02
-2.77777778e-06 9.84848485e-06 2.49999283e+08 -3.17247759e+03 -7.33966061e+02
-2.27272727e-06 9.84848485e-06 2.49999368e+08 -2.85745515e+03 -5.26968955e+02
-1.76767677e-06 9.84848485e-06 2.49999428e+08 -2.55189901e+03 -3.39324859e+02
-1.26262626e-06 9.84848485e-06 2.49999465e+08 -2.25966362e+03 -1.62816926e+02
-7.57575758e-07 9.84848485e-06 2.49999483e+08 -1.98305695e+03 9.46282359e+00
-2.52525253e-07 9.84848485e-06 2.49999485e+08 -1.72297860e+03 1.82994248e+02
2.52525253e-07 9.84848485e-06 2.49999472e+08 -1.47926081e+03 3.61650686e+02
7.57575758e-07 9.84848485e-06 2.49999448e+08 -1.25123455e+03 5.47615739e+02
1.26262626e-06 9.84848485e-06 2.49999414e+08 -1.03840427e+03 7.41531458e+02
1.76767677e-06 9.84848485e-06 2.49999375e+08 -8.41027345e+02 9.42905685e+02
2.27272727e-06 9.84848485e-06 2.49999335e+08 -6.60426955e+02 1.15067398e+03
2.77777778e-06 9.84848485e-06 2.49999296e+08 -4.98992866e+02 1.36374709e+03
3.28282828e-06 9.84848485e-06 2.49999265e+08 -3.59950585e+02 1.58140878e+03
3.78787879e-06 9.84848485e-06 2.49999244e+08 -2.47030960e+02 1.80351320e+03
4.29292929e-06 9.84848485e-06 2.49999236e+08 -1.64151874e+02 2.03049912e+03
4.79797980e-06 9.84848485e-06 2.49999245e+08 -1.15176995e+02 2.26326513e+03
5.30303030e-06 9.84848485e-06 2.49999273e+08 -1.03779076e+02 2.50294895e+03
5.80808081e-06 9.84848485e-06 2.49999321e+08 -1.33411964e+02 2.75064812e+03
6.31313131e-06 9.84848485e-06 2.49999393e+08 -2.07376323e+02 3.00711427e+03
6.81818182e-06 9.84848485e-06 2.49999490e+08 -3.28944391e+02 3.27244589e+03
7.32323232e-06 9.84848485e-06 2.49999613e+08 -5.01492840e+02 3.54579088e+03
7.82828283e-06 9.84848485e-06 2.49999765e+08 -7.28585581e+02 3.82505456e+03
8.33333333e-06 9.84848485e-06 2.49999946e+08 -1.01395036e+03 4.10659817e+03
8.83838384e-06 9.84848485e-06 2.50000158e+08 -1.36129971e+03 4.38491369e+03
9.34343434e-06 9.84848485e-06 2.50000399e+08 -1.77395326e+03 4.65227321e+03
9.84848485e-06 9.84848485e-06 2.50000669e+08 -2.25422319e+03 4.89837476e+03
1.03535354e-05 9.84848485e-06 2.50000963e+08 -2.80253114e+03 5.11003957e+03
1.08585859e-05 9.84848485e-06 2.50001275e+08 -3.41624062e+03 5.27105510e+03
1.13636364e-05 9.84848485e-06 2.50001594e+08 -4.08822361e+03 5.36230182e+03
1.18686869e-05 9.84848485e-06 2.50001907e+08 -4.80524421e+03 5.36234098e+03
1.23737374e-05 9.84848485e-06 2.50002196e+08 -5.54634224e+03 5.24865987e+03
1.28787879e-05 9.84848485e-06 2.50002440e+08 -6.28153253e+03 4.99974631e+03
1.33838384e-05 9.84848485e-06 2.50002616e+08 -6.97127974e+03 4.59806332e+03
1.38888889e-05 9.84848485e-06 2.50002702e+08 -7.56731315e+03 4.03379214e+03
1.43939394e-05 9.84848485e-06 2.50002680e+08 -8.01533246e+03 3.30890593e+03
1.48989899e-05 9.84848485e-06 2.50002541e+08 -8.25993466e+03 2.44078085e+03
1.54040404e-05 9.84848485e-06 2.50002285e+08 -8.25160956e+03 1.46426931e+03
1.59090909e-05 9.84848485e-06 2.50001931e+08 -7.95495397e+03 4.31129762e+02
1.64141414e-05 9.84848485e-06 2.50001510e+08 -7.35653714e+03 -5.93915875e+02
1.69191919e-05 9.84848485e-06 2.50001066e+08 -6.47042950e+03 -1.54042106e+03
1.74242424e-05 9.84848485e-06 2.50000650e+08 -5.33958811e+03 -2.34164351e+03
1.79292929e-05 9.84848485e-06 2.50000311e+08 -4.03217368e+03 -2.94419695e+03
1.84343434e-05 9.84848485e-06 2.50000089e+08 -2.63322205e+03 -3.31567602e+03
1.89393939e-05 9.84848485e-06 2.50000008e+08 -1.23340275e+03 -3.44848295e+03
1.94444444e-05 9.84848485e-06 2.50000075e+08 8.26485615e+01 -3.35915614e+03
1.99494949e-05 9.84848485e-06 2.50000276e+08 1.24600349e+03 -3.08372916e+03
2.04545455e-05 9.84848485e-06 2.50000586e+08 2.20947498e+03 -2.67057229e+03
2.09595960e-05 9.84848485e-06 2.50000970e+08 2.94947740e+03 -2.17252207e+03
2.14646465e-05 9.84848485e-06 2.50001388e+08 3.46420134e+03 -1.63989518e+03
2.19696970e-05 9.84848485e-06 2.50001805e+08 3.76924642e+03 -1.11541606e+03
2.24747475e-05 9.84848485e-06 2.50002192e+08 3.89206106e+03 -6.31425822e+02
2.29797980e-05 9.84848485e-06 2.50002526e+08 3.86637957e+03 -2.09189990e+02
2.34848485e-05 9.84848485e-06 2.50002793e+08 3.72748203e+03 1.40211331e+02
2.39898990e-05 9.84848485e-06 2.50002989e+08 3.50869177e+03 4.14040465e+02
2.44949495e-05 9.84848485e-06 2.50003114e+08 3.23917854e+03 6.15681734e+02
2.50000000e-05 9.84848485e-06 2.50003172e+08 2.94290404e+03 7.52474095e+02
-2.50000000e-05 1.03535354e-05 2.49997736e+08 -3.61596861e+03 -5.47160330e+02
-2.44949495e-05 1.03535354e-05 2.49997254e+08 -4.05665589e+03 -5.78798246e+02
-2.39898990e-05 1.03535354e-05 2.49996697e+08 -4.56220127e+03 -5.93988611e+02
-2.34848485e-05 1.03535354e-05 2.49996060e+08 -5.14041285e+03 -5.81369206e+02
-2.29797980e-05 1.03535354e-05 2.49995336e+08 -5.79804965e+03 -5.24487534e+02
-2.24747475e-05 1.03535354e-05 2.49994526e+08 -6.53909100e+03 -3.99971666e+02
-2.19696970e-05 1.03535354e-05 2.49993634e+08 -7.36184616e+03 -1.75299235e+02
-2.14646465e-05 1.03535354e-05 2.49992679e+08 -8.25432633e+03 1.93687437e+02
-2.09595960e-05 1.03535354e-05 2.49991697e+08 -9.18713902e+03 7.65078397e+02
-2.04545455e-05 1.03535354e-05 2.49990749e+08 -1.01030966e+04 1.61202208e+03
-1.99494949e-05 1.03535354e-05 2.49989932e+08 -1.09029675e+04 2.82079776e+03
-1.94444444e-05 1.03535354e-05 2.49989385e+08 -1.14277499e+04 4.48264188e+03
-1.89393939e-05 1.03535354e-05 2.49989296e+08 -1.14401781e+04 6.67460671e+03
-1.84343434e-05 1.03535354e-05 2.49989887e+08 -1.06127089e+04 9.42379581e+03
-1.79292929e-05 1.03535354e-05 2.49991384e+08 -8.53639281e+03 1.26509879e+04
-1.74242424e-05 1.03535354e-05 2.49993943e+08 -4.77323892e+03 1.60975091e+04
-1.69191919e-05 1.03535354e-05 2.49997542e+08 1.02243230e+03 1.92573173e+04
-1.64141414e-05 1.03535354e-05 2.50001855e+08 8.90424036e+03 2.13641343e+04
-1.59090909e-05 1.03535354e-05 2.50006186e+08 1.83977141e+04 2.15054404e+04
-1.54040404e-05 1.03535354e-05 2.50009550e+08 2.83538584e+04 1.89120500e+04
-1.48989899e-05 1.03535354e-05 2.50010984e+08 3.70736606e+04 1.33630532e+04
-1.43939394e-05 1.03535354e-05 2.50009984e+08 4.27980006e+04 5.48483056e+03
-1.38888889e-05 1.03535354e-05 2.50006804e+08 4.43913212e+04 -3.32563373e+03
-1.33838384e-05 1.03535354e-05 2.50002372e+08 4.18081706e+04 -1.14049959e+04
-1.28787879e-05 1.03535354e-05 2.49997853e+08 3.60272497e+04 -1.74616388e+04
-1.23737374e-05 1.03535354e-05 2.49994170e+08 2.85375466e+04 -2.09500269e+04
-1.18686869e-05 1.03535354e-05 2.49991763e+08 2.07528954e+04 -2.20334339e+04
-1.13636364e-05 1.03535354e-05 2.49990631e+08 1.36616436e+04 -2.12906320e+04
-1.08585859e-05 1.03535354e-05 2.49990518e+08 7.76393295e+03 -1.94039101e+04
-1.03535354e-05 1.03535354e-05 2.49991090e+08 3.18190589e+03 -1.69611956e+04
-9.84848485e-06 1.03535354e-05 2.49992042e+08 -1.86271927e+02 -1.43826053e+04
-9.34343434e-06 1.03535354e-05 2.49993148e+08 -2.54049901e+03 -1.19258692e+04
-8.83838384e-06 1.03535354e-05 2.49994261e+08 -4.09969316e+03 -9.72405789e+03
-8.33333333e-06 1.03535354e-05 2.49995294e+08 -5.06197938e+03 -7.82725933e+03
-7.82828283e-06 1.03535354e-05 2.49996208e+08 -5.59005451e+03 -6.23635064e+03
-7.32323232e-06 1.03535354e-05 2.49996988e+08 -5.80997759e+03 -4.92648229e+03
-6.81818182e-06 1.03535354e-05 2.49997638e+08 -5.81582001e+03 -3.86182224e+03
-6.31313131e-06 1.03535354e-05 2.49998170e+08 -5.67603801e+03 -3.00404485e+03
-5.80808081e-06 1.03535354e-05 2.49998598e+08 -5.43962121e+03 -2.31677094e+03
-5.30303030e-06 1.03535354e-05 2.49998937e+08 -5.14128162e+03 -1.76757065e+03
-4.79797980e-06 1.03535354e-05 2.49999202e+08 -4.80553809e+03 -1.32858914e+03
-4.29292929e-06 1.03535354e-05 2.49999404e+08 -4.44979808e+03 -9.76442876e+02
-3.78787879e-06 1.03535354e-05 2.49999556e+08 -4.08661061e+03 -6.91758431e+02
-3.28282828e-06 1.03535354e-05 2.49999666e+08 -3.72525631e+03 -4.58555000e+02
-2.77777778e-06 1.03535354e-05 2.49999743e+08 -3.37280203e+03 -2.63578283e+02
-2.27272727e-06 1.03535354e-05 2.49999793e+08 -3.03470704e+03 -9.56567224e+01
-1.76767677e-06 1.03535354e-05 2.49999822e+08 -2.71504931e+03 5.48445892e+01
-1.26262626e-06 1.03535354e-05 2.49999833e+08 -2.41646497e+03 1.96374794e+02
-7.57575758e-07 1.03535354e-05 2.49999830e+08 -2.13996787e+03 3.36257024e+02
-2.52525253e-07 1.03535354e-05 2.49999815e+08 -1.88489910e+03 4.80436152e+02
2.52525253e-07 1.03535354e-05 2.49999789e+08 -1.64925584e+03 6.33051718e+02
7.57575758e-07 1.03535354e-05 2.49999754e+08 -1.43048024e+03 7.96127131e+02
1.26262626e-06 1.03535354e-05 2.49999713e+08 -1.22650058e+03 9.69663677e+02
1.76767677e-06 1.03535354e-05 2.49999668e+08 -1.03661842e+03 1.15221034e+03
2.27272727e-06 1.03535354e-05 2.49999624e+08 -8.61907151e+02 1.34169823e+03
2.77777778e-06 1.03535354e-05 2.49999585e+08 -7.05071106e+02 1.53621107e+03
3.28282828e-06 1.03535354e-05 2.49999555e+08 -5.69962903e+02 1.73447147e+03
3.78787879e-06 1.03535354e-05 2.49999538e+08 -4.61012752e+02 1.93601126e+03
4.29292929e-06 1.03535354e-05 2.49999537e+08 -3.82733230e+02 2.14110562e+03
4.79797980e-06 1.03535354e-05 2.49999553e+08 -3.39360262e+02 2.35055839e+03
5.30303030e-06 1.03535354e-05 2.49999589e+08 -3.34642343e+02 2.56539512e+03
5.80808081e-06 1.03535354e-05 2.49999646e+08 -3.71777037e+02 2.78650543e+03
6.31313131e-06 1.03535354e-05 2.49999725e+08 -4.53477944e+02 3.01427848e+03
6.81818182e-06 1.03535354e-05 2.49999826e+08 -5.82126513e+02 3.24827282e+03
7.32323232e-06 1.03535354e-05 2.49999951e+08 -7.59937780e+02 3.48694249e+03
7.82828283e-06 1.03535354e-05 2.50000099e+08 -9.89063193e+02 3.72741439e+03
8.33333333e-06 1.03535354e-05 2.50000272e+08 -1.27156732e+03 3.96529483e+03
8.83838384e-06 1.03535354e-05 2.50000468e+08 -1.60923698e+03 4.19448344e+03
9.34343434e-06 1.03535354e-05 2.50000687e+08 -2.00320031e+03 4.40698983e+03
9.84848485e-06 1.03535354e-05 2.50000926e+08 -2.45334636e+03 4.59277477e+03
1.03535354e-05 1.03535354e-05 2.50001179e+08 -2.95754689e+03 4.73966807e+03
1.08585859e-05 1.03535354e-05 2.50001440e+08 -3.51069958e+03 4.83344486e+03
1.13636364e-05 1.03535354e-05 2.50001699e+08 -4.10364264e+03 4.85816693e+03
1.18686869e-05 1.03535354e-05 2.50001943e+08 -4.72204159e+03 4.79690980e+03
1.23737374e-05 1.03535354e-05 2.50002158e+08 -5.34541851e+03 4.63298809e+03
1.28787879e-05 1.03535354e-05 2.50002327e+08 -5.94657515e+03 4.35174780e+03
1.33838384e-05 1.03535354e-05 2.50002432e+08 -6.49173188e+03 3.94289812e+03
1.38888889e-05 1.03535354e-05 2.50002458e+08 -6.94172916e+03 3.40320229e+03
1.43939394e-05 1.03535354e-05 2.50002393e+08 -7.25457168e+03 2.73915037e+03
1.48989899e-05 1.03535354e-05 2.50002235e+08 -7.38939668e+03 1.96904217e+03
1.54040404e-05 1.03535354e-05 2.50001987e+08 -7.31161049e+03 1.12379667e+03
1.59090909e-05 1.03535354e-05 2.50001665e+08 -6.99851485e+03 2.45866258e+02
1.64141414e-05 1.03535354e-05 2.50001298e+08 -6.44436412e+03 -6.14065733e+02
1.69191919e-05 1.03535354e-05 2.50000918e+08 -5.66362895e+03 -1.40240967e+03
1.74242424e-05 1.03535354e-05 2.50000565e+08 -4.69143165e+03 -2.06922448e+03
1.79292929e-05 1.03535354e-05 2.50000277e+08 -3.58068520e+03 -2.57474755e+03
1.84343434e-05 1.03535354e-05 2.50000083e+08 -2.39626504e+03 -2.89452091e+03
1.89393939e-05 1.03535354e-05 2.50000003e+08 -1.20730094e+03 -3.02203337e+03
1.94444444e-05 1.03535354e-05 2.50000042e+08 -7.91226853e+01 -2.96842572e+03
1.99494949e-05 1.03535354e-05 2.50000194e+08 9.33615730e+02 -2.75953348e+03
2.04545455e-05 1.03535354e-05 2.50000439e+08 1.79153050e+03 -2.43112049e+03
2.09595960e-05 1.03535354e-05 2.50000751e+08 2.47236465e+03 -2.02342420e+03
2.14646465e-05 1.03535354e-05 2.50001102e+08 2.97029016e+03 -1.57607056e+03
2.19696970e-05 1.03535354e-05 2.50001462e+08 3.29329606e+03 -1.12411345e+03
2.24747475e-05 1.03535354e-05 2.50001806e+08 3.45950370e+03 -6.95555662e+02
2.29797980e-05 1.03535354e-05 2.50002115e+08 3.49321734e+03 -3.10341970e+02
2.34848485e-05 1.03535354e-05 2.50002376e+08 3.42133166e+03 1.94393987e+01
2.39898990e-05 1.03535354e-05 2.50002580e+08 3.27046890e+03 2.88532252e+02
2.44949495e-05 1.03535354e-05 2.50002727e+08 3.06498449e+03 4.97057194e+02
2.50000000e-05 1.03535354e-05 2.50002816e+08 2.82580316e+03 6.48951005e+02
-2.50000000e-05 1.08585859e-05 2.49998177e+08 -3.56621032e+03 -4.63045452e+02
-2.44949495e-05 1.08585859e-05 2.49997708e+08 -4.01392880e+03 -5.23535270e+02
-2.39898990e-05 1.08585859e-05 2.49997154e+08 -4.53454528e+03 -5.78998010e+02
-2.34848485e-05 1.08585859e-05 2.49996503e+08 -5.14005006e+03 -6.20950882e+02
-2.29797980e-05 1.08585859e-05 2.49995741e+08 -5.84314107e+03 -6.36066323e+02
-2.24747475e-05 1.08585859e-05 2.49994859e+08 -6.65606176e+03 -6.03969983e+02
-2.19696970e-05 1.08585859e-05 2.49993849e+08 -7.58831668e+03 -4.94250740e+02
-2.14646465e-05 1.08585859e-05 2.49992715e+08 -8.64251815e+03 -2.62588456e+02
-2.09595960e-05 1.08585859e-05 2.49991476e+08 -9.80724603e+03 1.53880797e+02
-2.04545455e-05 1.08585859e-05 2.49990179e+08 -1.10453711e+04 8.41324976e+02
-1.99494949e-05 1.08585859e-05 2.49988911e+08 -1.22759724e+04 1.91239766e+03
-1.94444444e-05 1.08585859e-05 2.49987821e+08 -1.33482317e+04 3.50419376e+03
-1.89393939e-05 1.08585859e-05 2.49987130e+08 -1.40075304e+04 5.76426095e+03
-1.84343434e-05 1.08585859e-05 2.49987146e+08 -1.38592281e+04 8.81407632e+03
-1.79292929e-05 1.08585859e-05 2.49988235e+08 -1.23467568e+04 1.26768080e+04
-1.74242424e-05 1.08585859e-05 2.49990749e+08 -8.77915422e+03 1.71606767e+04
-1.69191919e-05 1.08585859e-05 2.49994866e+08 -2.46394347e+03 2.17118538e+04
-1.64141414e-05 1.08585859e-05 2.50000352e+08 6.99764698e+03 2.53036950e+04
-1.59090909e-05 1.08585859e-05 2.50006345e+08 1.92616493e+04 2.65042807e+04
-1.54040404e-05 1.08585859e-05 2.50011350e+08 3.28234067e+04 2.38910603e+04
-1.48989899e-05 1.08585859e-05 2.50013701e+08 4.50334483e+04 1.68160418e+04
-1.43939394e-05 1.08585859e-05 2.50012413e+08 5.29084428e+04 6.11907934e+03
-1.38888889e-05 1.08585859e-05 2.50007871e+08 5.45077783e+04 -5.89323461e+03
-1.33838384e-05 1.08585859e-05 2.50001694e+08 4.99176254e+04 -1.64482347e+04
-1.28787879e-05 1.08585859e-05 2.49995810e+08 4.10345334e+04 -2.35972520e+04
-1.23737374e-05 1.08585859e-05 2.49991533e+08 3.04198847e+04 -2.68307579e+04
-1.18686869e-05 1.08585859e-05 2.49989259e+08 2.01921472e+04 -2.67947408e+04
-1.13636364e-05 1.08585859e-05 2.49988709e+08 1.15596016e+04 -2.46168798e+04
-1.08585859e-05 1.08585859e-05 2.49989337e+08 4.91580827e+03 -2.13679713e+04
-1.03535354e-05 1.08585859e-05 2.49990607e+08 1.51592932e+02 -1.78243784e+04
-9.84848485e-06 1.08585859e-05 2.49992123e+08 -3.06140087e+03 -1.44495022e+04
-9.34343434e-06 1.08585859e-05 2.49993634e+08 -5.09368229e+03 -1.14680737e+04
-8.83838384e-06 1.08585859e-05 2.49995009e+08 -6.27408227e+03 -8.95317706e+03
-8.33333333e-06 1.08585859e-05 2.49996190e+08 -6.86309238e+03 -6.89443879e+03
-7.82828283e-06 1.08585859e-05 2.49997168e+08 -7.05401629e+03 -5.24256116e+03
-7.32323232e-06 1.08585859e-05 2.49997956e+08 -6.98447163e+03 -3.93509901e+03
-6.81818182e-06 1.08585859e-05 2.49998579e+08 -6.74970366e+03 -2.90984498e+03
-6.31313131e-06 1.08585859e-05 2.49999061e+08 -6.41429853e+03 -2.11087178e+03
-5.80808081e-06 1.08585859e-05 2.49999428e+08 -6.02138207e+03 -1.49057796e+03
-5.30303030e-06 1.08585859e-05 2.49999701e+08 -5.59942740e+03 -1.00974173e+03
-4.79797980e-06 1.08585859e-05 2.49999900e+08 -5.16712528e+03 -6.36697601e+02
-4.29292929e-06 1.08585859e-05 2.50000040e+08 -4.73679965e+03 -3.46210582e+02
-3.78787879e-06 1.08585859e-05 2.50000132e+08 -4.31676977e+03 -1.18313187e+02
-3.28282828e-06 1.08585859e-05 2.50000188e+08 -3.91295085e+03 6.27977094e+01
-2.77777778e-06 1.08585859e-05 2.50000216e+08 -3.52987576e+03 2.09787725e+02
-2.27272727e-06 1.08585859e-05 2.50000224e+08 -3.17122544e+03 3.33134979e+02
-1.76767677e-06 1.08585859e-05 2.50000216e+08 -2.83989384e+03 4.41960579e+02
-1.26262626e-06 1.08585859e-05 2.50000197e+08 -2.53762834e+03 5.44610023e+02
-7.57575758e-07 1.08585859e-05 2.50000169e+08 -2.26442093e+03 6.48783929e+02
-2.52525253e-07 1.08585859e-05 2.50000135e+08 -2.01804923e+03 7.61080278e+02
2.52525253e-07 1.08585859e-05 2.50000093e+08 -1.79428835e+03 8.86103034e+02
7.57575758e-07 1.08585859e-05 2.50000045e+08 -1.58806185e+03 1.02568106e+03
1.26262626e-06 1.08585859e-05 2.49999993e+08 -1.39517401e+03 1.17883170e+03
1.76767677e-06 1.08585859e-05 2.49999940e+08 -1.21376982e+03 1.34264943e+03
2.27272727e-06 1.08585859e-05 2.49999891e+08 -1.04483717e+03 1.51365324e+03
2.77777778e-06 1.08585859e-05 2.49999849e+08 -8.91743217e+02 1.68890994e+03
3.28282828e-06 1.08585859e-05 2.49999821e+08 -7.59306616e+02 1.86658280e+03
3.78787879e-06 1.08585859e-05 2.49999807e+08 -6.52894940e+02 2.04598582e+03
4.29292929e-06 1.08585859e-05 2.49999811e+08 -5.77745906e+02 2.22737663e+03
4.79797980e-06 1.08585859e-05 2.49999835e+08 -5.38504765e+02 2.41163464e+03
5.30303030e-06 1.08585859e-05 2.49999878e+08 -5.38944738e+02 2.59986340e+03
5.80808081e-06 1.08585859e-05 2.49999941e+08 -5.81876628e+02 2.79294061e+03
6.31313131e-06 1.08585859e-05 2.50000024e+08 -6.69247426e+02 2.99107706e+03
6.81818182e-06 1.08585859e-05 2.50000126e+08 -8.02370679e+02 3.19345880e+03
7.32323232e-06 1.08585859e-05 2.50000249e+08 -9.82181050e+02 3.39801178e+03
7.82828283e-06 1.08585859e-05 2.50000390e+08 -1.20940198e+03 3.60127537e+03
8.33333333e-06 1.08585859e-05 2.50000550e+08 -1.48455197e+03 3.79833989e+03
8.83838384e-06 1.08585859e-05 2.50000728e+08 -1.80776106e+03 3.98280657e+03
9.34343434e-06 1.08585859e-05 2.50000921e+08 -2.17840232e+03 4.14675526e+03
9.84848485e-06 1.08585859e-05 2.50001127e+08 -2.59455943e+03 4.28073881e+03
1.03535354e-05 1.08585859e-05 2.50001340e+08 -3.05236020e+03 4.37385252e+03
1.08585859e-05 1.08585859e-05 2.50001553e+08 -3.54521696e+03 4.41394776e+03
1.13636364e-05 1.08585859e-05 2.50001758e+08 -4.06303635e+03 4.38806987e+03
1.18686869e-05 1.08585859e-05 2.50001943e+08 -4.59149568e+03 4.28319784e+03
1.23737374e-05 1.08585859e-05 2.50002097e+08 -5.11152705e+03 4.08734200e+03
1.28787879e-05 1.08585859e-05 2.50002205e+08 -5.59919445e+03 3.79100872e+03
1.33838384e-05 1.08585859e-05 2.50002256e+08 -6.02617629e+03 3.38896217e+03
1.38888889e-05 1.08585859e-05 2.50002239e+08 -6.36105280e+03 2.88210579e+03
1.43939394e-05 1.08585859e-05 2.50002147e+08 -6.57152027e+03 2.27918601e+03
1.48989899e-05 1.08585859e-05 2.50001979e+08 -6.62749822e+03 1.59792163e+03
1.54040404e-05 1.08585859e-05 2.50001743e+08 -6.50486866e+03 8.65132605e+02
1.59090909e-05 1.08585859e-05 2.50001453e+08 -6.18933562e+03 1.15526640e+02
1.64141414e-05 1.08585859e-05 2.50001130e+08 -5.67969514e+03 -6.10976148e+02
1.69191919e-05 1.08585859e-05 2.50000803e+08 -4.98975505e+03 -1.27317109e+03
1.74242424e-05 1.08585859e-05 2.50000501e+08 -4.14830398e+03 -1.83318854e+03
1.79292929e-05 1.08585859e-05 2.50000253e+08 -3.19689558e+03 -2.26099095e+03
1.84343434e-05 1.08585859e-05 2.50000083e+08 -2.18569730e+03 -2.53788281e+03
1.89393939e-05 1.08585859e-05 2.50000005e+08 -1.16810319e+03 -2.65835976e+03
1.94444444e-05 1.08585859e-05 2.50000025e+08 -1.95079980e+02 -2.63000075e+03
1.99494949e-05 1.08585859e-05 2.50000138e+08 6.89774643e+02 -2.47154896e+03
2.04545455e-05 1.08585859e-05 2.50000332e+08 1.45371857e+03 -2.20969283e+03
2.09595960e-05 1.08585859e-05 2.50000586e+08 2.07653583e+03 -1.87525277e+03
2.14646465e-05 1.08585859e-05 2.50000880e+08 2.55043266e+03 -1.49947572e+03
2.19696970e-05 1.08585859e-05 2.50001189e+08 2.87851306e+03 -1.11098047e+03
2.24747475e-05 1.08585859e-05 2.50001493e+08 3.07235556e+03 -7.33658642e+02
2.29797980e-05 1.08585859e-05 2.50001775e+08 3.14923319e+03 -3.85596588e+02
2.34848485e-05 1.08585859e-05 2.50002022e+08 3.12943022e+03 -7.88983785e+01
2.39898990e-05 1.08585859e-05 2.50002226e+08 3.03396391e+03 1.79817554e+02
2.44949495e-05 1.08585859e-05 2.50002382e+08 2.88286592e+03 3.88507683e+02
2.50000000e-05 1.08585859e-05 2.50002492e+08 2.69404965e+03 5.48614945e+02
-2.50000000e-05 1.13636364e-05 2.49998725e+08 -3.49727013e+03 -3.09994264e+02
-2.44949495e-05 1.13636364e-05 2.49998294e+08 -3.94214654e+03 -3.88731773e+02
-2.39898990e-05 1.13636364e-05 2.49997772e+08 -4.46493567e+03 -4.73445127e+02
-2.34848485e-05 1.13636364e-05 2.49997141e+08 -5.08121553e+03 -5.59360453e+02
-2.29797980e-05 1.13636364e-05 2.49996381e+08 -5.80915083e+03 -6.37713399e+02
-2.24747475e-05 1.13636364e-05 2.49995470e+08 -6.66916211e+03 -6.93460740e+02
-2.19696970e-05 1.13636364e-05 2.49994388e+08 -7.68272990e+03 -7.01881420e+02
-2.14646465e-05 1.13636364e-05 2.49993117e+08 -8.86954194e+03 -6.23668020e+02
-2.09595960e-05 1.13636364e-05 2.49991652e+08 -1.02416303e+04 -3.98131064e+02
-2.04545455e-05 1.13636364e-05 2.49990009e+08 -1.17922981e+04 6.55824070e+01
-1.99494949e-05 1.13636364e-05 2.49988250e+08 -1.34765074e+04 8.98468334e+02
-1.94444444e-05 1.13636364e-05 2.49986500e+08 -1.51782713e+04 2.27992198e+03
-1.89393939e-05 1.13636364e-05 2.49984991e+08 -1.66604900e+04 4.43698615e+03
-1.84343434e-05 1.13636364e-05 2.49984096e+08 -1.74962117e+04 7.61968863e+03
-1.79292929e-05 1.13636364e-05 2.49984342e+08 -1.69928227e+04 1.20270341e+04
-1.74242424e-05 1.13636364e-05 2.49986362e+08 -1.41503469e+04 1.76503545e+04
-1.69191919e-05 1.13636364e-05 2.49990712e+08 -7.74744289e+03 2.40138619e+04
-1.64141414e-05 1.13636364e-05 2.49997483e+08 3.29391890e+03 2.98644784e+04
-1.59090909e-05 1.13636364e-05 2.50005781e+08 1.91378108e+04 3.30342892e+04
-1.54040404e-05 1.13636364e-05 2.50013403e+08 3.80167997e+04 3.09079855e+04
-1.48989899e-05 1.13636364e-05 2.50017390e+08 5.57609296e+04 2.18204458e+04
-1.43939394e-05 1.13636364e-05 2.50015708e+08 6.70420117e+04 6.79163468e+03
-1.38888889e-05 1.13636364e-05 2.50008939e+08 6.83084167e+04 -1.01605521e+04
-1.33838384e-05 1.13636364e-05 2.50000083e+08 6.00561431e+04 -2.41461005e+04
-1.28787879e-05 1.13636364e-05 2.49992453e+08 4.61390038e+04 -3.22156727e+04
-1.23737374e-05 1.13636364e-05 2.49987823e+08 3.10501927e+04 -3.43005197e+04
-1.18686869e-05 1.13636364e-05 2.49986232e+08 1.78389410e+04 -3.21301909e+04
-1.13636364e-05 1.13636364e-05 2.49986805e+08 7.72118300e+03 -2.77514272e+04
-1.08585859e-05 1.13636364e-05 2.49988544e+08 6.74939626e+02 -2.27121741e+04
-1.03535354e-05 1.13636364e-05 2.49990700e+08 -3.86473004e+03 -1.79114942e+04
-9.84848485e-06 1.13636364e-05 2.49992825e+08 -6.56574733e+03 -1.37525429e+04
-9.34343434e-06 1.13636364e-05 2.49994703e+08 -8.00534461e+03 -1.03413631e+04
-8.83838384e-06 1.13636364e-05 2.49996261e+08 -8.61961345e+03 -7.63593493e+03
-8.33333333e-06 1.13636364e-05 2.49997500e+08 -8.71470600e+03 -5.53570864e+03
-7.82828283e-06 1.13636364e-05 2.49998458e+08 -8.49603575e+03 -3.92804984e+03
-7.32323232e-06 1.13636364e-05 2.49999179e+08 -8.09719563e+03 -2.70904430e+03
-6.81818182e-06 1.13636364e-05 2.49999712e+08 -7.60296326e+03 -1.79078437e+03
-6.31313131e-06 1.13636364e-05 2.50000095e+08 -7.06593005e+03 -1.10225245e+03
-5.80808081e-06 1.13636364e-05 2.50000362e+08 -6.51793231e+03 -5.87576528e+02
-5.30303030e-06 1.13636364e-05 2.50000540e+08 -5.97769226e+03 -2.03500955e+02
-4.79797980e-06 1.13636364e-05 2.50000650e+08 -5.45585153e+03 8.31131845e+01
-4.29292929e-06 1.13636364e-05 2.50000709e+08 -4.95827136e+03 2.97460613e+02
-3.78787879e-06 1.13636364e-05 2.50000729e+08 -4.48820402e+03 4.58588039e+02
-3.28282828e-06 1.13636364e-05 2.50000721e+08 -4.04772687e+03 5.80879893e+02
-2.77777778e-06 1.13636364e-05 2.50000692e+08 -3.63865659e+03 6.75347714e+02
-2.27272727e-06 1.13636364e-05 2.50000650e+08 -3.26300598e+03 7.50834816e+02
-1.76767677e-06 1.13636364e-05 2.50000600e+08 -2.92291091e+03 8.15172399e+02
-1.26262626e-06 1.13636364e-05 2.50000546e+08 -2.61990875e+03 8.76140623e+02
-7.57575758e-07 1.13636364e-05 2.50000491e+08 -2.35363577e+03 9.41839265e+02
-2.52525253e-07 1.13636364e-05 2.50000434e+08 -2.12051976e+03 1.02000082e+03
2.52525253e-07 1.13636364e-05 2.50000375e+08 -1.91357014e+03 1.11626063e+03
7.57575758e-07 1.13636364e-05 2.50000312e+08 -1.72411220e+03 1.23237863e+03
1.26262626e-06 1.13636364e-05 2.50000248e+08 -1.54490345e+03 1.36588832e+03
1.76767677e-06 1.13636364e-05 2.50000185e+08 -1.37272059e+03 1.51166732e+03
2.27272727e-06 1.13636364e-05 2.50000130e+08 -1.20891000e+03 1.66430877e+03
2.77777778e-06 1.13636364e-05 2.50000086e+08 -1.05814529e+03 1.81977573e+03
3.28282828e-06 1.13636364e-05 2.50000058e+08 -9.26697525e+02 1.97584370e+03
3.78787879e-06 1.13636364e-05 2.50000049e+08 -8.21138503e+02 2.13182149e+03
4.29292929e-06 1.13636364e-05 2.50000059e+08 -7.47565505e+02 2.28812788e+03
4.79797980e-06 1.13636364e-05 2.50000089e+08 -7.11090545e+02 2.44589598e+03
5.30303030e-06 1.13636364e-05 2.50000138e+08 -7.15478310e+02 2.60651463e+03
5.80808081e-06 1.13636364e-05 2.50000207e+08 -7.63011590e+02 2.77106331e+03
6.31313131e-06 1.13636364e-05 2.50000292e+08 -8.54656455e+02 2.93974951e+03
6.81818182e-06 1.13636364e-05 2.50000394e+08 -9.90450982e+02 3.11150533e+03
7.32323232e-06 1.13636364e-05 2.50000511e+08 -1.16992934e+03 3.28381347e+03
7.82828283e-06 1.13636364e-05 2.50000642e+08 -1.39240329e+03 3.45271895e+03
8.33333333e-06 1.13636364e-05 2.50000787e+08 -1.65701225e+03 3.61292968e+03
8.83838384e-06 1.13636364e-05 2.50000944e+08 -1.96254187e+03 3.75792822e+03
9.34343434e-06 1.13636364e-05 2.50001110e+08 -2.30705759e+03 3.88006756e+03
9.84848485e-06 1.13636364e-05 2.50001283e+08 -2.68741043e+03 3.97067198e+03
1.03535354e-05 1.13636364e-05 2.50001457e+08 -3.09866761e+03 4.02019315e+03
1.08585859e-05 1.13636364e-05 2.50001627e+08 -3.53351942e+03 4.01848378e+03
1.13636364e-05 1.13636364e-05 2.50001783e+08 -3.98172356e+03 3.95524976e+03
1.18686869e-05 1.13636364e-05 2.50001918e+08 -4.42966855e+03 3.82072835e+03
1.23737374e-05 1.13636364e-05 2.50002021e+08 -4.86016318e+03 3.60661333e+03
1.28787879e-05 1.13636364e-05 2.50002082e+08 -5.25257980e+03 3.30720522e+03
1.33838384e-05 1.13636364e-05 2.50002092e+08 -5.58348350e+03 2.92070461e+03
1.38888889e-05 1.13636364e-05 2.50002044e+08 -5.82785205e+03 2.45049513e+03
1.43939394e-05 1.13636364e-05 2.50001935e+08 -5.96092191e+03 1.90619305e+03
1.48989899e-05 1.13636364e-05 2.50001766e+08 -5.96058053e+03 1.30419503e+03
1.54040404e-05 1.13636364e-05 2.50001543e+08 -5.81007743e+03 6.67462496e+02
1.59090909e-05 1.13636364e-05 2.50001281e+08 -5.50067924e+03 2.43610131e+01
1.64141414e-05 1.13636364e-05 2.50000996e+08 -5.03379363e+03 -5.93469049e+02
1.69191919e-05 1.13636364e-05 2.50000712e+08 -4.42208574e+03 -1.15402401e+03
1.74242424e-05 1.13636364e-05 2.50000451e+08 -3.68923433e+03 -1.62823468e+03
1.79292929e-05 1.13636364e-05 2.50000236e+08 -2.86821490e+03 -1.99311385e+03
1.84343434e-05 1.13636364e-05 2.50000085e+08 -1.99829596e+03 -2.23420019e+03
1.89393939e-05 1.13636364e-05 2.50000010e+08 -1.12120852e+03 -2.34686937e+03
1.94444444e-05 1.13636364e-05 2.50000017e+08 -2.77115007e+02 -2.33631705e+03
1.99494949e-05 1.13636364e-05 2.50000101e+08 4.98982730e+02 -2.21629192e+03
2.04545455e-05 1.13636364e-05 2.50000254e+08 1.17989122e+03 -2.00689166e+03
2.09595960e-05 1.13636364e-05 2.50000462e+08 1.74765458e+03 -1.73187189e+03
2.14646465e-05 1.13636364e-05 2.50000707e+08 2.19374495e+03 -1.41593687e+03
2.19696970e-05 1.13636364e-05 2.50000971e+08 2.51820639e+03 -1.08239847e+03
2.24747475e-05 1.13636364e-05 2.50001238e+08 2.72807413e+03 -7.51448032e+02
2.29797980e-05 1.13636364e-05 2.50001492e+08 2.83543020e+03 -4.39131050e+02
2.34848485e-05 1.13636364e-05 2.50001722e+08 2.85542004e+03 -1.56983001e+02
2.39898990e-05 1.13636364e-05 2.50001919e+08 2.80447252e+03 8.78016509e+01
2.44949495e-05 1.13636364e-05 2.50002079e+08 2.69886816e+03 2.91834603e+02
2.50000000e-05 1.13636364e-05 2.50002200e+08 2.55370979e+03 4.54799547e+02
-2.50000000e-05 1.18686869e-05 2.49999371e+08 -3.42103096e+03 -8.31336844e+01
-2.44949495e-05 1.18686869e-05 2.49999004e+08 -3.85455911e+03 -1.65646411e+02
-2.39898990e-05 1.18686869e-05 2.49998547e+08 -4.36760325e+03 -2.63113518e+02
-2.34848485e-05 1.18686869e-05 2.49997978e+08 -4.97827557e+03 -3.74791334e+02
-2.29797980e-05 1.18686869e-05 2.49997270e+08 -5.70899648e+03 -4.97343897e+02
-2.24747475e-05 1.18686869e-05 2.49996392e+08 -6.58714083e+03 -6.22843362e+02
-2.19696970e-05 1.18686869e-05 2.49995307e+08 -7.64529202e+03 -7.35517728e+02
-2.14646465e-05 1.18686869e-05 2.49993977e+08 -8.92045373e+03 -8.06567623e+02
-2.09595960e-05 1.18686869e-05 2.49992362e+08 -1.04509269e+04 -7.86119558e+02
-2.04545455e-05 1.18686869e-05 2.49990439e+08 -1.22684082e+04 -5.91200099e+02
-1.99494949e-05 1.18686869e-05 2.49988213e+08 -1.43809241e+04 -8.88254580e+01
-1.94444444e-05 1.18686869e-05 2.49985752e+08 -1.67392605e+04 9.25303705e+02
-1.89393939e-05 1.18686869e-05 2.49983244e+08 -1.91758938e+04 2.74774578e+03
-1.84343434e-05 1.18686869e-05 2.49981066e+08 -2.13032742e+04 5.77297982e+03
-1.79292929e-05 1.18686869e-05 2.49979870e+08 -2.23646760e+04 1.04488136e+04
-1.74242424e-05 1.18686869e-05 2.49980621e+08 -2.10624325e+04 1.71155482e+04
-1.69191919e-05 1.18686869e-05 2.49984474e+08 -1.54746572e+04 2.56362938e+04
-1.64141414e-05 1.18686869e-05 2.49992287e+08 -3.33800932e+03 3.47673245e+04
-1.59090909e-05 1.18686869e-05 2.50003602e+08 1.68481423e+04 4.14787167e+04
-1.54040404e-05 1.18686869e-05 2.50015464e+08 4.36498824e+04 4.10691177e+04
-1.48989899e-05 1.18686869e-05 2.50022542e+08 7.06182804e+04 2.94501240e+04
-1.43939394e-05 1.18686869e-05 2.50020349e+08 8.76695871e+04 7.41710798e+03
-1.38888889e-05 1.18686869e-05 2.50009715e+08 8.77049325e+04 -1.75603396e+04
-1.33838384e-05 1.18686869e-05 2.49996655e+08 7.24717557e+04 -3.62302723e+04
-1.28787879e-05 1.18686869e-05 2.49987046e+08 5.02642432e+04 -4.42853708e+04
-1.23737374e-05 1.18686869e-05 2.49982875e+08 2.90041518e+04 -4.33564708e+04
-1.18686869e-05 1.18686869e-05 2.49983008e+08 1.25919268e+04 -3.74520658e+04
-1.13636364e-05 1.18686869e-05 2.49985458e+08 1.54253150e+03 -2.99611775e+04
-1.08585859e-05 1.18686869e-05 2.49988675e+08 -5.16504136e+03 -2.28111687e+04
-1.03535354e-05 1.18686869e-05 2.49991791e+08 -8.83754862e+03 -1.67841880e+04
-9.84848485e-06 1.18686869e-05 2.49994438e+08 -1.05622152e+04 -1.20267923e+04
-9.34343434e-06 1.18686869e-05 2.49996531e+08 -1.11086710e+04 -8.40983336e+03
-8.83838384e-06 1.18686869e-05 2.49998111e+08 -1.09786690e+04 -5.72090771e+03
-8.33333333e-06 1.18686869e-05 2.49999264e+08 -1.04836577e+04 -3.74970923e+03
-7.82828283e-06 1.18686869e-05 2.50000080e+08 -9.81037229e+03 -2.31813108e+03
-7.32323232e-06 1.18686869e-05 2.50000641e+08 -9.06735577e+03 -1.28568205e+03
-6.81818182e-06 1.18686869e-05 2.50001012e+08 -8.31545976e+03 -5.45519779e+02
-6.31313131e-06 1.18686869e-05 2.50001243e+08 -7.58704531e+03 -1.79575748e+01
-5.80808081e-06 1.18686869e-05 2.50001371e+08 -6.89780301e+03 3.55828326e+02
-5.30303030e-06 1.18686869e-05 2.50001426e+08 -6.25394084e+03 6.19015862e+02
-4.79797980e-06 1.18686869e-05 2.50001428e+08 -5.65653429e+03 8.03163625e+02
-4.29292929e-06 1.18686869e-05 2.50001392e+08 -5.10417361e+03 9.31204845e+02
-3.78787879e-06 1.18686869e-05 2.50001329e+08 -4.59461608e+03 1.01964320e+03
-3.28282828e-06 1.18686869e-05 2.50001248e+08 -4.12587628e+03 1.08019750e+03
-2.77777778e-06 1.18686869e-05 2.50001156e+08 -3.69698754e+03 1.12114878e+03
-2.27272727e-06 1.18686869e-05 2.50001059e+08 -3.30847129e+03 1.14864938e+03
-1.76767677e-06 1.18686869e-05 2.50000962e+08 -2.96230771e+03 1.16820001e+03
-1.26262626e-06 1.18686869e-05 2.50000869e+08 -2.66096158e+03 1.18624434e+03
-7.57575758e-07 1.18686869e-05 2.50000783e+08 -2.40509699e+03 1.21124574e+03
-2.52525253e-07 1.18686869e-05 2.50000704e+08 -2.19054995e+03 1.25300815e+03
2.52525253e-07 1.18686869e-05 2.50000626e+08 -2.00680437e+03 1.31950924e+03
7.57575758e-07 1.18686869e-05 2.50000547e+08 -1.83957353e+03 1.41290540e+03
1.26262626e-06 1.18686869e-05 2.50000469e+08 -1.67688445e+03 1.52836396e+03
1.76767677e-06 1.18686869e-05 2.50000396e+08 -1.51404105e+03 1.65722656e+03
2.27272727e-06 1.18686869e-05 2.50000334e+08 -1.35384849e+03 1.79156043e+03
2.77777778e-06 1.18686869e-05 2.50000289e+08 -1.20341582e+03 1.92648625e+03
3.28282828e-06 1.18686869e-05 2.50000265e+08 -1.07101769e+03 2.05990842e+03
3.78787879e-06 1.18686869e-05 2.50000261e+08 -9.64568687e+02 2.19144146e+03
4.29292929e-06 1.18686869e-05 2.50000279e+08 -8.91095552e+02 2.32177075e+03
4.79797980e-06 1.18686869e-05 2.50000317e+08 -8.56278555e+02 2.45238902e+03
5.30303030e-06 1.18686869e-05 2.50000374e+08 -8.63892103e+02 2.58518006e+03
5.80808081e-06 1.18686869e-05 2.50000447e+08 -9.15526692e+02 2.72166903e+03
6.31313131e-06 1.18686869e-05 2.50000534e+08 -1.01086930e+03 2.86222147e+03
6.81818182e-06 1.18686869e-05 2.50000633e+08 -1.14839761e+03 3.00555436e+03
7.32323232e-06 1.18686869e-05 2.50000742e+08 -1.32610233e+03 3.14867465e+03
7.82828283e-06 1.18686869e-05 2.50000861e+08 -1.54193143e+03 3.28710840e+03
8.33333333e-06 1.18686869e-05 2.50000988e+08 -1.79386707e+03 3.41521401e+03
8.83838384e-06 1.18686869e-05 2.50001123e+08 -2.07970424e+03 3.52644771e+03
9.34343434e-06 1.18686869e-05 2.50001262e+08 -2.39664890e+03 3.61355297e+03
9.84848485e-06 1.18686869e-05 2.50001402e+08 -2.74083513e+03 3.66871364e+03
1.03535354e-05 1.18686869e-05 2.50001540e+08 -3.10682893e+03 3.68373559e+03
1.08585859e-05 1.18686869e-05 2.50001670e+08 -3.48716826e+03 3.65031968e+03
1.13636364e-05 1.18686869e-05 2.50001785e+08 -3.87198758e+03 3.56047433e+03
1.18686869e-05 1.18686869e-05 2.50001877e+08 -4.24878625e+03 3.40709495e+03
1.23737374e-05 1.18686869e-05 2.50001939e+08 -4.60241482e+03 3.18470963e+03
1.28787879e-05 1.18686869e-05 2.50001963e+08 -4.91536113e+03 2.89035481e+03
1.33838384e-05 1.18686869e-05 2.50001943e+08 -5.16841262e+03 2.52450197e+03
1.38888889e-05 1.18686869e-05 2.50001873e+08 -5.34174179e+03 2.09191078e+03
1.43939394e-05 1.18686869e-05 2.50001754e+08 -5.41640615e+03 1.60224627e+03
1.48989899e-05 1.18686869e-05 2.50001586e+08 -5.37617215e+03 1.07028155e+03
1.54040404e-05 1.18686869e-05 2.50001378e+08 -5.20947865e+03 5.15528028e+02
1.59090909e-05 1.18686869e-05 2.50001140e+08 -4.91126942e+03 -3.87985155e+01
1.64141414e-05 1.18686869e-05 2.50000888e+08 -4.48437716e+03 -5.67457115e+02
1.69191919e-05 1.18686869e-05 2.50000640e+08 -3.94015733e+03 -1.04535253e+03
1.74242424e-05 1.18686869e-05 2.50000412e+08 -3.29816335e+03 -1.44991795e+03
1.79292929e-05 1.18686869e-05 2.50000224e+08 -2.58481280e+03 -1.76335076e+03
1.84343434e-05 1.18686869e-05 2.50000090e+08 -1.83118296e+03 -1.97434033e+03
1.89393939e-05 1.18686869e-05 2.50000019e+08 -1.07024422e+03 -2.07900961e+03
1.94444444e-05 1.18686869e-05 2.50000015e+08 -3.33944254e+02 -2.08093961e+03
1.99494949e-05 1.18686869e-05 2.50000076e+08 3.49432013e+02 -1.99031962e+03
2.04545455e-05 1.18686869e-05 2.50000198e+08 9.57279933e+02 -1.82241788e+03
2.09595960e-05 1.18686869e-05 2.50000367e+08 1.47386502e+03 -1.59566393e+03
2.14646465e-05 1.18686869e-05 2.50000572e+08 1.89064256e+03 -1.32965789e+03
2.19696970e-05 1.18686869e-05 2.50000798e+08 2.20580793e+03 -1.04338082e+03
2.24747475e-05 1.18686869e-05 2.50001031e+08 2.42327584e+03 -7.53796002e+02
2.29797980e-05 1.18686869e-05 2.50001258e+08 2.55132760e+03 -4.74931329e+02
2.34848485e-05 1.18686869e-05 2.50001469e+08 2.60115585e+03 -2.17441875e+02
2.39898990e-05 1.18686869e-05 2.50001656e+08 2.58549204e+03 1.14150755e+01
2.44949495e-05 1.18686869e-05 2.50001814e+08 2.51744056e+03 2.07497254e+02
2.50000000e-05 1.18686869e-05 2.50001940e+08 2.40958238e+03 3.69301371e+02
-2.50000000e-05 1.23737374e-05 2.50000098e+08 -3.35217702e+03 2.16888918e+02
-2.44949495e-05 1.23737374e-05 2.49999823e+08 -3.76862308e+03 1.48006966e+02
-2.39898990e-05 1.23737374e-05 2.49999465e+08 -4.26294018e+03 5.88949281e+01
-2.34848485e-05 1.23737374e-05 2.49999003e+08 -4.85441673e+03 -5.33244428e+01
-2.29797980e-05 1.23737374e-05 2.49998405e+08 -5.56792141e+03 -1.90635477e+02
-2.24747475e-05 1.23737374e-05 2.49997633e+08 -6.43548356e+03 -3.52782115e+02
-2.19696970e-05 1.23737374e-05 2.49996639e+08 -7.49808648e+03 -5.34794508e+02
-2.14646465e-05 1.23737374e-05 2.49995362e+08 -8.80735936e+03 -7.22574295e+02
-2.09595960e-05 1.23737374e-05 2.49993731e+08 -1.04263195e+04 -8.85205732e+02
-2.04545455e-05 1.23737374e-05 2.49991672e+08 -1.24271710e+04 -9.61918666e+02
-1.99494949e-05 1.23737374e-05 2.49989113e+08 -1.48818362e+04 -8.40758087e+02
-1.94444444e-05 1.23737374e-05 2.49986023e+08 -1.78364380e+04 -3.25548841e+02
-1.89393939e-05 1.23737374e-05 2.49982467e+08 -2.12531506e+04 9.10584773e+02
-1.84343434e-05 1.23737374e-05 2.49978714e+08 -2.48912640e+04 3.37861088e+03
-1.79292929e-05 1.23737374e-05 2.49975401e+08 -2.80881301e+04 7.80297320e+03
-1.74242424e-05 1.23737374e-05 2.49973741e+08 -2.94091271e+04 1.50400623e+04
-1.69191919e-05 1.23737374e-05 2.49975633e+08 -2.62193107e+04 2.56994943e+04
-1.64141414e-05 1.23737374e-05 2.49983328e+08 -1.45059085e+04 3.91786734e+04
-1.59090909e-05 1.23737374e-05 2.49997974e+08 1.01069250e+04 5.19572767e+04
-1.54040404e-05 1.23737374e-05 2.50016627e+08 4.85514671e+04 5.61170760e+04
-1.48989899e-05 1.23737374e-05 2.50029919e+08 9.17796971e+04 4.18541579e+04
-1.43939394e-05 1.23737374e-05 2.50027218e+08 1.19532672e+05 7.75631578e+03
-1.38888889e-05 1.23737374e-05 2.50009353e+08 1.15873867e+05 -3.11418349e+04
-1.33838384e-05 1.23737374e-05 2.49989646e+08 8.65990082e+04 -5.56991249e+04
-1.28787879e-05 1.23737374e-05 2.49978684e+08 5.07846342e+04 -6.07039404e+04
-1.23737374e-05 1.23737374e-05 2.49977038e+08 2.18610117e+04 -5.31637583e+04
-1.18686869e-05 1.23737374e-05 2.49980581e+08 3.09729771e+03 -4.13615719e+04
-1.13636364e-05 1.23737374e-05 2.49985698e+08 -7.41442865e+03 -3.00306005e+04
-1.08585859e-05 1.23737374e-05 2.49990514e+08 -1.25285247e+04 -2.08561296e+04
-1.03535354e-05 1.23737374e-05 2.49994378e+08 -1.44875214e+04 -1.39977285e+04
-9.84848485e-06 1.23737374e-05 2.49997234e+08 -1.47371301e+04 -9.07785875e+03
-9.34343434e-06 1.23737374e-05 2.49999237e+08 -1.41275665e+04 -5.62724758e+03
-8.83838384e-06 1.23737374e-05 2.50000585e+08 -1.31330139e+04 -3.23914523e+03
-8.33333333e-06 1.23737374e-05 2.50001456e+08 -1.20073018e+04 -1.60164915e+03
-7.82828283e-06 1.23737374e-05 2.50001989e+08 -1.08801121e+04 -4.88241792e+02
-7.32323232e-06 1.23737374e-05 2.50002288e+08 -9.81295294e+03 2.61436146e+02
-6.81818182e-06 1.23737374e-05 2.50002425e+08 -8.83077295e+03 7.59647893e+02
-6.31313131e-06 1.23737374e-05 2.50002455e+08 -7.93952267e+03 1.08471183e+03
-5.80808081e-06 1.23737374e-05 2.50002412e+08 -7.13579638e+03 1.29128737e+03
-5.30303030e-06 1.23737374e-05 2.50002322e+08 -6.41206525e+03 1.41757878e+03
-4.79797980e-06 1.23737374e-05 2.50002201e+08 -5.75948428e+03 1.49027442e+03
-4.29292929e-06 1.23737374e-05 2.50002062e+08 -5.16939549e+03 1.52788209e+03
-3.78787879e-06 1.23737374e-05 2.50001911e+08 -4.63417754e+03 1.54295343e+03
-3.28282828e-06 1.23737374e-05 2.50001754e+08 -4.14783765e+03 1.54357461e+03
-2.77777778e-06 1.23737374e-05 2.50001596e+08 -3.70658804e+03 1.53446395e+03
-2.27272727e-06 1.23737374e-05 2.50001440e+08 -3.30948270e+03 1.51807381e+03
-1.76767677e-06 1.23737374e-05 2.50001291e+08 -2.95885506e+03 1.49619597e+03
-1.26262626e-06 1.23737374e-05 2.50001156e+08 -2.65966204e+03 1.47245187e+03
-7.57575758e-07 1.23737374e-05 2.50001036e+08 -2.41624150e+03 1.45509663e+03
-2.52525253e-07 1.23737374e-05 2.50000931e+08 -2.22600991e+03 1.45749892e+03
2.52525253e-07 1.23737374e-05 2.50000834e+08 -2.07404324e+03 1.49286690e+03
7.57575758e-07 1.23737374e-05 2.50000739e+08 -1.93636751e+03 1.56504327e+03
1.26262626e-06 1.23737374e-05 2.50000644e+08 -1.79293749e+03 1.66495855e+03
1.76767677e-06 1.23737374e-05 2.50000560e+08 -1.63808054e+03 1.77788533e+03
2.27272727e-06 1.23737374e-05 2.50000495e+08 -1.47875544e+03 1.89293895e+03
2.77777778e-06 1.23737374e-05 2.50000455e+08 -1.32633121e+03 2.00566541e+03
3.28282828e-06 1.23737374e-05 2.50000438e+08 -1.19129184e+03 2.11523175e+03
3.78787879e-06 1.23737374e-05 2.50000445e+08 -1.08251567e+03 2.22177931e+03
4.29292929e-06 1.23737374e-05 2.50000474e+08 -1.00789960e+03 2.32598826e+03
4.79797980e-06 1.23737374e-05 2.50000522e+08 -9.73984758e+02 2.42959581e+03
5.30303030e-06 1.23737374e-05 2.50000587e+08 -9.84742821e+02 2.53521986e+03
5.80808081e-06 1.23737374e-05 2.50000666e+08 -1.04086299e+03 2.64517465e+03
6.31313131e-06 1.23737374e-05 2.50000753e+08 -1.14027220e+03 2.76013596e+03
6.81818182e-06 1.23737374e-05 2.50000848e+08 -1.27945380e+03 2.87850953e+03
7.32323232e-06 1.23737374e-05 2.50000947e+08 -1.45468265e+03 2.99662138e+03
7.82828283e-06 1.23737374e-05 2.50001051e+08 -1.66265501e+03 3.10932029e+03
8.33333333e-06 1.23737374e-05 2.50001159e+08 -1.90050565e+03 3.21057150e+03
8.83838384e-06 1.23737374e-05 2.50001270e+08 -2.16544989e+03 3.29385734e+03
9.34343434e-06 1.23737374e-05 2.50001381e+08 -2.45428296e+03 3.35239934e+03
9.84848485e-06 1.23737374e-05 2.50001492e+08 -2.76287648e+03 3.37929600e+03
1.03535354e-05 1.23737374e-05 2.50001596e+08 -3.08573627e+03 3.36767122e+03
1.08585859e-05 1.23737374e-05 2.50001691e+08 -3.41565097e+03 3.31090100e+03
1.13636364e-05 1.23737374e-05 2.50001769e+08 -3.74345645e+03 3.20295597e+03
1.18686869e-05 1.23737374e-05 2.50001826e+08 -4.05795019e+03 3.03887040e+03
1.23737374e-05 1.23737374e-05 2.50001855e+08 -4.34600047e+03 2.81532309e+03
1.28787879e-05 1.23737374e-05 2.50001850e+08 -4.59289875e+03 2.53128815e+03
1.33838384e-05 1.23737374e-05 2.50001807e+08 -4.78299459e+03 2.18868505e+03
1.38888889e-05 1.23737374e-05 2.50001722e+08 -4.90062734e+03 1.79293052e+03
1.43939394e-05 1.23737374e-05 2.50001598e+08 -4.93132581e+03 1.35327619e+03
1.48989899e-05 1.23737374e-05 2.50001435e+08 -4.86319167e+03 8.82814715e+02
1.54040404e-05 1.23737374e-05 2.50001241e+08 -4.68832226e+03 3.98060568e+02
1.59090909e-05 1.23737374e-05 2.50001025e+08 -4.40408010e+03 -8.19361425e+01
1.64141414e-05 1.23737374e-05 2.50000801e+08 -4.01399561e+03 -5.36908144e+02
1.69191919e-05 1.23737374e-05 2.50000581e+08 -3.52811103e+03 -9.47000136e+02
1.74242424e-05 1.23737374e-05 2.50000382e+08 -2.96264150e+03 -1.29450987e+03
1.79292929e-05 1.23737374e-05 2.50000216e+08 -2.33893469e+03 -1.56549787e+03
1.84343434e-05 1.23737374e-05 2.50000095e+08 -1.68183202e+03 -1.75102631e+03
1.89393939e-05 1.23737374e-05 2.50000028e+08 -1.01764179e+03 -1.84784332e+03
1.94444444e-05 1.23737374e-05 2.50000016e+08 -3.72001524e+02 -1.85842418e+03
1.99494949e-05 1.23737374e-05 2.50000061e+08 2.32083331e+02 -1.79039274e+03
2.04545455e-05 1.23737374e-05 2.50000156e+08 7.75784112e+02 -1.65544671e+03
2.09595960e-05 1.23737374e-05 2.50000295e+08 1.24542477e+03 -1.46797772e+03
2.14646465e-05 1.23737374e-05 2.50000467e+08 1.63284171e+03 -1.24360002e+03
2.19696970e-05 1.23737374e-05 2.50000659e+08 1.93517793e+03 -9.97782223e+02
2.24747475e-05 1.23737374e-05 2.50000862e+08 2.15423285e+03 -7.44726717e+02
2.29797980e-05 1.23737374e-05 2.50001064e+08 2.29552577e+03 -4.96577191e+02
2.34848485e-05 1.23737374e-05 2.50001256e+08 2.36723410e+03 -2.62972323e+02
2.39898990e-05 1.23737374e-05 2.50001430e+08 2.37914474e+03 -5.09137829e+01
2.44949495e-05 1.23737374e-05 2.50001583e+08 2.34172015e+03 1.35114964e+02
2.50000000e-05 1.23737374e-05 2.50001709e+08 2.26533959e+03 2.92855986e+02
-2.50000000e-05 1.28787879e-05 2.50000881e+08 -3.30694876e+03 5.82471173e+02
-2.44949495e-05 1.28787879e-05 2.50000720e+08 -3.70461411e+03 5.45849778e+02
-2.39898990e-05 1.28787879e-05 2.50000494e+08 -4.17607659e+03 4.88821299e+02
-2.34848485e-05 1.28787879e-05 2.50000182e+08 -4.74042329e+03 4.06119181e+02
-2.29797980e-05 1.28787879e-05 2.49999753e+08 -5.42293853e+03 2.91773659e+02
-2.24747475e-05 1.28787879e-05 2.49999168e+08 -6.25736835e+03 1.39596163e+02
-2.19696970e-05 1.28787879e-05 2.49998371e+08 -7.28898190e+03 -5.56039432e+01
-2.14646465e-05 1.28787879e-05 2.49997290e+08 -8.57856703e+03 -2.95347781e+02
-2.09595960e-05 1.28787879e-05 2.49995829e+08 -1.02072687e+04 -5.72003045e+02
-2.04545455e-05 1.28787879e-05 2.49993865e+08 -1.22814651e+04 -8.57996594e+02
-1.99494949e-05 1.28787879e-05 2.49991247e+08 -1.49349933e+04 -1.08531723e+03
-1.94444444e-05 1.28787879e-05 2.49987814e+08 -1.83214885e+04 -1.10800624e+03
-1.89393939e-05 1.28787879e-05 2.49983433e+08 -2.25794349e+04 -6.37018370e+02
-1.84343434e-05 1.28787879e-05 2.49978112e+08 -2.77317350e+04 8.63438821e+02
-1.79292929e-05 1.28787879e-05 2.49972212e+08 -3.34447939e+04 4.31447223e+03
-1.74242424e-05 1.28787879e-05 2.49966848e+08 -3.85242498e+04 1.11327755e+04
-1.69191919e-05 1.28787879e-05 2.49964426e+08 -4.00171289e+04 2.30852008e+04
-1.64141414e-05 1.28787879e-05 2.49969018e+08 -3.20112479e+04 4.13167951e+04
-1.59090909e-05 1.28787879e-05 2.49985388e+08 -5.19110978e+03 6.35028919e+04
-1.54040404e-05 1.28787879e-05 2.50013961e+08 4.90024308e+04 7.84461205e+04
-1.48989899e-05 1.28787879e-05 2.50040526e+08 1.22501925e+05 6.37358742e+04
-1.43939394e-05 1.28787879e-05 2.50038116e+08 1.72787330e+05 7.14624005e+03
-1.38888889e-05 1.28787879e-05 2.50005280e+08 1.58015403e+05 -5.80475138e+04
-1.33838384e-05 1.28787879e-05 2.49975674e+08 9.87568690e+04 -8.73949543e+04
-1.28787879e-05 1.28787879e-05 2.49967100e+08 4.19091971e+04 -8.09233407e+04
-1.23737374e-05 1.28787879e-05 2.49972250e+08 6.16510038e+03 -6.08298758e+04
-1.18686869e-05 1.28787879e-05 2.49981157e+08 -1.16850084e+04 -4.12292211e+04
-1.13636364e-05 1.28787879e-05 2.49989120e+08 -1.89303254e+04 -2.63362286e+04
-1.08585859e-05 1.28787879e-05 2.49994968e+08 -2.07910114e+04 -1.60713391e+04
-1.03535354e-05 1.28787879e-05 2.49998878e+08 -2.01845271e+04 -9.29505155e+03
-9.84848485e-06 1.28787879e-05 2.50001336e+08 -1.85852310e+04 -4.91329182e+03
-9.34343434e-06 1.28787879e-05 2.50002794e+08 -1.66956702e+04 -2.11373721e+03
-8.83838384e-06 1.28787879e-05 2.50003592e+08 -1.48310243e+04 -3.44043775e+02
-8.33333333e-06 1.28787879e-05 2.50003966e+08 -1.31185213e+04 7.58627833e+02
-7.82828283e-06 1.28787879e-05 2.50004074e+08 -1.15969271e+04 1.42980338e+03
-7.32323232e-06 1.28787879e-05 2.50004018e+08 -1.02652734e+04 1.82218683e+03
-6.81818182e-06 1.28787879e-05 2.50003865e+08 -9.10637615e+03 2.03519862e+03
-6.31313131e-06 1.28787879e-05 2.50003659e+08 -8.09794224e+03 2.13400299e+03
-5.80808081e-06 1.28787879e-05 2.50003424e+08 -7.21759824e+03 2.16162531e+03
-5.30303030e-06 1.28787879e-05 2.50003179e+08 -6.44497117e+03 2.14664146e+03
-4.79797980e-06 1.28787879e-05 2.50002932e+08 -5.76237589e+03 2.10804331e+03
-4.29292929e-06 1.28787879e-05 2.50002689e+08 -5.15489303e+03 2.05828499e+03
-3.78787879e-06 1.28787879e-05 2.50002452e+08 -4.61025797e+03 2.00512821e+03
-3.28282828e-06 1.28787879e-05 2.50002221e+08 -4.11883452e+03 1.95267408e+03
-2.77777778e-06 1.28787879e-05 2.50001998e+08 -3.67392018e+03 1.90187868e+03
-2.27272727e-06 1.28787879e-05 2.50001783e+08 -3.27262779e+03 1.85095047e+03
-1.76767677e-06 1.28787879e-05 2.50001581e+08 -2.91737228e+03 1.79642178e+03
-1.26262626e-06 1.28787879e-05 2.50001396e+08 -2.61697157e+03 1.73627074e+03
-7.57575758e-07 1.28787879e-05 2.50001237e+08 -2.38395742e+03 1.67600718e+03
-2.52525253e-07 1.28787879e-05 2.50001104e+08 -2.22318485e+03 1.63405594e+03
2.52525253e-07 1.28787879e-05 2.50000987e+08 -2.11533438e+03 1.63521806e+03
7.57575758e-07 1.28787879e-05 2.50000871e+08 -2.01776769e+03 1.68867174e+03
1.26262626e-06 1.28787879e-05 2.50000758e+08 -1.89504014e+03 1.77649120e+03
1.76767677e-06 1.28787879e-05 2.50000665e+08 -1.74349949e+03 1.87262802e+03
2.27272727e-06 1.28787879e-05 2.50000604e+08 -1.58082216e+03 1.96426889e+03
2.77777778e-06 1.28787879e-05 2.50000578e+08 -1.42492084e+03 2.05123450e+03
3.28282828e-06 1.28787879e-05 2.50000580e+08 -1.28702299e+03 2.13584566e+03
3.78787879e-06 1.28787879e-05 2.50000604e+08 -1.17532651e+03 2.21815384e+03
4.29292929e-06 1.28787879e-05 2.50000649e+08 -1.09853608e+03 2.29749459e+03
4.79797980e-06 1.28787879e-05 2.50000711e+08 -1.06503247e+03 2.37532805e+03
5.30303030e-06 1.28787879e-05 2.50000786e+08 -1.07961794e+03 2.45547623e+03
5.80808081e-06 1.28787879e-05 2.50000870e+08 -1.14172335e+03 2.54168381e+03
6.31313131e-06 1.28787879e-05 2.50000957e+08 -1.24662159e+03 2.63506874e+03
6.81818182e-06 1.28787879e-05 2.50001045e+08 -1.38811355e+03 2.73336474e+03
7.32323232e-06 1.28787879e-05 2.50001132e+08 -1.56060187e+03 2.83174989e+03
7.82828283e-06 1.28787879e-05 2.50001218e+08 -1.75980307e+03 2.92410900e+03
8.33333333e-06 1.28787879e-05 2.50001304e+08 -1.98247060e+03 3.00395924e+03
8.83838384e-06 1.28787879e-05 2.50001390e+08 -2.22573114e+03 3.06489979e+03
9.34343434e-06 1.28787879e-05 2.50001475e+08 -2.48641342e+03 3.10075523e+03
9.84848485e-06 1.28787879e-05 2.50001556e+08 -2.76050992e+03 3.10561277e+03
1.03535354e-05 1.28787879e-05 2.50001630e+08 -3.04279005e+03 3.07388534e+03
1.08585859e-05 1.28787879e-05 2.50001693e+08 -3.32655054e+03 3.00046469e+03
1.13636364e-05 1.28787879e-05 2.50001741e+08 -3.60349643e+03 2.88098447e+03
1.18686869e-05 1.28787879e-05 2.50001768e+08 -3.86376247e+03 2.71218632e+03
1.23737374e-05 1.28787879e-05 2.50001770e+08 -4.09609757e+03 2.49236278e+03
1.28787879e-05 1.28787879e-05 2.50001743e+08 -4.28823807e+03 2.22183327e+03
1.33838384e-05 1.28787879e-05 2.50001683e+08 -4.42748703e+03 1.90339252e+03
1.38888889e-05 1.28787879e-05 2.50001589e+08 -4.50149646e+03 1.54265653e+03
1.43939394e-05 1.28787879e-05 2.50001462e+08 -4.49921780e+03 1.14822432e+03
1.48989899e-05 1.28787879e-05 2.50001306e+08 -4.41194853e+03 7.31579213e+02
1.54040404e-05 1.28787879e-05 2.50001125e+08 -4.23436503e+03 3.06675659e+02
1.59090909e-05 1.28787879e-05 2.50000930e+08 -3.96540490e+03 -1.10803281e+02
1.64141414e-05 1.28787879e-05 2.50000728e+08 -3.60885484e+03 -5.04479723e+02
1.69191919e-05 1.28787879e-05 2.50000534e+08 -3.17352108e+03 -8.58511656e+02
1.74242424e-05 1.28787879e-05 2.50000357e+08 -2.67290826e+03 -1.15887865e+03
1.79292929e-05 1.28787879e-05 2.50000210e+08 -2.12440415e+03 -1.39455534e+03
1.84343434e-05 1.28787879e-05 2.50000101e+08 -1.54804685e+03 -1.55841140e+03
1.89393939e-05 1.28787879e-05 2.50000037e+08 -9.65020343e+02 -1.64771447e+03
1.94444444e-05 1.28787879e-05 2.50000020e+08 -3.96067706e+02 -1.66417565e+03
1.99494949e-05 1.28787879e-05 2.50000051e+08 1.39981191e+02 -1.61355013e+03
2.04545455e-05 1.28787879e-05 2.50000126e+08 6.27399064e+02 -1.50487274e+03
2.09595960e-05 1.28787879e-05 2.50000240e+08 1.05435505e+03 -1.34945534e+03
2.14646465e-05 1.28787879e-05 2.50000383e+08 1.41326905e+03 -1.15979240e+03
2.19696970e-05 1.28787879e-05 2.50000548e+08 1.70074899e+03 -9.48513027e+02
2.24747475e-05 1.28787879e-05 2.50000723e+08 1.91718487e+03 -7.27488404e+02
2.29797980e-05 1.28787879e-05 2.50000902e+08 2.06610392e+03 -5.07162311e+02
2.34848485e-05 1.28787879e-05 2.50001075e+08 2.15339914e+03 -2.96129994e+02
2.39898990e-05 1.28787879e-05 2.50001237e+08 2.18653365e+03 -1.00954043e+02
2.44949495e-05 1.28787879e-05 2.50001381e+08 2.17380123e+03 7.38196268e+01
2.50000000e-05 1.28787879e-05 2.50001506e+08 2.12369676e+03 2.25496247e+02
-2.50000000e-05 1.33838384e-05 2.50001686e+08 -3.30129731e+03 9.98203993e+02
-2.44949495e-05 1.33838384e-05 2.50001656e+08 -3.68331829e+03 1.01129212e+03
-2.39898990e-05 1.33838384e-05 2.50001586e+08 -4.13406412e+03 1.00959242e+03
-2.34848485e-05 1.33838384e-05 2.50001460e+08 -4.67138512e+03 9.87374654e+02
-2.29797980e-05 1.33838384e-05 2.50001252e+08 -5.31927036e+03 9.37182875e+02
-2.24747475e-05 1.33838384e-05 2.50000927e+08 -6.11040803e+03 8.49523667e+02
-2.19696970e-05 1.33838384e-05 2.50000435e+08 -7.08993961e+03 7.12757709e+02
-2.14646465e-05 1.33838384e-05 2.49999703e+08 -8.32096231e+03 5.13608447e+02
-2.09595960e-05 1.33838384e-05 2.49998627e+08 -9.89250857e+03 2.39220963e+02
-2.04545455e-05 1.33838384e-05 2.49997060e+08 -1.19307712e+04 -1.17194565e+02
-1.99494949e-05 1.33838384e-05 2.49994792e+08 -1.46137802e+04 -5.42821034e+02
-1.94444444e-05 1.33838384e-05 2.49991544e+08 -1.81872019e+04 -9.74943243e+02
-1.89393939e-05 1.33838384e-05 2.49986961e+08 -2.29707769e+04 -1.23666796e+03
-1.84343434e-05 1.33838384e-05 2.49980666e+08 -2.93222085e+04 -9.08216645e+02
-1.79292929e-05 1.33838384e-05 2.49972439e+08 -3.74691414e+04 9.09163442e+02
-1.74242424e-05 1.33838384e-05 2.49962673e+08 -4.70006383e+04 5.96049039e+03
-1.69191919e-05 1.33838384e-05 2.49953332e+08 -5.56172187e+04 1.72101521e+04
-1.64141414e-05 1.33838384e-05 2.49949486e+08 -5.66026041e+04 3.86036884e+04
-1.59090909e-05 1.33838384e-05 2.49960757e+08 -3.49429806e+04 7.24003408e+04
-1.54040404e-05 1.33838384e-05 2.49998718e+08 3.45984272e+04 1.09401740e+05
-1.48989899e-05 1.33838384e-05 2.50054051e+08 1.65633589e+05 1.06290518e+05
-1.43939394e-05 1.33838384e-05 2.50057397e+08 2.73039101e+05 3.65347355e+03
-1.38888889e-05 1.33838384e-05 2.49988921e+08 2.20745553e+05 -1.17048824e+05
-1.33838384e-05 1.33838384e-05 2.49949854e+08 9.46941726e+04 -1.36246190e+05
-1.28787879e-05 1.33838384e-05 2.49956213e+08 1.30603608e+04 -9.84547492e+04
-1.23737374e-05 1.33838384e-05 2.49974013e+08 -2.09604992e+04 -5.97348023e+04
-1.18686869e-05 1.33838384e-05 2.49988374e+08 -3.10036904e+04 -3.34245692e+04
-1.13636364e-05 1.33838384e-05 2.49997457e+08 -3.14374430e+04 -1.75009376e+04
-1.08585859e-05 1.33838384e-05 2.50002618e+08 -2.85888778e+04 -8.22585082e+03
-1.03535354e-05 1.33838384e-05 2.50005309e+08 -2.49654785e+04 -2.90463361e+03
-9.84848485e-06 1.33838384e-05 2.50006539e+08 -2.14844462e+04 1.10555476e+02
-9.34343434e-06 1.33838384e-05 2.50006937e+08 -1.84300282e+04 1.78261474e+03
-8.83838384e-06 1.33838384e-05 2.50006876e+08 -1.58444852e+04 2.66954165e+03
-8.33333333e-06 1.33838384e-05 2.50006572e+08 -1.36853055e+04 3.09646019e+03
-7.82828283e-06 1.33838384e-05 2.50006152e+08 -1.18872512e+04 3.25480576e+03
-7.32323232e-06 1.33838384e-05 2.50005687e+08 -1.03856736e+04 3.25863416e+03
-6.81818182e-06 1.33838384e-05 2.50005218e+08 -9.12416766e+03 3.17667355e+03
-6.31313131e-06 1.33838384e-05 2.50004765e+08 -8.05605987e+03 3.05075226e+03
-5.80808081e-06 1.33838384e-05 2.50004339e+08 -7.14364624e+03 2.90652543e+03
-5.30303030e-06 1.33838384e-05 2.50003943e+08 -6.35676731e+03 2.75979009e+03
-4.79797980e-06 1.33838384e-05 2.50003578e+08 -5.67133855e+03 2.62022225e+03
-4.29292929e-06 1.33838384e-05 2.50003241e+08 -5.06805650e+03 2.49355617e+03
-3.78787879e-06 1.33838384e-05 2.50002928e+08 -4.53136033e+03 2.38275692e+03
-3.28282828e-06 1.33838384e-05 2.50002634e+08 -4.04872489e+03 2.28844998e+03
-2.77777778e-06 1.33838384e-05 2.50002355e+08 -3.61048027e+03 2.20869977e+03
-2.27272727e-06 1.33838384e-05 2.50002087e+08 -3.21062747e+03 2.13822573e+03
-1.76767677e-06 1.33838384e-05 2.50001828e+08 -2.84949020e+03 2.06764043e+03
-1.26262626e-06 1.33838384e-05 2.50001586e+08 -2.53867474e+03 1.98506460e+03
-7.57575758e-07 1.33838384e-05 2.50001374e+08 -2.30446982e+03 1.88551785e+03
-2.52525253e-07 1.33838384e-05 2.50001205e+08 -2.17394976e+03 1.79007482e+03
2.52525253e-07 1.33838384e-05 2.50001063e+08 -2.12991304e+03 1.74884836e+03
7.57575758e-07 1.33838384e-05 2.50000919e+08 -2.08946044e+03 1.78802335e+03
1.26262626e-06 1.33838384e-05 2.50000781e+08 -1.98356099e+03 1.86770812e+03
1.76767677e-06 1.33838384e-05 2.50000687e+08 -1.82360939e+03 1.93944582e+03
2.27272727e-06 1.33838384e-05 2.50000651e+08 -1.65319703e+03 1.99619762e+03
2.77777778e-06 1.33838384e-05 2.50000660e+08 -1.49663423e+03 2.05129644e+03
3.28282828e-06 1.33838384e-05 2.50000695e+08 -1.35952329e+03 2.11165677e+03
3.78787879e-06 1.33838384e-05 2.50000746e+08 -1.24559120e+03 2.17379451e+03
4.29292929e-06 1.33838384e-05 2.50000812e+08 -1.16512971e+03 2.23209242e+03
4.79797980e-06 1.33838384e-05 2.50000891e+08 -1.13131450e+03 2.28679796e+03
5.30303030e-06 1.33838384e-05 2.50000980e+08 -1.15134279e+03 2.34433834e+03
5.80808081e-06 1.33838384e-05 2.50001069e+08 -1.22243358e+03 2.41125199e+03
6.31313131e-06 1.33838384e-05 2.50001153e+08 -1.33536420e+03 2.48904604e+03
6.81818182e-06 1.33838384e-05 2.50001230e+08 -1.48021861e+03 2.57383757e+03
7.32323232e-06 1.33838384e-05 2.50001299e+08 -1.64959111e+03 2.65881647e+03
7.82828283e-06 1.33838384e-05 2.50001364e+08 -1.83885589e+03 2.73657926e+03
8.33333333e-06 1.33838384e-05 2.50001427e+08 -2.04509692e+03 2.80027917e+03
8.83838384e-06 1.33838384e-05 2.50001487e+08 -2.26592270e+03 2.84387990e+03
9.34343434e-06 1.33838384e-05 2.50001545e+08 -2.49860098e+03 2.86204032e+03
9.84848485e-06 1.33838384e-05 2.50001599e+08 -2.73952726e+03 2.84996350e+03
1.03535354e-05 1.33838384e-05 2.50001645e+08 -2.98393124e+03 2.80334592e+03
1.08585859e-05 1.33838384e-05 2.50001681e+08 -3.22574281e+03 2.71845709e+03
1.13636364e-05 1.33838384e-05 2.50001703e+08 -3.45757992e+03 2.59233613e+03
1.18686869e-05 1.33838384e-05 2.50001706e+08 -3.67085190e+03 2.42307712e+03
1.23737374e-05 1.33838384e-05 2.50001687e+08 -3.85598842e+03 2.21016706e+03
1.28787879e-05 1.33838384e-05 2.50001642e+08 -4.00280742e+03 1.95483342e+03
1.33838384e-05 1.33838384e-05 2.50001571e+08 -4.10102794e+03 1.66035063e+03
1.38888889e-05 1.33838384e-05 2.50001471e+08 -4.14091738e+03 1.33224927e+03
1.43939394e-05 1.33838384e-05 2.50001345e+08 -4.11404014e+03 9.78370994e+02
1.48989899e-05 1.33838384e-05 2.50001195e+08 -4.01404860e+03 6.08720858e+02
1.54040404e-05 1.33838384e-05 2.50001027e+08 -3.83743438e+03 2.35086999e+02
1.59090909e-05 1.33838384e-05 2.50000849e+08 -3.58414303e+03 -1.29572805e+02
1.64141414e-05 1.33838384e-05 2.50000668e+08 -3.25795493e+03 -4.71942103e+02
1.69191919e-05 1.33838384e-05 2.50000494e+08 -2.86655273e+03 -7.79281706e+02
1.74242424e-05 1.33838384e-05 2.50000337e+08 -2.42123166e+03 -1.04038854e+03
1.79292929e-05 1.33838384e-05 2.50000205e+08 -1.93625728e+03 -1.24646106e+03
1.84343434e-05 1.33838384e-05 2.50000106e+08 -1.42792787e+03 -1.39176087e+03
1.89393939e-05 1.33838384e-05 2.50000045e+08 -9.13444237e+02 -1.47398641e+03
1.94444444e-05 1.33838384e-05 2.50000025e+08 -4.09718043e+02 -1.49431683e+03
1.99494949e-05 1.33838384e-05 2.50000045e+08 6.77443907e+01 -1.45713274e+03
2.04545455e-05 1.33838384e-05 2.50000104e+08 5.05763542e+02 -1.36946629e+03
2.09595960e-05 1.33838384e-05 2.50000197e+08 8.94129998e+02 -1.24026574e+03
2.14646465e-05 1.33838384e-05 2.50000317e+08 1.22593161e+03 -1.07957592e+03
2.19696970e-05 1.33838384e-05 2.50000457e+08 1.49757191e+03 -8.97733241e+02
2.24747475e-05 1.33838384e-05 2.50000610e+08 1.70852437e+03 -7.04656687e+02
2.29797980e-05 1.33838384e-05 2.50000767e+08 1.86089127e+03 -5.09290212e+02
2.34848485e-05 1.33838384e-05 2.50000923e+08 1.95884525e+03 -3.19222608e+02
2.39898990e-05 1.33838384e-05 2.50001071e+08 2.00802861e+03 -1.40484834e+02
2.44949495e-05 1.33838384e-05 2.50001206e+08 2.01497287e+03 2.24953386e+01
2.50000000e-05 1.33838384e-05 2.50001326e+08 1.98658371e+03 1.66813782e+02
-2.50000000e-05 1.38888889e-05 2.50002471e+08 -3.34861055e+03 1.44093999e+03
-2.44949495e-05 1.38888889e-05 2.50002580e+08 -3.72298216e+03 1.51718667e+03
-2.39898990e-05 1.38888889e-05 2.50002679e+08 -4.16181031e+03 1.58969162e+03
-2.34848485e-05 1.38888889e-05 2.50002760e+08 -4.68134281e+03 1.65449130e+03
-2.29797980e-05 1.38888889e-05 2.50002807e+08 -5.30344708e+03 1.70581579e+03
-2.24747475e-05 1.38888889e-05 2.50002797e+08 -6.05809066e+03 1.73535758e+03
-2.19696970e-05 1.38888889e-05 2.50002694e+08 -6.98713679e+03 1.73131169e+03
-2.14646465e-05 1.38888889e-05 2.50002443e+08 -8.15024687e+03 1.67722546e+03
-2.09595960e-05 1.38888889e-05 2.50001957e+08 -9.63418462e+03 1.55091903e+03
-2.04545455e-05 1.38888889e-05 2.50001101e+08 -1.15676022e+04 1.32435704e+03
-1.99494949e-05 1.38888889e-05 2.49999664e+08 -1.41444760e+04 9.66972567e+02
-1.94444444e-05 1.38888889e-05 2.49997318e+08 -1.76603387e+04 4.59022890e+02
-1.89393939e-05 1.38888889e-05 2.49993563e+08 -2.25641805e+04 -1.68563170e+02
-1.84343434e-05 1.38888889e-05 2.49987673e+08 -2.95172049e+04 -7.28839260e+02
-1.79292929e-05 1.38888889e-05 2.49978705e+08 -3.94011550e+04 -6.23495425e+02
-1.74242424e-05 1.38888889e-05 2.49965757e+08 -5.30615188e+04 1.71314231e+03
-1.69191919e-05 1.38888889e-05 2.49948917e+08 -7.01614401e+04 9.81347711e+03
-1.64141414e-05 1.38888889e-05 2.49931531e+08 -8.57787208e+04 3.03022893e+04
-1.59090909e-05 1.38888889e-05 2.49924167e+08 -8.27560313e+04 7.23652863e+04
-1.54040404e-05 1.38888889e-05 2.49951403e+08 -1.68042570e+04 1.41101934e+05
-1.48989899e-05 1.38888889e-05 2.50053916e+08 2.06460695e+05 1.94654886e+05
-1.43939394e-05 1.38888889e-05 2.50099331e+08 5.05286522e+05 -8.77688214e+03
-1.38888889e-05 1.38888889e-05 2.49928663e+08 2.91016892e+05 -2.61378999e+05
-1.33838384e-05 1.38888889e-05 2.49918334e+08 3.19149641e+04 -1.88203635e+05
-1.28787879e-05 1.38888889e-05 2.49963443e+08 -4.56689985e+04 -9.22398060e+04
-1.23737374e-05 1.38888889e-05 2.49991998e+08 -5.62743300e+04 -4.05928663e+04
-1.18686869e-05 1.38888889e-05 2.50005536e+08 -5.03171839e+04 -1.57318320e+04
-1.13636364e-05 1.38888889e-05 2.50011124e+08 -4.17553836e+04 -3.90797128e+03
-1.08585859e-05 1.38888889e-05 2.50012893e+08 -3.40468596e+04 1.66775116e+03
-1.03535354e-05 1.38888889e-05 2.50012902e+08 -2.78012548e+04 4.19842395e+03
-9.84848485e-06 1.38888889e-05 2.50012147e+08 -2.28940251e+04 5.22047622e+03
-9.34343434e-06 1.38888889e-05 2.50011107e+08 -1.90586373e+04 5.49095013e+03
-8.83838384e-06 1.38888889e-05 2.50010008e+08 -1.60456248e+04 5.39228817e+03
-8.33333333e-06 1.38888889e-05 2.50008954e+08 -1.36557277e+04 5.12143378e+03
-7.82828283e-06 1.38888889e-05 2.50007987e+08 -1.17379707e+04 4.78096018e+03
-7.32323232e-06 1.38888889e-05 2.50007120e+08 -1.01799751e+04 4.42435294e+03
-6.81818182e-06 1.38888889e-05 2.50006352e+08 -8.89834325e+03 4.07914610e+03
-6.31313131e-06 1.38888889e-05 2.50005676e+08 -7.83093889e+03 3.75903169e+03
-5.80808081e-06 1.38888889e-05 2.50005081e+08 -6.93111230e+03 3.47032537e+03
-5.30303030e-06 1.38888889e-05 2.50004558e+08 -6.16348450e+03 3.21546903e+03
-4.79797980e-06 1.38888889e-05 2.50004096e+08 -5.50087668e+03 2.99493586e+03
-4.29292929e-06 1.38888889e-05 2.50003686e+08 -4.92204415e+03 2.80823728e+03
-3.78787879e-06 1.38888889e-05 2.50003316e+08 -4.40996229e+03 2.65436506e+03
-3.28282828e-06 1.38888889e-05 2.50002978e+08 -3.95050683e+03 2.53175780e+03
-2.77777778e-06 1.38888889e-05 2.50002661e+08 -3.53152918e+03 2.43763854e+03
-2.27272727e-06 1.38888889e-05 2.50002354e+08 -3.14273223e+03 2.36625549e+03
-1.76767677e-06 1.38888889e-05 2.50002047e+08 -2.77787306e+03 2.30532307e+03
-1.26262626e-06 1.38888889e-05 2.50001739e+08 -2.44326219e+03 2.23127659e+03
-7.57575758e-07 1.38888889e-05 2.50001446e+08 -2.17713715e+03 2.11258534e+03
-2.52525253e-07 1.38888889e-05 2.50001210e+08 -2.05902951e+03 1.95012073e+03
2.52525253e-07 1.38888889e-05 2.50001031e+08 -2.11388018e+03 1.84277621e+03
7.57575758e-07 1.38888889e-05 2.50000838e+08 -2.16273523e+03 1.87779161e+03
1.26262626e-06 1.38888889e-05 2.50000663e+08 -2.05027043e+03 1.94971566e+03
1.76767677e-06 1.38888889e-05 2.50000597e+08 -1.85815228e+03 1.96858162e+03
2.27272727e-06 1.38888889e-05 2.50000631e+08 -1.68314600e+03 1.96618649e+03
2.77777778e-06 1.38888889e-05 2.50000711e+08 -1.54075682e+03 1.98342707e+03
3.28282828e-06 1.38888889e-05 2.50000799e+08 -1.41527424e+03 2.02688137e+03
3.78787879e-06 1.38888889e-05 2.50000886e+08 -1.30040508e+03 2.08012119e+03
4.29292929e-06 1.38888889e-05 2.50000977e+08 -1.21196849e+03 2.12532805e+03
4.79797980e-06 1.38888889e-05 2.50001078e+08 -1.17573184e+03 2.16082971e+03
5.30303030e-06 1.38888889e-05 2.50001181e+08 -1.20435780e+03 2.19988549e+03
5.80808081e-06 1.38888889e-05 2.50001274e+08 -1.28970661e+03 2.25454029e+03
6.31313131e-06 1.38888889e-05 2.50001349e+08 -1.41418325e+03 2.32563837e+03
6.81818182e-06 1.38888889e-05 2.50001407e+08 -1.56299891e+03 2.40547274e+03
7.32323232e-06 1.38888889e-05 2.50001453e+08 -1.72782925e+03 2.48405921e+03
7.82828283e-06 1.38888889e-05 2.50001492e+08 -1.90503771e+03 2.55268802e+03
8.33333333e-06 1.38888889e-05 2.50001528e+08 -2.09302846e+03 2.60465916e+03
8.83838384e-06 1.38888889e-05 2.50001562e+08 -2.29045149e+03 2.63484430e+03
9.34343434e-06 1.38888889e-05 2.50001594e+08 -2.49528715e+03 2.63911012e+03
9.84848485e-06 1.38888889e-05 2.50001622e+08 -2.70445885e+03 2.61394728e+03
1.03535354e-05 1.38888889e-05 2.50001644e+08 -2.91370848e+03 2.55633504e+03
1.08585859e-05 1.38888889e-05 2.50001657e+08 -3.11760189e+03 2.46378617e+03
1.13636364e-05 1.38888889e-05 2.50001656e+08 -3.30961707e+03 2.33451213e+03
1.18686869e-05 1.38888889e-05 2.50001640e+08 -3.48230895e+03 2.16765958e+03
1.23737374e-05 1.38888889e-05 2.50001604e+08 -3.62755997e+03 1.96357742e+03
1.28787879e-05 1.38888889e-05 2.50001547e+08 -3.73692633e+03 1.72407531e+03
1.33838384e-05 1.38888889e-05 2.50001467e+08 -3.80208187e+03 1.45263382e+03
1.38888889e-05 1.38888889e-05 2.50001365e+08 -3.81534769e+03 1.15452536e+03
1.43939394e-05 1.38888889e-05 2.50001241e+08 -3.77027890e+03 8.36807551e+02
1.48989899e-05 1.38888889e-05 2.50001098e+08 -3.66226194e+03 5.08159166e+02
1.54040404e-05 1.38888889e-05 2.50000943e+08 -3.48906187e+03 1.78543579e+02
1.59090909e-05 1.38888889e-05 2.50000779e+08 -3.25125101e+03 -1.41293796e+02
1.64141414e-05 1.38888889e-05 2.50000616e+08 -2.95245286e+03 -4.40462825e+02
1.69191919e-05 1.38888889e-05 2.50000460e+08 -2.59934975e+03 -7.08645215e+02
1.74242424e-05 1.38888889e-05 2.50000319e+08 -2.20142849e+03 -9.36816316e+02
1.79292929e-05 1.38888889e-05 2.50000200e+08 -1.77047151e+03 -1.11789026e+03
1.84343434e-05 1.38888889e-05 2.50000110e+08 -1.31983653e+03 -1.24721184e+03
1.89393939e-05 1.38888889e-05 2.50000052e+08 -8.63597949e+02 -1.32283703e+03
1.94444444e-05 1.38888889e-05 2.50000030e+08 -4.15642161e+02 -1.34557274e+03
1.99494949e-05 1.38888889e-05 2.50000042e+08 1.11866793e+01 -1.31877930e+03
2.04545455e-05 1.38888889e-05 2.50000088e+08 4.05805155e+02 -1.24797049e+03
2.09595960e-05 1.38888889e-05 2.50000163e+08 7.59411328e+02 -1.14026929e+03
2.14646465e-05 1.38888889e-05 2.50000264e+08 1.06577614e+03 -1.00378992e+03
2.19696970e-05 1.38888889e-05 2.50000383e+08 1.32130521e+03 -8.47017125e+02
2.24747475e-05 1.38888889e-05 2.50000516e+08 1.52489749e+03 -6.78243534e+02
2.29797980e-05 1.38888889e-05 2.50000654e+08 1.67764605e+03 -5.05109322e+02
2.34848485e-05 1.38888889e-05 2.50000794e+08 1.78243525e+03 -3.34268439e+02
2.39898990e-05 1.38888889e-05 2.50000928e+08 1.84348901e+03 -1.71187030e+02
2.44949495e-05 1.38888889e-05 2.50001054e+08 1.86591796e+03 -2.00642801e+01
2.50000000e-05 1.38888889e-05 2.50001168e+08 1.85530262e+03 1.16144521e+02
-2.50000000e-05 1.43939394e-05 2.50003194e+08 -3.45733914e+03 1.88102355e+03
-2.44949495e-05 1.43939394e-05 2.50003437e+08 -3.83595706e+03 2.02711794e+03
-2.39898990e-05 1.43939394e-05 2.50003703e+08 -4.27732047e+03 2.18432388e+03
-2.34848485e-05 1.43939394e-05 2.50003991e+08 -4.79653391e+03 2.35238098e+03
-2.29797980e-05 1.43939394e-05 2.50004300e+08 -5.41374233e+03 2.53016336e+03
-2.24747475e-05 1.43939394e-05 2.50004624e+08 -6.15634098e+03 2.71509497e+03
-2.19696970e-05 1.43939394e-05 2.50004950e+08 -7.06240249e+03 2.90222001e+03
-2.14646465e-05 1.43939394e-05 2.50005254e+08 -8.18613289e+03 3.08274563e+03
-2.09595960e-05 1.43939394e-05 2.50005493e+08 -9.60679962e+03 3.24181851e+03
-2.04545455e-05 1.43939394e-05 2.50005587e+08 -1.14437550e+04 3.35532338e+03
-1.99494949e-05 1.43939394e-05 2.50005394e+08 -1.38824012e+04 3.38588899e+03
-1.94444444e-05 1.43939394e-05 2.50004661e+08 -1.72200650e+04 3.28001210e+03
-1.89393939e-05 1.43939394e-05 2.50002936e+08 -2.19478885e+04 2.97428874e+03
-1.84343434e-05 1.43939394e-05 2.49999423e+08 -2.88943981e+04 2.43839852e+03
-1.79292929e-05 1.43939394e-05 2.49992761e+08 -3.94548436e+04 1.84190648e+03
-1.74242424e-05 1.43939394e-05 2.49980835e+08 -5.58410112e+04 2.09273640e+03
-1.69191919e-05 1.43939394e-05 2.49961113e+08 -8.07969767e+04 6.32033296e+03
-1.64141414e-05 1.43939394e-05 2.49932913e+08 -1.14508710e+05 2.29403058e+04
-1.59090909e-05 1.43939394e-05 2.49902500e+08 -1.43400500e+05 6.81290119e+04
-1.54040404e-05 1.43939394e-05 2.49883471e+08 -1.17725817e+05 1.58921034e+05
-1.48989899e-05 1.43939394e-05 2.49915221e+08 1.17369922e+05 3.18472734e+05
-1.43939394e-05 1.43939394e-05 2.50260216e+08 1.38808110e+06 -3.81861477e+04
-1.38888889e-05 1.43939394e-05 2.49775905e+08 1.03184639e+05 -5.31107408e+05
-1.33838384e-05 1.43939394e-05 2.49965596e+08 -1.36240009e+05 -1.42669911e+05
-1.28787879e-05 1.43939394e-05 2.50018875e+08 -1.14909630e+05 -3.57528023e+04
-1.23737374e-05 1.43939394e-05 2.50030257e+08 -8.43854611e+04 -2.95004393e+03
-1.18686869e-05 1.43939394e-05 2.50030198e+08 -6.19230277e+04 7.72236233e+03
-1.13636364e-05 1.43939394e-05 2.50027045e+08 -4.64293274e+04 1.07815396e+04
-1.08585859e-05 1.43939394e-05 2.50023361e+08 -3.56982190e+04 1.10662492e+04
-1.03535354e-05 1.43939394e-05 2.50019941e+08 -2.81142780e+04 1.03614917e+04
-9.84848485e-06 1.43939394e-05 2.50016990e+08 -2.26252224e+04 9.36066966e+03
-9.34343434e-06 1.43939394e-05 2.50014512e+08 -1.85572458e+04 8.33564208e+03
-8.83838384e-06 1.43939394e-05 2.50012452e+08 -1.54746343e+04 7.38775861e+03
-8.33333333e-06 1.43939394e-05 2.50010743e+08 -1.30903475e+04 6.54804234e+03
-7.82828283e-06 1.43939394e-05 2.50009322e+08 -1.12112501e+04 5.81891256e+03
-7.32323232e-06 1.43939394e-05 2.50008134e+08 -9.70461042e+03 5.19199542e+03
-6.81818182e-06 1.43939394e-05 2.50007138e+08 -8.47734989e+03 4.65576209e+03
-6.31313131e-06 1.43939394e-05 2.50006297e+08 -7.46295601e+03 4.19872698e+03
-5.80808081e-06 1.43939394e-05 2.50005583e+08 -6.61305729e+03 3.81068859e+03
-5.30303030e-06 1.43939394e-05 2.50004973e+08 -5.89187506e+03 3.48311859e+03
-4.79797980e-06 1.43939394e-05 2.50004449e+08 -5.27247108e+03 3.20920171e+03
-4.29292929e-06 1.43939394e-05 2.50003994e+08 -4.73411377e+03 2.98375413e+03
-3.78787879e-06 1.43939394e-05 2.50003596e+08 -4.26031263e+03 2.80311209e+03
-3.28282828e-06 1.43939394e-05 2.50003240e+08 -3.83718396e+03 2.66498252e+03
-2.77777778e-06 1.43939394e-05 2.50002914e+08 -3.45185839e+03 2.56808062e+03
-2.27272727e-06 1.43939394e-05 2.50002599e+08 -3.09072751e+03 2.51092175e+03
-1.76767677e-06 1.43939394e-05 2.50002273e+08 -2.73799751e+03 2.48779133e+03
-1.26262626e-06 1.43939394e-05 2.50001908e+08 -2.37893466e+03 2.47664051e+03
-7.57575758e-07 1.43939394e-05 2.50001490e+08 -2.02893022e+03 2.41250328e+03
-2.52525253e-07 1.43939394e-05 2.50001090e+08 -1.83498546e+03 2.19307424e+03
2.52525253e-07 1.43939394e-05 2.50000820e+08 -2.04965555e+03 1.94212608e+03
7.57575758e-07 1.43939394e-05 2.50000509e+08 -2.26317062e+03 2.00472591e+03
1.26262626e-06 1.43939394e-05 2.50000300e+08 -2.04908088e+03 2.03228215e+03
1.76767677e-06 1.43939394e-05 2.50000373e+08 -1.80183080e+03 1.91684859e+03
2.27272727e-06 1.43939394e-05 2.50000566e+08 -1.65732654e+03 1.82538479e+03
2.77777778e-06 1.43939394e-05 2.50000761e+08 -1.56584937e+03 1.81156874e+03
3.28282828e-06 1.43939394e-05 2.50000921e+08 -1.47184317e+03 1.86036115e+03
3.78787879e-06 1.43939394e-05 2.50001048e+08 -1.35457987e+03 1.92845125e+03
4.29292929e-06 1.43939394e-05 2.50001166e+08 -1.24534650e+03 1.97379274e+03
4.79797980e-06 1.43939394e-05 2.50001292e+08 -1.20149528e+03 1.99371246e+03
5.30303030e-06 1.43939394e-05 2.50001411e+08 -1.24579002e+03 2.02007407e+03
5.80808081e-06 1.43939394e-05 2.50001500e+08 -1.35429879e+03 2.07450515e+03
6.31313131e-06 1.43939394e-05 2.50001553e+08 -1.49367788e+03 2.15223934e+03
6.81818182e-06 1.43939394e-05 2.50001580e+08 -1.64466881e+03 2.23739641e+03
7.32323232e-06 1.43939394e-05 2.50001592e+08 -1.80105646e+03 2.31612140e+03
7.82828283e-06 1.43939394e-05 2.50001599e+08 -1.96244071e+03 2.37955668e+03
8.33333333e-06 1.43939394e-05 2.50001606e+08 -2.12956111e+03 2.42246603e+03
8.83838384e-06 1.43939394e-05 2.50001614e+08 -2.30238869e+03 2.44151456e+03
9.34343434e-06 1.43939394e-05 2.50001621e+08 -2.47959853e+03 2.43421928e+03
9.84848485e-06 1.43939394e-05 2.50001627e+08 -2.65854578e+03 2.39849175e+03
1.03535354e-05 1.43939394e-05 2.50001628e+08 -2.83538380e+03 2.33253714e+03
1.08585859e-05 1.43939394e-05 2.50001621e+08 -3.00521457e+03 2.23494177e+03
1.13636364e-05 1.43939394e-05 2.50001603e+08 -3.16225709e+03 2.10485400e+03
1.18686869e-05 1.43939394e-05 2.50001571e+08 -3.30004814e+03 1.94220452e+03
1.23737374e-05 1.43939394e-05 2.50001523e+08 -3.41169298e+03 1.74793073e+03
1.28787879e-05 1.43939394e-05 2.50001457e+08 -3.49017780e+03 1.52417600e+03
1.33838384e-05 1.43939394e-05 2.50001372e+08 -3.52874538e+03 1.27443569e+03
1.38888889e-05 1.43939394e-05 2.50001268e+08 -3.52132343e+03 1.00362233e+03
1.43939394e-05 1.43939394e-05 2.50001148e+08 -3.46298188e+03 7.18025696e+02
1.48989899e-05 1.43939394e-05 2.50001013e+08 -3.35038330e+03 4.25150265e+02
1.54040404e-05 1.43939394e-05 2.50000868e+08 -3.18218164e+03 1.33424272e+02
1.59090909e-05 1.43939394e-05 2.50000719e+08 -2.95932064e+03 -1.48210213e+02
1.64141414e-05 1.43939394e-05 2.50000571e+08 -2.68518686e+03 -4.10799653e+02
1.69191919e-05 1.43939394e-05 2.50000430e+08 -2.36558374e+03 -6.45931405e+02
1.74242424e-05 1.43939394e-05 2.50000303e+08 -2.00851168e+03 -8.46281995e+02
1.79292929e-05 1.43939394e-05 2.50000196e+08 -1.62376260e+03 -1.00610298e+03
1.84343434e-05 1.43939394e-05 2.50000113e+08 -1.22236118e+03 -1.12159055e+03
1.89393939e-05 1.43939394e-05 2.50000058e+08 -8.15905827e+02 -1.19109818e+03
1.94444444e-05 1.43939394e-05 2.50000034e+08 -4.15874814e+02 -1.21517156e+03
1.99494949e-05 1.43939394e-05 2.50000040e+08 -3.29666550e+01 -1.19640736e+03
2.04545455e-05 1.43939394e-05 2.50000075e+08 3.23463783e+02 -1.13915941e+03
2.09595960e-05 1.43939394e-05 2.50000137e+08 6.45827085e+02 -1.04913237e+03
2.14646465e-05 1.43939394e-05 2.50000221e+08 9.28553356e+02 -9.32912625e+02
2.19696970e-05 1.43939394e-05 2.50000323e+08 1.16817458e+03 -7.97487625e+02
2.24747475e-05 1.43939394e-05 2.50000437e+08 1.36325071e+03 -6.49799134e+02
2.29797980e-05 1.43939394e-05 2.50000559e+08 1.51416906e+03 -4.96365285e+02
2.34848485e-05 1.43939394e-05 2.50000684e+08 1.62285489e+03 -3.42992738e+02
2.39898990e-05 1.43939394e-05 2.50000806e+08 1.69243270e+03 -1.94586966e+02
2.44949495e-05 1.43939394e-05 2.50000922e+08 1.72687464e+03 -5.50571110e+01
2.50000000e-05 1.43939394e-05 2.50001029e+08 1.73066582e+03 7.26966728e+01
-2.50000000e-05 1.48989899e-05 2.50003810e+08 -3.62896761e+03 2.28473071e+03
-2.44949495e-05 1.48989899e-05 2.50004171e+08 -4.02568883e+03 2.49849175e+03
-2.39898990e-05 1.48989899e-05 2.50004584e+08 -4.48719523e+03 2.73927650e+03
-2.34848485e-05 1.48989899e-05 2.50005058e+08 -5.02860605e+03 3.01152135e+03
-2.29797980e-05 1.48989899e-05 2.50005605e+08 -5.66987051e+03 3.32043895e+03
-2.24747475e-05 1.48989899e-05 2.50006237e+08 -6.43779382e+03 3.67207554e+03
-2.19696970e-05 1.48989899e-05 2.50006968e+08 -7.36914735e+03 4.07327687e+03
-2.14646465e-05 1.48989899e-05 2.50007813e+08 -8.51558789e+03 4.53144678e+03
-2.09595960e-05 1.48989899e-05 2.50008784e+08 -9.95170561e+03 5.05387423e+03
-2.04545455e-05 1.48989899e-05 2.50009888e+08 -1.17887028e+04 5.64620867e+03
-1.99494949e-05 1.48989899e-05 2.50011110e+08 -1.41986568e+04 6.30935155e+03
-1.94444444e-05 1.48989899e-05 2.50012387e+08 -1.74596323e+04 7.03370718e+03
-1.89393939e-05 1.48989899e-05 2.50013545e+08 -2.20438635e+04 7.79028726e+03
-1.84343434e-05 1.48989899e-05 2.50014159e+08 -2.87988137e+04 8.52425726e+03
-1.79292929e-05 1.48989899e-05 2.50013244e+08 -3.93332609e+04 9.18997720e+03
-1.74242424e-05 1.48989899e-05 2.50008652e+08 -5.68386551e+04 1.00238893e+04
-1.69191919e-05 1.48989899e-05 2.49996221e+08 -8.76038673e+04 1.29178929e+04
-1.64141414e-05 1.48989899e-05 2.49970805e+08 -1.41876757e+05 2.69845880e+04
-1.59090909e-05 1.48989899e-05 2.49938765e+08 -2.22428181e+05 8.36785030e+04
-1.54040404e-05 1.48989899e-05 2.49946665e+08 -2.75241379e+05 2.44516401e+05
-1.48989899e-05 1.48989899e-05 2.50081081e+08 -1.90690533e+05 6.05731244e+05
-1.43939394e-05 1.48989899e-05 2.93497965e+08 2.46400268e+08 -1.18471873e+07
-1.38888889e-05 1.48989899e-05 2.50286500e+08 -5.53471764e+05 -4.98373902e+04
-1.33838384e-05 1.48989899e-05 2.50140775e+08 -2.45593583e+05 2.51282153e+04
-1.28787879e-05 1.48989899e-05 2.50093430e+08 -1.40687468e+05 3.40919066e+04
-1.23737374e-05 1.48989899e-05 2.50067020e+08 -8.98763028e+04 3.06035965e+04
-1.18686869e-05 1.48989899e-05 2.50050009e+08 -6.16714543e+04 2.53301496e+04
-1.13636364e-05 1.48989899e-05 2.50038402e+08 -4.46291626e+04 2.06178186e+04
-1.08585859e-05 1.48989899e-05 2.50030188e+08 -3.36625820e+04 1.68317969e+04
-1.03535354e-05 1.48989899e-05 2.50024205e+08 -2.62450941e+04 1.38731654e+04
-9.84848485e-06 1.48989899e-05 2.50019740e+08 -2.10198650e+04 1.15671104e+04
-9.34343434e-06 1.48989899e-05 2.50016336e+08 -1.72121895e+04 9.75755009e+03
-8.83838384e-06 1.48989899e-05 2.50013692e+08 -1.43568269e+04 8.32317108e+03
-8.33333333e-06 1.48989899e-05 2.50011605e+08 -1.21622341e+04 7.17374561e+03
-7.82828283e-06 1.48989899e-05 2.50009935e+08 -1.04389579e+04 6.24302365e+03
-7.32323232e-06 1.48989899e-05 2.50008581e+08 -9.05997896e+03 5.48238163e+03
-6.81818182e-06 1.48989899e-05 2.50007472e+08 -7.93780676e+03 4.85597035e+03
-6.31313131e-06 1.48989899e-05 2.50006555e+08 -7.01075112e+03 4.33720654e+03
-5.80808081e-06 1.48989899e-05 2.50005790e+08 -6.23441717e+03 3.90629289e+03
-5.30303030e-06 1.48989899e-05 2.50005148e+08 -5.57627303e+03 3.54848940e+03
-4.79797980e-06 1.48989899e-05 2.50004605e+08 -5.01207154e+03 3.25293467e+03
-4.29292929e-06 1.48989899e-05 2.50004143e+08 -4.52340353e+03 3.01188944e+03
-3.78787879e-06 1.48989899e-05 2.50003748e+08 -4.09591931e+03 2.82034154e+03
-3.28282828e-06 1.48989899e-05 2.50003406e+08 -3.71786307e+03 2.67597981e+03
-2.77777778e-06 1.48989899e-05 2.50003104e+08 -3.37852273e+03 2.57961967e+03
-2.27272727e-06 1.48989899e-05 2.50002827e+08 -3.06589231e+03 2.53619793e+03
-1.76767677e-06 1.48989899e-05 2.50002548e+08 -2.76191722e+03 2.55603642e+03
-1.26262626e-06 1.48989899e-05 2.50002214e+08 -2.43167128e+03 2.65247354e+03
-7.57575758e-07 1.48989899e-05 2.50001711e+08 -2.00646050e+03 2.80868919e+03
-2.52525253e-07 1.48989899e-05 2.50000902e+08 -1.47966130e+03 2.78711324e+03
2.52525253e-07 1.48989899e-05 2.50000212e+08 -1.81123922e+03 2.13688347e+03
7.57575758e-07 1.48989899e-05 2.49999482e+08 -2.41728468e+03 2.36233907e+03
1.26262626e-06 1.48989899e-05 2.49999571e+08 -1.80758771e+03 2.00190870e+03
1.76767677e-06 1.48989899e-05 2.50000099e+08 -1.61157920e+03 1.64797780e+03
2.27272727e-06 1.48989899e-05 2.50000536e+08 -1.58997893e+03 1.50059689e+03
2.77777778e-06 1.48989899e-05 2.50000862e+08 -1.59965827e+03 1.49589697e+03
3.28282828e-06 1.48989899e-05 2.50001098e+08 -1.56307313e+03 1.58862689e+03
3.78787879e-06 1.48989899e-05 2.50001262e+08 -1.43444776e+03 1.71181091e+03
4.29292929e-06 1.48989899e-05 2.50001406e+08 -1.27096296e+03 1.77592721e+03
4.79797980e-06 1.48989899e-05 2.50001568e+08 -1.21069440e+03 1.77893060e+03
5.30303030e-06 1.48989899e-05 2.50001701e+08 -1.28942646e+03 1.80378101e+03
5.80808081e-06 1.48989899e-05 2.50001764e+08 -1.43424800e+03 1.88132716e+03
6.31313131e-06 1.48989899e-05 2.50001767e+08 -1.58725255e+03 1.98457160e+03
6.81818182e-06 1.48989899e-05 2.50001742e+08 -1.73257679e+03 2.08452977e+03
7.32323232e-06 1.48989899e-05 2.50001710e+08 -1.87266609e+03 2.16649906e+03
7.82828283e-06 1.48989899e-05 2.50001681e+08 -2.01268711e+03 2.22512237e+03
8.33333333e-06 1.48989899e-05 2.50001658e+08 -2.15588277e+03 2.25878475e+03
8.83838384e-06 1.48989899e-05 2.50001641e+08 -2.30310055e+03 2.26686111e+03
9.34343434e-06 1.48989899e-05 2.50001627e+08 -2.45325519e+03 2.24875684e+03
9.84848485e-06 1.48989899e-05 2.50001613e+08 -2.60380590e+03 2.20373201e+03
1.03535354e-05 1.48989899e-05 2.50001597e+08 -2.75109979e+03 2.13101758e+03
1.08585859e-05 1.48989899e-05 2.50001574e+08 -2.89061675e+03 2.03002596e+03
1.13636364e-05 1.48989899e-05 2.50001542e+08 -3.01717174e+03 1.90058218e+03
1.18686869e-05 1.48989899e-05 2.50001499e+08 -3.12511689e+03 1.74314640e+03
1.23737374e-05 1.48989899e-05 2.50001442e+08 -3.20857033e+03 1.55901129e+03
1.28787879e-05 1.48989899e-05 2.50001370e+08 -3.26168490e+03 1.35045966e+03
1.33838384e-05 1.48989899e-05 2.50001282e+08 -3.27895793e+03 1.12086608e+03
1.38888889e-05 1.48989899e-05 2.50001179e+08 -3.25557281e+03 8.74726460e+02
1.43939394e-05 1.48989899e-05 2.50001063e+08 -3.18775291e+03 6.17601043e+02
1.48989899e-05 1.48989899e-05 2.50000936e+08 -3.07310015e+03 3.55961944e+02
1.54040404e-05 1.48989899e-05 2.50000802e+08 -2.91088498e+03 9.69447804e+01
1.59090909e-05 1.48989899e-05 2.50000665e+08 -2.70225320e+03 -1.51985377e+02
1.64141414e-05 1.48989899e-05 2.50000530e+08 -2.45031850e+03 -3.83431711e+02
1.69191919e-05 1.48989899e-05 2.50000403e+08 -2.16011886e+03 -5.90494499e+02
1.74242424e-05 1.48989899e-05 2.50000288e+08 -1.83842815e+03 -7.67191298e+02
1.79292929e-05 1.48989899e-05 2.50000190e+08 -1.49343114e+03 -9.08826472e+02
1.84343434e-05 1.48989899e-05 2.50000114e+08 -1.13428626e+03 -1.01227177e+03
1.89393939e-05 1.48989899e-05 2.50000063e+08 -7.70614757e+02 -1.07612916e+03
1.94444444e-05 1.48989899e-05 2.50000037e+08 -4.11963541e+02 -1.10076090e+03
1.99494949e-05 1.48989899e-05 2.50000038e+08 -6.72914310e+01 -1.08818770e+03
2.04545455e-05 1.48989899e-05 2.50000065e+08 2.55476234e+02 -1.04187076e+03
2.09595960e-05 1.48989899e-05 2.50000115e+08 5.49789897e+02 -9.66405994e+02
2.14646465e-05 1.48989899e-05 2.50000186e+08 8.10694383e+02 -8.67165459e+02
2.19696970e-05 1.48989899e-05 2.50000273e+08 1.03491839e+03 -7.49923463e+02
2.24747475e-05 1.48989899e-05 2.50000372e+08 1.22084342e+03 -6.20501315e+02
2.29797980e-05 1.48989899e-05 2.50000479e+08 1.36837168e+03 -4.84457998e+02
2.34848485e-05 1.48989899e-05 2.50000590e+08 1.47871896e+03 -3.46844895e+02
2.39898990e-05 1.48989899e-05 2.50000700e+08 1.55416145e+03 -2.12033179e+02
2.44949495e-05 1.48989899e-05 2.50000807e+08 1.59776373e+03 -8.36138637e+01
2.50000000e-05 1.48989899e-05 2.50000907e+08 1.61311158e+03 3.56362310e+01
-2.50000000e-05 1.54040404e-05 2.50004283e+08 -3.85680022e+03 2.61770548e+03
-2.44949495e-05 1.54040404e-05 2.50004733e+08 -4.28478508e+03 2.88718476e+03
-2.39898990e-05 1.54040404e-05 2.50005257e+08 -4.78353499e+03 3.19724997e+03
-2.34848485e-05 1.54040404e-05 2.50005873e+08 -5.36961842e+03 3.55661582e+03
-2.29797980e-05 1.54040404e-05 2.50006601e+08 -6.06483682e+03 3.97644252e+03
-2.24747475e-05 1.54040404e-05 2.50007470e+08 -6.89836277e+03 4.47117552e+03
-2.19696970e-05 1.54040404e-05 2.50008515e+08 -7.90998001e+03 5.05972159e+03
-2.14646465e-05 1.54040404e-05 2.50009784e+08 -9.15513153e+03 5.76710901e+03
-2.09595960e-05 1.54040404e-05 2.50011343e+08 -1.07130408e+04 6.62684197e+03
-2.04545455e-05 1.54040404e-05 2.50013276e+08 -1.27002733e+04 7.68423208e+03
-1.99494949e-05 1.54040404e-05 2.50015703e+08 -1.52944015e+04 9.00103915e+03
-1.94444444e-05 1.54040404e-05 2.50018782e+08 -1.87775151e+04 1.06616531e+04
-1.89393939e-05 1.54040404e-05 2.50022718e+08 -2.36214304e+04 1.27804261e+04
-1.84343434e-05 1.54040404e-05 2.50027749e+08 -3.06678035e+04 1.55077436e+04
-1.79292929e-05 1.54040404e-05 2.50034039e+08 -4.15456429e+04 1.90285416e+04
-1.74242424e-05 1.54040404e-05 2.50041233e+08 -5.97490776e+04 2.35577741e+04
-1.69191919e-05 1.54040404e-05 2.50046852e+08 -9.37420405e+04 2.95670277e+04
-1.64141414e-05 1.54040404e-05 2.50041651e+08 -1.66300905e+05 4.08643114e+04
-1.59090909e-05 1.54040404e-05 2.50009727e+08 -3.32853954e+05 9.12015115e+04
-1.54040404e-05 1.54040404e-05 2.50023653e+08 -6.07190231e+05 3.39198447e+05
-1.48989899e-05 1.54040404e-05 2.49752930e+08 -8.32060415e+05 2.41529410e+05
-1.43939394e-05 1.54040404e-05 2.49880518e+08 -1.15496373e+06 3.98266911e+05
-1.38888889e-05 1.54040404e-05 2.50024666e+08 -6.41921676e+05 8.80798251e+04
-1.33838384e-05 1.54040404e-05 2.50109560e+08 -2.53446528e+05 5.60244204e+04
-1.28787879e-05 1.54040404e-05 2.50092876e+08 -1.31538058e+05 4.76768364e+04
-1.23737374e-05 1.54040404e-05 2.50068900e+08 -8.07199909e+04 3.67473332e+04
-1.18686869e-05 1.54040404e-05 2.50051136e+08 -5.46316378e+04 2.80380428e+04
-1.13636364e-05 1.54040404e-05 2.50038815e+08 -3.94532757e+04 2.17283019e+04
-1.08585859e-05 1.54040404e-05 2.50030191e+08 -2.98528266e+04 1.71925914e+04
-1.03535354e-05 1.54040404e-05 2.50024007e+08 -2.34010380e+04 1.38829688e+04
-9.84848485e-06 1.54040404e-05 2.50019459e+08 -1.88592561e+04 1.14178949e+04
-9.34343434e-06 1.54040404e-05 2.50016033e+08 -1.55417880e+04 9.54340000e+03
-8.83838384e-06 1.54040404e-05 2.50013399e+08 -1.30442326e+04 8.09043247e+03
-8.33333333e-06 1.54040404e-05 2.50011337e+08 -1.11157156e+04 6.94487361e+03
-7.82828283e-06 1.54040404e-05 2.50009697e+08 -9.59403153e+03 6.02827312e+03
-7.32323232e-06 1.54040404e-05 2.50008375e+08 -8.37063549e+03 5.28569121e+03
-6.81818182e-06 1.54040404e-05 2.50007297e+08 -7.37076602e+03 4.67798324e+03
-6.31313131e-06 1.54040404e-05 2.50006411e+08 -6.54166677e+03 4.17683697e+03
-5.80808081e-06 1.54040404e-05 2.50005675e+08 -5.84534862e+03 3.76153291e+03
-5.30303030e-06 1.54040404e-05 2.50005062e+08 -5.25399973e+03 3.41680666e+03
-4.79797980e-06 1.54040404e-05 2.50004548e+08 -4.74699407e+03 3.13144178e+03
-4.29292929e-06 1.54040404e-05 2.50004117e+08 -4.30889405e+03 2.89738082e+03
-3.78787879e-06 1.54040404e-05 2.50003756e+08 -3.92808506e+03 2.70925878e+03
-3.28282828e-06 1.54040404e-05 2.50003456e+08 -3.59581008e+03 2.56438298e+03
-2.77777778e-06 1.54040404e-05 2.50003210e+08 -3.30542158e+03 2.46337991e+03
-2.27272727e-06 1.54040404e-05 2.50003015e+08 -3.05159525e+03 2.41219774e+03
-1.76767677e-06 1.54040404e-05 2.50002864e+08 -2.82876488e+03 2.42754564e+03
-1.26262626e-06 1.54040404e-05 2.50002747e+08 -2.62545992e+03 2.55275885e+03
-7.57575758e-07 1.54040404e-05 2.50002599e+08 -2.39444586e+03 2.91096036e+03
-2.52525253e-07 1.54040404e-05 2.50001957e+08 -1.83089105e+03 3.88185216e+03
2.52525253e-07 1.54040404e-05 2.49997848e+08 3.92816129e+02 4.35995335e+03
7.57575758e-07 1.54040404e-05 2.49994222e+08 4.84327343e+01 3.92086986e+03
1.26262626e-06 1.54040404e-05 2.49998758e+08 -1.17092750e+03 1.57296135e+03
1.76767677e-06 1.54040404e-05 2.50000085e+08 -1.43456678e+03 1.07949447e+03
2.27272727e-06 1.54040404e-05 2.50000652e+08 -1.56285045e+03 9.93813470e+02
2.77777778e-06 1.54040404e-05 2.50001035e+08 -1.67614725e+03 1.03122554e+03
3.28282828e-06 1.54040404e-05 2.50001350e+08 -1.73076130e+03 1.18248463e+03
3.78787879e-06 1.54040404e-05 2.50001569e+08 -1.58658821e+03 1.41650514e+03
4.29292929e-06 1.54040404e-05 2.50001750e+08 -1.28529292e+03 1.52825830e+03
4.79797980e-06 1.54040404e-05 2.50001980e+08 -1.20600177e+03 1.49819719e+03
5.30303030e-06 1.54040404e-05 2.50002101e+08 -1.36962436e+03 1.55982612e+03
5.80808081e-06 1.54040404e-05 2.50002071e+08 -1.55800332e+03 1.70654005e+03
6.31313131e-06 1.54040404e-05 2.50001975e+08 -1.70653484e+03 1.85354771e+03
6.81818182e-06 1.54040404e-05 2.50001875e+08 -1.82817789e+03 1.96838809e+03
7.32323232e-06 1.54040404e-05 2.50001791e+08 -1.94056924e+03 2.04804896e+03
7.82828283e-06 1.54040404e-05 2.50001726e+08 -2.05344054e+03 2.09642414e+03
8.33333333e-06 1.54040404e-05 2.50001677e+08 -2.17054188e+03 2.11713610e+03
8.83838384e-06 1.54040404e-05 2.50001640e+08 -2.29218175e+03 2.11230166e+03
9.34343434e-06 1.54040404e-05 2.50001609e+08 -2.41670667e+03 2.08280722e+03
9.84848485e-06 1.54040404e-05 2.50001581e+08 -2.54125308e+03 2.02880594e+03
1.03535354e-05 1.54040404e-05 2.50001551e+08 -2.66213360e+03 1.95015255e+03
1.08585859e-05 1.54040404e-05 2.50001517e+08 -2.77506337e+03 1.84674654e+03
1.13636364e-05 1.54040404e-05 2.50001475e+08 -2.87533097e+03 1.71880314e+03
1.18686869e-05 1.54040404e-05 2.50001423e+08 -2.95796573e+03 1.56706937e+03
1.23737374e-05 1.54040404e-05 2.50001360e+08 -3.01792624e+03 1.39299313e+03
1.28787879e-05 1.54040404e-05 2.50001285e+08 -3.05031942e+03 1.19884430e+03
1.33838384e-05 1.54040404e-05 2.50001197e+08 -3.05064880e+03 9.87781710e+02
1.38888889e-05 1.54040404e-05 2.50001096e+08 -3.01508276e+03 7.63857607e+02
1.43939394e-05 1.54040404e-05 2.50000985e+08 -2.94072628e+03 5.31951962e+02
1.48989899e-05 1.54040404e-05 2.50000866e+08 -2.82587426e+03 2.97632934e+02
1.54040404e-05 1.54040404e-05 2.50000742e+08 -2.67022186e+03 6.69457099e+01
1.59090909e-05 1.54040404e-05 2.50000616e+08 -2.47500658e+03 -1.53860353e+02
1.64141414e-05 1.54040404e-05 2.50000493e+08 -2.24306075e+03 -3.58648371e+02
1.69191919e-05 1.54040404e-05 2.50000377e+08 -1.97875980e+03 -5.41729447e+02
1.74242424e-05 1.54040404e-05 2.50000273e+08 -1.68786182e+03 -6.98187590e+02
1.79292929e-05 1.54040404e-05 2.50000184e+08 -1.37724553e+03 -8.24163500e+02
1.84343434e-05 1.54040404e-05 2.50000114e+08 -1.05456530e+03 -9.17069721e+02
1.89393939e-05 1.54040404e-05 2.50000065e+08 -7.27851574e+02 -9.75716539e+02
1.94444444e-05 1.54040404e-05 2.50000039e+08 -4.05091368e+02 -1.00033773e+03
1.99494949e-05 1.54040404e-05 2.50000037e+08 -9.38248629e+01 -9.92516457e+02
2.04545455e-05 1.54040404e-05 2.50000057e+08 1.99208594e+02 -9.55022296e+02
2.09595960e-05 1.54040404e-05 2.50000097e+08 4.68348997e+02 -8.91579218e+02
2.14646465e-05 1.54040404e-05 2.50000156e+08 7.09202233e+02 -8.06589813e+02
2.19696970e-05 1.54040404e-05 2.50000231e+08 9.18728975e+02 -7.04843038e+02
2.24747475e-05 1.54040404e-05 2.50000317e+08 1.09524035e+03 -5.91231097e+02
2.29797980e-05 1.54040404e-05 2.50000411e+08 1.23831307e+03 -4.70496679e+02
2.34848485e-05 1.54040404e-05 2.50000509e+08 1.34864217e+03 -3.47025617e+02
2.39898990e-05 1.54040404e-05 2.50000609e+08 1.42785214e+03 -2.24693267e+02
2.44949495e-05 1.54040404e-05 2.50000707e+08 1.47828718e+03 -1.06766526e+02
2.50000000e-05 1.54040404e-05 2.50000800e+08 1.50279874e+03 4.14190330e+00
-2.50000000e-05 1.59090909e-05 2.50004585e+08 -4.12593016e+03 2.84891350e+03
-2.44949495e-05 1.59090909e-05 2.50005086e+08 -4.59476895e+03 3.15307566e+03
-2.39898990e-05 1.59090909e-05 2.50005674e+08 -5.14327046e+03 3.50570146e+03
-2.34848485e-05 1.59090909e-05 2.50006369e+08 -5.79056158e+03 3.91787381e+03
-2.29797980e-05 1.59090909e-05 2.50007198e+08 -6.56191874e+03 4.40402112e+03
-2.24747475e-05 1.59090909e-05 2.50008195e+08 -7.49130173e+03 4.98318030e+03
-2.19696970e-05 1.59090909e-05 2.50009408e+08 -8.62518919e+03 5.68083786e+03
-2.14646465e-05 1.59090909e-05 2.50010901e+08 -1.00285363e+04 6.53166199e+03
-2.09595960e-05 1.59090909e-05 2.50012764e+08 -1.17943025e+04 7.58363279e+03
-2.04545455e-05 1.59090909e-05 2.50015126e+08 -1.40592069e+04 8.90440402e+03
-1.99494949e-05 1.59090909e-05 2.50018172e+08 -1.70308004e+04 1.05912749e+04
-1.94444444e-05 1.59090909e-05 2.50022182e+08 -2.10361277e+04 1.27870253e+04
-1.89393939e-05 1.59090909e-05 2.50027587e+08 -2.66139865e+04 1.57050830e+04
-1.84343434e-05 1.59090909e-05 2.50035072e+08 -3.47015511e+04 1.96681931e+04
-1.79292929e-05 1.59090909e-05 2.50045751e+08 -4.70437764e+04 2.51593072e+04
-1.74242424e-05 1.59090909e-05 2.50061441e+08 -6.71927448e+04 3.28403549e+04
-1.69191919e-05 1.59090909e-05 2.50084804e+08 -1.03348240e+05 4.32365487e+04
-1.64141414e-05 1.59090909e-05 2.50116582e+08 -1.78652980e+05 5.42760187e+04
-1.59090909e-05 1.59090909e-05 2.50121832e+08 -3.86908052e+05 4.98082453e+04
-1.54040404e-05 1.59090909e-05 2.49921991e+08 -1.14437425e+06 2.07142422e+05
-1.48989899e-05 1.59090909e-05 2.85388184e+08 -4.92483737e+07 1.20362347e+07
-1.43939394e-05 1.59090909e-05 2.50116865e+08 -6.09213936e+05 5.58737752e+05
-1.38888889e-05 1.59090909e-05 2.49988733e+08 -4.20533952e+05 1.79524133e+05
-1.33838384e-05 1.59090909e-05 2.50011684e+08 -2.24343637e+05 5.49489381e+04
-1.28787879e-05 1.59090909e-05 2.50033400e+08 -1.21046799e+05 3.00516512e+04
-1.23737374e-05 1.59090909e-05 2.50036517e+08 -7.31471202e+04 2.30316199e+04
-1.18686869e-05 1.59090909e-05 2.50032731e+08 -4.89062878e+04 1.88636806e+04
-1.13636364e-05 1.59090909e-05 2.50027663e+08 -3.51804348e+04 1.56106788e+04
-1.08585859e-05 1.59090909e-05 2.50023024e+08 -2.66581512e+04 1.30015547e+04
-1.03535354e-05 1.59090909e-05 2.50019168e+08 -2.09848245e+04 1.09191690e+04
-9.84848485e-06 1.59090909e-05 2.50016057e+08 -1.70038602e+04 9.25845376e+03
-9.34343434e-06 1.59090909e-05 2.50013563e+08 -1.40943654e+04 7.92792418e+03
-8.83838384e-06 1.59090909e-05 2.50011556e+08 -1.18980149e+04 6.85386851e+03
-8.33333333e-06 1.59090909e-05 2.50009932e+08 -1.01956156e+04 5.97933182e+03
-7.82828283e-06 1.59090909e-05 2.50008607e+08 -8.84662498e+03 5.26109744e+03
-7.32323232e-06 1.59090909e-05 2.50007518e+08 -7.75741029e+03 4.66654885e+03
-6.81818182e-06 1.59090909e-05 2.50006617e+08 -6.86360146e+03 4.17104060e+03
-6.31313131e-06 1.59090909e-05 2.50005867e+08 -6.11979447e+03 3.75586982e+03
-5.80808081e-06 1.59090909e-05 2.50005240e+08 -5.49329511e+03 3.40676635e+03
-5.30303030e-06 1.59090909e-05 2.50004714e+08 -4.96018875e+03 3.11278714e+03
-4.79797980e-06 1.59090909e-05 2.50004275e+08 -4.50280773e+03 2.86551429e+03
-4.29292929e-06 1.59090909e-05 2.50003909e+08 -4.10807763e+03 2.65847988e+03
-3.78787879e-06 1.59090909e-05 2.50003609e+08 -3.76645272e+03 2.48676391e+03
-3.28282828e-06 1.59090909e-05 2.50003371e+08 -3.47129775e+03 2.34672953e+03
-2.77777778e-06 1.59090909e-05 2.50003195e+08 -3.21870237e+03 2.23586709e+03
-2.27272727e-06 1.59090909e-05 2.50003091e+08 -3.00791224e+03 2.15268463e+03
-1.76767677e-06 1.59090909e-05 2.50003084e+08 -2.84305333e+03 2.09633556e+03
-1.26262626e-06 1.59090909e-05 2.50003239e+08 -2.73845908e+03 2.06413318e+03
-7.57575758e-07 1.59090909e-05 2.50003756e+08 -2.73648225e+03 2.03338367e+03
-2.52525253e-07 1.59090909e-05 2.50005482e+08 -2.96997410e+03 1.77664577e+03
2.52525253e-07 1.59090909e-05 2.50014727e+08 -2.11965960e+03 -3.42844758e+03
7.57575758e-07 1.59090909e-05 2.50001338e+08 3.54440110e+03 1.64973958e+04
1.26262626e-06 1.59090909e-05 2.50034948e+08 -7.42986472e+03 8.13193362e+03
1.76767677e-06 1.59090909e-05 2.50005732e+08 6.47398276e+03 -4.98263687e+03
2.27272727e-06 1.59090909e-05 2.50000109e+08 1.02958706e+03 -1.82815437e+01
2.77777778e-06 1.59090909e-05 2.50000816e+08 -1.21830317e+03 5.54810275e+02
3.28282828e-06 1.59090909e-05 2.50001508e+08 -1.87053411e+03 6.14877904e+02
3.78787879e-06 1.59090909e-05 2.50002021e+08 -1.91041519e+03 9.60951613e+02
4.29292929e-06 1.59090909e-05 2.50002328e+08 -1.24025470e+03 1.20798986e+03
4.79797980e-06 1.59090909e-05 2.50002735e+08 -1.23543636e+03 1.10467846e+03
5.30303030e-06 1.59090909e-05 2.50002652e+08 -1.57259576e+03 1.36317303e+03
5.80808081e-06 1.59090909e-05 2.50002369e+08 -1.75009227e+03 1.63167238e+03
6.31313131e-06 1.59090909e-05 2.50002121e+08 -1.84452801e+03 1.80651065e+03
6.81818182e-06 1.59090909e-05 2.50001940e+08 -1.91850320e+03 1.91087038e+03
7.32323232e-06 1.59090909e-05 2.50001813e+08 -1.99427490e+03 1.96947599e+03
7.82828283e-06 1.59090909e-05 2.50001723e+08 -2.07792923e+03 1.99614292e+03
8.33333333e-06 1.59090909e-05 2.50001658e+08 -2.16978455e+03 1.99758651e+03
8.83838384e-06 1.59090909e-05 2.50001608e+08 -2.26796475e+03 1.97675730e+03
9.34343434e-06 1.59090909e-05 2.50001566e+08 -2.36961034e+03 1.93472447e+03
9.84848485e-06 1.59090909e-05 2.50001529e+08 -2.47130442e+03 1.87169572e+03
1.03535354e-05 1.59090909e-05 2.50001491e+08 -2.56924235e+03 1.78759728e+03
1.08585859e-05 1.59090909e-05 2.50001449e+08 -2.65932892e+03 1.68243304e+03
1.13636364e-05 1.59090909e-05 2.50001401e+08 -2.73727008e+03 1.55652758e+03
1.18686869e-05 1.59090909e-05 2.50001344e+08 -2.79868525e+03 1.41070090e+03
1.23737374e-05 1.59090909e-05 2.50001278e+08 -2.83924861e+03 1.24639415e+03
1.28787879e-05 1.59090909e-05 2.50001202e+08 -2.85485995e+03 1.06575108e+03
1.33838384e-05 1.59090909e-05 2.50001115e+08 -2.84183928e+03 8.71653206e+02
1.38888889e-05 1.59090909e-05 2.50001018e+08 -2.79713507e+03 6.67704067e+02
1.43939394e-05 1.59090909e-05 2.50000913e+08 -2.71853158e+03 4.58158533e+02
1.48989899e-05 1.59090909e-05 2.50000801e+08 -2.60483798e+03 2.47795853e+02
1.54040404e-05 1.59090909e-05 2.50000686e+08 -2.45604025e+03 4.17397972e+01
1.59090909e-05 1.59090909e-05 2.50000570e+08 -2.27339778e+03 -1.54765394e+02
1.64141414e-05 1.59090909e-05 2.50000458e+08 -2.05946954e+03 -3.36608887e+02
1.69191919e-05 1.59090909e-05 2.50000353e+08 -1.81806019e+03 -4.99077937e+02
1.74242424e-05 1.59090909e-05 2.50000258e+08 -1.55408383e+03 -6.38111431e+02
1.79292929e-05 1.59090909e-05 2.50000176e+08 -1.27335163e+03 -7.50519953e+02
1.84343434e-05 1.59090909e-05 2.50000112e+08 -9.82297508e+02 -8.34152419e+02
1.89393939e-05 1.59090909e-05 2.50000066e+08 -6.87663072e+02 -8.87994368e+02
1.94444444e-05 1.59090909e-05 2.50000040e+08 -3.96167203e+02 -9.12189980e+02
1.99494949e-05 1.59090909e-05 2.50000035e+08 -1.14186956e+02 -9.07987806e+02
2.04545455e-05 1.59090909e-05 2.50000049e+08 1.52525555e+02 -8.77617929e+02
2.09595960e-05 1.59090909e-05 2.50000082e+08 3.99070449e+02 -8.24114645e+02
2.14646465e-05 1.59090909e-05 2.50000131e+08 6.21558496e+02 -7.51103017e+02
2.19696970e-05 1.59090909e-05 2.50000195e+08 8.17195217e+02 -6.62569357e+02
2.24747475e-05 1.59090909e-05 2.50000269e+08 9.84292656e+02 -5.62634981e+02
2.29797980e-05 1.59090909e-05 2.50000352e+08 1.12221699e+03 -4.55349742e+02
2.34848485e-05 1.59090909e-05 2.50000440e+08 1.23128462e+03 -3.44517679e+02
2.39898990e-05 1.59090909e-05 2.50000530e+08 1.31262172e+03 -2.33562337e+02
2.44949495e-05 1.59090909e-05 2.50000619e+08 1.36800280e+03 -1.25434561e+02
2.50000000e-05 1.59090909e-05 2.50000705e+08 1.39968246e+03 -2.25615078e+01
-2.50000000e-05 1.64141414e-05 2.50004699e+08 -4.41453752e+03 2.95444845e+03
-2.44949495e-05 1.64141414e-05 2.50005210e+08 -4.92779166e+03 3.26545229e+03
-2.39898990e-05 1.64141414e-05 2.50005808e+08 -5.53042920e+03 3.62465748e+03
-2.34848485e-05 1.64141414e-05 2.50006512e+08 -6.24435624e+03 4.04250977e+03
-2.29797980e-05 1.64141414e-05 2.50007348e+08 -7.09860852e+03 4.53233763e+03
-2.24747475e-05 1.64141414e-05 2.50008348e+08 -8.13229628e+03 5.11129331e+03
-2.19696970e-05 1.64141414e-05 2.50009555e+08 -9.39904892e+03 5.80162941e+03
-2.14646465e-05 1.64141414e-05 2.50011030e+08 -1.09738840e+04 6.63241853e+03
-2.09595960e-05 1.64141414e-05 2.50012850e+08 -1.29641054e+04 7.64182085e+03
-2.04545455e-05 1.64141414e-05 2.50015125e+08 -1.55271095e+04 8.87991794e+03
-1.99494949e-05 1.64141414e-05 2.50018010e+08 -1.89004517e+04 1.04117800e+04
-1.94444444e-05 1.64141414e-05 2.50021724e+08 -2.34545339e+04 1.23192848e+04
-1.89393939e-05 1.64141414e-05 2.50026586e+08 -2.97889140e+04 1.46966561e+04
-1.84343434e-05 1.64141414e-05 2.50033068e+08 -3.89171186e+04 1.76237248e+04
-1.79292929e-05 1.64141414e-05 2.50041868e+08 -5.26422277e+04 2.10658916e+04
-1.74242424e-05 1.64141414e-05 2.50054039e+08 -7.43769266e+04 2.45309480e+04
-1.69191919e-05 1.64141414e-05 2.50071192e+08 -1.11126371e+05 2.58697095e+04
-1.64141414e-05 1.64141414e-05 2.50096268e+08 -1.79252749e+05 1.66639096e+04
-1.59090909e-05 1.64141414e-05 2.50140874e+08 -3.30411577e+05 -4.03289794e+04
-1.54040404e-05 1.64141414e-05 2.50378770e+08 -1.13974830e+06 -5.07406745e+05
-1.48989899e-05 1.64141414e-05 2.50202805e+08 3.17752341e+05 8.75575458e+05
-1.43939394e-05 1.64141414e-05 2.49938269e+08 -1.93105096e+05 3.31028782e+05
-1.38888889e-05 1.64141414e-05 2.49917949e+08 -2.30226020e+05 1.35857953e+05
-1.33838384e-05 1.64141414e-05 2.49942757e+08 -1.69944494e+05 4.45831657e+04
-1.28787879e-05 1.64141414e-05 2.49975354e+08 -1.08881289e+05 1.53576132e+04
-1.23737374e-05 1.64141414e-05 2.49996164e+08 -6.98397109e+04 8.66193832e+03
-1.18686869e-05 1.64141414e-05 2.50006258e+08 -4.71421096e+04 7.54451698e+03
-1.13636364e-05 1.64141414e-05 2.50010283e+08 -3.37069834e+04 7.30383346e+03
-1.08585859e-05 1.64141414e-05 2.50011362e+08 -2.53335977e+04 6.99492707e+03
-1.03535354e-05 1.64141414e-05 2.50011124e+08 -1.98162228e+04 6.54605049e+03
-9.84848485e-06 1.64141414e-05 2.50010354e+08 -1.59944322e+04 6.02680804e+03
-9.34343434e-06 1.64141414e-05 2.50009415e+08 -1.32331243e+04 5.49798664e+03
-8.83838384e-06 1.64141414e-05 2.50008471e+08 -1.11671557e+04 4.99457426e+03
-8.33333333e-06 1.64141414e-05 2.50007591e+08 -9.57612091e+03 4.53282170e+03
-7.82828283e-06 1.64141414e-05 2.50006801e+08 -8.32095453e+03 4.11811342e+03
-7.32323232e-06 1.64141414e-05 2.50006104e+08 -7.31044220e+03 3.75018864e+03
-6.81818182e-06 1.64141414e-05 2.50005496e+08 -6.48273469e+03 3.42614653e+03
-6.31313131e-06 1.64141414e-05 2.50004970e+08 -5.79470641e+03 3.14205640e+03
-5.80808081e-06 1.64141414e-05 2.50004517e+08 -5.21559057e+03 2.89376515e+03
-5.30303030e-06 1.64141414e-05 2.50004130e+08 -4.72304097e+03 2.67725649e+03
-4.79797980e-06 1.64141414e-05 2.50003802e+08 -4.30062408e+03 2.48875504e+03
-4.29292929e-06 1.64141414e-05 2.50003528e+08 -3.93618501e+03 2.32466460e+03
-3.78787879e-06 1.64141414e-05 2.50003307e+08 -3.62076437e+03 2.18135254e+03
-3.28282828e-06 1.64141414e-05 2.50003138e+08 -3.34786219e+03 2.05470083e+03
-2.77777778e-06 1.64141414e-05 2.50003028e+08 -3.11287129e+03 1.93917155e+03
-2.27272727e-06 1.64141414e-05 2.50002988e+08 -2.91234648e+03 1.82570242e+03
-1.76767677e-06 1.64141414e-05 2.50003044e+08 -2.74193726e+03 1.69655417e+03
-1.26262626e-06 1.64141414e-05 2.50003243e+08 -2.58776691e+03 1.51208202e+03
-7.57575758e-07 1.64141414e-05 2.50003648e+08 -2.38614475e+03 1.18186725e+03
-2.52525253e-07 1.64141414e-05 2.50004096e+08 -1.87145582e+03 6.18234029e+02
2.52525253e-07 1.64141414e-05 2.50003268e+08 -1.46596589e+03 8.11066758e+02
7.57575758e-07 1.64141414e-05 2.50002405e+08 -2.13531575e+03 1.27761656e+02
1.26262626e-06 1.64141414e-05 2.50001411e+08 1.28256641e+02 -9.14990952e+02
1.76767677e-06 1.64141414e-05 2.50006550e+08 4.55008452e+03 -5.11326861e+03
2.27272727e-06 1.64141414e-05 2.50026621e+08 -4.67634646e+03 9.17252914e+03
2.77777778e-06 1.64141414e-05 2.50005764e+08 2.00328006e+03 2.02429428e+04
3.28282828e-06 1.64141414e-05 2.50008681e+08 -5.02465101e+02 -5.14294266e+03
3.78787879e-06 1.64141414e-05 2.50004146e+08 -1.56053899e+03 -2.52533096e+03
4.29292929e-06 1.64141414e-05 2.50003894e+08 -3.53983030e+02 3.10636209e+02
4.79797980e-06 1.64141414e-05 2.50004262e+08 -1.75700032e+03 8.27479804e+02
5.30303030e-06 1.64141414e-05 2.50003108e+08 -1.96385569e+03 1.53384500e+03
5.80808081e-06 1.64141414e-05 2.50002462e+08 -1.95252702e+03 1.77985612e+03
6.31313131e-06 1.64141414e-05 2.50002105e+08 -1.94934066e+03 1.87546118e+03
6.81818182e-06 1.64141414e-05 2.50001893e+08 -1.97214904e+03 1.91472633e+03
7.32323232e-06 1.64141414e-05 2.50001756e+08 -2.01664174e+03 1.92607814e+03
7.82828283e-06 1.64141414e-05 2.50001663e+08 -2.07728329e+03 1.91865651e+03
8.33333333e-06 1.64141414e-05 2.50001596e+08 -2.14935031e+03 1.89520035e+03
8.83838384e-06 1.64141414e-05 2.50001544e+08 -2.22873879e+03 1.85612804e+03
9.34343434e-06 1.64141414e-05 2.50001500e+08 -2.31164086e+03 1.80102624e+03
9.84848485e-06 1.64141414e-05 2.50001459e+08 -2.39433168e+03 1.72927907e+03
1.03535354e-05 1.64141414e-05 2.50001417e+08 -2.47305927e+03 1.64038168e+03
1.08585859e-05 1.64141414e-05 2.50001372e+08 -2.54401040e+03 1.53412657e+03
1.13636364e-05 1.64141414e-05 2.50001321e+08 -2.60333341e+03 1.41073151e+03
1.18686869e-05 1.64141414e-05 2.50001262e+08 -2.64720584e+03 1.27093341e+03
1.23737374e-05 1.64141414e-05 2.50001196e+08 -2.67193856e+03 1.11605482e+03
1.28787879e-05 1.64141414e-05 2.50001120e+08 -2.67410842e+03 9.48041505e+02
1.33838384e-05 1.64141414e-05 2.50001035e+08 -2.65071077e+03 7.69467102e+02
1.38888889e-05 1.64141414e-05 2.50000943e+08 -2.59932122e+03 5.83499953e+02
1.43939394e-05 1.64141414e-05 2.50000844e+08 -2.51825416e+03 3.93829023e+02
1.48989899e-05 1.64141414e-05 2.50000740e+08 -2.40670409e+03 2.04548246e+02
1.54040404e-05 1.64141414e-05 2.50000633e+08 -2.26485534e+03 2.00024613e+01
1.59090909e-05 1.64141414e-05 2.50000527e+08 -2.09394697e+03 -1.55397837e+02
1.64141414e-05 1.64141414e-05 2.50000425e+08 -1.89628210e+03 -3.17381670e+02
1.69191919e-05 1.64141414e-05 2.50000328e+08 -1.67517534e+03 -4.62028178e+02
1.74242424e-05 1.64141414e-05 2.50000242e+08 -1.43483746e+03 -5.85966299e+02
1.79292929e-05 1.64141414e-05 2.50000168e+08 -1.18020240e+03 -6.86547052e+02
1.84343434e-05 1.64141414e-05 2.50000108e+08 -9.16707634e+02 -7.61973873e+02
1.89393939e-05 1.64141414e-05 2.50000065e+08 -6.50043866e+02 -8.11380122e+02
1.94444444e-05 1.64141414e-05 2.50000039e+08 -3.85892785e+02 -8.34847921e+02
1.99494949e-05 1.64141414e-05 2.50000032e+08 -1.29672862e+02 -8.33368224e+02
2.04545455e-05 1.64141414e-05 2.50000042e+08 1.13688387e+02 -8.08747554e+02
2.09595960e-05 1.64141414e-05 2.50000068e+08 3.39940525e+02 -7.63471572e+02
2.14646465e-05 1.64141414e-05 2.50000110e+08 5.45644338e+02 -7.00538863e+02
2.19696970e-05 1.64141414e-05 2.50000164e+08 7.28249096e+02 -6.23279845e+02
2.24747475e-05 1.64141414e-05 2.50000229e+08 8.86113478e+02 -5.35175421e+02
2.29797980e-05 1.64141414e-05 2.50000302e+08 1.01847537e+03 -4.39688236e+02
2.34848485e-05 1.64141414e-05 2.50000380e+08 1.12537928e+03 -3.40116575e+02
2.39898990e-05 1.64141414e-05 2.50000461e+08 1.20757230e+03 -2.39477491e+02
2.44949495e-05 1.64141414e-05 2.50000542e+08 1.26638004e+03 -1.40422321e+02
2.50000000e-05 1.64141414e-05 2.50000621e+08 1.30357377e+03 -4.51845751e+01
-2.50000000e-05 1.69191919e-05 2.50004625e+08 -4.69636826e+03 2.92049315e+03
-2.44949495e-05 1.69191919e-05 2.50005105e+08 -5.25010643e+03 3.20720920e+03
-2.39898990e-05 1.69191919e-05 2.50005660e+08 -5.90108158e+03 3.53277205e+03
-2.34848485e-05 1.69191919e-05 2.50006304e+08 -6.67301785e+03 3.90366291e+03
-2.29797980e-05 1.69191919e-05 2.50007057e+08 -7.59718817e+03 4.32729832e+03
-2.24747475e-05 1.69191919e-05 2.50007939e+08 -8.71539437e+03 4.81185646e+03
-2.19696970e-05 1.69191919e-05 2.50008977e+08 -1.00843551e+04 5.36569621e+03
-2.14646465e-05 1.69191919e-05 2.50010206e+08 -1.17822717e+04 5.99590212e+03
-2.09595960e-05 1.69191919e-05 2.50011662e+08 -1.39188124e+04 6.70497197e+03
-2.04545455e-05 1.69191919e-05 2.50013388e+08 -1.66505167e+04 7.48353271e+03
-1.99494949e-05 1.69191919e-05 2.50015423e+08 -2.02048261e+04 8.29441080e+03
-1.94444444e-05 1.69191919e-05 2.50017788e+08 -2.49176547e+04 9.03735337e+03
-1.89393939e-05 1.69191919e-05 2.50020437e+08 -3.12910178e+04 9.46878501e+03
-1.84343434e-05 1.69191919e-05 2.50023148e+08 -4.00746978e+04 9.01187193e+03
-1.79292929e-05 1.69191919e-05 2.50025221e+08 -5.23490576e+04 6.28165696e+03
-1.74242424e-05 1.69191919e-05 2.50024677e+08 -6.94343309e+04 -2.19386682e+03
-1.69191919e-05 1.69191919e-05 2.50015878e+08 -9.16106210e+04 -2.57912014e+04
-1.64141414e-05 1.69191919e-05 2.49981882e+08 -1.09108159e+05 -9.28141390e+04
-1.59090909e-05 1.69191919e-05 2.49876266e+08 -3.06380486e+04 -2.94997011e+05
-1.54040404e-05 1.69191919e-05 2.49885812e+08 7.43789064e+05 -5.43514168e+05
-1.48989899e-05 1.69191919e-05 2.50134245e+08 5.68611082e+05 3.37020368e+05
-1.43939394e-05 1.69191919e-05 2.49906668e+08 -1.75531207e+04 2.19395056e+05
-1.38888889e-05 1.69191919e-05 2.49894390e+08 -1.25062580e+05 1.05733210e+05
-1.33838384e-05 1.69191919e-05 2.49915763e+08 -1.22956372e+05 4.16848326e+04
-1.28787879e-05 1.69191919e-05 2.49944103e+08 -9.39180205e+04 1.28151553e+04
-1.23737374e-05 1.69191919e-05 2.49967773e+08 -6.65817751e+04 3.05241082e+03
-1.18686869e-05 1.69191919e-05 2.49983787e+08 -4.70335151e+04 9.73060530e+02
-1.13636364e-05 1.69191919e-05 2.49993518e+08 -3.40872194e+04 1.23872515e+03
-1.08585859e-05 1.69191919e-05 2.49999086e+08 -2.55702359e+04 1.92204923e+03
-1.03535354e-05 1.69191919e-05 2.50002129e+08 -1.98456880e+04 2.47385615e+03
-9.84848485e-06 1.69191919e-05 2.50003699e+08 -1.58751844e+04 2.80586149e+03
-9.34343434e-06 1.69191919e-05 2.50004426e+08 -1.30283687e+04 2.95544395e+03
-8.83838384e-06 1.69191919e-05 2.50004677e+08 -1.09221920e+04 2.97880988e+03
-8.33333333e-06 1.69191919e-05 2.50004665e+08 -9.31934558e+03 2.92269534e+03
-7.82828283e-06 1.69191919e-05 2.50004514e+08 -8.06887182e+03 2.82038497e+03
-7.32323232e-06 1.69191919e-05 2.50004296e+08 -7.07198825e+03 2.69403836e+03
-6.81818182e-06 1.69191919e-05 2.50004050e+08 -6.26224951e+03 2.55783873e+03
-6.31313131e-06 1.69191919e-05 2.50003803e+08 -5.59380742e+03 2.42056020e+03
-5.80808081e-06 1.69191919e-05 2.50003567e+08 -5.03429400e+03 2.28737781e+03
-5.30303030e-06 1.69191919e-05 2.50003351e+08 -4.56039186e+03 2.16105177e+03
-4.79797980e-06 1.69191919e-05 2.50003160e+08 -4.15499570e+03 2.04264444e+03
-4.29292929e-06 1.69191919e-05 2.50002996e+08 -3.80532298e+03 1.93188248e+03
-3.78787879e-06 1.69191919e-05 2.50002864e+08 -3.50156814e+03 1.82721245e+03
-3.28282828e-06 1.69191919e-05 2.50002766e+08 -3.23578644e+03 1.72552668e+03
-2.77777778e-06 1.69191919e-05 2.50002708e+08 -3.00063875e+03 1.62145965e+03
-2.27272727e-06 1.69191919e-05 2.50002696e+08 -2.78732639e+03 1.50614696e+03
-1.76767677e-06 1.69191919e-05 2.50002734e+08 -2.58128038e+03 1.36589509e+03
-1.26262626e-06 1.69191919e-05 2.50002814e+08 -2.35343265e+03 1.18491883e+03
-7.57575758e-07 1.69191919e-05 2.50002868e+08 -2.05425122e+03 9.72904016e+02
-2.52525253e-07 1.69191919e-05 2.50002705e+08 -1.70249495e+03 8.58897452e+02
2.52525253e-07 1.69191919e-05 2.50002292e+08 -1.71743124e+03 9.62928175e+02
7.57575758e-07 1.69191919e-05 2.50001975e+08 -2.10833230e+03 7.99354469e+02
1.26262626e-06 1.69191919e-05 2.50001557e+08 -2.09934123e+03 5.29427337e+02
1.76767677e-06 1.69191919e-05 2.50001037e+08 -1.84174191e+03 5.00839457e+02
2.27272727e-06 1.69191919e-05 2.50000293e+08 -1.41626487e+03 7.52000130e+02
2.77777778e-06 1.69191919e-05 2.49998406e+08 1.32961462e+02 1.53728133e+03
3.28282828e-06 1.69191919e-05 2.49995703e+08 7.79387626e+03 5.33323338e+02
3.78787879e-06 1.69191919e-05 2.50060367e+08 3.20313337e+03 -2.77770274e+04
4.29292929e-06 1.69191919e-05 2.50008738e+08 -3.85506782e+03 7.05664850e+03
4.79797980e-06 1.69191919e-05 2.50003657e+08 -2.36167119e+03 2.88129179e+03
5.30303030e-06 1.69191919e-05 2.50002550e+08 -2.05890243e+03 2.30863399e+03
5.80808081e-06 1.69191919e-05 2.50002100e+08 -1.96413440e+03 2.10453986e+03
6.31313131e-06 1.69191919e-05 2.50001861e+08 -1.94234882e+03 2.00408227e+03
6.81818182e-06 1.69191919e-05 2.50001716e+08 -1.95726157e+03 1.94210857e+03
7.32323232e-06 1.69191919e-05 2.50001619e+08 -1.99438927e+03 1.89432622e+03
7.82828283e-06 1.69191919e-05 2.50001550e+08 -2.04611025e+03 1.84923067e+03
8.33333333e-06 1.69191919e-05 2.50001496e+08 -2.10740743e+03 1.80040665e+03
8.83838384e-06 1.69191919e-05 2.50001452e+08 -2.17433692e+03 1.74384775e+03
9.34343434e-06 1.69191919e-05 2.50001413e+08 -2.24338972e+03 1.67688146e+03
9.84848485e-06 1.69191919e-05 2.50001373e+08 -2.31120571e+03 1.59770486e+03
1.03535354e-05 1.69191919e-05 2.50001332e+08 -2.37445077e+03 1.50518254e+03
1.08585859e-05 1.69191919e-05 2.50001287e+08 -2.42978190e+03 1.39876619e+03
1.13636364e-05 1.69191919e-05 2.50001235e+08 -2.47386791e+03 1.27847168e+03
1.18686869e-05 1.69191919e-05 2.50001177e+08 -2.50344895e+03 1.14488023e+03
1.23737374e-05 1.69191919e-05 2.50001112e+08 -2.51542554e+03 9.99143803e+02
1.28787879e-05 1.69191919e-05 2.50001039e+08 -2.50696883e+03 8.42981655e+02
1.33838384e-05 1.69191919e-05 2.50000958e+08 -2.47564448e+03 6.78658376e+02
1.38888889e-05 1.69191919e-05 2.50000870e+08 -2.41954099e+03 5.08936967e+02
1.43939394e-05 1.69191919e-05 2.50000778e+08 -2.33739272e+03 3.37003079e+02
1.48989899e-05 1.69191919e-05 2.50000681e+08 -2.22868655e+03 1.66359589e+02
1.54040404e-05 1.69191919e-05 2.50000583e+08 -2.09374174e+03 6.93937797e-01
1.59090909e-05 1.69191919e-05 2.50000486e+08 -1.93375309e+03 -1.56276089e+02
1.64141414e-05 1.69191919e-05 2.50000392e+08 -1.75079000e+03 -3.00969458e+02
1.69191919e-05 1.69191919e-05 2.50000304e+08 -1.54774741e+03 -4.30110877e+02
1.74242424e-05 1.69191919e-05 2.50000225e+08 -1.32824828e+03 -5.40889445e+02
1.79292929e-05 1.69191919e-05 2.50000157e+08 -1.09650218e+03 -6.31094779e+02
1.84343434e-05 1.69191919e-05 2.50000103e+08 -8.57128411e+02 -6.99219932e+02
1.89393939e-05 1.69191919e-05 2.50000062e+08 -6.14955650e+02 -7.44523082e+02
1.94444444e-05 1.69191919e-05 2.50000037e+08 -3.74812460e+02 -7.67043713e+02
1.99494949e-05 1.69191919e-05 2.50000028e+08 -1.41323414e+02 -7.67573122e+02
2.04545455e-05 1.69191919e-05 2.50000034e+08 8.12751152e+01 -7.47583150e+02
2.09595960e-05 1.69191919e-05 2.50000056e+08 2.89287889e+02 -7.09120529e+02
2.14646465e-05 1.69191919e-05 2.50000090e+08 4.79674236e+02 -6.54676710e+02
2.19696970e-05 1.69191919e-05 2.50000137e+08 6.50117696e+02 -5.87044304e+02
2.24747475e-05 1.69191919e-05 2.50000193e+08 7.99051610e+02 -5.09171251e+02
2.29797980e-05 1.69191919e-05 2.50000258e+08 9.25643903e+02 -4.24022756e+02
2.34848485e-05 1.69191919e-05 2.50000327e+08 1.02974715e+03 -3.34459088e+02
2.39898990e-05 1.69191919e-05 2.50000400e+08 1.11182174e+03 -2.43134901e+02
2.44949495e-05 1.69191919e-05 2.50000474e+08 1.17284082e+03 -1.52423205e+02
2.50000000e-05 1.69191919e-05 2.50000546e+08 1.21418559e+03 -6.43646998e+01
-2.50000000e-05 1.74242424e-05 2.50004376e+08 -4.94396778e+03 2.74488503e+03
-2.44949495e-05 1.74242424e-05 2.50004789e+08 -5.52665064e+03 2.97697558e+03
-2.39898990e-05 1.74242424e-05 2.50005256e+08 -6.20994680e+03 3.23025707e+03
-2.34848485e-05 1.74242424e-05 2.50005784e+08 -7.01736194e+03 3.50448906e+03
-2.29797980e-05 1.74242424e-05 2.50006379e+08 -7.97928912e+03 3.79735351e+03
-2.24747475e-05 1.74242424e-05 2.50007049e+08 -9.13536006e+03 4.10271029e+03
-2.19696970e-05 1.74242424e-05 2.50007795e+08 -1.05376428e+04 4.40750538e+03
-2.14646465e-05 1.74242424e-05 2.50008617e+08 -1.22549246e+04 4.68623064e+03
-2.09595960e-05 1.74242424e-05 2.50009497e+08 -1.43782314e+04 4.89084455e+03
-2.04545455e-05 1.74242424e-05 2.50010394e+08 -1.70272991e+04 4.93209132e+03
-1.99494949e-05 1.74242424e-05 2.50011218e+08 -2.03562095e+04 4.64411745e+03
-1.94444444e-05 1.74242424e-05 2.50011777e+08 -2.45518228e+04 3.71581013e+03
-1.89393939e-05 1.74242424e-05 2.50011692e+08 -2.98049166e+04 1.55411217e+03
-1.84343434e-05 1.74242424e-05 2.50010206e+08 -3.61924570e+04 -2.99467890e+03
-1.79292929e-05 1.74242424e-05 2.50005834e+08 -4.32797135e+04 -1.22213909e+04
-1.74242424e-05 1.74242424e-05 2.49995749e+08 -4.88278135e+04 -3.07205122e+04
-1.69191919e-05 1.74242424e-05 2.49975216e+08 -4.45859763e+04 -6.73613943e+04
-1.64141414e-05 1.74242424e-05 2.49940856e+08 -3.18285767e+03 -1.35046474e+05
-1.59090909e-05 1.74242424e-05 2.49919225e+08 1.46405643e+05 -2.19245650e+05
-1.54040404e-05 1.74242424e-05 2.50016461e+08 4.05851749e+05 -1.47226326e+05
-1.48989899e-05 1.74242424e-05 2.50100758e+08 3.47081267e+05 1.19640804e+05
-1.43939394e-05 1.74242424e-05 2.50004846e+08 7.95073407e+04 1.65596844e+05
-1.38888889e-05 1.74242424e-05 2.49941899e+08 -4.86774200e+04 1.02836711e+05
-1.33838384e-05 1.74242424e-05 2.49930556e+08 -8.03513745e+04 4.99931343e+04
-1.28787879e-05 1.74242424e-05 2.49941017e+08 -7.49855865e+04 1.98167800e+04
-1.23737374e-05 1.74242424e-05 2.49956834e+08 -5.99734281e+04 5.75957696e+03
-1.18686869e-05 1.74242424e-05 2.49971061e+08 -4.55643572e+04 4.47585439e+02
-1.13636364e-05 1.74242424e-05 2.49981797e+08 -3.43514329e+04 -9.08481983e+02
-1.08585859e-05 1.74242424e-05 2.49989252e+08 -2.62225115e+04 -7.60738304e+02
-1.03535354e-05 1.74242424e-05 2.49994211e+08 -2.04384721e+04 -1.86432291e+02
-9.84848485e-06 1.74242424e-05 2.49997428e+08 -1.63022294e+04 4.01545816e+02
-9.34343434e-06 1.74242424e-05 2.49999481e+08 -1.32966587e+04 8.75060778e+02
-8.83838384e-06 1.74242424e-05 2.50000770e+08 -1.10672638e+04 1.21595525e+03
-8.33333333e-06 1.74242424e-05 2.50001561e+08 -9.37709532e+03 1.44247347e+03
-7.82828283e-06 1.74242424e-05 2.50002030e+08 -8.06806319e+03 1.58062779e+03
-7.32323232e-06 1.74242424e-05 2.50002292e+08 -7.03369560e+03 1.65425956e+03
-6.81818182e-06 1.74242424e-05 2.50002422e+08 -6.20121744e+03 1.68242355e+03
-6.31313131e-06 1.74242424e-05 2.50002470e+08 -5.52002487e+03 1.67939467e+03
-5.80808081e-06 1.74242424e-05 2.50002467e+08 -4.95428841e+03 1.65543664e+03
-5.30303030e-06 1.74242424e-05 2.50002437e+08 -4.47815851e+03 1.61764121e+03
-4.79797980e-06 1.74242424e-05 2.50002394e+08 -4.07259399e+03 1.57061051e+03
-4.29292929e-06 1.74242424e-05 2.50002348e+08 -3.72318452e+03 1.51692914e+03
-3.78787879e-06 1.74242424e-05 2.50002309e+08 -3.41854308e+03 1.45743594e+03
-3.28282828e-06 1.74242424e-05 2.50002280e+08 -3.14894320e+03 1.39134670e+03
-2.77777778e-06 1.74242424e-05 2.50002265e+08 -2.90490527e+03 1.31638501e+03
-2.27272727e-06 1.74242424e-05 2.50002265e+08 -2.67549205e+03 1.22942843e+03
-1.76767677e-06 1.74242424e-05 2.50002271e+08 -2.44663194e+03 1.12918262e+03
-1.26262626e-06 1.74242424e-05 2.50002255e+08 -2.20281419e+03 1.02439203e+03
-7.57575758e-07 1.74242424e-05 2.50002168e+08 -1.94569762e+03 9.49723513e+02
-2.52525253e-07 1.74242424e-05 2.50001962e+08 -1.74880842e+03 9.60275288e+02
2.52525253e-07 1.74242424e-05 2.50001700e+08 -1.75359333e+03 1.02144010e+03
7.57575758e-07 1.74242424e-05 2.50001470e+08 -1.90062423e+03 9.75052901e+02
1.26262626e-06 1.74242424e-05 2.50001199e+08 -1.93730669e+03 8.42956632e+02
1.76767677e-06 1.74242424e-05 2.50000832e+08 -1.81967124e+03 7.69496252e+02
2.27272727e-06 1.74242424e-05 2.50000364e+08 -1.64024378e+03 8.00294788e+02
2.77777778e-06 1.74242424e-05 2.49999728e+08 -1.46911425e+03 9.51141645e+02
3.28282828e-06 1.74242424e-05 2.49998677e+08 -1.38790333e+03 1.39697390e+03
3.78787879e-06 1.74242424e-05 2.49997011e+08 -2.19063449e+03 2.89109215e+03
4.29292929e-06 1.74242424e-05 2.49998647e+08 -5.48212782e+02 2.51525894e+03
4.79797980e-06 1.74242424e-05 2.50000510e+08 -1.01587182e+03 3.17772650e+03
5.30303030e-06 1.74242424e-05 2.50001278e+08 -1.56159943e+03 2.61022655e+03
5.80808081e-06 1.74242424e-05 2.50001452e+08 -1.73856201e+03 2.25205671e+03
6.31313131e-06 1.74242424e-05 2.50001473e+08 -1.81907504e+03 2.05200184e+03
6.81818182e-06 1.74242424e-05 2.50001455e+08 -1.87676144e+03 1.92866442e+03
7.32323232e-06 1.74242424e-05 2.50001427e+08 -1.93131374e+03 1.84130068e+03
7.82828283e-06 1.74242424e-05 2.50001398e+08 -1.98785378e+03 1.76947835e+03
8.33333333e-06 1.74242424e-05 2.50001369e+08 -2.04689723e+03 1.70210930e+03
8.83838384e-06 1.74242424e-05 2.50001339e+08 -2.10724379e+03 1.63269136e+03
9.34343434e-06 1.74242424e-05 2.50001309e+08 -2.16693584e+03 1.55719183e+03
9.84848485e-06 1.74242424e-05 2.50001275e+08 -2.22362240e+03 1.47305866e+03
1.03535354e-05 1.74242424e-05 2.50001238e+08 -2.27472602e+03 1.37874048e+03
1.08585859e-05 1.74242424e-05 2.50001195e+08 -2.31754509e+03 1.27344902e+03
1.13636364e-05 1.74242424e-05 2.50001146e+08 -2.34933960e+03 1.15704075e+03
1.18686869e-05 1.74242424e-05 2.50001090e+08 -2.36741868e+03 1.02995623e+03
1.23737374e-05 1.74242424e-05 2.50001028e+08 -2.36923555e+03 8.93183662e+02
1.28787879e-05 1.74242424e-05 2.50000958e+08 -2.35249016e+03 7.48226956e+02
1.33838384e-05 1.74242424e-05 2.50000882e+08 -2.31523627e+03 5.97066096e+02
1.38888889e-05 1.74242424e-05 2.50000800e+08 -2.25598739e+03 4.42102048e+02
1.43939394e-05 1.74242424e-05 2.50000714e+08 -2.17381481e+03 2.86082099e+02
1.48989899e-05 1.74242424e-05 2.50000625e+08 -2.06842993e+03 1.32004484e+02
1.54040404e-05 1.74242424e-05 2.50000535e+08 -1.94024319e+03 -1.69959695e+01
1.59090909e-05 1.74242424e-05 2.50000446e+08 -1.79039278e+03 -1.57776818e+02
1.64141414e-05 1.74242424e-05 2.50000360e+08 -1.62073801e+03 -2.87324941e+02
1.69191919e-05 1.74242424e-05 2.50000280e+08 -1.43381474e+03 -4.02893125e+02
1.74242424e-05 1.74242424e-05 2.50000208e+08 -1.23275323e+03 -5.02127124e+02
1.79292929e-05 1.74242424e-05 2.50000146e+08 -1.02116214e+03 -5.83174132e+02
1.84343434e-05 1.74242424e-05 2.50000095e+08 -8.02985269e+02 -6.44764741e+02
1.89393939e-05 1.74242424e-05 2.50000057e+08 -5.82340305e+02 -6.86262484e+02
1.94444444e-05 1.74242424e-05 2.50000033e+08 -3.63350297e+02 -7.07677766e+02
1.99494949e-05 1.74242424e-05 2.50000023e+08 -1.49979196e+02 -7.09646014e+02
2.04545455e-05 1.74242424e-05 2.50000027e+08 5.41179284e+01 -6.93372887e+02
2.09595960e-05 1.74242424e-05 2.50000044e+08 2.45720993e+02 -6.60551960e+02
2.14646465e-05 1.74242424e-05 2.50000073e+08 4.22140783e+02 -6.13262208e+02
2.19696970e-05 1.74242424e-05 2.50000113e+08 5.81280938e+02 -5.53853671e+02
2.24747475e-05 1.74242424e-05 2.50000162e+08 7.21665340e+02 -4.84829788e+02
2.29797980e-05 1.74242424e-05 2.50000219e+08 8.42432889e+02 -4.08734253e+02
2.34848485e-05 1.74242424e-05 2.50000281e+08 9.43303840e+02 -3.28048890e+02
2.39898990e-05 1.74242424e-05 2.50000346e+08 1.02452339e+03 -2.45107358e+02
2.44949495e-05 1.74242424e-05 2.50000413e+08 1.08678898e+03 -1.62027594e+02
2.50000000e-05 1.74242424e-05 2.50000480e+08 1.13116787e+03 -8.06640803e+01
-2.50000000e-05 1.79292929e-05 2.50003977e+08 -5.13206838e+03 2.43702898e+03
-2.44949495e-05 1.79292929e-05 2.50004297e+08 -5.72580096e+03 2.58879185e+03
-2.39898990e-05 1.79292929e-05 2.50004643e+08 -6.41717063e+03 2.73810603e+03
-2.34848485e-05 1.79292929e-05 2.50005015e+08 -7.22682632e+03 2.87653008e+03
-2.29797980e-05 1.79292929e-05 2.50005408e+08 -8.18038478e+03 2.99025922e+03
-2.24747475e-05 1.79292929e-05 2.50005809e+08 -9.30947921e+03 3.05690898e+03
-2.19696970e-05 1.79292929e-05 2.50006201e+08 -1.06527016e+04 3.04025299e+03
-2.14646465e-05 1.79292929e-05 2.50006546e+08 -1.22559151e+04 2.88150547e+03
-2.09595960e-05 1.79292929e-05 2.50006784e+08 -1.41706619e+04 2.48469832e+03
-2.04545455e-05 1.79292929e-05 2.50006809e+08 -1.64476766e+04 1.69187312e+03
-1.99494949e-05 1.79292929e-05 2.50006444e+08 -1.91185537e+04 2.40652995e+02
-1.94444444e-05 1.79292929e-05 2.50005394e+08 -2.21494168e+04 -2.30835877e+03
-1.89393939e-05 1.79292929e-05 2.50003176e+08 -2.53288379e+04 -6.69375632e+03
-1.84343434e-05 1.79292929e-05 2.49999026e+08 -2.80017582e+04 -1.41470328e+04
-1.79292929e-05 1.79292929e-05 2.49991853e+08 -2.84478086e+04 -2.66445151e+04
-1.74242424e-05 1.79292929e-05 2.49980510e+08 -2.24887859e+04 -4.69837197e+04
-1.69191919e-05 1.79292929e-05 2.49965427e+08 -8.02939080e+02 -7.74952942e+04
-1.64141414e-05 1.79292929e-05 2.49954097e+08 5.34735258e+04 -1.13226336e+05
-1.59090909e-05 1.79292929e-05 2.49969314e+08 1.52056552e+05 -1.23722183e+05
-1.54040404e-05 1.79292929e-05 2.50026062e+08 2.43250900e+05 -5.53990767e+04
-1.48989899e-05 1.79292929e-05 2.50062050e+08 2.13898208e+05 5.94818762e+04
-1.43939394e-05 1.79292929e-05 2.50029257e+08 9.40607138e+04 1.07556843e+05
-1.38888889e-05 1.79292929e-05 2.49982505e+08 -5.98432549e+02 8.86389115e+04
-1.33838384e-05 1.79292929e-05 2.49957986e+08 -4.34507848e+04 5.44464614e+04
-1.28787879e-05 1.79292929e-05 2.49953411e+08 -5.37342566e+04 2.78808860e+04
-1.23737374e-05 1.79292929e-05 2.49958950e+08 -4.97197182e+04 1.19283612e+04
-1.18686869e-05 1.79292929e-05 2.49967685e+08 -4.14276877e+04 3.76685232e+03
-1.13636364e-05 1.79292929e-05 2.49976179e+08 -3.31440234e+04 1.94689499e+02
-1.08585859e-05 1.79292929e-05 2.49983190e+08 -2.62373445e+04 -1.01483846e+03
-1.03535354e-05 1.79292929e-05 2.49988542e+08 -2.08668497e+04 -1.14198293e+03
-9.84848485e-06 1.79292929e-05 2.49992462e+08 -1.67988025e+04 -8.44431061e+02
-9.34343434e-06 1.79292929e-05 2.49995269e+08 -1.37330944e+04 -4.31474460e+02
-8.83838384e-06 1.79292929e-05 2.49997254e+08 -1.14092881e+04 -3.46476717e+01
-8.33333333e-06 1.79292929e-05 2.49998646e+08 -9.62747623e+03 2.99290416e+02
-7.82828283e-06 1.79292929e-05 2.49999618e+08 -8.24164419e+03 5.61311692e+02
-7.32323232e-06 1.79292929e-05 2.50000293e+08 -7.14716921e+03 7.57503831e+02
-6.81818182e-06 1.79292929e-05 2.50000760e+08 -6.26939259e+03 8.98706460e+02
-6.31313131e-06 1.79292929e-05 2.50001081e+08 -5.55481458e+03 9.96052976e+02
-5.80808081e-06 1.79292929e-05 2.50001301e+08 -4.96474265e+03 1.05925860e+03
-5.30303030e-06 1.79292929e-05 2.50001452e+08 -4.47082294e+03 1.09612775e+03
-4.79797980e-06 1.79292929e-05 2.50001554e+08 -4.05190300e+03 1.11256386e+03
-4.29292929e-06 1.79292929e-05 2.50001626e+08 -3.69178958e+03 1.11276420e+03
-3.78787879e-06 1.79292929e-05 2.50001678e+08 -3.37757998e+03 1.09949093e+03
-3.28282828e-06 1.79292929e-05 2.50001716e+08 -3.09834645e+03 1.07445206e+03
-2.77777778e-06 1.79292929e-05 2.50001745e+08 -2.84408646e+03 1.03898861e+03
-2.27272727e-06 1.79292929e-05 2.50001762e+08 -2.60516236e+03 9.95504060e+02
-1.76767677e-06 1.79292929e-05 2.50001758e+08 -2.37328216e+03 9.50270868e+02
-1.26262626e-06 1.79292929e-05 2.50001714e+08 -2.14675039e+03 9.17419330e+02
-7.57575758e-07 1.79292929e-05 2.50001610e+08 -1.94309526e+03 9.18953088e+02
-2.52525253e-07 1.79292929e-05 2.50001449e+08 -1.80937256e+03 9.66217068e+02
2.52525253e-07 1.79292929e-05 2.50001266e+08 -1.78826249e+03 1.02506799e+03
7.57575758e-07 1.79292929e-05 2.50001087e+08 -1.84032171e+03 1.03753813e+03
1.26262626e-06 1.79292929e-05 2.50000880e+08 -1.86668356e+03 1.00992357e+03
1.76767677e-06 1.79292929e-05 2.50000604e+08 -1.82645623e+03 1.00908227e+03
2.27272727e-06 1.79292929e-05 2.50000248e+08 -1.75687008e+03 1.09140751e+03
2.77777778e-06 1.79292929e-05 2.49999824e+08 -1.73298233e+03 1.28916304e+03
3.28282828e-06 1.79292929e-05 2.49999440e+08 -1.87065852e+03 1.59346727e+03
3.78787879e-06 1.79292929e-05 2.49999519e+08 -2.13569930e+03 1.70640324e+03
4.29292929e-06 1.79292929e-05 2.49999880e+08 -1.52490643e+03 1.61699934e+03
4.79797980e-06 1.79292929e-05 2.50000196e+08 -1.10488475e+03 2.06339177e+03
5.30303030e-06 1.79292929e-05 2.50000655e+08 -1.31126565e+03 2.17963697e+03
5.80808081e-06 1.79292929e-05 2.50000960e+08 -1.53173282e+03 2.07484650e+03
6.31313131e-06 1.79292929e-05 2.50001117e+08 -1.67546976e+03 1.94531173e+03
6.81818182e-06 1.79292929e-05 2.50001190e+08 -1.77313348e+03 1.83572248e+03
7.32323232e-06 1.79292929e-05 2.50001222e+08 -1.84890397e+03 1.74541236e+03
7.82828283e-06 1.79292929e-05 2.50001231e+08 -1.91463974e+03 1.66653827e+03
8.33333333e-06 1.79292929e-05 2.50001227e+08 -1.97531179e+03 1.59213252e+03
8.83838384e-06 1.79292929e-05 2.50001215e+08 -2.03243391e+03 1.51709246e+03
9.34343434e-06 1.79292929e-05 2.50001195e+08 -2.08575109e+03 1.43787547e+03
9.84848485e-06 1.79292929e-05 2.50001170e+08 -2.13405979e+03 1.35210823e+03
1.03535354e-05 1.79292929e-05 2.50001138e+08 -2.17562957e+03 1.25830668e+03
1.08585859e-05 1.79292929e-05 2.50001099e+08 -2.20844391e+03 1.15570019e+03
1.13636364e-05 1.79292929e-05 2.50001054e+08 -2.23035948e+03 1.04412560e+03
1.18686869e-05 1.79292929e-05 2.50001002e+08 -2.23922969e+03 9.23961588e+02
1.23737374e-05 1.79292929e-05 2.50000944e+08 -2.23301327e+03 7.96082424e+02
1.28787879e-05 1.79292929e-05 2.50000878e+08 -2.20987632e+03 6.61816981e+02
1.33838384e-05 1.79292929e-05 2.50000807e+08 -2.16828971e+03 5.22903252e+02
1.38888889e-05 1.79292929e-05 2.50000732e+08 -2.10712009e+03 3.81432309e+02
1.43939394e-05 1.79292929e-05 2.50000652e+08 -2.02571048e+03 2.39778364e+02
1.48989899e-05 1.79292929e-05 2.50000570e+08 -1.92394546e+03 1.00514071e+02
1.54040404e-05 1.79292929e-05 2.50000487e+08 -1.80229571e+03 -3.36875001e+01
1.59090909e-05 1.79292929e-05 2.50000406e+08 -1.66183730e+03 -1.60160763e+02
1.64141414e-05 1.79292929e-05 2.50000328e+08 -1.50424229e+03 -2.76360236e+02
1.69191919e-05 1.79292929e-05 2.50000255e+08 -1.33173915e+03 -3.79971520e+02
1.74242424e-05 1.79292929e-05 2.50000190e+08 -1.14704375e+03 -4.69013712e+02
1.79292929e-05 1.79292929e-05 2.50000133e+08 -9.53263904e+02 -5.41926439e+02
1.84343434e-05 1.79292929e-05 2.50000086e+08 -7.53782820e+02 -5.97635614e+02
1.89393939e-05 1.79292929e-05 2.50000051e+08 -5.52128567e+02 -6.35593517e+02
1.94444444e-05 1.79292929e-05 2.50000028e+08 -3.51837752e+02 -6.55790790e+02
1.99494949e-05 1.79292929e-05 2.50000017e+08 -1.56322087e+02 -6.58740215e+02
2.04545455e-05 1.79292929e-05 2.50000019e+08 3.12540004e+01 -6.45434338e+02
2.09595960e-05 1.79292929e-05 2.50000032e+08 2.08077705e+02 -6.17280949e+02
2.14646465e-05 1.79292929e-05 2.50000057e+08 3.71768917e+02 -5.76021925e+02
2.19696970e-05 1.79292929e-05 2.50000091e+08 5.20434911e+02 -5.23641735e+02
2.24747475e-05 1.79292929e-05 2.50000134e+08 6.52697764e+02 -4.62272181e+02
2.29797980e-05 1.79292929e-05 2.50000184e+08 7.67695626e+02 -3.94099471e+02
2.34848485e-05 1.79292929e-05 2.50000240e+08 8.65060738e+02 -3.21278897e+02
2.39898990e-05 1.79292929e-05 2.50000298e+08 9.44878283e+02 -2.45861105e+02
2.44949495e-05 1.79292929e-05 2.50000359e+08 1.00763092e+03 -1.69732607e+02
2.50000000e-05 1.79292929e-05 2.50000421e+08 1.05413404e+03 -9.45717658e+01
-2.50000000e-05 1.84343434e-05 2.50003463e+08 -5.24051409e+03 2.01625528e+03
-2.44949495e-05 1.84343434e-05 2.50003672e+08 -5.82335434e+03 2.06952803e+03
-2.39898990e-05 1.84343434e-05 2.50003881e+08 -6.49379238e+03 2.09398948e+03
-2.34848485e-05 1.84343434e-05 2.50004080e+08 -7.26704076e+03 2.07310016e+03
-2.29797980e-05 1.84343434e-05 2.50004252e+08 -8.16034304e+03 1.98225321e+03
-2.24747475e-05 1.84343434e-05 2.50004374e+08 -9.19233037e+03 1.78468936e+03
-2.19696970e-05 1.84343434e-05 2.50004409e+08 -1.03812280e+04 1.42521969e+03
-2.14646465e-05 1.84343434e-05 2.50004299e+08 -1.17407200e+04 8.20547840e+02
-2.09595960e-05 1.84343434e-05 2.50003959e+08 -1.32711222e+04 -1.55628050e+02
-2.04545455e-05 1.84343434e-05 2.50003259e+08 -1.49412383e+04 -1.69530957e+03
-1.99494949e-05 1.84343434e-05 2.50002008e+08 -1.66518137e+04 -4.08979893e+03
-1.94444444e-05 1.84343434e-05 2.49999935e+08 -1.81629612e+04 -7.77616856e+03
-1.89393939e-05 1.84343434e-05 2.49996680e+08 -1.89525105e+04 -1.33908824e+04
-1.84343434e-05 1.84343434e-05 2.49991835e+08 -1.79487613e+04 -2.17961224e+04
-1.79292929e-05 1.84343434e-05 2.49985162e+08 -1.30651823e+04 -3.39555565e+04
-1.74242424e-05 1.84343434e-05 2.49977220e+08 -5.53404664e+02 -5.03042565e+04
-1.69191919e-05 1.84343434e-05 2.49970789e+08 2.52353558e+04 -6.88297127e+04
-1.64141414e-05 1.84343434e-05 2.49972677e+08 6.91614686e+04 -8.11588439e+04
-1.59090909e-05 1.84343434e-05 2.49991449e+08 1.24768449e+05 -7.02254494e+04
-1.54040404e-05 1.84343434e-05 2.50023147e+08 1.61133443e+05 -2.39377835e+04
-1.48989899e-05 1.84343434e-05 2.50041340e+08 1.43357903e+05 3.62516750e+04
-1.43939394e-05 1.84343434e-05 2.50028914e+08 8.25602111e+04 7.03173142e+04
-1.38888889e-05 1.84343434e-05 2.50001517e+08 2.12943222e+04 6.94315094e+04
-1.33838384e-05 1.84343434e-05 2.49979369e+08 -1.73618121e+04 5.14235159e+04
-1.28787879e-05 1.84343434e-05 2.49968700e+08 -3.43138393e+04 3.20012580e+04
-1.23737374e-05 1.84343434e-05 2.49967056e+08 -3.78912511e+04 1.73708133e+04
-1.18686869e-05 1.84343434e-05 2.49970333e+08 -3.51369736e+04 8.12480558e+03
-1.13636364e-05 1.84343434e-05 2.49975463e+08 -3.02160691e+04 2.95260421e+03
-1.08585859e-05 1.84343434e-05 2.49980730e+08 -2.51307478e+04 3.78960371e+02
-1.03535354e-05 1.84343434e-05 2.49985376e+08 -2.06559353e+04 -7.03431971e+02
-9.84848485e-06 1.84343434e-05 2.49989178e+08 -1.69791295e+04 -1.00009176e+03
-9.34343434e-06 1.84343434e-05 2.49992163e+08 -1.40491791e+04 -9.20247175e+02
-8.83838384e-06 1.84343434e-05 2.49994453e+08 -1.17411722e+04 -6.85843929e+02
-8.33333333e-06 1.84343434e-05 2.49996186e+08 -9.92487774e+03 -4.09979249e+02
-7.82828283e-06 1.84343434e-05 2.49997487e+08 -8.48827090e+03 -1.45890850e+02
-7.32323232e-06 1.84343434e-05 2.49998462e+08 -7.34222553e+03 8.46415242e+01
-6.81818182e-06 1.84343434e-05 2.49999192e+08 -6.41834167e+03 2.75570458e+02
-6.31313131e-06 1.84343434e-05 2.49999739e+08 -5.66494663e+03 4.28162734e+02
-5.80808081e-06 1.84343434e-05 2.50000149e+08 -5.04317122e+03 5.46633461e+02
-5.30303030e-06 1.84343434e-05 2.50000459e+08 -4.52367644e+03 6.35971947e+02
-4.79797980e-06 1.84343434e-05 2.50000694e+08 -4.08409293e+03 7.00936912e+02
-4.29292929e-06 1.84343434e-05 2.50000874e+08 -3.70706861e+03 7.45683960e+02
-3.78787879e-06 1.84343434e-05 2.50001011e+08 -3.37879897e+03 7.73772536e+02
-3.28282828e-06 1.84343434e-05 2.50001116e+08 -3.08796796e+03 7.88479254e+02
-2.77777778e-06 1.84343434e-05 2.50001191e+08 -2.82515667e+03 7.93464876e+02
-2.27272727e-06 1.84343434e-05 2.50001237e+08 -2.58302483e+03 7.93868484e+02
-1.76767677e-06 1.84343434e-05 2.50001248e+08 -2.35792133e+03 7.97619447e+02
-1.26262626e-06 1.84343434e-05 2.50001219e+08 -2.15355541e+03 8.15683661e+02
-7.57575758e-07 1.84343434e-05 2.50001146e+08 -1.98517937e+03 8.58062205e+02
-2.52525253e-07 1.84343434e-05 2.50001038e+08 -1.87649666e+03 9.23286704e+02
2.52525253e-07 1.84343434e-05 2.50000916e+08 -1.83955784e+03 9.90894957e+02
7.57575758e-07 1.84343434e-05 2.50000789e+08 -1.85212295e+03 1.03737590e+03
1.26262626e-06 1.84343434e-05 2.50000644e+08 -1.87131445e+03 1.06580269e+03
1.76767677e-06 1.84343434e-05 2.50000467e+08 -1.87526849e+03 1.10617648e+03
2.27272727e-06 1.84343434e-05 2.50000263e+08 -1.88047692e+03 1.18651179e+03
2.77777778e-06 1.84343434e-05 2.50000080e+08 -1.92478803e+03 1.30470701e+03
3.28282828e-06 1.84343434e-05 2.50000013e+08 -2.01660880e+03 1.39869035e+03
3.78787879e-06 1.84343434e-05 2.50000127e+08 -2.00898057e+03 1.37086276e+03
4.29292929e-06 1.84343434e-05 2.50000261e+08 -1.69797224e+03 1.35573301e+03
4.79797980e-06 1.84343434e-05 2.50000357e+08 -1.39479835e+03 1.54384273e+03
5.30303030e-06 1.84343434e-05 2.50000531e+08 -1.36511669e+03 1.71953858e+03
5.80808081e-06 1.84343434e-05 2.50000726e+08 -1.47063468e+03 1.76704304e+03
6.31313131e-06 1.84343434e-05 2.50000877e+08 -1.58943125e+03 1.73577816e+03
6.81818182e-06 1.84343434e-05 2.50000977e+08 -1.68964571e+03 1.67555132e+03
7.32323232e-06 1.84343434e-05 2.50001038e+08 -1.77170646e+03 1.60782369e+03
7.82828283e-06 1.84343434e-05 2.50001071e+08 -1.84109112e+03 1.53861131e+03
8.33333333e-06 1.84343434e-05 2.50001086e+08 -1.90183724e+03 1.46808644e+03
8.83838384e-06 1.84343434e-05 2.50001088e+08 -1.95596003e+03 1.39471466e+03
9.34343434e-06 1.84343434e-05 2.50001079e+08 -2.00396888e+03 1.31677138e+03
9.84848485e-06 1.84343434e-05 2.50001061e+08 -2.04538897e+03 1.23284390e+03
1.03535354e-05 1.84343434e-05 2.50001035e+08 -2.07913342e+03 1.14197280e+03
1.08585859e-05 1.84343434e-05 2.50001002e+08 -2.10375579e+03 1.04367400e+03
1.13636364e-05 1.84343434e-05 2.50000961e+08 -2.11762860e+03 9.37925263e+02
1.18686869e-05 1.84343434e-05 2.50000914e+08 -2.11907969e+03 8.25142981e+02
1.23737374e-05 1.84343434e-05 2.50000860e+08 -2.10650527e+03 7.06155137e+02
1.28787879e-05 1.84343434e-05 2.50000800e+08 -2.07846914e+03 5.82169134e+02
1.33838384e-05 1.84343434e-05 2.50000734e+08 -2.03379188e+03 4.54731846e+02
1.38888889e-05 1.84343434e-05 2.50000665e+08 -1.97163026e+03 3.25679458e+02
1.43939394e-05 1.84343434e-05 2.50000591e+08 -1.89154480e+03 1.97075799e+02
1.48989899e-05 1.84343434e-05 2.50000516e+08 -1.79355248e+03 7.11392283e+01
1.54040404e-05 1.84343434e-05 2.50000441e+08 -1.67816122e+03 -4.98403221e+01
1.59090909e-05 1.84343434e-05 2.50000367e+08 -1.54638294e+03 -1.63591218e+02
1.64141414e-05 1.84343434e-05 2.50000296e+08 -1.39972325e+03 -2.67952743e+02
1.69191919e-05 1.84343434e-05 2.50000230e+08 -1.24014684e+03 -3.60965508e+02
1.74242424e-05 1.84343434e-05 2.50000170e+08 -1.07001955e+03 -4.40954341e+02
1.79292929e-05 1.84343434e-05 2.50000118e+08 -8.92029707e+02 -5.06598492e+02
1.84343434e-05 1.84343434e-05 2.50000075e+08 -7.09092835e+02 -5.56984676e+02
1.89393939e-05 1.84343434e-05 2.50000043e+08 -5.24245473e+02 -5.91639671e+02
1.94444444e-05 1.84343434e-05 2.50000021e+08 -3.40534290e+02 -6.10540632e+02
1.99494949e-05 1.84343434e-05 2.50000010e+08 -1.60907268e+02 -6.14102995e+02
2.04545455e-05 1.84343434e-05 2.50000010e+08 1.18867667e+01 -6.03147502e+02
2.09595960e-05 1.84343434e-05 2.50000021e+08 1.75384768e+02 -5.78849346e+02
2.14646465e-05 1.84343434e-05 2.50000041e+08 3.27478077e+02 -5.42673560e+02
2.19696970e-05 1.84343434e-05 2.50000071e+08 4.66460395e+02 -4.96301482e+02
2.24747475e-05 1.84343434e-05 2.50000109e+08 5.91054149e+02 -4.41553337e+02
2.29797980e-05 1.84343434e-05 2.50000153e+08 7.00415869e+02 -3.80311758e+02
2.34848485e-05 1.84343434e-05 2.50000203e+08 7.94122524e+02 -3.14450447e+02
2.39898990e-05 1.84343434e-05 2.50000256e+08 8.72141781e+02 -2.45771321e+02
2.44949495e-05 1.84343434e-05 2.50000311e+08 9.34789806e+02 -1.75952459e+02
2.50000000e-05 1.84343434e-05 2.50000367e+08 9.82680485e+02 -1.06508123e+02
-2.50000000e-05 1.89393939e-05 2.50002870e+08 -5.25624791e+03 1.50902760e+03
-2.44949495e-05 1.89393939e-05 2.50002965e+08 -5.80504000e+03 1.45472243e+03
-2.39898990e-05 1.89393939e-05 2.50003034e+08 -6.42487599e+03 1.34597759e+03
-2.34848485e-05 1.89393939e-05 2.50003061e+08 -7.12362229e+03 1.15969395e+03
-2.29797980e-05 1.89393939e-05 2.50003024e+08 -7.90777573e+03 8.63200996e+02
-2.24747475e-05 1.89393939e-05 2.50002890e+08 -8.78017467e+03 4.10147234e+02
-2.19696970e-05 1.89393939e-05 2.50002616e+08 -9.73577375e+03 -2.65362625e+02
-2.14646465e-05 1.89393939e-05 2.50002137e+08 -1.07539898e+04 -1.25700029e+03
-2.09595960e-05 1.89393939e-05 2.50001368e+08 -1.17850139e+04 -2.69740394e+03
-2.04545455e-05 1.89393939e-05 2.50000192e+08 -1.27256161e+04 -4.77239756e+03
-1.99494949e-05 1.89393939e-05 2.49998463e+08 -1.33770362e+04 -7.73642174e+03
-1.94444444e-05 1.89393939e-05 2.49996012e+08 -1.33736059e+04 -1.19219679e+04
-1.89393939e-05 1.89393939e-05 2.49992693e+08 -1.20678276e+04 -1.77222171e+04
-1.84343434e-05 1.89393939e-05 2.49988494e+08 -8.36481141e+03 -2.54954143e+04
-1.79292929e-05 1.89393939e-05 2.49983793e+08 -5.45947093e+02 -3.52812343e+04
-1.74242424e-05 1.89393939e-05 2.49979813e+08 1.37166899e+04 -4.61493263e+04
-1.69191919e-05 1.89393939e-05 2.49979134e+08 3.65691438e+04 -5.50758681e+04
-1.64141414e-05 1.89393939e-05 2.49985410e+08 6.73912136e+04 -5.59937890e+04
-1.59090909e-05 1.89393939e-05 2.50000475e+08 9.84829285e+04 -4.15954926e+04
-1.54040404e-05 1.89393939e-05 2.50019119e+08 1.14296893e+05 -1.07197017e+04
-1.48989899e-05 1.89393939e-05 2.50029414e+08 1.02459013e+05 2.48267774e+04
-1.43939394e-05 1.89393939e-05 2.50024193e+08 6.79942617e+04 4.81322633e+04
-1.38888889e-05 1.89393939e-05 2.50008516e+08 2.86838797e+04 5.28412477e+04
-1.33838384e-05 1.89393939e-05 2.49992204e+08 -1.61413796e+03 4.46751638e+04
-1.28787879e-05 1.89393939e-05 2.49981110e+08 -1.92545215e+04 3.20900405e+04
-1.23737374e-05 1.89393939e-05 2.49976099e+08 -2.67460731e+04 2.04532868e+04
-1.18686869e-05 1.89393939e-05 2.49975613e+08 -2.79840421e+04 1.17289322e+04
-1.13636364e-05 1.89393939e-05 2.49977716e+08 -2.60794632e+04 5.95878891e+03
-1.08585859e-05 1.89393939e-05 2.49980928e+08 -2.29682856e+04 2.48422457e+03
-1.03535354e-05 1.89393939e-05 2.49984346e+08 -1.96726852e+04 5.71263831e+02
-9.84848485e-06 1.89393939e-05 2.49987511e+08 -1.66505437e+04 -3.66153893e+02
-9.34343434e-06 1.89393939e-05 2.49990240e+08 -1.40569921e+04 -7.33409092e+02
-8.83838384e-06 1.89393939e-05 2.49992497e+08 -1.19033434e+04 -7.88695009e+02
-8.33333333e-06 1.89393939e-05 2.49994320e+08 -1.01425333e+04 -6.87429589e+02
-7.82828283e-06 1.89393939e-05 2.49995771e+08 -8.71080125e+03 -5.18921670e+02
-7.32323232e-06 1.89393939e-05 2.49996916e+08 -7.54595121e+03 -3.32093225e+02
-6.81818182e-06 1.89393939e-05 2.49997816e+08 -6.59404070e+03 -1.52104311e+02
-6.31313131e-06 1.89393939e-05 2.49998523e+08 -5.81078656e+03 9.41122334e+00
-5.80808081e-06 1.89393939e-05 2.49999079e+08 -5.16081215e+03 1.48248864e+02
-5.30303030e-06 1.89393939e-05 2.49999516e+08 -4.61619505e+03 2.64102965e+02
-4.79797980e-06 1.89393939e-05 2.49999861e+08 -4.15494851e+03 3.58594432e+02
-4.29292929e-06 1.89393939e-05 2.50000133e+08 -3.75968605e+03 4.34246680e+02
-3.78787879e-06 1.89393939e-05 2.50000347e+08 -3.41656275e+03 4.94061936e+02
-3.28282828e-06 1.89393939e-05 2.50000512e+08 -3.11455480e+03 5.41510967e+02
-2.77777778e-06 1.89393939e-05 2.50000636e+08 -2.84518290e+03 5.80819808e+02
-2.27272727e-06 1.89393939e-05 2.50000720e+08 -2.60285723e+03 6.17381038e+02
-1.76767677e-06 1.89393939e-05 2.50000764e+08 -2.38598731e+03 6.57854043e+02
-1.26262626e-06 1.89393939e-05 2.50000770e+08 -2.19849932e+03 7.09062937e+02
-7.57575758e-07 1.89393939e-05 2.50000741e+08 -2.05000573e+03 7.74750055e+02
-2.52525253e-07 1.89393939e-05 2.50000687e+08 -1.95141324e+03 8.51182968e+02
2.52525253e-07 1.89393939e-05 2.50000619e+08 -1.90528588e+03 9.26753200e+02
7.57575758e-07 1.89393939e-05 2.50000546e+08 -1.89909227e+03 9.90371867e+02
1.26262626e-06 1.89393939e-05 2.50000465e+08 -1.91223449e+03 1.04217471e+03
1.76767677e-06 1.89393939e-05 2.50000375e+08 -1.93197240e+03 1.09271808e+03
2.27272727e-06 1.89393939e-05 2.50000290e+08 -1.96003828e+03 1.14917490e+03
2.77777778e-06 1.89393939e-05 2.50000241e+08 -1.99962882e+03 1.20003324e+03
3.28282828e-06 1.89393939e-05 2.50000261e+08 -2.02398769e+03 1.21437101e+03
3.78787879e-06 1.89393939e-05 2.50000338e+08 -1.95771503e+03 1.18470978e+03
4.29292929e-06 1.89393939e-05 2.50000407e+08 -1.76551309e+03 1.18523277e+03
4.79797980e-06 1.89393939e-05 2.50000453e+08 -1.56523219e+03 1.27838998e+03
5.30303030e-06 1.89393939e-05 2.50000526e+08 -1.47931380e+03 1.40225382e+03
5.80808081e-06 1.89393939e-05 2.50000629e+08 -1.49883485e+03 1.48115354e+03
6.31313131e-06 1.89393939e-05 2.50000735e+08 -1.56553961e+03 1.50277371e+03
6.81818182e-06 1.89393939e-05 2.50000822e+08 -1.64189030e+03 1.48504397e+03
7.32323232e-06 1.89393939e-05 2.50000886e+08 -1.71369206e+03 1.44519822e+03
7.82828283e-06 1.89393939e-05 2.50000929e+08 -1.77768266e+03 1.39306504e+03
8.33333333e-06 1.89393939e-05 2.50000954e+08 -1.83398788e+03 1.33301311e+03
8.83838384e-06 1.89393939e-05 2.50000965e+08 -1.88317866e+03 1.26652082e+03
9.34343434e-06 1.89393939e-05 2.50000964e+08 -1.92541551e+03 1.19379626e+03
9.84848485e-06 1.89393939e-05 2.50000953e+08 -1.96033120e+03 1.11462517e+03
1.03535354e-05 1.89393939e-05 2.50000933e+08 -1.98712763e+03 1.02878351e+03
1.08585859e-05 1.89393939e-05 2.50000905e+08 -2.00471346e+03 9.36230715e+02
1.13636364e-05 1.89393939e-05 2.50000869e+08 -2.01183421e+03 8.37196227e+02
1.18686869e-05 1.89393939e-05 2.50000827e+08 -2.00718640e+03 7.32213066e+02
1.23737374e-05 1.89393939e-05 2.50000778e+08 -1.98951733e+03 6.22122780e+02
1.28787879e-05 1.89393939e-05 2.50000723e+08 -1.95771331e+03 5.08062188e+02
1.33838384e-05 1.89393939e-05 2.50000663e+08 -1.91087797e+03 3.91436065e+02
1.38888889e-05 1.89393939e-05 2.50000599e+08 -1.84840023e+03 2.73877470e+02
1.43939394e-05 1.89393939e-05 2.50000533e+08 -1.77001081e+03 1.57196769e+02
1.48989899e-05 1.89393939e-05 2.50000464e+08 -1.67582507e+03 4.33206679e+01
1.54040404e-05 1.89393939e-05 2.50000396e+08 -1.56636986e+03 -6.57767566e+01
1.59090909e-05 1.89393939e-05 2.50000329e+08 -1.44259240e+03 -1.68148242e+02
1.64141414e-05 1.89393939e-05 2.50000264e+08 -1.30584993e+03 -2.61949252e+02
1.69191919e-05 1.89393939e-05 2.50000204e+08 -1.15787974e+03 -3.45511627e+02
1.74242424e-05 1.89393939e-05 2.50000150e+08 -1.00075054e+03 -4.17410793e+02
1.79292929e-05 1.89393939e-05 2.50000102e+08 -8.36797369e+02 -4.76522554e+02
1.84343434e-05 1.89393939e-05 2.50000063e+08 -6.68543498e+02 -5.22066046e+02
1.89393939e-05 1.89393939e-05 2.50000033e+08 -4.98613511e+02 -5.53630320e+02
1.94444444e-05 1.89393939e-05 2.50000012e+08 -3.29642711e+02 -5.71183153e+02
1.99494949e-05 1.89393939e-05 2.50000001e+08 -1.64187920e+02 -5.75061987e+02
2.04545455e-05 1.89393939e-05 2.50000000e+08 -4.64463470e+00 -5.65948095e+02
2.09595960e-05 1.89393939e-05 2.50000009e+08 1.46825129e+02 -5.44826247e+02
2.14646465e-05 1.89393939e-05 2.50000027e+08 2.88350969e+02 -5.12933013e+02
2.19696970e-05 1.89393939e-05 2.50000053e+08 4.18396004e+02 -4.71697372e+02
2.24747475e-05 1.89393939e-05 2.50000086e+08 5.35781606e+02 -4.22677574e+02
2.29797980e-05 1.89393939e-05 2.50000125e+08 6.39695218e+02 -3.67498021e+02
2.34848485e-05 1.89393939e-05 2.50000169e+08 7.29682581e+02 -3.07789567e+02
2.39898990e-05 1.89393939e-05 2.50000217e+08 8.05626500e+02 -2.45135990e+02
2.44949495e-05 1.89393939e-05 2.50000268e+08 8.67714856e+02 -1.81028655e+02
2.50000000e-05 1.89393939e-05 2.50000319e+08 9.16400839e+02 -1.16830588e+02
-2.50000000e-05 1.94444444e-05 2.50002236e+08 -5.17413069e+03 9.45585466e+02
-2.44949495e-05 1.94444444e-05 2.50002222e+08 -5.66727869e+03 7.83772169e+02
-2.39898990e-05 1.94444444e-05 2.50002162e+08 -6.20998457e+03 5.45596549e+02
-2.34848485e-05 1.94444444e-05 2.50002036e+08 -6.80190571e+03 2.03890770e+02
-2.29797980e-05 1.94444444e-05 2.50001821e+08 -7.43811520e+03 -2.78166266e+02
-2.24747475e-05 1.94444444e-05 2.50001481e+08 -8.10560738e+03 -9.50412105e+02
-2.19696970e-05 1.94444444e-05 2.50000974e+08 -8.77755247e+03 -1.88000487e+03
-2.14646465e-05 1.94444444e-05 2.50000244e+08 -9.40394319e+03 -3.15659380e+03
-2.09595960e-05 1.94444444e-05 2.49999223e+08 -9.89656716e+03 -4.89774216e+03
-2.04545455e-05 1.94444444e-05 2.49997830e+08 -1.01053594e+04 -7.25269354e+03
-1.99494949e-05 1.94444444e-05 2.49995989e+08 -9.78250218e+03 -1.03997277e+04
-1.94444444e-05 1.94444444e-05 2.49993650e+08 -8.53144397e+03 -1.45265849e+04
-1.89393939e-05 1.94444444e-05 2.49990854e+08 -5.74397281e+03 -1.97729470e+04
-1.84343434e-05 1.94444444e-05 2.49987837e+08 -5.48349767e+02 -2.60984312e+04
-1.79292929e-05 1.94444444e-05 2.49985205e+08 8.15842961e+03 -3.30280291e+04
-1.74242424e-05 1.94444444e-05 2.49984108e+08 2.14259171e+04 -3.92590832e+04
-1.69191919e-05 1.94444444e-05 2.49986207e+08 3.94486699e+04 -4.22893988e+04
-1.64141414e-05 1.94444444e-05 2.49992978e+08 6.01456460e+04 -3.86455570e+04
-1.59090909e-05 1.94444444e-05 2.50004047e+08 7.79551297e+04 -2.56336447e+04
-1.54040404e-05 1.94444444e-05 2.50015651e+08 8.51281032e+04 -4.47877503e+03
-1.48989899e-05 1.94444444e-05 2.50021964e+08 7.67772412e+04 1.82820934e+04
-1.43939394e-05 1.94444444e-05 2.50019603e+08 5.54955986e+04 3.45291522e+04
-1.38888889e-05 1.94444444e-05 2.50010383e+08 2.95933792e+04 4.03306116e+04
-1.33838384e-05 1.94444444e-05 2.49999079e+08 6.94454940e+03 3.73483830e+04
-1.28787879e-05 1.94444444e-05 2.49989667e+08 -8.75130914e+03 2.97905534e+04
-1.23737374e-05 1.94444444e-05 2.49983792e+08 -1.75200970e+04 2.13174542e+04
-1.18686869e-05 1.94444444e-05 2.49981301e+08 -2.11060338e+04 1.39637439e+04
-1.13636364e-05 1.94444444e-05 2.49981269e+08 -2.14629280e+04 8.41154524e+03
-1.08585859e-05 1.94444444e-05 2.49982702e+08 -2.01115910e+04 4.59309571e+03
-1.03535354e-05 1.94444444e-05 2.49984828e+08 -1.80380676e+04 2.15330438e+03
-9.84848485e-06 1.94444444e-05 2.49987144e+08 -1.58034129e+04 7.00064959e+02
-9.34343434e-06 1.94444444e-05 2.49989367e+08 -1.36884904e+04 -9.49382211e+01
-8.83838384e-06 1.94444444e-05 2.49991360e+08 -1.18098566e+04 -4.73881254e+02
-8.33333333e-06 1.94444444e-05 2.49993076e+08 -1.01965371e+04 -6.02635111e+02
-7.82828283e-06 1.94444444e-05 2.49994519e+08 -8.83563114e+03 -5.89264352e+02
-7.32323232e-06 1.94444444e-05 2.49995713e+08 -7.69731233e+03 -5.01503745e+02
-6.81818182e-06 1.94444444e-05 2.49996692e+08 -6.74753657e+03 -3.80340306e+02
-6.31313131e-06 1.94444444e-05 2.49997490e+08 -5.95391161e+03 -2.49624484e+02
-5.80808081e-06 1.94444444e-05 2.49998139e+08 -5.28798089e+03 -1.22508409e+02
-5.30303030e-06 1.94444444e-05 2.49998665e+08 -4.72574614e+03 -5.59897498e+00
-4.79797980e-06 1.94444444e-05 2.49999092e+08 -4.24740824e+03 9.84509349e+01
-4.29292929e-06 1.94444444e-05 2.49999437e+08 -3.83683798e+03 1.89393193e+02
-3.78787879e-06 1.94444444e-05 2.49999715e+08 -3.48104739e+03 2.68525197e+02
-3.28282828e-06 1.94444444e-05 2.49999935e+08 -3.16982117e+03 3.38279108e+02
-2.77777778e-06 1.94444444e-05 2.50000105e+08 -2.89562083e+03 4.02059750e+02
-2.27272727e-06 1.94444444e-05 2.50000230e+08 -2.65382265e+03 4.64092567e+02
-1.76767677e-06 1.94444444e-05 2.50000314e+08 -2.44319201e+03 5.28937712e+02
-1.26262626e-06 1.94444444e-05 2.50000362e+08 -2.26611450e+03 6.00285083e+02
-7.57575758e-07 1.94444444e-05 2.50000379e+08 -2.12758560e+03 6.79015675e+02
-2.52525253e-07 1.94444444e-05 2.50000375e+08 -2.03202833e+03 7.61605448e+02
2.52525253e-07 1.94444444e-05 2.50000358e+08 -1.97880222e+03 8.40976394e+02
7.57575758e-07 1.94444444e-05 2.50000336e+08 -1.96002952e+03 9.10557043e+02
1.26262626e-06 1.94444444e-05 2.50000312e+08 -1.96380107e+03 9.68286918e+02
1.76767677e-06 1.94444444e-05 2.50000289e+08 -1.98005081e+03 1.01577137e+03
2.27272727e-06 1.94444444e-05 2.50000279e+08 -2.00199557e+03 1.05251161e+03
2.77777778e-06 1.94444444e-05 2.50000293e+08 -2.01913667e+03 1.07147698e+03
3.28282828e-06 1.94444444e-05 2.50000339e+08 -2.00726762e+03 1.06522303e+03
3.78787879e-06 1.94444444e-05 2.50000398e+08 -1.93498383e+03 1.04531102e+03
4.29292929e-06 1.94444444e-05 2.50000446e+08 -1.80186579e+03 1.04918078e+03
4.79797980e-06 1.94444444e-05 2.50000479e+08 -1.66165933e+03 1.10178798e+03
5.30303030e-06 1.94444444e-05 2.50000518e+08 -1.57384482e+03 1.18202235e+03
5.80808081e-06 1.94444444e-05 2.50000576e+08 -1.55241476e+03 1.25107750e+03
6.31313131e-06 1.94444444e-05 2.50000644e+08 -1.57706824e+03 1.28864628e+03
6.81818182e-06 1.94444444e-05 2.50000710e+08 -1.62363250e+03 1.29450148e+03
7.32323232e-06 1.94444444e-05 2.50000765e+08 -1.67660473e+03 1.27606091e+03
7.82828283e-06 1.94444444e-05 2.50000806e+08 -1.72840776e+03 1.24054340e+03
8.33333333e-06 1.94444444e-05 2.50000834e+08 -1.77584839e+03 1.19280947e+03
8.83838384e-06 1.94444444e-05 2.50000850e+08 -1.81759074e+03 1.13562600e+03
9.34343434e-06 1.94444444e-05 2.50000854e+08 -1.85287759e+03 1.07042657e+03
9.84848485e-06 1.94444444e-05 2.50000848e+08 -1.88100134e+03 9.97944053e+02
1.03535354e-05 1.94444444e-05 2.50000833e+08 -1.90113665e+03 9.18625652e+02
1.08585859e-05 1.94444444e-05 2.50000810e+08 -1.91232807e+03 8.32880262e+02
1.13636364e-05 1.94444444e-05 2.50000779e+08 -1.91353791e+03 7.41217697e+02
1.18686869e-05 1.94444444e-05 2.50000741e+08 -1.90371412e+03 6.44321904e+02
1.23737374e-05 1.94444444e-05 2.50000697e+08 -1.88186211e+03 5.43083418e+02
1.28787879e-05 1.94444444e-05 2.50000648e+08 -1.84711387e+03 4.38605168e+02
1.33838384e-05 1.94444444e-05 2.50000594e+08 -1.79879136e+03 3.32189320e+02
1.38888889e-05 1.94444444e-05 2.50000536e+08 -1.73646206e+03 2.25309495e+02
1.43939394e-05 1.94444444e-05 2.50000475e+08 -1.65998480e+03 1.19571157e+02
1.48989899e-05 1.94444444e-05 2.50000413e+08 -1.56954392e+03 1.66625095e+01
1.54040404e-05 1.94444444e-05 2.50000351e+08 -1.46566989e+03 -8.17016881e+01
1.59090909e-05 1.94444444e-05 2.50000291e+08 -1.34924506e+03 -1.73840679e+02
1.64141414e-05 1.94444444e-05 2.50000232e+08 -1.22149355e+03 -2.58169562e+02
1.69191919e-05 1.94444444e-05 2.50000178e+08 -1.08395532e+03 -3.33259137e+02
1.74242424e-05 1.94444444e-05 2.50000129e+08 -9.38445309e+02 -3.97890392e+02
1.79292929e-05 1.94444444e-05 2.50000086e+08 -7.86999351e+02 -4.51100492e+02
1.84343434e-05 1.94444444e-05 2.50000050e+08 -6.31809804e+02 -4.92217609e+02
1.89393939e-05 1.94444444e-05 2.50000022e+08 -4.75154148e+02 -5.20882608e+02
1.94444444e-05 1.94444444e-05 2.50000003e+08 -3.19320538e+02 -5.37056524e+02
1.99494949e-05 1.94444444e-05 2.49999992e+08 -1.66534343e+02 -5.41013688e+02
2.04545455e-05 1.94444444e-05 2.49999990e+08 -1.88895447e+01 -5.33321348e+02
2.09595960e-05 1.94444444e-05 2.49999997e+08 1.21711579e+02 -5.14807486e+02
2.14646465e-05 1.94444444e-05 2.50000012e+08 2.53607791e+02 -4.86519208e+02
2.19696970e-05 1.94444444e-05 2.50000035e+08 3.75415403e+02 -4.49674572e+02
2.24747475e-05 1.94444444e-05 2.50000064e+08 4.86051088e+02 -4.05610888e+02
2.29797980e-05 1.94444444e-05 2.50000099e+08 5.84741017e+02 -3.55732478e+02
2.34848485e-05 1.94444444e-05 2.50000139e+08 6.71017213e+02 -3.01460646e+02
2.39898990e-05 1.94444444e-05 2.50000182e+08 7.44702643e+02 -2.44188105e+02
2.44949495e-05 1.94444444e-05 2.50000228e+08 8.05887083e+02 -1.85239620e+02
2.50000000e-05 1.94444444e-05 2.50000276e+08 8.54896041e+02 -1.25839965e+02
-2.50000000e-05 1.99494949e-05 2.50001598e+08 -4.99662552e+03 3.56623636e+02
-2.44949495e-05 1.99494949e-05 2.50001487e+08 -5.41632711e+03 9.53869574e+01
-2.39898990e-05 1.99494949e-05 2.50001317e+08 -5.86135658e+03 -2.58394676e+02
-2.34848485e-05 1.99494949e-05 2.50001068e+08 -6.32341720e+03 -7.33131414e+02
-2.29797980e-05 1.99494949e-05 2.50000716e+08 -6.78713372e+03 -1.36570705e+03
-2.24747475e-05 1.99494949e-05 2.50000232e+08 -7.22600273e+03 -2.20361732e+03
-2.19696970e-05 1.99494949e-05 2.49999579e+08 -7.59626086e+03 -3.30716793e+03
-2.14646465e-05 1.99494949e-05 2.49998718e+08 -7.82775294e+03 -4.75113169e+03
-2.09595960e-05 1.99494949e-05 2.49997606e+08 -7.81068750e+03 -6.62452297e+03
-2.04545455e-05 1.99494949e-05 2.49996207e+08 -7.37726403e+03 -9.02576214e+03
-1.99494949e-05 1.99494949e-05 2.49994511e+08 -6.27817080e+03 -1.20481027e+04
-1.94444444e-05 1.99494949e-05 2.49992561e+08 -4.15726905e+03 -1.57465143e+04
-1.89393939e-05 1.99494949e-05 2.49990507e+08 -5.36047936e+02 -2.00728779e+04
-1.84343434e-05 1.99494949e-05 2.49988676e+08 5.16348402e+03 -2.47650470e+04
-1.79292929e-05 1.99494949e-05 2.49987643e+08 1.35010336e+04 -2.91882850e+04
-1.74242424e-05 1.99494949e-05 2.49988232e+08 2.47232842e+04 -3.21778238e+04
-1.69191919e-05 1.99494949e-05 2.49991322e+08 3.82418348e+04 -3.20415023e+04
-1.64141414e-05 1.99494949e-05 2.49997300e+08 5.20347596e+04 -2.70054058e+04
-1.59090909e-05 1.99494949e-05 2.50005305e+08 6.25332070e+04 -1.62851060e+04
-1.54040404e-05 1.99494949e-05 2.50012892e+08 6.57608864e+04 -1.31689669e+03
-1.48989899e-05 1.99494949e-05 2.50017004e+08 5.96279252e+04 1.41368995e+04
-1.43939394e-05 1.99494949e-05 2.50015892e+08 4.56007646e+04 2.57904123e+04
-1.38888889e-05 1.99494949e-05 2.50010258e+08 2.79375547e+04 3.12370244e+04
-1.33838384e-05 1.99494949e-05 2.50002510e+08 1.11654841e+04 3.08025792e+04
-1.28787879e-05 1.99494949e-05 2.49995125e+08 -1.89769422e+03 2.65309831e+04
-1.23737374e-05 1.99494949e-05 2.49989597e+08 -1.04796562e+04 2.06930127e+04
-1.18686869e-05 1.99494949e-05 2.49986330e+08 -1.51447403e+04 1.49182698e+04
-1.13636364e-05 1.99494949e-05 2.49985041e+08 -1.69614759e+04 1.00437189e+04
-1.08585859e-05 1.99494949e-05 2.49985182e+08 -1.69740758e+04 6.31938857e+03
-1.03535354e-05 1.99494949e-05 2.49986206e+08 -1.59882202e+04 3.67139170e+03
-9.84848485e-06 1.99494949e-05 2.49987680e+08 -1.45448360e+04 1.89641256e+03
-9.34343434e-06 1.99494949e-05 2.49989310e+08 -1.29708152e+04 7.71705153e+02
-8.83838384e-06 1.99494949e-05 2.49990916e+08 -1.14445070e+04 1.03870895e+02
-8.33333333e-06 1.99494949e-05 2.49992401e+08 -1.00508565e+04 -2.57120599e+02
-7.82828283e-06 1.99494949e-05 2.49993721e+08 -8.82052286e+03 -4.20071354e+02
-7.32323232e-06 1.99494949e-05 2.49994866e+08 -7.75501880e+03 -4.60367652e+02
-6.81818182e-06 1.99494949e-05 2.49995843e+08 -6.84177296e+03 -4.28475068e+02
-6.31313131e-06 1.99494949e-05 2.49996668e+08 -6.06263321e+03 -3.57187292e+02
-5.80808081e-06 1.99494949e-05 2.49997360e+08 -5.39837326e+03 -2.67171055e+02
-5.30303030e-06 1.99494949e-05 2.49997937e+08 -4.83088976e+03 -1.70947799e+02
-4.79797980e-06 1.99494949e-05 2.49998416e+08 -4.34413473e+03 -7.56309017e+01
-4.29292929e-06 1.99494949e-05 2.49998813e+08 -3.92440840e+03 1.52591959e+01
-3.78787879e-06 1.99494949e-05 2.49999138e+08 -3.56038167e+03 1.00630056e+02
-3.28282828e-06 1.99494949e-05 2.49999403e+08 -3.24306574e+03 1.81079133e+02
-2.77777778e-06 1.99494949e-05 2.49999615e+08 -2.96584643e+03 2.58381931e+02
-2.27272727e-06 1.99494949e-05 2.49999779e+08 -2.72460139e+03 3.35001193e+02
-1.76767677e-06 1.99494949e-05 2.49999903e+08 -2.51777217e+03 4.13412488e+02
-1.26262626e-06 1.99494949e-05 2.49999992e+08 -2.34606880e+03 4.95135713e+02
-7.57575758e-07 1.99494949e-05 2.50000052e+08 -2.21137804e+03 5.79661901e+02
-2.52525253e-07 1.99494949e-05 2.50000093e+08 -2.11474553e+03 6.63915219e+02
2.52525253e-07 1.99494949e-05 2.50000122e+08 -2.05417222e+03 7.43005924e+02
7.57575758e-07 1.99494949e-05 2.50000144e+08 -2.02373332e+03 8.12180713e+02
1.26262626e-06 1.99494949e-05 2.50000166e+08 -2.01483874e+03 8.68479856e+02
1.76767677e-06 1.99494949e-05 2.50000191e+08 -2.01827975e+03 9.10480013e+02
2.27272727e-06 1.99494949e-05 2.50000225e+08 -2.02444494e+03 9.36577815e+02
2.77777778e-06 1.99494949e-05 2.50000271e+08 -2.02099471e+03 9.44802911e+02
3.28282828e-06 1.99494949e-05 2.50000328e+08 -1.99186291e+03 9.37103865e+02
3.78787879e-06 1.99494949e-05 2.50000383e+08 -1.92448143e+03 9.25629180e+02
4.29292929e-06 1.99494949e-05 2.50000427e+08 -1.82442512e+03 9.30323573e+02
4.79797980e-06 1.99494949e-05 2.50000458e+08 -1.71951120e+03 9.62930004e+02
5.30303030e-06 1.99494949e-05 2.50000488e+08 -1.64114108e+03 1.01522833e+03
5.80808081e-06 1.99494949e-05 2.50000526e+08 -1.60334804e+03 1.06750159e+03
6.31313131e-06 1.99494949e-05 2.50000572e+08 -1.60137145e+03 1.10404795e+03
6.81818182e-06 1.99494949e-05 2.50000620e+08 -1.62266287e+03 1.11895724e+03
7.32323232e-06 1.99494949e-05 2.50000664e+08 -1.65562765e+03 1.11318439e+03
7.82828283e-06 1.99494949e-05 2.50000700e+08 -1.69238650e+03 1.09021239e+03
8.33333333e-06 1.99494949e-05 2.50000727e+08 -1.72828028e+03 1.05353458e+03
8.83838384e-06 1.99494949e-05 2.50000744e+08 -1.76064512e+03 1.00581733e+03
9.34343434e-06 1.99494949e-05 2.50000750e+08 -1.78784269e+03 9.48887161e+02
9.84848485e-06 1.99494949e-05 2.50000748e+08 -1.80868562e+03 8.83974639e+02
1.03535354e-05 1.99494949e-05 2.50000737e+08 -1.82215193e+03 8.11971494e+02
1.08585859e-05 1.99494949e-05 2.50000718e+08 -1.82726959e+03 7.33629238e+02
1.13636364e-05 1.99494949e-05 2.50000691e+08 -1.82309109e+03 6.49693706e+02
1.18686869e-05 1.99494949e-05 2.50000658e+08 -1.80871240e+03 5.60988158e+02
1.23737374e-05 1.99494949e-05 2.50000619e+08 -1.78331176e+03 4.68458645e+02
1.28787879e-05 1.99494949e-05 2.50000575e+08 -1.74619578e+03 3.73192096e+02
1.33838384e-05 1.99494949e-05 2.50000526e+08 -1.69684557e+03 2.76414265e+02
1.38888889e-05 1.99494949e-05 2.50000474e+08 -1.63495901e+03 1.79472347e+02
1.43939394e-05 1.99494949e-05 2.50000419e+08 -1.56048592e+03 8.38056777e+01
1.48989899e-05 1.99494949e-05 2.50000364e+08 -1.47365417e+03 -9.09268478e+00
1.54040404e-05 1.99494949e-05 2.50000308e+08 -1.37498483e+03 -9.77209215e+01
1.59090909e-05 1.99494949e-05 2.50000253e+08 -1.26529513e+03 -1.80617330e+02
1.64141414e-05 1.99494949e-05 2.50000200e+08 -1.14568875e+03 -2.56410387e+02
1.69191919e-05 1.99494949e-05 2.50000151e+08 -1.01753313e+03 -3.23867205e+02
1.74242424e-05 1.99494949e-05 2.50000107e+08 -8.82424963e+02 -3.81937622e+02
1.79292929e-05 1.99494949e-05 2.50000068e+08 -7.42145075e+02 -4.29791429e+02
1.84343434e-05 1.99494949e-05 2.50000035e+08 -5.98605054e+02 -4.66846596e+02
1.89393939e-05 1.99494949e-05 2.50000010e+08 -4.53788281e+02 -4.92786950e+02
1.94444444e-05 1.99494949e-05 2.49999992e+08 -3.09688454e+02 -5.07568432e+02
1.99494949e-05 1.99494949e-05 2.49999982e+08 -1.68248793e+02 -5.11413814e+02
2.04545455e-05 1.99494949e-05 2.49999980e+08 -3.13049826e+01 -5.04796480e+02
2.09595960e-05 1.99494949e-05 2.49999985e+08 9.94654271e+01 -4.88414581e+02
2.14646465e-05 1.99494949e-05 2.49999998e+08 2.22584966e+02 -4.63157363e+02
2.19696970e-05 1.99494949e-05 2.50000018e+08 3.36808014e+02 -4.30065903e+02
2.24747475e-05 1.99494949e-05 2.50000044e+08 4.41141591e+02 -3.90290597e+02
2.29797980e-05 1.99494949e-05 2.50000075e+08 5.34855058e+02 -3.45047816e+02
2.34848485e-05 1.99494949e-05 2.50000111e+08 6.17479326e+02 -2.95577882e+02
2.39898990e-05 1.99494949e-05 2.50000151e+08 6.88796641e+02 -2.43106275e+02
2.44949495e-05 1.99494949e-05 2.50000193e+08 7.48822488e+02 -1.88809522e+02
2.50000000e-05 1.99494949e-05 2.50000236e+08 7.97781350e+02 -1.33786789e+02
-2.50000000e-05 2.04545455e-05 2.50000982e+08 -4.73259073e+03 -2.29507932e+02
-2.44949495e-05 2.04545455e-05 2.50000794e+08 -5.06625129e+03 -5.76017867e+02
-2.39898990e-05 2.04545455e-05 2.50000539e+08 -5.40058088e+03 -1.02457868e+03
-2.34848485e-05 2.04545455e-05 2.50000200e+08 -5.72051016e+03 -1.60223818e+03
-2.29797980e-05 2.04545455e-05 2.49999758e+08 -6.00241125e+03 -2.34248511e+03
-2.24747475e-05 2.04545455e-05 2.49999190e+08 -6.21014099e+03 -3.28604027e+03
-2.19696970e-05 2.04545455e-05 2.49998472e+08 -6.28950796e+03 -4.48100382e+03
-2.14646465e-05 2.04545455e-05 2.49997581e+08 -6.16077762e+03 -5.98151708e+03
-2.09595960e-05 2.04545455e-05 2.49996503e+08 -5.70904071e+03 -7.84343647e+03
-2.04545455e-05 2.04545455e-05 2.49995240e+08 -4.77296461e+03 -1.01145095e+04
-1.99494949e-05 2.04545455e-05 2.49993828e+08 -3.13414747e+03 -1.28152117e+04
-1.94444444e-05 2.04545455e-05 2.49992365e+08 -5.12839368e+02 -1.59051730e+04
-1.89393939e-05 2.04545455e-05 2.49991039e+08 3.41784537e+03 -1.92304441e+04
-1.84343434e-05 2.04545455e-05 2.49990164e+08 8.97790065e+03 -2.24522455e+04
-1.79292929e-05 2.04545455e-05 2.49990182e+08 1.63573368e+04 -2.49745271e+04
-1.74242424e-05 2.04545455e-05 2.49991602e+08 2.54023926e+04 -2.59215401e+04
-1.69191919e-05 2.04545455e-05 2.49994807e+08 3.53406840e+04 -2.42594372e+04
-1.64141414e-05 2.04545455e-05 2.49999732e+08 4.45919417e+04 -1.91585869e+04
-1.59090909e-05 2.04545455e-05 2.50005558e+08 5.09381642e+04 -1.05631091e+04
-1.54040404e-05 2.04545455e-05 2.50010730e+08 5.22614883e+04 3.50390608e+02
-1.48989899e-05 2.04545455e-05 2.50013537e+08 4.76172204e+04 1.13218610e+04
-1.43939394e-05 2.04545455e-05 2.50013011e+08 3.78919420e+04 1.99182001e+04
-1.38888889e-05 2.04545455e-05 2.50009435e+08 2.54367990e+04 2.46348410e+04
-1.33838384e-05 2.04545455e-05 2.50004081e+08 1.29357992e+04 2.53807199e+04
-1.28787879e-05 2.04545455e-05 2.49998461e+08 2.36788593e+03 2.31397971e+04
-1.23737374e-05 2.04545455e-05 2.49993711e+08 -5.37766950e+03 1.92671205e+04
-1.18686869e-05 2.04545455e-05 2.49990369e+08 -1.03096314e+04 1.49336866e+04
-1.13636364e-05 2.04545455e-05 2.49988477e+08 -1.29296690e+04 1.08997862e+04
-1.08585859e-05 2.04545455e-05 2.49987797e+08 -1.38848027e+04 7.53279730e+03
-1.03535354e-05 2.04545455e-05 2.49987996e+08 -1.37654638e+04 4.92543934e+03
-9.84848485e-06 2.04545455e-05 2.49988755e+08 -1.30273258e+04 3.01830920e+03
-9.34343434e-06 2.04545455e-05 2.49989817e+08 -1.19856956e+04 1.68890824e+03
-8.83838384e-06 2.04545455e-05 2.49991003e+08 -1.08407309e+04 8.03935505e+02
-8.33333333e-06 2.04545455e-05 2.49992194e+08 -9.70933210e+03 2.44378363e+02
-7.82828283e-06 2.04545455e-05 2.49993322e+08 -8.65305531e+03 -8.58378972e+01
-7.32323232e-06 2.04545455e-05 2.49994350e+08 -7.69902964e+03 -2.59625230e+02
-6.81818182e-06 2.04545455e-05 2.49995264e+08 -6.85427589e+03 -3.30022584e+02
-6.31313131e-06 2.04545455e-05 2.49996064e+08 -6.11491311e+03 -3.34394027e+02
-5.80808081e-06 2.04545455e-05 2.49996755e+08 -5.47179092e+03 -2.98345795e+02
-5.30303030e-06 2.04545455e-05 2.49997347e+08 -4.91378324e+03 -2.38939259e+02
-4.79797980e-06 2.04545455e-05 2.49997851e+08 -4.42962932e+03 -1.67144939e+02
-4.29292929e-06 2.04545455e-05 2.49998277e+08 -4.00891790e+03 -8.96351269e+01
-3.78787879e-06 2.04545455e-05 2.49998634e+08 -3.64259890e+03 -1.00619994e+01
-3.28282828e-06 2.04545455e-05 2.49998932e+08 -3.32325885e+03 7.00235891e+01
-2.77777778e-06 2.04545455e-05 2.49999176e+08 -3.04528467e+03 1.50460561e+02
-2.27272727e-06 2.04545455e-05 2.49999375e+08 -2.80494077e+03 2.31831571e+02
-1.76767677e-06 2.04545455e-05 2.49999533e+08 -2.60028167e+03 3.14777287e+02
-1.26262626e-06 2.04545455e-05 2.49999658e+08 -2.43074186e+03 3.99263473e+02
-7.57575758e-07 2.04545455e-05 2.49999757e+08 -2.29626502e+03 4.83963423e+02
-2.52525253e-07 2.04545455e-05 2.49999836e+08 -2.19605300e+03 5.66072275e+02
2.52525253e-07 2.04545455e-05 2.49999903e+08 -2.12738349e+03 6.41798784e+02
7.57575758e-07 2.04545455e-05 2.49999963e+08 -2.08512097e+03 7.07360186e+02
1.26262626e-06 2.04545455e-05 2.50000020e+08 -2.06213907e+03 7.59840709e+02
1.76767677e-06 2.04545455e-05 2.50000078e+08 -2.05007885e+03 7.97393728e+02
2.27272727e-06 2.04545455e-05 2.50000140e+08 -2.03961376e+03 8.19134694e+02
2.77777778e-06 2.04545455e-05 2.50000205e+08 -2.02038579e+03 8.25843298e+02
3.28282828e-06 2.04545455e-05 2.50000269e+08 -1.98238478e+03 8.21954572e+02
3.78787879e-06 2.04545455e-05 2.50000327e+08 -1.92047899e+03 8.16884018e+02
4.29292929e-06 2.04545455e-05 2.50000373e+08 -1.83992491e+03 8.22079199e+02
4.79797980e-06 2.04545455e-05 2.50000407e+08 -1.75635739e+03 8.43885161e+02
5.30303030e-06 2.04545455e-05 2.50000437e+08 -1.68757003e+03 8.78848704e+02
5.80808081e-06 2.04545455e-05 2.50000468e+08 -1.64410050e+03 9.16601019e+02
6.31313131e-06 2.04545455e-05 2.50000503e+08 -1.62656553e+03 9.46657323e+02
6.81818182e-06 2.04545455e-05 2.50000540e+08 -1.62924085e+03 9.62716230e+02
7.32323232e-06 2.04545455e-05 2.50000575e+08 -1.64471217e+03 9.62887555e+02
7.82828283e-06 2.04545455e-05 2.50000606e+08 -1.66656815e+03 9.47983439e+02
8.33333333e-06 2.04545455e-05 2.50000630e+08 -1.69013191e+03 9.19859110e+02
8.83838384e-06 2.04545455e-05 2.50000646e+08 -1.71221857e+03 8.80455058e+02
9.34343434e-06 2.04545455e-05 2.50000653e+08 -1.73065317e+03 8.31429308e+02
9.84848485e-06 2.04545455e-05 2.50000653e+08 -1.74386183e+03 7.74111443e+02
1.03535354e-05 2.04545455e-05 2.50000645e+08 -1.75060433e+03 7.09583710e+02
1.08585859e-05 2.04545455e-05 2.50000629e+08 -1.74982677e+03 6.38788767e+02
1.13636364e-05 2.04545455e-05 2.50000607e+08 -1.74059552e+03 5.62623439e+02
1.18686869e-05 2.04545455e-05 2.50000578e+08 -1.72208043e+03 4.82007037e+02
1.23737374e-05 2.04545455e-05 2.50000543e+08 -1.69356543e+03 3.97924370e+02
1.28787879e-05 2.04545455e-05 2.50000504e+08 -1.65447285e+03 3.11447122e+02
1.33838384e-05 2.04545455e-05 2.50000461e+08 -1.60439291e+03 2.23737676e+02
1.38888889e-05 2.04545455e-05 2.50000414e+08 -1.54311278e+03 1.36038910e+02
1.43939394e-05 2.04545455e-05 2.50000365e+08 -1.47064172e+03 4.96529925e+01
1.48989899e-05 2.04545455e-05 2.50000315e+08 -1.38722965e+03 -3.40882374e+01
1.54040404e-05 2.04545455e-05 2.50000265e+08 -1.29337729e+03 -1.13858840e+02
1.59090909e-05 2.04545455e-05 2.50000216e+08 -1.18983667e+03 -1.88377914e+02
1.64141414e-05 2.04545455e-05 2.50000168e+08 -1.07760147e+03 -2.56449897e+02
1.69191919e-05 2.04545455e-05 2.50000124e+08 -9.57887123e+02 -3.17003662e+02
1.74242424e-05 2.04545455e-05 2.50000084e+08 -8.32101314e+02 -3.69128128e+02
1.79292929e-05 2.04545455e-05 2.50000049e+08 -7.01806099e+02 -4.12102346e+02
1.84343434e-05 2.04545455e-05 2.50000019e+08 -5.68673399e+02 -4.45418348e+02
1.89393939e-05 2.04545455e-05 2.49999996e+08 -4.34436017e+02 -4.68795516e+02
1.94444444e-05 2.04545455e-05 2.49999980e+08 -3.00836599e+02 -4.82185753e+02
1.99494949e-05 2.04545455e-05 2.49999970e+08 -1.69577069e+02 -4.85769330e+02
2.04545455e-05 2.04545455e-05 2.49999968e+08 -4.22709610e+01 -4.79941873e+02
2.09595960e-05 2.04545455e-05 2.49999973e+08 7.95991809e+01 -4.65293453e+02
2.14646465e-05 2.04545455e-05 2.49999984e+08 1.94717551e+02 -4.42581189e+02
2.19696970e-05 2.04545455e-05 2.50000002e+08 3.01962711e+02 -4.12697083e+02
2.24747475e-05 2.04545455e-05 2.50000025e+08 4.00426384e+02 -3.76632932e+02
2.29797980e-05 2.04545455e-05 2.50000053e+08 4.89423231e+02 -3.35444235e+02
2.34848485e-05 2.04545455e-05 2.50000086e+08 5.68491988e+02 -2.90214836e+02
2.39898990e-05 2.04545455e-05 2.50000121e+08 6.37388729e+02 -2.42023866e+02
2.44949495e-05 2.04545455e-05 2.50000160e+08 6.96073403e+02 -1.91916219e+02
2.50000000e-05 2.04545455e-05 2.50000200e+08 7.44690973e+02 -1.40877473e+02
-2.50000000e-05 2.09595960e-05 2.50000413e+08 -4.39553614e+03 -7.88795509e+02
-2.44949495e-05 2.09595960e-05 2.50000167e+08 -4.63630312e+03 -1.20264893e+03
-2.39898990e-05 2.09595960e-05 2.49999853e+08 -4.85469355e+03 -1.72144961e+03
-2.34848485e-05 2.09595960e-05 2.49999459e+08 -5.03063184e+03 -2.36887555e+03
-2.29797980e-05 2.09595960e-05 2.49998970e+08 -5.13505318e+03 -3.17264536e+03
-2.24747475e-05 2.09595960e-05 2.49998372e+08 -5.12652989e+03 -4.16413015e+03
-2.19696970e-05 2.09595960e-05 2.49997654e+08 -4.94696262e+03 -5.37691336e+03
-2.14646465e-05 2.09595960e-05 2.49996810e+08 -4.51640108e+03 -6.84347627e+03
-2.09595960e-05 2.09595960e-05 2.49995846e+08 -3.72747638e+03 -8.58875535e+03
-2.04545455e-05 2.09595960e-05 2.49994791e+08 -2.44078870e+03 -1.06188242e+04
-1.99494949e-05 2.09595960e-05 2.49993711e+08 -4.84178350e+02 -1.29026192e+04
-1.94444444e-05 2.09595960e-05 2.49992720e+08 2.33863496e+03 -1.53450379e+04
-1.89393939e-05 2.09595960e-05 2.49992000e+08 6.22118050e+03 -1.77521015e+04
-1.84343434e-05 2.09595960e-05 2.49991806e+08 1.12975165e+04 -1.97950882e+04
-1.79292929e-05 2.09595960e-05 2.49992438e+08 1.75461831e+04 -2.09923577e+04
-1.74242424e-05 2.09595960e-05 2.49994172e+08 2.46604268e+04 -2.07432442e+04
-1.69191919e-05 2.09595960e-05 2.49997124e+08 3.19264982e+04 -1.84562280e+04
-1.64141414e-05 2.09595960e-05 2.50001078e+08 3.82025892e+04 -1.37880338e+04
-1.59090909e-05 2.09595960e-05 2.50005379e+08 4.21124522e+04 -6.92844501e+03
-1.54040404e-05 2.09595960e-05 2.50009028e+08 4.24861107e+04 1.24207923e+03
-1.48989899e-05 2.09595960e-05 2.50011019e+08 3.88817642e+04 9.31057724e+03
-1.43939394e-05 2.09595960e-05 2.50010782e+08 3.18635172e+04 1.58136746e+04
-1.38888889e-05 2.09595960e-05 2.50008434e+08 2.28111990e+04 1.97833066e+04
-1.33838384e-05 2.09595960e-05 2.50004676e+08 1.33725006e+04 2.10229499e+04
-1.28787879e-05 2.09595960e-05 2.50000438e+08 4.90637041e+03 2.00001635e+04
-1.23737374e-05 2.09595960e-05 2.49996529e+08 -1.80665791e+03 1.75122365e+04
-1.18686869e-05 2.09595960e-05 2.49993445e+08 -6.55438540e+03 1.43582395e+04
-1.13636364e-05 2.09595960e-05 2.49991364e+08 -9.51445165e+03 1.11482830e+04
-1.08585859e-05 2.09595960e-05 2.49990233e+08 -1.10506353e+04 8.25422889e+03
-1.03535354e-05 2.09595960e-05 2.49989877e+08 -1.15617230e+04 5.84571204e+03
-9.84848485e-06 2.09595960e-05 2.49990086e+08 -1.13984351e+04 3.95516895e+03
-9.34343434e-06 2.09595960e-05 2.49990664e+08 -1.08328064e+04 2.53841652e+03
-8.83838384e-06 2.09595960e-05 2.49991455e+08 -1.00580926e+04 1.51839791e+03
-8.33333333e-06 2.09595960e-05 2.49992342e+08 -9.20208654e+03 8.11751886e+02
-7.82828283e-06 2.09595960e-05 2.49993247e+08 -8.34364903e+03 3.42425391e+02
-7.32323232e-06 2.09595960e-05 2.49994118e+08 -7.52762222e+03 4.70472440e+01
-6.81818182e-06 2.09595960e-05 2.49994929e+08 -6.77651287e+03 -1.24258300e+02
-6.31313131e-06 2.09595960e-05 2.49995665e+08 -6.09891511e+03 -2.09210129e+02
-5.80808081e-06 2.09595960e-05 2.49996321e+08 -5.49524881e+03 -2.35469542e+02
-5.30303030e-06 2.09595960e-05 2.49996898e+08 -4.96150749e+03 -2.22787347e+02
-4.79797980e-06 2.09595960e-05 2.49997402e+08 -4.49162596e+03 -1.84889856e+02
-4.29292929e-06 2.09595960e-05 2.49997837e+08 -4.07893807e+03 -1.31014464e+02
-3.78787879e-06 2.09595960e-05 2.49998210e+08 -3.71705894e+03 -6.71151137e+01
-3.28282828e-06 2.09595960e-05 2.49998528e+08 -3.40041209e+03 3.19246143e+00
-2.77777778e-06 2.09595960e-05 2.49998796e+08 -3.12452685e+03 7.78590535e+01
-2.27272727e-06 2.09595960e-05 2.49999020e+08 -2.88615127e+03 1.55723854e+02
-1.76767677e-06 2.09595960e-05 2.49999207e+08 -2.68316017e+03 2.35883586e+02
-1.26262626e-06 2.09595960e-05 2.49999362e+08 -2.51420768e+03 3.17128344e+02
-7.57575758e-07 2.09595960e-05 2.49999492e+08 -2.37811065e+03 3.97545813e+02
-2.52525253e-07 2.09595960e-05 2.49999603e+08 -2.27307150e+03 4.74437666e+02
2.52525253e-07 2.09595960e-05 2.49999701e+08 -2.19599372e+03 5.44618819e+02
7.57575758e-07 2.09595960e-05 2.49999790e+08 -2.14216728e+03 6.04980658e+02
1.26262626e-06 2.09595960e-05 2.49999874e+08 -2.10540477e+03 6.53047959e+02
1.76767677e-06 2.09595960e-05 2.49999955e+08 -2.07843262e+03 6.87352833e+02
2.27272727e-06 2.09595960e-05 2.50000035e+08 -2.05332834e+03 7.07764423e+02
2.77777778e-06 2.09595960e-05 2.50000112e+08 -2.02220011e+03 7.16067161e+02
3.28282828e-06 2.09595960e-05 2.50000184e+08 -1.97870859e+03 7.16643266e+02
3.78787879e-06 2.09595960e-05 2.50000246e+08 -1.92056941e+03 7.16269975e+02
4.29292929e-06 2.09595960e-05 2.50000297e+08 -1.85162238e+03 7.21970886e+02
4.79797980e-06 2.09595960e-05 2.50000337e+08 -1.78110727e+03 7.37576929e+02
5.30303030e-06 2.09595960e-05 2.50000370e+08 -1.71963583e+03 7.61627083e+02
5.80808081e-06 2.09595960e-05 2.50000401e+08 -1.67457344e+03 7.88458908e+02
6.31313131e-06 2.09595960e-05 2.50000432e+08 -1.64798732e+03 8.11344005e+02
6.81818182e-06 2.09595960e-05 2.50000463e+08 -1.63760808e+03 8.25131077e+02
7.32323232e-06 2.09595960e-05 2.50000492e+08 -1.63905308e+03 8.27150461e+02
7.82828283e-06 2.09595960e-05 2.50000519e+08 -1.64766726e+03 8.16796984e+02
8.33333333e-06 2.09595960e-05 2.50000540e+08 -1.65945311e+03 7.94689772e+02
8.83838384e-06 2.09595960e-05 2.50000555e+08 -1.67129858e+03 7.61970247e+02
9.34343434e-06 2.09595960e-05 2.50000563e+08 -1.68086370e+03 7.19889235e+02
9.84848485e-06 2.09595960e-05 2.50000564e+08 -1.68637519e+03 6.69629503e+02
1.03535354e-05 2.09595960e-05 2.50000558e+08 -1.68644382e+03 6.12267020e+02
1.08585859e-05 2.09595960e-05 2.50000545e+08 -1.67993782e+03 5.48795717e+02
1.13636364e-05 2.09595960e-05 2.50000526e+08 -1.66590925e+03 4.80171526e+02
1.18686869e-05 2.09595960e-05 2.50000501e+08 -1.64356025e+03 4.07354050e+02
1.23737374e-05 2.09595960e-05 2.50000471e+08 -1.61223534e+03 3.31337191e+02
1.28787879e-05 2.09595960e-05 2.50000436e+08 -1.57142924e+03 2.53166481e+02
1.33838384e-05 2.09595960e-05 2.50000398e+08 -1.52080232e+03 1.73943668e+02
1.38888889e-05 2.09595960e-05 2.50000356e+08 -1.46019835e+03 9.48201497e+01
1.43939394e-05 2.09595960e-05 2.50000313e+08 -1.38966063e+03 1.69812009e+01
1.48989899e-05 2.09595960e-05 2.50000268e+08 -1.30944379e+03 -5.83770045e+01
1.54040404e-05 2.09595960e-05 2.50000223e+08 -1.22001954e+03 -1.30075540e+02
1.59090909e-05 2.09595960e-05 2.50000179e+08 -1.12207493e+03 -1.96984005e+02
1.64141414e-05 2.09595960e-05 2.50000136e+08 -1.01650259e+03 -2.58052906e+02
1.69191919e-05 2.09595960e-05 2.50000097e+08 -9.04382985e+02 -3.12345144e+02
1.74242424e-05 2.09595960e-05 2.50000061e+08 -7.86958986e+02 -3.59064743e+02
1.79292929e-05 2.09595960e-05 2.50000029e+08 -6.65603763e+02 -3.97581145e+02
1.84343434e-05 2.09595960e-05 2.50000003e+08 -5.41783434e+02 -4.27447677e+02
1.89393939e-05 2.09595960e-05 2.49999982e+08 -4.17016117e+02 -4.48413191e+02
1.94444444e-05 2.09595960e-05 2.49999967e+08 -2.92829313e+02 -4.60426275e+02
1.99494949e-05 2.09595960e-05 2.49999958e+08 -1.70717631e+02 -4.63631921e+02
2.04545455e-05 2.09595960e-05 2.49999956e+08 -5.21027804e+01 -4.58360972e+02
2.09595960e-05 2.09595960e-05 2.49999960e+08 6.17024334e+01 -4.45113093e+02
2.14646465e-05 2.09595960e-05 2.49999970e+08 1.69524656e+02 -4.24534350e+02
2.19696970e-05 2.09595960e-05 2.49999986e+08 2.70354020e+02 -3.97390722e+02
2.24747475e-05 2.09595960e-05 2.50000007e+08 3.63361042e+02 -3.64539034e+02
2.29797980e-05 2.09595960e-05 2.50000032e+08 4.47906158e+02 -3.26896794e+02
2.34848485e-05 2.09595960e-05 2.50000062e+08 5.23542132e+02 -2.85412377e+02
2.39898990e-05 2.09595960e-05 2.50000094e+08 5.90009880e+02 -2.41036828e+02
2.44949495e-05 2.09595960e-05 2.50000130e+08 6.47228555e+02 -1.94698318e+02
2.50000000e-05 2.09595960e-05 2.50000167e+08 6.95280937e+02 -1.47280065e+02
-2.50000000e-05 2.14646465e-05 2.49999905e+08 -4.00170738e+03 -1.30266244e+03
-2.44949495e-05 2.14646465e-05 2.49999621e+08 -4.14824032e+03 -1.76436351e+03
-2.39898990e-05 2.14646465e-05 2.49999273e+08 -4.25248367e+03 -2.32811547e+03
-2.34848485e-05 2.14646465e-05 2.49998854e+08 -4.29133563e+03 -3.01297675e+03
-2.29797980e-05 2.14646465e-05 2.49998356e+08 -4.23316210e+03 -3.83970346e+03
-2.24747475e-05 2.14646465e-05 2.49997771e+08 -4.03527491e+03 -4.82951397e+03
-2.19696970e-05 2.14646465e-05 2.49997099e+08 -3.64107805e+03 -6.00168427e+03
-2.14646465e-05 2.14646465e-05 2.49996348e+08 -2.97723240e+03 -7.36933186e+03
-2.09595960e-05 2.14646465e-05 2.49995541e+08 -1.95163278e+03 -8.93256028e+03
-2.04545455e-05 2.14646465e-05 2.49994719e+08 -4.53730666e+02 -1.06680639e+04
-1.99494949e-05 2.14646465e-05 2.49993959e+08 1.64016499e+03 -1.25145775e+04
-1.94444444e-05 2.14646465e-05 2.49993370e+08 4.45262431e+03 -1.43546433e+04
-1.89393939e-05 2.14646465e-05 2.49993107e+08 8.07683371e+03 -1.59957102e+04
-1.84343434e-05 2.14646465e-05 2.49993354e+08 1.25299752e+04 -1.71581414e+04
-1.79292929e-05 2.14646465e-05 2.49994298e+08 1.76888860e+04 -1.74838667e+04
-1.74242424e-05 2.14646465e-05 2.49996068e+08 2.32209066e+04 -1.65840177e+04
-1.69191919e-05 2.14646465e-05 2.49998648e+08 2.85422298e+04 -1.41394574e+04
-1.64141414e-05 2.14646465e-05 2.50001797e+08 3.28529733e+04 -1.00451723e+04
-1.59090909e-05 2.14646465e-05 2.50005025e+08 3.52902112e+04 -4.54765464e+03
-1.54040404e-05 2.14646465e-05 2.50007676e+08 3.51859420e+04 1.71160247e+03
-1.48989899e-05 2.14646465e-05 2.50009133e+08 3.23312360e+04 7.81716882e+03
-1.43939394e-05 2.14646465e-05 2.50009045e+08 2.70998945e+04 1.28466265e+04
-1.38888889e-05 2.14646465e-05 2.50007457e+08 2.03434936e+04 1.61586597e+04
-1.33838384e-05 2.14646465e-05 2.50004772e+08 1.31085169e+04 1.75538464e+04
-1.28787879e-05 2.14646465e-05 2.50001571e+08 6.32829628e+03 1.72468742e+04
-1.23737374e-05 2.14646465e-05 2.49998418e+08 6.27054266e+02 1.57052998e+04
-1.18686869e-05 2.14646465e-05 2.49995718e+08 -3.72215401e+03 1.34611488e+04
-1.13636364e-05 2.14646465e-05 2.49993681e+08 -6.72835749e+03 1.09743641e+04
-1.08585859e-05 2.14646465e-05 2.49992351e+08 -8.57187820e+03 8.57123911e+03
-1.03535354e-05 2.14646465e-05 2.49991658e+08 -9.50348583e+03 6.44161654e+03
-9.84848485e-06 2.14646465e-05 2.49991479e+08 -9.77549413e+03 4.66680854e+03
-9.34343434e-06 2.14646465e-05 2.49991679e+08 -9.60536139e+03 3.25559825e+03
-8.83838384e-06 2.14646465e-05 2.49992131e+08 -9.16301903e+03 2.17582657e+03
-8.33333333e-06 2.14646465e-05 2.49992736e+08 -8.57201234e+03 1.37721782e+03
-7.82828283e-06 2.14646465e-05 2.49993416e+08 -7.91690015e+03 8.05664397e+02
-7.32323232e-06 2.14646465e-05 2.49994116e+08 -7.25229360e+03 4.10962376e+02
-6.81818182e-06 2.14646465e-05 2.49994801e+08 -6.61120975e+03 1.50204056e+02
-6.31313131e-06 2.14646465e-05 2.49995448e+08 -6.01186037e+03 -1.13885153e+01
-5.80808081e-06 2.14646465e-05 2.49996045e+08 -5.46276315e+03 -1.00957249e+02
-5.30303030e-06 2.14646465e-05 2.49996585e+08 -4.96639766e+03 -1.39068000e+02
-4.79797980e-06 2.14646465e-05 2.49997068e+08 -4.52172594e+03 -1.40913117e+02
-4.29292929e-06 2.14646465e-05 2.49997495e+08 -4.12588324e+03 -1.17449944e+02
-3.78787879e-06 2.14646465e-05 2.49997870e+08 -3.77528654e+03 -7.63978109e+01
-3.28282828e-06 2.14646465e-05 2.49998195e+08 -3.46634047e+03 -2.30866429e+01
-2.77777778e-06 2.14646465e-05 2.49998477e+08 -3.19585498e+03 3.88173956e+01
-2.27272727e-06 2.14646465e-05 2.49998718e+08 -2.96123343e+03 1.06679246e+02
-1.76767677e-06 2.14646465e-05 2.49998925e+08 -2.76044992e+03 1.78343502e+02
-1.26262626e-06 2.14646465e-05 2.49999103e+08 -2.59182251e+03 2.51687166e+02
-7.57575758e-07 2.14646465e-05 2.49999257e+08 -2.45361576e+03 3.24334227e+02
-2.52525253e-07 2.14646465e-05 2.49999393e+08 -2.34356585e+03 3.93594955e+02
2.52525253e-07 2.14646465e-05 2.49999514e+08 -2.25847663e+03 4.56644898e+02
7.57575758e-07 2.14646465e-05 2.49999625e+08 -2.19402829e+03 5.10873946e+02
1.26262626e-06 2.14646465e-05 2.49999729e+08 -2.14485284e+03 5.54282252e+02
1.76767677e-06 2.14646465e-05 2.49999827e+08 -2.10483362e+03 5.85839472e+02
2.27272727e-06 2.14646465e-05 2.49999920e+08 -2.06759345e+03 6.05817451e+02
2.77777778e-06 2.14646465e-05 2.50000006e+08 -2.02725681e+03 6.16103207e+02
3.28282828e-06 2.14646465e-05 2.50000085e+08 -1.97960117e+03 6.20296714e+02
3.78787879e-06 2.14646465e-05 2.50000152e+08 -1.92339572e+03 6.23171837e+02
4.29292929e-06 2.14646465e-05 2.50000209e+08 -1.86116775e+03 6.29261607e+02
4.79797980e-06 2.14646465e-05 2.50000255e+08 -1.79852153e+03 6.41070308e+02
5.30303030e-06 2.14646465e-05 2.50000293e+08 -1.74199339e+03 6.58034100e+02
5.80808081e-06 2.14646465e-05 2.50000326e+08 -1.69660651e+03 6.76963321e+02
6.31313131e-06 2.14646465e-05 2.50000356e+08 -1.66448816e+03 6.93568269e+02
6.81818182e-06 2.14646465e-05 2.50000385e+08 -1.64496197e+03 7.04010198e+02
7.32323232e-06 2.14646465e-05 2.50000412e+08 -1.63554091e+03 7.05742498e+02
7.82828283e-06 2.14646465e-05 2.50000436e+08 -1.63302761e+03 6.97596729e+02
8.33333333e-06 2.14646465e-05 2.50000455e+08 -1.63427542e+03 6.79452107e+02
8.83838384e-06 2.14646465e-05 2.50000469e+08 -1.63654936e+03 6.51821527e+02
9.34343434e-06 2.14646465e-05 2.50000477e+08 -1.63761037e+03 6.15527080e+02
9.84848485e-06 2.14646465e-05 2.50000479e+08 -1.63566447e+03 5.71503670e+02
1.03535354e-05 2.14646465e-05 2.50000475e+08 -1.62927204e+03 5.20705793e+02
1.08585859e-05 2.14646465e-05 2.50000465e+08 -1.61726464e+03 4.64078526e+02
1.13636364e-05 2.14646465e-05 2.50000449e+08 -1.59868534e+03 4.02560731e+02
1.18686869e-05 2.14646465e-05 2.50000428e+08 -1.57275367e+03 3.37099783e+02
1.23737374e-05 2.14646465e-05 2.50000401e+08 -1.53885001e+03 2.68666323e+02
1.28787879e-05 2.14646465e-05 2.50000371e+08 -1.49651335e+03 1.98263554e+02
1.33838384e-05 2.14646465e-05 2.50000337e+08 -1.44544688e+03 1.26929046e+02
1.38888889e-05 2.14646465e-05 2.50000300e+08 -1.38552684e+03 5.57288726e+01
1.43939394e-05 2.14646465e-05 2.50000262e+08 -1.31681143e+03 -1.42551337e+01
1.48989899e-05 2.14646465e-05 2.50000222e+08 -1.23954701e+03 -8.19437976e+01
1.54040404e-05 2.14646465e-05 2.50000182e+08 -1.15417005e+03 -1.46283185e+02
1.59090909e-05 2.14646465e-05 2.50000143e+08 -1.06130345e+03 -2.06269766e+02
1.64141414e-05 2.14646465e-05 2.50000105e+08 -9.61746697e+02 -2.60976511e+02
1.69191919e-05 2.14646465e-05 2.50000070e+08 -8.56459740e+02 -3.09578300e+02
1.74242424e-05 2.14646465e-05 2.50000037e+08 -7.46540819e+02 -3.51375117e+02
1.79292929e-05 2.14646465e-05 2.50000009e+08 -6.33199054e+02 -3.85811678e+02
1.84343434e-05 2.14646465e-05 2.49999985e+08 -5.17722831e+02 -4.12492348e+02
1.89393939e-05 2.14646465e-05 2.49999967e+08 -4.01445341e+02 -4.31190549e+02
1.94444444e-05 2.14646465e-05 2.49999953e+08 -2.85708792e+02 -4.41852142e+02
1.99494949e-05 2.14646465e-05 2.49999945e+08 -1.71828867e+02 -4.44592695e+02
2.04545455e-05 2.14646465e-05 2.49999943e+08 -6.10609788e+01 -4.39688838e+02
2.09595960e-05 2.14646465e-05 2.49999947e+08 4.54302755e+01 -4.27564298e+02
2.14646465e-05 2.14646465e-05 2.49999956e+08 1.46597300e+02 -4.08771444e+02
2.19696970e-05 2.14646465e-05 2.49999970e+08 2.41530433e+02 -3.83969375e+02
2.24747475e-05 2.14646465e-05 2.49999989e+08 3.29473072e+02 -3.53899725e+02
2.29797980e-05 2.14646465e-05 2.50000012e+08 4.09830795e+02 -3.19361390e+02
2.34848485e-05 2.14646465e-05 2.50000039e+08 4.82174559e+02 -2.81185312e+02
2.39898990e-05 2.14646465e-05 2.50000069e+08 5.46238402e+02 -2.40210390e+02
2.44949495e-05 2.14646465e-05 2.50000102e+08 6.01912252e+02 -1.97261391e+02
2.50000000e-05 2.14646465e-05 2.50000136e+08 6.49230651e+02 -1.53129541e+02
-2.50000000e-05 2.19696970e-05 2.49999467e+08 -3.56829653e+03 -1.75826231e+03
-2.44949495e-05 2.19696970e-05 2.49999163e+08 -3.62398984e+03 -2.24860951e+03
-2.39898990e-05 2.19696970e-05 2.49998804e+08 -3.62151918e+03 -2.83357386e+03
-2.34848485e-05 2.19696970e-05 2.49998385e+08 -3.53664002e+03 -3.52708167e+03
-2.29797980e-05 2.19696970e-05 2.49997905e+08 -3.33765482e+03 -4.34276285e+03
-2.24747475e-05 2.19696970e-05 2.49997363e+08 -2.98380501e+03 -5.29224030e+03
-2.19696970e-05 2.19696970e-05 2.49996767e+08 -2.42379421e+03 -6.38234734e+03
-2.14646465e-05 2.19696970e-05 2.49996135e+08 -1.59491207e+03 -7.61086619e+03
-2.09595960e-05 2.19696970e-05 2.49995495e+08 -4.23588606e+02 -8.96037982e+03
-2.04545455e-05 2.19696970e-05 2.49994898e+08 1.17129052e+03 -1.03900043e+04
-1.99494949e-05 2.19696970e-05 2.49994415e+08 3.27039558e+03 -1.18252967e+04
-1.94444444e-05 2.19696970e-05 2.49994143e+08 5.93894344e+03 -1.31477538e+04
-1.89393939e-05 2.19696970e-05 2.49994199e+08 9.20255653e+03 -1.41872333e+04
-1.84343434e-05 2.19696970e-05 2.49994708e+08 1.30137080e+04 -1.47232304e+04
-1.79292929e-05 2.19696970e-05 2.49995776e+08 1.72130004e+04 -1.45032712e+04
-1.74242424e-05 2.19696970e-05 2.49997444e+08 2.14971621e+04 -1.32863833e+04
-1.69191919e-05 2.19696970e-05 2.49999642e+08 2.54142328e+04 -1.09131513e+04
-1.64141414e-05 2.19696970e-05 2.50002153e+08 2.84094551e+04 -7.38901264e+03
-1.59090909e-05 2.19696970e-05 2.50004615e+08 2.99334978e+04 -2.94826119e+03
-1.54040404e-05 2.19696970e-05 2.50006590e+08 2.95938578e+04 1.94351846e+03
-1.48989899e-05 2.19696970e-05 2.50007685e+08 2.72936495e+04 6.67431698e+03
-1.43939394e-05 2.19696970e-05 2.50007674e+08 2.32889503e+04 1.06396323e+04
-1.38888889e-05 2.19696970e-05 2.50006572e+08 1.81278721e+04 1.34028352e+04
-1.33838384e-05 2.19696970e-05 2.50004619e+08 1.24962898e+04 1.47913615e+04
-1.28787879e-05 2.19696970e-05 2.50002187e+08 7.04151901e+03 1.48955597e+04
-1.23737374e-05 2.19696970e-05 2.49999663e+08 2.24411940e+03 1.39896595e+04
-1.18686869e-05 2.19696970e-05 2.49997364e+08 -1.63084292e+03 1.24241587e+04
-1.13636364e-05 2.19696970e-05 2.49995488e+08 -4.51392905e+03 1.05344023e+04
-1.08585859e-05 2.19696970e-05 2.49994119e+08 -6.47476733e+03 8.58663958e+03
-1.03535354e-05 2.19696970e-05 2.49993249e+08 -7.65929756e+03 6.76068121e+03
-9.84848485e-06 2.19696970e-05 2.49992818e+08 -8.23901375e+03 5.15711849e+03
-9.34343434e-06 2.19696970e-05 2.49992739e+08 -8.37805840e+03 3.81587208e+03
-8.83838384e-06 2.19696970e-05 2.49992921e+08 -8.21639064e+03 2.73658404e+03
-8.33333333e-06 2.19696970e-05 2.49993283e+08 -7.86432716e+03 1.89588742e+03
-7.82828283e-06 2.19696970e-05 2.49993755e+08 -7.40373575e+03 1.25994414e+03
-7.32323232e-06 2.19696970e-05 2.49994287e+08 -6.89233248e+03 7.92505487e+02
-6.81818182e-06 2.19696970e-05 2.49994839e+08 -6.36885854e+03 4.59488183e+02
-6.31313131e-06 2.19696970e-05 2.49995385e+08 -5.85795918e+03 2.31156009e+02
-5.80808081e-06 2.19696970e-05 2.49995907e+08 -5.37427230e+03 8.28146772e+01
-5.30303030e-06 2.19696970e-05 2.49996395e+08 -4.92562134e+03 -5.32587532e+00
-4.79797980e-06 2.19696970e-05 2.49996842e+08 -4.51539296e+03 -4.86957742e+01
-4.29292929e-06 2.19696970e-05 2.49997248e+08 -4.14424701e+03 -5.90632567e+01
-3.78787879e-06 2.19696970e-05 2.49997611e+08 -3.81130985e+03 -4.52517378e+01
-3.28282828e-06 2.19696970e-05 2.49997934e+08 -3.51497780e+03 -1.38146108e+01
-2.77777778e-06 2.19696970e-05 2.49998218e+08 -3.25342290e+03 3.03536029e+01
-2.27272727e-06 2.19696970e-05 2.49998469e+08 -3.02486070e+03 8.34762457e+01
-1.76767677e-06 2.19696970e-05 2.49998688e+08 -2.82761734e+03 1.42433348e+02
-1.26262626e-06 2.19696970e-05 2.49998882e+08 -2.66002811e+03 2.04403050e+02
-7.57575758e-07 2.19696970e-05 2.49999052e+08 -2.52021427e+03 2.66639098e+02
-2.52525253e-07 2.19696970e-05 2.49999205e+08 -2.40581238e+03 3.26412120e+02
2.52525253e-07 2.19696970e-05 2.49999344e+08 -2.31375058e+03 3.81113234e+02
7.57575758e-07 2.19696970e-05 2.49999471e+08 -2.24015671e+03 4.28477915e+02
1.26262626e-06 2.19696970e-05 2.49999589e+08 -2.18044366e+03 4.66863257e+02
1.76767677e-06 2.19696970e-05 2.49999699e+08 -2.12957662e+03 4.95519903e+02
2.27272727e-06 2.19696970e-05 2.49999801e+08 -2.08251937e+03 5.14818415e+02
2.77777778e-06 2.19696970e-05 2.49999895e+08 -2.03486758e+03 5.26368595e+02
3.28282828e-06 2.19696970e-05 2.49999979e+08 -1.98362787e+03 5.32899934e+02
3.78787879e-06 2.19696970e-05 2.50000052e+08 -1.92793559e+03 5.37745659e+02
4.29292929e-06 2.19696970e-05 2.50000114e+08 -1.86932403e+03 5.43928865e+02
4.79797980e-06 2.19696970e-05 2.50000166e+08 -1.81121324e+03 5.53166677e+02
5.30303030e-06 2.19696970e-05 2.50000209e+08 -1.75769246e+03 5.65305560e+02
5.80808081e-06 2.19696970e-05 2.50000245e+08 -1.71214039e+03 5.78504207e+02
6.31313131e-06 2.19696970e-05 2.50000278e+08 -1.67631789e+03 5.90012061e+02
6.81818182e-06 2.19696970e-05 2.50000307e+08 -1.65020574e+03 5.97075833e+02
7.32323232e-06 2.19696970e-05 2.50000333e+08 -1.63241300e+03 5.97569909e+02
7.82828283e-06 2.19696970e-05 2.50000355e+08 -1.62079003e+03 5.90225957e+02
8.33333333e-06 2.19696970e-05 2.50000374e+08 -1.61296048e+03 5.74562424e+02
8.83838384e-06 2.19696970e-05 2.50000387e+08 -1.60665931e+03 5.50680658e+02
9.34343434e-06 2.19696970e-05 2.50000396e+08 -1.59989024e+03 5.19052721e+02
9.84848485e-06 2.19696970e-05 2.50000399e+08 -1.59096438e+03 4.80359141e+02
1.03535354e-05 2.19696970e-05 2.50000397e+08 -1.57847977e+03 4.35386962e+02
1.08585859e-05 2.19696970e-05 2.50000389e+08 -1.56128199e+03 3.84976111e+02
1.13636364e-05 2.19696970e-05 2.50000375e+08 -1.53842696e+03 3.29996944e+02
1.18686869e-05 2.19696970e-05 2.50000357e+08 -1.50915389e+03 2.71344251e+02
1.23737374e-05 2.19696970e-05 2.50000335e+08 -1.47286956e+03 2.09937575e+02
1.28787879e-05 2.19696970e-05 2.50000308e+08 -1.42914188e+03 1.46721668e+02
1.33838384e-05 2.19696970e-05 2.50000279e+08 -1.37769966e+03 8.26638947e+01
1.38888889e-05 2.19696970e-05 2.50000247e+08 -1.31843547e+03 1.87472396e+01
1.43939394e-05 2.19696970e-05 2.50000212e+08 -1.25140922e+03 -4.40412198e+01
1.48989899e-05 2.19696970e-05 2.50000177e+08 -1.17685012e+03 -1.04725860e+02
1.54040404e-05 2.19696970e-05 2.50000142e+08 -1.09515560e+03 -1.62361137e+02
1.59090909e-05 2.19696970e-05 2.50000107e+08 -1.00688615e+03 -2.16052148e+02
1.64141414e-05 2.19696970e-05 2.50000074e+08 -9.12755348e+02 -2.64975860e+02
1.69191919e-05 2.19696970e-05 2.50000042e+08 -8.13615121e+02 -3.08401740e+02
1.74242424e-05 2.19696970e-05 2.50000014e+08 -7.10436190e+02 -3.45710561e+02
1.79292929e-05 2.19696970e-05 2.49999989e+08 -6.04284437e+02 -3.76410300e+02
1.84343434e-05 2.19696970e-05 2.49999967e+08 -4.96293957e+02 -4.00148219e+02
1.89393939e-05 2.19696970e-05 2.49999951e+08 -3.87637855e+02 -4.16718449e+02
1.94444444e-05 2.19696970e-05 2.49999939e+08 -2.79497998e+02 -4.26064698e+02
1.99494949e-05 2.19696970e-05 2.49999932e+08 -1.73034969e+02 -4.28277946e+02
2.04545455e-05 2.19696970e-05 2.49999930e+08 -6.93594689e+01 -4.23589313e+02
2.09595960e-05 2.19696970e-05 2.49999933e+08 3.04937222e+01 -4.12358534e+02
2.14646465e-05 2.19696970e-05 2.49999942e+08 1.25588255e+02 -3.95058668e+02
2.19696970e-05 2.19696970e-05 2.49999955e+08 2.15104468e+02 -3.72257899e+02
2.24747475e-05 2.19696970e-05 2.49999972e+08 2.98352911e+02 -3.44599315e+02
2.29797980e-05 2.19696970e-05 2.49999993e+08 3.74782926e+02 -3.12779647e+02
2.34848485e-05 2.19696970e-05 2.50000018e+08 4.43986320e+02 -2.77527901e+02
2.39898990e-05 2.19696970e-05 2.50000045e+08 5.05696423e+02 -2.39584748e+02
2.44949495e-05 2.19696970e-05 2.50000075e+08 5.59782984e+02 -1.99683402e+02
2.50000000e-05 2.19696970e-05 2.50000107e+08 6.06243520e+02 -1.58532591e+02
-2.50000000e-05 2.24747475e-05 2.49999102e+08 -3.11197427e+03 -2.14814724e+03
-2.44949495e-05 2.24747475e-05 2.49998794e+08 -3.08387658e+03 -2.64960044e+03
-2.39898990e-05 2.24747475e-05 2.49998440e+08 -2.98610970e+03 -3.23510704e+03
-2.34848485e-05 2.24747475e-05 2.49998042e+08 -2.79486731e+03 -3.91354996e+03
-2.29797980e-05 2.24747475e-05 2.49997599e+08 -2.48030914e+03 -4.69201590e+03
-2.24747475e-05 2.24747475e-05 2.49997119e+08 -2.00577921e+03 -5.57393501e+03
-2.19696970e-05 2.24747475e-05 2.49996614e+08 -1.32744747e+03 -6.55636460e+03
-2.14646465e-05 2.24747475e-05 2.49996106e+08 -3.94838539e+02 -7.62622532e+03
-2.09595960e-05 2.24747475e-05 2.49995628e+08 8.47048745e+02 -8.75540203e+03
-2.04545455e-05 2.24747475e-05 2.49995229e+08 2.45306098e+03 -9.89488916e+03
-1.99494949e-05 2.24747475e-05 2.49994971e+08 4.46948607e+03 -1.09686865e+04
-1.94444444e-05 2.24747475e-05 2.49994932e+08 6.92085216e+03 -1.18690159e+04
-1.89393939e-05 2.24747475e-05 2.49995197e+08 9.79158325e+03 -1.24555988e+04
-1.84343434e-05 2.24747475e-05 2.49995844e+08 1.30039701e+04 -1.25628920e+04
-1.79292929e-05 2.24747475e-05 2.49996924e+08 1.63970678e+04 -1.20195189e+04
-1.74242424e-05 2.24747475e-05 2.49998433e+08 1.97151633e+04 -1.06823411e+04
-1.69191919e-05 2.24747475e-05 2.50000285e+08 2.26174629e+04 -8.48241695e+03
-1.64141414e-05 2.24747475e-05 2.50002297e+08 2.47191530e+04 -5.47171440e+03
-1.59090909e-05 2.24747475e-05 2.50004204e+08 2.56646895e+04 -1.85136691e+03
-1.54040404e-05 2.24747475e-05 2.50005708e+08 2.52177521e+04 2.03880750e+03
-1.48989899e-05 2.24747475e-05 2.50006550e+08 2.33366933e+04 5.77819577e+03
-1.43939394e-05 2.24747475e-05 2.50006578e+08 2.02019038e+04 8.95742867e+03
-1.38888889e-05 2.24747475e-05 2.50005797e+08 1.61789232e+04 1.12717471e+04
-1.33838384e-05 2.24747475e-05 2.50004353e+08 1.17302596e+04 1.25801868e+04
-1.28787879e-05 2.24747475e-05 2.50002488e+08 7.31111861e+03 1.29122340e+04
-1.23737374e-05 2.24747475e-05 2.50000472e+08 3.28604020e+03 1.24285870e+04
-1.18686869e-05 2.24747475e-05 2.49998543e+08 -1.12880661e+02 1.13594047e+04
-1.13636364e-05 2.24747475e-05 2.49996872e+08 -2.78650799e+03 9.94488834e+03
-1.08585859e-05 2.24747475e-05 2.49995555e+08 -4.74188716e+03 8.39359609e+03
-1.03535354e-05 2.24747475e-05 2.49994617e+08 -6.05509604e+03 6.86224450e+03
-9.84848485e-06 2.24747475e-05 2.49994037e+08 -6.83638635e+03 5.45288125e+03
-9.34343434e-06 2.24747475e-05 2.49993767e+08 -7.20393557e+03 4.22050277e+03
-8.83838384e-06 2.24747475e-05 2.49993745e+08 -7.26744192e+03 3.18487759e+03
-8.33333333e-06 2.24747475e-05 2.49993909e+08 -7.11997570e+03 2.34242316e+03
-7.82828283e-06 2.24747475e-05 2.49994202e+08 -6.83556861e+03 1.67605307e+03
-7.32323232e-06 2.24747475e-05 2.49994579e+08 -6.47018579e+03 1.16237567e+03
-6.81818182e-06 2.24747475e-05 2.49995002e+08 -6.06431987e+03 7.76434839e+02
-6.31313131e-06 2.24747475e-05 2.49995444e+08 -5.64607861e+03 4.94511515e+02
-5.80808081e-06 2.24747475e-05 2.49995885e+08 -5.23414122e+03 2.95550634e+02
-5.30303030e-06 2.24747475e-05 2.49996311e+08 -4.84029959e+03 1.61694891e+02
-4.79797980e-06 2.24747475e-05 2.49996713e+08 -4.47150237e+03 7.82847411e+01
-4.29292929e-06 2.24747475e-05 2.49997086e+08 -4.13142459e+03 3.35693736e+01
-3.78787879e-06 2.24747475e-05 2.49997428e+08 -3.82162791e+03 1.82827503e+01
-3.28282828e-06 2.24747475e-05 2.49997739e+08 -3.54238433e+03 2.51751029e+01
-2.77777778e-06 2.24747475e-05 2.49998019e+08 -3.29322745e+03 4.85506289e+01
-2.27272727e-06 2.24747475e-05 2.49998270e+08 -3.07328193e+03 8.38415985e+01
-1.76767677e-06 2.24747475e-05 2.49998495e+08 -2.88141165e+03 1.27242176e+02
-1.26262626e-06 2.24747475e-05 2.49998696e+08 -2.71622546e+03 1.75425272e+02
-7.57575758e-07 2.24747475e-05 2.49998877e+08 -2.57598730e+03 2.25364781e+02
-2.52525253e-07 2.24747475e-05 2.49999042e+08 -2.45848885e+03 2.74276675e+02
2.52525253e-07 2.24747475e-05 2.49999192e+08 -2.36094978e+03 3.19673604e+02
7.57575758e-07 2.24747475e-05 2.49999330e+08 -2.28000268e+03 3.59505083e+02
1.26262626e-06 2.24747475e-05 2.49999457e+08 -2.21179888e+03 3.92339780e+02
1.76767677e-06 2.24747475e-05 2.49999576e+08 -2.15224815e+03 4.17542432e+02
2.27272727e-06 2.24747475e-05 2.49999685e+08 -2.09738790e+03 4.35396833e+02
2.77777778e-06 2.24747475e-05 2.49999784e+08 -2.04385774e+03 4.47115126e+02
3.28282828e-06 2.24747475e-05 2.49999873e+08 -1.98940698e+03 4.54660429e+02
3.78787879e-06 2.24747475e-05 2.49999950e+08 -1.93328704e+03 4.60334855e+02
4.29292929e-06 2.24747475e-05 2.50000017e+08 -1.87633219e+03 4.66184129e+02
4.79797980e-06 2.24747475e-05 2.50000074e+08 -1.82060159e+03 4.73407960e+02
5.30303030e-06 2.24747475e-05 2.50000122e+08 -1.76865353e+03 4.82026731e+02
5.80808081e-06 2.24747475e-05 2.50000162e+08 -1.72272580e+03 4.90952146e+02
6.31313131e-06 2.24747475e-05 2.50000197e+08 -1.68413823e+03 4.98399362e+02
6.81818182e-06 2.24747475e-05 2.50000228e+08 -1.65308508e+03 5.02422124e+02
7.32323232e-06 2.24747475e-05 2.50000254e+08 -1.62877617e+03 5.01351029e+02
7.82828283e-06 2.24747475e-05 2.50000277e+08 -1.60976159e+03 4.94027408e+02
8.33333333e-06 2.24747475e-05 2.50000295e+08 -1.59427511e+03 4.79845140e+02
8.83838384e-06 2.24747475e-05 2.50000309e+08 -1.58049968e+03 4.58673680e+02
9.34343434e-06 2.24747475e-05 2.50000319e+08 -1.56673038e+03 4.30737686e+02
9.84848485e-06 2.24747475e-05 2.50000323e+08 -1.55145185e+03 3.96502436e+02
1.03535354e-05 2.24747475e-05 2.50000322e+08 -1.53336082e+03 3.56586263e+02
1.08585859e-05 2.24747475e-05 2.50000316e+08 -1.51136039e+03 3.11702644e+02
1.13636364e-05 2.24747475e-05 2.50000306e+08 -1.48454451e+03 2.62625980e+02
1.18686869e-05 2.24747475e-05 2.50000291e+08 -1.45218248e+03 2.10172911e+02
1.23737374e-05 2.24747475e-05 2.50000271e+08 -1.41370752e+03 1.55192067e+02
1.28787879e-05 2.24747475e-05 2.50000249e+08 -1.36871019e+03 9.85570363e+01
1.33838384e-05 2.24747475e-05 2.50000223e+08 -1.31693568e+03 4.11593055e+01
1.38888889e-05 2.24747475e-05 2.50000195e+08 -1.25828335e+03 -1.61006178e+01
1.43939394e-05 2.24747475e-05 2.50000165e+08 -1.19280677e+03 -7.23245964e+01
1.48989899e-05 2.24747475e-05 2.50000134e+08 -1.12071275e+03 -1.26630756e+02
1.54040404e-05 2.24747475e-05 2.50000103e+08 -1.04235817e+03 -1.78169399e+02
1.59090909e-05 2.24747475e-05 2.50000072e+08 -9.58243738e+02 -2.26140191e+02
1.64141414e-05 2.24747475e-05 2.50000043e+08 -8.69004096e+02 -2.69809703e+02
1.69191919e-05 2.24747475e-05 2.50000015e+08 -7.75394169e+02 -3.08528333e+02
1.74242424e-05 2.24747475e-05 2.49999990e+08 -6.78271844e+02 -3.41745690e+02
1.79292929e-05 2.24747475e-05 2.49999968e+08 -5.78577419e+02 -3.69023545e+02
1.84343434e-05 2.24747475e-05 2.49999949e+08 -4.77310447e+02 -3.90045652e+02
1.89393939e-05 2.24747475e-05 2.49999934e+08 -3.75504826e+02 -4.04623896e+02
1.94444444e-05 2.24747475e-05 2.49999924e+08 -2.74203073e+02 -4.12700434e+02
1.99494949e-05 2.24747475e-05 2.49999918e+08 -1.74430787e+02 -4.14345744e+02
2.04545455e-05 2.24747475e-05 2.49999917e+08 -7.71722747e+01 -4.09752688e+02
2.09595960e-05 2.24747475e-05 2.49999920e+08 1.66517272e+01 -3.99226937e+02
2.14646465e-05 2.24747475e-05 2.49999928e+08 1.06203480e+02 -3.83174255e+02
2.19696970e-05 2.24747475e-05 2.49999939e+08 1.90744195e+02 -3.62085298e+02
2.24747475e-05 2.24747475e-05 2.49999955e+08 2.69646111e+02 -3.36518654e+02
2.29797980e-05 2.24747475e-05 2.49999975e+08 3.42400487e+02 -3.07082904e+02
2.34848485e-05 2.24747475e-05 2.49999998e+08 4.08621518e+02 -2.74418463e+02
2.39898990e-05 2.24747475e-05 2.50000023e+08 4.68046368e+02 -2.39179912e+02
2.44949495e-05 2.24747475e-05 2.50000051e+08 5.20531653e+02 -2.02019440e+02
2.50000000e-05 2.24747475e-05 2.50000081e+08 5.66046864e+02 -1.63571910e+02
-2.50000000e-05 2.29797980e-05 2.49998808e+08 -2.64783200e+03 -2.46952918e+03
-2.44949495e-05 2.29797980e-05 2.49998508e+08 -2.54547836e+03 -2.96706258e+03
-2.39898990e-05 2.29797980e-05 2.49998174e+08 -2.36618932e+03 -3.53629786e+03
-2.34848485e-05 2.29797980e-05 2.49997808e+08 -2.08777755e+03 -4.18158068e+03
-2.29797980e-05 2.29797980e-05 2.49997415e+08 -1.68353761e+03 -4.90447963e+03
-2.24747475e-05 2.29797980e-05 2.49997006e+08 -1.12212227e+03 -5.70201378e+03
-2.19696970e-05 2.29797980e-05 2.49996595e+08 -3.67979605e+02 -6.56427702e+03
-2.14646465e-05 2.29797980e-05 2.49996207e+08 6.17261571e+02 -7.47142792e+03
-2.09595960e-05 2.29797980e-05 2.49995874e+08 1.87194201e+03 -8.39015477e+03
-2.04545455e-05 2.29797980e-05 2.49995640e+08 3.42945135e+03 -9.26998681e+03
-1.99494949e-05 2.29797980e-05 2.49995555e+08 5.31066617e+03 -1.00402361e+04
-1.94444444e-05 2.29797980e-05 2.49995680e+08 7.51348632e+03 -1.06089110e+04
-1.89393939e-05 2.29797980e-05 2.49996070e+08 9.99997817e+03 -1.08655278e+04
-1.84343434e-05 2.29797980e-05 2.49996773e+08 1.26830035e+04 -1.06900616e+04
-1.79292929e-05 2.29797980e-05 2.49997806e+08 1.54161008e+04 -9.96982355e+03
-1.74242424e-05 2.29797980e-05 2.49999142e+08 1.79922155e+04 -8.62421456e+03
-1.69191919e-05 2.29797980e-05 2.50000695e+08 2.01574105e+04 -6.63384161e+03
-1.64141414e-05 2.29797980e-05 2.50002318e+08 2.16433286e+04 -4.06612007e+03
-1.59090909e-05 2.29797980e-05 2.50003817e+08 2.22160342e+04 -1.08643576e+03
-1.54040404e-05 2.29797980e-05 2.50004984e+08 2.17303346e+04 2.05476745e+03
-1.48989899e-05 2.29797980e-05 2.50005643e+08 2.01720668e+04 5.06129295e+03
-1.43939394e-05 2.29797980e-05 2.50005692e+08 1.76713658e+04 7.64803041e+03
-1.38888889e-05 2.29797980e-05 2.50005128e+08 1.44795212e+04 9.59744772e+03
-1.33838384e-05 2.29797980e-05 2.50004043e+08 1.09164896e+04 1.07969995e+04
-1.28787879e-05 2.29797980e-05 2.50002599e+08 7.30731487e+03 1.12470388e+04
-1.23737374e-05 2.29797980e-05 2.50000984e+08 3.92759550e+03 1.10412178e+04
-1.18686869e-05 2.29797980e-05 2.49999378e+08 9.71074043e+02 1.03307221e+04
-1.13636364e-05 2.29797980e-05 2.49997920e+08 -1.45812840e+03 9.28610032e+03
-1.08585859e-05 2.29797980e-05 2.49996701e+08 -3.33435716e+03 8.06688323e+03
-1.03535354e-05 2.29797980e-05 2.49995764e+08 -4.68937609e+03 6.80330999e+03
-9.84848485e-06 2.29797980e-05 2.49995111e+08 -5.58952935e+03 5.58953220e+03
-9.34343434e-06 2.29797980e-05 2.49994720e+08 -6.11626657e+03 4.48506370e+03
-8.83838384e-06 2.29797980e-05 2.49994551e+08 -6.35215613e+03 3.52075080e+03
-8.33333333e-06 2.29797980e-05 2.49994562e+08 -6.37238220e+03 2.70626391e+03
-7.82828283e-06 2.29797980e-05 2.49994707e+08 -6.24064421e+03 2.03721509e+03
-7.32323232e-06 2.29797980e-05 2.49994949e+08 -6.00808634e+03 1.50098556e+03
-6.81818182e-06 2.29797980e-05 2.49995254e+08 -5.71403047e+03 1.08101951e+03
-6.31313131e-06 2.29797980e-05 2.49995596e+08 -5.38759600e+03 7.59712479e+02
-5.80808081e-06 2.29797980e-05 2.49995955e+08 -5.04960689e+03 5.20176352e+02
-5.30303030e-06 2.29797980e-05 2.49996315e+08 -4.71443994e+03 3.47185637e+02
-4.79797980e-06 2.29797980e-05 2.49996666e+08 -4.39164495e+03 2.27570334e+02
-4.29292929e-06 2.29797980e-05 2.49997001e+08 -4.08727653e+03 1.50259782e+02
-3.78787879e-06 2.29797980e-05 2.49997315e+08 -3.80493690e+03 1.06123116e+02
-3.28282828e-06 2.29797980e-05 2.49997606e+08 -3.54655644e+03 8.77043320e+01
-2.77777778e-06 2.29797980e-05 2.49997874e+08 -3.31294751e+03 8.89161215e+01
-2.27272727e-06 2.29797980e-05 2.49998119e+08 -3.10416743e+03 1.04735429e+02
-1.76767677e-06 2.29797980e-05 2.49998343e+08 -2.91972552e+03 1.30931835e+02
-1.26262626e-06 2.29797980e-05 2.49998546e+08 -2.75867005e+03 1.63853134e+02
-7.57575758e-07 2.29797980e-05 2.49998732e+08 -2.61959582e+03 2.00286118e+02
-2.52525253e-07 2.29797980e-05 2.49998902e+08 -2.50061779e+03 2.37400988e+02
2.52525253e-07 2.29797980e-05 2.49999058e+08 -2.39935762e+03 2.72774313e+02
7.57575758e-07 2.29797980e-05 2.49999203e+08 -2.31298333e+03 3.04470819e+02
1.26262626e-06 2.29797980e-05 2.49999336e+08 -2.23832921e+03 3.31152902e+02
1.76767677e-06 2.29797980e-05 2.49999460e+08 -2.17210588e+03 3.52180390e+02
2.27272727e-06 2.29797980e-05 2.49999573e+08 -2.11119206e+03 3.67659680e+02
2.77777778e-06 2.29797980e-05 2.49999676e+08 -2.05297674e+03 3.78399442e+02
3.28282828e-06 2.29797980e-05 2.49999769e+08 -1.99568867e+03 3.85736618e+02
3.78787879e-06 2.29797980e-05 2.49999850e+08 -1.93861765e+03 3.91226032e+02
4.29292929e-06 2.29797980e-05 2.49999921e+08 -1.88212740e+03 3.96244712e+02
4.79797980e-06 2.29797980e-05 2.49999982e+08 -1.82741123e+03 4.01623465e+02
5.30303030e-06 2.29797980e-05 2.50000034e+08 -1.77604332e+03 4.07435450e+02
5.80808081e-06 2.29797980e-05 2.50000078e+08 -1.72947161e+03 4.13015707e+02
6.31313131e-06 2.29797980e-05 2.50000116e+08 -1.68861943e+03 4.17184606e+02
6.81818182e-06 2.29797980e-05 2.50000149e+08 -1.65369802e+03 4.18567830e+02
7.32323232e-06 2.29797980e-05 2.50000177e+08 -1.62423079e+03 4.15891848e+02
7.82828283e-06 2.29797980e-05 2.50000201e+08 -1.59921644e+03 4.08178623e+02
8.33333333e-06 2.29797980e-05 2.50000220e+08 -1.57734001e+03 3.94824508e+02
8.83838384e-06 2.29797980e-05 2.50000235e+08 -1.55716395e+03 3.75590441e+02
9.34343434e-06 2.29797980e-05 2.50000245e+08 -1.53726797e+03 3.50544006e+02
9.84848485e-06 2.29797980e-05 2.50000250e+08 -1.51633466e+03 3.19987349e+02
1.03535354e-05 2.29797980e-05 2.50000251e+08 -1.49319253e+03 2.84391357e+02
1.08585859e-05 2.29797980e-05 2.50000247e+08 -1.46683174e+03 2.44344349e+02
1.13636364e-05 2.29797980e-05 2.50000239e+08 -1.43640536e+03 2.00515790e+02
1.18686869e-05 2.29797980e-05 2.50000227e+08 -1.40122474e+03 1.53631912e+02
1.23737374e-05 2.29797980e-05 2.50000211e+08 -1.36075401e+03 1.04459208e+02
1.28787879e-05 2.29797980e-05 2.50000192e+08 -1.31460563e+03 5.37922036e+01
1.33838384e-05 2.29797980e-05 2.50000170e+08 -1.26253755e+03 2.44283603e+00
1.38888889e-05 2.29797980e-05 2.50000145e+08 -1.20445125e+03 -4.87702690e+01
1.43939394e-05 2.29797980e-05 2.50000120e+08 -1.14038992e+03 -9.90335063e+01
1.48989899e-05 2.29797980e-05 2.50000093e+08 -1.07053579e+03 -1.47551270e+02
1.54040404e-05 2.29797980e-05 2.50000065e+08 -9.95205597e+02 -1.93560037e+02
1.59090909e-05 2.29797980e-05 2.50000039e+08 -9.14843778e+02 -2.36343114e+02
1.64141414e-05 2.29797980e-05 2.50000013e+08 -8.30012795e+02 -2.75245410e+02
1.69191919e-05 2.29797980e-05 2.49999988e+08 -7.41380537e+02 -3.09687543e+02
1.74242424e-05 2.29797980e-05 2.49999966e+08 -6.49704866e+02 -3.39178554e+02
1.79292929e-05 2.29797980e-05 2.49999947e+08 -5.55815626e+02 -3.63326571e+02
1.84343434e-05 2.29797980e-05 2.49999931e+08 -4.60594626e+02 -3.81846864e+02
1.89393939e-05 2.29797980e-05 2.49999918e+08 -3.64954250e+02 -3.94566850e+02
1.94444444e-05 2.29797980e-05 2.49999909e+08 -2.69815450e+02 -4.01427813e+02
1.99494949e-05 2.29797980e-05 2.49999904e+08 -1.76085910e+02 -4.02483226e+02
2.04545455e-05 2.29797980e-05 2.49999903e+08 -8.46391840e+01 -3.97893795e+02
2.09595960e-05 2.29797980e-05 2.49999906e+08 3.70446150e+00 -3.87919461e+02
2.14646465e-05 2.29797980e-05 2.49999913e+08 8.81948692e+01 -3.72908775e+02
2.19696970e-05 2.29797980e-05 2.49999924e+08 1.68165964e+02 -3.53286152e+02
2.24747475e-05 2.29797980e-05 2.49999939e+08 2.43046532e+02 -3.29537594e+02
2.29797980e-05 2.29797980e-05 2.49999957e+08 3.12367621e+02 -3.02195503e+02
2.34848485e-05 2.29797980e-05 2.49999979e+08 3.75766532e+02 -2.71823212e+02
2.39898990e-05 2.29797980e-05 2.50000002e+08 4.32987539e+02 -2.38999814e+02
2.44949495e-05 2.29797980e-05 2.50000028e+08 4.83879591e+02 -2.04305808e+02
2.50000000e-05 2.29797980e-05 2.50000056e+08 5.28391355e+02 -1.68310006e+02
-2.50000000e-05 2.34848485e-05 2.49998582e+08 -2.18873635e+03 -2.72333864e+03
-2.44949495e-05 2.34848485e-05 2.49998299e+08 -2.02305313e+03 -3.20483891e+03
-2.39898990e-05 2.34848485e-05 2.49997993e+08 -1.77696134e+03 -3.74504472e+03
-2.34848485e-05 2.34848485e-05 2.49997668e+08 -1.43066241e+03 -4.34450664e+03
-2.29797980e-05 2.34848485e-05 2.49997331e+08 -9.61276048e+02 -5.00048128e+03
-2.24747475e-05 2.34848485e-05 2.49996994e+08 -3.43182530e+02 -5.70539052e+03
-2.19696970e-05 2.34848485e-05 2.49996674e+08 4.51052344e+02 -6.44491267e+03
-2.14646465e-05 2.34848485e-05 2.49996395e+08 1.44888356e+03 -7.19577341e+03
-2.09595960e-05 2.34848485e-05 2.49996185e+08 2.67479352e+03 -7.92344007e+03
-2.04545455e-05 2.34848485e-05 2.49996081e+08 4.14578372e+03 -8.58013130e+03
-1.99494949e-05 2.34848485e-05 2.49996124e+08 5.86517634e+03 -9.10383254e+03
-1.94444444e-05 2.34848485e-05 2.49996357e+08 7.81489824e+03 -9.41931097e+03
-1.89393939e-05 2.34848485e-05 2.49996815e+08 9.94704563e+03 -9.44233720e+03
-1.84343434e-05 2.34848485e-05 2.49997523e+08 1.21764303e+04 -9.08823772e+03
-1.79292929e-05 2.34848485e-05 2.49998479e+08 1.43768106e+04 -8.28525326e+03
-1.74242424e-05 2.34848485e-05 2.49999647e+08 1.63841696e+04 -6.99175716e+03
-1.69191919e-05 2.34848485e-05 2.50000949e+08 1.80100328e+04 -5.21428670e+03
-1.64141414e-05 2.34848485e-05 2.50002269e+08 1.90657680e+04 -3.02121179e+03
-1.59090909e-05 2.34848485e-05 2.50003463e+08 1.93950350e+04 -5.45943028e+02
-1.54040404e-05 2.34848485e-05 2.50004384e+08 1.89071719e+04 2.02483709e+03
-1.48989899e-05 2.34848485e-05 2.50004909e+08 1.76015470e+04 4.47800087e+03
-1.43939394e-05 2.34848485e-05 2.50004967e+08 1.55739953e+04 6.61010344e+03
-1.38888889e-05 2.34848485e-05 2.50004553e+08 1.30018486e+04 8.26272350e+03
-1.33838384e-05 2.34848485e-05 2.50003727e+08 1.01115717e+04 9.34670862e+03
-1.28787879e-05 2.34848485e-05 2.50002597e+08 7.13888535e+03 9.84925641e+03
-1.23737374e-05 2.34848485e-05 2.50001299e+08 4.29268095e+03 9.82417141e+03
-1.18686869e-05 2.34848485e-05 2.49999965e+08 1.73090306e+03 9.37092279e+03
-1.13636364e-05 2.34848485e-05 2.49998707e+08 -4.48815484e+02 8.61017532e+03
-1.08585859e-05 2.34848485e-05 2.49997607e+08 -2.20582387e+03 7.66229353e+03
-1.03535354e-05 2.34848485e-05 2.49996711e+08 -3.54510009e+03 6.63242658e+03
-9.84848485e-06 2.34848485e-05 2.49996036e+08 -4.50281656e+03 5.60285886e+03
-9.34343434e-06 2.34848485e-05 2.49995575e+08 -5.13255929e+03 4.63136231e+03
-8.83838384e-06 2.34848485e-05 2.49995308e+08 -5.49427317e+03 3.75350291e+03
-8.33333333e-06 2.34848485e-05 2.49995205e+08 -5.64658375e+03 2.98692602e+03
-7.82828283e-06 2.34848485e-05 2.49995233e+08 -5.64223445e+03 2.33614091e+03
-7.32323232e-06 2.34848485e-05 2.49995362e+08 -5.52595544e+03 1.79690444e+03
-6.81818182e-06 2.34848485e-05 2.49995564e+08 -5.33399888e+03 1.35978420e+03
-6.31313131e-06 2.34848485e-05 2.49995814e+08 -5.09467571e+03 1.01280497e+03
-5.80808081e-06 2.34848485e-05 2.49996095e+08 -4.82939634e+03 7.43261716e+02
-5.30303030e-06 2.34848485e-05 2.49996389e+08 -4.55388274e+03 5.38858128e+02
-4.79797980e-06 2.34848485e-05 2.49996687e+08 -4.27935251e+03 3.88341614e+02
-4.29292929e-06 2.34848485e-05 2.49996980e+08 -4.01357073e+03 2.81786672e+02
-3.78787879e-06 2.34848485e-05 2.49997261e+08 -3.76172611e+03 2.10647681e+02
-3.28282828e-06 2.34848485e-05 2.49997529e+08 -3.52712375e+03 1.67671722e+02
-2.77777778e-06 2.34848485e-05 2.49997779e+08 -3.31170523e+03 1.46736909e+02
-2.27272727e-06 2.34848485e-05 2.49998013e+08 -3.11641625e+03 1.42663199e+02
-1.76767677e-06 2.34848485e-05 2.49998229e+08 -2.94144661e+03 1.51029873e+02
-1.26262626e-06 2.34848485e-05 2.49998429e+08 -2.78637136e+03 1.68024573e+02
-7.57575758e-07 2.34848485e-05 2.49998614e+08 -2.65022527e+03 1.90340401e+02
-2.52525253e-07 2.34848485e-05 2.49998786e+08 -2.53154542e+03 2.15128288e+02
2.52525253e-07 2.34848485e-05 2.49998944e+08 -2.42841594e+03 2.40001276e+02
7.57575758e-07 2.34848485e-05 2.49999091e+08 -2.33854374e+03 2.63076834e+02
1.26262626e-06 2.34848485e-05 2.49999228e+08 -2.25938420e+03 2.83034725e+02
1.76767677e-06 2.34848485e-05 2.49999354e+08 -2.18832253e+03 2.99162590e+02
2.27272727e-06 2.34848485e-05 2.49999470e+08 -2.12290117e+03 3.11359491e+02
2.77777778e-06 2.34848485e-05 2.49999575e+08 -2.06106538e+03 3.20070234e+02
3.28282828e-06 2.34848485e-05 2.49999670e+08 -2.00138089e+03 3.26134140e+02
3.78787879e-06 2.34848485e-05 2.49999755e+08 -1.94316464e+03 3.30554913e+02
4.29292929e-06 2.34848485e-05 2.49999829e+08 -1.88647679e+03 3.34231082e+02
4.79797980e-06 2.34848485e-05 2.49999893e+08 -1.83195620e+03 3.37714568e+02
5.30303030e-06 2.34848485e-05 2.49999948e+08 -1.78053534e+03 3.41068102e+02
5.80808081e-06 2.34848485e-05 2.49999996e+08 -1.73311665e+03 3.43861039e+02
6.31313131e-06 2.34848485e-05 2.50000037e+08 -1.69030336e+03 3.45291509e+02
6.81818182e-06 2.34848485e-05 2.50000072e+08 -1.65224752e+03 3.44379754e+02
7.32323232e-06 2.34848485e-05 2.50000101e+08 -1.61862741e+03 3.40164694e+02
7.82828283e-06 2.34848485e-05 2.50000126e+08 -1.58872315e+03 3.31853057e+02
8.33333333e-06 2.34848485e-05 2.50000147e+08 -1.56154179e+03 3.18901234e+02
8.83838384e-06 2.34848485e-05 2.50000163e+08 -1.53594797e+03 3.01036239e+02
9.34343434e-06 2.34848485e-05 2.50000174e+08 -1.51077338e+03 2.78235458e+02
9.84848485e-06 2.34848485e-05 2.50000181e+08 -1.48489511e+03 2.50686145e+02
1.03535354e-05 2.34848485e-05 2.50000184e+08 -1.45728476e+03 2.18740388e+02
1.08585859e-05 2.34848485e-05 2.50000182e+08 -1.42703508e+03 1.82874435e+02
1.13636364e-05 2.34848485e-05 2.50000176e+08 -1.39337213e+03 1.43655785e+02
1.18686869e-05 2.34848485e-05 2.50000167e+08 -1.35565918e+03 1.01717999e+02
1.23737374e-05 2.34848485e-05 2.50000154e+08 -1.31339674e+03 5.77415858e+01
1.28787879e-05 2.34848485e-05 2.50000137e+08 -1.26622113e+03 1.24389107e+01
1.33838384e-05 2.34848485e-05 2.50000119e+08 -1.21390267e+03 -3.34587031e+01
1.38888889e-05 2.34848485e-05 2.50000098e+08 -1.15634365e+03 -7.92130360e+01
1.43939394e-05 2.34848485e-05 2.50000076e+08 -1.09357583e+03 -1.24091024e+02
1.48989899e-05 2.34848485e-05 2.50000053e+08 -1.02575689e+03 -1.67377182e+02
1.54040404e-05 2.34848485e-05 2.50000029e+08 -9.53165334e+02 -2.08386416e+02
1.59090909e-05 2.34848485e-05 2.50000006e+08 -8.76193538e+02 -2.46476994e+02
1.64141414e-05 2.34848485e-05 2.49999983e+08 -7.95338449e+02 -2.81063249e+02
1.69191919e-05 2.34848485e-05 2.49999962e+08 -7.11190028e+02 -3.11627544e+02
1.74242424e-05 2.34848485e-05 2.49999943e+08 -6.24417421e+02 -3.37730938e+02
1.79292929e-05 2.34848485e-05 2.49999926e+08 -5.35753147e+02 -3.59022087e+02
1.84343434e-05 2.34848485e-05 2.49999912e+08 -4.45975691e+02 -3.75243914e+02
1.89393939e-05 2.34848485e-05 2.49999901e+08 -3.55891042e+02 -3.86237756e+02
1.94444444e-05 2.34848485e-05 2.49999893e+08 -2.66313753e+02 -3.91944746e+02
1.99494949e-05 2.34848485e-05 2.49999889e+08 -1.78048186e+02 -3.92404399e+02
2.04545455e-05 2.34848485e-05 2.49999889e+08 -9.18705591e+01 -3.87750445e+02
2.09595960e-05 2.34848485e-05 2.49999892e+08 -8.51240502e+00 -3.78204137e+02
2.14646465e-05 2.34848485e-05 2.49999899e+08 7.13540460e+01 -3.64065328e+02
2.19696970e-05 2.34848485e-05 2.49999910e+08 1.47128135e+02 -3.45701757e+02
2.24747475e-05 2.34848485e-05 2.49999924e+08 2.18290403e+02 -3.23536980e+02
2.29797980e-05 2.34848485e-05 2.49999940e+08 2.84409398e+02 -2.98037482e+02
2.34848485e-05 2.34848485e-05 2.49999960e+08 3.45145646e+02 -2.69699466e+02
2.39898990e-05 2.34848485e-05 2.49999982e+08 4.00252841e+02 -2.39035799e+02
2.44949495e-05 2.34848485e-05 2.50000006e+08 4.49576465e+02 -2.06563563e+02
2.50000000e-05 2.34848485e-05 2.50000032e+08 4.93050115e+02 -1.72792571e+02
-2.50000000e-05 2.39898990e-05 2.49998416e+08 -1.74504213e+03 -2.91324329e+03
-2.44949495e-05 2.39898990e-05 2.49998158e+08 -1.52742135e+03 -3.36955338e+03
-2.39898990e-05 2.39898990e-05 2.49997885e+08 -1.22908956e+03 -3.87181127e+03
-2.34848485e-05 2.39898990e-05 2.49997604e+08 -8.33041630e+02 -4.41760096e+03
-2.29797980e-05 2.39898990e-05 2.49997324e+08 -3.20440916e+02 -5.00106465e+03
-2.24747475e-05 2.39898990e-05 2.49997057e+08 3.28750847e+02 -5.61165826e+03
-2.19696970e-05 2.39898990e-05 2.49996820e+08 1.13461129e+03 -6.23272891e+03
-2.14646465e-05 2.39898990e-05 2.49996634e+08 2.11537524e+03 -6.84003045e+03
-2.09595960e-05 2.39898990e-05 2.49996524e+08 3.28465188e+03 -7.40040314e+03
-2.04545455e-05 2.39898990e-05 2.49996521e+08 4.64762766e+03 -7.87098858e+03
-1.99494949e-05 2.39898990e-05 2.49996654e+08 6.19630635e+03 -8.19951395e+03
-1.94444444e-05 2.39898990e-05 2.49996953e+08 7.90413714e+03 -8.32631090e+03
-1.89393939e-05 2.39898990e-05 2.49997440e+08 9.72082647e+03 -8.18874830e+03
-1.84343434e-05 2.39898990e-05 2.49998123e+08 1.15686640e+04 -7.72853097e+03
-1.79292929e-05 2.39898990e-05 2.49998991e+08 1.33421586e+04 -6.90173094e+03
-1.74242424e-05 2.39898990e-05 2.50000005e+08 1.49128874e+04 -5.69044184e+03
-1.69191919e-05 2.39898990e-05 2.50001099e+08 1.61408758e+04 -4.11375083e+03
-1.64141414e-05 2.39898990e-05 2.50002181e+08 1.68923186e+04 -2.23475493e+03
-1.59090909e-05 2.39898990e-05 2.50003144e+08 1.70612179e+04 -1.60253649e+02
-1.54040404e-05 2.39898990e-05 2.50003882e+08 1.65902685e+04 1.96894573e+03
-1.48989899e-05 2.39898990e-05 2.50004307e+08 1.54852206e+04 3.99651691e+03
-1.43939394e-05 2.39898990e-05 2.50004368e+08 1.38179354e+04 5.77417859e+03
-1.38888889e-05 2.39898990e-05 2.50004060e+08 1.17164409e+04 7.18445861e+03
-1.33838384e-05 2.39898990e-05 2.50003422e+08 9.34434982e+03 8.15677504e+03
-1.28787879e-05 2.39898990e-05 2.50002530e+08 6.87519473e+03 8.67320525e+03
-1.23737374e-05 2.39898990e-05 2.50001480e+08 4.46821506e+03 8.76375133e+03
-1.18686869e-05 2.39898990e-05 2.50000372e+08 2.25071966e+03 8.49394293e+03
-1.13636364e-05 2.39898990e-05 2.49999295e+08 3.09343982e+02 7.94910474e+03
-1.08585859e-05 2.39898990e-05 2.49998316e+08 -1.31029907e+03 7.21936666e+03
-1.03535354e-05 2.39898990e-05 2.49997483e+08 -2.59791508e+03 6.38811018e+03
-9.84848485e-06 2.39898990e-05 2.49996819e+08 -3.56969376e+03 5.52487401e+03
-9.34343434e-06 2.39898990e-05 2.49996327e+08 -4.25888414e+03 4.68241832e+03
-8.83838384e-06 2.39898990e-05 2.49995998e+08 -4.70747344e+03 3.89692124e+03
-8.33333333e-06 2.39898990e-05 2.49995814e+08 -4.95978590e+03 3.19009506e+03
-7.82828283e-06 2.39898990e-05 2.49995754e+08 -5.05814691e+03 2.57216857e+03
-7.32323232e-06 2.39898990e-05 2.49995792e+08 -5.04035788e+03 2.04498440e+03
-6.81818182e-06 2.39898990e-05 2.49995906e+08 -4.93855880e+03 1.60476807e+03
-6.31313131e-06 2.39898990e-05 2.49996076e+08 -4.77904033e+03 1.24436982e+03
-5.80808081e-06 2.39898990e-05 2.49996285e+08 -4.58263203e+03 9.54942214e+02
-5.30303030e-06 2.39898990e-05 2.49996518e+08 -4.36538587e+03 7.27107415e+02
-4.79797980e-06 2.39898990e-05 2.49996763e+08 -4.13936316e+03 5.51706915e+02
-4.29292929e-06 2.39898990e-05 2.49997012e+08 -3.91340637e+03 4.20233685e+02
-3.78787879e-06 2.39898990e-05 2.49997259e+08 -3.69382971e+03 3.25037327e+02
-3.28282828e-06 2.39898990e-05 2.49997498e+08 -3.48499866e+03 2.59377201e+02
-2.77777778e-06 2.39898990e-05 2.49997728e+08 -3.28979062e+03 2.17382355e+02
-2.27272727e-06 2.39898990e-05 2.49997946e+08 -3.10994263e+03 1.93963150e+02
-1.76767677e-06 2.39898990e-05 2.49998151e+08 -2.94630067e+03 1.84708140e+02
-1.26262626e-06 2.39898990e-05 2.49998344e+08 -2.79899039e+03 1.85790459e+02
-7.57575758e-07 2.39898990e-05 2.49998524e+08 -2.66753304e+03 1.93899488e+02
-2.52525253e-07 2.39898990e-05 2.49998693e+08 -2.55093202e+03 2.06205139e+02
2.52525253e-07 2.39898990e-05 2.49998850e+08 -2.44775451e+03 2.20353513e+02
7.57575758e-07 2.39898990e-05 2.49998997e+08 -2.35622846e+03 2.34484722e+02
1.26262626e-06 2.39898990e-05 2.49999133e+08 -2.27436784e+03 2.47257256e+02
1.76767677e-06 2.39898990e-05 2.49999260e+08 -2.20012885e+03 2.57859468e+02
2.27272727e-06 2.39898990e-05 2.49999376e+08 -2.13158827e+03 2.65988251e+02
2.77777778e-06 2.39898990e-05 2.49999482e+08 -2.06712266e+03 2.71778897e+02
3.28282828e-06 2.39898990e-05 2.49999579e+08 -2.00555699e+03 2.75679826e+02
3.78787879e-06 2.39898990e-05 2.49999665e+08 -1.94624727e+03 2.78281664e+02
4.29292929e-06 2.39898990e-05 2.49999741e+08 -1.88906981e+03 2.80128666e+02
4.79797980e-06 2.39898990e-05 2.49999807e+08 -1.83431165e+03 2.81553701e+02
5.30303030e-06 2.39898990e-05 2.49999866e+08 -1.78248623e+03 2.82577079e+02
5.80808081e-06 2.39898990e-05 2.49999916e+08 -1.73412210e+03 2.82891626e+02
6.31313131e-06 2.39898990e-05 2.49999959e+08 -1.68957896e+03 2.81928613e+02
6.81818182e-06 2.39898990e-05 2.49999996e+08 -1.64893037e+03 2.78975168e+02
7.32323232e-06 2.39898990e-05 2.50000028e+08 -1.61192596e+03 2.73304108e+02
7.82828283e-06 2.39898990e-05 2.50000055e+08 -1.57802143e+03 2.64283358e+02
8.33333333e-06 2.39898990e-05 2.50000077e+08 -1.54645017e+03 2.51447476e+02
8.83838384e-06 2.39898990e-05 2.50000094e+08 -1.51630977e+03 2.34529363e+02
9.34343434e-06 2.39898990e-05 2.50000107e+08 -1.48664325e+03 2.13460430e+02
9.84848485e-06 2.39898990e-05 2.50000115e+08 -1.45650447e+03 1.88351083e+02
1.03535354e-05 2.39898990e-05 2.50000120e+08 -1.42500501e+03 1.59462264e+02
1.08585859e-05 2.39898990e-05 2.50000120e+08 -1.39134460e+03 1.27175534e+02
1.13636364e-05 2.39898990e-05 2.50000116e+08 -1.35482904e+03 9.19658005e+01
1.18686869e-05 2.39898990e-05 2.50000109e+08 -1.31487976e+03 5.43781533e+01
1.23737374e-05 2.39898990e-05 2.50000099e+08 -1.27103813e+03 1.50086971e+01
1.28787879e-05 2.39898990e-05 2.50000086e+08 -1.22296698e+03 -2.55114753e+01
1.33838384e-05 2.39898990e-05 2.50000070e+08 -1.17045031e+03 -6.65302083e+01
1.38888889e-05 2.39898990e-05 2.50000053e+08 -1.11339190e+03 -1.07387013e+02
1.43939394e-05 2.39898990e-05 2.50000034e+08 -1.05181285e+03 -1.47425238e+02
1.48989899e-05 2.39898990e-05 2.50000014e+08 -9.85847896e+02 -1.86004043e+02
1.54040404e-05 2.39898990e-05 2.49999994e+08 -9.15740317e+02 -2.22510249e+02
1.59090909e-05 2.39898990e-05 2.49999974e+08 -8.41835065e+02 -2.56369969e+02
1.64141414e-05 2.39898990e-05 2.49999954e+08 -7.64570116e+02 -2.87059758e+02
1.69191919e-05 2.39898990e-05 2.49999936e+08 -6.84465899e+02 -3.14116928e+02
1.74242424e-05 2.39898990e-05 2.49999920e+08 -6.02112943e+02 -3.37148659e+02
1.79292929e-05 2.39898990e-05 2.49999905e+08 -5.18157935e+02 -3.55839525e+02
1.84343434e-05 2.39898990e-05 2.49999893e+08 -4.33288535e+02 -3.69957124e+02
1.89393939e-05 2.39898990e-05 2.49999884e+08 -3.48217352e+02 -3.79355548e+02
1.94444444e-05 2.39898990e-05 2.49999877e+08 -2.63665581e+02 -3.83976547e+02
1.99494949e-05 2.39898990e-05 2.49999874e+08 -1.80346805e+02 -3.83848338e+02
2.04545455e-05 2.39898990e-05 2.49999875e+08 -9.89514856e+01 -3.79082113e+02
2.09595960e-05 2.39898990e-05 2.49999878e+08 -2.01326168e+01 -3.69866417e+02
2.14646465e-05 2.39898990e-05 2.49999885e+08 5.55070171e+01 -3.56459645e+02
2.19696970e-05 2.39898990e-05 2.49999895e+08 1.27425643e+02 -3.39180995e+02
2.24747475e-05 2.39898990e-05 2.49999908e+08 1.95151103e+02 -3.18400247e+02
2.29797980e-05 2.39898990e-05 2.49999924e+08 2.58287102e+02 -2.94526790e+02
2.34848485e-05 2.39898990e-05 2.49999943e+08 3.16517072e+02 -2.67998317e+02
2.39898990e-05 2.39898990e-05 2.49999963e+08 3.69605683e+02 -2.39269577e+02
2.44949495e-05 2.39898990e-05 2.49999986e+08 4.17398155e+02 -2.08801559e+02
2.50000000e-05 2.39898990e-05 2.50000010e+08 4.59817586e+02 -1.77051426e+02
-2.50000000e-05 2.44949495e-05 2.49998303e+08 -1.32458215e+03 -3.04473771e+03
-2.44949495e-05 2.44949495e-05 2.49998073e+08 -1.06616728e+03 -3.46945643e+03
-2.39898990e-05 2.44949495e-05 2.49997836e+08 -7.29225031e+02 -3.92822216e+03
-2.34848485e-05 2.44949495e-05 2.49997601e+08 -2.99657700e+02 -4.41646014e+03
-2.29797980e-05 2.44949495e-05 2.49997376e+08 2.37448422e+02 -4.92627042e+03
-2.24747475e-05 2.44949495e-05 2.49997173e+08 8.97050517e+02 -5.44548725e+03
-2.19696970e-05 2.44949495e-05 2.49997008e+08 1.69293099e+03 -5.95669823e+03
-2.14646465e-05 2.44949495e-05 2.49996900e+08 2.63592673e+03 -6.43635156e+03
-2.09595960e-05 2.44949495e-05 2.49996869e+08 3.73153237e+03 -6.85415916e+03
-2.04545455e-05 2.44949495e-05 2.49996940e+08 4.97688657e+03 -7.17309299e+03
-1.99494949e-05 2.44949495e-05 2.49997133e+08 6.35729927e+03 -7.35035127e+03
-1.94444444e-05 2.44949495e-05 2.49997469e+08 7.84270443e+03 -7.33970200e+03
-1.89393939e-05 2.44949495e-05 2.49997958e+08 9.38470912e+03 -7.09553609e+03
-1.84343434e-05 2.44949495e-05 2.49998600e+08 1.09151974e+04 -6.57871915e+03
-1.79292929e-05 2.44949495e-05 2.49999379e+08 1.23476173e+04 -5.76388115e+03
-1.74242424e-05 2.44949495e-05 2.50000257e+08 1.35819668e+04 -4.64715910e+03
-1.69191919e-05 2.44949495e-05 2.50001180e+08 1.45139493e+04 -3.25276024e+03
-1.64141414e-05 2.44949495e-05 2.50002074e+08 1.50477452e+04 -1.63631870e+03
-1.59090909e-05 2.44949495e-05 2.50002860e+08 1.51105440e+04 1.16800332e+02
-1.54040404e-05 2.44949495e-05 2.50003458e+08 1.46658342e+04 1.89914385e+03
-1.48989899e-05 2.44949495e-05 2.50003806e+08 1.37220550e+04 3.59406381e+03
-1.43939394e-05 2.44949495e-05 2.50003867e+08 1.23339581e+04 5.09144685e+03
-1.38888889e-05 2.44949495e-05 2.50003635e+08 1.05958462e+04 6.30276046e+03
-1.33838384e-05 2.44949495e-05 2.50003138e+08 8.62812123e+03 7.17194697e+03
-1.28787879e-05 2.44949495e-05 2.50002427e+08 6.56037289e+03 7.67994188e+03
-1.23737374e-05 2.44949495e-05 2.50001573e+08 4.51488951e+03 7.84249948e+03
-1.18686869e-05 2.44949495e-05 2.50000651e+08 2.59382996e+03 7.70278221e+03
-1.13636364e-05 2.44949495e-05 2.49999730e+08 8.71810316e+02 7.32118689e+03
-1.08585859e-05 2.44949495e-05 2.49998869e+08 -6.05986737e+02 6.76495548e+03
-1.03535354e-05 2.44949495e-05 2.49998109e+08 -1.82130118e+03 6.09947850e+03
-9.84848485e-06 2.44949495e-05 2.49997475e+08 -2.77757293e+03 5.38226535e+03
-9.34343434e-06 2.44949495e-05 2.49996977e+08 -3.49366904e+03 4.65970284e+03
-8.83838384e-06 2.44949495e-05 2.49996615e+08 -3.99783078e+03 3.96615516e+03
-8.33333333e-06 2.44949495e-05 2.49996378e+08 -4.32260145e+03 3.32470839e+03
-7.82828283e-06 2.44949495e-05 2.49996252e+08 -4.50104079e+03 2.74885687e+03
-7.32323232e-06 2.44949495e-05 2.49996219e+08 -4.56421107e+03 2.24456076e+03
-6.81818182e-06 2.44949495e-05 2.49996262e+08 -4.53974051e+03 1.81228255e+03
-6.31313131e-06 2.44949495e-05 2.49996364e+08 -4.45120239e+03 1.44877704e+03
-5.80808081e-06 2.44949495e-05 2.49996509e+08 -4.31805210e+03 1.14853769e+03
-5.30303030e-06 2.44949495e-05 2.49996685e+08 -4.15590567e+03 9.04886587e+02
-4.79797980e-06 2.44949495e-05 2.49996880e+08 -3.97699525e+03 7.10743397e+02
-4.29292929e-06 2.44949495e-05 2.49997087e+08 -3.79068777e+03 5.59129666e+02
-3.78787879e-06 2.44949495e-05 2.49997298e+08 -3.60399380e+03 4.43469312e+02
-3.28282828e-06 2.44949495e-05 2.49997509e+08 -3.42202508e+03 3.57741735e+02
-2.77777778e-06 2.44949495e-05 2.49997715e+08 -3.24838086e+03 2.96535647e+02
-2.27272727e-06 2.44949495e-05 2.49997914e+08 -3.08545831e+03 2.55042685e+02
-1.76767677e-06 2.44949495e-05 2.49998105e+08 -2.93469203e+03 2.29021138e+02
-1.26262626e-06 2.44949495e-05 2.49998287e+08 -2.79673434e+03 2.14752191e+02
-7.57575758e-07 2.44949495e-05 2.49998459e+08 -2.67159222e+03 2.09003581e+02
-2.52525253e-07 2.44949495e-05 2.49998622e+08 -2.55873839e+03 2.09008309e+02
2.52525253e-07 2.44949495e-05 2.49998775e+08 -2.45721361e+03 2.12459120e+02
7.57575758e-07 2.44949495e-05 2.49998918e+08 -2.36573403e+03 2.17513335e+02
1.26262626e-06 2.44949495e-05 2.49999053e+08 -2.28281188e+03 2.22797876e+02
1.76767677e-06 2.44949495e-05 2.49999178e+08 -2.20689069e+03 2.27401780e+02
2.27272727e-06 2.44949495e-05 2.49999293e+08 -2.13648781e+03 2.30843718e+02
2.77777778e-06 2.44949495e-05 2.49999399e+08 -2.07032911e+03 2.33005712e+02
3.28282828e-06 2.44949495e-05 2.49999495e+08 -2.00745535e+03 2.34031565e+02
3.78787879e-06 2.44949495e-05 2.49999582e+08 -1.94727913e+03 2.34198757e+02
4.29292929e-06 2.44949495e-05 2.49999659e+08 -1.88957784e+03 2.33783085e+02
4.79797980e-06 2.44949495e-05 2.49999727e+08 -1.83442206e+03 2.32941631e+02
5.30303030e-06 2.44949495e-05 2.49999787e+08 -1.78205521e+03 2.31637968e+02
5.80808081e-06 2.44949495e-05 2.49999840e+08 -1.73275378e+03 2.29622882e+02
6.31313131e-06 2.44949495e-05 2.49999885e+08 -1.68670059e+03 2.26468350e+02
6.81818182e-06 2.44949495e-05 2.49999924e+08 -1.64389658e+03 2.21638614e+02
7.32323232e-06 2.44949495e-05 2.49999958e+08 -1.60412202e+03 2.14575403e+02
7.82828283e-06 2.44949495e-05 2.49999986e+08 -1.56694363e+03 2.04776142e+02
8.33333333e-06 2.44949495e-05 2.50000009e+08 -1.53175416e+03 1.91851560e+02
8.83838384e-06 2.44949495e-05 2.50000028e+08 -1.49782842e+03 1.75558133e+02
9.34343434e-06 2.44949495e-05 2.50000042e+08 -1.46438161e+03 1.55807851e+02
9.84848485e-06 2.44949495e-05 2.50000053e+08 -1.43062111e+03 1.32661427e+02
1.03535354e-05 2.44949495e-05 2.50000059e+08 -1.39578749e+03 1.06311711e+02
1.08585859e-05 2.44949495e-05 2.50000061e+08 -1.35918429e+03 7.70628819e+01
1.13636364e-05 2.44949495e-05 2.50000060e+08 -1.32019803e+03 4.53091218e+01
1.18686869e-05 2.44949495e-05 2.50000055e+08 -1.27831083e+03 1.15147503e+01
1.23737374e-05 2.44949495e-05 2.50000047e+08 -1.23310768e+03 -2.38034790e+01
1.28787879e-05 2.44949495e-05 2.50000037e+08 -1.18428015e+03 -6.00919916e+01
1.33838384e-05 2.44949495e-05 2.50000024e+08 -1.13162774e+03 -9.67743311e+01
1.38888889e-05 2.44949495e-05 2.50000010e+08 -1.07505729e+03 -1.33263917e+02
1.43939394e-05 2.44949495e-05 2.49999994e+08 -1.01458113e+03 -1.68976026e+02
1.48989899e-05 2.44949495e-05 2.49999977e+08 -9.50313615e+02 -2.03339267e+02
1.54040404e-05 2.44949495e-05 2.49999960e+08 -8.82466360e+02 -2.35806618e+02
1.59090909e-05 2.44949495e-05 2.49999943e+08 -8.11341818e+02 -2.65865997e+02
1.64141414e-05 2.44949495e-05 2.49999926e+08 -7.37325319e+02 -2.93050193e+02
1.69191919e-05 2.44949495e-05 2.49999911e+08 -6.60875532e+02 -3.16945911e+02
1.74242424e-05 2.44949495e-05 2.49999897e+08 -5.82513437e+02 -3.37201674e+02
1.79292929e-05 2.44949495e-05 2.49999884e+08 -5.02810043e+02 -3.53534302e+02
1.84343434e-05 2.44949495e-05 2.49999874e+08 -4.22373089e+02 -3.65733732e+02
1.89393939e-05 2.44949495e-05 2.49999867e+08 -3.41833104e+02 -3.73665993e+02
1.94444444e-05 2.44949495e-05 2.49999862e+08 -2.61829204e+02 -3.77274217e+02
1.99494949e-05 2.44949495e-05 2.49999860e+08 -1.82995050e+02 -3.76577665e+02
2.04545455e-05 2.44949495e-05 2.49999860e+08 -1.05945394e+02 -3.71668804e+02
2.09595960e-05 2.44949495e-05 2.49999864e+08 -3.12635935e+01 -3.62708585e+02
2.14646465e-05 2.44949495e-05 2.49999871e+08 4.05095367e+01 -3.49920116e+02
2.19696970e-05 2.44949495e-05 2.49999881e+08 1.08885254e+02 -3.33581009e+02
2.24747475e-05 2.44949495e-05 2.49999893e+08 1.73434582e+02 -3.14014701e+02
2.29797980e-05 2.44949495e-05 2.49999908e+08 2.33794036e+02 -2.91581094e+02
2.34848485e-05 2.44949495e-05 2.49999926e+08 2.89669326e+02 -2.66666856e+02
2.39898990e-05 2.44949495e-05 2.49999945e+08 3.40837075e+02 -2.39675717e+02
2.44949495e-05 2.44949495e-05 2.49999967e+08 3.87144648e+02 -2.11019062e+02
2.50000000e-05 2.44949495e-05 2.49999989e+08 4.28508267e+02 -1.81107104e+02
-2.50000000e-05 2.50000000e-05 2.49998236e+08 -9.32847113e+02 -3.12436769e+03
-2.44949495e-05 2.50000000e-05 2.49998035e+08 -6.44032022e+02 -3.51350483e+03
-2.39898990e-05 2.50000000e-05 2.49997835e+08 -2.80693891e+02 -3.92602667e+03
-2.34848485e-05 2.50000000e-05 2.49997643e+08 1.68453272e+02 -4.35592123e+03
-2.29797980e-05 2.50000000e-05 2.49997468e+08 7.14736863e+02 -4.79413629e+03
-2.24747475e-05 2.50000000e-05 2.49997322e+08 1.36871680e+03 -5.22791595e+03
-2.19696970e-05 2.50000000e-05 2.49997219e+08 2.13902805e+03 -5.64018603e+03
-2.14646465e-05 2.50000000e-05 2.49997174e+08 3.03082702e+03 -6.00910840e+03
-2.09595960e-05 2.50000000e-05 2.49997205e+08 4.04383662e+03 -6.30797540e+03
-2.04545455e-05 2.50000000e-05 2.49997328e+08 5.17006261e+03 -6.50566333e+03
-1.99494949e-05 2.50000000e-05 2.49997559e+08 6.39137219e+03 -6.56789114e+03
-1.94444444e-05 2.50000000e-05 2.49997910e+08 7.67728189e+03 -6.45950952e+03
-1.89393939e-05 2.50000000e-05 2.49998385e+08 8.98347202e+03 -6.14794434e+03
-1.84343434e-05 2.50000000e-05 2.49998979e+08 1.02516805e+04 -5.60771056e+03
-1.79292929e-05 2.50000000e-05 2.49999672e+08 1.14116527e+04 -4.82559519e+03
-1.74242424e-05 2.50000000e-05 2.50000433e+08 1.23856496e+04 -3.80572822e+03
-1.69191919e-05 2.50000000e-05 2.50001214e+08 1.30955838e+04 -2.57342723e+03
-1.64141414e-05 2.50000000e-05 2.50001959e+08 1.34721876e+04 -1.17657584e+03
-1.59090909e-05 2.50000000e-05 2.50002606e+08 1.34648597e+04 3.16467386e+02
-1.54040404e-05 2.50000000e-05 2.50003098e+08 1.30502609e+04 1.82277445e+03
-1.48989899e-05 2.50000000e-05 2.50003387e+08 1.22376217e+04 3.25395130e+03
-1.43939394e-05 2.50000000e-05 2.50003446e+08 1.10692560e+04 4.52685985e+03
-1.38888889e-05 2.50000000e-05 2.50003270e+08 9.61586754e+03 5.57379350e+03
-1.33838384e-05 2.50000000e-05 2.50002877e+08 7.96754207e+03 6.35000122e+03
-1.28787879e-05 2.50000000e-05 2.50002306e+08 6.22236264e+03 6.83716649e+03
-1.23737374e-05 2.50000000e-05 2.50001607e+08 4.47501132e+03 7.04253744e+03
-1.18686869e-05 2.50000000e-05 2.50000838e+08 2.80743141e+03 6.99446221e+03
-1.13636364e-05 2.50000000e-05 2.50000052e+08 1.28282080e+03 6.73576299e+03
-1.08585859e-05 2.50000000e-05 2.49999298e+08 -5.67384583e+01 6.31654336e+03
-1.03535354e-05 2.50000000e-05 2.49998612e+08 -1.18951164e+03 5.78774575e+03
-9.84848485e-06 2.50000000e-05 2.49998020e+08 -2.11116041e+03 5.19626261e+03
-9.34343434e-06 2.50000000e-05 2.49997534e+08 -2.83066936e+03 4.58187222e+03
-8.83838384e-06 2.50000000e-05 2.49997158e+08 -3.36605551e+03 3.97586030e+03
-8.33333333e-06 2.50000000e-05 2.49996889e+08 -3.74048775e+03 3.40095652e+03
-7.82828283e-06 2.50000000e-05 2.49996717e+08 -3.97915268e+03 2.87214201e+03
-7.32323232e-06 2.50000000e-05 2.49996631e+08 -4.10696812e+03 2.39792130e+03
-6.81818182e-06 2.50000000e-05 2.49996617e+08 -4.14708924e+03 1.98174382e+03
-6.31313131e-06 2.50000000e-05 2.49996662e+08 -4.12007025e+03 1.62336451e+03
-5.80808081e-06 2.50000000e-05 2.49996752e+08 -4.04351821e+03 1.32002561e+03
-5.30303030e-06 2.50000000e-05 2.49996878e+08 -3.93208378e+03 1.06741111e+03
-4.79797980e-06 2.50000000e-05 2.49997028e+08 -3.79765925e+03 8.60371371e+02
-4.29292929e-06 2.50000000e-05 2.49997194e+08 -3.64968508e+03 6.93441506e+02
-3.78787879e-06 2.50000000e-05 2.49997371e+08 -3.49549533e+03 5.61189179e+02
-3.28282828e-06 2.50000000e-05 2.49997552e+08 -3.34065694e+03 4.58430377e+02
-2.77777778e-06 2.50000000e-05 2.49997733e+08 -3.18927676e+03 3.80349334e+02
-2.27272727e-06 2.50000000e-05 2.49997912e+08 -3.04426431e+03 3.22554042e+02
-1.76767677e-06 2.50000000e-05 2.49998087e+08 -2.90754807e+03 2.81092995e+02
-1.26262626e-06 2.50000000e-05 2.49998255e+08 -2.78025038e+03 2.52452757e+02
-7.57575758e-07 2.50000000e-05 2.49998417e+08 -2.66282970e+03 2.33549917e+02
-2.52525253e-07 2.50000000e-05 2.49998572e+08 -2.55520169e+03 2.21725103e+02
2.52525253e-07 2.50000000e-05 2.49998718e+08 -2.45685011e+03 2.14741295e+02
7.57575758e-07 2.50000000e-05 2.49998856e+08 -2.36693646e+03 2.10783904e+02
1.26262626e-06 2.50000000e-05 2.49998986e+08 -2.28441376e+03 2.08456665e+02
1.76767677e-06 2.50000000e-05 2.49999108e+08 -2.20814436e+03 2.06765647e+02
2.27272727e-06 2.50000000e-05 2.49999221e+08 -2.13701659e+03 2.05084122e+02
2.77777778e-06 2.50000000e-05 2.49999325e+08 -2.07004974e+03 2.03093928e+02
3.28282828e-06 2.50000000e-05 2.49999420e+08 -2.00647451e+03 2.00704050e+02
3.78787879e-06 2.50000000e-05 2.49999507e+08 -1.94577615e+03 1.97953605e+02
4.29292929e-06 2.50000000e-05 2.49999584e+08 -1.88769297e+03 1.94912408e+02
4.79797980e-06 2.50000000e-05 2.49999653e+08 -1.83217093e+03 1.91595359e+02
5.30303030e-06 2.50000000e-05 2.49999715e+08 -1.77928537e+03 1.87905332e+02
5.80808081e-06 2.50000000e-05 2.49999768e+08 -1.72914789e+03 1.83612804e+02
6.31313131e-06 2.50000000e-05 2.49999815e+08 -1.68181895e+03 1.78371421e+02
6.81818182e-06 2.50000000e-05 2.49999856e+08 -1.63724269e+03 1.71760380e+02
7.32323232e-06 2.50000000e-05 2.49999891e+08 -1.59521277e+03 1.63339885e+02
7.82828283e-06 2.50000000e-05 2.49999921e+08 -1.55536898e+03 1.52705981e+02
8.33333333e-06 2.50000000e-05 2.49999945e+08 -1.51721824e+03 1.39534773e+02
8.83838384e-06 2.50000000e-05 2.49999966e+08 -1.48017030e+03 1.23611191e+02
9.34343434e-06 2.50000000e-05 2.49999981e+08 -1.44357887e+03 1.04842093e+02
9.84848485e-06 2.50000000e-05 2.49999993e+08 -1.40678137e+03 8.32564715e+01
1.03535354e-05 2.50000000e-05 2.50000001e+08 -1.36913297e+03 5.89967195e+01
1.08585859e-05 2.50000000e-05 2.50000005e+08 -1.33003345e+03 3.23047675e+01
1.13636364e-05 2.50000000e-05 2.50000006e+08 -1.28894707e+03 3.50604514e+00
1.18686869e-05 2.50000000e-05 2.50000003e+08 -1.24541618e+03 -2.70068134e+01
1.23737374e-05 2.50000000e-05 2.49999998e+08 -1.19907022e+03 -5.87895002e+01
1.28787879e-05 2.50000000e-05 2.49999990e+08 -1.14963090e+03 -9.13604237e+01
1.33838384e-05 2.50000000e-05 2.49999980e+08 -1.09691477e+03 -1.24213957e+02
1.38888889e-05 2.50000000e-05 2.49999968e+08 -1.04083369e+03 -1.56832717e+02
1.43939394e-05 2.50000000e-05 2.49999955e+08 -9.81393483e+02 -1.88699060e+02
1.48989899e-05 2.50000000e-05 2.49999942e+08 -9.18691143e+02 -2.19305946e+02
1.54040404e-05 2.50000000e-05 2.49999927e+08 -8.52910482e+02 -2.48167227e+02
1.59090909e-05 2.50000000e-05 2.49999913e+08 -7.84316374e+02 -2.74827307e+02
1.64141414e-05 2.50000000e-05 2.49999899e+08 -7.13247561e+02 -2.98870085e+02
1.69191919e-05 2.50000000e-05 2.49999886e+08 -6.40108113e+02 -3.19926993e+02
1.74242424e-05 2.50000000e-05 2.49999874e+08 -5.65357647e+02 -3.37683954e+02
1.79292929e-05 2.50000000e-05 2.49999864e+08 -4.89500497e+02 -3.51887037e+02
1.84343434e-05 2.50000000e-05 2.49999856e+08 -4.13074069e+02 -3.62346666e+02
1.89393939e-05 2.50000000e-05 2.49999850e+08 -3.36636677e+02 -3.68940219e+02
1.94444444e-05 2.50000000e-05 2.49999846e+08 -2.60755179e+02 -3.71612951e+02
1.99494949e-05 2.50000000e-05 2.49999845e+08 -1.85992768e+02 -3.70377219e+02
2.04545455e-05 2.50000000e-05 2.49999846e+08 -1.12897251e+02 -3.65310055e+02
2.09595960e-05 2.50000000e-05 2.49999850e+08 -4.19901550e+01 -3.56549194e+02
2.14646465e-05 2.50000000e-05 2.49999857e+08 2.62430565e+01 -3.44287744e+02
2.19696970e-05 2.50000000e-05 2.49999867e+08 9.13614100e+01 -3.28767695e+02
2.24747475e-05 2.50000000e-05 2.49999879e+08 1.52975310e+02 -3.10272536e+02
2.29797980e-05 2.50000000e-05 2.49999893e+08 2.10751769e+02 -2.89119258e+02
2.34848485e-05 2.50000000e-05 2.49999909e+08 2.64417934e+02 -2.65650017e+02
2.39898990e-05 2.50000000e-05 2.49999928e+08 3.13762913e+02 -2.40223748e+02
2.44949495e-05 2.50000000e-05 2.49999948e+08 3.58637993e+02 -2.13207981e+02
2.50000000e-05 2.50000000e-05 2.49999970e+08 3.98955364e+02 -1.84971093e+02
-999 -999 -999 -999 -999
-1.47717082e-05 1.56061885e-05 2.11927849e-06 5.19265136e+00
1.82523990e-05 1.28311666e-06 3.38577892e-06 5.80401800e+00
-1.38010658e-05 -5.04315291e-06 4.67703118e-06 1.68324823e-01
-4.05023856e-06 -8.33990445e-06 4.42186612e-06 3.94014983e+00
2.25589208e-06 1.63169959e-05 4.51975776e-06 3.17225189e-01
-998 -998 -998 -998
-1.51466189e-05 1.63384385e-05 2.21718433e-10 1.15502972e-10 1
-1.51583401e-05 1.63357941e-05 -2.21718433e-10 -1.15502972e-10 -1
-1.50378317e-05 1.61296088e-05 2.21718433e-10 1.15502972e-10 1
-1.50495462e-05 1.61269524e-05 -2.21718433e-10 -1.15502972e-10 -1
-1.49290403e-05 1.59207734e-05 2.21718433e-10 1.15502972e-10 1
-1.49407533e-05 1.59181143e-05 -2.21718433e-10 -1.15502972e-10 -1
-1.48202482e-05 1.57119369e-05 2.21718433e-10 1.15502972e-10 1
-1.48319607e-05 1.57092770e-05 -2.21718433e-10 -1.15502972e-10 -1
-1.47114558e-05 1.55031001e-05 2.21718433e-10 1.15502972e-10 1
-1.47231683e-05 1.55004401e-05 -2.21718433e-10 -1.15502972e-10 -1
-1.46026632e-05 1.52942627e-05 2.21718433e-10 1.15502972e-10 1
-1.46143762e-05 1.52916037e-05 -2.21718433e-10 -1.15502972e-10 -1
-1.44938703e-05 1.50854246e-05 2.21718433e-10 1.15502972e-10 1
-1.45055848e-05 1.50827683e-05 -2.21718433e-10 -1.15502972e-10 -1
-1.43850764e-05 1.48765830e-05 2.21718433e-10 1.15502972e-10 1
-1.43967976e-05 1.48739385e-05 -2.21718433e-10 -1.15502972e-10 -1
1.70802102e-05 1.88814896e-06 1.15260104e-10 2.21844784e-10 1
1.70877781e-05 1.89218113e-06 -1.15260104e-10 -2.21844784e-10 -1
1.74140427e-05 1.71470734e-06 1.15260104e-10 2.21844784e-10 1
1.74216055e-05 1.71873769e-06 -1.15260104e-10 -2.21844784e-10 -1
1.77478733e-05 1.54126519e-06 1.15260104e-10 2.21844784e-10 1
1.77554348e-05 1.54529513e-06 -1.15260104e-10 -2.21844784e-10 -1
1.80817034e-05 1.36782293e-06 1.15260104e-10 2.21844784e-10 1
1.80892646e-05 1.37185273e-06 -1.15260104e-10 -2.21844784e-10 -1
1.84155334e-05 1.19438059e-06 1.15260104e-10 2.21844784e-10 1
1.84230946e-05 1.19841040e-06 -1.15260104e-10 -2.21844784e-10 -1
1.87493631e-05 1.02093819e-06 1.15260104e-10 2.21844784e-10 1
1.87569247e-05 1.02496813e-06 -1.15260104e-10 -2.21844784e-10 -1
1.90831925e-05 8.47495634e-07 1.15260104e-10 2.21844784e-10 1
1.90907553e-05 8.51525986e-07 -1.15260104e-10 -2.21844784e-10 -1
1.94170199e-05 6.74052191e-07 1.15260104e-10 2.21844784e-10 1
1.94245878e-05 6.78084361e-07 -1.15260104e-10 -2.21844784e-10 -1
-1.55941691e-05 -5.34781545e-06 -4.18827709e-11 2.46466699e-10 1
-1.55942412e-05 -5.34791667e-06 4.18827709e-11 -2.46466699e-10 -1
-1.50818435e-05 -5.26075455e-06 -4.18827709e-11 2.46466699e-10 1
-1.50819156e-05 -5.26085576e-06 4.18827709e-11 -2.46466699e-10 -1
-1.45695179e-05 -5.17369328e-06 -4.18827709e-11 2.46466699e-10 1
-1.45695903e-05 -5.17379524e-06 4.18827709e-11 -2.46466699e-10 -1
-1.40571945e-05 -5.08663199e-06 -4.18827709e-11 2.46466699e-10 1
-1.40572626e-05 -5.08673472e-06 4.18827709e-11 -2.46466699e-10 -1
-1.35448670e-05 -4.99957185e-06 -4.18827709e-11 2.46466699e-10 1
-1.35449391e-05 -4.99967306e-06 4.18827709e-11 -2.46466699e-10 -1
-1.30325413e-05 -4.91251056e-06 -4.18827709e-11 2.46466699e-10 1
-1.30326137e-05 -4.91261255e-06 4.18827709e-11 -2.46466699e-10 -1
-1.25202159e-05 -4.82545005e-06 -4.18827709e-11 2.46466699e-10 1
-1.25202880e-05 -4.82555126e-06 4.18827709e-11 -2.46466699e-10 -1
-1.20078904e-05 -4.73838915e-06 -4.18827709e-11 2.46466699e-10 1
-1.20079625e-05 -4.73849036e-06 4.18827709e-11 -2.46466699e-10 -1
-2.85034449e-06 -7.11228205e-06 1.79087531e-10 -1.74435250e-10 1
-2.85044133e-06 -7.10383447e-06 -1.79087531e-10 1.74435250e-10 -1
-3.19315759e-06 -7.46423413e-06 1.79087531e-10 -1.74435250e-10 1
-3.19325435e-06 -7.45579457e-06 -1.79087531e-10 1.74435250e-10 -1
-3.53597064e-06 -7.81618927e-06 1.79087531e-10 -1.74435250e-10 1
-3.53606738e-06 -7.80775152e-06 -1.79087531e-10 1.74435250e-10 -1
-3.87878367e-06 -8.16814502e-06 1.79087531e-10 -1.74435250e-10 1
-3.87888041e-06 -8.15970785e-06 -1.79087531e-10 1.74435250e-10 -1
-4.22159671e-06 -8.52010106e-06 1.79087531e-10 -1.74435250e-10 1
-4.22169345e-06 -8.51166389e-06 -1.79087531e-10 1.74435250e-10 -1
-4.56440974e-06 -8.87205739e-06 1.79087531e-10 -1.74435250e-10 1
-4.56450648e-06 -8.86361964e-06 -1.79087531e-10 1.74435250e-10 -1
-4.90722276e-06 -9.22401434e-06 1.79087531e-10 -1.74435250e-10 1
-4.90731953e-06 -9.21557478e-06 -1.79087531e-10 1.74435250e-10 -1
-5.25003579e-06 -9.57597444e-06 1.79087531e-10 -1.74435250e-10 1
-5.25013263e-06 -9.56752686e-06 -1.79087531e-10 1.74435250e-10 -1
5.85936727e-07 1.57687725e-05 -7.79828510e-11 2.37526156e-10 1
5.85880850e-07 1.57686659e-05 7.79828510e-11 -2.37526156e-10 -1
1.06307488e-06 1.59254233e-05 -7.79828510e-11 2.37526156e-10 1
1.06301886e-06 1.59253161e-05 7.79828510e-11 -2.37526156e-10 -1
1.54021298e-06 1.60820734e-05 -7.79828510e-11 2.37526156e-10 1
1.54015693e-06 1.60819669e-05 7.79828510e-11 -2.37526156e-10 -1
2.01735098e-06 1.62387240e-05 -7.79828510e-11 2.37526156e-10 1
2.01729510e-06 1.62386174e-05 7.79828510e-11 -2.37526156e-10 -1
2.49448915e-06 1.63953744e-05 -7.79828510e-11 2.37526156e-10 1
2.49443310e-06 1.63952679e-05 7.79828510e-11 -2.37526156e-10 -1
2.97162722e-06 1.65520252e-05 -7.79828510e-11 2.37526156e-10 1
2.97157119e-06 1.65519180e-05 7.79828510e-11 -2.37526156e-10 -1
3.44876523e-06 1.67086754e-05 -7.79828510e-11 2.37526156e-10 1
3.44870935e-06 1.67085688e-05 7.79828510e-11 -2.37526156e-10 -1
3.92590340e-06 1.68653259e-05 -7.79828510e-11 2.37526156e-10 1
3.92584735e-06 1.68652193e-05 7.79828510e-11 -2.37526156e-10 -1
