-2.50000000e-05 -2.50000000e-05 1.49999894e+08 3.94491207e+02 5.64622046e+02
-2.44949495e-05 -2.50000000e-05 1.49999892e+08 4.26124012e+02 5.71530147e+02
-2.39898990e-05 -2.50000000e-05 1.49999890e+08 4.58773665e+02 5.77545164e+02
-2.34848485e-05 -2.50000000e-05 1.49999888e+08 4.92413308e+02 5.82559609e+02
-2.29797980e-05 -2.50000000e-05 1.49999886e+08 5.27006128e+02 5.86456681e+02
-2.24747475e-05 -2.50000000e-05 1.49999884e+08 5.62503524e+02 5.89109773e+02
-2.19696970e-05 -2.50000000e-05 1.49999881e+08 5.98842994e+02 5.90382108e+02
-2.14646465e-05 -2.50000000e-05 1.49999879e+08 6.35945736e+02 5.90126580e+02
-2.09595960e-05 -2.50000000e-05 1.49999876e+08 6.73713971e+02 5.88185865e+02
-2.04545455e-05 -2.50000000e-05 1.49999874e+08 7.12027993e+02 5.84392891e+02
-1.99494949e-05 -2.50000000e-05 1.49999872e+08 7.50742987e+02 5.78571766e+02
-1.94444444e-05 -2.50000000e-05 1.49999870e+08 7.89685669e+02 5.70539293e+02
-1.89393939e-05 -2.50000000e-05 1.49999869e+08 8.28650841e+02 5.60107159e+02
-1.84343434e-05 -2.50000000e-05 1.49999868e+08 8.67397990e+02 5.47084958e+02
-1.79292929e-05 -2.50000000e-05 1.49999867e+08 9.05648092e+02 5.31284145e+02
-1.74242424e-05 -2.50000000e-05 1.49999868e+08 9.43080849e+02 5.12523038e+02
-1.69191919e-05 -2.50000000e-05 1.49999869e+08 9.79332606e+02 4.90632959e+02
-1.64141414e-05 -2.50000000e-05 1.49999872e+08 1.01399529e+03 4.65465552e+02
-1.59090909e-05 -2.50000000e-05 1.49999875e+08 1.04661670e+03 4.36901280e+02
-1.54040404e-05 -2.50000000e-05 1.49999879e+08 1.07670259e+03 4.04859009e+02
-1.48989899e-05 -2.50000000e-05 1.49999885e+08 1.10372092e+03 3.69306503e+02
-1.43939394e-05 -2.50000000e-05 1.49999892e+08 1.12710874e+03 3.30271527e+02
-1.38888889e-05 -2.50000000e-05 1.49999900e+08 1.14628205e+03 2.87853129e+02
-1.33838384e-05 -2.50000000e-05 1.49999909e+08 1.16064893e+03 2.42232520e+02
-1.28787879e-05 -2.50000000e-05 1.49999920e+08 1.16962615e+03 1.93682812e+02
-1.23737374e-05 -2.50000000e-05 1.49999931e+08 1.17265915e+03 1.42576766e+02
-1.18686869e-05 -2.50000000e-05 1.49999942e+08 1.16924519e+03 8.93915701e+01
-1.13636364e-05 -2.50000000e-05 1.49999954e+08 1.15895890e+03 3.47096556e+01
-1.08585859e-05 -2.50000000e-05 1.49999966e+08 1.14147949e+03 -2.07854285e+01
-1.03535354e-05 -2.50000000e-05 1.49999976e+08 1.11661806e+03 -7.63188985e+01
-9.84848485e-06 -2.50000000e-05 1.49999986e+08 1.08434347e+03 -1.31040939e+02
-9.34343434e-06 -2.50000000e-05 1.49999994e+08 1.04480484e+03 -1.84049393e+02
-8.83838384e-06 -2.50000000e-05 1.50000000e+08 9.98348407e+02 -2.34418604e+02
-8.33333333e-06 -2.50000000e-05 1.50000003e+08 9.45526972e+02 -2.81233487e+02
-7.82828283e-06 -2.50000000e-05 1.50000004e+08 8.87099862e+02 -3.23627300e+02
-7.32323232e-06 -2.50000000e-05 1.50000000e+08 8.24022266e+02 -3.60821017e+02
-6.81818182e-06 -2.50000000e-05 1.49999993e+08 7.57423263e+02 -3.92161754e+02
-6.31313131e-06 -2.50000000e-05 1.49999982e+08 6.88572835e+02 -4.17157478e+02
-5.80808081e-06 -2.50000000e-05 1.49999968e+08 6.18839086e+02 -4.35505236e+02
-5.30303030e-06 -2.50000000e-05 1.49999949e+08 5.49637858e+02 -4.47110479e+02
-4.79797980e-06 -2.50000000e-05 1.49999928e+08 4.82377695e+02 -4.52095654e+02
-4.29292929e-06 -2.50000000e-05 1.49999903e+08 4.18403704e+02 -4.50797084e+02
-3.78787879e-06 -2.50000000e-05 1.49999876e+08 3.58944004e+02 -4.43750128e+02
-3.28282828e-06 -2.50000000e-05 1.49999848e+08 3.05062341e+02 -4.31663629e+02
-2.77777778e-06 -2.50000000e-05 1.49999819e+08 2.57619899e+02 -4.15385538e+02
-2.27272727e-06 -2.50000000e-05 1.49999790e+08 2.17248509e+02 -3.95862307e+02
-1.76767677e-06 -2.50000000e-05 1.49999762e+08 1.84336468e+02 -3.74095036e+02
-1.26262626e-06 -2.50000000e-05 1.49999735e+08 1.59027117e+02 -3.51095450e+02
-7.57575758e-07 -2.50000000e-05 1.49999711e+08 1.41229315e+02 -3.27844563e+02
-2.52525253e-07 -2.50000000e-05 1.49999689e+08 1.30638125e+02 -3.05256391e+02
2.52525253e-07 -2.50000000e-05 1.49999671e+08 1.26763444e+02 -2.84148460e+02
7.57575758e-07 -2.50000000e-05 1.49999655e+08 1.28964002e+02 -2.65220123e+02
1.26262626e-06 -2.50000000e-05 1.49999644e+08 1.36484103e+02 -2.49038962e+02
1.76767677e-06 -2.50000000e-05 1.49999636e+08 1.48490683e+02 -2.36034964e+02
2.27272727e-06 -2.50000000e-05 1.49999632e+08 1.64108607e+02 -2.26501615e+02
2.77777778e-06 -2.50000000e-05 1.49999632e+08 1.82452621e+02 -2.20602757e+02
3.28282828e-06 -2.50000000e-05 1.49999635e+08 2.02654837e+02 -2.18383833e+02
3.78787879e-06 -2.50000000e-05 1.49999641e+08 2.23887173e+02 -2.19786140e+02
4.29292929e-06 -2.50000000e-05 1.49999649e+08 2.45378569e+02 -2.24662775e+02
4.79797980e-06 -2.50000000e-05 1.49999659e+08 2.66427179e+02 -2.32795114e+02
5.30303030e-06 -2.50000000e-05 1.49999672e+08 2.86407983e+02 -2.43908892e+02
5.80808081e-06 -2.50000000e-05 1.49999686e+08 3.04776458e+02 -2.57689179e+02
6.31313131e-06 -2.50000000e-05 1.49999701e+08 3.21069013e+02 -2.73793764e+02
6.81818182e-06 -2.50000000e-05 1.49999716e+08 3.34900925e+02 -2.91864684e+02
7.32323232e-06 -2.50000000e-05 1.49999733e+08 3.45962463e+02 -3.11537799e+02
7.82828283e-06 -2.50000000e-05 1.49999749e+08 3.54013844e+02 -3.32450454e+02
8.33333333e-06 -2.50000000e-05 1.49999766e+08 3.58879536e+02 -3.54247379e+02
8.83838384e-06 -2.50000000e-05 1.49999782e+08 3.60442343e+02 -3.76585028e+02
9.34343434e-06 -2.50000000e-05 1.49999798e+08 3.58637606e+02 -3.99134627e+02
9.84848485e-06 -2.50000000e-05 1.49999813e+08 3.53447722e+02 -4.21584161e+02
1.03535354e-05 -2.50000000e-05 1.49999828e+08 3.44897156e+02 -4.43639596e+02
1.08585859e-05 -2.50000000e-05 1.49999843e+08 3.33047979e+02 -4.65025529e+02
1.13636364e-05 -2.50000000e-05 1.49999857e+08 3.17995961e+02 -4.85485504e+02
1.18686869e-05 -2.50000000e-05 1.49999871e+08 2.99867173e+02 -5.04782144e+02
1.23737374e-05 -2.50000000e-05 1.49999884e+08 2.78815027e+02 -5.22697243e+02
1.28787879e-05 -2.50000000e-05 1.49999897e+08 2.55017662e+02 -5.39031902e+02
1.33838384e-05 -2.50000000e-05 1.49999910e+08 2.28675580e+02 -5.53606778e+02
1.38888889e-05 -2.50000000e-05 1.49999923e+08 2.00009426e+02 -5.66262467e+02
1.43939394e-05 -2.50000000e-05 1.49999935e+08 1.69257814e+02 -5.76860022e+02
1.48989899e-05 -2.50000000e-05 1.49999948e+08 1.36675115e+02 -5.85281582e+02
1.54040404e-05 -2.50000000e-05 1.49999961e+08 1.02529154e+02 -5.91431061e+02
1.59090909e-05 -2.50000000e-05 1.49999974e+08 6.70987323e+01 -5.95234854e+02
1.64141414e-05 -2.50000000e-05 1.49999987e+08 3.06709885e+01 -5.96642481e+02
1.69191919e-05 -2.50000000e-05 1.50000000e+08 -6.46144177e+00 -5.95627112e+02
1.74242424e-05 -2.50000000e-05 1.50000014e+08 -4.40034358e+01 -5.92185902e+02
1.79292929e-05 -2.50000000e-05 1.50000028e+08 -8.16605386e+01 -5.86340071e+02
1.84343434e-05 -2.50000000e-05 1.50000042e+08 -1.19142212e+02 -5.78134695e+02
1.89393939e-05 -2.50000000e-05 1.50000056e+08 -1.56165116e+02 -5.67638147e+02
1.94444444e-05 -2.50000000e-05 1.50000071e+08 -1.92456355e+02 -5.54941188e+02
1.99494949e-05 -2.50000000e-05 1.50000086e+08 -2.27756603e+02 -5.40155683e+02
2.04545455e-05 -2.50000000e-05 1.50000101e+08 -2.61823050e+02 -5.23412958e+02
2.09595960e-05 -2.50000000e-05 1.50000115e+08 -2.94432071e+02 -5.04861822e+02
2.14646465e-05 -2.50000000e-05 1.50000130e+08 -3.25381572e+02 -4.84666294e+02
2.19696970e-05 -2.50000000e-05 1.50000145e+08 -3.54492945e+02 -4.63003080e+02
2.24747475e-05 -2.50000000e-05 1.50000159e+08 -3.81612584e+02 -4.40058863e+02
2.29797980e-05 -2.50000000e-05 1.50000173e+08 -4.06612949e+02 -4.16027479e+02
2.34848485e-05 -2.50000000e-05 1.50000186e+08 -4.29393139e+02 -3.91107034e+02
2.39898990e-05 -2.50000000e-05 1.50000199e+08 -4.49878996e+02 -3.65497046e+02
2.44949495e-05 -2.50000000e-05 1.50000211e+08 -4.68022741e+02 -3.39395676e+02
2.50000000e-05 -2.50000000e-05 1.50000222e+08 -4.83802181e+02 -3.12997104e+02
-2.50000000e-05 -2.44949495e-05 1.49999891e+08 3.86593894e+02 5.79221418e+02
-2.44949495e-05 -2.44949495e-05 1.49999889e+08 4.19045385e+02 5.87314754e+02
-2.39898990e-05 -2.44949495e-05 1.49999887e+08 4.52617460e+02 5.94563294e+02
-2.34848485e-05 -2.44949495e-05 1.49999884e+08 4.87292832e+02 6.00857808e+02
-2.29797980e-05 -2.44949495e-05 1.49999881e+08 5.23044939e+02 6.06078560e+02
-2.24747475e-05 -2.44949495e-05 1.49999878e+08 5.59836013e+02 6.10094518e+02
-2.19696970e-05 -2.44949495e-05 1.49999875e+08 5.97614821e+02 6.12762682e+02
-2.14646465e-05 -2.44949495e-05 1.49999871e+08 6.36314048e+02 6.13927562e+02
-2.09595960e-05 -2.44949495e-05 1.49999868e+08 6.75847314e+02 6.13420919e+02
-2.04545455e-05 -2.44949495e-05 1.49999864e+08 7.16105817e+02 6.11061836e+02
-1.99494949e-05 -2.44949495e-05 1.49999861e+08 7.56954623e+02 6.06657270e+02
-1.94444444e-05 -2.44949495e-05 1.49999858e+08 7.98228662e+02 6.00003185e+02
-1.89393939e-05 -2.44949495e-05 1.49999855e+08 8.39728490e+02 5.90886442e+02
-1.84343434e-05 -2.44949495e-05 1.49999853e+08 8.81215951e+02 5.79087584e+02
-1.79292929e-05 -2.44949495e-05 1.49999851e+08 9.22409917e+02 5.64384692e+02
-1.74242424e-05 -2.44949495e-05 1.49999850e+08 9.62982318e+02 5.46558465e+02
-1.69191919e-05 -2.44949495e-05 1.49999850e+08 1.00255477e+03 5.25398667e+02
-1.64141414e-05 -2.44949495e-05 1.49999851e+08 1.04069618e+03 5.00712043e+02
-1.59090909e-05 -2.44949495e-05 1.49999854e+08 1.07692168e+03 4.72331760e+02
-1.54040404e-05 -2.44949495e-05 1.49999857e+08 1.11069352e+03 4.40128332e+02
-1.48989899e-05 -2.44949495e-05 1.49999862e+08 1.14142428e+03 4.04021901e+02
-1.43939394e-05 -2.44949495e-05 1.49999868e+08 1.16848319e+03 3.63995583e+02
-1.38888889e-05 -2.44949495e-05 1.49999876e+08 1.19120578e+03 3.20109429e+02
-1.33838384e-05 -2.44949495e-05 1.49999885e+08 1.20890770e+03 2.72514379e+02
-1.28787879e-05 -2.44949495e-05 1.49999895e+08 1.22090271e+03 2.21465341e+02
-1.23737374e-05 -2.44949495e-05 1.49999907e+08 1.22652523e+03 1.67332380e+02
-1.18686869e-05 -2.44949495e-05 1.49999919e+08 1.22515699e+03 1.10608792e+02
-1.13636364e-05 -2.44949495e-05 1.49999932e+08 1.21625748e+03 5.19147623e+01
-1.08585859e-05 -2.44949495e-05 1.49999945e+08 1.19939694e+03 -8.00471732e+00
-1.03535354e-05 -2.44949495e-05 1.49999957e+08 1.17429047e+03 -6.82888672e+01
-9.84848485e-06 -2.44949495e-05 1.49999968e+08 1.14083119e+03 -1.27977987e+02
-9.34343434e-06 -2.44949495e-05 1.49999978e+08 1.09912001e+03 -1.86038616e+02
-8.83838384e-06 -2.44949495e-05 1.49999985e+08 1.04948934e+03 -2.41396817e+02
-8.33333333e-06 -2.44949495e-05 1.49999990e+08 9.92517855e+02 -2.92978610e+02
-7.82828283e-06 -2.44949495e-05 1.49999991e+08 9.29033968e+02 -3.39755809e+02
-7.32323232e-06 -2.44949495e-05 1.49999989e+08 8.60105940e+02 -3.80794657e+02
-6.81818182e-06 -2.44949495e-05 1.49999982e+08 7.87017632e+02 -4.15304028e+02
-6.31313131e-06 -2.44949495e-05 1.49999971e+08 7.11229997e+02 -4.42679569e+02
-5.80808081e-06 -2.44949495e-05 1.49999956e+08 6.34329713e+02 -4.62540114e+02
-5.30303030e-06 -2.44949495e-05 1.49999937e+08 5.57967645e+02 -4.74753074e+02
-4.79797980e-06 -2.44949495e-05 1.49999914e+08 4.83790992e+02 -4.79446294e+02
-4.29292929e-06 -2.44949495e-05 1.49999888e+08 4.13373668e+02 -4.77004996e+02
-3.78787879e-06 -2.44949495e-05 1.49999860e+08 3.48149875e+02 -4.68053728e+02
-3.28282828e-06 -2.44949495e-05 1.49999829e+08 2.89355509e+02 -4.53424640e+02
-2.77777778e-06 -2.44949495e-05 1.49999798e+08 2.37981423e+02 -4.34114570e+02
-2.27272727e-06 -2.44949495e-05 1.49999768e+08 1.94741358e+02 -4.11234424e+02
-1.76767677e-06 -2.44949495e-05 1.49999738e+08 1.60056047e+02 -3.85954764e+02
-1.26262626e-06 -2.44949495e-05 1.49999710e+08 1.34053510e+02 -3.59451666e+02
-7.57575758e-07 -2.44949495e-05 1.49999685e+08 1.16584249e+02 -3.32856506e+02
-2.52525253e-07 -2.44949495e-05 1.49999663e+08 1.07248967e+02 -3.07212674e+02
2.52525253e-07 -2.44949495e-05 1.49999645e+08 1.05435723e+02 -2.83441300e+02
7.57575758e-07 -2.44949495e-05 1.49999631e+08 1.10363078e+02 -2.62317094e+02
1.26262626e-06 -2.44949495e-05 1.49999621e+08 1.21125845e+02 -2.44454460e+02
1.76767677e-06 -2.44949495e-05 1.49999615e+08 1.36740362e+02 -2.30303220e+02
2.27272727e-06 -2.44949495e-05 1.49999613e+08 1.56186763e+02 -2.20152704e+02
2.77777778e-06 -2.44949495e-05 1.49999615e+08 1.78446364e+02 -2.14142531e+02
3.28282828e-06 -2.44949495e-05 1.49999621e+08 2.02533004e+02 -2.12278292e+02
3.78787879e-06 -2.44949495e-05 1.49999630e+08 2.27517762e+02 -2.14450302e+02
4.29292929e-06 -2.44949495e-05 1.49999642e+08 2.52547093e+02 -2.20453808e+02
4.79797980e-06 -2.44949495e-05 1.49999655e+08 2.76854774e+02 -2.30009243e+02
5.30303030e-06 -2.44949495e-05 1.49999671e+08 2.99768415e+02 -2.42781453e+02
5.80808081e-06 -2.44949495e-05 1.49999688e+08 3.20711401e+02 -2.58397126e+02
6.31313131e-06 -2.44949495e-05 1.49999706e+08 3.39201254e+02 -2.76459934e+02
6.81818182e-06 -2.44949495e-05 1.49999724e+08 3.54845342e+02 -2.96563187e+02
7.32323232e-06 -2.44949495e-05 1.49999743e+08 3.67334805e+02 -3.18299966e+02
7.82828283e-06 -2.44949495e-05 1.49999761e+08 3.76437456e+02 -3.41270892e+02
8.33333333e-06 -2.44949495e-05 1.49999779e+08 3.81990273e+02 -3.65089775e+02
8.83838384e-06 -2.44949495e-05 1.49999797e+08 3.83891945e+02 -3.89387465e+02
9.34343434e-06 -2.44949495e-05 1.49999814e+08 3.82095845e+02 -4.13814237e+02
9.84848485e-06 -2.44949495e-05 1.49999831e+08 3.76603616e+02 -4.38041065e+02
1.03535354e-05 -2.44949495e-05 1.49999847e+08 3.67459518e+02 -4.61760098e+02
1.08585859e-05 -2.44949495e-05 1.49999862e+08 3.54745555e+02 -4.84684623e+02
1.13636364e-05 -2.44949495e-05 1.49999876e+08 3.38577356e+02 -5.06548761e+02
1.18686869e-05 -2.44949495e-05 1.49999890e+08 3.19100720e+02 -5.27107094e+02
1.23737374e-05 -2.44949495e-05 1.49999904e+08 2.96488726e+02 -5.46134358e+02
1.28787879e-05 -2.44949495e-05 1.49999917e+08 2.70939262e+02 -5.63425311e+02
1.33838384e-05 -2.44949495e-05 1.49999929e+08 2.42672841e+02 -5.78794823e+02
1.38888889e-05 -2.44949495e-05 1.49999942e+08 2.11930570e+02 -5.92078222e+02
1.43939394e-05 -2.44949495e-05 1.49999954e+08 1.78972146e+02 -6.03131851e+02
1.48989899e-05 -2.44949495e-05 1.49999966e+08 1.44073768e+02 -6.11833833e+02
1.54040404e-05 -2.44949495e-05 1.49999979e+08 1.07525888e+02 -6.18084940e+02
1.59090909e-05 -2.44949495e-05 1.49999991e+08 6.96307369e+01 -6.21809520e+02
1.64141414e-05 -2.44949495e-05 1.50000004e+08 3.06995858e+01 -6.22956382e+02
1.69191919e-05 -2.44949495e-05 1.50000018e+08 -8.95024872e+00 -6.21499548e+02
1.74242424e-05 -2.44949495e-05 1.50000031e+08 -4.89986547e+01 -6.17438796e+02
1.79292929e-05 -2.44949495e-05 1.50000045e+08 -8.91261777e+01 -6.10799916e+02
1.84343434e-05 -2.44949495e-05 1.50000059e+08 -1.29017619e+02 -6.01634605e+02
1.89393939e-05 -2.44949495e-05 1.50000073e+08 -1.68365703e+02 -5.90019969e+02
1.94444444e-05 -2.44949495e-05 1.50000088e+08 -2.06874720e+02 -5.76057592e+02
1.99494949e-05 -2.44949495e-05 1.50000103e+08 -2.44264060e+02 -5.59872163e+02
2.04545455e-05 -2.44949495e-05 1.50000118e+08 -2.80271536e+02 -5.41609676e+02
2.09595960e-05 -2.44949495e-05 1.50000133e+08 -3.14656404e+02 -5.21435230e+02
2.14646465e-05 -2.44949495e-05 1.50000148e+08 -3.47202007e+02 -4.99530471e+02
2.19696970e-05 -2.44949495e-05 1.50000162e+08 -3.77717962e+02 -4.76090752e+02
2.24747475e-05 -2.44949495e-05 1.50000177e+08 -4.06041854e+02 -4.51322063e+02
2.29797980e-05 -2.44949495e-05 1.50000190e+08 -4.32040379e+02 -4.25437831e+02
2.34848485e-05 -2.44949495e-05 1.50000204e+08 -4.55609937e+02 -3.98655664e+02
2.39898990e-05 -2.44949495e-05 1.50000217e+08 -4.76676672e+02 -3.71194117e+02
2.44949495e-05 -2.44949495e-05 1.50000229e+08 -4.95195977e+02 -3.43269584e+02
2.50000000e-05 -2.44949495e-05 1.50000240e+08 -5.11151498e+02 -3.15093353e+02
-2.50000000e-05 -2.39898990e-05 1.49999890e+08 3.77512304e+02 5.93416419e+02
-2.44949495e-05 -2.39898990e-05 1.49999887e+08 4.10728855e+02 6.02745624e+02
-2.39898990e-05 -2.39898990e-05 1.49999884e+08 4.45170298e+02 6.11288629e+02
-2.34848485e-05 -2.39898990e-05 1.49999881e+08 4.80829949e+02 6.18935852e+02
-2.29797980e-05 -2.39898990e-05 1.49999877e+08 5.17692802e+02 6.25566078e+02
-2.24747475e-05 -2.39898990e-05 1.49999873e+08 5.55733557e+02 6.31045359e+02
-2.19696970e-05 -2.39898990e-05 1.49999869e+08 5.94914246e+02 6.35225967e+02
-2.14646465e-05 -2.39898990e-05 1.49999864e+08 6.35181441e+02 6.37945463e+02
-2.09595960e-05 -2.39898990e-05 1.49999860e+08 6.76462987e+02 6.39025977e+02
-2.04545455e-05 -2.39898990e-05 1.49999855e+08 7.18664256e+02 6.38273801e+02
-1.99494949e-05 -2.39898990e-05 1.49999850e+08 7.61663916e+02 6.35479421e+02
-1.94444444e-05 -2.39898990e-05 1.49999846e+08 8.05309244e+02 6.30418160e+02
-1.89393939e-05 -2.39898990e-05 1.49999842e+08 8.49411039e+02 6.22851589e+02
-1.84343434e-05 -2.39898990e-05 1.49999838e+08 8.93738251e+02 6.12529919e+02
-1.79292929e-05 -2.39898990e-05 1.49999835e+08 9.38012502e+02 5.99195571e+02
-1.74242424e-05 -2.39898990e-05 1.49999832e+08 9.81902708e+02 5.82588154e+02
-1.69191919e-05 -2.39898990e-05 1.49999830e+08 1.02502015e+03 5.62451053e+02
-1.64141414e-05 -2.39898990e-05 1.49999830e+08 1.06691437e+03 5.38539801e+02
-1.59090909e-05 -2.39898990e-05 1.49999831e+08 1.10707042e+03 5.10632379e+02
-1.54040404e-05 -2.39898990e-05 1.49999833e+08 1.14490800e+03 4.78541473e+02
-1.48989899e-05 -2.39898990e-05 1.49999837e+08 1.17978324e+03 4.42128633e+02
-1.43939394e-05 -2.39898990e-05 1.49999842e+08 1.21099375e+03 4.01320088e+02
-1.38888889e-05 -2.39898990e-05 1.49999849e+08 1.23778777e+03 3.56123789e+02
-1.33838384e-05 -2.39898990e-05 1.49999858e+08 1.25937806e+03 3.06647006e+02
-1.28787879e-05 -2.39898990e-05 1.49999868e+08 1.27496114e+03 2.53113517e+02
-1.23737374e-05 -2.39898990e-05 1.49999880e+08 1.28374216e+03 1.95879188e+02
-1.18686869e-05 -2.39898990e-05 1.49999893e+08 1.28496551e+03 1.35444434e+02
-1.13636364e-05 -2.39898990e-05 1.49999906e+08 1.27795060e+03 7.24618827e+01
-1.08585859e-05 -2.39898990e-05 1.49999921e+08 1.26213176e+03 7.73748114e+00
-1.03535354e-05 -2.39898990e-05 1.49999934e+08 1.23710059e+03 -5.77766841e+01
-9.84848485e-06 -2.39898990e-05 1.49999947e+08 1.20264828e+03 -1.22999241e+02
-9.34343434e-06 -2.39898990e-05 1.49999959e+08 1.15880491e+03 -1.86746960e+02
-8.83838384e-06 -2.39898990e-05 1.49999968e+08 1.10587209e+03 -2.47772851e+02
-8.33333333e-06 -2.39898990e-05 1.49999974e+08 1.04444548e+03 -3.04814038e+02
-7.82828283e-06 -2.39898990e-05 1.49999977e+08 9.75423390e+02 -3.56647392e+02
-7.32323232e-06 -2.39898990e-05 1.49999976e+08 8.99998860e+02 -4.02149761e+02
-6.81818182e-06 -2.39898990e-05 1.49999970e+08 8.19633353e+02 -4.40358683e+02
-6.31313131e-06 -2.39898990e-05 1.49999959e+08 7.36011905e+02 -4.70528809e+02
-5.80808081e-06 -2.39898990e-05 1.49999943e+08 6.50981273e+02 -4.92179134e+02
-5.30303030e-06 -2.39898990e-05 1.49999923e+08 5.66474432e+02 -5.05126536e+02
-4.79797980e-06 -2.39898990e-05 1.49999899e+08 4.84426367e+02 -5.09502153e+02
-4.29292929e-06 -2.39898990e-05 1.49999871e+08 4.06687203e+02 -5.05748607e+02
-3.78787879e-06 -2.39898990e-05 1.49999840e+08 3.34939203e+02 -4.94597922e+02
-3.28282828e-06 -2.39898990e-05 1.49999808e+08 2.70623874e+02 -4.77031816e+02
-2.77777778e-06 -2.39898990e-05 1.49999775e+08 2.14884444e+02 -4.54227764e+02
-2.27272727e-06 -2.39898990e-05 1.49999742e+08 1.68527396e+02 -4.27495425e+02
-1.76767677e-06 -2.39898990e-05 1.49999711e+08 1.32004868e+02 -3.98208739e+02
-1.26262626e-06 -2.39898990e-05 1.49999682e+08 1.05417751e+02 -3.67738988e+02
-7.57575758e-07 -2.39898990e-05 1.49999656e+08 8.85375064e+01 -3.37393607e+02
-2.52525253e-07 -2.39898990e-05 1.49999634e+08 8.08433693e+01 -3.08364500e+02
2.52525253e-07 -2.39898990e-05 1.49999616e+08 8.15706887e+01 -2.81688352e+02
7.57575758e-07 -2.39898990e-05 1.49999603e+08 8.97658274e+01 -2.58220091e+02
1.26262626e-06 -2.39898990e-05 1.49999595e+08 1.04343202e+02 -2.38619378e+02
1.76767677e-06 -2.39898990e-05 1.49999592e+08 1.24140591e+02 -2.23349002e+02
2.27272727e-06 -2.39898990e-05 1.49999593e+08 1.47969633e+02 -2.12683294e+02
2.77777778e-06 -2.39898990e-05 1.49999599e+08 1.74659392e+02 -2.06724260e+02
3.28282828e-06 -2.39898990e-05 1.49999608e+08 2.03091735e+02 -2.05423033e+02
3.78787879e-06 -2.39898990e-05 1.49999620e+08 2.32228161e+02 -2.08604303e+02
4.29292929e-06 -2.39898990e-05 1.49999636e+08 2.61128332e+02 -2.15991710e+02
4.79797980e-06 -2.39898990e-05 1.49999653e+08 2.88961095e+02 -2.27232554e+02
5.30303030e-06 -2.39898990e-05 1.49999672e+08 3.15009086e+02 -2.41920580e+02
5.80808081e-06 -2.39898990e-05 1.49999693e+08 3.38668152e+02 -2.59616053e+02
6.31313131e-06 -2.39898990e-05 1.49999714e+08 3.59442879e+02 -2.79862663e+02
6.81818182e-06 -2.39898990e-05 1.49999735e+08 3.76939416e+02 -3.02201159e+02
7.32323232e-06 -2.39898990e-05 1.49999756e+08 3.90856646e+02 -3.26179800e+02
7.82828283e-06 -2.39898990e-05 1.49999777e+08 4.00976618e+02 -3.51361938e+02
8.33333333e-06 -2.39898990e-05 1.49999797e+08 4.07154909e+02 -3.77331091e+02
8.83838384e-06 -2.39898990e-05 1.49999816e+08 4.09311450e+02 -4.03693979e+02
9.34343434e-06 -2.39898990e-05 1.49999835e+08 4.07422162e+02 -4.30081958e+02
9.84848485e-06 -2.39898990e-05 1.49999852e+08 4.01511585e+02 -4.56151305e+02
1.03535354e-05 -2.39898990e-05 1.49999869e+08 3.91646612e+02 -4.81582728e+02
1.08585859e-05 -2.39898990e-05 1.49999884e+08 3.77931279e+02 -5.06080463e+02
1.13636364e-05 -2.39898990e-05 1.49999899e+08 3.60502547e+02 -5.29371220e+02
1.18686869e-05 -2.39898990e-05 1.49999913e+08 3.39526935e+02 -5.51203207e+02
1.23737374e-05 -2.39898990e-05 1.49999926e+08 3.15197823e+02 -5.71345381e+02
1.28787879e-05 -2.39898990e-05 1.49999939e+08 2.87733273e+02 -5.89587022e+02
1.33838384e-05 -2.39898990e-05 1.49999951e+08 2.57374148e+02 -6.05737693e+02
1.38888889e-05 -2.39898990e-05 1.49999963e+08 2.24382384e+02 -6.19627565e+02
1.43939394e-05 -2.39898990e-05 1.49999975e+08 1.89039251e+02 -6.31108099e+02
1.48989899e-05 -2.39898990e-05 1.49999987e+08 1.51643457e+02 -6.40052993e+02
1.54040404e-05 -2.39898990e-05 1.49999999e+08 1.12509018e+02 -6.46359328e+02
1.59090909e-05 -2.39898990e-05 1.50000011e+08 7.19627928e+01 -6.49948798e+02
1.64141414e-05 -2.39898990e-05 1.50000023e+08 3.03416723e+01 -6.50768910e+02
1.69191919e-05 -2.39898990e-05 1.50000036e+08 -1.20106062e+01 -6.48794056e+02
1.74242424e-05 -2.39898990e-05 1.50000049e+08 -5.47469779e+01 -6.44026329e+02
1.79292929e-05 -2.39898990e-05 1.50000063e+08 -9.75208569e+01 -6.36496005e+02
1.84343434e-05 -2.39898990e-05 1.50000077e+08 -1.39990150e+02 -6.26261599e+02
1.89393939e-05 -2.39898990e-05 1.50000091e+08 -1.81821383e+02 -6.13409447e+02
1.94444444e-05 -2.39898990e-05 1.50000106e+08 -2.22693825e+02 -5.98052766e+02
1.99494949e-05 -2.39898990e-05 1.50000121e+08 -2.62303503e+02 -5.80330185e+02
2.04545455e-05 -2.39898990e-05 1.50000136e+08 -3.00366982e+02 -5.60403769e+02
2.09595960e-05 -2.39898990e-05 1.50000151e+08 -3.36624799e+02 -5.38456552e+02
2.14646465e-05 -2.39898990e-05 1.50000166e+08 -3.70844463e+02 -5.14689660e+02
2.19696970e-05 -2.39898990e-05 1.50000181e+08 -4.02822926e+02 -4.89319084e+02
2.24747475e-05 -2.39898990e-05 1.50000195e+08 -4.32388458e+02 -4.62572194e+02
2.29797980e-05 -2.39898990e-05 1.50000209e+08 -4.59401904e+02 -4.34684097e+02
2.34848485e-05 -2.39898990e-05 1.50000223e+08 -4.83757284e+02 -4.05893942e+02
2.39898990e-05 -2.39898990e-05 1.50000236e+08 -5.05381749e+02 -3.76441256e+02
2.44949495e-05 -2.39898990e-05 1.50000248e+08 -5.24234923e+02 -3.46562433e+02
2.50000000e-05 -2.39898990e-05 1.50000259e+08 -5.40307670e+02 -3.16487434e+02
-2.50000000e-05 -2.34848485e-05 1.49999889e+08 3.67204145e+02 6.07089149e+02
-2.44949495e-05 -2.34848485e-05 1.49999886e+08 4.01122409e+02 6.17697360e+02
-2.39898990e-05 -2.34848485e-05 1.49999882e+08 4.36369001e+02 6.27588484e+02
-2.34848485e-05 -2.34848485e-05 1.49999878e+08 4.72948751e+02 6.36654214e+02
-2.29797980e-05 -2.34848485e-05 1.49999874e+08 5.10859435e+02 6.44773613e+02
-2.24747475e-05 -2.34848485e-05 1.49999869e+08 5.50089795e+02 6.51811673e+02
-2.19696970e-05 -2.34848485e-05 1.49999864e+08 5.90617132e+02 6.57617856e+02
-2.14646465e-05 -2.34848485e-05 1.49999858e+08 6.32404369e+02 6.62024693e+02
-2.09595960e-05 -2.34848485e-05 1.49999852e+08 6.75396565e+02 6.64846525e+02
-2.04545455e-05 -2.34848485e-05 1.49999846e+08 7.19516813e+02 6.65878506e+02
-1.99494949e-05 -2.34848485e-05 1.49999840e+08 7.64661506e+02 6.64896003e+02
-1.94444444e-05 -2.34848485e-05 1.49999834e+08 8.10694964e+02 6.61654574e+02
-1.89393939e-05 -2.34848485e-05 1.49999828e+08 8.57443465e+02 6.55890732e+02
-1.84343434e-05 -2.34848485e-05 1.49999823e+08 9.04688759e+02 6.47323726e+02
-1.79292929e-05 -2.34848485e-05 1.49999818e+08 9.52161222e+02 6.35658602e+02
-1.74242424e-05 -2.34848485e-05 1.49999813e+08 9.99532873e+02 6.20590844e+02
-1.69191919e-05 -2.34848485e-05 1.49999810e+08 1.04641059e+03 6.01812850e+02
-1.64141414e-05 -2.34848485e-05 1.49999807e+08 1.09232995e+03 5.79022559e+02
-1.59090909e-05 -2.34848485e-05 1.49999806e+08 1.13675028e+03 5.51934422e+02
-1.54040404e-05 -2.34848485e-05 1.49999807e+08 1.17905153e+03 5.20292904e+02
-1.48989899e-05 -2.34848485e-05 1.49999809e+08 1.21853392e+03 4.83888536e+02
-1.43939394e-05 -2.34848485e-05 1.49999813e+08 1.25442112e+03 4.42576373e+02
-1.38888889e-05 -2.34848485e-05 1.49999819e+08 1.28586811e+03 3.96296490e+02
-1.33838384e-05 -2.34848485e-05 1.49999827e+08 1.31197453e+03 3.45095820e+02
-1.28787879e-05 -2.34848485e-05 1.49999837e+08 1.33180462e+03 2.89150338e+02
-1.23737374e-05 -2.34848485e-05 1.49999849e+08 1.34441424e+03 2.28786141e+02
-1.18686869e-05 -2.34848485e-05 1.49999863e+08 1.34888542e+03 1.64497662e+02
-1.13636364e-05 -2.34848485e-05 1.49999877e+08 1.34436803e+03 9.69608689e+01
-1.08585859e-05 -2.34848485e-05 1.49999893e+08 1.33012774e+03 2.70391002e+01
-1.03535354e-05 -2.34848485e-05 1.49999908e+08 1.30559825e+03 -4.42208296e+01
-9.84848485e-06 -2.34848485e-05 1.49999923e+08 1.27043515e+03 -1.15604382e+02
-9.34343434e-06 -2.34848485e-05 1.49999936e+08 1.22456737e+03 -1.85758446e+02
-8.83838384e-06 -2.34848485e-05 1.49999948e+08 1.16824200e+03 -2.53234470e+02
-8.33333333e-06 -2.34848485e-05 1.49999956e+08 1.10205734e+03 -3.16544899e+02
-7.82828283e-06 -2.34848485e-05 1.49999960e+08 1.02697933e+03 -3.74230676e+02
-7.32323232e-06 -2.34848485e-05 1.49999960e+08 9.44337337e+02 -4.24936005e+02
-6.81818182e-06 -2.34848485e-05 1.49999955e+08 8.55796328e+02 -4.67485121e+02
-6.31313131e-06 -2.34848485e-05 1.49999944e+08 7.63304899e+02 -5.00954798e+02
-5.80808081e-06 -2.34848485e-05 1.49999928e+08 6.69020593e+02 -5.24735979e+02
-5.30303030e-06 -2.34848485e-05 1.49999907e+08 5.75216790e+02 -5.38578338e+02
-4.79797980e-06 -2.34848485e-05 1.49999881e+08 4.84177532e+02 -5.42612939e+02
-4.29292929e-06 -2.34848485e-05 1.49999851e+08 3.98088346e+02 -5.37350112e+02
-3.78787879e-06 -2.34848485e-05 1.49999818e+08 3.18931785e+02 -5.23652244e+02
-3.28282828e-06 -2.34848485e-05 1.49999784e+08 2.48396111e+02 -5.02683702e+02
-2.77777778e-06 -2.34848485e-05 1.49999748e+08 1.87804098e+02 -4.75842469e+02
-2.27272727e-06 -2.34848485e-05 1.49999713e+08 1.38066806e+02 -4.44679755e+02
-1.76767677e-06 -2.34848485e-05 1.49999680e+08 9.96644845e+01 -4.10814685e+02
-1.26262626e-06 -2.34848485e-05 1.49999650e+08 7.26540753e+01 -3.75851142e+02
-7.57575758e-07 -2.34848485e-05 1.49999623e+08 5.67003526e+01 -3.41302960e+02
-2.52525253e-07 -2.34848485e-05 1.49999602e+08 5.11259483e+01 -3.08532208e+02
2.52525253e-07 -2.34848485e-05 1.49999585e+08 5.49744267e+01 -2.78703503e+02
7.57575758e-07 -2.34848485e-05 1.49999574e+08 6.70802881e+01 -2.52755440e+02
1.26262626e-06 -2.34848485e-05 1.49999568e+08 8.61401548e+01 -2.31388564e+02
1.76767677e-06 -2.34848485e-05 1.49999568e+08 1.10780277e+02 -2.15068019e+02
2.27272727e-06 -2.34848485e-05 1.49999572e+08 1.39616682e+02 -2.04038127e+02
2.77777778e-06 -2.34848485e-05 1.49999582e+08 1.71305563e+02 -1.98345729e+02
3.28282828e-06 -2.34848485e-05 1.49999595e+08 2.04582769e+02 -1.97869093e+02
3.78787879e-06 -2.34848485e-05 1.49999612e+08 2.38292252e+02 -2.02349423e+02
4.29292929e-06 -2.34848485e-05 1.49999631e+08 2.71404213e+02 -2.11422524e+02
4.79797980e-06 -2.34848485e-05 1.49999653e+08 3.03024193e+02 -2.24648662e+02
5.30303030e-06 -2.34848485e-05 1.49999676e+08 3.32394706e+02 -2.41539312e+02
5.80808081e-06 -2.34848485e-05 1.49999700e+08 3.58891110e+02 -2.61579973e+02
6.31313131e-06 -2.34848485e-05 1.49999725e+08 3.82013369e+02 -2.84248732e+02
6.81818182e-06 -2.34848485e-05 1.49999749e+08 4.01375196e+02 -3.09030605e+02
7.32323232e-06 -2.34848485e-05 1.49999773e+08 4.16691862e+02 -3.35427944e+02
7.82828283e-06 -2.34848485e-05 1.49999796e+08 4.27767684e+02 -3.62967407e+02
8.33333333e-06 -2.34848485e-05 1.49999818e+08 4.34483959e+02 -3.91204044e+02
8.83838384e-06 -2.34848485e-05 1.49999839e+08 4.36787892e+02 -4.19723105e+02
9.34343434e-06 -2.34848485e-05 1.49999859e+08 4.34682830e+02 -4.48140168e+02
9.84848485e-06 -2.34848485e-05 1.49999877e+08 4.28219975e+02 -4.76100113e+02
1.03535354e-05 -2.34848485e-05 1.49999894e+08 4.17491571e+02 -5.03275428e+02
1.08585859e-05 -2.34848485e-05 1.49999910e+08 4.02625515e+02 -5.29364234e+02
1.13636364e-05 -2.34848485e-05 1.49999925e+08 3.83781197e+02 -5.54088350e+02
1.18686869e-05 -2.34848485e-05 1.49999938e+08 3.61146387e+02 -5.77191622e+02
1.23737374e-05 -2.34848485e-05 1.49999951e+08 3.34934934e+02 -5.98438694e+02
1.28787879e-05 -2.34848485e-05 1.49999963e+08 3.05385024e+02 -6.17614294e+02
1.33838384e-05 -2.34848485e-05 1.49999975e+08 2.72757779e+02 -6.34523082e+02
1.38888889e-05 -2.34848485e-05 1.49999986e+08 2.37335958e+02 -6.48990033e+02
1.43939394e-05 -2.34848485e-05 1.49999998e+08 1.99422596e+02 -6.60861301e+02
1.48989899e-05 -2.34848485e-05 1.50000009e+08 1.59339392e+02 -6.70005467e+02
1.54040404e-05 -2.34848485e-05 1.50000020e+08 1.17424741e+02 -6.76315050e+02
1.59090909e-05 -2.34848485e-05 1.50000032e+08 7.40313208e+01 -6.79708145e+02
1.64141414e-05 -2.34848485e-05 1.50000043e+08 2.95231962e+01 -6.80130059e+02
1.69191919e-05 -2.34848485e-05 1.50000056e+08 -1.57275747e+01 -6.77554780e+02
1.74242424e-05 -2.34848485e-05 1.50000069e+08 -6.13447815e+01 -6.71986164e+02
1.79292929e-05 -2.34848485e-05 1.50000082e+08 -1.06952289e+02 -6.63458708e+02
1.84343434e-05 -2.34848485e-05 1.50000096e+08 -1.52178552e+02 -6.52037825e+02
1.89393939e-05 -2.34848485e-05 1.50000110e+08 -1.96661291e+02 -6.37819529e+02
1.94444444e-05 -2.34848485e-05 1.50000124e+08 -2.40052199e+02 -6.20929501e+02
1.99494949e-05 -2.34848485e-05 1.50000139e+08 -2.82021531e+02 -6.01521521e+02
2.04545455e-05 -2.34848485e-05 1.50000154e+08 -3.22262435e+02 -5.79775275e+02
2.09595960e-05 -2.34848485e-05 1.50000170e+08 -3.60494885e+02 -5.55893590e+02
2.14646465e-05 -2.34848485e-05 1.50000185e+08 -3.96469098e+02 -5.30099165e+02
2.19696970e-05 -2.34848485e-05 1.50000200e+08 -4.29968336e+02 -5.02630891e+02
2.24747475e-05 -2.34848485e-05 1.50000215e+08 -4.60811009e+02 -4.73739878e+02
2.29797980e-05 -2.34848485e-05 1.50000229e+08 -4.88852042e+02 -4.43685287e+02
2.34848485e-05 -2.34848485e-05 1.50000243e+08 -5.13983480e+02 -4.12730118e+02
2.39898990e-05 -2.34848485e-05 1.50000256e+08 -5.36134337e+02 -3.81137047e+02
2.44949495e-05 -2.34848485e-05 1.50000268e+08 -5.55269735e+02 -3.49164448e+02
2.50000000e-05 -2.34848485e-05 1.50000279e+08 -5.71389379e+02 -3.17062685e+02
-2.50000000e-05 -2.29797980e-05 1.49999889e+08 3.55635534e+02 6.20113130e+02
-2.44949495e-05 -2.29797980e-05 1.49999886e+08 3.90182458e+02 6.32034095e+02
-2.39898990e-05 -2.29797980e-05 1.49999882e+08 4.26158615e+02 6.43317564e+02
-2.34848485e-05 -2.29797980e-05 1.49999877e+08 4.63581098e+02 6.53858357e+02
-2.29797980e-05 -2.29797980e-05 1.49999872e+08 5.02461525e+02 6.63537871e+02
-2.24747475e-05 -2.29797980e-05 1.49999866e+08 5.42804150e+02 6.72222266e+02
-2.19696970e-05 -2.29797980e-05 1.49999860e+08 5.84603459e+02 6.79760563e+02
-2.14646465e-05 -2.29797980e-05 1.49999853e+08 6.27841190e+02 6.85982721e+02
-2.09595960e-05 -2.29797980e-05 1.49999846e+08 6.72482688e+02 6.90697760e+02
-2.04545455e-05 -2.29797980e-05 1.49999839e+08 7.18472514e+02 6.93692065e+02
-1.99494949e-05 -2.29797980e-05 1.49999831e+08 7.65729262e+02 6.94728023e+02
-1.94444444e-05 -2.29797980e-05 1.49999823e+08 8.14139526e+02 6.93543162e+02
-1.89393939e-05 -2.29797980e-05 1.49999815e+08 8.63551041e+02 6.89850058e+02
-1.84343434e-05 -2.29797980e-05 1.49999808e+08 9.13765031e+02 6.83337263e+02
-1.79292929e-05 -2.29797980e-05 1.49999801e+08 9.64527880e+02 6.73671581e+02
-1.74242424e-05 -2.29797980e-05 1.49999794e+08 1.01552235e+03 6.60502048e+02
-1.69191919e-05 -2.29797980e-05 1.49999788e+08 1.06635867e+03 6.43466004e+02
-1.64141414e-05 -2.29797980e-05 1.49999784e+08 1.11656589e+03 6.22197625e+02
-1.59090909e-05 -2.29797980e-05 1.49999781e+08 1.16558422e+03 5.96339307e+02
-1.54040404e-05 -2.29797980e-05 1.49999779e+08 1.21275900e+03 5.65556183e+02
-1.48989899e-05 -2.29797980e-05 1.49999780e+08 1.25733743e+03 5.29553968e+02
-1.43939394e-05 -2.29797980e-05 1.49999782e+08 1.29846899e+03 4.88100140e+02
-1.38888889e-05 -2.29797980e-05 1.49999787e+08 1.33521103e+03 4.41048181e+02
-1.33838384e-05 -2.29797980e-05 1.49999794e+08 1.36654075e+03 3.88364275e+02
-1.28787879e-05 -2.29797980e-05 1.49999803e+08 1.39137490e+03 3.30155395e+02
-1.23737374e-05 -2.29797980e-05 1.49999815e+08 1.40859845e+03 2.66697216e+02
-1.18686869e-05 -2.29797980e-05 1.49999828e+08 1.41710283e+03 1.98459736e+02
-1.13636364e-05 -2.29797980e-05 1.49999844e+08 1.41583394e+03 1.26127950e+02
-1.08585859e-05 -2.29797980e-05 1.49999860e+08 1.40384921e+03 5.06145308e+01
-1.03535354e-05 -2.29797980e-05 1.49999878e+08 1.38038172e+03 -2.69387511e+01
-9.84848485e-06 -2.29797980e-05 1.49999894e+08 1.34490816e+03 -1.05173960e+02
-9.34343434e-06 -2.29797980e-05 1.49999910e+08 1.29721618e+03 -1.82546807e+02
-8.83838384e-06 -2.29797980e-05 1.49999924e+08 1.23746521e+03 -2.57374717e+02
-8.33333333e-06 -2.29797980e-05 1.49999934e+08 1.16623421e+03 -3.27902923e+02
-7.82828283e-06 -2.29797980e-05 1.49999941e+08 1.08454963e+03 -3.92386262e+02
-7.32323232e-06 -2.29797980e-05 1.49999942e+08 9.93887554e+02 -4.49182148e+02
-6.81818182e-06 -2.29797980e-05 1.49999938e+08 8.96145604e+02 -4.96848031e+02
-6.31313131e-06 -2.29797980e-05 1.49999928e+08 7.93583006e+02 -5.34235095e+02
-5.80808081e-06 -2.29797980e-05 1.49999911e+08 6.88730309e+02 -5.60569174e+02
-5.30303030e-06 -2.29797980e-05 1.49999889e+08 5.84273940e+02 -5.75510365e+02
-4.79797980e-06 -2.29797980e-05 1.49999861e+08 4.82923948e+02 -5.79184456e+02
-4.29292929e-06 -2.29797980e-05 1.49999829e+08 3.87275724e+02 -5.72182059e+02
-3.78787879e-06 -2.29797980e-05 1.49999793e+08 2.99677536e+02 -5.55524825e+02
-3.28282828e-06 -2.29797980e-05 1.49999756e+08 2.22115273e+02 -5.30601738e+02
-2.77777778e-06 -2.29797980e-05 1.49999718e+08 1.56123828e+02 -4.99081753e+02
-2.27272727e-06 -2.29797980e-05 1.49999680e+08 1.02731454e+02 -4.62811341e+02
-1.76767677e-06 -2.29797980e-05 1.49999645e+08 6.24397012e+01 -4.23706605e+02
-1.26262626e-06 -2.29797980e-05 1.49999614e+08 3.52377416e+01 -3.83649433e+02
-7.57575758e-07 -2.29797980e-05 1.49999587e+08 2.06466419e+01 -3.44395798e+02
-2.52525253e-07 -2.29797980e-05 1.49999566e+08 1.77867906e+01 -3.07502138e+02
2.52525253e-07 -2.29797980e-05 1.49999550e+08 2.54604306e+01 -2.74273217e+02
7.57575758e-07 -2.29797980e-05 1.49999541e+08 4.22410894e+01 -2.45732304e+02
1.26262626e-06 -2.29797980e-05 1.49999539e+08 6.65624525e+01 -2.22612344e+02
1.76767677e-06 -2.29797980e-05 1.49999542e+08 9.68006143e+01 -2.05365131e+02
2.27272727e-06 -2.29797980e-05 1.49999551e+08 1.31345368e+02 -1.94184545e+02
2.77777778e-06 -2.29797980e-05 1.49999565e+08 1.68657972e+02 -1.89039499e+02
3.28282828e-06 -2.29797980e-05 1.49999583e+08 2.07314461e+02 -1.89712402e+02
3.78787879e-06 -2.29797980e-05 1.49999605e+08 2.46034888e+02 -1.95839433e+02
4.29292929e-06 -2.29797980e-05 1.49999629e+08 2.83699851e+02 -2.06949642e+02
4.79797980e-06 -2.29797980e-05 1.49999656e+08 3.19356260e+02 -2.22500701e+02
5.30303030e-06 -2.29797980e-05 1.49999684e+08 3.52214601e+02 -2.41909898e+02
5.80808081e-06 -2.29797980e-05 1.49999712e+08 3.81639941e+02 -2.64579675e+02
6.31313131e-06 -2.29797980e-05 1.49999740e+08 4.07138797e+02 -2.89917558e+02
6.81818182e-06 -2.29797980e-05 1.49999768e+08 4.28343700e+02 -3.17350766e+02
7.32323232e-06 -2.29797980e-05 1.49999795e+08 4.44996933e+02 -3.46336044e+02
7.82828283e-06 -2.29797980e-05 1.49999820e+08 4.56934606e+02 -3.76365461e+02
8.33333333e-06 -2.29797980e-05 1.49999844e+08 4.64071886e+02 -4.06968962e+02
8.83838384e-06 -2.29797980e-05 1.49999867e+08 4.66389881e+02 -4.37714462e+02
9.34343434e-06 -2.29797980e-05 1.49999887e+08 4.63924490e+02 -4.68206230e+02
9.84848485e-06 -2.29797980e-05 1.49999906e+08 4.56757264e+02 -4.98082210e+02
1.03535354e-05 -2.29797980e-05 1.49999924e+08 4.45008235e+02 -5.27010833e+02
1.08585859e-05 -2.29797980e-05 1.49999940e+08 4.28830524e+02 -5.54687780e+02
1.13636364e-05 -2.29797980e-05 1.49999954e+08 4.08406472e+02 -5.80833019e+02
1.18686869e-05 -2.29797980e-05 1.49999967e+08 3.83945016e+02 -6.05188377e+02
1.23737374e-05 -2.29797980e-05 1.49999980e+08 3.55679997e+02 -6.27515796e+02
1.28787879e-05 -2.29797980e-05 1.49999991e+08 3.23869077e+02 -6.47596359e+02
1.33838384e-05 -2.29797980e-05 1.50000002e+08 2.88792992e+02 -6.65230083e+02
1.38888889e-05 -2.29797980e-05 1.50000012e+08 2.50754857e+02 -6.80236440e+02
1.43939394e-05 -2.29797980e-05 1.50000022e+08 2.10079305e+02 -6.92455523e+02
1.48989899e-05 -2.29797980e-05 1.50000033e+08 1.67111253e+02 -7.01749703e+02
1.54040404e-05 -2.29797980e-05 1.50000043e+08 1.22214166e+02 -7.08005639e+02
1.59090909e-05 -2.29797980e-05 1.50000054e+08 7.57677192e+01 -7.11136469e+02
1.64141414e-05 -2.29797980e-05 1.50000065e+08 2.81648074e+01 -7.11083988e+02
1.69191919e-05 -2.29797980e-05 1.50000077e+08 -2.01920887e+01 -7.07820651e+02
1.74242424e-05 -2.29797980e-05 1.50000089e+08 -6.88951319e+01 -7.01351218e+02
1.79292929e-05 -2.29797980e-05 1.50000102e+08 -1.17535865e+02 -6.91713921e+02
1.84343434e-05 -2.29797980e-05 1.50000115e+08 -1.65710330e+02 -6.78980995e+02
1.89393939e-05 -2.29797980e-05 1.50000130e+08 -2.13024411e+02 -6.63258524e+02
1.94444444e-05 -2.29797980e-05 1.50000144e+08 -2.59099246e+02 -6.44685519e+02
1.99494949e-05 -2.29797980e-05 1.50000159e+08 -3.03576509e+02 -6.23432228e+02
2.04545455e-05 -2.29797980e-05 1.50000174e+08 -3.46123404e+02 -5.99697702e+02
2.09595960e-05 -2.29797980e-05 1.50000189e+08 -3.86437196e+02 -5.73706659e+02
2.14646465e-05 -2.29797980e-05 1.50000205e+08 -4.24249125e+02 -5.45705761e+02
2.19696970e-05 -2.29797980e-05 1.50000220e+08 -4.59327601e+02 -5.15959397e+02
2.24747475e-05 -2.29797980e-05 1.50000235e+08 -4.91480564e+02 -4.84745109e+02
2.29797980e-05 -2.29797980e-05 1.50000249e+08 -5.20556982e+02 -4.52348827e+02
2.34848485e-05 -2.29797980e-05 1.50000263e+08 -5.46447443e+02 -4.19060029e+02
2.39898990e-05 -2.29797980e-05 1.50000276e+08 -5.69083867e+02 -3.85167002e+02
2.44949495e-05 -2.29797980e-05 1.50000288e+08 -5.88438389e+02 -3.50952322e+02
2.50000000e-05 -2.29797980e-05 1.50000300e+08 -6.04521474e+02 -3.16688677e+02
-2.50000000e-05 -2.24747475e-05 1.49999891e+08 3.42782816e+02 6.32354220e+02
-2.44949495e-05 -2.24747475e-05 1.49999887e+08 3.77875925e+02 6.45610291e+02
-2.39898990e-05 -2.24747475e-05 1.49999882e+08 4.14494795e+02 6.58318577e+02
-2.34848485e-05 -2.24747475e-05 1.49999877e+08 4.52669287e+02 6.70379098e+02
-2.29797980e-05 -2.24747475e-05 1.49999871e+08 4.92425710e+02 6.81677922e+02
-2.24747475e-05 -2.24747475e-05 1.49999864e+08 5.33785076e+02 6.92084980e+02
-2.19696970e-05 -2.24747475e-05 1.49999857e+08 5.76760815e+02 7.01451697e+02
-2.14646465e-05 -2.24747475e-05 1.49999849e+08 6.21355836e+02 7.09608492e+02
-2.09595960e-05 -2.24747475e-05 1.49999841e+08 6.67558824e+02 7.16362222e+02
-2.04545455e-05 -2.24747475e-05 1.49999832e+08 7.15339660e+02 7.21493691e+02
-1.99494949e-05 -2.24747475e-05 1.49999822e+08 7.64643869e+02 7.24755366e+02
-1.94444444e-05 -2.24747475e-05 1.49999813e+08 8.15386009e+02 7.25869515e+02
-1.89393939e-05 -2.24747475e-05 1.49999803e+08 8.67441951e+02 7.24527018e+02
-1.84343434e-05 -2.24747475e-05 1.49999793e+08 9.20640046e+02 7.20387163e+02
-1.79292929e-05 -2.24747475e-05 1.49999784e+08 9.74751254e+02 7.13078799e+02
-1.74242424e-05 -2.24747475e-05 1.49999775e+08 1.02947840e+03 7.02203298e+02
-1.69191919e-05 -2.24747475e-05 1.49999767e+08 1.08444481e+03 6.87339776e+02
-1.64141414e-05 -2.24747475e-05 1.49999760e+08 1.13918290e+03 6.68053127e+02
-1.59090909e-05 -2.24747475e-05 1.49999754e+08 1.19312309e+03 6.43905367e+02
-1.54040404e-05 -2.24747475e-05 1.49999750e+08 1.24558427e+03 6.14470808e+02
-1.48989899e-05 -2.24747475e-05 1.49999748e+08 1.29576655e+03 5.79355424e+02
-1.43939394e-05 -2.24747475e-05 1.49999748e+08 1.34274797e+03 5.38220659e+02
-1.38888889e-05 -2.24747475e-05 1.49999751e+08 1.38548650e+03 4.90811598e+02
-1.33838384e-05 -2.24747475e-05 1.49999756e+08 1.42282936e+03 4.36989032e+02
-1.28787879e-05 -2.24747475e-05 1.49999765e+08 1.45353130e+03 3.76764424e+02
-1.23737374e-05 -2.24747475e-05 1.49999776e+08 1.47628383e+03 3.10336111e+02
-1.18686869e-05 -2.24747475e-05 1.49999789e+08 1.48975659e+03 2.38124310e+02
-1.13636364e-05 -2.24747475e-05 1.49999805e+08 1.49265180e+03 1.60801730e+02
-1.08585859e-05 -2.24747475e-05 1.49999823e+08 1.48377127e+03 7.93158723e+01
-1.03535354e-05 -2.24747475e-05 1.49999842e+08 1.46209453e+03 -5.10135468e+00
-9.84848485e-06 -2.24747475e-05 1.49999861e+08 1.42686423e+03 -9.09411766e+01
-9.34343434e-06 -2.24747475e-05 1.49999879e+08 1.37767360e+03 -1.76446552e+02
-8.83838384e-06 -2.24747475e-05 1.49999896e+08 1.31454863e+03 -2.59664498e+02
-8.33333333e-06 -2.24747475e-05 1.49999909e+08 1.23801612e+03 -3.38522750e+02
-7.82828283e-06 -2.24747475e-05 1.49999917e+08 1.14914843e+03 -4.10928614e+02
-7.32323232e-06 -2.24747475e-05 1.49999921e+08 1.04957610e+03 -4.74884717e+02
-6.81818182e-06 -2.24747475e-05 1.49999918e+08 9.41461575e+02 -5.28613229e+02
-6.31313131e-06 -2.24747475e-05 1.49999908e+08 8.27430867e+02 -5.70677603e+02
-5.80808081e-06 -2.24747475e-05 1.49999891e+08 7.10464233e+02 -6.00089566e+02
-5.30303030e-06 -2.24747475e-05 1.49999868e+08 5.93752274e+02 -6.16389406e+02
-4.79797980e-06 -2.24747475e-05 1.49999838e+08 4.80528410e+02 -6.19689776e+02
-4.29292929e-06 -2.24747475e-05 1.49999803e+08 3.73892317e+02 -6.10677002e+02
-3.78787879e-06 -2.24747475e-05 1.49999765e+08 2.76640531e+02 -5.90568805e+02
-3.28282828e-06 -2.24747475e-05 1.49999724e+08 1.91119850e+02 -5.61032507e+02
-2.77777778e-06 -2.24747475e-05 1.49999683e+08 1.19116352e+02 -5.24072378e+02
-2.27272727e-06 -2.24747475e-05 1.49999643e+08 6.17883998e+01 -4.81897996e+02
-1.76767677e-06 -2.24747475e-05 1.49999605e+08 1.96466700e+01 -4.36786875e+02
-1.26262626e-06 -2.24747475e-05 1.49999573e+08 -7.42107204e+00 -3.90954133e+02
-7.57575758e-07 -2.24747475e-05 1.49999546e+08 -2.00871434e+01 -3.46439811e+02
-2.52525253e-07 -2.24747475e-05 1.49999525e+08 -1.94928135e+01 -3.05021290e+02
2.52525253e-07 -2.24747475e-05 1.49999512e+08 -7.14002229e+00 -2.68154551e+02
7.57575758e-07 -2.24747475e-05 1.49999506e+08 1.52230389e+01 -2.36944588e+02
1.26262626e-06 -2.24747475e-05 1.49999507e+08 4.57128394e+01 -2.12142371e+02
1.76767677e-06 -2.24747475e-05 1.49999515e+08 8.24104234e+01 -1.94163774e+02
2.27272727e-06 -2.24747475e-05 1.49999529e+08 1.23445331e+02 -1.83124800e+02
2.77777778e-06 -2.24747475e-05 1.49999549e+08 1.67060973e+02 -1.78887221e+02
3.28282828e-06 -2.24747475e-05 1.49999573e+08 2.11661027e+02 -1.81109177e+02
3.78787879e-06 -2.24747475e-05 1.49999600e+08 2.55838049e+02 -1.89296139e+02
4.29292929e-06 -2.24747475e-05 1.49999630e+08 2.98386600e+02 -2.02848718e+02
4.79797980e-06 -2.24747475e-05 1.49999662e+08 3.38303797e+02 -2.21104950e+02
5.30303030e-06 -2.24747475e-05 1.49999695e+08 3.74780371e+02 -2.43375684e+02
5.80808081e-06 -2.24747475e-05 1.49999728e+08 4.07185197e+02 -2.68972576e+02
6.31313131e-06 -2.24747475e-05 1.49999760e+08 4.35045945e+02 -2.97228882e+02
6.81818182e-06 -2.24747475e-05 1.49999792e+08 4.58028012e+02 -3.27513649e+02
7.32323232e-06 -2.24747475e-05 1.49999822e+08 4.75913485e+02 -3.59240243e+02
7.82828283e-06 -2.24747475e-05 1.49999850e+08 4.88581335e+02 -3.91870249e+02
8.33333333e-06 -2.24747475e-05 1.49999876e+08 4.95989695e+02 -4.24913813e+02
8.83838384e-06 -2.24747475e-05 1.49999899e+08 4.98160666e+02 -4.57927428e+02
9.34343434e-06 -2.24747475e-05 1.49999921e+08 4.95167850e+02 -4.90510092e+02
9.84848485e-06 -2.24747475e-05 1.49999940e+08 4.87126554e+02 -5.22298575e+02
1.03535354e-05 -2.24747475e-05 1.49999958e+08 4.74186493e+02 -5.52962461e+02
1.08585859e-05 -2.24747475e-05 1.49999973e+08 4.56526677e+02 -5.82199432e+02
1.13636364e-05 -2.24747475e-05 1.49999987e+08 4.34352127e+02 -6.09731164e+02
1.18686869e-05 -2.24747475e-05 1.50000000e+08 4.07892029e+02 -6.35300080e+02
1.23737374e-05 -2.24747475e-05 1.50000011e+08 3.77398919e+02 -6.58667108e+02
1.28787879e-05 -2.24747475e-05 1.50000021e+08 3.43148520e+02 -6.79610479e+02
1.33838384e-05 -2.24747475e-05 1.50000031e+08 3.05439868e+02 -6.97925563e+02
1.38888889e-05 -2.24747475e-05 1.50000040e+08 2.64595403e+02 -7.13425651e+02
1.43939394e-05 -2.24747475e-05 1.50000049e+08 2.20960756e+02 -7.25943548e+02
1.48989899e-05 -2.24747475e-05 1.50000059e+08 1.74904004e+02 -7.35333805e+02
1.54040404e-05 -2.24747475e-05 1.50000068e+08 1.26814232e+02 -7.41475386e+02
1.59090909e-05 -2.24747475e-05 1.50000078e+08 7.70992894e+01 -7.44274569e+02
1.64141414e-05 -2.24747475e-05 1.50000088e+08 2.61827003e+01 -7.43667825e+02
1.69191919e-05 -2.24747475e-05 1.50000099e+08 -2.55002689e+01 -7.39624493e+02
1.74242424e-05 -2.24747475e-05 1.50000111e+08 -7.75073090e+01 -7.32149017e+02
1.79292929e-05 -2.24747475e-05 1.50000123e+08 -1.29394424e+02 -7.21282586e+02
1.84343434e-05 -2.24747475e-05 1.50000136e+08 -1.80721783e+02 -7.07104019e+02
1.89393939e-05 -2.24747475e-05 1.50000150e+08 -2.31059885e+02 -6.89729793e+02
1.94444444e-05 -2.24747475e-05 1.50000164e+08 -2.79995811e+02 -6.69313147e+02
1.99494949e-05 -2.24747475e-05 1.50000179e+08 -3.27139355e+02 -6.46042261e+02
2.04545455e-05 -2.24747475e-05 1.50000194e+08 -3.72128818e+02 -6.20137519e+02
2.09595960e-05 -2.24747475e-05 1.50000210e+08 -4.14636248e+02 -5.91847940e+02
2.14646465e-05 -2.24747475e-05 1.50000225e+08 -4.54371958e+02 -5.61446901e+02
2.19696970e-05 -2.24747475e-05 1.50000241e+08 -4.91088172e+02 -5.29227269e+02
2.24747475e-05 -2.24747475e-05 1.50000256e+08 -5.24581696e+02 -4.95496134e+02
2.29797980e-05 -2.24747475e-05 1.50000270e+08 -5.54695543e+02 -4.60569301e+02
2.34848485e-05 -2.24747475e-05 1.50000284e+08 -5.81319505e+02 -4.24765734e+02
2.39898990e-05 -2.24747475e-05 1.50000298e+08 -6.04389680e+02 -3.88402127e+02
2.44949495e-05 -2.24747475e-05 1.50000310e+08 -6.23887034e+02 -3.51787756e+02
2.50000000e-05 -2.24747475e-05 1.50000321e+08 -6.39835076e+02 -3.15219763e+02
-2.50000000e-05 -2.19696970e-05 1.49999893e+08 3.28634444e+02 6.43671895e+02
-2.44949495e-05 -2.19696970e-05 1.49999889e+08 3.64182461e+02 6.58271954e+02
-2.39898990e-05 -2.19696970e-05 1.49999884e+08 4.01346370e+02 6.72423324e+02
-2.34848485e-05 -2.19696970e-05 1.49999878e+08 4.40169012e+02 6.86033482e+02
-2.29797980e-05 -2.19696970e-05 1.49999872e+08 4.80691911e+02 6.98995772e+02
-2.24747475e-05 -2.19696970e-05 1.49999864e+08 5.22953788e+02 7.11186858e+02
-2.19696970e-05 -2.19696970e-05 1.49999856e+08 5.66988496e+02 7.22463881e+02
-2.14646465e-05 -2.19696970e-05 1.49999847e+08 6.12822239e+02 7.32661356e+02
-2.09595960e-05 -2.19696970e-05 1.49999837e+08 6.60469944e+02 7.41587884e+02
-2.04545455e-05 -2.19696970e-05 1.49999827e+08 7.09930627e+02 7.49022762e+02
-1.99494949e-05 -2.19696970e-05 1.49999815e+08 7.61181607e+02 7.54712665e+02
-1.94444444e-05 -2.19696970e-05 1.49999804e+08 8.14171423e+02 7.58368580e+02
-1.89393939e-05 -2.19696970e-05 1.49999792e+08 8.68811358e+02 7.59663287e+02
-1.84343434e-05 -2.19696970e-05 1.49999780e+08 9.24965474e+02 7.58229710e+02
-1.79292929e-05 -2.19696970e-05 1.49999768e+08 9.82439181e+02 7.53660581e+02
-1.74242424e-05 -2.19696970e-05 1.49999756e+08 1.04096641e+03 7.45509908e+02
-1.69191919e-05 -2.19696970e-05 1.49999745e+08 1.10019567e+03 7.33296851e+02
-1.64141414e-05 -2.19696970e-05 1.49999735e+08 1.15967525e+03 7.16512673e+02
-1.59090909e-05 -2.19696970e-05 1.49999726e+08 1.21883848e+03 6.94631463e+02
-1.54040404e-05 -2.19696970e-05 1.49999719e+08 1.27698955e+03 6.67125368e+02
-1.48989899e-05 -2.19696970e-05 1.49999714e+08 1.33329149e+03 6.33485006e+02
-1.43939394e-05 -2.19696970e-05 1.49999711e+08 1.38675765e+03 5.93245556e+02
-1.38888889e-05 -2.19696970e-05 1.49999712e+08 1.43624873e+03 5.46018813e+02
-1.33838384e-05 -2.19696970e-05 1.49999715e+08 1.48047759e+03 4.91530974e+02
-1.28787879e-05 -2.19696970e-05 1.49999722e+08 1.51802441e+03 4.29665376e+02
-1.23737374e-05 -2.19696970e-05 1.49999732e+08 1.54736482e+03 3.60508535e+02
-1.18686869e-05 -2.19696970e-05 1.49999745e+08 1.56691316e+03 2.84396832e+02
-1.13636364e-05 -2.19696970e-05 1.49999762e+08 1.57508284e+03 2.01960082e+02
-1.08585859e-05 -2.19696970e-05 1.49999780e+08 1.57036410e+03 1.14157085e+02
-1.03535354e-05 -2.19696970e-05 1.49999801e+08 1.55141797e+03 2.22973777e+01
-9.84848485e-06 -2.19696970e-05 1.49999822e+08 1.51718293e+03 -7.19570918e+01
-9.34343434e-06 -2.19696970e-05 1.49999843e+08 1.46698792e+03 -1.66616275e+02
-8.83838384e-06 -2.19696970e-05 1.49999863e+08 1.40066261e+03 -2.59416958e+02
-8.33333333e-06 -2.19696970e-05 1.49999879e+08 1.31863352e+03 -3.47910424e+02
-7.82828283e-06 -2.19696970e-05 1.49999890e+08 1.22199300e+03 -4.29581344e+02
-7.32323232e-06 -2.19696970e-05 1.49999896e+08 1.11252860e+03 -5.01991951e+02
-6.81818182e-06 -2.19696970e-05 1.49999895e+08 9.92702254e+02 -5.62940939e+02
-6.31313131e-06 -2.19696970e-05 1.49999886e+08 8.65573587e+02 -6.10622579e+02
-5.80808081e-06 -2.19696970e-05 1.49999869e+08 7.34667549e+02 -6.43769191e+02
-5.30303030e-06 -2.19696970e-05 1.49999844e+08 6.03794044e+02 -6.61760126e+02
-4.79797980e-06 -2.19696970e-05 1.49999812e+08 4.76834083e+02 -6.64683150e+02
-4.29292929e-06 -2.19696970e-05 1.49999774e+08 3.57512350e+02 -6.53339387e+02
-3.78787879e-06 -2.19696970e-05 1.49999732e+08 2.49178639e+02 -6.29189959e+02
-3.28282828e-06 -2.19696970e-05 1.49999687e+08 1.54619841e+02 -5.94249898e+02
-2.77777778e-06 -2.19696970e-05 1.49999642e+08 7.59200760e+01 -5.50941496e+02
-2.27272727e-06 -2.19696970e-05 1.49999599e+08 1.43801104e+01 -5.01923698e+02
-1.76767677e-06 -2.19696970e-05 1.49999560e+08 -2.95005529e+01 -4.49915944e+02
-1.26262626e-06 -2.19696970e-05 1.49999526e+08 -5.59829842e+01 -3.97533774e+02
-7.57575758e-07 -2.19696970e-05 1.49999500e+08 -6.59996958e+01 -3.47150175e+02
-2.52525253e-07 -2.19696970e-05 1.49999481e+08 -6.10311140e+01 -3.00791843e+02
2.52525253e-07 -2.19696970e-05 1.49999470e+08 -4.29631624e+01 -2.60074335e+02
7.57575758e-07 -2.19696970e-05 1.49999468e+08 -1.39407346e+01 -2.26175256e+02
1.26262626e-06 -2.19696970e-05 1.49999474e+08 2.37705288e+01 -1.99840923e+02
1.76767677e-06 -2.19696970e-05 1.49999487e+08 6.79050438e+01 -1.81419542e+02
2.27272727e-06 -2.19696970e-05 1.49999508e+08 1.16295132e+02 -1.70912872e+02
2.77777778e-06 -2.19696970e-05 1.49999534e+08 1.66943690e+02 -1.68038469e+02
3.28282828e-06 -2.19696970e-05 1.49999564e+08 2.18072187e+02 -1.72295510e+02
3.78787879e-06 -2.19696970e-05 1.49999599e+08 2.68146432e+02 -1.83028599e+02
4.29292929e-06 -2.19696970e-05 1.49999635e+08 3.15883769e+02 -1.99485553e+02
4.79797980e-06 -2.19696970e-05 1.49999673e+08 3.60245869e+02 -2.20866687e+02
5.30303030e-06 -2.19696970e-05 1.49999712e+08 4.00421275e+02 -2.46364452e+02
5.80808081e-06 -2.19696970e-05 1.49999750e+08 4.35801507e+02 -2.75193321e+02
6.31313131e-06 -2.19696970e-05 1.49999786e+08 4.65953942e+02 -3.06610583e+02
6.81818182e-06 -2.19696970e-05 1.49999821e+08 4.90594027e+02 -3.39929167e+02
7.32323232e-06 -2.19696970e-05 1.49999854e+08 5.09558709e+02 -3.74523874e+02
7.82828283e-06 -2.19696970e-05 1.49999885e+08 5.22782361e+02 -4.09832458e+02
8.33333333e-06 -2.19696970e-05 1.49999912e+08 5.30275971e+02 -4.45352941e+02
8.83838384e-06 -2.19696970e-05 1.49999938e+08 5.32109928e+02 -4.80638422e+02
9.34343434e-06 -2.19696970e-05 1.49999960e+08 5.28400441e+02 -5.15290443e+02
9.84848485e-06 -2.19696970e-05 1.49999980e+08 5.19299380e+02 -5.48951813e+02
1.03535354e-05 -2.19696970e-05 1.49999997e+08 5.04987199e+02 -5.81299571e+02
1.08585859e-05 -2.19696970e-05 1.50000012e+08 4.85668472e+02 -6.12038610e+02
1.13636364e-05 -2.19696970e-05 1.50000025e+08 4.61569568e+02 -6.40896339e+02
1.18686869e-05 -2.19696970e-05 1.50000036e+08 4.32937927e+02 -6.67618596e+02
1.23737374e-05 -2.19696970e-05 1.50000046e+08 4.00042465e+02 -6.91966930e+02
1.28787879e-05 -2.19696970e-05 1.50000055e+08 3.63174613e+02 -7.13717280e+02
1.33838384e-05 -2.19696970e-05 1.50000063e+08 3.22649576e+02 -7.32659967e+02
1.38888889e-05 -2.19696970e-05 1.50000071e+08 2.78807419e+02 -7.48600888e+02
1.43939394e-05 -2.19696970e-05 1.50000079e+08 2.32013673e+02 -7.61363724e+02
1.48989899e-05 -2.19696970e-05 1.50000086e+08 1.82659191e+02 -7.70792925e+02
1.54040404e-05 -2.19696970e-05 1.50000094e+08 1.31159082e+02 -7.76757242e+02
1.59090909e-05 -2.19696970e-05 1.50000103e+08 7.79505775e+01 -7.79153518e+02
1.64141414e-05 -2.19696970e-05 1.50000112e+08 2.34898203e+01 -7.77910470e+02
1.69191919e-05 -2.19696970e-05 1.50000122e+08 -3.17524356e+01 -7.72992193e+02
1.74242424e-05 -2.19696970e-05 1.50000133e+08 -8.72961019e+01 -7.64401140e+02
1.79292929e-05 -2.19696970e-05 1.50000145e+08 -1.42657871e+02 -7.52180355e+02
1.84343434e-05 -2.19696970e-05 1.50000158e+08 -1.97357971e+02 -7.36414787e+02
1.89393939e-05 -2.19696970e-05 1.50000171e+08 -2.50927314e+02 -7.17231556e+02
1.94444444e-05 -2.19696970e-05 1.50000185e+08 -3.02914790e+02 -6.94799092e+02
1.99494949e-05 -2.19696970e-05 1.50000200e+08 -3.52894423e+02 -6.69325146e+02
2.04545455e-05 -2.19696970e-05 1.50000216e+08 -4.00472123e+02 -6.41053692e+02
2.09595960e-05 -2.19696970e-05 1.50000231e+08 -4.45291787e+02 -6.10260836e+02
2.14646465e-05 -2.19696970e-05 1.50000247e+08 -4.87040527e+02 -5.77249857e+02
2.19696970e-05 -2.19696970e-05 1.50000262e+08 -5.25452864e+02 -5.42345572e+02
2.24747475e-05 -2.19696970e-05 1.50000278e+08 -5.60313734e+02 -5.05888213e+02
2.29797980e-05 -2.19696970e-05 1.50000292e+08 -5.91460267e+02 -4.68227054e+02
2.34848485e-05 -2.19696970e-05 1.50000307e+08 -6.18782301e+02 -4.29713994e+02
2.39898990e-05 -2.19696970e-05 1.50000320e+08 -6.42221671e+02 -3.90697316e+02
2.44949495e-05 -2.19696970e-05 1.50000332e+08 -6.61770363e+02 -3.51515816e+02
2.50000000e-05 -2.19696970e-05 1.50000343e+08 -6.77467647e+02 -3.12493459e+02
-2.50000000e-05 -2.14646465e-05 1.49999898e+08 3.13192889e+02 6.53920967e+02
-2.44949495e-05 -2.14646465e-05 1.49999893e+08 3.49096730e+02 6.69858328e+02
-2.39898990e-05 -2.14646465e-05 1.49999888e+08 3.86698063e+02 6.85454320e+02
-2.34848485e-05 -2.14646465e-05 1.49999881e+08 4.26052532e+02 7.00626259e+02
-2.29797980e-05 -2.14646465e-05 1.49999874e+08 4.67217007e+02 7.15277590e+02
-2.24747475e-05 -2.14646465e-05 1.49999866e+08 5.10248451e+02 7.29294994e+02
-2.19696970e-05 -2.14646465e-05 1.49999857e+08 5.55202206e+02 7.42545089e+02
-2.14646465e-05 -2.14646465e-05 1.49999846e+08 6.02129518e+02 7.54870727e+02
-2.09595960e-05 -2.14646465e-05 1.49999835e+08 6.51074144e+02 7.66086921e+02
-2.04545455e-05 -2.14646465e-05 1.49999823e+08 7.02067838e+02 7.75976507e+02
-1.99494949e-05 -2.14646465e-05 1.49999810e+08 7.55124507e+02 7.84285653e+02
-1.94444444e-05 -2.14646465e-05 1.49999796e+08 8.10232845e+02 7.90719434e+02
-1.89393939e-05 -2.14646465e-05 1.49999782e+08 8.67347252e+02 7.94937721e+02
-1.84343434e-05 -2.14646465e-05 1.49999767e+08 9.26376873e+02 7.96551778e+02
-1.79292929e-05 -2.14646465e-05 1.49999753e+08 9.87172671e+02 7.95121994e+02
-1.74242424e-05 -2.14646465e-05 1.49999738e+08 1.04951252e+03 7.90157364e+02
-1.69191919e-05 -2.14646465e-05 1.49999723e+08 1.11308445e+03 7.81117393e+02
-1.64141414e-05 -2.14646465e-05 1.49999710e+08 1.17746835e+03 7.67417239e+02
-1.59090909e-05 -2.14646465e-05 1.49999698e+08 1.24211673e+03 7.48437030e+02
-1.54040404e-05 -2.14646465e-05 1.49999687e+08 1.30633536e+03 7.23536339e+02
-1.48989899e-05 -2.14646465e-05 1.49999678e+08 1.36926514e+03 6.92074824e+02
-1.43939394e-05 -2.14646465e-05 1.49999672e+08 1.42986693e+03 6.53439967e+02
-1.38888889e-05 -2.14646465e-05 1.49999669e+08 1.48691163e+03 6.07082590e+02
-1.33838384e-05 -2.14646465e-05 1.49999670e+08 1.53897831e+03 5.52560421e+02
-1.28787879e-05 -2.14646465e-05 1.49999674e+08 1.58446381e+03 4.89589279e+02
-1.23737374e-05 -2.14646465e-05 1.49999683e+08 1.62160718e+03 4.18100465e+02
-1.18686869e-05 -2.14646465e-05 1.49999695e+08 1.64853295e+03 3.38301661e+02
-1.13636364e-05 -2.14646465e-05 1.49999712e+08 1.66331584e+03 2.50737057e+02
-1.08585859e-05 -2.14646465e-05 1.49999731e+08 1.66406923e+03 1.56340791e+02
-1.03535354e-05 -2.14646465e-05 1.49999753e+08 1.64905676e+03 5.64761675e+01
-9.84848485e-06 -2.14646465e-05 1.49999777e+08 1.61682428e+03 -4.70479220e+01
-9.34343434e-06 -2.14646465e-05 1.49999801e+08 1.56634486e+03 -1.51992158e+02
-8.83838384e-06 -2.14646465e-05 1.49999824e+08 1.49716604e+03 -2.55741107e+02
-8.33333333e-06 -2.14646465e-05 1.49999843e+08 1.40954435e+03 -3.55401348e+02
-7.82828283e-06 -2.14646465e-05 1.49999858e+08 1.30454933e+03 -4.47943368e+02
-7.32323232e-06 -2.14646465e-05 1.49999867e+08 1.18411892e+03 -5.30380986e+02
-6.81818182e-06 -2.14646465e-05 1.49999867e+08 1.05105026e+03 -5.99975285e+02
-6.31313131e-06 -2.14646465e-05 1.49999859e+08 9.08915872e+02 -6.54443819e+02
-5.80808081e-06 -2.14646465e-05 1.49999842e+08 7.61903553e+02 -6.92151783e+02
-5.30303030e-06 -2.14646465e-05 1.49999816e+08 6.14589052e+02 -7.12261186e+02
-4.79797980e-06 -2.14646465e-05 1.49999781e+08 4.71660834e+02 -7.14817455e+02
-4.29292929e-06 -2.14646465e-05 1.49999740e+08 3.37624347e+02 -7.00760304e+02
-3.78787879e-06 -2.14646465e-05 1.49999694e+08 2.16517296e+02 -6.71855733e+02
-3.28282828e-06 -2.14646465e-05 1.49999645e+08 1.11666354e+02 -6.30556950e+02
-2.77777778e-06 -2.14646465e-05 1.49999596e+08 2.55097808e+01 -5.79811470e+02
-2.27272727e-06 -2.14646465e-05 1.49999550e+08 -4.04992302e+01 -5.22838016e+02
-1.76767677e-06 -2.14646465e-05 1.49999508e+08 -8.59048905e+01 -4.62898954e+02
-1.26262626e-06 -2.14646465e-05 1.49999474e+08 -1.11183981e+02 -4.03091964e+02
-7.57575758e-07 -2.14646465e-05 1.49999447e+08 -1.17619285e+02 -3.46179341e+02
-2.52525253e-07 -2.14646465e-05 1.49999431e+08 -1.07131633e+02 -2.94466089e+02
2.52525253e-07 -2.14646465e-05 1.49999423e+08 -8.20921921e+01 -2.49730510e+02
7.57575758e-07 -2.14646465e-05 1.49999426e+08 -4.51347908e+01 -2.13204393e+02
1.26262626e-06 -2.14646465e-05 1.49999438e+08 1.01587076e+00 -1.85595148e+02
1.76767677e-06 -2.14646465e-05 1.49999459e+08 5.36892766e+01 -1.67139454e+02
2.27272727e-06 -2.14646465e-05 1.49999487e+08 1.10381654e+02 -1.57677213e+02
2.77777778e-06 -2.14646465e-05 1.49999520e+08 1.68834711e+02 -1.56735267e+02
3.28282828e-06 -2.14646465e-05 1.49999559e+08 2.27082637e+02 -1.63612060e+02
3.78787879e-06 -2.14646465e-05 1.49999601e+08 2.83471724e+02 -1.77456585e+02
4.29292929e-06 -2.14646465e-05 1.49999645e+08 3.36658122e+02 -1.97337242e+02
4.79797980e-06 -2.14646465e-05 1.49999690e+08 3.85589558e+02 -2.22298265e+02
5.30303030e-06 -2.14646465e-05 1.49999734e+08 4.29476507e+02 -2.51403022e+02
5.80808081e-06 -2.14646465e-05 1.49999778e+08 4.67757563e+02 -2.83764762e+02
6.31313131e-06 -2.14646465e-05 1.49999819e+08 5.00062858e+02 -3.18566145e+02
6.81818182e-06 -2.14646465e-05 1.49999858e+08 5.26178394e+02 -3.55069368e+02
7.32323232e-06 -2.14646465e-05 1.49999894e+08 5.46013292e+02 -3.92618826e+02
7.82828283e-06 -2.14646465e-05 1.49999927e+08 5.59571162e+02 -4.30638253e+02
8.33333333e-06 -2.14646465e-05 1.49999956e+08 5.66926223e+02 -4.68624057e+02
8.83838384e-06 -2.14646465e-05 1.49999982e+08 5.68204289e+02 -5.06136380e+02
9.34343434e-06 -2.14646465e-05 1.50000005e+08 5.63568437e+02 -5.42789110e+02
9.84848485e-06 -2.14646465e-05 1.50000024e+08 5.53208918e+02 -5.78239831e+02
1.03535354e-05 -2.14646465e-05 1.50000041e+08 5.37336769e+02 -6.12180447e+02
1.08585859e-05 -2.14646465e-05 1.50000055e+08 5.16180474e+02 -6.44328995e+02
1.13636364e-05 -2.14646465e-05 1.50000067e+08 4.89985039e+02 -6.74423012e+02
1.18686869e-05 -2.14646465e-05 1.50000077e+08 4.59012834e+02 -7.02214630e+02
1.23737374e-05 -2.14646465e-05 1.50000085e+08 4.23545580e+02 -7.27467472e+02
1.28787879e-05 -2.14646465e-05 1.50000092e+08 3.83886942e+02 -7.49955335e+02
1.33838384e-05 -2.14646465e-05 1.50000098e+08 3.40365198e+02 -7.69462509e+02
1.38888889e-05 -2.14646465e-05 1.50000104e+08 2.93335569e+02 -7.85785586e+02
1.43939394e-05 -2.14646465e-05 1.50000110e+08 2.43181814e+02 -7.98736486e+02
1.48989899e-05 -2.14646465e-05 1.50000116e+08 1.90316826e+02 -8.08146445e+02
1.54040404e-05 -2.14646465e-05 1.50000122e+08 1.35181994e+02 -8.13870625e+02
1.59090909e-05 -2.14646465e-05 1.50000130e+08 7.82452129e+01 -8.15793048e+02
1.64141414e-05 -2.14646465e-05 1.50000138e+08 1.99974959e+01 -8.13831484e+02
1.69191919e-05 -2.14646465e-05 1.50000147e+08 -3.90517759e+01 -8.07942001e+02
1.74242424e-05 -2.14646465e-05 1.50000157e+08 -9.83808474e+01 -7.98122846e+02
1.79292929e-05 -2.14646465e-05 1.50000168e+08 -1.57462638e+02 -7.84417421e+02
1.84343434e-05 -2.14646465e-05 1.50000180e+08 -2.15772596e+02 -7.66916119e+02
1.89393939e-05 -2.14646465e-05 1.50000193e+08 -2.72797065e+02 -7.45756877e+02
1.94444444e-05 -2.14646465e-05 1.50000207e+08 -3.28041835e+02 -7.21124361e+02
1.99494949e-05 -2.14646465e-05 1.50000222e+08 -3.81040541e+02 -6.93247764e+02
2.04545455e-05 -2.14646465e-05 1.50000237e+08 -4.31362583e+02 -6.62397272e+02
2.09595960e-05 -2.14646465e-05 1.50000253e+08 -4.78620256e+02 -6.28879322e+02
2.14646465e-05 -2.14646465e-05 1.50000269e+08 -5.22474834e+02 -5.93030831e+02
2.19696970e-05 -2.14646465e-05 1.50000285e+08 -5.62641389e+02 -5.55212611e+02
2.24747475e-05 -2.14646465e-05 1.50000300e+08 -5.98892198e+02 -5.15802234e+02
2.29797980e-05 -2.14646465e-05 1.50000315e+08 -6.31058672e+02 -4.75186606e+02
2.34848485e-05 -2.14646465e-05 1.50000330e+08 -6.59031771e+02 -4.33754534e+02
2.39898990e-05 -2.14646465e-05 1.50000343e+08 -6.82760985e+02 -3.91889529e+02
2.44949495e-05 -2.14646465e-05 1.50000355e+08 -7.02251968e+02 -3.49963085e+02
2.50000000e-05 -2.14646465e-05 1.50000366e+08 -7.17563000e+02 -3.08328621e+02
-2.50000000e-05 -2.09595960e-05 1.49999903e+08 2.96476489e+02 6.62953755e+02
-2.44949495e-05 -2.09595960e-05 1.49999899e+08 3.32630698e+02 6.80204138e+02
-2.39898990e-05 -2.09595960e-05 1.49999893e+08 3.70553267e+02 6.97227036e+02
-2.34848485e-05 -2.09595960e-05 1.49999886e+08 4.10312014e+02 7.13952056e+02
-2.29797980e-05 -2.09595960e-05 1.49999878e+08 4.51978780e+02 7.30295708e+02
-2.24747475e-05 -2.09595960e-05 1.49999870e+08 4.95628769e+02 7.46158238e+02
-2.19696970e-05 -2.09595960e-05 1.49999859e+08 5.41339327e+02 7.61419902e+02
-2.14646465e-05 -2.09595960e-05 1.49999848e+08 5.89187939e+02 7.75936684e+02
-2.09595960e-05 -2.09595960e-05 1.49999836e+08 6.39249266e+02 7.89535449e+02
-2.04545455e-05 -2.09595960e-05 1.49999822e+08 6.91590964e+02 8.02008598e+02
-1.99494949e-05 -2.09595960e-05 1.49999807e+08 7.46268023e+02 8.13108338e+02
-1.94444444e-05 -2.09595960e-05 1.49999791e+08 8.03315361e+02 8.22540718e+02
-1.89393939e-05 -2.09595960e-05 1.49999774e+08 8.62738380e+02 8.29959724e+02
-1.84343434e-05 -2.09595960e-05 1.49999757e+08 9.24501233e+02 8.34961768e+02
-1.79292929e-05 -2.09595960e-05 1.49999739e+08 9.88512583e+02 8.37081075e+02
-1.74242424e-05 -2.09595960e-05 1.49999721e+08 1.05460871e+03 8.35786591e+02
-1.69191919e-05 -2.09595960e-05 1.49999703e+08 1.12253395e+03 8.30481199e+02
-1.64141414e-05 -2.09595960e-05 1.49999685e+08 1.19191863e+03 8.20504210e+02
-1.59090909e-05 -2.09595960e-05 1.49999669e+08 1.26225498e+03 8.05138257e+02
-1.54040404e-05 -2.09595960e-05 1.49999654e+08 1.33287173e+03 7.83621900e+02
-1.48989899e-05 -2.09595960e-05 1.49999641e+08 1.40290869e+03 7.55169344e+02
-1.43939394e-05 -2.09595960e-05 1.49999631e+08 1.47129331e+03 7.18998694e+02
-1.38888889e-05 -2.09595960e-05 1.49999624e+08 1.53672148e+03 6.74370061e+02
-1.33838384e-05 -2.09595960e-05 1.49999621e+08 1.59764629e+03 6.20634437e+02
-1.28787879e-05 -2.09595960e-05 1.49999622e+08 1.65227868e+03 5.57293577e+02
-1.23737374e-05 -2.09595960e-05 1.49999628e+08 1.69860492e+03 4.84070020e+02
-1.18686869e-05 -2.09595960e-05 1.49999639e+08 1.73442622e+03 4.00984780e+02
-1.13636364e-05 -2.09595960e-05 1.49999654e+08 1.75742533e+03 3.08438189e+02
-1.08585859e-05 -2.09595960e-05 1.49999674e+08 1.76526430e+03 2.07286942e+02
-1.03535354e-05 -2.09595960e-05 1.49999698e+08 1.75571484e+03 9.89078876e+01
-9.84848485e-06 -2.09595960e-05 1.49999724e+08 1.72681940e+03 -1.47630011e+01
-9.34343434e-06 -2.09595960e-05 1.49999751e+08 1.67707592e+03 -1.31229148e+02
-8.83838384e-06 -2.09595960e-05 1.49999778e+08 1.60563323e+03 -2.47481342e+02
-8.33333333e-06 -2.09595960e-05 1.49999801e+08 1.51247793e+03 -3.60103966e+02
-7.82828283e-06 -2.09595960e-05 1.49999820e+08 1.39858874e+03 -4.65442318e+02
-7.32323232e-06 -2.09595960e-05 1.49999832e+08 1.26603199e+03 -5.59825343e+02
-6.81818182e-06 -2.09595960e-05 1.49999836e+08 1.11797409e+03 -6.39828061e+02
-6.31313131e-06 -2.09595960e-05 1.49999829e+08 9.58593815e+02 -7.02548276e+02
-5.80808081e-06 -2.09595960e-05 1.49999811e+08 7.92889404e+02 -7.45865194e+02
-5.30303030e-06 -2.09595960e-05 1.49999784e+08 6.26390474e+02 -7.68645451e+02
-4.79797980e-06 -2.09595960e-05 1.49999746e+08 4.64800636e+02 -7.70866280e+02
-4.29292929e-06 -2.09595960e-05 1.49999701e+08 3.13609017e+02 -7.53635897e+02
-3.78787879e-06 -2.09595960e-05 1.49999650e+08 1.77715462e+02 -7.19105947e+02
-3.28282828e-06 -2.09595960e-05 1.49999596e+08 6.11127324e+01 -6.70286984e+02
-2.77777778e-06 -2.09595960e-05 1.49999543e+08 -3.33399172e+01 -6.10791959e+02
-2.27272727e-06 -2.09595960e-05 1.49999493e+08 -1.04031933e+02 -5.44541639e+02
-1.76767677e-06 -2.09595960e-05 1.49999449e+08 -1.50602209e+02 -4.75468447e+02
-1.26262626e-06 -2.09595960e-05 1.49999414e+08 -1.73837618e+02 -4.07251342e+02
-7.57575758e-07 -2.09595960e-05 1.49999389e+08 -1.75492942e+02 -3.43105879e+02
-2.52525253e-07 -2.09595960e-05 1.49999375e+08 -1.58061830e+02 -2.85642731e+02
2.52525253e-07 -2.09595960e-05 1.49999372e+08 -1.24528978e+02 -2.36797152e+02
7.57575758e-07 -2.09595960e-05 1.49999381e+08 -7.81299774e+01 -1.97822925e+02
1.26262626e-06 -2.09595960e-05 1.49999401e+08 -2.21387706e+01 -1.69338354e+02
1.76767677e-06 -2.09595960e-05 1.49999430e+08 4.03047974e+01 -1.51408942e+02
2.27272727e-06 -2.09595960e-05 1.49999467e+08 1.06322005e+02 -1.43651185e+02
2.77777778e-06 -2.09595960e-05 1.49999510e+08 1.73377350e+02 -1.45343709e+02
3.28282828e-06 -2.09595960e-05 1.49999558e+08 2.39320387e+02 -1.55534814e+02
3.78787879e-06 -2.09595960e-05 1.49999608e+08 3.02394397e+02 -1.73138819e+02
4.29292929e-06 -2.09595960e-05 1.49999661e+08 3.61219978e+02 -1.97016705e+02
4.79797980e-06 -2.09595960e-05 1.49999713e+08 4.14761477e+02 -2.26039223e+02
5.30303030e-06 -2.09595960e-05 1.49999764e+08 4.62283325e+02 -2.59132645e+02
5.80808081e-06 -2.09595960e-05 1.49999813e+08 5.03302067e+02 -2.95308708e+02
6.31313131e-06 -2.09595960e-05 1.49999859e+08 5.37538518e+02 -3.33681077e+02
6.81818182e-06 -2.09595960e-05 1.49999902e+08 5.64873131e+02 -3.73471005e+02
7.32323232e-06 -2.09595960e-05 1.49999941e+08 5.85306556e+02 -4.14004860e+02
7.82828283e-06 -2.09595960e-05 1.49999976e+08 5.98926395e+02 -4.54705961e+02
8.33333333e-06 -2.09595960e-05 1.50000007e+08 6.05880491e+02 -4.95082879e+02
8.83838384e-06 -2.09595960e-05 1.50000033e+08 6.06356558e+02 -5.34715930e+02
9.34343434e-06 -2.09595960e-05 1.50000056e+08 6.00567648e+02 -5.73243248e+02
9.84848485e-06 -2.09595960e-05 1.50000075e+08 5.88742741e+02 -6.10347485e+02
1.03535354e-05 -2.09595960e-05 1.50000091e+08 5.71121644e+02 -6.45743864e+02
1.08585859e-05 -2.09595960e-05 1.50000103e+08 5.47953367e+02 -6.79170100e+02
1.13636364e-05 -2.09595960e-05 1.50000113e+08 5.19497138e+02 -7.10378466e+02
1.18686869e-05 -2.09595960e-05 1.50000121e+08 4.86025293e+02 -7.39130152e+02
1.23737374e-05 -2.09595960e-05 1.50000127e+08 4.47827295e+02 -7.65191920e+02
1.28787879e-05 -2.09595960e-05 1.50000132e+08 4.05214243e+02 -7.88334962e+02
1.33838384e-05 -2.09595960e-05 1.50000136e+08 3.58523289e+02 -8.08335775e+02
1.38888889e-05 -2.09595960e-05 1.50000140e+08 3.08121448e+02 -8.24978812e+02
1.43939394e-05 -2.09595960e-05 1.50000144e+08 2.54408407e+02 -8.38060605e+02
1.48989899e-05 -2.09595960e-05 1.50000148e+08 1.97817976e+02 -8.47395014e+02
1.54040404e-05 -2.09595960e-05 1.50000152e+08 1.38817964e+02 -8.52819207e+02
1.59090909e-05 -2.09595960e-05 1.50000158e+08 7.79083297e+01 -8.54199999e+02
1.64141414e-05 -2.09595960e-05 1.50000164e+08 1.56175666e+01 -8.51440118e+02
1.69191919e-05 -2.09595960e-05 1.50000172e+08 -4.75026185e+01 -8.44484028e+02
1.74242424e-05 -2.09595960e-05 1.50000181e+08 -1.10884185e+02 -8.33322927e+02
1.79292929e-05 -2.09595960e-05 1.50000191e+08 -1.73950957e+02 -8.17998615e+02
1.84343434e-05 -2.09595960e-05 1.50000203e+08 -2.36127831e+02 -7.98605976e+02
1.89393939e-05 -2.09595960e-05 1.50000216e+08 -2.96850628e+02 -7.75293868e+02
1.94444444e-05 -2.09595960e-05 1.50000229e+08 -3.55576177e+02 -7.48264361e+02
1.99494949e-05 -2.09595960e-05 1.50000244e+08 -4.11792236e+02 -7.17770260e+02
2.04545455e-05 -2.09595960e-05 1.50000260e+08 -4.65026813e+02 -6.84111040e+02
2.09595960e-05 -2.09595960e-05 1.50000276e+08 -5.14856544e+02 -6.47627297e+02
2.14646465e-05 -2.09595960e-05 1.50000292e+08 -5.60913783e+02 -6.08693979e+02
2.19696970e-05 -2.09595960e-05 1.50000308e+08 -6.02892167e+02 -5.67712659e+02
2.24747475e-05 -2.09595960e-05 1.50000324e+08 -6.40550475e+02 -5.25103154e+02
2.29797980e-05 -2.09595960e-05 1.50000339e+08 -6.73714695e+02 -4.81294858e+02
2.34848485e-05 -2.09595960e-05 1.50000354e+08 -7.02278297e+02 -4.36718076e+02
2.39898990e-05 -2.09595960e-05 1.50000367e+08 -7.26200791e+02 -3.91795711e+02
2.44949495e-05 -2.09595960e-05 1.50000379e+08 -7.45504711e+02 -3.46935550e+02
2.50000000e-05 -2.09595960e-05 1.50000390e+08 -7.60271239e+02 -3.02523393e+02
-2.50000000e-05 -2.04545455e-05 1.49999911e+08 2.78521179e+02 6.70622742e+02
-2.44949495e-05 -2.04545455e-05 1.49999906e+08 3.14815837e+02 6.89142404e+02
-2.39898990e-05 -2.04545455e-05 1.49999900e+08 3.52936808e+02 7.07552833e+02
-2.34848485e-05 -2.04545455e-05 1.49999893e+08 3.92962927e+02 7.25798344e+02
-2.29797980e-05 -2.04545455e-05 1.49999885e+08 4.34980030e+02 7.43811537e+02
-2.24747475e-05 -2.04545455e-05 1.49999875e+08 4.79080907e+02 7.61509927e+02
-2.19696970e-05 -2.04545455e-05 1.49999865e+08 5.25364704e+02 7.78791877e+02
-2.14646465e-05 -2.04545455e-05 1.49999852e+08 5.73935604e+02 7.95531790e+02
-2.09595960e-05 -2.04545455e-05 1.49999838e+08 6.24900502e+02 8.11574524e+02
-2.04545455e-05 -2.04545455e-05 1.49999823e+08 6.78365422e+02 8.26729050e+02
-1.99494949e-05 -2.04545455e-05 1.49999806e+08 7.34430333e+02 8.40761425e+02
-1.94444444e-05 -2.04545455e-05 1.49999788e+08 7.93182008e+02 8.53387198e+02
-1.89393939e-05 -2.04545455e-05 1.49999769e+08 8.54684570e+02 8.64263490e+02
-1.84343434e-05 -2.04545455e-05 1.49999749e+08 9.18967313e+02 8.72981099e+02
-1.79292929e-05 -2.04545455e-05 1.49999728e+08 9.86009462e+02 8.79057087e+02
-1.74242424e-05 -2.04545455e-05 1.49999706e+08 1.05572155e+03 8.81928529e+02
-1.69191919e-05 -2.04545455e-05 1.49999684e+08 1.12792319e+03 8.80948264e+02
-1.64141414e-05 -2.04545455e-05 1.49999662e+08 1.20231727e+03 8.75383733e+02
-1.59090909e-05 -2.04545455e-05 1.49999641e+08 1.27846067e+03 8.64420245e+02
-1.54040404e-05 -2.04545455e-05 1.49999621e+08 1.35573222e+03 8.47170286e+02
-1.48989899e-05 -2.04545455e-05 1.49999603e+08 1.43329890e+03 8.22690708e+02
-1.43939394e-05 -2.04545455e-05 1.49999587e+08 1.51008225e+03 7.90009847e+02
-1.38888889e-05 -2.04545455e-05 1.49999576e+08 1.58472756e+03 7.48166636e+02
-1.33838384e-05 -2.04545455e-05 1.49999568e+08 1.65557975e+03 6.96263586e+02
-1.28787879e-05 -2.04545455e-05 1.49999565e+08 1.72067107e+03 6.33534870e+02
-1.23737374e-05 -2.04545455e-05 1.49999567e+08 1.77772669e+03 5.59429656e+02
-1.18686869e-05 -2.04545455e-05 1.49999575e+08 1.82419566e+03 4.73708939e+02
-1.13636364e-05 -2.04545455e-05 1.49999589e+08 1.85731475e+03 3.76551555e+02
-1.08585859e-05 -2.04545455e-05 1.49999609e+08 1.87421229e+03 2.68661691e+02
-1.03535354e-05 -2.04545455e-05 1.49999634e+08 1.87205663e+03 1.51366399e+02
-9.84848485e-06 -2.04545455e-05 1.49999662e+08 1.84824984e+03 2.66879571e+01
-9.34343434e-06 -2.04545455e-05 1.49999692e+08 1.80066049e+03 -1.02626804e+02
-8.83838384e-06 -2.04545455e-05 1.49999723e+08 1.72788108e+03 -2.33138517e+02
-8.33333333e-06 -2.04545455e-05 1.49999752e+08 1.62948603e+03 -3.60824046e+02
-7.82828283e-06 -2.04545455e-05 1.49999775e+08 1.50625801e+03 -4.81270131e+02
-7.32323232e-06 -2.04545455e-05 1.49999792e+08 1.36034461e+03 -5.89948450e+02
-6.81818182e-06 -2.04545455e-05 1.49999798e+08 1.19530869e+03 -6.82553922e+02
-6.31313131e-06 -2.04545455e-05 1.49999793e+08 1.01604403e+03 -7.55372898e+02
-5.80808081e-06 -2.04545455e-05 1.49999776e+08 8.28544375e+02 -8.05635994e+02
-5.30303030e-06 -2.04545455e-05 1.49999746e+08 6.39536500e+02 -8.31805493e+02
-4.79797980e-06 -2.04545455e-05 1.49999705e+08 4.56011748e+02 -8.33752091e+02
-4.29292929e-06 -2.04545455e-05 1.49999655e+08 2.84710063e+02 -8.12790501e+02
-3.78787879e-06 -2.04545455e-05 1.49999598e+08 1.31621030e+02 -7.71565393e+02
-3.28282828e-06 -2.04545455e-05 1.49999539e+08 1.56452589e+00 -7.13803427e+02
-2.77777778e-06 -2.04545455e-05 1.49999480e+08 -1.02100171e+02 -6.43968060e+02
-2.27272727e-06 -2.04545455e-05 1.49999427e+08 -1.77610101e+02 -5.66866662e+02
-1.76767677e-06 -2.04545455e-05 1.49999381e+08 -2.24777547e+02 -4.87262168e+02
-1.26262626e-06 -2.04545455e-05 1.49999345e+08 -2.44832895e+02 -4.09534466e+02
-7.57575758e-07 -2.04545455e-05 1.49999322e+08 -2.40167793e+02 -3.37423082e+02
-2.52525253e-07 -2.04545455e-05 1.49999312e+08 -2.14021908e+02 -2.73866203e+02
2.52525253e-07 -2.04545455e-05 1.49999316e+08 -1.70155492e+02 -2.20935574e+02
7.57575758e-07 -2.04545455e-05 1.49999333e+08 -1.12542793e+02 -1.79854780e+02
1.26262626e-06 -2.04545455e-05 1.49999362e+08 -4.51109333e+01 -1.51081182e+02
1.76767677e-06 -2.04545455e-05 1.49999402e+08 2.84621952e+01 -1.34429155e+02
2.27272727e-06 -2.04545455e-05 1.49999449e+08 1.04887332e+02 -1.29213348e+02
2.77777778e-06 -2.04545455e-05 1.49999503e+08 1.81344350e+02 -1.34394235e+02
3.28282828e-06 -2.04545455e-05 1.49999562e+08 2.55512498e+02 -1.48712839e+02
3.78787879e-06 -2.04545455e-05 1.49999622e+08 3.25561405e+02 -1.70806338e+02
4.29292929e-06 -2.04545455e-05 1.49999684e+08 3.90114284e+02 -1.99300455e+02
4.79797980e-06 -2.04545455e-05 1.49999744e+08 4.48193852e+02 -2.32877899e+02
5.30303030e-06 -2.04545455e-05 1.49999803e+08 4.99159798e+02 -2.70324425e+02
5.80808081e-06 -2.04545455e-05 1.49999858e+08 5.42644643e+02 -3.10555510e+02
6.31313131e-06 -2.04545455e-05 1.49999909e+08 5.78492871e+02 -3.52627288e+02
6.81818182e-06 -2.04545455e-05 1.49999956e+08 6.06706458e+02 -3.95735504e+02
7.32323232e-06 -2.04545455e-05 1.49999997e+08 6.27398521e+02 -4.39205991e+02
7.82828283e-06 -2.04545455e-05 1.50000034e+08 6.40755714e+02 -4.82479694e+02
8.33333333e-06 -2.04545455e-05 1.50000066e+08 6.47009241e+02 -5.25094772e+02
8.83838384e-06 -2.04545455e-05 1.50000092e+08 6.46413848e+02 -5.66667711e+02
9.34343434e-06 -2.04545455e-05 1.50000115e+08 6.39233883e+02 -6.06874923e+02
9.84848485e-06 -2.04545455e-05 1.50000133e+08 6.25735349e+02 -6.45435887e+02
1.03535354e-05 -2.04545455e-05 1.50000147e+08 6.06182854e+02 -6.82098499e+02
1.08585859e-05 -2.04545455e-05 1.50000157e+08 5.80840382e+02 -7.16627076e+02
1.13636364e-05 -2.04545455e-05 1.50000165e+08 5.49974889e+02 -7.48793220e+02
1.18686869e-05 -2.04545455e-05 1.50000170e+08 5.13861781e+02 -7.78369593e+02
1.23737374e-05 -2.04545455e-05 1.50000174e+08 4.72791450e+02 -8.05126521e+02
1.28787879e-05 -2.04545455e-05 1.50000176e+08 4.27076117e+02 -8.28831276e+02
1.33838384e-05 -2.04545455e-05 1.50000177e+08 3.77056335e+02 -8.49249762e+02
1.38888889e-05 -2.04545455e-05 1.50000178e+08 3.23106579e+02 -8.66150314e+02
1.43939394e-05 -2.04545455e-05 1.50000179e+08 2.65639461e+02 -8.79309211e+02
1.48989899e-05 -2.04545455e-05 1.50000181e+08 2.05108194e+02 -8.88517512e+02
1.54040404e-05 -2.04545455e-05 1.50000183e+08 1.42007053e+02 -8.93588735e+02
1.59090909e-05 -2.04545455e-05 1.50000187e+08 7.68696606e+01 -8.94366918e+02
1.64141414e-05 -2.04545455e-05 1.50000192e+08 1.02650712e+01 -8.90734568e+02
1.69191919e-05 -2.04545455e-05 1.50000198e+08 -5.72082700e+01 -8.82620040e+02
1.74242424e-05 -2.04545455e-05 1.50000206e+08 -1.24930504e+02 -8.70003890e+02
1.79292929e-05 -2.04545455e-05 1.50000215e+08 -1.92269975e+02 -8.52923832e+02
1.84343434e-05 -2.04545455e-05 1.50000226e+08 -2.58594098e+02 -8.31477983e+02
1.89393939e-05 -2.04545455e-05 1.50000239e+08 -3.23281030e+02 -8.05826177e+02
1.94444444e-05 -2.04545455e-05 1.50000252e+08 -3.85731633e+02 -7.76189222e+02
1.99494949e-05 -2.04545455e-05 1.50000267e+08 -4.45381233e+02 -7.42846107e+02
2.04545455e-05 -2.04545455e-05 1.50000283e+08 -5.01710654e+02 -7.06129241e+02
2.09595960e-05 -2.04545455e-05 1.50000299e+08 -5.54256083e+02 -6.66417928e+02
2.14646465e-05 -2.04545455e-05 1.50000315e+08 -6.02617373e+02 -6.24130365e+02
2.19696970e-05 -2.04545455e-05 1.50000332e+08 -6.46464471e+02 -5.79714510e+02
2.24747475e-05 -2.04545455e-05 1.50000348e+08 -6.85541782e+02 -5.33638212e+02
2.29797980e-05 -2.04545455e-05 1.50000364e+08 -7.19670366e+02 -4.86379016e+02
2.34848485e-05 -2.04545455e-05 1.50000378e+08 -7.48747984e+02 -4.38414057e+02
2.39898990e-05 -2.04545455e-05 1.50000392e+08 -7.72747103e+02 -3.90210406e+02
2.44949495e-05 -2.04545455e-05 1.50000404e+08 -7.91711052e+02 -3.42216208e+02
2.50000000e-05 -2.04545455e-05 1.50000415e+08 -8.05748596e+02 -2.94852875e+02
-2.50000000e-05 -1.99494949e-05 1.49999920e+08 2.59381992e+02 6.76783741e+02
-2.44949495e-05 -1.99494949e-05 1.49999915e+08 2.95705133e+02 6.96507871e+02
-2.39898990e-05 -1.99494949e-05 1.49999909e+08 3.33897560e+02 7.16242622e+02
-2.34848485e-05 -1.99494949e-05 1.49999902e+08 3.74047371e+02 7.35949287e+02
-2.29797980e-05 -1.99494949e-05 1.49999894e+08 4.16252739e+02 7.55579503e+02
-2.24747475e-05 -1.99494949e-05 1.49999884e+08 4.60622584e+02 7.75071795e+02
-2.19696970e-05 -1.99494949e-05 1.49999872e+08 5.07276790e+02 7.94347272e+02
-2.14646465e-05 -1.99494949e-05 1.49999859e+08 5.56345738e+02 8.13304400e+02
-2.09595960e-05 -1.99494949e-05 1.49999844e+08 6.07968898e+02 8.31812768e+02
-2.04545455e-05 -1.99494949e-05 1.49999827e+08 6.62292124e+02 8.49705811e+02
-1.99494949e-05 -1.99494949e-05 1.49999809e+08 7.19463295e+02 8.66772488e+02
-1.94444444e-05 -1.99494949e-05 1.49999789e+08 7.79625844e+02 8.82748017e+02
-1.89393939e-05 -1.99494949e-05 1.49999767e+08 8.42909710e+02 8.97303812e+02
-1.84343434e-05 -1.99494949e-05 1.49999744e+08 9.09419181e+02 9.10036939e+02
-1.79292929e-05 -1.99494949e-05 1.49999719e+08 9.79217127e+02 9.20459525e+02
-1.74242424e-05 -1.99494949e-05 1.49999693e+08 1.05230509e+03 9.27988766e+02
-1.69191919e-05 -1.99494949e-05 1.49999667e+08 1.12859878e+03 9.31938403e+02
-1.64141414e-05 -1.99494949e-05 1.49999640e+08 1.20789872e+03 9.31512828e+02
-1.59090909e-05 -1.99494949e-05 1.49999613e+08 1.28985584e+03 9.25805335e+02
-1.54040404e-05 -1.99494949e-05 1.49999588e+08 1.37393236e+03 9.13802383e+02
-1.48989899e-05 -1.99494949e-05 1.49999564e+08 1.45935876e+03 8.94396200e+02
-1.43939394e-05 -1.99494949e-05 1.49999543e+08 1.54508833e+03 8.66408422e+02
-1.38888889e-05 -1.99494949e-05 1.49999524e+08 1.62975212e+03 8.28627784e+02
-1.33838384e-05 -1.99494949e-05 1.49999511e+08 1.71161825e+03 7.79864925e+02
-1.28787879e-05 -1.99494949e-05 1.49999502e+08 1.78856141e+03 7.19027051e+02
-1.23737374e-05 -1.99494949e-05 1.49999500e+08 1.85805036e+03 6.45214152e+02
-1.18686869e-05 -1.99494949e-05 1.49999504e+08 1.91716303e+03 5.57836544e+02
-1.13636364e-05 -1.99494949e-05 1.49999516e+08 1.96264022e+03 4.56750379e+02
-1.08585859e-05 -1.99494949e-05 1.49999534e+08 1.99098931e+03 3.42403365e+02
-1.03535354e-05 -1.99494949e-05 1.49999559e+08 1.99864746e+03 2.15977459e+02
-9.84848485e-06 -1.99494949e-05 1.49999589e+08 1.98220937e+03 7.95092660e+01
-9.34343434e-06 -1.99494949e-05 1.49999623e+08 1.93871659e+03 -6.40363687e+01
-8.83838384e-06 -1.99494949e-05 1.49999659e+08 1.86599350e+03 -2.10766927e+02
-8.33333333e-06 -1.99494949e-05 1.49999693e+08 1.76300121e+03 -3.55962545e+02
-7.82828283e-06 -1.99494949e-05 1.49999722e+08 1.63016611e+03 -4.94293497e+02
-7.32323232e-06 -1.99494949e-05 1.49999743e+08 1.46962952e+03 -6.20156818e+02
-6.81818182e-06 -1.99494949e-05 1.49999754e+08 1.28536215e+03 -7.28112596e+02
-6.31313131e-06 -1.99494949e-05 1.49999752e+08 1.08309685e+03 -8.13376694e+02
-5.80808081e-06 -1.99494949e-05 1.49999735e+08 8.70055663e+02 -8.72306477e+02
-5.30303030e-06 -1.99494949e-05 1.49999703e+08 6.54480175e+02 -9.02806049e+02
-4.79797980e-06 -1.99494949e-05 1.49999658e+08 4.45011199e+02 -9.04582512e+02
-4.29292929e-06 -1.99494949e-05 1.49999602e+08 2.49995202e+02 -8.79205889e+02
-3.78787879e-06 -1.99494949e-05 1.49999539e+08 7.68118732e+01 -8.29958554e+02
-3.28282828e-06 -1.99494949e-05 1.49999473e+08 -6.86852629e+01 -7.61497275e+02
-2.77777778e-06 -1.99494949e-05 1.49999408e+08 -1.82544836e+02 -6.79382710e+02
-2.27272727e-06 -1.99494949e-05 1.49999350e+08 -2.62874352e+02 -5.89549827e+02
-1.76767677e-06 -1.99494949e-05 1.49999302e+08 -3.09780008e+02 -4.97794850e+02
-1.26262626e-06 -1.99494949e-05 1.49999267e+08 -3.25124735e+02 -4.09341723e+02
-7.57575758e-07 -1.99494949e-05 1.49999247e+08 -3.12160718e+02 -3.28528849e+02
-2.52525253e-07 -1.99494949e-05 1.49999243e+08 -2.75099987e+02 -2.58631758e+02
2.52525253e-07 -1.99494949e-05 1.49999256e+08 -2.18681912e+02 -2.01815099e+02
7.57575758e-07 -1.99494949e-05 1.49999283e+08 -1.47783508e+02 -1.59191479e+02
1.26262626e-06 -1.99494949e-05 1.49999323e+08 -6.71019789e+01 -1.30956505e+02
1.76767677e-06 -1.99494949e-05 1.49999375e+08 1.90772829e+01 -1.16567899e+02
2.27272727e-06 -1.99494949e-05 1.49999435e+08 1.07027303e+02 -1.14940121e+02
2.77777778e-06 -1.99494949e-05 1.49999502e+08 1.93650126e+02 -1.24632221e+02
3.28282828e-06 -1.99494949e-05 1.49999573e+08 2.76486000e+02 -1.44013833e+02
3.78787879e-06 -1.99494949e-05 1.49999645e+08 3.53677538e+02 -1.71400999e+02
4.29292929e-06 -1.99494949e-05 1.49999716e+08 4.23904593e+02 -2.05159021e+02
4.79797980e-06 -1.99494949e-05 1.49999785e+08 4.86303410e+02 -2.43773526e+02
5.30303030e-06 -1.99494949e-05 1.49999851e+08 5.40380736e+02 -2.85893475e+02
5.80808081e-06 -1.99494949e-05 1.49999913e+08 5.85930654e+02 -3.30351093e+02
6.31313131e-06 -1.99494949e-05 1.49999969e+08 6.22959176e+02 -3.76164064e+02
6.81818182e-06 -1.99494949e-05 1.50000019e+08 6.51619456e+02 -4.22525029e+02
7.32323232e-06 -1.99494949e-05 1.50000063e+08 6.72158778e+02 -4.68782811e+02
7.82828283e-06 -1.99494949e-05 1.50000101e+08 6.84877302e+02 -5.14418986e+02
8.33333333e-06 -1.99494949e-05 1.50000133e+08 6.90097755e+02 -5.59022619e+02
8.83838384e-06 -1.99494949e-05 1.50000160e+08 6.88144855e+02 -6.02265259e+02
9.34343434e-06 -1.99494949e-05 1.50000181e+08 6.79333008e+02 -6.43877640e+02
9.84848485e-06 -1.99494949e-05 1.50000197e+08 6.63960828e+02 -6.83629074e+02
1.03535354e-05 -1.99494949e-05 1.50000209e+08 6.42311029e+02 -7.21310091e+02
1.08585859e-05 -1.99494949e-05 1.50000217e+08 6.14654405e+02 -7.56718639e+02
1.13636364e-05 -1.99494949e-05 1.50000222e+08 5.81256682e+02 -7.89649921e+02
1.18686869e-05 -1.99494949e-05 1.50000224e+08 5.42387198e+02 -8.19889819e+02
1.23737374e-05 -1.99494949e-05 1.50000224e+08 4.98328471e+02 -8.47211722e+02
1.28787879e-05 -1.99494949e-05 1.50000223e+08 4.49385822e+02 -8.71376522e+02
1.33838384e-05 -1.99494949e-05 1.50000221e+08 3.95896330e+02 -8.92135434e+02
1.38888889e-05 -1.99494949e-05 1.50000219e+08 3.38236502e+02 -9.09235266e+02
1.43939394e-05 -1.99494949e-05 1.50000217e+08 2.76828130e+02 -9.22425692e+02
1.48989899e-05 -1.99494949e-05 1.50000216e+08 2.12141923e+02 -9.31468035e+02
1.54040404e-05 -1.99494949e-05 1.50000216e+08 1.44698619e+02 -9.36145016e+02
1.59090909e-05 -1.99494949e-05 1.50000217e+08 7.50673977e+01 -9.36270918e+02
1.64141414e-05 -1.99494949e-05 1.50000220e+08 3.86157069e+00 -9.31701578e+02
1.69191919e-05 -1.99494949e-05 1.50000225e+08 -6.82683661e+01 -9.22343641e+02
1.74242424e-05 -1.99494949e-05 1.50000231e+08 -1.40644067e+02 -9.08162563e+02
1.79292929e-05 -1.99494949e-05 1.50000240e+08 -2.12570696e+02 -8.89188875e+02
1.84343434e-05 -1.99494949e-05 1.50000250e+08 -2.83349841e+02 -8.65522353e+02
1.89393939e-05 -1.99494949e-05 1.50000262e+08 -3.52293405e+02 -8.37333814e+02
1.94444444e-05 -1.99494949e-05 1.50000276e+08 -4.18737871e+02 -8.04864399e+02
1.99494949e-05 -1.99494949e-05 1.50000290e+08 -4.82058301e+02 -7.68422349e+02
2.04545455e-05 -1.99494949e-05 1.50000306e+08 -5.41681444e+02 -7.28377387e+02
2.09595960e-05 -1.99494949e-05 1.50000323e+08 -5.97097397e+02 -6.85152970e+02
2.14646465e-05 -1.99494949e-05 1.50000340e+08 -6.47869340e+02 -6.39216772e+02
2.19696970e-05 -1.99494949e-05 1.50000357e+08 -6.93640983e+02 -5.91069830e+02
2.24747475e-05 -1.99494949e-05 1.50000373e+08 -7.34141482e+02 -5.41234850e+02
2.29797980e-05 -1.99494949e-05 1.50000389e+08 -7.69187742e+02 -4.90244189e+02
2.34848485e-05 -1.99494949e-05 1.50000404e+08 -7.98684116e+02 -4.38627998e+02
2.39898990e-05 -1.99494949e-05 1.50000418e+08 -8.22619685e+02 -3.86903003e+02
2.44949495e-05 -1.99494949e-05 1.50000430e+08 -8.41063353e+02 -3.35562300e+02
2.50000000e-05 -1.99494949e-05 1.50000441e+08 -8.54157118e+02 -2.85066485e+02
-2.50000000e-05 -1.94444444e-05 1.49999931e+08 2.39134215e+02 6.81299538e+02
-2.44949495e-05 -1.94444444e-05 1.49999927e+08 2.75374766e+02 7.02141059e+02
-2.39898990e-05 -1.94444444e-05 1.49999921e+08 3.13510768e+02 7.23111303e+02
-2.34848485e-05 -1.94444444e-05 1.49999914e+08 3.53637184e+02 7.44190524e+02
-2.29797980e-05 -1.94444444e-05 1.49999905e+08 3.95862089e+02 7.65352119e+02
-2.24747475e-05 -1.94444444e-05 1.49999895e+08 4.40308186e+02 7.86559218e+02
-2.19696970e-05 -1.94444444e-05 1.49999883e+08 4.87113987e+02 8.07760307e+02
-2.14646465e-05 -1.94444444e-05 1.49999869e+08 5.36434426e+02 8.28883735e+02
-2.09595960e-05 -1.94444444e-05 1.49999853e+08 5.88440615e+02 8.49830978e+02
-2.04545455e-05 -1.94444444e-05 1.49999835e+08 6.43318363e+02 8.70468541e+02
-1.99494949e-05 -1.94444444e-05 1.49999815e+08 7.01265032e+02 8.90618455e+02
-1.94444444e-05 -1.94444444e-05 1.49999793e+08 7.62484198e+02 9.10047353e+02
-1.89393939e-05 -1.94444444e-05 1.49999768e+08 8.27177538e+02 9.28454229e+02
-1.84343434e-05 -1.94444444e-05 1.49999742e+08 8.95533293e+02 9.45457092e+02
-1.79292929e-05 -1.94444444e-05 1.49999714e+08 9.67710599e+02 9.60578885e+02
-1.74242424e-05 -1.94444444e-05 1.49999684e+08 1.04381896e+03 9.73233245e+02
-1.69191919e-05 -1.94444444e-05 1.49999653e+08 1.12389214e+03 9.82710944e+02
-1.64141414e-05 -1.94444444e-05 1.49999621e+08 1.20785579e+03 9.88168164e+02
-1.59090909e-05 -1.94444444e-05 1.49999588e+08 1.29548834e+03 9.88618217e+02
-1.54040404e-05 -1.94444444e-05 1.49999556e+08 1.38637487e+03 9.82928779e+02
-1.48989899e-05 -1.94444444e-05 1.49999526e+08 1.47985430e+03 9.69827370e+02
-1.43939394e-05 -1.94444444e-05 1.49999497e+08 1.57496090e+03 9.47918451e+02
-1.38888889e-05 -1.94444444e-05 1.49999472e+08 1.67036238e+03 9.15716199e+02
-1.33838384e-05 -1.94444444e-05 1.49999451e+08 1.76429865e+03 8.71697501e+02
-1.28787879e-05 -1.94444444e-05 1.49999435e+08 1.85452730e+03 8.14379870e+02
-1.23737374e-05 -1.94444444e-05 1.49999426e+08 1.93828501e+03 7.42428343e+02
-1.18686869e-05 -1.94444444e-05 1.49999425e+08 2.01227705e+03 6.54793666e+02
-1.13636364e-05 -1.94444444e-05 1.49999432e+08 2.07270989e+03 5.50880653e+02
-1.08585859e-05 -1.94444444e-05 1.49999448e+08 2.11538411e+03 4.30740151e+02
-1.03535354e-05 -1.94444444e-05 1.49999472e+08 2.13586436e+03 2.95270518e+02
-9.84848485e-06 -1.94444444e-05 1.49999504e+08 2.12973888e+03 1.46405307e+02
-9.34343434e-06 -1.94444444e-05 1.49999541e+08 2.09297206e+03 -1.27454572e+01
-8.83838384e-06 -1.94444444e-05 1.49999582e+08 2.02233778e+03 -1.77840127e+02
-8.33333333e-06 -1.94444444e-05 1.49999622e+08 1.91590087e+03 -3.43377425e+02
-7.82828283e-06 -1.94444444e-05 1.49999658e+08 1.77349057e+03 -5.02928650e+02
-7.32323232e-06 -1.94444444e-05 1.49999686e+08 1.59709025e+03 -6.49543405e+02
-6.81818182e-06 -1.94444444e-05 1.49999702e+08 1.39105819e+03 -7.76311287e+02
-6.31313131e-06 -1.94444444e-05 1.49999703e+08 1.16210325e+03 -8.77024759e+02
-5.80808081e-06 -1.94444444e-05 1.49999686e+08 9.18969164e+02 -9.46854136e+02
-5.30303030e-06 -1.94444444e-05 1.49999653e+08 6.71831005e+02 -9.82925680e+02
-4.79797980e-06 -1.94444444e-05 1.49999603e+08 4.31464924e+02 -9.84697504e+02
-4.29292929e-06 -1.94444444e-05 1.49999540e+08 2.08303462e+02 -9.54058484e+02
-3.78787879e-06 -1.94444444e-05 1.49999469e+08 1.15171328e+01 -8.95126492e+02
-3.28282828e-06 -1.94444444e-05 1.49999395e+08 -1.51740480e+02 -8.13780586e+02
-2.77777778e-06 -1.94444444e-05 1.49999324e+08 -2.76821389e+02 -7.17010814e+02
-2.27272727e-06 -1.94444444e-05 1.49999261e+08 -3.61757734e+02 -6.12196373e+02
-1.76767677e-06 -1.94444444e-05 1.49999211e+08 -4.07133405e+02 -5.06422941e+02
-1.26262626e-06 -1.94444444e-05 1.49999177e+08 -4.15712318e+02 -4.05927125e+02
-7.57575758e-07 -1.94444444e-05 1.49999162e+08 -3.91910948e+02 -3.15719687e+02
-2.52525253e-07 -1.94444444e-05 1.49999167e+08 -3.41208701e+02 -2.39400793e+02
2.52525253e-07 -1.94444444e-05 1.49999190e+08 -2.69577709e+02 -1.79148908e+02
7.57575758e-07 -1.94444444e-05 1.49999230e+08 -1.82991065e+02 -1.35844702e+02
1.26262626e-06 -1.94444444e-05 1.49999285e+08 -8.70427791e+01 -1.09283123e+02
1.76767677e-06 -1.94444444e-05 1.49999351e+08 1.33104264e+01 -9.84282951e+01
2.27272727e-06 -1.94444444e-05 1.49999427e+08 1.13892889e+02 -1.01673663e+02
2.77777778e-06 -1.94444444e-05 1.49999508e+08 2.11357605e+02 -1.17080397e+02
3.28282828e-06 -1.94444444e-05 1.49999593e+08 3.03160862e+02 -1.42577783e+02
3.78787879e-06 -1.94444444e-05 1.49999677e+08 3.87487428e+02 -1.76118511e+02
4.29292929e-06 -1.94444444e-05 1.49999760e+08 4.63147306e+02 -2.15788710e+02
4.79797980e-06 -1.94444444e-05 1.49999839e+08 5.29460926e+02 -2.59877079e+02
5.30303030e-06 -1.94444444e-05 1.49999912e+08 5.86145231e+02 -3.06909890e+02
5.80808081e-06 -1.94444444e-05 1.49999980e+08 6.33208897e+02 -3.55659512e+02
6.31313131e-06 -1.94444444e-05 1.50000040e+08 6.70861449e+02 -4.05133834e+02
6.81818182e-06 -1.94444444e-05 1.50000094e+08 6.99438348e+02 -4.54553087e+02
7.32323232e-06 -1.94444444e-05 1.50000140e+08 7.19342245e+02 -5.03319424e+02
7.82828283e-06 -1.94444444e-05 1.50000179e+08 7.30999379e+02 -5.50983360e+02
8.33333333e-06 -1.94444444e-05 1.50000211e+08 7.34829420e+02 -5.97210109e+02
8.83838384e-06 -1.94444444e-05 1.50000236e+08 7.31226756e+02 -6.41747872e+02
9.34343434e-06 -1.94444444e-05 1.50000255e+08 7.20551186e+02 -6.84399427e+02
9.84848485e-06 -1.94444444e-05 1.50000269e+08 7.03126091e+02 -7.24997775e+02
1.03535354e-05 -1.94444444e-05 1.50000278e+08 6.79242308e+02 -7.63386240e+02
1.08585859e-05 -1.94444444e-05 1.50000283e+08 6.49166180e+02 -7.99403107e+02
1.13636364e-05 -1.94444444e-05 1.50000284e+08 6.13150426e+02 -8.32870737e+02
1.18686869e-05 -1.94444444e-05 1.50000282e+08 5.71446651e+02 -8.63588957e+02
1.23737374e-05 -1.94444444e-05 1.50000279e+08 5.24318479e+02 -8.91332455e+02
1.28787879e-05 -1.94444444e-05 1.50000274e+08 4.72054414e+02 -9.15851829e+02
1.33838384e-05 -1.94444444e-05 1.50000268e+08 4.14979648e+02 -9.36877899e+02
1.38888889e-05 -1.94444444e-05 1.50000262e+08 3.53466123e+02 -9.54128838e+02
1.43939394e-05 -1.94444444e-05 1.50000257e+08 2.87940277e+02 -9.67319590e+02
1.48989899e-05 -1.94444444e-05 1.50000253e+08 2.18888013e+02 -9.76173018e+02
1.54040404e-05 -1.94444444e-05 1.50000250e+08 1.46856543e+02 -9.80432159e+02
1.59090909e-05 -1.94444444e-05 1.50000249e+08 7.24529133e+01 -9.79872913e+02
1.64141414e-05 -1.94444444e-05 1.50000249e+08 -3.66082896e+00 -9.74316498e+02
1.69191919e-05 -1.94444444e-05 1.50000252e+08 -8.07756999e+01 -9.63640977e+02
1.74242424e-05 -1.94444444e-05 1.50000257e+08 -1.58146792e+02 -9.47791238e+02
1.79292929e-05 -1.94444444e-05 1.50000265e+08 -2.35006780e+02 -9.26786842e+02
1.84343434e-05 -1.94444444e-05 1.50000274e+08 -3.10581335e+02 -9.00727293e+02
1.89393939e-05 -1.94444444e-05 1.50000286e+08 -3.84105751e+02 -8.69794405e+02
1.94444444e-05 -1.94444444e-05 1.50000299e+08 -4.54842017e+02 -8.34251587e+02
1.99494949e-05 -1.94444444e-05 1.50000314e+08 -5.22095554e+02 -7.94440055e+02
2.04545455e-05 -1.94444444e-05 1.50000330e+08 -5.85230832e+02 -7.50772146e+02
2.09595960e-05 -1.94444444e-05 1.50000347e+08 -6.43685201e+02 -7.03722039e+02
2.14646465e-05 -1.94444444e-05 1.50000365e+08 -6.96980332e+02 -6.53814361e+02
2.19696970e-05 -1.94444444e-05 1.50000382e+08 -7.44730840e+02 -6.01611221e+02
2.24747475e-05 -1.94444444e-05 1.50000399e+08 -7.86649813e+02 -5.47698286e+02
2.29797980e-05 -1.94444444e-05 1.50000415e+08 -8.22551154e+02 -4.92670553e+02
2.34848485e-05 -1.94444444e-05 1.50000431e+08 -8.52348791e+02 -4.37118402e+02
2.39898990e-05 -1.94444444e-05 1.50000445e+08 -8.76052988e+02 -3.81614520e+02
2.44949495e-05 -1.94444444e-05 1.50000457e+08 -8.93764094e+02 -3.26702132e+02
2.50000000e-05 -1.94444444e-05 1.50000467e+08 -9.05664167e+02 -2.72884933e+02
-2.50000000e-05 -1.89393939e-05 1.49999944e+08 2.17874094e+02 6.84044000e+02
-2.44949495e-05 -1.89393939e-05 1.49999940e+08 2.53925326e+02 7.05892905e+02
-2.39898990e-05 -1.89393939e-05 1.49999935e+08 2.91879913e+02 7.27982960e+02
-2.34848485e-05 -1.89393939e-05 1.49999928e+08 3.31836612e+02 7.50314920e+02
-2.29797980e-05 -1.89393939e-05 1.49999920e+08 3.73910137e+02 7.72886242e+02
-2.24747475e-05 -1.89393939e-05 1.49999910e+08 4.18233623e+02 7.95687908e+02
-2.19696970e-05 -1.89393939e-05 1.49999897e+08 4.64960923e+02 8.18700171e+02
-2.14646465e-05 -1.89393939e-05 1.49999883e+08 5.14268509e+02 8.41887006e+02
-2.09595960e-05 -1.89393939e-05 1.49999866e+08 5.66356671e+02 8.65189079e+02
-2.04545455e-05 -1.89393939e-05 1.49999847e+08 6.21449608e+02 8.88515047e+02
-1.99494949e-05 -1.89393939e-05 1.49999825e+08 6.79793933e+02 9.11731041e+02
-1.94444444e-05 -1.89393939e-05 1.49999801e+08 7.41654988e+02 9.34648234e+02
-1.89393939e-05 -1.89393939e-05 1.49999775e+08 8.07310292e+02 9.57008489e+02
-1.84343434e-05 -1.89393939e-05 1.49999745e+08 8.77039329e+02 9.78468189e+02
-1.79292929e-05 -1.89393939e-05 1.49999713e+08 9.51108797e+02 9.98580497e+02
-1.74242424e-05 -1.89393939e-05 1.49999679e+08 1.02975236e+03 1.01677651e+03
-1.69191919e-05 -1.89393939e-05 1.49999643e+08 1.11314385e+03 1.03234603e+03
-1.64141414e-05 -1.89393939e-05 1.49999605e+08 1.20136294e+03 1.04441899e+03
-1.59090909e-05 -1.89393939e-05 1.49999567e+08 1.29435217e+03 1.05194914e+03
-1.54040404e-05 -1.89393939e-05 1.49999528e+08 1.39186447e+03 1.05370215e+03
-1.48989899e-05 -1.89393939e-05 1.49999489e+08 1.49340083e+03 1.04825100e+03
-1.43939394e-05 -1.89393939e-05 1.49999452e+08 1.59813804e+03 1.03398281e+03
-1.38888889e-05 -1.89393939e-05 1.49999418e+08 1.70484813e+03 1.00912203e+03
-1.33838384e-05 -1.89393939e-05 1.49999388e+08 1.81181266e+03 9.71776274e+02
-1.28787879e-05 -1.89393939e-05 1.49999363e+08 1.91673792e+03 9.20011905e+02
-1.23737374e-05 -1.89393939e-05 1.49999346e+08 2.01668088e+03 8.51966722e+02
-1.18686869e-05 -1.89393939e-05 1.49999338e+08 2.10800042e+03 7.66005871e+02
-1.13636364e-05 -1.89393939e-05 1.49999339e+08 2.18635341e+03 6.60924023e+02
-1.08585859e-05 -1.89393939e-05 1.49999350e+08 2.24676010e+03 5.36190595e+02
-1.03535354e-05 -1.89393939e-05 1.49999372e+08 2.28376546e+03 3.92225044e+02
-9.84848485e-06 -1.89393939e-05 1.49999404e+08 2.29172118e+03 2.30676023e+02
-9.34343434e-06 -1.89393939e-05 1.49999444e+08 2.26520355e+03 5.46628033e+01
-8.83838384e-06 -1.89393939e-05 1.49999490e+08 2.19956319e+03 -1.31076890e+02
-8.33333333e-06 -1.89393939e-05 1.49999537e+08 2.09157329e+03 -3.20196340e+02
-7.82828283e-06 -1.89393939e-05 1.49999581e+08 1.94010667e+03 -5.04965330e+02
-7.32323232e-06 -1.89393939e-05 1.49999617e+08 1.74673587e+03 -6.76746867e+02
-6.81818182e-06 -1.89393939e-05 1.49999640e+08 1.51612806e+03 -8.26716665e+02
-6.31313131e-06 -1.89393939e-05 1.49999645e+08 1.25610978e+03 -9.46758881e+02
-5.80808081e-06 -1.89393939e-05 1.49999630e+08 9.77316251e+02 -1.03041334e+03
-5.30303030e-06 -1.89393939e-05 1.49999594e+08 6.92413585e+02 -1.07371073e+03
-4.79797980e-06 -1.89393939e-05 1.49999538e+08 4.14974510e+02 -1.07573135e+03
-4.29292929e-06 -1.89393939e-05 1.49999468e+08 1.58172945e+02 -1.03876695e+03
-3.78787879e-06 -1.89393939e-05 1.49999387e+08 -6.64889128e+01 -9.68045688e+02
-3.28282828e-06 -1.89393939e-05 1.49999304e+08 -2.50212090e+02 -8.71073360e+02
-2.77777778e-06 -1.89393939e-05 1.49999224e+08 -3.87538759e+02 -7.56721421e+02
-2.27272727e-06 -1.89393939e-05 1.49999157e+08 -4.76533471e+02 -6.34231614e+02
-1.76767677e-06 -1.89393939e-05 1.49999105e+08 -5.18537567e+02 -5.12301593e+02
-1.26262626e-06 -1.89393939e-05 1.49999075e+08 -5.17598017e+02 -3.98374272e+02
-7.57575758e-07 -1.89393939e-05 1.49999067e+08 -4.79707985e+02 -2.98193941e+02
-2.52525253e-07 -1.89393939e-05 1.49999082e+08 -4.11996844e+02 -2.15633508e+02
2.52525253e-07 -1.89393939e-05 1.49999119e+08 -3.21981597e+02 -1.52752941e+02
7.57575758e-07 -1.89393939e-05 1.49999176e+08 -2.16953225e+02 -1.10024536e+02
1.26262626e-06 -1.89393939e-05 1.49999248e+08 -1.03532053e+02 -8.66547565e+01
1.76767677e-06 -1.89393939e-05 1.49999333e+08 1.26061365e+01 -8.09399141e+01
2.27272727e-06 -1.89393939e-05 1.49999427e+08 1.26853539e+02 -9.06077877e+01
2.77777778e-06 -1.89393939e-05 1.49999525e+08 2.35675222e+02 -1.13114117e+02
3.28282828e-06 -1.89393939e-05 1.49999624e+08 3.36530624e+02 -1.45878267e+02
3.78787879e-06 -1.89393939e-05 1.49999723e+08 4.27744311e+02 -1.86454361e+02
4.29292929e-06 -1.89393939e-05 1.49999817e+08 5.08353000e+02 -2.32642358e+02
4.79797980e-06 -1.89393939e-05 1.49999906e+08 5.77949073e+02 -2.82548162e+02
5.30303030e-06 -1.89393939e-05 1.49999987e+08 6.36534226e+02 -3.34603779e+02
5.80808081e-06 -1.89393939e-05 1.50000061e+08 6.84391276e+02 -3.87558435e+02
6.31313131e-06 -1.89393939e-05 1.50000126e+08 7.21977841e+02 -4.40450432e+02
6.81818182e-06 -1.89393939e-05 1.50000182e+08 7.49842514e+02 -4.92567736e+02
7.32323232e-06 -1.89393939e-05 1.50000229e+08 7.68562209e+02 -5.43403463e+02
7.82828283e-06 -1.89393939e-05 1.50000268e+08 7.78698286e+02 -5.92610697e+02
8.33333333e-06 -1.89393939e-05 1.50000299e+08 7.80768580e+02 -6.39959637e+02
8.83838384e-06 -1.89393939e-05 1.50000322e+08 7.75232427e+02 -6.85298924e+02
9.34343434e-06 -1.89393939e-05 1.50000339e+08 7.62485970e+02 -7.28522176e+02
9.84848485e-06 -1.89393939e-05 1.50000349e+08 7.42865344e+02 -7.69540184e+02
1.03535354e-05 -1.89393939e-05 1.50000354e+08 7.16655662e+02 -8.08258830e+02
1.08585859e-05 -1.89393939e-05 1.50000355e+08 6.84104055e+02 -8.44562595e+02
1.13636364e-05 -1.89393939e-05 1.50000351e+08 6.45435315e+02 -8.78303371e+02
1.18686869e-05 -1.89393939e-05 1.50000345e+08 6.00868862e+02 -9.09294223e+02
1.23737374e-05 -1.89393939e-05 1.50000337e+08 5.50635993e+02 -9.37307738e+02
1.28787879e-05 -1.89393939e-05 1.50000328e+08 4.94996445e+02 -9.62078517e+02
1.33838384e-05 -1.89393939e-05 1.50000318e+08 4.34253447e+02 -9.83309378e+02
1.38888889e-05 -1.89393939e-05 1.50000308e+08 3.68766521e+02 -1.00068074e+03
1.43939394e-05 -1.89393939e-05 1.50000299e+08 2.98961395e+02 -1.01386263e+03
1.48989899e-05 -1.89393939e-05 1.50000291e+08 2.25336487e+02 -1.02252865e+03
1.54040404e-05 -1.89393939e-05 1.50000285e+08 1.48465581e+02 -1.02637124e+03
1.59090909e-05 -1.89393939e-05 1.50000281e+08 6.89964379e+01 -1.02511737e+03
1.64141414e-05 -1.89393939e-05 1.50000279e+08 -1.23546839e+01 -1.01854394e+03
1.69191919e-05 -1.89393939e-05 1.50000280e+08 -9.48124873e+01 -1.00649208e+03
1.74242424e-05 -1.89393939e-05 1.50000283e+08 -1.77555702e+02 -9.88879479e+02
1.79292929e-05 -1.89393939e-05 1.50000290e+08 -2.59733224e+02 -9.65710142e+02
1.84343434e-05 -1.89393939e-05 1.50000299e+08 -3.40482599e+02 -9.37081003e+02
1.89393939e-05 -1.89393939e-05 1.50000310e+08 -4.18950001e+02 -9.03184934e+02
1.94444444e-05 -1.89393939e-05 1.50000323e+08 -4.94310745e+02 -8.64310008e+02
1.99494949e-05 -1.89393939e-05 1.50000338e+08 -5.65789357e+02 -8.20834993e+02
2.04545455e-05 -1.89393939e-05 1.50000355e+08 -6.32678263e+02 -7.73221298e+02
2.09595960e-05 -1.89393939e-05 1.50000372e+08 -6.94354217e+02 -7.22001794e+02
2.14646465e-05 -1.89393939e-05 1.50000390e+08 -7.50291779e+02 -6.67767083e+02
2.19696970e-05 -1.89393939e-05 1.50000408e+08 -8.00073300e+02 -6.11149929e+02
2.24747475e-05 -1.89393939e-05 1.50000426e+08 -8.43395110e+02 -5.52808610e+02
2.29797980e-05 -1.89393939e-05 1.50000443e+08 -8.80069804e+02 -4.93409997e+02
2.34848485e-05 -1.89393939e-05 1.50000458e+08 -9.10024753e+02 -4.33613113e+02
2.39898990e-05 -1.89393939e-05 1.50000472e+08 -9.33297137e+02 -3.74053846e+02
2.44949495e-05 -1.89393939e-05 1.50000485e+08 -9.50025966e+02 -3.15331381e+02
2.50000000e-05 -1.89393939e-05 1.50000495e+08 -9.60441645e+02 -2.57996774e+02
-2.50000000e-05 -1.84343434e-05 1.49999959e+08 1.95718935e+02 6.84906556e+02
-2.44949495e-05 -1.84343434e-05 1.49999956e+08 2.31482381e+02 7.07629944e+02
-2.39898990e-05 -1.84343434e-05 1.49999952e+08 2.69137912e+02 7.30696792e+02
-2.34848485e-05 -1.84343434e-05 1.49999945e+08 3.08784327e+02 7.54129267e+02
-2.29797980e-05 -1.84343434e-05 1.49999937e+08 3.50538858e+02 7.77950558e+02
-2.24747475e-05 -1.84343434e-05 1.49999927e+08 3.94540652e+02 8.02182146e+02
-2.19696970e-05 -1.84343434e-05 1.49999915e+08 4.40954315e+02 8.26839913e+02
-2.14646465e-05 -1.84343434e-05 1.49999900e+08 4.89973298e+02 8.51928803e+02
-2.09595960e-05 -1.84343434e-05 1.49999883e+08 5.41822807e+02 8.77435793e+02
-2.04545455e-05 -1.84343434e-05 1.49999863e+08 5.96761828e+02 9.03320868e+02
-1.99494949e-05 -1.84343434e-05 1.49999841e+08 6.55083731e+02 9.29505785e+02
-1.94444444e-05 -1.84343434e-05 1.49999815e+08 7.17114815e+02 9.55860394e+02
-1.89393939e-05 -1.84343434e-05 1.49999786e+08 7.83210000e+02 9.82186399e+02
-1.84343434e-05 -1.84343434e-05 1.49999754e+08 8.53744760e+02 1.00819850e+03
-1.79292929e-05 -1.84343434e-05 1.49999719e+08 9.29102258e+02 1.03350303e+03
-1.74242424e-05 -1.84343434e-05 1.49999680e+08 1.00965449e+03 1.05757438e+03
-1.69191919e-05 -1.84343434e-05 1.49999639e+08 1.09573610e+03 1.07972963e+03
-1.64141414e-05 -1.84343434e-05 1.49999595e+08 1.18760947e+03 1.09910247e+03
-1.59090909e-05 -1.84343434e-05 1.49999550e+08 1.28541939e+03 1.11461745e+03
-1.54040404e-05 -1.84343434e-05 1.49999503e+08 1.38913579e+03 1.12496688e+03
-1.48989899e-05 -1.84343434e-05 1.49999455e+08 1.49848291e+03 1.12859315e+03
-1.43939394e-05 -1.84343434e-05 1.49999409e+08 1.61285394e+03 1.12368083e+03
-1.38888889e-05 -1.84343434e-05 1.49999364e+08 1.73121090e+03 1.10816457e+03
-1.33838384e-05 -1.84343434e-05 1.49999324e+08 1.85197168e+03 1.07976052e+03
-1.28787879e-05 -1.84343434e-05 1.49999288e+08 1.97288887e+03 1.03603117e+03
-1.23737374e-05 -1.84343434e-05 1.49999260e+08 2.09093003e+03 9.74495124e+02
-1.18686869e-05 -1.84343434e-05 1.49999242e+08 2.20217536e+03 8.92793359e+02
-1.13636364e-05 -1.84343434e-05 1.49999234e+08 2.30175656e+03 7.88921665e+02
-1.08585859e-05 -1.84343434e-05 1.49999239e+08 2.38386978e+03 6.61532725e+02
-1.03535354e-05 -1.84343434e-05 1.49999257e+08 2.44190244e+03 5.10299741e+02
-9.84848485e-06 -1.84343434e-05 1.49999287e+08 2.46871650e+03 3.36315551e+02
-9.34343434e-06 -1.84343434e-05 1.49999329e+08 2.45712359e+03 1.42477515e+02
-8.83838384e-06 -1.84343434e-05 1.49999380e+08 2.40056584e+03 -6.62173215e+01
-8.33333333e-06 -1.84343434e-05 1.49999435e+08 2.29397679e+03 -2.82562547e+02
-7.82828283e-06 -1.84343434e-05 1.49999488e+08 2.13474084e+03 -4.97317851e+02
-7.32323232e-06 -1.84343434e-05 1.49999534e+08 1.92360796e+03 -6.99744930e+02
-6.81818182e-06 -1.84343434e-05 1.49999565e+08 1.66537103e+03 -8.78519581e+02
-6.31313131e-06 -1.84343434e-05 1.49999576e+08 1.36910232e+03 -1.02294576e+03
-5.80808081e-06 -1.84343434e-05 1.49999563e+08 1.04779320e+03 -1.12429819e+03
-5.30303030e-06 -1.84343434e-05 1.49999525e+08 7.17351248e+02 -1.17704588e+03
-4.79797980e-06 -1.84343434e-05 1.49999463e+08 3.95058891e+02 -1.17969498e+03
-4.29292929e-06 -1.84343434e-05 1.49999382e+08 9.77403208e+01 -1.13505333e+03
-3.78787879e-06 -1.84343434e-05 1.49999290e+08 -1.60031465e+02 -1.04984794e+03
-3.28282828e-06 -1.84343434e-05 1.49999195e+08 -3.67362947e+02 -9.33779576e+02
-2.77777778e-06 -1.84343434e-05 1.49999107e+08 -5.17874875e+02 -7.98222777e+02
-2.27272727e-06 -1.84343434e-05 1.49999034e+08 -6.09862891e+02 -6.54836875e+02
-1.76767677e-06 -1.84343434e-05 1.49998983e+08 -6.45851702e+02 -5.14334447e+02
-1.26262626e-06 -1.84343434e-05 1.49998958e+08 -6.31716017e+02 -3.85577539e+02
-7.57575758e-07 -1.84343434e-05 1.49998960e+08 -5.75584442e+02 -2.75073129e+02
-2.52525253e-07 -1.84343434e-05 1.49998990e+08 -4.86728297e+02 -1.86850056e+02
2.52525253e-07 -1.84343434e-05 1.49999045e+08 -3.74586283e+02 -1.22639390e+02
7.57575758e-07 -1.84343434e-05 1.49999122e+08 -2.48011735e+02 -8.22537406e+01
1.26262626e-06 -1.84343434e-05 1.49999216e+08 -1.14770298e+02 -6.40623502e+01
1.76767677e-06 -1.84343434e-05 1.49999323e+08 1.87278022e+01 -6.54775791e+01
2.27272727e-06 -1.84343434e-05 1.49999437e+08 1.47502516e+02 -8.33943070e+01
2.77777778e-06 -1.84343434e-05 1.49999554e+08 2.67937707e+02 -1.14549401e+02
3.28282828e-06 -1.84343434e-05 1.49999671e+08 3.77624907e+02 -1.55789403e+02
3.78787879e-06 -1.84343434e-05 1.49999784e+08 4.75160723e+02 -2.04249444e+02
4.29292929e-06 -1.84343434e-05 1.49999891e+08 5.59931207e+02 -2.57455228e+02
4.79797980e-06 -1.84343434e-05 1.49999989e+08 6.31906106e+02 -3.13363951e+02
5.30303030e-06 -1.84343434e-05 1.50000079e+08 6.91456711e+02 -3.70360559e+02
5.80808081e-06 -1.84343434e-05 1.50000158e+08 7.39203924e+02 -4.27224190e+02
6.31313131e-06 -1.84343434e-05 1.50000226e+08 7.75898083e+02 -4.83077066e+02
6.81818182e-06 -1.84343434e-05 1.50000284e+08 8.02328824e+02 -5.37325191e+02
7.32323232e-06 -1.84343434e-05 1.50000331e+08 8.19261531e+02 -5.89597557e+02
7.82828283e-06 -1.84343434e-05 1.50000369e+08 8.27396133e+02 -6.39688247e+02
8.33333333e-06 -1.84343434e-05 1.50000398e+08 8.27343996e+02 -6.87504093e+02
8.83838384e-06 -1.84343434e-05 1.50000418e+08 8.19618961e+02 -7.33019238e+02
9.34343434e-06 -1.84343434e-05 1.50000431e+08 8.04639125e+02 -7.76237107e+02
9.84848485e-06 -1.84343434e-05 1.50000437e+08 7.82736508e+02 -8.17159753e+02
1.03535354e-05 -1.84343434e-05 1.50000437e+08 7.54172303e+02 -8.55764243e+02
1.08585859e-05 -1.84343434e-05 1.50000433e+08 7.19155823e+02 -8.91985627e+02
1.13636364e-05 -1.84343434e-05 1.50000425e+08 6.77865620e+02 -9.25705981e+02
1.18686869e-05 -1.84343434e-05 1.50000413e+08 6.30471530e+02 -9.56749024e+02
1.23737374e-05 -1.84343434e-05 1.50000400e+08 5.77156529e+02 -9.84879841e+02
1.28787879e-05 -1.84343434e-05 1.50000385e+08 5.18137464e+02 -1.00980923e+03
1.33838384e-05 -1.84343434e-05 1.50000370e+08 4.53683767e+02 -1.03120218e+03
1.38888889e-05 -1.84343434e-05 1.50000356e+08 3.84133364e+02 -1.04868994e+03
1.43939394e-05 -1.84343434e-05 1.50000342e+08 3.09905043e+02 -1.06188507e+03
1.48989899e-05 -1.84343434e-05 1.50000330e+08 2.31506696e+02 -1.07039876e+03
1.54040404e-05 -1.84343434e-05 1.50000320e+08 1.49538932e+02 -1.07385956e+03
1.59090909e-05 -1.84343434e-05 1.50000313e+08 6.46937858e+01 -1.07193274e+03
1.64141414e-05 -1.84343434e-05 1.50000309e+08 -2.22515857e+01 -1.06433920e+03
1.69191919e-05 -1.84343434e-05 1.50000308e+08 -1.10446041e+02 -1.05087303e+03
1.74242424e-05 -1.84343434e-05 1.50000310e+08 -1.98980036e+02 -1.03141674e+03
1.79292929e-05 -1.84343434e-05 1.50000315e+08 -2.86904983e+02 -1.00595330e+03
1.84343434e-05 -1.84343434e-05 1.50000323e+08 -3.73255506e+02 -9.74574374e+02
1.89393939e-05 -1.84343434e-05 1.50000334e+08 -4.57073519e+02 -9.37484062e+02
1.94444444e-05 -1.84343434e-05 1.50000347e+08 -5.37432970e+02 -8.94998131e+02
1.99494949e-05 -1.84343434e-05 1.50000362e+08 -6.13463990e+02 -8.47538554e+02
2.04545455e-05 -1.84343434e-05 1.50000380e+08 -6.84375312e+02 -7.95623742e+02
2.09595960e-05 -1.84343434e-05 1.50000398e+08 -7.49473846e+02 -7.39854973e+02
2.14646465e-05 -1.84343434e-05 1.50000416e+08 -8.08180577e+02 -6.80899763e+02
2.19696970e-05 -1.84343434e-05 1.50000435e+08 -8.60042126e+02 -6.19473067e+02
2.24747475e-05 -1.84343434e-05 1.50000453e+08 -9.04737616e+02 -5.56317290e+02
2.29797980e-05 -1.84343434e-05 1.50000471e+08 -9.42080772e+02 -4.92182099e+02
2.34848485e-05 -1.84343434e-05 1.50000487e+08 -9.72017432e+02 -4.27804974e+02
2.39898990e-05 -1.84343434e-05 1.50000501e+08 -9.94618906e+02 -3.63893321e+02
2.44949495e-05 -1.84343434e-05 1.50000514e+08 -1.01007177e+03 -3.01108814e+02
2.50000000e-05 -1.84343434e-05 1.50000524e+08 -1.01866485e+03 -2.40054460e+02
-2.50000000e-05 -1.79292929e-05 1.49999977e+08 1.72806469e+02 6.83796969e+02
-2.44949495e-05 -1.79292929e-05 1.49999974e+08 2.08196250e+02 7.07239924e+02
-2.39898990e-05 -1.79292929e-05 1.49999971e+08 2.45447450e+02 7.31113661e+02
-2.34848485e-05 -1.79292929e-05 1.49999965e+08 2.84654530e+02 7.55461857e+02
-2.29797980e-05 -1.79292929e-05 1.49999958e+08 3.25932264e+02 7.80334234e+02
-2.24747475e-05 -1.79292929e-05 1.49999948e+08 3.69420296e+02 8.05784537e+02
-2.19696970e-05 -1.79292929e-05 1.49999937e+08 4.15288025e+02 8.31867274e+02
-2.14646465e-05 -1.79292929e-05 1.49999922e+08 4.63739632e+02 8.58632931e+02
-2.09595960e-05 -1.79292929e-05 1.49999905e+08 5.15018961e+02 8.86121282e+02
-2.04545455e-05 -1.79292929e-05 1.49999885e+08 5.69413812e+02 9.14352441e+02
-1.99494949e-05 -1.79292929e-05 1.49999861e+08 6.27259123e+02 9.43315300e+02
-1.94444444e-05 -1.79292929e-05 1.49999834e+08 6.88938317e+02 9.72953008e+02
-1.89393939e-05 -1.79292929e-05 1.49999803e+08 7.54881976e+02 1.00314521e+03
-1.84343434e-05 -1.79292929e-05 1.49999769e+08 8.25562815e+02 1.03368688e+03
-1.79292929e-05 -1.79292929e-05 1.49999730e+08 9.01485774e+02 1.06426358e+03
-1.74242424e-05 -1.79292929e-05 1.49999688e+08 9.83171861e+02 1.09442329e+03
-1.69191919e-05 -1.79292929e-05 1.49999642e+08 1.07113415e+03 1.12354500e+03
-1.64141414e-05 -1.79292929e-05 1.49999592e+08 1.16584413e+03 1.15080456e+03
-1.59090909e-05 -1.79292929e-05 1.49999539e+08 1.26768618e+03 1.17513878e+03
-1.54040404e-05 -1.79292929e-05 1.49999484e+08 1.37689789e+03 1.19520934e+03
-1.48989899e-05 -1.79292929e-05 1.49999427e+08 1.49349326e+03 1.20936918e+03
-1.43939394e-05 -1.79292929e-05 1.49999370e+08 1.61716628e+03 1.21563540e+03
-1.38888889e-05 -1.79292929e-05 1.49999313e+08 1.74717247e+03 1.21167516e+03
-1.33838384e-05 -1.79292929e-05 1.49999260e+08 1.88218761e+03 1.19481363e+03
-1.28787879e-05 -1.79292929e-05 1.49999211e+08 2.02014586e+03 1.16207643e+03
-1.23737374e-05 -1.79292929e-05 1.49999170e+08 2.15806447e+03 1.11028297e+03
-1.18686869e-05 -1.79292929e-05 1.49999138e+08 2.29187072e+03 1.03620915e+03
-1.13636364e-05 -1.79292929e-05 1.49999118e+08 2.41625774e+03 9.36839003e+02
-1.08585859e-05 -1.79292929e-05 1.49999113e+08 2.52461034e+03 8.09719899e+02
-1.03535354e-05 -1.79292929e-05 1.49999124e+08 2.60905651e+03 6.53424539e+02
-9.84848485e-06 -1.79292929e-05 1.49999150e+08 2.66071203e+03 4.68100138e+02
-9.34343434e-06 -1.79292929e-05 1.49999193e+08 2.67018560e+03 2.56051418e+02
-8.83838384e-06 -1.79292929e-05 1.49999248e+08 2.62839242e+03 2.22610645e+01
-8.33333333e-06 -1.79292929e-05 1.49999311e+08 2.52767477e+03 -2.25290872e+02
-7.82828283e-06 -1.79292929e-05 1.49999375e+08 2.36314648e+03 -4.75671312e+02
-7.32323232e-06 -1.79292929e-05 1.49999433e+08 2.13407425e+03 -7.15548388e+02
-6.81818182e-06 -1.79292929e-05 1.49999475e+08 1.84501112e+03 -9.30325489e+02
-6.31313131e-06 -1.79292929e-05 1.49999494e+08 1.50635054e+03 -1.10578773e+03
-5.80808081e-06 -1.79292929e-05 1.49999484e+08 1.13401887e+03 -1.23002417e+03
-5.30303030e-06 -1.79292929e-05 1.49999443e+08 7.48186965e+02 -1.29524744e+03
-4.79797980e-06 -1.79292929e-05 1.49999373e+08 3.71128268e+02 -1.29908668e+03
-4.29292929e-06 -1.79292929e-05 1.49999280e+08 2.45987408e+01 -1.24502181e+03
-3.78787879e-06 -1.79292929e-05 1.49999174e+08 -2.72734316e+02 -1.14183916e+03
-3.28282828e-06 -1.79292929e-05 1.49999066e+08 -5.07298115e+02 -1.00224563e+03
-2.77777778e-06 -1.79292929e-05 1.49998968e+08 -6.71705646e+02 -8.40983062e+02
-2.27272727e-06 -1.79292929e-05 1.49998891e+08 -7.64835697e+02 -6.72866536e+02
-1.76767677e-06 -1.79292929e-05 1.49998841e+08 -7.91045530e+02 -5.11119476e+02
-1.26262626e-06 -1.79292929e-05 1.49998824e+08 -7.58814492e+02 -3.66238501e+02
-7.57575758e-07 -1.79292929e-05 1.49998841e+08 -6.79159980e+02 -2.45456358e+02
-2.52525253e-07 -1.79292929e-05 1.49998891e+08 -5.64119396e+02 -1.52737258e+02
2.52525253e-07 -1.79292929e-05 1.49998970e+08 -4.25495095e+02 -8.91611377e+01
7.57575758e-07 -1.79292929e-05 1.49999072e+08 -2.73954943e+02 -5.35314408e+01
1.26262626e-06 -1.79292929e-05 1.49999192e+08 -1.18495732e+02 -4.30589871e+01
1.76767677e-06 -1.79292929e-05 1.49999324e+08 3.37788835e+01 -5.40127239e+01
2.27272727e-06 -1.79292929e-05 1.49999462e+08 1.77641042e+02 -8.22706906e+01
2.77777778e-06 -1.79292929e-05 1.49999601e+08 3.09561875e+02 -1.23741538e+02
3.28282828e-06 -1.79292929e-05 1.49999737e+08 4.27446349e+02 -1.74654155e+02
3.78787879e-06 -1.79292929e-05 1.49999865e+08 5.30335460e+02 -2.31729894e+02
4.29292929e-06 -1.79292929e-05 1.49999985e+08 6.18114770e+02 -2.92260212e+02
4.79797980e-06 -1.79292929e-05 1.50000093e+08 6.91253157e+02 -3.54114562e+02
5.30303030e-06 -1.79292929e-05 1.50000189e+08 7.50583684e+02 -4.15701519e+02
5.80808081e-06 -1.79292929e-05 1.50000272e+08 7.97129962e+02 -4.75902219e+02
6.31313131e-06 -1.79292929e-05 1.50000343e+08 8.31975880e+02 -5.33990697e+02
6.81818182e-06 -1.79292929e-05 1.50000401e+08 8.56173606e+02 -5.89551404e+02
7.32323232e-06 -1.79292929e-05 1.50000448e+08 8.70683504e+02 -6.42400574e+02
7.82828283e-06 -1.79292929e-05 1.50000483e+08 8.76339546e+02 -6.92515281e+02
8.33333333e-06 -1.79292929e-05 1.50000508e+08 8.73834333e+02 -7.39972029e+02
8.83838384e-06 -1.79292929e-05 1.50000524e+08 8.63718765e+02 -7.84895403e+02
9.34343434e-06 -1.79292929e-05 1.50000532e+08 8.46412285e+02 -8.27416478e+02
9.84848485e-06 -1.79292929e-05 1.50000533e+08 8.22220518e+02 -8.67640322e+02
1.03535354e-05 -1.79292929e-05 1.50000528e+08 7.91357870e+02 -9.05621761e+02
1.08585859e-05 -1.79292929e-05 1.50000517e+08 7.53973179e+02 -9.41348576e+02
1.13636364e-05 -1.79292929e-05 1.50000503e+08 7.10176955e+02 -9.74731404e+02
1.18686869e-05 -1.79292929e-05 1.50000486e+08 6.60068989e+02 -1.00559973e+03
1.23737374e-05 -1.79292929e-05 1.50000466e+08 6.03765307e+02 -1.03370338e+03
1.28787879e-05 -1.79292929e-05 1.50000446e+08 5.41423498e+02 -1.05871916e+03
1.33838384e-05 -1.79292929e-05 1.50000425e+08 4.73265513e+02 -1.08026192e+03
1.38888889e-05 -1.79292929e-05 1.50000405e+08 3.99597085e+02 -1.09789975e+03
1.43939394e-05 -1.79292929e-05 1.50000387e+08 3.20822921e+02 -1.11117258e+03
1.48989899e-05 -1.79292929e-05 1.50000370e+08 2.37456973e+02 -1.11961326e+03
1.54040404e-05 -1.79292929e-05 1.50000357e+08 1.50127169e+02 -1.12277057e+03
1.59090909e-05 -1.79292929e-05 1.50000346e+08 5.95742200e+01 -1.12023273e+03
1.64141414e-05 -1.79292929e-05 1.50000339e+08 -3.33556375e+01 -1.11165058e+03
1.69191919e-05 -1.79292929e-05 1.50000335e+08 -1.27723823e+02 -1.09675907e+03
1.74242424e-05 -1.79292929e-05 1.50000336e+08 -2.22518044e+02 -1.07539596e+03
1.79292929e-05 -1.79292929e-05 1.50000339e+08 -3.16675586e+02 -1.04751669e+03
1.84343434e-05 -1.79292929e-05 1.50000347e+08 -4.09110189e+02 -1.01320450e+03
1.89393939e-05 -1.79292929e-05 1.50000357e+08 -4.98741175e+02 -9.72675120e+02
1.94444444e-05 -1.79292929e-05 1.50000371e+08 -5.84523374e+02 -9.26275851e+02
1.99494949e-05 -1.79292929e-05 1.50000387e+08 -6.65476298e+02 -8.74478913e+02
2.04545455e-05 -1.79292929e-05 1.50000405e+08 -7.40711089e+02 -8.17869498e+02
2.09595960e-05 -1.79292929e-05 1.50000424e+08 -8.09453929e+02 -7.57129197e+02
2.14646465e-05 -1.79292929e-05 1.50000443e+08 -8.71064798e+02 -6.93015742e+02
2.19696970e-05 -1.79292929e-05 1.50000463e+08 -9.25050851e+02 -6.26340210e+02
2.24747475e-05 -1.79292929e-05 1.50000482e+08 -9.71073969e+02 -5.57942920e+02
2.29797980e-05 -1.79292929e-05 1.50000500e+08 -1.00895246e+03 -4.88669263e+02
2.34848485e-05 -1.79292929e-05 1.50000517e+08 -1.03865717e+03 -4.19346640e+02
2.39898990e-05 -1.79292929e-05 1.50000531e+08 -1.06030263e+03 -3.50763501e+02
2.44949495e-05 -1.79292929e-05 1.50000544e+08 -1.07413401e+03 -2.83651282e+02
2.50000000e-05 -1.79292929e-05 1.50000553e+08 -1.08051081e+03 -2.18669805e+02
-2.50000000e-05 -1.74242424e-05 1.49999996e+08 1.49293364e+02 6.80650219e+02
-2.44949495e-05 -1.74242424e-05 1.49999995e+08 1.84240781e+02 7.04637690e+02
-2.39898990e-05 -1.74242424e-05 1.49999992e+08 2.21000215e+02 7.29123122e+02
-2.34848485e-05 -1.74242424e-05 1.49999988e+08 2.59656847e+02 7.54170783e+02
-2.29797980e-05 -1.74242424e-05 1.49999982e+08 3.00317238e+02 7.79856625e+02
-2.24747475e-05 -1.74242424e-05 1.49999973e+08 3.43114947e+02 8.06267218e+02
-2.19696970e-05 -1.74242424e-05 1.49999962e+08 3.88216808e+02 8.33497467e+02
-2.14646465e-05 -1.74242424e-05 1.49999948e+08 4.35829721e+02 8.61646738e+02
-2.09595960e-05 -1.74242424e-05 1.49999931e+08 4.86207699e+02 8.90812953e+02
-2.04545455e-05 -1.74242424e-05 1.49999911e+08 5.39658763e+02 9.21084192e+02
-1.99494949e-05 -1.74242424e-05 1.49999887e+08 5.96551128e+02 9.52527316e+02
-1.94444444e-05 -1.74242424e-05 1.49999860e+08 6.57317944e+02 9.85173142e+02
-1.89393939e-05 -1.74242424e-05 1.49999828e+08 7.22459686e+02 1.01899773e+03
-1.84343434e-05 -1.74242424e-05 1.49999791e+08 7.92543088e+02 1.05389944e+03
-1.79292929e-05 -1.74242424e-05 1.49999750e+08 8.68195333e+02 1.08967138e+03
-1.74242424e-05 -1.74242424e-05 1.49999704e+08 9.50091989e+02 1.12596922e+03
-1.69191919e-05 -1.74242424e-05 1.49999653e+08 1.03893695e+03 1.16227407e+03
-1.64141414e-05 -1.74242424e-05 1.49999598e+08 1.13543225e+03 1.19785060e+03
-1.59090909e-05 -1.74242424e-05 1.49999538e+08 1.24023515e+03 1.23170077e+03
-1.54040404e-05 -1.74242424e-05 1.49999474e+08 1.35389936e+03 1.26251391e+03
-1.48989899e-05 -1.74242424e-05 1.49999406e+08 1.47679628e+03 1.28861496e+03
-1.43939394e-05 -1.74242424e-05 1.49999337e+08 1.60901175e+03 1.30791414e+03
-1.38888889e-05 -1.74242424e-05 1.49999267e+08 1.75021311e+03 1.31786406e+03
-1.33838384e-05 -1.74242424e-05 1.49999199e+08 1.89948207e+03 1.31543364e+03
-1.28787879e-05 -1.74242424e-05 1.49999134e+08 2.05511088e+03 1.29711354e+03
-1.23737374e-05 -1.74242424e-05 1.49999076e+08 2.21436435e+03 1.25897375e+03
-1.18686869e-05 -1.74242424e-05 1.49999028e+08 2.37321938e+03 1.19680039e+03
-1.13636364e-05 -1.74242424e-05 1.49998992e+08 2.52610805e+03 1.10634387e+03
-1.08585859e-05 -1.74242424e-05 1.49998972e+08 2.66571121e+03 9.83710679e+02
-1.03535354e-05 -1.74242424e-05 1.49998971e+08 2.78287509e+03 8.25922033e+02
-9.84848485e-06 -1.74242424e-05 1.49998991e+08 2.86674939e+03 6.31638268e+02
-9.34343434e-06 -1.74242424e-05 1.49999031e+08 2.90526212e+03 4.02002962e+02
-8.83838384e-06 -1.74242424e-05 1.49999089e+08 2.88603794e+03 1.41494603e+02
-8.33333333e-06 -1.74242424e-05 1.49999160e+08 2.79781355e+03 -1.41404410e+02
-7.82828283e-06 -1.74242424e-05 1.49999236e+08 2.63229152e+03 -4.33976678e+02
-7.32323232e-06 -1.74242424e-05 1.49999308e+08 2.38620611e+03 -7.19743726e+02
-6.81818182e-06 -1.74242424e-05 1.49999365e+08 2.06318946e+03 -9.79826479e+02
-6.31313131e-06 -1.74242424e-05 1.49999394e+08 1.67490119e+03 -1.19517016e+03
-5.80808081e-06 -1.74242424e-05 1.49999389e+08 1.24091091e+03 -1.34932318e+03
-5.30303030e-06 -1.74242424e-05 1.49999345e+08 7.87060642e+02 -1.43118802e+03
-4.79797980e-06 -1.74242424e-05 1.49999266e+08 3.42445537e+02 -1.43704261e+03
-4.29292929e-06 -1.74242424e-05 1.49999158e+08 -6.44065888e+01 -1.37126005e+03
-3.78787879e-06 -1.74242424e-05 1.49999035e+08 -4.09296823e+02 -1.24551231e+03
-3.28282828e-06 -1.74242424e-05 1.49998912e+08 -6.75214596e+02 -1.07669037e+03
-2.77777778e-06 -1.74242424e-05 1.49998803e+08 -8.53753803e+02 -8.84117271e+02
-2.27272727e-06 -1.74242424e-05 1.49998721e+08 -9.44987070e+02 -6.86744474e+02
-1.76767677e-06 -1.74242424e-05 1.49998676e+08 -9.56095064e+02 -5.00900080e+02
-1.26262626e-06 -1.74242424e-05 1.49998672e+08 -8.99268097e+02 -3.38896572e+02
-7.57575758e-07 -1.74242424e-05 1.49998710e+08 -7.89418948e+02 -2.08532582e+02
-2.52525253e-07 -1.74242424e-05 1.49998786e+08 -6.42126164e+02 -1.13326549e+02
2.52525253e-07 -1.74242424e-05 1.49998895e+08 -4.72050869e+02 -5.32295130e+01
7.57575758e-07 -1.74242424e-05 1.49999029e+08 -2.91905406e+02 -2.55627389e+01
1.26262626e-06 -1.74242424e-05 1.49999181e+08 -1.11934253e+02 -2.59770224e+01
1.76767677e-06 -1.74242424e-05 1.49999343e+08 6.01967781e+01 -4.93004453e+01
2.27272727e-06 -1.74242424e-05 1.49999508e+08 2.19227856e+02 -9.02069447e+01
2.77777778e-06 -1.74242424e-05 1.49999670e+08 3.61965874e+02 -1.43688462e+02
3.28282828e-06 -1.74242424e-05 1.49999826e+08 4.86873033e+02 -2.05346062e+02
3.78787879e-06 -1.74242424e-05 1.49999970e+08 5.93650624e+02 -2.71532464e+02
4.29292929e-06 -1.74242424e-05 1.50000102e+08 6.82860174e+02 -3.39383893e+02
4.79797980e-06 -1.74242424e-05 1.50000219e+08 7.55603691e+02 -4.06777323e+02
5.30303030e-06 -1.74242424e-05 1.50000320e+08 8.13270051e+02 -4.72243375e+02
5.80808081e-06 -1.74242424e-05 1.50000407e+08 8.57345143e+02 -5.34858015e+02
6.31313131e-06 -1.74242424e-05 1.50000478e+08 8.89278180e+02 -5.94129259e+02
6.81818182e-06 -1.74242424e-05 1.50000535e+08 9.10394458e+02 -6.49889211e+02
7.32323232e-06 -1.74242424e-05 1.50000579e+08 9.21844641e+02 -7.02197216e+02
7.82828283e-06 -1.74242424e-05 1.50000611e+08 9.24581643e+02 -7.51256687e+02
8.33333333e-06 -1.74242424e-05 1.50000631e+08 9.19357577e+02 -7.97346078e+02
8.83838384e-06 -1.74242424e-05 1.50000642e+08 9.06734825e+02 -8.40763274e+02
9.34343434e-06 -1.74242424e-05 1.50000643e+08 8.87106721e+02 -8.81782063e+02
9.84848485e-06 -1.74242424e-05 1.50000638e+08 8.60724508e+02 -9.20619225e+02
1.03535354e-05 -1.74242424e-05 1.50000626e+08 8.27728165e+02 -9.57410838e+02
1.08585859e-05 -1.74242424e-05 1.50000608e+08 7.88179382e+02 -9.92196611e+02
1.13636364e-05 -1.74242424e-05 1.50000587e+08 7.42095361e+02 -1.02491132e+03
1.18686869e-05 -1.74242424e-05 1.50000563e+08 6.89482392e+02 -1.05538264e+03
1.23737374e-05 -1.74242424e-05 1.50000536e+08 6.30368274e+02 -1.08333482e+03
1.28787879e-05 -1.74242424e-05 1.50000509e+08 5.64832660e+02 -1.10839781e+03
1.33838384e-05 -1.74242424e-05 1.50000483e+08 4.93034397e+02 -1.13012136e+03
1.38888889e-05 -1.74242424e-05 1.50000457e+08 4.15234914e+02 -1.14799365e+03
1.43939394e-05 -1.74242424e-05 1.50000433e+08 3.31816687e+02 -1.16146380e+03
1.48989899e-05 -1.74242424e-05 1.50000411e+08 2.43295911e+02 -1.16996753e+03
1.54040404e-05 -1.74242424e-05 1.50000393e+08 1.50328592e+02 -1.17295483e+03
1.59090909e-05 -1.74242424e-05 1.50000379e+08 5.37095465e+01 -1.16991860e+03
1.64141414e-05 -1.74242424e-05 1.50000369e+08 -4.56359684e+01 -1.16042282e+03
1.69191919e-05 -1.74242424e-05 1.50000363e+08 -1.46667856e+02 -1.14412883e+03
1.74242424e-05 -1.74242424e-05 1.50000361e+08 -2.48253497e+02 -1.12081826e+03
1.79292929e-05 -1.74242424e-05 1.50000364e+08 -3.49195831e+02 -1.09041130e+03
1.84343434e-05 -1.74242424e-05 1.50000370e+08 -4.48265903e+02 -1.05297914e+03
1.89393939e-05 -1.74242424e-05 1.50000381e+08 -5.44238201e+02 -1.00874986e+03
1.94444444e-05 -1.74242424e-05 1.50000395e+08 -6.35926976e+02 -9.58107192e+02
1.99494949e-05 -1.74242424e-05 1.50000411e+08 -7.22221580e+02 -9.01582430e+02
2.04545455e-05 -1.74242424e-05 1.50000430e+08 -8.02118993e+02 -8.39839658e+02
2.09595960e-05 -1.74242424e-05 1.50000450e+08 -8.74751848e+02 -7.73655413e+02
2.14646465e-05 -1.74242424e-05 1.50000471e+08 -9.39410623e+02 -7.03893888e+02
2.19696970e-05 -1.74242424e-05 1.50000491e+08 -9.95559082e+02 -6.31479155e+02
2.24747475e-05 -1.74242424e-05 1.50000512e+08 -1.04284248e+03 -5.57365981e+02
2.29797980e-05 -1.74242424e-05 1.50000531e+08 -1.08108853e+03 -4.82510812e+02
2.34848485e-05 -1.74242424e-05 1.50000548e+08 -1.11030162e+03 -4.07844347e+02
2.39898990e-05 -1.74242424e-05 1.50000563e+08 -1.13065100e+03 -3.34246961e+02
2.44949495e-05 -1.74242424e-05 1.50000575e+08 -1.14245407e+03 -2.62527889e+02
2.50000000e-05 -1.74242424e-05 1.50000584e+08 -1.14615603e+03 -1.93408814e+02
-2.50000000e-05 -1.69191919e-05 1.50000018e+08 1.25352739e+02 6.75431335e+02
-2.44949495e-05 -1.69191919e-05 1.50000018e+08 1.59810994e+02 6.99771139e+02
-2.39898990e-05 -1.69191919e-05 1.50000017e+08 1.96014814e+02 7.24650694e+02
-2.34848485e-05 -1.69191919e-05 1.50000014e+08 2.34034746e+02 7.50152745e+02
-2.29797980e-05 -1.69191919e-05 1.50000009e+08 2.73962727e+02 7.76377803e+02
-2.24747475e-05 -1.69191919e-05 1.50000002e+08 3.15918687e+02 8.03444317e+02
-2.19696970e-05 -1.69191919e-05 1.49999992e+08 3.60058200e+02 8.31487715e+02
-2.14646465e-05 -1.69191919e-05 1.49999979e+08 4.06581102e+02 8.60657866e+02
-2.09595960e-05 -1.69191919e-05 1.49999963e+08 4.55740851e+02 8.91114463e+02
-2.04545455e-05 -1.69191919e-05 1.49999944e+08 5.07854279e+02 9.23019733e+02
-1.99494949e-05 -1.69191919e-05 1.49999920e+08 5.63311191e+02 9.56527873e+02
-1.94444444e-05 -1.69191919e-05 1.49999892e+08 6.22583043e+02 9.91770590e+02
-1.89393939e-05 -1.69191919e-05 1.49999860e+08 6.86229761e+02 1.02883816e+03
-1.84343434e-05 -1.69191919e-05 1.49999822e+08 7.54903519e+02 1.06775545e+03
-1.79292929e-05 -1.69191919e-05 1.49999779e+08 8.29348134e+02 1.10845247e+03
-1.74242424e-05 -1.69191919e-05 1.49999730e+08 9.10392497e+02 1.15072896e+03
-1.69191919e-05 -1.69191919e-05 1.49999675e+08 9.98936231e+02 1.19421265e+03
-1.64141414e-05 -1.69191919e-05 1.49999613e+08 1.09592538e+03 1.23831063e+03
-1.59090909e-05 -1.69191919e-05 1.49999546e+08 1.20231528e+03 1.28215358e+03
-1.54040404e-05 -1.69191919e-05 1.49999474e+08 1.31901694e+03 1.32453235e+03
-1.48989899e-05 -1.69191919e-05 1.49999396e+08 1.44682184e+03 1.36382742e+03
-1.43939394e-05 -1.69191919e-05 1.49999314e+08 1.58629849e+03 1.39793271e+03
-1.38888889e-05 -1.69191919e-05 1.49999230e+08 1.73765255e+03 1.42417795e+03
-1.33838384e-05 -1.69191919e-05 1.49999144e+08 1.90054092e+03 1.43925810e+03
-1.28787879e-05 -1.69191919e-05 1.49999061e+08 2.07383076e+03 1.43918466e+03
-1.23737374e-05 -1.69191919e-05 1.49998983e+08 2.25529756e+03 1.41928293e+03
-1.18686869e-05 -1.69191919e-05 1.49998913e+08 2.44126502e+03 1.37427030e+03
-1.13636364e-05 -1.69191919e-05 1.49998857e+08 2.62620593e+03 1.29846280e+03
-1.08585859e-05 -1.69191919e-05 1.49998817e+08 2.80235024e+03 1.18616585e+03
-1.03535354e-05 -1.69191919e-05 1.49998799e+08 2.95938557e+03 1.03230521e+03
-9.84848485e-06 -1.69191919e-05 1.49998806e+08 3.08438337e+03 8.33333541e+02
-9.34343434e-06 -1.69191919e-05 1.49998839e+08 3.16213019e+03 5.88396587e+02
-8.83838384e-06 -1.69191919e-05 1.49998897e+08 3.17606466e+03 3.00649501e+02
-8.33333333e-06 -1.69191919e-05 1.49998975e+08 3.10998211e+03 -2.15179066e+01
-7.82828283e-06 -1.69191919e-05 1.49999065e+08 2.95052930e+03 -3.63728513e+02
-7.32323232e-06 -1.69191919e-05 1.49999155e+08 2.69025540e+03 -7.05802874e+02
-6.81818182e-06 -1.69191919e-05 1.49999229e+08 2.33064851e+03 -1.02328183e+03
-6.31313131e-06 -1.69191919e-05 1.49999272e+08 1.88429572e+03 -1.29040062e+03
-5.80808081e-06 -1.69191919e-05 1.49999274e+08 1.37524483e+03 -1.48414113e+03
-5.30303030e-06 -1.69191919e-05 1.49999228e+08 8.36973275e+02 -1.58846531e+03
-4.79797980e-06 -1.69191919e-05 1.49999137e+08 3.08066842e+02 -1.59754452e+03
-4.29292929e-06 -1.69191919e-05 1.49999011e+08 -1.73478157e+02 -1.51696894e+03
-3.78787879e-06 -1.69191919e-05 1.49998867e+08 -5.75882854e+02 -1.36254497e+03
-3.28282828e-06 -1.69191919e-05 1.49998724e+08 -8.77726330e+02 -1.15708985e+03
-2.77777778e-06 -1.69191919e-05 1.49998604e+08 -1.06974831e+03 -9.26228641e+02
-2.27272727e-06 -1.69191919e-05 1.49998520e+08 -1.15426256e+03 -6.94343464e+02
-1.76767677e-06 -1.69191919e-05 1.49998484e+08 -1.14278633e+03 -4.81542592e+02
-1.26262626e-06 -1.69191919e-05 1.49998500e+08 -1.05278860e+03 -3.02028249e+02
-7.57575758e-07 -1.69191919e-05 1.49998567e+08 -9.04401816e+02 -1.63790484e+02
-2.52525253e-07 -1.69191919e-05 1.49998678e+08 -7.17676146e+02 -6.92804558e+01
2.52525253e-07 -1.69191919e-05 1.49998825e+08 -5.10644606e+02 -1.66345918e+01
7.57575758e-07 -1.69191919e-05 1.49998999e+08 -2.98218703e+02 -1.07274465e+00
1.26262626e-06 -1.69191919e-05 1.49999188e+08 -9.17837876e+01 -1.62052381e+01
1.76767677e-06 -1.69191919e-05 1.49999385e+08 1.00698698e+02 -5.51010572e+01
2.27272727e-06 -1.69191919e-05 1.49999580e+08 2.74275945e+02 -1.11064051e+02
2.77777778e-06 -1.69191919e-05 1.49999768e+08 4.26437514e+02 -1.78127401e+02
3.28282828e-06 -1.69191919e-05 1.49999943e+08 5.56516385e+02 -2.51311384e+02
3.78787879e-06 -1.69191919e-05 1.50000103e+08 6.65132835e+02 -3.26702593e+02
4.29292929e-06 -1.69191919e-05 1.50000246e+08 7.53721376e+02 -4.01411952e+02
4.79797980e-06 -1.69191919e-05 1.50000370e+08 8.24155244e+02 -4.73460347e+02
5.30303030e-06 -1.69191919e-05 1.50000476e+08 8.78466346e+02 -5.41629350e+02
5.80808081e-06 -1.69191919e-05 1.50000563e+08 9.18649343e+02 -6.05303154e+02
6.31313131e-06 -1.69191919e-05 1.50000633e+08 9.46534729e+02 -6.64318130e+02
6.81818182e-06 -1.69191919e-05 1.50000687e+08 9.63715382e+02 -7.18828957e+02
7.32323232e-06 -1.69191919e-05 1.50000726e+08 9.71512600e+02 -7.69195025e+02
7.82828283e-06 -1.69191919e-05 1.50000752e+08 9.70970066e+02 -8.15887446e+02
8.33333333e-06 -1.69191919e-05 1.50000766e+08 9.62866738e+02 -8.59415129e+02
8.83838384e-06 -1.69191919e-05 1.50000770e+08 9.47742042e+02 -9.00267523e+02
9.34343434e-06 -1.69191919e-05 1.50000764e+08 9.25928686e+02 -9.38871416e+02
9.84848485e-06 -1.69191919e-05 1.50000750e+08 8.97589924e+02 -9.75559437e+02
1.03535354e-05 -1.69191919e-05 1.50000730e+08 8.62759166e+02 -1.01054828e+03
1.08585859e-05 -1.69191919e-05 1.50000705e+08 8.21380558e+02 -1.04392511e+03
1.13636364e-05 -1.69191919e-05 1.50000676e+08 7.73349543e+02 -1.07564119e+03
1.18686869e-05 -1.69191919e-05 1.50000644e+08 7.18552617e+02 -1.10551191e+03
1.23737374e-05 -1.69191919e-05 1.50000610e+08 6.56905502e+02 -1.13322286e+03
1.28787879e-05 -1.69191919e-05 1.50000575e+08 5.88388906e+02 -1.15834163e+03
1.33838384e-05 -1.69191919e-05 1.50000542e+08 5.13080895e+02 -1.18033511e+03
1.38888889e-05 -1.69191919e-05 1.50000509e+08 4.31184812e+02 -1.19859185e+03
1.43939394e-05 -1.69191919e-05 1.50000479e+08 3.43051586e+02 -1.21244894e+03
1.48989899e-05 -1.69191919e-05 1.50000453e+08 2.49195320e+02 -1.22122270e+03
1.54040404e-05 -1.69191919e-05 1.50000430e+08 1.50301138e+02 -1.22424195e+03
1.59090909e-05 -1.69191919e-05 1.50000411e+08 4.72245300e+01 -1.22088260e+03
1.64141414e-05 -1.69191919e-05 1.50000398e+08 -5.90182180e+01 -1.21060178e+03
1.69191919e-05 -1.69191919e-05 1.50000389e+08 -1.67268462e+02 -1.19296996e+03
1.74242424e-05 -1.69191919e-05 1.50000385e+08 -2.76251935e+02 -1.16769903e+03
1.79292929e-05 -1.69191919e-05 1.50000387e+08 -3.84612673e+02 -1.13466480e+03
1.84343434e-05 -1.69191919e-05 1.50000393e+08 -4.90952506e+02 -1.09392229e+03
1.89393939e-05 -1.69191919e-05 1.50000404e+08 -5.93874074e+02 -1.04571304e+03
1.94444444e-05 -1.69191919e-05 1.50000418e+08 -6.92025040e+02 -9.90463563e+02
1.99494949e-05 -1.69191919e-05 1.50000436e+08 -7.84141056e+02 -9.28775259e+02
2.04545455e-05 -1.69191919e-05 1.50000455e+08 -8.69085127e+02 -8.61406166e+02
2.09595960e-05 -1.69191919e-05 1.50000477e+08 -9.45881267e+02 -7.89245827e+02
2.14646465e-05 -1.69191919e-05 1.50000499e+08 -1.01374078e+03 -7.13284787e+02
2.19696970e-05 -1.69191919e-05 1.50000521e+08 -1.07208006e+03 -6.34580599e+02
2.24747475e-05 -1.69191919e-05 1.50000542e+08 -1.12052930e+03 -5.54222363e+02
2.29797980e-05 -1.69191919e-05 1.50000562e+08 -1.15893235e+03 -4.73295757e+02
2.34848485e-05 -1.69191919e-05 1.50000580e+08 -1.18733825e+03 -3.92850385e+02
2.39898990e-05 -1.69191919e-05 1.50000595e+08 -1.20598551e+03 -3.13870922e+02
2.44949495e-05 -1.69191919e-05 1.50000607e+08 -1.21528076e+03 -2.37253178e+02
2.50000000e-05 -1.69191919e-05 1.50000616e+08 -1.21577316e+03 -1.63785768e+02
-2.50000000e-05 -1.64141414e-05 1.50000041e+08 1.01170617e+02 6.68139898e+02
-2.44949495e-05 -1.64141414e-05 1.50000044e+08 1.35119426e+02 6.92626952e+02
-2.39898990e-05 -1.64141414e-05 1.50000044e+08 1.70733167e+02 7.17665070e+02
-2.34848485e-05 -1.64141414e-05 1.50000043e+08 2.08062188e+02 7.43352007e+02
-2.29797980e-05 -1.64141414e-05 1.50000040e+08 2.47176924e+02 7.69809571e+02
-2.24747475e-05 -1.64141414e-05 1.50000034e+08 2.88175357e+02 7.97185314e+02
-2.19696970e-05 -1.64141414e-05 1.50000026e+08 3.31191935e+02 8.25653256e+02
-2.14646465e-05 -1.64141414e-05 1.50000015e+08 3.76407978e+02 8.55413156e+02
-2.09595960e-05 -1.64141414e-05 1.50000001e+08 4.24063427e+02 8.86687728e+02
-2.04545455e-05 -1.64141414e-05 1.49999982e+08 4.74469648e+02 9.19717106e+02
-1.99494949e-05 -1.64141414e-05 1.49999960e+08 5.28022768e+02 9.54749818e+02
-1.94444444e-05 -1.64141414e-05 1.49999932e+08 5.85216794e+02 9.92029475e+02
-1.89393939e-05 -1.64141414e-05 1.49999900e+08 6.46655498e+02 1.03177645e+03
-1.84343434e-05 -1.64141414e-05 1.49999862e+08 7.13061861e+02 1.07416384e+03
-1.79292929e-05 -1.64141414e-05 1.49999817e+08 7.85283645e+02 1.11928711e+03
-1.74242424e-05 -1.64141414e-05 1.49999766e+08 8.64293558e+02 1.16712684e+03
-1.69191919e-05 -1.64141414e-05 1.49999708e+08 9.51182248e+02 1.21750377e+03
-1.64141414e-05 -1.64141414e-05 1.49999642e+08 1.04714210e+03 1.27002544e+03
-1.59090909e-05 -1.64141414e-05 1.49999568e+08 1.15343917e+03 1.32402292e+03
-1.54040404e-05 -1.64141414e-05 1.49999487e+08 1.27136947e+03 1.37847620e+03
-1.48989899e-05 -1.64141414e-05 1.49999399e+08 1.40219403e+03 1.43192637e+03
-1.43939394e-05 -1.64141414e-05 1.49999304e+08 1.54704449e+03 1.48237360e+03
-1.38888889e-05 -1.64141414e-05 1.49999204e+08 1.70678780e+03 1.52716170e+03
-1.33838384e-05 -1.64141414e-05 1.49999101e+08 1.88183495e+03 1.56285437e+03
-1.28787879e-05 -1.64141414e-05 1.49998996e+08 2.07187610e+03 1.58511553e+03
-1.23737374e-05 -1.64141414e-05 1.49998894e+08 2.27552393e+03 1.58861777e+03
-1.18686869e-05 -1.64141414e-05 1.49998799e+08 2.48985265e+03 1.56701970e+03
-1.13636364e-05 -1.64141414e-05 1.49998715e+08 2.70983495e+03 1.51307368e+03
-1.08585859e-05 -1.64141414e-05 1.49998649e+08 2.92771023e+03 1.41894872e+03
-1.03535354e-05 -1.64141414e-05 1.49998606e+08 3.13236931e+03 1.27687015e+03
-9.84848485e-06 -1.64141414e-05 1.49998592e+08 3.30891761e+03 1.08017449e+03
-9.34343434e-06 -1.64141414e-05 1.49998612e+08 3.43867155e+03 8.24832163e+02
-8.83838384e-06 -1.64141414e-05 1.49998664e+08 3.49992583e+03 5.11375124e+02
-8.33333333e-06 -1.64141414e-05 1.49998747e+08 3.46984370e+03 1.46964567e+02
-7.82828283e-06 -1.64141414e-05 1.49998851e+08 3.32768668e+03 -2.52932892e+02
-7.32323232e-06 -1.64141414e-05 1.49998962e+08 3.05923764e+03 -6.64031498e+02
-6.81818182e-06 -1.64141414e-05 1.49999059e+08 2.66168785e+03 -1.05468363e+03
-6.31313131e-06 -1.64141414e-05 1.49999122e+08 2.14763131e+03 -1.38975995e+03
-5.80808081e-06 -1.64141414e-05 1.49999134e+08 1.54650197e+03 -1.63659599e+03
-5.30303030e-06 -1.64141414e-05 1.49999086e+08 9.02187508e+02 -1.77163386e+03
-4.79797980e-06 -1.64141414e-05 1.49998981e+08 2.66745711e+02 -1.78570989e+03
-4.29292929e-06 -1.64141414e-05 1.49998831e+08 -3.08314750e+02 -1.68612592e+03
-3.78787879e-06 -1.64141414e-05 1.49998660e+08 -7.80671266e+02 -1.49476259e+03
-3.28282828e-06 -1.64141414e-05 1.49998496e+08 -1.12327924e+03 -1.24299035e+03
-2.77777778e-06 -1.64141414e-05 1.49998363e+08 -1.32656814e+03 -9.65193391e+02
-2.27272727e-06 -1.64141414e-05 1.49998282e+08 -1.39687824e+03 -6.92864612e+02
-1.76767677e-06 -1.64141414e-05 1.49998263e+08 -1.35237084e+03 -4.50584701e+02
-1.26262626e-06 -1.64141414e-05 1.49998309e+08 -1.21799203e+03 -2.54275590e+02
-7.57575758e-07 -1.64141414e-05 1.49998415e+08 -1.02079199e+03 -1.11388148e+02
-2.52525253e-07 -1.64141414e-05 1.49998573e+08 -7.86349238e+02 -2.23395308e+01
2.52525253e-07 -1.64141414e-05 1.49998769e+08 -5.36525134e+02 1.74967427e+01
7.57575758e-07 -1.64141414e-05 1.49998990e+08 -2.88423725e+02 1.57776960e+01
1.26262626e-06 -1.64141414e-05 1.49999223e+08 -5.42653038e+01 -1.85276802e+01
1.76767677e-06 -1.64141414e-05 1.49999459e+08 1.58150325e+02 -7.64263213e+01
2.27272727e-06 -1.64141414e-05 1.49999687e+08 3.44673089e+02 -1.49747141e+02
2.77777778e-06 -1.64141414e-05 1.49999901e+08 5.03935254e+02 -2.31604967e+02
3.28282828e-06 -1.64141414e-05 1.50000096e+08 6.36524722e+02 -3.16571754e+02
3.78787879e-06 -1.64141414e-05 1.50000270e+08 7.44274384e+02 -4.00647228e+02
4.29292929e-06 -1.64141414e-05 1.50000422e+08 8.29697121e+02 -4.81108991e+02
4.79797980e-06 -1.64141414e-05 1.50000551e+08 8.95566275e+02 -5.56303873e+02
5.30303030e-06 -1.64141414e-05 1.50000657e+08 9.44624784e+02 -6.25423523e+02
5.80808081e-06 -1.64141414e-05 1.50000743e+08 9.79399107e+02 -6.88291025e+02
6.31313131e-06 -1.64141414e-05 1.50000809e+08 1.00209317e+03 -7.45172798e+02
6.81818182e-06 -1.64141414e-05 1.50000857e+08 1.01454009e+03 -7.96621328e+02
7.32323232e-06 -1.64141414e-05 1.50000890e+08 1.01819351e+03 -8.43348823e+02
7.82828283e-06 -1.64141414e-05 1.50000908e+08 1.01414456e+03 -8.86128829e+02
8.33333333e-06 -1.64141414e-05 1.50000914e+08 1.00315461e+03 -9.25721609e+02
8.83838384e-06 -1.64141414e-05 1.50000908e+08 9.85696720e+02 -9.62818831e+02
9.34343434e-06 -1.64141414e-05 1.50000893e+08 9.62001811e+02 -9.98003576e+02
9.84848485e-06 -1.64141414e-05 1.50000871e+08 9.32106581e+02 -1.03172237e+03
1.03535354e-05 -1.64141414e-05 1.50000842e+08 8.95901931e+02 -1.06426677e+03
1.08585859e-05 -1.64141414e-05 1.50000807e+08 8.53180995e+02 -1.09576277e+03
1.13636364e-05 -1.64141414e-05 1.50000769e+08 8.03686329e+02 -1.12616702e+03
1.18686869e-05 -1.64141414e-05 1.50000728e+08 7.47155837e+02 -1.15526919e+03
1.23737374e-05 -1.64141414e-05 1.50000686e+08 6.83366884e+02 -1.18270052e+03
1.28787879e-05 -1.64141414e-05 1.50000644e+08 6.12177855e+02 -1.20794816e+03
1.33838384e-05 -1.64141414e-05 1.50000602e+08 5.33566135e+02 -1.23037566e+03
1.38888889e-05 -1.64141414e-05 1.50000563e+08 4.47661269e+02 -1.24924923e+03
1.43939394e-05 -1.64141414e-05 1.50000527e+08 3.54771894e+02 -1.26376934e+03
1.48989899e-05 -1.64141414e-05 1.50000494e+08 2.55404962e+02 -1.27310708e+03
1.54040404e-05 -1.64141414e-05 1.50000466e+08 1.50275921e+02 -1.27644381e+03
1.59090909e-05 -1.64141414e-05 1.50000443e+08 4.03087354e+01 -1.27301278e+03
1.64141414e-05 -1.64141414e-05 1.50000426e+08 -7.33749064e+01 -1.26214057e+03
1.69191919e-05 -1.64141414e-05 1.50000414e+08 -1.89477292e+02 -1.24328615e+03
1.74242424e-05 -1.64141414e-05 1.50000409e+08 -3.06556698e+02 -1.21607545e+03
1.79292929e-05 -1.64141414e-05 1.50000409e+08 -4.23068411e+02 -1.18032899e+03
1.84343434e-05 -1.64141414e-05 1.50000415e+08 -5.37412779e+02 -1.13608095e+03
1.89393939e-05 -1.64141414e-05 1.50000426e+08 -6.47987714e+02 -1.08358802e+03
1.94444444e-05 -1.64141414e-05 1.50000441e+08 -7.53242719e+02 -1.02332760e+03
1.99494949e-05 -1.64141414e-05 1.50000460e+08 -8.51731305e+02 -9.55985105e+02
2.04545455e-05 -1.64141414e-05 1.50000481e+08 -9.42158804e+02 -8.82431299e+02
2.09595960e-05 -1.64141414e-05 1.50000504e+08 -1.02342290e+03 -8.03691082e+02
2.14646465e-05 -1.64141414e-05 1.50000528e+08 -1.09464481e+03 -7.20905788e+02
2.19696970e-05 -1.64141414e-05 1.50000552e+08 -1.15518966e+03 -6.35291399e+02
2.24747475e-05 -1.64141414e-05 1.50000574e+08 -1.20467564e+03 -5.48095278e+02
2.29797980e-05 -1.64141414e-05 1.50000595e+08 -1.24297199e+03 -4.60553921e+02
2.34848485e-05 -1.64141414e-05 1.50000614e+08 -1.27018685e+03 -3.73853994e+02
2.39898990e-05 -1.64141414e-05 1.50000629e+08 -1.28664652e+03 -2.89098471e+02
2.44949495e-05 -1.64141414e-05 1.50000641e+08 -1.29286795e+03 -2.07279180e+02
2.50000000e-05 -1.64141414e-05 1.50000650e+08 -1.28952664e+03 -1.29256509e+02
-2.50000000e-05 -1.59090909e-05 1.50000067e+08 7.69412518e+01 6.58813960e+02
-2.44949495e-05 -1.59090909e-05 1.50000071e+08 1.10391101e+02 6.83235772e+02
-2.39898990e-05 -1.59090909e-05 1.50000074e+08 1.45415223e+02 7.08184874e+02
-2.34848485e-05 -1.59090909e-05 1.50000075e+08 1.82038249e+02 7.33769092e+02
-2.29797980e-05 -1.59090909e-05 1.50000074e+08 2.20302069e+02 7.60126484e+02
-2.24747475e-05 -1.59090909e-05 1.50000071e+08 2.60273898e+02 7.87428807e+02
-2.19696970e-05 -1.59090909e-05 1.50000065e+08 3.02056279e+02 8.15884294e+02
-2.14646465e-05 -1.59090909e-05 1.50000056e+08 3.45799131e+02 8.45739208e+02
-2.09595960e-05 -1.59090909e-05 1.50000044e+08 3.91713849e+02 8.77277496e+02
-2.04545455e-05 -1.59090909e-05 1.50000027e+08 4.40089257e+02 9.10817724e+02
-1.99494949e-05 -1.59090909e-05 1.50000006e+08 4.91308945e+02 9.46706389e+02
-1.94444444e-05 -1.59090909e-05 1.49999981e+08 5.45869242e+02 9.85306650e+02
-1.89393939e-05 -1.59090909e-05 1.49999949e+08 6.04396756e+02 1.02698157e+03
-1.84343434e-05 -1.59090909e-05 1.49999912e+08 6.67664168e+02 1.07207104e+03
-1.79292929e-05 -1.59090909e-05 1.49999867e+08 7.36602791e+02 1.12086178e+03
-1.74242424e-05 -1.59090909e-05 1.49999815e+08 8.12310365e+02 1.17354957e+03
-1.69191919e-05 -1.59090909e-05 1.49999755e+08 8.96052551e+02 1.23019330e+03
-1.64141414e-05 -1.59090909e-05 1.49999685e+08 9.89256548e+02 1.29065935e+03
-1.59090909e-05 -1.59090909e-05 1.49999606e+08 1.09349482e+03 1.35455450e+03
-1.54040404e-05 -1.59090909e-05 1.49999518e+08 1.21045584e+03 1.42114437e+03
-1.48989899e-05 -1.59090909e-05 1.49999420e+08 1.34189669e+03 1.48925309e+03
-1.43939394e-05 -1.59090909e-05 1.49999312e+08 1.48956870e+03 1.55713958e+03
-1.38888889e-05 -1.59090909e-05 1.49999196e+08 1.65510229e+03 1.62234606e+03
-1.33838384e-05 -1.59090909e-05 1.49999073e+08 1.83983082e+03 1.68151772e+03
-1.28787879e-05 -1.59090909e-05 1.49998945e+08 2.04452601e+03 1.73019919e+03
-1.23737374e-05 -1.59090909e-05 1.49998816e+08 2.26901147e+03 1.76262668e+03
-1.18686869e-05 -1.59090909e-05 1.49998690e+08 2.51161900e+03 1.77155524e+03
-1.13636364e-05 -1.59090909e-05 1.49998573e+08 2.76846068e+03 1.74819220e+03
-1.08585859e-05 -1.59090909e-05 1.49998472e+08 3.03251698e+03 1.68234849e+03
-1.03535354e-05 -1.59090909e-05 1.49998395e+08 3.29260103e+03 1.56296559e+03
-9.84848485e-06 -1.59090909e-05 1.49998350e+08 3.53236416e+03 1.37920911e+03
-9.34343434e-06 -1.59090909e-05 1.49998345e+08 3.72966521e+03 1.12230856e+03
-8.83838384e-06 -1.59090909e-05 1.49998384e+08 3.85681400e+03 7.88211552e+02
-8.33333333e-06 -1.59090909e-05 1.49998466e+08 3.88234475e+03 3.80849435e+02
-7.82828283e-06 -1.59090909e-05 1.49998583e+08 3.77492850e+03 -8.46429307e+01
-7.32323232e-06 -1.59090909e-05 1.49998717e+08 3.50959676e+03 -5.79952593e+02
-6.81818182e-06 -1.59090909e-05 1.49998843e+08 3.07550109e+03 -1.06439482e+03
-6.31313131e-06 -1.59090909e-05 1.49998933e+08 2.48315812e+03 -1.48971956e+03
-5.80808081e-06 -1.59090909e-05 1.49998961e+08 1.76818529e+03 -1.80885194e+03
-5.30303030e-06 -1.59090909e-05 1.49998912e+08 9.88847124e+02 -1.98652841e+03
-4.79797980e-06 -1.59090909e-05 1.49998788e+08 2.16770859e+02 -2.00820344e+03
-4.29292929e-06 -1.59090909e-05 1.49998608e+08 -4.76797650e+02 -1.88368328e+03
-3.78787879e-06 -1.59090909e-05 1.49998405e+08 -1.03463837e+03 -1.64403099e+03
-3.28282828e-06 -1.59090909e-05 1.49998215e+08 -1.42266039e+03 -1.33321134e+03
-2.77777778e-06 -1.59090909e-05 1.49998072e+08 -1.63230915e+03 -9.97886268e+02
-2.27272727e-06 -1.59090909e-05 1.49998000e+08 -1.67698454e+03 -6.78765608e+02
-1.76767677e-06 -1.59090909e-05 1.49998009e+08 -1.58499057e+03 -4.05443496e+02
-1.26262626e-06 -1.59090909e-05 1.49998099e+08 -1.39177476e+03 -1.94907087e+02
-7.57575758e-07 -1.59090909e-05 1.49998261e+08 -1.13339113e+03 -5.27755009e+01
-2.52525253e-07 -1.59090909e-05 1.49998478e+08 -8.42033318e+02 2.40029996e+01
2.52525253e-07 -1.59090909e-05 1.49998735e+08 -5.43654766e+02 4.40683388e+01
7.57575758e-07 -1.59090909e-05 1.49999013e+08 -2.57255567e+02 1.88657180e+01
1.26262626e-06 -1.59090909e-05 1.49999297e+08 4.71184899e+00 -3.95121614e+01
1.76767677e-06 -1.59090909e-05 1.49999575e+08 2.35318616e+02 -1.19785376e+02
2.27272727e-06 -1.59090909e-05 1.49999837e+08 4.31898788e+02 -2.12322523e+02
2.77777778e-06 -1.59090909e-05 1.50000077e+08 5.94805299e+02 -3.09489214e+02
3.28282828e-06 -1.59090909e-05 1.50000291e+08 7.26325141e+02 -4.05658889e+02
3.78787879e-06 -1.59090909e-05 1.50000476e+08 8.29813963e+02 -4.97018785e+02
4.29292929e-06 -1.59090909e-05 1.50000633e+08 9.09056069e+02 -5.81274670e+02
4.79797980e-06 -1.59090909e-05 1.50000763e+08 9.67825153e+02 -6.57326578e+02
5.30303030e-06 -1.59090909e-05 1.50000867e+08 1.00960777e+03 -7.24960253e+02
5.80808081e-06 -1.59090909e-05 1.50000947e+08 1.03744940e+03 -7.84577774e+02
6.31313131e-06 -1.59090909e-05 1.50001006e+08 1.05388716e+03 -8.36976027e+02
6.81818182e-06 -1.59090909e-05 1.50001046e+08 1.06093993e+03 -8.83172642e+02
7.32323232e-06 -1.59090909e-05 1.50001069e+08 1.06013391e+03 -9.24274071e+02
7.82828283e-06 -1.59090909e-05 1.50001077e+08 1.05254825e+03 -9.61378534e+02
8.33333333e-06 -1.59090909e-05 1.50001072e+08 1.03887062e+03 -9.95506393e+02
8.83838384e-06 -1.59090909e-05 1.50001057e+08 1.01945635e+03 -1.02755129e+03
9.34343434e-06 -1.59090909e-05 1.50001031e+08 9.94387974e+02 -1.05824666e+03
9.84848485e-06 -1.59090909e-05 1.50000998e+08 9.63533483e+02 -1.08814352e+03
1.03535354e-05 -1.59090909e-05 1.50000959e+08 9.26602779e+02 -1.11759673e+03
1.08585859e-05 -1.59090909e-05 1.50000915e+08 8.83202489e+02 -1.14675809e+03
1.13636364e-05 -1.59090909e-05 1.50000867e+08 8.32889249e+02 -1.17557518e+03
1.18686869e-05 -1.59090909e-05 1.50000816e+08 7.75221545e+02 -1.20379603e+03
1.23737374e-05 -1.59090909e-05 1.50000765e+08 7.09809851e+02 -1.23097951e+03
1.28787879e-05 -1.59090909e-05 1.50000714e+08 6.36364400e+02 -1.25651205e+03
1.33838384e-05 -1.59090909e-05 1.50000664e+08 5.54739494e+02 -1.27963096e+03
1.38888889e-05 -1.59090909e-05 1.50000617e+08 4.64972843e+02 -1.29945448e+03
1.43939394e-05 -1.59090909e-05 1.50000574e+08 3.67318161e+02 -1.31501846e+03
1.48989899e-05 -1.59090909e-05 1.50000535e+08 2.62269078e+02 -1.32531888e+03
1.54040404e-05 -1.59090909e-05 1.50000501e+08 1.50572509e+02 -1.32935902e+03
1.59090909e-05 -1.59090909e-05 1.50000473e+08 3.32299208e+01 -1.32619924e+03
1.64141414e-05 -1.59090909e-05 1.50000452e+08 -8.85145776e+01 -1.31500727e+03
1.69191919e-05 -1.59090909e-05 1.50000438e+08 -2.13199600e+02 -1.29510596e+03
1.74242424e-05 -1.59090909e-05 1.50000431e+08 -3.39184762e+02 -1.26601575e+03
1.79292929e-05 -1.59090909e-05 1.50000430e+08 -4.64700337e+02 -1.22748895e+03
1.84343434e-05 -1.59090909e-05 1.50000436e+08 -5.87905850e+02 -1.17953337e+03
1.89393939e-05 -1.59090909e-05 1.50000447e+08 -7.06954386e+02 -1.12242338e+03
1.94444444e-05 -1.59090909e-05 1.50000463e+08 -8.20058853e+02 -1.05669762e+03
1.99494949e-05 -1.59090909e-05 1.50000484e+08 -9.25556185e+02 -9.83143047e+02
2.04545455e-05 -1.59090909e-05 1.50000507e+08 -1.02196564e+03 -9.02766637e+02
2.09595960e-05 -1.59090909e-05 1.50000532e+08 -1.10803778e+03 -8.16756399e+02
2.14646465e-05 -1.59090909e-05 1.50000558e+08 -1.18279144e+03 -7.26434559e+02
2.19696970e-05 -1.59090909e-05 1.50000583e+08 -1.24553713e+03 -6.33205974e+02
2.24747475e-05 -1.59090909e-05 1.50000608e+08 -1.29588610e+03 -5.38505136e+02
2.29797980e-05 -1.59090909e-05 1.50000630e+08 -1.33374563e+03 -4.43744980e+02
2.34848485e-05 -1.59090909e-05 1.50000649e+08 -1.35930193e+03 -3.50270316e+02
2.39898990e-05 -1.59090909e-05 1.50000665e+08 -1.37299251e+03 -2.59318118e+02
2.44949495e-05 -1.59090909e-05 1.50000677e+08 -1.37547098e+03 -1.71986170e+02
2.50000000e-05 -1.59090909e-05 1.50000684e+08 -1.36756659e+03 -8.92108654e+01
-2.50000000e-05 -1.54040404e-05 1.50000095e+08 5.28613395e+01 6.47533030e+02
-2.44949495e-05 -1.54040404e-05 1.50000101e+08 8.58570686e+01 6.71676445e+02
-2.39898990e-05 -1.54040404e-05 1.50000107e+08 1.20331878e+02 6.96284510e+02
-2.34848485e-05 -1.54040404e-05 1.50000110e+08 1.56279553e+02 7.21468663e+02
-2.29797980e-05 -1.54040404e-05 1.50000112e+08 1.93706581e+02 7.47376255e+02
-2.24747475e-05 -1.54040404e-05 1.50000111e+08 2.32640505e+02 7.74196004e+02
-2.19696970e-05 -1.54040404e-05 1.50000108e+08 2.73140666e+02 8.02163164e+02
-2.14646465e-05 -1.54040404e-05 1.50000102e+08 3.15311628e+02 8.31563844e+02
-2.09595960e-05 -1.54040404e-05 1.50000092e+08 3.59319466e+02 8.62737734e+02
-2.04545455e-05 -1.54040404e-05 1.50000079e+08 4.05410835e+02 8.96078283e+02
-1.99494949e-05 -1.54040404e-05 1.50000061e+08 4.53934489e+02 9.32029237e+02
-1.94444444e-05 -1.54040404e-05 1.50000037e+08 5.05364463e+02 9.71076368e+02
-1.89393939e-05 -1.54040404e-05 1.50000008e+08 5.60323795e+02 1.01373328e+03
-1.84343434e-05 -1.54040404e-05 1.49999972e+08 6.19607273e+02 1.06052035e+03
-1.79292929e-05 -1.54040404e-05 1.49999929e+08 6.84201555e+02 1.11193615e+03
-1.74242424e-05 -1.54040404e-05 1.49999878e+08 7.55301076e+02 1.16842081e+03
-1.69191919e-05 -1.54040404e-05 1.49999817e+08 8.34318469e+02 1.23031103e+03
-1.64141414e-05 -1.54040404e-05 1.49999745e+08 9.22888633e+02 1.29778552e+03
-1.59090909e-05 -1.54040404e-05 1.49999663e+08 1.02286572e+03 1.37079880e+03
-1.54040404e-05 -1.54040404e-05 1.49999569e+08 1.13631163e+03 1.44899931e+03
-1.48989899e-05 -1.54040404e-05 1.49999462e+08 1.26547268e+03 1.53162502e+03
-1.43939394e-05 -1.54040404e-05 1.49999343e+08 1.41273667e+03 1.61736754e+03
-1.38888889e-05 -1.54040404e-05 1.49999211e+08 1.58055633e+03 1.70419371e+03
-1.33838384e-05 -1.54040404e-05 1.49999068e+08 1.77131512e+03 1.78911439e+03
-1.28787879e-05 -1.54040404e-05 1.49998916e+08 1.98709939e+03 1.86789432e+03
-1.23737374e-05 -1.54040404e-05 1.49998757e+08 2.22932666e+03 1.93470874e+03
-1.18686869e-05 -1.54040404e-05 1.49998595e+08 2.49816669e+03 1.98177462e+03
-1.13636364e-05 -1.54040404e-05 1.49998438e+08 2.79168531e+03 1.99902293e+03
-1.08585859e-05 -1.54040404e-05 1.49998292e+08 3.10465280e+03 1.97393893e+03
-1.03535354e-05 -1.54040404e-05 1.49998169e+08 3.42700975e+03 1.89178046e+03
-9.84848485e-06 -1.54040404e-05 1.49998080e+08 3.74210311e+03 1.73648084e+03
-9.34343434e-06 -1.54040404e-05 1.49998036e+08 4.02502985e+03 1.49261316e+03
-8.83838384e-06 -1.54040404e-05 1.49998048e+08 4.24176695e+03 1.14875353e+03
-8.33333333e-06 -1.54040404e-05 1.49998118e+08 4.35016358e+03 7.02294252e+02
-7.82828283e-06 -1.54040404e-05 1.49998243e+08 4.30410795e+03 1.65081991e+02
-7.32323232e-06 -1.54040404e-05 1.49998403e+08 4.06184362e+03 -4.31805985e+02
-6.81818182e-06 -1.54040404e-05 1.49998566e+08 3.59803436e+03 -1.03688632e+03
-6.31313131e-06 -1.54040404e-05 1.49998692e+08 2.91673009e+03 -1.58355204e+03
-5.80808081e-06 -1.54040404e-05 1.49998743e+08 2.05991560e+03 -2.00281888e+03
-5.30303030e-06 -1.54040404e-05 1.49998695e+08 1.10595674e+03 -2.24072401e+03
-4.79797980e-06 -1.54040404e-05 1.49998548e+08 1.55677704e+02 -2.27382879e+03
-4.29292929e-06 -1.54040404e-05 1.49998329e+08 -6.90064561e+02 -2.11578977e+03
-3.78787879e-06 -1.54040404e-05 1.49998084e+08 -1.35266732e+03 -1.81200865e+03
-3.28282828e-06 -1.54040404e-05 1.49997866e+08 -1.78956987e+03 -1.42538671e+03
-2.77777778e-06 -1.54040404e-05 1.49997717e+08 -1.99614362e+03 -1.01987674e+03
-2.27272727e-06 -1.54040404e-05 1.49997666e+08 -1.99798055e+03 -6.47856533e+02
-1.76767677e-06 -1.54040404e-05 1.49997721e+08 -1.83876296e+03 -3.43952288e+02
-1.26262626e-06 -1.54040404e-05 1.49997876e+08 -1.56846035e+03 -1.24679424e+02
-7.57575758e-07 -1.54040404e-05 1.49998112e+08 -1.23450905e+03 8.30019938e+00
-2.52525253e-07 -1.54040404e-05 1.49998408e+08 -8.76621794e+02 6.35221391e+01
2.52525253e-07 -1.54040404e-05 1.49998740e+08 -5.24693807e+02 5.51822637e+01
7.57575758e-07 -1.54040404e-05 1.49999085e+08 -1.98860576e+02 -5.17036375e-01
1.26262626e-06 -1.54040404e-05 1.49999425e+08 8.92050839e+01 -8.79106447e+01
1.76767677e-06 -1.54040404e-05 1.49999748e+08 3.34462235e+02 -1.93381184e+02
2.27272727e-06 -1.54040404e-05 1.50000044e+08 5.36609400e+02 -3.06047762e+02
2.77777778e-06 -1.54040404e-05 1.50000307e+08 6.98402186e+02 -4.17877614e+02
3.28282828e-06 -1.54040404e-05 1.50000534e+08 8.24302810e+02 -5.23443301e+02
3.78787879e-06 -1.54040404e-05 1.50000726e+08 9.19483812e+02 -6.19501371e+02
4.29292929e-06 -1.54040404e-05 1.50000884e+08 9.89150913e+02 -7.04516030e+02
4.79797980e-06 -1.54040404e-05 1.50001010e+08 1.03812419e+03 -7.78204252e+02
5.30303030e-06 -1.54040404e-05 1.50001106e+08 1.07061168e+03 -8.41142057e+02
5.80808081e-06 -1.54040404e-05 1.50001177e+08 1.09011619e+03 -8.94446235e+02
6.31313131e-06 -1.54040404e-05 1.50001225e+08 1.09942743e+03 -9.39530285e+02
6.81818182e-06 -1.54040404e-05 1.50001253e+08 1.10066439e+03 -9.77925208e+02
7.32323232e-06 -1.54040404e-05 1.50001263e+08 1.09534347e+03 -1.01115276e+03
7.82828283e-06 -1.54040404e-05 1.50001259e+08 1.08445696e+03 -1.04063874e+03
8.33333333e-06 -1.54040404e-05 1.50001242e+08 1.06855287e+03 -1.06765532e+03
8.83838384e-06 -1.54040404e-05 1.50001214e+08 1.04781160e+03 -1.09328372e+03
9.34343434e-06 -1.54040404e-05 1.50001177e+08 1.02211771e+03 -1.11839062e+03
9.84848485e-06 -1.54040404e-05 1.50001132e+08 9.91126834e+02 -1.14361372e+03
1.03535354e-05 -1.54040404e-05 1.50001082e+08 9.54328719e+02 -1.16935368e+03
1.08585859e-05 -1.54040404e-05 1.50001026e+08 9.11107421e+02 -1.19577092e+03
1.13636364e-05 -1.54040404e-05 1.50000968e+08 8.60799733e+02 -1.22278688e+03
1.18686869e-05 -1.54040404e-05 1.50000907e+08 8.02752448e+02 -1.25009009e+03
1.23737374e-05 -1.54040404e-05 1.50000846e+08 7.36378535e+02 -1.27714769e+03
1.28787879e-05 -1.54040404e-05 1.50000786e+08 6.61211620e+02 -1.30322358e+03
1.33838384e-05 -1.54040404e-05 1.50000727e+08 5.76957554e+02 -1.32740394e+03
1.38888889e-05 -1.54040404e-05 1.50000672e+08 4.83541197e+02 -1.34863083e+03
1.43939394e-05 -1.54040404e-05 1.50000621e+08 3.81146138e+02 -1.36574399e+03
1.48989899e-05 -1.54040404e-05 1.50000575e+08 2.70244754e+02 -1.37753018e+03
1.54040404e-05 -1.54040404e-05 1.50000535e+08 1.51616070e+02 -1.38277884e+03
1.59090909e-05 -1.54040404e-05 1.50000503e+08 2.63491535e+01 -1.38034184e+03
1.64141414e-05 -1.54040404e-05 1.50000478e+08 -1.04169554e+02 -1.36919435e+03
1.69191919e-05 -1.54040404e-05 1.50000460e+08 -2.38285644e+02 -1.34849342e+03
1.74242424e-05 -1.54040404e-05 1.50000451e+08 -3.74122404e+02 -1.31763048e+03
1.79292929e-05 -1.54040404e-05 1.50000450e+08 -5.09640982e+02 -1.27627396e+03
1.84343434e-05 -1.54040404e-05 1.50000455e+08 -6.42712029e+02 -1.22439886e+03
1.89393939e-05 -1.54040404e-05 1.50000467e+08 -7.71194753e+02 -1.16230073e+03
1.94444444e-05 -1.54040404e-05 1.50000485e+08 -8.93018522e+02 -1.09059264e+03
1.99494949e-05 -1.54040404e-05 1.50000507e+08 -1.00626187e+03 -1.01018529e+03
2.04545455e-05 -1.54040404e-05 1.50000533e+08 -1.10922389e+03 -9.22251261e+02
2.09595960e-05 -1.54040404e-05 1.50000560e+08 -1.20048355e+03 -8.28176261e+02
2.14646465e-05 -1.54040404e-05 1.50000589e+08 -1.27894374e+03 -7.29500615e+02
2.19696970e-05 -1.54040404e-05 1.50000616e+08 -1.34385784e+03 -6.27855309e+02
2.24747475e-05 -1.54040404e-05 1.50000643e+08 -1.39483821e+03 -5.24896826e+02
2.29797980e-05 -1.54040404e-05 1.50000666e+08 -1.43184750e+03 -4.22244939e+02
2.34848485e-05 -1.54040404e-05 1.50000686e+08 -1.45517461e+03 -3.21426989e+02
2.39898990e-05 -1.54040404e-05 1.50000702e+08 -1.46539821e+03 -2.23831370e+02
2.44949495e-05 -1.54040404e-05 1.50000714e+08 -1.46334135e+03 -1.30671953e+02
2.50000000e-05 -1.54040404e-05 1.50000720e+08 -1.45002063e+03 -4.29641937e+01
-2.50000000e-05 -1.48989899e-05 1.50000124e+08 2.91232042e+01 6.34419798e+02
-2.44949495e-05 -1.48989899e-05 1.50000133e+08 6.17465735e+01 6.58078864e+02
-2.39898990e-05 -1.48989899e-05 1.50000141e+08 9.57561046e+01 6.82098534e+02
-2.34848485e-05 -1.48989899e-05 1.50000148e+08 1.31110386e+02 7.06585929e+02
-2.29797980e-05 -1.48989899e-05 1.50000153e+08 1.67774311e+02 7.31688790e+02
-2.24747475e-05 -1.48989899e-05 1.50000155e+08 2.05727253e+02 7.57603066e+02
-2.19696970e-05 -1.48989899e-05 1.50000155e+08 2.44974085e+02 7.84580753e+02
-2.14646465e-05 -1.48989899e-05 1.50000153e+08 2.85559541e+02 8.12937434e+02
-2.09595960e-05 -1.48989899e-05 1.50000146e+08 3.27586342e+02 8.43058722e+02
-2.04545455e-05 -1.48989899e-05 1.50000136e+08 3.71237227e+02 8.75404512e+02
-1.99494949e-05 -1.48989899e-05 1.50000122e+08 4.16800705e+02 9.10509724e+02
-1.94444444e-05 -1.48989899e-05 1.50000102e+08 4.64699792e+02 9.48980067e+02
-1.89393939e-05 -1.48989899e-05 1.50000077e+08 5.15522437e+02 9.91481428e+02
-1.84343434e-05 -1.48989899e-05 1.50000044e+08 5.70051836e+02 1.03872175e+03
-1.79292929e-05 -1.48989899e-05 1.50000004e+08 6.29294544e+02 1.09142479e+03
-1.74242424e-05 -1.48989899e-05 1.49999955e+08 6.94504529e+02 1.15029576e+03
-1.69191919e-05 -1.48989899e-05 1.49999895e+08 7.67202000e+02 1.21597897e+03
-1.64141414e-05 -1.48989899e-05 1.49999824e+08 8.49186994e+02 1.28900760e+03
-1.59090909e-05 -1.48989899e-05 1.49999740e+08 9.42548876e+02 1.36974379e+03
-1.54040404e-05 -1.48989899e-05 1.49999643e+08 1.04967325e+03 1.45830487e+03
-1.48989899e-05 -1.48989899e-05 1.49999530e+08 1.17324645e+03 1.55446710e+03
-1.43939394e-05 -1.48989899e-05 1.49999401e+08 1.31625381e+03 1.65753335e+03
-1.38888889e-05 -1.48989899e-05 1.49999256e+08 1.48195990e+03 1.76614642e+03
-1.33838384e-05 -1.48989899e-05 1.49999095e+08 1.67384714e+03 1.87802561e+03
-1.28787879e-05 -1.48989899e-05 1.49998918e+08 1.89547139e+03 1.98960435e+03
-1.23737374e-05 -1.48989899e-05 1.49998727e+08 2.15017065e+03 2.09555221e+03
-1.18686869e-05 -1.48989899e-05 1.49998527e+08 2.44053456e+03 2.18818275e+03
-1.13636364e-05 -1.48989899e-05 1.49998323e+08 2.76751319e+03 2.25678691e+03
-1.08585859e-05 -1.48989899e-05 1.49998123e+08 3.12902275e+03 2.28700378e+03
-1.03535354e-05 -1.48989899e-05 1.49997940e+08 3.51791904e+03 2.26046142e+03
-9.84848485e-06 -1.48989899e-05 1.49997788e+08 3.91930499e+03 2.15510023e+03
-9.34343434e-06 -1.48989899e-05 1.49997685e+08 4.30739484e+03 1.94680725e+03
-8.83838384e-06 -1.48989899e-05 1.49997648e+08 4.64266699e+03 1.61314826e+03
-8.33333333e-06 -1.48989899e-05 1.49997689e+08 4.87083247e+03 1.13985253e+03
-7.82828283e-06 -1.48989899e-05 1.49997810e+08 4.92602107e+03 5.29908027e+02
-7.32323232e-06 -1.48989899e-05 1.49997993e+08 4.74085301e+03 -1.86674207e+02
-6.81818182e-06 -1.48989899e-05 1.49998202e+08 4.26451483e+03 -9.46903828e+02
-6.31313131e-06 -1.48989899e-05 1.49998378e+08 3.48564206e+03 -1.65880504e+03
-5.80808081e-06 -1.48989899e-05 1.49998464e+08 2.45087458e+03 -2.21948761e+03
-5.30303030e-06 -1.48989899e-05 1.49998420e+08 1.26697123e+03 -2.54420604e+03
-4.79797980e-06 -1.48989899e-05 1.49998242e+08 7.97083195e+01 -2.59439025e+03
-4.29292929e-06 -1.48989899e-05 1.49997971e+08 -9.64229643e+02 -2.38998666e+03
-3.78787879e-06 -1.48989899e-05 1.49997676e+08 -1.75509544e+03 -1.99962938e+03
-3.28282828e-06 -1.48989899e-05 1.49997428e+08 -2.24112782e+03 -1.51529499e+03
-2.77777778e-06 -1.48989899e-05 1.49997285e+08 -2.42770948e+03 -1.02521982e+03
-2.27272727e-06 -1.48989899e-05 1.49997276e+08 -2.36123849e+03 -5.95829587e+02
-1.76767677e-06 -1.48989899e-05 1.49997404e+08 -2.10840502e+03 -2.65534802e+02
-1.26262626e-06 -1.48989899e-05 1.49997651e+08 -1.73872678e+03 -4.73587112e+01
-7.57575758e-07 -1.48989899e-05 1.49997988e+08 -1.31336839e+03 6.42431679e+01
-2.52525253e-07 -1.48989899e-05 1.49998383e+08 -8.79891528e+02 8.59130935e+01
2.52525253e-07 -1.48989899e-05 1.49998804e+08 -4.71250878e+02 3.91177936e+01
7.57575758e-07 -1.48989899e-05 1.49999224e+08 -1.07286448e+02 -5.43262071e+01
1.26262626e-06 -1.48989899e-05 1.49999626e+08 2.02633784e+02 -1.74990660e+02
1.76767677e-06 -1.48989899e-05 1.49999993e+08 4.56711113e+02 -3.07173122e+02
2.27272727e-06 -1.48989899e-05 1.50000319e+08 6.58069793e+02 -4.39238420e+02
2.77777778e-06 -1.48989899e-05 1.50000599e+08 8.12611018e+02 -5.63338346e+02
3.28282828e-06 -1.48989899e-05 1.50000834e+08 9.27428786e+02 -6.74810063e+02
3.78787879e-06 -1.48989899e-05 1.50001026e+08 1.00974151e+03 -7.71467097e+02
4.29292929e-06 -1.48989899e-05 1.50001177e+08 1.06624240e+03 -8.52916418e+02
4.79797980e-06 -1.48989899e-05 1.50001292e+08 1.10275922e+03 -9.19971083e+02
5.30303030e-06 -1.48989899e-05 1.50001376e+08 1.12412432e+03 -9.74183200e+02
5.80808081e-06 -1.48989899e-05 1.50001432e+08 1.13417520e+03 -1.01749476e+03
6.31313131e-06 -1.48989899e-05 1.50001464e+08 1.13582773e+03 -1.05199008e+03
6.81818182e-06 -1.48989899e-05 1.50001476e+08 1.13118321e+03 -1.07972875e+03
7.32323232e-06 -1.48989899e-05 1.50001471e+08 1.12164488e+03 -1.10263822e+03
7.82828283e-06 -1.48989899e-05 1.50001452e+08 1.10803099e+03 -1.12244824e+03
8.33333333e-06 -1.48989899e-05 1.50001420e+08 1.09067794e+03 -1.14065288e+03
8.83838384e-06 -1.48989899e-05 1.50001379e+08 1.06953203e+03 -1.15848974e+03
9.34343434e-06 -1.48989899e-05 1.50001328e+08 1.04423065e+03 -1.17692928e+03
9.84848485e-06 -1.48989899e-05 1.50001271e+08 1.01417511e+03 -1.19666955e+03
1.03535354e-05 -1.48989899e-05 1.50001208e+08 9.78597581e+02 -1.21813398e+03
1.08585859e-05 -1.48989899e-05 1.50001141e+08 9.36624754e+02 -1.24147143e+03
1.13636364e-05 -1.48989899e-05 1.50001072e+08 8.87339983e+02 -1.26655865e+03
1.18686869e-05 -1.48989899e-05 1.50001000e+08 8.29845284e+02 -1.29300634e+03
1.23737374e-05 -1.48989899e-05 1.50000929e+08 7.63323518e+02 -1.32017037e+03
1.28787879e-05 -1.48989899e-05 1.50000858e+08 6.87100252e+02 -1.34716991e+03
1.33838384e-05 -1.48989899e-05 1.50000790e+08 6.00703821e+02 -1.37291405e+03
1.38888889e-05 -1.48989899e-05 1.50000726e+08 5.03921277e+02 -1.39613829e+03
1.43939394e-05 -1.48989899e-05 1.50000667e+08 3.96847234e+02 -1.41545132e+03
1.48989899e-05 -1.48989899e-05 1.50000614e+08 2.79922150e+02 -1.42939189e+03
1.54040404e-05 -1.48989899e-05 1.50000568e+08 1.53956535e+02 -1.43649419e+03
1.59090909e-05 -1.48989899e-05 1.50000530e+08 2.01378904e+01 -1.43535944e+03
1.64141414e-05 -1.48989899e-05 1.50000501e+08 -1.19982061e+02 -1.42472986e+03
1.69191919e-05 -1.48989899e-05 1.50000480e+08 -2.64521062e+02 -1.40356079e+03
1.74242424e-05 -1.48989899e-05 1.50000469e+08 -4.11320657e+02 -1.37108590e+03
1.79292929e-05 -1.48989899e-05 1.50000467e+08 -5.58019143e+02 -1.32687063e+03
1.84343434e-05 -1.48989899e-05 1.50000473e+08 -7.02139439e+02 -1.27084950e+03
1.89393939e-05 -1.48989899e-05 1.50000486e+08 -8.41186647e+02 -1.20334383e+03
1.94444444e-05 -1.48989899e-05 1.50000506e+08 -9.72749053e+02 -1.12505808e+03
1.99494949e-05 -1.48989899e-05 1.50000531e+08 -1.09459580e+03 -1.03705464e+03
2.04545455e-05 -1.48989899e-05 1.50000559e+08 -1.20476471e+03 -9.40708782e+02
2.09595960e-05 -1.48989899e-05 1.50000590e+08 -1.30163453e+03 -8.37647104e+02
2.14646465e-05 -1.48989899e-05 1.50000621e+08 -1.38397728e+03 -7.29674179e+02
2.19696970e-05 -1.48989899e-05 1.50000651e+08 -1.45098832e+03 -6.18692823e+02
2.24747475e-05 -1.48989899e-05 1.50000679e+08 -1.50229336e+03 -5.06623673e+02
2.29797980e-05 -1.48989899e-05 1.50000704e+08 -1.53793392e+03 -3.95329377e+02
2.34848485e-05 -1.48989899e-05 1.50000725e+08 -1.55833385e+03 -2.86547865e+02
2.39898990e-05 -1.48989899e-05 1.50000742e+08 -1.56425108e+03 -1.81837999e+02
2.44949495e-05 -1.48989899e-05 1.50000753e+08 -1.55671907e+03 -8.25395412e+01
2.50000000e-05 -1.48989899e-05 1.50000758e+08 -1.53698281e+03 1.02519258e+01
-2.50000000e-05 -1.43939394e-05 1.50000155e+08 5.90713396e+00 6.19640229e+02
-2.44949495e-05 -1.43939394e-05 1.50000167e+08 3.82780093e+01 6.42624968e+02
-2.39898990e-05 -1.43939394e-05 1.50000178e+08 7.19523919e+01 6.65823984e+02
-2.34848485e-05 -1.43939394e-05 1.50000188e+08 1.06850558e+02 6.89330842e+02
-2.29797980e-05 -1.43939394e-05 1.50000196e+08 1.42890819e+02 7.13282936e+02
-2.24747475e-05 -1.43939394e-05 1.50000202e+08 1.79996944e+02 7.37871230e+02
-2.19696970e-05 -1.43939394e-05 1.50000206e+08 2.18108803e+02 7.63350947e+02
-2.14646465e-05 -1.43939394e-05 1.50000208e+08 2.57197028e+02 7.90052715e+02
-2.09595960e-05 -1.43939394e-05 1.50000206e+08 2.97282396e+02 8.18393368e+02
-2.04545455e-05 -1.43939394e-05 1.50000200e+08 3.38460465e+02 8.48885159e+02
-1.99494949e-05 -1.43939394e-05 1.50000191e+08 3.80931501e+02 8.82141803e+02
-1.94444444e-05 -1.43939394e-05 1.50000176e+08 4.25035086e+02 9.18879443e+02
-1.89393939e-05 -1.43939394e-05 1.50000155e+08 4.71287924e+02 9.59910680e+02
-1.84343434e-05 -1.43939394e-05 1.50000127e+08 5.20422512e+02 1.00613017e+03
-1.79292929e-05 -1.43939394e-05 1.50000092e+08 5.73423810e+02 1.05849119e+03
-1.74242424e-05 -1.43939394e-05 1.50000047e+08 6.31561209e+02 1.11797371e+03
-1.69191919e-05 -1.43939394e-05 1.49999991e+08 6.96414274e+02 1.18554556e+03
-1.64141414e-05 -1.43939394e-05 1.49999923e+08 7.69892959e+02 1.26211853e+03
-1.59090909e-05 -1.43939394e-05 1.49999841e+08 8.54255718e+02 1.34849984e+03
-1.54040404e-05 -1.43939394e-05 1.49999743e+08 9.52131184e+02 1.44533583e+03
-1.48989899e-05 -1.43939394e-05 1.49999628e+08 1.06654943e+03 1.55303883e+03
-1.43939394e-05 -1.43939394e-05 1.49999493e+08 1.20098574e+03 1.67168020e+03
-1.38888889e-05 -1.43939394e-05 1.49999338e+08 1.35941201e+03 1.80082391e+03
-1.33838384e-05 -1.43939394e-05 1.49999161e+08 1.54633727e+03 1.93926584e+03
-1.28787879e-05 -1.43939394e-05 1.49998962e+08 1.76679786e+03 2.08463674e+03
-1.23737374e-05 -1.43939394e-05 1.49998741e+08 2.02622760e+03 2.23282344e+03
-1.18686869e-05 -1.43939394e-05 1.49998501e+08 2.33009539e+03 2.37716748e+03
-1.13636364e-05 -1.43939394e-05 1.49998245e+08 2.68314074e+03 2.50742534e+03
-1.08585859e-05 -1.43939394e-05 1.49997982e+08 3.08796818e+03 2.60853806e+03
-1.03535354e-05 -1.43939394e-05 1.49997724e+08 3.54269931e+03 2.65939498e+03
-9.84848485e-06 -1.43939394e-05 1.49997488e+08 4.03737934e+03 2.63203201e+03
-9.34343434e-06 -1.43939394e-05 1.49997298e+08 4.54901695e+03 2.49211573e+03
-8.83838384e-06 -1.43939394e-05 1.49997181e+08 5.03571850e+03 2.20209260e+03
-8.33333333e-06 -1.43939394e-05 1.49997161e+08 5.43163324e+03 1.72876139e+03
-7.82828283e-06 -1.43939394e-05 1.49997255e+08 5.64642941e+03 1.05656521e+03
-7.32323232e-06 -1.43939394e-05 1.49997454e+08 5.57500596e+03 2.05467017e+02
-6.81818182e-06 -1.43939394e-05 1.49997714e+08 5.12269852e+03 -7.52846310e+02
-6.31313131e-06 -1.43939394e-05 1.49997960e+08 4.24475971e+03 -1.69256884e+03
-5.80808081e-06 -1.43939394e-05 1.49998099e+08 2.98566718e+03 -2.45748947e+03
-5.30303030e-06 -1.43939394e-05 1.49998064e+08 1.49245228e+03 -2.91037659e+03
-4.79797980e-06 -1.43939394e-05 1.49997845e+08 -1.72540521e+01 -2.98595926e+03
-4.29292929e-06 -1.43939394e-05 1.49997505e+08 -1.32319836e+03 -2.71523255e+03
-3.78787879e-06 -1.43939394e-05 1.49997146e+08 -2.26977189e+03 -2.20608425e+03
-3.28282828e-06 -1.43939394e-05 1.49996873e+08 -2.79795185e+03 -1.59599781e+03
-2.77777778e-06 -1.43939394e-05 1.49996758e+08 -2.93553083e+03 -1.00671236e+03
-2.27272727e-06 -1.43939394e-05 1.49996827e+08 -2.76390601e+03 -5.19786161e+02
-1.76767677e-06 -1.43939394e-05 1.49997068e+08 -2.38333295e+03 -1.73546757e+02
-1.26262626e-06 -1.43939394e-05 1.49997446e+08 -1.88845962e+03 2.77419862e+01
-7.57575758e-07 -1.43939394e-05 1.49997916e+08 -1.35576561e+03 1.01355159e+02
-2.52525253e-07 -1.43939394e-05 1.49998432e+08 -8.39808193e+02 7.50747566e+01
2.52525253e-07 -1.43939394e-05 1.49998956e+08 -3.74601847e+02 -2.07818029e+01
7.57575758e-07 -1.43939394e-05 1.49999459e+08 2.26004165e+01 -1.58325857e+02
1.26262626e-06 -1.43939394e-05 1.49999921e+08 3.46830400e+02 -3.14652578e+02
1.76767677e-06 -1.43939394e-05 1.50000328e+08 6.01198209e+02 -4.72675515e+02
2.27272727e-06 -1.43939394e-05 1.50000676e+08 7.93428712e+02 -6.20866200e+02
2.77777778e-06 -1.43939394e-05 1.50000965e+08 9.33290398e+02 -7.52407190e+02
3.28282828e-06 -1.43939394e-05 1.50001197e+08 1.03086705e+03 -8.64129518e+02
3.78787879e-06 -1.43939394e-05 1.50001378e+08 1.09552109e+03 -9.55471776e+02
4.29292929e-06 -1.43939394e-05 1.50001514e+08 1.13536672e+03 -1.02758664e+03
4.79797980e-06 -1.43939394e-05 1.50001611e+08 1.15708421e+03 -1.08264058e+03
5.30303030e-06 -1.43939394e-05 1.50001674e+08 1.16594002e+03 -1.12330336e+03
5.80808081e-06 -1.43939394e-05 1.50001710e+08 1.16591535e+03 -1.15239933e+03
6.31313131e-06 -1.43939394e-05 1.50001722e+08 1.15987945e+03 -1.17268435e+03
6.81818182e-06 -1.43939394e-05 1.50001714e+08 1.14976944e+03 -1.18671325e+03
7.32323232e-06 -1.43939394e-05 1.50001691e+08 1.13675687e+03 -1.19676851e+03
7.82828283e-06 -1.43939394e-05 1.50001654e+08 1.12139283e+03 -1.20482728e+03
8.33333333e-06 -1.43939394e-05 1.50001606e+08 1.10373022e+03 -1.21255047e+03
8.83838384e-06 -1.43939394e-05 1.50001549e+08 1.08342570e+03 -1.22128276e+03
9.34343434e-06 -1.43939394e-05 1.50001484e+08 1.05982556e+03 -1.23205662e+03
9.84848485e-06 -1.43939394e-05 1.50001414e+08 1.03204018e+03 -1.24559654e+03
1.03535354e-05 -1.43939394e-05 1.50001338e+08 9.99011526e+02 -1.26232190e+03
1.08585859e-05 -1.43939394e-05 1.50001259e+08 9.59577487e+02 -1.28234858e+03
1.13636364e-05 -1.43939394e-05 1.50001178e+08 9.12536051e+02 -1.30549066e+03
1.18686869e-05 -1.43939394e-05 1.50001095e+08 8.56711148e+02 -1.33126425e+03
1.23737374e-05 -1.43939394e-05 1.50001012e+08 7.91020885e+02 -1.35889609e+03
1.28787879e-05 -1.43939394e-05 1.50000932e+08 7.14547668e+02 -1.38733958e+03
1.33838384e-05 -1.43939394e-05 1.50000854e+08 6.26608445e+02 -1.41530089e+03
1.38888889e-05 -1.43939394e-05 1.50000780e+08 5.26822130e+02 -1.44127710e+03
1.43939394e-05 -1.43939394e-05 1.50000712e+08 4.15170309e+02 -1.46360779e+03
1.48989899e-05 -1.43939394e-05 1.50000651e+08 2.92046632e+02 -1.48053975e+03
1.54040404e-05 -1.43939394e-05 1.50000598e+08 1.58290046e+02 -1.49030383e+03
1.59090909e-05 -1.43939394e-05 1.50000555e+08 1.51973783e+01 -1.49120057e+03
1.64141414e-05 -1.43939394e-05 1.50000521e+08 -1.35488353e+02 -1.48169055e+03
1.69191919e-05 -1.43939394e-05 1.50000498e+08 -2.91615958e+02 -1.46048348e+03
1.74242424e-05 -1.43939394e-05 1.50000485e+08 -4.50690499e+02 -1.42661986e+03
1.79292929e-05 -1.43939394e-05 1.50000482e+08 -6.09961864e+02 -1.37953847e+03
1.84343434e-05 -1.43939394e-05 1.50000489e+08 -7.66532881e+02 -1.31912387e+03
1.89393939e-05 -1.43939394e-05 1.50000504e+08 -9.17480290e+02 -1.24572921e+03
1.94444444e-05 -1.43939394e-05 1.50000526e+08 -1.05998040e+03 -1.16017187e+03
1.99494949e-05 -1.43939394e-05 1.50000554e+08 -1.19143052e+03 -1.06370147e+03
2.04545455e-05 -1.43939394e-05 1.50000586e+08 -1.30955758e+03 -9.57942699e+02
2.09595960e-05 -1.43939394e-05 1.50000620e+08 -1.41250640e+03 -8.44817299e+02
2.14646465e-05 -1.43939394e-05 1.50000654e+08 -1.49890216e+03 -7.26451505e+02
2.19696970e-05 -1.43939394e-05 1.50000688e+08 -1.56788394e+03 -6.05076190e+02
2.24747475e-05 -1.43939394e-05 1.50000718e+08 -1.61910893e+03 -4.82927195e+02
2.29797980e-05 -1.43939394e-05 1.50000745e+08 -1.65272937e+03 -3.62152697e+02
2.34848485e-05 -1.43939394e-05 1.50000767e+08 -1.66934625e+03 -2.44733275e+02
2.39898990e-05 -1.43939394e-05 1.50000783e+08 -1.66994532e+03 -1.32418632e+02
2.44949495e-05 -1.43939394e-05 1.50000793e+08 -1.65582166e+03 -2.66831024e+01
2.50000000e-05 -1.43939394e-05 1.50000797e+08 -1.62849888e+03 7.12997098e+01
-2.50000000e-05 -1.38888889e-05 1.50000187e+08 -1.66268435e+01 6.03401713e+02
-2.44949495e-05 -1.38888889e-05 1.50000202e+08 1.56489498e+01 6.25547425e+02
-2.39898990e-05 -1.38888889e-05 1.50000217e+08 4.91647772e+01 6.47720011e+02
-2.34848485e-05 -1.38888889e-05 1.50000230e+08 8.38012047e+01 6.69989257e+02
-2.29797980e-05 -1.38888889e-05 1.50000242e+08 1.19426812e+02 6.92469918e+02
-2.24747475e-05 -1.38888889e-05 1.50000253e+08 1.55904146e+02 7.15333462e+02
-2.19696970e-05 -1.38888889e-05 1.50000261e+08 1.93099164e+02 7.38821623e+02
-2.14646465e-05 -1.38888889e-05 1.50000267e+08 2.30895265e+02 7.63261416e+02
-2.09595960e-05 -1.38888889e-05 1.50000270e+08 2.69213087e+02 7.89080870e+02
-2.04545455e-05 -1.38888889e-05 1.50000270e+08 3.08037061e+02 8.16824162e+02
-1.99494949e-05 -1.38888889e-05 1.50000266e+08 3.47449273e+02 8.47164216e+02
-1.94444444e-05 -1.38888889e-05 1.50000257e+08 3.87670268e+02 8.80910284e+02
-1.89393939e-05 -1.38888889e-05 1.50000242e+08 4.29105179e+02 9.19007866e+02
-1.84343434e-05 -1.38888889e-05 1.50000221e+08 4.72392104e+02 9.62528720e+02
-1.79292929e-05 -1.38888889e-05 1.50000193e+08 5.18448467e+02 1.01265004e+03
-1.74242424e-05 -1.38888889e-05 1.50000154e+08 5.68510939e+02 1.07062398e+03
-1.69191919e-05 -1.38888889e-05 1.50000105e+08 6.24165993e+02 1.13774100e+03
-1.64141414e-05 -1.38888889e-05 1.50000043e+08 6.87371738e+02 1.21529216e+03
-1.59090909e-05 -1.38888889e-05 1.49999966e+08 7.60476797e+02 1.30453480e+03
-1.54040404e-05 -1.38888889e-05 1.49999872e+08 8.46247267e+02 1.40666210e+03
-1.48989899e-05 -1.38888889e-05 1.49999758e+08 9.47916033e+02 1.52276914e+03
-1.43939394e-05 -1.38888889e-05 1.49999623e+08 1.06926774e+03 1.65379718e+03
-1.38888889e-05 -1.38888889e-05 1.49999463e+08 1.21476600e+03 1.80042475e+03
-1.33838384e-05 -1.38888889e-05 1.49999276e+08 1.38971584e+03 1.96285982e+03
-1.28787879e-05 -1.38888889e-05 1.49999060e+08 1.60043278e+03 2.14047229e+03
-1.23737374e-05 -1.38888889e-05 1.49998813e+08 1.85435682e+03 2.33119033e+03
-1.18686869e-05 -1.38888889e-05 1.49998535e+08 2.15999817e+03 2.53056883e+03
-1.13636364e-05 -1.38888889e-05 1.49998228e+08 2.52652146e+03 2.73043220e+03
-1.08585859e-05 -1.38888889e-05 1.49997896e+08 2.96265310e+03 2.91701710e+03
-1.03535354e-05 -1.38888889e-05 1.49997550e+08 3.47442748e+03 3.06864006e+03
-9.84848485e-06 -1.38888889e-05 1.49997208e+08 4.06109901e+03 3.15317962e+03
-9.34343434e-06 -1.38888889e-05 1.49996897e+08 4.70846077e+03 3.12623096e+03
-8.83838384e-06 -1.38888889e-05 1.49996655e+08 5.37915413e+03 2.93180912e+03
-8.33333333e-06 -1.38888889e-05 1.49996525e+08 6.00098886e+03 2.50888444e+03
-7.82828283e-06 -1.38888889e-05 1.49996547e+08 6.45771161e+03 1.80802043e+03
-7.32323232e-06 -1.38888889e-05 1.49996733e+08 6.59219535e+03 8.20599954e+02
-6.81818182e-06 -1.38888889e-05 1.49997047e+08 6.23641168e+03 -3.85121735e+02
-6.31313131e-06 -1.38888889e-05 1.49997386e+08 5.27648786e+03 -1.64228010e+03
-5.80808081e-06 -1.38888889e-05 1.49997608e+08 3.73474358e+03 -2.70994454e+03
-5.30303030e-06 -1.38888889e-05 1.49997591e+08 1.81466804e+03 -3.35762989e+03
-4.79797980e-06 -1.38888889e-05 1.49997316e+08 -1.45905044e+02 -3.47073275e+03
-4.29292929e-06 -1.38888889e-05 1.49996880e+08 -1.80334770e+03 -3.10136134e+03
-3.78787879e-06 -1.38888889e-05 1.49996447e+08 -2.93445645e+03 -2.42693207e+03
-3.28282828e-06 -1.38888889e-05 1.49996168e+08 -3.48288963e+03 -1.65711235e+03
-2.77777778e-06 -1.38888889e-05 1.49996125e+08 -3.52360281e+03 -9.57593425e+02
-2.27272727e-06 -1.38888889e-05 1.49996330e+08 -3.19545423e+03 -4.21880791e+02
-1.76767677e-06 -1.38888889e-05 1.49996742e+08 -2.64542170e+03 -7.96098334e+01
-1.26262626e-06 -1.38888889e-05 1.49997300e+08 -1.99797738e+03 8.18162820e+01
-7.57575758e-07 -1.38888889e-05 1.49997938e+08 -1.34446472e+03 9.68401477e+01
-2.52525253e-07 -1.38888889e-05 1.49998599e+08 -7.43643132e+02 7.19429212e+00
2.52525253e-07 -1.38888889e-05 1.49999237e+08 -2.27136806e+02 -1.47060294e+02
7.57575758e-07 -1.38888889e-05 1.49999822e+08 1.93623254e+02 -3.32287299e+02
1.26262626e-06 -1.38888889e-05 1.50000336e+08 5.20686418e+02 -5.23103470e+02
1.76767677e-06 -1.38888889e-05 1.50000772e+08 7.63941701e+02 -7.02310942e+02
2.27272727e-06 -1.38888889e-05 1.50001129e+08 9.36872584e+02 -8.59757639e+02
2.77777778e-06 -1.38888889e-05 1.50001411e+08 1.05368931e+03 -9.90754518e+02
3.28282828e-06 -1.38888889e-05 1.50001627e+08 1.12761951e+03 -1.09447441e+03
3.78787879e-06 -1.38888889e-05 1.50001785e+08 1.17005913e+03 -1.17256911e+03
4.29292929e-06 -1.38888889e-05 1.50001894e+08 1.19029435e+03 -1.22809629e+03
4.79797980e-06 -1.38888889e-05 1.50001963e+08 1.19555923e+03 -1.26475563e+03
5.30303030e-06 -1.38888889e-05 1.50001998e+08 1.19126129e+03 -1.28638675e+03
5.80808081e-06 -1.38888889e-05 1.50002007e+08 1.18126735e+03 -1.29666652e+03
6.31313131e-06 -1.38888889e-05 1.50001994e+08 1.16818818e+03 -1.29894612e+03
6.81818182e-06 -1.38888889e-05 1.50001963e+08 1.15363184e+03 -1.29617887e+03
7.32323232e-06 -1.38888889e-05 1.50001918e+08 1.13841501e+03 -1.29090186e+03
7.82828283e-06 -1.38888889e-05 1.50001862e+08 1.12273256e+03 -1.28524608e+03
8.33333333e-06 -1.38888889e-05 1.50001796e+08 1.10629076e+03 -1.28095803e+03
8.83838384e-06 -1.38888889e-05 1.50001723e+08 1.08841191e+03 -1.27942274e+03
9.34343434e-06 -1.38888889e-05 1.50001643e+08 1.06811822e+03 -1.28168255e+03
9.84848485e-06 -1.38888889e-05 1.50001558e+08 1.04420248e+03 -1.28844951e+03
1.03535354e-05 -1.38888889e-05 1.50001470e+08 1.01529177e+03 -1.30011100e+03
1.08585859e-05 -1.38888889e-05 1.50001378e+08 9.79909398e+02 -1.31673026e+03
1.13636364e-05 -1.38888889e-05 1.50001285e+08 9.36539027e+02 -1.33804421e+03
1.18686869e-05 -1.38888889e-05 1.50001190e+08 8.83693429e+02 -1.36346187e+03
1.23737374e-05 -1.38888889e-05 1.50001097e+08 8.19988928e+02 -1.39206718e+03
1.28787879e-05 -1.38888889e-05 1.50001005e+08 7.44224999e+02 -1.42263007e+03
1.33838384e-05 -1.38888889e-05 1.50000916e+08 6.55466913e+02 -1.45362961e+03
1.38888889e-05 -1.38888889e-05 1.50000833e+08 5.53127721e+02 -1.48329228e+03
1.43939394e-05 -1.38888889e-05 1.50000756e+08 4.37044521e+02 -1.50964742e+03
1.48989899e-05 -1.38888889e-05 1.50000687e+08 3.07542909e+02 -1.53060051e+03
1.54040404e-05 -1.38888889e-05 1.50000627e+08 1.65483029e+02 -1.54402301e+03
1.59090909e-05 -1.38888889e-05 1.50000577e+08 1.22808950e+01 -1.54785519e+03
1.64141414e-05 -1.38888889e-05 1.50000539e+08 -1.50100307e+02 -1.54021667e+03
1.69191919e-05 -1.38888889e-05 1.50000512e+08 -3.19192256e+02 -1.51951741e+03
1.74242424e-05 -1.38888889e-05 1.50000498e+08 -4.92097581e+02 -1.48456051e+03
1.79292929e-05 -1.38888889e-05 1.50000495e+08 -6.65597529e+02 -1.43462829e+03
1.84343434e-05 -1.38888889e-05 1.50000502e+08 -8.36285500e+02 -1.36954336e+03
1.89393939e-05 -1.38888889e-05 1.50000520e+08 -1.00071783e+03 -1.28969843e+03
1.94444444e-05 -1.38888889e-05 1.50000545e+08 -1.15557105e+03 -1.19605120e+03
1.99494949e-05 -1.38888889e-05 1.50000577e+08 -1.29779376e+03 -1.09008373e+03
2.04545455e-05 -1.38888889e-05 1.50000613e+08 -1.42474179e+03 -9.73729394e+02
2.09595960e-05 -1.38888889e-05 1.50000651e+08 -1.53428654e+03 -8.49273442e+02
2.14646465e-05 -1.38888889e-05 1.50000690e+08 -1.62488959e+03 -7.19235503e+02
2.19696970e-05 -1.38888889e-05 1.50000727e+08 -1.69563963e+03 -5.86243883e+02
2.24747475e-05 -1.38888889e-05 1.50000760e+08 -1.74625171e+03 -4.52911497e+02
2.29797980e-05 -1.38888889e-05 1.50000789e+08 -1.77703195e+03 -3.21722419e+02
2.34848485e-05 -1.38888889e-05 1.50000811e+08 -1.78881364e+03 -1.94936139e+02
2.39898990e-05 -1.38888889e-05 1.50000827e+08 -1.78287245e+03 -7.45143140e+01
2.44949495e-05 -1.38888889e-05 1.50000836e+08 -1.76082894e+03 3.79278339e+01
2.50000000e-05 -1.38888889e-05 1.50000838e+08 -1.72454669e+03 1.41145626e+02
-2.50000000e-05 -1.33838384e-05 1.50000220e+08 -3.83473330e+01 5.85949002e+02
-2.44949495e-05 -1.33838384e-05 1.50000239e+08 -5.97428692e+00 6.07125606e+02
-2.39898990e-05 -1.33838384e-05 1.50000257e+08 2.76039384e+01 6.28104245e+02
-2.34848485e-05 -1.33838384e-05 1.50000274e+08 6.22290028e+01 6.48920232e+02
-2.29797980e-05 -1.33838384e-05 1.50000291e+08 9.77191047e+01 6.69652345e+02
-2.24747475e-05 -1.33838384e-05 1.50000306e+08 1.33872657e+02 6.90436204e+02
-2.19696970e-05 -1.33838384e-05 1.50000319e+08 1.70475479e+02 7.11480448e+02
-2.14646465e-05 -1.33838384e-05 1.50000330e+08 2.07312987e+02 7.33085648e+02
-2.09595960e-05 -1.33838384e-05 1.50000339e+08 2.44189104e+02 7.55665430e+02
-2.04545455e-05 -1.33838384e-05 1.50000345e+08 2.80953637e+02 7.79768489e+02
-1.99494949e-05 -1.33838384e-05 1.50000347e+08 3.17539450e+02 8.06099261e+02
-1.94444444e-05 -1.33838384e-05 1.50000345e+08 3.54009729e+02 8.35533979e+02
-1.89393939e-05 -1.33838384e-05 1.50000338e+08 3.90613786e+02 8.69128213e+02
-1.84343434e-05 -1.33838384e-05 1.50000326e+08 4.27847460e+02 9.08112214e+02
-1.79292929e-05 -1.33838384e-05 1.50000306e+08 4.66511716e+02 9.53872025e+02
-1.74242424e-05 -1.33838384e-05 1.50000277e+08 5.07761832e+02 1.00791771e+03
-1.69191919e-05 -1.33838384e-05 1.50000237e+08 5.53140937e+02 1.07184459e+03
-1.64141414e-05 -1.33838384e-05 1.50000184e+08 6.04596763e+02 1.14729740e+03
-1.59090909e-05 -1.33838384e-05 1.50000117e+08 6.64489035e+02 1.23594874e+03
-1.54040404e-05 -1.33838384e-05 1.50000031e+08 7.35604912e+02 1.33949922e+03
-1.48989899e-05 -1.33838384e-05 1.49999925e+08 8.21207724e+02 1.45969699e+03
-1.43939394e-05 -1.33838384e-05 1.49999794e+08 9.25146613e+02 1.59835983e+03
-1.38888889e-05 -1.33838384e-05 1.49999637e+08 1.05204959e+03 1.75736529e+03
-1.33838384e-05 -1.33838384e-05 1.49999448e+08 1.20761020e+03 1.93855623e+03
-1.28787879e-05 -1.33838384e-05 1.49999224e+08 1.39895868e+03 2.14348807e+03
-1.23737374e-05 -1.33838384e-05 1.49998960e+08 1.63507976e+03 2.37291795e+03
-1.18686869e-05 -1.33838384e-05 1.49998653e+08 1.92719194e+03 2.62589874e+03
-1.13636364e-05 -1.33838384e-05 1.49998299e+08 2.28891875e+03 2.89829216e+03
-1.08585859e-05 -1.33838384e-05 1.49997900e+08 2.73592932e+03 3.18046331e+03
-1.03535354e-05 -1.33838384e-05 1.49997459e+08 3.28445759e+03 3.45390355e+03
-9.84848485e-06 -1.33838384e-05 1.49996991e+08 3.94768094e+03 3.68665451e+03
-9.34343434e-06 -1.33838384e-05 1.49996522e+08 4.72836371e+03 3.82791247e+03
-8.83838384e-06 -1.33838384e-05 1.49996098e+08 5.60571289e+03 3.80352898e+03
-8.33333333e-06 -1.33838384e-05 1.49995783e+08 6.51499733e+03 3.51687823e+03
-7.82828283e-06 -1.33838384e-05 1.49995652e+08 7.32239189e+03 2.86374964e+03
-7.32323232e-06 -1.33838384e-05 1.49995764e+08 7.80803765e+03 1.77271004e+03
-6.81818182e-06 -1.33838384e-05 1.49996111e+08 7.68726851e+03 2.74544416e+02
-6.31313131e-06 -1.33838384e-05 1.49996573e+08 6.70712322e+03 -1.42704990e+03
-5.80808081e-06 -1.33838384e-05 1.49996923e+08 4.81392357e+03 -2.95732696e+03
-5.30303030e-06 -1.33838384e-05 1.49996944e+08 2.28590586e+03 -3.91196844e+03
-4.79797980e-06 -1.33838384e-05 1.49996585e+08 -3.26420029e+02 -4.07967804e+03
-4.29292929e-06 -1.33838384e-05 1.49996016e+08 -2.46130932e+03 -3.55694648e+03
-3.78787879e-06 -1.33838384e-05 1.49995509e+08 -3.79848298e+03 -2.65093158e+03
-3.28282828e-06 -1.33838384e-05 1.49995273e+08 -4.31630874e+03 -1.68560418e+03
-2.77777778e-06 -1.33838384e-05 1.49995387e+08 -4.18488122e+03 -8.77064781e+02
-2.27272727e-06 -1.33838384e-05 1.49995819e+08 -3.63304439e+03 -3.17111361e+02
-1.76767677e-06 -1.33838384e-05 1.49996482e+08 -2.86729028e+03 -1.09878223e+01
-1.26262626e-06 -1.33838384e-05 1.49997279e+08 -2.04263150e+03 8.10369384e+01
-7.57575758e-07 -1.33838384e-05 1.49998121e+08 -1.26111083e+03 1.53971336e+01
-2.52525253e-07 -1.33838384e-05 1.49998941e+08 -5.80398467e+02 -1.50859385e+02
2.52525253e-07 -1.33838384e-05 1.49999694e+08 -2.47925491e+01 -3.68435006e+02
7.57575758e-07 -1.33838384e-05 1.50000351e+08 4.04135730e+02 -5.99405018e+02
1.26262626e-06 -1.33838384e-05 1.50000901e+08 7.18402607e+02 -8.17768012e+02
1.76767677e-06 -1.33838384e-05 1.50001345e+08 9.36545670e+02 -1.00809496e+03
2.27272727e-06 -1.33838384e-05 1.50001689e+08 1.07875350e+03 -1.16325207e+03
2.77777778e-06 -1.33838384e-05 1.50001945e+08 1.16394002e+03 -1.28194581e+03
3.28282828e-06 -1.33838384e-05 1.50002126e+08 1.20830355e+03 -1.36655403e+03
3.78787879e-06 -1.33838384e-05 1.50002245e+08 1.22487574e+03 -1.42144517e+03
4.29292929e-06 -1.33838384e-05 1.50002315e+08 1.22364251e+03 -1.45180527e+03
4.79797980e-06 -1.33838384e-05 1.50002344e+08 1.21193719e+03 -1.46289631e+03
5.30303030e-06 -1.33838384e-05 1.50002343e+08 1.19491798e+03 -1.45963754e+03
5.80808081e-06 -1.33838384e-05 1.50002318e+08 1.17602680e+03 -1.44640624e+03
6.31313131e-06 -1.33838384e-05 1.50002275e+08 1.15738340e+03 -1.42697481e+03
6.81818182e-06 -1.33838384e-05 1.50002217e+08 1.14010149e+03 -1.40452379e+03
7.32323232e-06 -1.33838384e-05 1.50002149e+08 1.12453128e+03 -1.38169079e+03
7.82828283e-06 -1.33838384e-05 1.50002071e+08 1.11043982e+03 -1.36063012e+03
8.33333333e-06 -1.33838384e-05 1.50001987e+08 1.09714321e+03 -1.34306893e+03
8.83838384e-06 -1.33838384e-05 1.50001897e+08 1.08360378e+03 -1.33035220e+03
9.34343434e-06 -1.33838384e-05 1.50001802e+08 1.06850399e+03 -1.32347386e+03
9.84848485e-06 -1.33838384e-05 1.50001703e+08 1.05030690e+03 -1.32309383e+03
1.03535354e-05 -1.33838384e-05 1.50001601e+08 1.02731136e+03 -1.32954274e+03
1.08585859e-05 -1.33838384e-05 1.50001497e+08 9.97708097e+02 -1.34281724e+03
1.13636364e-05 -1.33838384e-05 1.50001392e+08 9.59641609e+02 -1.36256983e+03
1.18686869e-05 -1.33838384e-05 1.50001286e+08 9.11280884e+02 -1.38809768e+03
1.23737374e-05 -1.33838384e-05 1.50001181e+08 8.50900368e+02 -1.41833559e+03
1.28787879e-05 -1.33838384e-05 1.50001078e+08 7.76970660e+02 -1.45185838e+03
1.33838384e-05 -1.33838384e-05 1.50000979e+08 6.88256424e+02 -1.48689772e+03
1.38888889e-05 -1.33838384e-05 1.50000885e+08 5.83916961e+02 -1.52137813e+03
1.43939394e-05 -1.33838384e-05 1.50000798e+08 4.63602947e+02 -1.55297521e+03
1.48989899e-05 -1.33838384e-05 1.50000720e+08 3.27541323e+02 -1.57919769e+03
1.54040404e-05 -1.33838384e-05 1.50000653e+08 1.76599437e+02 -1.59749226e+03
1.59090909e-05 -1.33838384e-05 1.50000597e+08 1.23195885e+01 -1.60536723e+03
1.64141414e-05 -1.33838384e-05 1.50000553e+08 -1.63083666e+02 -1.60052862e+03
1.69191919e-05 -1.33838384e-05 1.50000524e+08 -3.46768697e+02 -1.58101899e+03
1.74242424e-05 -1.33838384e-05 1.50000507e+08 -5.35356194e+02 -1.54534819e+03
1.79292929e-05 -1.33838384e-05 1.50000504e+08 -7.25060229e+02 -1.49260393e+03
1.84343434e-05 -1.33838384e-05 1.50000514e+08 -9.11853907e+02 -1.42253129e+03
1.89393939e-05 -1.33838384e-05 1.50000534e+08 -1.09165838e+03 -1.33557217e+03
1.94444444e-05 -1.33838384e-05 1.50000564e+08 -1.26054095e+03 -1.23285952e+03
1.99494949e-05 -1.33838384e-05 1.50000600e+08 -1.41490634e+03 -1.11616553e+03
2.04545455e-05 -1.33838384e-05 1.50000641e+08 -1.55166589e+03 -9.87807796e+02
2.09595960e-05 -1.33838384e-05 1.50000685e+08 -1.66837132e+03 -8.50521661e+02
2.14646465e-05 -1.33838384e-05 1.50000728e+08 -1.76330382e+03 -7.07310163e+02
2.19696970e-05 -1.33838384e-05 1.50000768e+08 -1.83551388e+03 -5.61284886e+02
2.24747475e-05 -1.33838384e-05 1.50000805e+08 -1.88481231e+03 -4.15510879e+02
2.29797980e-05 -1.33838384e-05 1.50000835e+08 -1.91171751e+03 -2.72867352e+02
2.34848485e-05 -1.33838384e-05 1.50000858e+08 -1.91736742e+03 -1.35933171e+02
2.39898990e-05 -1.33838384e-05 1.50000874e+08 -1.90340688e+03 -6.90271903e+00
2.44949495e-05 -1.33838384e-05 1.50000881e+08 -1.87186173e+03 1.12465802e+02
2.50000000e-05 -1.33838384e-05 1.50000880e+08 -1.82501025e+03 2.20870769e+02
-2.50000000e-05 -1.28787879e-05 1.50000253e+08 -5.91595537e+01 5.67557795e+02
-2.44949495e-05 -1.28787879e-05 1.50000276e+08 -2.64669110e+01 5.87678531e+02
-2.39898990e-05 -1.28787879e-05 1.50000298e+08 7.43405205e+00 6.07345356e+02
-2.34848485e-05 -1.28787879e-05 1.50000320e+08 4.23495170e+01 6.26548650e+02
-2.29797980e-05 -1.28787879e-05 1.50000341e+08 7.80498191e+01 6.45317627e+02
-2.24747475e-05 -1.28787879e-05 1.50000361e+08 1.14269975e+02 6.63734660e+02
-2.19696970e-05 -1.28787879e-05 1.50000379e+08 1.50713402e+02 6.81953482e+02
-2.14646465e-05 -1.28787879e-05 1.50000396e+08 1.87060676e+02 7.00221663e+02
-2.09595960e-05 -1.28787879e-05 1.50000411e+08 2.22985727e+02 7.18907260e+02
-2.04545455e-05 -1.28787879e-05 1.50000423e+08 2.58182226e+02 7.38528623e+02
-1.99494949e-05 -1.28787879e-05 1.50000433e+08 2.92402797e+02 7.59784908e+02
-1.94444444e-05 -1.28787879e-05 1.50000439e+08 3.25512640e+02 7.83583190e+02
-1.89393939e-05 -1.28787879e-05 1.50000442e+08 3.57556760e+02 8.11056410e+02
-1.84343434e-05 -1.28787879e-05 1.50000439e+08 3.88836177e+02 8.43565889e+02
-1.79292929e-05 -1.28787879e-05 1.50000429e+08 4.19983859e+02 8.82683738e+02
-1.74242424e-05 -1.28787879e-05 1.50000412e+08 4.52027488e+02 9.30155386e+02
-1.69191919e-05 -1.28787879e-05 1.50000385e+08 4.86426261e+02 9.87850252e+02
-1.64141414e-05 -1.28787879e-05 1.50000346e+08 5.25075369e+02 1.05771727e+03
-1.59090909e-05 -1.28787879e-05 1.50000292e+08 5.70285256e+02 1.14176726e+03
-1.54040404e-05 -1.28787879e-05 1.50000220e+08 6.24760180e+02 1.24210163e+03
-1.48989899e-05 -1.28787879e-05 1.50000128e+08 6.91615875e+02 1.36099445e+03
-1.43939394e-05 -1.28787879e-05 1.50000010e+08 7.74482862e+02 1.50101531e+03
-1.38888889e-05 -1.28787879e-05 1.49999864e+08 8.77737828e+02 1.66515783e+03
-1.33838384e-05 -1.28787879e-05 1.49999684e+08 1.00689314e+03 1.85691854e+03
-1.28787879e-05 -1.28787879e-05 1.49999464e+08 1.16915901e+03 2.08024974e+03
-1.23737374e-05 -1.28787879e-05 1.49999198e+08 1.37417552e+03 2.33928175e+03
-1.18686869e-05 -1.28787879e-05 1.49998876e+08 1.63488549e+03 2.63765929e+03
-1.13636364e-05 -1.28787879e-05 1.49998492e+08 1.96846222e+03 2.97724962e+03
-1.08585859e-05 -1.28787879e-05 1.49998038e+08 2.39707517e+03 3.35584049e+03
-1.03535354e-05 -1.28787879e-05 1.49997508e+08 2.94798806e+03 3.76325228e+03
-9.84848485e-06 -1.28787879e-05 1.49996906e+08 3.65189092e+03 4.17509108e+03
-9.34343434e-06 -1.28787879e-05 1.49996250e+08 4.53725172e+03 4.54338793e+03
-8.83838384e-06 -1.28787879e-05 1.49995581e+08 5.61666455e+03 4.78425720e+03
-8.33333333e-06 -1.28787879e-05 1.49994978e+08 6.85914239e+03 4.76600361e+03
-7.82828283e-06 -1.28787879e-05 1.49994559e+08 8.14296813e+03 4.30939148e+03
-7.32323232e-06 -1.28787879e-05 1.49994463e+08 9.19583406e+03 3.22606107e+03
-6.81818182e-06 -1.28787879e-05 1.49994769e+08 9.56692311e+03 1.42947558e+03
-6.31313131e-06 -1.28787879e-05 1.49995374e+08 8.73316794e+03 -8.87777622e+02
-5.80808081e-06 -1.28787879e-05 1.49995930e+08 6.42341283e+03 -3.15034946e+03
-5.30303030e-06 -1.28787879e-05 1.49996021e+08 2.99432129e+03 -4.61173772e+03
-4.79797980e-06 -1.28787879e-05 1.49995532e+08 -5.99969545e+02 -4.85585051e+03
-4.29292929e-06 -1.28787879e-05 1.49994781e+08 -3.38635473e+03 -4.08299634e+03
-3.78787879e-06 -1.28787879e-05 1.49994231e+08 -4.91969515e+03 -2.85608659e+03
-3.28282828e-06 -1.28787879e-05 1.49994159e+08 -5.30366735e+03 -1.67277208e+03
-2.77777778e-06 -1.28787879e-05 1.49994582e+08 -4.89071060e+03 -7.84897370e+02
-2.27272727e-06 -1.28787879e-05 1.49995378e+08 -4.03739098e+03 -2.48333091e+02
-1.76767677e-06 -1.28787879e-05 1.49996389e+08 -3.01344709e+03 -2.16766926e+01
-1.26262626e-06 -1.28787879e-05 1.49997482e+08 -1.99658009e+03 -2.98427140e+01
-7.57575758e-07 -1.28787879e-05 1.49998553e+08 -1.09069078e+03 -1.93467933e+02
-2.52525253e-07 -1.28787879e-05 1.49999533e+08 -3.44989874e+02 -4.41783315e+02
2.52525253e-07 -1.28787879e-05 1.50000384e+08 2.29416806e+02 -7.18605326e+02
7.57575758e-07 -1.28787879e-05 1.50001087e+08 6.45256713e+02 -9.84352386e+02
1.26262626e-06 -1.28787879e-05 1.50001643e+08 9.27489037e+02 -1.21505344e+03
1.76767677e-06 -1.28787879e-05 1.50002062e+08 1.10489826e+03 -1.39942026e+03
2.27272727e-06 -1.28787879e-05 1.50002363e+08 1.20487252e+03 -1.53520004e+03
2.77777778e-06 -1.28787879e-05 1.50002566e+08 1.25079013e+03 -1.62575704e+03
3.28282828e-06 -1.28787879e-05 1.50002690e+08 1.26119657e+03 -1.67737833e+03
3.78787879e-06 -1.28787879e-05 1.50002752e+08 1.25001239e+03 -1.69741499e+03
4.29292929e-06 -1.28787879e-05 1.50002767e+08 1.22721330e+03 -1.69314948e+03
4.79797980e-06 -1.28787879e-05 1.50002747e+08 1.19963626e+03 -1.67120050e+03
5.30303030e-06 -1.28787879e-05 1.50002701e+08 1.17173134e+03 -1.63728140e+03
5.80808081e-06 -1.28787879e-05 1.50002637e+08 1.14618574e+03 -1.59616653e+03
6.31313131e-06 -1.28787879e-05 1.50002559e+08 1.12440594e+03 -1.55176475e+03
6.81818182e-06 -1.28787879e-05 1.50002471e+08 1.10687213e+03 -1.50723608e+03
7.32323232e-06 -1.28787879e-05 1.50002377e+08 1.09338887e+03 -1.46511430e+03
7.82828283e-06 -1.28787879e-05 1.50002278e+08 1.08325737e+03 -1.42741614e+03
8.33333333e-06 -1.28787879e-05 1.50002174e+08 1.07539138e+03 -1.39572810e+03
8.83838384e-06 -1.28787879e-05 1.50002067e+08 1.06839540e+03 -1.37126844e+03
9.34343434e-06 -1.28787879e-05 1.50001958e+08 1.06061985e+03 -1.35492491e+03
9.84848485e-06 -1.28787879e-05 1.50001846e+08 1.05020484e+03 -1.34727106e+03
1.03535354e-05 -1.28787879e-05 1.50001732e+08 1.03512187e+03 -1.34856456e+03
1.08585859e-05 -1.28787879e-05 1.50001616e+08 1.01322069e+03 -1.35873222e+03
1.13636364e-05 -1.28787879e-05 1.50001499e+08 9.82286748e+02 -1.37734662e+03
1.18686869e-05 -1.28787879e-05 1.50001382e+08 9.40112926e+02 -1.40360026e+03
1.23737374e-05 -1.28787879e-05 1.50001265e+08 8.84587562e+02 -1.43628368e+03
1.28787879e-05 -1.28787879e-05 1.50001151e+08 8.13798204e+02 -1.47377419e+03
1.33838384e-05 -1.28787879e-05 1.50001041e+08 7.26148402e+02 -1.51404230e+03
1.38888889e-05 -1.28787879e-05 1.50000936e+08 6.20481974e+02 -1.55468199e+03
1.43939394e-05 -1.28787879e-05 1.50000839e+08 4.96206642e+02 -1.59296983e+03
1.48989899e-05 -1.28787879e-05 1.50000752e+08 3.53406579e+02 -1.62595575e+03
1.54040404e-05 -1.28787879e-05 1.50000676e+08 1.92931922e+02 -1.65058501e+03
1.59090909e-05 -1.28787879e-05 1.50000613e+08 1.64529990e+01 -1.66384735e+03
1.64141414e-05 -1.28787879e-05 1.50000565e+08 -1.73531797e+02 -1.66294502e+03
1.69191919e-05 -1.28787879e-05 1.50000531e+08 -3.73742509e+02 -1.64546793e+03
1.74242424e-05 -1.28787879e-05 1.50000514e+08 -5.80221958e+02 -1.60956108e+03
1.79292929e-05 -1.28787879e-05 1.50000511e+08 -7.88495519e+02 -1.55406807e+03
1.84343434e-05 -1.28787879e-05 1.50000523e+08 -9.93777578e+02 -1.47863565e+03
1.89393939e-05 -1.28787879e-05 1.50000547e+08 -1.19121000e+03 -1.38376661e+03
1.94444444e-05 -1.28787879e-05 1.50000581e+08 -1.37611345e+03 -1.27081377e+03
1.99494949e-05 -1.28787879e-05 1.50000623e+08 -1.54423014e+03 -1.14191352e+03
2.04545455e-05 -1.28787879e-05 1.50000671e+08 -1.69193710e+03 -9.99864418e+02
2.09595960e-05 -1.28787879e-05 1.50000720e+08 -1.81641218e+03 -8.47962174e+02
2.14646465e-05 -1.28787879e-05 1.50000768e+08 -1.91574056e+03 -6.89806727e+02
2.19696970e-05 -1.28787879e-05 1.50000813e+08 -1.98895623e+03 -5.29099528e+02
2.24747475e-05 -1.28787879e-05 1.50000853e+08 -2.03601990e+03 -3.69448817e+02
2.29797980e-05 -1.28787879e-05 1.50000885e+08 -2.05774126e+03 -2.14198263e+02
2.34848485e-05 -1.28787879e-05 1.50000909e+08 -2.05565772e+03 -6.62903277e+01
2.39898990e-05 -1.28787879e-05 1.50000924e+08 -2.03188470e+03 7.18292176e+01
2.44949495e-05 -1.28787879e-05 1.50000929e+08 -1.98895278e+03 1.98264086e+02
2.50000000e-05 -1.28787879e-05 1.50000924e+08 -1.92964562e+03 3.11680294e+02
-2.50000000e-05 -1.23737374e-05 1.50000287e+08 -7.90122762e+01 5.48525992e+02
-2.44949495e-05 -1.23737374e-05 1.50000314e+08 -4.57549619e+01 5.67554704e+02
-2.39898990e-05 -1.23737374e-05 1.50000340e+08 -1.12396207e+01 5.85851499e+02
-2.34848485e-05 -1.23737374e-05 1.50000366e+08 2.43107842e+01 6.03352538e+02
-2.29797980e-05 -1.23737374e-05 1.50000392e+08 6.06249715e+01 6.20024739e+02
-2.24747475e-05 -1.23737374e-05 1.50000417e+08 9.73798971e+01 6.35880009e+02
-2.19696970e-05 -1.23737374e-05 1.50000441e+08 1.34199670e+02 6.50994388e+02
-2.14646465e-05 -1.23737374e-05 1.50000464e+08 1.70658950e+02 6.65533153e+02
-2.09595960e-05 -1.23737374e-05 1.50000485e+08 2.06293910e+02 6.79782585e+02
-2.04545455e-05 -1.23737374e-05 1.50000505e+08 2.40624803e+02 6.94188090e+02
-1.99494949e-05 -1.23737374e-05 1.50000523e+08 2.73194714e+02 7.09396533e+02
-1.94444444e-05 -1.23737374e-05 1.50000538e+08 3.03628464e+02 7.26297931e+02
-1.89393939e-05 -1.23737374e-05 1.50000551e+08 3.31712974e+02 7.46058437e+02
-1.84343434e-05 -1.23737374e-05 1.50000559e+08 3.57494824e+02 7.70134099e+02
-1.79292929e-05 -1.23737374e-05 1.50000562e+08 3.81382627e+02 8.00255451e+02
-1.74242424e-05 -1.23737374e-05 1.50000559e+08 4.04233411e+02 8.38378929e+02
-1.69191919e-05 -1.23737374e-05 1.50000547e+08 4.27398334e+02 8.86613732e+02
-1.64141414e-05 -1.23737374e-05 1.50000525e+08 4.52709719e+02 9.47149258e+02
-1.59090909e-05 -1.23737374e-05 1.50000489e+08 4.82411686e+02 1.02222152e+03
-1.54040404e-05 -1.23737374e-05 1.50000437e+08 5.19066552e+02 1.11415781e+03
-1.48989899e-05 -1.23737374e-05 1.50000365e+08 5.65497058e+02 1.22552219e+03
-1.43939394e-05 -1.23737374e-05 1.50000270e+08 6.24837340e+02 1.35935524e+03
-1.38888889e-05 -1.23737374e-05 1.50000146e+08 7.00758823e+02 1.51947120e+03
-1.33838384e-05 -1.23737374e-05 1.49999988e+08 7.97918768e+02 1.71075556e+03
-1.28787879e-05 -1.23737374e-05 1.49999788e+08 9.22663824e+02 1.93939482e+03
-1.23737374e-05 -1.23737374e-05 1.49999538e+08 1.08401863e+03 2.21295419e+03
-1.18686869e-05 -1.23737374e-05 1.49999227e+08 1.29499825e+03 2.54017677e+03
-1.13636364e-05 -1.23737374e-05 1.49998839e+08 1.57428677e+03 2.93028028e+03
-1.08585859e-05 -1.23737374e-05 1.49998358e+08 1.94828501e+03 3.39133521e+03
-1.03535354e-05 -1.23737374e-05 1.49997766e+08 2.45336505e+03 3.92695606e+03
-9.84848485e-06 -1.23737374e-05 1.49997049e+08 3.13767696e+03 4.52994108e+03
-9.34343434e-06 -1.23737374e-05 1.49996200e+08 4.06058761e+03 5.17061853e+03
-8.83838384e-06 -1.23737374e-05 1.49995239e+08 5.28489597e+03 5.77682592e+03
-8.33333333e-06 -1.23737374e-05 1.49994231e+08 6.85103605e+03 6.20337046e+03
-7.82828283e-06 -1.23737374e-05 1.49993324e+08 8.71347913e+03 6.19711234e+03
-7.32323232e-06 -1.23737374e-05 1.49992760e+08 1.06169796e+04 5.39213216e+03
-6.81818182e-06 -1.23737374e-05 1.49992810e+08 1.19349070e+04 3.42732992e+03
-6.31313131e-06 -1.23737374e-05 1.49993520e+08 1.16589585e+04 3.02800096e+02
-5.80808081e-06 -1.23737374e-05 1.49994409e+08 8.93225697e+03 -3.16518456e+03
-5.30303030e-06 -1.23737374e-05 1.49994640e+08 4.09631499e+03 -5.51734428e+03
-4.79797980e-06 -1.23737374e-05 1.49993928e+08 -1.05766079e+03 -5.85634376e+03
-4.29292929e-06 -1.23737374e-05 1.49992940e+08 -4.71645649e+03 -4.65657614e+03
-3.78787879e-06 -1.23737374e-05 1.49992494e+08 -6.34421244e+03 -3.01110618e+03
-3.28282828e-06 -1.23737374e-05 1.49992853e+08 -6.40871693e+03 -1.64128852e+03
-2.77777778e-06 -1.23737374e-05 1.49993841e+08 -5.57884243e+03 -7.55066602e+02
-2.27272727e-06 -1.23737374e-05 1.49995176e+08 -4.35510364e+03 -3.11241998e+02
-1.76767677e-06 -1.23737374e-05 1.49996631e+08 -3.04899494e+03 -2.05551839e+02
-1.26262626e-06 -1.23737374e-05 1.49998054e+08 -1.84212758e+03 -3.31906354e+02
-7.57575758e-07 -1.23737374e-05 1.49999350e+08 -8.29320337e+02 -5.94963812e+02
-2.52525253e-07 -1.23737374e-05 1.50000463e+08 -4.41963655e+01 -9.15041353e+02
2.52525253e-07 -1.23737374e-05 1.50001369e+08 5.21038330e+02 -1.23251653e+03
7.57575758e-07 -1.23737374e-05 1.50002069e+08 8.97841137e+02 -1.50933055e+03
1.26262626e-06 -1.23737374e-05 1.50002581e+08 1.12686366e+03 -1.72660136e+03
1.76767677e-06 -1.23737374e-05 1.50002931e+08 1.24819370e+03 -1.87976573e+03
2.27272727e-06 -1.23737374e-05 1.50003151e+08 1.29620198e+03 -1.97326007e+03
2.77777778e-06 -1.23737374e-05 1.50003268e+08 1.29780218e+03 -2.01608668e+03
3.28282828e-06 -1.23737374e-05 1.50003308e+08 1.27271676e+03 -2.01873864e+03
3.78787879e-06 -1.23737374e-05 1.50003293e+08 1.23464212e+03 -1.99138377e+03
4.29292929e-06 -1.23737374e-05 1.50003238e+08 1.19262873e+03 -1.94298030e+03
4.79797980e-06 -1.23737374e-05 1.50003158e+08 1.15233613e+03 -1.88098433e+03
5.30303030e-06 -1.23737374e-05 1.50003060e+08 1.11703905e+03 -1.81138396e+03
5.80808081e-06 -1.23737374e-05 1.50002951e+08 1.08837458e+03 -1.73888443e+03
6.31313131e-06 -1.23737374e-05 1.50002836e+08 1.06686764e+03 -1.66714001e+03
6.81818182e-06 -1.23737374e-05 1.50002717e+08 1.05228460e+03 -1.59897767e+03
7.32323232e-06 -1.23737374e-05 1.50002597e+08 1.04386160e+03 -1.53658755e+03
7.82828283e-06 -1.23737374e-05 1.50002476e+08 1.04044586e+03 -1.48167187e+03
8.33333333e-06 -1.23737374e-05 1.50002354e+08 1.04057916e+03 -1.43555197e+03
8.83838384e-06 -1.23737374e-05 1.50002232e+08 1.04254551e+03 -1.39923739e+03
9.34343434e-06 -1.23737374e-05 1.50002109e+08 1.04439935e+03 -1.37346183e+03
9.84848485e-06 -1.23737374e-05 1.50001984e+08 1.04398674e+03 -1.35869112e+03
1.03535354e-05 -1.23737374e-05 1.50001859e+08 1.03896915e+03 -1.35510885e+03
1.08585859e-05 -1.23737374e-05 1.50001732e+08 1.02685780e+03 -1.36258498e+03
1.13636364e-05 -1.23737374e-05 1.50001604e+08 1.00506454e+03 -1.38063352e+03
1.18686869e-05 -1.23737374e-05 1.50001477e+08 9.70973724e+02 -1.40836619e+03
1.23737374e-05 -1.23737374e-05 1.50001349e+08 9.22037710e+02 -1.44444961e+03
1.28787879e-05 -1.23737374e-05 1.50001224e+08 8.55896025e+02 -1.48707463e+03
1.33838384e-05 -1.23737374e-05 1.50001103e+08 7.70515269e+02 -1.53394665e+03
1.38888889e-05 -1.23737374e-05 1.50000987e+08 6.64343455e+02 -1.58230564e+03
1.43939394e-05 -1.23737374e-05 1.50000879e+08 5.36468757e+02 -1.62898315e+03
1.48989899e-05 -1.23737374e-05 1.50000782e+08 3.86769295e+02 -1.67050110e+03
1.54040404e-05 -1.23737374e-05 1.50000697e+08 2.16038023e+02 -1.70321319e+03
1.59090909e-05 -1.23737374e-05 1.50000626e+08 2.60657865e+01 -1.72348485e+03
1.64141414e-05 -1.23737374e-05 1.50000572e+08 -1.80333288e+02 -1.72790195e+03
1.69191919e-05 -1.23737374e-05 1.50000535e+08 -3.99366334e+02 -1.71349298e+03
1.74242424e-05 -1.23737374e-05 1.50000516e+08 -6.26382427e+02 -1.67794524e+03
1.79292929e-05 -1.23737374e-05 1.50000515e+08 -8.56067622e+02 -1.61979292e+03
1.84343434e-05 -1.23737374e-05 1.50000529e+08 -1.08270359e+03 -1.53855604e+03
1.89393939e-05 -1.23737374e-05 1.50000558e+08 -1.30047058e+03 -1.43481236e+03
1.94444444e-05 -1.23737374e-05 1.50000598e+08 -1.50376880e+03 -1.31019166e+03
1.99494949e-05 -1.23737374e-05 1.50000647e+08 -1.68752895e+03 -1.16729009e+03
2.04545455e-05 -1.23737374e-05 1.50000702e+08 -1.84748317e+03 -1.00951196e+03
2.09595960e-05 -1.23737374e-05 1.50000758e+08 -1.98037225e+03 -8.40854686e+02
2.14646465e-05 -1.23737374e-05 1.50000812e+08 -2.08407292e+03 -6.65658921e+02
2.19696970e-05 -1.23737374e-05 1.50000863e+08 -2.15763852e+03 -4.88348743e+02
2.24747475e-05 -1.23737374e-05 1.50000906e+08 -2.20125656e+03 -3.13186030e+02
2.29797980e-05 -1.23737374e-05 1.50000940e+08 -2.21613497e+03 -1.44059363e+02
2.34848485e-05 -1.23737374e-05 1.50000964e+08 -2.20433518e+03 1.56783301e+01
2.39898990e-05 -1.23737374e-05 1.50000977e+08 -2.16857286e+03 1.63316234e+02
2.44949495e-05 -1.23737374e-05 1.50000978e+08 -2.11200709e+03 2.96835886e+02
2.50000000e-05 -1.23737374e-05 1.50000969e+08 -2.03803639e+03 4.14910525e+02
-2.50000000e-05 -1.18686869e-05 1.50000320e+08 -9.79029774e+01 5.29162914e+02
-2.44949495e-05 -1.18686869e-05 1.50000351e+08 -6.38226685e+01 5.47118999e+02
-2.39898990e-05 -1.18686869e-05 1.50000382e+08 -2.83811913e+01 5.64054635e+02
-2.34848485e-05 -1.18686869e-05 1.50000413e+08 8.17861131e+00 5.79844742e+02
-2.29797980e-05 -1.18686869e-05 1.50000444e+08 4.55541365e+01 5.94383491e+02
-2.24747475e-05 -1.18686869e-05 1.50000474e+08 8.33749930e+01 6.07597038e+02
-2.19696970e-05 -1.18686869e-05 1.50000504e+08 1.21195863e+02 6.19461892e+02
-2.14646465e-05 -1.18686869e-05 1.50000534e+08 1.58492387e+02 6.30030884e+02
-2.09595960e-05 -1.18686869e-05 1.50000562e+08 1.94663667e+02 6.39468616e+02
-2.04545455e-05 -1.18686869e-05 1.50000589e+08 2.29046803e+02 6.48097550e+02
-1.99494949e-05 -1.18686869e-05 1.50000615e+08 2.60950659e+02 6.56453822e+02
-1.94444444e-05 -1.18686869e-05 1.50000640e+08 2.89716783e+02 6.65348029e+02
-1.89393939e-05 -1.18686869e-05 1.50000663e+08 3.14813306e+02 6.75920586e+02
-1.84343434e-05 -1.18686869e-05 1.50000684e+08 3.35960725e+02 6.89675185e+02
-1.79292929e-05 -1.18686869e-05 1.50000701e+08 3.53275331e+02 7.08470784e+02
-1.74242424e-05 -1.18686869e-05 1.50000714e+08 3.67398943e+02 7.34457956e+02
-1.69191919e-05 -1.18686869e-05 1.50000721e+08 3.79570262e+02 7.69963831e+02
-1.64141414e-05 -1.18686869e-05 1.50000719e+08 3.91596139e+02 8.17359794e+02
-1.59090909e-05 -1.18686869e-05 1.50000706e+08 4.05710443e+02 8.78975473e+02
-1.54040404e-05 -1.18686869e-05 1.50000678e+08 4.24360181e+02 9.57131689e+02
-1.48989899e-05 -1.18686869e-05 1.50000634e+08 4.50010435e+02 1.05434078e+03
-1.43939394e-05 -1.18686869e-05 1.50000568e+08 4.85082438e+02 1.17367316e+03
-1.38888889e-05 -1.18686869e-05 1.50000478e+08 5.32121212e+02 1.31924164e+03
-1.33838384e-05 -1.18686869e-05 1.50000356e+08 5.94249412e+02 1.49673649e+03
-1.28787879e-05 -1.18686869e-05 1.50000196e+08 6.75936925e+02 1.71395449e+03
-1.23737374e-05 -1.18686869e-05 1.49999988e+08 7.84125731e+02 1.98128316e+03
-1.18686869e-05 -1.18686869e-05 1.49999716e+08 9.29798539e+02 2.31209358e+03
-1.13636364e-05 -1.18686869e-05 1.49999363e+08 1.13015776e+03 2.72293297e+03
-1.08585859e-05 -1.18686869e-05 1.49998904e+08 1.41167768e+03 3.23324742e+03
-1.03535354e-05 -1.18686869e-05 1.49998307e+08 1.81438033e+03 3.86400505e+03
-9.84848485e-06 -1.18686869e-05 1.49997533e+08 2.39765020e+03 4.63381041e+03
-9.34343434e-06 -1.18686869e-05 1.49996541e+08 3.24734060e+03 5.54946928e+03
-8.83838384e-06 -1.18686869e-05 1.49995298e+08 4.48160651e+03 6.58478912e+03
-8.33333333e-06 -1.18686869e-05 1.49993809e+08 6.24546073e+03 7.63624679e+03
-7.82828283e-06 -1.18686869e-05 1.49992177e+08 8.66375743e+03 8.44030901e+03
-7.32323232e-06 -1.18686869e-05 1.49990706e+08 1.16792697e+04 8.45585143e+03
-6.81818182e-06 -1.18686869e-05 1.49989963e+08 1.46662439e+04 6.82880255e+03
-6.31313131e-06 -1.18686869e-05 1.49990499e+08 1.59209282e+04 2.85195196e+03
-5.80808081e-06 -1.18686869e-05 1.49991903e+08 1.30798347e+04 -2.67078282e+03
-5.30303030e-06 -1.18686869e-05 1.49992428e+08 5.88909218e+03 -6.73511320e+03
-4.79797980e-06 -1.18686869e-05 1.49991292e+08 -1.91835189e+03 -7.14080413e+03
-4.29292929e-06 -1.18686869e-05 1.49990094e+08 -6.63852353e+03 -5.19546738e+03
-3.78787879e-06 -1.18686869e-05 1.49990226e+08 -8.03638514e+03 -3.11508301e+03
-3.28282828e-06 -1.18686869e-05 1.49991567e+08 -7.51125470e+03 -1.72746021e+03
-2.77777778e-06 -1.18686869e-05 1.49993482e+08 -6.15656608e+03 -9.80646712e+02
-2.27272727e-06 -1.18686869e-05 1.49995519e+08 -4.54165984e+03 -6.85318040e+02
-1.76767677e-06 -1.18686869e-05 1.49997456e+08 -2.96239690e+03 -7.03385848e+02
-1.26262626e-06 -1.18686869e-05 1.49999184e+08 -1.58596503e+03 -9.28031300e+02
-7.57575758e-07 -1.18686869e-05 1.50000648e+08 -4.94669310e+02 -1.26153369e+03
-2.52525253e-07 -1.18686869e-05 1.50001820e+08 2.96661998e+02 -1.61901769e+03
2.52525253e-07 -1.18686869e-05 1.50002704e+08 8.19873808e+02 -1.93906211e+03
7.57575758e-07 -1.18686869e-05 1.50003325e+08 1.12989573e+03 -2.18759843e+03
1.26262626e-06 -1.18686869e-05 1.50003724e+08 1.28563762e+03 -2.35381034e+03
1.76767677e-06 -1.18686869e-05 1.50003946e+08 1.33876751e+03 -2.44231230e+03
2.27272727e-06 -1.18686869e-05 1.50004036e+08 1.32943410e+03 -2.46560341e+03
2.77777778e-06 -1.18686869e-05 1.50004030e+08 1.28630261e+03 -2.43864107e+03
3.28282828e-06 -1.18686869e-05 1.50003960e+08 1.22852585e+03 -2.37570051e+03
3.78787879e-06 -1.18686869e-05 1.50003848e+08 1.16815959e+03 -2.28895533e+03
4.29292929e-06 -1.18686869e-05 1.50003711e+08 1.11231361e+03 -2.18811189e+03
4.79797980e-06 -1.18686869e-05 1.50003561e+08 1.06481254e+03 -2.08058277e+03
5.30303030e-06 -1.18686869e-05 1.50003405e+08 1.02737413e+03 -1.97187480e+03
5.80808081e-06 -1.18686869e-05 1.50003250e+08 1.00039697e+03 -1.86601564e+03
6.31313131e-06 -1.18686869e-05 1.50003096e+08 9.83461812e+02 -1.76593737e+03
6.81818182e-06 -1.18686869e-05 1.50002947e+08 9.75634780e+02 -1.67378768e+03
7.32323232e-06 -1.18686869e-05 1.50002801e+08 9.75639324e+02 -1.59116564e+03
7.82828283e-06 -1.18686869e-05 1.50002660e+08 9.81944178e+02 -1.51928926e+03
8.33333333e-06 -1.18686869e-05 1.50002522e+08 9.92800049e+02 -1.45910535e+03
8.83838384e-06 -1.18686869e-05 1.50002386e+08 1.00624753e+03 -1.41135184e+03
9.34343434e-06 -1.18686869e-05 1.50002251e+08 1.02011217e+03 -1.37658107e+03
9.84848485e-06 -1.18686869e-05 1.50002116e+08 1.03199854e+03 -1.35515134e+03
1.03535354e-05 -1.18686869e-05 1.50001981e+08 1.03929272e+03 -1.34719274e+03
1.08585859e-05 -1.18686869e-05 1.50001845e+08 1.03918128e+03 -1.35255337e+03
1.13636364e-05 -1.18686869e-05 1.50001708e+08 1.02869334e+03 -1.37073211e+03
1.18686869e-05 -1.18686869e-05 1.50001571e+08 1.00477143e+03 -1.40080540e+03
1.23737374e-05 -1.18686869e-05 1.50001433e+08 9.64374765e+02 -1.44135684e+03
1.28787879e-05 -1.18686869e-05 1.50001297e+08 9.04616031e+02 -1.49041984e+03
1.33838384e-05 -1.18686869e-05 1.50001165e+08 8.22929227e+02 -1.54544483e+03
1.38888889e-05 -1.18686869e-05 1.50001037e+08 7.17261669e+02 -1.60330258e+03
1.43939394e-05 -1.18686869e-05 1.50000918e+08 5.86278236e+02 -1.66033457e+03
1.48989899e-05 -1.18686869e-05 1.50000810e+08 4.29560941e+02 -1.71245798e+03
1.54040404e-05 -1.18686869e-05 1.50000715e+08 2.47782805e+02 -1.75532855e+03
1.59090909e-05 -1.18686869e-05 1.50000637e+08 4.28327636e+01 -1.78455778e+03
1.64141414e-05 -1.18686869e-05 1.50000576e+08 -1.82131084e+02 -1.79597300e+03
1.69191919e-05 -1.18686869e-05 1.50000536e+08 -4.22718401e+02 -1.78590113e+03
1.74242424e-05 -1.18686869e-05 1.50000515e+08 -6.73444379e+02 -1.75144996e+03
1.79292929e-05 -1.18686869e-05 1.50000515e+08 -9.27968034e+02 -1.69075703e+03
1.84343434e-05 -1.18686869e-05 1.50000533e+08 -1.17941798e+03 -1.60317618e+03
1.89393939e-05 -1.18686869e-05 1.50000567e+08 -1.42078025e+03 -1.48937655e+03
1.94444444e-05 -1.18686869e-05 1.50000615e+08 -1.64531275e+03 -1.35133839e+03
1.99494949e-05 -1.18686869e-05 1.50000672e+08 -1.84694606e+03 -1.19224183e+03
2.04545455e-05 -1.18686869e-05 1.50000735e+08 -2.02063052e+03 -1.01625898e+03
2.09595960e-05 -1.18686869e-05 1.50000799e+08 -2.16259651e+03 -8.28271335e+02
2.14646465e-05 -1.18686869e-05 1.50000861e+08 -2.27050629e+03 -6.33543572e+02
2.19696970e-05 -1.18686869e-05 1.50000917e+08 -2.34348955e+03 -4.37388275e+02
2.24747475e-05 -1.18686869e-05 1.50000963e+08 -2.38206939e+03 -2.44854742e+02
2.29797980e-05 -1.18686869e-05 1.50000999e+08 -2.38799706e+03 -6.04687333e+01
2.34848485e-05 -1.18686869e-05 1.50001023e+08 -2.36402177e+03 1.11959127e+02
2.39898990e-05 -1.18686869e-05 1.50001033e+08 -2.31362510e+03 2.69448854e+02
2.44949495e-05 -1.18686869e-05 1.50001031e+08 -2.24074822e+03 4.09892591e+02
2.50000000e-05 -1.18686869e-05 1.50001016e+08 -2.14953568e+03 5.32031609e+02
-2.50000000e-05 -1.13636364e-05 1.50000353e+08 -1.15880463e+02 5.09777049e+02
-2.44949495e-05 -1.13636364e-05 1.50000388e+08 -8.07168015e+01 5.26737205e+02
-2.39898990e-05 -1.13636364e-05 1.50000424e+08 -4.40311939e+01 5.42391198e+02
-2.34848485e-05 -1.13636364e-05 1.50000460e+08 -6.07452533e+00 5.56549137e+02
-2.29797980e-05 -1.13636364e-05 1.50000496e+08 3.28335017e+01 5.69025982e+02
-2.24747475e-05 -1.13636364e-05 1.50000532e+08 7.22916038e+01 5.79651038e+02
-2.19696970e-05 -1.13636364e-05 1.50000568e+08 1.11802872e+02 5.88283226e+02
-2.14646465e-05 -1.13636364e-05 1.50000604e+08 1.50761120e+02 5.94835014e+02
-2.09595960e-05 -1.13636364e-05 1.50000639e+08 1.88441199e+02 5.99308559e+02
-2.04545455e-05 -1.13636364e-05 1.50000674e+08 2.23999735e+02 6.01847594e+02
-1.99494949e-05 -1.13636364e-05 1.50000709e+08 2.56496425e+02 6.02806958e+02
-1.94444444e-05 -1.13636364e-05 1.50000743e+08 2.84949495e+02 6.02837168e+02
-1.89393939e-05 -1.13636364e-05 1.50000777e+08 3.08439565e+02 6.02972777e+02
-1.84343434e-05 -1.13636364e-05 1.50000811e+08 3.26269603e+02 6.04701096e+02
-1.79292929e-05 -1.13636364e-05 1.50000843e+08 3.38170079e+02 6.09976406e+02
-1.74242424e-05 -1.13636364e-05 1.50000874e+08 3.44506978e+02 6.21144280e+02
-1.69191919e-05 -1.13636364e-05 1.50000901e+08 3.46416462e+02 6.40763788e+02
-1.64141414e-05 -1.13636364e-05 1.50000922e+08 3.45778433e+02 6.71367198e+02
-1.59090909e-05 -1.13636364e-05 1.50000935e+08 3.44980284e+02 7.15259087e+02
-1.54040404e-05 -1.13636364e-05 1.50000937e+08 3.46514757e+02 7.74487624e+02
-1.48989899e-05 -1.13636364e-05 1.50000926e+08 3.52558361e+02 8.51083208e+02
-1.43939394e-05 -1.13636364e-05 1.50000899e+08 3.64720212e+02 9.47564872e+02
-1.38888889e-05 -1.13636364e-05 1.50000853e+08 3.84103840e+02 1.06762679e+03
-1.33838384e-05 -1.13636364e-05 1.50000782e+08 4.11729492e+02 1.21689840e+03
-1.28787879e-05 -1.13636364e-05 1.50000681e+08 4.49302290e+02 1.40372530e+03
-1.23737374e-05 -1.13636364e-05 1.50000540e+08 5.00329174e+02 1.63999282e+03
-1.18686869e-05 -1.13636364e-05 1.50000345e+08 5.71675849e+02 1.94206078e+03
-1.13636364e-05 -1.13636364e-05 1.50000076e+08 6.75791472e+02 2.33188160e+03
-1.08585859e-05 -1.13636364e-05 1.49999703e+08 8.34029601e+02 2.83833176e+03
-1.03535354e-05 -1.13636364e-05 1.49999184e+08 1.08182777e+03 3.49863990e+03
-9.84848485e-06 -1.13636364e-05 1.49998464e+08 1.47706971e+03 4.35933035e+03
-9.34343434e-06 -1.13636364e-05 1.49997461e+08 2.11377872e+03 5.47474396e+03
-8.83838384e-06 -1.13636364e-05 1.49996074e+08 3.14400061e+03 6.89745575e+03
-8.33333333e-06 -1.13636364e-05 1.49994185e+08 4.80896831e+03 8.64501673e+03
-7.82828283e-06 -1.13636364e-05 1.49991715e+08 7.46567151e+03 1.06032644e+04
-7.32323232e-06 -1.13636364e-05 1.49988791e+08 1.15260392e+04 1.22809226e+04
-6.81818182e-06 -1.13636364e-05 1.49986125e+08 1.69930279e+04 1.23329914e+04
-6.31313131e-06 -1.13636364e-05 1.49985331e+08 2.19057721e+04 8.33304810e+03
-5.80808081e-06 -1.13636364e-05 1.49987311e+08 2.05106715e+04 -6.60385106e+02
-5.30303030e-06 -1.13636364e-05 1.49988532e+08 8.99596451e+03 -8.49224357e+03
-4.79797980e-06 -1.13636364e-05 1.49986482e+08 -3.74600231e+03 -8.68128230e+03
-4.29292929e-06 -1.13636364e-05 1.49985662e+08 -9.25425802e+03 -5.53428944e+03
-3.78787879e-06 -1.13636364e-05 1.49987758e+08 -9.70687242e+03 -3.40951082e+03
-3.28282828e-06 -1.13636364e-05 1.49990993e+08 -8.39713783e+03 -2.37982308e+03
-2.77777778e-06 -1.13636364e-05 1.49994141e+08 -6.56848453e+03 -1.86020102e+03
-2.27272727e-06 -1.13636364e-05 1.49996873e+08 -4.62578640e+03 -1.64362906e+03
-1.76767677e-06 -1.13636364e-05 1.49999179e+08 -2.80438476e+03 -1.68410871e+03
-1.26262626e-06 -1.13636364e-05 1.50001080e+08 -1.27836443e+03 -1.92071452e+03
-7.57575758e-07 -1.13636364e-05 1.50002579e+08 -1.35118871e+02 -2.25467239e+03
-2.52525253e-07 -1.13636364e-05 1.50003682e+08 6.28822310e+02 -2.58691270e+03
2.52525253e-07 -1.13636364e-05 1.50004424e+08 1.07722172e+03 -2.84982321e+03
7.57575758e-07 -1.13636364e-05 1.50004859e+08 1.29546063e+03 -3.01437636e+03
1.26262626e-06 -1.13636364e-05 1.50005056e+08 1.36339128e+03 -3.08072365e+03
1.76767677e-06 -1.13636364e-05 1.50005080e+08 1.34338379e+03 -3.06472309e+03
2.27272727e-06 -1.13636364e-05 1.50004987e+08 1.27882162e+03 -2.98738004e+03
2.77777778e-06 -1.13636364e-05 1.50004821e+08 1.19737945e+03 -2.86876670e+03
3.28282828e-06 -1.13636364e-05 1.50004615e+08 1.11541515e+03 -2.72544715e+03
3.78787879e-06 -1.13636364e-05 1.50004389e+08 1.04181429e+03 -2.56996376e+03
4.29292929e-06 -1.13636364e-05 1.50004160e+08 9.80828780e+02 -2.41128339e+03
4.79797980e-06 -1.13636364e-05 1.50003936e+08 9.33980326e+02 -2.25555644e+03
5.30303030e-06 -1.13636364e-05 1.50003721e+08 9.01255151e+02 -2.10687425e+03
5.80808081e-06 -1.13636364e-05 1.50003518e+08 8.81813240e+02 -1.96790380e+03
6.31313131e-06 -1.13636364e-05 1.50003328e+08 8.74384490e+02 -1.84037364e+03
6.81818182e-06 -1.13636364e-05 1.50003149e+08 8.77470885e+02 -1.72542468e+03
7.32323232e-06 -1.13636364e-05 1.50002982e+08 8.89432248e+02 -1.62385080e+03
7.82828283e-06 -1.13636364e-05 1.50002823e+08 9.08504440e+02 -1.53625419e+03
8.33333333e-06 -1.13636364e-05 1.50002672e+08 9.32780524e+02 -1.46313523e+03
8.83838384e-06 -1.13636364e-05 1.50002525e+08 9.60174359e+02 -1.40493211e+03
9.34343434e-06 -1.13636364e-05 1.50002382e+08 9.88379793e+02 -1.36202049e+03
9.84848485e-06 -1.13636364e-05 1.50002240e+08 1.01483545e+03 -1.33468059e+03
1.03535354e-05 -1.13636364e-05 1.50002098e+08 1.03670361e+03 -1.32303746e+03
1.08585859e-05 -1.13636364e-05 1.50001955e+08 1.05087127e+03 -1.32697942e+03
1.13636364e-05 -1.13636364e-05 1.50001811e+08 1.05398097e+03 -1.34606045e+03
1.18686869e-05 -1.13636364e-05 1.50001665e+08 1.04249871e+03 -1.37939390e+03
1.23737374e-05 -1.13636364e-05 1.50001518e+08 1.01282439e+03 -1.42554699e+03
1.28787879e-05 -1.13636364e-05 1.50001372e+08 9.61448006e+02 -1.48244829e+03
1.33838384e-05 -1.13636364e-05 1.50001228e+08 8.85150318e+02 -1.54732264e+03
1.38888889e-05 -1.13636364e-05 1.50001089e+08 7.81241258e+02 -1.61666912e+03
1.43939394e-05 -1.13636364e-05 1.50000958e+08 6.47822433e+02 -1.68629763e+03
1.48989899e-05 -1.13636364e-05 1.50000838e+08 4.84052778e+02 -1.75143648e+03
1.54040404e-05 -1.13636364e-05 1.50000732e+08 2.90389873e+02 -1.80691783e+03
1.59090909e-05 -1.13636364e-05 1.50000644e+08 6.87750784e+01 -1.84743933e+03
1.64141414e-05 -1.13636364e-05 1.50000577e+08 -1.77269920e+02 -1.86788916e+03
1.69191919e-05 -1.13636364e-05 1.50000532e+08 -4.42663034e+02 -1.86371035e+03
1.74242424e-05 -1.13636364e-05 1.50000510e+08 -7.20915966e+02 -1.83126969e+03
1.79292929e-05 -1.13636364e-05 1.50000511e+08 -1.00442537e+03 -1.76818999e+03
1.84343434e-05 -1.13636364e-05 1.50000534e+08 -1.28488554e+03 -1.67360331e+03
1.89393939e-05 -1.13636364e-05 1.50000575e+08 -1.55378877e+03 -1.54828895e+03
1.94444444e-05 -1.13636364e-05 1.50000632e+08 -1.80296495e+03 -1.39467265e+03
1.99494949e-05 -1.13636364e-05 1.50000699e+08 -2.02510367e+03 -1.21668128e+03
2.04545455e-05 -1.13636364e-05 1.50000772e+08 -2.21420295e+03 -1.01946702e+03
2.09595960e-05 -1.13636364e-05 1.50000846e+08 -2.36589836e+03 -8.09032593e+02
2.14646465e-05 -1.13636364e-05 1.50000915e+08 -2.47764339e+03 -5.91801655e+02
2.19696970e-05 -1.13636364e-05 1.50000977e+08 -2.54873235e+03 -3.74183209e+02
2.24747475e-05 -1.13636364e-05 1.50001027e+08 -2.58017792e+03 -1.62175549e+02
2.29797980e-05 -1.13636364e-05 1.50001064e+08 -2.57447160e+03 3.89544630e+01
2.34848485e-05 -1.13636364e-05 1.50001086e+08 -2.53526590e+03 2.24895085e+02
2.39898990e-05 -1.13636364e-05 1.50001093e+08 -2.46701987e+03 3.92409572e+02
2.44949495e-05 -1.13636364e-05 1.50001085e+08 -2.37464631e+03 5.39358749e+02
2.50000000e-05 -1.13636364e-05 1.50001063e+08 -2.26319136e+03 6.64642464e+02
-2.50000000e-05 -1.08585859e-05 1.50000385e+08 -1.33044288e+02 4.90663298e+02
-2.44949495e-05 -1.08585859e-05 1.50000425e+08 -9.65469756e+01 5.06759284e+02
-2.39898990e-05 -1.08585859e-05 1.50000465e+08 -5.83086640e+01 5.21280236e+02
-2.34848485e-05 -1.08585859e-05 1.50000506e+08 -1.85747571e+01 5.33972404e+02
-2.29797980e-05 -1.08585859e-05 1.50000548e+08 2.23352903e+01 5.44570806e+02
-2.24747475e-05 -1.08585859e-05 1.50000589e+08 6.40110670e+01 5.52803682e+02
-2.19696970e-05 -1.08585859e-05 1.50000631e+08 1.05930279e+02 5.58401814e+02
-2.14646465e-05 -1.08585859e-05 1.50000674e+08 1.47434322e+02 5.61116370e+02
-2.09595960e-05 -1.08585859e-05 1.50000716e+08 1.87702893e+02 5.60750603e+02
-2.04545455e-05 -1.08585859e-05 1.50000759e+08 2.25733965e+02 5.57212221e+02
-1.99494949e-05 -1.08585859e-05 1.50000802e+08 2.60341496e+02 5.50593351e+02
-1.94444444e-05 -1.08585859e-05 1.50000845e+08 2.90191226e+02 5.41281351e+02
-1.89393939e-05 -1.08585859e-05 1.50000890e+08 3.13901964e+02 5.30092952e+02
-1.84343434e-05 -1.08585859e-05 1.50000937e+08 3.30238836e+02 5.18403649e+02
-1.79292929e-05 -1.08585859e-05 1.50000984e+08 3.38404052e+02 5.08216819e+02
-1.74242424e-05 -1.08585859e-05 1.50001033e+08 3.38379395e+02 5.02097929e+02
-1.69191919e-05 -1.08585859e-05 1.50001081e+08 3.31199955e+02 5.02918273e+02
-1.64141414e-05 -1.08585859e-05 1.50001127e+08 3.18984547e+02 5.13436273e+02
-1.59090909e-05 -1.08585859e-05 1.50001169e+08 3.04587288e+02 5.35874964e+02
-1.54040404e-05 -1.08585859e-05 1.50001205e+08 2.90902914e+02 5.71743607e+02
-1.48989899e-05 -1.08585859e-05 1.50001232e+08 2.80075713e+02 6.22095392e+02
-1.43939394e-05 -1.08585859e-05 1.50001250e+08 2.72958079e+02 6.88215690e+02
-1.38888889e-05 -1.08585859e-05 1.50001256e+08 2.69046675e+02 7.72548057e+02
-1.33838384e-05 -1.08585859e-05 1.50001250e+08 2.66897246e+02 8.79645515e+02
-1.28787879e-05 -1.08585859e-05 1.50001225e+08 2.64881785e+02 1.01707785e+03
-1.23737374e-05 -1.08585859e-05 1.50001177e+08 2.62190288e+02 1.19639425e+03
-1.18686869e-05 -1.08585859e-05 1.50001094e+08 2.60124041e+02 1.43433318e+03
-1.13636364e-05 -1.08585859e-05 1.50000959e+08 2.63886474e+02 1.75451382e+03
-1.08585859e-05 -1.08585859e-05 1.50000745e+08 2.85269543e+02 2.18992803e+03
-1.03535354e-05 -1.08585859e-05 1.50000412e+08 3.47012149e+02 2.78673705e+03
-9.84848485e-06 -1.08585859e-05 1.49999897e+08 4.90448600e+02 3.61012481e+03
-9.34343434e-06 -1.08585859e-05 1.49999103e+08 7.89859497e+02 4.75307384e+03
-8.83838384e-06 -1.08585859e-05 1.49997878e+08 1.38072700e+03 6.34816836e+03
-8.33333333e-06 -1.08585859e-05 1.49995982e+08 2.51705314e+03 8.57781494e+03
-7.82828283e-06 -1.08585859e-05 1.49993048e+08 4.68761682e+03 1.16567340e+04
-7.32323232e-06 -1.08585859e-05 1.49988608e+08 8.82897002e+03 1.56701585e+04
-6.81818182e-06 -1.08585859e-05 1.49982496e+08 1.65042574e+04 1.98139702e+04
-6.31313131e-06 -1.08585859e-05 1.49976686e+08 2.84565171e+04 1.98810081e+04
-5.80808081e-06 -1.08585859e-05 1.49977358e+08 3.52467537e+04 6.64066922e+03
-5.30303030e-06 -1.08585859e-05 1.49980556e+08 1.49444227e+04 -1.14705057e+04
-4.79797980e-06 -1.08585859e-05 1.49976404e+08 -7.94488150e+03 -9.84263048e+03
-4.29292929e-06 -1.08585859e-05 1.49979784e+08 -1.18137560e+04 -5.90807181e+03
-3.78787879e-06 -1.08585859e-05 1.49986940e+08 -1.06693823e+04 -5.13354435e+03
-3.28282828e-06 -1.08585859e-05 1.49992722e+08 -8.99239648e+03 -4.64881027e+03
-2.77777778e-06 -1.08585859e-05 1.49996797e+08 -7.00550169e+03 -3.99663198e+03
-2.27272727e-06 -1.08585859e-05 1.49999782e+08 -4.81499926e+03 -3.47340999e+03
-1.76767677e-06 -1.08585859e-05 1.50002104e+08 -2.72453932e+03 -3.27379721e+03
-1.26262626e-06 -1.08585859e-05 1.50003915e+08 -1.02074460e+03 -3.36586934e+03
-7.57575758e-07 -1.08585859e-05 1.50005236e+08 1.69892560e+02 -3.59663050e+03
-2.52525253e-07 -1.08585859e-05 1.50006085e+08 8.80140414e+02 -3.81761773e+03
2.52525253e-07 -1.08585859e-05 1.50006520e+08 1.22618846e+03 -3.94453078e+03
7.57575758e-07 -1.08585859e-05 1.50006634e+08 1.33606946e+03 -3.95556875e+03
1.26262626e-06 -1.08585859e-05 1.50006524e+08 1.31290732e+03 -3.86581687e+03
1.76767677e-06 -1.08585859e-05 1.50006274e+08 1.22672773e+03 -3.70375926e+03
2.27272727e-06 -1.08585859e-05 1.50005948e+08 1.11979651e+03 -3.49765098e+03
2.77777778e-06 -1.08585859e-05 1.50005591e+08 1.01517085e+03 -3.27006060e+03
3.28282828e-06 -1.08585859e-05 1.50005229e+08 9.24042331e+02 -3.03697404e+03
3.78787879e-06 -1.08585859e-05 1.50004882e+08 8.50851184e+02 -2.80878938e+03
4.29292929e-06 -1.08585859e-05 1.50004557e+08 7.96471147e+02 -2.59177777e+03
4.79797980e-06 -1.08585859e-05 1.50004258e+08 7.60048558e+02 -2.38941483e+03
5.30303030e-06 -1.08585859e-05 1.50003986e+08 7.39997199e+02 -2.20340953e+03
5.80808081e-06 -1.08585859e-05 1.50003740e+08 7.34495889e+02 -2.03443444e+03
6.31313131e-06 -1.08585859e-05 1.50003518e+08 7.41705672e+02 -1.88261644e+03
6.81818182e-06 -1.08585859e-05 1.50003316e+08 7.59834288e+02 -1.74785202e+03
7.32323232e-06 -1.08585859e-05 1.50003131e+08 7.87120359e+02 -1.62999953e+03
7.82828283e-06 -1.08585859e-05 1.50002960e+08 8.21777451e+02 -1.52898596e+03
8.33333333e-06 -1.08585859e-05 1.50002799e+08 8.61920279e+02 -1.44485360e+03
8.83838384e-06 -1.08585859e-05 1.50002647e+08 9.05485983e+02 -1.37776231e+03
9.34343434e-06 -1.08585859e-05 1.50002499e+08 9.50159106e+02 -1.32795675e+03
9.84848485e-06 -1.08585859e-05 1.50002353e+08 9.93307476e+02 -1.29570392e+03
1.03535354e-05 -1.08585859e-05 1.50002208e+08 1.03193632e+03 -1.28120411e+03
1.08585859e-05 -1.08585859e-05 1.50002061e+08 1.06266888e+03 -1.28447849e+03
1.13636364e-05 -1.08585859e-05 1.50001911e+08 1.08176267e+03 -1.30523699e+03
1.18686869e-05 -1.08585859e-05 1.50001759e+08 1.08517092e+03 -1.34273316e+03
1.23737374e-05 -1.08585859e-05 1.50001605e+08 1.06865812e+03 -1.39561575e+03
1.28787879e-05 -1.08585859e-05 1.50001449e+08 1.02797581e+03 -1.46179101e+03
1.33838384e-05 -1.08585859e-05 1.50001294e+08 9.59100381e+02 -1.53831357e+03
1.38888889e-05 -1.08585859e-05 1.50001143e+08 8.58527380e+02 -1.62132702e+03
1.43939394e-05 -1.08585859e-05 1.50000999e+08 7.23607552e+02 -1.70607602e+03
1.48989899e-05 -1.08585859e-05 1.50000866e+08 5.52899464e+02 -1.78700955e+03
1.54040404e-05 -1.08585859e-05 1.50000748e+08 3.46503131e+02 -1.85798831e+03
1.59090909e-05 -1.08585859e-05 1.50000650e+08 1.06331326e+02 -1.91259833e+03
1.64141414e-05 -1.08585859e-05 1.50000574e+08 -1.63727614e+02 -1.94455767e+03
1.69191919e-05 -1.08585859e-05 1.50000524e+08 -4.57797408e+02 -1.94818642e+03
1.74242424e-05 -1.08585859e-05 1.50000501e+08 -7.68181037e+02 -1.91889409e+03
1.79292929e-05 -1.08585859e-05 1.50000504e+08 -1.08571604e+03 -1.85362720e+03
1.84343434e-05 -1.08585859e-05 1.50000532e+08 -1.40030018e+03 -1.75121679e+03
1.89393939e-05 -1.08585859e-05 1.50000582e+08 -1.70154270e+03 -1.61257288e+03
1.94444444e-05 -1.08585859e-05 1.50000650e+08 -1.97947364e+03 -1.44069064e+03
1.99494949e-05 -1.08585859e-05 1.50000729e+08 -2.22523118e+03 -1.24045885e+03
2.04545455e-05 -1.08585859e-05 1.50000813e+08 -2.43164732e+03 -1.01829029e+03
2.09595960e-05 -1.08585859e-05 1.50000898e+08 -2.59366702e+03 -7.81619740e+02
2.14646465e-05 -1.08585859e-05 1.50000977e+08 -2.70856088e+03 -5.38333018e+02
2.19696970e-05 -1.08585859e-05 1.50001045e+08 -2.77592263e+03 -2.96196794e+02
2.24747475e-05 -1.08585859e-05 1.50001099e+08 -2.79747244e+03 -6.23524885e+01
2.29797980e-05 -1.08585859e-05 1.50001136e+08 -2.77671004e+03 1.57078174e+02
2.34848485e-05 -1.08585859e-05 1.50001155e+08 -2.71847507e+03 3.57249919e+02
2.39898990e-05 -1.08585859e-05 1.50001157e+08 -2.62847347e+03 5.34708866e+02
2.44949495e-05 -1.08585859e-05 1.50001142e+08 -2.51282208e+03 6.87379918e+02
2.50000000e-05 -1.08585859e-05 1.50001111e+08 -2.37765027e+03 8.14453248e+02
-2.50000000e-05 -1.03535354e-05 1.50000415e+08 -1.49540564e+02 4.72091025e+02
-2.44949495e-05 -1.03535354e-05 1.50000459e+08 -1.11481070e+02 4.87503024e+02
-2.39898990e-05 -1.03535354e-05 1.50000505e+08 -7.14067963e+01 5.01101005e+02
-2.34848485e-05 -1.03535354e-05 1.50000551e+08 -2.95439384e+01 5.12573494e+02
-2.29797980e-05 -1.03535354e-05 1.50000598e+08 1.38070547e+01 5.21582035e+02
-2.24747475e-05 -1.03535354e-05 1.50000646e+08 5.82520362e+01 5.27759151e+02
-2.19696970e-05 -1.03535354e-05 1.50000694e+08 1.03276817e+02 5.30708869e+02
-2.14646465e-05 -1.03535354e-05 1.50000743e+08 1.48212498e+02 5.30013605e+02
-2.09595960e-05 -1.03535354e-05 1.50000792e+08 1.92192510e+02 5.25253981e+02
-2.04545455e-05 -1.03535354e-05 1.50000842e+08 2.34105245e+02 5.16051919e+02
-1.99494949e-05 -1.03535354e-05 1.50000893e+08 2.72554108e+02 5.02151005e+02
-1.94444444e-05 -1.03535354e-05 1.50000945e+08 3.05850526e+02 4.83548663e+02
-1.89393939e-05 -1.03535354e-05 1.50001000e+08 3.32083951e+02 4.60685783e+02
-1.84343434e-05 -1.03535354e-05 1.50001058e+08 3.49328107e+02 4.34671615e+02
-1.79292929e-05 -1.03535354e-05 1.50001120e+08 3.56032557e+02 4.07469166e+02
-1.74242424e-05 -1.03535354e-05 1.50001186e+08 3.51579386e+02 3.81903496e+02
-1.69191919e-05 -1.03535354e-05 1.50001256e+08 3.36838273e+02 3.61338785e+02
-1.64141414e-05 -1.03535354e-05 1.50001328e+08 3.14389410e+02 3.48985455e+02
-1.59090909e-05 -1.03535354e-05 1.50001400e+08 2.88073294e+02 3.47066771e+02
-1.54040404e-05 -1.03535354e-05 1.50001470e+08 2.61827591e+02 3.56324664e+02
-1.48989899e-05 -1.03535354e-05 1.50001538e+08 2.38263196e+02 3.76282348e+02
-1.43939394e-05 -1.03535354e-05 1.50001604e+08 2.17677793e+02 4.06244091e+02
-1.38888889e-05 -1.03535354e-05 1.50001670e+08 1.97915264e+02 4.46577865e+02
-1.33838384e-05 -1.03535354e-05 1.50001735e+08 1.74929863e+02 4.99817958e+02
-1.28787879e-05 -1.03535354e-05 1.50001801e+08 1.43634655e+02 5.71491176e+02
-1.23737374e-05 -1.03535354e-05 1.50001865e+08 9.87605452e+01 6.70909269e+02
-1.18686869e-05 -1.03535354e-05 1.50001923e+08 3.57455771e+01 8.12250354e+02
-1.13636364e-05 -1.03535354e-05 1.50001964e+08 -4.81696660e+01 1.01620322e+03
-1.08585859e-05 -1.03535354e-05 1.50001975e+08 -1.52439809e+02 1.31254069e+03
-1.03535354e-05 -1.03535354e-05 1.50001928e+08 -2.70965227e+02 1.74439777e+03
-9.84848485e-06 -1.03535354e-05 1.50001779e+08 -3.88181176e+02 2.37583911e+03
-9.34343434e-06 -1.03535354e-05 1.50001455e+08 -4.71134954e+02 3.30575032e+03
-8.83838384e-06 -1.03535354e-05 1.50000825e+08 -4.51773907e+02 4.69401709e+03
-8.33333333e-06 -1.03535354e-05 1.49999648e+08 -1.84445015e+02 6.81247350e+03
-7.82828283e-06 -1.03535354e-05 1.49997448e+08 6.64806392e+02 1.01473110e+04
-7.32323232e-06 -1.03535354e-05 1.49993223e+08 2.93900471e+03 1.56013398e+04
-6.81818182e-06 -1.03535354e-05 1.49984797e+08 9.03022425e+03 2.47627645e+04
-6.31313131e-06 -1.03535354e-05 1.49968336e+08 2.61720648e+04 3.85247700e+04
-5.80808081e-06 -1.03535354e-05 1.49950239e+08 6.41836443e+04 3.71562070e+04
-5.30303030e-06 -1.03535354e-05 1.49958793e+08 2.88542865e+04 -1.94532275e+04
-4.79797980e-06 -1.03535354e-05 1.49954287e+08 -1.45534333e+04 -7.84191825e+03
-4.29292929e-06 -1.03535354e-05 1.49979777e+08 -1.12888903e+04 -1.11811868e+04
-3.78787879e-06 -1.03535354e-05 1.49992892e+08 -1.09940683e+04 -1.17054499e+04
-3.28282828e-06 -1.03535354e-05 1.49999036e+08 -1.01583623e+04 -9.97257937e+03
-2.77777778e-06 -1.03535354e-05 1.50002341e+08 -8.19948838e+03 -7.83682358e+03
-2.27272727e-06 -1.03535354e-05 1.50004585e+08 -5.55362059e+03 -6.23753509e+03
-1.76767677e-06 -1.03535354e-05 1.50006378e+08 -2.95169530e+03 -5.43230022e+03
-1.26262626e-06 -1.03535354e-05 1.50007762e+08 -9.38696824e+02 -5.21619644e+03
-7.57575758e-07 -1.03535354e-05 1.50008638e+08 3.24688971e+02 -5.24168095e+03
-2.52525253e-07 -1.03535354e-05 1.50008992e+08 9.61034332e+02 -5.25560100e+03
2.52525253e-07 -1.03535354e-05 1.50008919e+08 1.18561581e+03 -5.15453172e+03
7.57575758e-07 -1.03535354e-05 1.50008556e+08 1.18588487e+03 -4.93513423e+03
1.26262626e-06 -1.03535354e-05 1.50008031e+08 1.08653274e+03 -4.63379826e+03
1.76767677e-06 -1.03535354e-05 1.50007439e+08 9.57924625e+02 -4.29101589e+03
2.27272727e-06 -1.03535354e-05 1.50006841e+08 8.34748277e+02 -3.93797086e+03
2.77777778e-06 -1.03535354e-05 1.50006273e+08 7.31494647e+02 -3.59468470e+03
3.28282828e-06 -1.03535354e-05 1.50005751e+08 6.52384353e+02 -3.27227593e+03
3.78787879e-06 -1.03535354e-05 1.50005283e+08 5.96953641e+02 -2.97586121e+03
4.29292929e-06 -1.03535354e-05 1.50004867e+08 5.62932193e+02 -2.70692572e+03
4.79797980e-06 -1.03535354e-05 1.50004502e+08 5.47607694e+02 -2.46497104e+03
5.30303030e-06 -1.03535354e-05 1.50004182e+08 5.48400883e+02 -2.24856654e+03
5.80808081e-06 -1.03535354e-05 1.50003901e+08 5.63050171e+02 -2.05598183e+03
6.31313131e-06 -1.03535354e-05 1.50003654e+08 5.89613393e+02 -1.88554758e+03
6.81818182e-06 -1.03535354e-05 1.50003436e+08 6.26389802e+02 -1.73584774e+03
7.32323232e-06 -1.03535354e-05 1.50003241e+08 6.71811213e+02 -1.60580894e+03
7.82828283e-06 -1.03535354e-05 1.50003064e+08 7.24324349e+02 -1.49472699e+03
8.33333333e-06 -1.03535354e-05 1.50002900e+08 7.82273876e+02 -1.40225268e+03
8.83838384e-06 -1.03535354e-05 1.50002747e+08 8.43790618e+02 -1.32834824e+03
9.34343434e-06 -1.03535354e-05 1.50002599e+08 9.06688297e+02 -1.27321893e+03
9.84848485e-06 -1.03535354e-05 1.50002455e+08 9.68373117e+02 -1.23722044e+03
1.03535354e-05 -1.03535354e-05 1.50002310e+08 1.02577257e+03 -1.22074132e+03
1.08585859e-05 -1.03535354e-05 1.50002162e+08 1.07529237e+03 -1.22405949e+03
1.13636364e-05 -1.03535354e-05 1.50002011e+08 1.11281295e+03 -1.24717403e+03
1.18686869e-05 -1.03535354e-05 1.50001855e+08 1.13373858e+03 -1.28961664e+03
1.23737374e-05 -1.03535354e-05 1.50001694e+08 1.13311270e+03 -1.35025236e+03
1.28787879e-05 -1.03535354e-05 1.50001530e+08 1.10581096e+03 -1.42708494e+03
1.33838384e-05 -1.03535354e-05 1.50001365e+08 1.04681854e+03 -1.51708884e+03
1.38888889e-05 -1.03535354e-05 1.50001201e+08 9.51589681e+02 -1.61609564e+03
1.43939394e-05 -1.03535354e-05 1.50001043e+08 8.16475068e+02 -1.71876569e+03
1.48989899e-05 -1.03535354e-05 1.50000896e+08 6.39187697e+02 -1.81867492e+03
1.54040404e-05 -1.03535354e-05 1.50000765e+08 4.19262121e+02 -1.90853998e+03
1.59090909e-05 -1.03535354e-05 1.50000654e+08 1.58448519e+02 -1.98059062e+03
1.64141414e-05 -1.03535354e-05 1.50000569e+08 -1.39024145e+02 -2.02707817e+03
1.69191919e-05 -1.03535354e-05 1.50000513e+08 -4.66378735e+02 -2.04088415e+03
1.74242424e-05 -1.03535354e-05 1.50000488e+08 -8.14461677e+02 -2.01616850e+03
1.79292929e-05 -1.03535354e-05 1.50000493e+08 -1.17217488e+03 -1.94897810e+03
1.84343434e-05 -1.03535354e-05 1.50000528e+08 -1.52714909e+03 -1.83772880e+03
1.89393939e-05 -1.03535354e-05 1.50000589e+08 -1.86659901e+03 -1.68348271e+03
1.94444444e-05 -1.03535354e-05 1.50000669e+08 -2.17826580e+03 -1.48996727e+03
1.99494949e-05 -1.03535354e-05 1.50000762e+08 -2.45133201e+03 -1.26332052e+03
2.04545455e-05 -1.03535354e-05 1.50000860e+08 -2.67719423e+03 -1.01159041e+03
2.09595960e-05 -1.03535354e-05 1.50000958e+08 -2.85000054e+03 -7.44054855e+02
2.14646465e-05 -1.03535354e-05 1.50001046e+08 -2.96689832e+03 -4.70455521e+02
2.19696970e-05 -1.03535354e-05 1.50001121e+08 -3.02798479e+03 -2.00245649e+02
2.24747475e-05 -1.03535354e-05 1.50001178e+08 -3.03599653e+03 5.80589964e+01
2.29797980e-05 -1.03535354e-05 1.50001215e+08 -2.99580693e+03 2.97363060e+02
2.34848485e-05 -1.03535354e-05 1.50001230e+08 -2.91381648e+03 5.12278375e+02
2.39898990e-05 -1.03535354e-05 1.50001225e+08 -2.79731987e+03 6.99216880e+02
2.44949495e-05 -1.03535354e-05 1.50001200e+08 -2.65391993e+03 8.56317280e+02
2.50000000e-05 -1.03535354e-05 1.50001157e+08 -2.49103685e+03 9.83248313e+02
-2.50000000e-05 -9.84848485e-06 1.50000443e+08 -1.65554139e+02 4.54294503e+02
-2.44949495e-05 -9.84848485e-06 1.50000492e+08 -1.25735426e+02 4.69240257e+02
-2.39898990e-05 -9.84848485e-06 1.50000542e+08 -8.35812086e+01 4.82172883e+02
-2.34848485e-05 -9.84848485e-06 1.50000594e+08 -3.92865852e+01 4.92734364e+02
-2.29797980e-05 -9.84848485e-06 1.50000647e+08 6.88444089e+00 5.00527009e+02
-2.24747475e-05 -9.84848485e-06 1.50000701e+08 5.45796676e+01 5.05104462e+02
-2.19696970e-05 -9.84848485e-06 1.50000755e+08 1.03330273e+02 5.05961545e+02
-2.14646465e-05 -9.84848485e-06 1.50000811e+08 1.52509350e+02 5.02525630e+02
-2.09595960e-05 -9.84848485e-06 1.50000867e+08 2.01273355e+02 4.94155796e+02
-2.04545455e-05 -9.84848485e-06 1.50000923e+08 2.48484574e+02 4.80162113e+02
-1.99494949e-05 -9.84848485e-06 1.50000981e+08 2.92620247e+02 4.59866297e+02
-1.94444444e-05 -9.84848485e-06 1.50001041e+08 3.31691884e+02 4.32734688e+02
-1.89393939e-05 -9.84848485e-06 1.50001104e+08 3.63231858e+02 3.98616889e+02
-1.84343434e-05 -9.84848485e-06 1.50001172e+08 3.84451425e+02 3.58099397e+02
-1.79292929e-05 -9.84848485e-06 1.50001247e+08 3.92707390e+02 3.12904604e+02
-1.74242424e-05 -9.84848485e-06 1.50001329e+08 3.86359218e+02 2.66120343e+02
-1.69191919e-05 -9.84848485e-06 1.50001418e+08 3.65853967e+02 2.21909028e+02
-1.64141414e-05 -9.84848485e-06 1.50001515e+08 3.34458567e+02 1.84435503e+02
-1.59090909e-05 -9.84848485e-06 1.50001616e+08 2.97817084e+02 1.56272731e+02
-1.54040404e-05 -9.84848485e-06 1.50001720e+08 2.62001893e+02 1.37239191e+02
-1.48989899e-05 -9.84848485e-06 1.50001828e+08 2.30904542e+02 1.24662123e+02
-1.43939394e-05 -9.84848485e-06 1.50001943e+08 2.04520275e+02 1.15042831e+02
-1.38888889e-05 -9.84848485e-06 1.50002069e+08 1.78947690e+02 1.06008399e+02
-1.33838384e-05 -9.84848485e-06 1.50002211e+08 1.47532486e+02 9.75127985e+01
-1.28787879e-05 -9.84848485e-06 1.50002373e+08 1.02060269e+02 9.22398945e+01
-1.23737374e-05 -9.84848485e-06 1.50002559e+08 3.34783360e+01 9.58449574e+01
-1.18686869e-05 -9.84848485e-06 1.50002773e+08 -6.76591764e+01 1.17559136e+02
-1.13636364e-05 -9.84848485e-06 1.50003016e+08 -2.10691186e+02 1.71256283e+02
-1.08585859e-05 -9.84848485e-06 1.50003289e+08 -4.04308321e+02 2.76978506e+02
-1.03535354e-05 -9.84848485e-06 1.50003592e+08 -6.56285975e+02 4.63365884e+02
-9.84848485e-06 -9.84848485e-06 1.50003919e+08 -9.73677243e+02 7.72289220e+02
-9.34343434e-06 -9.84848485e-06 1.50004260e+08 -1.36312294e+03 1.26820658e+03
-8.83838384e-06 -9.84848485e-06 1.50004591e+08 -1.83019343e+03 2.05719701e+03
-8.33333333e-06 -9.84848485e-06 1.50004859e+08 -2.37531633e+03 3.32723921e+03
-7.82828283e-06 -9.84848485e-06 1.50004936e+08 -2.97941597e+03 5.44175593e+03
-7.32323232e-06 -9.84848485e-06 1.50004484e+08 -3.55349137e+03 9.19178564e+03
-6.81818182e-06 -9.84848485e-06 1.50002414e+08 -3.71973408e+03 1.66456638e+04
-6.31313131e-06 -9.84848485e-06 1.49993740e+08 -1.31630910e+03 3.52110079e+04
-5.80808081e-06 -9.84848485e-06 1.49935826e+08 3.24401340e+04 1.09936147e+05
-5.30303030e-06 -9.84848485e-06 1.49816641e+08 1.50393859e+05 -1.11649466e+05
-4.79797980e-06 -9.84848485e-06 1.50016687e+08 7.76878389e+03 -6.68239386e+04
-4.29292929e-06 -9.84848485e-06 1.50007380e+08 -1.32229051e+04 -3.47752383e+04
-3.78787879e-06 -9.84848485e-06 1.50010108e+08 -1.50363867e+04 -2.54412402e+04
-3.28282828e-06 -9.84848485e-06 1.50010523e+08 -1.42198401e+04 -1.82853431e+04
-2.77777778e-06 -9.84848485e-06 1.50010595e+08 -1.13269275e+04 -1.28894486e+04
-2.27272727e-06 -9.84848485e-06 1.50011067e+08 -7.34932311e+03 -9.47621209e+03
-1.76767677e-06 -9.84848485e-06 1.50011891e+08 -3.65902770e+03 -7.85805700e+03
-1.26262626e-06 -9.84848485e-06 1.50012559e+08 -1.11262674e+03 -7.29791573e+03
-7.57575758e-07 -9.84848485e-06 1.50012692e+08 2.40239676e+02 -7.06250043e+03
-2.52525253e-07 -9.84848485e-06 1.50012261e+08 7.71266885e+02 -6.77208348e+03
2.52525253e-07 -9.84848485e-06 1.50011444e+08 8.67337440e+02 -6.34407087e+03
7.57575758e-07 -9.84848485e-06 1.50010446e+08 7.82300167e+02 -5.82217930e+03
1.26262626e-06 -9.84848485e-06 1.50009416e+08 6.47783684e+02 -5.26957856e+03
1.76767677e-06 -9.84848485e-06 1.50008441e+08 5.20817269e+02 -4.73203622e+03
2.27272727e-06 -9.84848485e-06 1.50007561e+08 4.20967102e+02 -4.23440006e+03
2.77777778e-06 -9.84848485e-06 1.50006788e+08 3.51447815e+02 -3.78655983e+03
3.28282828e-06 -9.84848485e-06 1.50006119e+08 3.09427494e+02 -3.38970197e+03
3.78787879e-06 -9.84848485e-06 1.50005547e+08 2.90544053e+02 -3.04068073e+03
4.29292929e-06 -9.84848485e-06 1.50005059e+08 2.90657504e+02 -2.73462502e+03
4.79797980e-06 -9.84848485e-06 1.50004643e+08 3.06383611e+02 -2.46634842e+03
5.30303030e-06 -9.84848485e-06 1.50004289e+08 3.35132878e+02 -2.23104614e+03
5.80808081e-06 -9.84848485e-06 1.50003986e+08 3.74973298e+02 -2.02459793e+03
6.31313131e-06 -9.84848485e-06 1.50003727e+08 4.24447537e+02 -1.84366563e+03
6.81818182e-06 -9.84848485e-06 1.50003502e+08 4.82392340e+02 -1.68568995e+03
7.32323232e-06 -9.84848485e-06 1.50003305e+08 5.47773316e+02 -1.54884108e+03
7.82828283e-06 -9.84848485e-06 1.50003130e+08 6.19535099e+02 -1.43194940e+03
8.33333333e-06 -9.84848485e-06 1.50002971e+08 6.96463199e+02 -1.33442646e+03
8.83838384e-06 -9.84848485e-06 1.50002823e+08 7.77054212e+02 -1.25617783e+03
9.34343434e-06 -9.84848485e-06 1.50002682e+08 8.59393338e+02 -1.19750425e+03
9.84848485e-06 -9.84848485e-06 1.50002543e+08 9.41041397e+02 -1.15898538e+03
1.03535354e-05 -9.84848485e-06 1.50002403e+08 1.01893740e+03 -1.14133953e+03
1.08585859e-05 -9.84848485e-06 1.50002260e+08 1.08932691e+03 -1.14525368e+03
1.13636364e-05 -9.84848485e-06 1.50002111e+08 1.14773072e+03 -1.17118068e+03
1.18686869e-05 -9.84848485e-06 1.50001954e+08 1.18897179e+03 -1.21910498e+03
1.23737374e-05 -9.84848485e-06 1.50001789e+08 1.20728061e+03 -1.28828477e+03
1.28787879e-05 -9.84848485e-06 1.50001618e+08 1.19649839e+03 -1.37698706e+03
1.33838384e-05 -9.84848485e-06 1.50001443e+08 1.15039249e+03 -1.48224197e+03
1.38888889e-05 -9.84848485e-06 1.50001266e+08 1.06308902e+03 -1.59965205e+03
1.43939394e-05 -9.84848485e-06 1.50001094e+08 9.29610896e+02 -1.72329959e+03
1.48989899e-05 -9.84848485e-06 1.50000931e+08 7.46489582e+02 -1.84579700e+03
1.54040404e-05 -9.84848485e-06 1.50000783e+08 5.12394093e+02 -1.95851873e+03
1.59090909e-05 -9.84848485e-06 1.50000658e+08 2.28699228e+02 -2.05203670e+03
1.64141414e-05 -9.84848485e-06 1.50000562e+08 -1.00100255e+02 -2.11675367e+03
1.69191919e-05 -9.84848485e-06 1.50000498e+08 -4.66223694e+02 -2.14369327e+03
1.74242424e-05 -9.84848485e-06 1.50000470e+08 -8.58763156e+02 -2.12536766e+03
1.79292929e-05 -9.84848485e-06 1.50000479e+08 -1.26420462e+03 -2.05661217e+03
1.84343434e-05 -9.84848485e-06 1.50000522e+08 -1.66729478e+03 -1.93526141e+03
1.89393939e-05 -9.84848485e-06 1.50000594e+08 -2.05217450e+03 -1.76254944e+03
1.94444444e-05 -9.84848485e-06 1.50000690e+08 -2.40364535e+03 -1.54315203e+03
1.99494949e-05 -9.84848485e-06 1.50000800e+08 -2.70840233e+03 -1.28484460e+03
2.04545455e-05 -9.84848485e-06 1.50000915e+08 -2.95606478e+03 -9.97815757e+02
2.09595960e-05 -9.84848485e-06 1.50001027e+08 -3.13987072e+03 -6.93735464e+02
2.14646465e-05 -9.84848485e-06 1.50001127e+08 -3.25695956e+03 -3.84715817e+02
2.19696970e-05 -9.84848485e-06 1.50001209e+08 -3.30823969e+03 -8.23110473e+01
2.24747475e-05 -9.84848485e-06 1.50001268e+08 -3.29790326e+03 2.03317307e+02
2.29797980e-05 -9.84848485e-06 1.50001303e+08 -3.23269652e+03 4.63986696e+02
2.34848485e-05 -9.84848485e-06 1.50001311e+08 -3.12107250e+03 6.93799410e+02
2.39898990e-05 -9.84848485e-06 1.50001296e+08 -2.97234564e+03 8.89183616e+02
2.44949495e-05 -9.84848485e-06 1.50001258e+08 -2.79594173e+03 1.04871969e+03
2.50000000e-05 -9.84848485e-06 1.50001201e+08 -2.60080122e+03 1.17281963e+03
-2.50000000e-05 -9.34343434e-06 1.50000469e+08 -1.81297798e+02 4.37467489e+02
-2.44949495e-05 -9.34343434e-06 1.50000522e+08 -1.39560303e+02 4.52188207e+02
-2.39898990e-05 -9.34343434e-06 1.50000578e+08 -9.51308285e+01 4.64741283e+02
-2.34848485e-05 -9.34343434e-06 1.50000635e+08 -4.81656675e+01 4.74737063e+02
-2.29797980e-05 -9.34343434e-06 1.50000694e+08 1.12020300e+00 4.81739563e+02
-2.24747475e-05 -9.34343434e-06 1.50000754e+08 5.24374222e+01 4.85251837e+02
-2.19696970e-05 -9.34343434e-06 1.50000815e+08 1.05396911e+02 4.84695523e+02
-2.14646465e-05 -9.34343434e-06 1.50000877e+08 1.59468666e+02 4.79384650e+02
-2.09595960e-05 -9.34343434e-06 1.50000940e+08 2.13915790e+02 4.68496860e+02
-2.04545455e-05 -9.34343434e-06 1.50001003e+08 2.67692946e+02 4.51052237e+02
-1.99494949e-05 -9.34343434e-06 1.50001067e+08 3.19300735e+02 4.25923641e+02
-1.94444444e-05 -9.34343434e-06 1.50001133e+08 3.66602455e+02 3.91925203e+02
-1.89393939e-05 -9.34343434e-06 1.50001202e+08 4.06653039e+02 3.48053637e+02
-1.84343434e-05 -9.34343434e-06 1.50001277e+08 4.35680702e+02 2.93966610e+02
-1.79292929e-05 -9.34343434e-06 1.50001360e+08 4.49494014e+02 2.30709437e+02
-1.74242424e-05 -9.34343434e-06 1.50001454e+08 4.44654004e+02 1.61448577e+02
-1.69191919e-05 -9.34343434e-06 1.50001560e+08 4.20466949e+02 9.15409684e+01
-1.64141414e-05 -9.34343434e-06 1.50001678e+08 3.80940390e+02 2.70702565e+01
-1.59090909e-05 -9.34343434e-06 1.50001805e+08 3.34793728e+02 -2.81642332e+01
-1.54040404e-05 -9.34343434e-06 1.50001940e+08 2.92147193e+02 -7.53208595e+01
-1.48989899e-05 -9.34343434e-06 1.50002085e+08 2.59441530e+02 -1.20270987e+02
-1.43939394e-05 -9.34343434e-06 1.50002245e+08 2.36388867e+02 -1.70340420e+02
-1.38888889e-05 -9.34343434e-06 1.50002429e+08 2.16795012e+02 -2.30936962e+02
-1.33838384e-05 -9.34343434e-06 1.50002645e+08 1.91313766e+02 -3.04445062e+02
-1.28787879e-05 -9.34343434e-06 1.50002902e+08 1.49370129e+02 -3.90943289e+02
-1.23737374e-05 -9.34343434e-06 1.50003208e+08 7.95326869e+01 -4.88964889e+02
-1.18686869e-05 -9.34343434e-06 1.50003574e+08 -3.06433807e+01 -5.95389302e+02
-1.13636364e-05 -9.34343434e-06 1.50004016e+08 -1.94312702e+02 -7.04908885e+02
-1.08585859e-05 -9.34343434e-06 1.50004551e+08 -4.24732967e+02 -8.09980703e+02
-1.03535354e-05 -9.34343434e-06 1.50005205e+08 -7.35443120e+02 -9.01547249e+02
-9.84848485e-06 -9.34343434e-06 1.50006015e+08 -1.14218995e+03 -9.69926336e+02
-9.34343434e-06 -9.34343434e-06 1.50007044e+08 -1.66680332e+03 -1.00519847e+03
-8.83838384e-06 -9.34343434e-06 1.50008398e+08 -2.34296402e+03 -9.97518117e+02
-8.33333333e-06 -9.34343434e-06 1.50010268e+08 -3.22465165e+03 -9.40371517e+02
-7.82828283e-06 -9.34343434e-06 1.50013039e+08 -4.39969238e+03 -8.47653543e+02
-7.32323232e-06 -9.34343434e-06 1.50017585e+08 -6.01076256e+03 -8.28166662e+02
-6.81818182e-06 -9.34343434e-06 1.50026305e+08 -8.25545483e+03 -1.42552855e+03
-6.31313131e-06 -9.34343434e-06 1.50047588e+08 -1.08634860e+04 -5.42393139e+03
-5.80808081e-06 -9.34343434e-06 1.50115304e+08 -2.72814484e+03 -2.54846944e+04
-5.30303030e-06 -9.34343434e-06 1.49660665e+08 -4.06225863e+05 7.98859396e+04
-4.79797980e-06 -9.34343434e-06 1.49666856e+08 9.11647934e+03 2.29187503e+05
-4.29292929e-06 -9.34343434e-06 1.50029708e+08 -4.96518263e+04 -4.76284323e+04
-3.78787879e-06 -9.34343434e-06 1.50030574e+08 -2.69266049e+04 -3.89556583e+04
-3.28282828e-06 -9.34343434e-06 1.50023629e+08 -2.27971919e+04 -2.64104208e+04
-2.77777778e-06 -9.34343434e-06 1.50019891e+08 -1.71434421e+04 -1.74857868e+04
-2.27272727e-06 -9.34343434e-06 1.50018478e+08 -1.03453793e+04 -1.22152622e+04
-1.76767677e-06 -9.34343434e-06 1.50018380e+08 -4.74428174e+03 -1.00669642e+04
-1.26262626e-06 -9.34343434e-06 1.50018160e+08 -1.51337380e+03 -9.36653393e+03
-7.57575758e-07 -9.34343434e-06 1.50017172e+08 -1.66767434e+02 -8.84934666e+03
-2.52525253e-07 -9.34343434e-06 1.50015586e+08 1.99395937e+02 -8.13714321e+03
2.52525253e-07 -9.34343434e-06 1.50013781e+08 1.90145598e+02 -7.28634814e+03
7.57575758e-07 -9.34343434e-06 1.50012030e+08 8.64139407e+01 -6.42077587e+03
1.26262626e-06 -9.34343434e-06 1.50010463e+08 -9.77570325e+00 -5.61899862e+03
1.76767677e-06 -9.34343434e-06 1.50009119e+08 -7.19949548e+01 -4.91252161e+03
2.27272727e-06 -9.34343434e-06 1.50007990e+08 -1.00183406e+02 -4.30524665e+03
2.77777778e-06 -9.34343434e-06 1.50007052e+08 -1.01141056e+02 -3.78860185e+03
3.28282828e-06 -9.34343434e-06 1.50006275e+08 -8.18642222e+01 -3.34993314e+03
3.78787879e-06 -9.34343434e-06 1.50005632e+08 -4.77706235e+01 -2.97644726e+03
4.29292929e-06 -9.34343434e-06 1.50005100e+08 -2.58128714e+00 -2.65678917e+03
4.79797980e-06 -9.34343434e-06 1.50004659e+08 5.13407316e+01 -2.38149752e+03
5.30303030e-06 -9.34343434e-06 1.50004291e+08 1.12598955e+02 -2.14298033e+03
5.80808081e-06 -9.34343434e-06 1.50003984e+08 1.80431615e+02 -1.93531734e+03
6.31313131e-06 -9.34343434e-06 1.50003726e+08 2.54452642e+02 -1.75402490e+03
6.81818182e-06 -9.34343434e-06 1.50003507e+08 3.34450412e+02 -1.59583781e+03
7.32323232e-06 -9.34343434e-06 1.50003319e+08 4.20224690e+02 -1.45852415e+03
7.82828283e-06 -9.34343434e-06 1.50003154e+08 5.11445111e+02 -1.34073269e+03
8.33333333e-06 -9.34343434e-06 1.50003008e+08 6.07518974e+02 -1.24186467e+03
8.83838384e-06 -9.34343434e-06 1.50002873e+08 7.07460670e+02 -1.16195913e+03
9.34343434e-06 -9.34343434e-06 1.50002744e+08 8.09759516e+02 -1.10157897e+03
9.84848485e-06 -9.34343434e-06 1.50002618e+08 9.12247360e+02 -1.06168513e+03
1.03535354e-05 -9.34343434e-06 1.50002489e+08 1.01197242e+03 -1.04348599e+03
1.08585859e-05 -9.34343434e-06 1.50002355e+08 1.10509151e+03 -1.04825059e+03
1.13636364e-05 -9.34343434e-06 1.50002212e+08 1.18679877e+03 -1.07707722e+03
1.18686869e-05 -9.34343434e-06 1.50002058e+08 1.25131522e+03 -1.13061383e+03
1.23737374e-05 -9.34343434e-06 1.50001893e+08 1.29196773e+03 -1.20873533e+03
1.28787879e-05 -9.34343434e-06 1.50001717e+08 1.30138792e+03 -1.31019357e+03
1.33838384e-05 -9.34343434e-06 1.50001532e+08 1.27185795e+03 -1.43227042e+03
1.38888889e-05 -9.34343434e-06 1.50001343e+08 1.19581937e+03 -1.57047904e+03
1.43939394e-05 -9.34343434e-06 1.50001154e+08 1.06654175e+03 -1.71837212e+03
1.48989899e-05 -9.34343434e-06 1.50000973e+08 8.78918921e+02 -1.86752327e+03
1.54040404e-05 -9.34343434e-06 1.50000807e+08 6.30325815e+02 -2.00774388e+03
1.59090909e-05 -9.34343434e-06 1.50000665e+08 3.21432712e+02 -2.12757938e+03
1.64141414e-05 -9.34343434e-06 1.50000554e+08 -4.31544343e+01 -2.21509235e+03
1.69191919e-05 -9.34343434e-06 1.50000481e+08 -4.54568452e+02 -2.25888892e+03
1.74242424e-05 -9.34343434e-06 1.50000450e+08 -8.99792702e+02 -2.24928650e+03
1.79292929e-05 -9.34343434e-06 1.50000461e+08 -1.36228151e+03 -2.17946905e+03
1.84343434e-05 -9.34343434e-06 1.50000514e+08 -1.82308065e+03 -2.04644592e+03
1.89393939e-05 -9.34343434e-06 1.50000601e+08 -2.26234430e+03 -1.85163725e+03
1.94444444e-05 -9.34343434e-06 1.50000715e+08 -2.66105785e+03 -1.60095671e+03
1.99494949e-05 -9.34343434e-06 1.50000845e+08 -3.00272056e+03 -1.30434768e+03
2.04545455e-05 -9.34343434e-06 1.50000980e+08 -3.27473821e+03 -9.74829743e+02
2.09595960e-05 -9.34343434e-06 1.50001108e+08 -3.46932707e+03 -6.27205334e+02
2.14646465e-05 -9.34343434e-06 1.50001220e+08 -3.58382454e+03 -2.76634164e+02
2.19696970e-05 -9.34343434e-06 1.50001309e+08 -3.62041369e+03 6.27070109e+01
2.24747475e-05 -9.34343434e-06 1.50001370e+08 -3.58536851e+03 3.78699791e+02
2.29797980e-05 -9.34343434e-06 1.50001399e+08 -3.48799130e+03 6.61985614e+02
2.34848485e-05 -9.34343434e-06 1.50001398e+08 -3.33943286e+03 9.06264933e+02
2.39898990e-05 -9.34343434e-06 1.50001369e+08 -3.15156557e+03 1.10823575e+03
2.44949495e-05 -9.34343434e-06 1.50001315e+08 -2.93603162e+03 1.26725900e+03
2.50000000e-05 -9.34343434e-06 1.50001241e+08 -2.70353230e+03 1.38485652e+03
-2.50000000e-05 -8.83838384e-06 1.50000491e+08 -1.96999861e+02 4.21763384e+02
-2.44949495e-05 -8.83838384e-06 1.50000549e+08 -1.53222169e+02 4.36508435e+02
-2.39898990e-05 -8.83838384e-06 1.50000610e+08 -1.06372984e+02 4.48973588e+02
-2.34848485e-05 -8.83838384e-06 1.50000673e+08 -5.65683217e+01 4.58753370e+02
-2.29797980e-05 -8.83838384e-06 1.50000737e+08 -3.97008766e+00 4.65397816e+02
-2.24747475e-05 -8.83838384e-06 1.50000804e+08 5.12051648e+01 4.68395705e+02
-2.19696970e-05 -8.83838384e-06 1.50000872e+08 1.08669972e+02 4.67147803e+02
-2.14646465e-05 -8.83838384e-06 1.50000941e+08 1.68034993e+02 4.60926337e+02
-2.09595960e-05 -8.83838384e-06 1.50001011e+08 2.28750874e+02 4.48817689e+02
-2.04545455e-05 -8.83838384e-06 1.50001081e+08 2.90002787e+02 4.29649785e+02
-1.99494949e-05 -8.83838384e-06 1.50001151e+08 3.50528869e+02 4.01919190e+02
-1.94444444e-05 -8.83838384e-06 1.50001222e+08 4.08331943e+02 3.63765146e+02
-1.89393939e-05 -8.83838384e-06 1.50001294e+08 4.60282778e+02 3.13100429e+02
-1.84343434e-05 -8.83838384e-06 1.50001372e+08 5.01727180e+02 2.48098580e+02
-1.79292929e-05 -8.83838384e-06 1.50001457e+08 5.26486523e+02 1.68276580e+02
-1.74242424e-05 -8.83838384e-06 1.50001557e+08 5.28060110e+02 7.61505178e+01
-1.69191919e-05 -8.83838384e-06 1.50001674e+08 5.02900499e+02 -2.14914331e+01
-1.64141414e-05 -8.83838384e-06 1.50001808e+08 4.55105472e+02 -1.14952120e+02
-1.59090909e-05 -8.83838384e-06 1.50001956e+08 3.98440266e+02 -1.97194334e+02
-1.54040404e-05 -8.83838384e-06 1.50002115e+08 3.50729570e+02 -2.70236418e+02
-1.48989899e-05 -8.83838384e-06 1.50002287e+08 3.23020832e+02 -3.45141199e+02
-1.43939394e-05 -8.83838384e-06 1.50002485e+08 3.13768866e+02 -4.34658717e+02
-1.38888889e-05 -8.83838384e-06 1.50002721e+08 3.12609073e+02 -5.46704117e+02
-1.33838384e-05 -8.83838384e-06 1.50003005e+08 3.07144775e+02 -6.84260667e+02
-1.28787879e-05 -8.83838384e-06 1.50003348e+08 2.85859172e+02 -8.48881326e+02
-1.23737374e-05 -8.83838384e-06 1.50003760e+08 2.37045697e+02 -1.04299007e+03
-1.18686869e-05 -8.83838384e-06 1.50004261e+08 1.47307325e+02 -1.26957651e+03
-1.13636364e-05 -8.83838384e-06 1.50004871e+08 2.19528304e+00 -1.53110079e+03
-1.08585859e-05 -8.83838384e-06 1.50005623e+08 -2.11453600e+02 -1.83027673e+03
-1.03535354e-05 -8.83838384e-06 1.50006560e+08 -5.04094235e+02 -2.17376640e+03
-9.84848485e-06 -8.83838384e-06 1.50007747e+08 -8.84731788e+02 -2.57769641e+03
-9.34343434e-06 -8.83838384e-06 1.50009290e+08 -1.36380258e+03 -3.07415830e+03
-8.83838384e-06 -8.83838384e-06 1.50011359e+08 -1.95462222e+03 -3.72065192e+03
-8.33333333e-06 -8.83838384e-06 1.50014244e+08 -2.66886260e+03 -4.61782395e+03
-7.82828283e-06 -8.83838384e-06 1.50018444e+08 -3.49571906e+03 -5.94287430e+03
-7.32323232e-06 -8.83838384e-06 1.50024823e+08 -4.33641720e+03 -7.99233877e+03
-6.81818182e-06 -8.83838384e-06 1.50034629e+08 -4.86434379e+03 -1.10737119e+04
-6.31313131e-06 -8.83838384e-06 1.50047491e+08 -5.10495661e+03 -1.40017382e+04
-5.80808081e-06 -8.83838384e-06 1.50051224e+08 -1.71363006e+04 -1.01576419e+04
-5.30303030e-06 -8.83838384e-06 1.50043218e+08 -4.95025080e+04 -1.56401823e+04
-4.79797980e-06 -8.83838384e-06 1.50589020e+08 1.63800163e+04 -2.89675377e+05
-4.29292929e-06 -8.83838384e-06 1.50158915e+08 -8.29304378e+03 -5.31508270e+04
-3.78787879e-06 -8.83838384e-06 1.50049658e+08 -2.49456942e+04 -4.79884508e+04
-3.28282828e-06 -8.83838384e-06 1.50034024e+08 -3.46431678e+04 -3.14629981e+04
-2.77777778e-06 -8.83838384e-06 1.50028559e+08 -2.55346316e+04 -2.00823418e+04
-2.27272727e-06 -8.83838384e-06 1.50026299e+08 -1.40043252e+04 -1.34672113e+04
-1.76767677e-06 -8.83838384e-06 1.50025864e+08 -5.68754016e+03 -1.17056261e+04
-1.26262626e-06 -8.83838384e-06 1.50024397e+08 -2.06856571e+03 -1.11995539e+04
-7.57575758e-07 -8.83838384e-06 1.50021596e+08 -1.03885243e+03 -1.02551057e+04
-2.52525253e-07 -8.83838384e-06 1.50018390e+08 -8.73245832e+02 -8.95418418e+03
2.52525253e-07 -8.83838384e-06 1.50015427e+08 -8.82385539e+02 -7.63678045e+03
7.57575758e-07 -8.83838384e-06 1.50012931e+08 -8.78949968e+02 -6.47377232e+03
1.26262626e-06 -8.83838384e-06 1.50010910e+08 -8.35984489e+02 -5.50547565e+03
1.76767677e-06 -8.83838384e-06 1.50009297e+08 -7.63796026e+02 -4.71669848e+03
2.27272727e-06 -8.83838384e-06 1.50008014e+08 -6.75600696e+02 -4.07661710e+03
2.77777778e-06 -8.83838384e-06 1.50006990e+08 -5.80547913e+02 -3.55447754e+03
3.28282828e-06 -8.83838384e-06 1.50006169e+08 -4.83744479e+02 -3.12437124e+03
3.78787879e-06 -8.83838384e-06 1.50005507e+08 -3.87501386e+02 -2.76586250e+03
4.29292929e-06 -8.83838384e-06 1.50004972e+08 -2.92424774e+02 -2.46329912e+03
4.79797980e-06 -8.83838384e-06 1.50004536e+08 -1.98157963e+02 -2.20486631e+03
5.30303030e-06 -8.83838384e-06 1.50004180e+08 -1.03846248e+02 -1.98173303e+03
5.80808081e-06 -8.83838384e-06 1.50003888e+08 -8.42205398e+00 -1.78737439e+03
6.31313131e-06 -8.83838384e-06 1.50003647e+08 8.92152144e+01 -1.61706367e+03
6.81818182e-06 -8.83838384e-06 1.50003447e+08 1.90075291e+02 -1.46750244e+03
7.32323232e-06 -8.83838384e-06 1.50003279e+08 2.94977719e+02 -1.33655514e+03
7.82828283e-06 -8.83838384e-06 1.50003135e+08 4.04457257e+02 -1.22305853e+03
8.33333333e-06 -8.83838384e-06 1.50003009e+08 5.18661608e+02 -1.12668090e+03
8.83838384e-06 -8.83838384e-06 1.50002895e+08 6.37234279e+02 -1.04780944e+03
9.34343434e-06 -8.83838384e-06 1.50002787e+08 7.59179675e+02 -9.87446295e+02
9.84848485e-06 -8.83838384e-06 1.50002679e+08 8.82712134e+02 -9.47094463e+02
1.03535354e-05 -8.83838384e-06 1.50002568e+08 1.00509600e+03 -9.28615440e+02
1.08585859e-05 -8.83838384e-06 1.50002448e+08 1.12249063e+03 -9.34041101e+02
1.13636364e-05 -8.83838384e-06 1.50002316e+08 1.22982242e+03 -9.65324747e+02
1.18686869e-05 -8.83838384e-06 1.50002170e+08 1.32071464e+03 -1.02402130e+03
1.23737374e-05 -8.83838384e-06 1.50002007e+08 1.38751476e+03 -1.11089573e+03
1.28787879e-05 -8.83838384e-06 1.50001829e+08 1.42146422e+03 -1.22547284e+03
1.33838384e-05 -8.83838384e-06 1.50001637e+08 1.41305581e+03 -1.36556086e+03
1.38888889e-05 -8.83838384e-06 1.50001434e+08 1.35261381e+03 -1.52680386e+03
1.43939394e-05 -8.83838384e-06 1.50001228e+08 1.23110938e+03 -1.70234113e+03
1.48989899e-05 -8.83838384e-06 1.50001027e+08 1.04118575e+03 -1.88266863e+03
1.54040404e-05 -8.83838384e-06 1.50000839e+08 7.78317272e+02 -2.05580076e+03
1.59090909e-05 -8.83838384e-06 1.50000676e+08 4.41969469e+02 -2.20781228e+03
1.64141414e-05 -8.83838384e-06 1.50000547e+08 3.65766495e+01 -2.32379430e+03
1.69191919e-05 -8.83838384e-06 1.50000462e+08 -4.27872776e+02 -2.38918580e+03
1.74242424e-05 -8.83838384e-06 1.50000426e+08 -9.35839319e+02 -2.39135276e+03
1.79292929e-05 -8.83838384e-06 1.50000440e+08 -1.46695346e+03 -2.32120108e+03
1.84343434e-05 -8.83838384e-06 1.50000504e+08 -1.99746806e+03 -2.17455290e+03
1.89393939e-05 -8.83838384e-06 1.50000609e+08 -2.50230880e+03 -1.95301424e+03
1.94444444e-05 -8.83838384e-06 1.50000745e+08 -2.95744801e+03 -1.66412922e+03
1.99494949e-05 -8.83838384e-06 1.50000899e+08 -3.34223452e+03 -1.32074407e+03
2.04545455e-05 -8.83838384e-06 1.50001057e+08 -3.64130058e+03 -9.39664357e+02
2.09595960e-05 -8.83838384e-06 1.50001205e+08 -3.84574790e+03 -5.39834544e+02
2.14646465e-05 -8.83838384e-06 1.50001330e+08 -3.95346557e+03 -1.40358834e+02
2.19696970e-05 -8.83838384e-06 1.50001425e+08 -3.96861079e+03 2.41309733e+02
2.24747475e-05 -8.83838384e-06 1.50001484e+08 -3.90043581e+03 5.90753868e+02
2.29797980e-05 -8.83838384e-06 1.50001505e+08 -3.76173474e+03 8.97410432e+02
2.34848485e-05 -8.83838384e-06 1.50001490e+08 -3.56719886e+03 1.15481041e+03
2.39898990e-05 -8.83838384e-06 1.50001443e+08 -3.33192046e+03 1.36033083e+03
2.44949495e-05 -8.83838384e-06 1.50001368e+08 -3.07020153e+03 1.51460765e+03
2.50000000e-05 -8.83838384e-06 1.50001272e+08 -2.79473326e+03 1.62077205e+03
-2.50000000e-05 -8.33333333e-06 1.50000509e+08 -2.12892342e+02 4.07301818e+02
-2.44949495e-05 -8.33333333e-06 1.50000572e+08 -1.66985719e+02 4.22315184e+02
-2.39898990e-05 -8.33333333e-06 1.50000638e+08 -1.17616308e+02 4.34968540e+02
-2.34848485e-05 -8.33333333e-06 1.50000706e+08 -6.48656050e+01 4.44853216e+02
-2.29797980e-05 -8.33333333e-06 1.50000778e+08 -8.84949225e+00 4.51527106e+02
-2.24747475e-05 -8.33333333e-06 1.50000851e+08 5.02818543e+01 4.54501274e+02
-2.19696970e-05 -8.33333333e-06 1.50000927e+08 1.12341434e+02 4.53214843e+02
-2.14646465e-05 -8.33333333e-06 1.50001003e+08 1.77094604e+02 4.46990768e+02
-2.09595960e-05 -8.33333333e-06 1.50001080e+08 2.44227955e+02 4.34961956e+02
-2.04545455e-05 -8.33333333e-06 1.50001157e+08 3.13273670e+02 4.15954749e+02
-1.99494949e-05 -8.33333333e-06 1.50001234e+08 3.83443797e+02 3.88320258e+02
-1.94444444e-05 -8.33333333e-06 1.50001309e+08 4.53296710e+02 3.49727461e+02
-1.89393939e-05 -8.33333333e-06 1.50001383e+08 5.20129321e+02 2.97008904e+02
-1.84343434e-05 -8.33333333e-06 1.50001459e+08 5.79033591e+02 2.26337813e+02
-1.79292929e-05 -8.33333333e-06 1.50001540e+08 6.21886923e+02 1.34341113e+02
-1.74242424e-05 -8.33333333e-06 1.50001635e+08 6.37537738e+02 2.09300736e+01
-1.69191919e-05 -8.33333333e-06 1.50001752e+08 6.15975692e+02 -1.06532401e+02
-1.64141414e-05 -8.33333333e-06 1.50001893e+08 5.58438022e+02 -2.32151766e+02
-1.59090909e-05 -8.33333333e-06 1.50002053e+08 4.86551291e+02 -3.40939836e+02
-1.54040404e-05 -8.33333333e-06 1.50002224e+08 4.33735320e+02 -4.35144031e+02
-1.48989899e-05 -8.33333333e-06 1.50002412e+08 4.19360717e+02 -5.35852184e+02
-1.43939394e-05 -8.33333333e-06 1.50002638e+08 4.36458009e+02 -6.64193497e+02
-1.38888889e-05 -8.33333333e-06 1.50002918e+08 4.65501517e+02 -8.27875873e+02
-1.33838384e-05 -8.33333333e-06 1.50003263e+08 4.90704977e+02 -1.02593875e+03
-1.28787879e-05 -8.33333333e-06 1.50003680e+08 5.02713545e+02 -1.25886213e+03
-1.23737374e-05 -8.33333333e-06 1.50004178e+08 4.92742224e+02 -1.53269497e+03
-1.18686869e-05 -8.33333333e-06 1.50004778e+08 4.47790964e+02 -1.85652540e+03
-1.13636364e-05 -8.33333333e-06 1.50005507e+08 3.52303363e+02 -2.23815877e+03
-1.08585859e-05 -8.33333333e-06 1.50006401e+08 1.94955004e+02 -2.68419353e+03
-1.03535354e-05 -8.33333333e-06 1.50007505e+08 -2.62855367e+01 -3.20645091e+03
-9.84848485e-06 -8.33333333e-06 1.50008887e+08 -3.05109047e+02 -3.83024347e+03
-9.34343434e-06 -8.33333333e-06 1.50010646e+08 -6.30364742e+02 -4.59978556e+03
-8.83838384e-06 -8.33333333e-06 1.50012933e+08 -9.86006094e+02 -5.58031788e+03
-8.33333333e-06 -8.33333333e-06 1.50015954e+08 -1.34499353e+03 -6.85533083e+03
-7.82828283e-06 -8.33333333e-06 1.50019958e+08 -1.66338447e+03 -8.50244447e+03
-7.32323232e-06 -8.33333333e-06 1.50025094e+08 -1.92109340e+03 -1.04873723e+04
-6.81818182e-06 -8.33333333e-06 1.50030887e+08 -2.45953765e+03 -1.23383101e+04
-6.31313131e-06 -8.33333333e-06 1.50035114e+08 -5.50330321e+03 -1.28107954e+04
-5.80808081e-06 -8.33333333e-06 1.50035342e+08 -1.72866879e+04 -1.28151527e+04
-5.30303030e-06 -8.33333333e-06 1.50037394e+08 -3.70243383e+04 -2.15113589e+04
-4.79797980e-06 -8.33333333e-06 1.50046794e+08 -6.05507218e+04 -4.21945485e+04
-4.29292929e-06 -8.33333333e-06 1.49360961e+08 -4.28248872e+05 2.36783049e+05
-3.78787879e-06 -8.33333333e-06 1.49376726e+08 -3.24537971e+05 3.06833071e+05
-3.28282828e-06 -8.33333333e-06 1.50041709e+08 -6.18252207e+04 -3.76226802e+04
-2.77777778e-06 -8.33333333e-06 1.50037402e+08 -3.70309795e+04 -2.10359415e+04
-2.27272727e-06 -8.33333333e-06 1.50035580e+08 -1.70285905e+04 -1.27635993e+04
-1.76767677e-06 -8.33333333e-06 1.50035204e+08 -5.74007003e+03 -1.29618397e+04
-1.26262626e-06 -8.33333333e-06 1.50030707e+08 -3.04004738e+03 -1.24153697e+04
-7.57575758e-07 -8.33333333e-06 1.50024806e+08 -2.64891306e+03 -1.05264437e+04
-2.52525253e-07 -8.33333333e-06 1.50019664e+08 -2.48264044e+03 -8.55556109e+03
2.52525253e-07 -8.33333333e-06 1.50015696e+08 -2.24764132e+03 -6.94288891e+03
7.57575758e-07 -8.33333333e-06 1.50012728e+08 -1.97210823e+03 -5.70924068e+03
1.26262626e-06 -8.33333333e-06 1.50010510e+08 -1.69756125e+03 -4.77555560e+03
1.76767677e-06 -8.33333333e-06 1.50008834e+08 -1.44457158e+03 -4.06158896e+03
2.27272727e-06 -8.33333333e-06 1.50007551e+08 -1.21938153e+03 -3.50560813e+03
2.77777778e-06 -8.33333333e-06 1.50006556e+08 -1.02125651e+03 -3.06354261e+03
3.28282828e-06 -8.33333333e-06 1.50005775e+08 -8.46635123e+02 -2.70453806e+03
3.78787879e-06 -8.33333333e-06 1.50005157e+08 -6.91118412e+02 -2.40698473e+03
4.29292929e-06 -8.33333333e-06 1.50004664e+08 -5.50335797e+02 -2.15563720e+03
4.79797980e-06 -8.33333333e-06 1.50004269e+08 -4.20277862e+02 -1.93965557e+03
5.30303030e-06 -8.33333333e-06 1.50003952e+08 -2.97392103e+02 -1.75130146e+03
5.80808081e-06 -8.33333333e-06 1.50003696e+08 -1.78583819e+02 -1.58507580e+03
6.31313131e-06 -8.33333333e-06 1.50003489e+08 -6.11894414e+01 -1.43714999e+03
6.81818182e-06 -8.33333333e-06 1.50003322e+08 5.70457038e+01 -1.30499249e+03
7.32323232e-06 -8.33333333e-06 1.50003185e+08 1.77969400e+02 -1.18712565e+03
7.82828283e-06 -8.33333333e-06 1.50003071e+08 3.02995854e+02 -1.08296899e+03
8.33333333e-06 -8.33333333e-06 1.50002975e+08 4.33045176e+02 -9.92737323e+02
8.83838384e-06 -8.33333333e-06 1.50002889e+08 5.68445801e+02 -9.17369223e+02
9.34343434e-06 -8.33333333e-06 1.50002808e+08 7.08798705e+02 -8.58463888e+02
9.84848485e-06 -8.33333333e-06 1.50002726e+08 8.52805292e+02 -8.18205421e+02
1.03535354e-05 -8.33333333e-06 1.50002639e+08 9.98065908e+02 -7.99252323e+02
1.08585859e-05 -8.33333333e-06 1.50002540e+08 1.14086334e+03 -8.04569124e+02
1.13636364e-05 -8.33333333e-06 1.50002426e+08 1.27595605e+03 -8.37177373e+02
1.18686869e-05 -8.33333333e-06 1.50002292e+08 1.39641850e+03 -8.99806680e+02
1.23737374e-05 -8.33333333e-06 1.50002138e+08 1.49358011e+03 -9.94435388e+02
1.28787879e-05 -8.33333333e-06 1.50001960e+08 1.55712652e+03 -1.12172664e+03
1.33838384e-05 -8.33333333e-06 1.50001763e+08 1.57543351e+03 -1.28039043e+03
1.38888889e-05 -8.33333333e-06 1.50001548e+08 1.53619805e+03 -1.46653511e+03
1.43939394e-05 -8.33333333e-06 1.50001323e+08 1.42740738e+03 -1.67310845e+03
1.48989899e-05 -8.33333333e-06 1.50001098e+08 1.23863940e+03 -1.88956170e+03
1.54040404e-05 -8.33333333e-06 1.50000885e+08 9.62616870e+02 -2.10188704e+03
1.59090909e-05 -8.33333333e-06 1.50000696e+08 5.96849781e+02 -2.29316619e+03
1.64141414e-05 -8.33333333e-06 1.50000545e+08 1.45114102e+02 -2.44471310e+03
1.69191919e-05 -8.33333333e-06 1.50000443e+08 -3.81544676e+02 -2.53779337e+03
1.74242424e-05 -8.33333333e-06 1.50000399e+08 -9.64595444e+02 -2.55576715e+03
1.79292929e-05 -8.33333333e-06 1.50000417e+08 -1.57882384e+03 -2.48636046e+03
1.84343434e-05 -8.33333333e-06 1.50000493e+08 -2.19421588e+03 -2.32366470e+03
1.89393939e-05 -8.33333333e-06 1.50000620e+08 -2.77875698e+03 -2.06944204e+03
1.94444444e-05 -8.33333333e-06 1.50000783e+08 -3.30174870e+03 -1.73340494e+03
1.99494949e-05 -8.33333333e-06 1.50000967e+08 -3.73708476e+03 -1.33233515e+03
2.04545455e-05 -8.33333333e-06 1.50001152e+08 -4.06590157e+03 -8.88163625e+02
2.09595960e-05 -8.33333333e-06 1.50001321e+08 -4.27814641e+03 -4.25369518e+02
2.14646465e-05 -8.33333333e-06 1.50001460e+08 -4.37285491e+03 3.18035938e+01
2.19696970e-05 -8.33333333e-06 1.50001559e+08 -4.35721762e+03 4.61814025e+02
2.24747475e-05 -8.33333333e-06 1.50001613e+08 -4.24475298e+03 8.47597820e+02
2.29797980e-05 -8.33333333e-06 1.50001621e+08 -4.05302834e+03 1.17748158e+03
2.34848485e-05 -8.33333333e-06 1.50001587e+08 -3.80136678e+03 1.44526298e+03
2.39898990e-05 -8.33333333e-06 1.50001515e+08 -3.50887585e+03 1.64963861e+03
2.44949495e-05 -8.33333333e-06 1.50001414e+08 -3.19298797e+03 1.79322808e+03
2.50000000e-05 -8.33333333e-06 1.50001291e+08 -2.86856057e+03 1.88143992e+03
-2.50000000e-05 -7.82828283e-06 1.50000523e+08 -2.29202378e+02 3.94181299e+02
-2.44949495e-05 -7.82828283e-06 1.50000590e+08 -1.81099577e+02 4.09693330e+02
-2.39898990e-05 -7.82828283e-06 1.50000661e+08 -1.29137127e+02 4.22780621e+02
-2.34848485e-05 -7.82828283e-06 1.50000736e+08 -7.33740639e+01 4.33036055e+02
-2.29797980e-05 -7.82828283e-06 1.50000814e+08 -1.38982423e+01 4.40037251e+02
-2.24747475e-05 -7.82828283e-06 1.50000894e+08 4.91817013e+01 4.43342627e+02
-2.19696970e-05 -7.82828283e-06 1.50000977e+08 1.15748123e+02 4.42478277e+02
-2.14646465e-05 -7.82828283e-06 1.50001062e+08 1.85688355e+02 4.36907084e+02
-2.09595960e-05 -7.82828283e-06 1.50001148e+08 2.58904896e+02 4.25964847e+02
-2.04545455e-05 -7.82828283e-06 1.50001234e+08 3.35304714e+02 4.08737311e+02
-1.99494949e-05 -7.82828283e-06 1.50001318e+08 4.14724580e+02 3.83836559e+02
-1.94444444e-05 -7.82828283e-06 1.50001400e+08 4.96692163e+02 3.49021830e+02
-1.89393939e-05 -7.82828283e-06 1.50001476e+08 5.79810192e+02 3.00632446e+02
-1.84343434e-05 -7.82828283e-06 1.50001547e+08 6.60383730e+02 2.32974797e+02
-1.79292929e-05 -7.82828283e-06 1.50001616e+08 7.29888668e+02 1.38421153e+02
-1.74242424e-05 -7.82828283e-06 1.50001691e+08 7.71953697e+02 1.03709377e+01
-1.69191919e-05 -7.82828283e-06 1.50001790e+08 7.63907015e+02 -1.47872257e+02
-1.64141414e-05 -7.82828283e-06 1.50001922e+08 6.94365290e+02 -3.12105363e+02
-1.59090909e-05 -7.82828283e-06 1.50002080e+08 5.94947442e+02 -4.47858069e+02
-1.54040404e-05 -7.82828283e-06 1.50002244e+08 5.34142789e+02 -5.54615405e+02
-1.48989899e-05 -7.82828283e-06 1.50002428e+08 5.47355688e+02 -6.76820692e+02
-1.43939394e-05 -7.82828283e-06 1.50002670e+08 6.07751228e+02 -8.49261725e+02
-1.38888889e-05 -7.82828283e-06 1.50002994e+08 6.75563658e+02 -1.07001855e+03
-1.33838384e-05 -7.82828283e-06 1.50003399e+08 7.33821678e+02 -1.32489167e+03
-1.28787879e-05 -7.82828283e-06 1.50003880e+08 7.82685704e+02 -1.61047727e+03
-1.23737374e-05 -7.82828283e-06 1.50004441e+08 8.21614680e+02 -1.93810533e+03
-1.18686869e-05 -7.82828283e-06 1.50005100e+08 8.37851776e+02 -2.32525837e+03
-1.13636364e-05 -7.82828283e-06 1.50005888e+08 8.10009475e+02 -2.78294860e+03
-1.08585859e-05 -7.82828283e-06 1.50006837e+08 7.25300282e+02 -3.31269270e+03
-1.03535354e-05 -7.82828283e-06 1.50007978e+08 5.91613631e+02 -3.91858812e+03
-9.84848485e-06 -7.82828283e-06 1.50009357e+08 4.32202613e+02 -4.61974115e+03
-9.34343434e-06 -7.82828283e-06 1.50011037e+08 2.73952645e+02 -5.44992586e+03
-8.83838384e-06 -7.82828283e-06 1.50013098e+08 1.40734392e+02 -6.44624185e+03
-8.33333333e-06 -7.82828283e-06 1.50015607e+08 4.59708025e+01 -7.62774583e+03
-7.82828283e-06 -7.82828283e-06 1.50018551e+08 -4.17764702e+01 -8.95292304e+03
-7.32323232e-06 -7.82828283e-06 1.50021695e+08 -3.26062497e+02 -1.02459997e+04
-6.81818182e-06 -7.82828283e-06 1.50024380e+08 -1.52966101e+03 -1.11725331e+04
-6.31313131e-06 -7.82828283e-06 1.50025720e+08 -5.39906063e+03 -1.17064320e+04
-5.80808081e-06 -7.82828283e-06 1.50026137e+08 -1.39287141e+04 -1.36368900e+04
-5.30303030e-06 -7.82828283e-06 1.50028499e+08 -2.54217747e+04 -2.04767783e+04
-4.79797980e-06 -7.82828283e-06 1.50034008e+08 -3.44745615e+04 -3.19204485e+04
-4.29292929e-06 -7.82828283e-06 1.50044540e+08 -2.43583590e+04 -4.39145712e+04
-3.78787879e-06 -7.82828283e-06 1.50282445e+08 -8.91203663e+03 -8.89667260e+04
-3.28282828e-06 -7.82828283e-06 1.50447072e+08 -1.65061444e+04 -2.19530371e+05
-2.77777778e-06 -7.82828283e-06 1.50047925e+08 -4.74723791e+04 -1.83777198e+04
-2.27272727e-06 -7.82828283e-06 1.50051911e+08 -1.61335004e+04 -1.04738965e+04
-1.76767677e-06 -7.82828283e-06 1.50047170e+08 -5.55135986e+03 -1.41770163e+04
-1.26262626e-06 -7.82828283e-06 1.50033993e+08 -5.51098247e+03 -1.10585632e+04
-7.57575758e-07 -7.82828283e-06 1.50024268e+08 -5.03447307e+03 -8.02929843e+03
-2.52525253e-07 -7.82828283e-06 1.50018005e+08 -4.26386643e+03 -6.05912503e+03
2.52525253e-07 -7.82828283e-06 1.50013905e+08 -3.51938171e+03 -4.80326611e+03
7.57575758e-07 -7.82828283e-06 1.50011109e+08 -2.88882751e+03 -3.96655366e+03
1.26262626e-06 -7.82828283e-06 1.50009128e+08 -2.37553340e+03 -3.37809300e+03
1.76767677e-06 -7.82828283e-06 1.50007676e+08 -1.96102485e+03 -2.94263130e+03
2.27272727e-06 -7.82828283e-06 1.50006586e+08 -1.62448898e+03 -2.60567796e+03
2.77777778e-06 -7.82828283e-06 1.50005751e+08 -1.34789470e+03 -2.33475263e+03
3.28282828e-06 -7.82828283e-06 1.50005101e+08 -1.11674588e+03 -2.10965772e+03
3.78787879e-06 -7.82828283e-06 1.50004591e+08 -9.19641912e+02 -1.91734154e+03
4.29292929e-06 -7.82828283e-06 1.50004187e+08 -7.47624537e+02 -1.74909720e+03
4.79797980e-06 -7.82828283e-06 1.50003867e+08 -5.93589939e+02 -1.59898282e+03
5.30303030e-06 -7.82828283e-06 1.50003614e+08 -4.51825263e+02 -1.46290455e+03
5.80808081e-06 -7.82828283e-06 1.50003413e+08 -3.17664266e+02 -1.33807400e+03
6.31313131e-06 -7.82828283e-06 1.50003256e+08 -1.87242802e+02 -1.22268628e+03
6.81818182e-06 -7.82828283e-06 1.50003134e+08 -5.73360728e+01 -1.11573364e+03
7.32323232e-06 -7.82828283e-06 1.50003038e+08 7.47352867e+01 -1.01690539e+03
7.82828283e-06 -7.82828283e-06 1.50002964e+08 2.11137954e+02 -9.26543928e+02
8.33333333e-06 -7.82828283e-06 1.50002905e+08 3.53500834e+02 -8.45635609e+02
8.83838384e-06 -7.82828283e-06 1.50002855e+08 5.02832566e+02 -7.75819389e+02
9.34343434e-06 -7.82828283e-06 1.50002808e+08 6.59380796e+02 -7.19396109e+02
9.84848485e-06 -7.82828283e-06 1.50002759e+08 8.22433477e+02 -6.79318941e+02
1.03535354e-05 -7.82828283e-06 1.50002703e+08 9.90066368e+02 -6.59141508e+02
1.08585859e-05 -7.82828283e-06 1.50002632e+08 1.15884880e+03 -6.62895605e+02
1.13636364e-05 -7.82828283e-06 1.50002543e+08 1.32353221e+03 -6.94866877e+02
1.18686869e-05 -7.82828283e-06 1.50002429e+08 1.47676321e+03 -7.59236671e+02
1.23737374e-05 -7.82828283e-06 1.50002288e+08 1.60888456e+03 -8.59564638e+02
1.28787879e-05 -7.82828283e-06 1.50002116e+08 1.70790949e+03 -9.98103303e+02
1.33838384e-05 -7.82828283e-06 1.50001916e+08 1.75977302e+03 -1.17496592e+03
1.38888889e-05 -7.82828283e-06 1.50001690e+08 1.74896838e+03 -1.38721375e+03
1.43939394e-05 -7.82828283e-06 1.50001446e+08 1.65965653e+03 -1.62798528e+03
1.48989899e-05 -7.82828283e-06 1.50001195e+08 1.47728204e+03 -1.88584828e+03
1.54040404e-05 -7.82828283e-06 1.50000951e+08 1.19063245e+03 -2.14459875e+03
1.59090909e-05 -7.82828283e-06 1.50000730e+08 7.94146902e+02 -2.38373499e+03
1.64141414e-05 -7.82828283e-06 1.50000550e+08 2.90134900e+02 -2.57977684e+03
1.69191919e-05 -7.82828283e-06 1.50000426e+08 -3.09551988e+02 -2.70846581e+03
1.74242424e-05 -7.82828283e-06 1.50000372e+08 -9.82891306e+02 -2.74767772e+03
1.79292929e-05 -7.82828283e-06 1.50000391e+08 -1.69850961e+03 -2.68064690e+03
1.84343434e-05 -7.82828283e-06 1.50000482e+08 -2.41811753e+03 -2.49890780e+03
1.89393939e-05 -7.82828283e-06 1.50000635e+08 -3.10036802e+03 -2.20429018e+03
1.94444444e-05 -7.82828283e-06 1.50000832e+08 -3.70555927e+03 -1.80942081e+03
1.99494949e-05 -7.82828283e-06 1.50001050e+08 -4.20032027e+03 -1.33649027e+03
2.04545455e-05 -7.82828283e-06 1.50001268e+08 -4.56135605e+03 -8.14462187e+02
2.09595960e-05 -7.82828283e-06 1.50001461e+08 -4.77753737e+03 -2.75294962e+02
2.14646465e-05 -7.82828283e-06 1.50001614e+08 -4.85003672e+03 2.50028480e+02
2.19696970e-05 -7.82828283e-06 1.50001715e+08 -4.79069013e+03 7.34885044e+02
2.24747475e-05 -7.82828283e-06 1.50001758e+08 -4.61913962e+03 1.15926792e+03
2.29797980e-05 -7.82828283e-06 1.50001746e+08 -4.35947604e+03 1.51071888e+03
2.34848485e-05 -7.82828283e-06 1.50001684e+08 -4.03704799e+03 1.78406535e+03
2.39898990e-05 -7.82828283e-06 1.50001581e+08 -3.67589804e+03 1.98030269e+03
2.44949495e-05 -7.82828283e-06 1.50001447e+08 -3.29703534e+03 2.10503070e+03
2.50000000e-05 -7.82828283e-06 1.50001293e+08 -2.91753618e+03 2.16680763e+03
-2.50000000e-05 -7.32323232e-06 1.50000531e+08 -2.46149656e+02 3.82496068e+02
-2.44949495e-05 -7.32323232e-06 1.50000603e+08 -1.95790095e+02 3.98723852e+02
-2.39898990e-05 -7.32323232e-06 1.50000679e+08 -1.41166330e+02 4.12457564e+02
-2.34848485e-05 -7.32323232e-06 1.50000759e+08 -8.23299595e+01 4.23284658e+02
-2.29797980e-05 -7.32323232e-06 1.50000844e+08 -1.93656546e+01 4.30797276e+02
-2.24747475e-05 -7.32323232e-06 1.50000932e+08 4.76205630e+01 4.34602012e+02
-2.19696970e-05 -7.32323232e-06 1.50001024e+08 1.18522003e+02 4.34327497e+02
-2.14646465e-05 -7.32323232e-06 1.50001118e+08 1.93264443e+02 4.29624180e+02
-2.09595960e-05 -7.32323232e-06 1.50001214e+08 2.71855281e+02 4.20143989e+02
-2.04545455e-05 -7.32323232e-06 1.50001311e+08 3.54449326e+02 4.05473424e+02
-1.99494949e-05 -7.32323232e-06 1.50001407e+08 4.41418493e+02 3.84964165e+02
-1.94444444e-05 -7.32323232e-06 1.50001498e+08 5.33367456e+02 3.57347207e+02
-1.89393939e-05 -7.32323232e-06 1.50001581e+08 6.30900334e+02 3.19916266e+02
-1.84343434e-05 -7.32323232e-06 1.50001650e+08 7.33568650e+02 2.66964907e+02
-1.79292929e-05 -7.32323232e-06 1.50001703e+08 8.36578225e+02 1.87419010e+02
-1.74242424e-05 -7.32323232e-06 1.50001742e+08 9.22840113e+02 6.37666547e+01
-1.69191919e-05 -7.32323232e-06 1.50001790e+08 9.51861459e+02 -1.18204328e+02
-1.64141414e-05 -7.32323232e-06 1.50001881e+08 8.72953998e+02 -3.34071188e+02
-1.59090909e-05 -7.32323232e-06 1.50002013e+08 7.16238626e+02 -5.02350307e+02
-1.54040404e-05 -7.32323232e-06 1.50002137e+08 6.40391885e+02 -6.04311047e+02
-1.48989899e-05 -7.32323232e-06 1.50002286e+08 7.14701198e+02 -7.49592332e+02
-1.43939394e-05 -7.32323232e-06 1.50002545e+08 8.42617898e+02 -9.90303572e+02
-1.38888889e-05 -7.32323232e-06 1.50002928e+08 9.47426067e+02 -1.28505959e+03
-1.33838384e-05 -7.32323232e-06 1.50003405e+08 1.02531186e+03 -1.59379851e+03
-1.28787879e-05 -7.32323232e-06 1.50003948e+08 1.10042494e+03 -1.91039590e+03
-1.23737374e-05 -7.32323232e-06 1.50004551e+08 1.18900388e+03 -2.25675212e+03
-1.18686869e-05 -7.32323232e-06 1.50005231e+08 1.27684935e+03 -2.66649154e+03
-1.13636364e-05 -7.32323232e-06 1.50006023e+08 1.32261620e+03 -3.15468794e+03
-1.08585859e-05 -7.32323232e-06 1.50006949e+08 1.30153579e+03 -3.70524887e+03
-1.03535354e-05 -7.32323232e-06 1.50008013e+08 1.23454964e+03 -4.30162547e+03
-9.84848485e-06 -7.32323232e-06 1.50009227e+08 1.16425032e+03 -4.95181741e+03
-9.34343434e-06 -7.32323232e-06 1.50010611e+08 1.12269709e+03 -5.67643146e+03
-8.83838384e-06 -7.32323232e-06 1.50012181e+08 1.11859256e+03 -6.48405521e+03
-8.33333333e-06 -7.32323232e-06 1.50013905e+08 1.12349458e+03 -7.34963312e+03
-7.82828283e-06 -7.32323232e-06 1.50015655e+08 1.02709067e+03 -8.19625686e+03
-7.32323232e-06 -7.32323232e-06 1.50017160e+08 5.35757178e+02 -8.90266824e+03
-6.81818182e-06 -7.32323232e-06 1.50018050e+08 -9.66259962e+02 -9.42595292e+03
-6.31313131e-06 -7.32323232e-06 1.50018188e+08 -4.36835503e+03 -1.01749599e+04
-5.80808081e-06 -7.32323232e-06 1.50018257e+08 -1.00907925e+04 -1.24330274e+04
-5.30303030e-06 -7.32323232e-06 1.50019675e+08 -1.68961532e+04 -1.78270701e+04
-4.79797980e-06 -7.32323232e-06 1.50023396e+08 -2.24913114e+04 -2.68273047e+04
-4.29292929e-06 -7.32323232e-06 1.50030386e+08 -2.65239347e+04 -3.95062656e+04
-3.78787879e-06 -7.32323232e-06 1.50034424e+08 -5.13889534e+04 -5.29394061e+04
-3.28282828e-06 -7.32323232e-06 1.49304469e+08 -3.04692470e+05 3.55257897e+05
-2.77777778e-06 -7.32323232e-06 1.49595267e+08 -4.27128953e+05 1.52826726e+05
-2.27272727e-06 -7.32323232e-06 1.50112964e+08 -5.15998205e+03 -2.51008896e+04
-1.76767677e-06 -7.32323232e-06 1.50045345e+08 -1.14293628e+04 -4.73301088e+03
-1.26262626e-06 -7.32323232e-06 1.50025142e+08 -8.72662186e+03 -1.31801648e+03
-7.57575758e-07 -7.32323232e-06 1.50016857e+08 -6.57857200e+03 -9.56211729e+02
-2.52525253e-07 -7.32323232e-06 1.50012524e+08 -5.07857522e+03 -1.09518483e+03
2.52525253e-07 -7.32323232e-06 1.50009885e+08 -4.00715841e+03 -1.26515096e+03
7.57575758e-07 -7.32323232e-06 1.50008116e+08 -3.21771338e+03 -1.38357228e+03
1.26262626e-06 -7.32323232e-06 1.50006852e+08 -2.61999433e+03 -1.44791467e+03
1.76767677e-06 -7.32323232e-06 1.50005912e+08 -2.15663921e+03 -1.47014210e+03
2.27272727e-06 -7.32323232e-06 1.50005193e+08 -1.78962675e+03 -1.46210099e+03
2.77777778e-06 -7.32323232e-06 1.50004632e+08 -1.49278584e+03 -1.43285049e+03
3.28282828e-06 -7.32323232e-06 1.50004191e+08 -1.24750078e+03 -1.38879821e+03
3.78787879e-06 -7.32323232e-06 1.50003842e+08 -1.04013463e+03 -1.33434964e+03
4.29292929e-06 -7.32323232e-06 1.50003566e+08 -8.60418549e+02 -1.27251576e+03
4.79797980e-06 -7.32323232e-06 1.50003349e+08 -7.00409794e+02 -1.20538034e+03
5.30303030e-06 -7.32323232e-06 1.50003180e+08 -5.53799589e+02 -1.13444186e+03
5.80808081e-06 -7.32323232e-06 1.50003052e+08 -4.15445707e+02 -1.06086494e+03
6.31313131e-06 -7.32323232e-06 1.50002956e+08 -2.81056365e+02 -9.85672641e+02
6.81818182e-06 -7.32323232e-06 1.50002888e+08 -1.46982276e+02 -9.09903123e+02
7.32323232e-06 -7.32323232e-06 1.50002843e+08 -1.00922375e+01 -8.34746652e+02
7.82828283e-06 -7.32323232e-06 1.50002815e+08 1.32280286e+02 -7.61673244e+02
8.33333333e-06 -7.32323232e-06 1.50002800e+08 2.82323939e+02 -6.92555693e+02
8.83838384e-06 -7.32323232e-06 1.50002792e+08 4.41668379e+02 -6.29787559e+02
9.34343434e-06 -7.32323232e-06 1.50002787e+08 6.11230745e+02 -5.76389659e+02
9.84848485e-06 -7.32323232e-06 1.50002778e+08 7.90984352e+02 -5.36091403e+02
1.03535354e-05 -7.32323232e-06 1.50002760e+08 9.79647032e+02 -5.13364690e+02
1.08585859e-05 -7.32323232e-06 1.50002726e+08 1.17429415e+03 -5.13378389e+02
1.13636364e-05 -7.32323232e-06 1.50002668e+08 1.36991550e+03 -5.41831989e+02
1.18686869e-05 -7.32323232e-06 1.50002582e+08 1.55895763e+03 -6.04620354e+02
1.23737374e-05 -7.32323232e-06 1.50002462e+08 1.73092347e+03 -7.07282117e+02
1.28787879e-05 -7.32323232e-06 1.50002303e+08 1.87213796e+03 -8.54197719e+02
1.33838384e-05 -7.32323232e-06 1.50002105e+08 1.96582459e+03 -1.04753623e+03
1.38888889e-05 -7.32323232e-06 1.50001871e+08 1.99266171e+03 -1.28600765e+03
1.43939394e-05 -7.32323232e-06 1.50001607e+08 1.93198172e+03 -1.56355945e+03
1.48989899e-05 -7.32323232e-06 1.50001326e+08 1.76372051e+03 -1.86825266e+03
1.54040404e-05 -7.32323232e-06 1.50001045e+08 1.47110207e+03 -2.18164056e+03
1.59090909e-05 -7.32323232e-06 1.50000785e+08 1.04385274e+03 -2.47901567e+03
1.64141414e-05 -7.32323232e-06 1.50000568e+08 4.81504656e+02 -2.73084395e+03
1.69191919e-05 -7.32323232e-06 1.50000415e+08 -2.03873107e+02 -2.90553458e+03
1.74242424e-05 -7.32323232e-06 1.50000344e+08 -9.86297398e+02 -2.97339457e+03
1.79292929e-05 -7.32323232e-06 1.50000364e+08 -1.82655415e+03 -2.91123810e+03
1.84343434e-05 -7.32323232e-06 1.50000473e+08 -2.67531695e+03 -2.70676919e+03
1.89393939e-05 -7.32323232e-06 1.50000657e+08 -3.47851370e+03 -2.36168319e+03
1.94444444e-05 -7.32323232e-06 1.50000895e+08 -4.18410050e+03 -1.89256746e+03
1.99494949e-05 -7.32323232e-06 1.50001157e+08 -4.74888942e+03 -1.32915871e+03
2.04545455e-05 -7.32323232e-06 1.50001412e+08 -5.14393946e+03 -7.10213847e+02
2.09595960e-05 -7.32323232e-06 1.50001633e+08 -5.35736222e+03 -7.79213873e+01
2.14646465e-05 -7.32323232e-06 1.50001798e+08 -5.39411117e+03 5.27846797e+02
2.19696970e-05 -7.32323232e-06 1.50001895e+08 -5.27313716e+03 1.07421019e+03
2.24747475e-05 -7.32323232e-06 1.50001920e+08 -5.02289189e+03 1.53809288e+03
2.29797980e-05 -7.32323232e-06 1.50001878e+08 -4.67636633e+03 1.90699278e+03
2.34848485e-05 -7.32323232e-06 1.50001779e+08 -4.26667354e+03 2.17804593e+03
2.39898990e-05 -7.32323232e-06 1.50001635e+08 -3.82378637e+03 2.35601191e+03
2.44949495e-05 -7.32323232e-06 1.50001461e+08 -3.37261127e+03 2.45084103e+03
2.50000000e-05 -7.32323232e-06 1.50001269e+08 -2.93225666e+03 2.47534407e+03
-2.50000000e-05 -6.81818182e-06 1.50000533e+08 -2.63951874e+02 3.72353661e+02
-2.44949495e-05 -6.81818182e-06 1.50000609e+08 -2.11266956e+02 3.89512066e+02
-2.39898990e-05 -6.81818182e-06 1.50000690e+08 -1.53893305e+02 4.04084699e+02
-2.34848485e-05 -6.81818182e-06 1.50000776e+08 -9.18876925e+01 4.15633584e+02
-2.29797980e-05 -6.81818182e-06 1.50000867e+08 -2.53552552e+01 4.23739524e+02
-2.24747475e-05 -6.81818182e-06 1.50000963e+08 4.55593428e+01 4.28025418e+02
-2.19696970e-05 -6.81818182e-06 1.50001063e+08 1.20691055e+02 4.28186475e+02
-2.14646465e-05 -6.81818182e-06 1.50001168e+08 1.99890303e+02 4.24028146e+02
-2.09595960e-05 -6.81818182e-06 1.50001276e+08 2.83086191e+02 4.15510533e+02
-2.04545455e-05 -6.81818182e-06 1.50001386e+08 3.70394727e+02 4.02791307e+02
-1.99494949e-05 -6.81818182e-06 1.50001498e+08 4.62299806e+02 3.86239134e+02
-1.94444444e-05 -6.81818182e-06 1.50001606e+08 5.59942908e+02 3.66332307e+02
-1.89393939e-05 -6.81818182e-06 1.50001707e+08 6.65531072e+02 3.43197991e+02
-1.84343434e-05 -6.81818182e-06 1.50001790e+08 7.82656608e+02 3.15122199e+02
-1.79292929e-05 -6.81818182e-06 1.50001840e+08 9.15265981e+02 2.74369614e+02
-1.74242424e-05 -6.81818182e-06 1.50001838e+08 1.05984912e+03 1.97473144e+02
-1.69191919e-05 -6.81818182e-06 1.50001787e+08 1.17460301e+03 3.40629659e+01
-1.64141414e-05 -6.81818182e-06 1.50001755e+08 1.12448844e+03 -2.47957432e+02
-1.59090909e-05 -6.81818182e-06 1.50001810e+08 8.35944301e+02 -4.78611405e+02
-1.54040404e-05 -6.81818182e-06 1.50001814e+08 7.34676624e+02 -5.31972548e+02
-1.48989899e-05 -6.81818182e-06 1.50001892e+08 9.62741325e+02 -7.39659091e+02
-1.43939394e-05 -6.81818182e-06 1.50002220e+08 1.17806800e+03 -1.11700316e+03
-1.38888889e-05 -6.81818182e-06 1.50002715e+08 1.28872860e+03 -1.51054512e+03
-1.33838384e-05 -6.81818182e-06 1.50003290e+08 1.34969355e+03 -1.86509049e+03
-1.28787879e-05 -6.81818182e-06 1.50003903e+08 1.42230778e+03 -2.18507402e+03
-1.23737374e-05 -6.81818182e-06 1.50004537e+08 1.55092938e+03 -2.50540981e+03
-1.18686869e-05 -6.81818182e-06 1.50005207e+08 1.72361515e+03 -2.89185242e+03
-1.13636364e-05 -6.81818182e-06 1.50005964e+08 1.84421535e+03 -3.37466913e+03
-1.08585859e-05 -6.81818182e-06 1.50006817e+08 1.85149152e+03 -3.89431857e+03
-1.03535354e-05 -6.81818182e-06 1.50007720e+08 1.80113459e+03 -4.39957876e+03
-9.84848485e-06 -6.81818182e-06 1.50008655e+08 1.76780941e+03 -4.90234761e+03
-9.34343434e-06 -6.81818182e-06 1.50009623e+08 1.77695446e+03 -5.42495601e+03
-8.83838384e-06 -6.81818182e-06 1.50010608e+08 1.80813959e+03 -5.96152686e+03
-8.33333333e-06 -6.81818182e-06 1.50011539e+08 1.79454584e+03 -6.47221697e+03
-7.82828283e-06 -6.81818182e-06 1.50012272e+08 1.59416281e+03 -6.89461007e+03
-7.32323232e-06 -6.81818182e-06 1.50012610e+08 9.45257882e+02 -7.18720959e+03
-6.81818182e-06 -6.81818182e-06 1.50012383e+08 -5.39283415e+02 -7.44025697e+03
-6.31313131e-06 -6.81818182e-06 1.50011634e+08 -3.21502066e+03 -8.04316477e+03
-5.80808081e-06 -6.81818182e-06 1.50010747e+08 -6.99960959e+03 -9.72491461e+03
-5.30303030e-06 -6.81818182e-06 1.50010203e+08 -1.10130463e+04 -1.31906246e+04
-4.79797980e-06 -6.81818182e-06 1.50009995e+08 -1.38972550e+04 -1.85865106e+04
-4.29292929e-06 -6.81818182e-06 1.50009297e+08 -1.46865621e+04 -2.56634679e+04
-3.78787879e-06 -6.81818182e-06 1.50005761e+08 -1.28703370e+04 -3.46885393e+04
-3.28282828e-06 -6.81818182e-06 1.50008396e+08 1.24914380e+04 -6.19296041e+04
-2.77777778e-06 -6.81818182e-06 1.49826600e+08 1.94995715e+05 -7.65579740e+04
-2.27272727e-06 -6.81818182e-06 1.49937629e+08 3.18564132e+04 1.04200120e+05
-1.76767677e-06 -6.81818182e-06 1.49992703e+08 -1.19089905e+03 3.43946499e+04
-1.26262626e-06 -6.81818182e-06 1.50001642e+08 -3.97464872e+03 1.61693604e+04
-7.57575758e-07 -6.81818182e-06 1.50003901e+08 -4.01902798e+03 8.73877574e+03
-2.52525253e-07 -6.81818182e-06 1.50004471e+08 -3.59195693e+03 4.96648099e+03
2.52525253e-07 -6.81818182e-06 1.50004483e+08 -3.10410293e+03 2.81843088e+03
7.57575758e-07 -6.81818182e-06 1.50004293e+08 -2.65461121e+03 1.50966923e+03
1.26262626e-06 -6.81818182e-06 1.50004038e+08 -2.26502230e+03 6.77774160e+02
1.76767677e-06 -6.81818182e-06 1.50003775e+08 -1.93412170e+03 1.35053070e+02
2.27272727e-06 -6.81818182e-06 1.50003530e+08 -1.65414366e+03 -2.23660919e+02
2.77777778e-06 -6.81818182e-06 1.50003311e+08 -1.41610420e+03 -4.60758876e+02
3.28282828e-06 -6.81818182e-06 1.50003124e+08 -1.21156063e+03 -6.14897158e+02
3.78787879e-06 -6.81818182e-06 1.50002968e+08 -1.03309557e+03 -7.10864110e+02
4.29292929e-06 -6.81818182e-06 1.50002842e+08 -8.74337580e+02 -7.65014388e+02
4.79797980e-06 -6.81818182e-06 1.50002745e+08 -7.29825481e+02 -7.88414345e+02
5.30303030e-06 -6.81818182e-06 1.50002674e+08 -5.94835951e+02 -7.88742616e+02
5.80808081e-06 -6.81818182e-06 1.50002626e+08 -4.65220891e+02 -7.71486333e+02
6.31313131e-06 -6.81818182e-06 1.50002601e+08 -3.37272116e+02 -7.40727199e+02
6.81818182e-06 -6.81818182e-06 1.50002594e+08 -2.07620405e+02 -6.99684687e+02
7.32323232e-06 -6.81818182e-06 1.50002604e+08 -7.31733304e+01 -6.51115006e+02
7.82828283e-06 -6.81818182e-06 1.50002628e+08 6.89028834e+01 -5.97625459e+02
8.33333333e-06 -6.81818182e-06 1.50002662e+08 2.21149618e+02 -5.41940177e+02
8.83838384e-06 -6.81818182e-06 1.50002702e+08 3.85719231e+02 -4.87137208e+02
9.34343434e-06 -6.81818182e-06 1.50002744e+08 5.64201535e+02 -4.36864196e+02
9.84848485e-06 -6.81818182e-06 1.50002782e+08 7.57357704e+02 -3.95527592e+02
1.03535354e-05 -6.81818182e-06 1.50002809e+08 9.64747070e+02 -3.68436794e+02
1.08585859e-05 -6.81818182e-06 1.50002819e+08 1.18423868e+03 -3.61869002e+02
1.13636364e-05 -6.81818182e-06 1.50002803e+08 1.41141409e+03 -3.83003411e+02
1.18686869e-05 -6.81818182e-06 1.50002754e+08 1.63889401e+03 -4.39657066e+02
1.23737374e-05 -6.81818182e-06 1.50002664e+08 1.85566219e+03 -5.39744520e+02
1.28787879e-05 -6.81818182e-06 1.50002526e+08 2.04651448e+03 -6.90387776e+02
1.33838384e-05 -6.81818182e-06 1.50002338e+08 2.19182464e+03 -8.96633296e+02
1.38888889e-05 -6.81818182e-06 1.50002100e+08 2.26787628e+03 -1.15980080e+03
1.43939394e-05 -6.81818182e-06 1.50001818e+08 2.24803603e+03 -1.47560089e+03
1.48989899e-05 -6.81818182e-06 1.50001505e+08 2.10500335e+03 -1.83230933e+03
1.54040404e-05 -6.81818182e-06 1.50001181e+08 1.81422964e+03 -2.20944664e+03
1.59090909e-05 -6.81818182e-06 1.50000871e+08 1.35833507e+03 -2.57752909e+03
1.64141414e-05 -6.81818182e-06 1.50000606e+08 7.31983576e+02 -2.89945552e+03
1.69191919e-05 -6.81818182e-06 1.50000414e+08 -5.37194610e+01 -3.13389915e+03
1.74242424e-05 -6.81818182e-06 1.50000320e+08 -9.68526349e+02 -3.24064851e+03
1.79292929e-05 -6.81818182e-06 1.50000337e+08 -1.96326088e+03 -3.18723257e+03
1.84343434e-05 -6.81818182e-06 1.50000466e+08 -2.97373227e+03 -2.95553263e+03
1.89393939e-05 -6.81818182e-06 1.50000689e+08 -3.92825751e+03 -2.54669042e+03
1.94444444e-05 -6.81818182e-06 1.50000978e+08 -4.75758070e+03 -1.98273725e+03
1.99494949e-05 -6.81818182e-06 1.50001292e+08 -5.40502986e+03 -1.30411265e+03
2.04545455e-05 -6.81818182e-06 1.50001593e+08 -5.83444118e+03 -5.63435260e+02
2.09595960e-05 -6.81818182e-06 1.50001843e+08 -6.03395175e+03 1.82930902e+02
2.14646465e-05 -6.81818182e-06 1.50002017e+08 -6.01503287e+03 8.83335337e+02
2.19696970e-05 -6.81818182e-06 1.50002102e+08 -5.80755945e+03 1.49732910e+03
2.24747475e-05 -6.81818182e-06 1.50002097e+08 -5.45268281e+03 1.99904370e+03
2.29797980e-05 -6.81818182e-06 1.50002013e+08 -4.99548383e+03 2.37740035e+03
2.34848485e-05 -6.81818182e-06 1.50001864e+08 -4.47892517e+03 2.63392232e+03
2.39898990e-05 -6.81818182e-06 1.50001668e+08 -3.93985281e+03 2.77927818e+03
2.44949495e-05 -6.81818182e-06 1.50001444e+08 -3.40708183e+03 2.82959818e+03
2.50000000e-05 -6.81818182e-06 1.50001208e+08 -2.90114780e+03 2.80327477e+03
-2.50000000e-05 -6.31313131e-06 1.50000528e+08 -2.82838684e+02 3.63888574e+02
-2.44949495e-05 -6.31313131e-06 1.50000608e+08 -2.27742074e+02 3.82211608e+02
-2.39898990e-05 -6.31313131e-06 1.50000693e+08 -1.67490641e+02 3.97825631e+02
-2.34848485e-05 -6.31313131e-06 1.50000784e+08 -1.02150488e+02 4.10236794e+02
-2.29797980e-05 -6.31313131e-06 1.50000882e+08 -3.18597276e+01 4.18970774e+02
-2.24747475e-05 -6.31313131e-06 1.50000985e+08 4.31713111e+01 4.23603943e+02
-2.19696970e-05 -6.31313131e-06 1.50001094e+08 1.22666717e+02 4.23808202e+02
-2.14646465e-05 -6.31313131e-06 1.50001209e+08 2.06303584e+02 4.19416408e+02
-2.09595960e-05 -6.31313131e-06 1.50001330e+08 2.93752129e+02 4.10519688e+02
-2.04545455e-05 -6.31313131e-06 1.50001456e+08 3.84756400e+02 3.97615087e+02
-1.99494949e-05 -6.31313131e-06 1.50001587e+08 4.79295265e+02 3.81832405e+02
-1.94444444e-05 -6.31313131e-06 1.50001721e+08 5.77909943e+02 3.65279410e+02
-1.89393939e-05 -6.31313131e-06 1.50001855e+08 6.82390988e+02 3.51528898e+02
-1.84343434e-05 -6.31313131e-06 1.50001979e+08 7.97252249e+02 3.46094641e+02
-1.79292929e-05 -6.31313131e-06 1.50002073e+08 9.32801673e+02 3.55754220e+02
-1.74242424e-05 -6.31313131e-06 1.50002092e+08 1.10988964e+03 3.80737643e+02
-1.69191919e-05 -6.31313131e-06 1.50001943e+08 1.35058713e+03 3.73858282e+02
-1.64141414e-05 -6.31313131e-06 1.50001576e+08 1.51746282e+03 1.25226659e+02
-1.59090909e-05 -6.31313131e-06 1.50001352e+08 9.28668426e+02 -3.27059653e+02
-1.54040404e-05 -6.31313131e-06 1.50000967e+08 8.38686514e+02 -1.83345820e+02
-1.48989899e-05 -6.31313131e-06 1.50001106e+08 1.43178309e+03 -7.18339232e+02
-1.43939394e-05 -6.31313131e-06 1.50001717e+08 1.65541014e+03 -1.33107448e+03
-1.38888889e-05 -6.31313131e-06 1.50002398e+08 1.68867910e+03 -1.80473195e+03
-1.33838384e-05 -6.31313131e-06 1.50003075e+08 1.68649291e+03 -2.17720402e+03
-1.28787879e-05 -6.31313131e-06 1.50003764e+08 1.71278634e+03 -2.48052522e+03
-1.23737374e-05 -6.31313131e-06 1.50004446e+08 1.85003856e+03 -2.72667882e+03
-1.18686869e-05 -6.31313131e-06 1.50005097e+08 2.14194677e+03 -3.03113569e+03
-1.13636364e-05 -6.31313131e-06 1.50005816e+08 2.34873353e+03 -3.49771551e+03
-1.08585859e-05 -6.31313131e-06 1.50006581e+08 2.30603831e+03 -3.94066585e+03
-1.03535354e-05 -6.31313131e-06 1.50007249e+08 2.20596283e+03 -4.26980172e+03
-9.84848485e-06 -6.31313131e-06 1.50007819e+08 2.17002463e+03 -4.56079401e+03
-9.34343434e-06 -6.31313131e-06 1.50008324e+08 2.18568216e+03 -4.85169903e+03
-8.83838384e-06 -6.31313131e-06 1.50008742e+08 2.19384584e+03 -5.12357470e+03
-8.33333333e-06 -6.31313131e-06 1.50008995e+08 2.10572048e+03 -5.33205876e+03
-7.82828283e-06 -6.31313131e-06 1.50008960e+08 1.78609490e+03 -5.43553480e+03
-7.32323232e-06 -6.31313131e-06 1.50008500e+08 1.04337033e+03 -5.43529696e+03
-6.81818182e-06 -6.31313131e-06 1.50007528e+08 -3.34810969e+02 -5.43578507e+03
-6.31313131e-06 -6.31313131e-06 1.50006057e+08 -2.45994097e+03 -5.68985651e+03
-5.80808081e-06 -6.31313131e-06 1.50004181e+08 -5.15643777e+03 -6.53583230e+03
-5.30303030e-06 -6.31313131e-06 1.50001836e+08 -7.87351645e+03 -8.15664992e+03
-4.79797980e-06 -6.31313131e-06 1.49998374e+08 -9.89613498e+03 -1.02661278e+04
-4.29292929e-06 -6.31313131e-06 1.49991965e+08 -1.08306008e+04 -1.18981208e+04
-3.78787879e-06 -6.31313131e-06 1.49978465e+08 -1.13483134e+04 -1.12119909e+04
-3.28282828e-06 -6.31313131e-06 1.49953788e+08 -1.46894988e+04 -8.55446213e+03
-2.77777778e-06 -6.31313131e-06 1.49959765e+08 3.19573299e+04 -1.85752550e+04
-2.27272727e-06 -6.31313131e-06 1.49951163e+08 6.16740661e+04 3.63626681e+04
-1.76767677e-06 -6.31313131e-06 1.49968806e+08 2.50968868e+04 3.69891808e+04
-1.26262626e-06 -6.31313131e-06 1.49984666e+08 8.46433814e+03 2.37246996e+04
-7.57575758e-07 -6.31313131e-06 1.49992897e+08 2.39349591e+03 1.47973010e+04
-2.52525253e-07 -6.31313131e-06 1.49997082e+08 4.24163964e+01 9.42518131e+03
2.52525253e-07 -6.31313131e-06 1.49999298e+08 -8.96419470e+02 6.10877417e+03
7.57575758e-07 -6.31313131e-06 1.50000515e+08 -1.24647079e+03 3.98004521e+03
1.26262626e-06 -6.31313131e-06 1.50001199e+08 -1.33556796e+03 2.56666128e+03
1.76767677e-06 -6.31313131e-06 1.50001586e+08 -1.30616505e+03 1.60317030e+03
2.27272727e-06 -6.31313131e-06 1.50001804e+08 -1.22388621e+03 9.33592178e+02
2.77777778e-06 -6.31313131e-06 1.50001927e+08 -1.11986504e+03 4.62398079e+02
3.28282828e-06 -6.31313131e-06 1.50001996e+08 -1.00880245e+03 1.28961961e+02
3.78787879e-06 -6.31313131e-06 1.50002036e+08 -8.97222134e+02 -1.06366398e+02
4.29292929e-06 -6.31313131e-06 1.50002065e+08 -7.87447089e+02 -2.70189352e+02
4.79797980e-06 -6.31313131e-06 1.50002090e+08 -6.79587875e+02 -3.80755615e+02
5.30303030e-06 -6.31313131e-06 1.50002120e+08 -5.72560647e+02 -4.50841670e+02
5.80808081e-06 -6.31313131e-06 1.50002157e+08 -4.64614409e+02 -4.89582577e+02
6.31313131e-06 -6.31313131e-06 1.50002203e+08 -3.53605005e+02 -5.03678035e+02
6.81818182e-06 -6.31313131e-06 1.50002260e+08 -2.37139831e+02 -4.98220731e+02
7.32323232e-06 -6.31313131e-06 1.50002328e+08 -1.12662517e+02 -4.77295551e+02
7.82828283e-06 -6.31313131e-06 1.50002406e+08 2.24794361e+01 -4.44441908e+02
8.33333333e-06 -6.31313131e-06 1.50002492e+08 1.70952659e+02 -4.03037633e+02
8.83838384e-06 -6.31313131e-06 1.50002584e+08 3.35313960e+02 -3.56640944e+02
9.34343434e-06 -6.31313131e-06 1.50002677e+08 5.17816355e+02 -3.09310408e+02
9.84848485e-06 -6.31313131e-06 1.50002767e+08 7.20114907e+02 -2.65907566e+02
1.03535354e-05 -6.31313131e-06 1.50002847e+08 9.42841040e+02 -2.32369675e+02
1.08585859e-05 -6.31313131e-06 1.50002909e+08 1.18501706e+03 -2.15919002e+02
1.13636364e-05 -6.31313131e-06 1.50002945e+08 1.44329477e+03 -2.25149157e+02
1.18686869e-05 -6.31313131e-06 1.50002944e+08 1.71102933e+03 -2.69899718e+02
1.23737374e-05 -6.31313131e-06 1.50002896e+08 1.97724841e+03 -3.60803124e+02
1.28787879e-05 -6.31313131e-06 1.50002792e+08 2.22565229e+03 -5.08373472e+02
1.33838384e-05 -6.31313131e-06 1.50002623e+08 2.43388070e+03 -7.21523061e+02
1.38888889e-05 -6.31313131e-06 1.50002389e+08 2.57339305e+03 -1.00546155e+03
1.43939394e-05 -6.31313131e-06 1.50002093e+08 2.61039559e+03 -1.35907501e+03
1.48989899e-05 -6.31313131e-06 1.50001747e+08 2.50825739e+03 -1.77210347e+03
1.54040404e-05 -6.31313131e-06 1.50001373e+08 2.23171782e+03 -2.22270933e+03
1.59090909e-05 -6.31313131e-06 1.50001004e+08 1.75284449e+03 -2.67628121e+03
1.64141414e-05 -6.31313131e-06 1.50000677e+08 1.05814584e+03 -3.08642689e+03
1.69191919e-05 -6.31313131e-06 1.50000432e+08 1.55563332e+02 -3.39893203e+03
1.74242424e-05 -6.31313131e-06 1.50000303e+08 -9.20528035e+02 -3.55888858e+03
1.79292929e-05 -6.31313131e-06 1.50000313e+08 -2.10838803e+03 -3.52024248e+03
1.84343434e-05 -6.31313131e-06 1.50000464e+08 -3.32362625e+03 -3.25588594e+03
1.89393939e-05 -6.31313131e-06 1.50000736e+08 -4.46979862e+03 -2.76557097e+03
1.94444444e-05 -6.31313131e-06 1.50001088e+08 -5.45318447e+03 -2.07889524e+03
1.99494949e-05 -6.31313131e-06 1.50001468e+08 -6.19824536e+03 -1.25175523e+03
2.04545455e-05 -6.31313131e-06 1.50001822e+08 -6.65955655e+03 -3.56747950e+02
2.09595960e-05 -6.31313131e-06 1.50002102e+08 -6.82696324e+03 5.29845058e+02
2.14646465e-05 -6.31313131e-06 1.50002278e+08 -6.72304116e+03 1.34072725e+03
2.19696970e-05 -6.31313131e-06 1.50002338e+08 -6.39451056e+03 2.02660493e+03
2.24747475e-05 -6.31313131e-06 1.50002287e+08 -5.90084668e+03 2.55994218e+03
2.29797980e-05 -6.31313131e-06 1.50002142e+08 -5.30341106e+03 2.93379275e+03
2.34848485e-05 -6.31313131e-06 1.50001926e+08 -4.65734054e+03 3.15735968e+03
2.39898990e-05 -6.31313131e-06 1.50001666e+08 -4.00697055e+03 3.25027518e+03
2.44949495e-05 -6.31313131e-06 1.50001384e+08 -3.38441518e+03 3.23719002e+03
2.50000000e-05 -6.31313131e-06 1.50001099e+08 -2.81035148e+03 3.14356128e+03
-2.50000000e-05 -5.80808081e-06 1.50000515e+08 -3.03072442e+02 3.57267242e+02
-2.44949495e-05 -5.80808081e-06 1.50000598e+08 -2.45459954e+02 3.77036460e+02
-2.39898990e-05 -5.80808081e-06 1.50000687e+08 -1.82157987e+02 3.93946669e+02
-2.34848485e-05 -5.80808081e-06 1.50000783e+08 -1.13233181e+02 4.07413812e+02
-2.29797980e-05 -5.80808081e-06 1.50000886e+08 -3.88499086e+01 4.16856517e+02
-2.24747475e-05 -5.80808081e-06 1.50000996e+08 4.07178332e+01 4.21725546e+02
-2.19696970e-05 -5.80808081e-06 1.50001113e+08 1.25075254e+02 4.21547287e+02
-2.14646465e-05 -5.80808081e-06 1.50001238e+08 2.13697007e+02 4.15989509e+02
-2.09595960e-05 -5.80808081e-06 1.50001371e+08 3.05920175e+02 4.04964354e+02
-2.04545455e-05 -5.80808081e-06 1.50001513e+08 4.00943308e+02 3.88797231e+02
-1.99494949e-05 -5.80808081e-06 1.50001665e+08 4.97840514e+02 3.68519245e+02
-1.94444444e-05 -5.80808081e-06 1.50001830e+08 5.95616757e+02 3.46405901e+02
-1.89393939e-05 -5.80808081e-06 1.50002007e+08 6.93385280e+02 3.27040987e+02
-1.84343434e-05 -5.80808081e-06 1.50002200e+08 7.90938020e+02 3.19587972e+02
-1.79292929e-05 -5.80808081e-06 1.50002407e+08 8.90719404e+02 3.43069163e+02
-1.74242424e-05 -5.80808081e-06 1.50002610e+08 1.00554121e+03 4.39602205e+02
-1.69191919e-05 -5.80808081e-06 1.50002716e+08 1.19378795e+03 7.05964917e+02
-1.64141414e-05 -5.80808081e-06 1.50002190e+08 1.72054992e+03 1.26322719e+03
-1.59090909e-05 -5.80808081e-06 1.49999769e+08 1.63674686e+03 3.03416589e+02
-1.54040404e-05 -5.80808081e-06 1.49997425e+08 2.89849676e+03 7.62416079e+02
-1.48989899e-05 -5.80808081e-06 1.49999806e+08 2.57214308e+03 -8.67469247e+02
-1.43939394e-05 -5.80808081e-06 1.50001155e+08 2.27914298e+03 -1.60433690e+03
-1.38888889e-05 -5.80808081e-06 1.50002035e+08 2.08741190e+03 -2.09823843e+03
-1.33838384e-05 -5.80808081e-06 1.50002750e+08 2.02166231e+03 -2.49229810e+03
-1.28787879e-05 -5.80808081e-06 1.50003493e+08 1.97100110e+03 -2.83581146e+03
-1.23737374e-05 -5.80808081e-06 1.50004309e+08 2.00790953e+03 -3.02834047e+03
-1.18686869e-05 -5.80808081e-06 1.50005017e+08 2.49330327e+03 -3.13531599e+03
-1.13636364e-05 -5.80808081e-06 1.50005800e+08 2.83998501e+03 -3.64756306e+03
-1.08585859e-05 -5.80808081e-06 1.50006465e+08 2.54890162e+03 -3.88678507e+03
-1.03535354e-05 -5.80808081e-06 1.50006733e+08 2.37532002e+03 -3.91745837e+03
-9.84848485e-06 -5.80808081e-06 1.50006847e+08 2.35506510e+03 -3.98418680e+03
-9.34343434e-06 -5.80808081e-06 1.50006893e+08 2.36979613e+03 -4.08171386e+03
-8.83838384e-06 -5.80808081e-06 1.50006828e+08 2.33089312e+03 -4.15357038e+03
-8.33333333e-06 -5.80808081e-06 1.50006567e+08 2.15113794e+03 -4.15014568e+03
-7.82828283e-06 -5.80808081e-06 1.50006004e+08 1.72193647e+03 -4.04501133e+03
-7.32323232e-06 -5.80808081e-06 1.50005044e+08 9.15370026e+02 -3.85503262e+03
-6.81818182e-06 -5.80808081e-06 1.50003624e+08 -3.80507263e+02 -3.66258069e+03
-6.31313131e-06 -5.80808081e-06 1.50001727e+08 -2.19113086e+03 -3.61355947e+03
-5.80808081e-06 -5.80808081e-06 1.49999325e+08 -4.38307419e+03 -3.85476106e+03
-5.30303030e-06 -5.80808081e-06 1.49996259e+08 -6.66902798e+03 -4.40923620e+03
-4.79797980e-06 -5.80808081e-06 1.49992101e+08 -8.75370738e+03 -5.07989639e+03
-4.29292929e-06 -5.80808081e-06 1.49986274e+08 -1.05343903e+04 -5.59745494e+03
-3.78787879e-06 -5.80808081e-06 1.49979280e+08 -1.17011135e+04 -6.51652240e+03
-3.28282828e-06 -5.80808081e-06 1.49976442e+08 -7.37115061e+03 -1.06631432e+04
-2.77777778e-06 -5.80808081e-06 1.49980496e+08 1.57415056e+04 -1.16435564e+04
-2.27272727e-06 -5.80808081e-06 1.49977120e+08 3.46082862e+04 6.43994745e+03
-1.76767677e-06 -5.80808081e-06 1.49976655e+08 2.74780737e+04 1.89873252e+04
-1.26262626e-06 -5.80808081e-06 1.49982369e+08 1.57409150e+04 1.87887469e+04
-7.57575758e-07 -5.80808081e-06 1.49988346e+08 8.16558416e+03 1.47127703e+04
-2.52525253e-07 -5.80808081e-06 1.49992714e+08 4.01668472e+03 1.07607191e+04
2.52525253e-07 -5.80808081e-06 1.49995629e+08 1.79539702e+03 7.70977694e+03
7.57575758e-07 -5.80808081e-06 1.49997539e+08 5.97765811e+02 5.48289102e+03
1.26262626e-06 -5.80808081e-06 1.49998799e+08 -5.05139145e+01 3.87447431e+03
1.76767677e-06 -5.80808081e-06 1.49999641e+08 -3.96448542e+02 2.70846299e+03
2.27272727e-06 -5.80808081e-06 1.50000215e+08 -5.71668234e+02 1.85679486e+03
2.77777778e-06 -5.80808081e-06 1.50000614e+08 -6.48259164e+02 1.23019578e+03
3.28282828e-06 -5.80808081e-06 1.50000901e+08 -6.66610192e+02 7.66874818e+02
3.78787879e-06 -5.80808081e-06 1.50001115e+08 -6.49670792e+02 4.23832879e+02
4.29292929e-06 -5.80808081e-06 1.50001283e+08 -6.10486464e+02 1.70851019e+02
4.79797980e-06 -5.80808081e-06 1.50001422e+08 -5.56302769e+02 -1.35480106e+01
5.30303030e-06 -5.80808081e-06 1.50001546e+08 -4.90858808e+02 -1.44806830e+02
5.80808081e-06 -5.80808081e-06 1.50001662e+08 -4.15695304e+02 -2.34167545e+02
6.31313131e-06 -5.80808081e-06 1.50001778e+08 -3.30912332e+02 -2.89939009e+02
6.81818182e-06 -5.80808081e-06 1.50001897e+08 -2.35614647e+02 -3.18398534e+02
7.32323232e-06 -5.80808081e-06 1.50002021e+08 -1.28180839e+02 -3.24461342e+02
7.82828283e-06 -5.80808081e-06 1.50002153e+08 -6.43972017e+00 -3.12207744e+02
8.33333333e-06 -5.80808081e-06 1.50002291e+08 1.32189100e+02 -2.85330155e+02
8.83838384e-06 -5.80808081e-06 1.50002435e+08 2.90544961e+02 -2.47543175e+02
9.34343434e-06 -5.80808081e-06 1.50002583e+08 4.71523068e+02 -2.02985264e+02
9.84848485e-06 -5.80808081e-06 1.50002729e+08 6.77772474e+02 -1.56626168e+02
1.03535354e-05 -5.80808081e-06 1.50002869e+08 9.11243788e+02 -1.14676557e+02
1.08585859e-05 -5.80808081e-06 1.50002992e+08 1.17253197e+03 -8.49718919e+01
1.13636364e-05 -5.80808081e-06 1.50003091e+08 1.45996430e+03 -7.72684532e+01
1.18686869e-05 -5.80808081e-06 1.50003151e+08 1.76840549e+03 -1.03344860e+02
1.23737374e-05 -5.80808081e-06 1.50003160e+08 2.08780363e+03 -1.76750999e+02
1.28787879e-05 -5.80808081e-06 1.50003104e+08 2.40159431e+03 -3.11999933e+02
1.33838384e-05 -5.80808081e-06 1.50002971e+08 2.68522494e+03 -5.22981174e+02
1.38888889e-05 -5.80808081e-06 1.50002753e+08 2.90524827e+03 -8.20422847e+02
1.43939394e-05 -5.80808081e-06 1.50002450e+08 3.01962537e+03 -1.20838998e+03
1.48989899e-05 -5.80808081e-06 1.50002072e+08 2.97999379e+03 -1.68010892e+03
1.54040404e-05 -5.80808081e-06 1.50001644e+08 2.73657664e+03 -2.21384331e+03
1.59090909e-05 -5.80808081e-06 1.50001202e+08 2.24600623e+03 -2.77002676e+03
1.64141414e-05 -5.80808081e-06 1.50000796e+08 1.48154115e+03 -3.29119688e+03
1.69191919e-05 -5.80808081e-06 1.50000478e+08 4.44038586e+02 -3.70621944e+03
1.74242424e-05 -5.80808081e-06 1.50000300e+08 -8.29114559e+02 -3.93959253e+03
1.79292929e-05 -5.80808081e-06 1.50000296e+08 -2.26059946e+03 -3.92518071e+03
1.84343434e-05 -5.80808081e-06 1.50000471e+08 -3.73837322e+03 -3.62177324e+03
1.89393939e-05 -5.80808081e-06 1.50000802e+08 -5.13059451e+03 -3.02608838e+03
1.94444444e-05 -5.80808081e-06 1.50001235e+08 -6.30802371e+03 -2.17834479e+03
1.99494949e-05 -5.80808081e-06 1.50001697e+08 -7.16815902e+03 -1.15721033e+03
2.04545455e-05 -5.80808081e-06 1.50002113e+08 -7.65371074e+03 -6.46639595e+01
2.09595960e-05 -5.80808081e-06 1.50002423e+08 -7.75963742e+03 9.94608155e+02
2.14646465e-05 -5.80808081e-06 1.50002588e+08 -7.52738628e+03 1.93255750e+03
2.19696970e-05 -5.80808081e-06 1.50002603e+08 -7.02979526e+03 2.69024680e+03
2.24747475e-05 -5.80808081e-06 1.50002480e+08 -6.35274086e+03 3.24128590e+03
2.29797980e-05 -5.80808081e-06 1.50002251e+08 -5.57915844e+03 3.58765391e+03
2.34848485e-05 -5.80808081e-06 1.50001949e+08 -4.77857666e+03 3.75131190e+03
2.39898990e-05 -5.80808081e-06 1.50001609e+08 -4.00258004e+03 3.76504556e+03
2.44949495e-05 -5.80808081e-06 1.50001260e+08 -3.28485208e+03 3.66482536e+03
2.50000000e-05 -5.80808081e-06 1.50000923e+08 -2.64388872e+03 3.48460370e+03
-2.50000000e-05 -5.30303030e-06 1.50000494e+08 -3.24971893e+02 3.52680741e+02
-2.44949495e-05 -5.30303030e-06 1.50000579e+08 -2.64733926e+02 3.74254774e+02
-2.39898990e-05 -5.30303030e-06 1.50000672e+08 -1.98177099e+02 3.92814131e+02
-2.34848485e-05 -5.30303030e-06 1.50000771e+08 -1.25345857e+02 4.07655116e+02
-2.29797980e-05 -5.30303030e-06 1.50000879e+08 -4.64026019e+01 4.18043644e+02
-2.24747475e-05 -5.30303030e-06 1.50000994e+08 3.83512500e+01 4.23233533e+02
-2.19696970e-05 -5.30303030e-06 1.50001117e+08 1.28450370e+02 4.22492261e+02
-2.14646465e-05 -5.30303030e-06 1.50001250e+08 2.23233902e+02 4.15137377e+02
-2.09595960e-05 -5.30303030e-06 1.50001393e+08 3.21801442e+02 4.00589137e+02
-2.04545455e-05 -5.30303030e-06 1.50001549e+08 4.22945214e+02 3.78449623e+02
-1.99494949e-05 -5.30303030e-06 1.50001719e+08 5.25034964e+02 3.48628215e+02
-1.94444444e-05 -5.30303030e-06 1.50001909e+08 6.25804601e+02 3.11554254e+02
-1.89393939e-05 -5.30303030e-06 1.50002126e+08 7.21921762e+02 2.68566018e+02
-1.84343434e-05 -5.30303030e-06 1.50002385e+08 8.08034397e+02 2.22686163e+02
-1.79292929e-05 -5.30303030e-06 1.50002716e+08 8.74395824e+02 1.80326669e+02
-1.74242424e-05 -5.30303030e-06 1.50003185e+08 8.99899469e+02 1.55481391e+02
-1.69191919e-05 -5.30303030e-06 1.50003990e+08 8.25896396e+02 1.81206906e+02
-1.64141414e-05 -5.30303030e-06 1.50005995e+08 4.05029617e+02 3.33853962e+02
-1.59090909e-05 -5.30303030e-06 1.50020500e+08 -3.08127541e+03 -8.82432224e+02
-1.54040404e-05 -5.30303030e-06 1.50027095e+08 -4.33908587e+03 2.54319982e+04
-1.48989899e-05 -5.30303030e-06 1.50050447e+08 -6.65510471e+03 -3.69887300e+03
-1.43939394e-05 -5.30303030e-06 1.50015823e+08 1.44822901e+04 -1.36128422e+04
-1.38888889e-05 -5.30303030e-06 1.49999131e+08 1.29860747e+04 -3.83007387e+03
-1.33838384e-05 -5.30303030e-06 1.49999112e+08 7.08312102e+03 -1.16660321e+03
-1.28787879e-05 -5.30303030e-06 1.50001187e+08 3.99847007e+03 -1.74747878e+03
-1.23737374e-05 -5.30303030e-06 1.50003113e+08 2.55816622e+03 -2.86262593e+03
-1.18686869e-05 -5.30303030e-06 1.50005094e+08 2.55057229e+03 -2.98392383e+03
-1.13636364e-05 -5.30303030e-06 1.50006854e+08 3.07899867e+03 -4.17790776e+03
-1.08585859e-05 -5.30303030e-06 1.50006650e+08 2.32942018e+03 -3.47886915e+03
-1.03535354e-05 -5.30303030e-06 1.50006114e+08 2.32210289e+03 -3.22382710e+03
-9.84848485e-06 -5.30303030e-06 1.50005744e+08 2.39378530e+03 -3.20186137e+03
-9.34343434e-06 -5.30303030e-06 1.50005417e+08 2.40772624e+03 -3.21618300e+03
-8.83838384e-06 -5.30303030e-06 1.50005006e+08 2.30806467e+03 -3.18368575e+03
-8.33333333e-06 -5.30303030e-06 1.50004407e+08 2.03422460e+03 -3.06614037e+03
-7.82828283e-06 -5.30303030e-06 1.50003533e+08 1.51015893e+03 -2.85512938e+03
-7.32323232e-06 -5.30303030e-06 1.50002320e+08 6.54949887e+02 -2.57695852e+03
-6.81818182e-06 -5.30303030e-06 1.50000729e+08 -5.89831150e+02 -2.29845112e+03
-6.31313131e-06 -5.30303030e-06 1.49998750e+08 -2.22176206e+03 -2.11778513e+03
-5.80808081e-06 -5.30303030e-06 1.49996380e+08 -4.14832540e+03 -2.13215730e+03
-5.30303030e-06 -5.30303030e-06 1.49993600e+08 -6.19202904e+03 -2.40237099e+03
-4.79797980e-06 -5.30303030e-06 1.49990433e+08 -8.11195347e+03 -2.98116542e+03
-4.29292929e-06 -5.30303030e-06 1.49987242e+08 -9.47912324e+03 -4.09220234e+03
-3.78787879e-06 -5.30303030e-06 1.49985285e+08 -8.98367864e+03 -6.31644990e+03
-3.28282828e-06 -5.30303030e-06 1.49986232e+08 -3.31769504e+03 -9.44628380e+03
-2.77777778e-06 -5.30303030e-06 1.49988170e+08 9.31980572e+03 -9.00637970e+03
-2.27272727e-06 -5.30303030e-06 1.49986845e+08 2.02724741e+04 -1.12811556e+03
-1.76767677e-06 -5.30303030e-06 1.49984945e+08 2.12775080e+04 7.59882603e+03
-1.26262626e-06 -5.30303030e-06 1.49985784e+08 1.62928956e+04 1.14008135e+04
-7.57575758e-07 -5.30303030e-06 1.49988430e+08 1.08376418e+04 1.12888040e+04
-2.52525253e-07 -5.30303030e-06 1.49991322e+08 6.76890286e+03 9.60829357e+03
2.52525253e-07 -5.30303030e-06 1.49993778e+08 4.07796402e+03 7.65519590e+03
7.57575758e-07 -5.30303030e-06 1.49995674e+08 2.36674641e+03 5.90564411e+03
1.26262626e-06 -5.30303030e-06 1.49997087e+08 1.28979032e+03 4.47200809e+03
1.76767677e-06 -5.30303030e-06 1.49998129e+08 6.13158144e+02 3.33874867e+03
2.27272727e-06 -5.30303030e-06 1.49998900e+08 1.89176576e+02 2.45612550e+03
2.77777778e-06 -5.30303030e-06 1.49999477e+08 -7.36879522e+01 1.77272491e+03
3.28282828e-06 -5.30303030e-06 1.49999918e+08 -2.32177862e+02 1.24488132e+03
3.78787879e-06 -5.30303030e-06 1.50000262e+08 -3.21663530e+02 8.38053456e+02
4.29292929e-06 -5.30303030e-06 1.50000540e+08 -3.64287229e+02 5.25730833e+02
4.79797980e-06 -5.30303030e-06 1.50000773e+08 -3.73875154e+02 2.87831999e+02
5.30303030e-06 -5.30303030e-06 1.50000976e+08 -3.58913438e+02 1.09222627e+02
5.80808081e-06 -5.30303030e-06 1.50001162e+08 -3.24364524e+02 -2.14949989e+01
6.31313131e-06 -5.30303030e-06 1.50001338e+08 -2.72782764e+02 -1.12929312e+02
6.81818182e-06 -5.30303030e-06 1.50001512e+08 -2.05002251e+02 -1.71636928e+02
7.32323232e-06 -5.30303030e-06 1.50001689e+08 -1.20562827e+02 -2.02709420e+02
7.82828283e-06 -5.30303030e-06 1.50001870e+08 -1.79796379e+01 -2.10262920e+02
8.33333333e-06 -5.30303030e-06 1.50002059e+08 1.05071153e+02 -1.97876406e+02
8.83838384e-06 -5.30303030e-06 1.50002255e+08 2.51593079e+02 -1.69017491e+02
9.34343434e-06 -5.30303030e-06 1.50002457e+08 4.25082327e+02 -1.27487638e+02
9.84848485e-06 -5.30303030e-06 1.50002662e+08 6.29253406e+02 -7.79099895e+01
1.03535354e-05 -5.30303030e-06 1.50002866e+08 8.67606545e+02 -2.62691419e+01
1.08585859e-05 -5.30303030e-06 1.50003059e+08 1.14275208e+03 1.95115781e+01
1.13636364e-05 -5.30303030e-06 1.50003230e+08 1.45539745e+03 4.90088556e+01
1.18686869e-05 -5.30303030e-06 1.50003366e+08 1.80290892e+03 4.88673130e+01
1.23737374e-05 -5.30303030e-06 1.50003450e+08 2.17740102e+03 2.69116345e+00
1.28787879e-05 -5.30303030e-06 1.50003463e+08 2.56340810e+03 -1.08451546e+02
1.33838384e-05 -5.30303030e-06 1.50003386e+08 2.93537967e+03 -3.04543656e+02
1.38888889e-05 -5.30303030e-06 1.50003204e+08 3.25552670e+03 -6.03773831e+02
1.43939394e-05 -5.30303030e-06 1.50002910e+08 3.47289958e+03 -1.01809265e+03
1.48989899e-05 -5.30303030e-06 1.50002508e+08 3.52489751e+03 -1.54730547e+03
1.54040404e-05 -5.30303030e-06 1.50002023e+08 3.34250238e+03 -2.17248517e+03
1.59090909e-05 -5.30303030e-06 1.50001495e+08 2.86014915e+03 -2.85032613e+03
1.64141414e-05 -5.30303030e-06 1.50000987e+08 2.03008429e+03 -3.51083166e+03
1.69191919e-05 -5.30303030e-06 1.50000573e+08 8.39313757e+02 -4.06100548e+03
1.74242424e-05 -5.30303030e-06 1.50000323e+08 -6.74868039e+02 -4.39651773e+03
1.79292929e-05 -5.30303030e-06 1.50000290e+08 -2.41648434e+03 -4.42128188e+03
1.84343434e-05 -5.30303030e-06 1.50000492e+08 -4.23547847e+03 -4.07159518e+03
1.89393939e-05 -5.30303030e-06 1.50000899e+08 -5.94853570e+03 -3.33790961e+03
1.94444444e-05 -5.30303030e-06 1.50001435e+08 -7.37361019e+03 -2.27545818e+03
1.99494949e-05 -5.30303030e-06 1.50002000e+08 -8.36869677e+03 -9.97199792e+02
2.04545455e-05 -5.30303030e-06 1.50002488e+08 -8.86139803e+03 3.50675879e+02
2.09595960e-05 -5.30303030e-06 1.50002819e+08 -8.85852561e+03 1.62232781e+03
2.14646465e-05 -5.30303030e-06 1.50002953e+08 -8.43373193e+03 2.70242823e+03
2.19696970e-05 -5.30303030e-06 1.50002890e+08 -7.70058081e+03 3.52311755e+03
2.24747475e-05 -5.30303030e-06 1.50002662e+08 -6.78276331e+03 4.06521288e+03
2.29797980e-05 -5.30303030e-06 1.50002317e+08 -5.79097685e+03 4.34782607e+03
2.34848485e-05 -5.30303030e-06 1.50001906e+08 -4.81041679e+03 4.41325114e+03
2.39898990e-05 -5.30303030e-06 1.50001473e+08 -3.89786846e+03 4.31284852e+03
2.44949495e-05 -5.30303030e-06 1.50001051e+08 -3.08499354e+03 4.09687031e+03
2.50000000e-05 -5.30303030e-06 1.50000662e+08 -2.38431835e+03 3.80870369e+03
-2.50000000e-05 -4.79797980e-06 1.50000463e+08 -3.48933423e+02 3.50324103e+02
-2.44949495e-05 -4.79797980e-06 1.50000550e+08 -2.85979972e+02 3.74162135e+02
-2.39898990e-05 -4.79797980e-06 1.50000645e+08 -2.15965037e+02 3.94859600e+02
-2.34848485e-05 -4.79797980e-06 1.50000747e+08 -1.38877526e+02 4.11576802e+02
-2.29797980e-05 -4.79797980e-06 1.50000858e+08 -5.48333729e+01 4.23401179e+02
-2.24747475e-05 -4.79797980e-06 1.50000977e+08 3.59006883e+01 4.29349647e+02
-2.19696970e-05 -4.79797980e-06 1.50001105e+08 1.32879877e+02 4.28368564e+02
-2.14646465e-05 -4.79797980e-06 1.50001243e+08 2.35448617e+02 4.19326663e+02
-2.09595960e-05 -4.79797980e-06 1.50001393e+08 3.42698584e+02 4.00991382e+02
-2.04545455e-05 -4.79797980e-06 1.50001556e+08 4.53411097e+02 3.71968302e+02
-1.99494949e-05 -4.79797980e-06 1.50001736e+08 5.65973597e+02 3.30558442e+02
-1.94444444e-05 -4.79797980e-06 1.50001938e+08 6.78257085e+02 2.74426137e+02
-1.89393939e-05 -4.79797980e-06 1.50002173e+08 7.87453584e+02 1.99803209e+02
-1.84343434e-05 -4.79797980e-06 1.50002456e+08 8.89975966e+02 9.94643744e+01
-1.79292929e-05 -4.79797980e-06 1.50002820e+08 9.82137964e+02 -4.28805972e+01
-1.74242424e-05 -4.79797980e-06 1.50003323e+08 1.06604623e+03 -2.69745286e+02
-1.69191919e-05 -4.79797980e-06 1.50004069e+08 1.19024794e+03 -7.05458890e+02
-1.64141414e-05 -4.79797980e-06 1.50004973e+08 1.72597019e+03 -1.65529043e+03
-1.59090909e-05 -4.79797980e-06 1.50003852e+08 3.21924355e+03 -1.81820465e+03
-1.54040404e-05 -4.79797980e-06 1.50002983e+08 2.05171253e+03 -3.05662266e+03
-1.48989899e-05 -4.79797980e-06 1.50002490e+08 2.80736812e+03 -4.10251437e+03
-1.43939394e-05 -4.79797980e-06 1.50003510e+08 2.89433124e+03 -5.63339516e+03
-1.38888889e-05 -4.79797980e-06 1.50005534e+08 2.05561060e+03 -6.96081644e+03
-1.33838384e-05 -4.79797980e-06 1.50005072e+08 1.84842579e+03 -4.17711919e+03
-1.28787879e-05 -4.79797980e-06 1.49998757e+08 8.00529161e+03 1.34344741e+04
-1.23737374e-05 -4.79797980e-06 1.50044064e+08 -8.47203267e+03 3.53504770e+04
-1.18686869e-05 -4.79797980e-06 1.50064586e+08 2.69591848e+03 -3.61684735e+04
-1.13636364e-05 -4.79797980e-06 1.50009167e+08 1.09946439e+03 -1.60733374e+03
-1.08585859e-05 -4.79797980e-06 1.50005943e+08 2.05910793e+03 -1.90539469e+03
-1.03535354e-05 -4.79797980e-06 1.50004983e+08 2.35046298e+03 -2.17296683e+03
-9.84848485e-06 -4.79797980e-06 1.50004435e+08 2.44260138e+03 -2.32393592e+03
-9.34343434e-06 -4.79797980e-06 1.50003936e+08 2.40089990e+03 -2.37118485e+03
-8.83838384e-06 -4.79797980e-06 1.50003345e+08 2.21533758e+03 -2.31719993e+03
-8.33333333e-06 -4.79797980e-06 1.50002578e+08 1.84738796e+03 -2.16534359e+03
-7.82828283e-06 -4.79797980e-06 1.50001576e+08 1.24566297e+03 -1.93131381e+03
-7.32323232e-06 -4.79797980e-06 1.50000306e+08 3.60921579e+02 -1.65257178e+03
-6.81818182e-06 -4.79797980e-06 1.49998761e+08 -8.33378900e+02 -1.39295097e+03
-6.31313131e-06 -4.79797980e-06 1.49996968e+08 -2.31711131e+03 -1.23891697e+03
-5.80808081e-06 -4.79797980e-06 1.49994983e+08 -4.00267343e+03 -1.28942764e+03
-5.30303030e-06 -4.79797980e-06 1.49992918e+08 -5.71679138e+03 -1.65324463e+03
-4.79797980e-06 -4.79797980e-06 1.49991006e+08 -7.15366078e+03 -2.47129879e+03
-4.29292929e-06 -4.79797980e-06 1.49989703e+08 -7.72646677e+03 -3.93052306e+03
-3.78787879e-06 -4.79797980e-06 1.49989627e+08 -6.32864518e+03 -6.05624539e+03
-3.28282828e-06 -4.79797980e-06 1.49990834e+08 -1.60974818e+03 -7.96541081e+03
-2.77777778e-06 -4.79797980e-06 1.49991896e+08 6.05629181e+03 -7.45452261e+03
-2.27272727e-06 -4.79797980e-06 1.49991310e+08 1.29394981e+04 -3.36394491e+03
-1.76767677e-06 -4.79797980e-06 1.49989926e+08 1.54949237e+04 2.05020381e+03
-1.26262626e-06 -4.79797980e-06 1.49989434e+08 1.40872751e+04 5.89254236e+03
-7.57575758e-07 -4.79797980e-06 1.49990198e+08 1.10346522e+04 7.43364287e+03
-2.52525253e-07 -4.79797980e-06 1.49991673e+08 7.97902802e+03 7.37711974e+03
2.52525253e-07 -4.79797980e-06 1.49993308e+08 5.52079295e+03 6.55353855e+03
7.57575758e-07 -4.79797980e-06 1.49994809e+08 3.71423265e+03 5.48832730e+03
1.26262626e-06 -4.79797980e-06 1.49996075e+08 2.43842794e+03 4.43832821e+03
1.76767677e-06 -4.79797980e-06 1.49997101e+08 1.55285639e+03 3.50542135e+03
2.27272727e-06 -4.79797980e-06 1.49997919e+08 9.42779316e+02 2.71646493e+03
2.77777778e-06 -4.79797980e-06 1.49998570e+08 5.24527300e+02 2.06629619e+03
3.28282828e-06 -4.79797980e-06 1.49999092e+08 2.39823330e+02 1.53832585e+03
3.78787879e-06 -4.79797980e-06 1.49999516e+08 4.88671613e+01 1.11365761e+03
4.29292929e-06 -4.79797980e-06 1.49999867e+08 -7.52739193e+01 7.74760599e+02
4.79797980e-06 -4.79797980e-06 1.50000167e+08 -1.50695261e+02 5.06681340e+02
5.30303030e-06 -4.79797980e-06 1.50000430e+08 -1.89409279e+02 2.97202850e+02
5.80808081e-06 -4.79797980e-06 1.50000670e+08 -1.99183558e+02 1.36592951e+02
6.31313131e-06 -4.79797980e-06 1.50000895e+08 -1.84749921e+02 1.72227297e+01
6.81818182e-06 -4.79797980e-06 1.50001115e+08 -1.48589162e+02 -6.68315784e+01
7.32323232e-06 -4.79797980e-06 1.50001335e+08 -9.14318141e+01 -1.20167516e+02
7.82828283e-06 -4.79797980e-06 1.50001560e+08 -1.25716755e+01 -1.46416331e+02
8.33333333e-06 -4.79797980e-06 1.50001793e+08 8.99375328e+01 -1.48601349e+02
8.83838384e-06 -4.79797980e-06 1.50002037e+08 2.19144692e+02 -1.29521183e+02
9.34343434e-06 -4.79797980e-06 1.50002292e+08 3.79066440e+02 -9.21888806e+01
9.84848485e-06 -4.79797980e-06 1.50002556e+08 5.74489022e+02 -4.03591075e+01
1.03535354e-05 -4.79797980e-06 1.50002826e+08 8.10621475e+02 2.08297504e+01
1.08585859e-05 -4.79797980e-06 1.50003095e+08 1.09248682e+03 8.40885388e+01
1.13636364e-05 -4.79797980e-06 1.50003351e+08 1.42390622e+03 1.39112555e+02
1.18686869e-05 -4.79797980e-06 1.50003578e+08 1.80590753e+03 1.71715289e+02
1.23737374e-05 -4.79797980e-06 1.50003757e+08 2.23439867e+03 1.63168705e+02
1.28787879e-05 -4.79797980e-06 1.50003864e+08 2.69702769e+03 9.01147461e+01
1.33838384e-05 -4.79797980e-06 1.50003871e+08 3.16936147e+03 -7.44078196e+01
1.38888889e-05 -4.79797980e-06 1.50003754e+08 3.61090592e+03 -3.58142382e+02
1.43939394e-05 -4.79797980e-06 1.50003494e+08 3.96207181e+03 -7.84359659e+02
1.48989899e-05 -4.79797980e-06 1.50003085e+08 4.14385858e+03 -1.36391868e+03
1.54040404e-05 -4.79797980e-06 1.50002546e+08 4.06250342e+03 -2.08528116e+03
1.59090909e-05 -4.79797980e-06 1.50001922e+08 3.62117828e+03 -2.90448371e+03
1.64141414e-05 -4.79797980e-06 1.50001289e+08 2.73954718e+03 -3.73858865e+03
1.69191919e-05 -4.79797980e-06 1.50000743e+08 1.37940640e+03 -4.46713329e+03
1.74242424e-05 -4.79797980e-06 1.50000388e+08 -4.28973526e+02 -4.94572363e+03
1.79292929e-05 -4.79797980e-06 1.50000308e+08 -2.56881255e+03 -5.03335782e+03
1.84343434e-05 -4.79797980e-06 1.50000536e+08 -4.83789225e+03 -4.62989178e+03
1.89393939e-05 -4.79797980e-06 1.50001037e+08 -6.97677834e+03 -3.71309804e+03
1.94444444e-05 -4.79797980e-06 1.50001709e+08 -8.72279723e+03 -2.35945213e+03
1.99494949e-05 -4.79797980e-06 1.50002403e+08 -9.87432731e+03 -7.34820345e+02
2.04545455e-05 -4.79797980e-06 1.50002971e+08 -1.03400419e+04 9.46314973e+02
2.09595960e-05 -4.79797980e-06 1.50003308e+08 -1.01519207e+04 2.47747909e+03
2.14646465e-05 -4.79797980e-06 1.50003372e+08 -9.43909452e+03 3.70832925e+03
2.19696970e-05 -4.79797980e-06 1.50003184e+08 -8.37892977e+03 4.56667383e+03
2.24747475e-05 -4.79797980e-06 1.50002803e+08 -7.14850530e+03 5.05270262e+03
2.29797980e-05 -4.79797980e-06 1.50002304e+08 -5.89233177e+03 5.21627195e+03
2.34848485e-05 -4.79797980e-06 1.50001759e+08 -4.70983460e+03 5.13076171e+03
2.39898990e-05 -4.79797980e-06 1.50001221e+08 -3.65756291e+03 4.87243650e+03
2.44949495e-05 -4.79797980e-06 1.50000725e+08 -2.75871682e+03 4.50817523e+03
2.50000000e-05 -4.79797980e-06 1.50000291e+08 -2.01419739e+03 4.09044744e+03
-2.50000000e-05 -4.29292929e-06 1.50000424e+08 -3.75444404e+02 3.50364276e+02
-2.44949495e-05 -4.29292929e-06 1.50000511e+08 -3.09739400e+02 3.77037025e+02
-2.39898990e-05 -4.29292929e-06 1.50000607e+08 -2.36111250e+02 4.00516961e+02
-2.34848485e-05 -4.29292929e-06 1.50000711e+08 -1.54455916e+02 4.19829601e+02
-2.29797980e-05 -4.29292929e-06 1.50000823e+08 -6.47930809e+01 4.33885381e+02
-2.24747475e-05 -4.29292929e-06 1.50000944e+08 3.27141845e+01 4.41468116e+02
-2.19696970e-05 -4.29292929e-06 1.50001074e+08 1.37741645e+02 4.41213693e+02
-2.14646465e-05 -4.29292929e-06 1.50001215e+08 2.49790966e+02 4.31569379e+02
-2.09595960e-05 -4.29292929e-06 1.50001366e+08 3.68187885e+02 4.10715781e+02
-2.04545455e-05 -4.29292929e-06 1.50001531e+08 4.92106047e+02 3.76417310e+02
-1.99494949e-05 -4.29292929e-06 1.50001710e+08 6.20652475e+02 3.25734863e+02
-1.94444444e-05 -4.29292929e-06 1.50001909e+08 7.53108453e+02 2.54469993e+02
-1.89393939e-05 -4.29292929e-06 1.50002133e+08 8.89581989e+02 1.56085739e+02
-1.84343434e-05 -4.29292929e-06 1.50002389e+08 1.03280044e+03 1.96556492e+01
-1.79292929e-05 -4.29292929e-06 1.50002684e+08 1.19314449e+03 -1.73574920e+02
-1.74242424e-05 -4.29292929e-06 1.50003011e+08 1.40241097e+03 -4.52565606e+02
-1.69191919e-05 -4.29292929e-06 1.50003294e+08 1.74153533e+03 -8.33757903e+02
-1.64141414e-05 -4.29292929e-06 1.50003277e+08 2.28823545e+03 -1.16894526e+03
-1.59090909e-05 -4.29292929e-06 1.50002895e+08 2.50258170e+03 -1.10319355e+03
-1.54040404e-05 -4.29292929e-06 1.50002660e+08 2.07721828e+03 -1.32043293e+03
-1.48989899e-05 -4.29292929e-06 1.50002259e+08 2.13098409e+03 -1.68674344e+03
-1.43939394e-05 -4.29292929e-06 1.50001868e+08 2.41632296e+03 -1.85050555e+03
-1.38888889e-05 -4.29292929e-06 1.50001545e+08 2.75275485e+03 -1.97055851e+03
-1.33838384e-05 -4.29292929e-06 1.50001185e+08 3.08205108e+03 -2.09517269e+03
-1.28787879e-05 -4.29292929e-06 1.50000595e+08 3.35514280e+03 -2.27069224e+03
-1.23737374e-05 -4.29292929e-06 1.49999401e+08 3.40026003e+03 -2.18455496e+03
-1.18686869e-05 -4.29292929e-06 1.49999726e+08 5.94074304e+02 -1.03874512e+03
-1.13636364e-05 -4.29292929e-06 1.50002140e+08 3.54979648e+03 1.18855676e+02
-1.08585859e-05 -4.29292929e-06 1.50003350e+08 2.86188809e+03 -7.67893812e+02
-1.03535354e-05 -4.29292929e-06 1.50003317e+08 2.69091305e+03 -1.33957051e+03
-9.84848485e-06 -4.29292929e-06 1.50002997e+08 2.58103300e+03 -1.59979139e+03
-9.34343434e-06 -4.29292929e-06 1.50002524e+08 2.40624733e+03 -1.67905142e+03
-8.83838384e-06 -4.29292929e-06 1.50001898e+08 2.11250330e+03 -1.63252021e+03
-8.33333333e-06 -4.29292929e-06 1.50001096e+08 1.65661065e+03 -1.49121287e+03
-7.82828283e-06 -4.29292929e-06 1.50000099e+08 9.99148612e+02 -1.28725748e+03
-7.32323232e-06 -4.29292929e-06 1.49998908e+08 1.11475266e+02 -1.06618564e+03
-6.81818182e-06 -4.29292929e-06 1.49997546e+08 -1.01051370e+03 -8.92231523e+02
-6.31313131e-06 -4.29292929e-06 1.49996070e+08 -2.32887661e+03 -8.48069244e+02
-5.80808081e-06 -4.29292929e-06 1.49994577e+08 -3.74385660e+03 -1.03102756e+03
-5.30303030e-06 -4.29292929e-06 1.49993223e+08 -5.06791461e+03 -1.54825068e+03
-4.79797980e-06 -4.29292929e-06 1.49992235e+08 -5.98231250e+03 -2.50272454e+03
-4.29292929e-06 -4.29292929e-06 1.49991889e+08 -5.98056593e+03 -3.92797734e+03
-3.78787879e-06 -4.29292929e-06 1.49992346e+08 -4.40048423e+03 -5.59856594e+03
-3.28282828e-06 -4.29292929e-06 1.49993313e+08 -8.10410359e+02 -6.77805679e+03
-2.77777778e-06 -4.29292929e-06 1.49993975e+08 4.20281455e+03 -6.39502694e+03
-2.27272727e-06 -4.29292929e-06 1.49993703e+08 8.82633021e+03 -4.03390969e+03
-1.76767677e-06 -4.29292929e-06 1.49992815e+08 1.13381457e+04 -6.19308487e+02
-1.26262626e-06 -4.29292929e-06 1.49992130e+08 1.14548300e+04 2.42169370e+03
-7.57575758e-07 -4.29292929e-06 1.49992107e+08 1.00352841e+04 4.31256607e+03
-2.52525253e-07 -4.29292929e-06 1.49992689e+08 8.06380212e+03 5.06649422e+03
2.52525253e-07 -4.29292929e-06 1.49993612e+08 6.14796133e+03 5.03968581e+03
7.57575758e-07 -4.29292929e-06 1.49994638e+08 4.53499706e+03 4.58962816e+03
1.26262626e-06 -4.29292929e-06 1.49995624e+08 3.26918923e+03 3.96355728e+03
1.76767677e-06 -4.29292929e-06 1.49996505e+08 2.31144572e+03 3.30384211e+03
2.27272727e-06 -4.29292929e-06 1.49997263e+08 1.60075578e+03 2.68195505e+03
2.77777778e-06 -4.29292929e-06 1.49997903e+08 1.07915841e+03 2.12810963e+03
3.28282828e-06 -4.29292929e-06 1.49998441e+08 6.99294907e+02 1.65068301e+03
3.78787879e-06 -4.29292929e-06 1.49998895e+08 4.24979767e+02 1.24749593e+03
4.29292929e-06 -4.29292929e-06 1.49999283e+08 2.29513360e+02 9.11929282e+02
4.79797980e-06 -4.29292929e-06 1.49999621e+08 9.36155595e+01 6.36069046e+02
5.30303030e-06 -4.29292929e-06 1.49999922e+08 3.61822611e+00 4.12227565e+02
5.80808081e-06 -4.29292929e-06 1.50000197e+08 -4.99364207e+01 2.33607788e+02
6.31313131e-06 -4.29292929e-06 1.50000457e+08 -7.33163603e+01 9.45277500e+01
6.81818182e-06 -4.29292929e-06 1.50000710e+08 -7.03097776e+01 -9.57551444e+00
7.32323232e-06 -4.29292929e-06 1.50000963e+08 -4.26960788e+01 -8.22534484e+01
7.82828283e-06 -4.29292929e-06 1.50001222e+08 9.46163655e+00 -1.26217181e+02
8.33333333e-06 -4.29292929e-06 1.50001492e+08 8.76528405e+01 -1.43560705e+02
8.83838384e-06 -4.29292929e-06 1.50001776e+08 1.94839919e+02 -1.36047243e+02
9.34343434e-06 -4.29292929e-06 1.50002078e+08 3.35414895e+02 -1.05486655e+02
9.84848485e-06 -4.29292929e-06 1.50002398e+08 5.15131118e+02 -5.42446167e+01
1.03535354e-05 -4.29292929e-06 1.50002735e+08 7.40921241e+02 1.40677839e+01
1.08585859e-05 -4.29292929e-06 1.50003082e+08 1.02046928e+03 9.36776605e+01
1.13636364e-05 -4.29292929e-06 1.50003430e+08 1.36134455e+03 1.75484764e+02
1.18686869e-05 -4.29292929e-06 1.50003764e+08 1.76943640e+03 2.45688737e+02
1.23737374e-05 -4.29292929e-06 1.50004061e+08 2.24637444e+03 2.84381827e+02
1.28787879e-05 -4.29292929e-06 1.50004292e+08 2.78563340e+03 2.64501700e+02
1.33838384e-05 -4.29292929e-06 1.50004421e+08 3.36719716e+03 1.51855575e+02
1.38888889e-05 -4.29292929e-06 1.50004410e+08 3.95111883e+03 -9.27219358e+01
1.43939394e-05 -4.29292929e-06 1.50004223e+08 4.47117014e+03 -5.07805320e+02
1.48989899e-05 -4.29292929e-06 1.50003839e+08 4.83098440e+03 -1.12138621e+03
1.54040404e-05 -4.29292929e-06 1.50003264e+08 4.90631168e+03 -1.93651247e+03
1.59090909e-05 -4.29292929e-06 1.50002540e+08 4.55746503e+03 -2.91470874e+03
1.64141414e-05 -4.29292929e-06 1.50001754e+08 3.65478545e+03 -3.96206291e+03
1.69191919e-05 -4.29292929e-06 1.50001035e+08 2.11636048e+03 -4.92520919e+03
1.74242424e-05 -4.29292929e-06 1.50000530e+08 -4.85121760e+01 -5.60500984e+03
1.79292929e-05 -4.29292929e-06 1.50000368e+08 -2.70344104e+03 -5.79315055e+03
1.84343434e-05 -4.29292929e-06 1.50000616e+08 -5.57557997e+03 -5.32965013e+03
1.89393939e-05 -4.29292929e-06 1.50001237e+08 -8.29122541e+03 -4.16669083e+03
1.94444444e-05 -4.29292929e-06 1.50002087e+08 -1.04608524e+04 -2.41042223e+03
1.99494949e-05 -4.29292929e-06 1.50002945e+08 -1.17895441e+04 -3.10572966e+02
2.04545455e-05 -4.29292929e-06 1.50003599e+08 -1.21631066e+04 1.80958494e+03
2.09595960e-05 -4.29292929e-06 1.50003907e+08 -1.16653289e+04 3.65269046e+03
2.14646465e-05 -4.29292929e-06 1.50003837e+08 -1.05222298e+04 5.02597373e+03
2.19696970e-05 -4.29292929e-06 1.50003450e+08 -9.01125505e+03 5.86655837e+03
2.24747475e-05 -4.29292929e-06 1.50002852e+08 -7.38255877e+03 6.21736807e+03
2.29797980e-05 -4.29292929e-06 1.50002156e+08 -5.81740248e+03 6.18065811e+03
2.34848485e-05 -4.29292929e-06 1.50001454e+08 -4.42188773e+03 5.87491448e+03
2.39898990e-05 -4.29292929e-06 1.50000807e+08 -3.24113373e+03 5.40720830e+03
2.44949495e-05 -4.29292929e-06 1.50000247e+08 -2.27953046e+03 4.86115312e+03
2.50000000e-05 -4.29292929e-06 1.49999786e+08 -1.51871523e+03 4.29538351e+03
-2.50000000e-05 -3.78787879e-06 1.50000374e+08 -4.05084518e+02 3.52901593e+02
-2.44949495e-05 -3.78787879e-06 1.50000462e+08 -3.36683834e+02 3.83086098e+02
-2.39898990e-05 -3.78787879e-06 1.50000558e+08 -2.59387846e+02 4.10143331e+02
-2.34848485e-05 -3.78787879e-06 1.50000662e+08 -1.72965357e+02 4.32982127e+02
-2.29797980e-05 -3.78787879e-06 1.50000774e+08 -7.72967912e+01 4.50362832e+02
-2.24747475e-05 -3.78787879e-06 1.50000895e+08 2.76137429e+01 4.60879448e+02
-2.19696970e-05 -3.78787879e-06 1.50001025e+08 1.41635401e+02 4.62931103e+02
-2.14646465e-05 -3.78787879e-06 1.50001165e+08 2.64524946e+02 4.54674331e+02
-2.09595960e-05 -3.78787879e-06 1.50001314e+08 3.95974242e+02 4.33942357e+02
-2.04545455e-05 -3.78787879e-06 1.50001474e+08 5.35721789e+02 3.98110380e+02
-1.99494949e-05 -3.78787879e-06 1.50001644e+08 6.83790753e+02 3.43878871e+02
-1.94444444e-05 -3.78787879e-06 1.50001827e+08 8.40981155e+02 2.66953643e+02
-1.89393939e-05 -3.78787879e-06 1.50002021e+08 1.00986976e+03 1.61676664e+02
-1.84343434e-05 -3.78787879e-06 1.50002223e+08 1.19675488e+03 2.10065509e+01
-1.79292929e-05 -3.78787879e-06 1.50002423e+08 1.41488599e+03 -1.61489805e+02
-1.74242424e-05 -3.78787879e-06 1.50002586e+08 1.68666858e+03 -3.82341461e+02
-1.69191919e-05 -3.78787879e-06 1.50002649e+08 2.02817043e+03 -6.02031587e+02
-1.64141414e-05 -3.78787879e-06 1.50002552e+08 2.36914416e+03 -7.24786536e+02
-1.59090909e-05 -3.78787879e-06 1.50002384e+08 2.48620036e+03 -7.39666576e+02
-1.54040404e-05 -3.78787879e-06 1.50002259e+08 2.37904918e+03 -8.65588373e+02
-1.48989899e-05 -3.78787879e-06 1.50002071e+08 2.37083105e+03 -1.10718183e+03
-1.43939394e-05 -3.78787879e-06 1.50001798e+08 2.51968553e+03 -1.29566089e+03
-1.38888889e-05 -3.78787879e-06 1.50001477e+08 2.72726616e+03 -1.37969308e+03
-1.33838384e-05 -3.78787879e-06 1.50001104e+08 2.89670357e+03 -1.33852795e+03
-1.28787879e-05 -3.78787879e-06 1.50000697e+08 2.90349218e+03 -1.14299005e+03
-1.23737374e-05 -3.78787879e-06 1.50000513e+08 2.55097815e+03 -8.57910334e+02
-1.18686869e-05 -3.78787879e-06 1.50001030e+08 2.28691733e+03 -1.14496874e+03
-1.13636364e-05 -3.78787879e-06 1.50001311e+08 3.19179733e+03 -1.13961085e+03
-1.08585859e-05 -3.78787879e-06 1.50001734e+08 3.22522856e+03 -9.53998240e+02
-1.03535354e-05 -3.78787879e-06 1.50001883e+08 2.96747903e+03 -1.06436668e+03
-9.84848485e-06 -3.78787879e-06 1.50001707e+08 2.70715323e+03 -1.18146136e+03
-9.34343434e-06 -3.78787879e-06 1.50001299e+08 2.40908807e+03 -1.21588735e+03
-8.83838384e-06 -3.78787879e-06 1.50000707e+08 2.01947274e+03 -1.16509040e+03
-8.33333333e-06 -3.78787879e-06 1.49999949e+08 1.49663711e+03 -1.04884649e+03
-7.82828283e-06 -3.78787879e-06 1.49999038e+08 8.11004102e+02 -8.99121987e+02
-7.32323232e-06 -3.78787879e-06 1.49997999e+08 -5.06073583e+01 -7.61380127e+02
-6.81818182e-06 -3.78787879e-06 1.49996876e+08 -1.07534949e+03 -6.95922526e+02
-6.31313131e-06 -3.78787879e-06 1.49995741e+08 -2.21099869e+03 -7.76280257e+02
-5.80808081e-06 -3.78787879e-06 1.49994698e+08 -3.34984172e+03 -1.08336344e+03
-5.30303030e-06 -3.78787879e-06 1.49993883e+08 -4.30996955e+03 -1.69227593e+03
-4.79797980e-06 -3.78787879e-06 1.49993451e+08 -4.81809633e+03 -2.64194290e+03
-4.29292929e-06 -3.78787879e-06 1.49993519e+08 -4.51779577e+03 -3.87046084e+03
-3.78787879e-06 -3.78787879e-06 1.49994057e+08 -3.06578721e+03 -5.11808979e+03
-3.28282828e-06 -3.78787879e-06 1.49994782e+08 -3.78775192e+02 -5.88581057e+03
-2.77777778e-06 -3.78787879e-06 1.49995234e+08 3.07853236e+03 -5.62630152e+03
-2.27272727e-06 -3.78787879e-06 1.49995114e+08 6.33679105e+03 -4.16616571e+03
-1.76767677e-06 -3.78787879e-06 1.49994552e+08 8.47175813e+03 -1.93579173e+03
-1.26262626e-06 -3.78787879e-06 1.49993960e+08 9.15669868e+03 3.27817523e+02
-7.57575758e-07 -3.78787879e-06 1.49993675e+08 8.67235350e+03 2.06799243e+03
-2.52525253e-07 -3.78787879e-06 1.49993793e+08 7.53522562e+03 3.10379578e+03
2.52525253e-07 -3.78787879e-06 1.49994232e+08 6.18605633e+03 3.52383175e+03
7.57575758e-07 -3.78787879e-06 1.49994857e+08 4.89028415e+03 3.51370405e+03
1.26262626e-06 -3.78787879e-06 1.49995551e+08 3.76660483e+03 3.24922327e+03
1.76767677e-06 -3.78787879e-06 1.49996237e+08 2.84536652e+03 2.85970986e+03
2.27272727e-06 -3.78787879e-06 1.49996876e+08 2.11433451e+03 2.42795634e+03
2.77777778e-06 -3.78787879e-06 1.49997449e+08 1.54557551e+03 2.00183297e+03
3.28282828e-06 -3.78787879e-06 1.49997956e+08 1.10872814e+03 1.60627367e+03
3.78787879e-06 -3.78787879e-06 1.49998401e+08 7.76532822e+02 1.25234469e+03
4.29292929e-06 -3.78787879e-06 1.49998792e+08 5.26529659e+02 9.43278319e+02
4.79797980e-06 -3.78787879e-06 1.49999142e+08 3.41080295e+02 6.78216997e+02
5.30303030e-06 -3.78787879e-06 1.49999458e+08 2.06781181e+02 4.54433162e+02
5.80808081e-06 -3.78787879e-06 1.49999751e+08 1.13752435e+02 2.68597726e+02
6.31313131e-06 -3.78787879e-06 1.50000030e+08 5.49995840e+01 1.17476148e+02
6.81818182e-06 -3.78787879e-06 1.50000302e+08 2.59139911e+01 -1.71301862e+00
7.32323232e-06 -3.78787879e-06 1.50000575e+08 2.39221576e+01 -9.11392039e+01
7.82828283e-06 -3.78787879e-06 1.50000856e+08 4.82732066e+01 -1.52325692e+02
8.33333333e-06 -3.78787879e-06 1.50001151e+08 9.99470388e+01 -1.86207484e+02
8.83838384e-06 -3.78787879e-06 1.50001466e+08 1.81662108e+02 -1.93278861e+02
9.34343434e-06 -3.78787879e-06 1.50001806e+08 2.97954905e+02 -1.73853824e+02
9.84848485e-06 -3.78787879e-06 1.50002174e+08 4.55287320e+02 -1.28486765e+02
1.03535354e-05 -3.78787879e-06 1.50002571e+08 6.62106457e+02 -5.86245545e+01
1.08585859e-05 -3.78787879e-06 1.50002995e+08 9.28725937e+02 3.24189208e+01
1.13636364e-05 -3.78787879e-06 1.50003440e+08 1.26680947e+03 1.38070314e+02
1.18686869e-05 -3.78787879e-06 1.50003893e+08 1.68811213e+03 2.46626368e+02
1.23737374e-05 -3.78787879e-06 1.50004329e+08 2.20198422e+03 3.38963407e+02
1.28787879e-05 -3.78787879e-06 1.50004718e+08 2.81101915e+03 3.86146927e+02
1.33838384e-05 -3.78787879e-06 1.50005014e+08 3.50425658e+03 3.47728584e+02
1.38888889e-05 -3.78787879e-06 1.50005163e+08 4.24776384e+03 1.72189442e+02
1.43939394e-05 -3.78787879e-06 1.50005110e+08 4.97351241e+03 -1.98315370e+02
1.48989899e-05 -3.78787879e-06 1.50004806e+08 5.56942903e+03 -8.16528077e+02
1.54040404e-05 -3.78787879e-06 1.50004234e+08 5.87602776e+03 -1.71063161e+03
1.59090909e-05 -3.78787879e-06 1.50003423e+08 5.69692400e+03 -2.85841124e+03
1.64141414e-05 -3.78787879e-06 1.50002466e+08 4.82986978e+03 -4.16136805e+03
1.69191919e-05 -3.78787879e-06 1.50001525e+08 3.12022765e+03 -5.42978788e+03
1.74242424e-05 -3.78787879e-06 1.50000804e+08 5.30216443e+02 -6.39209509e+03
1.79292929e-05 -3.78787879e-06 1.50000507e+08 -2.79388668e+03 -6.74024973e+03
1.84343434e-05 -3.78787879e-06 1.50000758e+08 -6.48703824e+03 -6.21526613e+03
1.89393939e-05 -3.78787879e-06 1.50001530e+08 -1.00022759e+04 -4.71729920e+03
1.94444444e-05 -3.78787879e-06 1.50002616e+08 -1.27436986e+04 -2.39212610e+03
1.99494949e-05 -3.78787879e-06 1.50003685e+08 -1.42635750e+04 3.73537780e+02
2.04545455e-05 -3.78787879e-06 1.50004415e+08 -1.44223662e+04 3.07657210e+03
2.09595960e-05 -3.78787879e-06 1.50004625e+08 -1.34103620e+04 5.28108883e+03
2.14646465e-05 -3.78787879e-06 1.50004314e+08 -1.16256862e+04 6.75029235e+03
2.19696970e-05 -3.78787879e-06 1.50003620e+08 -9.50166714e+03 7.46465966e+03
2.24747475e-05 -3.78787879e-06 1.50002725e+08 -7.38201184e+03 7.55300216e+03
2.29797980e-05 -3.78787879e-06 1.50001788e+08 -5.47740296e+03 7.20215849e+03
2.34848485e-05 -3.78787879e-06 1.50000921e+08 -3.88103207e+03 6.59105242e+03
2.39898990e-05 -3.78787879e-06 1.50000179e+08 -2.60669009e+03 5.85965152e+03
2.44949495e-05 -3.78787879e-06 1.49999582e+08 -1.62515293e+03 5.10332794e+03
2.50000000e-05 -3.78787879e-06 1.49999124e+08 -8.89849930e+02 4.37970406e+03
-2.50000000e-05 -3.28282828e-06 1.50000316e+08 -4.38513540e+02 3.57931275e+02
-2.44949495e-05 -3.28282828e-06 1.50000402e+08 -3.67600257e+02 3.92389525e+02
-2.39898990e-05 -3.28282828e-06 1.50000496e+08 -2.86729688e+02 4.23940548e+02
-2.34848485e-05 -3.28282828e-06 1.50000599e+08 -1.95517693e+02 4.51406211e+02
-2.29797980e-05 -3.28282828e-06 1.50000711e+08 -9.36773382e+01 4.73439519e+02
-2.24747475e-05 -3.28282828e-06 1.50000831e+08 1.89750993e+01 4.88509655e+02
-2.19696970e-05 -3.28282828e-06 1.50000959e+08 1.42527922e+02 4.94882043e+02
-2.14646465e-05 -3.28282828e-06 1.50001095e+08 2.77006179e+02 4.90590714e+02
-2.09595960e-05 -3.28282828e-06 1.50001239e+08 4.22445784e+02 4.73401343e+02
-2.04545455e-05 -3.28282828e-06 1.50001390e+08 5.79038497e+02 4.40769389e+02
-1.99494949e-05 -3.28282828e-06 1.50001546e+08 7.47393195e+02 3.89818312e+02
-1.94444444e-05 -3.28282828e-06 1.50001707e+08 9.28973970e+02 3.17421733e+02
-1.89393939e-05 -3.28282828e-06 1.50001867e+08 1.12675082e+03 2.20626177e+02
-1.84343434e-05 -3.28282828e-06 1.50002018e+08 1.34587863e+03 9.79975537e+01
-1.79292929e-05 -3.28282828e-06 1.50002145e+08 1.59331201e+03 -4.69575298e+01
-1.74242424e-05 -3.28282828e-06 1.50002221e+08 1.87265687e+03 -1.99252618e+02
-1.69191919e-05 -3.28282828e-06 1.50002222e+08 2.16708486e+03 -3.27144768e+02
-1.64141414e-05 -3.28282828e-06 1.50002151e+08 2.41461713e+03 -4.00024610e+02
-1.59090909e-05 -3.28282828e-06 1.50002055e+08 2.53542278e+03 -4.44843763e+02
-1.54040404e-05 -3.28282828e-06 1.50001966e+08 2.54843738e+03 -5.41472544e+02
-1.48989899e-05 -3.28282828e-06 1.50001843e+08 2.56885062e+03 -6.98995213e+02
-1.43939394e-05 -3.28282828e-06 1.50001657e+08 2.65059604e+03 -8.47524442e+02
-1.38888889e-05 -3.28282828e-06 1.50001423e+08 2.75717965e+03 -9.30863774e+02
-1.33838384e-05 -3.28282828e-06 1.50001181e+08 2.81512969e+03 -9.32337689e+02
-1.28787879e-05 -3.28282828e-06 1.50001011e+08 2.75118535e+03 -8.87830604e+02
-1.23737374e-05 -3.28282828e-06 1.50001018e+08 2.58838576e+03 -9.28389585e+02
-1.18686869e-05 -3.28282828e-06 1.50001124e+08 2.63551669e+03 -1.14774172e+03
-1.13636364e-05 -3.28282828e-06 1.50001092e+08 2.99543832e+03 -1.21947271e+03
-1.08585859e-05 -3.28282828e-06 1.50001044e+08 3.14281667e+03 -1.09438080e+03
-1.03535354e-05 -3.28282828e-06 1.50000961e+08 3.00435441e+03 -1.01707502e+03
-9.84848485e-06 -3.28282828e-06 1.50000735e+08 2.73350028e+03 -9.92443713e+02
-9.34343434e-06 -3.28282828e-06 1.50000340e+08 2.38069495e+03 -9.61554575e+02
-8.83838384e-06 -3.28282828e-06 1.49999791e+08 1.93637787e+03 -8.99446882e+02
-8.33333333e-06 -3.28282828e-06 1.49999108e+08 1.37947819e+03 -8.11050439e+02
-7.82828283e-06 -3.28282828e-06 1.49998316e+08 6.95310605e+02 -7.20696251e+02
-7.32323232e-06 -3.28282828e-06 1.49997452e+08 -1.15270191e+02 -6.67483171e+02
-6.81818182e-06 -3.28282828e-06 1.49996569e+08 -1.02699762e+03 -7.02453051e+02
-6.31313131e-06 -3.28282828e-06 1.49995736e+08 -1.98011529e+03 -8.84094162e+02
-5.80808081e-06 -3.28282828e-06 1.49995044e+08 -2.86993485e+03 -1.26951908e+03
-5.30303030e-06 -3.28282828e-06 1.49994590e+08 -3.53893750e+03 -1.89795640e+03
-4.79797980e-06 -3.28282828e-06 1.49994460e+08 -3.77944719e+03 -2.76211330e+03
-4.29292929e-06 -3.28282828e-06 1.49994680e+08 -3.36464358e+03 -3.76687591e+03
-3.78787879e-06 -3.28282828e-06 1.49995168e+08 -2.13140336e+03 -4.69364621e+03
-3.28282828e-06 -3.28282828e-06 1.49995710e+08 -1.12063248e+02 -5.22090862e+03
-2.77777778e-06 -3.28282828e-06 1.49996039e+08 2.36532646e+03 -5.05169599e+03
-2.27272727e-06 -3.28282828e-06 1.49995996e+08 4.74238418e+03 -4.10342846e+03
-1.76767677e-06 -3.28282828e-06 1.49995638e+08 6.48321344e+03 -2.59563318e+03
-1.26262626e-06 -3.28282828e-06 1.49995182e+08 7.32566994e+03 -9.30342404e+02
-7.57575758e-07 -3.28282828e-06 1.49994849e+08 7.33182029e+03 5.26108019e+02
-2.52525253e-07 -3.28282828e-06 1.49994757e+08 6.75444810e+03 1.57746016e+03
2.52525253e-07 -3.28282828e-06 1.49994908e+08 5.87392378e+03 2.19624483e+03
7.57575758e-07 -3.28282828e-06 1.49995244e+08 4.90571393e+03 2.45388140e+03
1.26262626e-06 -3.28282828e-06 1.49995692e+08 3.98075502e+03 2.45315564e+03
1.76767677e-06 -3.28282828e-06 1.49996188e+08 3.16235424e+03 2.28921788e+03
2.27272727e-06 -3.28282828e-06 1.49996689e+08 2.47077642e+03 2.03526293e+03
2.77777778e-06 -3.28282828e-06 1.49997168e+08 1.90309807e+03 1.74174787e+03
3.28282828e-06 -3.28282828e-06 1.49997613e+08 1.44601932e+03 1.44077415e+03
3.78787879e-06 -3.28282828e-06 1.49998020e+08 1.08306696e+03 1.15131889e+03
4.29292929e-06 -3.28282828e-06 1.49998390e+08 7.98191871e+02 8.83664305e+02
4.79797980e-06 -3.28282828e-06 1.49998729e+08 5.77314096e+02 6.42668655e+02
5.30303030e-06 -3.28282828e-06 1.49999041e+08 4.08805996e+02 4.30013519e+02
5.80808081e-06 -3.28282828e-06 1.49999334e+08 2.83483434e+02 2.45682731e+02
6.31313131e-06 -3.28282828e-06 1.49999615e+08 1.94411030e+02 8.89094053e+01
6.81818182e-06 -3.28282828e-06 1.49999892e+08 1.36677475e+02 -4.12290130e+01
7.32323232e-06 -3.28282828e-06 1.50000171e+08 1.07216817e+02 -1.45443777e+02
7.82828283e-06 -3.28282828e-06 1.50000461e+08 1.04711531e+02 -2.24017716e+02
8.33333333e-06 -3.28282828e-06 1.50000768e+08 1.29594179e+02 -2.76695625e+02
8.83838384e-06 -3.28282828e-06 1.50001099e+08 1.84155022e+02 -3.02669812e+02
9.34343434e-06 -3.28282828e-06 1.50001463e+08 2.72755212e+02 -3.00677189e+02
9.84848485e-06 -3.28282828e-06 1.50001866e+08 4.02131638e+02 -2.69256291e+02
1.03535354e-05 -3.28282828e-06 1.50002312e+08 5.81751061e+02 -2.07251422e+02
1.08585859e-05 -3.28282828e-06 1.50002805e+08 8.24114046e+02 -1.14697538e+02
1.13636364e-05 -3.28282828e-06 1.50003344e+08 1.14480402e+03 5.73306259e+00
1.18686869e-05 -3.28282828e-06 1.50003919e+08 1.56189928e+03 1.46515153e+02
1.23737374e-05 -3.28282828e-06 1.50004512e+08 2.09409799e+03 2.92128296e+02
1.28787879e-05 -3.28282828e-06 1.50005091e+08 2.75656672e+03 4.15057340e+02
1.33838384e-05 -3.28282828e-06 1.50005605e+08 3.55323372e+03 4.71566560e+02
1.38888889e-05 -3.28282828e-06 1.50005986e+08 4.46433579e+03 3.98928060e+02
1.43939394e-05 -3.28282828e-06 1.50006150e+08 5.42910035e+03 1.17283457e+02
1.48989899e-05 -3.28282828e-06 1.50006016e+08 6.32623629e+03 -4.59335524e+02
1.54040404e-05 -3.28282828e-06 1.50005523e+08 6.95958468e+03 -1.39859389e+03
1.59090909e-05 -3.28282828e-06 1.50004670e+08 7.06122079e+03 -2.71168813e+03
1.64141414e-05 -3.28282828e-06 1.50003543e+08 6.32557976e+03 -4.30901024e+03
1.69191919e-05 -3.28282828e-06 1.50002332e+08 4.48198654e+03 -5.96604843e+03
1.74242424e-05 -3.28282828e-06 1.50001314e+08 1.40013459e+03 -7.32047916e+03
1.79292929e-05 -3.28282828e-06 1.50000797e+08 -2.79210951e+03 -7.92099861e+03
1.84343434e-05 -3.28282828e-06 1.50001009e+08 -7.61964998e+03 -7.34562065e+03
1.89393939e-05 -3.28282828e-06 1.50001964e+08 -1.22734166e+04 -5.38753577e+03
1.94444444e-05 -3.28282828e-06 1.50003370e+08 -1.58091790e+04 -2.23852442e+03
1.99494949e-05 -3.28282828e-06 1.50004707e+08 -1.75137340e+04 1.48330077e+03
2.04545455e-05 -3.28282828e-06 1.50005475e+08 -1.72258580e+04 4.96344040e+03
2.09595960e-05 -3.28282828e-06 1.50005449e+08 -1.53590794e+04 7.55211165e+03
2.14646465e-05 -3.28282828e-06 1.50004720e+08 -1.26229344e+04 8.98978835e+03
2.19696970e-05 -3.28282828e-06 1.50003569e+08 -9.68722628e+03 9.37911213e+03
2.24747475e-05 -3.28282828e-06 1.50002286e+08 -6.99746404e+03 9.01044537e+03
2.29797980e-05 -3.28282828e-06 1.50001083e+08 -4.76097663e+03 8.19697162e+03
2.34848485e-05 -3.28282828e-06 1.50000069e+08 -3.01770608e+03 7.18755402e+03
2.39898990e-05 -3.28282828e-06 1.49999276e+08 -1.71933253e+03 6.14651202e+03
2.44949495e-05 -3.28282828e-06 1.49998694e+08 -7.85075347e+02 5.16682404e+03
2.50000000e-05 -3.28282828e-06 1.49998292e+08 -1.32152333e+02 4.29205997e+03
-2.50000000e-05 -2.77777778e-06 1.50000247e+08 -4.76446924e+02 3.65311366e+02
-2.44949495e-05 -2.77777778e-06 1.50000331e+08 -4.03358649e+02 4.04856337e+02
-2.39898990e-05 -2.77777778e-06 1.50000424e+08 -3.19189114e+02 4.41892951e+02
-2.34848485e-05 -2.77777778e-06 1.50000525e+08 -2.23385398e+02 4.75189885e+02
-2.29797980e-05 -2.77777778e-06 1.50000634e+08 -1.15481490e+02 5.03338497e+02
-2.24747475e-05 -2.77777778e-06 1.50000751e+08 4.89610882e+00 5.24747654e+02
-2.19696970e-05 -2.77777778e-06 1.50000876e+08 1.38036649e+02 5.37642777e+02
-2.14646465e-05 -2.77777778e-06 1.50001007e+08 2.84175882e+02 5.40073014e+02
-2.09595960e-05 -2.77777778e-06 1.50001144e+08 4.43560832e+02 5.29936218e+02
-2.04545455e-05 -2.77777778e-06 1.50001285e+08 6.16561487e+02 5.05044385e+02
-1.99494949e-05 -2.77777778e-06 1.50001428e+08 8.03835795e+02 4.63279908e+02
-1.94444444e-05 -2.77777778e-06 1.50001567e+08 1.00652106e+03 4.02946800e+02
-1.89393939e-05 -2.77777778e-06 1.50001699e+08 1.22631599e+03 3.23507878e+02
-1.84343434e-05 -2.77777778e-06 1.50001812e+08 1.46503187e+03 2.26974633e+02
-1.79292929e-05 -2.77777778e-06 1.50001896e+08 1.72261804e+03 1.20024171e+02
-1.74242424e-05 -2.77777778e-06 1.50001937e+08 1.99214107e+03 1.56829388e+01
-1.69191919e-05 -2.77777778e-06 1.50001928e+08 2.25200865e+03 -6.97485324e+01
-1.64141414e-05 -2.77777778e-06 1.50001881e+08 2.46452393e+03 -1.30382211e+02
-1.59090909e-05 -2.77777778e-06 1.50001818e+08 2.59861441e+03 -1.86647114e+02
-1.54040404e-05 -2.77777778e-06 1.50001749e+08 2.66587847e+03 -2.71497320e+02
-1.48989899e-05 -2.77777778e-06 1.50001656e+08 2.71240494e+03 -3.89928211e+02
-1.43939394e-05 -2.77777778e-06 1.50001525e+08 2.76696668e+03 -5.12823675e+02
-1.38888889e-05 -2.77777778e-06 1.50001367e+08 2.81773871e+03 -6.09988011e+02
-1.33838384e-05 -2.77777778e-06 1.50001213e+08 2.83110737e+03 -6.77283523e+02
-1.28787879e-05 -2.77777778e-06 1.50001104e+08 2.78990868e+03 -7.47643918e+02
-1.23737374e-05 -2.77777778e-06 1.50001050e+08 2.74478396e+03 -8.72718764e+02
-1.18686869e-05 -2.77777778e-06 1.50000979e+08 2.80714779e+03 -1.03467646e+03
-1.13636364e-05 -2.77777778e-06 1.50000819e+08 2.96599139e+03 -1.10988911e+03
-1.08585859e-05 -2.77777778e-06 1.50000606e+08 3.04028323e+03 -1.06370371e+03
-1.03535354e-05 -2.77777778e-06 1.50000363e+08 2.93726321e+03 -9.81650775e+02
-9.84848485e-06 -2.77777778e-06 1.50000053e+08 2.68653578e+03 -9.11871400e+02
-9.34343434e-06 -2.77777778e-06 1.49999643e+08 2.32548026e+03 -8.50996563e+02
-8.83838384e-06 -2.77777778e-06 1.49999129e+08 1.86597021e+03 -7.89860886e+02
-8.33333333e-06 -2.77777778e-06 1.49998525e+08 1.30708504e+03 -7.32571616e+02
-7.82828283e-06 -2.77777778e-06 1.49997856e+08 6.49706289e+02 -6.98101753e+02
-7.32323232e-06 -2.77777778e-06 1.49997159e+08 -9.32101107e+01 -7.17617969e+02
-6.81818182e-06 -2.77777778e-06 1.49996485e+08 -8.88436076e+02 -8.30553868e+02
-6.31313131e-06 -2.77777778e-06 1.49995893e+08 -1.67529264e+03 -1.07862276e+03
-5.80808081e-06 -2.77777778e-06 1.49995451e+08 -2.36045572e+03 -1.49614102e+03
-5.30303030e-06 -2.77777778e-06 1.49995222e+08 -2.81795831e+03 -2.09505978e+03
-4.79797980e-06 -2.77777778e-06 1.49995242e+08 -2.90062562e+03 -2.84449927e+03
-4.29292929e-06 -2.77777778e-06 1.49995500e+08 -2.47158923e+03 -3.64964061e+03
-3.78787879e-06 -2.77777778e-06 1.49995909e+08 -1.46033915e+03 -4.34480579e+03
-3.28282828e-06 -2.77777778e-06 1.49996320e+08 7.13308997e+01 -4.72345950e+03
-2.77777778e-06 -2.77777778e-06 1.49996571e+08 1.89716582e+03 -4.61494521e+03
-2.27272727e-06 -2.77777778e-06 1.49996568e+08 3.67609248e+03 -3.97518726e+03
-1.76767677e-06 -2.77777778e-06 1.49996338e+08 5.07815860e+03 -2.92400821e+03
-1.26262626e-06 -2.77777778e-06 1.49996000e+08 5.90899963e+03 -1.69203541e+03
-7.57575758e-07 -2.77777778e-06 1.49995696e+08 6.15236256e+03 -5.16629366e+02
-2.52525253e-07 -2.77777778e-06 1.49995524e+08 5.92378917e+03 4.39533957e+02
2.52525253e-07 -2.77777778e-06 1.49995520e+08 5.38993951e+03 1.11089540e+03
7.57575758e-07 -2.77777778e-06 1.49995669e+08 4.70553430e+03 1.50693110e+03
1.26262626e-06 -2.77777778e-06 1.49995932e+08 3.98466553e+03 1.67675179e+03
1.76767677e-06 -2.77777778e-06 1.49996266e+08 3.29802034e+03 1.68064382e+03
2.27272727e-06 -2.77777778e-06 1.49996636e+08 2.68202695e+03 1.57392557e+03
2.77777778e-06 -2.77777778e-06 1.49997014e+08 2.15029723e+03 1.40061745e+03
3.28282828e-06 -2.77777778e-06 1.49997384e+08 1.70310736e+03 1.19276145e+03
3.78787879e-06 -2.77777778e-06 1.49997736e+08 1.33395400e+03 9.72207132e+02
4.29292929e-06 -2.77777778e-06 1.49998067e+08 1.03360241e+03 7.53050927e+02
4.79797980e-06 -2.77777778e-06 1.49998376e+08 7.92369708e+02 5.43904217e+02
5.30303030e-06 -2.77777778e-06 1.49998668e+08 6.01298167e+02 3.49717723e+02
5.80808081e-06 -2.77777778e-06 1.49998946e+08 4.52687566e+02 1.73145073e+02
6.31313131e-06 -2.77777778e-06 1.49999215e+08 3.40289593e+02 1.55227146e+01
6.81818182e-06 -2.77777778e-06 1.49999482e+08 2.59349432e+02 -1.22437988e+02
7.32323232e-06 -2.77777778e-06 1.49999753e+08 2.06605037e+02 -2.40161819e+02
7.82828283e-06 -2.77777778e-06 1.50000036e+08 1.80311244e+02 -3.36859780e+02
8.33333333e-06 -2.77777778e-06 1.50000339e+08 1.80333135e+02 -4.11275998e+02
8.83838384e-06 -2.77777778e-06 1.50000671e+08 2.08342535e+02 -4.61511870e+02
9.34343434e-06 -2.77777778e-06 1.50001041e+08 2.68146889e+02 -4.84933393e+02
9.84848485e-06 -2.77777778e-06 1.50001459e+08 3.66174435e+02 -4.78200896e+02
1.03535354e-05 -2.77777778e-06 1.50001935e+08 5.12124191e+02 -4.37508084e+02
1.08585859e-05 -2.77777778e-06 1.50002478e+08 7.19747745e+02 -3.59186825e+02
1.13636364e-05 -2.77777778e-06 1.50003094e+08 1.00763361e+03 -2.40930648e+02
1.18686869e-05 -2.77777778e-06 1.50003785e+08 1.39966708e+03 -8.40058888e+01
1.23737374e-05 -2.77777778e-06 1.50004539e+08 1.92447270e+03 1.03088181e+02
1.28787879e-05 -2.77777778e-06 1.50005333e+08 2.61254838e+03 2.99102833e+02
1.33838384e-05 -2.77777778e-06 1.50006116e+08 3.48899193e+03 4.62723337e+02
1.38888889e-05 -2.77777778e-06 1.50006809e+08 4.55901545e+03 5.24811617e+02
1.43939394e-05 -2.77777778e-06 1.50007304e+08 5.78377957e+03 3.84122370e+02
1.48989899e-05 -2.77777778e-06 1.50007470e+08 7.04722681e+03 -8.60782595e+01
1.54040404e-05 -2.77777778e-06 1.50007188e+08 8.12233705e+03 -1.01084249e+03
1.59090909e-05 -2.77777778e-06 1.50006398e+08 8.65643351e+03 -2.45999361e+03
1.64141414e-05 -2.77777778e-06 1.50005151e+08 8.20211258e+03 -4.37600264e+03
1.69191919e-05 -2.77777778e-06 1.50003650e+08 6.31180807e+03 -6.50909189e+03
1.74242424e-05 -2.77777778e-06 1.50002246e+08 2.69077817e+03 -8.39219711e+03
1.79292929e-05 -2.77777778e-06 1.50001383e+08 -2.61423947e+03 -9.38129371e+03
1.84343434e-05 -2.77777778e-06 1.50001465e+08 -9.02561199e+03 -8.79455549e+03
1.89393939e-05 -2.77777778e-06 1.50002623e+08 -1.53503469e+04 -6.20371422e+03
1.94444444e-05 -2.77777778e-06 1.50004463e+08 -2.00334373e+04 -1.82794219e+03
1.99494949e-05 -2.77777778e-06 1.50006136e+08 -2.18634297e+04 3.30901953e+03
2.04545455e-05 -2.77777778e-06 1.50006834e+08 -2.06810597e+04 7.82035663e+03
2.09595960e-05 -2.77777778e-06 1.50006304e+08 -1.73861008e+04 1.07262191e+04
2.14646465e-05 -2.77777778e-06 1.50004870e+08 -1.32602102e+04 1.18398217e+04
2.19696970e-05 -2.77777778e-06 1.50003068e+08 -9.30581268e+03 1.15598074e+04
2.24747475e-05 -2.77777778e-06 1.50001330e+08 -6.02816914e+03 1.04582293e+04
2.29797980e-05 -2.77777778e-06 1.49999887e+08 -3.54540599e+03 9.01187900e+03
2.34848485e-05 -2.77777778e-06 1.49998801e+08 -1.77447186e+03 7.52558881e+03
2.39898990e-05 -2.77777778e-06 1.49998048e+08 -5.65754417e+02 6.15796162e+03
2.44949495e-05 -2.77777778e-06 1.49997566e+08 2.28695045e+02 4.97225621e+03
2.50000000e-05 -2.77777778e-06 1.49997290e+08 7.30372575e+02 3.97899901e+03
-2.50000000e-05 -2.27272727e-06 1.50000169e+08 -5.19622823e+02 3.74741818e+02
-2.44949495e-05 -2.27272727e-06 1.50000251e+08 -4.44868377e+02 4.20196624e+02
-2.39898990e-05 -2.27272727e-06 1.50000341e+08 -3.57875894e+02 4.63731542e+02
-2.34848485e-05 -2.27272727e-06 1.50000439e+08 -2.57915572e+02 5.04092870e+02
-2.29797980e-05 -2.27272727e-06 1.50000545e+08 -1.44342261e+02 5.39847858e+02
-2.24747475e-05 -2.27272727e-06 1.50000659e+08 -1.66079081e+01 5.69391681e+02
-2.19696970e-05 -2.27272727e-06 1.50000780e+08 1.25735451e+02 5.90967495e+02
-2.14646465e-05 -2.27272727e-06 1.50000906e+08 2.83046415e+02 6.02707722e+02
-2.09595960e-05 -2.27272727e-06 1.50001036e+08 4.55621230e+02 6.02711225e+02
-2.04545455e-05 -2.27272727e-06 1.50001167e+08 6.43732711e+02 5.89182249e+02
-1.99494949e-05 -2.27272727e-06 1.50001297e+08 8.47657132e+02 5.60674420e+02
-1.94444444e-05 -2.27272727e-06 1.50001420e+08 1.06761874e+03 5.16502901e+02
-1.89393939e-05 -2.27272727e-06 1.50001531e+08 1.30348750e+03 4.57387548e+02
-1.84343434e-05 -2.27272727e-06 1.50001622e+08 1.55391866e+03 3.86296573e+02
-1.79292929e-05 -2.27272727e-06 1.50001686e+08 1.81452944e+03 3.09114476e+02
-1.74242424e-05 -2.27272727e-06 1.50001715e+08 2.07511605e+03 2.34015555e+02
-1.69191919e-05 -2.27272727e-06 1.50001711e+08 2.31768616e+03 1.67805710e+02
-1.64141414e-05 -2.27272727e-06 1.50001682e+08 2.51992766e+03 1.09310116e+02
-1.59090909e-05 -2.27272727e-06 1.50001637e+08 2.66727157e+03 4.60372154e+01
-1.54040404e-05 -2.27272727e-06 1.50001580e+08 2.76467376e+03 -3.72298880e+01
-1.48989899e-05 -2.27272727e-06 1.50001505e+08 2.83146776e+03 -1.43555592e+02
-1.43939394e-05 -2.27272727e-06 1.50001406e+08 2.88210845e+03 -2.61347796e+02
-1.38888889e-05 -2.27272727e-06 1.50001288e+08 2.91533780e+03 -3.77451725e+02
-1.33838384e-05 -2.27272727e-06 1.50001165e+08 2.92232548e+03 -4.91092526e+02
-1.28787879e-05 -2.27272727e-06 1.50001050e+08 2.90669809e+03 -6.15829895e+02
-1.23737374e-05 -2.27272727e-06 1.50000931e+08 2.89898554e+03 -7.61032825e+02
-1.18686869e-05 -2.27272727e-06 1.50000770e+08 2.93361654e+03 -9.00688626e+02
-1.13636364e-05 -2.27272727e-06 1.50000542e+08 2.98933295e+03 -9.81245783e+02
-1.08585859e-05 -2.27272727e-06 1.50000260e+08 2.98740019e+03 -9.83589033e+02
-1.03535354e-05 -2.27272727e-06 1.49999940e+08 2.86829167e+03 -9.38857032e+02
-9.84848485e-06 -2.27272727e-06 1.49999577e+08 2.62398326e+03 -8.82246418e+02
-9.34343434e-06 -2.27272727e-06 1.49999157e+08 2.26922466e+03 -8.29813458e+02
-8.83838384e-06 -2.27272727e-06 1.49998676e+08 1.81758889e+03 -7.88071578e+02
-8.33333333e-06 -2.27272727e-06 1.49998145e+08 1.27871780e+03 -7.66269759e+02
-7.82828283e-06 -2.27272727e-06 1.49997587e+08 6.64489948e+02 -7.81332391e+02
-7.32323232e-06 -2.27272727e-06 1.49997033e+08 -3.78505948e+00 -8.57579755e+02
-6.81818182e-06 -2.27272727e-06 1.49996527e+08 -6.89219518e+02 -1.02347238e+03
-6.31313131e-06 -2.27272727e-06 1.49996114e+08 -1.33491106e+03 -1.30585863e+03
-5.80808081e-06 -2.27272727e-06 1.49995841e+08 -1.86249036e+03 -1.72142268e+03
-5.30303030e-06 -2.27272727e-06 1.49995744e+08 -2.17612608e+03 -2.26533366e+03
-4.79797980e-06 -2.27272727e-06 1.49995834e+08 -2.17548454e+03 -2.89872145e+03
-4.29292929e-06 -2.27272727e-06 1.49996082e+08 -1.78049298e+03 -3.53991163e+03
-3.78787879e-06 -2.27272727e-06 1.49996416e+08 -9.65880652e+02 -4.06823141e+03
-3.28282828e-06 -2.27272727e-06 1.49996733e+08 2.06678245e+02 -4.34914355e+03
-2.77777778e-06 -2.27272727e-06 1.49996929e+08 1.58052796e+03 -4.27947925e+03
-2.27272727e-06 -2.27272727e-06 1.49996948e+08 2.93731607e+03 -3.83339121e+03
-1.76767677e-06 -2.27272727e-06 1.49996800e+08 4.06401193e+03 -3.07978847e+03
-1.26262626e-06 -2.27272727e-06 1.49996553e+08 4.81902258e+03 -2.15689091e+03
-7.57575758e-07 -2.27272727e-06 1.49996297e+08 5.16203338e+03 -1.21965933e+03
-2.52525253e-07 -2.27272727e-06 1.49996109e+08 5.13967328e+03 -3.91786988e+02
2.52525253e-07 -2.27272727e-06 1.49996029e+08 4.84650424e+03 2.56783688e+02
7.57575758e-07 -2.27272727e-06 1.49996063e+08 4.38644417e+03 7.06960160e+02
1.26262626e-06 -2.27272727e-06 1.49996197e+08 3.84836641e+03 9.74399457e+02
1.76767677e-06 -2.27272727e-06 1.49996406e+08 3.29682096e+03 1.09197665e+03
2.27272727e-06 -2.27272727e-06 1.49996663e+08 2.77267199e+03 1.09680755e+03
2.77777778e-06 -2.27272727e-06 1.49996946e+08 2.29810005e+03 1.02286512e+03
3.28282828e-06 -2.27272727e-06 1.49997237e+08 1.88237138e+03 8.97903437e+02
3.78787879e-06 -2.27272727e-06 1.49997527e+08 1.52672209e+03 7.42974259e+02
4.29292929e-06 -2.27272727e-06 1.49997808e+08 1.22791919e+03 5.73199267e+02
4.79797980e-06 -2.27272727e-06 1.49998077e+08 9.80621238e+02 3.98975799e+02
5.30303030e-06 -2.27272727e-06 1.49998336e+08 7.78834438e+02 2.27194570e+02
5.80808081e-06 -2.27272727e-06 1.49998586e+08 6.16756745e+02 6.22955716e+01
6.31313131e-06 -2.27272727e-06 1.49998830e+08 4.89241245e+02 -9.28797489e+01
6.81818182e-06 -2.27272727e-06 1.49999073e+08 3.92044227e+02 -2.36421741e+02
7.32323232e-06 -2.27272727e-06 1.49999322e+08 3.21971744e+02 -3.66831462e+02
7.82828283e-06 -2.27272727e-06 1.49999583e+08 2.77003959e+02 -4.82602857e+02
8.33333333e-06 -2.27272727e-06 1.49999864e+08 2.56457199e+02 -5.81871981e+02
8.83838384e-06 -2.27272727e-06 1.50000177e+08 2.61236301e+02 -6.62107989e+02
9.34343434e-06 -2.27272727e-06 1.50000530e+08 2.94231379e+02 -7.19837072e+02
9.84848485e-06 -2.27272727e-06 1.50000939e+08 3.60920207e+02 -7.50416562e+02
1.03535354e-05 -2.27272727e-06 1.50001417e+08 4.70244017e+02 -7.47921136e+02
1.08585859e-05 -2.27272727e-06 1.50001980e+08 6.35817503e+02 -7.05280737e+02
1.13636364e-05 -2.27272727e-06 1.50002644e+08 8.77484125e+02 -6.14941585e+02
1.18686869e-05 -2.27272727e-06 1.50003423e+08 1.22307412e+03 -4.70530160e+02
1.23737374e-05 -2.27272727e-06 1.50004322e+08 1.70984861e+03 -2.70289261e+02
1.28787879e-05 -2.27272727e-06 1.50005333e+08 2.38432851e+03 -2.33490344e+01
1.33838384e-05 -2.27272727e-06 1.50006420e+08 3.29778660e+03 2.40099880e+02
1.38888889e-05 -2.27272727e-06 1.50007507e+08 4.49261097e+03 4.54686866e+02
1.43939394e-05 -2.27272727e-06 1.50008464e+08 5.97293414e+03 5.05109745e+02
1.48989899e-05 -2.27272727e-06 1.50009113e+08 7.65444252e+03 2.20935700e+02
1.54040404e-05 -2.27272727e-06 1.50009250e+08 9.29884356e+03 -6.00312748e+02
1.59090909e-05 -2.27272727e-06 1.50008719e+08 1.04616837e+04 -2.12235039e+03
1.64141414e-05 -2.27272727e-06 1.50007499e+08 1.05061320e+04 -4.35451819e+03
1.69191919e-05 -2.27272727e-06 1.50005775e+08 8.72601501e+03 -7.03723059e+03
1.74242424e-05 -2.27272727e-06 1.50003941e+08 4.56390732e+03 -9.59108174e+03
1.79292929e-05 -2.27272727e-06 1.50002574e+08 -2.12447863e+03 -1.11440429e+04
1.84343434e-05 -2.27272727e-06 1.50002337e+08 -1.07448629e+04 -1.06383016e+04
1.89393939e-05 -2.27272727e-06 1.50003653e+08 -1.96038909e+04 -7.19311840e+03
1.94444444e-05 -2.27272727e-06 1.50006081e+08 -2.60398481e+04 -9.31690570e+02
1.99494949e-05 -2.27272727e-06 1.50008163e+08 -2.78054155e+04 6.38285353e+03
2.04545455e-05 -2.27272727e-06 1.50008505e+08 -2.48313078e+04 1.22238824e+04
2.09595960e-05 -2.27272727e-06 1.50006952e+08 -1.91396500e+04 1.51266889e+04
2.14646465e-05 -2.27272727e-06 1.50004376e+08 -1.30616813e+04 1.53004694e+04
2.19696970e-05 -2.27272727e-06 1.50001736e+08 -7.96866503e+03 1.37991421e+04
2.24747475e-05 -2.27272727e-06 1.49999572e+08 -4.24033750e+03 1.16244708e+04
2.29797980e-05 -2.27272727e-06 1.49998026e+08 -1.73006245e+03 9.40044788e+03
2.34848485e-05 -2.27272727e-06 1.49997037e+08 -1.36341825e+02 7.41776799e+03
2.39898990e-05 -2.27272727e-06 1.49996474e+08 8.24545213e+02 5.76654920e+03
2.44949495e-05 -2.27272727e-06 1.49996212e+08 1.36910563e+03 4.44026930e+03
2.50000000e-05 -2.27272727e-06 1.49996150e+08 1.64798161e+03 3.39543448e+03
-2.50000000e-05 -1.76767677e-06 1.50000083e+08 -5.68765243e+02 3.85756840e+02
-2.44949495e-05 -1.76767677e-06 1.50000161e+08 -4.93030888e+02 4.37912987e+02
-2.39898990e-05 -1.76767677e-06 1.50000247e+08 -4.03894773e+02 4.88926842e+02
-2.34848485e-05 -1.76767677e-06 1.50000342e+08 -3.00445198e+02 5.37545753e+02
-2.29797980e-05 -1.76767677e-06 1.50000445e+08 -1.81861296e+02 5.82336135e+02
-2.24747475e-05 -1.76767677e-06 1.50000555e+08 -4.74386729e+01 6.21700495e+02
-2.19696970e-05 -1.76767677e-06 1.50000671e+08 1.03387514e+02 6.53913542e+02
-2.14646465e-05 -1.76767677e-06 1.50000793e+08 2.71021965e+02 6.77186460e+02
-2.09595960e-05 -1.76767677e-06 1.50000917e+08 4.55686863e+02 6.89772687e+02
-2.04545455e-05 -1.76767677e-06 1.50001041e+08 6.57383682e+02 6.90133618e+02
-1.99494949e-05 -1.76767677e-06 1.50001161e+08 8.75805847e+02 6.77185670e+02
-1.94444444e-05 -1.76767677e-06 1.50001274e+08 1.11013609e+03 6.50641893e+02
-1.89393939e-05 -1.76767677e-06 1.50001373e+08 1.35861984e+03 6.11419570e+02
-1.84343434e-05 -1.76767677e-06 1.50001453e+08 1.61778874e+03 5.61971659e+02
-1.79292929e-05 -1.76767677e-06 1.50001509e+08 1.88132492e+03 5.06186768e+02
-1.74242424e-05 -1.76767677e-06 1.50001539e+08 2.13900035e+03 4.48292525e+02
-1.69191919e-05 -1.76767677e-06 1.50001542e+08 2.37694262e+03 3.90439222e+02
-1.64141414e-05 -1.76767677e-06 1.50001525e+08 2.58086632e+03 3.29991124e+02
-1.59090909e-05 -1.76767677e-06 1.50001492e+08 2.74199861e+03 2.59432359e+02
-1.54040404e-05 -1.76767677e-06 1.50001444e+08 2.86127686e+03 1.70928808e+02
-1.48989899e-05 -1.76767677e-06 1.50001379e+08 2.94674003e+03 6.22931020e+01
-1.43939394e-05 -1.76767677e-06 1.50001293e+08 3.00598017e+03 -6.20208859e+01
-1.38888889e-05 -1.76767677e-06 1.50001188e+08 3.04167926e+03 -1.96046321e+02
-1.33838384e-05 -1.76767677e-06 1.50001067e+08 3.05488388e+03 -3.37752190e+02
-1.28787879e-05 -1.76767677e-06 1.50000930e+08 3.05243448e+03 -4.88094441e+02
-1.23737374e-05 -1.76767677e-06 1.50000765e+08 3.04850274e+03 -6.41786722e+02
-1.18686869e-05 -1.76767677e-06 1.50000554e+08 3.05098272e+03 -7.78618803e+02
-1.13636364e-05 -1.76767677e-06 1.50000289e+08 3.04205465e+03 -8.71928931e+02
-1.08585859e-05 -1.76767677e-06 1.49999975e+08 2.98126387e+03 -9.11147848e+02
-1.03535354e-05 -1.76767677e-06 1.49999624e+08 2.83277455e+03 -9.09246652e+02
-9.84848485e-06 -1.76767677e-06 1.49999241e+08 2.58289993e+03 -8.88329381e+02
-9.34343434e-06 -1.76767677e-06 1.49998825e+08 2.23533619e+03 -8.66553444e+02
-8.83838384e-06 -1.76767677e-06 1.49998380e+08 1.80073888e+03 -8.57225446e+02
-8.33333333e-06 -1.76767677e-06 1.49997915e+08 1.29245551e+03 -8.73303780e+02
-7.82828283e-06 -1.76767677e-06 1.49997449e+08 7.28020959e+02 -9.30619121e+02
-7.32323232e-06 -1.76767677e-06 1.49997011e+08 1.32882314e+02 -1.04809252e+03
-6.81818182e-06 -1.76767677e-06 1.49996632e+08 -4.56002298e+02 -1.24528302e+03
-6.31313131e-06 -1.76767677e-06 1.49996346e+08 -9.88092123e+02 -1.53770394e+03
-5.80808081e-06 -1.76767677e-06 1.49996183e+08 -1.40005585e+03 -1.93026266e+03
-5.30303030e-06 -1.76767677e-06 1.49996161e+08 -1.62104644e+03 -2.40961214e+03
-4.79797980e-06 -1.76767677e-06 1.49996275e+08 -1.58398882e+03 -2.93734817e+03
-4.29292929e-06 -1.76767677e-06 1.49996496e+08 -1.24304563e+03 -3.44761368e+03
-3.78787879e-06 -1.76767677e-06 1.49996767e+08 -5.94033639e+02 -3.85365661e+03
-3.28282828e-06 -1.76767677e-06 1.49997015e+08 3.10155534e+02 -4.06611996e+03
-2.77777778e-06 -1.76767677e-06 1.49997173e+08 1.35962333e+03 -4.01989297e+03
-2.27272727e-06 -1.76767677e-06 1.49997203e+08 2.40912042e+03 -3.69867412e+03
-1.76767677e-06 -1.76767677e-06 1.49997107e+08 3.31572883e+03 -3.14380665e+03
-1.26262626e-06 -1.76767677e-06 1.49996927e+08 3.97606557e+03 -2.44132338e+03
-7.57575758e-07 -1.76767677e-06 1.49996721e+08 4.34629876e+03 -1.69401705e+03
-2.52525253e-07 -1.76767677e-06 1.49996543e+08 4.43937831e+03 -9.93009197e+02
2.52525253e-07 -1.76767677e-06 1.49996431e+08 4.30645191e+03 -4.00367174e+02
7.57575758e-07 -1.76767677e-06 1.49996401e+08 4.01436003e+03 5.44780691e+01
1.26262626e-06 -1.76767677e-06 1.49996450e+08 3.62801438e+03 3.68689616e+02
1.76767677e-06 -1.76767677e-06 1.49996565e+08 3.20065383e+03 5.56370995e+02
2.27272727e-06 -1.76767677e-06 1.49996731e+08 2.77081708e+03 6.39633219e+02
2.77777778e-06 -1.76767677e-06 1.49996930e+08 2.36341090e+03 6.42238530e+02
3.28282828e-06 -1.76767677e-06 1.49997148e+08 1.99253628e+03 5.85939136e+02
3.78787879e-06 -1.76767677e-06 1.49997374e+08 1.66459256e+03 4.88865804e+02
4.29292929e-06 -1.76767677e-06 1.49997601e+08 1.38095322e+03 3.65200702e+02
4.79797980e-06 -1.76767677e-06 1.49997823e+08 1.13999952e+03 2.25525830e+02
5.30303030e-06 -1.76767677e-06 1.49998040e+08 9.38545990e+02 7.74504391e+01
5.80808081e-06 -1.76767677e-06 1.49998252e+08 7.72783064e+02 -7.37044943e+01
6.31313131e-06 -1.76767677e-06 1.49998460e+08 6.38875210e+02 -2.24269054e+02
6.81818182e-06 -1.76767677e-06 1.49998668e+08 5.33334457e+02 -3.71669034e+02
7.32323232e-06 -1.76767677e-06 1.49998881e+08 4.53264365e+02 -5.13949769e+02
7.82828283e-06 -1.76767677e-06 1.49999105e+08 3.96548877e+02 -6.49358528e+02
8.33333333e-06 -1.76767677e-06 1.49999348e+08 3.62048292e+02 -7.75957594e+02
8.83838384e-06 -1.76767677e-06 1.49999620e+08 3.49862081e+02 -8.91238801e+02
9.34343434e-06 -1.76767677e-06 1.49999932e+08 3.61726338e+02 -9.91713777e+02
9.84848485e-06 -1.76767677e-06 1.50000301e+08 4.01633057e+02 -1.07246518e+03
1.03535354e-05 -1.76767677e-06 1.50000744e+08 4.76789583e+02 -1.12667098e+03
1.08585859e-05 -1.76767677e-06 1.50001285e+08 5.99075808e+02 -1.14517404e+03
1.13636364e-05 -1.76767677e-06 1.50001948e+08 7.87187774e+02 -1.11629619e+03
1.18686869e-05 -1.76767677e-06 1.50002763e+08 1.06962882e+03 -1.02634773e+03
1.23737374e-05 -1.76767677e-06 1.50003756e+08 1.48849248e+03 -8.61742660e+02
1.28787879e-05 -1.76767677e-06 1.50004949e+08 2.10327748e+03 -6.14370460e+02
1.33838384e-05 -1.76767677e-06 1.50006335e+08 2.99220955e+03 -2.92796110e+02
1.38888889e-05 -1.76767677e-06 1.50007867e+08 4.24489056e+03 5.77794884e+01
1.43939394e-05 -1.76767677e-06 1.50009421e+08 5.93424471e+03 3.26374286e+02
1.48989899e-05 -1.76767677e-06 1.50010776e+08 8.05074724e+03 3.07407789e+02
1.54040404e-05 -1.76767677e-06 1.50011630e+08 1.03896538e+04 -2.97378508e+02
1.59090909e-05 -1.76767677e-06 1.50011684e+08 1.24229160e+04 -1.79575029e+03
1.64141414e-05 -1.76767677e-06 1.50010796e+08 1.32597501e+04 -4.31538187e+03
1.69191919e-05 -1.76767677e-06 1.50009103e+08 1.18172666e+04 -7.59151260e+03
1.74242424e-05 -1.76767677e-06 1.50006991e+08 7.16780503e+03 -1.09020011e+04
1.79292929e-05 -1.76767677e-06 1.50005040e+08 -1.14401715e+03 -1.31570658e+04
1.84343434e-05 -1.76767677e-06 1.50004133e+08 -1.27568247e+04 -1.28927257e+04
1.89393939e-05 -1.76767677e-06 1.50005343e+08 -2.55783009e+04 -8.37208133e+03
1.94444444e-05 -1.76767677e-06 1.50008533e+08 -3.49312475e+04 8.92731204e+02
1.99494949e-05 -1.76767677e-06 1.50011070e+08 -3.61063386e+04 1.17449732e+04
2.04545455e-05 -1.76767677e-06 1.50010325e+08 -2.94427586e+04 1.91226075e+04
2.09595960e-05 -1.76767677e-06 1.50006744e+08 -1.97628483e+04 2.10252261e+04
2.14646465e-05 -1.76767677e-06 1.50002475e+08 -1.12074533e+04 1.90629458e+04
2.19696970e-05 -1.76767677e-06 1.49998992e+08 -5.18320554e+03 1.55778813e+04
2.24747475e-05 -1.76767677e-06 1.49996681e+08 -1.44271240e+03 1.20348320e+04
2.29797980e-05 -1.76767677e-06 1.49995371e+08 6.94512157e+02 9.02105590e+03
2.34848485e-05 -1.76767677e-06 1.49994764e+08 1.82411940e+03 6.65066862e+03
2.39898990e-05 -1.76767677e-06 1.49994601e+08 2.35545586e+03 4.85353798e+03
2.44949495e-05 -1.76767677e-06 1.49994700e+08 2.54407921e+03 3.51344351e+03
2.50000000e-05 -1.76767677e-06 1.49994941e+08 2.54274396e+03 2.52041230e+03
-2.50000000e-05 -1.26262626e-06 1.49999988e+08 -6.24547716e+02 3.97729990e+02
-2.44949495e-05 -1.26262626e-06 1.50000061e+08 -5.48695392e+02 4.57309432e+02
-2.39898990e-05 -1.26262626e-06 1.50000143e+08 -4.58290730e+02 5.16705986e+02
-2.34848485e-05 -1.26262626e-06 1.50000234e+08 -3.52232910e+02 5.74683020e+02
-2.29797980e-05 -1.26262626e-06 1.50000334e+08 -2.29523887e+02 6.29814663e+02
-2.24747475e-05 -1.26262626e-06 1.50000440e+08 -8.93112132e+01 6.80507833e+02
-2.19696970e-05 -1.26262626e-06 1.50000553e+08 6.90644292e+01 7.25045900e+02
-2.14646465e-05 -1.26262626e-06 1.50000671e+08 2.46014360e+02 7.61661641e+02
-2.09595960e-05 -1.26262626e-06 1.50000791e+08 4.41632738e+02 7.88648351e+02
-2.04545455e-05 -1.26262626e-06 1.50000910e+08 6.55598301e+02 8.04517180e+02
-1.99494949e-05 -1.26262626e-06 1.50001025e+08 8.87020370e+02 8.08202340e+02
-1.94444444e-05 -1.26262626e-06 1.50001132e+08 1.13418934e+03 7.99296480e+02
-1.89393939e-05 -1.26262626e-06 1.50001226e+08 1.39418956e+03 7.78255733e+02
-1.84343434e-05 -1.26262626e-06 1.50001303e+08 1.66237203e+03 7.46441766e+02
-1.79292929e-05 -1.26262626e-06 1.50001359e+08 1.93181659e+03 7.05792318e+02
-1.74242424e-05 -1.26262626e-06 1.50001394e+08 2.19316671e+03 6.57936465e+02
-1.69191919e-05 -1.26262626e-06 1.50001406e+08 2.43545970e+03 6.02880761e+02
-1.64141414e-05 -1.26262626e-06 1.50001399e+08 2.64836560e+03 5.38030848e+02
-1.59090909e-05 -1.26262626e-06 1.50001374e+08 2.82516382e+03 4.58724686e+02
-1.54040404e-05 -1.26262626e-06 1.50001331e+08 2.96446635e+03 3.60614969e+02
-1.48989899e-05 -1.26262626e-06 1.50001270e+08 3.06906366e+03 2.42301787e+02
-1.43939394e-05 -1.26262626e-06 1.50001186e+08 3.14288334e+03 1.05899885e+02
-1.38888889e-05 -1.26262626e-06 1.50001079e+08 3.18905953e+03 -4.47469249e+01
-1.33838384e-05 -1.26262626e-06 1.50000948e+08 3.21078109e+03 -2.05826882e+02
-1.28787879e-05 -1.26262626e-06 1.50000789e+08 3.21308423e+03 -3.72635543e+02
-1.23737374e-05 -1.26262626e-06 1.50000594e+08 3.20143398e+03 -5.36154080e+02
-1.18686869e-05 -1.26262626e-06 1.50000355e+08 3.17515920e+03 -6.81603210e+02
-1.13636364e-05 -1.26262626e-06 1.50000070e+08 3.12107945e+03 -7.93841431e+02
-1.08585859e-05 -1.26262626e-06 1.49999743e+08 3.01622583e+03 -8.66662409e+02
-1.03535354e-05 -1.26262626e-06 1.49999384e+08 2.83914906e+03 -9.06437849e+02
-9.84848485e-06 -1.26262626e-06 1.49999002e+08 2.57902916e+03 -9.27305600e+02
-9.34343434e-06 -1.26262626e-06 1.49998603e+08 2.23655611e+03 -9.44751252e+02
-8.83838384e-06 -1.26262626e-06 1.49998194e+08 1.82042476e+03 -9.73067428e+02
-8.33333333e-06 -1.26262626e-06 1.49997786e+08 1.34475938e+03 -1.02601903e+03
-7.82828283e-06 -1.26262626e-06 1.49997397e+08 8.29033364e+02 -1.11790624e+03
-7.32323232e-06 -1.26262626e-06 1.49997047e+08 2.99514667e+02 -1.26332908e+03
-6.81818182e-06 -1.26262626e-06 1.49996762e+08 -2.09212365e+02 -1.47522712e+03
-6.31313131e-06 -1.26262626e-06 1.49996563e+08 -6.53896500e+02 -1.76136396e+03
-5.80808081e-06 -1.26262626e-06 1.49996468e+08 -9.84530525e+02 -2.11974723e+03
-5.30303030e-06 -1.26262626e-06 1.49996485e+08 -1.14946575e+03 -2.53392041e+03
-4.79797980e-06 -1.26262626e-06 1.49996602e+08 -1.10418560e+03 -2.96973097e+03
-4.29292929e-06 -1.26262626e-06 1.49996793e+08 -8.22985023e+02 -3.37580478e+03
-3.78787879e-06 -1.26262626e-06 1.49997012e+08 -3.10809680e+02 -3.68986012e+03
-3.28282828e-06 -1.26262626e-06 1.49997210e+08 3.89498023e+02 -3.85135854e+03
-2.77777778e-06 -1.26262626e-06 1.49997339e+08 1.19959488e+03 -3.81773301e+03
-2.27272727e-06 -1.26262626e-06 1.49997373e+08 2.01972817e+03 -3.57816205e+03
-1.76767677e-06 -1.26262626e-06 1.49997313e+08 2.75093116e+03 -3.15837482e+03
-1.26262626e-06 -1.26262626e-06 1.49997182e+08 3.31698950e+03 -2.61372940e+03
-7.57575758e-07 -1.26262626e-06 1.49997018e+08 3.67778764e+03 -2.01371233e+03
-2.52525253e-07 -1.26262626e-06 1.49996861e+08 3.83045738e+03 -1.42483406e+03
2.52525253e-07 -1.26262626e-06 1.49996741e+08 3.80072722e+03 -8.98265885e+02
7.57575758e-07 -1.26262626e-06 1.49996676e+08 3.63009977e+03 -4.64846996e+02
1.26262626e-06 -1.26262626e-06 1.49996670e+08 3.36402903e+03 -1.36388454e+02
1.76767677e-06 -1.26262626e-06 1.49996720e+08 3.04382270e+03 8.95514753e+01
2.27272727e-06 -1.26262626e-06 1.49996815e+08 2.70261710e+03 2.24091629e+02
2.77777778e-06 -1.26262626e-06 1.49996945e+08 2.36445209e+03 2.82283517e+02
3.28282828e-06 -1.26262626e-06 1.49997097e+08 2.04516032e+03 2.79795652e+02
3.78787879e-06 -1.26262626e-06 1.49997263e+08 1.75402243e+03 2.30970867e+02
4.29292929e-06 -1.26262626e-06 1.49997435e+08 1.49552922e+03 1.47926428e+02
4.79797980e-06 -1.26262626e-06 1.49997607e+08 1.27092328e+03 4.03310812e+01
5.30303030e-06 -1.26262626e-06 1.49997778e+08 1.07941045e+03 -8.44366217e+01
5.80808081e-06 -1.26262626e-06 1.49997945e+08 9.19047643e+02 -2.20950212e+02
6.31313131e-06 -1.26262626e-06 1.49998109e+08 7.87363349e+02 -3.65337182e+02
6.81818182e-06 -1.26262626e-06 1.49998272e+08 6.81780025e+02 -5.14881471e+02
7.32323232e-06 -1.26262626e-06 1.49998438e+08 5.99904456e+02 -6.67648280e+02
7.82828283e-06 -1.26262626e-06 1.49998611e+08 5.39744576e+02 -8.22128522e+02
8.33333333e-06 -1.26262626e-06 1.49998798e+08 4.99906269e+02 -9.76884640e+02
8.83838384e-06 -1.26262626e-06 1.49999009e+08 4.79825127e+02 -1.13016832e+03
9.34343434e-06 -1.26262626e-06 1.49999254e+08 4.80099669e+02 -1.27947136e+03
9.84848485e-06 -1.26262626e-06 1.49999549e+08 5.03018852e+02 -1.42096328e+03
1.03535354e-05 -1.26262626e-06 1.49999915e+08 5.53424816e+02 -1.54876709e+03
1.08585859e-05 -1.26262626e-06 1.50000379e+08 6.40131106e+02 -1.65404080e+03
1.13636364e-05 -1.26262626e-06 1.50000973e+08 7.78235781e+02 -1.72389824e+03
1.18686869e-05 -1.26262626e-06 1.50001742e+08 9.92821041e+02 -1.74039179e+03
1.23737374e-05 -1.26262626e-06 1.50002737e+08 1.32464676e+03 -1.68024316e+03
1.28787879e-05 -1.26262626e-06 1.50004014e+08 1.83826094e+03 -1.51702598e+03
1.33838384e-05 -1.26262626e-06 1.50005623e+08 2.63169498e+03 -1.22946596e+03
1.38888889e-05 -1.26262626e-06 1.50007576e+08 3.84273275e+03 -8.22523201e+02
1.43939394e-05 -1.26262626e-06 1.50009806e+08 5.63631311e+03 -3.70040175e+02
1.48989899e-05 -1.26262626e-06 1.50012098e+08 8.13874179e+03 -8.06752648e+01
1.54040404e-05 -1.26262626e-06 1.50014051e+08 1.12696003e+04 -3.53712646e+02
1.59090909e-05 -1.26262626e-06 1.50015166e+08 1.44670258e+04 -1.71798949e+03
1.64141414e-05 -1.26262626e-06 1.50015118e+08 1.64846879e+04 -4.51878306e+03
1.69191919e-05 -1.26262626e-06 1.50014026e+08 1.56308531e+04 -8.45174468e+03
1.74242424e-05 -1.26262626e-06 1.50012304e+08 1.04963011e+04 -1.24597123e+04
1.79292929e-05 -1.26262626e-06 1.50010209e+08 3.97400365e+02 -1.52295623e+04
1.84343434e-05 -1.26262626e-06 1.50008208e+08 -1.48927626e+04 -1.52787420e+04
1.89393939e-05 -1.26262626e-06 1.50008351e+08 -3.39632065e+04 -9.68664636e+03
1.94444444e-05 -1.26262626e-06 1.50012356e+08 -4.88629106e+04 4.53710489e+03
1.99494949e-05 -1.26262626e-06 1.50015242e+08 -4.79479824e+04 2.16303085e+04
2.04545455e-05 -1.26262626e-06 1.50011425e+08 -3.32938308e+04 2.99629540e+04
2.09595960e-05 -1.26262626e-06 1.50004041e+08 -1.73591682e+04 2.81362713e+04
2.14646465e-05 -1.26262626e-06 1.49997829e+08 -6.50717452e+03 2.20409130e+04
2.19696970e-05 -1.26262626e-06 1.49994136e+08 -5.43560252e+02 1.58770998e+04
2.24747475e-05 -1.26262626e-06 1.49992439e+08 2.33587712e+03 1.10114316e+04
2.29797980e-05 -1.26262626e-06 1.49991955e+08 3.54164785e+03 7.50048437e+03
2.34848485e-05 -1.26262626e-06 1.49992115e+08 3.89988786e+03 5.05047004e+03
2.39898990e-05 -1.26262626e-06 1.49992581e+08 3.84994977e+03 3.35761468e+03
2.44949495e-05 -1.26262626e-06 1.49993169e+08 3.61700636e+03 2.18764518e+03
2.50000000e-05 -1.26262626e-06 1.49993781e+08 3.31428647e+03 1.37567273e+03
-2.50000000e-05 -7.57575758e-07 1.49999885e+08 -6.87560584e+02 4.09889623e+02
-2.44949495e-05 -7.57575758e-07 1.49999953e+08 -6.12621738e+02 4.77513110e+02
-2.39898990e-05 -7.57575758e-07 1.50000031e+08 -5.22007553e+02 5.46085612e+02
-2.34848485e-05 -7.57575758e-07 1.50000118e+08 -4.14414237e+02 6.14394893e+02
-2.29797980e-05 -7.57575758e-07 1.50000213e+08 -2.88653876e+02 6.81020454e+02
-2.24747475e-05 -7.57575758e-07 1.50000316e+08 -1.43715939e+02 7.44354379e+02
-2.19696970e-05 -7.57575758e-07 1.50000426e+08 2.11602511e+01 8.02643688e+02
-2.14646465e-05 -7.57575758e-07 1.50000541e+08 2.06398929e+02 8.54059693e+02
-2.09595960e-05 -7.57575758e-07 1.50000659e+08 4.11981202e+02 8.96798680e+02
-2.04545455e-05 -7.57575758e-07 1.50000776e+08 6.37308332e+02 9.29214158e+02
-1.99494949e-05 -7.57575758e-07 1.50000889e+08 8.81021296e+02 9.49971342e+02
-1.94444444e-05 -7.57575758e-07 1.50000995e+08 1.14076388e+03 9.58196263e+02
-1.89393939e-05 -7.57575758e-07 1.50001090e+08 1.41289211e+03 9.53563542e+02
-1.84343434e-05 -7.57575758e-07 1.50001169e+08 1.69217848e+03 9.36236240e+02
-1.79292929e-05 -7.57575758e-07 1.50001231e+08 1.97164619e+03 9.06566595e+02
-1.74242424e-05 -7.57575758e-07 1.50001272e+08 2.24277197e+03 8.64542312e+02
-1.69191919e-05 -7.57575758e-07 1.50001293e+08 2.49631143e+03 8.09162043e+02
-1.64141414e-05 -7.57575758e-07 1.50001294e+08 2.72376525e+03 7.38169267e+02
-1.59090909e-05 -7.57575758e-07 1.50001276e+08 2.91899276e+03 6.48588172e+02
-1.54040404e-05 -7.57575758e-07 1.50001236e+08 3.07908543e+03 5.38023559e+02
-1.48989899e-05 -7.57575758e-07 1.50001175e+08 3.20394328e+03 4.05972737e+02
-1.43939394e-05 -7.57575758e-07 1.50001088e+08 3.29501282e+03 2.54267007e+02
-1.38888889e-05 -7.57575758e-07 1.50000974e+08 3.35430434e+03 8.65837582e+01
-1.33838384e-05 -7.57575758e-07 1.50000830e+08 3.38422930e+03 -9.20554342e+01
-1.28787879e-05 -7.57575758e-07 1.50000653e+08 3.38745804e+03 -2.74922776e+02
-1.23737374e-05 -7.57575758e-07 1.50000438e+08 3.36538722e+03 -4.52783531e+02
-1.18686869e-05 -7.57575758e-07 1.50000182e+08 3.31514113e+03 -6.14492710e+02
-1.13636364e-05 -7.57575758e-07 1.49999887e+08 3.22757653e+03 -7.50277728e+02
-1.08585859e-05 -7.57575758e-07 1.49999557e+08 3.08922353e+03 -8.56068943e+02
-1.03535354e-05 -7.57575758e-07 1.49999202e+08 2.88765095e+03 -9.35407684e+02
-9.84848485e-06 -7.57575758e-07 1.49998832e+08 2.61638732e+03 -9.97732581e+02
-9.34343434e-06 -7.57575758e-07 1.49998455e+08 2.27666679e+03 -1.05522387e+03
-8.83838384e-06 -7.57575758e-07 1.49998082e+08 1.87668688e+03 -1.12064510e+03
-8.33333333e-06 -7.57575758e-07 1.49997723e+08 1.43045527e+03 -1.20661185e+03
-7.82828283e-06 -7.57575758e-07 1.49997394e+08 9.57387221e+02 -1.32534164e+03
-7.32323232e-06 -7.57575758e-07 1.49997111e+08 4.82560054e+02 -1.48791689e+03
-6.81818182e-06 -7.57575758e-07 1.49996892e+08 3.69124063e+01 -1.70261999e+03
-6.31313131e-06 -7.57575758e-07 1.49996752e+08 -3.43439191e+02 -1.97238684e+03
-5.80808081e-06 -7.57575758e-07 1.49996698e+08 -6.19493955e+02 -2.29180328e+03
-5.30303030e-06 -7.57575758e-07 1.49996733e+08 -7.53747107e+02 -2.64443140e+03
-4.79797980e-06 -7.57575758e-07 1.49996843e+08 -7.16625120e+02 -3.00160129e+03
-4.29292929e-06 -7.57575758e-07 1.49997004e+08 -4.94087146e+02 -3.32395251e+03
-3.78787879e-06 -7.57575758e-07 1.49997183e+08 -9.44284414e+01 -3.56663198e+03
-3.28282828e-06 -7.57575758e-07 1.49997342e+08 4.48455454e+02 -3.68789703e+03
-2.77777778e-06 -7.57575758e-07 1.49997450e+08 1.07778186e+03 -3.65914240e+03
-2.27272727e-06 -7.57575758e-07 1.49997486e+08 1.72315927e+03 -3.47296076e+03
-1.76767677e-06 -7.57575758e-07 1.49997449e+08 2.31419248e+03 -3.14592131e+03
-1.26262626e-06 -7.57575758e-07 1.49997354e+08 2.79399238e+03 -2.71472636e+03
-7.57575758e-07 -7.57575758e-07 1.49997225e+08 3.12814987e+03 -2.22728066e+03
-2.52525253e-07 -7.57575758e-07 1.49997091e+08 3.30694582e+03 -1.73219783e+03
2.52525253e-07 -7.57575758e-07 1.49996975e+08 3.34151983e+03 -1.27027734e+03
7.57575758e-07 -7.57575758e-07 1.49996894e+08 3.25667150e+03 -8.69893263e+02
1.26262626e-06 -7.57575758e-07 1.49996855e+08 3.08322639e+03 -5.46308116e+02
1.76767677e-06 -7.57575758e-07 1.49996859e+08 2.85195041e+03 -3.03691269e+02
2.27272727e-06 -7.57575758e-07 1.49996902e+08 2.58974657e+03 -1.38333236e+02
2.77777778e-06 -7.57575758e-07 1.49996975e+08 2.31795054e+03 -4.18876748e+01
3.28282828e-06 -7.57575758e-07 1.49997071e+08 2.05212300e+03 -4.00465541e+00
3.78787879e-06 -7.57575758e-07 1.49997182e+08 1.80269696e+03 -1.41609903e+01
4.29292929e-06 -7.57575758e-07 1.49997301e+08 1.57598175e+03 -6.27557900e+01
4.79797980e-06 -7.57575758e-07 1.49997423e+08 1.37520919e+03 -1.41646041e+02
5.30303030e-06 -7.57575758e-07 1.49997545e+08 1.20146045e+03 -2.44307521e+02
5.80808081e-06 -7.57575758e-07 1.49997664e+08 1.05441411e+03 -3.65772940e+02
6.31313131e-06 -7.57575758e-07 1.49997779e+08 9.32914372e+02 -5.02454344e+02
6.81818182e-06 -7.57575758e-07 1.49997891e+08 8.35385724e+02 -6.51916100e+02
7.32323232e-06 -7.57575758e-07 1.49998001e+08 7.60130751e+02 -8.12632905e+02
7.82828283e-06 -7.57575758e-07 1.49998112e+08 7.05549342e+02 -9.83743754e+02
8.33333333e-06 -7.57575758e-07 1.49998230e+08 6.70317791e+02 -1.16479479e+03
8.83838384e-06 -7.57575758e-07 1.49998360e+08 6.53569235e+02 -1.35544813e+03
9.34343434e-06 -7.57575758e-07 1.49998514e+08 6.55127407e+02 -1.55511648e+03
9.84848485e-06 -7.57575758e-07 1.49998703e+08 6.75869918e+02 -1.76246126e+03
1.03535354e-05 -7.57575758e-07 1.49998948e+08 7.18346113e+02 -1.97466234e+03
1.08585859e-05 -7.57575758e-07 1.49999274e+08 7.87867051e+02 -2.18633009e+03
1.13636364e-05 -7.57575758e-07 1.49999718e+08 8.94454521e+02 -2.38789701e+03
1.18686869e-05 -7.57575758e-07 1.50000333e+08 1.05633458e+03 -2.56334089e+03
1.23737374e-05 -7.57575758e-07 1.50001188e+08 1.30615096e+03 -2.68728984e+03
1.28787879e-05 -7.57575758e-07 1.50002378e+08 1.70174743e+03 -2.72231167e+03
1.33838384e-05 -7.57575758e-07 1.50004015e+08 2.34381418e+03 -2.61938195e+03
1.38888889e-05 -7.57575758e-07 1.50006217e+08 3.40097738e+03 -2.32991348e+03
1.43939394e-05 -7.57575758e-07 1.50009050e+08 5.13265650e+03 -1.84827165e+03
1.48989899e-05 -7.57575758e-07 1.50012412e+08 7.86604166e+03 -1.31488008e+03
1.54040404e-05 -7.57575758e-07 1.50015878e+08 1.18105668e+04 -1.18631130e+03
1.59090909e-05 -7.57575758e-07 1.50018675e+08 1.65475773e+04 -2.32331941e+03
1.64141414e-05 -7.57575758e-07 1.50020138e+08 2.03396732e+04 -5.55488098e+03
1.69191919e-05 -7.57575758e-07 1.50020528e+08 2.02828608e+04 -1.05167815e+04
1.74242424e-05 -7.57575758e-07 1.50020805e+08 1.41577758e+04 -1.51192003e+04
1.79292929e-05 -7.57575758e-07 1.50020774e+08 1.81941455e+03 -1.72559728e+04
1.84343434e-05 -7.57575758e-07 1.50018430e+08 -1.69727823e+04 -1.65396441e+04
1.89393939e-05 -7.57575758e-07 1.50014738e+08 -4.50193549e+04 -1.06125549e+04
1.94444444e-05 -7.57575758e-07 1.50018542e+08 -7.28076166e+04 1.19005791e+04
1.99494949e-05 -7.57575758e-07 1.50020901e+08 -6.47320962e+04 4.15618580e+04
2.04545455e-05 -7.57575758e-07 1.50008213e+08 -3.18158333e+04 4.59670553e+04
2.09595960e-05 -7.57575758e-07 1.49995148e+08 -8.42837489e+03 3.39307618e+04
2.14646465e-05 -7.57575758e-07 1.49988690e+08 2.04547713e+03 2.16704412e+04
2.19696970e-05 -7.57575758e-07 1.49986823e+08 5.73155053e+03 1.31946690e+04
2.24747475e-05 -7.57575758e-07 1.49987091e+08 6.57413889e+03 7.88175347e+03
2.29797980e-05 -7.57575758e-07 1.49988165e+08 6.33597964e+03 4.61570463e+03
2.34848485e-05 -7.57575758e-07 1.49989449e+08 5.73797930e+03 2.59823269e+03
2.39898990e-05 -7.57575758e-07 1.49990701e+08 5.06569481e+03 1.33842591e+03
2.44949495e-05 -7.57575758e-07 1.49991833e+08 4.42697156e+03 5.44011929e+02
2.50000000e-05 -7.57575758e-07 1.49992825e+08 3.85719773e+03 4.03867922e+01
-2.50000000e-05 -2.52525253e-07 1.49999775e+08 -7.58283224e+02 4.21341410e+02
-2.44949495e-05 -2.52525253e-07 1.49999837e+08 -6.85451803e+02 4.97503360e+02
-2.39898990e-05 -2.52525253e-07 1.49999910e+08 -5.95860526e+02 5.75911437e+02
-2.34848485e-05 -2.52525253e-07 1.49999992e+08 -4.87979398e+02 6.55383325e+02
-2.29797980e-05 -2.52525253e-07 1.50000084e+08 -3.60403277e+02 7.34496744e+02
-2.24747475e-05 -2.52525253e-07 1.50000184e+08 -2.11931705e+02 8.11603090e+02
-2.19696970e-05 -2.52525253e-07 1.50000291e+08 -4.16646121e+01 8.84861055e+02
-2.14646465e-05 -2.52525253e-07 1.50000405e+08 1.50883848e+02 9.52294004e+02
-2.09595960e-05 -2.52525253e-07 1.50000522e+08 3.65650344e+02 1.01187268e+03
-2.04545455e-05 -2.52525253e-07 1.50000640e+08 6.01863037e+02 1.06161980e+03
-1.99494949e-05 -2.52525253e-07 1.50000755e+08 8.57856507e+02 1.09972448e+03
-1.94444444e-05 -2.52525253e-07 1.50000864e+08 1.13086707e+03 1.12464158e+03
-1.89393939e-05 -2.52525253e-07 1.50000963e+08 1.41683288e+03 1.13513701e+03
-1.84343434e-05 -2.52525253e-07 1.50001049e+08 1.71025627e+03 1.13023298e+03
-1.79292929e-05 -2.52525253e-07 1.50001118e+08 2.00422897e+03 1.10902571e+03
-1.74242424e-05 -2.52525253e-07 1.50001169e+08 2.29074697e+03 1.07041026e+03
-1.69191919e-05 -2.52525253e-07 1.50001199e+08 2.56139837e+03 1.01284880e+03
-1.64141414e-05 -2.52525253e-07 1.50001208e+08 2.80834870e+03 9.34397147e+02
-1.59090909e-05 -2.52525253e-07 1.50001195e+08 3.02532155e+03 8.33145545e+02
-1.54040404e-05 -2.52525253e-07 1.50001158e+08 3.20816255e+03 7.07986598e+02
-1.48989899e-05 -2.52525253e-07 1.50001095e+08 3.35476660e+03 5.59354116e+02
-1.43939394e-05 -2.52525253e-07 1.50001003e+08 3.46455206e+03 3.89570151e+02
-1.38888889e-05 -2.52525253e-07 1.50000880e+08 3.53789086e+03 2.02768616e+02
-1.33838384e-05 -2.52525253e-07 1.50000724e+08 3.57567323e+03 4.70514840e+00
-1.28787879e-05 -2.52525253e-07 1.50000532e+08 3.57872878e+03 -1.97309831e+02
-1.23737374e-05 -2.52525253e-07 1.50000303e+08 3.54673560e+03 -3.94626733e+02
-1.18686869e-05 -2.52525253e-07 1.50000037e+08 3.47687251e+03 -5.78282505e+02
-1.13636364e-05 -2.52525253e-07 1.49999738e+08 3.36330611e+03 -7.41077715e+02
-1.08585859e-05 -2.52525253e-07 1.49999411e+08 3.19851503e+03 -8.79850688e+02
-1.03535354e-05 -2.52525253e-07 1.49999065e+08 2.97611929e+03 -9.96559957e+02
-9.84848485e-06 -2.52525253e-07 1.49998710e+08 2.69367232e+03 -1.09763184e+03
-9.34343434e-06 -2.52525253e-07 1.49998357e+08 2.35415250e+03 -1.19231105e+03
-8.83838384e-06 -2.52525253e-07 1.49998016e+08 1.96612559e+03 -1.29107780e+03
-8.33333333e-06 -2.52525253e-07 1.49997698e+08 1.54332079e+03 -1.40456197e+03
-7.82828283e-06 -2.52525253e-07 1.49997417e+08 1.10422903e+03 -1.54271540e+03
-7.32323232e-06 -2.52525253e-07 1.49997184e+08 6.71810167e+02 -1.71381072e+03
-6.81818182e-06 -2.52525253e-07 1.49997011e+08 2.72994224e+02 -1.92301097e+03
-6.31313131e-06 -2.52525253e-07 1.49996908e+08 -6.24877588e+01 -2.17054664e+03
-5.80808081e-06 -2.52525253e-07 1.49996879e+08 -3.04352980e+02 -2.44982319e+03
-5.30303030e-06 -2.52525253e-07 1.49996920e+08 -4.25283565e+02 -2.74602885e+03
-4.79797980e-06 -2.52525253e-07 1.49997018e+08 -4.05502512e+02 -3.03597271e+03
-4.29292929e-06 -2.52525253e-07 1.49997154e+08 -2.37655883e+02 -3.28984696e+03
-3.78787879e-06 -2.52525253e-07 1.49997301e+08 6.93009268e+01 -3.47523760e+03
-3.28282828e-06 -2.52525253e-07 1.49997432e+08 4.88770064e+02 -3.56296556e+03
-2.77777778e-06 -2.52525253e-07 1.49997523e+08 9.78913446e+02 -3.53342841e+03
-2.27272727e-06 -2.52525253e-07 1.49997559e+08 1.48886572e+03 -3.38150049e+03
-1.76767677e-06 -2.52525253e-07 1.49997539e+08 1.96736908e+03 -3.11822852e+03
-1.26262626e-06 -2.52525253e-07 1.49997470e+08 2.37137941e+03 -2.76863207e+03
-7.57575758e-07 -2.52525253e-07 1.49997369e+08 2.67218585e+03 -2.36639128e+03
-2.52525253e-07 -2.52525253e-07 1.49997257e+08 2.85765570e+03 -1.94727884e+03
2.52525253e-07 -2.52525253e-07 1.49997150e+08 2.93072817e+03 -1.54334243e+03
7.57575758e-07 -2.52525253e-07 1.49997064e+08 2.90543067e+03 -1.17915705e+03
1.26262626e-06 -2.52525253e-07 1.49997006e+08 2.80205751e+03 -8.70467880e+02
1.76767677e-06 -2.52525253e-07 1.49996979e+08 2.64283282e+03 -6.24762051e+02
2.27272727e-06 -2.52525253e-07 1.49996983e+08 2.44876018e+03 -4.42969023e+02
2.77777778e-06 -2.52525253e-07 1.49997012e+08 2.23779256e+03 -3.21534448e+02
3.28282828e-06 -2.52525253e-07 1.49997061e+08 2.02410515e+03 -2.54349439e+02
3.78787879e-06 -2.52525253e-07 1.49997124e+08 1.81812438e+03 -2.34278698e+02
4.29292929e-06 -2.52525253e-07 1.49997195e+08 1.62698239e+03 -2.54227479e+02
4.79797980e-06 -2.52525253e-07 1.49997269e+08 1.45514720e+03 -3.07799408e+02
5.30303030e-06 -2.52525253e-07 1.49997342e+08 1.30507003e+03 -3.89641627e+02
5.80808081e-06 -2.52525253e-07 1.49997412e+08 1.17776516e+03 -4.95576604e+02
6.31313131e-06 -2.52525253e-07 1.49997475e+08 1.07328903e+03 -6.22603321e+02
6.81818182e-06 -2.52525253e-07 1.49997532e+08 9.91115540e+02 -7.68828110e+02
7.32323232e-06 -2.52525253e-07 1.49997581e+08 9.30420221e+02 -9.33364137e+02
7.82828283e-06 -2.52525253e-07 1.49997623e+08 8.90293240e+02 -1.11622058e+03
8.33333333e-06 -2.52525253e-07 1.49997661e+08 8.69903832e+02 -1.31818750e+03
8.83838384e-06 -2.52525253e-07 1.49997699e+08 8.68641690e+02 -1.54070821e+03
9.34343434e-06 -2.52525253e-07 1.49997741e+08 8.86266985e+02 -1.78571404e+03
9.84848485e-06 -2.52525253e-07 1.49997798e+08 9.23115701e+02 -2.05537235e+03
1.03535354e-05 -2.52525253e-07 1.49997882e+08 9.80440287e+02 -2.35165891e+03
1.08585859e-05 -2.52525253e-07 1.49998014e+08 1.06103655e+03 -2.67559896e+03
1.13636364e-05 -2.52525253e-07 1.49998225e+08 1.17045683e+03 -3.02590960e+03
1.18686869e-05 -2.52525253e-07 1.49998565e+08 1.31942207e+03 -3.39660197e+03
1.23737374e-05 -2.52525253e-07 1.49999106e+08 1.52869772e+03 -3.77287518e+03
1.28787879e-05 -2.52525253e-07 1.49999960e+08 1.83902666e+03 -4.12451505e+03
1.33838384e-05 -2.52525253e-07 1.50001295e+08 2.33123372e+03 -4.39672200e+03
1.38888889e-05 -2.52525253e-07 1.50003342e+08 3.16546374e+03 -4.50238849e+03
1.43939394e-05 -2.52525253e-07 1.50006380e+08 4.64986665e+03 -4.33478589e+03
1.48989899e-05 -2.52525253e-07 1.50010618e+08 7.32508036e+03 -3.86069227e+03
1.54040404e-05 -2.52525253e-07 1.50015871e+08 1.19202538e+04 -3.41907303e+03
1.59090909e-05 -2.52525253e-07 1.50021103e+08 1.86772183e+04 -4.24931751e+03
1.64141414e-05 -2.52525253e-07 1.50024804e+08 2.54544646e+04 -8.36344436e+03
1.69191919e-05 -2.52525253e-07 1.50027373e+08 2.65844561e+04 -1.58134068e+04
1.74242424e-05 -2.52525253e-07 1.50032015e+08 1.74976153e+04 -2.18209684e+04
1.79292929e-05 -2.52525253e-07 1.50039705e+08 3.15472996e+02 -2.10733613e+04
1.84343434e-05 -2.52525253e-07 1.50044645e+08 -2.11809798e+04 -1.41427144e+04
1.89393939e-05 -2.52525253e-07 1.50034956e+08 -5.57250525e+04 -6.80651950e+03
1.94444444e-05 -2.52525253e-07 1.50029172e+08 -1.22319457e+05 2.71182252e+04
1.99494949e-05 -2.52525253e-07 1.50023986e+08 -8.21391108e+04 8.73044282e+04
2.04545455e-05 -2.52525253e-07 1.49987250e+08 -1.11096239e+04 6.08751145e+04
2.09595960e-05 -2.52525253e-07 1.49974566e+08 1.01565434e+04 3.01292312e+04
2.14646465e-05 -2.52525253e-07 1.49974837e+08 1.32125340e+04 1.41219557e+04
2.19696970e-05 -2.52525253e-07 1.49978237e+08 1.20021680e+04 6.38538978e+03
2.24747475e-05 -2.52525253e-07 1.49981808e+08 1.01055029e+04 2.54678742e+03
2.29797980e-05 -2.52525253e-07 1.49984869e+08 8.36026577e+03 5.79779848e+02
2.34848485e-05 -2.52525253e-07 1.49987356e+08 6.91721890e+03 -4.45532300e+02
2.39898990e-05 -2.52525253e-07 1.49989350e+08 5.75835722e+03 -9.75799497e+02
2.44949495e-05 -2.52525253e-07 1.49990951e+08 4.83224213e+03 -1.23676228e+03
2.50000000e-05 -2.52525253e-07 1.49992244e+08 4.08903980e+03 -1.34778801e+03
-2.50000000e-05 2.52525253e-07 1.49999657e+08 -8.37060903e+02 4.31094862e+02
-2.44949495e-05 2.52525253e-07 1.49999714e+08 -7.67688164e+02 5.16143208e+02
-2.39898990e-05 2.52525253e-07 1.49999780e+08 -6.80520292e+02 6.04897155e+02
-2.34848485e-05 2.52525253e-07 1.49999858e+08 -5.73767533e+02 6.96211514e+02
-2.29797980e-05 2.52525253e-07 1.49999945e+08 -4.45764707e+02 7.88656795e+02
-2.24747475e-05 2.52525253e-07 1.50000043e+08 -2.95067944e+02 8.80520363e+02
-2.19696970e-05 2.52525253e-07 1.50000149e+08 -1.20571359e+02 9.69825641e+02
-2.14646465e-05 2.52525253e-07 1.50000262e+08 7.83556028e+01 1.05437260e+03
-2.09595960e-05 2.52525253e-07 1.50000381e+08 3.01710571e+02 1.13180040e+03
-2.04545455e-05 2.52525253e-07 1.50000501e+08 5.48683211e+02 1.19966883e+03
-1.99494949e-05 2.52525253e-07 1.50000621e+08 8.17470370e+02 1.25554872e+03
-1.94444444e-05 2.52525253e-07 1.50000736e+08 1.10509811e+03 1.29710421e+03
-1.89393939e-05 2.52525253e-07 1.50000843e+08 1.40728201e+03 1.32214398e+03
-1.84343434e-05 2.52525253e-07 1.50000938e+08 1.71837635e+03 1.32862129e+03
-1.79292929e-05 2.52525253e-07 1.50001018e+08 2.03147878e+03 1.31458112e+03
-1.74242424e-05 2.52525253e-07 1.50001080e+08 2.33875258e+03 1.27809097e+03
-1.69191919e-05 2.52525253e-07 1.50001121e+08 2.63198198e+03 1.21723628e+03
-1.64141414e-05 2.52525253e-07 1.50001139e+08 2.90328253e+03 1.13027824e+03
-1.59090909e-05 2.52525253e-07 1.50001131e+08 3.14578718e+03 1.01601891e+03
-1.54040404e-05 2.52525253e-07 1.50001096e+08 3.35410015e+03 8.74300059e+02
-1.48989899e-05 2.52525253e-07 1.50001031e+08 3.52440850e+03 7.06456704e+02
-1.43939394e-05 2.52525253e-07 1.50000934e+08 3.65430763e+03 5.15555706e+02
-1.38888889e-05 2.52525253e-07 1.50000802e+08 3.74248519e+03 3.06381094e+02
-1.33838384e-05 2.52525253e-07 1.50000635e+08 3.78833460e+03 8.52478064e+01
-1.28787879e-05 2.52525253e-07 1.50000432e+08 3.79143962e+03 -1.40311135e+02
-1.23737374e-05 2.52525253e-07 1.50000193e+08 3.75090006e+03 -3.62107100e+02
-1.18686869e-05 2.52525253e-07 1.49999920e+08 3.66473147e+03 -5.72301313e+02
-1.13636364e-05 2.52525253e-07 1.49999619e+08 3.52982600e+03 -7.64809507e+02
-1.08585859e-05 2.52525253e-07 1.49999296e+08 3.34282659e+03 -9.36645277e+02
-1.03535354e-05 2.52525253e-07 1.49998960e+08 3.10171445e+03 -1.08858852e+03
-9.84848485e-06 2.52525253e-07 1.49998622e+08 2.80743484e+03 -1.22491432e+03
-9.34343434e-06 2.52525253e-07 1.49998291e+08 2.46494909e+03 -1.35244382e+03
-8.83838384e-06 2.52525253e-07 1.49997978e+08 2.08356651e+03 -1.47939050e+03
-8.33333333e-06 2.52525253e-07 1.49997693e+08 1.67678887e+03 -1.61428949e+03
-7.82828283e-06 2.52525253e-07 1.49997448e+08 1.26193613e+03 -1.76500708e+03
-7.32323232e-06 2.52525253e-07 1.49997251e+08 8.59628642e+02 -1.93768719e+03
-6.81818182e-06 2.52525253e-07 1.49997111e+08 4.92994373e+02 -2.13554067e+03
-6.31313131e-06 2.52525253e-07 1.49997033e+08 1.86371785e+02 -2.35753774e+03
-5.80808081e-06 2.52525253e-07 1.49997017e+08 -3.66828902e+01 -2.59724071e+03
-5.30303030e-06 2.52525253e-07 1.49997057e+08 -1.56111638e+02 -2.84215846e+03
-4.79797980e-06 2.52525253e-07 1.49997144e+08 -1.58552358e+02 -3.07406175e+03
-4.29292929e-06 2.52525253e-07 1.49997258e+08 -4.04536654e+01 -3.27060969e+03
-3.78787879e-06 2.52525253e-07 1.49997381e+08 1.89724306e+02 -3.40835281e+03
-3.28282828e-06 2.52525253e-07 1.49997490e+08 5.11102880e+02 -3.46672293e+03
-2.77777778e-06 2.52525253e-07 1.49997569e+08 8.92344158e+02 -3.43213845e+03
-2.27272727e-06 2.52525253e-07 1.49997605e+08 1.29589154e+03 -3.30108786e+03
-1.76767677e-06 2.52525253e-07 1.49997597e+08 1.68362236e+03 -3.08121579e+03
-1.26262626e-06 2.52525253e-07 1.49997548e+08 2.02250253e+03 -2.79003631e+03
-7.57575758e-07 2.52525253e-07 1.49997470e+08 2.28882822e+03 -2.45168740e+03
-2.52525253e-07 2.52525253e-07 1.49997377e+08 2.47018113e+03 -2.09274145e+03
2.52525253e-07 2.52525253e-07 1.49997281e+08 2.56502461e+03 -1.73823596e+03
7.57575758e-07 2.52525253e-07 1.49997196e+08 2.58054512e+03 -1.40879307e+03
1.26262626e-06 2.52525253e-07 1.49997128e+08 2.52965234e+03 -1.11917872e+03
1.76767677e-06 2.52525253e-07 1.49997081e+08 2.42798319e+03 -8.78177187e+02
2.27272727e-06 2.52525253e-07 1.49997057e+08 2.29146424e+03 -6.89381965e+02
2.77777778e-06 2.52525253e-07 1.49997051e+08 2.13465684e+03 -5.52444964e+02
3.28282828e-06 2.52525253e-07 1.49997062e+08 1.96985895e+03 -4.64410754e+02
3.78787879e-06 2.52525253e-07 1.49997084e+08 1.80680354e+03 -4.20901061e+02
4.29292929e-06 2.52525253e-07 1.49997113e+08 1.65275597e+03 -4.17043873e+02
4.79797980e-06 2.52525253e-07 1.49997143e+08 1.51283423e+03 -4.48132730e+02
5.30303030e-06 2.52525253e-07 1.49997171e+08 1.39042133e+03 -5.10052607e+02
5.80808081e-06 2.52525253e-07 1.49997193e+08 1.28758566e+03 -5.99528703e+02
6.31313131e-06 2.52525253e-07 1.49997205e+08 1.20546360e+03 -7.14255490e+02
6.81818182e-06 2.52525253e-07 1.49997206e+08 1.14458517e+03 -8.52955321e+02
7.32323232e-06 2.52525253e-07 1.49997192e+08 1.10514020e+03 -1.01540508e+03
7.82828283e-06 2.52525253e-07 1.49997164e+08 1.08719179e+03 -1.20245898e+03
8.33333333e-06 2.52525253e-07 1.49997119e+08 1.09084846e+03 -1.41608690e+03
8.83838384e-06 2.52525253e-07 1.49997056e+08 1.11640900e+03 -1.65944023e+03
9.34343434e-06 2.52525253e-07 1.49996978e+08 1.16449669e+03 -1.93694917e+03
9.84848485e-06 2.52525253e-07 1.49996885e+08 1.23620524e+03 -2.25444392e+03
1.03535354e-05 2.52525253e-07 1.49996783e+08 1.33329230e+03 -2.61926989e+03
1.08585859e-05 2.52525253e-07 1.49996681e+08 1.45848912e+03 -3.04032071e+03
1.13636364e-05 2.52525253e-07 1.49996594e+08 1.61607238e+03 -3.52781379e+03
1.18686869e-05 2.52525253e-07 1.49996551e+08 1.81303185e+03 -4.09242282e+03
1.23737374e-05 2.52525253e-07 1.49996605e+08 2.06163198e+03 -4.74294211e+03
1.28787879e-05 2.52525253e-07 1.49996847e+08 2.38534272e+03 -5.48077759e+03
1.33838384e-05 2.52525253e-07 1.49997440e+08 2.83314808e+03 -6.28798478e+03
1.38888889e-05 2.52525253e-07 1.49998666e+08 3.51500107e+03 -7.10371077e+03
1.43939394e-05 2.52525253e-07 1.50001001e+08 4.68969622e+03 -7.78691698e+03
1.48989899e-05 2.52525253e-07 1.50005144e+08 6.96891175e+03 -8.09956624e+03
1.54040404e-05 2.52525253e-07 1.50011752e+08 1.16749271e+04 -7.92192477e+03
1.59090909e-05 2.52525253e-07 1.50020237e+08 2.07695634e+04 -8.37578920e+03
1.64141414e-05 2.52525253e-07 1.50027216e+08 3.33233039e+04 -1.38548684e+04
1.69191919e-05 2.52525253e-07 1.50031451e+08 3.76356027e+04 -2.76475167e+04
1.74242424e-05 2.52525253e-07 1.50041770e+08 2.10242663e+04 -3.89003294e+04
1.79292929e-05 2.52525253e-07 1.50063527e+08 -8.18757393e+03 -3.47402175e+04
1.84343434e-05 2.52525253e-07 1.50093515e+08 -3.79553776e+04 -1.60118054e+04
1.89393939e-05 2.52525253e-07 1.50126257e+08 -7.34150336e+04 1.59896289e+04
1.94444444e-05 2.52525253e-07 1.50046703e+08 -3.00963253e+05 3.99702750e+04
1.99494949e-05 2.52525253e-07 1.49942792e+08 -7.24133470e+03 1.60569227e+05
2.04545455e-05 2.52525253e-07 1.49924003e+08 4.15750507e+04 3.30202029e+04
2.09595960e-05 2.52525253e-07 1.49946644e+08 3.00412892e+04 5.78354328e+03
2.14646465e-05 2.52525253e-07 1.49962235e+08 2.10638564e+04 -1.31141316e+03
2.19696970e-05 2.52525253e-07 1.49972155e+08 1.53224793e+04 -3.36074375e+03
2.24747475e-05 2.52525253e-07 1.49978715e+08 1.15524111e+04 -3.83735121e+03
2.29797980e-05 2.52525253e-07 1.49983249e+08 8.97000244e+03 -3.76914663e+03
2.34848485e-05 2.52525253e-07 1.49986505e+08 7.13272556e+03 -3.51310839e+03
2.39898990e-05 2.52525253e-07 1.49988918e+08 5.78328712e+03 -3.20504185e+03
2.44949495e-05 2.52525253e-07 1.49990753e+08 4.76545133e+03 -2.89840613e+03
2.50000000e-05 2.52525253e-07 1.49992181e+08 3.98035892e+03 -2.61350675e+03
-2.50000000e-05 7.57575758e-07 1.49999534e+08 -9.24084762e+02 4.38091660e+02
-2.44949495e-05 7.57575758e-07 1.49999583e+08 -8.59677212e+02 5.32210103e+02
-2.39898990e-05 7.57575758e-07 1.49999643e+08 -7.76502907e+02 6.31658258e+02
-2.34848485e-05 7.57575758e-07 1.49999715e+08 -6.72469095e+02 7.35341441e+02
-2.29797980e-05 7.57575758e-07 1.49999799e+08 -5.45593362e+02 8.41825202e+02
-2.24747475e-05 7.57575758e-07 1.49999893e+08 -3.94115471e+02 9.49319363e+02
-2.19696970e-05 7.57575758e-07 1.49999998e+08 -2.16633152e+02 1.05567837e+03
-2.14646465e-05 7.57575758e-07 1.50000113e+08 -1.22611752e+01 1.15842181e+03
-2.09595960e-05 7.57575758e-07 1.50000234e+08 2.19189526e+02 1.25477708e+03
-2.04545455e-05 7.57575758e-07 1.50000359e+08 4.77019977e+02 1.34174343e+03
-1.99494949e-05 7.57575758e-07 1.50000486e+08 7.59451870e+02 1.41617213e+03
-1.94444444e-05 7.57575758e-07 1.50000610e+08 1.06345864e+03 1.47485402e+03
-1.89393939e-05 7.57575758e-07 1.50000728e+08 1.38465106e+03 1.51460322e+03
-1.84343434e-05 7.57575758e-07 1.50000836e+08 1.71725913e+03 1.53233014e+03
-1.79292929e-05 7.57575758e-07 1.50000929e+08 2.05425444e+03 1.52510853e+03
-1.74242424e-05 7.57575758e-07 1.50001004e+08 2.38764384e+03 1.49026008e+03
-1.69191919e-05 7.57575758e-07 1.50001057e+08 2.70892857e+03 1.42549573e+03
-1.64141414e-05 7.57575758e-07 1.50001085e+08 3.00966812e+03 1.32914904e+03
-1.59090909e-05 7.57575758e-07 1.50001084e+08 3.28203936e+03 1.20050113e+03
-1.54040404e-05 7.57575758e-07 1.50001051e+08 3.51927247e+03 1.04013876e+03
-1.48989899e-05 7.57575758e-07 1.50000985e+08 3.71589132e+03 8.50243885e+02
-1.43939394e-05 7.57575758e-07 1.50000883e+08 3.86775839e+03 6.34721272e+02
-1.38888889e-05 7.57575758e-07 1.50000744e+08 3.97196779e+03 3.99125118e+02
-1.33838384e-05 7.57575758e-07 1.50000567e+08 4.02662019e+03 1.50394731e+02
-1.28787879e-05 7.57575758e-07 1.50000354e+08 4.03049375e+03 -1.03595255e+02
-1.23737374e-05 7.57575758e-07 1.50000106e+08 3.98266506e+03 -3.54702277e+02
-1.18686869e-05 7.57575758e-07 1.49999828e+08 3.88224055e+03 -5.95418004e+02
-1.13636364e-05 7.57575758e-07 1.49999525e+08 3.72842506e+03 -8.19898803e+02
-1.08585859e-05 7.57575758e-07 1.49999206e+08 3.52105662e+03 -1.02485785e+03
-1.03535354e-05 7.57575758e-07 1.49998879e+08 3.26149209e+03 -1.21001716e+03
-9.84848485e-06 7.57575758e-07 1.49998555e+08 2.95352645e+03 -1.37797931e+03
-9.34343434e-06 7.57575758e-07 1.49998243e+08 2.60403523e+03 -1.53361550e+03
-8.83838384e-06 7.57575758e-07 1.49997953e+08 2.22321133e+03 -1.68319220e+03
-8.33333333e-06 7.57575758e-07 1.49997694e+08 1.82444554e+03 -1.83341782e+03
-7.82828283e-06 7.57575758e-07 1.49997477e+08 1.42395187e+03 -1.99047509e+03
-7.32323232e-06 7.57575758e-07 1.49997306e+08 1.04017603e+03 -2.15903087e+03
-6.81818182e-06 7.57575758e-07 1.49997189e+08 6.92935099e+02 -2.34122602e+03
-6.31313131e-06 7.57575758e-07 1.49997126e+08 4.02190755e+02 -2.53572348e+03
-5.80808081e-06 7.57575758e-07 1.49997117e+08 1.86391579e+02 -2.73698813e+03
-5.30303030e-06 7.57575758e-07 1.49997156e+08 6.04317981e+01 -2.93504247e+03
-4.79797980e-06 7.57575758e-07 1.49997231e+08 3.34436271e+01 -3.11594919e+03
-4.29292929e-06 7.57575758e-07 1.49997329e+08 1.06822284e+02 -3.26318070e+03
-3.78787879e-06 7.57575758e-07 1.49997433e+08 2.73003805e+02 -3.35983649e+03
-3.28282828e-06 7.57575758e-07 1.49997526e+08 5.15491913e+02 -3.39139559e+03
-2.77777778e-06 7.57575758e-07 1.49997596e+08 8.10407749e+02 -3.34843562e+03
-2.27272727e-06 7.57575758e-07 1.49997633e+08 1.12944362e+03 -3.22863632e+03
-1.76767677e-06 7.57575758e-07 1.49997634e+08 1.44366929e+03 -3.03750762e+03
-1.26262626e-06 7.57575758e-07 1.49997601e+08 1.72735179e+03 -2.78762777e+03
-7.57575758e-07 7.57575758e-07 1.49997541e+08 1.96094622e+03 -2.49661749e+03
-2.52525253e-07 7.57575758e-07 1.49997465e+08 2.13269968e+03 -2.18442235e+03
2.52525253e-07 7.57575758e-07 1.49997381e+08 2.23874871e+03 -1.87059399e+03
7.57575758e-07 7.57575758e-07 1.49997300e+08 2.28199211e+03 -1.57213627e+03
1.26262626e-06 7.57575758e-07 1.49997228e+08 2.27024835e+03 -1.30221277e+03
1.76767677e-06 7.57575758e-07 1.49997169e+08 2.21422687e+03 -1.06972946e+03
2.27272727e-06 7.57575758e-07 1.49997125e+08 2.12571642e+03 -8.79609275e+02
2.77777778e-06 7.57575758e-07 1.49997094e+08 2.01621029e+03 -7.33494481e+02
3.28282828e-06 7.57575758e-07 1.49997074e+08 1.89602411e+03 -6.30626096e+02
3.78787879e-06 7.57575758e-07 1.49997063e+08 1.77385243e+03 -5.68715014e+02
4.29292929e-06 7.57575758e-07 1.49997054e+08 1.65665905e+03 -5.44696314e+02
4.79797980e-06 7.57575758e-07 1.49997046e+08 1.54978795e+03 -5.55323524e+02
5.30303030e-06 7.57575758e-07 1.49997032e+08 1.45719829e+03 -5.97604062e+02
5.80808081e-06 7.57575758e-07 1.49997010e+08 1.38175281e+03 -6.69101668e+02
6.31313131e-06 7.57575758e-07 1.49996975e+08 1.32551406e+03 -7.68141735e+02
6.81818182e-06 7.57575758e-07 1.49996923e+08 1.29002401e+03 -8.93956749e+02
7.32323232e-06 7.57575758e-07 1.49996851e+08 1.27655738e+03 -1.04680643e+03
7.82828283e-06 7.57575758e-07 1.49996754e+08 1.28634960e+03 -1.22810394e+03
8.33333333e-06 7.57575758e-07 1.49996628e+08 1.32080625e+03 -1.44057762e+03
8.83838384e-06 7.57575758e-07 1.49996469e+08 1.38170603e+03 -1.68849872e+03
9.34343434e-06 7.57575758e-07 1.49996271e+08 1.47141237e+03 -1.97800990e+03
9.84848485e-06 7.57575758e-07 1.49996029e+08 1.59311362e+03 -2.31759807e+03
1.03535354e-05 7.57575758e-07 1.49995737e+08 1.75111872e+03 -2.71876818e+03
1.08585859e-05 7.57575758e-07 1.49995387e+08 1.95124837e+03 -3.19699030e+03
1.13636364e-05 7.57575758e-07 1.49994974e+08 2.20138910e+03 -3.77300297e+03
1.18686869e-05 7.57575758e-07 1.49994495e+08 2.51234115e+03 -4.47453375e+03
1.23737374e-05 7.57575758e-07 1.49993952e+08 2.89925506e+03 -5.33836000e+03
1.28787879e-05 7.57575758e-07 1.49993370e+08 3.38441970e+03 -6.41212524e+03
1.33838384e-05 7.57575758e-07 1.49992814e+08 4.00363109e+03 -7.75370753e+03
1.38888889e-05 7.57575758e-07 1.49992452e+08 4.82334664e+03 -9.42108411e+03
1.43939394e-05 7.57575758e-07 1.49992688e+08 5.99390651e+03 -1.14321369e+04
1.48989899e-05 7.57575758e-07 1.49994452e+08 7.93243545e+03 -1.36442889e+04
1.54040404e-05 7.57575758e-07 1.49999671e+08 1.19723679e+04 -1.55140374e+04
1.59090909e-05 7.57575758e-07 1.50010886e+08 2.22803336e+04 -1.64707658e+04
1.64141414e-05 7.57575758e-07 1.50024544e+08 4.57982111e+04 -2.22232055e+04
1.69191919e-05 7.57575758e-07 1.50028497e+08 6.19864926e+04 -5.06751885e+04
1.74242424e-05 7.57575758e-07 1.50044798e+08 2.63665369e+04 -7.44470158e+04
1.79292929e-05 7.57575758e-07 1.50078574e+08 -2.37030788e+04 -6.71250761e+04
1.84343434e-05 7.57575758e-07 1.50148935e+08 -1.14461404e+05 -3.97212984e+04
1.89393939e-05 7.57575758e-07 1.50838623e+08 5.36373211e+04 3.82215553e+05
1.94444444e-05 7.57575758e-07 1.49823155e+08 2.64168713e+06 -2.89365651e+06
1.99494949e-05 7.57575758e-07 1.49793730e+08 1.14695834e+05 -1.11132250e+05
2.04545455e-05 7.57575758e-07 1.49903645e+08 5.14333357e+04 -4.10980264e+04
2.09595960e-05 7.57575758e-07 1.49943449e+08 2.99152552e+04 -2.35105914e+04
2.14646465e-05 7.57575758e-07 1.49962402e+08 1.97202363e+04 -1.58906891e+04
2.19696970e-05 7.57575758e-07 1.49973075e+08 1.39950180e+04 -1.16753131e+04
2.24747475e-05 7.57575758e-07 1.49979738e+08 1.04330849e+04 -9.01861852e+03
2.29797980e-05 7.57575758e-07 1.49984198e+08 8.05858171e+03 -7.20609958e+03
2.34848485e-05 7.57575758e-07 1.49987337e+08 6.39427369e+03 -5.90198689e+03
2.39898990e-05 7.57575758e-07 1.49989633e+08 5.18220872e+03 -4.92700051e+03
2.44949495e-05 7.57575758e-07 1.49991364e+08 4.27231106e+03 -4.17649457e+03
2.50000000e-05 7.57575758e-07 1.49992703e+08 3.57217519e+03 -3.58527211e+03
-2.50000000e-05 1.26262626e-06 1.49999405e+08 -1.01937283e+03 4.41234846e+02
-2.44949495e-05 1.26262626e-06 1.49999446e+08 -9.61593196e+02 5.44424679e+02
-2.39898990e-05 1.26262626e-06 1.49999498e+08 -8.84160612e+02 6.54739441e+02
-2.34848485e-05 1.26262626e-06 1.49999564e+08 -7.84628218e+02 7.71158541e+02
-2.29797980e-05 1.26262626e-06 1.49999643e+08 -6.60627013e+02 8.92257473e+02
-2.24747475e-05 1.26262626e-06 1.49999735e+08 -5.09990822e+02 1.01617042e+03
-2.19696970e-05 1.26262626e-06 1.49999839e+08 -3.30910021e+02 1.14056763e+03
-2.14646465e-05 1.26262626e-06 1.49999955e+08 -1.22112618e+02 1.26265301e+03
-2.09595960e-05 1.26262626e-06 1.50000080e+08 1.16932353e+02 1.37918647e+03
-2.04545455e-05 1.26262626e-06 1.50000212e+08 3.85799249e+02 1.48653403e+03
-1.99494949e-05 1.26262626e-06 1.50000348e+08 6.82894722e+02 1.58074636e+03
-1.94444444e-05 1.26262626e-06 1.50000484e+08 1.00527547e+03 1.65766395e+03
-1.89393939e-05 1.26262626e-06 1.50000616e+08 1.34852658e+03 1.71304598e+03
-1.84343434e-05 1.26262626e-06 1.50000739e+08 1.70673686e+03 1.74272159e+03
-1.79292929e-05 1.26262626e-06 1.50000848e+08 2.07260455e+03 1.74276638e+03
-1.74242424e-05 1.26262626e-06 1.50000939e+08 2.43769314e+03 1.70971304e+03
-1.69191919e-05 1.26262626e-06 1.50001006e+08 2.79282911e+03 1.64080561e+03
-1.64141414e-05 1.26262626e-06 1.50001045e+08 3.12859946e+03 1.53429751e+03
-1.59090909e-05 1.26262626e-06 1.50001053e+08 3.43587769e+03 1.38976995e+03
-1.54040404e-05 1.26262626e-06 1.50001025e+08 3.70629984e+03 1.20841905e+03
-1.48989899e-05 1.26262626e-06 1.50000959e+08 3.93263063e+03 9.93242783e+02
-1.43939394e-05 1.26262626e-06 1.50000853e+08 4.10899270e+03 7.49067213e+02
-1.38888889e-05 1.26262626e-06 1.50000707e+08 4.23095729e+03 4.82380208e+02
-1.33838384e-05 1.26262626e-06 1.50000521e+08 4.29550749e+03 2.00970373e+02
-1.28787879e-05 1.26262626e-06 1.50000298e+08 4.30089712e+03 -8.66175139e+01
-1.23737374e-05 1.26262626e-06 1.50000042e+08 4.24646223e+03 -3.71791885e+02
-1.18686869e-05 1.26262626e-06 1.49999757e+08 4.13248686e+03 -6.46740442e+02
-1.13636364e-05 1.26262626e-06 1.49999452e+08 3.96023794e+03 -9.05262362e+02
-1.08585859e-05 1.26262626e-06 1.49999134e+08 3.73222501e+03 -1.14343672e+03
-1.03535354e-05 1.26262626e-06 1.49998813e+08 3.45262593e+03 -1.35996053e+03
-9.84848485e-06 1.26262626e-06 1.49998500e+08 3.12772674e+03 -1.55607613e+03
-9.34343434e-06 1.26262626e-06 1.49998202e+08 2.76621633e+03 -1.73512717e+03
-8.83838384e-06 1.26262626e-06 1.49997931e+08 2.37924671e+03 -1.90185977e+03
-8.33333333e-06 1.26262626e-06 1.49997693e+08 1.98025147e+03 -2.06158967e+03
-7.82828283e-06 1.26262626e-06 1.49997496e+08 1.58455054e+03 -2.21931694e+03
-7.32323232e-06 1.26262626e-06 1.49997345e+08 1.20875531e+03 -2.37883637e+03
-6.81818182e-06 1.26262626e-06 1.49997243e+08 8.69954770e+02 -2.54189350e+03
-6.31313131e-06 1.26262626e-06 1.49997192e+08 5.84651283e+02 -2.70746924e+03
-5.80808081e-06 1.26262626e-06 1.49997187e+08 3.67443667e+02 -2.87132021e+03
-5.30303030e-06 1.26262626e-06 1.49997222e+08 2.29529978e+02 -3.02592732e+03
-4.79797980e-06 1.26262626e-06 1.49997289e+08 1.77204557e+02 -3.16098900e+03
-4.29292929e-06 1.26262626e-06 1.49997374e+08 2.10622160e+02 -3.26451888e+03
-3.78787879e-06 1.26262626e-06 1.49997465e+08 3.23151196e+02 -3.32447410e+03
-3.28282828e-06 1.26262626e-06 1.49997548e+08 5.01595606e+02 -3.33067755e+03
-2.77777778e-06 1.26262626e-06 1.49997612e+08 7.27411933e+02 -3.27666019e+03
-2.27272727e-06 1.26262626e-06 1.49997650e+08 9.78811386e+02 -3.16100423e+03
-1.76767677e-06 1.26262626e-06 1.49997659e+08 1.23339125e+03 -2.98785390e+03
-1.26262626e-06 1.26262626e-06 1.49997638e+08 1.47078162e+03 -2.76646572e+03
-7.57575758e-07 1.26262626e-06 1.49997594e+08 1.67479062e+03 -2.50992405e+03
-2.52525253e-07 1.26262626e-06 1.49997532e+08 1.83468639e+03 -2.23335386e+03
2.52525253e-07 1.26262626e-06 1.49997461e+08 1.94550091e+03 -1.95204862e+03
7.57575758e-07 1.26262626e-06 1.49997386e+08 2.00748202e+03 -1.67988259e+03
1.26262626e-06 1.26262626e-06 1.49997314e+08 2.02497787e+03 -1.42823532e+03
1.76767677e-06 1.26262626e-06 1.49997248e+08 2.00508254e+03 -1.20548978e+03
2.27272727e-06 1.26262626e-06 1.49997190e+08 1.95632372e+03 -1.01703210e+03
2.77777778e-06 1.26262626e-06 1.49997141e+08 1.88757566e+03 -8.65607623e+02
3.28282828e-06 1.26262626e-06 1.49997098e+08 1.80727866e+03 -7.51873245e+02
3.78787879e-06 1.26262626e-06 1.49997059e+08 1.72296612e+03 -6.75010981e+02
4.29292929e-06 1.26262626e-06 1.49997020e+08 1.64105236e+03 -6.33309494e+02
4.79797980e-06 1.26262626e-06 1.49996979e+08 1.56681515e+03 -6.24663181e+02
5.30303030e-06 1.26262626e-06 1.49996930e+08 1.50450817e+03 -6.46972294e+02
5.80808081e-06 1.26262626e-06 1.49996869e+08 1.45754949e+03 -6.98450439e+02
6.31313131e-06 1.26262626e-06 1.49996792e+08 1.42874835e+03 -7.77858817e+02
6.81818182e-06 1.26262626e-06 1.49996694e+08 1.42054697e+03 -8.84692703e+02
7.32323232e-06 1.26262626e-06 1.49996570e+08 1.43526715e+03 -1.01934805e+03
7.82828283e-06 1.26262626e-06 1.49996413e+08 1.47536227e+03 -1.18329749e+03
8.33333333e-06 1.26262626e-06 1.49996216e+08 1.54368371e+03 -1.37930776e+03
8.83838384e-06 1.26262626e-06 1.49995972e+08 1.64377970e+03 -1.61173665e+03
9.34343434e-06 1.26262626e-06 1.49995670e+08 1.78025430e+03 -1.88696012e+03
9.84848485e-06 1.26262626e-06 1.49995297e+08 1.95922817e+03 -2.21400241e+03
1.03535354e-05 1.26262626e-06 1.49994835e+08 2.18896371e+03 -2.60548150e+03
1.08585859e-05 1.26262626e-06 1.49994264e+08 2.48075166e+03 -3.07905077e+03
1.13636364e-05 1.26262626e-06 1.49993554e+08 2.85021408e+03 -3.65963833e+03
1.18686869e-05 1.26262626e-06 1.49992664e+08 3.31927968e+03 -4.38300114e+03
1.23737374e-05 1.26262626e-06 1.49991541e+08 3.91926853e+03 -5.30150271e+03
1.28787879e-05 1.26262626e-06 1.49990110e+08 4.69586401e+03 -6.49373909e+03
1.33838384e-05 1.26262626e-06 1.49988274e+08 5.71744231e+03 -8.08090581e+03
1.38888889e-05 1.26262626e-06 1.49985908e+08 7.08984277e+03 -1.02547284e+04
1.43939394e-05 1.26262626e-06 1.49982896e+08 8.98552030e+03 -1.33225831e+04
1.48989899e-05 1.26262626e-06 1.49979313e+08 1.17162870e+04 -1.77595117e+04
1.54040404e-05 1.26262626e-06 1.49976240e+08 1.60162904e+04 -2.41183353e+04
1.59090909e-05 1.26262626e-06 1.49979265e+08 2.49016728e+04 -3.18011580e+04
1.64141414e-05 1.26262626e-06 1.50005174e+08 5.87442524e+04 -3.61442314e+04
1.69191919e-05 1.26262626e-06 1.50011950e+08 1.26870584e+05 -1.00877298e+05
1.74242424e-05 1.26262626e-06 1.50079929e+08 -2.81330417e+04 -1.22323510e+05
1.79292929e-05 1.26262626e-06 1.50710032e+08 7.41998514e+04 3.73179428e+05
1.84343434e-05 1.26262626e-06 1.49377040e+08 2.48789558e+06 -4.75646540e+06
1.89393939e-05 1.26262626e-06 1.50201551e+08 9.82588858e+04 1.88793186e+04
1.94444444e-05 1.26262626e-06 1.50019768e+08 1.09960151e+05 -1.32355359e+05
1.99494949e-05 1.26262626e-06 1.50012819e+08 8.34863085e+04 -4.14870271e+04
2.04545455e-05 1.26262626e-06 1.49978810e+08 3.03223832e+04 -3.55124861e+04
2.09595960e-05 1.26262626e-06 1.49973469e+08 1.84358330e+04 -2.70212991e+04
2.14646465e-05 1.26262626e-06 1.49977043e+08 1.32075368e+04 -1.96452742e+04
2.19696970e-05 1.26262626e-06 1.49981336e+08 9.98875524e+03 -1.45893520e+04
2.24747475e-05 1.26262626e-06 1.49984897e+08 7.79323136e+03 -1.11722067e+04
2.29797980e-05 1.26262626e-06 1.49987660e+08 6.22329944e+03 -8.79954854e+03
2.34848485e-05 1.26262626e-06 1.49989788e+08 5.06395891e+03 -7.09763410e+03
2.39898990e-05 1.26262626e-06 1.49991439e+08 4.18551084e+03 -5.83946051e+03
2.44949495e-05 1.26262626e-06 1.49992739e+08 3.50534655e+03 -4.88455130e+03
2.50000000e-05 1.26262626e-06 1.49993775e+08 2.96886015e+03 -4.14326843e+03
-2.50000000e-05 1.76767677e-06 1.49999270e+08 -1.12274997e+03 4.39419236e+02
-2.44949495e-05 1.76767677e-06 1.49999302e+08 -1.07341980e+03 5.51478188e+02
-2.39898990e-05 1.76767677e-06 1.49999346e+08 -1.00366830e+03 6.72636852e+02
-2.34848485e-05 1.76767677e-06 1.49999405e+08 -9.10638260e+02 8.01985936e+02
-2.29797980e-05 1.76767677e-06 1.49999479e+08 -7.91495456e+02 9.38142563e+02
-2.24747475e-05 1.76767677e-06 1.49999567e+08 -6.43564466e+02 1.07918699e+03
-2.19696970e-05 1.76767677e-06 1.49999671e+08 -4.64499548e+02 1.22261237e+03
-2.14646465e-05 1.76767677e-06 1.49999788e+08 -2.52489403e+02 1.36529519e+03
-2.09595960e-05 1.76767677e-06 1.49999918e+08 -6.49021048e+00 1.50349461e+03
-2.04545455e-05 1.76767677e-06 1.50000059e+08 2.73524572e+02 1.63288837e+03
-1.99494949e-05 1.76767677e-06 1.50000206e+08 5.86316300e+02 1.74865210e+03
-1.94444444e-05 1.76767677e-06 1.50000356e+08 9.29161358e+02 1.84558688e+03
-1.89393939e-05 1.76767677e-06 1.50000504e+08 1.29769226e+03 1.91829806e+03
-1.84343434e-05 1.76767677e-06 1.50000646e+08 1.68583535e+03 1.96142616e+03
-1.79292929e-05 1.76767677e-06 1.50000774e+08 2.08587730e+03 1.96992891e+03
-1.74242424e-05 1.76767677e-06 1.50000883e+08 2.48868038e+03 1.93940953e+03
-1.69191919e-05 1.76767677e-06 1.50000967e+08 2.88404514e+03 1.86647981e+03
-1.64141414e-05 1.76767677e-06 1.50001021e+08 3.26119390e+03 1.74913405e+03
-1.59090909e-05 1.76767677e-06 1.50001039e+08 3.60932520e+03 1.58709426e+03
-1.54040404e-05 1.76767677e-06 1.50001018e+08 3.91817796e+03 1.38207305e+03
-1.48989899e-05 1.76767677e-06 1.50000953e+08 4.17854622e+03 1.13789687e+03
-1.43939394e-05 1.76767677e-06 1.50000845e+08 4.38269778e+03 8.60444207e+02
-1.38888889e-05 1.76767677e-06 1.50000692e+08 4.52466656e+03 5.57376968e+02
-1.33838384e-05 1.76767677e-06 1.50000497e+08 4.60040532e+03 2.37671236e+02
-1.28787879e-05 1.76767677e-06 1.50000263e+08 4.60780741e+03 -8.90237190e+01
-1.23737374e-05 1.76767677e-06 1.49999997e+08 4.54663484e+03 -4.13147872e+02
-1.18686869e-05 1.76767677e-06 1.49999704e+08 4.41841646e+03 -7.26038445e+02
-1.13636364e-05 1.76767677e-06 1.49999393e+08 4.22638507e+03 -1.02067816e+03
-1.08585859e-05 1.76767677e-06 1.49999074e+08 3.97549187e+03 -1.29226195e+03
-1.03535354e-05 1.76767677e-06 1.49998756e+08 3.67248190e+03 -1.53847817e+03
-9.84848485e-06 1.76767677e-06 1.49998449e+08 3.32596731e+03 -1.75945639e+03
-9.34343434e-06 1.76767677e-06 1.49998162e+08 2.94642407e+03 -1.95740410e+03
-8.83838384e-06 1.76767677e-06 1.49997904e+08 2.54606054e+03 -2.13600684e+03
-8.33333333e-06 1.76767677e-06 1.49997682e+08 2.13854051e+03 -2.29968350e+03
-7.82828283e-06 1.76767677e-06 1.49997501e+08 1.73856180e+03 -2.45277975e+03
-7.32323232e-06 1.76767677e-06 1.49997365e+08 1.36129177e+03 -2.59876955e+03
-6.81818182e-06 1.76767677e-06 1.49997275e+08 1.02165222e+03 -2.73953277e+03
-6.31313131e-06 1.76767677e-06 1.49997232e+08 7.33449965e+02 -2.87478792e+03
-5.80808081e-06 1.76767677e-06 1.49997230e+08 5.08374160e+02 -3.00177302e+03
-5.30303030e-06 1.76767677e-06 1.49997264e+08 3.54930631e+02 -3.11526851e+03
-4.79797980e-06 1.76767677e-06 1.49997324e+08 2.77444081e+02 -3.20803131e+03
-4.29292929e-06 1.76767677e-06 1.49997401e+08 2.75310054e+02 -3.27164929e+03
-3.78787879e-06 1.76767677e-06 1.49997483e+08 3.42694467e+02 -3.29773757e+03
-3.28282828e-06 1.76767677e-06 1.49997560e+08 4.68837482e+02 -3.27930066e+03
-2.77777778e-06 1.76767677e-06 1.49997621e+08 6.39015836e+02 -3.21201116e+03
-2.27272727e-06 1.76767677e-06 1.49997661e+08 8.36073314e+02 -3.09514008e+03
-1.76767677e-06 1.76767677e-06 1.49997677e+08 1.04228635e+03 -2.93193325e+03
-1.26262626e-06 1.76767677e-06 1.49997668e+08 1.24124170e+03 -2.72935380e+03
-7.57575758e-07 1.76767677e-06 1.49997637e+08 1.41940111e+03 -2.49726134e+03
-2.52525253e-07 1.76767677e-06 1.49997589e+08 1.56711488e+03 -2.24722508e+03
2.52525253e-07 1.76767677e-06 1.49997528e+08 1.67898916e+03 -1.99122869e+03
7.57575758e-07 1.76767677e-06 1.49997460e+08 1.75365889e+03 -1.74050887e+03
1.26262626e-06 1.76767677e-06 1.49997391e+08 1.79312528e+03 -1.50469561e+03
1.76767677e-06 1.76767677e-06 1.49997322e+08 1.80186159e+03 -1.29132421e+03
2.27272727e-06 1.76767677e-06 1.49997256e+08 1.78587846e+03 -1.10570162e+03
2.77777778e-06 1.76767677e-06 1.49997194e+08 1.75189087e+03 -9.51051654e+02
3.28282828e-06 1.76767677e-06 1.49997134e+08 1.70666709e+03 -8.28841331e+02
3.78787879e-06 1.76767677e-06 1.49997074e+08 1.65658547e+03 -7.39194557e+02
4.29292929e-06 1.76767677e-06 1.49997012e+08 1.60738597e+03 -6.81320359e+02
4.79797980e-06 1.76767677e-06 1.49996944e+08 1.56408275e+03 -6.53908325e+02
5.30303030e-06 1.76767677e-06 1.49996867e+08 1.53099755e+03 -6.55467774e+02
5.80808081e-06 1.76767677e-06 1.49996775e+08 1.51187696e+03 -6.84605385e+02
6.31313131e-06 1.76767677e-06 1.49996664e+08 1.51006501e+03 -7.40248370e+02
6.81818182e-06 1.76767677e-06 1.49996529e+08 1.52871285e+03 -8.21827555e+02
7.32323232e-06 1.76767677e-06 1.49996363e+08 1.57101787e+03 -9.29438870e+02
7.82828283e-06 1.76767677e-06 1.49996158e+08 1.64049513e+03 -1.06400443e+03
8.33333333e-06 1.76767677e-06 1.49995907e+08 1.74129470e+03 -1.22745739e+03
8.83838384e-06 1.76767677e-06 1.49995598e+08 1.87859130e+03 -1.42297985e+03
9.34343434e-06 1.76767677e-06 1.49995218e+08 2.05908994e+03 -1.65533245e+03
9.84848485e-06 1.76767677e-06 1.49994747e+08 2.29171753e+03 -1.93133138e+03
1.03535354e-05 1.76767677e-06 1.49994163e+08 2.58861353e+03 -2.26055862e+03
1.08585859e-05 1.76767677e-06 1.49993432e+08 2.96660769e+03 -2.65644615e+03
1.13636364e-05 1.76767677e-06 1.49992510e+08 3.44950797e+03 -3.13797582e+03
1.18686869e-05 1.76767677e-06 1.49991329e+08 4.07177664e+03 -3.73243101e+03
1.23737374e-05 1.76767677e-06 1.49989795e+08 4.88467691e+03 -4.48002986e+03
1.28787879e-05 1.76767677e-06 1.49987759e+08 5.96702422e+03 -5.44211804e+03
1.33838384e-05 1.76767677e-06 1.49984985e+08 7.44502170e+03 -6.71657512e+03
1.38888889e-05 1.76767677e-06 1.49981079e+08 9.53131253e+03 -8.46914611e+03
1.43939394e-05 1.76767677e-06 1.49975330e+08 1.26084187e+04 -1.10039860e+04
1.48989899e-05 1.76767677e-06 1.49966350e+08 1.74270326e+04 -1.49455917e+04
1.54040404e-05 1.76767677e-06 1.49951085e+08 2.56502919e+04 -2.18048737e+04
1.59090909e-05 1.76767677e-06 1.49921663e+08 4.16851643e+04 -3.62911555e+04
1.64141414e-05 1.76767677e-06 1.49855973e+08 8.09572309e+04 -8.03786006e+04
1.69191919e-05 1.76767677e-06 1.50461475e+08 5.39723838e+05 -1.49159061e+04
1.74242424e-05 1.76767677e-06 1.48693207e+08 -7.77589271e+05 -9.40169916e+06
1.79292929e-05 1.76767677e-06 1.50288553e+08 7.81124212e+04 1.14783172e+05
1.84343434e-05 1.76767677e-06 1.50098992e+08 -4.06206466e+04 -5.75929121e+04
1.89393939e-05 1.76767677e-06 1.50054254e+08 1.09678493e+04 -7.79915730e+04
1.94444444e-05 1.76767677e-06 1.50029672e+08 5.98033062e+04 -6.38615953e+04
1.99494949e-05 1.76767677e-06 1.50026291e+08 5.55377738e+04 -2.84977979e+04
2.04545455e-05 1.76767677e-06 1.50013845e+08 2.75989670e+04 -1.79013520e+04
2.09595960e-05 1.76767677e-06 1.50000766e+08 1.40584488e+04 -1.67542368e+04
2.14646465e-05 1.76767677e-06 1.49994447e+08 8.96316303e+03 -1.48609597e+04
2.19696970e-05 1.76767677e-06 1.49992360e+08 6.64943936e+03 -1.24678183e+04
2.24747475e-05 1.76767677e-06 1.49992126e+08 5.29820400e+03 -1.02682772e+04
2.29797980e-05 1.76767677e-06 1.49992596e+08 4.36557598e+03 -8.45581617e+03
2.34848485e-05 1.76767677e-06 1.49993286e+08 3.66400771e+03 -7.01433074e+03
2.39898990e-05 1.76767677e-06 1.49994001e+08 3.11291898e+03 -5.87616105e+03
2.44949495e-05 1.76767677e-06 1.49994667e+08 2.66939274e+03 -4.97371102e+03
2.50000000e-05 1.76767677e-06 1.49995261e+08 2.30669478e+03 -4.25185195e+03
-2.50000000e-05 2.27272727e-06 1.49999132e+08 -1.23382498e+03 4.31564541e+02
-2.44949495e-05 2.27272727e-06 1.49999153e+08 -1.19492646e+03 5.52060773e+02
-2.39898990e-05 2.27272727e-06 1.49999187e+08 -1.13500172e+03 6.83818315e+02
-2.34848485e-05 2.27272727e-06 1.49999238e+08 -1.05072535e+03 8.26092761e+02
-2.29797980e-05 2.27272727e-06 1.49999305e+08 -9.38713477e+02 9.77594866e+02
-2.24747475e-05 2.27272727e-06 1.49999389e+08 -7.95667250e+02 1.13639645e+03
-2.19696970e-05 2.27272727e-06 1.49999491e+08 -6.18559850e+02 1.29984664e+03
-2.14646465e-05 2.27272727e-06 1.49999611e+08 -4.04867021e+02 1.46450885e+03
-2.09595960e-05 2.27272727e-06 1.49999746e+08 -1.52836391e+02 1.62613093e+03
-2.04545455e-05 2.27272727e-06 1.49999896e+08 1.38215989e+02 1.77966175e+03
-1.99494949e-05 2.27272727e-06 1.50000056e+08 4.67601654e+02 1.91932780e+03
-1.94444444e-05 2.27272727e-06 1.50000222e+08 8.32976663e+02 2.03878168e+03
-1.89393939e-05 2.27272727e-06 1.50000390e+08 1.23011546e+03 2.13133088e+03
-1.84343434e-05 2.27272727e-06 1.50000553e+08 1.65278168e+03 2.19025009e+03
-1.79292929e-05 2.27272727e-06 1.50000704e+08 2.09273415e+03 2.20917182e+03
-1.74242424e-05 2.27272727e-06 1.50000835e+08 2.53989642e+03 2.18253971e+03
-1.69191919e-05 2.27272727e-06 1.50000940e+08 2.98270080e+03 2.10609545e+03
-1.64141414e-05 2.27272727e-06 1.50001012e+08 3.40859409e+03 1.97735533e+03
-1.59090909e-05 2.27272727e-06 1.50001043e+08 3.80466857e+03 1.79601976e+03
-1.54040404e-05 2.27272727e-06 1.50001030e+08 4.15836222e+03 1.56425226e+03
-1.48989899e-05 2.27272727e-06 1.50000969e+08 4.45816138e+03 1.28676967e+03
-1.43939394e-05 2.27272727e-06 1.50000858e+08 4.69423799e+03 9.70703306e+02
-1.38888889e-05 2.27272727e-06 1.50000699e+08 4.85896215e+03 6.25219266e+02
-1.33838384e-05 2.27272727e-06 1.50000493e+08 4.94724798e+03 2.60918894e+02
-1.28787879e-05 2.27272727e-06 1.50000248e+08 4.95671652e+03 -1.10929522e+02
-1.23737374e-05 2.27272727e-06 1.49999968e+08 4.88769028e+03 -4.79251248e+02
-1.18686869e-05 2.27272727e-06 1.49999664e+08 4.74306158e+03 -8.34022273e+02
-1.13636364e-05 2.27272727e-06 1.49999344e+08 4.52808903e+03 -1.16701749e+03
-1.08585859e-05 2.27272727e-06 1.49999020e+08 4.25016830e+03 -1.47234996e+03
-1.03535354e-05 2.27272727e-06 1.49998700e+08 3.91859837e+03 -1.74672811e+03
-9.84848485e-06 2.27272727e-06 1.49998396e+08 3.54433852e+03 -1.98940364e+03
-9.34343434e-06 2.27272727e-06 1.49998116e+08 3.13973677e+03 -2.20183306e+03
-8.83838384e-06 2.27272727e-06 1.49997867e+08 2.71821123e+03 -2.38711594e+03
-8.33333333e-06 2.27272727e-06 1.49997657e+08 2.29387228e+03 -2.54929169e+03
-7.82828283e-06 2.27272727e-06 1.49997489e+08 1.88107939e+03 -2.69257872e+03
-7.32323232e-06 2.27272727e-06 1.49997365e+08 1.49392573e+03 -2.82063386e+03
-6.81818182e-06 2.27272727e-06 1.49997286e+08 1.14564469e+03 -2.93590440e+03
-6.31313131e-06 2.27272727e-06 1.49997249e+08 8.47939955e+02 -3.03914366e+03
-5.80808081e-06 2.27272727e-06 1.49997251e+08 6.10261969e+02 -3.12915761e+03
-5.30303030e-06 2.27272727e-06 1.49997285e+08 4.39086423e+02 -3.20283945e+03
-4.79797980e-06 2.27272727e-06 1.49997343e+08 3.37286379e+02 -3.25552176e+03
-4.29292929e-06 2.27272727e-06 1.49997416e+08 3.03716347e+02 -3.28163137e+03
-3.78787879e-06 2.27272727e-06 1.49997493e+08 3.33128421e+02 -3.27557415e+03
-3.28282828e-06 2.27272727e-06 1.49997566e+08 4.16507538e+02 -3.23271865e+03
-2.77777778e-06 2.27272727e-06 1.49997628e+08 5.41844992e+02 -3.15030874e+03
-2.27272727e-06 2.27272727e-06 1.49997672e+08 6.95280244e+02 -3.02813233e+03
-1.76767677e-06 2.27272727e-06 1.49997695e+08 8.62456323e+02 -2.86881496e+03
-1.26262626e-06 2.27272727e-06 1.49997696e+08 1.02988155e+03 -2.67768537e+03
-7.57575758e-07 2.27272727e-06 1.49997677e+08 1.18608876e+03 -2.46225292e+03
-2.52525253e-07 2.27272727e-06 1.49997640e+08 1.32243360e+03 -2.23141626e+03
2.52525253e-07 2.27272727e-06 1.49997590e+08 1.43345787e+03 -1.99456479e+03
7.57575758e-07 2.27272727e-06 1.49997531e+08 1.51683519e+03 -1.76073319e+03
1.26262626e-06 2.27272727e-06 1.49997465e+08 1.57298801e+03 -1.53793010e+03
1.76767677e-06 2.27272727e-06 1.49997397e+08 1.60450235e+03 -1.33270486e+03
2.27272727e-06 2.27272727e-06 1.49997327e+08 1.61546947e+03 -1.14995945e+03
2.77777778e-06 2.27272727e-06 1.49997256e+08 1.61085979e+03 -9.92970402e+02
3.28282828e-06 2.27272727e-06 1.49997185e+08 1.59599913e+03 -8.63562766e+02
3.78787879e-06 2.27272727e-06 1.49997110e+08 1.57618079e+03 -7.62374044e+02
4.29292929e-06 2.27272727e-06 1.49997031e+08 1.55641860e+03 -6.89153761e+02
4.79797980e-06 2.27272727e-06 1.49996943e+08 1.54132714e+03 -6.43058686e+02
5.30303030e-06 2.27272727e-06 1.49996844e+08 1.53510694e+03 -6.22918848e+02
5.80808081e-06 2.27272727e-06 1.49996730e+08 1.54161096e+03 -6.27462575e+02
6.31313131e-06 2.27272727e-06 1.49996594e+08 1.56447280e+03 -6.55498409e+02
6.81818182e-06 2.27272727e-06 1.49996432e+08 1.60728324e+03 -7.06057895e+02
7.32323232e-06 2.27272727e-06 1.49996238e+08 1.67381056e+03 -7.78506362e+02
7.82828283e-06 2.27272727e-06 1.49996002e+08 1.76826860e+03 -8.72629699e+02
8.33333333e-06 2.27272727e-06 1.49995717e+08 1.89564785e+03 -9.88704306e+02
8.83838384e-06 2.27272727e-06 1.49995369e+08 2.06213813e+03 -1.12755494e+03
9.34343434e-06 2.27272727e-06 1.49994945e+08 2.27569069e+03 -1.29060066e+03
9.84848485e-06 2.27272727e-06 1.49994424e+08 2.54679693e+03 -1.47988050e+03
1.03535354e-05 2.27272727e-06 1.49993780e+08 2.88960840e+03 -1.69803399e+03
1.08585859e-05 2.27272727e-06 1.49992978e+08 3.32360464e+03 -1.94817724e+03
1.13636364e-05 2.27272727e-06 1.49991970e+08 3.87616022e+03 -2.23354133e+03
1.18686869e-05 2.27272727e-06 1.49990685e+08 4.58663023e+03 -2.55657330e+03
1.23737374e-05 2.27272727e-06 1.49989023e+08 5.51308931e+03 -2.91680888e+03
1.28787879e-05 2.27272727e-06 1.49986831e+08 6.74389813e+03 -3.30585084e+03
1.33838384e-05 2.27272727e-06 1.49983868e+08 8.41846989e+03 -3.69518299e+03
1.38888889e-05 2.27272727e-06 1.49979742e+08 1.07665005e+04 -4.00493923e+03
1.43939394e-05 2.27272727e-06 1.49973779e+08 1.41862072e+04 -4.01677097e+03
1.48989899e-05 2.27272727e-06 1.49964741e+08 1.94069872e+04 -3.09840040e+03
1.54040404e-05 2.27272727e-06 1.49950259e+08 2.78047206e+04 8.42687024e+02
1.59090909e-05 2.27272727e-06 1.49926341e+08 4.13155587e+04 1.65797315e+04
1.64141414e-05 2.27272727e-06 1.49904366e+08 4.28814314e+04 9.63440425e+04
1.69191919e-05 2.27272727e-06 1.50100711e+08 -3.81323273e+05 2.45510842e+05
1.74242424e-05 2.27272727e-06 1.50160002e+08 -9.71709667e+04 4.26726075e+04
1.79292929e-05 2.27272727e-06 1.50108443e+08 -4.92124968e+04 -9.48867132e+03
1.84343434e-05 2.27272727e-06 1.50073366e+08 -1.79074558e+04 -3.24834876e+04
1.89393939e-05 2.27272727e-06 1.50047611e+08 1.34156912e+04 -4.14918397e+04
1.94444444e-05 2.27272727e-06 1.50033415e+08 3.63863643e+04 -3.34373442e+04
1.99494949e-05 2.27272727e-06 1.50028612e+08 3.72473584e+04 -1.77148012e+04
2.04545455e-05 2.27272727e-06 1.50022429e+08 2.45286236e+04 -9.59444766e+03
2.09595960e-05 2.27272727e-06 1.50013610e+08 1.37559518e+04 -8.39560989e+03
2.14646465e-05 2.27272727e-06 1.50006252e+08 8.01703093e+03 -8.58755026e+03
2.19696970e-05 2.27272727e-06 1.50001573e+08 5.27557668e+03 -8.33664660e+03
2.24747475e-05 2.27272727e-06 1.49998967e+08 3.89833102e+03 -7.65544279e+03
2.29797980e-05 2.27272727e-06 1.49997639e+08 3.11585211e+03 -6.81003130e+03
2.34848485e-05 2.27272727e-06 1.49997039e+08 2.60679483e+03 -5.96799004e+03
2.39898990e-05 2.27272727e-06 1.49996836e+08 2.23726296e+03 -5.20213956e+03
2.44949495e-05 2.27272727e-06 1.49996845e+08 1.94854290e+03 -4.53392951e+03
2.50000000e-05 2.27272727e-06 1.49996962e+08 1.71262819e+03 -3.96185415e+03
-2.50000000e-05 2.77777778e-06 1.49998990e+08 -1.35196394e+03 4.16653556e+02
-2.44949495e-05 2.77777778e-06 1.49998998e+08 -1.32563763e+03 5.44893916e+02
-2.39898990e-05 2.77777778e-06 1.49999022e+08 -1.27790458e+03 6.86745973e+02
-2.34848485e-05 2.77777778e-06 1.49999062e+08 -1.20491636e+03 8.41702335e+02
-2.29797980e-05 2.77777778e-06 1.49999121e+08 -1.10265334e+03 1.00864287e+03
-2.24747475e-05 2.77777778e-06 1.49999200e+08 -9.67071522e+02 1.18570425e+03
-2.19696970e-05 2.77777778e-06 1.49999300e+08 -7.94303235e+02 1.37015519e+03
-2.14646465e-05 2.77777778e-06 1.49999420e+08 -5.80914716e+02 1.55829090e+03
-2.09595960e-05 2.77777778e-06 1.49999561e+08 -3.24218299e+02 1.74536361e+03
-2.04545455e-05 2.77777778e-06 1.49999721e+08 -2.26290042e+01 1.92556927e+03
-1.99494949e-05 2.77777778e-06 1.49999895e+08 3.23954402e+02 2.09211162e+03
-1.94444444e-05 2.77777778e-06 1.50000080e+08 7.13774877e+02 2.23736407e+03
-1.89393939e-05 2.77777778e-06 1.50000270e+08 1.14289058e+03 2.35314507e+03
-1.84343434e-05 2.77777778e-06 1.50000458e+08 1.60494540e+03 2.43111380e+03
-1.79292929e-05 2.77777778e-06 1.50000636e+08 2.09108742e+03 2.46327951e+03
-1.74242424e-05 2.77777778e-06 1.50000794e+08 2.59007940e+03 2.44259975e+03
-1.69191919e-05 2.77777778e-06 1.50000924e+08 3.08862962e+03 2.36362238e+03
-1.64141414e-05 2.77777778e-06 1.50001017e+08 3.57194630e+03 2.22310642e+03
-1.59090909e-05 2.77777778e-06 1.50001066e+08 4.02448857e+03 2.02054284e+03
-1.54040404e-05 2.77777778e-06 1.50001064e+08 4.43085685e+03 1.75849334e+03
-1.48989899e-05 2.77777778e-06 1.50001007e+08 4.77673989e+03 1.44267653e+03
-1.43939394e-05 2.77777778e-06 1.50000894e+08 5.04982215e+03 1.08175883e+03
-1.38888889e-05 2.77777778e-06 1.50000727e+08 5.24055545e+03 6.86845836e+02
-1.33838384e-05 2.77777778e-06 1.50000510e+08 5.34271588e+03 2.70713395e+02
-1.28787879e-05 2.77777778e-06 1.50000249e+08 5.35369862e+03 -1.53143151e+02
-1.23737374e-05 2.77777778e-06 1.49999953e+08 5.27454333e+03 -5.71534612e+02
-1.18686869e-05 2.77777778e-06 1.49999633e+08 5.10972220e+03 -9.72558196e+02
-1.13636364e-05 2.77777778e-06 1.49999300e+08 4.86675016e+03 -1.34641607e+03
-1.08585859e-05 2.77777778e-06 1.49998966e+08 4.55568645e+03 -1.68597787e+03
-1.03535354e-05 2.77777778e-06 1.49998641e+08 4.18858864e+03 -1.98703045e+03
-9.84848485e-06 2.77777778e-06 1.49998335e+08 3.77896293e+03 -2.24820435e+03
-9.34343434e-06 2.77777778e-06 1.49998058e+08 3.34123490e+03 -2.47061173e+03
-8.83838384e-06 2.77777778e-06 1.49997817e+08 2.89024972e+03 -2.65726425e+03
-8.33333333e-06 2.77777778e-06 1.49997616e+08 2.44079990e+03 -2.81235664e+03
-7.82828283e-06 2.77777778e-06 1.49997458e+08 2.00717098e+03 -2.94050465e+03
-7.32323232e-06 2.77777778e-06 1.49997345e+08 1.60269130e+03 -3.04601911e+03
-6.81818182e-06 2.77777778e-06 1.49997276e+08 1.23927247e+03 -3.13228789e+03
-6.31313131e-06 2.77777778e-06 1.49997247e+08 9.26935971e+02 -3.20132670e+03
-5.80808081e-06 2.77777778e-06 1.49997255e+08 6.73338329e+02 -3.25354748e+03
-5.30303030e-06 2.77777778e-06 1.49997291e+08 4.83330693e+02 -3.28777564e+03
-4.79797980e-06 2.77777778e-06 1.49997350e+08 3.58611962e+02 -3.30152292e+03
-4.29292929e-06 2.77777778e-06 1.49997422e+08 2.97549369e+02 -3.29148882e+03
-3.78787879e-06 2.77777778e-06 1.49997499e+08 2.95238178e+02 -3.25422595e+03
-3.28282828e-06 2.77777778e-06 1.49997572e+08 3.43848072e+02 -3.18686990e+03
-2.77777778e-06 2.77777778e-06 1.49997636e+08 4.33259420e+02 -3.08781419e+03
-2.27272727e-06 2.77777778e-06 1.49997685e+08 5.51937241e+02 -2.95721356e+03
-1.76767677e-06 2.77777778e-06 1.49997715e+08 6.87939402e+02 -2.79722820e+03
-1.26262626e-06 2.77777778e-06 1.49997726e+08 8.29924114e+02 -2.61197231e+03
-7.57575758e-07 2.77777778e-06 1.49997718e+08 9.68020684e+02 -2.40718905e+03
-2.52525253e-07 2.77777778e-06 1.49997692e+08 1.09445712e+03 -2.18972502e+03
2.52525253e-07 2.77777778e-06 1.49997653e+08 1.20388939e+03 -1.96690762e+03
7.57575758e-07 2.77777778e-06 1.49997602e+08 1.29343427e+03 -1.74593190e+03
1.26262626e-06 2.77777778e-06 1.49997542e+08 1.36245582e+03 -1.53334394e+03
1.76767677e-06 2.77777778e-06 1.49997476e+08 1.41218450e+03 -1.33467390e+03
2.27272727e-06 2.77777778e-06 1.49997406e+08 1.44525568e+03 -1.15423542e+03
2.77777778e-06 2.77777778e-06 1.49997331e+08 1.46524413e+03 -9.95078227e+02
3.28282828e-06 2.77777778e-06 1.49997252e+08 1.47625141e+03 -8.59061376e+02
3.78787879e-06 2.77777778e-06 1.49997169e+08 1.48257919e+03 -7.47006899e+02
4.29292929e-06 2.77777778e-06 1.49997078e+08 1.48850191e+03 -6.58895004e+02
4.79797980e-06 2.77777778e-06 1.49996978e+08 1.49813627e+03 -5.94068521e+02
5.30303030e-06 2.77777778e-06 1.49996865e+08 1.51539715e+03 -5.51423060e+02
5.80808081e-06 2.77777778e-06 1.49996735e+08 1.54402554e+03 -5.29567635e+02
6.31313131e-06 2.77777778e-06 1.49996585e+08 1.58767537e+03 -5.26946767e+02
6.81818182e-06 2.77777778e-06 1.49996408e+08 1.65004957e+03 -5.41918812e+02
7.32323232e-06 2.77777778e-06 1.49996200e+08 1.73508093e+03 -5.72785856e+02
7.82828283e-06 2.77777778e-06 1.49995951e+08 1.84715990e+03 -6.17767928e+02
8.33333333e-06 2.77777778e-06 1.49995653e+08 1.99141890e+03 -6.74907466e+02
8.83838384e-06 2.77777778e-06 1.49995296e+08 2.17409178e+03 -7.41877188e+02
9.34343434e-06 2.77777778e-06 1.49994865e+08 2.40297813e+03 -8.15641806e+02
9.84848485e-06 2.77777778e-06 1.49994344e+08 2.68805632e+03 -8.91883355e+02
1.03535354e-05 2.77777778e-06 1.49993709e+08 3.04230746e+03 -9.64025545e+02
1.08585859e-05 2.77777778e-06 1.49992932e+08 3.48283268e+03 -1.02155165e+03
1.13636364e-05 2.77777778e-06 1.49991975e+08 4.03236083e+03 -1.04703399e+03
1.18686869e-05 2.77777778e-06 1.49990787e+08 4.72121899e+03 -1.01072853e+03
1.23737374e-05 2.77777778e-06 1.49989300e+08 5.58966389e+03 -8.60383514e+02
1.28787879e-05 2.77777778e-06 1.49987426e+08 6.68977736e+03 -5.01213406e+02
1.33838384e-05 2.77777778e-06 1.49985056e+08 8.08364662e+03 2.45379741e+02
1.38888889e-05 2.77777778e-06 1.49982068e+08 9.82568619e+03 1.73163354e+03
1.43939394e-05 2.77777778e-06 1.49978409e+08 1.18837340e+04 4.69050982e+03
1.48989899e-05 2.77777778e-06 1.49974388e+08 1.38190199e+04 1.07363119e+04
1.54040404e-05 2.77777778e-06 1.49971826e+08 1.34563600e+04 2.35462996e+04
1.59090909e-05 2.77777778e-06 1.49978050e+08 1.29244098e+03 5.04602367e+04
1.64141414e-05 2.77777778e-06 1.50010361e+08 -5.47255147e+04 8.95587058e+04
1.69191919e-05 2.77777778e-06 1.50035221e+08 -1.35358013e+05 5.45650270e+04
1.74242424e-05 2.77777778e-06 1.50032282e+08 -7.33184678e+04 -2.83589286e+03
1.79292929e-05 2.77777778e-06 1.50047417e+08 -2.90907888e+04 -1.11083054e+04
1.84343434e-05 2.77777778e-06 1.50044005e+08 -5.74254532e+03 -1.98013467e+04
1.89393939e-05 2.77777778e-06 1.50035109e+08 1.34307669e+04 -2.31516575e+04
1.94444444e-05 2.77777778e-06 1.50028916e+08 2.57839869e+04 -1.85936283e+04
1.99494949e-05 2.77777778e-06 1.50025946e+08 2.72963455e+04 -1.05633041e+04
2.04545455e-05 2.77777778e-06 1.50022594e+08 2.11012101e+04 -5.18614256e+03
2.09595960e-05 2.77777778e-06 1.50017453e+08 1.37261906e+04 -3.67210516e+03
2.14646465e-05 2.77777778e-06 1.50011923e+08 8.42797661e+03 -3.98036609e+03
2.19696970e-05 2.77777778e-06 1.50007325e+08 5.30243282e+03 -4.51298973e+03
2.24747475e-05 2.77777778e-06 1.50004008e+08 3.57624875e+03 -4.75308090e+03
2.29797980e-05 2.77777778e-06 1.50001792e+08 2.61621525e+03 -4.69362749e+03
2.34848485e-05 2.77777778e-06 1.50000374e+08 2.05410028e+03 -4.44600275e+03
2.39898990e-05 2.77777778e-06 1.49999496e+08 1.69870727e+03 -4.10821889e+03
2.44949495e-05 2.77777778e-06 1.49998971e+08 1.45416694e+03 -3.74290966e+03
2.50000000e-05 2.77777778e-06 1.49998671e+08 1.27235427e+03 -3.38462126e+03
-2.50000000e-05 3.28282828e-06 1.49998847e+08 -1.47625978e+03 3.93778378e+02
-2.44949495e-05 3.28282828e-06 1.49998841e+08 -1.46479413e+03 5.28771136e+02
-2.39898990e-05 3.28282828e-06 1.49998850e+08 -1.43184312e+03 6.79906694e+02
-2.34848485e-05 3.28282828e-06 1.49998878e+08 -1.37298888e+03 8.47006745e+02
-2.29797980e-05 3.28282828e-06 1.49998927e+08 -1.28349389e+03 1.02922205e+03
-2.24747475e-05 3.28282828e-06 1.49998998e+08 -1.15844413e+03 1.22485961e+03
-2.19696970e-05 3.28282828e-06 1.49999094e+08 -9.92958643e+02 1.43120787e+03
-2.14646465e-05 3.28282828e-06 1.49999215e+08 -7.82473185e+02 1.64437627e+03
-2.09595960e-05 3.28282828e-06 1.49999361e+08 -5.23100185e+02 1.85917121e+03
-2.04545455e-05 3.28282828e-06 1.49999530e+08 -2.12058323e+02 2.06903563e+03
-1.99494949e-05 3.28282828e-06 1.49999720e+08 1.51847024e+02 2.26608364e+03
-1.94444444e-05 3.28282828e-06 1.49999926e+08 5.67725885e+02 2.44126119e+03
-1.89393939e-05 3.28282828e-06 1.50000142e+08 1.03213727e+03 2.58465950e+03
-1.84343434e-05 3.28282828e-06 1.50000359e+08 1.53871674e+03 2.68599574e+03
-1.79292929e-05 3.28282828e-06 1.50000568e+08 2.07796816e+03 2.73525626e+03
-1.74242424e-05 3.28282828e-06 1.50000758e+08 2.63728816e+03 2.72347118e+03
-1.69191919e-05 3.28282828e-06 1.50000918e+08 3.20127651e+03 2.64355912e+03
-1.64141414e-05 3.28282828e-06 1.50001038e+08 3.75235703e+03 2.49115203e+03
-1.59090909e-05 3.28282828e-06 1.50001107e+08 4.27169276e+03 2.26529073e+03
-1.54040404e-05 3.28282828e-06 1.50001119e+08 4.74033241e+03 1.96887794e+03
-1.48989899e-05 3.28282828e-06 1.50001068e+08 5.14048117e+03 1.60879390e+03
-1.43939394e-05 3.28282828e-06 1.50000954e+08 5.45675837e+03 1.19561944e+03
-1.38888889e-05 3.28282828e-06 1.50000777e+08 5.67729494e+03 7.42966901e+02
-1.33838384e-05 3.28282828e-06 1.50000545e+08 5.79454170e+03 2.66480641e+02
-1.28787879e-05 3.28282828e-06 1.50000265e+08 5.80570100e+03 -2.17378024e+02
-1.23737374e-05 3.28282828e-06 1.49999948e+08 5.71275316e+03 -6.92611782e+02
-1.18686869e-05 3.28282828e-06 1.49999607e+08 5.52210940e+03 -1.14487602e+03
-1.13636364e-05 3.28282828e-06 1.49999256e+08 5.24397234e+03 -1.56243493e+03
-1.08585859e-05 3.28282828e-06 1.49998907e+08 4.89151201e+03 -1.93678478e+03
-1.03535354e-05 3.28282828e-06 1.49998572e+08 4.47996803e+03 -2.26289768e+03
-9.84848485e-06 3.28282828e-06 1.49998262e+08 4.02577140e+03 -2.53909470e+03
-9.34343434e-06 3.28282828e-06 1.49997985e+08 3.54575014e+03 -2.76660476e+03
-8.83838384e-06 3.28282828e-06 1.49997748e+08 3.05645217e+03 -2.94889736e+03
-8.33333333e-06 3.28282828e-06 1.49997555e+08 2.57359081e+03 -3.09089042e+03
-7.82828283e-06 3.28282828e-06 1.49997408e+08 2.11159799e+03 -3.19813231e+03
-7.32323232e-06 3.28282828e-06 1.49997306e+08 1.68325912e+03 -3.27604462e+03
-6.81818182e-06 3.28282828e-06 1.49997247e+08 1.29940214e+03 -3.32929490e+03
-6.31313131e-06 3.28282828e-06 1.49997229e+08 9.68621156e+02 -3.36135026e+03
-5.80808081e-06 3.28282828e-06 1.49997244e+08 6.97030317e+02 -3.37424426e+03
-5.30303030e-06 3.28282828e-06 1.49997287e+08 4.88063187e+02 -3.36856982e+03
-4.79797980e-06 3.28282828e-06 1.49997349e+08 3.42350176e+02 -3.34368875e+03
-4.29292929e-06 3.28282828e-06 1.49997424e+08 2.57717465e+02 -3.29812436e+03
-3.78787879e-06 3.28282828e-06 1.49997504e+08 2.29349137e+02 -3.23007888e+03
-3.28282828e-06 3.28282828e-06 1.49997581e+08 2.50138225e+02 -3.13799770e+03
-2.77777778e-06 3.28282828e-06 1.49997649e+08 3.11224009e+02 -3.02109316e+03
-2.27272727e-06 3.28282828e-06 1.49997704e+08 4.02678245e+02 -2.87974571e+03
-1.76767677e-06 3.28282828e-06 1.49997742e+08 5.14271433e+02 -2.71572187e+03
-1.26262626e-06 3.28282828e-06 1.49997762e+08 6.36230896e+02 -2.53218231e+03
-7.57575758e-07 3.28282828e-06 1.49997765e+08 7.59901438e+02 -2.33349159e+03
-2.52525253e-07 3.28282828e-06 1.49997750e+08 8.78237144e+02 -2.12487520e+03
2.52525253e-07 3.28282828e-06 1.49997720e+08 9.86084224e+02 -1.91199079e+03
7.57575758e-07 3.28282828e-06 1.49997678e+08 1.08025118e+03 -1.70048564e+03
1.26262626e-06 3.28282828e-06 1.49997625e+08 1.15939463e+03 -1.49560253e+03
1.76767677e-06 3.28282828e-06 1.49997563e+08 1.22377079e+03 -1.30187678e+03
2.27272727e-06 3.28282828e-06 1.49997495e+08 1.27491078e+03 -1.12294336e+03
2.77777778e-06 3.28282828e-06 1.49997420e+08 1.31527515e+03 -9.61452583e+02
3.28282828e-06 3.28282828e-06 1.49997338e+08 1.34793142e+03 -8.19077256e+02
3.78787879e-06 3.28282828e-06 1.49997250e+08 1.37628433e+03 -6.96586165e+02
4.29292929e-06 3.28282828e-06 1.49997154e+08 1.40387376e+03 -5.93956506e+02
4.79797980e-06 3.28282828e-06 1.49997047e+08 1.43424401e+03 -5.10499948e+02
5.30303030e-06 3.28282828e-06 1.49996927e+08 1.47088025e+03 -4.44981141e+02
5.80808081e-06 3.28282828e-06 1.49996792e+08 1.51720351e+03 -3.95711816e+02
6.31313131e-06 3.28282828e-06 1.49996636e+08 1.57661473e+03 -3.60606811e+02
6.81818182e-06 3.28282828e-06 1.49996457e+08 1.65257902e+03 -3.37189398e+02
7.32323232e-06 3.28282828e-06 1.49996247e+08 1.74874341e+03 -3.22531267e+02
7.82828283e-06 3.28282828e-06 1.49996002e+08 1.86908346e+03 -3.13106547e+02
8.33333333e-06 3.28282828e-06 1.49995714e+08 2.01807567e+03 -3.04527389e+02
8.83838384e-06 3.28282828e-06 1.49995375e+08 2.20089187e+03 -2.91107956e+02
9.34343434e-06 3.28282828e-06 1.49994973e+08 2.42360627e+03 -2.65168291e+02
9.84848485e-06 3.28282828e-06 1.49994498e+08 2.69339066e+03 -2.15928902e+02
1.03535354e-05 3.28282828e-06 1.49993934e+08 3.01863556e+03 -1.27741448e+02
1.08585859e-05 3.28282828e-06 1.49993265e+08 3.40884922e+03 2.27863450e+01
1.13636364e-05 3.28282828e-06 1.49992473e+08 3.87398989e+03 2.71552257e+02
1.18686869e-05 3.28282828e-06 1.49991539e+08 4.42243129e+03 6.75011986e+02
1.23737374e-05 3.28282828e-06 1.49990450e+08 5.05568314e+03 1.32408415e+03
1.28787879e-05 3.28282828e-06 1.49989209e+08 5.75535857e+03 2.36859222e+03
1.33838384e-05 3.28282828e-06 1.49987869e+08 6.45126264e+03 4.06056769e+03
1.38888889e-05 3.28282828e-06 1.49986597e+08 6.94239931e+03 6.82947185e+03
1.43939394e-05 3.28282828e-06 1.49985841e+08 6.69869921e+03 1.13997819e+04
1.48989899e-05 3.28282828e-06 1.49986670e+08 4.36841359e+03 1.88977787e+04
1.54040404e-05 3.28282828e-06 1.49991322e+08 -3.31163582e+03 3.05053682e+04
1.59090909e-05 3.28282828e-06 1.50002832e+08 -2.26889621e+04 4.46460359e+04
1.64141414e-05 3.28282828e-06 1.50018432e+08 -5.67764726e+04 4.83349752e+04
1.69191919e-05 3.28282828e-06 1.50021137e+08 -7.79408579e+04 2.28868250e+04
1.74242424e-05 3.28282828e-06 1.50015292e+08 -5.54937655e+04 -6.23665841e+03
1.79292929e-05 3.28282828e-06 1.50018446e+08 -2.39888984e+04 -1.54672057e+04
1.84343434e-05 3.28282828e-06 1.50021673e+08 -2.63030520e+03 -1.72635980e+04
1.89393939e-05 3.28282828e-06 1.50021804e+08 1.16246183e+04 -1.61560580e+04
1.94444444e-05 3.28282828e-06 1.50021224e+08 1.97330613e+04 -1.21084816e+04
1.99494949e-05 3.28282828e-06 1.50020807e+08 2.13365136e+04 -6.88312909e+03
2.04545455e-05 3.28282828e-06 1.50019604e+08 1.81448379e+04 -2.99603054e+03
2.09595960e-05 3.28282828e-06 1.50017006e+08 1.32680376e+04 -1.36201881e+03
2.14646465e-05 3.28282828e-06 1.50013524e+08 8.93268066e+03 -1.29598925e+03
2.19696970e-05 3.28282828e-06 1.50010010e+08 5.84939141e+03 -1.82338123e+03
2.24747475e-05 3.28282828e-06 1.50006999e+08 3.88075635e+03 -2.36551866e+03
2.29797980e-05 3.28282828e-06 1.50004652e+08 2.67956509e+03 -2.72152556e+03
2.34848485e-05 3.28282828e-06 1.50002920e+08 1.95159310e+03 -2.87916507e+03
2.39898990e-05 3.28282828e-06 1.50001683e+08 1.50186340e+03 -2.88673183e+03
2.44949495e-05 3.28282828e-06 1.50000816e+08 1.21338116e+03 -2.79757623e+03
2.50000000e-05 3.28282828e-06 1.50000218e+08 1.01885154e+03 -2.65339610e+03
-2.50000000e-05 3.78787879e-06 1.49998703e+08 -1.60549915e+03 3.62197906e+02
-2.44949495e-05 3.78787879e-06 1.49998680e+08 -1.61130740e+03 5.02611587e+02
-2.39898990e-05 3.78787879e-06 1.49998674e+08 -1.59594774e+03 6.61856280e+02
-2.34848485e-05 3.78787879e-06 1.49998687e+08 -1.55440209e+03 8.40195147e+02
-2.29797980e-05 3.78787879e-06 1.49998723e+08 -1.48114408e+03 1.03718019e+03
-2.24747475e-05 3.78787879e-06 1.49998784e+08 -1.37026822e+03 1.25143107e+03
-2.19696970e-05 3.78787879e-06 1.49998873e+08 -1.21569946e+03 1.48039993e+03
-2.14646465e-05 3.78787879e-06 1.49998992e+08 -1.01149786e+03 1.72014076e+03
-2.09595960e-05 3.78787879e-06 1.49999141e+08 -7.52267679e+02 1.96511028e+03
-2.04545455e-05 3.78787879e-06 1.49999320e+08 -4.33670760e+02 2.20803610e+03
-1.99494949e-05 3.78787879e-06 1.49999527e+08 -5.30293033e+01 2.43989543e+03
-1.94444444e-05 3.78787879e-06 1.49999755e+08 3.90016466e+02 2.65005059e+03
-1.89393939e-05 3.78787879e-06 1.50000000e+08 8.92853016e+02 2.82658407e+03
-1.84343434e-05 3.78787879e-06 1.50000250e+08 1.44932069e+03 2.95686185e+03
-1.79292929e-05 3.78787879e-06 1.50000496e+08 2.04932091e+03 3.02832857e+03
-1.74242424e-05 3.78787879e-06 1.50000724e+08 2.67870668e+03 3.02950088e+03
-1.69191919e-05 3.78787879e-06 1.50000921e+08 3.31954726e+03 2.95108128e+03
-1.64141414e-05 3.78787879e-06 1.50001073e+08 3.95082352e+03 2.78707105e+03
-1.59090909e-05 3.78787879e-06 1.50001169e+08 4.54955429e+03 2.53572907e+03
-1.54040404e-05 3.78787879e-06 1.50001198e+08 5.09228376e+03 2.20021485e+03
-1.48989899e-05 3.78787879e-06 1.50001155e+08 5.55678802e+03 1.78877819e+03
-1.43939394e-05 3.78787879e-06 1.50001038e+08 5.92380355e+03 1.31441420e+03
-1.38888889e-05 3.78787879e-06 1.50000850e+08 6.17855714e+03 7.93984826e+02
-1.33838384e-05 3.78787879e-06 1.50000598e+08 6.31189580e+03 2.46897252e+02
-1.28787879e-05 3.78787879e-06 1.50000294e+08 6.32087574e+03 -3.06492805e+02
-1.23737374e-05 3.78787879e-06 1.49999950e+08 6.20875765e+03 -8.46539587e+02
-1.18686869e-05 3.78787879e-06 1.49999582e+08 5.98445090e+03 -1.35580964e+03
-1.13636364e-05 3.78787879e-06 1.49999206e+08 5.66152874e+03 -1.82024651e+03
-1.08585859e-05 3.78787879e-06 1.49998837e+08 5.25698338e+03 -2.22988220e+03
-1.03535354e-05 3.78787879e-06 1.49998488e+08 4.78989857e+03 -2.57905847e+03
-9.84848485e-06 3.78787879e-06 1.49998170e+08 4.28019187e+03 -2.86619467e+03
-9.34343434e-06 3.78787879e-06 1.49997892e+08 3.74753300e+03 -3.09319447e+03
-8.83838384e-06 3.78787879e-06 1.49997659e+08 3.21049173e+03 -3.26461433e+03
-8.33333333e-06 3.78787879e-06 1.49997474e+08 2.68592130e+03 -3.38672261e+03
-7.82828283e-06 3.78787879e-06 1.49997337e+08 2.18854918e+03 -3.46656592e+03
-7.32323232e-06 3.78787879e-06 1.49997248e+08 1.73072845e+03 -3.51113561e+03
-6.81818182e-06 3.78787879e-06 1.49997203e+08 1.32229959e+03 -3.52669995e+03
-6.31313131e-06 3.78787879e-06 1.49997196e+08 9.70521499e+02 -3.51834170e+03
-5.80808081e-06 3.78787879e-06 1.49997222e+08 6.80047246e+02 -3.48971705e+03
-5.30303030e-06 3.78787879e-06 1.49997275e+08 4.52939343e+02 -3.44303192e+03
-4.79797980e-06 3.78787879e-06 1.49997345e+08 2.88736835e+02 -3.37921292e+03
-4.29292929e-06 3.78787879e-06 1.49997427e+08 1.84597114e+02 -3.29823331e+03
-3.78787879e-06 3.78787879e-06 1.49997512e+08 1.35536550e+02 -3.19953979e+03
-3.28282828e-06 3.78787879e-06 1.49997595e+08 1.34784763e+02 -3.08251587e+03
-2.77777778e-06 3.78787879e-06 1.49997670e+08 1.74249641e+02 -2.94691481e+03
-2.27272727e-06 3.78787879e-06 1.49997732e+08 2.45068409e+02 -2.79320212e+03
-1.76767677e-06 3.78787879e-06 1.49997779e+08 3.38200096e+02 -2.62276377e+03
-1.26262626e-06 3.78787879e-06 1.49997809e+08 4.45002399e+02 -2.43795983e+03
-7.57575758e-07 3.78787879e-06 1.49997821e+08 5.57734797e+02 -2.24202930e+03
-2.52525253e-07 3.78787879e-06 1.49997817e+08 6.69940346e+02 -2.03887501e+03
2.52525253e-07 3.78787879e-06 1.49997797e+08 7.76678031e+02 -1.83277258e+03
7.57575758e-07 3.78787879e-06 1.49997763e+08 8.74600705e+02 -1.62805283e+03
1.26262626e-06 3.78787879e-06 1.49997717e+08 9.61895144e+02 -1.42880274e+03
1.76767677e-06 3.78787879e-06 1.49997661e+08 1.03811625e+03 -1.23861800e+03
2.27272727e-06 3.78787879e-06 1.49997597e+08 1.10395496e+03 -1.06042607e+03
2.77777778e-06 3.78787879e-06 1.49997524e+08 1.16097916e+03 -8.96383434e+02
3.28282828e-06 3.78787879e-06 1.49997443e+08 1.21138096e+03 -7.47839721e+02
3.78787879e-06 3.78787879e-06 1.49997355e+08 1.25775451e+03 -6.15353337e+02
4.29292929e-06 3.78787879e-06 1.49997258e+08 1.30291838e+03 -4.98739779e+02
4.79797980e-06 3.78787879e-06 1.49997150e+08 1.34978813e+03 -3.97133086e+02
5.30303030e-06 3.78787879e-06 1.49997031e+08 1.40129754e+03 -3.09041921e+02
5.80808081e-06 3.78787879e-06 1.49996897e+08 1.46036257e+03 -2.32383265e+02
6.31313131e-06 3.78787879e-06 1.49996745e+08 1.52987969e+03 -1.64477483e+02
6.81818182e-06 3.78787879e-06 1.49996573e+08 1.61274822e+03 -1.01987519e+02
7.32323232e-06 3.78787879e-06 1.49996376e+08 1.71190538e+03 -4.07813135e+01
7.82828283e-06 3.78787879e-06 1.49996150e+08 1.83035971e+03 2.43111351e+01
8.33333333e-06 3.78787879e-06 1.49995890e+08 1.97120299e+03 9.98880875e+01
8.83838384e-06 3.78787879e-06 1.49995591e+08 2.13756867e+03 1.94577937e+02
9.34343434e-06 3.78787879e-06 1.49995247e+08 2.33248079e+03 3.19952450e+02
9.84848485e-06 3.78787879e-06 1.49994853e+08 2.55849133e+03 4.91907948e+02
1.03535354e-05 3.78787879e-06 1.49994405e+08 2.81691348e+03 7.32760801e+02
1.08585859e-05 3.78787879e-06 1.49993901e+08 3.10628332e+03 1.07444367e+03
1.13636364e-05 3.78787879e-06 1.49993342e+08 3.41933561e+03 1.56339943e+03
1.18686869e-05 3.78787879e-06 1.49992745e+08 3.73708638e+03 2.26805732e+03
1.23737374e-05 3.78787879e-06 1.49992142e+08 4.01721683e+03 3.29006471e+03
1.28787879e-05 3.78787879e-06 1.49991611e+08 4.17114603e+03 4.78033567e+03
1.33838384e-05 3.78787879e-06 1.49991301e+08 4.01874555e+03 6.95891036e+03
1.38888889e-05 3.78787879e-06 1.49991500e+08 3.20039077e+03 1.01283073e+04
1.43939394e-05 3.78787879e-06 1.49992713e+08 1.01704358e+03 1.46372217e+04
1.48989899e-05 3.78787879e-06 1.49995726e+08 -3.80243806e+03 2.06542202e+04
1.54040404e-05 3.78787879e-06 1.50001342e+08 -1.31672983e+04 2.74065753e+04
1.59090909e-05 3.78787879e-06 1.50009099e+08 -2.83834280e+04 3.15597076e+04
1.64141414e-05 3.78787879e-06 1.50014997e+08 -4.55181784e+04 2.66800253e+04
1.69191919e-05 3.78787879e-06 1.50013924e+08 -5.18933283e+04 1.05203451e+04
1.74242424e-05 3.78787879e-06 1.50009340e+08 -4.00350255e+04 -6.31565146e+03
1.79292929e-05 3.78787879e-06 1.50008265e+08 -2.02196780e+04 -1.43759652e+04
1.84343434e-05 3.78787879e-06 1.50010122e+08 -3.17120861e+03 -1.55253930e+04
1.89393939e-05 3.78787879e-06 1.50012291e+08 8.56373860e+03 -1.33517096e+04
1.94444444e-05 3.78787879e-06 1.50014077e+08 1.51284157e+04 -9.54216141e+03
1.99494949e-05 3.78787879e-06 1.50015331e+08 1.70423195e+04 -5.41577041e+03
2.04545455e-05 3.78787879e-06 1.50015642e+08 1.55506425e+04 -2.21445599e+03
2.09595960e-05 3.78787879e-06 1.50014759e+08 1.24156442e+04 -4.91895349e+02
2.14646465e-05 3.78787879e-06 1.50012913e+08 9.10551015e+03 -2.05713810e+01
2.19696970e-05 3.78787879e-06 1.50010611e+08 6.37050735e+03 -2.53718815e+02
2.24747475e-05 3.78787879e-06 1.50008309e+08 4.38067480e+03 -7.29589533e+02
2.29797980e-05 3.78787879e-06 1.50006271e+08 3.02932366e+03 -1.19014778e+03
2.34848485e-05 3.78787879e-06 1.50004593e+08 2.14210033e+03 -1.53604951e+03
2.39898990e-05 3.78787879e-06 1.50003271e+08 1.56590423e+03 -1.75317897e+03
2.44949495e-05 3.78787879e-06 1.50002258e+08 1.18975961e+03 -1.86159353e+03
2.50000000e-05 3.78787879e-06 1.50001495e+08 9.39953714e+02 -1.88940478e+03
-2.50000000e-05 4.29292929e-06 1.49998561e+08 -1.73812943e+03 3.21409785e+02
-2.44949495e-05 4.29292929e-06 1.49998519e+08 -1.76370857e+03 4.65531347e+02
-2.39898990e-05 4.29292929e-06 1.49998494e+08 -1.76894309e+03 6.31284025e+02
-2.34848485e-05 4.29292929e-06 1.49998489e+08 -1.74820839e+03 8.19503943e+02
-2.29797980e-05 4.29292929e-06 1.49998508e+08 -1.69513928e+03 1.03030437e+03
-2.24747475e-05 4.29292929e-06 1.49998556e+08 -1.60273038e+03 1.26280119e+03
-2.19696970e-05 4.29292929e-06 1.49998635e+08 -1.46353132e+03 1.51480662e+03
-2.14646465e-05 4.29292929e-06 1.49998749e+08 -1.26996084e+03 1.78251043e+03
-2.09595960e-05 4.29292929e-06 1.49998900e+08 -1.01476013e+03 2.06017985e+03
-2.04545455e-05 4.29292929e-06 1.49999087e+08 -6.91596225e+02 2.33992314e+03
-1.99494949e-05 4.29292929e-06 1.49999310e+08 -2.95808689e+02 2.61157434e+03
-1.94444444e-05 4.29292929e-06 1.49999562e+08 1.74732072e+02 2.86276589e+03
-1.89393939e-05 4.29292929e-06 1.49999839e+08 7.18719772e+02 3.07925567e+03
-1.84343434e-05 4.29292929e-06 1.50000128e+08 1.33056135e+03 3.24556165e+03
-1.79292929e-05 4.29292929e-06 1.50000417e+08 1.99971403e+03 3.34592569e+03
-1.74242424e-05 4.29292929e-06 1.50000690e+08 2.71036320e+03 3.36557808e+03
-1.69191919e-05 4.29292929e-06 1.50000931e+08 3.44158854e+03 3.29220974e+03
-1.64141414e-05 4.29292929e-06 1.50001123e+08 4.16812570e+03 3.11749084e+03
-1.59090909e-05 4.29292929e-06 1.50001251e+08 4.86175432e+03 2.83842047e+03
-1.54040404e-05 4.29292929e-06 1.50001302e+08 5.49323764e+03 2.45827090e+03
-1.48989899e-05 4.29292929e-06 1.50001269e+08 6.03462432e+03 1.98691751e+03
-1.43939394e-05 4.29292929e-06 1.50001149e+08 6.46162803e+03 1.44042649e+03
-1.38888889e-05 4.29292929e-06 1.50000946e+08 6.75575422e+03 8.39894277e+02
-1.33838384e-05 4.29292929e-06 1.50000670e+08 6.90586490e+03 2.09669419e+02
-1.28787879e-05 4.29292929e-06 1.50000333e+08 6.90896210e+03 -4.24795916e+02
-1.23737374e-05 4.29292929e-06 1.49999955e+08 6.77010830e+03 -1.03915223e+03
-1.18686869e-05 4.29292929e-06 1.49999552e+08 6.50155190e+03 -1.61210570e+03
-1.13636364e-05 4.29292929e-06 1.49999145e+08 6.12125052e+03 -2.12687183e+03
-1.08585859e-05 4.29292929e-06 1.49998751e+08 5.65105590e+03 -2.57199045e+03
-1.03535354e-05 4.29292929e-06 1.49998384e+08 5.11483335e+03 -2.94148149e+03
-9.84848485e-06 4.29292929e-06 1.49998056e+08 4.53674430e+03 -3.23442364e+03
-9.34343434e-06 4.29292929e-06 1.49997775e+08 3.93984391e+03 -3.45410579e+03
-8.83838384e-06 4.29292929e-06 1.49997546e+08 3.34506101e+03 -3.60692932e+03
-8.33333333e-06 4.29292929e-06 1.49997370e+08 2.77055467e+03 -3.70123205e+03
-7.82828283e-06 4.29292929e-06 1.49997247e+08 2.23139147e+03 -3.74617495e+03
-7.32323232e-06 4.29292929e-06 1.49997173e+08 1.73946276e+03 -3.75079141e+03
-6.81818182e-06 4.29292929e-06 1.49997144e+08 1.30355918e+03 -3.72325851e+03
-6.31313131e-06 4.29292929e-06 1.49997154e+08 9.29532954e+02 -3.67041412e+03
-5.80808081e-06 4.29292929e-06 1.49997195e+08 6.20501216e+02 -3.59751690e+03
-5.30303030e-06 4.29292929e-06 1.49997260e+08 3.77066840e+02 -3.50822638e+03
-4.79797980e-06 4.29292929e-06 1.49997342e+08 1.97554456e+02 -3.40476656e+03
-4.29292929e-06 4.29292929e-06 1.49997433e+08 7.82723576e+01 -3.28822616e+03
-3.78787879e-06 4.29292929e-06 1.49997528e+08 1.38157954e+01 -3.15894259e+03
-3.28282828e-06 4.29292929e-06 1.49997619e+08 -2.57698099e+00 -3.01691359e+03
-2.77777778e-06 4.29292929e-06 1.49997702e+08 2.13846266e+01 -2.86218324e+03
-2.27272727e-06 4.29292929e-06 1.49997773e+08 7.74926776e+01 -2.69515630e+03
-1.76767677e-06 4.29292929e-06 1.49997829e+08 1.57502778e+02 -2.51680860e+03
-1.26262626e-06 4.29292929e-06 1.49997868e+08 2.53573748e+02 -2.32877777e+03
-7.57575758e-07 4.29292929e-06 1.49997890e+08 3.58647986e+02 -2.13333726e+03
-2.52525253e-07 4.29292929e-06 1.49997895e+08 4.66741645e+02 -1.93327225e+03
2.52525253e-07 4.29292929e-06 1.49997884e+08 5.73125688e+02 -1.73168718e+03
7.57575758e-07 4.29292929e-06 1.49997859e+08 6.74393708e+02 -1.53177967e+03
1.26262626e-06 4.29292929e-06 1.49997821e+08 7.68426686e+02 -1.33661343e+03
1.76767677e-06 4.29292929e-06 1.49997772e+08 8.54275806e+02 -1.14891646e+03
2.27272727e-06 4.29292929e-06 1.49997713e+08 9.31990420e+02 -9.70921350e+02
2.77777778e-06 4.29292929e-06 1.49997645e+08 1.00241912e+03 -8.04254300e+02
3.28282828e-06 4.29292929e-06 1.49997568e+08 1.06700856e+03 -6.49871154e+02
3.78787879e-06 4.29292929e-06 1.49997483e+08 1.12761858e+03 -5.08031766e+02
4.29292929e-06 4.29292929e-06 1.49997389e+08 1.18636539e+03 -3.78300116e+02
4.79797980e-06 4.29292929e-06 1.49997286e+08 1.24549752e+03 -2.59555335e+02
5.30303030e-06 4.29292929e-06 1.49997172e+08 1.30730370e+03 -1.49998002e+02
5.80808081e-06 4.29292929e-06 1.49997046e+08 1.37404695e+03 -4.71357130e+01
6.31313131e-06 4.29292929e-06 1.49996906e+08 1.44791595e+03 5.22688057e+01
6.81818182e-06 4.29292929e-06 1.49996749e+08 1.53098083e+03 1.52305630e+02
7.32323232e-06 4.29292929e-06 1.49996575e+08 1.62513638e+03 2.58104140e+02
7.82828283e-06 4.29292929e-06 1.49996379e+08 1.73200896e+03 3.76127394e+02
8.33333333e-06 4.29292929e-06 1.49996162e+08 1.85279136e+03 5.14614591e+02
8.83838384e-06 4.29292929e-06 1.49995919e+08 1.98794921e+03 6.84228146e+02
9.34343434e-06 4.29292929e-06 1.49995653e+08 2.13670599e+03 8.98985243e+02
9.84848485e-06 4.29292929e-06 1.49995362e+08 2.29614988e+03 1.17758494e+03
1.03535354e-05 4.29292929e-06 1.49995053e+08 2.45969314e+03 1.54527884e+03
1.08585859e-05 4.29292929e-06 1.49994736e+08 2.61441831e+03 2.03646454e+03
1.13636364e-05 4.29292929e-06 1.49994431e+08 2.73650334e+03 2.69816653e+03
1.18686869e-05 4.29292929e-06 1.49994174e+08 2.78333513e+03 3.59439728e+03
1.23737374e-05 4.29292929e-06 1.49994027e+08 2.67998489e+03 4.81075962e+03
1.28787879e-05 4.29292929e-06 1.49994094e+08 2.29642117e+03 6.45680093e+03
1.33838384e-05 4.29292929e-06 1.49994541e+08 1.41084291e+03 8.65876997e+03
1.38888889e-05 4.29292929e-06 1.49995611e+08 -3.42849287e+02 1.15238833e+04
1.43939394e-05 4.29292929e-06 1.49997620e+08 -3.52731589e+03 1.50339806e+04
1.48989899e-05 4.29292929e-06 1.50000839e+08 -8.87191416e+03 1.87970963e+04
1.54040404e-05 4.29292929e-06 1.50005139e+08 -1.69177935e+04 2.16222752e+04
1.59090909e-05 4.29292929e-06 1.50009377e+08 -2.69440096e+04 2.12409996e+04
1.64141414e-05 4.29292929e-06 1.50011306e+08 -3.54616517e+04 1.53467911e+04
1.69191919e-05 4.29292929e-06 1.50009568e+08 -3.70028701e+04 4.66150117e+03
1.74242424e-05 4.29292929e-06 1.50006157e+08 -2.93672050e+04 -5.91527805e+03
1.79292929e-05 4.29292929e-06 1.50004307e+08 -1.65281878e+04 -1.20051769e+04
1.84343434e-05 4.29292929e-06 1.50004817e+08 -3.93252453e+03 -1.33023827e+04
1.89393939e-05 4.29292929e-06 1.50006661e+08 5.56864608e+03 -1.15507211e+04
1.94444444e-05 4.29292929e-06 1.50008835e+08 1.12908126e+04 -8.36901419e+03
1.99494949e-05 4.29292929e-06 1.50010703e+08 1.35370645e+04 -4.95752093e+03
2.04545455e-05 4.29292929e-06 1.50011830e+08 1.31612576e+04 -2.16905021e+03
2.09595960e-05 4.29292929e-06 1.50012003e+08 1.12793003e+04 -4.05407139e+02
2.14646465e-05 4.29292929e-06 1.50011304e+08 8.89244907e+03 3.79316957e+02
2.19696970e-05 4.29292929e-06 1.50010018e+08 6.64357900e+03 4.80480533e+02
2.24747475e-05 4.29292929e-06 1.50008470e+08 4.81215750e+03 2.22228126e+02
2.29797980e-05 4.29292929e-06 1.50006911e+08 3.44033421e+03 -1.58112603e+02
2.34848485e-05 4.29292929e-06 1.50005491e+08 2.46174869e+03 -5.26696844e+02
2.39898990e-05 4.29292929e-06 1.50004272e+08 1.78210723e+03 -8.25913806e+02
2.44949495e-05 4.29292929e-06 1.50003266e+08 1.31561833e+03 -1.04209165e+03
2.50000000e-05 4.29292929e-06 1.50002455e+08 9.95783217e+02 -1.18223566e+03
-2.50000000e-05 4.79797980e-06 1.49998423e+08 -1.87222983e+03 2.71239501e+02
-2.44949495e-05 4.79797980e-06 1.49998360e+08 -1.92009651e+03 4.16937117e+02
-2.39898990e-05 4.79797980e-06 1.49998313e+08 -1.94906987e+03 5.87104560e+02
-2.34848485e-05 4.79797980e-06 1.49998286e+08 -1.95294765e+03 7.83297981e+02
-2.29797980e-05 4.79797980e-06 1.49998285e+08 -1.92450971e+03 1.00638063e+03
-2.24747475e-05 4.79797980e-06 1.49998314e+08 -1.85556946e+03 1.25619249e+03
-2.19696970e-05 4.79797980e-06 1.49998379e+08 -1.73713273e+03 1.53116328e+03
-2.14646465e-05 4.79797980e-06 1.49998484e+08 -1.55970066e+03 1.82788623e+03
-2.09595960e-05 4.79797980e-06 1.49998633e+08 -1.31375244e+03 2.14068623e+03
-2.04545455e-05 4.79797980e-06 1.49998826e+08 -9.90435841e+02 2.46123559e+03
-1.99494949e-05 4.79797980e-06 1.49999063e+08 -5.82474697e+02 2.77829196e+03
-1.94444444e-05 4.79797980e-06 1.49999341e+08 -8.52709711e+01 3.07765092e+03
-1.89393939e-05 4.79797980e-06 1.49999652e+08 5.01866198e+02 3.34241465e+03
-1.84343434e-05 4.79797980e-06 1.49999985e+08 1.17448745e+03 3.55366840e+03
-1.79292929e-05 4.79797980e-06 1.50000324e+08 1.92194571e+03 3.69162124e+03
-1.74242424e-05 4.79797980e-06 1.50000652e+08 2.72673663e+03 3.73720162e+03
-1.69191919e-05 4.79797980e-06 1.50000947e+08 3.56446928e+03 3.67400441e+03
-1.64141414e-05 4.79797980e-06 1.50001188e+08 4.40465763e+03 3.49038001e+03
-1.59090909e-05 4.79797980e-06 1.50001355e+08 5.21242049e+03 3.18136170e+03
-1.54040404e-05 4.79797980e-06 1.50001433e+08 5.95102045e+03 2.75007995e+03
-1.48989899e-05 4.79797980e-06 1.50001412e+08 6.58498993e+03 2.20833860e+03
-1.43939394e-05 4.79797980e-06 1.50001288e+08 7.08343195e+03 1.57614215e+03
-1.38888889e-05 4.79797980e-06 1.50001066e+08 7.42299626e+03 8.80148290e+02
-1.33838384e-05 4.79797980e-06 1.50000758e+08 7.59005456e+03 1.51233545e+02
-1.28787879e-05 4.79797980e-06 1.50000381e+08 7.58173644e+03 -5.78457734e+02
-1.23737374e-05 4.79797980e-06 1.49999958e+08 7.40570557e+03 -1.27851187e+03
-1.18686869e-05 4.79797980e-06 1.49999513e+08 7.07879454e+03 -1.92283504e+03
-1.13636364e-05 4.79797980e-06 1.49999067e+08 6.62480927e+03 -2.49148923e+03
-1.08585859e-05 4.79797980e-06 1.49998641e+08 6.07191698e+03 -2.97160585e+03
-1.03535354e-05 4.79797980e-06 1.49998253e+08 5.45003111e+03 -3.35739019e+03
-9.84848485e-06 4.79797980e-06 1.49997913e+08 4.78852298e+03 -3.64937626e+03
-9.34343434e-06 4.79797980e-06 1.49997630e+08 4.11446138e+03 -3.85317432e+03
-8.83838384e-06 4.79797980e-06 1.49997407e+08 3.45144823e+03 -3.97797267e+03
-8.33333333e-06 4.79797980e-06 1.49997244e+08 2.81901089e+03 -4.03502354e+03
-7.82828283e-06 4.79797980e-06 1.49997138e+08 2.23244460e+03 -4.03628410e+03
-7.32323232e-06 4.79797980e-06 1.49997084e+08 1.70297166e+03 -3.99331691e+03
-6.81818182e-06 4.79797980e-06 1.49997075e+08 1.23808896e+03 -3.91649513e+03
-6.31313131e-06 4.79797980e-06 1.49997105e+08 8.42000442e+02 -3.81451294e+03
-5.80808081e-06 4.79797980e-06 1.49997165e+08 5.16064491e+02 -3.69417214e+03
-5.30303030e-06 4.79797980e-06 1.49997247e+08 2.59218628e+02 -3.56039907e+03
-4.79797980e-06 4.79797980e-06 1.49997344e+08 6.83707918e+01 -3.41643857e+03
-4.29292929e-06 4.79797980e-06 1.49997448e+08 -6.12362825e+01 -3.26416923e+03
-3.78787879e-06 4.79797980e-06 1.49997554e+08 -1.35673140e+02 -3.10448572e+03
-3.28282828e-06 4.79797980e-06 1.49997656e+08 -1.61970435e+02 -2.93769765e+03
-2.77777778e-06 4.79797980e-06 1.49997748e+08 -1.47757682e+02 -2.76390072e+03
-2.27272727e-06 4.79797980e-06 1.49997828e+08 -1.00897082e+02 -2.58328467e+03
-1.76767677e-06 4.79797980e-06 1.49997893e+08 -2.91254281e+01 -2.39635396e+03
-1.26262626e-06 4.79797980e-06 1.49997942e+08 6.02760358e+01 -2.20405000e+03
-7.57575758e-07 4.79797980e-06 1.49997973e+08 1.60761750e+02 -2.00777637e+03
-2.52525253e-07 4.79797980e-06 1.49997987e+08 2.66732880e+02 -1.80934028e+03
2.52525253e-07 4.79797980e-06 1.49997985e+08 3.73667306e+02 -1.61083087e+03
7.57575758e-07 4.79797980e-06 1.49997969e+08 4.78166055e+02 -1.41445935e+03
1.26262626e-06 4.79797980e-06 1.49997939e+08 5.77923122e+02 -1.22238548e+03
1.76767677e-06 4.79797980e-06 1.49997897e+08 6.71633199e+02 -1.03655108e+03
2.27272727e-06 4.79797980e-06 1.49997844e+08 7.58856224e+02 -8.58535646e+02
2.77777778e-06 4.79797980e-06 1.49997782e+08 8.39858586e+02 -6.89442033e+02
3.28282828e-06 4.79797980e-06 1.49997711e+08 9.15448709e+02 -5.29813985e+02
3.78787879e-06 4.79797980e-06 1.49997632e+08 9.86820574e+02 -3.79581575e+02
4.29292929e-06 4.79797980e-06 1.49997545e+08 1.05541348e+03 -2.38026593e+02
4.79797980e-06 4.79797980e-06 1.49997450e+08 1.12279099e+03 -1.03757061e+02
5.30303030e-06 4.79797980e-06 1.49997346e+08 1.19053717e+03 2.53218385e+01
5.80808081e-06 4.79797980e-06 1.49997233e+08 1.26016351e+03 1.52054391e+02
6.31313131e-06 4.79797980e-06 1.49997110e+08 1.33301624e+03 2.80113842e+02
6.81818182e-06 4.79797980e-06 1.49996977e+08 1.41016861e+03 4.14131725e+02
7.32323232e-06 4.79797980e-06 1.49996832e+08 1.49227696e+03 5.59896651e+02
7.82828283e-06 4.79797980e-06 1.49996675e+08 1.57936994e+03 7.24646021e+02
8.33333333e-06 4.79797980e-06 1.49996508e+08 1.67052563e+03 9.17479173e+02
8.83838384e-06 4.79797980e-06 1.49996332e+08 1.76336721e+03 1.14992620e+03
9.34343434e-06 4.79797980e-06 1.49996150e+08 1.85326964e+03 1.43671076e+03
9.84848485e-06 4.79797980e-06 1.49995970e+08 1.93210832e+03 1.79674190e+03
1.03535354e-05 4.79797980e-06 1.49995802e+08 1.98628481e+03 2.25434547e+03
1.08585859e-05 4.79797980e-06 1.49995667e+08 1.99361954e+03 2.84066860e+03
1.13636364e-05 4.79797980e-06 1.49995593e+08 1.91849690e+03 3.59499326e+03
1.18686869e-05 4.79797980e-06 1.49995625e+08 1.70440524e+03 4.56523315e+03
1.23737374e-05 4.79797980e-06 1.49995830e+08 1.26286783e+03 5.80587894e+03
1.28787879e-05 4.79797980e-06 1.49996302e+08 4.58187848e+02 7.36959273e+03
1.33838384e-05 4.79797980e-06 1.49997167e+08 -9.10188528e+02 9.28484343e+03
1.38888889e-05 4.79797980e-06 1.49998564e+08 -3.11817415e+03 1.15063003e+04
1.43939394e-05 4.79797980e-06 1.50000602e+08 -6.49142717e+03 1.38209801e+04
1.48989899e-05 4.79797980e-06 1.50003228e+08 -1.12782145e+04 1.57087263e+04
1.54040404e-05 4.79797980e-06 1.50006035e+08 -1.73261039e+04 1.62341278e+04
1.59090909e-05 4.79797980e-06 1.50008132e+08 -2.35713926e+04 1.42219011e+04
1.64141414e-05 4.79797980e-06 1.50008464e+08 -2.77930956e+04 9.04036375e+03
1.69191919e-05 4.79797980e-06 1.50006776e+08 -2.75380371e+04 1.67550075e+03
1.74242424e-05 4.79797980e-06 1.50004236e+08 -2.21117123e+04 -5.35358469e+03
1.79292929e-05 4.79797980e-06 1.50002514e+08 -1.33851212e+04 -9.79432495e+03
1.84343434e-05 4.79797980e-06 1.50002387e+08 -4.23641452e+03 -1.10810688e+04
1.89393939e-05 4.79797980e-06 1.50003575e+08 3.24824703e+03 -9.96424754e+03
1.94444444e-05 4.79797980e-06 1.50005403e+08 8.19629873e+03 -7.54829880e+03
1.99494949e-05 4.79797980e-06 1.50007247e+08 1.06013853e+04 -4.79568384e+03
2.04545455e-05 4.79797980e-06 1.50008654e+08 1.09586471e+04 -2.38525532e+03
2.09595960e-05 4.79797980e-06 1.50009381e+08 9.98349250e+03 -6.67603938e+02
2.14646465e-05 4.79797980e-06 1.50009403e+08 8.36978494e+03 3.06755369e+02
2.19696970e-05 4.79797980e-06 1.50008857e+08 6.63138725e+03 6.80517265e+02
2.24747475e-05 4.79797980e-06 1.50007951e+08 5.06162785e+03 6.62622946e+02
2.29797980e-05 4.79797980e-06 1.50006881e+08 3.77713501e+03 4.40691291e+02
2.34848485e-05 4.79797980e-06 1.50005793e+08 2.78747450e+03 1.46572567e+02
2.39898990e-05 4.79797980e-06 1.50004776e+08 2.05284558e+03 -1.42772917e+02
2.44949495e-05 4.79797980e-06 1.50003876e+08 1.51945686e+03 -3.90604105e+02
2.50000000e-05 4.79797980e-06 1.50003105e+08 1.13665432e+03 -5.84880871e+02
-2.50000000e-05 5.30303030e-06 1.49998294e+08 -2.00549320e+03 2.11948176e+02
-2.44949495e-05 5.30303030e-06 1.49998206e+08 -2.07809136e+03 3.56646252e+02
-2.39898990e-05 5.30303030e-06 1.49998133e+08 -2.13400423e+03 5.28583832e+02
-2.34848485e-05 5.30303030e-06 1.49998081e+08 -2.16652836e+03 7.30192813e+02
-2.29797980e-05 5.30303030e-06 1.49998054e+08 -2.16762260e+03 9.63299320e+02
-2.24747475e-05 5.30303030e-06 1.49998060e+08 -2.12788421e+03 1.22873971e+03
-2.19696970e-05 5.30303030e-06 1.49998105e+08 -2.03664020e+03 1.52588681e+03
-2.14646465e-05 5.30303030e-06 1.49998195e+08 -1.88220574e+03 1.85209817e+03
-2.09595960e-05 5.30303030e-06 1.49998336e+08 -1.65236655e+03 2.20211799e+03
-2.04545455e-05 5.30303030e-06 1.49998531e+08 -1.33513871e+03 2.56749220e+03
-1.99494949e-05 5.30303030e-06 1.49998781e+08 -9.19841931e+02 2.93608810e+03
-1.94444444e-05 5.30303030e-06 1.49999084e+08 -3.98485822e+02 3.29184361e+03
-1.89393939e-05 5.30303030e-06 1.49999432e+08 2.32590779e+02 3.61489475e+03
-1.84343434e-05 5.30303030e-06 1.49999814e+08 9.70968538e+02 3.88223304e+03
-1.79292929e-05 5.30303030e-06 1.50000212e+08 1.80651811e+03 4.06900999e+03
-1.74242424e-05 5.30303030e-06 1.50000603e+08 2.72020936e+03 4.15052341e+03
-1.69191919e-05 5.30303030e-06 1.50000964e+08 3.68371889e+03 4.10478745e+03
-1.64141414e-05 5.30303030e-06 1.50001265e+08 4.66016262e+03 3.91542191e+03
-1.59090909e-05 5.30303030e-06 1.50001483e+08 5.60614702e+03 3.57443430e+03
-1.54040404e-05 5.30303030e-06 1.50001595e+08 6.47510025e+03 3.08436703e+03
-1.48989899e-05 5.30303030e-06 1.50001588e+08 7.22155373e+03 2.45929479e+03
-1.43939394e-05 5.30303030e-06 1.50001458e+08 7.80577212e+03 1.72431602e+03
-1.38888889e-05 5.30303030e-06 1.50001211e+08 8.19796856e+03 9.13467523e+02
-1.33838384e-05 5.30303030e-06 1.50000862e+08 8.38136227e+03 6.63331594e+01
-1.28787879e-05 5.30303030e-06 1.50000434e+08 8.35355138e+03 -7.76087362e+02
-1.23737374e-05 5.30303030e-06 1.49999956e+08 8.12602753e+03 -1.57552916e+03
-1.18686869e-05 5.30303030e-06 1.49999456e+08 7.72204328e+03 -2.29994485e+03
-1.13636364e-05 5.30303030e-06 1.49998963e+08 7.17334435e+03 -2.92583006e+03
-1.08585859e-05 5.30303030e-06 1.49998501e+08 6.51642019e+03 -3.43919145e+03
-1.03535354e-05 5.30303030e-06 1.49998087e+08 5.78889694e+03 -3.83524251e+03
-9.84848485e-06 5.30303030e-06 1.49997736e+08 5.02653731e+03 -4.11712034e+03
-9.34343434e-06 5.30303030e-06 1.49997453e+08 4.26109569e+03 -4.29401393e+03
-8.83838384e-06 5.30303030e-06 1.49997240e+08 3.51906981e+03 -4.37908806e+03
-8.33333333e-06 5.30303030e-06 1.49997094e+08 2.82123866e+03 -4.38751104e+03
-7.82828283e-06 5.30303030e-06 1.49997011e+08 2.18279399e+03 -4.33478804e+03
-7.32323232e-06 5.30303030e-06 1.49996982e+08 1.61385291e+03 -4.23549853e+03
-6.81818182e-06 5.30303030e-06 1.49997000e+08 1.12016314e+03 -4.10245426e+03
-6.31313131e-06 5.30303030e-06 1.49997055e+08 7.03858482e+02 -3.94624057e+03
-5.80808081e-06 5.30303030e-06 1.49997138e+08 3.64173779e+02 -3.77507505e+03
-5.30303030e-06 5.30303030e-06 1.49997241e+08 9.80743501e+01 -3.59490823e+03
-4.79797980e-06 5.30303030e-06 1.49997356e+08 -9.92107212e+01 -3.40969249e+03
-4.29292929e-06 5.30303030e-06 1.49997476e+08 -2.33740525e+02 -3.22175331e+03
-3.78787879e-06 5.30303030e-06 1.49997596e+08 -3.12478812e+02 -3.03220625e+03
-3.28282828e-06 5.30303030e-06 1.49997709e+08 -3.42953817e+02 -2.84137363e+03
-2.77777778e-06 5.30303030e-06 1.49997812e+08 -3.32945883e+02 -2.64916411e+03
-2.27272727e-06 5.30303030e-06 1.49997901e+08 -2.90196044e+02 -2.45538878e+03
-1.76767677e-06 5.30303030e-06 1.49997975e+08 -2.22137472e+02 -2.25999684e+03
-1.26262626e-06 5.30303030e-06 1.49998032e+08 -1.35658387e+02 -2.06322415e+03
-7.57575758e-07 5.30303030e-06 1.49998072e+08 -3.69080883e+01 -1.86565672e+03
-2.52525253e-07 5.30303030e-06 1.49998095e+08 6.88430349e+01 -1.66821896e+03
2.52525253e-07 5.30303030e-06 1.49998101e+08 1.77282676e+02 -1.47210241e+03
7.57575758e-07 5.30303030e-06 1.49998093e+08 2.85074198e+02 -1.27865303e+03
1.26262626e-06 5.30303030e-06 1.49998070e+08 3.89818130e+02 -1.08923606e+03
1.76767677e-06 5.30303030e-06 1.49998036e+08 4.89968256e+02 -9.05095317e+02
2.27272727e-06 5.30303030e-06 1.49997990e+08 5.84715924e+02 -7.27220377e+02
2.77777778e-06 5.30303030e-06 1.49997935e+08 6.73856713e+02 -5.56230480e+02
3.28282828e-06 5.30303030e-06 1.49997872e+08 7.57651802e+02 -3.92279484e+02
3.78787879e-06 5.30303030e-06 1.49997801e+08 8.36693058e+02 -2.34981412e+02
4.29292929e-06 5.30303030e-06 1.49997723e+08 9.11776633e+02 -8.33523778e+01
4.79797980e-06 5.30303030e-06 1.49997639e+08 9.83785503e+02 6.42384906e+01
5.30303030e-06 5.30303030e-06 1.49997548e+08 1.05357721e+03 2.10118837e+02
5.80808081e-06 5.30303030e-06 1.49997452e+08 1.12186908e+03 3.57374918e+02
6.31313131e-06 5.30303030e-06 1.49997350e+08 1.18910907e+03 5.09937958e+02
6.81818182e-06 5.30303030e-06 1.49997244e+08 1.25531580e+03 6.72708221e+02
7.32323232e-06 5.30303030e-06 1.49997133e+08 1.31986458e+03 8.51730441e+02
7.82828283e-06 5.30303030e-06 1.49997019e+08 1.38118711e+03 1.05443393e+03
8.33333333e-06 5.30303030e-06 1.49996905e+08 1.43633836e+03 1.28994886e+03
8.83838384e-06 5.30303030e-06 1.49996797e+08 1.48036336e+03 1.56950434e+03
9.34343434e-06 5.30303030e-06 1.49996699e+08 1.50536659e+03 1.90689972e+03
9.84848485e-06 5.30303030e-06 1.49996623e+08 1.49914464e+03 2.31900803e+03
1.03535354e-05 5.30303030e-06 1.49996585e+08 1.44318999e+03 2.82620276e+03
1.08585859e-05 5.30303030e-06 1.49996605e+08 1.30981759e+03 3.45246177e+03
1.13636364e-05 5.30303030e-06 1.49996716e+08 1.05814040e+03 4.22463860e+03
1.18686869e-05 5.30303030e-06 1.49996959e+08 6.28717883e+02 5.16990541e+03
1.23737374e-05 5.30303030e-06 1.49997390e+08 -6.28476773e+01 6.30954204e+03
1.28787879e-05 5.30303030e-06 1.49998076e+08 -1.13177884e+03 7.64599394e+03
1.33838384e-05 5.30303030e-06 1.49999085e+08 -2.72472341e+03 9.13874044e+03
1.38888889e-05 5.30303030e-06 1.50000465e+08 -5.00402434e+03 1.06645596e+04
1.43939394e-05 5.30303030e-06 1.50002189e+08 -8.09480693e+03 1.19639200e+04
1.48989899e-05 5.30303030e-06 1.50004087e+08 -1.19673349e+04 1.25967815e+04
1.54040404e-05 5.30303030e-06 1.50005772e+08 -1.62486841e+04 1.19750461e+04
1.59090909e-05 5.30303030e-06 1.50006691e+08 -2.00521939e+04 9.57611399e+03
1.64141414e-05 5.30303030e-06 1.50006390e+08 -2.20682030e+04 5.35966749e+03
1.69191919e-05 5.30303030e-06 1.50004926e+08 -2.11421974e+04 1.13064920e+02
1.74242424e-05 5.30303030e-06 1.50003013e+08 -1.70775846e+04 -4.75643052e+03
1.79292929e-05 5.30303030e-06 1.50001595e+08 -1.08879186e+04 -7.99792829e+03
1.84343434e-05 5.30303030e-06 1.50001234e+08 -4.18743775e+03 -9.14972919e+03
1.89393939e-05 5.30303030e-06 1.50001919e+08 1.63641367e+03 -8.51953853e+03
1.94444444e-05 5.30303030e-06 1.50003274e+08 5.81949609e+03 -6.78278503e+03
1.99494949e-05 5.30303030e-06 1.50004835e+08 8.19150231e+03 -4.63393287e+03
2.04545455e-05 5.30303030e-06 1.50006211e+08 8.98773803e+03 -2.60827464e+03
2.09595960e-05 5.30303030e-06 1.50007155e+08 8.64838185e+03 -1.01966545e+03
2.14646465e-05 5.30303030e-06 1.50007578e+08 7.64798037e+03 2.86021274e+01
2.19696970e-05 5.30303030e-06 1.50007520e+08 6.38021724e+03 5.83968287e+02
2.24747475e-05 5.30303030e-06 1.50007098e+08 5.11020581e+03 7.68195545e+02
2.29797980e-05 5.30303030e-06 1.50006446e+08 3.98100259e+03 7.15229565e+02
2.34848485e-05 5.30303030e-06 1.50005684e+08 3.04666285e+03 5.36509748e+02
2.39898990e-05 5.30303030e-06 1.50004903e+08 2.30838012e+03 3.10086830e+02
2.44949495e-05 5.30303030e-06 1.50004158e+08 1.74217612e+03 8.34545636e+01
2.50000000e-05 5.30303030e-06 1.50003480e+08 1.31605980e+03 -1.18592672e+02
-2.50000000e-05 5.80808081e-06 1.49998177e+08 -2.13522672e+03 1.44358680e+02
-2.44949495e-05 5.80808081e-06 1.49998062e+08 -2.23480289e+03 2.85035496e+02
-2.39898990e-05 5.80808081e-06 1.49997960e+08 -2.32078431e+03 4.55505234e+02
-2.34848485e-05 5.80808081e-06 1.49997876e+08 -2.38610393e+03 6.59228452e+02
-2.29797980e-05 5.80808081e-06 1.49997819e+08 -2.42200309e+03 8.99221442e+02
-2.24747475e-05 5.80808081e-06 1.49997795e+08 -2.41789974e+03 1.17762820e+03
-2.19696970e-05 5.80808081e-06 1.49997813e+08 -2.36137033e+03 1.49516129e+03
-2.14646465e-05 5.80808081e-06 1.49997881e+08 -2.23831456e+03 1.85041149e+03
-2.09595960e-05 5.80808081e-06 1.49998007e+08 -2.03338660e+03 2.23904965e+03
-2.04545455e-05 5.80808081e-06 1.49998198e+08 -1.73078208e+03 2.65297951e+03
-1.99494949e-05 5.80808081e-06 1.49998456e+08 -1.31545965e+03 3.07954763e+03
-1.94444444e-05 5.80808081e-06 1.49998781e+08 -7.74838418e+02 3.50097096e+03
-1.89393939e-05 5.80808081e-06 1.49999168e+08 -1.00939603e+02 3.89419343e+03
-1.84343434e-05 5.80808081e-06 1.49999604e+08 7.07172942e+02 4.23141042e+03
-1.79292929e-05 5.80808081e-06 1.50000070e+08 1.64094361e+03 4.48147968e+03
-1.74242424e-05 5.80808081e-06 1.50000538e+08 2.68030787e+03 4.61234219e+03
-1.69191919e-05 5.80808081e-06 1.50000978e+08 3.79265446e+03 4.59439420e+03
-1.64141414e-05 5.80808081e-06 1.50001355e+08 4.93331523e+03 4.40449468e+03
-1.59090909e-05 5.80808081e-06 1.50001635e+08 6.04797092e+03 4.03001596e+03
-1.54040404e-05 5.80808081e-06 1.50001791e+08 7.07702196e+03 3.47213981e+03
-1.48989899e-05 5.80808081e-06 1.50001803e+08 7.96150753e+03 2.74757166e+03
-1.43939394e-05 5.80808081e-06 1.50001665e+08 8.64968939e+03 1.88806045e+03
-1.38888889e-05 5.80808081e-06 1.50001384e+08 9.10311626e+03 9.37557116e+02
-1.33838384e-05 5.80808081e-06 1.50000982e+08 9.30098876e+03 -5.25951111e+01
-1.28787879e-05 5.80808081e-06 1.50000489e+08 9.24198956e+03 -1.02955436e+03
-1.23737374e-05 5.80808081e-06 1.49999940e+08 8.94333002e+03 -1.94482488e+03
-1.18686869e-05 5.80808081e-06 1.49999374e+08 8.43739714e+03 -2.75899579e+03
-1.13636364e-05 5.80808081e-06 1.49998824e+08 7.76685733e+03 -3.44467007e+03
-1.08585859e-05 5.80808081e-06 1.49998319e+08 6.97926100e+03 -3.98736633e+03
-1.03535354e-05 5.80808081e-06 1.49997880e+08 6.12208818e+03 -4.38462648e+03
-9.84848485e-06 5.80808081e-06 1.49997519e+08 5.23887513e+03 -4.64385624e+03
-9.34343434e-06 5.80808081e-06 1.49997241e+08 4.36669730e+03 -4.77952336e+03
-8.83838384e-06 5.80808081e-06 1.49997044e+08 3.53496867e+03 -4.81027381e+03
-8.33333333e-06 5.80808081e-06 1.49996924e+08 2.76531206e+03 -4.75636907e+03
-7.82828283e-06 5.80808081e-06 1.49996870e+08 2.07216848e+03 -4.63766709e+03
-7.32323232e-06 5.80808081e-06 1.49996874e+08 1.46382021e+03 -4.47221522e+03
-6.81818182e-06 5.80808081e-06 1.49996923e+08 9.43563821e+02 -4.27541627e+03
-6.31313131e-06 5.80808081e-06 1.49997009e+08 5.10851299e+02 -4.05967053e+03
-5.80808081e-06 5.80808081e-06 1.49997120e+08 1.62296060e+02 -3.83437655e+03
-5.30303030e-06 5.80808081e-06 1.49997247e+08 -1.07497284e+02 -3.60617741e+03
-4.79797980e-06 5.80808081e-06 1.49997383e+08 -3.05277828e+02 -3.37935595e+03
-4.29292929e-06 5.80808081e-06 1.49997522e+08 -4.38642597e+02 -3.15630246e+03
-3.78787879e-06 5.80808081e-06 1.49997656e+08 -5.15645500e+02 -2.93799761e+03
-3.28282828e-06 5.80808081e-06 1.49997782e+08 -5.44487497e+02 -2.72446950e+03
-2.77777778e-06 5.80808081e-06 1.49997895e+08 -5.33261675e+02 -2.51519699e+03
-2.27272727e-06 5.80808081e-06 1.49997994e+08 -4.89736711e+02 -2.30944155e+03
-1.76767677e-06 5.80808081e-06 1.49998077e+08 -4.21171786e+02 -2.10649879e+03
-1.26262626e-06 5.80808081e-06 1.49998142e+08 -3.34163515e+02 -1.90586759e+03
-7.57575758e-07 5.80808081e-06 1.49998189e+08 -2.34529667e+02 -1.70734097e+03
-2.52525253e-07 5.80808081e-06 1.49998220e+08 -1.27235183e+02 -1.51102712e+03
2.52525253e-07 5.80808081e-06 1.49998233e+08 -1.63638194e+01 -1.31731290e+03
7.57575758e-07 5.80808081e-06 1.49998232e+08 9.48653255e+01 -1.12678353e+03
1.26262626e-06 5.80808081e-06 1.49998216e+08 2.04041542e+02 -9.40113513e+02
1.76767677e-06 5.80808081e-06 1.49998189e+08 3.09475215e+02 -7.57942811e+02
2.27272727e-06 5.80808081e-06 1.49998150e+08 4.10089995e+02 -5.80750790e+02
2.77777778e-06 5.80808081e-06 1.49998103e+08 5.05304682e+02 -4.08737754e+02
3.28282828e-06 5.80808081e-06 1.49998048e+08 5.94913023e+02 -2.41720412e+02
3.78787879e-06 5.80808081e-06 1.49997986e+08 6.78966394e+02 -7.90439192e+01
4.29292929e-06 5.80808081e-06 1.49997919e+08 7.57660665e+02 8.04905774e+01
4.79797980e-06 5.80808081e-06 1.49997848e+08 8.31224822e+02 2.38687237e+02
5.30303030e-06 5.80808081e-06 1.49997773e+08 8.99805567e+02 3.98012528e+02
5.80808081e-06 5.80808081e-06 1.49997695e+08 9.63338928e+02 5.61656426e+02
6.31313131e-06 5.80808081e-06 1.49997617e+08 1.02139658e+03 7.33606863e+02
6.81818182e-06 5.80808081e-06 1.49997539e+08 1.07299064e+03 9.18745906e+02
7.32323232e-06 5.80808081e-06 1.49997463e+08 1.11631536e+03 1.12297408e+03
7.82828283e-06 5.80808081e-06 1.49997392e+08 1.14839656e+03 1.35336498e+03
8.33333333e-06 5.80808081e-06 1.49997331e+08 1.16460977e+03 1.61834443e+03
8.83838384e-06 5.80808081e-06 1.49997286e+08 1.15801412e+03 1.92787379e+03
9.34343434e-06 5.80808081e-06 1.49997264e+08 1.11843387e+03 2.29359087e+03
9.84848485e-06 5.80808081e-06 1.49997279e+08 1.03120382e+03 2.72881462e+03
1.03535354e-05 5.80808081e-06 1.49997346e+08 8.75490590e+02 3.24823785e+03
1.08585859e-05 5.80808081e-06 1.49997486e+08 6.22129230e+02 3.86699303e+03
1.13636364e-05 5.80808081e-06 1.49997726e+08 2.31025042e+02 4.59855273e+03
1.18686869e-05 5.80808081e-06 1.49998100e+08 -3.51537027e+02 5.45059627e+03
1.23737374e-05 5.80808081e-06 1.49998645e+08 -1.19467447e+03 6.41756367e+03
1.28787879e-05 5.80808081e-06 1.49999398e+08 -2.38147123e+03 7.46831505e+03
1.33838384e-05 5.80808081e-06 1.50000379e+08 -3.99976639e+03 8.52771646e+03
1.38888889e-05 5.80808081e-06 1.50001574e+08 -6.11760786e+03 9.45348065e+03
1.43939394e-05 5.80808081e-06 1.50002902e+08 -8.73407125e+03 1.00165507e+04
1.48989899e-05 5.80808081e-06 1.50004179e+08 -1.17018758e+04 9.90637919e+03
1.54040404e-05 5.80808081e-06 1.50005122e+08 -1.46423072e+04 8.79611904e+03
1.59090909e-05 5.80808081e-06 1.50005418e+08 -1.69192622e+04 6.49376378e+03
1.64141414e-05 5.80808081e-06 1.50004889e+08 -1.77719771e+04 3.13916559e+03
1.69191919e-05 5.80808081e-06 1.50003667e+08 -1.66370686e+04 -6.99490245e+02
1.74242424e-05 5.80808081e-06 1.50002209e+08 -1.34939030e+04 -4.18567870e+03
1.79292929e-05 5.80808081e-06 1.50001080e+08 -8.94738658e+03 -6.58355368e+03
1.84343434e-05 5.80808081e-06 1.50000664e+08 -3.95528439e+03 -7.56466348e+03
1.89393939e-05 5.80808081e-06 1.50001029e+08 5.75757904e+02 -7.24870836e+03
1.94444444e-05 5.80808081e-06 1.50001981e+08 4.05537096e+03 -6.03513758e+03
1.99494949e-05 5.80808081e-06 1.50003211e+08 6.26547181e+03 -4.39746363e+03
2.04545455e-05 5.80808081e-06 1.50004418e+08 7.28470583e+03 -2.74034282e+03
2.09595960e-05 5.80808081e-06 1.50005382e+08 7.36786090e+03 -1.33247969e+03
2.14646465e-05 5.80808081e-06 1.50005989e+08 6.83028024e+03 -2.98237458e+02
2.19696970e-05 5.80808081e-06 1.50006222e+08 5.96276864e+03 3.52902570e+02
2.24747475e-05 5.80808081e-06 1.50006133e+08 4.98655162e+03 6.80928376e+02
2.29797980e-05 5.80808081e-06 1.50005804e+08 4.04352028e+03 7.72861882e+02
2.34848485e-05 5.80808081e-06 1.50005324e+08 3.20830692e+03 7.13705503e+02
2.39898990e-05 5.80808081e-06 1.50004768e+08 2.50836819e+03 5.72072684e+02
2.44949495e-05 5.80808081e-06 1.50004192e+08 1.94300378e+03 3.96581143e+02
2.50000000e-05 5.80808081e-06 1.50003634e+08 1.49752526e+03 2.18064201e+02
-2.50000000e-05 6.31313131e-06 1.49998077e+08 -2.25838237e+03 6.99965963e+01
-2.44949495e-05 6.31313131e-06 1.49997932e+08 -2.38682660e+03 2.03217815e+02
-2.39898990e-05 6.31313131e-06 1.49997797e+08 -2.50575802e+03 3.68379618e+02
-2.34848485e-05 6.31313131e-06 1.49997678e+08 -2.60795808e+03 5.70104237e+02
-2.29797980e-05 6.31313131e-06 1.49997584e+08 -2.68414523e+03 8.12822586e+02
-2.24747475e-05 6.31313131e-06 1.49997523e+08 -2.72269800e+03 1.10032261e+03
-2.19696970e-05 6.31313131e-06 1.49997505e+08 -2.70947454e+03 1.43511834e+03
-2.14646465e-05 6.31313131e-06 1.49997541e+08 -2.62781563e+03 1.81761970e+03
-2.09595960e-05 6.31313131e-06 1.49997643e+08 -2.45884584e+03 2.24510724e+03
-2.04545455e-05 6.31313131e-06 1.49997820e+08 -2.18220964e+03 2.71055862e+03
-1.99494949e-05 6.31313131e-06 1.49998080e+08 -1.77738449e+03 3.20143757e+03
-1.94444444e-05 6.31313131e-06 1.49998424e+08 -1.22568402e+03 3.69863984e+03
-1.89393939e-05 6.31313131e-06 1.49998849e+08 -5.12983926e+02 4.17588267e+03
-1.84343434e-05 6.31313131e-06 1.49999343e+08 3.66946409e+02 4.59989899e+03
-1.79292929e-05 6.31313131e-06 1.49999886e+08 1.40884042e+03 4.93181513e+03
-1.74242424e-05 6.31313131e-06 1.50000446e+08 2.59264977e+03 5.13000032e+03
-1.69191919e-05 6.31313131e-06 1.50000983e+08 3.88139541e+03 5.15443892e+03
-1.64141414e-05 6.31313131e-06 1.50001454e+08 5.22105963e+03 4.97228855e+03
-1.59090909e-05 6.31313131e-06 1.50001814e+08 6.54325958e+03 4.56381897e+03
-1.54040404e-05 6.31313131e-06 1.50002025e+08 7.77096003e+03 3.92752483e+03
-1.48989899e-05 6.31313131e-06 1.50002061e+08 8.82673470e+03 3.08306525e+03
-1.43939394e-05 6.31313131e-06 1.50001912e+08 9.64227463e+03 2.07095996e+03
-1.38888889e-05 6.31313131e-06 1.50001589e+08 1.01672749e+04 9.48674902e+02
-1.33838384e-05 6.31313131e-06 1.50001118e+08 1.03757831e+04 -2.16329610e+02
-1.28787879e-05 6.31313131e-06 1.50000540e+08 1.02686564e+04 -1.35517383e+03
-1.23737374e-05 6.31313131e-06 1.49999903e+08 9.87176999e+03 -2.40593064e+03
-1.18686869e-05 6.31313131e-06 1.49999255e+08 9.23068714e+03 -3.32013465e+03
-1.13636364e-05 6.31313131e-06 1.49998639e+08 8.40325060e+03 -4.06641091e+03
-1.08585859e-05 6.31313131e-06 1.49998087e+08 7.45178211e+03 -4.63103960e+03
-1.03535354e-05 6.31313131e-06 1.49997623e+08 6.43630635e+03 -5.01598842e+03
-9.84848485e-06 6.31313131e-06 1.49997257e+08 5.40965015e+03 -5.23534612e+03
-9.34343434e-06 6.31313131e-06 1.49996991e+08 4.41465944e+03 -5.31114952e+03
-8.83838384e-06 6.31313131e-06 1.49996820e+08 3.48330519e+03 -5.26940603e+03
-8.33333333e-06 6.31313131e-06 1.49996734e+08 2.63719283e+03 -5.13681369e+03
-7.82828283e-06 6.31313131e-06 1.49996719e+08 1.88892752e+03 -4.93838820e+03
-7.32323232e-06 6.31313131e-06 1.49996764e+08 1.24385716e+03 -4.69598711e+03
-6.81818182e-06 6.31313131e-06 1.49996853e+08 7.01844438e+02 -4.42759389e+03
-6.31313131e-06 6.31313131e-06 1.49996974e+08 2.58856287e+02 -4.14717360e+03
-5.80808081e-06 6.31313131e-06 1.49997118e+08 -9.17274866e+01 -3.86491396e+03
-5.30303030e-06 6.31313131e-06 1.49997273e+08 -3.58104168e+02 -3.58769430e+03
-4.79797980e-06 6.31313131e-06 1.49997433e+08 -5.49306876e+02 -3.31966257e+03
-4.29292929e-06 6.31313131e-06 1.49997590e+08 -6.74680072e+02 -3.06283727e+03
-3.78787879e-06 6.31313131e-06 1.49997740e+08 -7.43515456e+02 -2.81767996e+03
-3.28282828e-06 6.31313131e-06 1.49997878e+08 -7.64798184e+02 -2.58360651e+03
-2.77777778e-06 6.31313131e-06 1.49998002e+08 -7.47024960e+02 -2.35942028e+03
-2.27272727e-06 6.31313131e-06 1.49998109e+08 -6.98068648e+02 -2.14366038e+03
-1.76767677e-06 6.31313131e-06 1.49998199e+08 -6.25075925e+02 -1.93486508e+03
-1.26262626e-06 6.31313131e-06 1.49998271e+08 -5.34393632e+02 -1.73175426e+03
-7.57575758e-07 6.31313131e-06 1.49998325e+08 -4.31524887e+02 -1.53333776e+03
-2.52525253e-07 6.31313131e-06 1.49998361e+08 -3.21117761e+02 -1.33895782e+03
2.52525253e-07 6.31313131e-06 1.49998381e+08 -2.06987916e+02 -1.14827528e+03
7.57575758e-07 6.31313131e-06 1.49998386e+08 -9.21732876e+01 -9.61210282e+02
1.26262626e-06 6.31313131e-06 1.49998377e+08 2.09847771e+01 -7.77848807e+02
1.76767677e-06 6.31313131e-06 1.49998355e+08 1.30742226e+02 -5.98327561e+02
2.27272727e-06 6.31313131e-06 1.49998324e+08 2.35843963e+02 -4.22709130e+02
2.77777778e-06 6.31313131e-06 1.49998284e+08 3.35414318e+02 -2.50858605e+02
3.28282828e-06 6.31313131e-06 1.49998237e+08 4.28851306e+02 -8.23303932e+01
3.78787879e-06 6.31313131e-06 1.49998185e+08 5.15726001e+02 8.37292316e+01
4.29292929e-06 6.31313131e-06 1.49998130e+08 5.95684686e+02 2.48662037e+02
4.79797980e-06 6.31313131e-06 1.49998072e+08 6.68348306e+02 4.14361921e+02
5.30303030e-06 6.31313131e-06 1.49998013e+08 7.33201297e+02 5.83327648e+02
5.80808081e-06 6.31313131e-06 1.49997955e+08 7.89459876e+02 7.58710227e+02
6.31313131e-06 6.31313131e-06 1.49997901e+08 8.35907967e+02 9.44360861e+02
6.81818182e-06 6.31313131e-06 1.49997851e+08 8.70686614e+02 1.14488353e+03
7.32323232e-06 6.31313131e-06 1.49997809e+08 8.91019626e+02 1.36569209e+03
7.82828283e-06 6.31313131e-06 1.49997778e+08 8.92854012e+02 1.61306455e+03
8.33333333e-06 6.31313131e-06 1.49997765e+08 8.70388924e+02 1.89417544e+03
8.83838384e-06 6.31313131e-06 1.49997775e+08 8.15462405e+02 2.21706833e+03
9.34343434e-06 6.31313131e-06 1.49997817e+08 7.16764363e+02 2.59050077e+03
9.84848485e-06 6.31313131e-06 1.49997904e+08 5.58853311e+02 3.02354696e+03
1.03535354e-05 6.31313131e-06 1.49998049e+08 3.20986500e+02 3.52477283e+03
1.08585859e-05 6.31313131e-06 1.49998270e+08 -2.41475519e+01 4.10069617e+03
1.13636364e-05 6.31313131e-06 1.49998588e+08 -5.11536136e+02 4.75311432e+03
1.18686869e-05 6.31313131e-06 1.49999025e+08 -1.18420575e+03 5.47475008e+03
1.23737374e-05 6.31313131e-06 1.49999600e+08 -2.09169231e+03 6.24263080e+03
1.28787879e-05 6.31313131e-06 1.50000324e+08 -3.28460707e+03 7.00890734e+03
1.33838384e-05 6.31313131e-06 1.50001189e+08 -4.80226520e+03 7.68990058e+03
1.38888889e-05 6.31313131e-06 1.50002150e+08 -6.64984974e+03 8.15670640e+03
1.43939394e-05 6.31313131e-06 1.50003113e+08 -8.76341084e+03 8.23513651e+03
1.48989899e-05 6.31313131e-06 1.50003927e+08 -1.09681832e+04 7.72783453e+03
1.54040404e-05 6.31313131e-06 1.50004405e+08 -1.29503319e+04 6.47155052e+03
1.59090909e-05 6.31313131e-06 1.50004380e+08 -1.42785989e+04 4.42767014e+03
1.64141414e-05 6.31313131e-06 1.50003798e+08 -1.45094677e+04 1.76946616e+03
1.69191919e-05 6.31313131e-06 1.50002792e+08 -1.33625859e+04 -1.10271860e+03
1.74242424e-05 6.31313131e-06 1.50001665e+08 -1.08779298e+04 -3.66749621e+03
1.79292929e-05 6.31313131e-06 1.50000772e+08 -7.44161003e+03 -5.47188597e+03
1.84343434e-05 6.31313131e-06 1.50000374e+08 -3.65011328e+03 -6.29016124e+03
1.89393939e-05 6.31313131e-06 1.50000549e+08 -1.01000282e+02 -6.16337479e+03
1.94444444e-05 6.31313131e-06 1.50001201e+08 2.77100349e+03 -5.32713390e+03
1.99494949e-05 6.31313131e-06 1.50002136e+08 4.75752871e+03 -4.09641909e+03
2.04545455e-05 6.31313131e-06 1.50003137e+08 5.85520358e+03 -2.76713306e+03
2.09595960e-05 6.31313131e-06 1.50004022e+08 6.20052036e+03 -1.55829259e+03
2.14646465e-05 6.31313131e-06 1.50004680e+08 5.99603229e+03 -5.93988734e+02
2.19696970e-05 6.31313131e-06 1.50005065e+08 5.44960670e+03 8.59987352e+01
2.24747475e-05 6.31313131e-06 1.50005187e+08 4.73634743e+03 5.00835713e+02
2.29797980e-05 6.31313131e-06 1.50005090e+08 3.98307354e+03 7.00914648e+02
2.34848485e-05 6.31313131e-06 1.50004832e+08 3.26918287e+03 7.45710738e+02
2.39898990e-05 6.31313131e-06 1.50004471e+08 2.63606992e+03 6.90001350e+02
2.44949495e-05 6.31313131e-06 1.50004055e+08 2.09881619e+03 5.77570345e+02
2.50000000e-05 6.31313131e-06 1.50003620e+08 1.65653918e+03 4.39983653e+02
-2.50000000e-05 6.81818182e-06 1.49998001e+08 -2.37162972e+03 -8.76196832e+00
-2.44949495e-05 6.81818182e-06 1.49997824e+08 -2.53028390e+03 1.13241885e+02
-2.39898990e-05 6.81818182e-06 1.49997653e+08 -2.68457185e+03 2.68698454e+02
-2.34848485e-05 6.81818182e-06 1.49997494e+08 -2.82742066e+03 4.63481245e+02
-2.29797980e-05 6.81818182e-06 1.49997355e+08 -2.94933327e+03 7.03630729e+02
-2.24747475e-05 6.81818182e-06 1.49997248e+08 -3.03792732e+03 9.94913692e+02
-2.19696970e-05 6.81818182e-06 1.49997185e+08 -3.07753061e+03 1.34215243e+03
-2.14646465e-05 6.81818182e-06 1.49997178e+08 -3.04893422e+03 1.74827394e+03
-2.09595960e-05 6.81818182e-06 1.49997244e+08 -2.92945046e+03 2.21304916e+03
-2.04545455e-05 6.81818182e-06 1.49997395e+08 -2.69346986e+03 2.73153764e+03
-1.99494949e-05 6.81818182e-06 1.49997644e+08 -2.31374620e+03 3.29233237e+03
-1.94444444e-05 6.81818182e-06 1.49997998e+08 -1.76363668e+03 3.87581925e+03
-1.89393939e-05 6.81818182e-06 1.49998458e+08 -1.02045156e+03 4.45281647e+03
-1.84343434e-05 6.81818182e-06 1.49999014e+08 -6.98893859e+01 4.98411469e+03
-1.79292929e-05 6.81818182e-06 1.49999644e+08 1.08877337e+03 5.42153778e+03
-1.74242424e-05 6.81818182e-06 1.50000312e+08 2.43748693e+03 5.71110066e+03
-1.69191919e-05 6.81818182e-06 1.50000970e+08 3.93541299e+03 5.79856048e+03
-1.64141414e-05 6.81818182e-06 1.50001559e+08 5.51755850e+03 5.63709380e+03
-1.59090909e-05 6.81818182e-06 1.50002022e+08 7.09742931e+03 5.19605065e+03
-1.54040404e-05 6.81818182e-06 1.50002306e+08 8.57441753e+03 4.46896692e+03
-1.48989899e-05 6.81818182e-06 1.50002372e+08 9.84543621e+03 3.47861888e+03
-1.43939394e-05 6.81818182e-06 1.50002209e+08 1.08188872e+04 2.27721746e+03
-1.38888889e-05 6.81818182e-06 1.50001828e+08 1.14279582e+04 9.40959444e+02
-1.33838384e-05 6.81818182e-06 1.50001267e+08 1.16400568e+04 -4.40228603e+02
-1.28787879e-05 6.81818182e-06 1.50000581e+08 1.14601287e+04 -1.77543392e+03
-1.23737374e-05 6.81818182e-06 1.49999833e+08 1.09273527e+04 -2.98496453e+03
-1.18686869e-05 6.81818182e-06 1.49999085e+08 1.01065455e+04 -4.00935664e+03
-1.13636364e-05 6.81818182e-06 1.49998392e+08 9.07681938e+03 -4.81371630e+03
-1.08585859e-05 6.81818182e-06 1.49997791e+08 7.92025029e+03 -5.38738527e+03
-1.03535354e-05 6.81818182e-06 1.49997305e+08 6.71267801e+03 -5.74005641e+03
-9.84848485e-06 6.81818182e-06 1.49996943e+08 5.51770323e+03 -5.89597742e+03
-9.34343434e-06 6.81818182e-06 1.49996701e+08 4.38393860e+03 -5.88779834e+03
-8.83838384e-06 6.81818182e-06 1.49996569e+08 3.34489789e+03 -5.75117267e+03
-8.33333333e-06 6.81818182e-06 1.49996530e+08 2.42062889e+03 -5.52068064e+03
-7.82828283e-06 6.81818182e-06 1.49996566e+08 1.62022595e+03 -5.22719002e+03
-7.32323232e-06 6.81818182e-06 1.49996661e+08 9.44553780e+02 -4.89648217e+03
-6.81818182e-06 6.81818182e-06 1.49996797e+08 3.88756359e+02 -4.54884189e+03
-6.31313131e-06 6.81818182e-06 1.49996961e+08 -5.56622417e+01 -4.19929293e+03
-5.80808081e-06 6.81818182e-06 1.49997140e+08 -3.99244309e+02 -3.85820749e+03
-5.30303030e-06 6.81818182e-06 1.49997326e+08 -6.53437965e+02 -3.53208584e+03
-4.79797980e-06 6.81818182e-06 1.49997510e+08 -8.29830096e+02 -3.22436996e+03
-4.29292929e-06 6.81818182e-06 1.49997687e+08 -9.39660632e+02 -2.93620881e+03
-3.78787879e-06 6.81818182e-06 1.49997851e+08 -9.93532679e+02 -2.66713303e+03
-3.28282828e-06 6.81818182e-06 1.49998001e+08 -1.00124896e+03 -2.41562218e+03
-2.77777778e-06 6.81818182e-06 1.49998134e+08 -9.71724062e+02 -2.17956337e+03
-2.27272727e-06 6.81818182e-06 1.49998249e+08 -9.12940119e+02 -1.95660833e+03
-1.76767677e-06 6.81818182e-06 1.49998345e+08 -8.31928951e+02 -1.74443948e+03
-1.26262626e-06 6.81818182e-06 1.49998422e+08 -7.34774801e+02 -1.54095612e+03
-7.57575758e-07 6.81818182e-06 1.49998480e+08 -6.26638466e+02 -1.34439062e+03
-2.52525253e-07 6.81818182e-06 1.49998521e+08 -5.11805650e+02 -1.15336292e+03
2.52525253e-07 6.81818182e-06 1.49998545e+08 -3.93760690e+02 -9.66880614e+02
7.57575758e-07 6.81818182e-06 1.49998554e+08 -2.75282912e+02 -7.84291623e+02
1.26262626e-06 6.81818182e-06 1.49998550e+08 -1.58558699e+02 -6.05198040e+02
1.76767677e-06 6.81818182e-06 1.49998534e+08 -4.52997310e+01 -4.29341685e+02
2.27272727e-06 6.81818182e-06 1.49998509e+08 6.31421457e+01 -2.56473983e+02
2.77777778e-06 6.81818182e-06 1.49998476e+08 1.65670245e+02 -8.62233474e+01
3.28282828e-06 6.81818182e-06 1.49998437e+08 2.61351022e+02 8.20280700e+01
3.78787879e-06 6.81818182e-06 1.49998395e+08 3.49332358e+02 2.49249509e+02
4.29292929e-06 6.81818182e-06 1.49998350e+08 4.28765821e+02 4.16844067e+02
4.79797980e-06 6.81818182e-06 1.49998306e+08 4.98723917e+02 5.86708146e+02
5.30303030e-06 6.81818182e-06 1.49998264e+08 5.58102093e+02 7.61270773e+02
5.80808081e-06 6.81818182e-06 1.49998225e+08 6.05494908e+02 9.43517223e+02
6.31313131e-06 6.81818182e-06 1.49998193e+08 6.39035868e+02 1.13700085e+03
6.81818182e-06 6.81818182e-06 1.49998169e+08 6.56190400e+02 1.34584415e+03
7.32323232e-06 6.81818182e-06 1.49998158e+08 6.53491048e+02 1.57472440e+03
7.82828283e-06 6.81818182e-06 1.49998163e+08 6.26203614e+02 1.82883050e+03
8.33333333e-06 6.81818182e-06 1.49998190e+08 5.67913328e+02 2.11376451e+03
8.83838384e-06 6.81818182e-06 1.49998245e+08 4.70023644e+02 2.43534269e+03
9.34343434e-06 6.81818182e-06 1.49998337e+08 3.21170714e+02 2.79922446e+03
9.84848485e-06 6.81818182e-06 1.49998476e+08 1.06581175e+02 3.21026154e+03
1.03535354e-05 6.81818182e-06 1.49998673e+08 -1.92548736e+02 3.67141333e+03
1.08585859e-05 6.81818182e-06 1.49998941e+08 -5.99480679e+02 4.18202345e+03
1.13636364e-05 6.81818182e-06 1.49999294e+08 -1.14183400e+03 4.73521423e+03
1.18686869e-05 6.81818182e-06 1.49999742e+08 -1.85036804e+03 5.31417690e+03
1.23737374e-05 6.81818182e-06 1.50000293e+08 -2.75570436e+03 5.88731018e+03
1.28787879e-05 6.81818182e-06 1.50000938e+08 -3.88166772e+03 6.40265202e+03
1.33838384e-05 6.81818182e-06 1.50001654e+08 -5.23377759e+03 6.78307488e+03
1.38888889e-05 6.81818182e-06 1.50002388e+08 -6.78209137e+03 6.92540276e+03
1.43939394e-05 6.81818182e-06 1.50003057e+08 -8.44004309e+03 6.70860044e+03
1.48989899e-05 6.81818182e-06 1.50003547e+08 -1.00459658e+04 6.01697116e+03
1.54040404e-05 6.81818182e-06 1.50003742e+08 -1.13607398e+04 4.78084660e+03
1.59090909e-05 6.81818182e-06 1.50003559e+08 -1.20984800e+04 3.02666884e+03
1.64141414e-05 6.81818182e-06 1.50002998e+08 -1.19984896e+04 9.13044551e+02
1.69191919e-05 6.81818182e-06 1.50002173e+08 -1.09213868e+04 -1.27806334e+03
1.74242424e-05 6.81818182e-06 1.50001290e+08 -8.92388487e+03 -3.20928213e+03
1.79292929e-05 6.81818182e-06 1.50000581e+08 -6.26456430e+03 -4.59119080e+03
1.84343434e-05 6.81818182e-06 1.50000224e+08 -3.33040911e+03 -5.26909238e+03
1.89393939e-05 6.81818182e-06 1.50000289e+08 -5.22387291e+02 -5.25175335e+03
1.94444444e-05 6.81818182e-06 1.50000731e+08 1.84442074e+03 -4.67961598e+03
1.99494949e-05 6.81818182e-06 1.50001430e+08 3.59198840e+03 -3.76086274e+03
2.04545455e-05 6.81818182e-06 1.50002233e+08 4.68000780e+03 -2.70772853e+03
2.09595960e-05 6.81818182e-06 1.50003003e+08 5.17346778e+03 -1.69231842e+03
2.14646465e-05 6.81818182e-06 1.50003638e+08 5.19782001e+03 -8.26765853e+02
2.19696970e-05 6.81818182e-06 1.50004083e+08 4.89738547e+03 -1.63599527e+02
2.24747475e-05 6.81818182e-06 1.50004326e+08 4.40551132e+03 2.91532720e+02
2.29797980e-05 6.81818182e-06 1.50004384e+08 3.82856472e+03 5.62712114e+02
2.34848485e-05 6.81818182e-06 1.50004291e+08 3.24147774e+03 6.87964028e+02
2.39898990e-05 6.81818182e-06 1.50004086e+08 2.69067945e+03 7.07743619e+02
2.44949495e-05 6.81818182e-06 1.50003809e+08 2.20039565e+03 6.58173028e+02
2.50000000e-05 6.81818182e-06 1.50003490e+08 1.77947728e+03 5.68123799e+02
-2.50000000e-05 7.32323232e-06 1.49997955e+08 -2.47148505e+03 -8.85498413e+01
-2.44949495e-05 7.32323232e-06 1.49997745e+08 -2.66092607e+03 1.83015879e+01
-2.39898990e-05 7.32323232e-06 1.49997535e+08 -2.85222614e+03 1.59221685e+02
-2.34848485e-05 7.32323232e-06 1.49997331e+08 -3.03884469e+03 3.41351720e+02
-2.29797980e-05 7.32323232e-06 1.49997142e+08 -3.21150652e+03 5.72469576e+02
-2.24747475e-05 7.32323232e-06 1.49996981e+08 -3.35752147e+03 8.60611653e+02
-2.19696970e-05 7.32323232e-06 1.49996860e+08 -3.46009072e+03 1.21341881e+03
-2.14646465e-05 7.32323232e-06 1.49996797e+08 -3.49770511e+03 1.63711612e+03
-2.09595960e-05 7.32323232e-06 1.49996810e+08 -3.44380900e+03 2.13504352e+03
-2.04545455e-05 7.32323232e-06 1.49996918e+08 -3.26698546e+03 2.70569240e+03
-1.99494949e-05 7.32323232e-06 1.49997141e+08 -2.93200168e+03 3.34029095e+03
-1.94444444e-05 7.32323232e-06 1.49997493e+08 -2.40210639e+03 4.02013581e+03
-1.89393939e-05 7.32323232e-06 1.49997979e+08 -1.64294245e+03 4.71409608e+03
-1.84343434e-05 7.32323232e-06 1.49998597e+08 -6.28257151e+02 5.37699562e+03
-1.79292929e-05 7.32323232e-06 1.49999323e+08 6.52807227e+02 5.94983446e+03
-1.74242424e-05 7.32323232e-06 1.50000118e+08 2.18770137e+03 6.36290151e+03
-1.69191919e-05 7.32323232e-06 1.50000923e+08 3.93338666e+03 6.54256929e+03
-1.64141414e-05 7.32323232e-06 1.50001663e+08 5.81251473e+03 6.42178909e+03
-1.59090909e-05 7.32323232e-06 1.50002260e+08 7.71534947e+03 5.95303278e+03
-1.54040404e-05 7.32323232e-06 1.50002639e+08 9.50910079e+03 5.12097773e+03
-1.48989899e-05 7.32323232e-06 1.50002748e+08 1.10544332e+04 3.95125756e+03
-1.43939394e-05 7.32323232e-06 1.50002565e+08 1.22263643e+04 2.51183823e+03
-1.38888889e-05 7.32323232e-06 1.50002108e+08 1.29346314e+04 9.05364639e+02
-1.33838384e-05 7.32323232e-06 1.50001428e+08 1.31380574e+04 -7.46316232e+02
-1.28787879e-05 7.32323232e-06 1.50000601e+08 1.28490483e+04 -2.32154128e+03
-1.23737374e-05 7.32323232e-06 1.49999713e+08 1.21275103e+04 -3.71696893e+03
-1.18686869e-05 7.32323232e-06 1.49998846e+08 1.10667541e+04 -4.86010002e+03
-1.13636364e-05 7.32323232e-06 1.49998065e+08 9.77590541e+03 -5.71410498e+03
-1.08585859e-05 7.32323232e-06 1.49997414e+08 8.36338959e+03 -6.27546688e+03
-1.03535354e-05 7.32323232e-06 1.49996916e+08 6.92462004e+03 -6.56673899e+03
-9.84848485e-06 7.32323232e-06 1.49996572e+08 5.53505627e+03 -6.62726606e+03
-9.34343434e-06 7.32323232e-06 1.49996372e+08 4.24816506e+03 -6.50425581e+03
-8.83838384e-06 7.32323232e-06 1.49996296e+08 3.09692245e+03 -6.24564646e+03
-8.33333333e-06 7.32323232e-06 1.49996320e+08 2.09730235e+03 -5.89528541e+03
-7.82828283e-06 7.32323232e-06 1.49996421e+08 1.25245406e+03 -5.49027755e+03
-7.32323232e-06 7.32323232e-06 1.49996577e+08 5.56698729e+02 -5.06002966e+03
-6.81818182e-06 7.32323232e-06 1.49996768e+08 -1.11430060e+00 -4.62643693e+03
-6.31313131e-06 7.32323232e-06 1.49996979e+08 -4.35043902e+02 -4.20472363e+03
-5.80808081e-06 7.32323232e-06 1.49997197e+08 -7.60251250e+02 -3.80457301e+03
-5.30303030e-06 7.32323232e-06 1.49997414e+08 -9.91824630e+02 -3.43130724e+03
-4.79797980e-06 7.32323232e-06 1.49997623e+08 -1.14408084e+03 -3.08698045e+03
-4.29292929e-06 7.32323232e-06 1.49997818e+08 -1.23019812e+03 -2.77132041e+03
-3.78787879e-06 7.32323232e-06 1.49997996e+08 -1.26206107e+03 -2.48250038e+03
-3.28282828e-06 7.32323232e-06 1.49998155e+08 -1.25022859e+03 -2.21774855e+03
-2.77777778e-06 7.32323232e-06 1.49998295e+08 -1.20396440e+03 -1.97381518e+03
-2.27272727e-06 7.32323232e-06 1.49998415e+08 -1.13129434e+03 -1.74732147e+03
-1.76767677e-06 7.32323232e-06 1.49998514e+08 -1.03907398e+03 -1.53501334e+03
-1.26262626e-06 7.32323232e-06 1.49998593e+08 -9.33063334e+02 -1.33393904e+03
-7.57575758e-07 7.32323232e-06 1.49998654e+08 -8.18013148e+02 -1.14156390e+03
-2.52525253e-07 7.32323232e-06 1.49998697e+08 -6.97768877e+02 -9.55830024e+02
2.52525253e-07 7.32323232e-06 1.49998724e+08 -5.75395229e+02 -7.75164416e+02
7.57575758e-07 7.32323232e-06 1.49998736e+08 -4.53317932e+02 -5.98437822e+02
1.26262626e-06 7.32323232e-06 1.49998735e+08 -3.33473147e+02 -4.24878885e+02
1.76767677e-06 7.32323232e-06 1.49998724e+08 -2.17451411e+02 -2.53952553e+02
2.27272727e-06 7.32323232e-06 1.49998703e+08 -1.06623861e+02 -8.52166824e+01
2.77777778e-06 7.32323232e-06 1.49998676e+08 -2.24340057e+00 8.18263938e+01
3.28282828e-06 7.32323232e-06 1.49998645e+08 9.44794287e+01 2.47866967e+02
3.78787879e-06 7.32323232e-06 1.49998611e+08 1.82319275e+02 4.13901030e+02
4.29292929e-06 7.32323232e-06 1.49998577e+08 2.59986140e+02 5.81312129e+02
4.79797980e-06 7.32323232e-06 1.49998546e+08 3.26069501e+02 7.51920374e+02
5.30303030e-06 7.32323232e-06 1.49998518e+08 3.78963365e+02 9.28001174e+02
5.80808081e-06 7.32323232e-06 1.49998498e+08 4.16761151e+02 1.11227811e+03
6.31313131e-06 7.32323232e-06 1.49998486e+08 4.37111842e+02 1.30789357e+03
6.81818182e-06 7.32323232e-06 1.49998486e+08 4.37031504e+02 1.51835705e+03
7.32323232e-06 7.32323232e-06 1.49998501e+08 4.12666799e+02 1.74746487e+03
7.82828283e-06 7.32323232e-06 1.49998536e+08 3.59010007e+02 1.99917541e+03
8.33333333e-06 7.32323232e-06 1.49998595e+08 2.69569587e+02 2.27741209e+03
8.83838384e-06 7.32323232e-06 1.49998684e+08 1.36008829e+02 2.58575041e+03
9.34343434e-06 7.32323232e-06 1.49998811e+08 -5.22184293e+01 2.92692634e+03
9.84848485e-06 7.32323232e-06 1.49998983e+08 -3.08175931e+02 3.30208237e+03
1.03535354e-05 7.32323232e-06 1.49999209e+08 -6.47586370e+02 3.70964744e+03
1.08585859e-05 7.32323232e-06 1.49999496e+08 -1.08861317e+03 4.14373979e+03
1.13636364e-05 7.32323232e-06 1.49999852e+08 -1.65097016e+03 4.59200774e+03
1.18686869e-05 7.32323232e-06 1.50000279e+08 -2.35389354e+03 5.03292359e+03
1.23737374e-05 7.32323232e-06 1.50000773e+08 -3.21236094e+03 5.43278205e+03
1.28787879e-05 7.32323232e-06 1.50001320e+08 -4.23089772e+03 5.74310275e+03
1.33838384e-05 7.32323232e-06 1.50001888e+08 -5.39458526e+03 5.89983673e+03
1.38888889e-05 7.32323232e-06 1.50002428e+08 -6.65781045e+03 5.82661567e+03
1.43939394e-05 7.32323232e-06 1.50002872e+08 -7.93319460e+03 5.44479391e+03
1.48989899e-05 7.32323232e-06 1.50003143e+08 -9.08591030e+03 4.69224334e+03
1.54040404e-05 7.32323232e-06 1.50003170e+08 -9.94098615e+03 3.54957151e+03
1.59090909e-05 7.32323232e-06 1.50002917e+08 -1.03104103e+04 2.06643423e+03
1.64141414e-05 7.32323232e-06 1.50002406e+08 -1.00398343e+04 3.74596612e+02
1.69191919e-05 7.32323232e-06 1.50001728e+08 -9.06204591e+03 -1.32575100e+03
1.74242424e-05 7.32323232e-06 1.50001027e+08 -7.43374683e+03 -2.80950172e+03
1.79292929e-05 7.32323232e-06 1.50000459e+08 -5.33442974e+03 -3.88583901e+03
1.84343434e-05 7.32323232e-06 1.50000148e+08 -3.02396996e+03 -4.44777066e+03
1.89393939e-05 7.32323232e-06 1.50000150e+08 -7.77067376e+02 -4.49147868e+03
1.94444444e-05 7.32323232e-06 1.50000448e+08 1.17810783e+03 -4.10201760e+03
1.99494949e-05 7.32323232e-06 1.50000966e+08 2.69707499e+03 -3.41748911e+03
2.04545455e-05 7.32323232e-06 1.50001601e+08 3.72692372e+03 -2.58883824e+03
2.09595960e-05 7.32323232e-06 1.50002248e+08 4.29155656e+03 -1.74815792e+03
2.14646465e-05 7.32323232e-06 1.50002825e+08 4.46547697e+03 -9.90992259e+02
2.19696970e-05 7.32323232e-06 1.50003277e+08 4.34630040e+03 -3.72061683e+02
2.24747475e-05 7.32323232e-06 1.50003579e+08 4.03260494e+03 8.95073849e+01
2.29797980e-05 7.32323232e-06 1.50003732e+08 3.60982693e+03 4.00243602e+02
2.34848485e-05 7.32323232e-06 1.50003753e+08 3.14387928e+03 5.81696701e+02
2.39898990e-05 7.32323232e-06 1.50003667e+08 2.68050795e+03 6.61588685e+02
2.44949495e-05 7.32323232e-06 1.50003503e+08 2.24799243e+03 6.67712840e+02
2.50000000e-05 7.32323232e-06 1.50003286e+08 1.86118582e+03 6.24480555e+02
-2.50000000e-05 7.82828283e-06 1.49997946e+08 -2.55450980e+03 -1.64897392e+02
-2.44949495e-05 7.82828283e-06 1.49997704e+08 -2.77432341e+03 -7.70671786e+01
-2.39898990e-05 7.82828283e-06 1.49997453e+08 -3.00322808e+03 4.42799151e+01
-2.34848485e-05 7.82828283e-06 1.49997201e+08 -3.23568562e+03 2.07462300e+02
-2.29797980e-05 7.82828283e-06 1.49996957e+08 -3.46321677e+03 4.22008036e+02
-2.24747475e-05 7.82828283e-06 1.49996731e+08 -3.67348019e+03 6.98408151e+02
-2.19696970e-05 7.82828283e-06 1.49996541e+08 -3.84923166e+03 1.04756559e+03
-2.14646465e-05 7.82828283e-06 1.49996405e+08 -3.96725588e+03 1.47980085e+03
-2.09595960e-05 7.82828283e-06 1.49996347e+08 -3.99745250e+03 2.00325804e+03
-2.04545455e-05 7.82828283e-06 1.49996391e+08 -3.90238361e+03 2.62156907e+03
-1.99494949e-05 7.82828283e-06 1.49996566e+08 -3.63774313e+03 3.33070985e+03
-1.94444444e-05 7.82828283e-06 1.49996894e+08 -3.15435763e+03 4.11515885e+03
-1.89393939e-05 7.82828283e-06 1.49997392e+08 -2.40240448e+03 4.94378139e+03
-1.84343434e-05 7.82828283e-06 1.49998064e+08 -1.33841992e+03 5.76631586e+03
-1.79292929e-05 7.82828283e-06 1.49998892e+08 6.47828924e+01 6.51186022e+03
-1.74242424e-05 7.82828283e-06 1.49999835e+08 1.80607989e+03 7.09114893e+03
-1.69191919e-05 7.82828283e-06 1.50000821e+08 3.84402872e+03 7.40433314e+03
-1.64141414e-05 7.82828283e-06 1.50001755e+08 6.08847492e+03 7.35503783e+03
-1.59090909e-05 7.82828283e-06 1.50002528e+08 8.40016570e+03 6.86947738e+03
-1.54040404e-05 7.82828283e-06 1.50003036e+08 1.06019871e+04 5.91673107e+03
-1.48989899e-05 7.82828283e-06 1.50003203e+08 1.25024891e+04 4.52404988e+03
-1.43939394e-05 7.82828283e-06 1.50002994e+08 1.39277683e+04 2.78085802e+03
-1.38888889e-05 7.82828283e-06 1.50002434e+08 1.47534883e+04 8.27936435e+02
-1.33838384e-05 7.82828283e-06 1.50001595e+08 1.49273710e+04 -1.16652829e+03
-1.28787879e-05 7.82828283e-06 1.50000584e+08 1.44752805e+04 -3.03721353e+03
-1.23737374e-05 7.82828283e-06 1.49999520e+08 1.34899445e+04 -4.64916042e+03
-1.18686869e-05 7.82828283e-06 1.49998510e+08 1.21073821e+04 -5.91516934e+03
-1.13636364e-05 7.82828283e-06 1.49997634e+08 1.04792726e+04 -6.80027657e+03
-1.08585859e-05 7.82828283e-06 1.49996941e+08 8.74889464e+03 -7.31517146e+03
-1.03535354e-05 7.82828283e-06 1.49996447e+08 7.03510359e+03 -7.50315477e+03
-9.84848485e-06 7.82828283e-06 1.49996144e+08 5.42518811e+03 -7.42553106e+03
-9.34343434e-06 7.82828283e-06 1.49996010e+08 3.97490263e+03 -7.14896095e+03
-8.83838384e-06 7.82828283e-06 1.49996013e+08 2.71295541e+03 -6.73644357e+03
-8.33333333e-06 7.82828283e-06 1.49996119e+08 1.64739641e+03 -6.24209103e+03
-7.82828283e-06 7.82828283e-06 1.49996299e+08 7.72082765e+02 -5.70899863e+03
-7.32323232e-06 7.82828283e-06 1.49996526e+08 7.22116795e+01 -5.16923095e+03
-6.81818182e-06 7.82828283e-06 1.49996779e+08 -4.71454655e+02 -4.64501734e+03
-6.31313131e-06 7.82828283e-06 1.49997041e+08 -8.79652602e+02 -4.15047397e+03
-5.80808081e-06 7.82828283e-06 1.49997299e+08 -1.17275772e+03 -3.69341186e+03
-5.30303030e-06 7.82828283e-06 1.49997547e+08 -1.36973375e+03 -3.27698784e+03
-4.79797980e-06 7.82828283e-06 1.49997778e+08 -1.48763715e+03 -2.90109242e+03
-4.29292929e-06 7.82828283e-06 1.49997989e+08 -1.54147124e+03 -2.56345250e+03
-3.78787879e-06 7.82828283e-06 1.49998177e+08 -1.54423728e+03 -2.26047097e+03
-3.28282828e-06 7.82828283e-06 1.49998343e+08 -1.50707838e+03 -1.98784519e+03
-2.77777778e-06 7.82828283e-06 1.49998486e+08 -1.43945146e+03 -1.74101109e+03
-2.27272727e-06 7.82828283e-06 1.49998607e+08 -1.34929356e+03 -1.51545688e+03
-1.76767677e-06 7.82828283e-06 1.49998707e+08 -1.24317144e+03 -1.30694343e+03
-1.26262626e-06 7.82828283e-06 1.49998786e+08 -1.12641911e+03 -1.11165880e+03
-7.57575758e-07 7.82828283e-06 1.49998847e+08 -1.00327627e+03 -9.26323329e+02
-2.52525253e-07 7.82828283e-06 1.49998890e+08 -8.77041181e+02 -7.48250915e+02
2.52525253e-07 7.82828283e-06 1.49998917e+08 -7.50245087e+02 -5.75363864e+02
7.57575758e-07 7.82828283e-06 1.49998930e+08 -6.24844471e+02 -4.06155922e+02
1.26262626e-06 7.82828283e-06 1.49998931e+08 -5.02416480e+02 -2.39601704e+02
1.76767677e-06 7.82828283e-06 1.49998921e+08 -3.84337105e+02 -7.50195190e+01
2.27272727e-06 7.82828283e-06 1.49998904e+08 -2.71923575e+02 8.80956987e+01
2.77777778e-06 7.82828283e-06 1.49998882e+08 -1.66531325e+02 2.50246318e+02
3.28282828e-06 7.82828283e-06 1.49998857e+08 -6.96076922e+01 4.12089537e+02
3.78787879e-06 7.82828283e-06 1.49998831e+08 1.72850916e+01 5.74560567e+02
4.29292929e-06 7.82828283e-06 1.49998807e+08 9.24591658e+01 7.38951808e+02
4.79797980e-06 7.82828283e-06 1.49998786e+08 1.54083150e+02 9.06946397e+02
5.30303030e-06 7.82828283e-06 1.49998772e+08 2.00140484e+02 1.08061027e+03
5.80808081e-06 7.82828283e-06 1.49998767e+08 2.28352289e+02 1.26234916e+03
6.31313131e-06 7.82828283e-06 1.49998773e+08 2.36058639e+02 1.45483608e+03
6.81818182e-06 7.82828283e-06 1.49998793e+08 2.20057646e+02 1.66091045e+03
7.32323232e-06 7.82828283e-06 1.49998830e+08 1.76406910e+02 1.88344339e+03
7.82828283e-06 7.82828283e-06 1.49998888e+08 1.00197233e+02 2.12515453e+03
8.33333333e-06 7.82828283e-06 1.49998971e+08 -1.46848535e+01 2.38835521e+03
8.83838384e-06 7.82828283e-06 1.49999084e+08 -1.75778843e+02 2.67458153e+03
9.34343434e-06 7.82828283e-06 1.49999233e+08 -3.92212332e+02 2.98407027e+03
9.84848485e-06 7.82828283e-06 1.49999422e+08 -6.74731893e+02 3.31502306e+03
1.03535354e-05 7.82828283e-06 1.49999658e+08 -1.03548940e+03 3.66260592e+03
1.08585859e-05 7.82828283e-06 1.49999944e+08 -1.48741285e+03 4.01765174e+03
1.13636364e-05 7.82828283e-06 1.50000281e+08 -2.04292136e+03 4.36509089e+03
1.18686869e-05 7.82828283e-06 1.50000667e+08 -2.71168148e+03 4.68225416e+03
1.23737374e-05 7.82828283e-06 1.50001093e+08 -3.49708974e+03 4.93740174e+03
1.28787879e-05 7.82828283e-06 1.50001538e+08 -4.39128852e+03 5.08914517e+03
1.33838384e-05 7.82828283e-06 1.50001973e+08 -5.36890537e+03 5.08780552e+03
1.38888889e-05 7.82828283e-06 1.50002357e+08 -6.38047971e+03 4.88003089e+03
1.43939394e-05 7.82828283e-06 1.50002637e+08 -7.34771944e+03 4.41784243e+03
1.48989899e-05 7.82828283e-06 1.50002762e+08 -8.16398314e+03 3.67221861e+03
1.54040404e-05 7.82828283e-06 1.50002693e+08 -8.70382834e+03 2.64905585e+03
1.59090909e-05 7.82828283e-06 1.50002418e+08 -8.84381524e+03 1.40232262e+03
1.64141414e-05 7.82828283e-06 1.50001964e+08 -8.49224704e+03 3.71941186e+01
1.69191919e-05 7.82828283e-06 1.50001404e+08 -7.61942889e+03 -1.30259415e+03
1.74242424e-05 7.82828283e-06 1.50000839e+08 -6.27615414e+03 -2.46289766e+03
1.79292929e-05 7.82828283e-06 1.50000380e+08 -4.59055225e+03 -3.31445639e+03
1.84343434e-05 7.82828283e-06 1.50000112e+08 -2.74233756e+03 -3.78224354e+03
1.89393939e-05 7.82828283e-06 1.50000080e+08 -9.23685368e+02 -3.85821445e+03
1.94444444e-05 7.82828283e-06 1.50000278e+08 6.99105352e+02 -3.59478349e+03
1.99494949e-05 7.82828283e-06 1.50000661e+08 2.01158617e+03 -3.08439760e+03
2.04545455e-05 7.82828283e-06 1.50001158e+08 2.96019762e+03 -2.43429593e+03
2.09595960e-05 7.82828283e-06 1.50001693e+08 3.54648783e+03 -1.74450135e+03
2.14646465e-05 7.82828283e-06 1.50002199e+08 3.81226790e+03 -1.09353349e+03
2.19696970e-05 7.82828283e-06 1.50002626e+08 3.82192962e+03 -5.32664065e+02
2.24747475e-05 7.82828283e-06 1.50002947e+08 3.64663597e+03 -8.70440085e+01
2.29797980e-05 7.82828283e-06 1.50003153e+08 3.35289489e+03 2.39020296e+02
2.34848485e-05 7.82828283e-06 1.50003249e+08 2.99605280e+03 4.55276228e+02
2.39898990e-05 7.82828283e-06 1.50003249e+08 2.61794873e+03 5.79125149e+02
2.44949495e-05 7.82828283e-06 1.50003173e+08 2.24741599e+03 6.30625424e+02
2.50000000e-05 7.82828283e-06 1.50003039e+08 1.90232363e+03 6.29170037e+02
-2.50000000e-05 8.33333333e-06 1.49997985e+08 -2.61758801e+03 -2.32181000e+02
-2.44949495e-05 8.33333333e-06 1.49997711e+08 -2.86615940e+03 -1.66837794e+02
-2.39898990e-05 8.33333333e-06 1.49997420e+08 -3.13187597e+03 -6.99462669e+01
-2.34848485e-05 8.33333333e-06 1.49997119e+08 -3.41073296e+03 6.77576302e+01
-2.29797980e-05 8.33333333e-06 1.49996813e+08 -3.69574592e+03 2.57394898e+02
-2.24747475e-05 8.33333333e-06 1.49996517e+08 -3.97579259e+03 5.11910617e+02
-2.19696970e-05 8.33333333e-06 1.49996245e+08 -4.23419177e+03 8.45742356e+02
-2.14646465e-05 8.33333333e-06 1.49996019e+08 -4.44707007e+03 1.27400061e+03
-2.09595960e-05 8.33333333e-06 1.49995866e+08 -4.58167189e+03 1.81091582e+03
-2.04545455e-05 8.33333333e-06 1.49995820e+08 -4.59493645e+03 2.46727163e+03
-1.99494949e-05 8.33333333e-06 1.49995915e+08 -4.43290641e+03 3.24657277e+03
-1.94444444e-05 8.33333333e-06 1.49996189e+08 -4.03182852e+03 4.13985427e+03
-1.89393939e-05 8.33333333e-06 1.49996673e+08 -3.32208203e+03 5.11941206e+03
-1.84343434e-05 8.33333333e-06 1.49997384e+08 -2.23616064e+03 6.13239377e+03
-1.79292929e-05 8.33333333e-06 1.49998315e+08 -7.21565344e+02 7.09611611e+03
-1.74242424e-05 8.33333333e-06 1.49999425e+08 1.24168928e+03 7.89794851e+03
-1.69191919e-05 8.33333333e-06 1.50000633e+08 3.62138477e+03 8.40307927e+03
-1.64141414e-05 8.33333333e-06 1.50001815e+08 6.31646579e+03 8.47263291e+03
-1.59090909e-05 8.33333333e-06 1.50002824e+08 9.15104734e+03 7.99169725e+03
-1.54040404e-05 8.33333333e-06 1.50003510e+08 1.18865575e+04 6.90199148e+03
-1.48989899e-05 8.33333333e-06 1.50003758e+08 1.42551991e+04 5.22898976e+03
-1.43939394e-05 8.33333333e-06 1.50003515e+08 1.60095850e+04 3.09161795e+03
-1.38888889e-05 8.33333333e-06 1.50002814e+08 1.69745741e+04 6.86961353e+02
-1.33838384e-05 8.33333333e-06 1.50001760e+08 1.70836191e+04 -1.74786481e+03
-1.28787879e-05 8.33333333e-06 1.50000507e+08 1.63868903e+04 -3.98439193e+03
-1.23737374e-05 8.33333333e-06 1.49999221e+08 1.50300354e+04 -5.84540190e+03
-1.18686869e-05 8.33333333e-06 1.49998043e+08 1.32138933e+04 -7.22884905e+03
-1.13636364e-05 8.33333333e-06 1.49997071e+08 1.11505621e+04 -8.10970139e+03
-1.08585859e-05 8.33333333e-06 1.49996351e+08 9.02860640e+03 -8.52486347e+03
-1.03535354e-05 8.33333333e-06 1.49995890e+08 6.99331675e+03 -8.55027305e+03
-9.84848485e-06 8.33333333e-06 1.49995662e+08 5.14134656e+03 -8.27839676e+03
-9.34343434e-06 8.33333333e-06 1.49995626e+08 3.52536232e+03 -7.80098152e+03
-8.83838384e-06 8.33333333e-06 1.49995736e+08 2.16366017e+03 -7.19847559e+03
-8.33333333e-06 8.33333333e-06 1.49995947e+08 1.05081676e+03 -6.53528852e+03
-7.82828283e-06 8.33333333e-06 1.49996221e+08 1.67070025e+02 -5.85914922e+03
-7.32323232e-06 8.33333333e-06 1.49996529e+08 -5.14500358e+02 -5.20281720e+03
-6.81818182e-06 8.33333333e-06 1.49996848e+08 -1.02304945e+03 -4.58681176e+03
-6.31313131e-06 8.33333333e-06 1.49997162e+08 -1.38693400e+03 -4.02230797e+03
-5.80808081e-06 8.33333333e-06 1.49997459e+08 -1.63207856e+03 -3.51374699e+03
-5.30303030e-06 8.33333333e-06 1.49997735e+08 -1.78128198e+03 -3.06097790e+03
-4.79797980e-06 8.33333333e-06 1.49997984e+08 -1.85409955e+03 -2.66090603e+03
-4.29292929e-06 8.33333333e-06 1.49998205e+08 -1.86703777e+03 -2.30869974e+03
-3.78787879e-06 8.33333333e-06 1.49998399e+08 -1.83388643e+03 -1.99863757e+03
-3.28282828e-06 8.33333333e-06 1.49998567e+08 -1.76607967e+03 -1.72468039e+03
-2.77777778e-06 8.33333333e-06 1.49998709e+08 -1.67302631e+03 -1.48084586e+03
-2.27272727e-06 8.33333333e-06 1.49998827e+08 -1.56238470e+03 -1.26145012e+03
-1.76767677e-06 8.33333333e-06 1.49998923e+08 -1.44028254e+03 -1.06126814e+03
-1.26262626e-06 8.33333333e-06 1.49998999e+08 -1.31149959e+03 -8.75649034e+02
-7.57575758e-07 8.33333333e-06 1.49999056e+08 -1.17964072e+03 -7.00605388e+02
-2.52525253e-07 8.33333333e-06 1.49999097e+08 -1.04732612e+03 -5.32878114e+02
2.52525253e-07 8.33333333e-06 1.49999122e+08 -9.16413877e+02 -3.69963708e+02
7.57575758e-07 8.33333333e-06 1.49999133e+08 -7.88250928e+02 -2.10085193e+02
1.26262626e-06 8.33333333e-06 1.49999134e+08 -6.63928565e+02 -5.20943271e+01
1.76767677e-06 8.33333333e-06 1.49999125e+08 -5.44507979e+02 1.04691111e+02
2.27272727e-06 8.33333333e-06 1.49999110e+08 -4.31185185e+02 2.60692650e+02
2.77777778e-06 8.33333333e-06 1.49999091e+08 -3.25380824e+02 4.16284991e+02
3.28282828e-06 8.33333333e-06 1.49999070e+08 -2.28760865e+02 5.71983927e+02
3.78787879e-06 8.33333333e-06 1.49999050e+08 -1.43210402e+02 7.28583262e+02
4.29292929e-06 8.33333333e-06 1.49999034e+08 -7.07898809e+01 8.87229233e+02
4.79797980e-06 8.33333333e-06 1.49999024e+08 -1.37017420e+01 1.04943301e+03
5.30303030e-06 8.33333333e-06 1.49999021e+08 2.57112262e+01 1.21702960e+03
5.80808081e-06 8.33333333e-06 1.49999029e+08 4.49234843e+01 1.39209431e+03
6.31313131e-06 8.33333333e-06 1.49999050e+08 4.11371323e+01 1.57682645e+03
6.81818182e-06 8.33333333e-06 1.49999086e+08 1.11504087e+01 1.77340508e+03
7.32323232e-06 8.33333333e-06 1.49999140e+08 -4.88029746e+01 1.98381429e+03
7.82828283e-06 8.33333333e-06 1.49999215e+08 -1.43224331e+02 2.20962655e+03
8.33333333e-06 8.33333333e-06 1.49999314e+08 -2.77504109e+02 2.45172394e+03
8.83838384e-06 8.33333333e-06 1.49999441e+08 -4.58024319e+02 2.70992977e+03
9.34343434e-06 8.33333333e-06 1.49999600e+08 -6.92160311e+02 2.98251983e+03
9.84848485e-06 8.33333333e-06 1.49999795e+08 -9.88112708e+02 3.26558528e+03
1.03535354e-05 8.33333333e-06 1.50000026e+08 -1.35447278e+03 3.55223433e+03
1.08585859e-05 8.33333333e-06 1.50000296e+08 -1.79939265e+03 3.83165317e+03
1.13636364e-05 8.33333333e-06 1.50000603e+08 -2.32920479e+03 4.08811017e+03
1.18686869e-05 8.33333333e-06 1.50000939e+08 -2.94633285e+03 4.30009136e+03
1.23737374e-05 8.33333333e-06 1.50001293e+08 -3.64639460e+03 4.43990451e+03
1.28787879e-05 8.33333333e-06 1.50001645e+08 -4.41456795e+03 4.47426826e+03
1.33838384e-05 8.33333333e-06 1.50001968e+08 -5.22162956e+03 4.36655109e+03
1.38888889e-05 8.33333333e-06 1.50002230e+08 -6.02060102e+03 4.08131782e+03
1.43939394e-05 8.33333333e-06 1.50002393e+08 -6.74556055e+03 3.59148860e+03
1.48989899e-05 8.33333333e-06 1.50002424e+08 -7.31461025e+03 2.88754481e+03
1.54040404e-05 8.33333333e-06 1.50002302e+08 -7.63873335e+03 1.98685348e+03
1.59090909e-05 8.33333333e-06 1.50002028e+08 -7.63683053e+03 9.39792353e+02
1.64141414e-05 8.33333333e-06 1.50001630e+08 -7.25457079e+03 -1.71111468e+02
1.69191919e-05 8.33333333e-06 1.50001164e+08 -6.48179527e+03 -1.24138260e+03
1.74242424e-05 8.33333333e-06 1.50000705e+08 -5.36190327e+03 -2.16307466e+03
1.79292929e-05 8.33333333e-06 1.50000329e+08 -3.98846153e+03 -2.84652267e+03
1.84343434e-05 8.33333333e-06 1.50000098e+08 -2.48892541e+03 -3.23829918e+03
1.89393939e-05 8.33333333e-06 1.50000048e+08 -1.00044972e+03 -3.32960615e+03
1.94444444e-05 8.33333333e-06 1.50000179e+08 3.54553375e+02 -3.15329811e+03
1.99494949e-05 8.33333333e-06 1.50000462e+08 1.48635189e+03 -2.77199276e+03
2.04545455e-05 8.33333333e-06 1.50000850e+08 2.34594772e+03 -2.26215371e+03
2.09595960e-05 8.33333333e-06 1.50001286e+08 2.92360287e+03 -1.69903678e+03
2.14646465e-05 8.33333333e-06 1.50001720e+08 3.24069589e+03 -1.14575522e+03
2.19696970e-05 8.33333333e-06 1.50002108e+08 3.33857819e+03 -6.47625775e+02
2.24747475e-05 8.33333333e-06 1.50002424e+08 3.26759900e+03 -2.31275273e+02
2.29797980e-05 8.33333333e-06 1.50002653e+08 3.07831810e+03 9.29359270e+01
2.34848485e-05 8.33333333e-06 1.50002794e+08 2.81570853e+03 3.26818692e+02
2.39898990e-05 8.33333333e-06 1.50002853e+08 2.51622462e+03 4.79951877e+02
2.44949495e-05 8.33333333e-06 1.50002842e+08 2.20709393e+03 5.65846467e+02
2.50000000e-05 8.33333333e-06 1.50002774e+08 1.90704011e+03 5.99073620e+02
-2.50000000e-05 8.83838384e-06 1.49998078e+08 -2.65828457e+03 -2.83670845e+02
-2.44949495e-05 8.83838384e-06 1.49997777e+08 -2.93264343e+03 -2.43442169e+02
-2.39898990e-05 8.83838384e-06 1.49997450e+08 -3.23270562e+03 -1.75228489e+02
-2.34848485e-05 8.83838384e-06 1.49997099e+08 -3.55654891e+03 -6.92181672e+01
-2.29797980e-05 8.83838384e-06 1.49996732e+08 -3.89946701e+03 8.69223434e+01
-2.24747475e-05 8.83838384e-06 1.49996358e+08 -4.25261717e+03 3.08315080e+02
-2.19696970e-05 8.83838384e-06 1.49995993e+08 -4.60123233e+03 6.12897069e+02
-2.14646465e-05 8.83838384e-06 1.49995660e+08 -4.92237084e+03 1.02097860e+03
-2.09595960e-05 8.83838384e-06 1.49995389e+08 -5.18227774e+03 1.55399726e+03
-2.04545455e-05 8.83838384e-06 1.49995219e+08 -5.33362671e+03 2.23201800e+03
-1.99494949e-05 8.83838384e-06 1.49995196e+08 -5.31324133e+03 3.06945687e+03
-1.94444444e-05 8.83838384e-06 1.49995374e+08 -5.04137855e+03 4.06856659e+03
-1.89393939e-05 8.83838384e-06 1.49995802e+08 -4.42425265e+03 5.21057048e+03
-1.84343434e-05 8.83838384e-06 1.49996520e+08 -3.36199792e+03 6.44515979e+03
-1.79292929e-05 8.83838384e-06 1.49997541e+08 -1.76429528e+03 7.68052341e+03
-1.74242424e-05 8.83838384e-06 1.49998835e+08 4.25250610e+02 8.77803674e+03
-1.69191919e-05 8.83838384e-06 1.50000310e+08 3.19792347e+03 9.55748954e+03
-1.64141414e-05 8.83838384e-06 1.50001814e+08 6.44888375e+03 9.81875635e+03
-1.59090909e-05 8.83838384e-06 1.50003142e+08 9.95892594e+03 9.38212738e+03
-1.54040404e-05 8.83838384e-06 1.50004077e+08 1.34040387e+04 8.14118713e+03
-1.48989899e-05 8.83838384e-06 1.50004442e+08 1.64023407e+04 6.11158913e+03
-1.43939394e-05 8.83838384e-06 1.50004154e+08 1.85929394e+04 3.45307673e+03
-1.38888889e-05 8.83838384e-06 1.50003256e+08 1.97226525e+04 4.48122297e+02
-1.33838384e-05 8.83838384e-06 1.50001907e+08 1.97069296e+04 -2.56075336e+03
-1.28787879e-05 8.83838384e-06 1.50000333e+08 1.86403101e+04 -5.25193021e+03
-1.23737374e-05 8.83838384e-06 1.49998768e+08 1.67555002e+04 -7.39221320e+03
-1.18686869e-05 8.83838384e-06 1.49997400e+08 1.43528710e+04 -8.86874028e+03
-1.13636364e-05 8.83838384e-06 1.49996340e+08 1.17299357e+04 -9.68253838e+03
-1.08585859e-05 8.83838384e-06 1.49995628e+08 9.13207763e+03 -9.91677020e+03
-1.03535354e-05 8.83838384e-06 1.49995245e+08 6.73095019e+03 -9.69742373e+03
-9.84848485e-06 8.83838384e-06 1.49995139e+08 4.62538206e+03 -9.15973771e+03
-9.34343434e-06 8.83838384e-06 1.49995243e+08 2.85509978e+03 -8.42612645e+03
-8.83838384e-06 8.83838384e-06 1.49995492e+08 1.41855468e+03 -7.59543995e+03
-8.33333333e-06 8.83838384e-06 1.49995830e+08 2.89365116e+02 -6.74053352e+03
-7.82828283e-06 8.83838384e-06 1.49996214e+08 -5.71010622e+02 -5.91066537e+03
-7.32323232e-06 8.83838384e-06 1.49996609e+08 -1.20470729e+03 -5.13597719e+03
-6.81818182e-06 8.83838384e-06 1.49996996e+08 -1.65233399e+03 -4.43232645e+03
-6.31313131e-06 8.83838384e-06 1.49997358e+08 -1.95035809e+03 -3.80558491e+03
-5.80808081e-06 8.83838384e-06 1.49997690e+08 -2.13011794e+03 -3.25507592e+03
-5.30303030e-06 8.83838384e-06 1.49997986e+08 -2.21779168e+03 -2.77613249e+03
-4.79797980e-06 8.83838384e-06 1.49998246e+08 -2.23485731e+03 -2.36189617e+03
-4.29292929e-06 8.83838384e-06 1.49998472e+08 -2.19874911e+03 -2.00451870e+03
-3.78787879e-06 8.83838384e-06 1.49998665e+08 -2.12353617e+03 -1.69592158e+03
-3.28282828e-06 8.83838384e-06 1.49998827e+08 -2.02052918e+03 -1.42824547e+03
-2.77777778e-06 8.83838384e-06 1.49998962e+08 -1.89877343e+03 -1.19409535e+03
-2.27272727e-06 8.83838384e-06 1.49999073e+08 -1.76541978e+03 -9.86665128e+02
-1.76767677e-06 8.83838384e-06 1.49999161e+08 -1.62599068e+03 -7.99806492e+02
-1.26262626e-06 8.83838384e-06 1.49999230e+08 -1.48457782e+03 -6.28087803e+02
-7.57575758e-07 8.83838384e-06 1.49999281e+08 -1.34402043e+03 -4.66865425e+02
-2.52525253e-07 8.83838384e-06 1.49999316e+08 -1.20611312e+03 -3.12362743e+02
2.52525253e-07 8.83838384e-06 1.49999336e+08 -1.07187377e+03 -1.61726750e+02
7.57575758e-07 8.83838384e-06 1.49999344e+08 -9.41867709e+02 -1.30202293e+01
1.26262626e-06 8.83838384e-06 1.49999342e+08 -8.16548132e+02 1.34882184e+02
1.76767677e-06 8.83838384e-06 1.49999332e+08 -6.96551542e+02 2.82495571e+02
2.27272727e-06 8.83838384e-06 1.49999317e+08 -5.82894930e+02 4.29990620e+02
2.77777778e-06 8.83838384e-06 1.49999299e+08 -4.77051951e+02 5.77469356e+02
3.28282828e-06 8.83838384e-06 1.49999281e+08 -3.80922189e+02 7.25197608e+02
3.78787879e-06 8.83838384e-06 1.49999266e+08 -2.96732885e+02 8.73759693e+02
4.29292929e-06 8.83838384e-06 1.49999256e+08 -2.26919794e+02 1.02412408e+03
4.79797980e-06 8.83838384e-06 1.49999254e+08 -1.74027133e+02 1.17762677e+03
5.30303030e-06 8.83838384e-06 1.49999261e+08 -1.40653402e+02 1.33588857e+03
5.80808081e-06 8.83838384e-06 1.49999280e+08 -1.29455685e+02 1.50068502e+03
6.31313131e-06 8.83838384e-06 1.49999313e+08 -1.43211811e+02 1.67378544e+03
6.81818182e-06 8.83838384e-06 1.49999361e+08 -1.84928241e+02 1.85677117e+03
7.32323232e-06 8.83838384e-06 1.49999427e+08 -2.57972222e+02 2.05083534e+03
7.82828283e-06 8.83838384e-06 1.49999513e+08 -3.66199895e+02 2.25655628e+03
8.33333333e-06 8.83838384e-06 1.49999622e+08 -5.14046842e+02 2.47362936e+03
8.83838384e-06 8.83838384e-06 1.49999755e+08 -7.06542258e+02 2.70053750e+03
9.34343434e-06 8.83838384e-06 1.49999916e+08 -9.49200268e+02 2.93414220e+03
9.84848485e-06 8.83838384e-06 1.50000105e+08 -1.24773087e+03 3.16918712e+03
1.03535354e-05 8.83838384e-06 1.50000324e+08 -1.60749958e+03 3.39772657e+03
1.08585859e-05 8.83838384e-06 1.50000569e+08 -2.03265366e+03 3.60852770e+03
1.13636364e-05 8.83838384e-06 1.50000838e+08 -2.52483395e+03 3.78654980e+03
1.18686869e-05 8.83838384e-06 1.50001122e+08 -3.08142030e+03 3.91268047e+03
1.23737374e-05 8.83838384e-06 1.50001408e+08 -3.69333980e+03 3.96399796e+03
1.28787879e-05 8.83838384e-06 1.50001679e+08 -4.34262315e+03 3.91490873e+03
1.33838384e-05 8.83838384e-06 1.50001912e+08 -5.00014082e+03 3.73952885e+03
1.38888889e-05 8.83838384e-06 1.50002081e+08 -5.62426064e+03 3.41555846e+03
1.43939394e-05 8.83838384e-06 1.50002161e+08 -6.16144485e+03 2.92955551e+03
1.48989899e-05 8.83838384e-06 1.50002132e+08 -6.54985731e+03 2.28291400e+03
1.54040404e-05 8.83838384e-06 1.50001984e+08 -6.72663669e+03 1.49710290e+03
1.59090909e-05 8.83838384e-06 1.50001723e+08 -6.63845776e+03 6.16146477e+02
1.64141414e-05 8.83838384e-06 1.50001376e+08 -6.25350510e+03 -2.95599765e+02
1.69191919e-05 8.83838384e-06 1.50000986e+08 -5.57162637e+03 -1.16124887e+03
1.74242424e-05 8.83838384e-06 1.50000607e+08 -4.62907825e+03 -1.90369872e+03
1.79292929e-05 8.83838384e-06 1.50000296e+08 -3.49550344e+03 -2.45942658e+03
1.84343434e-05 8.83838384e-06 1.50000097e+08 -2.26329741e+03 -2.78978848e+03
1.89393939e-05 8.83838384e-06 1.50000039e+08 -1.03218425e+03 -2.88658701e+03
1.94444444e-05 8.83838384e-06 1.50000122e+08 1.06694065e+02 -2.77074121e+03
1.99494949e-05 8.83838384e-06 1.50000332e+08 1.08316699e+03 -2.48521554e+03
2.04545455e-05 8.83838384e-06 1.50000634e+08 1.85457314e+03 -2.08488320e+03
2.09595960e-05 8.83838384e-06 1.50000988e+08 2.40619960e+03 -1.62627785e+03
2.14646465e-05 8.83838384e-06 1.50001355e+08 2.74699050e+03 -1.15946692e+03
2.19696970e-05 8.83838384e-06 1.50001699e+08 2.90263847e+03 -7.23124498e+02
2.24747475e-05 8.83838384e-06 1.50001996e+08 2.90811516e+03 -3.42807506e+02
2.29797980e-05 8.83838384e-06 1.50002229e+08 2.80114159e+03 -3.17334245e+01
2.34848485e-05 8.83838384e-06 1.50002394e+08 2.61738601e+03 2.06921424e+02
2.39898990e-05 8.83838384e-06 1.50002491e+08 2.38755211e+03 3.77128794e+02
2.44949495e-05 8.83838384e-06 1.50002526e+08 2.13610648e+03 4.87205328e+02
2.50000000e-05 8.83838384e-06 1.50002508e+08 1.88120218e+03 5.47494114e+02
-2.50000000e-05 9.34343434e-06 1.49998235e+08 -2.67527248e+03 -3.11723901e+02
-2.44949495e-05 9.34343434e-06 1.49997913e+08 -2.97104108e+03 -2.97881601e+02
-2.39898990e-05 9.34343434e-06 1.49997555e+08 -3.30111715e+03 -2.61257128e+02
-2.34848485e-05 9.34343434e-06 1.49997160e+08 -3.66616219e+03 -1.92061977e+02
-2.29797980e-05 9.34343434e-06 1.49996733e+08 -4.06453959e+03 -7.73899600e+01
-2.24747475e-05 9.34343434e-06 1.49996280e+08 -4.49086191e+03 9.94193172e+01
-2.19696970e-05 9.34343434e-06 1.49995815e+08 -4.93392229e+03 3.59304777e+02
-2.14646465e-05 9.34343434e-06 1.49995360e+08 -5.37386592e+03 7.27659670e+02
-2.09595960e-05 9.34343434e-06 1.49994945e+08 -5.77852174e+03 1.23375875e+03
-2.04545455e-05 9.34343434e-06 1.49994615e+08 -6.09899540e+03 1.90881887e+03
-1.99494949e-05 9.34343434e-06 1.49994427e+08 -6.26500455e+03 2.78183549e+03
-1.94444444e-05 9.34343434e-06 1.49994450e+08 -6.18111237e+03 3.87217671e+03
-1.89393939e-05 9.34343434e-06 1.49994761e+08 -5.72603837e+03 5.17805434e+03
-1.84343434e-05 9.34343434e-06 1.49995432e+08 -4.75848423e+03 6.66079911e+03
-1.79292929e-05 9.34343434e-06 1.49996510e+08 -3.13390913e+03 8.22681688e+03
-1.74242424e-05 9.34343434e-06 1.49997987e+08 -7.36299094e+02 9.71247677e+03
-1.69191919e-05 9.34343434e-06 1.49999779e+08 2.47454459e+03 1.08814159e+04
-1.64141414e-05 9.34343434e-06 1.50001698e+08 6.40784903e+03 1.14465049e+04
-1.59090909e-05 9.34343434e-06 1.50003464e+08 1.07984376e+04 1.11256080e+04
-1.54040404e-05 9.34343434e-06 1.50004757e+08 1.52041631e+04 9.72700611e+03
-1.48989899e-05 9.34343434e-06 1.50005297e+08 1.90691755e+04 7.23844567e+03
-1.43939394e-05 9.34343434e-06 1.50004948e+08 2.18516256e+04 3.87611731e+03
-1.38888889e-05 9.34343434e-06 1.50003770e+08 2.31742080e+04 5.60129689e+01
-1.33838384e-05 9.34343434e-06 1.50002006e+08 2.29307119e+04 -3.71295836e+03
-1.28787879e-05 9.34343434e-06 1.50000002e+08 2.12982030e+04 -6.96889355e+03
-1.23737374e-05 9.34343434e-06 1.49998091e+08 1.86558112e+04 -9.40644026e+03
-1.18686869e-05 9.34343434e-06 1.49996518e+08 1.54581801e+04 -1.09160947e+04
-1.13636364e-05 9.34343434e-06 1.49995405e+08 1.21218014e+04 -1.15560881e+04
-1.08585859e-05 9.34343434e-06 1.49994760e+08 8.95853716e+03 -1.14885159e+04
-1.03535354e-05 9.34343434e-06 1.49994525e+08 6.15882637e+03 -1.09137183e+04
-9.84848485e-06 9.34343434e-06 1.49994604e+08 3.80805381e+03 -1.00227659e+04
-9.34343434e-06 9.34343434e-06 1.49994898e+08 1.91653975e+03 -8.97236671e+03
-8.83838384e-06 9.34343434e-06 1.49995323e+08 4.49447771e+02 -7.87745749e+03
-8.33333333e-06 9.34343434e-06 1.49995809e+08 -6.49815095e+02 -6.81429910e+03
-7.82828283e-06 9.34343434e-06 1.49996311e+08 -1.44400714e+03 -5.82810428e+03
-7.32323232e-06 9.34343434e-06 1.49996795e+08 -1.99306040e+03 -4.94145732e+03
-6.81818182e-06 9.34343434e-06 1.49997244e+08 -2.34976281e+03 -4.16169089e+03
-6.31313131e-06 9.34343434e-06 1.49997648e+08 -2.55835658e+03 -3.48661067e+03
-5.80808081e-06 9.34343434e-06 1.49998003e+08 -2.65475063e+03 -2.90859436e+03
-5.30303030e-06 9.34343434e-06 1.49998310e+08 -2.66749553e+03 -2.41734678e+03
-4.79797980e-06 9.34343434e-06 1.49998572e+08 -2.61901497e+03 -2.00164463e+03
-4.29292929e-06 9.34343434e-06 1.49998792e+08 -2.52681950e+03 -1.65036647e+03
-3.78787879e-06 9.34343434e-06 1.49998975e+08 -2.40456913e+03 -1.35303985e+03
-3.28282828e-06 9.34343434e-06 1.49999125e+08 -2.26293094e+03 -1.10007663e+03
-2.77777778e-06 9.34343434e-06 1.49999247e+08 -2.11022079e+03 -8.82822088e+02
-2.27272727e-06 9.34343434e-06 1.49999344e+08 -1.95284341e+03 -6.93512703e+02
-1.76767677e-06 9.34343434e-06 1.49999419e+08 -1.79556607e+03 -5.25218108e+02
-1.26262626e-06 9.34343434e-06 1.49999477e+08 -1.64168401e+03 -3.71824693e+02
-7.57575758e-07 9.34343434e-06 1.49999517e+08 -1.49315647e+03 -2.28091025e+02
-2.52525253e-07 9.34343434e-06 1.49999544e+08 -1.35079852e+03 -8.97644696e+01
2.52525253e-07 9.34343434e-06 1.49999557e+08 -1.21458862e+03 4.62972709e+01
7.57575758e-07 9.34343434e-06 1.49999559e+08 -1.08409262e+03 1.82082917e+02
1.26262626e-06 9.34343434e-06 1.49999552e+08 -9.58934387e+02 3.18530856e+02
1.76767677e-06 9.34343434e-06 1.49999539e+08 -8.39201645e+02 4.55790305e+02
2.27272727e-06 9.34343434e-06 1.49999521e+08 -7.25690692e+02 5.93584510e+02
2.77777778e-06 9.34343434e-06 1.49999503e+08 -6.19955188e+02 7.31582542e+02
3.28282828e-06 9.34343434e-06 1.49999487e+08 -5.24192049e+02 8.69695038e+02
3.78787879e-06 9.34343434e-06 1.49999475e+08 -4.41036278e+02 1.00824841e+03
4.29292929e-06 9.34343434e-06 1.49999470e+08 -3.73338902e+02 1.14803259e+03
4.79797980e-06 9.34343434e-06 1.49999474e+08 -3.23983056e+02 1.29024236e+03
5.30303030e-06 9.34343434e-06 1.49999490e+08 -2.95769827e+02 1.43634097e+03
5.80808081e-06 9.34343434e-06 1.49999518e+08 -2.91385313e+02 1.58787517e+03
6.31313131e-06 9.34343434e-06 1.49999559e+08 -3.13443337e+02 1.74626657e+03
6.81818182e-06 9.34343434e-06 1.49999616e+08 -3.64583493e+02 1.91259725e+03
7.32323232e-06 9.34343434e-06 1.49999690e+08 -4.47592775e+02 2.08739685e+03
7.82828283e-06 9.34343434e-06 1.49999783e+08 -5.65512707e+02 2.27042705e+03
8.33333333e-06 9.34343434e-06 1.49999895e+08 -7.21692277e+02 2.46045030e+03
8.83838384e-06 9.34343434e-06 1.50000028e+08 -9.19747613e+02 2.65496708e+03
9.34343434e-06 9.34343434e-06 1.50000184e+08 -1.16338942e+03 2.84991114e+03
9.84848485e-06 9.34343434e-06 1.50000362e+08 -1.45607720e+03 3.03930542e+03
1.03535354e-05 9.34343434e-06 1.50000560e+08 -1.80045710e+03 3.21490442e+03
1.08585859e-05 9.34343434e-06 1.50000777e+08 -2.19754264e+03 3.36588070e+03
1.13636364e-05 9.34343434e-06 1.50001007e+08 -2.64561280e+03 3.47865478e+03
1.18686869e-05 9.34343434e-06 1.50001240e+08 -3.13884200e+03 3.53701606e+03
1.23737374e-05 9.34343434e-06 1.50001465e+08 -3.66575197e+03 3.52272607e+03
1.28787879e-05 9.34343434e-06 1.50001667e+08 -4.20769563e+03 3.41681423e+03
1.33838384e-05 9.34343434e-06 1.50001828e+08 -4.73774056e+03 3.20173664e+03
1.38888889e-05 9.34343434e-06 1.50001928e+08 -5.22047934e+03 2.86442866e+03
1.43939394e-05 9.34343434e-06 1.50001952e+08 -5.61338296e+03 2.40001492e+03
1.48989899e-05 9.34343434e-06 1.50001885e+08 -5.87022116e+03 1.81556390e+03
1.54040404e-05 9.34343434e-06 1.50001727e+08 -5.94669713e+03 1.13289038e+03
1.59090909e-05 9.34343434e-06 1.50001484e+08 -5.80776568e+03 3.89213738e+02
1.64141414e-05 9.34343434e-06 1.50001181e+08 -5.43527844e+03 -3.65305333e+02
1.69191919e-05 9.34343434e-06 1.50000852e+08 -4.83397554e+03 -1.07339252e+03
1.74242424e-05 9.34343434e-06 1.50000536e+08 -4.03382677e+03 -1.67899697e+03
1.79292929e-05 9.34343434e-06 1.50000276e+08 -3.08752523e+03 -2.13625938e+03
1.84343434e-05 9.34343434e-06 1.50000104e+08 -2.06335006e+03 -2.41680204e+03
1.89393939e-05 9.34343434e-06 1.50000042e+08 -1.03506079e+03 -2.51346718e+03
1.94444444e-05 9.34343434e-06 1.50000093e+08 -7.13278268e+01 -2.43975879e+03
1.99494949e-05 9.34343434e-06 1.50000248e+08 7.72878875e+02 -2.22554679e+03
2.04545455e-05 9.34343434e-06 1.50000483e+08 1.46137740e+03 -1.91053033e+03
2.09595960e-05 9.34343434e-06 1.50000770e+08 1.97794539e+03 -1.53725004e+03
2.14646465e-05 9.34343434e-06 1.50001077e+08 2.32419679e+03 -1.14514198e+03
2.19696970e-05 9.34343434e-06 1.50001377e+08 2.51536273e+03 -7.66501008e+02
2.24747475e-05 9.34343434e-06 1.50001648e+08 2.57528018e+03 -4.24557596e+02
2.29797980e-05 9.34343434e-06 1.50001874e+08 2.53165265e+03 -1.33372198e+02
2.34848485e-05 9.34343434e-06 1.50002048e+08 2.41224700e+03 1.01011047e+02
2.39898990e-05 9.34343434e-06 1.50002167e+08 2.24228951e+03 2.78753631e+02
2.44949495e-05 9.34343434e-06 1.50002233e+08 2.04301875e+03 4.04257299e+02
2.50000000e-05 9.34343434e-06 1.50002253e+08 1.83117469e+03 4.84382814e+02
-2.50000000e-05 9.84848485e-06 1.49998462e+08 -2.66879824e+03 -3.08168800e+02
-2.44949495e-05 9.84848485e-06 1.49998130e+08 -2.98029705e+03 -3.20071647e+02
-2.39898990e-05 9.84848485e-06 1.49997750e+08 -3.33417367e+03 -3.15876853e+02
-2.34848485e-05 9.84848485e-06 1.49997321e+08 -3.73404063e+03 -2.86535156e+02
-2.29797980e-05 9.84848485e-06 1.49996842e+08 -4.18201587e+03 -2.19465222e+02
-2.24747475e-05 9.84848485e-06 1.49996315e+08 -4.67731912e+03 -9.75177335e+01
-2.19696970e-05 9.84848485e-06 1.49995749e+08 -5.21410127e+03 1.02150637e+02
-2.14646465e-05 9.84848485e-06 1.49995161e+08 -5.77821478e+03 4.09101986e+02
-2.09595960e-05 9.84848485e-06 1.49994581e+08 -6.34261663e+03 8.60143973e+02
-2.04545455e-05 9.84848485e-06 1.49994054e+08 -6.86118913e+03 1.49863638e+03
-1.99494949e-05 9.84848485e-06 1.49993645e+08 -7.26109564e+03 2.37139664e+03
-1.94444444e-05 9.84848485e-06 1.49993441e+08 -7.43456033e+03 3.52149172e+03
-1.89393939e-05 9.84848485e-06 1.49993549e+08 -7.23241653e+03 4.97482946e+03
-1.84343434e-05 9.84848485e-06 1.49994084e+08 -6.46405871e+03 6.71879177e+03
-1.79292929e-05 9.84848485e-06 1.49995146e+08 -4.91124386e+03 8.67315548e+03
-1.74242424e-05 9.84848485e-06 1.49996781e+08 -2.36508991e+03 1.06584381e+04
-1.69191919e-05 9.84848485e-06 1.49998929e+08 1.30664876e+03 1.23750795e+04
-1.64141414e-05 9.84848485e-06 1.50001379e+08 6.06612218e+03 1.34160781e+04
-1.59090909e-05 9.84848485e-06 1.50003753e+08 1.16125925e+04 1.33377901e+04
-1.54040404e-05 9.84848485e-06 1.50005570e+08 1.73440954e+04 1.17958982e+04
-1.48989899e-05 9.84848485e-06 1.50006382e+08 2.24342473e+04 8.71019756e+03
-1.43939394e-05 9.84848485e-06 1.50005951e+08 2.60421432e+04 4.37371657e+03
-1.38888889e-05 9.84848485e-06 1.50004362e+08 2.75847904e+04 -5.81267375e+02
-1.33838384e-05 9.84848485e-06 1.50002006e+08 2.69330375e+04 -5.37333116e+03
-1.28787879e-05 9.84848485e-06 1.49999419e+08 2.44215631e+04 -9.32488682e+03
-1.23737374e-05 9.84848485e-06 1.49997089e+08 2.06816890e+04 -1.20438911e+04
-1.18686869e-05 9.84848485e-06 1.49995324e+08 1.64082091e+04 -1.34617522e+04
-1.13636364e-05 9.84848485e-06 1.49994229e+08 1.21775999e+04 -1.37524873e+04
-1.08585859e-05 9.84848485e-06 1.49993754e+08 8.36810609e+03 -1.32084541e+04
-1.03535354e-05 9.84848485e-06 1.49993765e+08 5.16556591e+03 -1.21353876e+04
-9.84848485e-06 9.84848485e-06 1.49994110e+08 2.61247743e+03 -1.07913573e+04
-9.34343434e-06 9.84848485e-06 1.49994652e+08 6.64535257e+02 -9.36525457e+03
-8.83838384e-06 9.84848485e-06 1.49995284e+08 -7.63788552e+02 -7.97971006e+03
-8.33333333e-06 9.84848485e-06 1.49995932e+08 -1.76928341e+03 -6.70460266e+03
-7.82828283e-06 9.84848485e-06 1.49996552e+08 -2.44342440e+03 -5.57247464e+03
-7.32323232e-06 9.84848485e-06 1.49997117e+08 -2.86500221e+03 -4.59179072e+03
-6.81818182e-06 9.84848485e-06 1.49997616e+08 -3.09819833e+03 -3.75685440e+03
-6.31313131e-06 9.84848485e-06 1.49998046e+08 -3.19344737e+03 -3.05458035e+03
-5.80808081e-06 9.84848485e-06 1.49998410e+08 -3.18945835e+03 -2.46880023e+03
-5.30303030e-06 9.84848485e-06 1.49998714e+08 -3.11550599e+03 -1.98281645e+03
-4.79797980e-06 9.84848485e-06 1.49998963e+08 -2.99356367e+03 -1.58078968e+03
-4.29292929e-06 9.84848485e-06 1.49999166e+08 -2.84010786e+03 -1.24838624e+03
-3.78787879e-06 9.84848485e-06 1.49999329e+08 -2.66755314e+03 -9.72973149e+02
-3.28282828e-06 9.84848485e-06 1.49999458e+08 -2.48533186e+03 -7.43548613e+02
-2.77777778e-06 9.84848485e-06 1.49999558e+08 -2.30065027e+03 -5.50532277e+02
-2.27272727e-06 9.84848485e-06 1.49999635e+08 -2.11895761e+03 -3.85507438e+02
-1.76767677e-06 9.84848485e-06 1.49999693e+08 -1.94417597e+03 -2.40996463e+02
-1.26262626e-06 9.84848485e-06 1.49999735e+08 -1.77876589e+03 -1.10344416e+02
-7.57575758e-07 9.84848485e-06 1.49999762e+08 -1.62374462e+03 1.22378401e+01
-2.52525253e-07 9.84848485e-06 1.49999777e+08 -1.47880206e+03 1.31478717e+02
2.52525253e-07 9.84848485e-06 1.49999780e+08 -1.34263484e+03 2.50792269e+02
7.57575758e-07 9.84848485e-06 1.49999774e+08 -1.21351755e+03 3.72123633e+02
1.26262626e-06 9.84848485e-06 1.49999761e+08 -1.08998895e+03 4.96034791e+02
1.76767677e-06 9.84848485e-06 1.49999742e+08 -9.71442293e+02 6.22062178e+02
2.27272727e-06 9.84848485e-06 1.49999720e+08 -8.58440537e+02 7.49242218e+02
2.77777778e-06 9.84848485e-06 1.49999700e+08 -7.52706620e+02 8.76633454e+02
3.28282828e-06 9.84848485e-06 1.49999683e+08 -6.56868794e+02 1.00369719e+03
3.78787879e-06 9.84848485e-06 1.49999674e+08 -5.74095928e+02 1.13048408e+03
4.29292929e-06 9.84848485e-06 1.49999673e+08 -5.07738527e+02 1.25764438e+03
4.79797980e-06 9.84848485e-06 1.49999682e+08 -4.61044492e+02 1.38630734e+03
5.30303030e-06 9.84848485e-06 1.49999704e+08 -4.36980839e+02 1.51787538e+03
5.80808081e-06 9.84848485e-06 1.49999739e+08 -4.38169151e+02 1.65377258e+03
6.31313131e-06 9.84848485e-06 1.49999787e+08 -4.66923676e+02 1.79518266e+03
6.81818182e-06 9.84848485e-06 1.49999850e+08 -5.25361864e+02 1.94280418e+03
7.32323232e-06 9.84848485e-06 1.49999929e+08 -6.15541933e+02 2.09663662e+03
7.82828283e-06 9.84848485e-06 1.50000023e+08 -7.39576495e+02 2.25579470e+03
8.33333333e-06 9.84848485e-06 1.50000135e+08 -8.99675621e+02 2.41833571e+03
8.83838384e-06 9.84848485e-06 1.50000263e+08 -1.09808227e+03 2.58108230e+03
9.34343434e-06 9.84848485e-06 1.50000409e+08 -1.33687200e+03 2.73943081e+03
9.84848485e-06 9.84848485e-06 1.50000571e+08 -1.61759498e+03 2.88715224e+03
1.03535354e-05 9.84848485e-06 1.50000747e+08 -1.94074328e+03 3.01621492e+03
1.08585859e-05 9.84848485e-06 1.50000933e+08 -2.30503518e+03 3.11668492e+03
1.13636364e-05 9.84848485e-06 1.50001124e+08 -2.70652780e+03 3.17678852e+03
1.18686869e-05 9.84848485e-06 1.50001310e+08 -3.13760651e+03 3.18324669e+03
1.23737374e-05 9.84848485e-06 1.50001483e+08 -3.58595971e+03 3.12200542e+03
1.28787879e-05 9.84848485e-06 1.50001628e+08 -4.03372844e+03 2.97947325e+03
1.33838384e-05 9.84848485e-06 1.50001733e+08 -4.45711071e+03 2.74431837e+03
1.38888889e-05 9.84848485e-06 1.50001783e+08 -4.82676859e+03 2.40975681e+03
1.43939394e-05 9.84848485e-06 1.50001767e+08 -5.10938556e+03 1.97607611e+03
1.48989899e-05 9.84848485e-06 1.50001678e+08 -5.27059483e+03 1.45291884e+03
1.54040404e-05 9.84848485e-06 1.50001518e+08 -5.27921132e+03 8.60668540e+02
1.59090909e-05 9.84848485e-06 1.50001296e+08 -5.11227443e+03 2.30248890e+02
1.64141414e-05 9.84848485e-06 1.50001031e+08 -4.75996089e+03 -3.99138151e+02
1.69191919e-05 9.84848485e-06 1.50000750e+08 -4.22915003e+03 -9.84327223e+02
1.74242424e-05 9.84848485e-06 1.50000484e+08 -3.54450928e+03 -1.48391787e+03
1.79292929e-05 9.84848485e-06 1.50000264e+08 -2.74648468e+03 -1.86423424e+03
1.84343434e-05 9.84848485e-06 1.50000114e+08 -1.88639804e+03 -2.10413478e+03
1.89393939e-05 9.84848485e-06 1.50000052e+08 -1.01966528e+03 -2.19755649e+03
1.94444444e-05 9.84848485e-06 1.50000081e+08 -1.98637957e+02 -2.15331742e+03
1.99494949e-05 9.84848485e-06 1.50000195e+08 5.33438323e+02 -1.99245313e+03
2.04545455e-05 9.84848485e-06 1.50000378e+08 1.14630552e+03 -1.74394274e+03
2.09595960e-05 9.84848485e-06 1.50000610e+08 1.62404080e+03 -1.43991890e+03
2.14646465e-05 9.84848485e-06 1.50000866e+08 1.96412701e+03 -1.11134863e+03
2.19696970e-05 9.84848485e-06 1.50001124e+08 2.17491771e+03 -7.84838264e+02
2.24747475e-05 9.84848485e-06 1.50001367e+08 2.27231150e+03 -4.80814519e+02
2.29797980e-05 9.84848485e-06 1.50001579e+08 2.27636800e+03 -2.12993860e+02
2.34848485e-05 9.84848485e-06 1.50001752e+08 2.20838375e+03 1.11602606e+01
2.39898990e-05 9.84848485e-06 1.50001882e+08 2.08869856e+03 1.89370101e+02
2.44949495e-05 9.84848485e-06 1.50001968e+08 1.93528940e+03 3.23218261e+02
2.50000000e-05 9.84848485e-06 1.50002013e+08 1.76306399e+03 4.16832018e+02
-2.50000000e-05 1.03535354e-05 1.49998764e+08 -2.64112955e+03 -2.64920052e+02
-2.44949495e-05 1.03535354e-05 1.49998434e+08 -2.96169188e+03 -2.99490819e+02
-2.39898990e-05 1.03535354e-05 1.49998048e+08 -3.33151948e+03 -3.25706782e+02
-2.34848485e-05 1.03535354e-05 1.49997600e+08 -3.75731491e+03 -3.36045747e+02
-2.29797980e-05 1.03535354e-05 1.49997083e+08 -4.24538427e+03 -3.19341249e+02
-2.24747475e-05 1.03535354e-05 1.49996494e+08 -4.80047799e+03 -2.59387623e+02
-2.19696970e-05 1.03535354e-05 1.49995836e+08 -5.42379211e+03 -1.33194365e+02
-2.14646465e-05 1.03535354e-05 1.49995117e+08 -6.10968679e+03 9.10341415e+01
-2.09595960e-05 1.03535354e-05 1.49994360e+08 -6.84053573e+03 4.55912389e+02
-2.04545455e-05 1.03535354e-05 1.49993605e+08 -7.57903123e+03 1.01620830e+03
-1.99494949e-05 1.03535354e-05 1.49992919e+08 -8.25738374e+03 1.83815519e+03
-1.94444444e-05 1.03535354e-05 1.49992403e+08 -8.76347547e+03 2.99438636e+03
-1.89393939e-05 1.03535354e-05 1.49992192e+08 -8.92566785e+03 4.55088903e+03
-1.84343434e-05 1.03535354e-05 1.49992456e+08 -8.50129736e+03 6.54144320e+03
-1.79292929e-05 1.03535354e-05 1.49993374e+08 -7.17937139e+03 8.92585474e+03
-1.74242424e-05 1.03535354e-05 1.49995082e+08 -4.61466413e+03 1.15336434e+04
-1.69191919e-05 1.03535354e-05 1.49997596e+08 -5.13813551e+02 1.40080732e+04
-1.64141414e-05 1.03535354e-05 1.50000708e+08 5.21612667e+03 1.57869067e+04
-1.59090909e-05 1.03535354e-05 1.50003930e+08 1.22833280e+04 1.61753080e+04
-1.54040404e-05 1.03535354e-05 1.50006536e+08 1.98819801e+04 1.45536269e+04
-1.48989899e-05 1.03535354e-05 1.50007784e+08 2.67580886e+04 1.06846964e+04
-1.43939394e-05 1.03535354e-05 1.50007241e+08 3.15558803e+04 4.96062205e+03
-1.38888889e-05 1.03535354e-05 1.50005033e+08 3.33343386e+04 -1.62127887e+03
-1.33838384e-05 1.03535354e-05 1.50001810e+08 3.19496691e+04 -7.81349685e+03
-1.28787879e-05 1.03535354e-05 1.49998434e+08 2.80480832e+04 -1.26005699e+04
-1.23737374e-05 1.03535354e-05 1.49995620e+08 2.27059769e+04 -1.55057315e+04
-1.18686869e-05 1.03535354e-05 1.49993731e+08 1.69895606e+04 -1.65912737e+04
-1.13636364e-05 1.03535354e-05 1.49992799e+08 1.16737552e+04 -1.62539495e+04
-1.08585859e-05 1.03535354e-05 1.49992651e+08 7.17513856e+03 -1.49917928e+04
-1.03535354e-05 1.03535354e-05 1.49993043e+08 3.62168866e+03 -1.32486290e+04
-9.84848485e-06 1.03535354e-05 1.49993748e+08 9.63319812e+02 -1.13507595e+04
-9.34343434e-06 1.03535354e-05 1.49994589e+08 -9.33572150e+02 -9.50498650e+03
-8.83838384e-06 1.03535354e-05 1.49995450e+08 -2.22458441e+03 -7.82357621e+03
-8.33333333e-06 1.03535354e-05 1.49996259e+08 -3.05489393e+03 -6.35419810e+03
-7.82828283e-06 1.03535354e-05 1.49996983e+08 -3.54618610e+03 -5.10508493e+03
-7.32323232e-06 1.03535354e-05 1.49997608e+08 -3.79427871e+03 -4.06299213e+03
-6.81818182e-06 1.03535354e-05 1.49998133e+08 -3.87168018e+03 -3.20475046e+03
-6.31313131e-06 1.03535354e-05 1.49998566e+08 -3.83182954e+03 -2.50410159e+03
-5.80808081e-06 1.03535354e-05 1.49998918e+08 -3.71342403e+03 -1.93540750e+03
-5.30303030e-06 1.03535354e-05 1.49999199e+08 -3.54418397e+03 -1.47543295e+03
-4.79797980e-06 1.03535354e-05 1.49999421e+08 -3.34388065e+03 -1.10400715e+03
-4.29292929e-06 1.03535354e-05 1.49999593e+08 -3.12666183e+03 -8.04067595e+02
-3.78787879e-06 1.03535354e-05 1.49999724e+08 -2.90277889e+03 -5.61379939e+02
-3.28282828e-06 1.03535354e-05 1.49999821e+08 -2.67982060e+03 -3.64097048e+02
-2.77777778e-06 1.03535354e-05 1.49999893e+08 -2.46353271e+03 -2.02248878e+02
-2.27272727e-06 1.03535354e-05 1.49999943e+08 -2.25827284e+03 -6.72299524e+01
-1.76767677e-06 1.03535354e-05 1.49999978e+08 -2.06714097e+03 4.86379136e+01
-1.26262626e-06 1.03535354e-05 1.49999999e+08 -1.89185818e+03 1.52364243e+02
-7.57575758e-07 1.03535354e-05 1.50000009e+08 -1.73254765e+03 2.50266438e+02
-2.52525253e-07 1.03535354e-05 1.50000010e+08 -1.58766246e+03 3.47636886e+02
2.52525253e-07 1.03535354e-05 1.50000001e+08 -1.45430959e+03 4.48235766e+02
7.57575758e-07 1.03535354e-05 1.49999985e+08 -1.32905148e+03 5.53904919e+02
1.26262626e-06 1.03535354e-05 1.49999963e+08 -1.20897288e+03 6.64599713e+02
1.76767677e-06 1.03535354e-05 1.49999936e+08 -1.09259532e+03 7.78916073e+02
2.27272727e-06 1.03535354e-05 1.49999910e+08 -9.80292418e+02 8.94900884e+02
2.77777778e-06 1.03535354e-05 1.49999886e+08 -8.74147604e+02 1.01081098e+03
3.28282828e-06 1.03535354e-05 1.49999868e+08 -7.77453215e+02 1.12559375e+03
3.78787879e-06 1.03535354e-05 1.49999860e+08 -6.94110089e+02 1.23905463e+03
4.29292929e-06 1.03535354e-05 1.49999862e+08 -6.28097668e+02 1.35179189e+03
4.79797980e-06 1.03535354e-05 1.49999876e+08 -5.83080265e+02 1.46498846e+03
5.30303030e-06 1.03535354e-05 1.49999903e+08 -5.62165380e+02 1.58011996e+03
5.80808081e-06 1.03535354e-05 1.49999944e+08 -5.67816814e+02 1.69862272e+03
6.31313131e-06 1.03535354e-05 1.49999997e+08 -6.01909716e+02 1.82156784e+03
6.81818182e-06 1.03535354e-05 1.50000064e+08 -6.65886204e+02 1.94938482e+03
7.32323232e-06 1.03535354e-05 1.50000144e+08 -7.60945213e+02 2.08165787e+03
7.82828283e-06 1.03535354e-05 1.50000238e+08 -8.88195201e+02 2.21698987e+03
8.33333333e-06 1.03535354e-05 1.50000344e+08 -1.04871343e+03 2.35290894e+03
8.83838384e-06 1.03535354e-05 1.50000464e+08 -1.24347888e+03 2.48579009e+03
9.34343434e-06 1.03535354e-05 1.50000597e+08 -1.47316575e+03 2.61077655e+03
9.84848485e-06 1.03535354e-05 1.50000740e+08 -1.73779676e+03 2.72170689e+03
1.03535354e-05 1.03535354e-05 1.50000892e+08 -2.03626276e+03 2.81107635e+03
1.08585859e-05 1.03535354e-05 1.50001048e+08 -2.36572426e+03 2.87008253e+03
1.13636364e-05 1.03535354e-05 1.50001202e+08 -2.72092687e+03 2.88882267e+03
1.18686869e-05 1.03535354e-05 1.50001348e+08 -3.09349165e+03 2.85671942e+03
1.23737374e-05 1.03535354e-05 1.50001475e+08 -3.47128307e+03 2.76324869e+03
1.28787879e-05 1.03535354e-05 1.50001575e+08 -3.83800670e+03 2.59901718e+03
1.33838384e-05 1.03535354e-05 1.50001636e+08 -4.17323418e+03 2.35717996e+03
1.38888889e-05 1.03535354e-05 1.50001649e+08 -4.45307146e+03 2.03509572e+03
1.43939394e-05 1.03535354e-05 1.50001606e+08 -4.65165021e+03 1.63599585e+03
1.48989899e-05 1.03535354e-05 1.50001505e+08 -4.74350587e+03 1.17032129e+03
1.54040404e-05 1.03535354e-05 1.50001349e+08 -4.70670223e+03 6.56306094e+02
1.59090909e-05 1.03535354e-05 1.50001147e+08 -4.52630248e+03 1.19416246e+02
1.64141414e-05 1.03535354e-05 1.50000914e+08 -4.19754717e+03 -4.09572766e+02
1.69191919e-05 1.03535354e-05 1.50000673e+08 -3.72798540e+03 -8.97764666e+02
1.74242424e-05 1.03535354e-05 1.50000447e+08 -3.13790664e+03 -1.31413456e+03
1.79292929e-05 1.03535354e-05 1.50000258e+08 -2.45875550e+03 -1.63356798e+03
1.84343434e-05 1.03535354e-05 1.50000127e+08 -1.72969574e+03 -1.84009882e+03
1.89393939e-05 1.03535354e-05 1.50000066e+08 -9.92960876e+02 -1.92866533e+03
1.94444444e-05 1.03535354e-05 1.50000079e+08 -2.88917390e+02 -1.90507731e+03
1.99494949e-05 1.03535354e-05 1.50000162e+08 3.48220245e+02 -1.78433247e+03
2.04545455e-05 1.03535354e-05 1.50000305e+08 8.93326533e+02 -1.58778187e+03
2.09595960e-05 1.03535354e-05 1.50000492e+08 1.33164568e+03 -1.33982143e+03
2.14646465e-05 1.03535354e-05 1.50000705e+08 1.65850051e+03 -1.06476039e+03
2.19696970e-05 1.03535354e-05 1.50000926e+08 1.87780102e+03 -7.84342057e+02
2.24747475e-05 1.03535354e-05 1.50001140e+08 1.99985744e+03 -5.16152167e+02
2.29797980e-05 1.03535354e-05 1.50001335e+08 2.03899182e+03 -2.72925428e+02
2.34848485e-05 1.03535354e-05 1.50001501e+08 2.01133496e+03 -6.26009322e+01
2.39898990e-05 1.03535354e-05 1.50001633e+08 1.93304702e+03 1.11102380e+02
2.44949495e-05 1.03535354e-05 1.50001731e+08 1.81905705e+03 2.47828197e+02
2.50000000e-05 1.03535354e-05 1.50001793e+08 1.68230707e+03 3.49643851e+02
-2.50000000e-05 1.08585859e-05 1.49999143e+08 -2.59690320e+03 -1.74835529e+02
-2.44949495e-05 1.08585859e-05 1.49998832e+08 -2.91943163e+03 -2.26180969e+02
-2.39898990e-05 1.08585859e-05 1.49998458e+08 -3.29630424e+03 -2.77248212e+02
-2.34848485e-05 1.08585859e-05 1.49998011e+08 -3.73714277e+03 -3.22775366e+02
-2.29797980e-05 1.08585859e-05 1.49997479e+08 -4.25247527e+03 -3.54144694e+02
-2.24747475e-05 1.08585859e-05 1.49996853e+08 -4.85303227e+03 -3.57760353e+02
-2.19696970e-05 1.08585859e-05 1.49996124e+08 -5.54826065e+03 -3.12802044e+02
-2.14646465e-05 1.08585859e-05 1.49995290e+08 -6.34350224e+03 -1.88246153e+02
-2.09595960e-05 1.08585859e-05 1.49994361e+08 -7.23499103e+03 6.08190138e+01
-2.04545455e-05 1.08585859e-05 1.49993363e+08 -8.20146245e+03 4.97204354e+02
-1.99494949e-05 1.08585859e-05 1.49992355e+08 -9.19085263e+03 1.20481710e+03
-1.94444444e-05 1.08585859e-05 1.49991437e+08 -1.01006183e+04 2.28846974e+03
-1.89393939e-05 1.08585859e-05 1.49990769e+08 -1.07513725e+04 3.86537822e+03
-1.84343434e-05 1.08585859e-05 1.49990574e+08 -1.08571985e+04 6.04030389e+03
-1.79292929e-05 1.08585859e-05 1.49991134e+08 -1.00041806e+04 8.85379342e+03
-1.74242424e-05 1.08585859e-05 1.49992731e+08 -7.66285281e+03 1.21952971e+04
-1.69191919e-05 1.08585859e-05 1.49995536e+08 -3.27739397e+03 1.56885348e+04
-1.64141414e-05 1.08585859e-05 1.49999433e+08 3.52117086e+03 1.85955000e+04
-1.59090909e-05 1.08585859e-05 1.50003835e+08 1.25744506e+04 1.98446368e+04
-1.54040404e-05 1.08585859e-05 1.50007658e+08 2.28558248e+04 1.83179749e+04
-1.48989899e-05 1.08585859e-05 1.50009634e+08 3.24305505e+04 1.34206252e+04
-1.43939394e-05 1.08585859e-05 1.50008941e+08 3.90144016e+04 5.65159654e+03
-1.38888889e-05 1.08585859e-05 1.50005761e+08 4.10047601e+04 -3.34526201e+03
-1.33838384e-05 1.08585859e-05 1.50001233e+08 3.82831377e+04 -1.14830311e+04
-1.28787879e-05 1.08585859e-05 1.49996799e+08 3.21384324e+04 -1.72108428e+04
-1.23737374e-05 1.08585859e-05 1.49993490e+08 2.44503893e+04 -2.00324344e+04
-1.18686869e-05 1.08585859e-05 1.49991663e+08 1.68424997e+04 -2.03458898e+04
-1.13636364e-05 1.08585859e-05 1.49991151e+08 1.02888231e+04 -1.89567173e+04
-1.08585859e-05 1.08585859e-05 1.49991563e+08 5.15072905e+03 -1.66649791e+04
-1.03535354e-05 1.08585859e-05 1.49992500e+08 1.39507958e+03 -1.40696947e+04
-9.84848485e-06 1.08585859e-05 1.49993654e+08 -1.19483319e+03 -1.15409957e+04
-9.34343434e-06 1.08585859e-05 1.49994827e+08 -2.88215440e+03 -9.26824239e+03
-8.83838384e-06 1.08585859e-05 1.49995911e+08 -3.90827658e+03 -7.32250974e+03
-8.33333333e-06 1.08585859e-05 1.49996855e+08 -4.46862320e+03 -5.70754574e+03
-7.82828283e-06 1.08585859e-05 1.49997647e+08 -4.71073222e+03 -4.39401521e+03
-7.32323232e-06 1.08585859e-05 1.49998293e+08 -4.74125830e+03 -3.33988043e+03
-6.81818182e-06 1.08585859e-05 1.49998809e+08 -4.63510331e+03 -2.50135477e+03
-6.31313131e-06 1.08585859e-05 1.49999215e+08 -4.44380678e+03 -1.83812662e+03
-5.80808081e-06 1.08585859e-05 1.49999527e+08 -4.20230532e+03 -1.31537728e+03
-5.30303030e-06 1.08585859e-05 1.49999764e+08 -3.93403053e+03 -9.04140439e+02
-4.79797980e-06 1.08585859e-05 1.49999939e+08 -3.65461725e+03 -5.80884119e+02
-4.29292929e-06 1.08585859e-05 1.50000065e+08 -3.37454763e+03 -3.26780984e+02
-3.78787879e-06 1.08585859e-05 1.50000153e+08 -3.10101245e+03 -1.26888926e+02
-3.28282828e-06 1.08585859e-05 1.50000210e+08 -2.83919468e+03 3.06722587e+01
-2.77777778e-06 1.08585859e-05 1.50000244e+08 -2.59309684e+03 1.55528611e+02
-2.27272727e-06 1.08585859e-05 1.50000261e+08 -2.36595598e+03 2.55835155e+02
-1.76767677e-06 1.08585859e-05 1.50000266e+08 -2.16024077e+03 3.38981133e+02
-1.26262626e-06 1.08585859e-05 1.50000263e+08 -1.97724891e+03 4.12075410e+02
-7.57575758e-07 1.08585859e-05 1.50000253e+08 -1.81646641e+03 4.81996165e+02
-2.52525253e-07 1.08585859e-05 1.50000237e+08 -1.67508570e+03 5.54853289e+02
2.52525253e-07 1.08585859e-05 1.50000214e+08 -1.54821187e+03 6.35011588e+02
7.57575758e-07 1.08585859e-05 1.50000186e+08 -1.43003545e+03 7.24225390e+02
1.26262626e-06 1.08585859e-05 1.50000153e+08 -1.31561169e+03 8.21535913e+02
1.76767677e-06 1.08585859e-05 1.50000118e+08 -1.20237390e+03 9.24124911e+02
2.27272727e-06 1.08585859e-05 1.50000085e+08 -1.09067097e+03 1.02865535e+03
2.77777778e-06 1.08585859e-05 1.50000057e+08 -9.83310043e+02 1.13240147e+03
3.28282828e-06 1.08585859e-05 1.50000038e+08 -8.84610914e+02 1.23380455e+03
3.78787879e-06 1.08585859e-05 1.50000030e+08 -7.99473957e+02 1.33253038e+03
4.29292929e-06 1.08585859e-05 1.50000036e+08 -7.32669836e+02 1.42926522e+03
4.79797980e-06 1.08585859e-05 1.50000055e+08 -6.88348463e+02 1.52540064e+03
5.30303030e-06 1.08585859e-05 1.50000087e+08 -6.69736973e+02 1.62264930e+03
5.80808081e-06 1.08585859e-05 1.50000132e+08 -6.79036271e+02 1.72261625e+03
6.31313131e-06 1.08585859e-05 1.50000190e+08 -7.17520146e+02 1.82638889e+03
6.81818182e-06 1.08585859e-05 1.50000258e+08 -7.85783618e+02 1.93422176e+03
7.32323232e-06 1.08585859e-05 1.50000338e+08 -8.84036057e+02 2.04535655e+03
7.82828283e-06 1.08585859e-05 1.50000428e+08 -1.01233103e+03 2.15796207e+03
8.33333333e-06 1.08585859e-05 1.50000528e+08 -1.17066230e+03 2.26914521e+03
8.83838384e-06 1.08585859e-05 1.50000637e+08 -1.35890248e+03 2.37498336e+03
9.34343434e-06 1.08585859e-05 1.50000754e+08 -1.57659425e+03 2.47055276e+03
9.84848485e-06 1.08585859e-05 1.50000877e+08 -1.82261850e+03 2.54995652e+03
1.03535354e-05 1.08585859e-05 1.50001004e+08 -2.09476774e+03 2.60638114e+03
1.08585859e-05 1.08585859e-05 1.50001131e+08 -2.38925614e+03 2.63222684e+03
1.13636364e-05 1.08585859e-05 1.50001252e+08 -2.70020708e+03 2.61936506e+03
1.18686869e-05 1.08585859e-05 1.50001362e+08 -3.01917788e+03 2.55957524e+03
1.23737374e-05 1.08585859e-05 1.50001452e+08 -3.33480687e+03 2.44520027e+03
1.28787879e-05 1.08585859e-05 1.50001515e+08 -3.63269569e+03 2.27003099e+03
1.33838384e-05 1.08585859e-05 1.50001542e+08 -3.89565768e+03 2.03038224e+03
1.38888889e-05 1.08585859e-05 1.50001528e+08 -4.10445781e+03 1.72625696e+03
1.43939394e-05 1.08585859e-05 1.50001468e+08 -4.23912557e+03 1.36241969e+03
1.48989899e-05 1.08585859e-05 1.50001361e+08 -4.28082893e+03 9.49137802e+02
1.54040404e-05 1.08585859e-05 1.50001212e+08 -4.21416030e+03 5.02325658e+02
1.59090909e-05 1.08585859e-05 1.50001028e+08 -4.02952926e+03 4.28738703e+01
1.64141414e-05 1.08585859e-05 1.50000823e+08 -3.72523117e+03 -4.04923149e+02
1.69191919e-05 1.08585859e-05 1.50000614e+08 -3.30872101e+03 -8.15728480e+02
1.74242424e-05 1.08585859e-05 1.50000419e+08 -2.79671127e+03 -1.16598256e+03
1.79292929e-05 1.08585859e-05 1.50000256e+08 -2.21393026e+03 -1.43668944e+03
1.84343434e-05 1.08585859e-05 1.50000140e+08 -1.59067146e+03 -1.61563694e+03
1.89393939e-05 1.08585859e-05 1.50000081e+08 -9.59544414e+02 -1.69862548e+03
1.94444444e-05 1.08585859e-05 1.50000083e+08 -3.52012079e+02 -1.68950597e+03
1.99494949e-05 1.08585859e-05 1.50000143e+08 2.04683168e+02 -1.59909619e+03
2.04545455e-05 1.08585859e-05 1.50000255e+08 6.89737428e+02 -1.44327400e+03
2.09595960e-05 1.08585859e-05 1.50000405e+08 1.08990831e+03 -1.24067174e+03
2.14646465e-05 1.08585859e-05 1.50000582e+08 1.39955000e+03 -1.01040228e+03
2.19696970e-05 1.08585859e-05 1.50000770e+08 1.61976261e+03 -7.70156391e+02
2.24747475e-05 1.08585859e-05 1.50000958e+08 1.75696641e+03 -5.34868509e+02
2.29797980e-05 1.08585859e-05 1.50001134e+08 1.82123054e+03 -3.16001797e+02
2.34848485e-05 1.08585859e-05 1.50001289e+08 1.82463665e+03 -1.21388179e+02
2.39898990e-05 1.08585859e-05 1.50001419e+08 1.77987167e+03 4.45098762e+01
2.44949495e-05 1.08585859e-05 1.50001521e+08 1.69915137e+03 1.80072007e+02
2.50000000e-05 1.08585859e-05 1.50001595e+08 1.59349711e+03 2.85871588e+02
-2.50000000e-05 1.13636364e-05 1.49999595e+08 -2.54326895e+03 -3.27900207e+01
-2.44949495e-05 1.13636364e-05 1.49999321e+08 -2.86102832e+03 -9.20984927e+01
-2.39898990e-05 1.13636364e-05 1.49998981e+08 -3.23592869e+03 -1.58532054e+02
-2.34848485e-05 1.13636364e-05 1.49998562e+08 -3.67999191e+03 -2.29597035e+02
-2.29797980e-05 1.13636364e-05 1.49998048e+08 -4.20749359e+03 -3.00166787e+02
-2.24747475e-05 1.13636364e-05 1.49997419e+08 -4.83489133e+03 -3.60854266e+02
-2.19696970e-05 1.13636364e-05 1.49996658e+08 -5.58018808e+03 -3.95547935e+02
-2.14646465e-05 1.13636364e-05 1.49995748e+08 -6.46116655e+03 -3.77781610e+02
-2.09595960e-05 1.13636364e-05 1.49994677e+08 -7.49150809e+03 -2.65593558e+02
-2.04545455e-05 1.13636364e-05 1.49993452e+08 -8.67315504e+03 5.31364813e+00
-1.99494949e-05 1.13636364e-05 1.49992104e+08 -9.98236621e+03 5.29718025e+02
-1.94444444e-05 1.13636364e-05 1.49990716e+08 -1.13459188e+04 1.44043958e+03
-1.89393939e-05 1.13636364e-05 1.49989446e+08 -1.26035243e+04 2.91024889e+03
-1.84343434e-05 1.13636364e-05 1.49988557e+08 -1.34546430e+04 5.13728976e+03
-1.79292929e-05 1.13636364e-05 1.49988437e+08 -1.33965314e+04 8.29479372e+03
-1.74242424e-05 1.13636364e-05 1.49989574e+08 -1.16820338e+04 1.24185194e+04
-1.69191919e-05 1.13636364e-05 1.49992423e+08 -7.36579915e+03 1.72122665e+04
-1.64141414e-05 1.13636364e-05 1.49997133e+08 4.44448146e+02 2.18020974e+04
-1.59090909e-05 1.13636364e-05 1.50003139e+08 1.20209738e+04 2.45977789e+04
-1.54040404e-05 1.13636364e-05 1.50008880e+08 2.62230480e+04 2.35898691e+04
-1.48989899e-05 1.13636364e-05 1.50012135e+08 4.00498618e+04 1.73646273e+04
-1.43939394e-05 1.13636364e-05 1.50011249e+08 4.94543110e+04 6.45572978e+03
-1.38888889e-05 1.13636364e-05 1.50006468e+08 5.15170970e+04 -6.28061662e+03
-1.33838384e-05 1.13636364e-05 1.49999924e+08 4.62865513e+04 -1.71480370e+04
-1.28787879e-05 1.13636364e-05 1.49994114e+08 3.64482295e+04 -2.37555881e+04
-1.23737374e-05 1.13636364e-05 1.49990470e+08 2.53531878e+04 -2.58568778e+04
-1.18686869e-05 1.13636364e-05 1.49989116e+08 1.53892771e+04 -2.46335959e+04
-1.13636364e-05 1.13636364e-05 1.49989446e+08 7.59423646e+03 -2.15930668e+04
-1.08585859e-05 1.13636364e-05 1.49990721e+08 2.04869047e+03 -1.79201064e+04
-1.03535354e-05 1.13636364e-05 1.49992363e+08 -1.61357767e+03 -1.43292078e+04
-9.84848485e-06 1.13636364e-05 1.49994019e+08 -3.86682240e+03 -1.11599652e+04
-9.34343434e-06 1.13636364e-05 1.49995509e+08 -5.13595845e+03 -8.51972401e+03
-8.83838384e-06 1.13636364e-05 1.49996764e+08 -5.74950070e+03 -6.39537705e+03
-8.33333333e-06 1.13636364e-05 1.49997780e+08 -5.94237529e+03 -4.72267725e+03
-7.82828283e-06 1.13636364e-05 1.49998577e+08 -5.87488790e+03 -3.42339759e+03
-7.32323232e-06 1.13636364e-05 1.49999188e+08 -5.65307193e+03 -2.42277158e+03
-6.81818182e-06 1.13636364e-05 1.49999648e+08 -5.34544772e+03 -1.65623089e+03
-6.31313131e-06 1.13636364e-05 1.49999987e+08 -4.99540673e+03 -1.07088673e+03
-5.80808081e-06 1.13636364e-05 1.50000230e+08 -4.62987109e+03 -6.24722362e+02
-5.30303030e-06 1.13636364e-05 1.50000398e+08 -4.26517148e+03 -2.84989527e+02
-4.79797980e-06 1.13636364e-05 1.50000509e+08 -3.91098057e+03 -2.64973384e+01
-4.29292929e-06 1.13636364e-05 1.50000575e+08 -3.57294014e+03 1.69934624e+02
-3.78787879e-06 1.13636364e-05 1.50000607e+08 -3.25443088e+03 3.18795167e+02
-3.28282828e-06 1.13636364e-05 1.50000614e+08 -2.95777640e+03 4.31012112e+02
-2.77777778e-06 1.13636364e-05 1.50000603e+08 -2.68503473e+03 5.14982984e+02
-2.27272727e-06 1.13636364e-05 1.50000580e+08 -2.43839693e+03 5.77596119e+02
-1.76767677e-06 1.13636364e-05 1.50000551e+08 -2.22008928e+03 6.25261277e+02
-1.26262626e-06 1.13636364e-05 1.50000519e+08 -2.03163573e+03 6.64786719e+02
-7.57575758e-07 1.13636364e-05 1.50000485e+08 -1.87253129e+03 7.03686493e+02
-2.52525253e-07 1.13636364e-05 1.50000451e+08 -1.73890204e+03 7.49425067e+02
2.52525253e-07 1.13636364e-05 1.50000413e+08 -1.62327661e+03 8.07595881e+02
7.57575758e-07 1.13636364e-05 1.50000371e+08 -1.51634888e+03 8.80037944e+02
1.26262626e-06 1.13636364e-05 1.50000326e+08 -1.41017619e+03 9.64404057e+02
1.76767677e-06 1.13636364e-05 1.50000281e+08 -1.30086349e+03 1.05570630e+03
2.27272727e-06 1.13636364e-05 1.50000240e+08 -1.18917508e+03 1.14870942e+03
2.77777778e-06 1.13636364e-05 1.50000208e+08 -1.07929959e+03 1.23961865e+03
3.28282828e-06 1.13636364e-05 1.50000189e+08 -9.77092689e+02 1.32654183e+03
3.78787879e-06 1.13636364e-05 1.50000184e+08 -8.88744835e+02 1.40921534e+03
4.29292929e-06 1.13636364e-05 1.50000193e+08 -8.19975819e+02 1.48858203e+03
4.79797980e-06 1.13636364e-05 1.50000218e+08 -7.75501041e+02 1.56640129e+03
5.30303030e-06 1.13636364e-05 1.50000256e+08 -7.58653170e+02 1.64480172e+03
5.80808081e-06 1.13636364e-05 1.50000306e+08 -7.71241286e+02 1.72573174e+03
6.31313131e-06 1.13636364e-05 1.50000366e+08 -8.13725425e+02 1.81041841e+03
6.81818182e-06 1.13636364e-05 1.50000436e+08 -8.85634333e+02 1.89899374e+03
7.32323232e-06 1.13636364e-05 1.50000513e+08 -9.86039150e+02 1.99036090e+03
7.82828283e-06 1.13636364e-05 1.50000597e+08 -1.11390463e+03 2.08225441e+03
8.33333333e-06 1.13636364e-05 1.50000688e+08 -1.26822974e+03 2.17139161e+03
8.83838384e-06 1.13636364e-05 1.50000784e+08 -1.44797947e+03 2.25362890e+03
9.34343434e-06 1.13636364e-05 1.50000884e+08 -1.65185686e+03 2.32408476e+03
9.84848485e-06 1.13636364e-05 1.50000987e+08 -1.87797225e+03 2.37723748e+03
1.03535354e-05 1.13636364e-05 1.50001091e+08 -2.12345791e+03 2.40703307e+03
1.08585859e-05 1.13636364e-05 1.50001190e+08 -2.38406743e+03 2.40704875e+03
1.13636364e-05 1.13636364e-05 1.50001282e+08 -2.65380009e+03 2.37075683e+03
1.18686869e-05 1.13636364e-05 1.50001360e+08 -2.92459941e+03 2.29192389e+03
1.23737374e-05 1.13636364e-05 1.50001419e+08 -3.18619010e+03 2.16516296e+03
1.28787879e-05 1.13636364e-05 1.50001452e+08 -3.42613059e+03 1.98662916e+03
1.33838384e-05 1.13636364e-05 1.50001454e+08 -3.63016273e+03 1.75481220e+03
1.38888889e-05 1.13636364e-05 1.50001421e+08 -3.78292534e+03 1.47133466e+03
1.43939394e-05 1.13636364e-05 1.50001350e+08 -3.86905788e+03 1.14162076e+03
1.48989899e-05 1.13636364e-05 1.50001241e+08 -3.87465144e+03 7.75270714e+02
1.54040404e-05 1.13636364e-05 1.50001099e+08 -3.78891400e+03 3.85976853e+02
1.59090909e-05 1.13636364e-05 1.50000932e+08 -3.60582485e+03 -9.13664325e+00
1.64141414e-05 1.13636364e-05 1.50000751e+08 -3.32548841e+03 -3.90773986e+02
1.69191919e-05 1.13636364e-05 1.50000568e+08 -2.95489106e+03 -7.39223731e+02
1.74242424e-05 1.13636364e-05 1.50000399e+08 -2.50783569e+03 -1.03637591e+03
1.79292929e-05 1.13636364e-05 1.50000257e+08 -2.00397129e+03 -1.26767524e+03
1.84343434e-05 1.13636364e-05 1.50000154e+08 -1.46701755e+03 -1.42366897e+03
1.89393939e-05 1.13636364e-05 1.50000097e+08 -9.22454707e+02 -1.50087856e+03
1.94444444e-05 1.13636364e-05 1.50000091e+08 -3.95056565e+02 -1.50186320e+03
1.99494949e-05 1.13636364e-05 1.50000134e+08 9.33402878e+01 -1.43451072e+03
2.04545455e-05 1.13636364e-05 1.50000220e+08 5.25514327e+02 -1.31073695e+03
2.09595960e-05 1.13636364e-05 1.50000342e+08 8.89804481e+02 -1.14486356e+03
2.14646465e-05 1.13636364e-05 1.50000488e+08 1.18029859e+03 -9.51960614e+02
2.19696970e-05 1.13636364e-05 1.50000648e+08 1.39637223e+03 -7.46394585e+02
2.24747475e-05 1.13636364e-05 1.50000811e+08 1.54176819e+03 -5.40737881e+02
2.29797980e-05 1.13636364e-05 1.50000968e+08 1.62343491e+03 -3.45102270e+02
2.34848485e-05 1.13636364e-05 1.50001111e+08 1.65032317e+03 -1.66877303e+02
2.39898990e-05 1.13636364e-05 1.50001236e+08 1.63229277e+03 -1.08000787e+01
2.44949495e-05 1.13636364e-05 1.50001338e+08 1.57922198e+03 1.20743315e+02
2.50000000e-05 1.13636364e-05 1.50001417e+08 1.50035754e+03 2.27285799e+02
-2.50000000e-05 1.18686869e-05 1.50000112e+08 -2.48971689e+03 1.63120410e+02
-2.44949495e-05 1.18686869e-05 1.49999894e+08 -2.79730072e+03 1.07263479e+02
-2.39898990e-05 1.18686869e-05 1.49999614e+08 -3.16236457e+03 3.87428659e+01
-2.34848485e-05 1.18686869e-05 1.49999254e+08 -3.59849986e+03 -4.28135879e+01
-2.29797980e-05 1.18686869e-05 1.49998795e+08 -4.12273649e+03 -1.36229079e+02
-2.24747475e-05 1.18686869e-05 1.49998211e+08 -4.75618423e+03 -2.37420189e+02
-2.19696970e-05 1.18686869e-05 1.49997473e+08 -5.52447582e+03 -3.37133990e+02
-2.14646465e-05 1.18686869e-05 1.49996549e+08 -6.45757498e+03 -4.17260855e+02
-2.09595960e-05 1.18686869e-05 1.49995405e+08 -7.58804996e+03 -4.44985914e+02
-2.04545455e-05 1.18686869e-05 1.49994012e+08 -8.94606347e+03 -3.63847667e+02
-1.99494949e-05 1.18686869e-05 1.49992363e+08 -1.05478598e+04 -8.08198203e+01
-1.94444444e-05 1.18686869e-05 1.49990491e+08 -1.23722160e+04 5.50612951e+02
-1.89393939e-05 1.18686869e-05 1.49988512e+08 -1.43162840e+04 1.74850354e+03
-1.84343434e-05 1.18686869e-05 1.49986681e+08 -1.61199149e+04 3.81143209e+03
-1.79292929e-05 1.18686869e-05 1.49985459e+08 -1.72509170e+04 7.09325541e+03
-1.74242424e-05 1.18686869e-05 1.49985558e+08 -1.67651962e+04 1.18940507e+04
-1.69191919e-05 1.18686869e-05 1.49987872e+08 -1.32184937e+04 1.81936583e+04
-1.64141414e-05 1.18686869e-05 1.49993134e+08 -4.83394716e+03 2.51761554e+04
-1.59090909e-05 1.18686869e-05 1.50001176e+08 9.71919655e+03 3.06772128e+04
-1.54040404e-05 1.18686869e-05 1.50009974e+08 2.96936136e+04 3.11656640e+04
-1.48989899e-05 1.18686869e-05 1.50015601e+08 5.05526399e+04 2.33377984e+04
-1.43939394e-05 1.18686869e-05 1.50014498e+08 6.47140405e+04 7.35992224e+03
-1.38888889e-05 1.18686869e-05 1.50006924e+08 6.63805137e+04 -1.14787086e+04
-1.33838384e-05 1.18686869e-05 1.49997183e+08 5.62482808e+04 -2.61476016e+04
-1.28787879e-05 1.18686869e-05 1.49989770e+08 4.02308426e+04 -3.30381087e+04
-1.23737374e-05 1.18686869e-05 1.49986378e+08 2.43491171e+04 -3.30445624e+04
-1.18686869e-05 1.18686869e-05 1.49986298e+08 1.17712661e+04 -2.90489235e+04
-1.13636364e-05 1.18686869e-05 1.49988077e+08 3.09528280e+03 -2.36181448e+04
-1.08585859e-05 1.18686869e-05 1.49990529e+08 -2.32143312e+03 -1.82747114e+04
-1.03535354e-05 1.18686869e-05 1.49992966e+08 -5.40687380e+03 -1.36776616e+04
-9.84848485e-06 1.18686869e-05 1.49995080e+08 -6.96441718e+03 -9.98789531e+03
-9.34343434e-06 1.18686869e-05 1.49996783e+08 -7.57699969e+03 -7.13935604e+03
-8.83838384e-06 1.18686869e-05 1.49998095e+08 -7.63236774e+03 -4.98934125e+03
-8.33333333e-06 1.18686869e-05 1.49999074e+08 -7.37583884e+03 -3.38799709e+03
-7.82828283e-06 1.18686869e-05 1.49999785e+08 -6.95751430e+03 -2.20471861e+03
-7.32323232e-06 1.18686869e-05 1.50000289e+08 -6.46674073e+03 -1.33457591e+03
-6.81818182e-06 1.18686869e-05 1.50000636e+08 -5.95515839e+03 -6.96699573e+02
-6.31313131e-06 1.18686869e-05 1.50000866e+08 -5.45145057e+03 -2.30152396e+02
-5.80808081e-06 1.18686869e-05 1.50001007e+08 -4.97056265e+03 1.10406813e+02
-5.30303030e-06 1.18686869e-05 1.50001084e+08 -4.51939718e+03 3.58450850e+02
-4.79797980e-06 1.18686869e-05 1.50001112e+08 -4.10032482e+03 5.38523349e+02
-4.29292929e-06 1.18686869e-05 1.50001106e+08 -3.71337429e+03 6.68456923e+02
-3.78787879e-06 1.18686869e-05 1.50001073e+08 -3.35764997e+03 7.61021979e+02
-3.28282828e-06 1.18686869e-05 1.50001023e+08 -3.03231732e+03 8.25188522e+02
-2.77777778e-06 1.18686869e-05 1.50000961e+08 -2.73733534e+03 8.67207945e+02
-2.27272727e-06 1.18686869e-05 1.50000892e+08 -2.47393998e+03 8.91743842e+02
-1.76767677e-06 1.18686869e-05 1.50000823e+08 -2.24464625e+03 9.03239581e+02
-1.26262626e-06 1.18686869e-05 1.50000758e+08 -2.05229684e+03 9.07458205e+02
-7.57575758e-07 1.18686869e-05 1.50000699e+08 -1.89776240e+03 9.12536541e+02
-2.52525253e-07 1.18686869e-05 1.50000644e+08 -1.77685371e+03 9.28270896e+02
2.52525253e-07 1.18686869e-05 1.50000589e+08 -1.67873372e+03 9.62853333e+02
7.57575758e-07 1.18686869e-05 1.50000533e+08 -1.58851982e+03 1.01872311e+03
1.26262626e-06 1.18686869e-05 1.50000474e+08 -1.49351266e+03 1.09127667e+03
1.76767677e-06 1.18686869e-05 1.50000417e+08 -1.38834126e+03 1.17202249e+03
2.27272727e-06 1.18686869e-05 1.50000370e+08 -1.27528449e+03 1.25321039e+03
2.77777778e-06 1.18686869e-05 1.50000336e+08 -1.16106207e+03 1.33023361e+03
3.28282828e-06 1.18686869e-05 1.50000319e+08 -1.05363847e+03 1.40138524e+03
3.78787879e-06 1.18686869e-05 1.50000318e+08 -9.60649232e+02 1.46677980e+03
4.29292929e-06 1.18686869e-05 1.50000335e+08 -8.88847200e+02 1.52770828e+03
4.79797980e-06 1.18686869e-05 1.50000367e+08 -8.43628728e+02 1.58638061e+03
5.30303030e-06 1.18686869e-05 1.50000412e+08 -8.28461355e+02 1.64552120e+03
5.80808081e-06 1.18686869e-05 1.50000467e+08 -8.44600549e+02 1.70762947e+03
6.31313131e-06 1.18686869e-05 1.50000531e+08 -8.91384082e+02 1.77418760e+03
6.81818182e-06 1.18686869e-05 1.50000600e+08 -9.66964785e+02 1.84518656e+03
7.32323232e-06 1.18686869e-05 1.50000673e+08 -1.06909261e+03 1.91909060e+03
7.82828283e-06 1.18686869e-05 1.50000749e+08 -1.19563381e+03 1.99310063e+03
8.33333333e-06 1.18686869e-05 1.50000829e+08 -1.34473484e+03 2.06350182e+03
8.83838384e-06 1.18686869e-05 1.50000910e+08 -1.51470089e+03 2.12595318e+03
9.34343434e-06 1.18686869e-05 1.50000993e+08 -1.70370774e+03 2.17568062e+03
9.84848485e-06 1.18686869e-05 1.50001076e+08 -1.90944563e+03 2.20760316e+03
1.03535354e-05 1.18686869e-05 1.50001156e+08 -2.12875714e+03 2.21644664e+03
1.08585859e-05 1.18686869e-05 1.50001231e+08 -2.35730659e+03 2.19689729e+03
1.13636364e-05 1.18686869e-05 1.50001297e+08 -2.58931047e+03 2.14383508e+03
1.18686869e-05 1.18686869e-05 1.50001348e+08 -2.81736273e+03 2.05266968e+03
1.23737374e-05 1.18686869e-05 1.50001381e+08 -3.03239696e+03 1.91978269e+03
1.28787879e-05 1.18686869e-05 1.50001391e+08 -3.22383428e+03 1.74305661e+03
1.33838384e-05 1.18686869e-05 1.50001374e+08 -3.37996345e+03 1.52244390e+03
1.38888889e-05 1.18686869e-05 1.50001327e+08 -3.48858365e+03 1.26050097e+03
1.43939394e-05 1.18686869e-05 1.50001248e+08 -3.53790770e+03 9.62787757e+02
1.48989899e-05 1.18686869e-05 1.50001141e+08 -3.51767425e+03 6.38022014e+02
1.54040404e-05 1.18686869e-05 1.50001007e+08 -3.42035966e+03 2.97888316e+02
1.59090909e-05 1.18686869e-05 1.50000855e+08 -3.24232625e+03 -4.35595491e+01
1.64141414e-05 1.18686869e-05 1.50000693e+08 -2.98471217e+03 -3.70897643e+02
1.69191919e-05 1.18686869e-05 1.50000532e+08 -2.65387460e+03 -6.68644715e+02
1.74242424e-05 1.18686869e-05 1.50000384e+08 -2.26125184e+03 -9.22722271e+02
1.79292929e-05 1.18686869e-05 1.50000259e+08 -1.82260431e+03 -1.12184398e+03
1.84343434e-05 1.18686869e-05 1.50000167e+08 -1.35671014e+03 -1.25861148e+03
1.89393939e-05 1.18686869e-05 1.50000113e+08 -8.83696720e+02 -1.33014047e+03
1.94444444e-05 1.18686869e-05 1.50000101e+08 -4.23257389e+02 -1.33812927e+03
1.99494949e-05 1.18686869e-05 1.50000130e+08 6.98586596e+00 -1.28838744e+03
2.04545455e-05 1.18686869e-05 1.50000197e+08 3.92756743e+02 -1.18993669e+03
2.09595960e-05 1.18686869e-05 1.50000295e+08 7.23903033e+02 -1.05385821e+03
2.14646465e-05 1.18686869e-05 1.50000416e+08 9.94644838e+02 -8.92078423e+02
2.19696970e-05 1.18686869e-05 1.50000551e+08 1.20334716e+03 -7.16262920e+02
2.24747475e-05 1.18686869e-05 1.50000692e+08 1.35193300e+03 -5.36938878e+02
2.29797980e-05 1.18686869e-05 1.50000832e+08 1.44508060e+03 -3.62906000e+02
2.34848485e-05 1.18686869e-05 1.50000962e+08 1.48934522e+03 -2.00940024e+02
2.39898990e-05 1.18686869e-05 1.50001079e+08 1.49232030e+03 -5.57510410e+01
2.44949495e-05 1.18686869e-05 1.50001179e+08 1.46191656e+03 6.98650678e+01
2.50000000e-05 1.18686869e-05 1.50001259e+08 1.40580060e+03 1.74751061e+02
-2.50000000e-05 1.23737374e-05 1.50000679e+08 -2.44749262e+03 4.10396626e+02
-2.44949495e-05 1.23737374e-05 1.50000536e+08 -2.74182920e+03 3.71165664e+02
-2.39898990e-05 1.23737374e-05 1.50000339e+08 -3.09177489e+03 3.16781304e+02
-2.34848485e-05 1.23737374e-05 1.50000071e+08 -3.51148231e+03 2.44463572e+02
-2.29797980e-05 1.23737374e-05 1.49999710e+08 -4.01936064e+03 1.51739281e+02
-2.24747475e-05 1.23737374e-05 1.49999226e+08 -4.63936909e+03 3.72813532e+01
-2.19696970e-05 1.23737374e-05 1.49998583e+08 -5.40255772e+03 -9.74777550e+01
-2.14646465e-05 1.23737374e-05 1.49997733e+08 -6.34868228e+03 -2.45365133e+02
-2.09595960e-05 1.23737374e-05 1.49996621e+08 -7.52735743e+03 -3.88127078e+02
-2.04545455e-05 1.23737374e-05 1.49995182e+08 -8.99740945e+03 -4.87144586e+02
-1.99494949e-05 1.23737374e-05 1.49993351e+08 -1.08214075e+04 -4.67868933e+02
-1.94444444e-05 1.23737374e-05 1.49991086e+08 -1.30490457e+04 -1.95069786e+02
-1.89393939e-05 1.23737374e-05 1.49988405e+08 -1.56770890e+04 5.63208689e+02
-1.84343434e-05 1.23737374e-05 1.49985466e+08 -1.85643323e+04 2.17967507e+03
-1.79292929e-05 1.23737374e-05 1.49982695e+08 -2.12699318e+04 5.19929181e+03
-1.74242424e-05 1.23737374e-05 1.49980947e+08 -2.27858601e+04 1.02963978e+04
-1.69191919e-05 1.23737374e-05 1.49981624e+08 -2.11898203e+04 1.80185771e+04
-1.64141414e-05 1.23737374e-05 1.49986481e+08 -1.34447286e+04 2.80886727e+04
-1.59090909e-05 1.23737374e-05 1.49996610e+08 3.96143391e+03 3.81055978e+04
-1.54040404e-05 1.23737374e-05 1.50010195e+08 3.22719859e+04 4.22762097e+04
-1.48989899e-05 1.23737374e-05 1.50020505e+08 6.54028176e+04 3.29674044e+04
-1.43939394e-05 1.23737374e-05 1.50019303e+08 8.83260540e+04 8.28146446e+03
-1.38888889e-05 1.23737374e-05 1.50006462e+08 8.81434487e+04 -2.12029534e+04
-1.33838384e-05 1.23737374e-05 1.49991602e+08 6.79247964e+04 -4.08422167e+04
-1.28787879e-05 1.23737374e-05 1.49982964e+08 4.15768721e+04 -4.58802081e+04
-1.23737374e-05 1.23737374e-05 1.49981386e+08 1.95779850e+04 -4.10608987e+04
-1.18686869e-05 1.23737374e-05 1.49983922e+08 4.89350972e+03 -3.25628639e+04
-1.13636364e-05 1.23737374e-05 1.49987826e+08 -3.60593095e+03 -2.40962676e+04
-1.08585859e-05 1.23737374e-05 1.49991610e+08 -7.94842928e+03 -1.70823435e+04
-1.03535354e-05 1.23737374e-05 1.49994719e+08 -9.79951455e+03 -1.17423989e+04
-9.84848485e-06 1.23737374e-05 1.49997072e+08 -1.02621152e+04 -7.84715009e+03
-9.34343434e-06 1.23737374e-05 1.49998766e+08 -9.99958454e+03 -5.06897541e+03
-8.83838384e-06 1.23737374e-05 1.49999943e+08 -9.39037457e+03 -3.11142570e+03
-8.33333333e-06 1.23737374e-05 1.50000734e+08 -8.64249785e+03 -1.74167622e+03
-7.82828283e-06 1.23737374e-05 1.50001247e+08 -7.86604617e+03 -7.87786279e+02
-7.32323232e-06 1.23737374e-05 1.50001562e+08 -7.11620085e+03 -1.26423227e+02
-6.81818182e-06 1.23737374e-05 1.50001737e+08 -6.41794671e+03 3.29706811e+02
-6.31313131e-06 1.23737374e-05 1.50001816e+08 -5.78003980e+03 6.42076523e+02
-5.80808081e-06 1.23737374e-05 1.50001828e+08 -5.20282229e+03 8.53930144e+02
-5.30303030e-06 1.23737374e-05 1.50001793e+08 -4.68256218e+03 9.95682739e+02
-4.79797980e-06 1.23737374e-05 1.50001727e+08 -4.21385431e+03 1.08866196e+03
-4.29292929e-06 1.23737374e-05 1.50001640e+08 -3.79096878e+03 1.14765064e+03
-3.78787879e-06 1.23737374e-05 1.50001537e+08 -3.40867338e+03 1.18258501e+03
-3.28282828e-06 1.23737374e-05 1.50001425e+08 -3.06286241e+03 1.19969392e+03
-2.77777778e-06 1.23737374e-05 1.50001308e+08 -2.75120343e+03 1.20236066e+03
-2.27272727e-06 1.23737374e-05 1.50001190e+08 -2.47386364e+03 1.19207067e+03
-1.76767677e-06 1.23737374e-05 1.50001076e+08 -2.23404499e+03 1.16993152e+03
-1.26262626e-06 1.23737374e-05 1.50000973e+08 -2.03740883e+03 1.13914824e+03
-7.57575758e-07 1.23737374e-05 1.50000883e+08 -1.88884476e+03 1.10787601e+03
-2.52525253e-07 1.23737374e-05 1.50000805e+08 -1.78605540e+03 1.08974806e+03
2.52525253e-07 1.23737374e-05 1.50000733e+08 -1.71394895e+03 1.09851770e+03
7.57575758e-07 1.23737374e-05 1.50000660e+08 -1.64788973e+03 1.13858842e+03
1.26262626e-06 1.23737374e-05 1.50000585e+08 -1.56694832e+03 1.20122945e+03
1.76767677e-06 1.23737374e-05 1.50000517e+08 -1.46471543e+03 1.27186045e+03
2.27272727e-06 1.23737374e-05 1.50000466e+08 -1.34770013e+03 1.33975699e+03
2.77777778e-06 1.23737374e-05 1.50000435e+08 -1.22701702e+03 1.40077155e+03
3.28282828e-06 1.23737374e-05 1.50000426e+08 -1.11296501e+03 1.45452925e+03
3.78787879e-06 1.23737374e-05 1.50000435e+08 -1.01424799e+03 1.50174172e+03
4.29292929e-06 1.23737374e-05 1.50000462e+08 -9.38593524e+02 1.54375443e+03
4.79797980e-06 1.23737374e-05 1.50000504e+08 -8.92379483e+02 1.58308092e+03
5.30303030e-06 1.23737374e-05 1.50000558e+08 -8.79404433e+02 1.62324909e+03
5.80808081e-06 1.23737374e-05 1.50000620e+08 -9.00158235e+02 1.66762135e+03
6.31313131e-06 1.23737374e-05 1.50000686e+08 -9.52355115e+02 1.71804942e+03
6.81818182e-06 1.23737374e-05 1.50000754e+08 -1.03230256e+03 1.77423873e+03
7.32323232e-06 1.23737374e-05 1.50000821e+08 -1.13620979e+03 1.83395269e+03
7.82828283e-06 1.23737374e-05 1.50000887e+08 -1.26089777e+03 1.89364168e+03
8.33333333e-06 1.23737374e-05 1.50000954e+08 -1.40389676e+03 1.94906156e+03
8.83838384e-06 1.23737374e-05 1.50001019e+08 -1.56317101e+03 1.99568525e+03
9.34343434e-06 1.23737374e-05 1.50001084e+08 -1.73670591e+03 2.02891289e+03
9.84848485e-06 1.23737374e-05 1.50001147e+08 -1.92209698e+03 2.04416805e+03
1.03535354e-05 1.23737374e-05 1.50001205e+08 -2.11619938e+03 2.03696932e+03
1.08585859e-05 1.23737374e-05 1.50001257e+08 -2.31485647e+03 2.00303937e+03
1.13636364e-05 1.23737374e-05 1.50001300e+08 -2.51271676e+03 1.93848575e+03
1.18686869e-05 1.23737374e-05 1.50001329e+08 -2.70315341e+03 1.84006523e+03
1.23737374e-05 1.23737374e-05 1.50001341e+08 -2.87830885e+03 1.70552436e+03
1.28787879e-05 1.23737374e-05 1.50001332e+08 -3.02929155e+03 1.53399136e+03
1.33838384e-05 1.23737374e-05 1.50001300e+08 -3.14654848e+03 1.32637619e+03
1.38888889e-05 1.23737374e-05 1.50001243e+08 -3.22042276e+03 1.08571886e+03
1.43939394e-05 1.23737374e-05 1.50001161e+08 -3.24188114e+03 8.17414014e+02
1.48989899e-05 1.23737374e-05 1.50001056e+08 -3.20336220e+03 5.29238163e+02
1.54040404e-05 1.23737374e-05 1.50000931e+08 -3.09965899e+03 2.31119373e+02
1.59090909e-05 1.23737374e-05 1.50000792e+08 -2.92871943e+03 -6.53800895e+01
1.64141414e-05 1.23737374e-05 1.50000646e+08 -2.69223283e+03 -3.47851291e+02
1.69191919e-05 1.23737374e-05 1.50000504e+08 -2.39588223e+03 -6.04026023e+02
1.74242424e-05 1.23737374e-05 1.50000373e+08 -2.04918173e+03 -8.22845366e+02
1.79292929e-05 1.23737374e-05 1.50000262e+08 -1.66488137e+03 -9.95461354e+02
1.84343434e-05 1.23737374e-05 1.50000178e+08 -1.25799633e+03 -1.11602361e+03
1.89393939e-05 1.23737374e-05 1.50000127e+08 -8.44584709e+02 -1.18213457e+03
1.94444444e-05 1.23737374e-05 1.50000111e+08 -4.40440831e+02 -1.19491388e+03
1.99494949e-05 1.23737374e-05 1.50000130e+08 -5.98803869e+01 -1.15868039e+03
2.04545455e-05 1.23737374e-05 1.50000181e+08 2.85232600e+02 -1.08032272e+03
2.09595960e-05 1.23737374e-05 1.50000260e+08 5.86118956e+02 -9.68472125e+02
2.14646465e-05 1.23737374e-05 1.50000360e+08 8.37343336e+02 -8.32607350e+02
2.19696970e-05 1.23737374e-05 1.50000475e+08 1.03672462e+03 -6.82211767e+02
2.24747475e-05 1.23737374e-05 1.50000597e+08 1.18496812e+03 -5.26073523e+02
2.29797980e-05 1.23737374e-05 1.50000719e+08 1.28511406e+03 -3.71781299e+02
2.34848485e-05 1.23737374e-05 1.50000837e+08 1.34190014e+03 -2.25429915e+02
2.39898990e-05 1.23737374e-05 1.50000945e+08 1.36112377e+03 -9.15190986e+01
2.44949495e-05 1.23737374e-05 1.50001040e+08 1.34906755e+03 2.69914747e+01
2.50000000e-05 1.23737374e-05 1.50001120e+08 1.31202714e+03 1.28516834e+02
-2.50000000e-05 1.28787879e-05 1.50001274e+08 -2.42855484e+03 7.01193840e+02
-2.44949495e-05 1.28787879e-05 1.50001222e+08 -2.70975244e+03 6.92119570e+02
-2.39898990e-05 1.28787879e-05 1.50001130e+08 -3.04320635e+03 6.69355914e+02
-2.34848485e-05 1.28787879e-05 1.50000984e+08 -3.44266756e+03 6.28765219e+02
-2.29797980e-05 1.28787879e-05 1.50000763e+08 -3.92646840e+03 5.65427763e+02
-2.24747475e-05 1.28787879e-05 1.50000437e+08 -4.51926084e+03 4.73843886e+02
-2.19696970e-05 1.28787879e-05 1.49999967e+08 -5.25441107e+03 3.48595277e+02
-2.14646465e-05 1.28787879e-05 1.49999299e+08 -6.17720973e+03 1.85962090e+02
-2.09595960e-05 1.28787879e-05 1.49998360e+08 -7.34893398e+03 -1.25463533e+01
-2.04545455e-05 1.28787879e-05 1.49997055e+08 -8.85134810e+03 -2.32946346e+02
-1.99494949e-05 1.28787879e-05 1.49995264e+08 -1.07899610e+04 -4.34553395e+02
-1.94444444e-05 1.28787879e-05 1.49992849e+08 -1.32911678e+04 -5.23196175e+02
-1.89393939e-05 1.28787879e-05 1.49989683e+08 -1.64810306e+04 -3.03385857e+02
-1.84343434e-05 1.28787879e-05 1.49985719e+08 -2.04179112e+04 6.00289895e+02
-1.79292929e-05 1.28787879e-05 1.49981152e+08 -2.49225789e+04 2.85357639e+03
-1.74242424e-05 1.28787879e-05 1.49976707e+08 -2.92093696e+04 7.51473399e+03
-1.69191919e-05 1.28787879e-05 1.49974073e+08 -3.12049061e+04 1.59688751e+04
-1.64141414e-05 1.28787879e-05 1.49976252e+08 -2.65821845e+04 2.92729208e+04
-1.59090909e-05 1.28787879e-05 1.49987006e+08 -8.22879146e+03 4.60925586e+04
-1.54040404e-05 1.28787879e-05 1.50007296e+08 3.10208689e+04 5.85487587e+04
-1.48989899e-05 1.28787879e-05 1.50027381e+08 8.66871442e+04 4.97691684e+04
-1.43939394e-05 1.28787879e-05 1.50026911e+08 1.27865757e+05 8.92705728e+03
-1.38888889e-05 1.28787879e-05 1.50003072e+08 1.21107894e+05 -4.08258521e+04
-1.33838384e-05 1.28787879e-05 1.49980408e+08 7.88543865e+04 -6.51694635e+04
-1.28787879e-05 1.28787879e-05 1.49973270e+08 3.61229082e+04 -6.21309788e+04
-1.23737374e-05 1.28787879e-05 1.49976853e+08 8.28429435e+03 -4.78115174e+04
-1.18686869e-05 1.28787879e-05 1.49983661e+08 -6.17399104e+03 -3.31562929e+04
-1.13636364e-05 1.28787879e-05 1.49989958e+08 -1.24358925e+04 -2.17247548e+04
-1.08585859e-05 1.28787879e-05 1.49994717e+08 -1.44054793e+04 -1.36823666e+04
-1.03535354e-05 1.28787879e-05 1.49997997e+08 -1.43306814e+04 -8.27146528e+03
-9.84848485e-06 1.28787879e-05 1.50000136e+08 -1.33779954e+04 -4.70349459e+03
-9.34343434e-06 1.28787879e-05 1.50001470e+08 -1.21200813e+04 -2.37354092e+03
-8.83838384e-06 1.28787879e-05 1.50002260e+08 -1.08245755e+04 -8.61697225e+02
-8.33333333e-06 1.28787879e-05 1.50002690e+08 -9.60743777e+03 1.12287516e+02
-7.82828283e-06 1.28787879e-05 1.50002888e+08 -8.51104088e+03 7.32798417e+02
-7.32323232e-06 1.28787879e-05 1.50002935e+08 -7.54322438e+03 1.12084367e+03
-6.81818182e-06 1.28787879e-05 1.50002889e+08 -6.69660241e+03 1.35610510e+03
-6.31313131e-06 1.28787879e-05 1.50002786e+08 -5.95796700e+03 1.49137246e+03
-5.80808081e-06 1.28787879e-05 1.50002649e+08 -5.31274130e+03 1.56185517e+03
-5.30303030e-06 1.28787879e-05 1.50002492e+08 -4.74697331e+03 1.59115462e+03
-4.79797980e-06 1.28787879e-05 1.50002326e+08 -4.24813080e+03 1.59507352e+03
-4.29292929e-06 1.28787879e-05 1.50002155e+08 -3.80534951e+03 1.58400752e+03
-3.78787879e-06 1.28787879e-05 1.50001982e+08 -3.40950003e+03 1.56438014e+03
-3.28282828e-06 1.28787879e-05 1.50001809e+08 -3.05332747e+03 1.53941170e+03
-2.77777778e-06 1.28787879e-05 1.50001636e+08 -2.73191002e+03 1.50946003e+03
-2.27272727e-06 1.28787879e-05 1.50001467e+08 -2.44369148e+03 1.47229814e+03
-1.76767677e-06 1.28787879e-05 1.50001304e+08 -2.19213031e+03 1.42411457e+03
-1.26262626e-06 1.28787879e-05 1.50001154e+08 -1.98697053e+03 1.36264263e+03
-7.57575758e-07 1.28787879e-05 1.50001027e+08 -1.84165262e+03 1.29338698e+03
-2.52525253e-07 1.28787879e-05 1.50000923e+08 -1.76176566e+03 1.23524863e+03
2.52525253e-07 1.28787879e-05 1.50000831e+08 -1.72805894e+03 1.21401980e+03
7.57575758e-07 1.28787879e-05 1.50000738e+08 -1.69699536e+03 1.23987441e+03
1.26262626e-06 1.28787879e-05 1.50000644e+08 -1.63182566e+03 1.29530618e+03
1.76767677e-06 1.28787879e-05 1.50000567e+08 -1.52803895e+03 1.35426510e+03
2.27272727e-06 1.28787879e-05 1.50000519e+08 -1.40303237e+03 1.40403965e+03
2.77777778e-06 1.28787879e-05 1.50000502e+08 -1.27466990e+03 1.44483502e+03
3.28282828e-06 1.28787879e-05 1.50000510e+08 -1.15412191e+03 1.47953801e+03
3.78787879e-06 1.28787879e-05 1.50000537e+08 -1.04948633e+03 1.50883563e+03
4.29292929e-06 1.28787879e-05 1.50000580e+08 -9.69383559e+02 1.53274497e+03
4.79797980e-06 1.28787879e-05 1.50000637e+08 -9.22161260e+02 1.55351038e+03
5.30303030e-06 1.28787879e-05 1.50000702e+08 -9.12600743e+02 1.57589940e+03
5.80808081e-06 1.28787879e-05 1.50000771e+08 -9.40066460e+02 1.60475790e+03
6.31313131e-06 1.28787879e-05 1.50000839e+08 -9.99724009e+02 1.64241213e+03
6.81818182e-06 1.28787879e-05 1.50000902e+08 -1.08530063e+03 1.68787972e+03
7.32323232e-06 1.28787879e-05 1.50000960e+08 -1.19125735e+03 1.73770701e+03
7.82828283e-06 1.28787879e-05 1.50001014e+08 -1.31358753e+03 1.78726071e+03
8.33333333e-06 1.28787879e-05 1.50001065e+08 -1.44960899e+03 1.83167715e+03
8.83838384e-06 1.28787879e-05 1.50001113e+08 -1.59736159e+03 1.86631495e+03
9.34343434e-06 1.28787879e-05 1.50001159e+08 -1.75499721e+03 1.88687565e+03
9.84848485e-06 1.28787879e-05 1.50001202e+08 -1.92030350e+03 1.88939069e+03
1.03535354e-05 1.28787879e-05 1.50001240e+08 -2.09037454e+03 1.87020518e+03
1.08585859e-05 1.28787879e-05 1.50001272e+08 -2.26140455e+03 1.82602113e+03
1.13636364e-05 1.28787879e-05 1.50001294e+08 -2.42858450e+03 1.75401997e+03
1.18686869e-05 1.28787879e-05 1.50001304e+08 -2.58609688e+03 1.65206099e+03
1.23737374e-05 1.28787879e-05 1.50001299e+08 -2.72721580e+03 1.51893791e+03
1.28787879e-05 1.28787879e-05 1.50001276e+08 -2.84452526e+03 1.35466533e+03
1.33838384e-05 1.28787879e-05 1.50001233e+08 -2.93026554e+03 1.16075629e+03
1.38888889e-05 1.28787879e-05 1.50001169e+08 -2.97680642e+03 9.40443813e+02
1.43939394e-05 1.28787879e-05 1.50001085e+08 -2.97722773e+03 6.98795151e+02
1.48989899e-05 1.28787879e-05 1.50000983e+08 -2.92596472e+03 4.42670123e+02
1.54040404e-05 1.28787879e-05 1.50000866e+08 -2.81945238e+03 1.80488131e+02
1.59090909e-05 1.28787879e-05 1.50000739e+08 -2.65668552e+03 -7.82080403e+01
1.64141414e-05 1.28787879e-05 1.50000608e+08 -2.43960568e+03 -3.23371466e+02
1.69191919e-05 1.28787879e-05 1.50000481e+08 -2.17323732e+03 -5.45198275e+02
1.74242424e-05 1.28787879e-05 1.50000364e+08 -1.86552463e+03 -7.34917740e+02
1.79292929e-05 1.28787879e-05 1.50000265e+08 -1.52686302e+03 -8.85523319e+02
1.84343434e-05 1.28787879e-05 1.50000189e+08 -1.16936825e+03 -9.92344636e+02
1.89393939e-05 1.28787879e-05 1.50000140e+08 -8.05969097e+02 -1.05338223e+03
1.94444444e-05 1.28787879e-05 1.50000122e+08 -4.49437958e+02 -1.06936431e+03
1.99494949e-05 1.28787879e-05 1.50000133e+08 -1.11479845e+02 -1.04352940e+03
2.04545455e-05 1.28787879e-05 1.50000171e+08 1.98015085e+02 -9.81180252e+02
2.09595960e-05 1.28787879e-05 1.50000234e+08 4.71483391e+02 -8.89084419e+02
2.14646465e-05 1.28787879e-05 1.50000317e+08 7.03933934e+02 -7.74810123e+02
2.19696970e-05 1.28787879e-05 1.50000414e+08 8.92937233e+02 -6.46082494e+02
2.24747475e-05 1.28787879e-05 1.50000519e+08 1.03840094e+03 -5.10228305e+02
2.29797980e-05 1.28787879e-05 1.50000626e+08 1.14219333e+03 -3.73752835e+02
2.34848485e-05 1.28787879e-05 1.50000732e+08 1.20768276e+03 -2.42066520e+02
2.39898990e-05 1.28787879e-05 1.50000831e+08 1.23925603e+03 -1.19356566e+02
2.44949495e-05 1.28787879e-05 1.50000920e+08 1.24186563e+03 -8.58251992e+00
2.50000000e-05 1.28787879e-05 1.50000997e+08 1.22064010e+03 8.84341302e+01
-2.50000000e-05 1.33838384e-05 1.50001871e+08 -2.44411649e+03 1.02187113e+03
-2.44949495e-05 1.33838384e-05 1.50001919e+08 -2.71590979e+03 1.05496641e+03
-2.39898990e-05 1.33838384e-05 1.50001948e+08 -3.03627066e+03 1.08011181e+03
-2.34848485e-05 1.33838384e-05 1.50001947e+08 -3.41789773e+03 1.09332071e+03
-2.29797980e-05 1.33838384e-05 1.50001900e+08 -3.87792152e+03 1.08922869e+03
-2.24747475e-05 1.33838384e-05 1.50001783e+08 -4.43979567e+03 1.06075335e+03
-2.19696970e-05 1.33838384e-05 1.50001560e+08 -5.13610006e+03 9.98825101e+02
-2.14646465e-05 1.33838384e-05 1.50001183e+08 -6.01270498e+03 8.92442283e+02
-2.09595960e-05 1.33838384e-05 1.50000575e+08 -7.13491654e+03 7.29656003e+02
-2.04545455e-05 1.33838384e-05 1.49999629e+08 -8.59633908e+03 5.00859891e+02
-1.99494949e-05 1.33838384e-05 1.49998189e+08 -1.05309419e+04 2.07397285e+02
-1.94444444e-05 1.33838384e-05 1.49996040e+08 -1.31272628e+04 -1.18152756e+02
-1.89393939e-05 1.33838384e-05 1.49992899e+08 -1.66382005e+04 -3.67254732e+02
-1.84343434e-05 1.33838384e-05 1.49988440e+08 -2.13638295e+04 -2.62925620e+02
-1.79292929e-05 1.33838384e-05 1.49982416e+08 -2.75435670e+04 8.15556846e+02
-1.74242424e-05 1.33838384e-05 1.49974973e+08 -3.50035027e+04 4.11737050e+03
-1.69191919e-05 1.33838384e-05 1.49967348e+08 -4.22503928e+04 1.18406460e+04
-1.64141414e-05 1.33838384e-05 1.49963059e+08 -4.45678276e+04 2.70611276e+04
-1.59090909e-05 1.33838384e-05 1.49969173e+08 -3.09315171e+04 5.19443267e+04
-1.54040404e-05 1.33838384e-05 1.49994925e+08 1.81146305e+04 8.06874210e+04
-1.48989899e-05 1.33838384e-05 1.50035496e+08 1.15723341e+05 8.19545108e+04
-1.43939394e-05 1.33838384e-05 1.50040319e+08 2.02446799e+05 8.35074017e+03
-1.38888889e-05 1.33838384e-05 1.49990005e+08 1.71327009e+05 -8.47170704e+04
-1.33838384e-05 1.33838384e-05 1.49959282e+08 7.86766349e+04 -1.03634291e+05
-1.28787879e-05 1.33838384e-05 1.49963290e+08 1.55733277e+04 -7.72315639e+04
-1.23737374e-05 1.33838384e-05 1.49976943e+08 -1.20668247e+04 -4.82257955e+04
-1.18686869e-05 1.33838384e-05 1.49988420e+08 -2.10701336e+04 -2.78959466e+04
-1.13636364e-05 1.33838384e-05 1.49995948e+08 -2.22903007e+04 -1.52945788e+04
-1.08585859e-05 1.33838384e-05 1.50000417e+08 -2.06763148e+04 -7.78484271e+03
-1.03535354e-05 1.33838384e-05 1.50002898e+08 -1.82597376e+04 -3.36715607e+03
-9.84848485e-06 1.33838384e-05 1.50004170e+08 -1.58214065e+04 -7.86367608e+02
-9.34343434e-06 1.33838384e-05 1.50004728e+08 -1.36288842e+04 7.05015876e+02
-8.83838384e-06 1.33838384e-05 1.50004873e+08 -1.17453559e+04 1.54722091e+03
-8.33333333e-06 1.33838384e-05 1.50004787e+08 -1.01572527e+04 2.00063603e+03
-7.82828283e-06 1.33838384e-05 1.50004576e+08 -8.82639131e+03 2.22086658e+03
-7.32323232e-06 1.33838384e-05 1.50004304e+08 -7.71063824e+03 2.30203733e+03
-6.81818182e-06 1.33838384e-05 1.50004008e+08 -6.77145025e+03 2.30178034e+03
-6.31313131e-06 1.33838384e-05 1.50003708e+08 -5.97601980e+03 2.25578122e+03
-5.80808081e-06 1.33838384e-05 1.50003416e+08 -5.29729606e+03 2.18634739e+03
-5.30303030e-06 1.33838384e-05 1.50003138e+08 -4.71326022e+03 2.10751028e+03
-4.79797980e-06 1.33838384e-05 1.50002875e+08 -4.20602275e+03 2.02807530e+03
-4.29292929e-06 1.33838384e-05 1.50002626e+08 -3.76096968e+03 1.95340948e+03
-3.78787879e-06 1.33838384e-05 1.50002390e+08 -3.36605943e+03 1.88638841e+03
-3.28282828e-06 1.33838384e-05 1.50002163e+08 -3.01137137e+03 1.82769086e+03
-2.77777778e-06 1.33838384e-05 1.50001941e+08 -2.68912550e+03 1.77548530e+03
-2.27272727e-06 1.33838384e-05 1.50001723e+08 -2.39467362e+03 1.72456523e+03
-1.76767677e-06 1.33838384e-05 1.50001507e+08 -2.12934762e+03 1.66550332e+03
-1.26262626e-06 1.33838384e-05 1.50001302e+08 -1.90569763e+03 1.58621853e+03
-7.57575758e-07 1.33838384e-05 1.50001123e+08 -1.75123542e+03 1.48152636e+03
-2.52525253e-07 1.33838384e-05 1.50000981e+08 -1.69454770e+03 1.37290140e+03
2.52525253e-07 1.33838384e-05 1.50000865e+08 -1.71914159e+03 1.31206382e+03
7.57575758e-07 1.33838384e-05 1.50000742e+08 -1.74066044e+03 1.32706016e+03
1.26262626e-06 1.33838384e-05 1.50000622e+08 -1.68772352e+03 1.37837823e+03
1.76767677e-06 1.33838384e-05 1.50000543e+08 -1.57078869e+03 1.41710722e+03
2.27272727e-06 1.33838384e-05 1.50000519e+08 -1.43362563e+03 1.43630574e+03
2.77777778e-06 1.33838384e-05 1.50000538e+08 -1.30077861e+03 1.44991664e+03
3.28282828e-06 1.33838384e-05 1.50000579e+08 -1.17786213e+03 1.46559046e+03
3.78787879e-06 1.33838384e-05 1.50000633e+08 -1.06848204e+03 1.48051725e+03
4.29292929e-06 1.33838384e-05 1.50000698e+08 -9.82879114e+02 1.48968170e+03
4.79797980e-06 1.33838384e-05 1.50000772e+08 -9.34359218e+02 1.49403016e+03
5.30303030e-06 1.33838384e-05 1.50000852e+08 -9.30307319e+02 1.50093957e+03
5.80808081e-06 1.33838384e-05 1.50000928e+08 -9.68011509e+02 1.51810755e+03
6.31313131e-06 1.33838384e-05 1.50000995e+08 -1.03819562e+03 1.54826908e+03
6.81818182e-06 1.33838384e-05 1.50001050e+08 -1.13090936e+03 1.58876814e+03
7.32323232e-06 1.33838384e-05 1.50001095e+08 -1.23887866e+03 1.63404507e+03
7.82828283e-06 1.33838384e-05 1.50001132e+08 -1.35786406e+03 1.67802149e+03
8.33333333e-06 1.33838384e-05 1.50001165e+08 -1.48563702e+03 1.71527946e+03
8.83838384e-06 1.33838384e-05 1.50001194e+08 -1.62082805e+03 1.74131092e+03
9.34343434e-06 1.33838384e-05 1.50001220e+08 -1.76209616e+03 1.75236968e+03
9.84848485e-06 1.33838384e-05 1.50001244e+08 -1.90763398e+03 1.74526395e+03
1.03535354e-05 1.33838384e-05 1.50001263e+08 -2.05490614e+03 1.71722764e+03
1.08585859e-05 1.33838384e-05 1.50001276e+08 -2.20053268e+03 1.66590074e+03
1.13636364e-05 1.33838384e-05 1.50001281e+08 -2.34026903e+03 1.58940706e+03
1.18686869e-05 1.33838384e-05 1.50001275e+08 -2.46906498e+03 1.48650519e+03
1.23737374e-05 1.33838384e-05 1.50001256e+08 -2.58120284e+03 1.35678478e+03
1.28787879e-05 1.33838384e-05 1.50001222e+08 -2.67052080e+03 1.20087787e+03
1.33838384e-05 1.33838384e-05 1.50001171e+08 -2.73072519e+03 1.02065175e+03
1.38888889e-05 1.33838384e-05 1.50001103e+08 -2.75578636e+03 8.19347213e+02
1.43939394e-05 1.33838384e-05 1.50001019e+08 -2.74039918e+03 6.01625847e+02
1.48989899e-05 1.33838384e-05 1.50000921e+08 -2.68047376e+03 3.73495240e+02
1.54040404e-05 1.33838384e-05 1.50000811e+08 -2.57360682e+03 1.42091878e+02
1.59090909e-05 1.33838384e-05 1.50000694e+08 -2.41947486e+03 -8.46806069e+01
1.64141414e-05 1.33838384e-05 1.50000576e+08 -2.22008874e+03 -2.98638105e+02
1.69191919e-05 1.33838384e-05 1.50000461e+08 -1.97985953e+03 -4.91884960e+02
1.74242424e-05 1.33838384e-05 1.50000356e+08 -1.70544618e+03 -6.57403776e+02
1.79292929e-05 1.33838384e-05 1.50000267e+08 -1.40538502e+03 -7.89595018e+02
1.84343434e-05 1.33838384e-05 1.50000198e+08 -1.08953338e+03 -8.84697872e+02
1.89393939e-05 1.33838384e-05 1.50000152e+08 -7.68387991e+02 -9.41039029e+02
1.94444444e-05 1.33838384e-05 1.50000131e+08 -4.52357179e+02 -9.59081111e+02
1.99494949e-05 1.33838384e-05 1.50000136e+08 -1.51070938e+02 -9.41272225e+02
2.04545455e-05 1.33838384e-05 1.50000165e+08 1.27197046e+02 -8.91726187e+02
2.09595960e-05 1.33838384e-05 1.50000215e+08 3.75942126e+02 -8.15783986e+02
2.14646465e-05 1.33838384e-05 1.50000283e+08 5.90650344e+02 -7.19517614e+02
2.19696970e-05 1.33838384e-05 1.50000365e+08 7.68830969e+02 -6.09236806e+02
2.24747475e-05 1.33838384e-05 1.50000455e+08 9.09885027e+02 -4.91049514e+02
2.29797980e-05 1.33838384e-05 1.50000549e+08 1.01485035e+03 -3.70511297e+02
2.34848485e-05 1.33838384e-05 1.50000643e+08 1.08607021e+03 -2.52381268e+02
2.39898990e-05 1.33838384e-05 1.50000733e+08 1.12683139e+03 -1.40486072e+02
2.44949495e-05 1.33838384e-05 1.50000816e+08 1.14101036e+03 -3.76808220e+01
2.50000000e-05 1.33838384e-05 1.50000890e+08 1.13275608e+03 5.41119671e+01
-2.50000000e-05 1.38888889e-05 1.50002438e+08 -2.50292189e+03 1.35327040e+03
-2.44949495e-05 1.38888889e-05 1.50002589e+08 -2.77250109e+03 1.43692434e+03
-2.39898990e-05 1.38888889e-05 1.50002745e+08 -3.08798015e+03 1.52213186e+03
-2.34848485e-05 1.38888889e-05 1.50002900e+08 -3.46088962e+03 1.60670096e+03
-2.29797980e-05 1.38888889e-05 1.50003046e+08 -3.90675932e+03 1.68719842e+03
-2.24747475e-05 1.38888889e-05 1.50003170e+08 -4.44690298e+03 1.75838288e+03
-2.19696970e-05 1.38888889e-05 1.50003250e+08 -5.11116676e+03 1.81242354e+03
-2.14646465e-05 1.38888889e-05 1.50003250e+08 -5.94223801e+03 1.83788899e+03
-2.09595960e-05 1.38888889e-05 1.50003113e+08 -7.00250544e+03 1.81861616e+03
-2.04545455e-05 1.38888889e-05 1.50002748e+08 -8.38509956e+03 1.73295579e+03
-1.99494949e-05 1.38888889e-05 1.50002007e+08 -1.02316838e+04 1.55496213e+03
-1.94444444e-05 1.38888889e-05 1.50000655e+08 -1.27606163e+04 1.26190417e+03
-1.89393939e-05 1.38888889e-05 1.49998323e+08 -1.63088983e+04 8.59515076e+02
-1.84343434e-05 1.38888889e-05 1.49994459e+08 -2.13842813e+04 4.52992297e+02
-1.79292929e-05 1.38888889e-05 1.49988308e+08 -2.86910183e+04 4.26586580e+02
-1.74242424e-05 1.38888889e-05 1.49979066e+08 -3.89799392e+04 1.84927602e+03
-1.69191919e-05 1.38888889e-05 1.49966517e+08 -5.22672322e+04 7.23502283e+03
-1.64141414e-05 1.38888889e-05 1.49952661e+08 -6.53799148e+04 2.14753431e+04
-1.59090909e-05 1.38888889e-05 1.49944675e+08 -6.62244957e+04 5.16883019e+04
-1.54040404e-05 1.38888889e-05 1.49960228e+08 -2.22382230e+04 1.02812770e+05
-1.48989899e-05 1.38888889e-05 1.50031575e+08 1.39761590e+05 1.47286461e+05
-1.43939394e-05 1.38888889e-05 1.50069265e+08 3.75482435e+05 3.64479814e+03
-1.38888889e-05 1.38888889e-05 1.49941848e+08 2.32225516e+05 -1.94945083e+05
-1.33838384e-05 1.38888889e-05 1.49931300e+08 3.47765542e+04 -1.47302058e+05
-1.28787879e-05 1.38888889e-05 1.49966190e+08 -2.86988307e+04 -7.50791033e+04
-1.23737374e-05 1.38888889e-05 1.49989479e+08 -3.95553972e+04 -3.46965573e+04
-1.18686869e-05 1.38888889e-05 1.50001147e+08 -3.64931346e+04 -1.46745430e+04
-1.13636364e-05 1.38888889e-05 1.50006399e+08 -3.07448195e+04 -4.85178304e+03
-1.08585859e-05 1.38888889e-05 1.50008443e+08 -2.52853633e+04 -3.31731075e+01
-1.03535354e-05 1.38888889e-05 1.50008933e+08 -2.07522786e+04 2.28912802e+03
-9.84848485e-06 1.38888889e-05 1.50008695e+08 -1.71386365e+04 3.34185022e+03
-9.34343434e-06 1.38888889e-05 1.50008139e+08 -1.42871640e+04 3.74110746e+03
-8.83838384e-06 1.38888889e-05 1.50007469e+08 -1.20323314e+04 3.80453458e+03
-8.33333333e-06 1.38888889e-05 1.50006785e+08 -1.02358367e+04 3.69950763e+03
-7.82828283e-06 1.38888889e-05 1.50006133e+08 -8.79027364e+03 3.51563857e+03
-7.32323232e-06 1.38888889e-05 1.50005533e+08 -7.61439471e+03 3.30132314e+03
-6.81818182e-06 1.38888889e-05 1.50004991e+08 -6.64718547e+03 3.08269452e+03
-6.31313131e-06 1.38888889e-05 1.50004505e+08 -5.84274230e+03 2.87370466e+03
-5.80808081e-06 1.38888889e-05 1.50004072e+08 -5.16629089e+03 2.68160530e+03
-5.30303030e-06 1.38888889e-05 1.50003686e+08 -4.59120527e+03 2.50998056e+03
-4.79797980e-06 1.38888889e-05 1.50003340e+08 -4.09679090e+03 2.36043852e+03
-4.29292929e-06 1.38888889e-05 1.50003028e+08 -3.66661301e+03 2.23353221e+03
-3.78787879e-06 1.38888889e-05 1.50002743e+08 -3.28719903e+03 2.12917748e+03
-3.28282828e-06 1.38888889e-05 1.50002477e+08 -2.94701132e+03 2.04662030e+03
-2.77777778e-06 1.38888889e-05 1.50002221e+08 -2.63572749e+03 1.98377548e+03
-2.27272727e-06 1.38888889e-05 1.50001966e+08 -2.34426578e+03 1.93543975e+03
-1.76767677e-06 1.38888889e-05 1.50001703e+08 -2.06713632e+03 1.88963172e+03
-1.26262626e-06 1.38888889e-05 1.50001430e+08 -1.81123160e+03 1.82262696e+03
-7.57575758e-07 1.38888889e-05 1.50001168e+08 -1.61592961e+03 1.70208687e+03
-2.52525253e-07 1.38888889e-05 1.50000957e+08 -1.56350730e+03 1.52822969e+03
2.52525253e-07 1.38888889e-05 1.50000800e+08 -1.68180361e+03 1.40211872e+03
7.57575758e-07 1.38888889e-05 1.50000627e+08 -1.78926941e+03 1.41515231e+03
1.26262626e-06 1.38888889e-05 1.50000467e+08 -1.72534325e+03 1.46168909e+03
1.76767677e-06 1.38888889e-05 1.50000415e+08 -1.57147241e+03 1.45020765e+03
2.27272727e-06 1.38888889e-05 1.50000462e+08 -1.42566113e+03 1.41317866e+03
2.77777778e-06 1.38888889e-05 1.50000552e+08 -1.30379238e+03 1.39255716e+03
3.28282828e-06 1.38888889e-05 1.50000647e+08 -1.19008165e+03 1.39582914e+03
3.78787879e-06 1.38888889e-05 1.50000737e+08 -1.07789411e+03 1.40721479e+03
4.29292929e-06 1.38888889e-05 1.50000828e+08 -9.82916315e+02 1.40921411e+03
4.79797980e-06 1.38888889e-05 1.50000925e+08 -9.31327864e+02 1.40058605e+03
5.30303030e-06 1.38888889e-05 1.50001021e+08 -9.36349763e+02 1.39554506e+03
5.80808081e-06 1.38888889e-05 1.50001102e+08 -9.90044612e+02 1.40742324e+03
6.31313131e-06 1.38888889e-05 1.50001163e+08 -1.07471116e+03 1.43830967e+03
6.81818182e-06 1.38888889e-05 1.50001202e+08 -1.17547996e+03 1.48160589e+03
7.32323232e-06 1.38888889e-05 1.50001226e+08 -1.28419364e+03 1.52840414e+03
7.82828283e-06 1.38888889e-05 1.50001241e+08 -1.39769222e+03 1.57113758e+03
8.33333333e-06 1.38888889e-05 1.50001252e+08 -1.51516528e+03 1.60434552e+03
8.83838384e-06 1.38888889e-05 1.50001260e+08 -1.63635567e+03 1.62421532e+03
9.34343434e-06 1.38888889e-05 1.50001267e+08 -1.76065602e+03 1.62795959e+03
9.84848485e-06 1.38888889e-05 1.50001273e+08 -1.88674014e+03 1.61338369e+03
1.03535354e-05 1.38888889e-05 1.50001275e+08 -2.01245326e+03 1.57867620e+03
1.08585859e-05 1.38888889e-05 1.50001272e+08 -2.13481868e+03 1.52236714e+03
1.13636364e-05 1.38888889e-05 1.50001262e+08 -2.25010426e+03 1.44339502e+03
1.18686869e-05 1.38888889e-05 1.50001242e+08 -2.35393491e+03 1.34123809e+03
1.23737374e-05 1.38888889e-05 1.50001212e+08 -2.44145393e+03 1.21607552e+03
1.28787879e-05 1.38888889e-05 1.50001169e+08 -2.50753975e+03 1.06895028e+03
1.33838384e-05 1.38888889e-05 1.50001113e+08 -2.54708057e+03 9.01906441e+02
1.38888889e-05 1.38888889e-05 1.50001043e+08 -2.55530133e+03 7.18074600e+02
1.43939394e-05 1.38888889e-05 1.50000960e+08 -2.52812713e+03 5.21680905e+02
1.48989899e-05 1.38888889e-05 1.50000866e+08 -2.46255578e+03 3.17960127e+02
1.54040404e-05 1.38888889e-05 1.50000763e+08 -2.35700320e+03 1.12962475e+02
1.59090909e-05 1.38888889e-05 1.50000656e+08 -2.21157976e+03 -8.67433384e+01
1.64141414e-05 1.38888889e-05 1.50000548e+08 -2.02825659e+03 -2.74452962e+02
1.69191919e-05 1.38888889e-05 1.50000444e+08 -1.81088908e+03 -4.43762327e+02
1.74242424e-05 1.38888889e-05 1.50000350e+08 -1.56508011e+03 -5.89011960e+02
1.79292929e-05 1.38888889e-05 1.50000269e+08 -1.29788544e+03 -7.05689507e+02
1.84343434e-05 1.38888889e-05 1.50000205e+08 -1.01738588e+03 -7.90742852e+02
1.89393939e-05 1.38888889e-05 1.50000161e+08 -7.32169363e+02 -8.42766895e+02
1.94444444e-05 1.38888889e-05 1.50000140e+08 -4.50778658e+02 -8.62044149e+02
1.99494949e-05 1.38888889e-05 1.50000140e+08 -1.81183720e+02 -8.50439424e+02
2.04545455e-05 1.38888889e-05 1.50000161e+08 6.96681699e+01 -8.11168097e+02
2.09595960e-05 1.38888889e-05 1.50000201e+08 2.96185147e+02 -7.48472357e+02
2.14646465e-05 1.38888889e-05 1.50000257e+08 4.94325227e+02 -6.67247914e+02
2.19696970e-05 1.38888889e-05 1.50000325e+08 6.61650475e+02 -5.72664574e+02
2.24747475e-05 1.38888889e-05 1.50000403e+08 7.97255466e+02 -4.69818472e+02
2.29797980e-05 1.38888889e-05 1.50000485e+08 9.01596534e+02 -3.63443887e+02
2.34848485e-05 1.38888889e-05 1.50000568e+08 9.76254330e+02 -2.57700654e+02
2.39898990e-05 1.38888889e-05 1.50000650e+08 1.02366293e+03 -1.56041687e+02
2.44949495e-05 1.38888889e-05 1.50000726e+08 1.04683501e+03 -6.11556147e+01
2.50000000e-05 1.38888889e-05 1.50000796e+08 1.04910626e+03 2.50271043e+01
-2.50000000e-05 1.43939394e-05 1.50002942e+08 -2.60952481e+03 1.67187678e+03
-2.44949495e-05 1.43939394e-05 1.50003190e+08 -2.88662292e+03 1.80889143e+03
-2.39898990e-05 1.43939394e-05 1.50003466e+08 -3.20921006e+03 1.95928746e+03
-2.34848485e-05 1.43939394e-05 1.50003772e+08 -3.58814592e+03 2.12398377e+03
-2.29797980e-05 1.43939394e-05 1.50004110e+08 -4.03788665e+03 2.30353203e+03
-2.24747475e-05 1.43939394e-05 1.50004480e+08 -4.57805870e+03 2.49775165e+03
-2.19696970e-05 1.43939394e-05 1.50004879e+08 -5.23590446e+03 2.70511783e+03
-2.14646465e-05 1.43939394e-05 1.50005296e+08 -6.05018825e+03 2.92175457e+03
-2.09595960e-05 1.43939394e-05 1.50005710e+08 -7.07761799e+03 3.13982147e+03
-2.04545455e-05 1.43939394e-05 1.50006076e+08 -8.40372160e+03 3.34505026e+03
-1.99494949e-05 1.43939394e-05 1.50006308e+08 -1.01618092e+04 3.51336396e+03
-1.94444444e-05 1.43939394e-05 1.50006243e+08 -1.25668692e+04 3.60752580e+03
-1.89393939e-05 1.43939394e-05 1.50005578e+08 -1.59770504e+04 3.57870705e+03
-1.84343434e-05 1.43939394e-05 1.50003757e+08 -2.10040177e+04 3.39133842e+03
-1.79292929e-05 1.43939394e-05 1.49999797e+08 -2.86967263e+04 3.13209388e+03
-1.74242424e-05 1.43939394e-05 1.49992104e+08 -4.07681145e+04 3.38363282e+03
-1.69191919e-05 1.43939394e-05 1.49978623e+08 -5.94919553e+04 6.30146158e+03
-1.64141414e-05 1.43939394e-05 1.49958385e+08 -8.56186643e+04 1.79517286e+04
-1.59090909e-05 1.43939394e-05 1.49935238e+08 -1.10204692e+05 5.04895742e+04
-1.54040404e-05 1.43939394e-05 1.49918025e+08 -9.75346536e+04 1.17386462e+05
-1.48989899e-05 1.43939394e-05 1.49929530e+08 6.51404858e+04 2.36550064e+05
-1.43939394e-05 1.43939394e-05 1.50179127e+08 1.03187068e+06 -1.46223735e+03
-1.38888889e-05 1.43939394e-05 1.49810535e+08 1.07592697e+05 -4.15141994e+05
-1.33838384e-05 1.43939394e-05 1.49960748e+08 -9.35032061e+04 -1.18959263e+05
-1.28787879e-05 1.43939394e-05 1.50007158e+08 -8.35691241e+04 -3.31094836e+04
-1.23737374e-05 1.43939394e-05 1.50018988e+08 -6.25805235e+04 -5.62019954e+03
-1.18686869e-05 1.43939394e-05 1.50020685e+08 -4.63838957e+04 3.89068917e+03
-1.13636364e-05 1.43939394e-05 1.50019288e+08 -3.49758918e+04 7.01039972e+03
-1.08585859e-05 1.43939394e-05 1.50017085e+08 -2.69762387e+04 7.69567319e+03
-1.03535354e-05 1.43939394e-05 1.50014853e+08 -2.12757687e+04 7.44656409e+03
-9.84848485e-06 1.43939394e-05 1.50012841e+08 -1.71258356e+04 6.86664196e+03
-9.34343434e-06 1.43939394e-05 1.50011106e+08 -1.40375668e+04 6.20497099e+03
-8.83838384e-06 1.43939394e-05 1.50009636e+08 -1.16907817e+04 5.56291929e+03
-8.33333333e-06 1.43939394e-05 1.50008399e+08 -9.87262709e+03 4.97844527e+03
-7.82828283e-06 1.43939394e-05 1.50007357e+08 -8.43889365e+03 4.46210668e+03
-7.32323232e-06 1.43939394e-05 1.50006479e+08 -7.28992324e+03 4.01294657e+03
-6.81818182e-06 1.43939394e-05 1.50005735e+08 -6.35549657e+03 3.62562586e+03
-6.31313131e-06 1.43939394e-05 1.50005102e+08 -5.58521044e+03 3.29362879e+03
-5.80808081e-06 1.43939394e-05 1.50004560e+08 -4.94223357e+03 3.01067382e+03
-5.30303030e-06 1.43939394e-05 1.50004094e+08 -4.39916358e+03 2.77130365e+03
-4.79797980e-06 1.43939394e-05 1.50003690e+08 -3.93519948e+03 2.57111041e+03
-4.29292929e-06 1.43939394e-05 1.50003337e+08 -3.53412830e+03 2.40681163e+03
-3.78787879e-06 1.43939394e-05 1.50003024e+08 -3.18278082e+03 2.27626927e+03
-3.28282828e-06 1.43939394e-05 1.50002740e+08 -2.86968305e+03 2.17844728e+03
-2.77777778e-06 1.43939394e-05 1.50002475e+08 -2.58364854e+03 2.11313527e+03
-2.27272727e-06 1.43939394e-05 1.50002211e+08 -2.31212244e+03 2.07979623e+03
-1.76767677e-06 1.43939394e-05 1.50001928e+08 -2.03974850e+03 2.07351078e+03
-1.26262626e-06 1.43939394e-05 1.50001596e+08 -1.75161287e+03 2.07257757e+03
-7.57575758e-07 1.43939394e-05 1.50001203e+08 -1.46285744e+03 2.01091039e+03
-2.52525253e-07 1.43939394e-05 1.50000821e+08 -1.32345436e+03 1.78233223e+03
2.52525253e-07 1.43939394e-05 1.50000568e+08 -1.59615963e+03 1.51033274e+03
7.57575758e-07 1.43939394e-05 1.50000270e+08 -1.86774614e+03 1.55195999e+03
1.26262626e-06 1.43939394e-05 1.50000072e+08 -1.69651190e+03 1.55515276e+03
1.76767677e-06 1.43939394e-05 1.50000160e+08 -1.48287565e+03 1.40905218e+03
2.27272727e-06 1.43939394e-05 1.50000367e+08 -1.36449976e+03 1.28419993e+03
2.77777778e-06 1.43939394e-05 1.50000575e+08 -1.29138224e+03 1.23508176e+03
3.28282828e-06 1.43939394e-05 1.50000744e+08 -1.20787413e+03 1.24757064e+03
3.78787879e-06 1.43939394e-05 1.50000875e+08 -1.09231782e+03 1.27901695e+03
4.29292929e-06 1.43939394e-05 1.50000993e+08 -9.75454592e+02 1.28698922e+03
4.79797980e-06 1.43939394e-05 1.50001116e+08 -9.15723420e+02 1.26858544e+03
5.30303030e-06 1.43939394e-05 1.50001229e+08 -9.37244407e+02 1.25678809e+03
5.80808081e-06 1.43939394e-05 1.50001309e+08 -1.01632035e+03 1.27485726e+03
6.31313131e-06 1.43939394e-05 1.50001348e+08 -1.11920061e+03 1.31924139e+03
6.81818182e-06 1.43939394e-05 1.50001358e+08 -1.22640658e+03 1.37492340e+03
7.32323232e-06 1.43939394e-05 1.50001352e+08 -1.33193725e+03 1.42889166e+03
7.82828283e-06 1.43939394e-05 1.50001339e+08 -1.43597825e+03 1.47325390e+03
8.33333333e-06 1.43939394e-05 1.50001324e+08 -1.54014580e+03 1.50385458e+03
8.83838384e-06 1.43939394e-05 1.50001311e+08 -1.64554703e+03 1.51849977e+03
9.34343434e-06 1.43939394e-05 1.50001299e+08 -1.75225351e+03 1.51584550e+03
9.84848485e-06 1.43939394e-05 1.50001288e+08 -1.85928836e+03 1.49487739e+03
1.03535354e-05 1.43939394e-05 1.50001274e+08 -1.96475061e+03 1.45474279e+03
1.08585859e-05 1.43939394e-05 1.50001258e+08 -2.06595765e+03 1.39476580e+03
1.13636364e-05 1.43939394e-05 1.50001235e+08 -2.15958515e+03 1.31454972e+03
1.18686869e-05 1.43939394e-05 1.50001206e+08 -2.24181353e+03 1.21411673e+03
1.23737374e-05 1.43939394e-05 1.50001167e+08 -2.30849551e+03 1.09405512e+03
1.28787879e-05 1.43939394e-05 1.50001118e+08 -2.35535538e+03 9.55653076e+02
1.33838384e-05 1.43939394e-05 1.50001058e+08 -2.37822376e+03 8.01000662e+02
1.38888889e-05 1.43939394e-05 1.50000987e+08 -2.37330372e+03 6.33042518e+02
1.43939394e-05 1.43939394e-05 1.50000906e+08 -2.33745527e+03 4.55566104e+02
1.48989899e-05 1.43939394e-05 1.50000816e+08 -2.26847742e+03 2.73114228e+02
1.54040404e-05 1.43939394e-05 1.50000720e+08 -2.16536105e+03 9.08176475e+01
1.59090909e-05 1.43939394e-05 1.50000621e+08 -2.02848289e+03 -8.58473373e+01
1.64141414e-05 1.43939394e-05 1.50000523e+08 -1.85971242e+03 -2.51360857e+02
1.69191919e-05 1.43939394e-05 1.50000429e+08 -1.66241053e+03 -4.00495684e+02
1.74242424e-05 1.43939394e-05 1.50000343e+08 -1.44130908e+03 -5.28654923e+02
1.79292929e-05 1.43939394e-05 1.50000269e+08 -1.20227552e+03 -6.32175336e+02
1.84343434e-05 1.43939394e-05 1.50000211e+08 -9.51980570e+02 -7.08562772e+02
1.89393939e-05 1.43939394e-05 1.50000169e+08 -6.97500588e+02 -7.56633797e+02
1.94444444e-05 1.43939394e-05 1.50000147e+08 -4.45894104e+02 -7.76549428e+02
1.99494949e-05 1.43939394e-05 1.50000143e+08 -2.03794640e+02 -7.69740661e+02
2.04545455e-05 1.43939394e-05 1.50000158e+08 2.29418366e+01 -7.38738869e+02
2.09595960e-05 1.43939394e-05 1.50000189e+08 2.29505528e+02 -6.86934671e+02
2.14646465e-05 1.43939394e-05 1.50000236e+08 4.12300519e+02 -6.18295172e+02
2.19696970e-05 1.43939394e-05 1.50000293e+08 5.69007825e+02 -5.37070789e+02
2.24747475e-05 1.43939394e-05 1.50000360e+08 6.98551991e+02 -4.47519875e+02
2.29797980e-05 1.43939394e-05 1.50000431e+08 8.00988468e+02 -3.53672985e+02
2.34848485e-05 1.43939394e-05 1.50000505e+08 8.77334275e+02 -2.59150672e+02
2.39898990e-05 1.43939394e-05 1.50000578e+08 9.29365921e+02 -1.67040485e+02
2.44949495e-05 1.43939394e-05 1.50000648e+08 9.59406940e+02 -7.98317494e+01
2.50000000e-05 1.43939394e-05 1.50000713e+08 9.70123497e+02 5.98688636e-01
-2.50000000e-05 1.48989899e-05 1.50003353e+08 -2.76290745e+03 1.95185736e+03
-2.44949495e-05 1.48989899e-05 1.50003681e+08 -3.05818463e+03 2.13807035e+03
-2.39898990e-05 1.48989899e-05 1.50004058e+08 -3.40153182e+03 2.34959160e+03
-2.34848485e-05 1.48989899e-05 1.50004493e+08 -3.80410847e+03 2.59096853e+03
-2.29797980e-05 1.48989899e-05 1.50004997e+08 -4.28060501e+03 2.86769618e+03
-2.24747475e-05 1.48989899e-05 1.50005584e+08 -4.85071021e+03 3.18639296e+03
-2.19696970e-05 1.48989899e-05 1.50006271e+08 -5.54135895e+03 3.55496318e+03
-2.14646465e-05 1.48989899e-05 1.50007075e+08 -6.39028160e+03 3.98268400e+03
-2.09595960e-05 1.48989899e-05 1.50008019e+08 -7.45180528e+03 4.48008143e+03
-2.04545455e-05 1.48989899e-05 1.50009122e+08 -8.80671454e+03 5.05831868e+03
-1.99494949e-05 1.48989899e-05 1.50010399e+08 -1.05797685e+04 5.72757253e+03
-1.94444444e-05 1.48989899e-05 1.50011838e+08 -1.29723847e+04 6.49354205e+03
-1.89393939e-05 1.48989899e-05 1.50013366e+08 -1.63269246e+04 7.35131360e+03
-1.84343434e-05 1.48989899e-05 1.50014747e+08 -2.12600064e+04 8.27926892e+03
-1.79292929e-05 1.48989899e-05 1.50015375e+08 -2.89512115e+04 9.25743341e+03
-1.74242424e-05 1.48989899e-05 1.50013813e+08 -4.17731213e+04 1.04435101e+04
-1.69191919e-05 1.48989899e-05 1.50007107e+08 -6.45169406e+04 1.31240664e+04
-1.64141414e-05 1.48989899e-05 1.49991306e+08 -1.05423218e+05 2.37735285e+04
-1.59090909e-05 1.48989899e-05 1.49970486e+08 -1.68664157e+05 6.57943274e+04
-1.54040404e-05 1.48989899e-05 1.49980134e+08 -2.17853513e+05 1.88111090e+05
-1.48989899e-05 1.48989899e-05 1.50096145e+08 -1.76012186e+05 4.73701014e+05
-1.43939394e-05 1.48989899e-05 1.83124061e+08 1.91837960e+08 -3.51567162e+06
-1.38888889e-05 1.48989899e-05 1.50211242e+08 -4.06323578e+05 -4.53544252e+04
-1.33838384e-05 1.48989899e-05 1.50102437e+08 -1.83421665e+05 1.48294655e+04
-1.28787879e-05 1.48989899e-05 1.50069077e+08 -1.06121444e+05 2.40082280e+04
-1.23737374e-05 1.48989899e-05 1.50050302e+08 -6.81873751e+04 2.24735502e+04
-1.18686869e-05 1.48989899e-05 1.50038007e+08 -4.69373829e+04 1.89944950e+04
-1.13636364e-05 1.48989899e-05 1.50029496e+08 -3.40144464e+04 1.56677797e+04
-1.08585859e-05 1.48989899e-05 1.50023404e+08 -2.56600467e+04 1.29132948e+04
-1.03535354e-05 1.48989899e-05 1.50018926e+08 -1.99904504e+04 1.07224569e+04
-9.84848485e-06 1.48989899e-05 1.50015558e+08 -1.59871013e+04 8.99475416e+03
-9.34343434e-06 1.48989899e-05 1.50012974e+08 -1.30653629e+04 7.62781065e+03
-8.83838384e-06 1.48989899e-05 1.50010955e+08 -1.08726906e+04 6.53779846e+03
-8.33333333e-06 1.48989899e-05 1.50009353e+08 -9.18743953e+03 5.66052186e+03
-7.82828283e-06 1.48989899e-05 1.50008064e+08 -7.86519423e+03 4.94792232e+03
-7.32323232e-06 1.48989899e-05 1.50007015e+08 -6.80891095e+03 4.36422425e+03
-6.81818182e-06 1.48989899e-05 1.50006151e+08 -5.95160625e+03 3.88276184e+03
-6.31313131e-06 1.48989899e-05 1.50005434e+08 -5.24594769e+03 3.48359592e+03
-5.80808081e-06 1.48989899e-05 1.50004833e+08 -4.65778653e+03 3.15179394e+03
-5.30303030e-06 1.48989899e-05 1.50004327e+08 -4.16201463e+03 2.87622132e+03
-4.79797980e-06 1.48989899e-05 1.50003897e+08 -3.73982429e+03 2.64872504e+03
-4.29292929e-06 1.48989899e-05 1.50003530e+08 -3.37681934e+03 2.46363527e+03
-3.78787879e-06 1.48989899e-05 1.50003214e+08 -3.06161516e+03 2.31756086e+03
-3.28282828e-06 1.48989899e-05 1.50002939e+08 -2.78463130e+03 2.20951244e+03
-2.77777778e-06 1.48989899e-05 1.50002694e+08 -2.53671082e+03 2.14145894e+03
-2.27272727e-06 1.48989899e-05 1.50002465e+08 -2.30686636e+03 2.11946008e+03
-1.76767677e-06 1.48989899e-05 1.50002226e+08 -2.07747537e+03 2.15510364e+03
-1.26262626e-06 1.48989899e-05 1.50001924e+08 -1.81308675e+03 2.26332305e+03
-7.57575758e-07 1.48989899e-05 1.50001442e+08 -1.44238250e+03 2.42878607e+03
-2.52525253e-07 1.48989899e-05 1.50000636e+08 -9.53854242e+02 2.40946189e+03
2.52525253e-07 1.48989899e-05 1.49999942e+08 -1.32921403e+03 1.73134841e+03
7.57575758e-07 1.48989899e-05 1.49999210e+08 -2.00329369e+03 1.93650450e+03
1.26262626e-06 1.48989899e-05 1.49999311e+08 -1.42256030e+03 1.54252051e+03
1.76767677e-06 1.48989899e-05 1.49999862e+08 -1.26010979e+03 1.15353012e+03
2.27272727e-06 1.48989899e-05 1.50000317e+08 -1.26337882e+03 9.73620536e+02
2.77777778e-06 1.48989899e-05 1.50000658e+08 -1.29049332e+03 9.35485041e+02
3.28282828e-06 1.48989899e-05 1.50000906e+08 -1.26486809e+03 9.95274085e+02
3.78787879e-06 1.48989899e-05 1.50001076e+08 -1.13842016e+03 1.08749032e+03
4.29292929e-06 1.48989899e-05 1.50001221e+08 -9.66071543e+02 1.12056533e+03
4.79797980e-06 1.48989899e-05 1.50001380e+08 -8.89027564e+02 1.09060432e+03
5.30303030e-06 1.48989899e-05 1.50001509e+08 -9.46262054e+02 1.08266032e+03
5.80808081e-06 1.48989899e-05 1.50001563e+08 -1.06447022e+03 1.12997944e+03
6.31313131e-06 1.48989899e-05 1.50001554e+08 -1.18453855e+03 1.20640894e+03
6.81818182e-06 1.48989899e-05 1.50001513e+08 -1.29028110e+03 1.28335538e+03
7.32323232e-06 1.48989899e-05 1.50001464e+08 -1.38453471e+03 1.34673548e+03
7.82828283e-06 1.48989899e-05 1.50001417e+08 -1.47321449e+03 1.39206003e+03
8.33333333e-06 1.48989899e-05 1.50001377e+08 -1.56052330e+03 1.41870603e+03
8.83838384e-06 1.48989899e-05 1.50001343e+08 -1.64845520e+03 1.42706552e+03
9.34343434e-06 1.48989899e-05 1.50001314e+08 -1.73726988e+03 1.41751849e+03
9.84848485e-06 1.48989899e-05 1.50001288e+08 -1.82598344e+03 1.39020225e+03
1.03535354e-05 1.48989899e-05 1.50001262e+08 -1.91271495e+03 1.34507380e+03
1.08585859e-05 1.48989899e-05 1.50001234e+08 -1.99491879e+03 1.28206343e+03
1.13636364e-05 1.48989899e-05 1.50001203e+08 -2.06955533e+03 1.20124583e+03
1.18686869e-05 1.48989899e-05 1.50001165e+08 -2.13324030e+03 1.10300257e+03
1.23737374e-05 1.48989899e-05 1.50001120e+08 -2.18239833e+03 9.88164781e+02
1.28787879e-05 1.48989899e-05 1.50001067e+08 -2.21343430e+03 8.58127502e+02
1.33838384e-05 1.48989899e-05 1.50001005e+08 -2.22292692e+03 7.14927301e+02
1.38888889e-05 1.48989899e-05 1.50000934e+08 -2.20784082e+03 5.61273712e+02
1.43939394e-05 1.48989899e-05 1.50000856e+08 -2.16574688e+03 4.00526304e+02
1.48989899e-05 1.48989899e-05 1.50000771e+08 -2.09503455e+03 2.36611898e+02
1.54040404e-05 1.48989899e-05 1.50000681e+08 -1.99509635e+03 7.38813729e+01
1.59090909e-05 1.48989899e-05 1.50000590e+08 -1.86646326e+03 -8.30880508e+01
1.64141414e-05 1.48989899e-05 1.50000499e+08 -1.71087164e+03 -2.29732039e+02
1.69191919e-05 1.48989899e-05 1.50000414e+08 -1.53124752e+03 -3.61760348e+02
1.74242424e-05 1.48989899e-05 1.50000336e+08 -1.33160208e+03 -4.75415795e+02
1.79292929e-05 1.48989899e-05 1.50000268e+08 -1.11684226e+03 -5.67705118e+02
1.84343434e-05 1.48989899e-05 1.50000214e+08 -8.92510449e+02 -6.36577840e+02
1.89393939e-05 1.48989899e-05 1.50000175e+08 -6.64476138e+02 -6.81034741e+02
1.94444444e-05 1.48989899e-05 1.50000152e+08 -4.38608076e+02 -7.01155806e+02
1.99494949e-05 1.48989899e-05 1.50000146e+08 -2.20457346e+02 -6.98047136e+02
2.04545455e-05 1.48989899e-05 1.50000156e+08 -1.49792355e+01 -6.73715651e+02
2.09595960e-05 1.48989899e-05 1.50000180e+08 1.73684134e+02 -6.30888035e+02
2.14646465e-05 1.48989899e-05 1.50000218e+08 3.42346931e+02 -5.72795086e+02
2.19696970e-05 1.48989899e-05 1.50000267e+08 4.88844198e+02 -5.02944151e+02
2.24747475e-05 1.48989899e-05 1.50000323e+08 6.12022263e+02 -4.24900671e+02
2.29797980e-05 1.48989899e-05 1.50000386e+08 7.11666120e+02 -3.42095887e+02
2.34848485e-05 1.48989899e-05 1.50000451e+08 7.88379347e+02 -2.57672354e+02
2.39898990e-05 1.48989899e-05 1.50000516e+08 8.43433830e+02 -1.74373102e+02
2.44949495e-05 1.48989899e-05 1.50000580e+08 8.78606102e+02 -9.44750120e+01
2.50000000e-05 1.48989899e-05 1.50000640e+08 8.96014824e+02 -1.97627338e+01
-2.50000000e-05 1.54040404e-05 1.50003643e+08 -2.95578191e+03 2.16777615e+03
-2.44949495e-05 1.54040404e-05 1.50004028e+08 -3.27874331e+03 2.39166942e+03
-2.39898990e-05 1.54040404e-05 1.50004476e+08 -3.65527448e+03 2.65028284e+03
-2.34848485e-05 1.54040404e-05 1.50005001e+08 -4.09792619e+03 2.95120453e+03
-2.29797980e-05 1.54040404e-05 1.50005623e+08 -4.62319595e+03 3.30418557e+03
-2.24747475e-05 1.54040404e-05 1.50006364e+08 -5.25313032e+03 3.72189997e+03
-2.19696970e-05 1.54040404e-05 1.50007256e+08 -6.01774727e+03 4.22102002e+03
-2.14646465e-05 1.54040404e-05 1.50008342e+08 -6.95880053e+03 4.82375452e+03
-2.09595960e-05 1.54040404e-05 1.50009679e+08 -8.13581831e+03 5.56006848e+03
-2.04545455e-05 1.54040404e-05 1.50011344e+08 -9.63615660e+03 6.47089998e+03
-1.99494949e-05 1.54040404e-05 1.50013446e+08 -1.15924844e+04 7.61280053e+03
-1.94444444e-05 1.54040404e-05 1.50016136e+08 -1.42148297e+04 9.06447328e+03
-1.89393939e-05 1.54040404e-05 1.50019619e+08 -1.78531553e+04 1.09353945e+04
-1.84343434e-05 1.54040404e-05 1.50024163e+08 -2.31293844e+04 1.33752965e+04
-1.79292929e-05 1.54040404e-05 1.50030047e+08 -3.12435386e+04 1.65795158e+04
-1.74242424e-05 1.54040404e-05 1.50037295e+08 -4.47675546e+04 2.07864415e+04
-1.69191919e-05 1.54040404e-05 1.50044562e+08 -6.99600498e+04 2.63965716e+04
-1.64141414e-05 1.54040404e-05 1.50045600e+08 -1.23932013e+05 3.59503433e+04
-1.59090909e-05 1.54040404e-05 1.50027796e+08 -2.50197373e+05 7.29183716e+04
-1.54040404e-05 1.54040404e-05 1.50039803e+08 -4.69738858e+05 2.54982132e+05
-1.48989899e-05 1.54040404e-05 1.49884628e+08 -6.25049532e+05 1.97107189e+05
-1.43939394e-05 1.54040404e-05 1.49951085e+08 -8.78529608e+05 2.94786328e+05
-1.38888889e-05 1.54040404e-05 1.50043380e+08 -4.78664973e+05 6.65347009e+04
-1.33838384e-05 1.54040404e-05 1.50096394e+08 -1.89209182e+05 4.69222832e+04
-1.28787879e-05 1.54040404e-05 1.50077557e+08 -9.90915343e+04 3.94036181e+04
-1.23737374e-05 1.54040404e-05 1.50056687e+08 -6.11550139e+04 3.01294012e+04
-1.18686869e-05 1.54040404e-05 1.50041873e+08 -4.15044123e+04 2.29064323e+04
-1.13636364e-05 1.54040404e-05 1.50031762e+08 -2.99998712e+04 1.77234069e+04
-1.08585859e-05 1.54040404e-05 1.50024737e+08 -2.26921483e+04 1.40150007e+04
-1.03535354e-05 1.54040404e-05 1.50019720e+08 -1.77669365e+04 1.13161075e+04
-9.84848485e-06 1.54040404e-05 1.50016036e+08 -1.42931983e+04 9.30936812e+03
-9.34343434e-06 1.54040404e-05 1.50013264e+08 -1.17530581e+04 7.78547034e+03
-8.83838384e-06 1.54040404e-05 1.50011132e+08 -9.83998831e+03 6.60573182e+03
-8.33333333e-06 1.54040404e-05 1.50009462e+08 -8.36330817e+03 5.67674631e+03
-7.82828283e-06 1.54040404e-05 1.50008133e+08 -7.19946443e+03 4.93435742e+03
-7.32323232e-06 1.54040404e-05 1.50007060e+08 -6.26563017e+03 4.33363318e+03
-6.81818182e-06 1.54040404e-05 1.50006184e+08 -5.50466689e+03 3.84253915e+03
-6.31313131e-06 1.54040404e-05 1.50005462e+08 -4.87619141e+03 3.43788548e+03
-5.80808081e-06 1.54040404e-05 1.50004863e+08 -4.35107574e+03 3.10269173e+03
-5.30303030e-06 1.54040404e-05 1.50004362e+08 -3.90795469e+03 2.82445819e+03
-4.79797980e-06 1.54040404e-05 1.50003942e+08 -3.53094850e+03 2.59404120e+03
-4.29292929e-06 1.54040404e-05 1.50003589e+08 -3.20814318e+03 2.40496427e+03
-3.78787879e-06 1.54040404e-05 1.50003295e+08 -2.93055323e+03 2.25309846e+03
-3.28282828e-06 1.54040404e-05 1.50003051e+08 -2.69138797e+03 2.13675778e+03
-2.77777778e-06 1.54040404e-05 1.50002854e+08 -2.48547214e+03 2.05745053e+03
-2.27272727e-06 1.54040404e-05 1.50002699e+08 -2.30858561e+03 2.02200661e+03
-1.76767677e-06 1.54040404e-05 1.50002585e+08 -2.15598692e+03 2.04823854e+03
-1.26262626e-06 1.54040404e-05 1.50002501e+08 -2.01674765e+03 2.18138254e+03
-7.57575758e-07 1.54040404e-05 1.50002383e+08 -1.84328659e+03 2.54930167e+03
-2.52525253e-07 1.54040404e-05 1.50001758e+08 -1.32263943e+03 3.54828136e+03
2.52525253e-07 1.54040404e-05 1.49997544e+08 9.55548932e+02 4.07741147e+03
7.57575758e-07 1.54040404e-05 1.49993803e+08 5.12213684e+02 3.58450612e+03
1.26262626e-06 1.54040404e-05 1.49998474e+08 -7.45288619e+02 1.12714798e+03
1.76767677e-06 1.54040404e-05 1.49999832e+08 -1.05435491e+03 5.99587247e+02
2.27272727e-06 1.54040404e-05 1.50000423e+08 -1.20395801e+03 4.80413279e+02
2.77777778e-06 1.54040404e-05 1.50000826e+08 -1.33463658e+03 4.86660100e+02
3.28282828e-06 1.54040404e-05 1.50001155e+08 -1.40274954e+03 6.07058029e+02
3.78787879e-06 1.54040404e-05 1.50001382e+08 -1.26430756e+03 8.17276012e+02
4.29292929e-06 1.54040404e-05 1.50001564e+08 -9.51236305e+02 9.05733161e+02
4.79797980e-06 1.54040404e-05 1.50001793e+08 -8.53090304e+02 8.47087352e+02
5.30303030e-06 1.54040404e-05 1.50001911e+08 -9.97701160e+02 8.81144731e+02
5.80808081e-06 1.54040404e-05 1.50001871e+08 -1.16295249e+03 1.00425740e+03
6.31313131e-06 1.54040404e-05 1.50001762e+08 -1.28193882e+03 1.13089738e+03
6.81818182e-06 1.54040404e-05 1.50001646e+08 -1.36777066e+03 1.22850726e+03
7.32323232e-06 1.54040404e-05 1.50001546e+08 -1.43889062e+03 1.29476055e+03
7.82828283e-06 1.54040404e-05 1.50001466e+08 -1.50594723e+03 1.33450837e+03
8.33333333e-06 1.54040404e-05 1.50001402e+08 -1.57367859e+03 1.35236098e+03
8.83838384e-06 1.54040404e-05 1.50001351e+08 -1.64349615e+03 1.35136729e+03
9.34343434e-06 1.54040404e-05 1.50001309e+08 -1.71500037e+03 1.33325101e+03
9.84848485e-06 1.54040404e-05 1.50001272e+08 -1.78674986e+03 1.29887574e+03
1.03535354e-05 1.54040404e-05 1.50001237e+08 -1.85664750e+03 1.24864361e+03
1.08585859e-05 1.54040404e-05 1.50001201e+08 -1.92215034e+03 1.18279728e+03
1.13636364e-05 1.54040404e-05 1.50001163e+08 -1.98040751e+03 1.10164664e+03
1.18686869e-05 1.54040404e-05 1.50001120e+08 -2.02837753e+03 1.00574154e+03
1.23737374e-05 1.54040404e-05 1.50001071e+08 -2.06294975e+03 8.96002901e+02
1.28787879e-05 1.54040404e-05 1.50001016e+08 -2.08108053e+03 7.73816800e+02
1.33838384e-05 1.54040404e-05 1.50000954e+08 -2.07994607e+03 6.41090713e+02
1.38888889e-05 1.54040404e-05 1.50000884e+08 -2.05710757e+03 5.00268501e+02
1.43939394e-05 1.54040404e-05 1.50000809e+08 -2.01067955e+03 3.54300512e+02
1.48989899e-05 1.54040404e-05 1.50000728e+08 -1.93948852e+03 2.06566780e+02
1.54040404e-05 1.54040404e-05 1.50000645e+08 -1.84320680e+03 6.07547479e+01
1.59090909e-05 1.54040404e-05 1.50000560e+08 -1.72244616e+03 -7.93026178e+01
1.64141414e-05 1.54040404e-05 1.50000477e+08 -1.57879774e+03 -2.09817613e+02
1.69191919e-05 1.54040404e-05 1.50000399e+08 -1.41480872e+03 -3.27252418e+02
1.74242424e-05 1.54040404e-05 1.50000328e+08 -1.23389224e+03 -4.28519581e+02
1.79292929e-05 1.54040404e-05 1.50000266e+08 -1.04017413e+03 -5.11159509e+02
1.84343434e-05 1.54040404e-05 1.50000216e+08 -8.38287314e+02 -5.73477781e+02
1.89393939e-05 1.54040404e-05 1.50000179e+08 -6.33130452e+02 -6.14629080e+02
1.94444444e-05 1.54040404e-05 1.50000156e+08 -4.29611914e+02 -6.34640396e+02
1.99494949e-05 1.54040404e-05 1.50000148e+08 -2.32401033e+02 -6.34372935e+02
2.04545455e-05 1.54040404e-05 1.50000154e+08 -4.57072774e+01 -6.15428792e+02
2.09595960e-05 1.54040404e-05 1.50000173e+08 1.26896198e+02 -5.80013945e+02
2.14646465e-05 1.54040404e-05 1.50000203e+08 2.82593905e+02 -5.30772728e+02
2.19696970e-05 1.54040404e-05 1.50000244e+08 4.19390098e+02 -4.70610342e+02
2.24747475e-05 1.54040404e-05 1.50000293e+08 5.36113618e+02 -4.02519148e+02
2.29797980e-05 1.54040404e-05 1.50000347e+08 6.32372683e+02 -3.29422000e+02
2.34848485e-05 1.54040404e-05 1.50000404e+08 7.08470354e+02 -2.54042200e+02
2.39898990e-05 1.54040404e-05 1.50000463e+08 7.65293141e+02 -1.78805571e+02
2.44949495e-05 1.54040404e-05 1.50000521e+08 8.04185305e+02 -1.05776249e+02
2.50000000e-05 1.54040404e-05 1.50000576e+08 8.26820198e+02 -3.66244901e+01
-2.50000000e-05 1.59090909e-05 1.50003796e+08 -3.17482200e+03 2.29759154e+03
-2.44949495e-05 1.59090909e-05 1.50004207e+08 -3.53167398e+03 2.54111490e+03
-2.39898990e-05 1.59090909e-05 1.50004687e+08 -3.94952316e+03 2.82382830e+03
-2.34848485e-05 1.59090909e-05 1.50005253e+08 -4.44306043e+03 3.15467285e+03
-2.29797980e-05 1.59090909e-05 1.50005926e+08 -5.03169363e+03 3.54527293e+03
-2.24747475e-05 1.59090909e-05 1.50006733e+08 -5.74148506e+03 4.01094482e+03
-2.19696970e-05 1.59090909e-05 1.50007713e+08 -6.60808054e+03 4.57216580e+03
-2.14646465e-05 1.59090909e-05 1.50008916e+08 -7.68125216e+03 5.25675295e+03
-2.09595960e-05 1.59090909e-05 1.50010414e+08 -9.03215025e+03 6.10315583e+03
-2.04545455e-05 1.59090909e-05 1.50012309e+08 -1.07652684e+04 7.16552892e+03
-1.99494949e-05 1.59090909e-05 1.50014749e+08 -1.30389484e+04 8.52169059e+03
-1.94444444e-05 1.59090909e-05 1.50017957e+08 -1.61021137e+04 1.02857947e+04
-1.89393939e-05 1.59090909e-05 1.50022277e+08 -2.03636191e+04 1.26285882e+04
-1.84343434e-05 1.59090909e-05 1.50028260e+08 -2.65317777e+04 1.58089692e+04
-1.79292929e-05 1.59090909e-05 1.50036812e+08 -3.59183083e+04 2.02172681e+04
-1.74242424e-05 1.59090909e-05 1.50049447e+08 -5.11735717e+04 2.64005133e+04
-1.69191919e-05 1.59090909e-05 1.50068550e+08 -7.83534579e+04 3.48508772e+04
-1.64141414e-05 1.59090909e-05 1.50095868e+08 -1.34339005e+05 4.41818703e+04
-1.59090909e-05 1.59090909e-05 1.50109098e+08 -2.87357837e+05 4.15416935e+04
-1.54040404e-05 1.59090909e-05 1.49967916e+08 -8.59744944e+05 1.43711943e+05
-1.48989899e-05 1.59090909e-05 1.75329534e+08 -3.69547508e+07 8.35688128e+06
-1.43939394e-05 1.59090909e-05 1.50110391e+08 -4.84966847e+05 4.22905778e+05
-1.38888889e-05 1.59090909e-05 1.50013364e+08 -3.20969213e+05 1.37814356e+05
-1.33838384e-05 1.59090909e-05 1.50026222e+08 -1.67650530e+05 4.63362770e+04
-1.28787879e-05 1.59090909e-05 1.50037077e+08 -8.99416678e+04 2.73088597e+04
-1.23737374e-05 1.59090909e-05 1.50035538e+08 -5.44110597e+04 2.09805710e+04
-1.18686869e-05 1.59090909e-05 1.50030260e+08 -3.64764950e+04 1.69280678e+04
-1.13636364e-05 1.59090909e-05 1.50024926e+08 -2.62966532e+04 1.38106811e+04
-1.08585859e-05 1.59090909e-05 1.50020449e+08 -1.99506359e+04 1.13740381e+04
-1.03535354e-05 1.59090909e-05 1.50016882e+08 -1.57089594e+04 9.47038506e+03
-9.84848485e-06 1.59090909e-05 1.50014075e+08 -1.27222584e+04 7.97697490e+03
-9.34343434e-06 1.59090909e-05 1.50011861e+08 -1.05335773e+04 6.79576014e+03
-8.83838384e-06 1.59090909e-05 1.50010099e+08 -8.87836948e+03 5.85202140e+03
-8.33333333e-06 1.59090909e-05 1.50008685e+08 -7.59425772e+03 5.09007679e+03
-7.82828283e-06 1.59090909e-05 1.50007537e+08 -6.57678513e+03 4.46869998e+03
-7.32323232e-06 1.59090909e-05 1.50006598e+08 -5.75614520e+03 3.95730743e+03
-6.81818182e-06 1.59090909e-05 1.50005823e+08 -5.08421110e+03 3.53307187e+03
-6.31313131e-06 1.59090909e-05 1.50005179e+08 -4.52694681e+03 3.17882228e+03
-5.80808081e-06 1.59090909e-05 1.50004642e+08 -4.05978546e+03 2.88154036e+03
-5.30303030e-06 1.59090909e-05 1.50004192e+08 -3.66472238e+03 2.63129030e+03
-4.79797980e-06 1.59090909e-05 1.50003817e+08 -3.32844410e+03 2.42045969e+03
-4.29292929e-06 1.59090909e-05 1.50003506e+08 -3.04111572e+03 2.24322571e+03
-3.78787879e-06 1.59090909e-05 1.50003253e+08 -2.79561987e+03 2.09518950e+03
-3.28282828e-06 1.59090909e-05 1.50003055e+08 -2.58715542e+03 1.97314134e+03
-2.77777778e-06 1.59090909e-05 1.50002914e+08 -2.41321697e+03 1.87492671e+03
-2.27272727e-06 1.59090909e-05 1.50002842e+08 -2.27416828e+03 1.79934515e+03
-1.76767677e-06 1.59090909e-05 1.50002864e+08 -2.17512525e+03 1.74575090e+03
-1.26262626e-06 1.59090909e-05 1.50003049e+08 -2.13155023e+03 1.71140396e+03
-7.57575758e-07 1.59090909e-05 1.50003603e+08 -2.18775069e+03 1.67240533e+03
-2.52525253e-07 1.59090909e-05 1.50005399e+08 -2.48150948e+03 1.39179614e+03
2.52525253e-07 1.59090909e-05 1.50014881e+08 -1.66002773e+03 -3.99515854e+03
7.57575758e-07 1.59090909e-05 1.50001300e+08 4.17046191e+03 1.66544711e+04
1.26262626e-06 1.59090909e-05 1.50035789e+08 -7.21889148e+03 7.85938838e+03
1.76767677e-06 1.59090909e-05 1.50005554e+08 7.11692016e+03 -5.54712295e+03
2.27272727e-06 1.59090909e-05 1.49999849e+08 1.48895170e+03 -5.12414746e+02
2.77777778e-06 1.59090909e-05 1.50000601e+08 -8.35805333e+02 3.65014781e+01
3.28282828e-06 1.59090909e-05 1.50001322e+08 -1.51570526e+03 5.54569082e+01
3.78787879e-06 1.59090909e-05 1.50001842e+08 -1.57185207e+03 3.84615698e+02
4.29292929e-06 1.59090909e-05 1.50002153e+08 -8.82163751e+02 6.18187282e+02
4.79797980e-06 1.59090909e-05 1.50002566e+08 -8.55511733e+02 4.88189942e+02
5.30303030e-06 1.59090909e-05 1.50002478e+08 -1.17944221e+03 7.27635673e+02
5.80808081e-06 1.59090909e-05 1.50002180e+08 -1.33666406e+03 9.80733665e+02
6.31313131e-06 1.59090909e-05 1.50001915e+08 -1.40371684e+03 1.14103122e+03
6.81818182e-06 1.59090909e-05 1.50001718e+08 -1.44482726e+03 1.23266521e+03
7.32323232e-06 1.59090909e-05 1.50001575e+08 -1.48335262e+03 1.28173281e+03
7.82828283e-06 1.59090909e-05 1.50001471e+08 -1.52625867e+03 1.30322997e+03
8.33333333e-06 1.59090909e-05 1.50001393e+08 -1.57475188e+03 1.30485643e+03
8.83838384e-06 1.59090909e-05 1.50001332e+08 -1.62794741e+03 1.29039466e+03
9.34343434e-06 1.59090909e-05 1.50001282e+08 -1.68411449e+03 1.26161054e+03
9.84848485e-06 1.59090909e-05 1.50001239e+08 -1.74110973e+03 1.21926702e+03
1.03535354e-05 1.59090909e-05 1.50001198e+08 -1.79653821e+03 1.16368304e+03
1.08585859e-05 1.59090909e-05 1.50001158e+08 -1.84782904e+03 1.09506336e+03
1.13636364e-05 1.59090909e-05 1.50001116e+08 -1.89229304e+03 1.01370919e+03
1.18686869e-05 1.59090909e-05 1.50001070e+08 -1.92718814e+03 9.20161704e+02
1.23737374e-05 1.59090909e-05 1.50001020e+08 -1.94980150e+03 8.15302070e+02
1.28787879e-05 1.59090909e-05 1.50000964e+08 -1.95755025e+03 7.00416950e+02
1.33838384e-05 1.59090909e-05 1.50000902e+08 -1.94809780e+03 5.77231569e+02
1.38888889e-05 1.59090909e-05 1.50000835e+08 -1.91948015e+03 4.47909200e+02
1.43939394e-05 1.59090909e-05 1.50000763e+08 -1.87023313e+03 3.15015374e+02
1.48989899e-05 1.59090909e-05 1.50000687e+08 -1.79951022e+03 1.81446397e+02
1.54040404e-05 1.59090909e-05 1.50000610e+08 -1.70717914e+03 5.03241721e+01
1.59090909e-05 1.59090909e-05 1.50000532e+08 -1.59388589e+03 -7.51374295e+01
1.64141414e-05 1.59090909e-05 1.50000456e+08 -1.46107659e+03 -1.91786062e+02
1.69191919e-05 1.59090909e-05 1.50000384e+08 -1.31097078e+03 -2.96692731e+02
1.74242424e-05 1.59090909e-05 1.50000319e+08 -1.14648416e+03 -3.87308551e+02
1.79292929e-05 1.59090909e-05 1.50000262e+08 -9.71104000e+02 -4.61602638e+02
1.84343434e-05 1.59090909e-05 1.50000216e+08 -7.88725334e+02 -5.18168648e+02
1.89393939e-05 1.59090909e-05 1.50000181e+08 -6.03460619e+02 -5.56290412e+02
1.94444444e-05 1.59090909e-05 1.50000158e+08 -4.19438023e+02 -5.75961307e+02
1.99494949e-05 1.59090909e-05 1.50000148e+08 -2.40604732e+02 -5.77856818e+02
2.04545455e-05 1.59090909e-05 1.50000151e+08 -7.05505079e+01 -5.63264505e+02
2.09595960e-05 1.59090909e-05 1.50000166e+08 8.76360199e+01 -5.33979596e+02
2.14646465e-05 1.59090909e-05 1.50000191e+08 2.31469877e+02 -4.92177146e+02
2.19696970e-05 1.59090909e-05 1.50000225e+08 3.59127245e+02 -4.40272938e+02
2.24747475e-05 1.59090909e-05 1.50000266e+08 4.69458642e+02 -3.80784976e+02
2.29797980e-05 1.59090909e-05 1.50000314e+08 5.61962362e+02 -3.16205860e+02
2.34848485e-05 1.59090909e-05 1.50000364e+08 6.36725563e+02 -2.48893830e+02
2.39898990e-05 1.59090909e-05 1.50000417e+08 6.94341971e+02 -1.80987409e+02
2.44949495e-05 1.59090909e-05 1.50000469e+08 7.35815593e+02 -1.14345696e+02
2.50000000e-05 1.59090909e-05 1.50000520e+08 7.62459206e+02 -5.05138014e+01
-2.50000000e-05 1.64141414e-05 1.50003803e+08 -3.40189239e+03 2.32542169e+03
-2.44949495e-05 1.64141414e-05 1.50004207e+08 -3.79381603e+03 2.56599117e+03
-2.39898990e-05 1.64141414e-05 1.50004678e+08 -4.25434030e+03 2.84363556e+03
-2.34848485e-05 1.64141414e-05 1.50005230e+08 -4.80029869e+03 3.16622410e+03
-2.29797980e-05 1.64141414e-05 1.50005882e+08 -5.45398555e+03 3.54373192e+03
-2.24747475e-05 1.64141414e-05 1.50006659e+08 -6.24540024e+03 3.98889758e+03
-2.19696970e-05 1.64141414e-05 1.50007592e+08 -7.21562696e+03 4.51809624e+03
-2.14646465e-05 1.64141414e-05 1.50008725e+08 -8.42204556e+03 5.15248026e+03
-2.09595960e-05 1.64141414e-05 1.50010116e+08 -9.94657556e+03 5.91941162e+03
-2.04545455e-05 1.64141414e-05 1.50011844e+08 -1.19091003e+04 6.85409407e+03
-1.99494949e-05 1.64141414e-05 1.50014019e+08 -1.44900427e+04 8.00094226e+03
-1.94444444e-05 1.64141414e-05 1.50016796e+08 -1.79697335e+04 9.41313074e+03
-1.89393939e-05 1.64141414e-05 1.50020397e+08 -2.27999388e+04 1.11455757e+04
-1.84343434e-05 1.64141414e-05 1.50025139e+08 -2.97400817e+04 1.32271157e+04
-1.79292929e-05 1.64141414e-05 1.50031475e+08 -4.01314091e+04 1.55681747e+04
-1.74242424e-05 1.64141414e-05 1.50040042e+08 -5.64881552e+04 1.76621703e+04
-1.69191919e-05 1.64141414e-05 1.50051702e+08 -8.39043724e+04 1.75785114e+04
-1.64141414e-05 1.64141414e-05 1.50067751e+08 -1.34073193e+05 8.17507261e+03
-1.59090909e-05 1.64141414e-05 1.50093661e+08 -2.43246550e+05 -4.12847285e+04
-1.54040404e-05 1.64141414e-05 1.50211232e+08 -8.19598954e+05 -4.39526247e+05
-1.48989899e-05 1.64141414e-05 1.50225696e+08 1.89168964e+05 7.12335568e+05
-1.43939394e-05 1.64141414e-05 1.49975343e+08 -1.62373229e+05 2.55769253e+05
-1.38888889e-05 1.64141414e-05 1.49954666e+08 -1.77974717e+05 1.04370399e+05
-1.33838384e-05 1.64141414e-05 1.49970897e+08 -1.27434317e+05 3.61403206e+04
-1.28787879e-05 1.64141414e-05 1.49992588e+08 -8.03818065e+04 1.46582957e+04
-1.23737374e-05 1.64141414e-05 1.50005553e+08 -5.11948410e+04 9.46890963e+03
-1.18686869e-05 1.64141414e-05 1.50011042e+08 -3.44870799e+04 8.19484586e+03
-1.13636364e-05 1.64141414e-05 1.50012546e+08 -2.46703096e+04 7.55801367e+03
-1.08585859e-05 1.64141414e-05 1.50012277e+08 -1.85660040e+04 6.93547982e+03
-1.03535354e-05 1.64141414e-05 1.50011326e+08 -1.45406885e+04 6.28629828e+03
-9.84848485e-06 1.64141414e-05 1.50010186e+08 -1.17459506e+04 5.65265995e+03
-9.34343434e-06 1.64141414e-05 1.50009065e+08 -9.72094006e+03 5.06598741e+03
-8.83838384e-06 1.64141414e-05 1.50008042e+08 -8.20172646e+03 4.53985600e+03
-8.33333333e-06 1.64141414e-05 1.50007140e+08 -7.02920965e+03 4.07642409e+03
-7.82828283e-06 1.64141414e-05 1.50006356e+08 -6.10296199e+03 3.67211658e+03
-7.32323232e-06 1.64141414e-05 1.50005682e+08 -5.35700690e+03 3.32103032e+03
-6.81818182e-06 1.64141414e-05 1.50005104e+08 -4.74650359e+03 3.01670552e+03
-6.31313131e-06 1.64141414e-05 1.50004609e+08 -4.24009984e+03 2.75295049e+03
-5.80808081e-06 1.64141414e-05 1.50004188e+08 -3.81536349e+03 2.52416077e+03
-5.30303030e-06 1.64141414e-05 1.50003830e+08 -3.45595790e+03 2.32537657e+03
-4.79797980e-06 1.64141414e-05 1.50003529e+08 -3.14984589e+03 2.15219967e+03
-4.29292929e-06 1.64141414e-05 1.50003281e+08 -2.88812400e+03 2.00061423e+03
-3.78787879e-06 1.64141414e-05 1.50003082e+08 -2.66425572e+03 1.86669401e+03
-3.28282828e-06 1.64141414e-05 1.50002933e+08 -2.47355457e+03 1.74609702e+03
-2.77777778e-06 1.64141414e-05 1.50002841e+08 -2.31277142e+03 1.63307679e+03
-2.27272727e-06 1.64141414e-05 1.50002818e+08 -2.17946648e+03 1.51830069e+03
-1.76767677e-06 1.64141414e-05 1.50002891e+08 -2.06997796e+03 1.38354624e+03
-1.26262626e-06 1.64141414e-05 1.50003107e+08 -1.97065287e+03 1.18814264e+03
-7.57575758e-07 1.64141414e-05 1.50003532e+08 -1.81670999e+03 8.39595478e+02
-2.52525253e-07 1.64141414e-05 1.50003993e+08 -1.33808458e+03 2.49900302e+02
2.52525253e-07 1.64141414e-05 1.50003143e+08 -9.81144971e+02 4.31720804e+02
7.57575758e-07 1.64141414e-05 1.50002263e+08 -1.68875193e+03 -2.99458944e+02
1.26262626e-06 1.64141414e-05 1.50001215e+08 6.25961896e+02 -1.35614831e+03
1.76767677e-06 1.64141414e-05 1.50006459e+08 5.18676947e+03 -5.66339859e+03
2.27272727e-06 1.64141414e-05 1.50027482e+08 -4.45728352e+03 8.88980405e+03
2.77777778e-06 1.64141414e-05 1.50006126e+08 2.36111691e+03 2.03323953e+04
3.28282828e-06 1.64141414e-05 1.50008617e+08 5.04647655e+00 -5.73389900e+03
3.78787879e-06 1.64141414e-05 1.50003983e+08 -1.14562503e+03 -3.15141300e+03
4.29292929e-06 1.64141414e-05 1.50003758e+08 4.09374924e+01 -2.60752508e+02
4.79797980e-06 1.64141414e-05 1.50004151e+08 -1.36573413e+03 2.43024220e+02
5.30303030e-06 1.64141414e-05 1.50002961e+08 -1.56025297e+03 9.50404064e+02
5.80808081e-06 1.64141414e-05 1.50002287e+08 -1.52626056e+03 1.18652890e+03
6.31313131e-06 1.64141414e-05 1.50001909e+08 -1.49604723e+03 1.27004584e+03
6.81818182e-06 1.64141414e-05 1.50001679e+08 -1.48839716e+03 1.29874250e+03
7.32323232e-06 1.64141414e-05 1.50001528e+08 -1.49942794e+03 1.30279424e+03
7.82828283e-06 1.64141414e-05 1.50001422e+08 -1.52412847e+03 1.29241911e+03
8.33333333e-06 1.64141414e-05 1.50001344e+08 -1.55846365e+03 1.27115983e+03
8.83838384e-06 1.64141414e-05 1.50001284e+08 -1.59917814e+03 1.24008521e+03
9.34343434e-06 1.64141414e-05 1.50001234e+08 -1.64346059e+03 1.19930895e+03
9.84848485e-06 1.64141414e-05 1.50001189e+08 -1.68871508e+03 1.14861465e+03
1.03535354e-05 1.64141414e-05 1.50001148e+08 -1.73243132e+03 1.08775071e+03
1.08585859e-05 1.64141414e-05 1.50001106e+08 -1.77212418e+03 1.01659213e+03
1.13636364e-05 1.64141414e-05 1.50001063e+08 -1.80532220e+03 9.35242657e+02
1.18686869e-05 1.64141414e-05 1.50001016e+08 -1.82959205e+03 8.44105493e+02
1.23737374e-05 1.64141414e-05 1.50000966e+08 -1.84259091e+03 7.43932171e+02
1.28787879e-05 1.64141414e-05 1.50000911e+08 -1.84214009e+03 6.35851569e+02
1.33838384e-05 1.64141414e-05 1.50000851e+08 -1.82631367e+03 5.21377618e+02
1.38888889e-05 1.64141414e-05 1.50000787e+08 -1.79353501e+03 4.02393387e+02
1.43939394e-05 1.64141414e-05 1.50000719e+08 -1.74267324e+03 2.81109654e+02
1.48989899e-05 1.64141414e-05 1.50000648e+08 -1.67313088e+03 1.59997576e+02
1.54040404e-05 1.64141414e-05 1.50000576e+08 -1.58491354e+03 4.16971687e+01
1.59090909e-05 1.64141414e-05 1.50000504e+08 -1.47867330e+03 -7.10941758e+01
1.64141414e-05 1.64141414e-05 1.50000434e+08 -1.35571887e+03 -1.75746440e+02
1.69191919e-05 1.64141414e-05 1.50000369e+08 -1.21798820e+03 -2.69826277e+02
1.74242424e-05 1.64141414e-05 1.50000309e+08 -1.06798247e+03 -3.51220860e+02
1.79292929e-05 1.64141414e-05 1.50000257e+08 -9.08664412e+02 -4.18246147e+02
1.84343434e-05 1.64141414e-05 1.50000214e+08 -7.43326961e+02 -4.69730429e+02
1.89393939e-05 1.64141414e-05 1.50000181e+08 -5.75441923e+02 -5.05066225e+02
1.94444444e-05 1.64141414e-05 1.50000159e+08 -4.08499901e+02 -5.24226562e+02
1.99494949e-05 1.64141414e-05 1.50000148e+08 -2.45853637e+02 -5.27745197e+02
2.04545455e-05 1.64141414e-05 1.50000148e+08 -9.05762040e+01 -5.16663721e+02
2.09595960e-05 1.64141414e-05 1.50000159e+08 5.46564622e+01 -4.92451466e+02
2.14646465e-05 1.64141414e-05 1.50000179e+08 1.87652002e+02 -4.56906194e+02
2.19696970e-05 1.64141414e-05 1.50000208e+08 3.06753679e+02 -4.12044567e+02
2.24747475e-05 1.64141414e-05 1.50000244e+08 4.10857971e+02 -3.59991374e+02
2.29797980e-05 1.64141414e-05 1.50000285e+08 4.99400577e+02 -3.02875482e+02
2.34848485e-05 1.64141414e-05 1.50000329e+08 5.72315920e+02 -2.42738833e+02
2.39898990e-05 1.64141414e-05 1.50000376e+08 6.29976605e+02 -1.81462732e+02
2.44949495e-05 1.64141414e-05 1.50000423e+08 6.73119829e+02 -1.20713612e+02
2.50000000e-05 1.64141414e-05 1.50000470e+08 7.02767511e+02 -6.19084790e+01
-2.50000000e-05 1.69191919e-05 1.50003667e+08 -3.61611792e+03 2.24356242e+03
-2.44949495e-05 1.69191919e-05 1.50004035e+08 -4.03837617e+03 2.45690453e+03
-2.39898990e-05 1.69191919e-05 1.50004457e+08 -4.53490410e+03 2.69819177e+03
-2.34848485e-05 1.69191919e-05 1.50004944e+08 -5.12375870e+03 2.97168272e+03
-2.29797980e-05 1.69191919e-05 1.50005508e+08 -5.82869161e+03 3.28204445e+03
-2.24747475e-05 1.69191919e-05 1.50006164e+08 -6.68136949e+03 3.63406802e+03
-2.19696970e-05 1.69191919e-05 1.50006930e+08 -7.72462587e+03 4.03198642e+03
-2.14646465e-05 1.69191919e-05 1.50007826e+08 -9.01729586e+03 4.47798203e+03
-2.09595960e-05 1.69191919e-05 1.50008875e+08 -1.06415078e+04 4.96903383e+03
-2.04545455e-05 1.69191919e-05 1.50010099e+08 -1.27138152e+04 5.49031344e+03
-1.99494949e-05 1.69191919e-05 1.50011512e+08 -1.54023090e+04 6.00123840e+03
-1.94444444e-05 1.69191919e-05 1.50013104e+08 -1.89527965e+04 6.40540532e+03
-1.89393939e-05 1.69191919e-05 1.50014800e+08 -2.37274939e+04 6.48369362e+03
-1.84343434e-05 1.69191919e-05 1.50016358e+08 -3.02555874e+04 5.73890614e+03
-1.79292929e-05 1.69191919e-05 1.50017122e+08 -3.92686672e+04 3.01402282e+03
-1.74242424e-05 1.69191919e-05 1.50015361e+08 -5.15609681e+04 -4.51872983e+03
-1.69191919e-05 1.69191919e-05 1.50006379e+08 -6.68156983e+04 -2.43205317e+04
-1.64141414e-05 1.69191919e-05 1.49976658e+08 -7.61212867e+04 -7.83425339e+04
-1.59090909e-05 1.69191919e-05 1.49891553e+08 -5.94748103e+03 -2.34661392e+05
-1.54040404e-05 1.69191919e-05 1.49905211e+08 5.85841385e+05 -4.01042302e+05
-1.48989899e-05 1.69191919e-05 1.50082275e+08 3.98349435e+05 2.58992814e+05
-1.43939394e-05 1.69191919e-05 1.49928054e+08 -2.79384390e+04 1.61554006e+05
-1.38888889e-05 1.69191919e-05 1.49926027e+08 -9.94625090e+04 7.73067420e+04
-1.33838384e-05 1.69191919e-05 1.49944274e+08 -9.33227371e+04 3.08160420e+04
-1.28787879e-05 1.69191919e-05 1.49965649e+08 -6.97201386e+04 1.04099494e+04
-1.23737374e-05 1.69191919e-05 1.49982567e+08 -4.87752146e+04 3.72660914e+03
-1.18686869e-05 1.69191919e-05 1.49993483e+08 -3.41854892e+04 2.34462669e+03
-1.13636364e-05 1.69191919e-05 1.49999758e+08 -2.46728642e+04 2.48160632e+03
-1.08585859e-05 1.69191919e-05 1.50003082e+08 -1.84749926e+04 2.83794227e+03
-1.03535354e-05 1.69191919e-05 1.50004687e+08 -1.43323207e+04 3.07490154e+03
-9.84848485e-06 1.69191919e-05 1.50005336e+08 -1.14665928e+04 3.15716494e+03
-9.34343434e-06 1.69191919e-05 1.50005469e+08 -9.41329152e+03 3.12319679e+03
-8.83838384e-06 1.69191919e-05 1.50005334e+08 -7.89345233e+03 3.01668009e+03
-8.33333333e-06 1.69191919e-05 1.50005070e+08 -6.73568034e+03 2.87074887e+03
-7.82828283e-06 1.69191919e-05 1.50004752e+08 -5.83156418e+03 2.70740563e+03
-7.32323232e-06 1.69191919e-05 1.50004423e+08 -5.11041432e+03 2.54025218e+03
-6.81818182e-06 1.69191919e-05 1.50004104e+08 -4.52476863e+03 2.37720671e+03
-6.31313131e-06 1.69191919e-05 1.50003808e+08 -4.04188987e+03 2.22251470e+03
-5.80808081e-06 1.69191919e-05 1.50003540e+08 -3.63864550e+03 2.07808230e+03
-5.30303030e-06 1.69191919e-05 1.50003303e+08 -3.29833533e+03 1.94429832e+03
-4.79797980e-06 1.69191919e-05 1.50003098e+08 -3.00866182e+03 1.82048913e+03
-4.29292929e-06 1.69191919e-05 1.50002926e+08 -2.76037213e+03 1.70509378e+03
-3.78787879e-06 1.69191919e-05 1.50002789e+08 -2.54626746e+03 1.59558544e+03
-3.28282828e-06 1.69191919e-05 1.50002688e+08 -2.36032599e+03 1.48809703e+03
-2.77777778e-06 1.69191919e-05 1.50002628e+08 -2.19660418e+03 1.37663763e+03
-2.27272727e-06 1.69191919e-05 1.50002616e+08 -2.04725811e+03 1.25178406e+03
-1.76767677e-06 1.69191919e-05 1.50002655e+08 -1.89824342e+03 1.09931374e+03
-1.26262626e-06 1.69191919e-05 1.50002736e+08 -1.72053363e+03 9.03063145e+02
-7.57575758e-07 1.69191919e-05 1.50002788e+08 -1.46442518e+03 6.73254039e+02
-2.52525253e-07 1.69191919e-05 1.50002616e+08 -1.15126734e+03 5.41971869e+02
2.52525253e-07 1.69191919e-05 1.50002189e+08 -1.20999525e+03 6.28053898e+02
7.57575758e-07 1.69191919e-05 1.50001859e+08 -1.63684614e+03 4.35389823e+02
1.26262626e-06 1.69191919e-05 1.50001418e+08 -1.64686720e+03 1.42600923e+02
1.76767677e-06 1.69191919e-05 1.50000870e+08 -1.40158548e+03 9.66847944e+01
2.27272727e-06 1.69191919e-05 1.50000090e+08 -9.88851416e+02 3.44516915e+02
2.77777778e-06 1.69191919e-05 1.49998174e+08 5.82300730e+02 1.13126346e+03
3.28282828e-06 1.69191919e-05 1.49995342e+08 8.36723502e+03 1.29101964e+02
3.78787879e-06 1.69191919e-05 1.50061790e+08 3.69293126e+03 -2.92569375e+04
4.29292929e-06 1.69191919e-05 1.50008918e+08 -3.57119469e+03 6.69585017e+03
4.79797980e-06 1.69191919e-05 1.50003576e+08 -1.97678940e+03 2.40225330e+03
5.30303030e-06 1.69191919e-05 1.50002411e+08 -1.64317662e+03 1.80017193e+03
5.80808081e-06 1.69191919e-05 1.50001931e+08 -1.52386731e+03 1.57620272e+03
6.31313131e-06 1.69191919e-05 1.50001673e+08 -1.47693577e+03 1.46072221e+03
6.81818182e-06 1.69191919e-05 1.50001512e+08 -1.46469733e+03 1.38794631e+03
7.32323232e-06 1.69191919e-05 1.50001402e+08 -1.47253114e+03 1.33372293e+03
7.82828283e-06 1.69191919e-05 1.50001322e+08 -1.49314989e+03 1.28690363e+03
8.33333333e-06 1.69191919e-05 1.50001260e+08 -1.52212329e+03 1.24148335e+03
8.83838384e-06 1.69191919e-05 1.50001209e+08 -1.55626770e+03 1.19385051e+03
9.34343434e-06 1.69191919e-05 1.50001165e+08 -1.59297076e+03 1.14167015e+03
9.84848485e-06 1.69191919e-05 1.50001125e+08 -1.62988060e+03 1.08338713e+03
1.03535354e-05 1.69191919e-05 1.50001086e+08 -1.66475951e+03 1.01799540e+03
1.08585859e-05 1.69191919e-05 1.50001046e+08 -1.69542240e+03 9.44931576e+02
1.13636364e-05 1.69191919e-05 1.50001003e+08 -1.71972518e+03 8.64028976e+02
1.18686869e-05 1.69191919e-05 1.50000958e+08 -1.73558592e+03 7.75500258e+02
1.23737374e-05 1.69191919e-05 1.50000909e+08 -1.74102937e+03 6.79930539e+02
1.28787879e-05 1.69191919e-05 1.50000856e+08 -1.73424799e+03 5.78269819e+02
1.33838384e-05 1.69191919e-05 1.50000799e+08 -1.71367380e+03 4.71817055e+02
1.38888889e-05 1.69191919e-05 1.50000739e+08 -1.67805501e+03 3.62190732e+02
1.43939394e-05 1.69191919e-05 1.50000675e+08 -1.62653082e+03 2.51282822e+02
1.48989899e-05 1.69191919e-05 1.50000609e+08 -1.55869773e+03 1.41195039e+02
1.54040404e-05 1.69191919e-05 1.50000543e+08 -1.47466046e+03 3.41584428e+01
1.59090909e-05 1.69191919e-05 1.50000477e+08 -1.37506131e+03 -6.75604884e+01
1.64141414e-05 1.69191919e-05 1.50000413e+08 -1.26108311e+03 -1.61762269e+02
1.69191919e-05 1.69191919e-05 1.50000353e+08 -1.13442291e+03 -2.46418743e+02
1.74242424e-05 1.69191919e-05 1.50000298e+08 -9.97235930e+02 -3.19771926e+02
1.79292929e-05 1.69191919e-05 1.50000250e+08 -8.52052201e+02 -3.80419887e+02
1.84343434e-05 1.69191919e-05 1.50000210e+08 -7.01670722e+02 -4.27382955e+02
1.89393939e-05 1.69191919e-05 1.50000179e+08 -5.49038313e+02 -4.60145182e+02
1.94444444e-05 1.69191919e-05 1.50000158e+08 -3.97121703e+02 -4.78668142e+02
1.99494949e-05 1.69191919e-05 1.50000146e+08 -2.48781958e+02 -4.83376684e+02
2.04545455e-05 1.69191919e-05 1.50000145e+08 -1.06659864e+02 -4.75118762e+02
2.09595960e-05 1.69191919e-05 1.50000152e+08 2.69204291e+01 -4.55103615e+02
2.14646465e-05 1.69191919e-05 1.50000169e+08 1.50024234e+02 -4.24824186e+02
2.19696970e-05 1.69191919e-05 1.50000193e+08 2.61152720e+02 -3.85970478e+02
2.24747475e-05 1.69191919e-05 1.50000223e+08 3.59262422e+02 -3.40340668e+02
2.29797980e-05 1.69191919e-05 1.50000259e+08 4.43759594e+02 -2.89756182e+02
2.34848485e-05 1.69191919e-05 1.50000298e+08 5.14472909e+02 -2.35985798e+02
2.39898990e-05 1.69191919e-05 1.50000340e+08 5.71609151e+02 -1.80682417e+02
2.44949495e-05 1.69191919e-05 1.50000383e+08 6.15697112e+02 -1.25334582e+02
2.50000000e-05 1.69191919e-05 1.50000425e+08 6.47524880e+02 -7.12333665e+01
-2.50000000e-05 1.74242424e-05 1.50003402e+08 -3.79643519e+03 2.05337725e+03
-2.44949495e-05 1.74242424e-05 1.50003707e+08 -4.23853845e+03 2.21667552e+03
-2.39898990e-05 1.74242424e-05 1.50004048e+08 -4.75670415e+03 2.39267746e+03
-2.34848485e-05 1.74242424e-05 1.50004430e+08 -5.36850833e+03 2.58005463e+03
-2.29797980e-05 1.74242424e-05 1.50004854e+08 -6.09657416e+03 2.77545378e+03
-2.24747475e-05 1.74242424e-05 1.50005324e+08 -6.97023837e+03 2.97197421e+03
-2.19696970e-05 1.74242424e-05 1.50005837e+08 -8.02777763e+03 3.15652368e+03
-2.14646465e-05 1.74242424e-05 1.50006386e+08 -9.31931226e+03 3.30516337e+03
-2.09595960e-05 1.74242424e-05 1.50006952e+08 -1.09103844e+04 3.37477195e+03
-2.04545455e-05 1.74242424e-05 1.50007490e+08 -1.28857671e+04 3.28781928e+03
-1.99494949e-05 1.74242424e-05 1.50007914e+08 -1.53517104e+04 2.90392455e+03
-1.94444444e-05 1.74242424e-05 1.50008056e+08 -1.84309090e+04 1.96541975e+03
-1.89393939e-05 1.74242424e-05 1.50007589e+08 -2.22331628e+04 -9.47490036e+00
-1.84343434e-05 1.74242424e-05 1.50005891e+08 -2.67513652e+04 -3.94101420e+03
-1.79292929e-05 1.74242424e-05 1.50001769e+08 -3.15305926e+04 -1.16226230e+04
-1.74242424e-05 1.74242424e-05 1.49993025e+08 -3.46333924e+04 -2.65745812e+04
-1.69191919e-05 1.74242424e-05 1.49976146e+08 -2.93768941e+04 -5.53866109e+04
-1.64141414e-05 1.74242424e-05 1.49949184e+08 5.45150663e+03 -1.06927008e+05
-1.59090909e-05 1.74242424e-05 1.49934025e+08 1.21989565e+05 -1.66981616e+05
-1.54040404e-05 1.74242424e-05 1.50009469e+08 3.10614939e+05 -1.03397369e+05
-1.48989899e-05 1.74242424e-05 1.50068322e+08 2.49439930e+05 9.58523692e+04
-1.43939394e-05 1.74242424e-05 1.49997195e+08 4.75169646e+04 1.22872647e+05
-1.38888889e-05 1.74242424e-05 1.49955017e+08 -4.31845999e+04 7.41618851e+04
-1.33838384e-05 1.74242424e-05 1.49950086e+08 -6.28402655e+04 3.53954993e+04
-1.28787879e-05 1.74242424e-05 1.49959662e+08 -5.66102477e+04 1.39820870e+04
-1.23737374e-05 1.74242424e-05 1.49972030e+08 -4.44022424e+04 4.36315574e+03
-1.18686869e-05 1.74242424e-05 1.49982554e+08 -3.33045615e+04 9.20988466e+02
-1.13636364e-05 1.74242424e-05 1.49990186e+08 -2.48906381e+04 1.57946987e+02
-1.08585859e-05 1.74242424e-05 1.49995289e+08 -1.88900472e+04 3.47522387e+02
-1.03535354e-05 1.74242424e-05 1.49998542e+08 -1.46681025e+04 7.63674503e+02
-9.84848485e-06 1.74242424e-05 1.50000547e+08 -1.16723861e+04 1.14639322e+03
-9.34343434e-06 1.74242424e-05 1.50001741e+08 -9.50705494e+03 1.42685643e+03
-8.83838384e-06 1.74242424e-05 1.50002420e+08 -7.90644645e+03 1.60535916e+03
-8.33333333e-06 1.74242424e-05 1.50002776e+08 -6.69562321e+03 1.70208730e+03
-7.82828283e-06 1.74242424e-05 1.50002931e+08 -5.75916648e+03 1.73913040e+03
-7.32323232e-06 1.74242424e-05 1.50002965e+08 -5.02000009e+03 1.73495434e+03
-6.81818182e-06 1.74242424e-05 1.50002928e+08 -4.42577195e+03 1.70346801e+03
-6.31313131e-06 1.74242424e-05 1.50002851e+08 -3.94023559e+03 1.65456126e+03
-5.80808081e-06 1.74242424e-05 1.50002754e+08 -3.53778426e+03 1.59494560e+03
-5.30303030e-06 1.74242424e-05 1.50002653e+08 -3.19993709e+03 1.52890239e+03
-4.79797980e-06 1.74242424e-05 1.50002555e+08 -2.91302168e+03 1.45883244e+03
-4.29292929e-06 1.74242424e-05 1.50002467e+08 -2.66657163e+03 1.38560003e+03
-3.78787879e-06 1.74242424e-05 1.50002393e+08 -2.45210916e+03 1.30869602e+03
-3.28282828e-06 1.74242424e-05 1.50002338e+08 -2.26204836e+03 1.22627462e+03
-2.77777778e-06 1.74242424e-05 1.50002301e+08 -2.08846120e+03 1.13522305e+03
-2.27272727e-06 1.74242424e-05 1.50002283e+08 -1.92149472e+03 1.03178180e+03
-1.76767677e-06 1.74242424e-05 1.50002272e+08 -1.74779886e+03 9.14260612e+02
-1.26262626e-06 1.74242424e-05 1.50002242e+08 -1.55242769e+03 7.91415135e+02
-7.57575758e-07 1.74242424e-05 1.50002138e+08 -1.33806012e+03 6.98540746e+02
-2.52525253e-07 1.74242424e-05 1.50001915e+08 -1.18069070e+03 6.91302863e+02
2.52525253e-07 1.74242424e-05 1.50001635e+08 -1.22373560e+03 7.33052190e+02
7.57575758e-07 1.74242424e-05 1.50001386e+08 -1.40330726e+03 6.63636875e+02
1.26262626e-06 1.74242424e-05 1.50001093e+08 -1.46326725e+03 5.08858790e+02
1.76767677e-06 1.74242424e-05 1.50000702e+08 -1.36184364e+03 4.15196225e+02
2.27272727e-06 1.74242424e-05 1.50000212e+08 -1.19246456e+03 4.26379367e+02
2.77777778e-06 1.74242424e-05 1.49999549e+08 -1.01778154e+03 5.60246654e+02
3.28282828e-06 1.74242424e-05 1.49998457e+08 -9.40201724e+02 1.00520067e+03
3.78787879e-06 1.74242424e-05 1.49996747e+08 -1.77083966e+03 2.51633382e+03
4.29292929e-06 1.74242424e-05 1.49998421e+08 -5.28563660e+01 2.14008050e+03
4.79797980e-06 1.74242424e-05 1.50000345e+08 -5.63053782e+02 2.78251693e+03
5.30303030e-06 1.74242424e-05 1.50001118e+08 -1.11400435e+03 2.17127093e+03
5.80808081e-06 1.74242424e-05 1.50001283e+08 -1.27823868e+03 1.78589908e+03
6.31313131e-06 1.74242424e-05 1.50001292e+08 -1.33998808e+03 1.56830432e+03
6.81818182e-06 1.74242424e-05 1.50001261e+08 -1.37556779e+03 1.43376004e+03
7.32323232e-06 1.74242424e-05 1.50001223e+08 -1.40565969e+03 1.34043917e+03
7.82828283e-06 1.74242424e-05 1.50001185e+08 -1.43608446e+03 1.26766893e+03
8.33333333e-06 1.74242424e-05 1.50001149e+08 -1.46805730e+03 1.20443333e+03
8.83838384e-06 1.74242424e-05 1.50001115e+08 -1.50114496e+03 1.14440306e+03
9.34343434e-06 1.74242424e-05 1.50001082e+08 -1.53423608e+03 1.08371980e+03
9.84848485e-06 1.74242424e-05 1.50001049e+08 -1.56589910e+03 1.01995159e+03
1.03535354e-05 1.74242424e-05 1.50001015e+08 -1.59453421e+03 9.51575615e+02
1.08585859e-05 1.74242424e-05 1.50000979e+08 -1.61845426e+03 8.77712841e+02
1.13636364e-05 1.74242424e-05 1.50000940e+08 -1.63594330e+03 7.97988443e+02
1.18686869e-05 1.74242424e-05 1.50000897e+08 -1.64531133e+03 7.12455783e+02
1.23737374e-05 1.74242424e-05 1.50000851e+08 -1.64495207e+03 6.21551183e+02
1.28787879e-05 1.74242424e-05 1.50000801e+08 -1.63340494e+03 5.26060796e+02
1.33838384e-05 1.74242424e-05 1.50000747e+08 -1.60942011e+03 4.27088374e+02
1.38888889e-05 1.74242424e-05 1.50000691e+08 -1.57202348e+03 3.26017041e+02
1.43939394e-05 1.74242424e-05 1.50000632e+08 -1.52057744e+03 2.24461149e+02
1.48989899e-05 1.74242424e-05 1.50000571e+08 -1.45483276e+03 1.24206634e+02
1.54040404e-05 1.74242424e-05 1.50000509e+08 -1.37496681e+03 2.71402781e+01
1.59090909e-05 1.74242424e-05 1.50000449e+08 -1.28160380e+03 -6.48298762e+01
1.64141414e-05 1.74242424e-05 1.50000390e+08 -1.17581374e+03 -1.49859218e+02
1.69191919e-05 1.74242424e-05 1.50000336e+08 -1.05908819e+03 -2.26251463e+02
1.74242424e-05 1.74242424e-05 1.50000285e+08 -9.33293005e+02 -2.92538249e+02
1.79292929e-05 1.74242424e-05 1.50000241e+08 -8.00599850e+02 -3.47547877e+02
1.84343434e-05 1.74242424e-05 1.50000204e+08 -6.63400477e+02 -3.90458284e+02
1.89393939e-05 1.74242424e-05 1.50000175e+08 -5.24209201e+02 -4.20830484e+02
1.94444444e-05 1.74242424e-05 1.50000155e+08 -3.85560063e+02 -4.38620334e+02
1.99494949e-05 1.74242424e-05 1.50000143e+08 -2.49905567e+02 -4.44168318e+02
2.04545455e-05 1.74242424e-05 1.50000140e+08 -1.19523578e+02 -4.38168870e+02
2.09595960e-05 1.74242424e-05 1.50000146e+08 3.56200461e+00 -4.21622394e+02
2.14646465e-05 1.74242424e-05 1.50000159e+08 1.17642604e+02 -3.95774322e+02
2.19696970e-05 1.74242424e-05 1.50000179e+08 2.21365897e+02 -3.62046266e+02
2.24747475e-05 1.74242424e-05 1.50000205e+08 3.13755671e+02 -3.21964457e+02
2.29797980e-05 1.74242424e-05 1.50000236e+08 3.94211623e+02 -2.77090296e+02
2.34848485e-05 1.74242424e-05 1.50000271e+08 4.62491477e+02 -2.28957111e+02
2.39898990e-05 1.74242424e-05 1.50000308e+08 5.18678769e+02 -1.79016150e+02
2.44949495e-05 1.74242424e-05 1.50000347e+08 5.63140183e+02 -1.28593750e+02
2.50000000e-05 1.74242424e-05 1.50000385e+08 5.96476414e+02 -7.88604566e+01
-2.50000000e-05 1.79292929e-05 1.50003030e+08 -3.92415535e+03 1.76491630e+03
-2.44949495e-05 1.79292929e-05 1.50003254e+08 -4.37104904e+03 1.85965003e+03
-2.39898990e-05 1.79292929e-05 1.50003493e+08 -4.89063131e+03 1.94774333e+03
-2.34848485e-05 1.79292929e-05 1.50003743e+08 -5.49791009e+03 2.02136745e+03
-2.29797980e-05 1.79292929e-05 1.50003998e+08 -6.21132270e+03 2.06813972e+03
-2.24747475e-05 1.79292929e-05 1.50004247e+08 -7.05334317e+03 2.06850417e+03
-2.19696970e-05 1.79292929e-05 1.50004471e+08 -8.05089477e+03 1.99149402e+03
-2.14646465e-05 1.79292929e-05 1.50004637e+08 -9.23509520e+03 1.78778916e+03
-2.09595960e-05 1.79292929e-05 1.50004691e+08 -1.06392399e+04 1.37820229e+03
-2.04545455e-05 1.79292929e-05 1.50004544e+08 -1.22925366e+04 6.34377855e+02
-1.99494949e-05 1.79292929e-05 1.50004049e+08 -1.42039569e+04 -6.53783021e+02
-1.94444444e-05 1.79292929e-05 1.50002968e+08 -1.63233765e+04 -2.83299533e+03
-1.89393939e-05 1.79292929e-05 1.50000918e+08 -1.84506089e+04 -6.47704279e+03
-1.84343434e-05 1.79292929e-05 1.49997312e+08 -2.00249843e+04 -1.25255523e+04
-1.79292929e-05 1.79292929e-05 1.49991336e+08 -1.96454319e+04 -2.24508741e+04
-1.74242424e-05 1.79292929e-05 1.49982210e+08 -1.40246127e+04 -3.82518298e+04
-1.69191919e-05 1.79292929e-05 1.49970501e+08 3.94053001e+03 -6.13324849e+04
-1.64141414e-05 1.79292929e-05 1.49962316e+08 4.65398372e+04 -8.71477757e+04
-1.59090909e-05 1.79292929e-05 1.49974955e+08 1.20617148e+05 -9.18603785e+04
-1.54040404e-05 1.79292929e-05 1.50017895e+08 1.84161695e+05 -3.68755598e+04
-1.48989899e-05 1.79292929e-05 1.50042815e+08 1.54798194e+05 4.86968846e+04
-1.43939394e-05 1.79292929e-05 1.50017277e+08 6.24531456e+04 8.10151829e+04
-1.38888889e-05 1.79292929e-05 1.49983948e+08 -6.56657568e+03 6.45931759e+04
-1.33838384e-05 1.79292929e-05 1.49967981e+08 -3.59471644e+04 3.86887995e+04
-1.28787879e-05 1.79292929e-05 1.49966386e+08 -4.16299824e+04 1.93714728e+04
-1.23737374e-05 1.79292929e-05 1.49971583e+08 -3.74447287e+04 8.15045397e+03
-1.18686869e-05 1.79292929e-05 1.49978565e+08 -3.06558491e+04 2.62437248e+03
-1.13636364e-05 1.79292929e-05 1.49984987e+08 -2.42228116e+04 3.39769414e+02
-1.08585859e-05 1.79292929e-05 1.49990099e+08 -1.89994255e+04 -3.38937220e+02
-1.03535354e-05 1.79292929e-05 1.49993882e+08 -1.50067811e+04 -3.20839349e+02
-9.84848485e-06 1.79292929e-05 1.49996568e+08 -1.20193529e+04 -5.63008691e+01
-9.34343434e-06 1.79292929e-05 1.49998429e+08 -9.78864958e+03 2.52746246e+02
-8.83838384e-06 1.79292929e-05 1.49999694e+08 -8.10962715e+03 5.26870740e+02
-8.33333333e-06 1.79292929e-05 1.50000542e+08 -6.82917769e+03 7.42634659e+02
-7.82828283e-06 1.79292929e-05 1.50001101e+08 -5.83751174e+03 8.99997279e+02
-7.32323232e-06 1.79292929e-05 1.50001461e+08 -5.05701999e+03 1.00722639e+03
-6.81818182e-06 1.79292929e-05 1.50001685e+08 -4.43288715e+03 1.07433039e+03
-6.31313131e-06 1.79292929e-05 1.50001819e+08 -3.92613302e+03 1.11045771e+03
-5.80808081e-06 1.79292929e-05 1.50001892e+08 -3.50870829e+03 1.12305871e+03
-5.30303030e-06 1.79292929e-05 1.50001927e+08 -3.16009595e+03 1.11777742e+03
-4.79797980e-06 1.79292929e-05 1.50001937e+08 -2.86494441e+03 1.09860833e+03
-4.29292929e-06 1.79292929e-05 1.50001935e+08 -2.61137379e+03 1.06812756e+03
-3.78787879e-06 1.79292929e-05 1.50001925e+08 -2.38969685e+03 1.02775351e+03
-3.28282828e-06 1.79292929e-05 1.50001914e+08 -2.19138104e+03 9.78103679e+02
-2.77777778e-06 1.79292929e-05 1.50001901e+08 -2.00820107e+03 9.19662852e+02
-2.27272727e-06 1.79292929e-05 1.50001882e+08 -1.83183982e+03 8.54214000e+02
-1.76767677e-06 1.79292929e-05 1.50001846e+08 -1.65503496e+03 7.87674356e+02
-1.26262626e-06 1.79292929e-05 1.50001773e+08 -1.47706433e+03 7.34111494e+02
-7.57575758e-07 1.79292929e-05 1.50001643e+08 -1.31667753e+03 7.15624745e+02
-2.52525253e-07 1.79292929e-05 1.50001455e+08 -1.22236727e+03 7.43267488e+02
2.52525253e-07 1.79292929e-05 1.50001248e+08 -1.23727409e+03 7.81792329e+02
7.57575758e-07 1.79292929e-05 1.50001045e+08 -1.32037338e+03 7.72644437e+02
1.26262626e-06 1.79292929e-05 1.50000815e+08 -1.37123143e+03 7.23294320e+02
1.76767677e-06 1.79292929e-05 1.50000515e+08 -1.34892725e+03 7.01868082e+02
2.27272727e-06 1.79292929e-05 1.50000134e+08 -1.29066344e+03 7.65551031e+02
2.77777778e-06 1.79292929e-05 1.49999685e+08 -1.27272773e+03 9.49393705e+02
3.28282828e-06 1.79292929e-05 1.49999278e+08 -1.41823611e+03 1.24455667e+03
3.78787879e-06 1.79292929e-05 1.49999350e+08 -1.68730583e+03 1.34143316e+03
4.29292929e-06 1.79292929e-05 1.49999709e+08 -1.05242725e+03 1.23969657e+03
4.79797980e-06 1.79292929e-05 1.50000027e+08 -6.26413702e+02 1.68397240e+03
5.30303030e-06 1.79292929e-05 1.50000492e+08 -8.36191513e+02 1.78333270e+03
5.80808081e-06 1.79292929e-05 1.50000794e+08 -1.05147933e+03 1.65941922e+03
6.31313131e-06 1.79292929e-05 1.50000944e+08 -1.18292792e+03 1.51498916e+03
6.81818182e-06 1.79292929e-05 1.50001010e+08 -1.26391091e+03 1.39555248e+03
7.32323232e-06 1.79292929e-05 1.50001033e+08 -1.32022625e+03 1.30029954e+03
7.82828283e-06 1.79292929e-05 1.50001035e+08 -1.36478513e+03 1.22128870e+03
8.33333333e-06 1.79292929e-05 1.50001026e+08 -1.40341185e+03 1.15157338e+03
8.83838384e-06 1.79292929e-05 1.50001011e+08 -1.43842867e+03 1.08613073e+03
9.34343434e-06 1.79292929e-05 1.50000990e+08 -1.47040258e+03 1.02149739e+03
9.84848485e-06 1.79292929e-05 1.50000966e+08 -1.49898253e+03 9.55334878e+02
1.03535354e-05 1.79292929e-05 1.50000939e+08 -1.52331834e+03 8.86117195e+02
1.08585859e-05 1.79292929e-05 1.50000907e+08 -1.54228768e+03 8.12930966e+02
1.13636364e-05 1.79292929e-05 1.50000872e+08 -1.55463427e+03 7.35351581e+02
1.18686869e-05 1.79292929e-05 1.50000834e+08 -1.55906477e+03 6.53365539e+02
1.23737374e-05 1.79292929e-05 1.50000791e+08 -1.55432687e+03 5.67318335e+02
1.28787879e-05 1.79292929e-05 1.50000745e+08 -1.53927825e+03 4.77874214e+02
1.33838384e-05 1.79292929e-05 1.50000695e+08 -1.51295039e+03 3.85978772e+02
1.38888889e-05 1.79292929e-05 1.50000643e+08 -1.47460714e+03 2.92818670e+02
1.43939394e-05 1.79292929e-05 1.50000588e+08 -1.42379657e+03 1.99775104e+02
1.48989899e-05 1.79292929e-05 1.50000533e+08 -1.36039336e+03 1.08369612e+02
1.54040404e-05 1.79292929e-05 1.50000476e+08 -1.28462858e+03 2.02024706e+01
1.59090909e-05 1.79292929e-05 1.50000421e+08 -1.19710423e+03 -6.31146504e+01
1.64141414e-05 1.79292929e-05 1.50000368e+08 -1.09879027e+03 -1.40028926e+02
1.69191919e-05 1.79292929e-05 1.50000318e+08 -9.91003078e+02 -2.09115814e+02
1.74242424e-05 1.79292929e-05 1.50000272e+08 -8.75365772e+02 -2.69143552e+02
1.79292929e-05 1.79292929e-05 1.50000231e+08 -7.53751908e+02 -3.19128592e+02
1.84343434e-05 1.79292929e-05 1.50000197e+08 -6.28215794e+02 -3.58378299e+02
1.89393939e-05 1.79292929e-05 1.50000170e+08 -5.00913580e+02 -3.86518131e+02
1.94444444e-05 1.79292929e-05 1.50000151e+08 -3.74020124e+02 -4.03501704e+02
1.99494949e-05 1.79292929e-05 1.50000139e+08 -2.49646901e+02 -4.09603496e+02
2.04545455e-05 1.79292929e-05 1.50000135e+08 -1.29766011e+02 -4.05395302e+02
2.09595960e-05 1.79292929e-05 1.50000139e+08 -1.61446518e+01 -3.91708782e+02
2.14646465e-05 1.79292929e-05 1.50000149e+08 8.97065998e+01 -3.69587343e+02
2.19696970e-05 1.79292929e-05 1.50000166e+08 1.86569647e+02 -3.40231174e+02
2.24747475e-05 1.79292929e-05 1.50000189e+08 2.73538141e+02 -3.04939433e+02
2.29797980e-05 1.79292929e-05 1.50000216e+08 3.50020714e+02 -2.65053338e+02
2.34848485e-05 1.79292929e-05 1.50000246e+08 4.15729781e+02 -2.21903457e+02
2.39898990e-05 1.79292929e-05 1.50000280e+08 4.70658323e+02 -1.76763722e+02
2.44949495e-05 1.79292929e-05 1.50000314e+08 5.15047538e+02 -1.30813879e+02
2.50000000e-05 1.79292929e-05 1.50000350e+08 5.49348412e+02 -8.51112497e+01
-2.50000000e-05 1.84343434e-05 1.50002580e+08 -3.98507814e+03 1.39539035e+03
-2.44949495e-05 1.84343434e-05 1.50002713e+08 -4.41907204e+03 1.40935659e+03
-2.39898990e-05 1.84343434e-05 1.50002839e+08 -4.91686466e+03 1.39586397e+03
-2.34848485e-05 1.84343434e-05 1.50002949e+08 -5.48894509e+03 1.34090720e+03
-2.29797980e-05 1.84343434e-05 1.50003028e+08 -6.14687629e+03 1.22395164e+03
-2.24747475e-05 1.84343434e-05 1.50003056e+08 -6.90258223e+03 1.01472968e+03
-2.19696970e-05 1.84343434e-05 1.50003000e+08 -7.76664835e+03 6.68367944e+02
-2.14646465e-05 1.84343434e-05 1.50002814e+08 -8.74467177e+03 1.17957940e+02
-2.09595960e-05 1.84343434e-05 1.50002427e+08 -9.82979632e+03 -7.36735295e+02
-2.04545455e-05 1.84343434e-05 1.50001737e+08 -1.09878171e+04 -2.04620586e+03
-1.99494949e-05 1.84343434e-05 1.50000592e+08 -1.21278706e+04 -4.03575022e+03
-1.94444444e-05 1.84343434e-05 1.49998785e+08 -1.30453997e+04 -7.03826716e+03
-1.89393939e-05 1.84343434e-05 1.49996047e+08 -1.33130105e+04 -1.15292380e+04
-1.84343434e-05 1.84343434e-05 1.49992090e+08 -1.20790172e+04 -1.81344405e+04
-1.79292929e-05 1.84343434e-05 1.49986784e+08 -7.72702905e+03 -2.75117430e+04
-1.74242424e-05 1.84343434e-05 1.49980655e+08 2.56917285e+03 -3.98346382e+04
-1.69191919e-05 1.84343434e-05 1.49975954e+08 2.29048454e+04 -5.33068862e+04
-1.64141414e-05 1.84343434e-05 1.49977896e+08 5.63877636e+04 -6.12962430e+04
-1.59090909e-05 1.84343434e-05 1.49992606e+08 9.71166378e+04 -5.10580328e+04
-1.54040404e-05 1.84343434e-05 1.50016245e+08 1.21224678e+05 -1.47373653e+04
-1.48989899e-05 1.84343434e-05 1.50028745e+08 1.04053180e+05 2.99959915e+04
-1.43939394e-05 1.84343434e-05 1.50018584e+08 5.65477632e+04 5.35757310e+04
-1.38888889e-05 1.84343434e-05 1.49998465e+08 1.10622647e+04 5.11812605e+04
-1.33838384e-05 1.84343434e-05 1.49983119e+08 -1.63954704e+04 3.69697219e+04
-1.28787879e-05 1.84343434e-05 1.49976463e+08 -2.75866742e+04 2.24756013e+04
-1.23737374e-05 1.84343434e-05 1.49976260e+08 -2.91602367e+04 1.19141283e+04
-1.18686869e-05 1.84343434e-05 1.49979356e+08 -2.64118254e+04 5.44180900e+03
-1.13636364e-05 1.84343434e-05 1.49983520e+08 -2.23536023e+04 1.94903623e+03
-1.08585859e-05 1.84343434e-05 1.49987567e+08 -1.83709393e+04 2.98264887e+02
-1.03535354e-05 1.84343434e-05 1.49991016e+08 -1.49594037e+04 -3.30328513e+02
-9.84848485e-06 1.84343434e-05 1.49993760e+08 -1.22053759e+04 -4.43125345e+02
-9.34343434e-06 1.84343434e-05 1.49995861e+08 -1.00390653e+04 -3.24967705e+02
-8.83838384e-06 1.84343434e-05 1.49997430e+08 -8.34974824e+03 -1.24905963e+02
-8.33333333e-06 1.84343434e-05 1.49998586e+08 -7.03109089e+03 8.46949077e+01
-7.82828283e-06 1.84343434e-05 1.49999429e+08 -5.99503767e+03 2.72333921e+02
-7.32323232e-06 1.84343434e-05 1.50000039e+08 -5.17314195e+03 4.27158347e+02
-6.81818182e-06 1.84343434e-05 1.50000478e+08 -4.51371383e+03 5.48078148e+02
-6.31313131e-06 1.84343434e-05 1.50000792e+08 -3.97815743e+03 6.38123354e+02
-5.80808081e-06 1.84343434e-05 1.50001016e+08 -3.53767541e+03 7.01635954e+02
-5.30303030e-06 1.84343434e-05 1.50001174e+08 -3.17062861e+03 7.42954046e+02
-4.79797980e-06 1.84343434e-05 1.50001286e+08 -2.86051646e+03 7.65870578e+02
-4.29292929e-06 1.84343434e-05 1.50001364e+08 -2.59445608e+03 7.73505080e+02
-3.78787879e-06 1.84343434e-05 1.50001417e+08 -2.36204593e+03 7.68435803e+02
-3.28282828e-06 1.84343434e-05 1.50001450e+08 -2.15456216e+03 7.53076538e+02
-2.77777778e-06 1.84343434e-05 1.50001465e+08 -1.96456786e+03 7.30378285e+02
-2.27272727e-06 1.84343434e-05 1.50001459e+08 -1.78626417e+03 7.04945943e+02
-1.76767677e-06 1.84343434e-05 1.50001426e+08 -1.61726355e+03 6.84358614e+02
-1.26262626e-06 1.84343434e-05 1.50001356e+08 -1.46242298e+03 6.79377188e+02
-7.57575758e-07 1.84343434e-05 1.50001246e+08 -1.33811984e+03 6.99798317e+02
-2.52525253e-07 1.84343434e-05 1.50001105e+08 -1.26899608e+03 7.43727908e+02
2.52525253e-07 1.84343434e-05 1.50000952e+08 -1.26738032e+03 7.90078801e+02
7.57575758e-07 1.84343434e-05 1.50000796e+08 -1.31048048e+03 8.15049218e+02
1.26262626e-06 1.84343434e-05 1.50000624e+08 -1.35471980e+03 8.22128531e+02
1.76767677e-06 1.84343434e-05 1.50000421e+08 -1.37801974e+03 8.42080283e+02
2.27272727e-06 1.84343434e-05 1.50000193e+08 -1.39719731e+03 9.03751495e+02
2.77777778e-06 1.84343434e-05 1.49999987e+08 -1.45137855e+03 1.00561597e+03
3.28282828e-06 1.84343434e-05 1.49999902e+08 -1.55001063e+03 1.08396403e+03
3.78787879e-06 1.84343434e-05 1.50000004e+08 -1.54175992e+03 1.03892375e+03
4.29292929e-06 1.84343434e-05 1.50000127e+08 -1.22004140e+03 1.01062315e+03
4.79797980e-06 1.84343434e-05 1.50000215e+08 -9.08340685e+02 1.19154679e+03
5.30303030e-06 1.84343434e-05 1.50000384e+08 -8.75343060e+02 1.35810609e+03
5.80808081e-06 1.84343434e-05 1.50000574e+08 -9.76136313e+02 1.39418293e+03
6.31313131e-06 1.84343434e-05 1.50000719e+08 -1.08617659e+03 1.35258140e+03
6.81818182e-06 1.84343434e-05 1.50000812e+08 -1.17401563e+03 1.28511760e+03
7.32323232e-06 1.84343434e-05 1.50000866e+08 -1.24110316e+03 1.21404706e+03
7.82828283e-06 1.84343434e-05 1.50000894e+08 -1.29387739e+03 1.14569898e+03
8.33333333e-06 1.84343434e-05 1.50000905e+08 -1.33722996e+03 1.08040377e+03
8.83838384e-06 1.84343434e-05 1.50000905e+08 -1.37397604e+03 1.01672553e+03
9.34343434e-06 1.84343434e-05 1.50000896e+08 -1.40541066e+03 9.52991448e+02
9.84848485e-06 1.84343434e-05 1.50000880e+08 -1.43184819e+03 8.87782168e+02
1.03535354e-05 1.84343434e-05 1.50000859e+08 -1.45299615e+03 8.20056640e+02
1.08585859e-05 1.84343434e-05 1.50000834e+08 -1.46819881e+03 7.49158680e+02
1.13636364e-05 1.84343434e-05 1.50000804e+08 -1.47659953e+03 6.74791136e+02
1.18686869e-05 1.84343434e-05 1.50000769e+08 -1.47725584e+03 5.96984701e+02
1.23737374e-05 1.84343434e-05 1.50000731e+08 -1.46922779e+03 5.16067696e+02
1.28787879e-05 1.84343434e-05 1.50000689e+08 -1.45165051e+03 4.32636301e+02
1.33838384e-05 1.84343434e-05 1.50000643e+08 -1.42379656e+03 3.47522976e+02
1.38888889e-05 1.84343434e-05 1.50000596e+08 -1.38512991e+03 2.61760838e+02
1.43939394e-05 1.84343434e-05 1.50000546e+08 -1.33535138e+03 1.76542545e+02
1.48989899e-05 1.84343434e-05 1.50000495e+08 -1.27443427e+03 9.31732234e+01
1.54040404e-05 1.84343434e-05 1.50000443e+08 -1.20264851e+03 1.30179413e+01
1.59090909e-05 1.84343434e-05 1.50000393e+08 -1.12057158e+03 -6.25547385e+01
1.64141414e-05 1.84343434e-05 1.50000344e+08 -1.02908482e+03 -1.32230852e+02
1.69191919e-05 1.84343434e-05 1.50000299e+08 -9.29354801e+02 -1.94807881e+02
1.74242424e-05 1.84343434e-05 1.50000257e+08 -8.22800149e+02 -2.49247188e+02
1.79292929e-05 1.84343434e-05 1.50000220e+08 -7.11045214e+02 -2.94718915e+02
1.84343434e-05 1.84343434e-05 1.50000189e+08 -5.95863229e+02 -3.30636570e+02
1.89393939e-05 1.84343434e-05 1.50000163e+08 -4.79112174e+02 -3.56679233e+02
1.94444444e-05 1.84343434e-05 1.50000145e+08 -3.62667239e+02 -3.72800151e+02
1.99494949e-05 1.84343434e-05 1.50000134e+08 -2.48353944e+02 -3.79221541e+02
2.04545455e-05 1.84343434e-05 1.50000129e+08 -1.37885838e+02 -3.76416423e+02
2.09595960e-05 1.84343434e-05 1.50000131e+08 -3.28101933e+01 -3.65079206e+02
2.14646465e-05 1.84343434e-05 1.50000140e+08 6.55356331e+01 -3.46087498e+02
2.19696970e-05 1.84343434e-05 1.50000154e+08 1.56055459e+02 -3.20458029e+02
2.24747475e-05 1.84343434e-05 1.50000173e+08 2.37912427e+02 -2.89299760e+02
2.29797980e-05 1.84343434e-05 1.50000197e+08 3.10534291e+02 -2.53767146e+02
2.34848485e-05 1.84343434e-05 1.50000224e+08 3.73606935e+02 -2.15016173e+02
2.39898990e-05 1.84343434e-05 1.50000254e+08 4.27057830e+02 -1.74165260e+02
2.44949495e-05 1.84343434e-05 1.50000285e+08 4.71031602e+02 -1.32262542e+02
2.50000000e-05 1.84343434e-05 1.50000317e+08 5.05860017e+02 -9.02603774e+01
-2.50000000e-05 1.89393939e-05 1.50002080e+08 -3.97082376e+03 9.66848681e+02
-2.44949495e-05 1.89393939e-05 1.50002123e+08 -4.37383382e+03 8.95085144e+02
-2.39898990e-05 1.89393939e-05 1.50002138e+08 -4.82685353e+03 7.76234606e+02
-2.34848485e-05 1.89393939e-05 1.50002114e+08 -5.33449323e+03 5.91506977e+02
-2.29797980e-05 1.89393939e-05 1.50002030e+08 -5.89979822e+03 3.14599156e+02
-2.24747475e-05 1.89393939e-05 1.50001862e+08 -6.52229887e+03 -9.14270941e+01
-2.19696970e-05 1.89393939e-05 1.50001573e+08 -7.19450879e+03 -6.78543553e+02
-2.14646465e-05 1.89393939e-05 1.50001112e+08 -7.89571710e+03 -1.51983561e+03
-2.09595960e-05 1.89393939e-05 1.50000413e+08 -8.58108962e+03 -2.71759006e+03
-2.04545455e-05 1.89393939e-05 1.49999386e+08 -9.16272728e+03 -4.41322171e+03
-1.99494949e-05 1.89393939e-05 1.49997922e+08 -9.47724654e+03 -6.79725892e+03
-1.94444444e-05 1.89393939e-05 1.49995899e+08 -9.23182478e+03 -1.01132461e+04
-1.89393939e-05 1.89393939e-05 1.49993221e+08 -7.91930192e+03 -1.46388048e+04
-1.84343434e-05 1.89393939e-05 1.49989909e+08 -4.70020532e+03 -2.06038883e+04
-1.79292929e-05 1.89393939e-05 1.49986295e+08 1.71162622e+03 -2.79639940e+04
-1.74242424e-05 1.89393939e-05 1.49983366e+08 1.29977256e+04 -3.59008199e+04
-1.69191919e-05 1.89393939e-05 1.49983110e+08 3.05727178e+04 -4.20005321e+04
-1.64141414e-05 1.89393939e-05 1.49988211e+08 5.35912502e+04 -4.16533456e+04
-1.59090909e-05 1.89393939e-05 1.49999776e+08 7.58369963e+04 -2.96313012e+04
-1.54040404e-05 1.89393939e-05 1.50013532e+08 8.56246458e+04 -5.72294382e+03
-1.48989899e-05 1.89393939e-05 1.50020551e+08 7.44853670e+04 2.06417493e+04
-1.43939394e-05 1.89393939e-05 1.50016029e+08 4.72890014e+04 3.69879320e+04
-1.38888889e-05 1.89393939e-05 1.50004275e+08 1.77355772e+04 3.93196672e+04
-1.33838384e-05 1.89393939e-05 1.49992634e+08 -4.21814212e+03 3.24641994e+04
-1.28787879e-05 1.89393939e-05 1.49985164e+08 -1.64317671e+04 2.28196224e+04
-1.23737374e-05 1.89393939e-05 1.49982216e+08 -2.11507622e+04 1.42280686e+04
-1.18686869e-05 1.89393939e-05 1.49982474e+08 -2.14203543e+04 7.96699072e+03
-1.13636364e-05 1.89393939e-05 1.49984461e+08 -1.95652070e+04 3.94070995e+03
-1.08585859e-05 1.89393939e-05 1.49987099e+08 -1.69825012e+04 1.59460739e+03
-1.03535354e-05 1.89393939e-05 1.49989758e+08 -1.43813363e+04 3.59709320e+02
-9.84848485e-06 1.89393939e-05 1.49992139e+08 -1.20599026e+04 -2.01119248e+02
-9.34343434e-06 1.89393939e-05 1.49994139e+08 -1.01034014e+04 -3.81698593e+02
-8.83838384e-06 1.89393939e-05 1.49995757e+08 -8.50046933e+03 -3.64226240e+02
-8.33333333e-06 1.89393939e-05 1.49997034e+08 -7.20382553e+03 -2.55263716e+02
-7.82828283e-06 1.89393939e-05 1.49998029e+08 -6.15873139e+03 -1.13961672e+02
-7.32323232e-06 1.89393939e-05 1.49998797e+08 -5.31472240e+03 2.87536873e+01
-6.81818182e-06 1.89393939e-05 1.49999385e+08 -4.62934879e+03 1.58089846e+02
-6.31313131e-06 1.89393939e-05 1.49999835e+08 -4.06843685e+03 2.68119246e+02
-5.80808081e-06 1.89393939e-05 1.50000178e+08 -3.60504429e+03 3.57558056e+02
-5.30303030e-06 1.89393939e-05 1.50000439e+08 -3.21808511e+03 4.27395857e+02
-4.79797980e-06 1.89393939e-05 1.50000638e+08 -2.89102281e+03 4.79630475e+02
-4.29292929e-06 1.89393939e-05 1.50000787e+08 -2.61077432e+03 5.16670646e+02
-3.78787879e-06 1.89393939e-05 1.50000898e+08 -2.36687470e+03 5.41168283e+02
-3.28282828e-06 1.89393939e-05 1.50000976e+08 -2.15095110e+03 5.56161635e+02
-2.77777778e-06 1.89393939e-05 1.50001024e+08 -1.95661289e+03 5.65453685e+02
-2.27272727e-06 1.89393939e-05 1.50001043e+08 -1.77994249e+03 5.74074347e+02
-1.76767677e-06 1.89393939e-05 1.50001030e+08 -1.62073405e+03 5.88394898e+02
-1.26262626e-06 1.89393939e-05 1.50000985e+08 -1.48410910e+03 6.14994600e+02
-7.57575758e-07 1.89393939e-05 1.50000910e+08 -1.38070984e+03 6.57337673e+02
-2.52525253e-07 1.89393939e-05 1.50000815e+08 -1.32220572e+03 7.11316973e+02
2.52525253e-07 1.89393939e-05 1.50000712e+08 -1.31149130e+03 7.64925399e+02
7.57575758e-07 1.89393939e-05 1.50000605e+08 -1.33593588e+03 8.06877270e+02
1.26262626e-06 1.89393939e-05 1.50000493e+08 -1.37469744e+03 8.37457478e+02
1.76767677e-06 1.89393939e-05 1.50000375e+08 -1.41496476e+03 8.67609584e+02
2.27272727e-06 1.89393939e-05 1.50000265e+08 -1.45870798e+03 9.04890263e+02
2.77777778e-06 1.89393939e-05 1.50000193e+08 -1.50953764e+03 9.37800649e+02
3.28282828e-06 1.89393939e-05 1.50000194e+08 -1.54045070e+03 9.34872625e+02
3.78787879e-06 1.89393939e-05 1.50000255e+08 -1.47465356e+03 8.88899080e+02
4.29292929e-06 1.89393939e-05 1.50000308e+08 -1.27745504e+03 8.76380370e+02
4.79797980e-06 1.89393939e-05 1.50000341e+08 -1.07114187e+03 9.60404883e+02
5.30303030e-06 1.89393939e-05 1.50000403e+08 -9.80513491e+02 1.07648920e+03
5.80808081e-06 1.89393939e-05 1.50000499e+08 -9.95087736e+02 1.14764902e+03
6.31313131e-06 1.89393939e-05 1.50000597e+08 -1.05489072e+03 1.16242569e+03
6.81818182e-06 1.89393939e-05 1.50000677e+08 -1.12196676e+03 1.14001990e+03
7.32323232e-06 1.89393939e-05 1.50000735e+08 -1.18250141e+03 1.09854735e+03
7.82828283e-06 1.89393939e-05 1.50000773e+08 -1.23388854e+03 1.04833937e+03
8.33333333e-06 1.89393939e-05 1.50000795e+08 -1.27697150e+03 9.94040659e+02
8.83838384e-06 1.89393939e-05 1.50000804e+08 -1.31304361e+03 9.37276125e+02
9.34343434e-06 1.89393939e-05 1.50000803e+08 -1.34298503e+03 8.78312124e+02
9.84848485e-06 1.89393939e-05 1.50000795e+08 -1.36714587e+03 8.16915518e+02
1.03535354e-05 1.89393939e-05 1.50000780e+08 -1.38544008e+03 7.52764231e+02
1.08585859e-05 1.89393939e-05 1.50000760e+08 -1.39747432e+03 6.85634297e+02
1.13636364e-05 1.89393939e-05 1.50000735e+08 -1.40266451e+03 6.15480208e+02
1.18686869e-05 1.89393939e-05 1.50000705e+08 -1.40033238e+03 5.42464536e+02
1.23737374e-05 1.89393939e-05 1.50000671e+08 -1.38978510e+03 4.66962417e+02
1.28787879e-05 1.89393939e-05 1.50000633e+08 -1.37038217e+03 3.89552073e+02
1.33838384e-05 1.89393939e-05 1.50000592e+08 -1.34159217e+03 3.10995990e+02
1.38888889e-05 1.89393939e-05 1.50000548e+08 -1.30304088e+03 2.32214603e+02
1.43939394e-05 1.89393939e-05 1.50000503e+08 -1.25455079e+03 1.54253365e+02
1.48989899e-05 1.89393939e-05 1.50000457e+08 -1.19617118e+03 7.82440024e+01
1.54040404e-05 1.89393939e-05 1.50000410e+08 -1.12819801e+03 5.36107637e+00
1.59090909e-05 1.89393939e-05 1.50000365e+08 -1.05118221e+03 -6.32245795e+01
1.64141414e-05 1.89393939e-05 1.50000321e+08 -9.65926076e+02 -1.26393509e+02
1.69191919e-05 1.89393939e-05 1.50000279e+08 -8.73467235e+02 -1.83124020e+02
1.74242424e-05 1.89393939e-05 1.50000241e+08 -7.75050976e+02 -2.32534790e+02
1.79292929e-05 1.89393939e-05 1.50000207e+08 -6.72092100e+02 -2.73921276e+02
1.84343434e-05 1.89393939e-05 1.50000179e+08 -5.66128376e+02 -3.06783797e+02
1.89393939e-05 1.89393939e-05 1.50000155e+08 -4.58768191e+02 -3.30845687e+02
1.94444444e-05 1.89393939e-05 1.50000138e+08 -3.51635420e+02 -3.46060606e+02
1.99494949e-05 1.89393939e-05 1.50000127e+08 -2.46314692e+02 -3.52608822e+02
2.04545455e-05 1.89393939e-05 1.50000122e+08 -1.44300090e+02 -3.50883092e+02
2.09595960e-05 1.89393939e-05 1.50000123e+08 -4.69500019e+01 -3.41465428e+02
2.14646465e-05 1.89393939e-05 1.50000130e+08 4.45497500e+01 -3.25096612e+02
2.19696970e-05 1.89393939e-05 1.50000142e+08 1.29213070e+02 -3.02640682e+02
2.24747475e-05 1.89393939e-05 1.50000159e+08 2.06270344e+02 -2.75046758e+02
2.29797980e-05 1.89393939e-05 1.50000179e+08 2.75174864e+02 -2.43310552e+02
2.34848485e-05 1.89393939e-05 1.50000203e+08 3.35599622e+02 -2.08437648e+02
2.39898990e-05 1.89393939e-05 1.50000230e+08 3.87425722e+02 -1.71410301e+02
2.44949495e-05 1.89393939e-05 1.50000258e+08 4.30723997e+02 -1.33159034e+02
2.50000000e-05 1.89393939e-05 1.50000288e+08 4.65731630e+02 -9.45398444e+01
-2.50000000e-05 1.94444444e-05 1.50001561e+08 -3.87924508e+03 5.03525182e+02
-2.44949495e-05 1.94444444e-05 1.50001519e+08 -4.23490055e+03 3.48120844e+02
-2.39898990e-05 1.94444444e-05 1.50001435e+08 -4.62324803e+03 1.29386693e+02
-2.34848485e-05 1.94444444e-05 1.50001294e+08 -5.04250630e+03 -1.74200886e+02
-2.29797980e-05 1.94444444e-05 1.50001077e+08 -5.48691071e+03 -5.91548721e+02
-2.24747475e-05 1.94444444e-05 1.50000757e+08 -5.94390151e+03 -1.16140978e+03
-2.19696970e-05 1.94444444e-05 1.50000299e+08 -6.38957186e+03 -1.93546742e+03
-2.14646465e-05 1.94444444e-05 1.49999661e+08 -6.78136380e+03 -2.98191472e+03
-2.09595960e-05 1.94444444e-05 1.49998792e+08 -7.04650319e+03 -4.38894910e+03
-2.04545455e-05 1.94444444e-05 1.49997634e+08 -7.06408490e+03 -6.26655806e+03
-1.99494949e-05 1.94444444e-05 1.49996134e+08 -6.63838090e+03 -8.74274529e+03
-1.94444444e-05 1.94444444e-05 1.49994264e+08 -5.46190228e+03 -1.19459531e+04
-1.89393939e-05 1.94444444e-05 1.49992070e+08 -3.07186649e+03 -1.59576931e+04
-1.84343434e-05 1.94444444e-05 1.49989758e+08 1.18043007e+03 -2.07085277e+04
-1.79292929e-05 1.94444444e-05 1.49987813e+08 8.08961898e+03 -2.57843311e+04
-1.74242424e-05 1.94444444e-05 1.49987125e+08 1.83586271e+04 -3.01392677e+04
-1.69191919e-05 1.94444444e-05 1.49988931e+08 3.19756211e+04 -3.18506327e+04
-1.64141414e-05 1.94444444e-05 1.49994254e+08 4.71659668e+04 -2.83611522e+04
-1.59090909e-05 1.94444444e-05 1.50002643e+08 5.96032506e+04 -1.78658091e+04
-1.54040404e-05 1.94444444e-05 1.50011131e+08 6.35797343e+04 -1.62531897e+03
-1.48989899e-05 1.94444444e-05 1.50015402e+08 5.58734255e+04 1.52260787e+04
-1.43939394e-05 1.94444444e-05 1.50013203e+08 3.89574727e+04 2.67078250e+04
-1.38888889e-05 1.94444444e-05 1.50006171e+08 1.92994876e+04 3.02360867e+04
-1.33838384e-05 1.94444444e-05 1.49997948e+08 2.66588088e+03 2.73794337e+04
-1.28787879e-05 1.94444444e-05 1.49991392e+08 -8.46885553e+03 2.14087907e+04
-1.23737374e-05 1.94444444e-05 1.49987558e+08 -1.43768482e+04 1.50208048e+04
-1.18686869e-05 1.94444444e-05 1.49986206e+08 -1.65022325e+04 9.63556740e+03
-1.13636364e-05 1.94444444e-05 1.49986582e+08 -1.63516725e+04 5.67002074e+03
-1.08585859e-05 1.94444444e-05 1.49987932e+08 -1.50556009e+04 3.01181424e+03
-1.03535354e-05 1.94444444e-05 1.49989693e+08 -1.33244406e+04 1.36327870e+03
-9.84848485e-06 1.94444444e-05 1.49991513e+08 -1.15483430e+04 4.19098783e+02
-9.34343434e-06 1.94444444e-05 1.49993203e+08 -9.91265087e+03 -6.72126963e+01
-8.83838384e-06 1.94444444e-05 1.49994681e+08 -8.48617958e+03 -2.72673883e+02
-8.33333333e-06 1.94444444e-05 1.49995928e+08 -7.27793829e+03 -3.15656697e+02
-7.82828283e-06 1.94444444e-05 1.49996955e+08 -6.26989647e+03 -2.71424902e+02
-7.32323232e-06 1.94444444e-05 1.49997789e+08 -5.43439987e+03 -1.85888358e+02
-6.81818182e-06 1.94444444e-05 1.49998460e+08 -4.74266632e+03 -8.59231654e+01
-6.31313131e-06 1.94444444e-05 1.49998996e+08 -4.16845213e+03 1.35116124e+01
-5.80808081e-06 1.94444444e-05 1.49999422e+08 -3.68926788e+03 1.04714683e+02
-5.30303030e-06 1.94444444e-05 1.49999759e+08 -3.28644575e+03 1.84307790e+02
-4.79797980e-06 1.94444444e-05 1.50000026e+08 -2.94474083e+03 2.51458335e+02
-4.29292929e-06 1.94444444e-05 1.50000234e+08 -2.65181487e+03 3.06865324e+02
-3.78787879e-06 1.94444444e-05 1.50000395e+08 -2.39778761e+03 3.52248594e+02
-3.28282828e-06 1.94444444e-05 1.50000515e+08 -2.17497194e+03 3.90163020e+02
-2.77777778e-06 1.94444444e-05 1.50000598e+08 -1.97788566e+03 4.23979043e+02
-2.27272727e-06 1.94444444e-05 1.50000647e+08 -1.80359132e+03 4.57815330e+02
-1.76767677e-06 1.94444444e-05 1.50000664e+08 -1.65225798e+03 4.96092077e+02
-1.26262626e-06 1.94444444e-05 1.50000653e+08 -1.52745089e+03 5.42327798e+02
-7.57575758e-07 1.94444444e-05 1.50000617e+08 -1.43513104e+03 5.97182281e+02
-2.52525253e-07 1.94444444e-05 1.50000566e+08 -1.38042985e+03 6.56860878e+02
2.52525253e-07 1.94444444e-05 1.50000507e+08 -1.36311027e+03 7.14026892e+02
7.57575758e-07 1.94444444e-05 1.50000447e+08 -1.37542643e+03 7.61969139e+02
1.26262626e-06 1.94444444e-05 1.50000389e+08 -1.40547051e+03 7.98669643e+02
1.76767677e-06 1.94444444e-05 1.50000336e+08 -1.44320548e+03 8.25911549e+02
2.27272727e-06 1.94444444e-05 1.50000297e+08 -1.48196498e+03 8.43378773e+02
2.77777778e-06 1.94444444e-05 1.50000287e+08 -1.51134039e+03 8.44110772e+02
3.28282828e-06 1.94444444e-05 1.50000311e+08 -1.50697007e+03 8.20749918e+02
3.78787879e-06 1.94444444e-05 1.50000351e+08 -1.43730107e+03 7.85448438e+02
4.29292929e-06 1.94444444e-05 1.50000381e+08 -1.30282332e+03 7.76696669e+02
4.79797980e-06 1.94444444e-05 1.50000398e+08 -1.15936580e+03 8.19727588e+02
5.30303030e-06 1.94444444e-05 1.50000424e+08 -1.06787415e+03 8.92522066e+02
5.80808081e-06 1.94444444e-05 1.50000470e+08 -1.04227091e+03 9.55464027e+02
6.31313131e-06 1.94444444e-05 1.50000529e+08 -1.06159727e+03 9.88307611e+02
6.81818182e-06 1.94444444e-05 1.50000587e+08 -1.10134032e+03 9.91403816e+02
7.32323232e-06 1.94444444e-05 1.50000636e+08 -1.14611968e+03 9.72784152e+02
7.82828283e-06 1.94444444e-05 1.50000673e+08 -1.18877421e+03 9.40127193e+02
8.33333333e-06 1.94444444e-05 1.50000698e+08 -1.22666564e+03 8.98589143e+02
8.83838384e-06 1.94444444e-05 1.50000712e+08 -1.25906984e+03 8.51103300e+02
9.34343434e-06 1.94444444e-05 1.50000717e+08 -1.28586219e+03 7.99169018e+02
9.84848485e-06 1.94444444e-05 1.50000714e+08 -1.30697209e+03 7.43498828e+02
1.03535354e-05 1.94444444e-05 1.50000704e+08 -1.32220460e+03 6.84438306e+02
1.08585859e-05 1.94444444e-05 1.50000688e+08 -1.33121695e+03 6.22213301e+02
1.13636364e-05 1.94444444e-05 1.50000667e+08 -1.33355328e+03 5.57067731e+02
1.18686869e-05 1.94444444e-05 1.50000641e+08 -1.32869730e+03 4.89336264e+02
1.23737374e-05 1.94444444e-05 1.50000611e+08 -1.31612730e+03 4.19478511e+02
1.28787879e-05 1.94444444e-05 1.50000578e+08 -1.29536778e+03 3.48089717e+02
1.33838384e-05 1.94444444e-05 1.50000541e+08 -1.26603567e+03 2.75896103e+02
1.38888889e-05 1.94444444e-05 1.50000502e+08 -1.22788025e+03 2.03739323e+02
1.43939394e-05 1.94444444e-05 1.50000461e+08 -1.18081587e+03 1.32552720e+02
1.48989899e-05 1.94444444e-05 1.50000419e+08 -1.12494677e+03 6.33312481e+01
1.54040404e-05 1.94444444e-05 1.50000377e+08 -1.06058298e+03 -2.90324080e+00
1.59090909e-05 1.94444444e-05 1.50000336e+08 -9.88246697e+02 -6.51396138e+01
1.64141414e-05 1.94444444e-05 1.50000296e+08 -9.08668627e+02 -1.22416070e+02
1.69191919e-05 1.94444444e-05 1.50000259e+08 -8.22774310e+02 -1.73857722e+02
1.74242424e-05 1.94444444e-05 1.50000224e+08 -7.31660970e+02 -2.18711097e+02
1.79292929e-05 1.94444444e-05 1.50000194e+08 -6.36565984e+02 -2.56373600e+02
1.84343434e-05 1.94444444e-05 1.50000167e+08 -5.38828615e+02 -2.86416293e+02
1.89393939e-05 1.94444444e-05 1.50000146e+08 -4.39847084e+02 -3.08598716e+02
1.94444444e-05 1.94444444e-05 1.50000130e+08 -3.41033364e+02 -3.22875024e+02
1.99494949e-05 1.94444444e-05 1.50000119e+08 -2.43768163e+02 -3.29391304e+02
2.04545455e-05 1.94444444e-05 1.50000114e+08 -1.49358521e+02 -3.28474501e+02
2.09595960e-05 1.94444444e-05 1.50000114e+08 -5.90001398e+01 -3.20613938e+02
2.14646465e-05 1.94444444e-05 1.50000120e+08 2.62538208e+01 -3.06436842e+02
2.19696970e-05 1.94444444e-05 1.50000130e+08 1.05516291e+02 -2.86679586e+02
2.24747475e-05 1.94444444e-05 1.50000145e+08 1.78081557e+02 -2.62156487e+02
2.29797980e-05 1.94444444e-05 1.50000163e+08 2.43432192e+02 -2.33728009e+02
2.34848485e-05 1.94444444e-05 1.50000184e+08 3.01238108e+02 -2.02270045e+02
2.39898990e-05 1.94444444e-05 1.50000208e+08 3.51348623e+02 -1.68645721e+02
2.44949495e-05 1.94444444e-05 1.50000234e+08 3.93778713e+02 -1.33680805e+02
2.50000000e-05 1.94444444e-05 1.50000261e+08 4.28690836e+02 -9.81434707e+01
-2.50000000e-05 1.99494949e-05 1.50001049e+08 -3.71398409e+03 2.93095213e+01
-2.44949495e-05 1.99494949e-05 1.50000934e+08 -4.00925060e+03 -2.01682733e+02
-2.39898990e-05 1.99494949e-05 1.50000768e+08 -4.31813593e+03 -5.07448934e+02
-2.34848485e-05 1.99494949e-05 1.50000536e+08 -4.63281835e+03 -9.10021802e+02
-2.29797980e-05 1.99494949e-05 1.50000221e+08 -4.93968885e+03 -1.43774121e+03
-2.24747475e-05 1.99494949e-05 1.49999798e+08 -5.21619457e+03 -2.12672466e+03
-2.19696970e-05 1.99494949e-05 1.49999242e+08 -5.42612060e+03 -3.02228077e+03
-2.14646465e-05 1.99494949e-05 1.49998522e+08 -5.51265951e+03 -4.17975525e+03
-2.09595960e-05 1.99494949e-05 1.49997609e+08 -5.38851813e+03 -5.66371741e+03
-2.04545455e-05 1.99494949e-05 1.49996480e+08 -4.92246919e+03 -7.54333496e+03
-1.99494949e-05 1.99494949e-05 1.49995133e+08 -3.92266418e+03 -9.87999410e+03
-1.94444444e-05 1.99494949e-05 1.49993611e+08 -2.11973765e+03 -1.27005728e+04
-1.89393939e-05 1.99494949e-05 1.49992040e+08 8.40803503e+02 -1.59468848e+04
-1.84343434e-05 1.99494949e-05 1.49990683e+08 5.37453756e+03 -1.93917090e+04
-1.79292929e-05 1.99494949e-05 1.49989986e+08 1.18600857e+04 -2.25231533e+04
-1.74242424e-05 1.99494949e-05 1.49990569e+08 2.04086971e+04 -2.44387145e+04
-1.69191919e-05 1.99494949e-05 1.49993061e+08 3.04739056e+04 -2.38725458e+04
-1.64141414e-05 1.99494949e-05 1.49997682e+08 4.04324083e+04 -1.95629938e+04
-1.59090909e-05 1.99494949e-05 1.50003691e+08 4.75682571e+04 -1.10699294e+04
-1.54040404e-05 1.99494949e-05 1.50009200e+08 4.90050508e+04 3.49674399e+02
-1.48989899e-05 1.99494949e-05 1.50011962e+08 4.34285782e+04 1.17732938e+04
-1.43939394e-05 1.99494949e-05 1.50010820e+08 3.22173505e+04 2.00489557e+04
-1.38888889e-05 1.99494949e-05 1.50006455e+08 1.87116689e+04 2.35602039e+04
-1.33838384e-05 1.99494949e-05 1.50000737e+08 6.26993305e+03 2.27423640e+04
-1.28787879e-05 1.99494949e-05 1.49995485e+08 -3.14308614e+03 1.92305564e+04
-1.23737374e-05 1.99494949e-05 1.49991722e+08 -9.10681184e+03 1.47345457e+04
-1.18686869e-05 1.99494949e-05 1.49989666e+08 -1.21556955e+04 1.04291971e+04
-1.13636364e-05 1.99494949e-05 1.49989044e+08 -1.31461918e+04 6.88257336e+03
-1.08585859e-05 1.99494949e-05 1.49989420e+08 -1.28756398e+04 4.23304865e+03
-1.03535354e-05 1.99494949e-05 1.49990380e+08 -1.19403011e+04 2.39298907e+03
-9.84848485e-06 1.99494949e-05 1.49991609e+08 -1.07293535e+04 1.19256853e+03
-9.34343434e-06 1.99494949e-05 1.49992900e+08 -9.47058330e+03 4.57689417e+02
-8.83838384e-06 1.99494949e-05 1.49994132e+08 -8.28284297e+03 4.23287814e+01
-8.33333333e-06 1.99494949e-05 1.49995243e+08 -7.21830548e+03 -1.63974493e+02
-7.82828283e-06 1.99494949e-05 1.49996212e+08 -6.29157751e+03 -2.39587256e+02
-7.32323232e-06 1.99494949e-05 1.49997036e+08 -5.49794002e+03 -2.37654038e+02
-6.81818182e-06 1.99494949e-05 1.49997728e+08 -4.82399557e+03 -1.92944155e+02
-6.31313131e-06 1.99494949e-05 1.49998302e+08 -4.25349364e+03 -1.27458278e+02
-5.80808081e-06 1.99494949e-05 1.49998774e+08 -3.77028850e+03 -5.45981835e+01
-5.30303030e-06 1.99494949e-05 1.49999160e+08 -3.35968408e+03 1.79099822e+01
-4.79797980e-06 1.99494949e-05 1.49999474e+08 -3.00892796e+03 8.60548262e+01
-4.29292929e-06 1.99494949e-05 1.49999727e+08 -2.70730358e+03 1.48277325e+02
-3.78787879e-06 1.99494949e-05 1.49999928e+08 -2.44608397e+03 2.04691655e+02
-3.28282828e-06 1.99494949e-05 1.50000084e+08 -2.21850276e+03 2.56611919e+02
-2.77777778e-06 1.99494949e-05 1.50000200e+08 -2.01982436e+03 3.06218258e+02
-2.27272727e-06 1.99494949e-05 1.50000281e+08 -1.84750997e+03 3.56180641e+02
-1.76767677e-06 1.99494949e-05 1.50000330e+08 -1.70133623e+03 4.09052013e+02
-1.26262626e-06 1.99494949e-05 1.50000353e+08 -1.58313062e+03 4.66334516e+02
-7.57575758e-07 1.99494949e-05 1.50000355e+08 -1.49568641e+03 5.27426117e+02
-2.52525253e-07 1.99494949e-05 1.50000344e+08 -1.44073188e+03 5.89110081e+02
2.52525253e-07 1.99494949e-05 1.50000326e+08 -1.41672048e+03 6.46358006e+02
7.57575758e-07 1.99494949e-05 1.50000307e+08 -1.41798301e+03 6.94340959e+02
1.26262626e-06 1.99494949e-05 1.50000291e+08 -1.43606511e+03 7.30122112e+02
1.76767677e-06 1.99494949e-05 1.50000282e+08 -1.46185607e+03 7.52385387e+02
2.27272727e-06 1.99494949e-05 1.50000286e+08 -1.48584150e+03 7.59673601e+02
2.77777778e-06 1.99494949e-05 1.50000305e+08 -1.49575686e+03 7.50187352e+02
3.28282828e-06 1.99494949e-05 1.50000337e+08 -1.47559893e+03 7.26156550e+02
3.78787879e-06 1.99494949e-05 1.50000371e+08 -1.41306107e+03 7.00231154e+02
4.29292929e-06 1.99494949e-05 1.50000395e+08 -1.31450241e+03 6.92915965e+02
4.79797980e-06 1.99494949e-05 1.50000408e+08 -1.20894411e+03 7.16127432e+02
5.30303030e-06 1.99494949e-05 1.50000423e+08 -1.12876133e+03 7.61309626e+02
5.80808081e-06 1.99494949e-05 1.50000448e+08 -1.08831624e+03 8.08333077e+02
6.31313131e-06 1.99494949e-05 1.50000483e+08 -1.08275984e+03 8.41403462e+02
6.81818182e-06 1.99494949e-05 1.50000522e+08 -1.09945046e+03 8.54838129e+02
7.32323232e-06 1.99494949e-05 1.50000559e+08 -1.12689576e+03 8.49947046e+02
7.82828283e-06 1.99494949e-05 1.50000590e+08 -1.15751617e+03 8.30544837e+02
8.33333333e-06 1.99494949e-05 1.50000614e+08 -1.18708530e+03 8.00370847e+02
8.83838384e-06 1.99494949e-05 1.50000629e+08 -1.21344632e+03 7.62241152e+02
9.34343434e-06 1.99494949e-05 1.50000636e+08 -1.23550377e+03 7.18041939e+02
9.84848485e-06 1.99494949e-05 1.50000637e+08 -1.25262544e+03 6.68980832e+02
1.03535354e-05 1.99494949e-05 1.50000630e+08 -1.26434065e+03 6.15848556e+02
1.08585859e-05 1.99494949e-05 1.50000618e+08 -1.27021121e+03 5.59219629e+02
1.13636364e-05 1.99494949e-05 1.50000601e+08 -1.26979273e+03 4.99588057e+02
1.18686869e-05 1.99494949e-05 1.50000579e+08 -1.26263964e+03 4.37452083e+02
1.23737374e-05 1.99494949e-05 1.50000553e+08 -1.24832960e+03 3.73362817e+02
1.28787879e-05 1.99494949e-05 1.50000524e+08 -1.22649503e+03 3.07947904e+02
1.33838384e-05 1.99494949e-05 1.50000491e+08 -1.19685546e+03 2.41917796e+02
1.38888889e-05 1.99494949e-05 1.50000456e+08 -1.15924728e+03 1.76059570e+02
1.43939394e-05 1.99494949e-05 1.50000420e+08 -1.11364895e+03 1.11221583e+02
1.48989899e-05 1.99494949e-05 1.50000382e+08 -1.06020018e+03 4.82913939e+01
1.54040404e-05 1.99494949e-05 1.50000345e+08 -9.99214039e+02 -1.18310709e+01
1.59090909e-05 1.99494949e-05 1.50000308e+08 -9.31181332e+02 -6.82632615e+01
1.64141414e-05 1.99494949e-05 1.50000272e+08 -8.56766857e+02 -1.20170863e+02
1.69191919e-05 1.99494949e-05 1.50000238e+08 -7.76797540e+02 -1.66797970e+02
1.74242424e-05 1.99494949e-05 1.50000207e+08 -6.92242944e+02 -2.07494853e+02
1.79292929e-05 1.99494949e-05 1.50000179e+08 -6.04189038e+02 -2.41741710e+02
1.84343434e-05 1.99494949e-05 1.50000155e+08 -5.13806578e+02 -2.69167066e+02
1.89393939e-05 1.99494949e-05 1.50000135e+08 -4.22315710e+02 -2.89559823e+02
1.94444444e-05 1.99494949e-05 1.50000121e+08 -3.30948710e+02 -3.02874335e+02
1.99494949e-05 1.99494949e-05 1.50000111e+08 -2.40912792e+02 -3.09228416e+02
2.04545455e-05 1.99494949e-05 1.50000106e+08 -1.53354895e+02 -3.08894556e+02
2.09595960e-05 1.99494949e-05 1.50000105e+08 -6.93301505e+01 -3.02285116e+02
2.14646465e-05 1.99494949e-05 1.50000110e+08 1.02245820e+01 -2.89932553e+02
2.19696970e-05 1.99494949e-05 1.50000119e+08 8.45111125e+01 -2.72466011e+02
2.24747475e-05 1.99494949e-05 1.50000131e+08 1.52883698e+02 -2.50585712e+02
2.29797980e-05 1.99494949e-05 1.50000147e+08 2.14856075e+02 -2.25036598e+02
2.34848485e-05 1.99494949e-05 1.50000167e+08 2.70102040e+02 -1.96582583e+02
2.39898990e-05 1.99494949e-05 1.50000188e+08 3.18450196e+02 -1.65982591e+02
2.44949495e-05 1.99494949e-05 1.50000211e+08 3.59873759e+02 -1.33969301e+02
2.50000000e-05 1.99494949e-05 1.50000236e+08 3.94476452e+02 -1.01231272e+02
-2.50000000e-05 2.04545455e-05 1.50000565e+08 -3.48338653e+03 -4.34306994e+02
-2.44949495e-05 2.04545455e-05 1.50000392e+08 -3.70952001e+03 -7.28511013e+02
-2.39898990e-05 2.04545455e-05 1.50000165e+08 -3.93024707e+03 -1.10358680e+03
-2.34848485e-05 2.04545455e-05 1.49999871e+08 -4.13274291e+03 -1.58009742e+03
-2.29797980e-05 2.04545455e-05 1.49999494e+08 -4.29740350e+03 -2.18323230e+03
-2.24747475e-05 2.04545455e-05 1.49999018e+08 -4.39483826e+03 -2.94323018e+03
-2.19696970e-05 2.04545455e-05 1.49998425e+08 -4.38172241e+03 -3.89522597e+03
-2.14646465e-05 2.04545455e-05 1.49997701e+08 -4.19527206e+03 -5.07785324e+03
-2.09595960e-05 2.04545455e-05 1.49996837e+08 -3.74630389e+03 -6.52943745e+03
-2.04545455e-05 2.04545455e-05 1.49995839e+08 -2.91142430e+03 -8.27987811e+03
-1.99494949e-05 2.04545455e-05 1.49994742e+08 -1.52624932e+03 -1.03353867e+04
-1.94444444e-05 2.04545455e-05 1.49993625e+08 6.15711927e+02 -1.26524906e+04
-1.89393939e-05 2.04545455e-05 1.49992641e+08 3.74913445e+03 -1.50982928e+04
-1.84343434e-05 2.04545455e-05 1.49992033e+08 8.09199075e+03 -1.73985712e+04
-1.79292929e-05 2.04545455e-05 1.49992136e+08 1.37489008e+04 -1.90884270e+04
-1.74242424e-05 2.04545455e-05 1.49993320e+08 2.05497859e+04 -1.95055578e+04
-1.69191919e-05 2.04545455e-05 1.49995843e+08 2.78520331e+04 -1.78960445e+04
-1.64141414e-05 2.04545455e-05 1.49999608e+08 3.44221915e+04 -1.36984181e+04
-1.59090909e-05 2.04545455e-05 1.50003949e+08 3.86000534e+04 -6.96653751e+03
-1.54040404e-05 2.04545455e-05 1.50007678e+08 3.88804227e+04 1.31974966e+03
-1.48989899e-05 2.04545455e-05 1.50009551e+08 3.47060227e+04 9.41897579e+03
-1.43939394e-05 2.04545455e-05 1.50008929e+08 2.68998763e+04 1.55443435e+04
-1.38888889e-05 2.04545455e-05 1.50006118e+08 1.73180881e+04 1.86720236e+04
-1.33838384e-05 2.04545455e-05 1.50002119e+08 7.97102415e+03 1.88490515e+04
-1.28787879e-05 2.04545455e-05 1.49998062e+08 2.69609974e+02 1.68904056e+04
-1.23737374e-05 2.04545455e-05 1.49994749e+08 -5.21490778e+03 1.38363817e+04
-1.18686869e-05 2.04545455e-05 1.49992529e+08 -8.56995811e+03 1.05497189e+04
-1.13636364e-05 2.04545455e-05 1.49991388e+08 -1.02231235e+04 7.56739913e+03
-1.08585859e-05 2.04545455e-05 1.49991118e+08 -1.06833740e+04 5.13065753e+03
-1.03535354e-05 2.04545455e-05 1.49991457e+08 -1.03981734e+04 3.28191318e+03
-9.84848485e-06 2.04545455e-05 1.49992164e+08 -9.70352609e+03 1.95860637e+03
-9.34343434e-06 2.04545455e-05 1.49993054e+08 -8.82601360e+03 1.05870668e+03
-8.83838384e-06 2.04545455e-05 1.49993998e+08 -7.90534774e+03 4.77689719e+02
-8.33333333e-06 2.04545455e-05 1.49994918e+08 -7.02001222e+03 1.25252190e+02
-7.82828283e-06 2.04545455e-05 1.49995768e+08 -6.20876607e+03 -6.97800928e+01
-7.32323232e-06 2.04545455e-05 1.49996528e+08 -5.48631160e+03 -1.60323428e+02
-6.81818182e-06 2.04545455e-05 1.49997192e+08 -4.85377059e+03 -1.84120199e+02
-6.31313131e-06 2.04545455e-05 1.49997763e+08 -4.30526783e+03 -1.67214401e+02
-5.80808081e-06 2.04545455e-05 1.49998249e+08 -3.83185973e+03 -1.27035167e+02
-5.30303030e-06 2.04545455e-05 1.49998657e+08 -3.42376547e+03 -7.48469843e+01
-4.79797980e-06 2.04545455e-05 1.49998998e+08 -3.07157063e+03 -1.75742579e+01
-4.29292929e-06 2.04545455e-05 1.49999280e+08 -2.76684585e+03 4.08963337e+01
-3.78787879e-06 2.04545455e-05 1.49999510e+08 -2.50246208e+03 9.88058776e+01
-3.28282828e-06 2.04545455e-05 1.49999694e+08 -2.27277138e+03 1.55873519e+02
-2.77777778e-06 2.04545455e-05 1.49999839e+08 -2.07373521e+03 2.12776755e+02
-2.27272727e-06 2.04545455e-05 1.49999949e+08 -1.90299703e+03 2.70638188e+02
-1.76767677e-06 2.04545455e-05 1.50000029e+08 -1.75980279e+03 3.30428620e+02
-1.26262626e-06 2.04545455e-05 1.50000084e+08 -1.64459791e+03 3.92292934e+02
-7.57575758e-07 2.04545455e-05 1.50000120e+08 -1.55815699e+03 4.54975660e+02
-2.52525253e-07 2.04545455e-05 1.50000143e+08 -1.50032971e+03 5.15676224e+02
2.52525253e-07 2.04545455e-05 1.50000160e+08 -1.46886372e+03 5.70586048e+02
7.57575758e-07 2.04545455e-05 1.50000174e+08 -1.45894163e+03 6.15927346e+02
1.26262626e-06 2.04545455e-05 1.50000191e+08 -1.46364957e+03 6.48840178e+02
1.76767677e-06 2.04545455e-05 1.50000213e+08 -1.47478520e+03 6.67590234e+02
2.27272727e-06 2.04545455e-05 1.50000242e+08 -1.48315787e+03 6.71455653e+02
2.77777778e-06 2.04545455e-05 1.50000277e+08 -1.47855018e+03 6.61436261e+02
3.28282828e-06 2.04545455e-05 1.50000315e+08 -1.45115220e+03 6.42272772e+02
3.78787879e-06 2.04545455e-05 1.50000349e+08 -1.39620612e+03 6.23768248e+02
4.29292929e-06 2.04545455e-05 1.50000373e+08 -1.31960887e+03 6.17724172e+02
4.79797980e-06 2.04545455e-05 1.50000388e+08 -1.23780806e+03 6.30628472e+02
5.30303030e-06 2.04545455e-05 1.50000401e+08 -1.16931021e+03 6.58920743e+02
5.80808081e-06 2.04545455e-05 1.50000418e+08 -1.12507164e+03 6.92041923e+02
6.31313131e-06 2.04545455e-05 1.50000441e+08 -1.10587882e+03 7.19426207e+02
6.81818182e-06 2.04545455e-05 1.50000468e+08 -1.10610276e+03 7.34856287e+02
7.32323232e-06 2.04545455e-05 1.50000495e+08 -1.11848564e+03 7.36631165e+02
7.82828283e-06 2.04545455e-05 1.50000520e+08 -1.13687985e+03 7.25773367e+02
8.33333333e-06 2.04545455e-05 1.50000540e+08 -1.15696805e+03 7.04312579e+02
8.83838384e-06 2.04545455e-05 1.50000555e+08 -1.17599105e+03 6.74301254e+02
9.34343434e-06 2.04545455e-05 1.50000563e+08 -1.19223755e+03 6.37438566e+02
9.84848485e-06 2.04545455e-05 1.50000565e+08 -1.20461305e+03 5.95023663e+02
1.03535354e-05 2.04545455e-05 1.50000561e+08 -1.21235534e+03 5.48038129e+02
1.08585859e-05 2.04545455e-05 1.50000552e+08 -1.21487276e+03 4.97255402e+02
1.13636364e-05 2.04545455e-05 1.50000538e+08 -1.21166495e+03 4.43336426e+02
1.18686869e-05 2.04545455e-05 1.50000519e+08 -1.20229324e+03 3.86900625e+02
1.23737374e-05 2.04545455e-05 1.50000497e+08 -1.18637862e+03 3.28572925e+02
1.28787879e-05 2.04545455e-05 1.50000471e+08 -1.16361385e+03 2.69010973e+02
1.33838384e-05 2.04545455e-05 1.50000443e+08 -1.13378150e+03 2.08916926e+02
1.38888889e-05 2.04545455e-05 1.50000412e+08 -1.09677323e+03 1.49037434e+02
1.43939394e-05 2.04545455e-05 1.50000379e+08 -1.05260708e+03 9.01547114e+01
1.48989899e-05 2.04545455e-05 1.50000346e+08 -1.00144098e+03 3.30709806e+01
1.54040404e-05 2.04545455e-05 1.50000312e+08 -9.43581074e+02 -2.14117371e+01
1.59090909e-05 2.04545455e-05 1.50000279e+08 -8.79484054e+02 -7.25147343e+01
1.64141414e-05 2.04545455e-05 1.50000247e+08 -8.09753069e+02 -1.19506970e+02
1.69191919e-05 2.04545455e-05 1.50000216e+08 -7.35127204e+02 -1.61729080e+02
1.74242424e-05 2.04545455e-05 1.50000188e+08 -6.56464844e+02 -1.98615573e+02
1.79292929e-05 2.04545455e-05 1.50000163e+08 -5.74721676e+02 -2.29713869e+02
1.84343434e-05 2.04545455e-05 1.50000142e+08 -4.90924353e+02 -2.54699097e+02
1.89393939e-05 2.04545455e-05 1.50000124e+08 -4.06141144e+02 -2.73383806e+02
1.94444444e-05 2.04545455e-05 1.50000110e+08 -3.21451038e+02 -2.85722103e+02
1.99494949e-05 2.04545455e-05 1.50000101e+08 -2.37912857e+02 -2.91808093e+02
2.04545455e-05 2.04545455e-05 1.50000096e+08 -1.56535885e+02 -2.91868831e+02
2.09595960e-05 2.04545455e-05 1.50000096e+08 -7.82533648e+01 -2.86252353e+02
2.14646465e-05 2.04545455e-05 1.50000099e+08 -3.90000490e+00 -2.75411600e+02
2.19696970e-05 2.04545455e-05 1.50000107e+08 6.58056961e+01 -2.59885254e+02
2.24747475e-05 2.04545455e-05 1.50000118e+08 1.30273800e+02 -2.40276622e+02
2.29797980e-05 2.04545455e-05 1.50000133e+08 1.89049812e+02 -2.17231715e+02
2.34848485e-05 2.04545455e-05 1.50000150e+08 2.41816257e+02 -1.91417614e+02
2.39898990e-05 2.04545455e-05 1.50000169e+08 2.88389398e+02 -1.63502078e+02
2.44949495e-05 2.04545455e-05 1.50000190e+08 3.28711748e+02 -1.34135193e+02
2.50000000e-05 2.04545455e-05 1.50000213e+08 3.62841168e+02 -1.03933630e+02
-2.50000000e-05 2.09595960e-05 1.50000125e+08 -3.19906111e+03 -8.69619766e+02
-2.44949495e-05 2.09595960e-05 1.49999911e+08 -3.35187596e+03 -1.21216307e+03
-2.39898990e-05 2.09595960e-05 1.49999644e+08 -3.48184482e+03 -1.63654263e+03
-2.34848485e-05 2.09595960e-05 1.49999313e+08 -3.57258323e+03 -2.16038489e+03
-2.29797980e-05 2.09595960e-05 1.49998909e+08 -3.60074544e+03 -2.80403939e+03
-2.24747475e-05 2.09595960e-05 1.49998421e+08 -3.53352443e+03 -3.59011507e+03
-2.19696970e-05 2.09595960e-05 1.49997842e+08 -3.32551658e+03 -4.54215880e+03
-2.14646465e-05 2.09595960e-05 1.49997169e+08 -2.91505055e+03 -5.68184705e+03
-2.09595960e-05 2.09595960e-05 1.49996412e+08 -2.22041901e+03 -7.02375312e+03
-2.04545455e-05 2.09595960e-05 1.49995595e+08 -1.13712848e+03 -8.56641901e+03
-1.99494949e-05 2.09595960e-05 1.49994772e+08 4.61510161e+02 -1.02782890e+04
-1.94444444e-05 2.09595960e-05 1.49994035e+08 2.71623905e+03 -1.20775093e+04
-1.89393939e-05 2.09595960e-05 1.49993527e+08 5.75956524e+03 -1.38065763e+04
-1.84343434e-05 2.09595960e-05 1.49993440e+08 9.67106848e+03 -1.52076961e+04
-1.79292929e-05 2.09595960e-05 1.49993996e+08 1.44043998e+04 -1.59135910e+04
-1.74242424e-05 2.09595960e-05 1.49995390e+08 1.96923625e+04 -1.54795874e+04
-1.69191919e-05 2.09595960e-05 1.49997682e+08 2.49640840e+04 -1.34868542e+04
-1.64141414e-05 2.09595960e-05 1.50000678e+08 2.93446630e+04 -9.72462418e+03
-1.59090909e-05 2.09595960e-05 1.50003862e+08 3.18184547e+04 -4.39618330e+03
-1.54040404e-05 2.09595960e-05 1.50006477e+08 3.15690119e+04 1.78360154e+03
-1.48989899e-05 2.09595960e-05 1.50007797e+08 2.83591430e+04 7.73279353e+03
-1.43939394e-05 2.09595960e-05 1.50007447e+08 2.27069330e+04 1.23781997e+04
-1.38888889e-05 2.09595960e-05 1.50005574e+08 1.57073565e+04 1.50553512e+04
-1.33838384e-05 2.09595960e-05 1.50002738e+08 8.60406238e+03 1.56885296e+04
-1.28787879e-05 2.09595960e-05 1.49999642e+08 2.38019275e+03 1.46834465e+04
-1.23737374e-05 2.09595960e-05 1.49996869e+08 -2.43580915e+03 1.26640864e+04
-1.18686869e-05 2.09595960e-05 1.49994760e+08 -5.74046406e+03 1.02294711e+04
-1.13636364e-05 2.09595960e-05 1.49993414e+08 -7.70874352e+03 7.82093140e+03
-1.08585859e-05 2.09595960e-05 1.49992766e+08 -8.63830670e+03 5.69558261e+03
-1.03535354e-05 2.09595960e-05 1.49992671e+08 -8.83891398e+03 3.96028987e+03
-9.84848485e-06 2.09595960e-05 1.49992964e+08 -8.57477705e+03 2.62360703e+03
-9.34343434e-06 2.09595960e-05 1.49993501e+08 -8.04586925e+03 1.64176760e+03
-8.83838384e-06 2.09595960e-05 1.49994165e+08 -7.39092019e+03 9.50736587e+02
-8.33333333e-06 2.09595960e-05 1.49994875e+08 -6.69925280e+03 4.84968786e+02
-7.82828283e-06 2.09595960e-05 1.49995576e+08 -6.02411838e+03 1.86512875e+02
-7.32323232e-06 2.09595960e-05 1.49996237e+08 -5.39424033e+03 8.17891399e+00
-6.81818182e-06 2.09595960e-05 1.49996839e+08 -4.82261663e+03 -8.64507129e+01
-6.31313131e-06 2.09595960e-05 1.49997377e+08 -4.31272832e+03 -1.24404988e+02
-5.80808081e-06 2.09595960e-05 1.49997848e+08 -3.86268507e+03 -1.25118184e+02
-5.30303030e-06 2.09595960e-05 1.49998256e+08 -3.46787954e+03 -1.02152385e+02
-4.79797980e-06 2.09595960e-05 1.49998605e+08 -3.12263146e+03 -6.46577264e+01
-4.29292929e-06 2.09595960e-05 1.49998901e+08 -2.82118220e+03 -1.85328174e+01
-3.78787879e-06 2.09595960e-05 1.49999149e+08 -2.55829054e+03 3.26779644e+01
-3.28282828e-06 2.09595960e-05 1.49999354e+08 -2.32958938e+03 8.70813000e+01
-2.77777778e-06 2.09595960e-05 1.49999521e+08 -2.13178678e+03 1.43847191e+02
-2.27272727e-06 2.09595960e-05 1.49999655e+08 -1.96272721e+03 2.02666886e+02
-1.76767677e-06 2.09595960e-05 1.49999761e+08 -1.82127278e+03 2.63220818e+02
-1.26262626e-06 2.09595960e-05 1.49999844e+08 -1.70694072e+03 3.24686637e+02
-7.57575758e-07 2.09595960e-05 1.49999908e+08 -1.61927709e+03 3.85399321e+02
-2.52525253e-07 2.09595960e-05 1.49999960e+08 -1.55707502e+03 4.42815624e+02
2.52525253e-07 2.09595960e-05 1.50000005e+08 -1.51769476e+03 4.93857524e+02
7.57575758e-07 2.09595960e-05 1.50000046e+08 -1.49676704e+03 5.35513925e+02
1.26262626e-06 2.09595960e-05 1.50000087e+08 -1.48835887e+03 5.65425394e+02
1.76767677e-06 2.09595960e-05 1.50000130e+08 -1.48539945e+03 5.82273293e+02
2.27272727e-06 2.09595960e-05 1.50000175e+08 -1.48015082e+03 5.86116859e+02
2.77777778e-06 2.09595960e-05 1.50000221e+08 -1.46492308e+03 5.78977890e+02
3.28282828e-06 2.09595960e-05 1.50000264e+08 -1.43364412e+03 5.65524427e+02
3.78787879e-06 2.09595960e-05 1.50000301e+08 -1.38441825e+03 5.52841496e+02
4.29292929e-06 2.09595960e-05 1.50000329e+08 -1.32161712e+03 5.48212600e+02
4.79797980e-06 2.09595960e-05 1.50000348e+08 -1.25509271e+03 5.55602990e+02
5.30303030e-06 2.09595960e-05 1.50000363e+08 -1.19602177e+03 5.73547094e+02
5.80808081e-06 2.09595960e-05 1.50000379e+08 -1.15219022e+03 5.96311365e+02
6.31313131e-06 2.09595960e-05 1.50000396e+08 -1.12594194e+03 6.17124781e+02
6.81818182e-06 2.09595960e-05 1.50000416e+08 -1.11521290e+03 6.30869449e+02
7.32323232e-06 2.09595960e-05 1.50000438e+08 -1.11583198e+03 6.34973749e+02
7.82828283e-06 2.09595960e-05 1.50000457e+08 -1.12340530e+03 6.28955458e+02
8.33333333e-06 2.09595960e-05 1.50000474e+08 -1.13425520e+03 6.13543010e+02
8.83838384e-06 2.09595960e-05 1.50000487e+08 -1.14563774e+03 5.89947821e+02
9.34343434e-06 2.09595960e-05 1.50000495e+08 -1.15561249e+03 5.59437881e+02
9.84848485e-06 2.09595960e-05 1.50000498e+08 -1.16282003e+03 5.23154544e+02
1.03535354e-05 2.09595960e-05 1.50000496e+08 -1.16628422e+03 4.82072097e+02
1.08585859e-05 2.09595960e-05 1.50000489e+08 -1.16527197e+03 4.37022877e+02
1.13636364e-05 2.09595960e-05 1.50000478e+08 -1.15920737e+03 3.88742935e+02
1.18686869e-05 2.09595960e-05 1.50000462e+08 -1.14762614e+03 3.37916497e+02
1.23737374e-05 2.09595960e-05 1.50000443e+08 -1.13015689e+03 2.85210748e+02
1.28787879e-05 2.09595960e-05 1.50000421e+08 -1.10651849e+03 2.31298883e+02
1.33838384e-05 2.09595960e-05 1.50000396e+08 -1.07652619e+03 1.76872131e+02
1.38888889e-05 2.09595960e-05 1.50000368e+08 -1.04010131e+03 1.22642368e+02
1.43939394e-05 2.09595960e-05 1.50000340e+08 -9.97281353e+02 6.93371176e+01
1.48989899e-05 2.09595960e-05 1.50000310e+08 -9.48228159e+02 1.76887026e+01
1.54040404e-05 2.09595960e-05 1.50000280e+08 -8.93232559e+02 -3.15808501e+01
1.59090909e-05 2.09595960e-05 1.50000250e+08 -8.32714707e+02 -7.77776098e+01
1.64141414e-05 2.09595960e-05 1.50000222e+08 -7.67219470e+02 -1.20254814e+02
1.69191919e-05 2.09595960e-05 1.50000195e+08 -6.97406808e+02 -1.58431849e+02
1.74242424e-05 2.09595960e-05 1.50000170e+08 -6.24037354e+02 -1.91811894e+02
1.79292929e-05 2.09595960e-05 1.50000147e+08 -5.47953735e+02 -2.19997109e+02
1.84343434e-05 2.09595960e-05 1.50000128e+08 -4.70058463e+02 -2.42700459e+02
1.89393939e-05 2.09595960e-05 1.50000112e+08 -3.91289401e+02 -2.59753486e+02
1.94444444e-05 2.09595960e-05 1.50000099e+08 -3.12593989e+02 -2.71109613e+02
1.99494949e-05 2.09595960e-05 1.50000091e+08 -2.34903446e+02 -2.76842854e+02
2.04545455e-05 2.09595960e-05 1.50000086e+08 -1.59108143e+02 -2.77142079e+02
2.09595960e-05 2.09595960e-05 1.50000085e+08 -8.60352445e+01 -2.72301249e+02
2.14646465e-05 2.09595960e-05 1.50000089e+08 -1.64295218e+01 -2.62706251e+02
2.19696970e-05 2.09595960e-05 1.50000095e+08 4.90619688e+01 -2.48819132e+02
2.24747475e-05 2.09595960e-05 1.50000105e+08 1.09900917e+02 -2.31160599e+02
2.29797980e-05 2.09595960e-05 1.50000118e+08 1.65664332e+02 -2.10291723e+02
2.34848485e-05 2.09595960e-05 1.50000134e+08 2.16046755e+02 -1.86795704e+02
2.39898990e-05 2.09595960e-05 1.50000151e+08 2.60858402e+02 -1.61260506e+02
2.44949495e-05 2.09595960e-05 1.50000171e+08 3.00019749e+02 -1.34263005e+02
2.50000000e-05 2.09595960e-05 1.50000191e+08 3.33553137e+02 -1.06355159e+02
-2.50000000e-05 2.14646465e-05 1.49999738e+08 -2.87436367e+03 -1.26340021e+03
-2.44949495e-05 2.14646465e-05 1.49999500e+08 -2.95392783e+03 -1.63862229e+03
-2.39898990e-05 2.14646465e-05 1.49999212e+08 -2.99589052e+03 -2.09226853e+03
-2.34848485e-05 2.14646465e-05 1.49998869e+08 -2.98186775e+03 -2.63817085e+03
-2.29797980e-05 2.14646465e-05 1.49998465e+08 -2.88699515e+03 -3.29107972e+03
-2.24747475e-05 2.14646465e-05 1.49997997e+08 -2.67811729e+03 -4.06558803e+03
-2.19696970e-05 2.14646465e-05 1.49997465e+08 -2.31180051e+03 -4.97413882e+03
-2.14646465e-05 2.14646465e-05 1.49996877e+08 -1.73247206e+03 -6.02364190e+03
-2.09595960e-05 2.14646465e-05 1.49996253e+08 -8.71331407e+02 -7.21010585e+03
-2.04545455e-05 2.14646465e-05 1.49995629e+08 3.52761637e+02 -8.51067514e+03
-1.99494949e-05 2.14646465e-05 1.49995063e+08 2.02841243e+03 -9.87273692e+03
-1.94444444e-05 2.14646465e-05 1.49994644e+08 4.23987708e+03 -1.12006638e+04
-1.89393939e-05 2.14646465e-05 1.49994487e+08 7.04472822e+03 -1.23427493e+04
-1.84343434e-05 2.14646465e-05 1.49994730e+08 1.04382198e+04 -1.30843281e+04
-1.79292929e-05 2.14646465e-05 1.49995507e+08 1.43057065e+04 -1.31574887e+04
-1.74242424e-05 2.14646465e-05 1.49996902e+08 1.83739600e+04 -1.22806333e+04
-1.69191919e-05 2.14646465e-05 1.49998886e+08 2.21864707e+04 -1.02367557e+04
-1.64141414e-05 2.14646465e-05 1.50001256e+08 2.51390100e+04 -6.98105746e+03
-1.59090909e-05 2.14646465e-05 1.50003631e+08 2.66030249e+04 -2.73731840e+03
-1.54040404e-05 2.14646465e-05 1.50005520e+08 2.61214559e+04 1.98186166e+03
-1.48989899e-05 2.14646465e-05 1.50006480e+08 2.35984058e+04 6.47907453e+03
-1.43939394e-05 2.14646465e-05 1.50006281e+08 1.93740654e+04 1.00787078e+04
-1.38888889e-05 2.14646465e-05 1.50004995e+08 1.41271281e+04 1.23378587e+04
-1.33838384e-05 2.14646465e-05 1.50002949e+08 8.65248353e+03 1.31528671e+04
-1.28787879e-05 2.14646465e-05 1.50000588e+08 3.63261863e+03 1.27235303e+04
-1.23737374e-05 2.14646465e-05 1.49998323e+08 -4.98142111e+02 1.14233582e+04
-1.18686869e-05 2.14646465e-05 1.49996440e+08 -3.57237426e+03 9.65739207e+03
-1.13636364e-05 2.14646465e-05 1.49995074e+08 -5.62859803e+03 7.76423378e+03
-1.08585859e-05 2.14646465e-05 1.49994238e+08 -6.82418773e+03 5.97587105e+03
-1.03535354e-05 2.14646465e-05 1.49993867e+08 -7.35972986e+03 4.42055050e+03
-9.84848485e-06 2.14646465e-05 1.49993859e+08 -7.42939547e+03 3.14674971e+03
-9.34343434e-06 2.14646465e-05 1.49994110e+08 -7.19620171e+03 2.15145734e+03
-8.83838384e-06 2.14646465e-05 1.49994526e+08 -6.78473282e+03 1.40398673e+03
-8.33333333e-06 2.14646465e-05 1.49995035e+08 -6.28359401e+03 8.62638501e+02
-7.82828283e-06 2.14646465e-05 1.49995580e+08 -5.75195620e+03 4.84772934e+02
-7.32323232e-06 2.14646465e-05 1.49996126e+08 -5.22686931e+03 2.32001409e+02
-6.81818182e-06 2.14646465e-05 1.49996646e+08 -4.72975748e+03 7.22396776e+01
-6.31313131e-06 2.14646465e-05 1.49997129e+08 -4.27156243e+03 -2.00232395e+01
-5.80808081e-06 2.14646465e-05 1.49997566e+08 -3.85653799e+03 -6.43337717e+01
-5.30303030e-06 2.14646465e-05 1.49997955e+08 -3.48491682e+03 -7.52171280e+01
-4.79797980e-06 2.14646465e-05 1.49998298e+08 -3.15472029e+03 -6.31648236e+01
-4.29292929e-06 2.14646465e-05 1.49998595e+08 -2.86295557e+03 -3.55346819e+01
-3.78787879e-06 2.14646465e-05 1.49998850e+08 -2.60639113e+03 2.67620618e+00
-3.28282828e-06 2.14646465e-05 1.49999067e+08 -2.38204380e+03 4.81762050e+01
-2.77777778e-06 2.14646465e-05 1.49999249e+08 -2.18745594e+03 9.88118868e+01
-2.27272727e-06 2.14646465e-05 1.49999401e+08 -2.02079502e+03 1.53060763e+02
-1.76767677e-06 2.14646465e-05 1.49999527e+08 -1.88077548e+03 2.09577223e+02
-1.26262626e-06 2.14646465e-05 1.49999631e+08 -1.76639703e+03 2.66821051e+02
-7.57575758e-07 2.14646465e-05 1.49999718e+08 -1.67652537e+03 3.22832628e+02
-2.52525253e-07 2.14646465e-05 1.49999793e+08 -1.60940597e+03 3.75222980e+02
2.52525253e-07 2.14646465e-05 1.49999860e+08 -1.56225919e+03 4.21396460e+02
7.57575758e-07 2.14646465e-05 1.49999922e+08 -1.53109871e+03 4.58936304e+02
1.26262626e-06 2.14646465e-05 1.49999981e+08 -1.51082622e+03 4.86028402e+02
1.76767677e-06 2.14646465e-05 1.50000039e+08 -1.49555567e+03 5.01839227e+02
2.27272727e-06 2.14646465e-05 1.50000096e+08 -1.47912955e+03 5.06859423e+02
2.77777778e-06 2.14646465e-05 1.50000149e+08 -1.45591167e+03 5.03220855e+02
3.28282828e-06 2.14646465e-05 1.50000198e+08 -1.42197191e+03 4.94787937e+02
3.78787879e-06 2.14646465e-05 1.50000239e+08 -1.37645189e+03 4.86594598e+02
4.29292929e-06 2.14646465e-05 1.50000271e+08 -1.32233265e+03 4.83389007e+02
4.79797980e-06 2.14646465e-05 1.50000295e+08 -1.26571447e+03 4.87808779e+02
5.30303030e-06 2.14646465e-05 1.50000314e+08 -1.21360651e+03 4.99336779e+02
5.80808081e-06 2.14646465e-05 1.50000331e+08 -1.17142975e+03 5.14777723e+02
6.31313131e-06 2.14646465e-05 1.50000347e+08 -1.14162552e+03 5.29832862e+02
6.81818182e-06 2.14646465e-05 1.50000365e+08 -1.12377754e+03 5.40683133e+02
7.32323232e-06 2.14646465e-05 1.50000382e+08 -1.11564643e+03 5.44833815e+02
7.82828283e-06 2.14646465e-05 1.50000399e+08 -1.11430080e+03 5.41183838e+02
8.33333333e-06 2.14646465e-05 1.50000413e+08 -1.11689138e+03 5.29672575e+02
8.83838384e-06 2.14646465e-05 1.50000424e+08 -1.12101093e+03 5.10846520e+02
9.34343434e-06 2.14646465e-05 1.50000432e+08 -1.12476985e+03 4.85521773e+02
9.84848485e-06 2.14646465e-05 1.50000435e+08 -1.12673360e+03 4.54580273e+02
1.03535354e-05 2.14646465e-05 1.50000435e+08 -1.12581997e+03 4.18873182e+02
1.08585859e-05 2.14646465e-05 1.50000429e+08 -1.12120413e+03 3.79191079e+02
1.13636364e-05 2.14646465e-05 1.50000420e+08 -1.11224812e+03 3.36268201e+02
1.18686869e-05 2.14646465e-05 1.50000407e+08 -1.09845535e+03 2.90799677e+02
1.23737374e-05 2.14646465e-05 1.50000391e+08 -1.07944535e+03 2.43460197e+02
1.28787879e-05 2.14646465e-05 1.50000372e+08 -1.05494267e+03 1.94918647e+02
1.33838384e-05 2.14646465e-05 1.50000350e+08 -1.02477467e+03 1.45846701e+02
1.38888889e-05 2.14646465e-05 1.50000326e+08 -9.88873880e+02 9.69211480e+01
1.43939394e-05 2.14646465e-05 1.50000301e+08 -9.47282186e+02 4.88205771e+01
1.48989899e-05 2.14646465e-05 1.50000275e+08 -9.00154334e+02 2.21741977e+00
1.54040404e-05 2.14646465e-05 1.50000249e+08 -8.47759434e+02 -4.22335132e+01
1.59090909e-05 2.14646465e-05 1.50000222e+08 -7.90479394e+02 -8.39088200e+01
1.64141414e-05 2.14646465e-05 1.50000197e+08 -7.28803729e+02 -1.22231454e+02
1.69191919e-05 2.14646465e-05 1.50000173e+08 -6.63320542e+02 -1.56685710e+02
1.74242424e-05 2.14646465e-05 1.50000150e+08 -5.94703790e+02 -1.86831214e+02
1.79292929e-05 2.14646465e-05 1.50000130e+08 -5.23697230e+02 -2.12315000e+02
1.84343434e-05 2.14646465e-05 1.50000113e+08 -4.51095656e+02 -2.32880924e+02
1.89393939e-05 2.14646465e-05 1.50000099e+08 -3.77724232e+02 -2.48375834e+02
1.94444444e-05 2.14646465e-05 1.50000087e+08 -3.04416832e+02 -2.58752157e+02
1.99494949e-05 2.14646465e-05 1.50000080e+08 -2.31994358e+02 -2.64066771e+02
2.04545455e-05 2.14646465e-05 1.50000076e+08 -1.61243981e+02 -2.64476272e+02
2.09595960e-05 2.14646465e-05 1.50000075e+08 -9.29001877e+01 -2.60228938e+02
2.14646465e-05 2.14646465e-05 1.50000078e+08 -2.76283594e+01 -2.51653873e+02
2.19696970e-05 2.14646465e-05 1.50000084e+08 3.39885300e+01 -2.39147952e+02
2.24747475e-05 2.14646465e-05 1.50000093e+08 9.14597436e+01 -2.23161262e+02
2.29797980e-05 2.14646465e-05 1.50000104e+08 1.44392967e+02 -2.04181762e+02
2.34848485e-05 2.14646465e-05 1.50000118e+08 1.92496885e+02 -1.82719879e+02
2.39898990e-05 2.14646465e-05 1.50000135e+08 2.35580371e+02 -1.59293683e+02
2.44949495e-05 2.14646465e-05 1.50000152e+08 2.73548630e+02 -1.34415194e+02
2.50000000e-05 2.14646465e-05 1.50000171e+08 3.06396792e+02 -1.08578251e+02
-2.50000000e-05 2.19696970e-05 1.49999411e+08 -2.52302679e+03 -1.60697361e+03
-2.44949495e-05 2.19696970e-05 1.49999161e+08 -2.53296470e+03 -1.99981637e+03
-2.39898990e-05 2.19696970e-05 1.49998870e+08 -2.49383976e+03 -2.46434694e+03
-2.34848485e-05 2.19696970e-05 1.49998533e+08 -2.38671252e+03 -3.01031544e+03
-2.29797980e-05 2.19696970e-05 1.49998151e+08 -2.18709056e+03 -3.64689483e+03
-2.24747475e-05 2.19696970e-05 1.49997724e+08 -1.86383085e+03 -4.38128487e+03
-2.19696970e-05 2.19696970e-05 1.49997259e+08 -1.37820696e+03 -5.21649941e+03
-2.14646465e-05 2.19696970e-05 1.49996772e+08 -6.83517835e+02 -6.14804930e+03
-2.09595960e-05 2.19696970e-05 1.49996287e+08 2.74114704e+02 -7.15925186e+03
-2.04545455e-05 2.19696970e-05 1.49995843e+08 1.55274908e+03 -8.21505729e+03
-1.99494949e-05 2.19696970e-05 1.49995496e+08 3.20801459e+03 -9.25471573e+03
-1.94444444e-05 2.19696970e-05 1.49995321e+08 5.28122135e+03 -1.01844845e+04
-1.89393939e-05 2.19696970e-05 1.49995404e+08 7.78082125e+03 -1.08730213e+04
-1.84343434e-05 2.19696970e-05 1.49995838e+08 1.06573873e+04 -1.11539879e+04
-1.79292929e-05 2.19696970e-05 1.49996694e+08 1.37758219e+04 -1.08419188e+04
-1.74242424e-05 2.19696970e-05 1.49997993e+08 1.68942025e+04 -9.76677656e+03
-1.69191919e-05 2.19696970e-05 1.49999670e+08 1.96646942e+04 -7.82727380e+03
-1.64141414e-05 2.19696970e-05 1.50001549e+08 2.16732703e+04 -5.05165282e+03
-1.59090909e-05 2.19696970e-05 1.50003351e+08 2.25248346e+04 -1.64074651e+03
-1.54040404e-05 2.19696970e-05 1.50004751e+08 2.19566435e+04 2.03757114e+03
-1.48989899e-05 2.19696970e-05 1.50005468e+08 1.99365686e+04 5.51902557e+03
-1.43939394e-05 2.19696970e-05 1.50005355e+08 1.66958536e+04 8.36137907e+03
-1.38888889e-05 2.19696970e-05 1.50004449e+08 1.26729185e+04 1.02617062e+04
-1.33838384e-05 2.19696970e-05 1.50002947e+08 8.39154996e+03 1.11208520e+04
-1.28787879e-05 2.19696970e-05 1.50001136e+08 4.32906834e+03 1.10339488e+04
-1.23737374e-05 2.19696970e-05 1.49999305e+08 8.25725809e+02 1.02252108e+04
-1.18686869e-05 2.19696970e-05 1.49997679e+08 -1.94449828e+03 8.96545596e+03
-1.13636364e-05 2.19696970e-05 1.49996392e+08 -3.95283847e+03 7.50517081e+03
-1.08585859e-05 2.19696970e-05 1.49995492e+08 -5.26975292e+03 6.03729436e+03
-1.03535354e-05 2.19696970e-05 1.49994963e+08 -6.01678293e+03 4.68747061e+03
-9.84848485e-06 2.19696970e-05 1.49994751e+08 -6.32907149e+03 3.52187760e+03
-9.34343434e-06 2.19696970e-05 1.49994786e+08 -6.33202326e+03 2.56251966e+03
-8.83838384e-06 2.19696970e-05 1.49995000e+08 -6.13012598e+03 1.80305631e+03
-8.33333333e-06 2.19696970e-05 1.49995330e+08 -5.80407085e+03 1.22174714e+03
-7.82828283e-06 2.19696970e-05 1.49995727e+08 -5.41252597e+03 7.90575427e+02
-7.32323232e-06 2.19696970e-05 1.49996154e+08 -4.99592177e+03 4.80926011e+02
-6.81818182e-06 2.19696970e-05 1.49996585e+08 -4.58065167e+03 2.66665588e+02
-6.31313131e-06 2.19696970e-05 1.49997000e+08 -4.18288242e+03 1.25488407e+02
-5.80808081e-06 2.19696970e-05 1.49997390e+08 -3.81166891e+03 3.92183926e+01
-5.30303030e-06 2.19696970e-05 1.49997748e+08 -3.47134106e+03 -6.44859181e+00
-4.79797980e-06 2.19696970e-05 1.49998071e+08 -3.16325371e+03 -2.24567280e+01
-4.29292929e-06 2.19696970e-05 1.49998359e+08 -2.88702744e+03 -1.69818024e+01
-3.78787879e-06 2.19696970e-05 1.49998611e+08 -2.64140268e+03 3.98516796e+00
-3.28282828e-06 2.19696970e-05 1.49998832e+08 -2.42480367e+03 3.60972110e+01
-2.77777778e-06 2.19696970e-05 1.49999022e+08 -2.23567857e+03 7.61619466e+01
-2.27272727e-06 2.19696970e-05 1.49999185e+08 -2.07265424e+03 1.21704939e+02
-1.76767677e-06 2.19696970e-05 1.49999325e+08 -1.93452705e+03 1.70595271e+02
-1.26262626e-06 2.19696970e-05 1.49999446e+08 -1.82011023e+03 2.20758310e+02
-7.57575758e-07 2.19696970e-05 1.49999550e+08 -1.72797738e+03 2.70012312e+02
-2.52525253e-07 2.19696970e-05 1.49999642e+08 -1.65617209e+03 3.16059406e+02
2.52525253e-07 2.19696970e-05 1.49999726e+08 -1.60197619e+03 3.56631275e+02
7.57575758e-07 2.19696970e-05 1.49999803e+08 -1.56182000e+03 3.89747804e+02
1.26262626e-06 2.19696970e-05 1.49999876e+08 -1.53137833e+03 4.14021497e+02
1.76767677e-06 2.19696970e-05 1.49999945e+08 -1.50585441e+03 4.28948685e+02
2.27272727e-06 2.19696970e-05 1.50000009e+08 -1.48044664e+03 4.35147453e+02
2.77777778e-06 2.19696970e-05 1.50000069e+08 -1.45100426e+03 4.34480455e+02
3.28282828e-06 2.19696970e-05 1.50000123e+08 -1.41482737e+03 4.29929321e+02
3.78787879e-06 2.19696970e-05 1.50000168e+08 -1.37139763e+03 4.25062151e+02
4.29292929e-06 2.19696970e-05 1.50000205e+08 -1.32264379e+03 4.23096594e+02
4.79797980e-06 2.19696970e-05 1.50000234e+08 -1.27240623e+03 4.25885544e+02
5.30303030e-06 2.19696970e-05 1.50000257e+08 -1.22518355e+03 4.33350769e+02
5.80808081e-06 2.19696970e-05 1.50000277e+08 -1.18472325e+03 4.43683359e+02
6.31313131e-06 2.19696970e-05 1.50000294e+08 -1.15310541e+03 4.54148608e+02
6.81818182e-06 2.19696970e-05 1.50000311e+08 -1.13059209e+03 4.62013003e+02
7.32323232e-06 2.19696970e-05 1.50000327e+08 -1.11605714e+03 4.65181207e+02
7.82828283e-06 2.19696970e-05 1.50000342e+08 -1.10761857e+03 4.62419690e+02
8.33333333e-06 2.19696970e-05 1.50000355e+08 -1.10318162e+03 4.53273906e+02
8.83838384e-06 2.19696970e-05 1.50000366e+08 -1.10077914e+03 4.37851508e+02
9.34343434e-06 2.19696970e-05 1.50000373e+08 -1.09872500e+03 4.16599818e+02
9.84848485e-06 2.19696970e-05 1.50000377e+08 -1.09564518e+03 3.90136679e+02
1.03535354e-05 2.19696970e-05 1.50000377e+08 -1.09044823e+03 3.59144671e+02
1.08585859e-05 2.19696970e-05 1.50000373e+08 -1.08227643e+03 3.24316112e+02
1.13636364e-05 2.19696970e-05 1.50000366e+08 -1.07045924e+03 2.86331129e+02
1.18686869e-05 2.19696970e-05 1.50000355e+08 -1.05447738e+03 2.45853782e+02
1.23737374e-05 2.19696970e-05 1.50000342e+08 -1.03393883e+03 2.03535882e+02
1.28787879e-05 2.19696970e-05 1.50000325e+08 -1.00856490e+03 1.60022287e+02
1.33838384e-05 2.19696970e-05 1.50000306e+08 -9.78183435e+02 1.15954378e+02
1.38888889e-05 2.19696970e-05 1.50000286e+08 -9.42726519e+02 7.19703080e+01
1.43939394e-05 2.19696970e-05 1.50000264e+08 -9.02230262e+02 2.87017031e+01
1.48989899e-05 2.19696970e-05 1.50000241e+08 -8.56834812e+02 -1.32328713e+01
1.54040404e-05 2.19696970e-05 1.50000218e+08 -8.06783276e+02 -5.32370468e+01
1.59090909e-05 2.19696970e-05 1.50000194e+08 -7.52418591e+02 -9.07475805e+01
1.64141414e-05 2.19696970e-05 1.50000172e+08 -6.94177794e+02 -1.25246209e+02
1.69191919e-05 2.19696970e-05 1.50000151e+08 -6.32583424e+02 -1.56271552e+02
1.74242424e-05 2.19696970e-05 1.50000131e+08 -5.68232104e+02 -1.83430237e+02
1.79292929e-05 2.19696970e-05 1.50000113e+08 -5.01780551e+02 -2.06406517e+02
1.84343434e-05 2.19696970e-05 1.50000098e+08 -4.33929497e+02 -2.24969739e+02
1.89393939e-05 2.19696970e-05 1.50000085e+08 -3.65406117e+02 -2.38979234e+02
1.94444444e-05 2.19696970e-05 1.50000075e+08 -2.96945689e+02 -2.48386297e+02
1.99494949e-05 2.19696970e-05 1.50000068e+08 -2.29273251e+02 -2.53233170e+02
2.04545455e-05 2.19696970e-05 1.50000064e+08 -1.63085999e+02 -2.53649080e+02
2.09595960e-05 2.19696970e-05 1.50000064e+08 -9.90371375e+01 -2.49843569e+02
2.14646465e-05 2.19696970e-05 1.50000066e+08 -3.77217786e+01 -2.42097479e+02
2.19696970e-05 2.19696970e-05 1.50000072e+08 2.03346418e+01 -2.30752090e+02
2.24747475e-05 2.19696970e-05 1.50000080e+08 7.46851113e+01 -2.16196937e+02
2.29797980e-05 2.19696970e-05 1.50000091e+08 1.24966798e+02 -1.98856911e+02
2.34848485e-05 2.19696970e-05 1.50000104e+08 1.70903821e+02 -1.79179200e+02
2.39898990e-05 2.19696970e-05 1.50000118e+08 2.12307175e+02 -1.57620610e+02
2.44949495e-05 2.19696970e-05 1.50000135e+08 2.49072078e+02 -1.34635724e+02
2.50000000e-05 2.19696970e-05 1.50000152e+08 2.81173105e+02 -1.10666273e+02
-2.50000000e-05 2.24747475e-05 1.49999143e+08 -2.15807061e+03 -1.89584130e+03
-2.44949495e-05 2.24747475e-05 1.49998894e+08 -2.10466686e+03 -2.29283285e+03
-2.39898990e-05 2.24747475e-05 1.49998612e+08 -1.99419999e+03 -2.75257991e+03
-2.34848485e-05 2.24747475e-05 1.49998296e+08 -1.80835633e+03 -3.28091384e+03
-2.29797980e-05 2.24747475e-05 1.49997949e+08 -1.52442191e+03 -3.88199748e+03
-2.24747475e-05 2.24747475e-05 1.49997576e+08 -1.11481274e+03 -4.55685632e+03
-2.19696970e-05 2.24747475e-05 1.49997188e+08 -5.46975374e+02 -5.30127477e+03
-2.14646465e-05 2.24747475e-05 1.49996804e+08 2.15983124e+02 -6.10293456e+03
-2.09595960e-05 2.24747475e-05 1.49996449e+08 1.21340318e+03 -6.93776464e+03
-2.04545455e-05 2.24747475e-05 1.49996161e+08 2.48320394e+03 -7.76568963e+03
-1.99494949e-05 2.24747475e-05 1.49995989e+08 4.05521169e+03 -8.52637508e+03
-1.94444444e-05 2.24747475e-05 1.49995990e+08 5.94098174e+03 -9.13622041e+03
-1.89393939e-05 2.24747475e-05 1.49996227e+08 8.12002939e+03 -9.48870114e+03
-1.84343434e-05 2.24747475e-05 1.49996756e+08 1.05238117e+04 -9.46094524e+03
-1.79292929e-05 2.24747475e-05 1.49997609e+08 1.30211851e+04 -8.92951941e+03
-1.74242424e-05 2.24747475e-05 1.49998774e+08 1.54119684e+04 -7.79682995e+03
-1.69191919e-05 2.24747475e-05 1.50000178e+08 1.74371574e+04 -6.02545054e+03
-1.64141414e-05 2.24747475e-05 1.50001675e+08 1.88126703e+04 -3.67143471e+03
-1.59090909e-05 2.24747475e-05 1.50003064e+08 1.92860161e+04 -9.02066843e+02
-1.54040404e-05 2.24747475e-05 1.50004125e+08 1.87029054e+04 2.01642839e+03
-1.48989899e-05 2.24747475e-05 1.50004672e+08 1.70598953e+04 4.76612557e+03
-1.43939394e-05 2.24747475e-05 1.50004610e+08 1.45187956e+04 7.04786696e+03
-1.38888889e-05 2.24747475e-05 1.50003957e+08 1.13728898e+04 8.64946814e+03
-1.33838384e-05 2.24747475e-05 1.50002837e+08 7.97703038e+03 9.48570596e+03
-1.28787879e-05 2.24747475e-05 1.50001437e+08 4.66918501e+03 9.59818526e+03
-1.23737374e-05 2.24747475e-05 1.49999961e+08 1.71070022e+03 9.12198238e+03
-1.18686869e-05 2.24747475e-05 1.49998582e+08 -7.40796648e+02 8.23761162e+03
-1.13636364e-05 2.24747475e-05 1.49997417e+08 -2.62776187e+03 7.12683253e+03
-1.08585859e-05 2.24747475e-05 1.49996527e+08 -3.96986727e+03 5.94303619e+03
-1.03535354e-05 2.24747475e-05 1.49995924e+08 -4.83482596e+03 4.79811467e+03
-9.84848485e-06 2.24747475e-05 1.49995584e+08 -5.31211579e+03 3.76209000e+03
-9.34343434e-06 2.24747475e-05 1.49995467e+08 -5.49386365e+03 2.87003226e+03
-8.83838384e-06 2.24747475e-05 1.49995523e+08 -5.46338822e+03 2.13158016e+03
-8.33333333e-06 2.24747475e-05 1.49995704e+08 -5.28992846e+03 1.54007659e+03
-7.82828283e-06 2.24747475e-05 1.49995970e+08 -5.02752835e+03 1.07991408e+03
-7.32323232e-06 2.24747475e-05 1.49996286e+08 -4.71627101e+03 7.31758683e+02
-6.81818182e-06 2.24747475e-05 1.49996626e+08 -4.38455681e+03 4.75886318e+02
-6.31313131e-06 2.24747475e-05 1.49996970e+08 -4.05161597e+03 2.94072791e+02
-5.80808081e-06 2.24747475e-05 1.49997306e+08 -3.72982763e+03 1.70485223e+02
-5.30303030e-06 2.24747475e-05 1.49997624e+08 -3.42666608e+03 9.19422120e+01
-4.79797980e-06 2.24747475e-05 1.49997919e+08 -3.14623825e+03 4.78093024e+01
-4.29292929e-06 2.24747475e-05 1.49998188e+08 -2.89044612e+03 2.97060687e+01
-3.78787879e-06 2.24747475e-05 1.49998431e+08 -2.65983239e+03 3.11322373e+01
-3.28282828e-06 2.24747475e-05 1.49998648e+08 -2.45416831e+03 4.70734403e+01
-2.77777778e-06 2.24747475e-05 1.49998839e+08 -2.27283195e+03 7.36195834e+01
-2.27272727e-06 2.24747475e-05 1.49999008e+08 -2.11501275e+03 1.07616449e+02
-1.76767677e-06 2.24747475e-05 1.49999156e+08 -1.97977069e+03 1.46369496e+02
-1.26262626e-06 2.24747475e-05 1.49999287e+08 -1.86597969e+03 1.87421961e+02
-7.57575758e-07 2.24747475e-05 1.49999404e+08 -1.77219492e+03 2.28430039e+02
-2.52525253e-07 2.24747475e-05 1.49999508e+08 -1.69649813e+03 2.67149509e+02
2.52525253e-07 2.24747475e-05 1.49999604e+08 -1.63638276e+03 3.01529127e+02
7.57575758e-07 2.24747475e-05 1.49999692e+08 -1.58873406e+03 3.29883064e+02
1.26262626e-06 2.24747475e-05 1.49999774e+08 -1.54993818e+03 3.51098715e+02
1.76767677e-06 2.24747475e-05 1.49999851e+08 -1.51613108e+03 3.64832213e+02
2.27272727e-06 2.24747475e-05 1.49999922e+08 -1.48358079e+03 3.71642920e+02
2.77777778e-06 2.24747475e-05 1.49999986e+08 -1.44917605e+03 3.73006894e+02
3.28282828e-06 2.24747475e-05 1.50000044e+08 -1.41094614e+03 3.71136228e+02
3.78787879e-06 2.24747475e-05 1.50000093e+08 -1.36845895e+03 3.68557296e+02
4.29292929e-06 2.24747475e-05 1.50000135e+08 -1.32289735e+03 3.67502744e+02
4.79797980e-06 2.24747475e-05 1.50000168e+08 -1.27668580e+03 3.69312570e+02
5.30303030e-06 2.24747475e-05 1.50000196e+08 -1.23274357e+03 3.74100560e+02
5.80808081e-06 2.24747475e-05 1.50000219e+08 -1.19364725e+03 3.80834658e+02
6.31313131e-06 2.24747475e-05 1.50000238e+08 -1.16102571e+03 3.87764055e+02
6.81818182e-06 2.24747475e-05 1.50000256e+08 -1.13535624e+03 3.92967285e+02
7.32323232e-06 2.24747475e-05 1.50000272e+08 -1.11611626e+03 3.94796625e+02
7.82828283e-06 2.24747475e-05 1.50000287e+08 -1.10211946e+03 3.92110687e+02
8.33333333e-06 2.24747475e-05 1.50000299e+08 -1.09186681e+03 3.84310013e+02
8.83838384e-06 2.24747475e-05 1.50000309e+08 -1.08381494e+03 3.71252132e+02
9.34343434e-06 2.24747475e-05 1.50000317e+08 -1.07653722e+03 3.53123855e+02
9.84848485e-06 2.24747475e-05 1.50000321e+08 -1.06879644e+03 3.30321166e+02
1.03535354e-05 2.24747475e-05 1.50000322e+08 -1.05956058e+03 3.03358234e+02
1.08585859e-05 2.24747475e-05 1.50000320e+08 -1.04798973e+03 2.72808066e+02
1.13636364e-05 2.24747475e-05 1.50000314e+08 -1.03341288e+03 2.39268558e+02
1.18686869e-05 2.24747475e-05 1.50000306e+08 -1.01530497e+03 2.03345581e+02
1.23737374e-05 2.24747475e-05 1.50000294e+08 -9.93268463e+02 1.65645814e+02
1.28787879e-05 2.24747475e-05 1.50000280e+08 -9.67020527e+02 1.26774005e+02
1.33838384e-05 2.24747475e-05 1.50000264e+08 -9.36384924e+02 8.73312942e+01
1.38888889e-05 2.24747475e-05 1.50000247e+08 -9.01287273e+02 4.79126791e+01
1.43939394e-05 2.24747475e-05 1.50000228e+08 -8.61752177e+02 9.10278923e+00
1.48989899e-05 2.24747475e-05 1.50000208e+08 -8.17900854e+02 -2.85302472e+01
1.54040404e-05 2.24747475e-05 1.50000187e+08 -7.69948211e+02 -6.44426061e+01
1.59090909e-05 2.24747475e-05 1.50000167e+08 -7.18198574e+02 -9.81237790e+01
1.64141414e-05 2.24747475e-05 1.50000147e+08 -6.63039557e+02 -1.29106198e+02
1.69191919e-05 2.24747475e-05 1.50000129e+08 -6.04933827e+02 -1.56974833e+02
1.74242424e-05 2.24747475e-05 1.50000111e+08 -5.44408733e+02 -1.81376127e+02
1.79292929e-05 2.24747475e-05 1.50000096e+08 -4.82043992e+02 -2.02025691e+02
1.84343434e-05 2.24747475e-05 1.50000082e+08 -4.18457755e+02 -2.18714268e+02
1.89393939e-05 2.24747475e-05 1.50000071e+08 -3.54291542e+02 -2.31311590e+02
1.94444444e-05 2.24747475e-05 1.50000062e+08 -2.90194597e+02 -2.39767887e+02
1.99494949e-05 2.24747475e-05 1.50000056e+08 -2.26808253e+02 -2.44112943e+02
2.04545455e-05 2.24747475e-05 1.50000053e+08 -1.64750921e+02 -2.44452751e+02
2.09595960e-05 2.24747475e-05 1.50000053e+08 -1.04604262e+02 -2.40963932e+02
2.14646465e-05 2.24747475e-05 1.50000055e+08 -4.69010154e+01 -2.33886206e+02
2.19696970e-05 2.24747475e-05 1.50000060e+08 7.88510567e+00 -2.23513297e+02
2.24747475e-05 2.24747475e-05 1.50000068e+08 5.93472067e+01 -2.10182707e+02
2.29797980e-05 2.24747475e-05 1.50000077e+08 1.07150531e+02 -1.94264812e+02
2.34848485e-05 2.24747475e-05 1.50000089e+08 1.51035297e+02 -1.76151771e+02
2.39898990e-05 2.24747475e-05 1.50000103e+08 1.90817147e+02 -1.56246650e+02
2.44949495e-05 2.24747475e-05 1.50000118e+08 2.26385409e+02 -1.34953178e+02
2.50000000e-05 2.24747475e-05 1.50000134e+08 2.57699435e+02 -1.12666432e+02
-2.50000000e-05 2.29797980e-05 1.49998932e+08 -1.79104810e+03 -2.12902177e+03
-2.44949495e-05 2.29797980e-05 1.49998694e+08 -1.68231630e+03 -2.51885406e+03
-2.39898990e-05 2.29797980e-05 1.49998431e+08 -1.51180605e+03 -2.96135808e+03
-2.34848485e-05 2.29797980e-05 1.49998145e+08 -1.26268527e+03 -3.45890994e+03
-2.29797980e-05 2.29797980e-05 1.49997841e+08 -9.14915648e+02 -4.01153448e+03
-2.24747475e-05 2.29797980e-05 1.49997527e+08 -4.45270312e+02 -4.61553823e+03
-2.19696970e-05 2.29797980e-05 1.49997217e+08 1.72191138e+02 -5.26170872e+03
-2.14646465e-05 2.29797980e-05 1.49996929e+08 9.64897875e+02 -5.93307608e+03
-2.09595960e-05 2.29797980e-05 1.49996688e+08 1.95941415e+03 -6.60234739e+03
-2.04545455e-05 2.29797980e-05 1.49996528e+08 3.17752582e+03 -7.22932772e+03
-1.99494949e-05 2.29797980e-05 1.49996488e+08 4.63038998e+03 -7.75895468e+03
-1.94444444e-05 2.29797980e-05 1.49996611e+08 6.31063829e+03 -8.12097998e+03
-1.89393939e-05 2.29797980e-05 1.49996938e+08 8.18293801e+03 -8.23273470e+03
-1.84343434e-05 2.29797980e-05 1.49997501e+08 1.01745615e+04 -8.00658334e+03
-1.79292929e-05 2.29797980e-05 1.49998307e+08 1.21688996e+04 -7.36322389e+03
-1.74242424e-05 2.29797980e-05 1.49999331e+08 1.40061067e+04 -6.25050773e+03
-1.69191919e-05 2.29797980e-05 1.50000502e+08 1.54952404e+04 -4.66480233e+03
-1.64141414e-05 2.29797980e-05 1.50001704e+08 1.64402100e+04 -2.66875085e+03
-1.59090909e-05 2.29797980e-05 1.50002791e+08 1.66770436e+04 -3.97307465e+02
-1.54040404e-05 2.29797980e-05 1.50003610e+08 1.61136820e+04 1.95464441e+03
-1.48989899e-05 2.29797980e-05 1.50004037e+08 1.47590341e+04 4.16392407e+03
-1.43939394e-05 2.29797980e-05 1.50004005e+08 1.27291551e+04 6.02238874e+03
-1.38888889e-05 2.29797980e-05 1.50003525e+08 1.02261922e+04 7.37815936e+03
-1.33838384e-05 2.29797980e-05 1.50002676e+08 7.49663025e+03 8.16105430e+03
-1.28787879e-05 2.29797980e-05 1.50001585e+08 4.78319596e+03 8.38538546e+03
-1.23737374e-05 2.29797980e-05 1.50000393e+08 2.28537215e+03 8.13265636e+03
-1.18686869e-05 2.29797980e-05 1.49999233e+08 1.37555455e+02 7.52332515e+03
-1.13636364e-05 2.29797980e-05 1.49998204e+08 -1.59417483e+03 6.68803199e+03
-1.08585859e-05 2.29797980e-05 1.49997365e+08 -2.90164925e+03 5.74559059e+03
-1.03535354e-05 2.29797980e-05 1.49996742e+08 -3.81761457e+03 4.79047980e+03
-9.84848485e-06 2.29797980e-05 1.49996332e+08 -4.39818010e+03 3.88894276e+03
-9.34343434e-06 2.29797980e-05 1.49996113e+08 -4.70834502e+03 3.08102164e+03
-8.83838384e-06 2.29797980e-05 1.49996052e+08 -4.81194442e+03 2.38565393e+03
-8.33333333e-06 2.29797980e-05 1.49996116e+08 -4.76580617e+03 1.80661020e+03
-7.82828283e-06 2.29797980e-05 1.49996271e+08 -4.61717869e+03 1.33792911e+03
-7.32323232e-06 2.29797980e-05 1.49996487e+08 -4.40333880e+03 9.68246095e+02
-6.81818182e-06 2.29797980e-05 1.49996742e+08 -4.15244400e+03 6.83901263e+02
-6.31313131e-06 2.29797980e-05 1.49997017e+08 -3.88495159e+03 4.70969746e+02
-5.80808081e-06 2.29797980e-05 1.49997296e+08 -3.61517505e+03 3.16453330e+02
-5.30303030e-06 2.29797980e-05 1.49997570e+08 -3.35273955e+03 2.08875324e+02
-4.79797980e-06 2.29797980e-05 1.49997832e+08 -3.10382822e+03 1.38481391e+02
-4.29292929e-06 2.29797980e-05 1.49998078e+08 -2.87218743e+03 9.71984786e+01
-3.78787879e-06 2.29797980e-05 1.49998304e+08 -2.65989994e+03 7.84575215e+01
-3.28282828e-06 2.29797980e-05 1.49998511e+08 -2.46795099e+03 7.69495918e+01
-2.77777778e-06 2.29797980e-05 1.49998698e+08 -2.29661619e+03 8.83607456e+01
-2.27272727e-06 2.29797980e-05 1.49998867e+08 -2.14569882e+03 1.09116655e+02
-1.76767677e-06 2.29797980e-05 1.49999019e+08 -2.01464321e+03 1.36161238e+02
-1.26262626e-06 2.29797980e-05 1.49999155e+08 -1.90255317e+03 1.66790053e+02
-7.57575758e-07 2.29797980e-05 1.49999278e+08 -1.80815074e+03 1.98554815e+02
-2.52525253e-07 2.29797980e-05 1.49999391e+08 -1.72971633e+03 2.29246815e+02
2.52525253e-07 2.29797980e-05 1.49999494e+08 -1.66505435e+03 2.56953871e+02
7.57575758e-07 2.29797980e-05 1.49999589e+08 -1.61152194e+03 2.80170807e+02
1.26262626e-06 2.29797980e-05 1.49999678e+08 -1.56614588e+03 2.97932075e+02
1.76767677e-06 2.29797980e-05 1.49999760e+08 -1.52583536e+03 3.09928742e+02
2.27272727e-06 2.29797980e-05 1.49999836e+08 -1.48768005e+03 3.16568815e+02
2.77777778e-06 2.29797980e-05 1.49999904e+08 -1.44929983e+03 3.18938090e+02
3.28282828e-06 2.29797980e-05 1.49999965e+08 -1.40918027e+03 3.18625674e+02
3.78787879e-06 2.29797980e-05 1.50000018e+08 -1.36689571e+03 3.17408860e+02
4.29292929e-06 2.29797980e-05 1.50000063e+08 -1.32311773e+03 3.16851142e+02
4.79797980e-06 2.29797980e-05 1.50000101e+08 -1.27936061e+03 3.17929484e+02
5.30303030e-06 2.29797980e-05 1.50000132e+08 -1.23751929e+03 3.20823457e+02
5.80808081e-06 2.29797980e-05 1.50000158e+08 -1.19935078e+03 3.24940722e+02
6.31313131e-06 2.29797980e-05 1.50000181e+08 -1.16606963e+03 3.29149475e+02
6.81818182e-06 2.29797980e-05 1.50000200e+08 -1.13816072e+03 3.32106839e+02
7.32323232e-06 2.29797980e-05 1.50000217e+08 -1.11540824e+03 3.32559293e+02
7.82828283e-06 2.29797980e-05 1.50000232e+08 -1.09706499e+03 3.29538025e+02
8.33333333e-06 2.29797980e-05 1.50000245e+08 -1.08206814e+03 3.22435005e+02
8.83838384e-06 2.29797980e-05 1.50000255e+08 -1.06923234e+03 3.10988616e+02
9.34343434e-06 2.29797980e-05 1.50000263e+08 -1.05738869e+03 2.95220921e+02
9.84848485e-06 2.29797980e-05 1.50000268e+08 -1.04546701e+03 2.75361618e+02
1.03535354e-05 2.29797980e-05 1.50000270e+08 -1.03253408e+03 2.51779589e+02
1.08585859e-05 2.29797980e-05 1.50000269e+08 -1.01780349e+03 2.24930420e+02
1.13636364e-05 2.29797980e-05 1.50000265e+08 -1.00063077e+03 1.95320353e+02
1.18686869e-05 2.29797980e-05 1.50000258e+08 -9.80502636e+02 1.63483455e+02
1.23737374e-05 2.29797980e-05 1.50000249e+08 -9.57025674e+02 1.29967829e+02
1.28787879e-05 2.29797980e-05 1.50000237e+08 -9.29916726e+02 9.53271702e+01
1.33838384e-05 2.29797980e-05 1.50000224e+08 -8.98995569e+02 6.01148765e+01
1.38888889e-05 2.29797980e-05 1.50000209e+08 -8.64179577e+02 2.48788759e+01
1.43939394e-05 2.29797980e-05 1.50000193e+08 -8.25479595e+02 -9.84387204e+00
1.48989899e-05 2.29797980e-05 1.50000175e+08 -7.82996247e+02 -4.35336691e+01
1.54040404e-05 2.29797980e-05 1.50000158e+08 -7.36915879e+02 -7.56952213e+01
1.59090909e-05 2.29797980e-05 1.50000140e+08 -6.87505595e+02 -1.05865430e+02
1.64141414e-05 2.29797980e-05 1.50000123e+08 -6.35106940e+02 -1.33621465e+02
1.69191919e-05 2.29797980e-05 1.50000107e+08 -5.80128027e+02 -1.58588682e+02
1.74242424e-05 2.29797980e-05 1.50000092e+08 -5.23034072e+02 -1.80447923e+02
1.79292929e-05 2.29797980e-05 1.50000078e+08 -4.64336445e+02 -1.98941748e+02
1.84343434e-05 2.29797980e-05 1.50000066e+08 -4.04580506e+02 -2.13879242e+02
1.89393939e-05 2.29797980e-05 1.50000056e+08 -3.44332580e+02 -2.25139082e+02
1.94444444e-05 2.29797980e-05 1.50000049e+08 -2.84166500e+02 -2.32670679e+02
1.99494949e-05 2.29797980e-05 1.50000044e+08 -2.24650205e+02 -2.36493314e+02
2.04545455e-05 2.29797980e-05 1.50000041e+08 -1.66332852e+02 -2.36693284e+02
2.09595960e-05 2.29797980e-05 1.50000041e+08 -1.09732912e+02 -2.33419211e+02
2.14646465e-05 2.29797980e-05 1.50000043e+08 -5.53276232e+01 -2.26875719e+02
2.19696970e-05 2.29797980e-05 1.50000048e+08 -3.54413921e+00 -2.17315782e+02
2.24747475e-05 2.29797980e-05 1.50000055e+08 4.52474112e+01 -2.05032100e+02
2.29797980e-05 2.29797980e-05 1.50000064e+08 9.07388196e+01 -1.90347861e+02
2.34848485e-05 2.29797980e-05 1.50000075e+08 1.32686621e+02 -1.73607277e+02
2.39898990e-05 2.29797980e-05 1.50000088e+08 1.70912905e+02 -1.55166248e+02
2.44949495e-05 2.29797980e-05 1.50000102e+08 2.05304266e+02 -1.35383483e+02
2.50000000e-05 2.29797980e-05 1.50000117e+08 2.35809091e+02 -1.14612332e+02
-2.50000000e-05 2.34848485e-05 1.49998775e+08 -1.43161428e+03 -2.30826772e+03
-2.44949495e-05 2.34848485e-05 1.49998553e+08 -1.27644794e+03 -2.68202647e+03
-2.39898990e-05 2.34848485e-05 1.49998315e+08 -1.05767069e+03 -3.09808847e+03
-2.34848485e-05 2.34848485e-05 1.49998064e+08 -7.60465061e+02 -3.55599674e+03
-2.29797980e-05 2.34848485e-05 1.49997807e+08 -3.67913952e+02 -4.05261576e+03
-2.24747475e-05 2.34848485e-05 1.49997553e+08 1.38647252e+02 -4.58096668e+03
-2.19696970e-05 2.34848485e-05 1.49997315e+08 7.78819268e+02 -5.12881034e+03
-2.14646465e-05 2.34848485e-05 1.49997113e+08 1.57165840e+03 -5.67704467e+03
-2.09595960e-05 2.34848485e-05 1.49996968e+08 2.53329201e+03 -6.19808859e+03
-2.04545455e-05 2.34848485e-05 1.49996908e+08 3.67342009e+03 -6.65458263e+03
-1.99494949e-05 2.34848485e-05 1.49996963e+08 4.99061588e+03 -6.99894037e+03
-1.94444444e-05 2.34848485e-05 1.49997165e+08 6.46661811e+03 -7.17449695e+03
-1.89393939e-05 2.34848485e-05 1.49997538e+08 8.06029024e+03 -7.11912973e+03
-1.84343434e-05 2.34848485e-05 1.49998098e+08 9.70259228e+03 -6.77211539e+03
-1.79292929e-05 2.34848485e-05 1.49998838e+08 1.12946205e+04 -6.08444294e+03
-1.74242424e-05 2.34848485e-05 1.49999727e+08 1.27111710e+04 -5.03169243e+03
-1.69191919e-05 2.34848485e-05 1.50000704e+08 1.38118714e+04 -3.62702040e+03
-1.64141414e-05 2.34848485e-05 1.50001677e+08 1.44602485e+04 -1.93029510e+03
-1.59090909e-05 2.34848485e-05 1.50002540e+08 1.45482147e+04 -4.89294681e+01
-1.54040404e-05 2.34848485e-05 1.50003183e+08 1.40202750e+04 1.87261448e+03
-1.48989899e-05 2.34848485e-05 1.50003521e+08 1.28899827e+04 3.67419094e+03
-1.43939394e-05 2.34848485e-05 1.50003508e+08 1.12423722e+04 5.20741426e+03
-1.38888889e-05 2.34848485e-05 1.50003149e+08 9.22041961e+03 6.36142404e+03
-1.33838384e-05 2.34848485e-05 1.50002497e+08 6.99921814e+03 7.07945043e+03
-1.28787879e-05 2.34848485e-05 1.50001637e+08 4.75567147e+03 7.36215076e+03
-1.23737374e-05 2.34848485e-05 1.50000672e+08 2.64214791e+03 7.25856438e+03
-1.18686869e-05 2.34848485e-05 1.49999701e+08 7.69843815e+02 6.84931865e+03
-1.13636364e-05 2.34848485e-05 1.49998803e+08 -7.96572121e+02 6.22795947e+03
-1.08585859e-05 2.34848485e-05 1.49998035e+08 -2.03501128e+03 5.48514446e+03
-1.03535354e-05 2.34848485e-05 1.49997427e+08 -2.95645592e+03 4.69813922e+03
-9.84848485e-06 2.34848485e-05 1.49996986e+08 -3.59363636e+03 3.92586571e+03
-9.34343434e-06 2.34848485e-05 1.49996704e+08 -3.99060640e+03 3.20836656e+03
-8.83838384e-06 2.34848485e-05 1.49996562e+08 -4.19463028e+03 2.56905659e+03
-8.33333333e-06 2.34848485e-05 1.49996536e+08 -4.25073365e+03 2.01826330e+03
-7.82828283e-06 2.34848485e-05 1.49996600e+08 -4.19862210e+03 1.55697516e+03
-7.32323232e-06 2.34848485e-05 1.49996733e+08 -4.07139323e+03 1.18016859e+03
-6.81818182e-06 2.34848485e-05 1.49996912e+08 -3.89544009e+03 8.79444500e+02
-6.31313131e-06 2.34848485e-05 1.49997120e+08 -3.69104148e+03 6.44938695e+02
-5.80808081e-06 2.34848485e-05 1.49997344e+08 -3.47327196e+03 4.66593795e+02
-5.30303030e-06 2.34848485e-05 1.49997573e+08 -3.25299318e+03 3.34926884e+02
-4.79797980e-06 2.34848485e-05 1.49997800e+08 -3.03778899e+03 2.41428731e+02
-4.29292929e-06 2.34848485e-05 1.49998018e+08 -2.83277589e+03 1.78711054e+02
-3.78787879e-06 2.34848485e-05 1.49998225e+08 -2.64126397e+03 1.40492499e+02
-3.28282828e-06 2.34848485e-05 1.49998417e+08 -2.46526759e+03 1.21490131e+02
-2.77777778e-06 2.34848485e-05 1.49998596e+08 -2.30587695e+03 1.17264379e+02
-2.27272727e-06 2.34848485e-05 1.49998760e+08 -2.16350784e+03 1.24052289e+02
-1.76767677e-06 2.34848485e-05 1.49998910e+08 -2.03805013e+03 1.38615278e+02
-1.26262626e-06 2.34848485e-05 1.49999048e+08 -1.92893920e+03 1.58121294e+02
-7.57575758e-07 2.34848485e-05 1.49999174e+08 -1.83517870e+03 1.80074894e+02
-2.52525253e-07 2.34848485e-05 1.49999290e+08 -1.75534608e+03 2.02300679e+02
2.52525253e-07 2.34848485e-05 1.49999398e+08 -1.68761202e+03 2.22975659e+02
7.57575758e-07 2.34848485e-05 1.49999497e+08 -1.62980055e+03 2.40695902e+02
1.26262626e-06 2.34848485e-05 1.49999590e+08 -1.57950650e+03 2.54554459e+02
1.76767677e-06 2.34848485e-05 1.49999675e+08 -1.53427431e+03 2.64202347e+02
2.27272727e-06 2.34848485e-05 1.49999754e+08 -1.49182618e+03 2.69862652e+02
2.77777778e-06 2.34848485e-05 1.49999825e+08 -1.45031004e+03 2.72270681e+02
3.28282828e-06 2.34848485e-05 1.49999889e+08 -1.40851874e+03 2.72524385e+02
3.78787879e-06 2.34848485e-05 1.49999944e+08 -1.36602010e+03 2.71852902e+02
4.29292929e-06 2.34848485e-05 1.49999993e+08 -1.32314454e+03 2.71344535e+02
4.79797980e-06 2.34848485e-05 1.50000034e+08 -1.28081308e+03 2.71703885e+02
5.30303030e-06 2.34848485e-05 1.50000068e+08 -1.24024317e+03 2.73110429e+02
5.80808081e-06 2.34848485e-05 1.50000098e+08 -1.20261704e+03 2.75218404e+02
6.31313131e-06 2.34848485e-05 1.50000123e+08 -1.16880738e+03 2.77284793e+02
6.81818182e-06 2.34848485e-05 1.50000144e+08 -1.13922408e+03 2.78368364e+02
7.32323232e-06 2.34848485e-05 1.50000163e+08 -1.11379314e+03 2.77530123e+02
7.82828283e-06 2.34848485e-05 1.50000179e+08 -1.09203518e+03 2.73983812e+02
8.33333333e-06 2.34848485e-05 1.50000192e+08 -1.07319299e+03 2.67176829e+02
8.83838384e-06 2.34848485e-05 1.50000203e+08 -1.05636325e+03 2.56808818e+02
9.34343434e-06 2.34848485e-05 1.50000212e+08 -1.04060521e+03 2.42808556e+02
9.84848485e-06 2.34848485e-05 1.50000217e+08 -1.02501667e+03 2.25290899e+02
1.03535354e-05 2.34848485e-05 1.50000220e+08 -1.00877932e+03 2.04509972e+02
1.08585859e-05 2.34848485e-05 1.50000220e+08 -9.91180868e+02 1.80817765e+02
1.13636364e-05 2.34848485e-05 1.50000218e+08 -9.71622248e+02 1.54631576e+02
1.18686869e-05 2.34848485e-05 1.50000213e+08 -9.49616539e+02 1.26410249e+02
1.23737374e-05 2.34848485e-05 1.50000206e+08 -9.24784253e+02 9.66374992e+01
1.28787879e-05 2.34848485e-05 1.50000197e+08 -8.96847629e+02 6.58101671e+01
1.33838384e-05 2.34848485e-05 1.50000185e+08 -8.65625223e+02 3.44294726e+01
1.38888889e-05 2.34848485e-05 1.50000173e+08 -8.31027128e+02 2.99379879e+00
1.43939394e-05 2.34848485e-05 1.50000159e+08 -7.93050677e+02 -2.80079745e+01
1.48989899e-05 2.34848485e-05 1.50000144e+08 -7.51776245e+02 -5.81031326e+01
1.54040404e-05 2.34848485e-05 1.50000129e+08 -7.07362721e+02 -8.68419901e+01
1.59090909e-05 2.34848485e-05 1.50000114e+08 -6.60042245e+02 -1.13804929e+02
1.64141414e-05 2.34848485e-05 1.50000099e+08 -6.10113935e+02 -1.38609415e+02
1.69191919e-05 2.34848485e-05 1.50000085e+08 -5.57936441e+02 -1.60916718e+02
1.74242424e-05 2.34848485e-05 1.50000072e+08 -5.03919287e+02 -1.80438005e+02
1.79292929e-05 2.34848485e-05 1.50000060e+08 -4.48513099e+02 -1.96939494e+02
1.84343434e-05 2.34848485e-05 1.50000050e+08 -3.92198902e+02 -2.10246385e+02
1.89393939e-05 2.34848485e-05 1.50000042e+08 -3.35476786e+02 -2.20245336e+02
1.94444444e-05 2.34848485e-05 1.50000035e+08 -2.78854256e+02 -2.26885342e+02
1.99494949e-05 2.34848485e-05 1.50000031e+08 -2.22834665e+02 -2.30176952e+02
2.04545455e-05 2.34848485e-05 1.50000029e+08 -1.67906091e+02 -2.30189841e+02
2.09595960e-05 2.34848485e-05 1.50000029e+08 -1.14531027e+02 -2.27048837e+02
2.14646465e-05 2.34848485e-05 1.50000032e+08 -6.31372082e+01 -2.20928591e+02
2.19696970e-05 2.34848485e-05 1.50000036e+08 -1.41098272e+01 -2.12047125e+02
2.24747475e-05 2.34848485e-05 1.50000043e+08 3.22146540e+01 -2.00658516e+02
2.29797980e-05 2.34848485e-05 1.50000052e+08 7.55529976e+01 -1.87045054e+02
2.34848485e-05 2.34848485e-05 1.50000062e+08 1.15677944e+02 -1.71509141e+02
2.39898990e-05 2.34848485e-05 1.50000074e+08 1.52419268e+02 -1.54365261e+02
2.44949495e-05 2.34848485e-05 1.50000087e+08 1.85663248e+02 -1.35932269e+02
2.50000000e-05 2.34848485e-05 1.50000101e+08 2.15350698e+02 -1.16526238e+02
-2.50000000e-05 2.39898990e-05 1.49998664e+08 -1.08736819e+03 -2.43728032e+03
-2.44949495e-05 2.39898990e-05 1.49998464e+08 -8.94840731e+02 -2.78841195e+03
-2.39898990e-05 2.39898990e-05 1.49998255e+08 -6.39233279e+02 -3.17184600e+03
-2.34848485e-05 2.39898990e-05 1.49998041e+08 -3.07996893e+02 -3.58495977e+03
-2.29797980e-05 2.39898990e-05 1.49997830e+08 1.12572417e+02 -4.02240043e+03
-2.24747475e-05 2.39898990e-05 1.49997632e+08 6.36784562e+02 -4.47516264e+03
-2.19696970e-05 2.39898990e-05 1.49997460e+08 1.27859660e+03 -4.92955689e+03
-2.14646465e-05 2.39898990e-05 1.49997330e+08 2.05011122e+03 -5.36616691e+03
-2.09595960e-05 2.39898990e-05 1.49997262e+08 2.95941150e+03 -5.75897744e+03
-2.04545455e-05 2.39898990e-05 1.49997277e+08 4.00767058e+03 -6.07496072e+03
-1.99494949e-05 2.39898990e-05 1.49997399e+08 5.18560885e+03 -6.27452490e+03
-1.94444444e-05 2.39898990e-05 1.49997647e+08 6.46960404e+03 -6.31331138e+03
-1.89393939e-05 2.39898990e-05 1.49998037e+08 7.81809364e+03 -6.14581508e+03
-1.84343434e-05 2.39898990e-05 1.49998572e+08 9.16929510e+03 -5.73110125e+03
-1.79292929e-05 2.39898990e-05 1.49999239e+08 1.04415797e+04 -5.04042439e+03
-1.74242424e-05 2.39898990e-05 1.50000008e+08 1.15378543e+04 -4.06581141e+03
-1.69191919e-05 2.39898990e-05 1.50000825e+08 1.23547860e+04 -2.82779852e+03
-1.64141414e-05 2.39898990e-05 1.50001619e+08 1.27965173e+04 -1.37986106e+03
-1.59090909e-05 2.39898990e-05 1.50002312e+08 1.27908345e+04 1.92876631e+02
-1.54040404e-05 2.39898990e-05 1.50002825e+08 1.23041571e+04 1.78196207e+03
-1.48989899e-05 2.39898990e-05 1.50003097e+08 1.13510690e+04 3.27021878e+03
-1.43939394e-05 2.39898990e-05 1.50003096e+08 9.99504897e+03 4.54958831e+03
-1.38888889e-05 2.39898990e-05 1.50002823e+08 8.33952426e+03 5.53771096e+03
-1.33838384e-05 2.39898990e-05 1.50002315e+08 6.51140314e+03 6.18895644e+03
-1.28787879e-05 2.39898990e-05 1.50001631e+08 4.64148861e+03 6.49747687e+03
-1.23737374e-05 2.39898990e-05 1.50000846e+08 2.84667941e+03 6.49248169e+03
-1.18686869e-05 2.39898990e-05 1.50000033e+08 1.21760635e+03 6.22812705e+03
-1.13636364e-05 2.39898990e-05 1.49999257e+08 -1.86848651e+02 5.77137281e+03
-1.08585859e-05 2.39898990e-05 1.49998567e+08 -1.33879975e+03 5.19082226e+03
-1.03535354e-05 2.39898990e-05 1.49997992e+08 -2.23630472e+03 4.54842798e+03
-9.84848485e-06 2.39898990e-05 1.49997547e+08 -2.89627121e+03 3.89467088e+03
-9.34343434e-06 2.39898990e-05 1.49997231e+08 -3.34720382e+03 3.26685481e+03
-8.83838384e-06 2.39898990e-05 1.49997035e+08 -3.62299135e+03 2.68966508e+03
-8.33333333e-06 2.39898990e-05 1.49996943e+08 -3.75826329e+03 2.17704848e+03
-7.82828283e-06 2.39898990e-05 1.49996938e+08 -3.78535245e+03 1.73462657e+03
-7.32323232e-06 2.39898990e-05 1.49997001e+08 -3.73262173e+03 1.36210001e+03
-6.81818182e-06 2.39898990e-05 1.49997115e+08 -3.62380773e+03 1.05533889e+03
-6.31313131e-06 2.39898990e-05 1.49997264e+08 -3.47803915e+03 8.08035196e+02
-5.80808081e-06 2.39898990e-05 1.49997437e+08 -3.31024759e+03 6.12910116e+02
-5.30303030e-06 2.39898990e-05 1.49997622e+08 -3.13176390e+03 4.62530399e+02
-4.79797980e-06 2.39898990e-05 1.49997813e+08 -2.95096242e+03 3.49812165e+02
-4.29292929e-06 2.39898990e-05 1.49998002e+08 -2.77387058e+03 2.68291653e+02
-3.78787879e-06 2.39898990e-05 1.49998186e+08 -2.60470011e+03 2.12232898e+02
-3.28282828e-06 2.39898990e-05 1.49998362e+08 -2.44628160e+03 1.76629193e+02
-2.77777778e-06 2.39898990e-05 1.49998528e+08 -2.30040012e+03 1.57142579e+02
-2.27272727e-06 2.39898990e-05 1.49998684e+08 -2.16803878e+03 1.50015238e+02
-1.76767677e-06 2.39898990e-05 1.49998829e+08 -2.04954370e+03 1.51978418e+02
-1.26262626e-06 2.39898990e-05 1.49998964e+08 -1.94472805e+03 1.60177660e+02
-7.57575758e-07 2.39898990e-05 1.49999089e+08 -1.85293660e+03 1.72126403e+02
-2.52525253e-07 2.39898990e-05 1.49999206e+08 -1.77309376e+03 1.85692868e+02
2.52525253e-07 2.39898990e-05 1.49999315e+08 -1.70375745e+03 1.99117323e+02
7.57575758e-07 2.39898990e-05 1.49999416e+08 -1.64319717e+03 2.11049403e+02
1.26262626e-06 2.39898990e-05 1.49999510e+08 -1.58950718e+03 2.20589068e+02
1.76767677e-06 2.39898990e-05 1.49999598e+08 -1.54075594e+03 2.27311290e+02
2.27272727e-06 2.39898990e-05 1.49999678e+08 -1.49516103e+03 2.31254301e+02
2.77777778e-06 2.39898990e-05 1.49999751e+08 -1.45126674e+03 2.32855472e+02
3.28282828e-06 2.39898990e-05 1.49999816e+08 -1.40809112e+03 2.32829002e+02
3.78787879e-06 2.39898990e-05 1.49999874e+08 -1.36520603e+03 2.31995778e+02
4.29292929e-06 2.39898990e-05 1.49999925e+08 -1.32272188e+03 2.31094660e+02
4.79797980e-06 2.39898990e-05 1.49999968e+08 -1.28117201e+03 2.30617701e+02
5.30303030e-06 2.39898990e-05 1.50000006e+08 -1.24132152e+03 2.30710568e+02
5.80808081e-06 2.39898990e-05 1.50000038e+08 -1.20394982e+03 2.31160730e+02
6.31313131e-06 2.39898990e-05 1.50000066e+08 -1.16966229e+03 2.31467514e+02
6.81818182e-06 2.39898990e-05 1.50000089e+08 -1.13877081e+03 2.30963608e+02
7.32323232e-06 2.39898990e-05 1.50000109e+08 -1.11125582e+03 2.28947997e+02
7.82828283e-06 2.39898990e-05 1.50000127e+08 -1.08679703e+03 2.24796985e+02
8.33333333e-06 2.39898990e-05 1.50000141e+08 -1.06484602e+03 2.18035816e+02
8.83838384e-06 2.39898990e-05 1.50000153e+08 -1.04471284e+03 2.08369405e+02
9.34343434e-06 2.39898990e-05 1.50000162e+08 -1.02564637e+03 1.95681036e+02
9.84848485e-06 2.39898990e-05 1.50000169e+08 -1.00689774e+03 1.80011412e+02
1.03535354e-05 2.39898990e-05 1.50000173e+08 -9.87764226e+02 1.61529220e+02
1.08585859e-05 2.39898990e-05 1.50000174e+08 -9.67616090e+02 1.40500937e+02
1.13636364e-05 2.39898990e-05 1.50000173e+08 -9.45910507e+02 1.17264104e+02
1.18686869e-05 2.39898990e-05 1.50000170e+08 -9.22197074e+02 9.22055571e+01
1.23737374e-05 2.39898990e-05 1.50000165e+08 -8.96118322e+02 6.57444811e+01
1.28787879e-05 2.39898990e-05 1.50000157e+08 -8.67407674e+02 3.83193664e+01
1.33838384e-05 2.39898990e-05 1.50000148e+08 -8.35886281e+02 1.03777447e+01
1.38888889e-05 2.39898990e-05 1.50000138e+08 -8.01459430e+02 -1.76323087e+01
1.43939394e-05 2.39898990e-05 1.50000126e+08 -7.64112730e+02 -4.52696733e+01
1.48989899e-05 2.39898990e-05 1.50000114e+08 -7.23908036e+02 -7.21071793e+01
1.54040404e-05 2.39898990e-05 1.50000101e+08 -6.80978911e+02 -9.77383548e+01
1.59090909e-05 2.39898990e-05 1.50000088e+08 -6.35525429e+02 -1.21783987e+02
1.64141414e-05 2.39898990e-05 1.50000076e+08 -5.87808153e+02 -1.43898419e+02
1.69191919e-05 2.39898990e-05 1.50000064e+08 -5.38141174e+02 -1.63775418e+02
1.74242424e-05 2.39898990e-05 1.50000053e+08 -4.86884233e+02 -1.81153395e+02
1.79292929e-05 2.39898990e-05 1.50000043e+08 -4.34433969e+02 -1.95819769e+02
1.84343434e-05 2.39898990e-05 1.50000034e+08 -3.81214475e+02 -2.07614246e+02
1.89393939e-05 2.39898990e-05 1.50000027e+08 -3.27667372e+02 -2.16430876e+02
1.94444444e-05 2.39898990e-05 1.50000022e+08 -2.74241670e+02 -2.22218752e+02
1.99494949e-05 2.39898990e-05 1.50000018e+08 -2.21383732e+02 -2.24981322e+02
2.04545455e-05 2.39898990e-05 1.50000017e+08 -1.69527613e+02 -2.24774316e+02
2.09595960e-05 2.39898990e-05 1.50000017e+08 -1.19086097e+02 -2.21702393e+02
2.14646465e-05 2.39898990e-05 1.50000020e+08 -7.04426783e+01 -2.15914628e+02
2.19696970e-05 2.39898990e-05 1.50000024e+08 -2.39446957e+01 -2.07599045e+02
2.24747475e-05 2.39898990e-05 1.50000031e+08 2.01021977e+01 -1.96976410e+02
2.29797980e-05 2.39898990e-05 1.50000039e+08 6.14381492e+01 -1.84293536e+02
2.34848485e-05 2.39898990e-05 1.50000049e+08 9.98517585e+01 -1.69816346e+02
2.39898990e-05 2.39898990e-05 1.50000060e+08 1.35181292e+02 -1.53822947e+02
2.44949495e-05 2.39898990e-05 1.50000072e+08 1.67314538e+02 -1.36596925e+02
2.50000000e-05 2.39898990e-05 1.50000086e+08 1.96187426e+02 -1.18421076e+02
-2.50000000e-05 2.44949495e-05 1.49998595e+08 -7.63899611e+02 -2.52099981e+03
-2.44949495e-05 2.44949495e-05 1.49998418e+08 -5.42738254e+02 -2.84510395e+03
-2.39898990e-05 2.44949495e-05 1.49998238e+08 -2.60840652e+02 -3.19231872e+03
-2.34848485e-05 2.44949495e-05 1.49998061e+08 9.20366657e+01 -3.55848992e+03
-2.29797980e-05 2.44949495e-05 1.49997895e+08 5.26539541e+02 -3.93687345e+03
-2.24747475e-05 2.44949495e-05 1.49997747e+08 1.05307919e+03 -4.31745353e+03
-2.19696970e-05 2.44949495e-05 1.49997632e+08 1.68085908e+03 -4.68625243e+03
-2.14646465e-05 2.44949495e-05 1.49997562e+08 2.41649385e+03 -5.02473536e+03
-2.09595960e-05 2.44949495e-05 1.49997554e+08 3.26217853e+03 -5.30947212e+03
-2.04545455e-05 2.44949495e-05 1.49997624e+08 4.21343376e+03 -5.51228123e+03
-1.99494949e-05 2.44949495e-05 1.49997789e+08 5.25656941e+03 -5.60113434e+03
-1.94444444e-05 2.44949495e-05 1.49998061e+08 6.36618071e+03 -5.54211029e+03
-1.89393939e-05 2.44949495e-05 1.49998448e+08 7.50320060e+03 -5.30261564e+03
-1.84343434e-05 2.44949495e-05 1.49998947e+08 8.61423181e+03 -4.85588966e+03
-1.79292929e-05 2.44949495e-05 1.49999542e+08 9.63298004e+03 -4.18646182e+03
-1.74242424e-05 2.44949495e-05 1.50000205e+08 1.04844857e+04 -3.29576465e+03
-1.69191919e-05 2.44949495e-05 1.50000891e+08 1.10923996e+04 -2.20664439e+03
-1.64141414e-05 2.44949495e-05 1.50001545e+08 1.13887569e+04 -9.65269040e+02
-1.59090909e-05 2.44949495e-05 1.50002108e+08 1.13247383e+04 3.60860873e+02
-1.54040404e-05 2.44949495e-05 1.50002522e+08 1.08801123e+04 1.68931594e+03
-1.48989899e-05 2.44949495e-05 1.50002744e+08 1.00688599e+04 2.93285346e+03
-1.43939394e-05 2.44949495e-05 1.50002750e+08 8.93915556e+03 4.01129325e+03
-1.38888889e-05 2.44949495e-05 1.50002540e+08 7.56731235e+03 4.86246716e+03
-1.33838384e-05 2.44949495e-05 1.50002140e+08 6.04699386e+03 5.44971586e+03
-1.28787879e-05 2.44949495e-05 1.50001591e+08 4.47626053e+03 5.76443666e+03
-1.23737374e-05 2.44949495e-05 1.50000948e+08 2.94537776e+03 5.82364879e+03
-1.18686869e-05 2.44949495e-05 1.50000267e+08 1.52771536e+03 5.66383510e+03
-1.13636364e-05 2.44949495e-05 1.49999599e+08 2.74885814e+02 5.33299983e+03
-1.08585859e-05 2.44949495e-05 1.49998985e+08 -7.83968377e+02 4.88284862e+03
-1.03535354e-05 2.44949495e-05 1.49998454e+08 -1.63970645e+03 4.36245374e+03
-9.84848485e-06 2.44949495e-05 1.49998021e+08 -2.29887133e+03 3.81404093e+03
-9.34343434e-06 2.44949495e-05 1.49997692e+08 -2.77877484e+03 3.27089981e+03
-8.83838384e-06 2.44949495e-05 1.49997464e+08 -3.10290707e+03 2.75701907e+03
-8.33333333e-06 2.44949495e-05 1.49997327e+08 -3.29719273e+03 2.28788876e+03
-7.82828283e-06 2.44949495e-05 1.49997269e+08 -3.38727550e+03 1.87193259e+03
-7.32323232e-06 2.44949495e-05 1.49997277e+08 -3.39678043e+03 1.51214841e+03
-6.81818182e-06 2.44949495e-05 1.49997336e+08 -3.34638189e+03 1.20767702e+03
-6.31313131e-06 2.44949495e-05 1.49997435e+08 -3.25346528e+03 9.55146600e+02
-5.80808081e-06 2.44949495e-05 1.49997561e+08 -3.13218297e+03 7.49734586e+02
-5.30303030e-06 2.44949495e-05 1.49997705e+08 -2.99374080e+03 5.85949199e+02
-4.79797980e-06 2.44949495e-05 1.49997861e+08 -2.84679429e+03 4.58165177e+02
-4.29292929e-06 2.44949495e-05 1.49998021e+08 -2.69787258e+03 3.60961315e+02
-3.78787879e-06 2.44949495e-05 1.49998181e+08 -2.55177927e+03 2.89308528e+02
-3.28282828e-06 2.44949495e-05 1.49998338e+08 -2.41194235e+03 2.38652461e+02
-2.77777778e-06 2.44949495e-05 1.49998490e+08 -2.28070124e+03 2.04927699e+02
-2.27272727e-06 2.44949495e-05 1.49998634e+08 -2.15953010e+03 1.84533506e+02
-1.76767677e-06 2.44949495e-05 1.49998772e+08 -2.04920350e+03 1.74294322e+02
-1.26262626e-06 2.44949495e-05 1.49998902e+08 -1.94991620e+03 1.71422123e+02
-7.57575758e-07 2.44949495e-05 1.49999024e+08 -1.86137148e+03 1.73491672e+02
-2.52525253e-07 2.44949495e-05 1.49999138e+08 -1.78285449e+03 1.78433562e+02
2.52525253e-07 2.44949495e-05 1.49999246e+08 -1.71330604e+03 1.84543808e+02
7.57575758e-07 2.44949495e-05 1.49999347e+08 -1.65140907e+03 1.90503181e+02
1.26262626e-06 2.44949495e-05 1.49999441e+08 -1.59569485e+03 1.95395169e+02
1.76767677e-06 2.44949495e-05 1.49999528e+08 -1.54466838e+03 1.98709229e+02
2.27272727e-06 2.44949495e-05 1.49999609e+08 -1.49694438e+03 2.00316548e+02
2.77777778e-06 2.44949495e-05 1.49999682e+08 -1.45137755e+03 2.00409478e+02
3.28282828e-06 2.44949495e-05 1.49999749e+08 -1.40716507e+03 1.99403489e+02
3.78787879e-06 2.44949495e-05 1.49999808e+08 -1.36389948e+03 1.97811010e+02
4.29292929e-06 2.44949495e-05 1.49999860e+08 -1.32155694e+03 1.96107226e+02
4.79797980e-06 2.44949495e-05 1.49999906e+08 -1.28042011e+03 1.94614254e+02
5.30303030e-06 2.44949495e-05 1.49999946e+08 -1.24095222e+03 1.93428183e+02
5.80808081e-06 2.44949495e-05 1.49999980e+08 -1.20365204e+03 1.92402421e+02
6.31313131e-06 2.44949495e-05 1.50000010e+08 -1.16892323e+03 1.91184833e+02
6.81818182e-06 2.44949495e-05 1.50000035e+08 -1.13698354e+03 1.89291946e+02
7.32323232e-06 2.44949495e-05 1.50000057e+08 -1.10782476e+03 1.86196735e+02
7.82828283e-06 2.44949495e-05 1.50000076e+08 -1.08121936e+03 1.81408476e+02
8.33333333e-06 2.44949495e-05 1.50000091e+08 -1.05675986e+03 1.74531018e+02
8.83838384e-06 2.44949495e-05 1.50000104e+08 -1.03391432e+03 1.65295132e+02
9.34343434e-06 2.44949495e-05 1.50000115e+08 -1.01208357e+03 1.53567750e+02
9.84848485e-06 2.44949495e-05 1.50000122e+08 -9.90651122e+02 1.39344593e+02
1.03535354e-05 2.44949495e-05 1.50000128e+08 -9.69021765e+02 1.22733267e+02
1.08585859e-05 2.44949495e-05 1.50000130e+08 -9.46648333e+02 1.03932593e+02
1.13636364e-05 2.44949495e-05 1.50000131e+08 -9.23048536e+02 8.32120305e+01
1.18686869e-05 2.44949495e-05 1.50000129e+08 -8.97814255e+02 6.08932226e+01
1.23737374e-05 2.44949495e-05 1.50000126e+08 -8.70615693e+02 3.73343546e+01
1.28787879e-05 2.44949495e-05 1.50000120e+08 -8.41202266e+02 1.29172292e+01
1.33838384e-05 2.44949495e-05 1.50000113e+08 -8.09401548e+02 -1.19634294e+01
1.38888889e-05 2.44949495e-05 1.50000105e+08 -7.75117052e+02 -3.69090232e+01
1.43939394e-05 2.44949495e-05 1.50000095e+08 -7.38325253e+02 -6.15249971e+01
1.48989899e-05 2.44949495e-05 1.50000085e+08 -6.99071997e+02 -8.54280050e+01
1.54040404e-05 2.44949495e-05 1.50000074e+08 -6.57468298e+02 -1.08252558e+02
1.59090909e-05 2.44949495e-05 1.50000064e+08 -6.13685462e+02 -1.29657244e+02
1.64141414e-05 2.44949495e-05 1.50000053e+08 -5.67949468e+02 -1.49330516e+02
1.69191919e-05 2.44949495e-05 1.50000043e+08 -5.20534579e+02 -1.66995938e+02
1.74242424e-05 2.44949495e-05 1.50000033e+08 -4.71756205e+02 -1.82416785e+02
1.79292929e-05 2.44949495e-05 1.50000025e+08 -4.21963078e+02 -1.95399811e+02
1.84343434e-05 2.44949495e-05 1.50000018e+08 -3.71528902e+02 -2.05798080e+02
1.89393939e-05 2.44949495e-05 1.50000012e+08 -3.20843624e+02 -2.13512708e+02
1.94444444e-05 2.44949495e-05 1.50000008e+08 -2.70304584e+02 -2.18493463e+02
1.99494949e-05 2.44949495e-05 1.50000005e+08 -2.20307748e+02 -2.20738178e+02
2.04545455e-05 2.44949495e-05 1.50000004e+08 -1.71239295e+02 -2.20291004e+02
2.09595960e-05 2.44949495e-05 1.50000005e+08 -1.23467780e+02 -2.17239567e+02
2.14646465e-05 2.44949495e-05 1.50000008e+08 -7.73370989e+01 -2.11711149e+02
2.19696970e-05 2.44949495e-05 1.50000013e+08 -3.31604160e+01 -2.03868045e+02
2.24747475e-05 2.44949495e-05 1.50000019e+08 8.78478894e+00 -1.93902284e+02
2.29797980e-05 2.44949495e-05 1.50000027e+08 4.82604846e+01 -1.82029901e+02
2.34848485e-05 2.44949495e-05 1.50000036e+08 8.50706162e+01 -1.68484982e+02
2.39898990e-05 2.44949495e-05 1.50000046e+08 1.19062414e+02 -1.53513677e+02
2.44949495e-05 2.44949495e-05 1.50000058e+08 1.50126535e+02 -1.37368373e+02
2.50000000e-05 2.44949495e-05 1.50000071e+08 1.78196138e+02 -1.20302186e+02
-2.50000000e-05 2.50000000e-05 1.49998559e+08 -4.64971035e+02 -2.56501496e+03
-2.44949495e-05 2.50000000e-05 1.49998407e+08 -2.23199883e+02 -2.85953972e+03
-2.39898990e-05 2.50000000e-05 1.49998257e+08 7.56728859e+01 -3.16905054e+03
-2.34848485e-05 2.50000000e-05 1.49998115e+08 4.39700462e+02 -3.48841667e+03
-2.29797980e-05 2.50000000e-05 1.49997988e+08 8.76776454e+02 -3.81017506e+03
-2.24747475e-05 2.50000000e-05 1.49997885e+08 1.39398799e+03 -4.12406283e+03
-2.19696970e-05 2.50000000e-05 1.49997817e+08 1.99671103e+03 -4.41660447e+03
-2.14646465e-05 2.50000000e-05 1.49997795e+08 2.68741985e+03 -4.67084773e+03
-2.09595960e-05 2.50000000e-05 1.49997832e+08 3.46421792e+03 -4.86637850e+03
-2.04545455e-05 2.50000000e-05 1.49997941e+08 4.31915836e+03 -4.97977733e+03
-1.99494949e-05 2.50000000e-05 1.49998132e+08 5.23651288e+03 -4.98569446e+03
-1.94444444e-05 2.50000000e-05 1.49998413e+08 6.19126351e+03 -4.85869613e+03
-1.89393939e-05 2.50000000e-05 1.49998785e+08 7.14821253e+03 -4.57594925e+03
-1.84343434e-05 2.50000000e-05 1.49999243e+08 8.06219395e+03 -4.12064685e+03
-1.79292929e-05 2.50000000e-05 1.49999771e+08 8.87986729e+03 -3.48583577e+03
-1.74242424e-05 2.50000000e-05 1.50000342e+08 9.54341895e+03 -2.67802991e+03
-1.69191919e-05 2.50000000e-05 1.50000921e+08 9.99615140e+03 -1.71976454e+03
-1.64141414e-05 2.50000000e-05 1.50001464e+08 1.01894319e+04 -6.50187264e+02
-1.59090909e-05 2.50000000e-05 1.50001926e+08 1.00899227e+04 4.76999502e+02
-1.54040404e-05 2.50000000e-05 1.50002264e+08 9.68562518e+03 1.59840358e+03
-1.48989899e-05 2.50000000e-05 1.50002447e+08 8.98925154e+03 2.64804529e+03
-1.43939394e-05 2.50000000e-05 1.50002458e+08 8.03790137e+03 3.56543140e+03
-1.38888889e-05 2.50000000e-05 1.50002295e+08 6.88887677e+03 4.30295403e+03
-1.33838384e-05 2.50000000e-05 1.50001976e+08 5.61244282e+03 4.83108236e+03
-1.28787879e-05 2.50000000e-05 1.50001532e+08 4.28307800e+03 5.14040487e+03
-1.23737374e-05 2.50000000e-05 1.50001002e+08 2.97100418e+03 5.24041878e+03
-1.18686869e-05 2.50000000e-05 1.50000430e+08 1.73549935e+03 5.15573970e+03
-1.13636364e-05 2.50000000e-05 1.49999856e+08 6.20849120e+02 4.92086906e+03
-1.08585859e-05 2.50000000e-05 1.49999314e+08 -3.44941529e+02 4.57472563e+03
-1.03535354e-05 2.50000000e-05 1.49998830e+08 -1.14913701e+03 4.15589638e+03
-9.84848485e-06 2.50000000e-05 1.49998420e+08 -1.79173113e+03 3.69915481e+03
-9.34343434e-06 2.50000000e-05 1.49998092e+08 -2.28219043e+03 3.23339225e+03
-8.83838384e-06 2.50000000e-05 1.49997847e+08 -2.63614982e+03 2.78081098e+03
-8.33333333e-06 2.50000000e-05 1.49997680e+08 -2.87250496e+03 2.35707031e+03
-7.82828283e-06 2.50000000e-05 1.49997584e+08 -3.01112324e+03 1.97203878e+03
-7.32323232e-06 2.50000000e-05 1.49997549e+08 -3.07122160e+03 1.63084558e+03
-6.81818182e-06 2.50000000e-05 1.49997565e+08 -3.07034810e+03 1.33500088e+03
-6.31313131e-06 2.50000000e-05 1.49997620e+08 -3.02385042e+03 1.08343705e+03
-5.80808081e-06 2.50000000e-05 1.49997706e+08 -2.94470031e+03 8.73391852e+02
-5.30303030e-06 2.50000000e-05 1.49997813e+08 -2.84355431e+03 7.01106362e+02
-4.79797980e-06 2.50000000e-05 1.49997936e+08 -2.72895312e+03 5.62342518e+02
-4.29292929e-06 2.50000000e-05 1.49998068e+08 -2.60758702e+03 4.52743064e+02
-3.78787879e-06 2.50000000e-05 1.49998204e+08 -2.48457706e+03 3.68064079e+02
-3.28282828e-06 2.50000000e-05 1.49998341e+08 -2.36374095e+03 3.04311165e+02
-2.77777778e-06 2.50000000e-05 1.49998477e+08 -2.24782614e+03 2.57807905e+02
-2.27272727e-06 2.50000000e-05 1.49998609e+08 -2.13870349e+03 2.25221063e+02
-1.76767677e-06 2.50000000e-05 1.49998737e+08 -2.03752223e+03 2.03562330e+02
-1.26262626e-06 2.50000000e-05 1.49998859e+08 -1.94483221e+03 1.90181503e+02
-7.57575758e-07 2.50000000e-05 1.49998976e+08 -1.86068242e+03 1.82761028e+02
-2.52525253e-07 2.50000000e-05 1.49999086e+08 -1.78470672e+03 1.79316845e+02
2.52525253e-07 2.50000000e-05 1.49999191e+08 -1.71620686e+03 1.78205683e+02
7.57575758e-07 2.50000000e-05 1.49999289e+08 -1.65424089e+03 1.78134828e+02
1.26262626e-06 2.50000000e-05 1.49999382e+08 -1.59772091e+03 1.78167293e+02
1.76767677e-06 2.50000000e-05 1.49999468e+08 -1.54551932e+03 1.77713982e+02
2.27272727e-06 2.50000000e-05 1.49999547e+08 -1.49657680e+03 1.76505215e+02
2.77777778e-06 2.50000000e-05 1.49999621e+08 -1.45000087e+03 1.74537088e+02
3.28282828e-06 2.50000000e-05 1.49999687e+08 -1.40514081e+03 1.71993579e+02
3.78787879e-06 2.50000000e-05 1.49999747e+08 -1.36162579e+03 1.69151939e+02
4.29292929e-06 2.50000000e-05 1.49999800e+08 -1.31935819e+03 1.66285042e+02
4.79797980e-06 2.50000000e-05 1.49999848e+08 -1.27846307e+03 1.63577454e+02
5.30303030e-06 2.50000000e-05 1.49999889e+08 -1.23920470e+03 1.61070258e+02
5.80808081e-06 2.50000000e-05 1.49999925e+08 -1.20188885e+03 1.58643004e+02
6.31313131e-06 2.50000000e-05 1.49999956e+08 -1.16677159e+03 1.56031853e+02
6.81818182e-06 2.50000000e-05 1.49999984e+08 -1.13399133e+03 1.52874501e+02
7.32323232e-06 2.50000000e-05 1.50000007e+08 -1.10353267e+03 1.48767827e+02
7.82828283e-06 2.50000000e-05 1.50000027e+08 -1.07522186e+03 1.43324337e+02
8.33333333e-06 2.50000000e-05 1.50000044e+08 -1.04874675e+03 1.36217364e+02
8.83838384e-06 2.50000000e-05 1.50000058e+08 -1.02369145e+03 1.27210279e+02
9.34343434e-06 2.50000000e-05 1.50000069e+08 -9.99576172e+02 1.16169710e+02
9.84848485e-06 2.50000000e-05 1.50000078e+08 -9.75895120e+02 1.03065782e+02
1.03535354e-05 2.50000000e-05 1.50000085e+08 -9.52148423e+02 8.79635584e+01
1.08585859e-05 2.50000000e-05 1.50000089e+08 -9.27866517e+02 7.10096763e+01
1.13636364e-05 2.50000000e-05 1.50000091e+08 -9.02627275e+02 5.24172358e+01
1.18686869e-05 2.50000000e-05 1.50000090e+08 -8.76067012e+02 3.24509397e+01
1.23737374e-05 2.50000000e-05 1.50000088e+08 -8.47886818e+02 1.14135107e+01
1.28787879e-05 2.50000000e-05 1.50000085e+08 -8.17855524e+02 -1.03662525e+01
1.33838384e-05 2.50000000e-05 1.50000079e+08 -7.85810369e+02 -3.25438332e+01
1.38888889e-05 2.50000000e-05 1.50000073e+08 -7.51656073e+02 -5.47680046e+01
1.43939394e-05 2.50000000e-05 1.50000065e+08 -7.15362798e+02 -7.66887767e+01
1.48989899e-05 2.50000000e-05 1.50000057e+08 -6.76963235e+02 -9.79645267e+01
1.54040404e-05 2.50000000e-05 1.50000048e+08 -6.36548922e+02 -1.18268485e+02
1.59090909e-05 2.50000000e-05 1.50000040e+08 -5.94265860e+02 -1.37294664e+02
1.64141414e-05 2.50000000e-05 1.50000031e+08 -5.50309412e+02 -1.54763240e+02
1.69191919e-05 2.50000000e-05 1.50000022e+08 -5.04918525e+02 -1.70425350e+02
1.74242424e-05 2.50000000e-05 1.50000015e+08 -4.58369323e+02 -1.84067212e+02
1.79292929e-05 2.50000000e-05 1.50000008e+08 -4.10968135e+02 -1.95513474e+02
1.84343434e-05 2.50000000e-05 1.50000002e+08 -3.63044101e+02 -2.04629709e+02
1.89393939e-05 2.50000000e-05 1.49999997e+08 -3.14941502e+02 -2.11323950e+02
1.94444444e-05 2.50000000e-05 1.49999994e+08 -2.67011985e+02 -2.15547237e+02
1.99494949e-05 2.50000000e-05 1.49999992e+08 -2.19606901e+02 -2.17293145e+02
2.04545455e-05 2.50000000e-05 1.49999992e+08 -1.73069935e+02 -2.16596321e+02
2.09595960e-05 2.50000000e-05 1.49999993e+08 -1.27730238e+02 -2.13530088e+02
2.14646465e-05 2.50000000e-05 1.49999996e+08 -8.38962245e+01 -2.08203205e+02
2.19696970e-05 2.50000000e-05 1.50000001e+08 -4.18501938e+01 -2.00755930e+02
2.24747475e-05 2.50000000e-05 1.50000007e+08 -1.84388255e+00 -1.91355511e+02
2.29797980e-05 2.50000000e-05 1.50000014e+08 3.59049743e+01 -1.80191282e+02
2.34848485e-05 2.50000000e-05 1.50000023e+08 7.12150369e+01 -1.67469546e+02
2.39898990e-05 2.50000000e-05 1.50000033e+08 1.03942714e+02 -1.53408387e+02
2.44949495e-05 2.50000000e-05 1.50000045e+08 1.33982517e+02 -1.38232601e+02
2.50000000e-05 2.50000000e-05 1.50000057e+08 1.61266488e+02 -1.22168859e+02
-999 -999 -999 -999 -999
-1.47717082e-05 1.56061885e-05 2.11927849e-06 5.19265136e+00
1.82523990e-05 1.28311666e-06 3.38577892e-06 5.80401800e+00
-1.38010658e-05 -5.04315291e-06 4.67703118e-06 1.68324823e-01
-4.05023856e-06 -8.33990445e-06 4.42186612e-06 3.94014983e+00
2.25589208e-06 1.63169959e-05 4.51975776e-06 3.17225189e-01
-998 -998 -998 -998
-1.51481627e-05 1.63384986e-05 2.21718433e-10 1.15502972e-10 1
-1.51567996e-05 1.63357362e-05 -2.21718433e-10 -1.15502972e-10 -1
-1.50393718e-05 1.61296643e-05 2.21718433e-10 1.15502972e-10 1
-1.50480066e-05 1.61268973e-05 -2.21718433e-10 -1.15502972e-10 -1
-1.49305797e-05 1.59208279e-05 2.21718433e-10 1.15502972e-10 1
-1.49392140e-05 1.59180599e-05 -2.21718433e-10 -1.15502972e-10 -1
-1.48217874e-05 1.57119912e-05 2.21718433e-10 1.15502972e-10 1
-1.48304215e-05 1.57092228e-05 -2.21718433e-10 -1.15502972e-10 -1
-1.47129950e-05 1.55031542e-05 2.21718433e-10 1.15502972e-10 1
-1.47216291e-05 1.55003859e-05 -2.21718433e-10 -1.15502972e-10 -1
-1.46042025e-05 1.52943171e-05 2.21718433e-10 1.15502972e-10 1
-1.46128367e-05 1.52915492e-05 -2.21718433e-10 -1.15502972e-10 -1
-1.44954099e-05 1.50854797e-05 2.21718433e-10 1.15502972e-10 1
-1.45040446e-05 1.50827128e-05 -2.21718433e-10 -1.15502972e-10 -1
-1.43866169e-05 1.48766408e-05 2.21718433e-10 1.15502972e-10 1
-1.43952538e-05 1.48738785e-05 -2.21718433e-10 -1.15502972e-10 -1
1.70816422e-05 1.88902994e-06 1.15260104e-10 2.21844784e-10 1
1.70863461e-05 1.89129975e-06 -1.15260104e-10 -2.21844784e-10 -1
1.74154729e-05 1.71558783e-06 1.15260104e-10 2.21844784e-10 1
1.74201753e-05 1.71785713e-06 -1.15260104e-10 -2.21844784e-10 -1
1.77493030e-05 1.54214556e-06 1.15260104e-10 2.21844784e-10 1
1.77540051e-05 1.54441475e-06 -1.15260104e-10 -2.21844784e-10 -1
1.80831330e-05 1.36870325e-06 1.15260104e-10 2.21844784e-10 1
1.80878350e-05 1.37097240e-06 -1.15260104e-10 -2.21844784e-10 -1
1.84169629e-05 1.19526092e-06 1.15260104e-10 2.21844784e-10 1
1.84216650e-05 1.19753008e-06 -1.15260104e-10 -2.21844784e-10 -1
1.87507928e-05 1.02181858e-06 1.15260104e-10 2.21844784e-10 1
1.87554950e-05 1.02408777e-06 -1.15260104e-10 -2.21844784e-10 -1
1.90846226e-05 8.48376190e-07 1.15260104e-10 2.21844784e-10 1
1.90893251e-05 8.50645495e-07 -1.15260104e-10 -2.21844784e-10 -1
1.94184518e-05 6.74933579e-07 1.15260104e-10 2.21844784e-10 1
1.94231558e-05 6.77203384e-07 -1.15260104e-10 -2.21844784e-10 -1
-1.55941681e-05 -5.34781635e-06 -4.18827709e-11 2.46466699e-10 1
-1.55942422e-05 -5.34791577e-06 4.18827709e-11 -2.46466699e-10 -1
-1.50818428e-05 -5.26075512e-06 -4.18827709e-11 2.46466699e-10 1
-1.50819164e-05 -5.26085520e-06 4.18827709e-11 -2.46466699e-10 -1
-1.45695173e-05 -5.17369422e-06 -4.18827709e-11 2.46466699e-10 1
-1.45695909e-05 -5.17379430e-06 4.18827709e-11 -2.46466699e-10 -1
-1.40571925e-05 -5.08663239e-06 -4.18827709e-11 2.46466699e-10 1
-1.40572646e-05 -5.08673433e-06 4.18827709e-11 -2.46466699e-10 -1
-1.35448662e-05 -4.99957242e-06 -4.18827709e-11 2.46466699e-10 1
-1.35449398e-05 -4.99967250e-06 4.18827709e-11 -2.46466699e-10 -1
-1.30325402e-05 -4.91251201e-06 -4.18827709e-11 2.46466699e-10 1
-1.30326148e-05 -4.91261111e-06 4.18827709e-11 -2.46466699e-10 -1
-1.25202151e-05 -4.82545062e-06 -4.18827709e-11 2.46466699e-10 1
-1.25202888e-05 -4.82555070e-06 4.18827709e-11 -2.46466699e-10 -1
-1.20078912e-05 -4.73838813e-06 -4.18827709e-11 2.46466699e-10 1
-1.20079616e-05 -4.73849138e-06 4.18827709e-11 -2.46466699e-10 -1
-2.85037011e-06 -7.10987598e-06 1.79087531e-10 -1.74435250e-10 1
-2.85041578e-06 -7.10624065e-06 -1.79087531e-10 1.74435250e-10 -1
-3.19318316e-06 -7.46183114e-06 1.79087531e-10 -1.74435250e-10 1
-3.19322880e-06 -7.45819757e-06 -1.79087531e-10 1.74435250e-10 -1
-3.53599619e-06 -7.81378698e-06 1.79087531e-10 -1.74435250e-10 1
-3.53604183e-06 -7.81015381e-06 -1.79087531e-10 1.74435250e-10 -1
-3.87880922e-06 -8.16574295e-06 1.79087531e-10 -1.74435250e-10 1
-3.87885486e-06 -8.16210992e-06 -1.79087531e-10 1.74435250e-10 -1
-4.22162225e-06 -8.51769899e-06 1.79087531e-10 -1.74435250e-10 1
-4.22166790e-06 -8.51406595e-06 -1.79087531e-10 1.74435250e-10 -1
-4.56443529e-06 -8.86965509e-06 1.79087531e-10 -1.74435250e-10 1
-4.56448093e-06 -8.86602193e-06 -1.79087531e-10 1.74435250e-10 -1
-4.90724832e-06 -9.22161133e-06 1.79087531e-10 -1.74435250e-10 1
-4.90729396e-06 -9.21797777e-06 -1.79087531e-10 1.74435250e-10 -1
-5.25006134e-06 -9.57356826e-06 1.79087531e-10 -1.74435250e-10 1
-5.25010701e-06 -9.56993293e-06 -1.79087531e-10 1.74435250e-10 -1
5.85936838e-07 1.57687743e-05 -7.79828510e-11 2.37526156e-10 1
5.85880739e-07 1.57686641e-05 7.79828510e-11 -2.37526156e-10 -1
1.06307492e-06 1.59254247e-05 -7.79828510e-11 2.37526156e-10 1
1.06301882e-06 1.59253146e-05 7.79828510e-11 -2.37526156e-10 -1
1.54021305e-06 1.60820753e-05 -7.79828510e-11 2.37526156e-10 1
1.54015686e-06 1.60819650e-05 7.79828510e-11 -2.37526156e-10 -1
2.01735113e-06 1.62387258e-05 -7.79828510e-11 2.37526156e-10 1
2.01729495e-06 1.62386155e-05 7.79828510e-11 -2.37526156e-10 -1
2.49448922e-06 1.63953763e-05 -7.79828510e-11 2.37526156e-10 1
2.49443302e-06 1.63952660e-05 7.79828510e-11 -2.37526156e-10 -1
2.97162725e-06 1.65520267e-05 -7.79828510e-11 2.37526156e-10 1
2.97157117e-06 1.65519166e-05 7.79828510e-11 -2.37526156e-10 -1
3.44876534e-06 1.67086772e-05 -7.79828510e-11 2.37526156e-10 1
3.44870924e-06 1.67085671e-05 7.79828510e-11 -2.37526156e-10 -1
3.92590346e-06 1.68653277e-05 -7.79828510e-11 2.37526156e-10 1
3.92584729e-06 1.68652175e-05 7.79828510e-11 -2.37526156e-10 -1
